sample_id,video_id,train_index
-3g5yACwYnA$_$10,-3g5yACwYnA,0
-3g5yACwYnA$_$13,-3g5yACwYnA,1
-3g5yACwYnA$_$3,-3g5yACwYnA,2
-3g5yACwYnA$_$2,-3g5yACwYnA,3
-3g5yACwYnA$_$4,-3g5yACwYnA,4
-3g5yACwYnA$_$9,-3g5yACwYnA,5
-3nNcZdcdvU$_$0,-3nNcZdcdvU,6
-3nNcZdcdvU$_$2,-3nNcZdcdvU,7
-3nNcZdcdvU$_$5,-3nNcZdcdvU,8
-NFrJFQijFE$_$1,-NFrJFQijFE,19
-NFrJFQijFE$_$8,-NFrJFQijFE,20
-NFrJFQijFE$_$2,-NFrJFQijFE,21
-NFrJFQijFE$_$0,-NFrJFQijFE,22
-UuX1xuaiiE$_$1,-UuX1xuaiiE,31
-UuX1xuaiiE$_$0,-UuX1xuaiiE,32
-UuX1xuaiiE$_$3,-UuX1xuaiiE,33
-UuX1xuaiiE$_$2,-UuX1xuaiiE,34
-UuX1xuaiiE$_$5,-UuX1xuaiiE,35
-UuX1xuaiiE$_$4,-UuX1xuaiiE,36
-UuX1xuaiiE$_$7,-UuX1xuaiiE,37
-UuX1xuaiiE$_$6,-UuX1xuaiiE,38
-UuX1xuaiiE$_$9,-UuX1xuaiiE,39
-UuX1xuaiiE$_$8,-UuX1xuaiiE,40
-ZgjBOA1Yhw$_$1,-ZgjBOA1Yhw,46
-ZgjBOA1Yhw$_$2,-ZgjBOA1Yhw,47
-ZgjBOA1Yhw$_$5,-ZgjBOA1Yhw,48
-ZgjBOA1Yhw$_$4,-ZgjBOA1Yhw,49
-ZgjBOA1Yhw$_$7,-ZgjBOA1Yhw,50
-ZgjBOA1Yhw$_$8,-ZgjBOA1Yhw,51
-a55Q6RWvTA$_$3,-a55Q6RWvTA,52
-egA8-b7-3M$_$24,-egA8-b7-3M,66
-egA8-b7-3M$_$10,-egA8-b7-3M,67
-egA8-b7-3M$_$26,-egA8-b7-3M,68
-egA8-b7-3M$_$15,-egA8-b7-3M,69
-egA8-b7-3M$_$17,-egA8-b7-3M,70
-egA8-b7-3M$_$23,-egA8-b7-3M,71
-egA8-b7-3M$_$18,-egA8-b7-3M,72
-egA8-b7-3M$_$16,-egA8-b7-3M,73
-egA8-b7-3M$_$13,-egA8-b7-3M,74
-egA8-b7-3M$_$1,-egA8-b7-3M,75
-egA8-b7-3M$_$3,-egA8-b7-3M,76
-egA8-b7-3M$_$2,-egA8-b7-3M,77
-egA8-b7-3M$_$5,-egA8-b7-3M,78
-egA8-b7-3M$_$25,-egA8-b7-3M,79
-egA8-b7-3M$_$6,-egA8-b7-3M,80
-egA8-b7-3M$_$9,-egA8-b7-3M,81
-egA8-b7-3M$_$20,-egA8-b7-3M,82
-iRBcNs9oI8$_$11,-iRBcNs9oI8,83
-iRBcNs9oI8$_$10,-iRBcNs9oI8,84
-iRBcNs9oI8$_$1,-iRBcNs9oI8,85
-iRBcNs9oI8$_$3,-iRBcNs9oI8,86
-iRBcNs9oI8$_$2,-iRBcNs9oI8,87
-iRBcNs9oI8$_$5,-iRBcNs9oI8,88
-iRBcNs9oI8$_$7,-iRBcNs9oI8,89
-iRBcNs9oI8$_$6,-iRBcNs9oI8,90
-iRBcNs9oI8$_$9,-iRBcNs9oI8,91
-iRBcNs9oI8$_$8,-iRBcNs9oI8,92
-lqc32Zpr7M$_$0,-lqc32Zpr7M,93
-lqc32Zpr7M$_$5,-lqc32Zpr7M,94
-lqc32Zpr7M$_$10,-lqc32Zpr7M,95
-lqc32Zpr7M$_$18,-lqc32Zpr7M,96
-tPCytz4rww$_$11,-tPCytz4rww,119
-tPCytz4rww$_$10,-tPCytz4rww,120
-tPCytz4rww$_$12,-tPCytz4rww,121
-tPCytz4rww$_$21,-tPCytz4rww,122
-tPCytz4rww$_$16,-tPCytz4rww,123
-tPCytz4rww$_$18,-tPCytz4rww,124
-wny0OAz3g8$_$1,-wny0OAz3g8,132
-wny0OAz3g8$_$0,-wny0OAz3g8,133
-wny0OAz3g8$_$3,-wny0OAz3g8,134
-wny0OAz3g8$_$2,-wny0OAz3g8,135
-wny0OAz3g8$_$5,-wny0OAz3g8,136
-wny0OAz3g8$_$4,-wny0OAz3g8,137
-wny0OAz3g8$_$7,-wny0OAz3g8,138
-wny0OAz3g8$_$9,-wny0OAz3g8,139
-wny0OAz3g8$_$8,-wny0OAz3g8,140
03X1FwF6udc$_$17,03X1FwF6udc,141
03X1FwF6udc$_$22,03X1FwF6udc,142
03X1FwF6udc$_$19,03X1FwF6udc,143
03X1FwF6udc$_$31,03X1FwF6udc,144
03X1FwF6udc$_$5,03X1FwF6udc,145
03X1FwF6udc$_$4,03X1FwF6udc,146
03X1FwF6udc$_$9,03X1FwF6udc,147
08d4NTXkSxw$_$1,08d4NTXkSxw,151
08d4NTXkSxw$_$3,08d4NTXkSxw,152
08d4NTXkSxw$_$2,08d4NTXkSxw,153
08d4NTXkSxw$_$5,08d4NTXkSxw,154
0AA-wmk8WdA$_$1,0AA-wmk8WdA,155
0AA-wmk8WdA$_$10,0AA-wmk8WdA,156
0AkGtPzl7D8$_$4,0AkGtPzl7D8,157
0BVed2nBq1g$_$1,0BVed2nBq1g,158
0BVed2nBq1g$_$0,0BVed2nBq1g,159
0BVed2nBq1g$_$3,0BVed2nBq1g,160
0BVed2nBq1g$_$2,0BVed2nBq1g,161
0BVed2nBq1g$_$4,0BVed2nBq1g,162
0BVed2nBq1g$_$7,0BVed2nBq1g,163
0BVed2nBq1g$_$6,0BVed2nBq1g,164
0FA32bEZ6xI$_$24,0FA32bEZ6xI,185
0FA32bEZ6xI$_$25,0FA32bEZ6xI,186
0FA32bEZ6xI$_$26,0FA32bEZ6xI,187
0FA32bEZ6xI$_$27,0FA32bEZ6xI,188
0FA32bEZ6xI$_$20,0FA32bEZ6xI,189
0FA32bEZ6xI$_$21,0FA32bEZ6xI,190
0FA32bEZ6xI$_$22,0FA32bEZ6xI,191
0FA32bEZ6xI$_$23,0FA32bEZ6xI,192
0FA32bEZ6xI$_$28,0FA32bEZ6xI,193
0FA32bEZ6xI$_$29,0FA32bEZ6xI,194
0FA32bEZ6xI$_$1,0FA32bEZ6xI,195
0FA32bEZ6xI$_$0,0FA32bEZ6xI,196
0FA32bEZ6xI$_$3,0FA32bEZ6xI,197
0FA32bEZ6xI$_$2,0FA32bEZ6xI,198
0FA32bEZ6xI$_$5,0FA32bEZ6xI,199
0FA32bEZ6xI$_$4,0FA32bEZ6xI,200
0FA32bEZ6xI$_$7,0FA32bEZ6xI,201
0FA32bEZ6xI$_$6,0FA32bEZ6xI,202
0FA32bEZ6xI$_$8,0FA32bEZ6xI,203
0FA32bEZ6xI$_$11,0FA32bEZ6xI,204
0FA32bEZ6xI$_$10,0FA32bEZ6xI,205
0FA32bEZ6xI$_$13,0FA32bEZ6xI,206
0FA32bEZ6xI$_$12,0FA32bEZ6xI,207
0FA32bEZ6xI$_$15,0FA32bEZ6xI,208
0FA32bEZ6xI$_$14,0FA32bEZ6xI,209
0FA32bEZ6xI$_$17,0FA32bEZ6xI,210
0FA32bEZ6xI$_$16,0FA32bEZ6xI,211
0FA32bEZ6xI$_$19,0FA32bEZ6xI,212
0FA32bEZ6xI$_$18,0FA32bEZ6xI,213
0OC3wf9x3zQ$_$13,0OC3wf9x3zQ,222
0OC3wf9x3zQ$_$14,0OC3wf9x3zQ,223
0OC3wf9x3zQ$_$17,0OC3wf9x3zQ,224
0OC3wf9x3zQ$_$16,0OC3wf9x3zQ,225
0OC3wf9x3zQ$_$1,0OC3wf9x3zQ,226
0OC3wf9x3zQ$_$0,0OC3wf9x3zQ,227
0OC3wf9x3zQ$_$3,0OC3wf9x3zQ,228
0OC3wf9x3zQ$_$4,0OC3wf9x3zQ,229
0OC3wf9x3zQ$_$7,0OC3wf9x3zQ,230
0OC3wf9x3zQ$_$6,0OC3wf9x3zQ,231
0OC3wf9x3zQ$_$9,0OC3wf9x3zQ,232
0OXeN3MhFeA$_$20,0OXeN3MhFeA,233
0OXeN3MhFeA$_$19,0OXeN3MhFeA,234
0OXeN3MhFeA$_$18,0OXeN3MhFeA,235
0OXeN3MhFeA$_$1,0OXeN3MhFeA,236
0OXeN3MhFeA$_$0,0OXeN3MhFeA,237
0OXeN3MhFeA$_$2,0OXeN3MhFeA,238
0OXeN3MhFeA$_$15,0OXeN3MhFeA,239
0bsTzavb-AE$_$1,0bsTzavb-AE,283
0bsTzavb-AE$_$3,0bsTzavb-AE,284
0bsTzavb-AE$_$2,0bsTzavb-AE,285
0bsTzavb-AE$_$4,0bsTzavb-AE,286
0cBmQ_ItVUc$_$15,0cBmQ_ItVUc,287
0cBmQ_ItVUc$_$14,0cBmQ_ItVUc,288
0cBmQ_ItVUc$_$17,0cBmQ_ItVUc,289
0cBmQ_ItVUc$_$16,0cBmQ_ItVUc,290
0cBmQ_ItVUc$_$18,0cBmQ_ItVUc,291
0cBmQ_ItVUc$_$1,0cBmQ_ItVUc,292
0cBmQ_ItVUc$_$3,0cBmQ_ItVUc,293
0cBmQ_ItVUc$_$5,0cBmQ_ItVUc,294
0cBmQ_ItVUc$_$7,0cBmQ_ItVUc,295
0cBmQ_ItVUc$_$6,0cBmQ_ItVUc,296
0cBmQ_ItVUc$_$9,0cBmQ_ItVUc,297
0hCOCt6fWas$_$15,0hCOCt6fWas,298
0hCOCt6fWas$_$14,0hCOCt6fWas,299
0hCOCt6fWas$_$17,0hCOCt6fWas,300
0hCOCt6fWas$_$20,0hCOCt6fWas,301
0hCOCt6fWas$_$2,0hCOCt6fWas,302
0hCOCt6fWas$_$8,0hCOCt6fWas,303
0hCihQ5Kep0$_$1,0hCihQ5Kep0,304
0hCihQ5Kep0$_$3,0hCihQ5Kep0,305
0hCihQ5Kep0$_$4,0hCihQ5Kep0,306
0jtdrsmVzYQ$_$5,0jtdrsmVzYQ,307
0jtdrsmVzYQ$_$4,0jtdrsmVzYQ,308
0nJrksJ7azM$_$1,0nJrksJ7azM,311
0nJrksJ7azM$_$0,0nJrksJ7azM,312
0nJrksJ7azM$_$3,0nJrksJ7azM,313
0nJrksJ7azM$_$2,0nJrksJ7azM,314
0nJrksJ7azM$_$5,0nJrksJ7azM,315
0nJrksJ7azM$_$6,0nJrksJ7azM,316
0vXaXWx7Rvo$_$1,0vXaXWx7Rvo,333
0vXaXWx7Rvo$_$0,0vXaXWx7Rvo,334
0vXaXWx7Rvo$_$3,0vXaXWx7Rvo,335
0vXaXWx7Rvo$_$5,0vXaXWx7Rvo,336
0vXaXWx7Rvo$_$9,0vXaXWx7Rvo,337
0vXaXWx7Rvo$_$8,0vXaXWx7Rvo,338
0zl_GDVzykw$_$1,0zl_GDVzykw,339
0zl_GDVzykw$_$5,0zl_GDVzykw,340
102168$_$1,102168,369
102168$_$0,102168,370
102168$_$3,102168,371
102168$_$2,102168,372
102168$_$4,102168,373
102184$_$11,102184,374
102184$_$10,102184,375
102184$_$13,102184,376
102184$_$12,102184,377
102184$_$1,102184,378
102184$_$0,102184,379
102184$_$3,102184,380
102184$_$2,102184,381
102184$_$5,102184,382
102184$_$4,102184,383
102184$_$7,102184,384
102184$_$6,102184,385
102184$_$9,102184,386
102184$_$8,102184,387
106514$_$11,106514,413
106514$_$10,106514,414
106514$_$13,106514,415
106514$_$12,106514,416
106514$_$15,106514,417
106514$_$14,106514,418
106514$_$17,106514,419
106514$_$16,106514,420
106514$_$1,106514,421
106514$_$0,106514,422
106514$_$3,106514,423
106514$_$2,106514,424
106514$_$5,106514,425
106514$_$4,106514,426
106514$_$7,106514,427
106514$_$6,106514,428
106514$_$9,106514,429
106514$_$8,106514,430
106941$_$11,106941,431
106941$_$10,106941,432
106941$_$12,106941,433
106941$_$1,106941,434
106941$_$0,106941,435
106941$_$3,106941,436
106941$_$2,106941,437
106941$_$5,106941,438
106941$_$4,106941,439
106941$_$7,106941,440
106941$_$6,106941,441
106941$_$9,106941,442
106941$_$8,106941,443
107551$_$11,107551,444
107551$_$10,107551,445
107551$_$13,107551,446
107551$_$12,107551,447
107551$_$14,107551,448
107551$_$1,107551,449
107551$_$0,107551,450
107551$_$3,107551,451
107551$_$2,107551,452
107551$_$5,107551,453
107551$_$4,107551,454
107551$_$7,107551,455
107551$_$6,107551,456
107551$_$9,107551,457
107551$_$8,107551,458
110754$_$11,110754,488
110754$_$10,110754,489
110754$_$1,110754,490
110754$_$0,110754,491
110754$_$3,110754,492
110754$_$2,110754,493
110754$_$5,110754,494
110754$_$4,110754,495
110754$_$7,110754,496
110754$_$6,110754,497
110754$_$9,110754,498
110754$_$8,110754,499
112148$_$11,112148,517
112148$_$10,112148,518
112148$_$13,112148,519
112148$_$12,112148,520
112148$_$1,112148,521
112148$_$0,112148,522
112148$_$3,112148,523
112148$_$2,112148,524
112148$_$5,112148,525
112148$_$4,112148,526
112148$_$7,112148,527
112148$_$6,112148,528
112148$_$9,112148,529
112148$_$8,112148,530
112169$_$11,112169,531
112169$_$10,112169,532
112169$_$13,112169,533
112169$_$12,112169,534
112169$_$1,112169,535
112169$_$0,112169,536
112169$_$3,112169,537
112169$_$2,112169,538
112169$_$5,112169,539
112169$_$4,112169,540
112169$_$7,112169,541
112169$_$6,112169,542
112169$_$9,112169,543
112169$_$8,112169,544
112631$_$1,112631,562
112631$_$0,112631,563
112631$_$3,112631,564
112631$_$2,112631,565
112631$_$5,112631,566
112631$_$4,112631,567
112631$_$7,112631,568
112631$_$6,112631,569
112631$_$9,112631,570
112631$_$8,112631,571
112903$_$1,112903,572
112903$_$0,112903,573
112903$_$3,112903,574
112903$_$2,112903,575
112903$_$5,112903,576
112903$_$4,112903,577
112903$_$6,112903,578
114624$_$11,114624,589
114624$_$10,114624,590
114624$_$13,114624,591
114624$_$12,114624,592
114624$_$1,114624,593
114624$_$0,114624,594
114624$_$3,114624,595
114624$_$2,114624,596
114624$_$5,114624,597
114624$_$4,114624,598
114624$_$7,114624,599
114624$_$6,114624,600
114624$_$9,114624,601
114624$_$8,114624,602
11650$_$24,11650,603
11650$_$20,11650,604
11650$_$21,11650,605
11650$_$22,11650,606
11650$_$23,11650,607
11650$_$1,11650,608
11650$_$0,11650,609
11650$_$3,11650,610
11650$_$2,11650,611
11650$_$5,11650,612
11650$_$4,11650,613
11650$_$7,11650,614
11650$_$6,11650,615
11650$_$9,11650,616
11650$_$8,11650,617
11650$_$11,11650,618
11650$_$10,11650,619
11650$_$13,11650,620
11650$_$12,11650,621
11650$_$15,11650,622
11650$_$14,11650,623
11650$_$17,11650,624
11650$_$16,11650,625
11650$_$19,11650,626
11650$_$18,11650,627
119348$_$11,119348,628
119348$_$10,119348,629
119348$_$13,119348,630
119348$_$12,119348,631
119348$_$0,119348,632
119348$_$3,119348,633
119348$_$2,119348,634
119348$_$5,119348,635
119348$_$4,119348,636
119348$_$7,119348,637
119348$_$6,119348,638
119348$_$9,119348,639
119348$_$8,119348,640
121358$_$20,121358,642
121358$_$21,121358,643
121358$_$22,121358,644
121358$_$1,121358,645
121358$_$0,121358,646
121358$_$3,121358,647
121358$_$2,121358,648
121358$_$5,121358,649
121358$_$4,121358,650
121358$_$7,121358,651
121358$_$6,121358,652
121358$_$9,121358,653
121358$_$8,121358,654
121358$_$11,121358,655
121358$_$10,121358,656
121358$_$13,121358,657
121358$_$12,121358,658
121358$_$15,121358,659
121358$_$14,121358,660
121358$_$17,121358,661
121358$_$16,121358,662
121358$_$19,121358,663
121358$_$18,121358,664
122439$_$1,122439,665
122439$_$0,122439,666
122439$_$3,122439,667
122439$_$2,122439,668
122439$_$5,122439,669
122439$_$4,122439,670
122439$_$7,122439,671
122439$_$6,122439,672
122439$_$9,122439,673
122439$_$8,122439,674
122602$_$11,122602,675
122602$_$10,122602,676
122602$_$13,122602,677
122602$_$12,122602,678
122602$_$15,122602,679
122602$_$14,122602,680
122602$_$17,122602,681
122602$_$16,122602,682
122602$_$18,122602,683
122602$_$1,122602,684
122602$_$0,122602,685
122602$_$3,122602,686
122602$_$2,122602,687
122602$_$5,122602,688
122602$_$4,122602,689
122602$_$7,122602,690
122602$_$6,122602,691
122602$_$9,122602,692
122602$_$8,122602,693
122842$_$11,122842,694
122842$_$10,122842,695
122842$_$12,122842,696
122842$_$1,122842,697
122842$_$0,122842,698
122842$_$3,122842,699
122842$_$2,122842,700
122842$_$5,122842,701
122842$_$4,122842,702
122842$_$7,122842,703
122842$_$6,122842,704
122842$_$9,122842,705
122842$_$8,122842,706
125845$_$10,125845,724
125845$_$1,125845,725
125845$_$0,125845,726
125845$_$3,125845,727
125845$_$2,125845,728
125845$_$5,125845,729
125845$_$4,125845,730
125845$_$7,125845,731
125845$_$6,125845,732
125845$_$9,125845,733
125845$_$8,125845,734
126542$_$11,126542,745
126542$_$10,126542,746
126542$_$13,126542,747
126542$_$12,126542,748
126542$_$15,126542,749
126542$_$14,126542,750
126542$_$17,126542,751
126542$_$16,126542,752
126542$_$1,126542,753
126542$_$0,126542,754
126542$_$3,126542,755
126542$_$2,126542,756
126542$_$5,126542,757
126542$_$4,126542,758
126542$_$7,126542,759
126542$_$6,126542,760
126542$_$9,126542,761
126542$_$8,126542,762
126831$_$11,126831,763
126831$_$10,126831,764
126831$_$13,126831,765
126831$_$12,126831,766
126831$_$15,126831,767
126831$_$14,126831,768
126831$_$17,126831,769
126831$_$16,126831,770
126831$_$1,126831,771
126831$_$0,126831,772
126831$_$3,126831,773
126831$_$2,126831,774
126831$_$5,126831,775
126831$_$4,126831,776
126831$_$7,126831,777
126831$_$6,126831,778
126831$_$9,126831,779
126831$_$8,126831,780
127539$_$1,127539,794
127539$_$0,127539,795
127539$_$3,127539,796
127539$_$2,127539,797
127539$_$5,127539,798
127539$_$4,127539,799
127539$_$7,127539,800
127539$_$6,127539,801
127539$_$9,127539,802
127539$_$8,127539,803
128258$_$11,128258,811
128258$_$10,128258,812
128258$_$13,128258,813
128258$_$12,128258,814
128258$_$14,128258,815
128258$_$1,128258,816
128258$_$0,128258,817
128258$_$3,128258,818
128258$_$2,128258,819
128258$_$5,128258,820
128258$_$4,128258,821
128258$_$7,128258,822
128258$_$6,128258,823
128258$_$9,128258,824
128258$_$8,128258,825
128949$_$1,128949,843
128949$_$0,128949,844
128949$_$3,128949,845
128949$_$2,128949,846
128949$_$5,128949,847
128949$_$4,128949,848
128949$_$7,128949,849
128949$_$6,128949,850
128949$_$8,128949,851
129733$_$11,129733,852
129733$_$10,129733,853
129733$_$1,129733,854
129733$_$0,129733,855
129733$_$3,129733,856
129733$_$2,129733,857
129733$_$5,129733,858
129733$_$4,129733,859
129733$_$7,129733,860
129733$_$6,129733,861
129733$_$9,129733,862
129733$_$8,129733,863
131871$_$1,131871,912
131871$_$0,131871,913
131871$_$3,131871,914
131871$_$2,131871,915
131871$_$5,131871,916
131871$_$4,131871,917
131871$_$7,131871,918
131871$_$6,131871,919
131871$_$8,131871,920
136205$_$11,136205,939
136205$_$10,136205,940
136205$_$13,136205,941
136205$_$12,136205,942
136205$_$15,136205,943
136205$_$14,136205,944
136205$_$1,136205,945
136205$_$0,136205,946
136205$_$3,136205,947
136205$_$2,136205,948
136205$_$5,136205,949
136205$_$4,136205,950
136205$_$7,136205,951
136205$_$6,136205,952
136205$_$9,136205,953
136205$_$8,136205,954
136215$_$11,136215,963
136215$_$10,136215,964
136215$_$13,136215,965
136215$_$12,136215,966
136215$_$14,136215,967
136215$_$1,136215,968
136215$_$0,136215,969
136215$_$3,136215,970
136215$_$2,136215,971
136215$_$5,136215,972
136215$_$4,136215,973
136215$_$7,136215,974
136215$_$6,136215,975
136215$_$9,136215,976
136215$_$8,136215,977
137827$_$1,137827,978
137827$_$0,137827,979
137827$_$3,137827,980
137827$_$2,137827,981
137827$_$5,137827,982
137827$_$4,137827,983
137827$_$6,137827,984
139032$_$11,139032,998
139032$_$10,139032,999
139032$_$13,139032,1000
139032$_$12,139032,1001
139032$_$15,139032,1002
139032$_$14,139032,1003
139032$_$17,139032,1004
139032$_$16,139032,1005
139032$_$1,139032,1006
139032$_$0,139032,1007
139032$_$3,139032,1008
139032$_$2,139032,1009
139032$_$5,139032,1010
139032$_$4,139032,1011
139032$_$7,139032,1012
139032$_$6,139032,1013
139032$_$9,139032,1014
139032$_$8,139032,1015
13JpsLvddoY$_$8,13JpsLvddoY,1016
13JpsLvddoY$_$5,13JpsLvddoY,1017
13JpsLvddoY$_$7,13JpsLvddoY,1018
13JpsLvddoY$_$6,13JpsLvddoY,1019
140293$_$1,140293,1020
140293$_$0,140293,1021
140293$_$3,140293,1022
140293$_$2,140293,1023
140293$_$5,140293,1024
140293$_$4,140293,1025
140293$_$7,140293,1026
140293$_$6,140293,1027
140317$_$11,140317,1028
140317$_$10,140317,1029
140317$_$12,140317,1030
140317$_$1,140317,1031
140317$_$0,140317,1032
140317$_$3,140317,1033
140317$_$2,140317,1034
140317$_$5,140317,1035
140317$_$4,140317,1036
140317$_$7,140317,1037
140317$_$6,140317,1038
140317$_$9,140317,1039
140317$_$8,140317,1040
15837$_$11,15837,1055
15837$_$10,15837,1056
15837$_$13,15837,1057
15837$_$12,15837,1058
15837$_$1,15837,1059
15837$_$0,15837,1060
15837$_$3,15837,1061
15837$_$2,15837,1062
15837$_$5,15837,1063
15837$_$4,15837,1064
15837$_$7,15837,1065
15837$_$6,15837,1066
15837$_$9,15837,1067
15837$_$8,15837,1068
186631$_$11,186631,1106
186631$_$10,186631,1107
186631$_$12,186631,1108
186631$_$1,186631,1109
186631$_$0,186631,1110
186631$_$3,186631,1111
186631$_$2,186631,1112
186631$_$5,186631,1113
186631$_$4,186631,1114
186631$_$7,186631,1115
186631$_$6,186631,1116
186631$_$9,186631,1117
186631$_$8,186631,1118
188122$_$11,188122,1119
188122$_$10,188122,1120
188122$_$13,188122,1121
188122$_$12,188122,1122
188122$_$15,188122,1123
188122$_$14,188122,1124
188122$_$16,188122,1125
188122$_$1,188122,1126
188122$_$0,188122,1127
188122$_$3,188122,1128
188122$_$2,188122,1129
188122$_$5,188122,1130
188122$_$4,188122,1131
188122$_$7,188122,1132
188122$_$6,188122,1133
188122$_$9,188122,1134
188122$_$8,188122,1135
189966$_$24,189966,1136
189966$_$25,189966,1137
189966$_$20,189966,1138
189966$_$21,189966,1139
189966$_$22,189966,1140
189966$_$23,189966,1141
189966$_$1,189966,1142
189966$_$0,189966,1143
189966$_$3,189966,1144
189966$_$2,189966,1145
189966$_$5,189966,1146
189966$_$4,189966,1147
189966$_$7,189966,1148
189966$_$6,189966,1149
189966$_$9,189966,1150
189966$_$8,189966,1151
189966$_$11,189966,1152
189966$_$10,189966,1153
189966$_$13,189966,1154
189966$_$12,189966,1155
189966$_$15,189966,1156
189966$_$14,189966,1157
189966$_$17,189966,1158
189966$_$16,189966,1159
189966$_$19,189966,1160
189966$_$18,189966,1161
18JTkk8JbeU$_$1,18JTkk8JbeU,1162
18JTkk8JbeU$_$2,18JTkk8JbeU,1163
18JTkk8JbeU$_$5,18JTkk8JbeU,1164
18JTkk8JbeU$_$4,18JTkk8JbeU,1165
18JTkk8JbeU$_$6,18JTkk8JbeU,1166
190740$_$11,190740,1186
190740$_$10,190740,1187
190740$_$13,190740,1188
190740$_$12,190740,1189
190740$_$14,190740,1190
190740$_$1,190740,1191
190740$_$0,190740,1192
190740$_$3,190740,1193
190740$_$2,190740,1194
190740$_$5,190740,1195
190740$_$4,190740,1196
190740$_$7,190740,1197
190740$_$6,190740,1198
190740$_$9,190740,1199
190740$_$8,190740,1200
192799$_$11,192799,1201
192799$_$10,192799,1202
192799$_$13,192799,1203
192799$_$12,192799,1204
192799$_$15,192799,1205
192799$_$14,192799,1206
192799$_$17,192799,1207
192799$_$16,192799,1208
192799$_$1,192799,1209
192799$_$0,192799,1210
192799$_$3,192799,1211
192799$_$2,192799,1212
192799$_$5,192799,1213
192799$_$4,192799,1214
192799$_$7,192799,1215
192799$_$6,192799,1216
192799$_$9,192799,1217
192799$_$8,192799,1218
197778$_$11,197778,1242
197778$_$10,197778,1243
197778$_$13,197778,1244
197778$_$12,197778,1245
197778$_$15,197778,1246
197778$_$14,197778,1247
197778$_$16,197778,1248
197778$_$1,197778,1249
197778$_$0,197778,1250
197778$_$3,197778,1251
197778$_$2,197778,1252
197778$_$5,197778,1253
197778$_$4,197778,1254
197778$_$7,197778,1255
197778$_$6,197778,1256
197778$_$9,197778,1257
197778$_$8,197778,1258
1A-aRhYx-GQ$_$24,1A-aRhYx-GQ,1265
1A-aRhYx-GQ$_$11,1A-aRhYx-GQ,1266
1A-aRhYx-GQ$_$13,1A-aRhYx-GQ,1267
1A-aRhYx-GQ$_$27,1A-aRhYx-GQ,1268
1A-aRhYx-GQ$_$15,1A-aRhYx-GQ,1269
1A-aRhYx-GQ$_$14,1A-aRhYx-GQ,1270
1A-aRhYx-GQ$_$17,1A-aRhYx-GQ,1271
1A-aRhYx-GQ$_$19,1A-aRhYx-GQ,1272
1A-aRhYx-GQ$_$32,1A-aRhYx-GQ,1273
1A-aRhYx-GQ$_$31,1A-aRhYx-GQ,1274
1A-aRhYx-GQ$_$33,1A-aRhYx-GQ,1275
1A-aRhYx-GQ$_$12,1A-aRhYx-GQ,1276
1A-aRhYx-GQ$_$5,1A-aRhYx-GQ,1277
1A-aRhYx-GQ$_$4,1A-aRhYx-GQ,1278
1A-aRhYx-GQ$_$7,1A-aRhYx-GQ,1279
1A-aRhYx-GQ$_$9,1A-aRhYx-GQ,1280
1A-aRhYx-GQ$_$20,1A-aRhYx-GQ,1281
1A7dqFxx8wU$_$1,1A7dqFxx8wU,1282
1A7dqFxx8wU$_$0,1A7dqFxx8wU,1283
1A7dqFxx8wU$_$3,1A7dqFxx8wU,1284
1A7dqFxx8wU$_$5,1A7dqFxx8wU,1285
1A7dqFxx8wU$_$4,1A7dqFxx8wU,1286
1A7dqFxx8wU$_$6,1A7dqFxx8wU,1287
1A7dqFxx8wU$_$9,1A7dqFxx8wU,1288
1ESU5ONMMxs$_$11,1ESU5ONMMxs,1295
1ESU5ONMMxs$_$10,1ESU5ONMMxs,1296
1ESU5ONMMxs$_$13,1ESU5ONMMxs,1297
1ESU5ONMMxs$_$14,1ESU5ONMMxs,1298
1ESU5ONMMxs$_$1,1ESU5ONMMxs,1299
1ESU5ONMMxs$_$0,1ESU5ONMMxs,1300
1ESU5ONMMxs$_$3,1ESU5ONMMxs,1301
1ESU5ONMMxs$_$2,1ESU5ONMMxs,1302
1ESU5ONMMxs$_$5,1ESU5ONMMxs,1303
1ESU5ONMMxs$_$4,1ESU5ONMMxs,1304
1ESU5ONMMxs$_$6,1ESU5ONMMxs,1305
1ESU5ONMMxs$_$8,1ESU5ONMMxs,1306
1JQ9UCBEmCU$_$1,1JQ9UCBEmCU,1333
1JQ9UCBEmCU$_$0,1JQ9UCBEmCU,1334
1JQ9UCBEmCU$_$3,1JQ9UCBEmCU,1335
1JQ9UCBEmCU$_$2,1JQ9UCBEmCU,1336
1JQ9UCBEmCU$_$5,1JQ9UCBEmCU,1337
1JQ9UCBEmCU$_$6,1JQ9UCBEmCU,1338
1RBT_QoSkIU$_$4,1RBT_QoSkIU,1339
1RxliidxXyQ$_$0,1RxliidxXyQ,1340
1RxliidxXyQ$_$2,1RxliidxXyQ,1341
1YEgMQ1xxzQ$_$1,1YEgMQ1xxzQ,1350
1YEgMQ1xxzQ$_$3,1YEgMQ1xxzQ,1351
1YEgMQ1xxzQ$_$2,1YEgMQ1xxzQ,1352
1ZjIX9AK860$_$0,1ZjIX9AK860,1353
1ZjIX9AK860$_$2,1ZjIX9AK860,1354
1ZjIX9AK860$_$4,1ZjIX9AK860,1355
1k7br8xXMSU$_$11,1k7br8xXMSU,1368
1k7br8xXMSU$_$10,1k7br8xXMSU,1369
1k7br8xXMSU$_$13,1k7br8xXMSU,1370
1k7br8xXMSU$_$12,1k7br8xXMSU,1371
1k7br8xXMSU$_$15,1k7br8xXMSU,1372
1k7br8xXMSU$_$1,1k7br8xXMSU,1373
1k7br8xXMSU$_$0,1k7br8xXMSU,1374
1k7br8xXMSU$_$3,1k7br8xXMSU,1375
1k7br8xXMSU$_$5,1k7br8xXMSU,1376
1k7br8xXMSU$_$4,1k7br8xXMSU,1377
1k7br8xXMSU$_$7,1k7br8xXMSU,1378
1o8Gy4J6WSs$_$1,1o8Gy4J6WSs,1386
1o8Gy4J6WSs$_$3,1o8Gy4J6WSs,1387
1o8Gy4J6WSs$_$4,1o8Gy4J6WSs,1388
1olbQVO_C-8$_$1,1olbQVO_C-8,1389
1olbQVO_C-8$_$0,1olbQVO_C-8,1390
1olbQVO_C-8$_$2,1olbQVO_C-8,1391
1pvK0_9SQns$_$10,1pvK0_9SQns,1392
1pvK0_9SQns$_$5,1pvK0_9SQns,1393
1pvK0_9SQns$_$4,1pvK0_9SQns,1394
1pvK0_9SQns$_$8,1pvK0_9SQns,1395
1sJjdaXXuJg$_$1,1sJjdaXXuJg,1397
1sJjdaXXuJg$_$0,1sJjdaXXuJg,1398
1sJjdaXXuJg$_$4,1sJjdaXXuJg,1399
2-5hH_k2VFk$_$10,2-5hH_k2VFk,1444
2-5hH_k2VFk$_$2,2-5hH_k2VFk,1445
2-5hH_k2VFk$_$4,2-5hH_k2VFk,1446
2-5hH_k2VFk$_$7,2-5hH_k2VFk,1447
2-5hH_k2VFk$_$9,2-5hH_k2VFk,1448
2-5hH_k2VFk$_$8,2-5hH_k2VFk,1449
201582$_$11,201582,1451
201582$_$10,201582,1452
201582$_$12,201582,1453
201582$_$1,201582,1454
201582$_$0,201582,1455
201582$_$3,201582,1456
201582$_$2,201582,1457
201582$_$5,201582,1458
201582$_$4,201582,1459
201582$_$7,201582,1460
201582$_$6,201582,1461
201582$_$9,201582,1462
201582$_$8,201582,1463
202431$_$1,202431,1464
202431$_$0,202431,1465
202431$_$3,202431,1466
202431$_$2,202431,1467
202431$_$5,202431,1468
202431$_$4,202431,1469
202431$_$6,202431,1470
202810$_$11,202810,1471
202810$_$10,202810,1472
202810$_$13,202810,1473
202810$_$12,202810,1474
202810$_$1,202810,1475
202810$_$0,202810,1476
202810$_$3,202810,1477
202810$_$2,202810,1478
202810$_$5,202810,1479
202810$_$4,202810,1480
202810$_$7,202810,1481
202810$_$6,202810,1482
202810$_$9,202810,1483
202810$_$8,202810,1484
202990$_$11,202990,1485
202990$_$10,202990,1486
202990$_$13,202990,1487
202990$_$12,202990,1488
202990$_$15,202990,1489
202990$_$14,202990,1490
202990$_$16,202990,1491
202990$_$1,202990,1492
202990$_$0,202990,1493
202990$_$3,202990,1494
202990$_$2,202990,1495
202990$_$5,202990,1496
202990$_$4,202990,1497
202990$_$7,202990,1498
202990$_$6,202990,1499
202990$_$9,202990,1500
202990$_$8,202990,1501
206049$_$1,206049,1502
206049$_$0,206049,1503
206049$_$3,206049,1504
206049$_$2,206049,1505
206049$_$4,206049,1506
206376$_$1,206376,1523
206376$_$0,206376,1524
206376$_$3,206376,1525
206376$_$2,206376,1526
206376$_$5,206376,1527
206376$_$4,206376,1528
206376$_$7,206376,1529
206376$_$6,206376,1530
206376$_$9,206376,1531
206376$_$8,206376,1532
208148$_$11,208148,1568
208148$_$10,208148,1569
208148$_$1,208148,1570
208148$_$0,208148,1571
208148$_$3,208148,1572
208148$_$2,208148,1573
208148$_$5,208148,1574
208148$_$4,208148,1575
208148$_$7,208148,1576
208148$_$6,208148,1577
208148$_$9,208148,1578
208148$_$8,208148,1579
208299$_$10,208299,1580
208299$_$1,208299,1581
208299$_$0,208299,1582
208299$_$3,208299,1583
208299$_$2,208299,1584
208299$_$5,208299,1585
208299$_$4,208299,1586
208299$_$7,208299,1587
208299$_$6,208299,1588
208299$_$9,208299,1589
208299$_$8,208299,1590
210238$_$11,210238,1631
210238$_$10,210238,1632
210238$_$13,210238,1633
210238$_$12,210238,1634
210238$_$15,210238,1635
210238$_$14,210238,1636
210238$_$17,210238,1637
210238$_$16,210238,1638
210238$_$18,210238,1639
210238$_$1,210238,1640
210238$_$0,210238,1641
210238$_$3,210238,1642
210238$_$2,210238,1643
210238$_$5,210238,1644
210238$_$7,210238,1645
210238$_$6,210238,1646
210238$_$9,210238,1647
210238$_$8,210238,1648
21137$_$10,21137,1667
21137$_$1,21137,1668
21137$_$0,21137,1669
21137$_$3,21137,1670
21137$_$2,21137,1671
21137$_$5,21137,1672
21137$_$4,21137,1673
21137$_$7,21137,1674
21137$_$6,21137,1675
21137$_$9,21137,1676
21137$_$8,21137,1677
212532$_$10,212532,1678
212532$_$1,212532,1679
212532$_$0,212532,1680
212532$_$3,212532,1681
212532$_$2,212532,1682
212532$_$5,212532,1683
212532$_$4,212532,1684
212532$_$7,212532,1685
212532$_$6,212532,1686
212532$_$9,212532,1687
212532$_$8,212532,1688
213619$_$11,213619,1689
213619$_$10,213619,1690
213619$_$1,213619,1691
213619$_$0,213619,1692
213619$_$3,213619,1693
213619$_$2,213619,1694
213619$_$5,213619,1695
213619$_$4,213619,1696
213619$_$7,213619,1697
213619$_$6,213619,1698
213619$_$9,213619,1699
213619$_$8,213619,1700
215259$_$11,215259,1716
215259$_$10,215259,1717
215259$_$1,215259,1718
215259$_$0,215259,1719
215259$_$3,215259,1720
215259$_$2,215259,1721
215259$_$5,215259,1722
215259$_$4,215259,1723
215259$_$7,215259,1724
215259$_$6,215259,1725
215259$_$9,215259,1726
215259$_$8,215259,1727
216857$_$20,216857,1767
216857$_$21,216857,1768
216857$_$1,216857,1769
216857$_$0,216857,1770
216857$_$3,216857,1771
216857$_$2,216857,1772
216857$_$5,216857,1773
216857$_$4,216857,1774
216857$_$7,216857,1775
216857$_$6,216857,1776
216857$_$9,216857,1777
216857$_$8,216857,1778
216857$_$11,216857,1779
216857$_$10,216857,1780
216857$_$13,216857,1781
216857$_$12,216857,1782
216857$_$15,216857,1783
216857$_$14,216857,1784
216857$_$17,216857,1785
216857$_$16,216857,1786
216857$_$19,216857,1787
216857$_$18,216857,1788
219775$_$1,219775,1820
219775$_$0,219775,1821
219775$_$3,219775,1822
219775$_$2,219775,1823
219775$_$5,219775,1824
219775$_$4,219775,1825
219775$_$7,219775,1826
219775$_$6,219775,1827
219775$_$8,219775,1828
220548$_$20,220548,1872
220548$_$21,220548,1873
220548$_$22,220548,1874
220548$_$23,220548,1875
220548$_$1,220548,1876
220548$_$0,220548,1877
220548$_$3,220548,1878
220548$_$2,220548,1879
220548$_$5,220548,1880
220548$_$4,220548,1881
220548$_$7,220548,1882
220548$_$6,220548,1883
220548$_$9,220548,1884
220548$_$8,220548,1885
220548$_$11,220548,1886
220548$_$10,220548,1887
220548$_$13,220548,1888
220548$_$12,220548,1889
220548$_$15,220548,1890
220548$_$14,220548,1891
220548$_$17,220548,1892
220548$_$16,220548,1893
220548$_$19,220548,1894
220548$_$18,220548,1895
221740$_$1,221740,1896
221740$_$0,221740,1897
221740$_$3,221740,1898
221740$_$2,221740,1899
221740$_$5,221740,1900
221740$_$4,221740,1901
221740$_$7,221740,1902
221740$_$6,221740,1903
221740$_$8,221740,1904
222116$_$1,222116,1905
222116$_$0,222116,1906
222116$_$3,222116,1907
222116$_$2,222116,1908
222116$_$5,222116,1909
222116$_$4,222116,1910
222116$_$7,222116,1911
222116$_$6,222116,1912
222116$_$8,222116,1913
224599$_$11,224599,1923
224599$_$10,224599,1924
224599$_$12,224599,1925
224599$_$1,224599,1926
224599$_$0,224599,1927
224599$_$3,224599,1928
224599$_$2,224599,1929
224599$_$5,224599,1930
224599$_$4,224599,1931
224599$_$7,224599,1932
224599$_$6,224599,1933
224599$_$9,224599,1934
224599$_$8,224599,1935
224772$_$11,224772,1936
224772$_$10,224772,1937
224772$_$13,224772,1938
224772$_$12,224772,1939
224772$_$14,224772,1940
224772$_$1,224772,1941
224772$_$0,224772,1942
224772$_$3,224772,1943
224772$_$2,224772,1944
224772$_$5,224772,1945
224772$_$4,224772,1946
224772$_$7,224772,1947
224772$_$6,224772,1948
224772$_$9,224772,1949
224772$_$8,224772,1950
224817$_$0,224817,1951
224869$_$11,224869,1952
224869$_$10,224869,1953
224869$_$13,224869,1954
224869$_$12,224869,1955
224869$_$15,224869,1956
224869$_$14,224869,1957
224869$_$1,224869,1958
224869$_$0,224869,1959
224869$_$3,224869,1960
224869$_$2,224869,1961
224869$_$5,224869,1962
224869$_$4,224869,1963
224869$_$7,224869,1964
224869$_$6,224869,1965
224869$_$9,224869,1966
224869$_$8,224869,1967
227426$_$11,227426,2049
227426$_$10,227426,2050
227426$_$13,227426,2051
227426$_$12,227426,2052
227426$_$15,227426,2053
227426$_$14,227426,2054
227426$_$17,227426,2055
227426$_$16,227426,2056
227426$_$19,227426,2057
227426$_$18,227426,2058
227426$_$1,227426,2059
227426$_$0,227426,2060
227426$_$3,227426,2061
227426$_$2,227426,2062
227426$_$5,227426,2063
227426$_$4,227426,2064
227426$_$7,227426,2065
227426$_$6,227426,2066
227426$_$9,227426,2067
227426$_$8,227426,2068
22821$_$11,22821,2069
22821$_$10,22821,2070
22821$_$13,22821,2071
22821$_$12,22821,2072
22821$_$15,22821,2073
22821$_$14,22821,2074
22821$_$17,22821,2075
22821$_$16,22821,2076
22821$_$18,22821,2077
22821$_$1,22821,2078
22821$_$0,22821,2079
22821$_$3,22821,2080
22821$_$2,22821,2081
22821$_$5,22821,2082
22821$_$4,22821,2083
22821$_$7,22821,2084
22821$_$6,22821,2085
22821$_$9,22821,2086
22821$_$8,22821,2087
229903$_$1,229903,2122
229903$_$0,229903,2123
229903$_$3,229903,2124
229903$_$2,229903,2125
229903$_$5,229903,2126
229903$_$4,229903,2127
229903$_$6,229903,2128
229967$_$10,229967,2129
229967$_$1,229967,2130
229967$_$0,229967,2131
229967$_$3,229967,2132
229967$_$2,229967,2133
229967$_$5,229967,2134
229967$_$4,229967,2135
229967$_$7,229967,2136
229967$_$6,229967,2137
229967$_$9,229967,2138
229967$_$8,229967,2139
233171$_$1,233171,2173
233171$_$0,233171,2174
233171$_$3,233171,2175
233171$_$2,233171,2176
233171$_$5,233171,2177
233171$_$4,233171,2178
233171$_$7,233171,2179
233171$_$6,233171,2180
233389$_$1,233389,2201
233389$_$0,233389,2202
233389$_$3,233389,2203
233389$_$2,233389,2204
233389$_$5,233389,2205
233389$_$4,233389,2206
233389$_$6,233389,2207
234053$_$24,234053,2208
234053$_$25,234053,2209
234053$_$26,234053,2210
234053$_$20,234053,2211
234053$_$21,234053,2212
234053$_$22,234053,2213
234053$_$23,234053,2214
234053$_$1,234053,2215
234053$_$0,234053,2216
234053$_$3,234053,2217
234053$_$2,234053,2218
234053$_$5,234053,2219
234053$_$4,234053,2220
234053$_$7,234053,2221
234053$_$6,234053,2222
234053$_$9,234053,2223
234053$_$8,234053,2224
234053$_$11,234053,2225
234053$_$10,234053,2226
234053$_$13,234053,2227
234053$_$12,234053,2228
234053$_$15,234053,2229
234053$_$14,234053,2230
234053$_$17,234053,2231
234053$_$16,234053,2232
234053$_$19,234053,2233
234053$_$18,234053,2234
234587$_$20,234587,2235
234587$_$21,234587,2236
234587$_$1,234587,2237
234587$_$0,234587,2238
234587$_$3,234587,2239
234587$_$2,234587,2240
234587$_$5,234587,2241
234587$_$4,234587,2242
234587$_$7,234587,2243
234587$_$6,234587,2244
234587$_$9,234587,2245
234587$_$8,234587,2246
234587$_$11,234587,2247
234587$_$10,234587,2248
234587$_$13,234587,2249
234587$_$12,234587,2250
234587$_$15,234587,2251
234587$_$14,234587,2252
234587$_$17,234587,2253
234587$_$16,234587,2254
234587$_$19,234587,2255
234587$_$18,234587,2256
236399$_$11,236399,2257
236399$_$10,236399,2258
236399$_$12,236399,2259
236399$_$1,236399,2260
236399$_$0,236399,2261
236399$_$3,236399,2262
236399$_$2,236399,2263
236399$_$5,236399,2264
236399$_$4,236399,2265
236399$_$7,236399,2266
236399$_$6,236399,2267
236399$_$9,236399,2268
236399$_$8,236399,2269
238060$_$11,238060,2338
238060$_$10,238060,2339
238060$_$13,238060,2340
238060$_$12,238060,2341
238060$_$15,238060,2342
238060$_$14,238060,2343
238060$_$17,238060,2344
238060$_$16,238060,2345
238060$_$18,238060,2346
238060$_$1,238060,2347
238060$_$0,238060,2348
238060$_$3,238060,2349
238060$_$2,238060,2350
238060$_$5,238060,2351
238060$_$4,238060,2352
238060$_$7,238060,2353
238060$_$6,238060,2354
238060$_$9,238060,2355
238060$_$8,238060,2356
238100$_$10,238100,2357
238100$_$1,238100,2358
238100$_$0,238100,2359
238100$_$3,238100,2360
238100$_$2,238100,2361
238100$_$5,238100,2362
238100$_$4,238100,2363
238100$_$7,238100,2364
238100$_$6,238100,2365
238100$_$9,238100,2366
238100$_$8,238100,2367
238683$_$1,238683,2392
238683$_$0,238683,2393
238683$_$3,238683,2394
238683$_$2,238683,2395
238683$_$4,238683,2396
239235$_$11,239235,2409
239235$_$10,239235,2410
239235$_$13,239235,2411
239235$_$12,239235,2412
239235$_$15,239235,2413
239235$_$14,239235,2414
239235$_$1,239235,2415
239235$_$0,239235,2416
239235$_$3,239235,2417
239235$_$2,239235,2418
239235$_$5,239235,2419
239235$_$4,239235,2420
239235$_$7,239235,2421
239235$_$6,239235,2422
239235$_$9,239235,2423
239235$_$8,239235,2424
239572$_$1,239572,2425
239572$_$0,239572,2426
239572$_$3,239572,2427
239572$_$2,239572,2428
239572$_$5,239572,2429
239572$_$4,239572,2430
239572$_$7,239572,2431
239572$_$6,239572,2432
239572$_$9,239572,2433
239572$_$8,239572,2434
240915$_$1,240915,2442
240915$_$0,240915,2443
240915$_$3,240915,2444
240915$_$2,240915,2445
240915$_$5,240915,2446
240915$_$4,240915,2447
240915$_$7,240915,2448
240915$_$6,240915,2449
240915$_$8,240915,2450
241638$_$1,241638,2472
241638$_$0,241638,2473
241638$_$3,241638,2474
241638$_$2,241638,2475
241638$_$5,241638,2476
241638$_$4,241638,2477
241638$_$6,241638,2478
243338$_$24,243338,2491
243338$_$25,243338,2492
243338$_$26,243338,2493
243338$_$20,243338,2494
243338$_$21,243338,2495
243338$_$22,243338,2496
243338$_$23,243338,2497
243338$_$1,243338,2498
243338$_$0,243338,2499
243338$_$3,243338,2500
243338$_$2,243338,2501
243338$_$5,243338,2502
243338$_$4,243338,2503
243338$_$7,243338,2504
243338$_$6,243338,2505
243338$_$9,243338,2506
243338$_$8,243338,2507
243338$_$11,243338,2508
243338$_$10,243338,2509
243338$_$13,243338,2510
243338$_$12,243338,2511
243338$_$15,243338,2512
243338$_$14,243338,2513
243338$_$17,243338,2514
243338$_$16,243338,2515
243338$_$19,243338,2516
243338$_$18,243338,2517
244180$_$20,244180,2555
244180$_$21,244180,2556
244180$_$1,244180,2557
244180$_$0,244180,2558
244180$_$3,244180,2559
244180$_$2,244180,2560
244180$_$5,244180,2561
244180$_$4,244180,2562
244180$_$7,244180,2563
244180$_$6,244180,2564
244180$_$9,244180,2565
244180$_$8,244180,2566
244180$_$11,244180,2567
244180$_$10,244180,2568
244180$_$13,244180,2569
244180$_$12,244180,2570
244180$_$15,244180,2571
244180$_$14,244180,2572
244180$_$17,244180,2573
244180$_$16,244180,2574
244180$_$19,244180,2575
244180$_$18,244180,2576
244623$_$26,244623,2603
244623$_$22,244623,2604
244623$_$23,244623,2605
244623$_$29,244623,2606
244623$_$1,244623,2607
244623$_$0,244623,2608
244623$_$3,244623,2609
244623$_$2,244623,2610
244623$_$5,244623,2611
244623$_$4,244623,2612
244623$_$7,244623,2613
244623$_$6,244623,2614
244623$_$9,244623,2615
244623$_$8,244623,2616
244623$_$11,244623,2617
244623$_$10,244623,2618
244623$_$13,244623,2619
244623$_$12,244623,2620
244623$_$15,244623,2621
244623$_$14,244623,2622
244623$_$17,244623,2623
244623$_$16,244623,2624
244623$_$19,244623,2625
244623$_$32,244623,2626
244623$_$37,244623,2627
244623$_$36,244623,2628
244623$_$35,244623,2629
244623$_$34,244623,2630
244623$_$18,244623,2631
245322$_$1,245322,2686
245322$_$0,245322,2687
245322$_$3,245322,2688
245322$_$2,245322,2689
245322$_$5,245322,2690
245322$_$4,245322,2691
245322$_$6,245322,2692
247382$_$20,247382,2699
247382$_$21,247382,2700
247382$_$1,247382,2701
247382$_$0,247382,2702
247382$_$3,247382,2703
247382$_$2,247382,2704
247382$_$5,247382,2705
247382$_$4,247382,2706
247382$_$7,247382,2707
247382$_$6,247382,2708
247382$_$9,247382,2709
247382$_$8,247382,2710
247382$_$11,247382,2711
247382$_$10,247382,2712
247382$_$13,247382,2713
247382$_$12,247382,2714
247382$_$15,247382,2715
247382$_$14,247382,2716
247382$_$17,247382,2717
247382$_$16,247382,2718
247382$_$19,247382,2719
247382$_$18,247382,2720
248837$_$11,248837,2721
248837$_$10,248837,2722
248837$_$13,248837,2723
248837$_$12,248837,2724
248837$_$1,248837,2725
248837$_$0,248837,2726
248837$_$3,248837,2727
248837$_$2,248837,2728
248837$_$5,248837,2729
248837$_$4,248837,2730
248837$_$7,248837,2731
248837$_$6,248837,2732
248837$_$9,248837,2733
248837$_$8,248837,2734
24xayGF5yYA$_$24,24xayGF5yYA,2735
24xayGF5yYA$_$25,24xayGF5yYA,2736
24xayGF5yYA$_$26,24xayGF5yYA,2737
24xayGF5yYA$_$27,24xayGF5yYA,2738
24xayGF5yYA$_$20,24xayGF5yYA,2739
24xayGF5yYA$_$21,24xayGF5yYA,2740
24xayGF5yYA$_$22,24xayGF5yYA,2741
24xayGF5yYA$_$28,24xayGF5yYA,2742
24xayGF5yYA$_$29,24xayGF5yYA,2743
24xayGF5yYA$_$1,24xayGF5yYA,2744
24xayGF5yYA$_$0,24xayGF5yYA,2745
24xayGF5yYA$_$3,24xayGF5yYA,2746
24xayGF5yYA$_$2,24xayGF5yYA,2747
24xayGF5yYA$_$5,24xayGF5yYA,2748
24xayGF5yYA$_$4,24xayGF5yYA,2749
24xayGF5yYA$_$7,24xayGF5yYA,2750
24xayGF5yYA$_$6,24xayGF5yYA,2751
24xayGF5yYA$_$9,24xayGF5yYA,2752
24xayGF5yYA$_$8,24xayGF5yYA,2753
24xayGF5yYA$_$11,24xayGF5yYA,2754
24xayGF5yYA$_$10,24xayGF5yYA,2755
24xayGF5yYA$_$13,24xayGF5yYA,2756
24xayGF5yYA$_$12,24xayGF5yYA,2757
24xayGF5yYA$_$15,24xayGF5yYA,2758
24xayGF5yYA$_$14,24xayGF5yYA,2759
24xayGF5yYA$_$17,24xayGF5yYA,2760
24xayGF5yYA$_$16,24xayGF5yYA,2761
24xayGF5yYA$_$19,24xayGF5yYA,2762
24xayGF5yYA$_$32,24xayGF5yYA,2763
24xayGF5yYA$_$31,24xayGF5yYA,2764
24xayGF5yYA$_$30,24xayGF5yYA,2765
24xayGF5yYA$_$36,24xayGF5yYA,2766
24xayGF5yYA$_$35,24xayGF5yYA,2767
24xayGF5yYA$_$34,24xayGF5yYA,2768
24xayGF5yYA$_$33,24xayGF5yYA,2769
250430$_$11,250430,2770
250430$_$10,250430,2771
250430$_$12,250430,2772
250430$_$1,250430,2773
250430$_$0,250430,2774
250430$_$3,250430,2775
250430$_$2,250430,2776
250430$_$5,250430,2777
250430$_$4,250430,2778
250430$_$7,250430,2779
250430$_$6,250430,2780
250430$_$9,250430,2781
250430$_$8,250430,2782
251417$_$1,251417,2783
251417$_$0,251417,2784
251417$_$3,251417,2785
251417$_$2,251417,2786
251417$_$5,251417,2787
251417$_$4,251417,2788
251417$_$7,251417,2789
251417$_$6,251417,2790
251839$_$11,251839,2815
251839$_$10,251839,2816
251839$_$13,251839,2817
251839$_$12,251839,2818
251839$_$15,251839,2819
251839$_$14,251839,2820
251839$_$17,251839,2821
251839$_$16,251839,2822
251839$_$1,251839,2823
251839$_$0,251839,2824
251839$_$3,251839,2825
251839$_$2,251839,2826
251839$_$5,251839,2827
251839$_$4,251839,2828
251839$_$7,251839,2829
251839$_$6,251839,2830
251839$_$9,251839,2831
251839$_$8,251839,2832
252177$_$10,252177,2833
252177$_$1,252177,2834
252177$_$0,252177,2835
252177$_$3,252177,2836
252177$_$2,252177,2837
252177$_$5,252177,2838
252177$_$4,252177,2839
252177$_$7,252177,2840
252177$_$6,252177,2841
252177$_$9,252177,2842
252177$_$8,252177,2843
25271$_$11,25271,2844
25271$_$10,25271,2845
25271$_$12,25271,2846
25271$_$1,25271,2847
25271$_$0,25271,2848
25271$_$3,25271,2849
25271$_$2,25271,2850
25271$_$5,25271,2851
25271$_$4,25271,2852
25271$_$7,25271,2853
25271$_$6,25271,2854
25271$_$9,25271,2855
25271$_$8,25271,2856
254298$_$11,254298,2857
254298$_$10,254298,2858
254298$_$13,254298,2859
254298$_$12,254298,2860
254298$_$15,254298,2861
254298$_$14,254298,2862
254298$_$16,254298,2863
254298$_$0,254298,2864
254298$_$3,254298,2865
254298$_$2,254298,2866
254298$_$5,254298,2867
254298$_$4,254298,2868
254298$_$7,254298,2869
254298$_$6,254298,2870
254298$_$9,254298,2871
254298$_$8,254298,2872
255226$_$11,255226,2890
255226$_$10,255226,2891
255226$_$13,255226,2892
255226$_$12,255226,2893
255226$_$15,255226,2894
255226$_$14,255226,2895
255226$_$1,255226,2896
255226$_$0,255226,2897
255226$_$3,255226,2898
255226$_$2,255226,2899
255226$_$5,255226,2900
255226$_$4,255226,2901
255226$_$7,255226,2902
255226$_$6,255226,2903
255226$_$9,255226,2904
255226$_$8,255226,2905
256935$_$24,256935,2958
256935$_$25,256935,2959
256935$_$20,256935,2960
256935$_$21,256935,2961
256935$_$23,256935,2962
256935$_$0,256935,2963
256935$_$3,256935,2964
256935$_$2,256935,2965
256935$_$4,256935,2966
256935$_$7,256935,2967
256935$_$6,256935,2968
256935$_$9,256935,2969
256935$_$8,256935,2970
256935$_$10,256935,2971
256935$_$13,256935,2972
256935$_$12,256935,2973
256935$_$15,256935,2974
256935$_$14,256935,2975
256935$_$17,256935,2976
256935$_$16,256935,2977
256935$_$19,256935,2978
256935$_$18,256935,2979
256976$_$11,256976,2980
256976$_$10,256976,2981
256976$_$13,256976,2982
256976$_$12,256976,2983
256976$_$14,256976,2984
256976$_$1,256976,2985
256976$_$0,256976,2986
256976$_$3,256976,2987
256976$_$2,256976,2988
256976$_$5,256976,2989
256976$_$4,256976,2990
256976$_$7,256976,2991
256976$_$6,256976,2992
256976$_$9,256976,2993
256976$_$8,256976,2994
257771$_$11,257771,3028
257771$_$10,257771,3029
257771$_$13,257771,3030
257771$_$12,257771,3031
257771$_$15,257771,3032
257771$_$14,257771,3033
257771$_$1,257771,3034
257771$_$0,257771,3035
257771$_$3,257771,3036
257771$_$2,257771,3037
257771$_$5,257771,3038
257771$_$4,257771,3039
257771$_$7,257771,3040
257771$_$6,257771,3041
257771$_$9,257771,3042
257771$_$8,257771,3043
261267$_$11,261267,3107
261267$_$10,261267,3108
261267$_$13,261267,3109
261267$_$12,261267,3110
261267$_$15,261267,3111
261267$_$14,261267,3112
261267$_$17,261267,3113
261267$_$16,261267,3114
261267$_$19,261267,3115
261267$_$18,261267,3116
261267$_$1,261267,3117
261267$_$0,261267,3118
261267$_$3,261267,3119
261267$_$2,261267,3120
261267$_$5,261267,3121
261267$_$4,261267,3122
261267$_$7,261267,3123
261267$_$6,261267,3124
261267$_$9,261267,3125
261267$_$8,261267,3126
261902$_$24,261902,3176
261902$_$25,261902,3177
261902$_$26,261902,3178
261902$_$27,261902,3179
261902$_$20,261902,3180
261902$_$21,261902,3181
261902$_$22,261902,3182
261902$_$23,261902,3183
261902$_$28,261902,3184
261902$_$29,261902,3185
261902$_$1,261902,3186
261902$_$0,261902,3187
261902$_$3,261902,3188
261902$_$2,261902,3189
261902$_$5,261902,3190
261902$_$4,261902,3191
261902$_$7,261902,3192
261902$_$6,261902,3193
261902$_$9,261902,3194
261902$_$8,261902,3195
261902$_$11,261902,3196
261902$_$10,261902,3197
261902$_$13,261902,3198
261902$_$12,261902,3199
261902$_$15,261902,3200
261902$_$14,261902,3201
261902$_$17,261902,3202
261902$_$16,261902,3203
261902$_$19,261902,3204
261902$_$18,261902,3205
261902$_$31,261902,3206
261902$_$30,261902,3207
262226$_$11,262226,3235
262226$_$10,262226,3236
262226$_$13,262226,3237
262226$_$12,262226,3238
262226$_$15,262226,3239
262226$_$14,262226,3240
262226$_$17,262226,3241
262226$_$16,262226,3242
262226$_$19,262226,3243
262226$_$18,262226,3244
262226$_$1,262226,3245
262226$_$0,262226,3246
262226$_$3,262226,3247
262226$_$2,262226,3248
262226$_$5,262226,3249
262226$_$4,262226,3250
262226$_$7,262226,3251
262226$_$6,262226,3252
262226$_$9,262226,3253
262226$_$20,262226,3254
262226$_$8,262226,3255
264418$_$11,264418,3256
264418$_$10,264418,3257
264418$_$13,264418,3258
264418$_$12,264418,3259
264418$_$15,264418,3260
264418$_$14,264418,3261
264418$_$1,264418,3262
264418$_$0,264418,3263
264418$_$3,264418,3264
264418$_$2,264418,3265
264418$_$5,264418,3266
264418$_$4,264418,3267
264418$_$7,264418,3268
264418$_$6,264418,3269
264418$_$9,264418,3270
264418$_$8,264418,3271
265959$_$11,265959,3322
265959$_$10,265959,3323
265959$_$13,265959,3324
265959$_$12,265959,3325
265959$_$15,265959,3326
265959$_$14,265959,3327
265959$_$16,265959,3328
265959$_$1,265959,3329
265959$_$0,265959,3330
265959$_$3,265959,3331
265959$_$2,265959,3332
265959$_$5,265959,3333
265959$_$4,265959,3334
265959$_$7,265959,3335
265959$_$6,265959,3336
265959$_$9,265959,3337
265959$_$8,265959,3338
266366$_$11,266366,3339
266366$_$10,266366,3340
266366$_$13,266366,3341
266366$_$12,266366,3342
266366$_$15,266366,3343
266366$_$14,266366,3344
266366$_$17,266366,3345
266366$_$16,266366,3346
266366$_$18,266366,3347
266366$_$1,266366,3348
266366$_$0,266366,3349
266366$_$3,266366,3350
266366$_$2,266366,3351
266366$_$5,266366,3352
266366$_$4,266366,3353
266366$_$7,266366,3354
266366$_$6,266366,3355
266366$_$9,266366,3356
266366$_$8,266366,3357
266396$_$24,266396,3358
266396$_$25,266396,3359
266396$_$26,266396,3360
266396$_$27,266396,3361
266396$_$20,266396,3362
266396$_$21,266396,3363
266396$_$22,266396,3364
266396$_$23,266396,3365
266396$_$28,266396,3366
266396$_$29,266396,3367
266396$_$0,266396,3368
266396$_$4,266396,3369
266396$_$8,266396,3370
266396$_$59,266396,3371
266396$_$58,266396,3372
266396$_$55,266396,3373
266396$_$54,266396,3374
266396$_$57,266396,3375
266396$_$56,266396,3376
266396$_$51,266396,3377
266396$_$50,266396,3378
266396$_$53,266396,3379
266396$_$52,266396,3380
266396$_$88,266396,3381
266396$_$89,266396,3382
266396$_$82,266396,3383
266396$_$83,266396,3384
266396$_$80,266396,3385
266396$_$81,266396,3386
266396$_$86,266396,3387
266396$_$87,266396,3388
266396$_$84,266396,3389
266396$_$85,266396,3390
266396$_$3,266396,3391
266396$_$7,266396,3392
266396$_$39,266396,3393
266396$_$38,266396,3394
266396$_$33,266396,3395
266396$_$32,266396,3396
266396$_$31,266396,3397
266396$_$30,266396,3398
266396$_$37,266396,3399
266396$_$36,266396,3400
266396$_$35,266396,3401
266396$_$34,266396,3402
266396$_$60,266396,3403
266396$_$61,266396,3404
266396$_$62,266396,3405
266396$_$63,266396,3406
266396$_$64,266396,3407
266396$_$65,266396,3408
266396$_$66,266396,3409
266396$_$67,266396,3410
266396$_$68,266396,3411
266396$_$69,266396,3412
266396$_$2,266396,3413
266396$_$6,266396,3414
266396$_$91,266396,3415
266396$_$90,266396,3416
266396$_$93,266396,3417
266396$_$92,266396,3418
266396$_$95,266396,3419
266396$_$94,266396,3420
266396$_$97,266396,3421
266396$_$96,266396,3422
266396$_$11,266396,3423
266396$_$10,266396,3424
266396$_$13,266396,3425
266396$_$12,266396,3426
266396$_$15,266396,3427
266396$_$14,266396,3428
266396$_$17,266396,3429
266396$_$16,266396,3430
266396$_$19,266396,3431
266396$_$18,266396,3432
266396$_$48,266396,3433
266396$_$49,266396,3434
266396$_$46,266396,3435
266396$_$47,266396,3436
266396$_$44,266396,3437
266396$_$45,266396,3438
266396$_$42,266396,3439
266396$_$43,266396,3440
266396$_$40,266396,3441
266396$_$41,266396,3442
266396$_$1,266396,3443
266396$_$5,266396,3444
266396$_$9,266396,3445
266396$_$77,266396,3446
266396$_$76,266396,3447
266396$_$75,266396,3448
266396$_$74,266396,3449
266396$_$73,266396,3450
266396$_$72,266396,3451
266396$_$71,266396,3452
266396$_$70,266396,3453
266396$_$79,266396,3454
266396$_$78,266396,3455
267255$_$11,267255,3558
267255$_$10,267255,3559
267255$_$13,267255,3560
267255$_$12,267255,3561
267255$_$15,267255,3562
267255$_$14,267255,3563
267255$_$17,267255,3564
267255$_$16,267255,3565
267255$_$19,267255,3566
267255$_$18,267255,3567
267255$_$1,267255,3568
267255$_$0,267255,3569
267255$_$3,267255,3570
267255$_$2,267255,3571
267255$_$5,267255,3572
267255$_$4,267255,3573
267255$_$7,267255,3574
267255$_$6,267255,3575
267255$_$9,267255,3576
267255$_$8,267255,3577
267278$_$20,267278,3578
267278$_$21,267278,3579
267278$_$22,267278,3580
267278$_$23,267278,3581
267278$_$1,267278,3582
267278$_$0,267278,3583
267278$_$3,267278,3584
267278$_$2,267278,3585
267278$_$5,267278,3586
267278$_$4,267278,3587
267278$_$7,267278,3588
267278$_$6,267278,3589
267278$_$9,267278,3590
267278$_$8,267278,3591
267278$_$11,267278,3592
267278$_$10,267278,3593
267278$_$13,267278,3594
267278$_$12,267278,3595
267278$_$15,267278,3596
267278$_$14,267278,3597
267278$_$17,267278,3598
267278$_$16,267278,3599
267278$_$19,267278,3600
267278$_$18,267278,3601
267799$_$11,267799,3602
267799$_$10,267799,3603
267799$_$13,267799,3604
267799$_$12,267799,3605
267799$_$15,267799,3606
267799$_$14,267799,3607
267799$_$17,267799,3608
267799$_$16,267799,3609
267799$_$19,267799,3610
267799$_$18,267799,3611
267799$_$1,267799,3612
267799$_$0,267799,3613
267799$_$3,267799,3614
267799$_$2,267799,3615
267799$_$5,267799,3616
267799$_$4,267799,3617
267799$_$7,267799,3618
267799$_$6,267799,3619
267799$_$9,267799,3620
267799$_$8,267799,3621
268836$_$24,268836,3622
268836$_$25,268836,3623
268836$_$26,268836,3624
268836$_$27,268836,3625
268836$_$20,268836,3626
268836$_$21,268836,3627
268836$_$22,268836,3628
268836$_$23,268836,3629
268836$_$28,268836,3630
268836$_$29,268836,3631
268836$_$1,268836,3632
268836$_$0,268836,3633
268836$_$3,268836,3634
268836$_$2,268836,3635
268836$_$5,268836,3636
268836$_$4,268836,3637
268836$_$7,268836,3638
268836$_$6,268836,3639
268836$_$9,268836,3640
268836$_$8,268836,3641
268836$_$39,268836,3642
268836$_$38,268836,3643
268836$_$11,268836,3644
268836$_$10,268836,3645
268836$_$13,268836,3646
268836$_$12,268836,3647
268836$_$15,268836,3648
268836$_$14,268836,3649
268836$_$17,268836,3650
268836$_$16,268836,3651
268836$_$19,268836,3652
268836$_$18,268836,3653
268836$_$31,268836,3654
268836$_$30,268836,3655
268836$_$37,268836,3656
268836$_$36,268836,3657
268836$_$35,268836,3658
268836$_$34,268836,3659
268836$_$33,268836,3660
268836$_$32,268836,3661
270416$_$11,270416,3664
270416$_$10,270416,3665
270416$_$13,270416,3666
270416$_$12,270416,3667
270416$_$1,270416,3668
270416$_$0,270416,3669
270416$_$3,270416,3670
270416$_$2,270416,3671
270416$_$5,270416,3672
270416$_$4,270416,3673
270416$_$7,270416,3674
270416$_$6,270416,3675
270416$_$9,270416,3676
270416$_$8,270416,3677
270444$_$1,270444,3678
270444$_$0,270444,3679
270444$_$3,270444,3680
270444$_$2,270444,3681
270444$_$5,270444,3682
270444$_$4,270444,3683
270444$_$7,270444,3684
270444$_$6,270444,3685
270444$_$8,270444,3686
270628$_$24,270628,3699
270628$_$25,270628,3700
270628$_$26,270628,3701
270628$_$27,270628,3702
270628$_$20,270628,3703
270628$_$21,270628,3704
270628$_$22,270628,3705
270628$_$23,270628,3706
270628$_$28,270628,3707
270628$_$29,270628,3708
270628$_$1,270628,3709
270628$_$0,270628,3710
270628$_$3,270628,3711
270628$_$2,270628,3712
270628$_$5,270628,3713
270628$_$4,270628,3714
270628$_$7,270628,3715
270628$_$6,270628,3716
270628$_$9,270628,3717
270628$_$8,270628,3718
270628$_$11,270628,3719
270628$_$10,270628,3720
270628$_$13,270628,3721
270628$_$12,270628,3722
270628$_$15,270628,3723
270628$_$14,270628,3724
270628$_$17,270628,3725
270628$_$16,270628,3726
270628$_$19,270628,3727
270628$_$18,270628,3728
270628$_$31,270628,3729
270628$_$30,270628,3730
270628$_$35,270628,3731
270628$_$34,270628,3732
270628$_$33,270628,3733
270628$_$32,270628,3734
272375$_$11,272375,3911
272375$_$10,272375,3912
272375$_$13,272375,3913
272375$_$12,272375,3914
272375$_$15,272375,3915
272375$_$14,272375,3916
272375$_$17,272375,3917
272375$_$16,272375,3918
272375$_$19,272375,3919
272375$_$18,272375,3920
272375$_$1,272375,3921
272375$_$0,272375,3922
272375$_$3,272375,3923
272375$_$2,272375,3924
272375$_$5,272375,3925
272375$_$4,272375,3926
272375$_$7,272375,3927
272375$_$6,272375,3928
272375$_$9,272375,3929
272375$_$8,272375,3930
273171$_$11,273171,3931
273171$_$10,273171,3932
273171$_$13,273171,3933
273171$_$12,273171,3934
273171$_$15,273171,3935
273171$_$14,273171,3936
273171$_$16,273171,3937
273171$_$1,273171,3938
273171$_$0,273171,3939
273171$_$3,273171,3940
273171$_$2,273171,3941
273171$_$5,273171,3942
273171$_$4,273171,3943
273171$_$7,273171,3944
273171$_$6,273171,3945
273171$_$9,273171,3946
273171$_$8,273171,3947
273237$_$24,273237,3948
273237$_$25,273237,3949
273237$_$26,273237,3950
273237$_$20,273237,3951
273237$_$21,273237,3952
273237$_$22,273237,3953
273237$_$23,273237,3954
273237$_$1,273237,3955
273237$_$0,273237,3956
273237$_$3,273237,3957
273237$_$2,273237,3958
273237$_$5,273237,3959
273237$_$4,273237,3960
273237$_$7,273237,3961
273237$_$6,273237,3962
273237$_$9,273237,3963
273237$_$8,273237,3964
273237$_$11,273237,3965
273237$_$10,273237,3966
273237$_$13,273237,3967
273237$_$12,273237,3968
273237$_$15,273237,3969
273237$_$14,273237,3970
273237$_$17,273237,3971
273237$_$16,273237,3972
273237$_$19,273237,3973
273237$_$18,273237,3974
274219$_$11,274219,4006
274219$_$10,274219,4007
274219$_$1,274219,4008
274219$_$0,274219,4009
274219$_$3,274219,4010
274219$_$2,274219,4011
274219$_$5,274219,4012
274219$_$4,274219,4013
274219$_$7,274219,4014
274219$_$6,274219,4015
274219$_$9,274219,4016
274219$_$8,274219,4017
276217$_$24,276217,4044
276217$_$25,276217,4045
276217$_$26,276217,4046
276217$_$27,276217,4047
276217$_$20,276217,4048
276217$_$21,276217,4049
276217$_$22,276217,4050
276217$_$23,276217,4051
276217$_$28,276217,4052
276217$_$29,276217,4053
276217$_$40,276217,4054
276217$_$41,276217,4055
276217$_$1,276217,4056
276217$_$0,276217,4057
276217$_$3,276217,4058
276217$_$2,276217,4059
276217$_$5,276217,4060
276217$_$4,276217,4061
276217$_$7,276217,4062
276217$_$6,276217,4063
276217$_$9,276217,4064
276217$_$8,276217,4065
276217$_$13,276217,4066
276217$_$38,276217,4067
276217$_$11,276217,4068
276217$_$10,276217,4069
276217$_$39,276217,4070
276217$_$12,276217,4071
276217$_$15,276217,4072
276217$_$14,276217,4073
276217$_$17,276217,4074
276217$_$16,276217,4075
276217$_$33,276217,4076
276217$_$32,276217,4077
276217$_$31,276217,4078
276217$_$30,276217,4079
276217$_$37,276217,4080
276217$_$36,276217,4081
276217$_$35,276217,4082
276217$_$34,276217,4083
276217$_$19,276217,4084
276217$_$18,276217,4085
27798$_$11,27798,4086
27798$_$10,27798,4087
27798$_$13,27798,4088
27798$_$12,27798,4089
27798$_$15,27798,4090
27798$_$14,27798,4091
27798$_$1,27798,4092
27798$_$0,27798,4093
27798$_$3,27798,4094
27798$_$2,27798,4095
27798$_$5,27798,4096
27798$_$4,27798,4097
27798$_$7,27798,4098
27798$_$6,27798,4099
27798$_$9,27798,4100
278474$_$1,278474,4109
278474$_$0,278474,4110
278474$_$3,278474,4111
278474$_$2,278474,4112
278474$_$5,278474,4113
278474$_$4,278474,4114
278474$_$7,278474,4115
278474$_$6,278474,4116
278474$_$9,278474,4117
278474$_$8,278474,4118
283495$_$1,283495,4174
283495$_$0,283495,4175
283495$_$3,283495,4176
283495$_$2,283495,4177
283495$_$5,283495,4178
283495$_$4,283495,4179
283495$_$7,283495,4180
283495$_$6,283495,4181
291121$_$11,291121,4274
291121$_$10,291121,4275
291121$_$12,291121,4276
291121$_$1,291121,4277
291121$_$0,291121,4278
291121$_$3,291121,4279
291121$_$2,291121,4280
291121$_$5,291121,4281
291121$_$4,291121,4282
291121$_$7,291121,4283
291121$_$6,291121,4284
291121$_$9,291121,4285
291121$_$8,291121,4286
298736$_$24,298736,4336
298736$_$25,298736,4337
298736$_$26,298736,4338
298736$_$27,298736,4339
298736$_$20,298736,4340
298736$_$21,298736,4341
298736$_$22,298736,4342
298736$_$23,298736,4343
298736$_$28,298736,4344
298736$_$29,298736,4345
298736$_$1,298736,4346
298736$_$0,298736,4347
298736$_$3,298736,4348
298736$_$2,298736,4349
298736$_$5,298736,4350
298736$_$4,298736,4351
298736$_$7,298736,4352
298736$_$6,298736,4353
298736$_$9,298736,4354
298736$_$8,298736,4355
298736$_$11,298736,4356
298736$_$10,298736,4357
298736$_$13,298736,4358
298736$_$12,298736,4359
298736$_$15,298736,4360
298736$_$14,298736,4361
298736$_$17,298736,4362
298736$_$16,298736,4363
298736$_$19,298736,4364
298736$_$32,298736,4365
298736$_$31,298736,4366
298736$_$30,298736,4367
298736$_$33,298736,4368
298736$_$18,298736,4369
298774$_$11,298774,4370
298774$_$10,298774,4371
298774$_$13,298774,4372
298774$_$12,298774,4373
298774$_$15,298774,4374
298774$_$14,298774,4375
298774$_$17,298774,4376
298774$_$16,298774,4377
298774$_$18,298774,4378
298774$_$1,298774,4379
298774$_$0,298774,4380
298774$_$3,298774,4381
298774$_$2,298774,4382
298774$_$5,298774,4383
298774$_$4,298774,4384
298774$_$7,298774,4385
298774$_$6,298774,4386
298774$_$9,298774,4387
298774$_$8,298774,4388
2HP4KedfmSc$_$10,2HP4KedfmSc,4391
2HP4KedfmSc$_$1,2HP4KedfmSc,4392
2HP4KedfmSc$_$0,2HP4KedfmSc,4393
2HP4KedfmSc$_$3,2HP4KedfmSc,4394
2HP4KedfmSc$_$2,2HP4KedfmSc,4395
2HP4KedfmSc$_$5,2HP4KedfmSc,4396
2HP4KedfmSc$_$4,2HP4KedfmSc,4397
2HP4KedfmSc$_$7,2HP4KedfmSc,4398
2HP4KedfmSc$_$9,2HP4KedfmSc,4399
2HP4KedfmSc$_$8,2HP4KedfmSc,4400
2JY5HXBWO84$_$11,2JY5HXBWO84,4412
2JY5HXBWO84$_$20,2JY5HXBWO84,4413
2JY5HXBWO84$_$14,2JY5HXBWO84,4414
2JY5HXBWO84$_$22,2JY5HXBWO84,4415
2JY5HXBWO84$_$23,2JY5HXBWO84,4416
2JY5HXBWO84$_$28,2JY5HXBWO84,4417
2JY5HXBWO84$_$29,2JY5HXBWO84,4418
2JY5HXBWO84$_$8,2JY5HXBWO84,4419
2LpVvLemgvw$_$10,2LpVvLemgvw,4420
2LpVvLemgvw$_$0,2LpVvLemgvw,4421
2LpVvLemgvw$_$3,2LpVvLemgvw,4422
2LpVvLemgvw$_$2,2LpVvLemgvw,4423
2LpVvLemgvw$_$5,2LpVvLemgvw,4424
2LpVvLemgvw$_$4,2LpVvLemgvw,4425
2LpVvLemgvw$_$7,2LpVvLemgvw,4426
2LpVvLemgvw$_$6,2LpVvLemgvw,4427
2LpVvLemgvw$_$9,2LpVvLemgvw,4428
2LpVvLemgvw$_$8,2LpVvLemgvw,4429
2PgJok07td4$_$3,2PgJok07td4,4433
2RC_DXV_dPQ$_$9,2RC_DXV_dPQ,4436
2RC_DXV_dPQ$_$8,2RC_DXV_dPQ,4437
2RC_DXV_dPQ$_$10,2RC_DXV_dPQ,4438
2RDubrUjI-k$_$8,2RDubrUjI-k,4439
2RDubrUjI-k$_$4,2RDubrUjI-k,4440
2RDubrUjI-k$_$7,2RDubrUjI-k,4441
2RDubrUjI-k$_$6,2RDubrUjI-k,4442
2Vtv2gPzM7w$_$9,2Vtv2gPzM7w,4443
2Vtv2gPzM7w$_$7,2Vtv2gPzM7w,4444
2Wo-0trLBjU$_$20,2Wo-0trLBjU,4445
2Wo-0trLBjU$_$17,2Wo-0trLBjU,4446
2Wo-0trLBjU$_$16,2Wo-0trLBjU,4447
2Wo-0trLBjU$_$18,2Wo-0trLBjU,4448
2Wo-0trLBjU$_$1,2Wo-0trLBjU,4449
2Wo-0trLBjU$_$3,2Wo-0trLBjU,4450
2YwgSmmLibs$_$9,2YwgSmmLibs,4451
2YwgSmmLibs$_$10,2YwgSmmLibs,4452
2YwgSmmLibs$_$2,2YwgSmmLibs,4453
2YwgSmmLibs$_$4,2YwgSmmLibs,4454
2YwgSmmLibs$_$6,2YwgSmmLibs,4455
2ahFSMFvs_c$_$11,2ahFSMFvs_c,4458
2ahFSMFvs_c$_$12,2ahFSMFvs_c,4459
2ahFSMFvs_c$_$21,2ahFSMFvs_c,4460
2ahFSMFvs_c$_$16,2ahFSMFvs_c,4461
2ahFSMFvs_c$_$18,2ahFSMFvs_c,4462
2ahFSMFvs_c$_$0,2ahFSMFvs_c,4463
2ahFSMFvs_c$_$3,2ahFSMFvs_c,4464
2ahFSMFvs_c$_$5,2ahFSMFvs_c,4465
2ahFSMFvs_c$_$8,2ahFSMFvs_c,4466
2cwNG0YuwtQ$_$11,2cwNG0YuwtQ,4474
2cwNG0YuwtQ$_$12,2cwNG0YuwtQ,4475
2cwNG0YuwtQ$_$20,2cwNG0YuwtQ,4476
2cwNG0YuwtQ$_$14,2cwNG0YuwtQ,4477
2cwNG0YuwtQ$_$22,2cwNG0YuwtQ,4478
2cwNG0YuwtQ$_$23,2cwNG0YuwtQ,4479
2cwNG0YuwtQ$_$19,2cwNG0YuwtQ,4480
2cwNG0YuwtQ$_$18,2cwNG0YuwtQ,4481
2cwNG0YuwtQ$_$1,2cwNG0YuwtQ,4482
2cwNG0YuwtQ$_$9,2cwNG0YuwtQ,4483
2cwNG0YuwtQ$_$15,2cwNG0YuwtQ,4484
2w7rpDe-HoA$_$1,2w7rpDe-HoA,4538
2w7rpDe-HoA$_$3,2w7rpDe-HoA,4539
2w7rpDe-HoA$_$2,2w7rpDe-HoA,4540
2w7rpDe-HoA$_$5,2w7rpDe-HoA,4541
2w7rpDe-HoA$_$7,2w7rpDe-HoA,4542
30162$_$11,30162,4543
30162$_$10,30162,4544
30162$_$1,30162,4545
30162$_$0,30162,4546
30162$_$3,30162,4547
30162$_$2,30162,4548
30162$_$5,30162,4549
30162$_$4,30162,4550
30162$_$7,30162,4551
30162$_$6,30162,4552
30162$_$9,30162,4553
30162$_$8,30162,4554
30763$_$11,30763,4555
30763$_$10,30763,4556
30763$_$13,30763,4557
30763$_$12,30763,4558
30763$_$15,30763,4559
30763$_$14,30763,4560
30763$_$16,30763,4561
30763$_$1,30763,4562
30763$_$0,30763,4563
30763$_$3,30763,4564
30763$_$2,30763,4565
30763$_$5,30763,4566
30763$_$4,30763,4567
30763$_$7,30763,4568
30763$_$6,30763,4569
30763$_$9,30763,4570
30763$_$8,30763,4571
31197$_$1,31197,4572
31197$_$0,31197,4573
31197$_$3,31197,4574
31197$_$2,31197,4575
31197$_$4,31197,4576
31tcuDMQ_H8$_$11,31tcuDMQ_H8,4577
31tcuDMQ_H8$_$13,31tcuDMQ_H8,4578
31tcuDMQ_H8$_$15,31tcuDMQ_H8,4579
31tcuDMQ_H8$_$16,31tcuDMQ_H8,4580
31tcuDMQ_H8$_$1,31tcuDMQ_H8,4581
31tcuDMQ_H8$_$5,31tcuDMQ_H8,4582
31tcuDMQ_H8$_$4,31tcuDMQ_H8,4583
31tcuDMQ_H8$_$7,31tcuDMQ_H8,4584
31tcuDMQ_H8$_$9,31tcuDMQ_H8,4585
327283$_$11,327283,4586
327283$_$10,327283,4587
327283$_$13,327283,4588
327283$_$12,327283,4589
327283$_$15,327283,4590
327283$_$14,327283,4591
327283$_$17,327283,4592
327283$_$16,327283,4593
327283$_$1,327283,4594
327283$_$0,327283,4595
327283$_$3,327283,4596
327283$_$2,327283,4597
327283$_$5,327283,4598
327283$_$4,327283,4599
327283$_$7,327283,4600
327283$_$6,327283,4601
327283$_$9,327283,4602
327283$_$8,327283,4603
33312$_$11,33312,4607
33312$_$10,33312,4608
33312$_$13,33312,4609
33312$_$12,33312,4610
33312$_$14,33312,4611
33312$_$1,33312,4612
33312$_$0,33312,4613
33312$_$3,33312,4614
33312$_$2,33312,4615
33312$_$5,33312,4616
33312$_$4,33312,4617
33312$_$7,33312,4618
33312$_$6,33312,4619
33312$_$9,33312,4620
33312$_$8,33312,4621
34346$_$11,34346,4650
34346$_$10,34346,4651
34346$_$13,34346,4652
34346$_$12,34346,4653
34346$_$15,34346,4654
34346$_$14,34346,4655
34346$_$17,34346,4656
34346$_$16,34346,4657
34346$_$19,34346,4658
34346$_$18,34346,4659
34346$_$1,34346,4660
34346$_$0,34346,4661
34346$_$3,34346,4662
34346$_$2,34346,4663
34346$_$5,34346,4664
34346$_$4,34346,4665
34346$_$7,34346,4666
34346$_$6,34346,4667
34346$_$9,34346,4668
34346$_$20,34346,4669
34346$_$8,34346,4670
367506$_$11,367506,4682
367506$_$10,367506,4683
367506$_$13,367506,4684
367506$_$12,367506,4685
367506$_$15,367506,4686
367506$_$14,367506,4687
367506$_$16,367506,4688
367506$_$1,367506,4689
367506$_$0,367506,4690
367506$_$3,367506,4691
367506$_$2,367506,4692
367506$_$5,367506,4693
367506$_$4,367506,4694
367506$_$7,367506,4695
367506$_$6,367506,4696
367506$_$9,367506,4697
367506$_$8,367506,4698
367576$_$11,367576,4699
367576$_$10,367576,4700
367576$_$13,367576,4701
367576$_$12,367576,4702
367576$_$15,367576,4703
367576$_$14,367576,4704
367576$_$16,367576,4705
367576$_$1,367576,4706
367576$_$0,367576,4707
367576$_$3,367576,4708
367576$_$2,367576,4709
367576$_$5,367576,4710
367576$_$4,367576,4711
367576$_$7,367576,4712
367576$_$6,367576,4713
367576$_$9,367576,4714
367576$_$8,367576,4715
37117$_$11,37117,4718
37117$_$10,37117,4719
37117$_$12,37117,4720
37117$_$1,37117,4721
37117$_$0,37117,4722
37117$_$3,37117,4723
37117$_$2,37117,4724
37117$_$5,37117,4725
37117$_$4,37117,4726
37117$_$7,37117,4727
37117$_$6,37117,4728
37117$_$9,37117,4729
37117$_$8,37117,4730
37459$_$1,37459,4731
37459$_$0,37459,4732
37459$_$3,37459,4733
37459$_$2,37459,4734
37459$_$5,37459,4735
37459$_$4,37459,4736
37459$_$7,37459,4737
37459$_$6,37459,4738
39lcRCFvV-s$_$42,39lcRCFvV-s,4761
39lcRCFvV-s$_$43,39lcRCFvV-s,4762
39lcRCFvV-s$_$24,39lcRCFvV-s,4763
39lcRCFvV-s$_$25,39lcRCFvV-s,4764
39lcRCFvV-s$_$26,39lcRCFvV-s,4765
39lcRCFvV-s$_$27,39lcRCFvV-s,4766
39lcRCFvV-s$_$20,39lcRCFvV-s,4767
39lcRCFvV-s$_$21,39lcRCFvV-s,4768
39lcRCFvV-s$_$22,39lcRCFvV-s,4769
39lcRCFvV-s$_$23,39lcRCFvV-s,4770
39lcRCFvV-s$_$46,39lcRCFvV-s,4771
39lcRCFvV-s$_$47,39lcRCFvV-s,4772
39lcRCFvV-s$_$44,39lcRCFvV-s,4773
39lcRCFvV-s$_$45,39lcRCFvV-s,4774
39lcRCFvV-s$_$28,39lcRCFvV-s,4775
39lcRCFvV-s$_$29,39lcRCFvV-s,4776
39lcRCFvV-s$_$40,39lcRCFvV-s,4777
39lcRCFvV-s$_$41,39lcRCFvV-s,4778
39lcRCFvV-s$_$1,39lcRCFvV-s,4779
39lcRCFvV-s$_$0,39lcRCFvV-s,4780
39lcRCFvV-s$_$2,39lcRCFvV-s,4781
39lcRCFvV-s$_$5,39lcRCFvV-s,4782
39lcRCFvV-s$_$4,39lcRCFvV-s,4783
39lcRCFvV-s$_$7,39lcRCFvV-s,4784
39lcRCFvV-s$_$6,39lcRCFvV-s,4785
39lcRCFvV-s$_$9,39lcRCFvV-s,4786
39lcRCFvV-s$_$8,39lcRCFvV-s,4787
39lcRCFvV-s$_$39,39lcRCFvV-s,4788
39lcRCFvV-s$_$38,39lcRCFvV-s,4789
39lcRCFvV-s$_$11,39lcRCFvV-s,4790
39lcRCFvV-s$_$10,39lcRCFvV-s,4791
39lcRCFvV-s$_$13,39lcRCFvV-s,4792
39lcRCFvV-s$_$12,39lcRCFvV-s,4793
39lcRCFvV-s$_$15,39lcRCFvV-s,4794
39lcRCFvV-s$_$14,39lcRCFvV-s,4795
39lcRCFvV-s$_$17,39lcRCFvV-s,4796
39lcRCFvV-s$_$16,39lcRCFvV-s,4797
39lcRCFvV-s$_$19,39lcRCFvV-s,4798
39lcRCFvV-s$_$18,39lcRCFvV-s,4799
39lcRCFvV-s$_$31,39lcRCFvV-s,4800
39lcRCFvV-s$_$30,39lcRCFvV-s,4801
39lcRCFvV-s$_$37,39lcRCFvV-s,4802
39lcRCFvV-s$_$35,39lcRCFvV-s,4803
39lcRCFvV-s$_$34,39lcRCFvV-s,4804
39lcRCFvV-s$_$32,39lcRCFvV-s,4805
3DOrdP4H8SA$_$11,3DOrdP4H8SA,4813
3DOrdP4H8SA$_$10,3DOrdP4H8SA,4814
3DOrdP4H8SA$_$13,3DOrdP4H8SA,4815
3DOrdP4H8SA$_$12,3DOrdP4H8SA,4816
3DOrdP4H8SA$_$1,3DOrdP4H8SA,4817
3DOrdP4H8SA$_$3,3DOrdP4H8SA,4818
3DOrdP4H8SA$_$2,3DOrdP4H8SA,4819
3DOrdP4H8SA$_$5,3DOrdP4H8SA,4820
3DOrdP4H8SA$_$4,3DOrdP4H8SA,4821
3DOrdP4H8SA$_$7,3DOrdP4H8SA,4822
3DOrdP4H8SA$_$9,3DOrdP4H8SA,4823
3DOrdP4H8SA$_$8,3DOrdP4H8SA,4824
3FpmKxZgihw$_$13,3FpmKxZgihw,4854
3FpmKxZgihw$_$15,3FpmKxZgihw,4855
3FpmKxZgihw$_$14,3FpmKxZgihw,4856
3FpmKxZgihw$_$16,3FpmKxZgihw,4857
3FpmKxZgihw$_$1,3FpmKxZgihw,4858
3FpmKxZgihw$_$0,3FpmKxZgihw,4859
3FpmKxZgihw$_$2,3FpmKxZgihw,4860
3FpmKxZgihw$_$5,3FpmKxZgihw,4861
3FpmKxZgihw$_$4,3FpmKxZgihw,4862
3QcqpwQiiLs$_$1,3QcqpwQiiLs,4892
3QcqpwQiiLs$_$3,3QcqpwQiiLs,4893
3QcqpwQiiLs$_$2,3QcqpwQiiLs,4894
3VsrcbjPwZY$_$0,3VsrcbjPwZY,4895
3VsrcbjPwZY$_$5,3VsrcbjPwZY,4896
3VsrcbjPwZY$_$4,3VsrcbjPwZY,4897
3VsrcbjPwZY$_$7,3VsrcbjPwZY,4898
3ZmLhK_YHl8$_$1,3ZmLhK_YHl8,4911
3ZmLhK_YHl8$_$0,3ZmLhK_YHl8,4912
3ZmLhK_YHl8$_$3,3ZmLhK_YHl8,4913
3ZmLhK_YHl8$_$2,3ZmLhK_YHl8,4914
3aD0xAgxxyw$_$11,3aD0xAgxxyw,4915
3aD0xAgxxyw$_$10,3aD0xAgxxyw,4916
3aD0xAgxxyw$_$16,3aD0xAgxxyw,4917
3aD0xAgxxyw$_$18,3aD0xAgxxyw,4918
3aD0xAgxxyw$_$0,3aD0xAgxxyw,4919
3aD0xAgxxyw$_$2,3aD0xAgxxyw,4920
3aD0xAgxxyw$_$8,3aD0xAgxxyw,4921
3fhCxePBuZY$_$11,3fhCxePBuZY,4934
3fhCxePBuZY$_$10,3fhCxePBuZY,4935
3fhCxePBuZY$_$13,3fhCxePBuZY,4936
3fhCxePBuZY$_$12,3fhCxePBuZY,4937
3fhCxePBuZY$_$14,3fhCxePBuZY,4938
3fhCxePBuZY$_$1,3fhCxePBuZY,4939
3fhCxePBuZY$_$0,3fhCxePBuZY,4940
3fhCxePBuZY$_$3,3fhCxePBuZY,4941
3fhCxePBuZY$_$2,3fhCxePBuZY,4942
3fhCxePBuZY$_$5,3fhCxePBuZY,4943
3fhCxePBuZY$_$4,3fhCxePBuZY,4944
3fhCxePBuZY$_$7,3fhCxePBuZY,4945
3fhCxePBuZY$_$6,3fhCxePBuZY,4946
3fhCxePBuZY$_$9,3fhCxePBuZY,4947
3fhCxePBuZY$_$8,3fhCxePBuZY,4948
3gA34VxBijI$_$1,3gA34VxBijI,4949
3gA34VxBijI$_$0,3gA34VxBijI,4950
3ocpWAmSNUE$_$8,3ocpWAmSNUE,4984
3ocpWAmSNUE$_$5,3ocpWAmSNUE,4985
3ocpWAmSNUE$_$4,3ocpWAmSNUE,4986
3ocpWAmSNUE$_$6,3ocpWAmSNUE,4987
3sDL7mwosP0$_$1,3sDL7mwosP0,4992
3sDL7mwosP0$_$0,3sDL7mwosP0,4993
3u_Joh0WJdw$_$7,3u_Joh0WJdw,4999
3w9I5SBhHNc$_$9,3w9I5SBhHNc,5000
3w9I5SBhHNc$_$2,3w9I5SBhHNc,5001
3w9I5SBhHNc$_$12,3w9I5SBhHNc,5002
3w9I5SBhHNc$_$5,3w9I5SBhHNc,5003
3y2YInNUmHY$_$1,3y2YInNUmHY,5004
3y2YInNUmHY$_$0,3y2YInNUmHY,5005
3y2YInNUmHY$_$2,3y2YInNUmHY,5006
3y2YInNUmHY$_$4,3y2YInNUmHY,5007
40260$_$24,40260,5031
40260$_$25,40260,5032
40260$_$26,40260,5033
40260$_$27,40260,5034
40260$_$20,40260,5035
40260$_$21,40260,5036
40260$_$22,40260,5037
40260$_$23,40260,5038
40260$_$1,40260,5039
40260$_$0,40260,5040
40260$_$3,40260,5041
40260$_$2,40260,5042
40260$_$5,40260,5043
40260$_$4,40260,5044
40260$_$7,40260,5045
40260$_$6,40260,5046
40260$_$9,40260,5047
40260$_$8,40260,5048
40260$_$11,40260,5049
40260$_$10,40260,5050
40260$_$13,40260,5051
40260$_$12,40260,5052
40260$_$15,40260,5053
40260$_$14,40260,5054
40260$_$17,40260,5055
40260$_$16,40260,5056
40260$_$19,40260,5057
40260$_$18,40260,5058
41692$_$1,41692,5059
41692$_$0,41692,5060
41692$_$3,41692,5061
41692$_$2,41692,5062
41692$_$5,41692,5063
41692$_$4,41692,5064
41692$_$7,41692,5065
41692$_$6,41692,5066
41692$_$8,41692,5067
424vOT3Nnyk$_$8,424vOT3Nnyk,5068
424vOT3Nnyk$_$5,424vOT3Nnyk,5069
424vOT3Nnyk$_$4,424vOT3Nnyk,5070
424vOT3Nnyk$_$7,424vOT3Nnyk,5071
424vOT3Nnyk$_$6,424vOT3Nnyk,5072
44780$_$1,44780,5095
44780$_$0,44780,5096
44780$_$3,44780,5097
44780$_$2,44780,5098
44780$_$5,44780,5099
44780$_$4,44780,5100
44780$_$7,44780,5101
44780$_$6,44780,5102
44780$_$9,44780,5103
44780$_$8,44780,5104
44MVdpDEQJs$_$1,44MVdpDEQJs,5105
44MVdpDEQJs$_$0,44MVdpDEQJs,5106
44MVdpDEQJs$_$2,44MVdpDEQJs,5107
44MVdpDEQJs$_$4,44MVdpDEQJs,5108
45186$_$11,45186,5125
45186$_$10,45186,5126
45186$_$13,45186,5127
45186$_$12,45186,5128
45186$_$14,45186,5129
45186$_$1,45186,5130
45186$_$0,45186,5131
45186$_$3,45186,5132
45186$_$2,45186,5133
45186$_$5,45186,5134
45186$_$4,45186,5135
45186$_$7,45186,5136
45186$_$6,45186,5137
45186$_$9,45186,5138
45186$_$8,45186,5139
45676$_$1,45676,5140
45676$_$0,45676,5141
45676$_$3,45676,5142
45676$_$2,45676,5143
45676$_$5,45676,5144
45676$_$4,45676,5145
45676$_$7,45676,5146
45676$_$6,45676,5147
45676$_$8,45676,5148
46497$_$1,46497,5151
46497$_$0,46497,5152
46497$_$3,46497,5153
46497$_$2,46497,5154
46497$_$4,46497,5155
46604$_$1,46604,5156
46604$_$0,46604,5157
46604$_$3,46604,5158
46604$_$2,46604,5159
46604$_$5,46604,5160
46604$_$4,46604,5161
46604$_$7,46604,5162
46604$_$6,46604,5163
46604$_$8,46604,5164
47472$_$11,47472,5174
47472$_$10,47472,5175
47472$_$13,47472,5176
47472$_$12,47472,5177
47472$_$15,47472,5178
47472$_$14,47472,5179
47472$_$1,47472,5180
47472$_$0,47472,5181
47472$_$3,47472,5182
47472$_$2,47472,5183
47472$_$5,47472,5184
47472$_$4,47472,5185
47472$_$7,47472,5186
47472$_$6,47472,5187
47472$_$9,47472,5188
47472$_$8,47472,5189
48nifdN2vSI$_$10,48nifdN2vSI,5191
48u68AzcWvE$_$10,48u68AzcWvE,5192
4BoE-woHtwA$_$11,4BoE-woHtwA,5229
4BoE-woHtwA$_$10,4BoE-woHtwA,5230
4BoE-woHtwA$_$12,4BoE-woHtwA,5231
4BoE-woHtwA$_$1,4BoE-woHtwA,5232
4BoE-woHtwA$_$2,4BoE-woHtwA,5233
4BoE-woHtwA$_$5,4BoE-woHtwA,5234
4BoE-woHtwA$_$4,4BoE-woHtwA,5235
4BoE-woHtwA$_$7,4BoE-woHtwA,5236
4BoE-woHtwA$_$6,4BoE-woHtwA,5237
4BoE-woHtwA$_$9,4BoE-woHtwA,5238
4BoE-woHtwA$_$8,4BoE-woHtwA,5239
4EEru3cZwXo$_$3,4EEru3cZwXo,5249
4EEru3cZwXo$_$2,4EEru3cZwXo,5250
4EEru3cZwXo$_$5,4EEru3cZwXo,5251
4EEru3cZwXo$_$4,4EEru3cZwXo,5252
4GYfmpEEtl4$_$11,4GYfmpEEtl4,5254
4GYfmpEEtl4$_$14,4GYfmpEEtl4,5255
4GYfmpEEtl4$_$1,4GYfmpEEtl4,5256
4GYfmpEEtl4$_$5,4GYfmpEEtl4,5257
4GYfmpEEtl4$_$7,4GYfmpEEtl4,5258
4GYfmpEEtl4$_$6,4GYfmpEEtl4,5259
4HAC00EAdno$_$11,4HAC00EAdno,5265
4HAC00EAdno$_$10,4HAC00EAdno,5266
4HAC00EAdno$_$13,4HAC00EAdno,5267
4HAC00EAdno$_$12,4HAC00EAdno,5268
4HAC00EAdno$_$14,4HAC00EAdno,5269
4HAC00EAdno$_$3,4HAC00EAdno,5270
4HAC00EAdno$_$5,4HAC00EAdno,5271
4HAC00EAdno$_$4,4HAC00EAdno,5272
4HAC00EAdno$_$6,4HAC00EAdno,5273
4HAC00EAdno$_$9,4HAC00EAdno,5274
4HazSkYihtw$_$4,4HazSkYihtw,5275
4Q7OkrJLzAc$_$1,4Q7OkrJLzAc,5287
4Q7OkrJLzAc$_$8,4Q7OkrJLzAc,5288
4Q7OkrJLzAc$_$5,4Q7OkrJLzAc,5289
4Q7OkrJLzAc$_$4,4Q7OkrJLzAc,5290
4Q7OkrJLzAc$_$0,4Q7OkrJLzAc,5291
4WTVL5bNybU$_$1,4WTVL5bNybU,5330
4WTVL5bNybU$_$0,4WTVL5bNybU,5331
4WTVL5bNybU$_$2,4WTVL5bNybU,5332
4Yxe1_ohz7Y$_$2,4Yxe1_ohz7Y,5333
4hEWns7JBg0$_$24,4hEWns7JBg0,5340
4hEWns7JBg0$_$25,4hEWns7JBg0,5341
4hEWns7JBg0$_$26,4hEWns7JBg0,5342
4hEWns7JBg0$_$27,4hEWns7JBg0,5343
4hEWns7JBg0$_$20,4hEWns7JBg0,5344
4hEWns7JBg0$_$21,4hEWns7JBg0,5345
4hEWns7JBg0$_$28,4hEWns7JBg0,5346
4hEWns7JBg0$_$29,4hEWns7JBg0,5347
4hEWns7JBg0$_$1,4hEWns7JBg0,5348
4hEWns7JBg0$_$0,4hEWns7JBg0,5349
4hEWns7JBg0$_$3,4hEWns7JBg0,5350
4hEWns7JBg0$_$2,4hEWns7JBg0,5351
4hEWns7JBg0$_$5,4hEWns7JBg0,5352
4hEWns7JBg0$_$4,4hEWns7JBg0,5353
4hEWns7JBg0$_$7,4hEWns7JBg0,5354
4hEWns7JBg0$_$9,4hEWns7JBg0,5355
4hEWns7JBg0$_$8,4hEWns7JBg0,5356
4hEWns7JBg0$_$11,4hEWns7JBg0,5357
4hEWns7JBg0$_$13,4hEWns7JBg0,5358
4hEWns7JBg0$_$12,4hEWns7JBg0,5359
4hEWns7JBg0$_$15,4hEWns7JBg0,5360
4hEWns7JBg0$_$14,4hEWns7JBg0,5361
4hEWns7JBg0$_$17,4hEWns7JBg0,5362
4hEWns7JBg0$_$16,4hEWns7JBg0,5363
4hEWns7JBg0$_$19,4hEWns7JBg0,5364
4hEWns7JBg0$_$18,4hEWns7JBg0,5365
4iG0ffmnCOw$_$11,4iG0ffmnCOw,5366
4iG0ffmnCOw$_$10,4iG0ffmnCOw,5367
4iG0ffmnCOw$_$1,4iG0ffmnCOw,5368
4iG0ffmnCOw$_$0,4iG0ffmnCOw,5369
4iG0ffmnCOw$_$3,4iG0ffmnCOw,5370
4iG0ffmnCOw$_$2,4iG0ffmnCOw,5371
4iG0ffmnCOw$_$5,4iG0ffmnCOw,5372
4iG0ffmnCOw$_$4,4iG0ffmnCOw,5373
4iG0ffmnCOw$_$7,4iG0ffmnCOw,5374
4iG0ffmnCOw$_$6,4iG0ffmnCOw,5375
4iG0ffmnCOw$_$9,4iG0ffmnCOw,5376
4jTUcNlxlYA$_$0,4jTUcNlxlYA,5387
4jTUcNlxlYA$_$3,4jTUcNlxlYA,5388
4jTUcNlxlYA$_$2,4jTUcNlxlYA,5389
4jTUcNlxlYA$_$5,4jTUcNlxlYA,5390
4jTUcNlxlYA$_$4,4jTUcNlxlYA,5391
4jTUcNlxlYA$_$7,4jTUcNlxlYA,5392
4jTUcNlxlYA$_$6,4jTUcNlxlYA,5393
4jTUcNlxlYA$_$9,4jTUcNlxlYA,5394
4jTUcNlxlYA$_$8,4jTUcNlxlYA,5395
4kF0U8kIMp4$_$1,4kF0U8kIMp4,5396
4kF0U8kIMp4$_$0,4kF0U8kIMp4,5397
4kF0U8kIMp4$_$3,4kF0U8kIMp4,5398
4kF0U8kIMp4$_$5,4kF0U8kIMp4,5399
4kF0U8kIMp4$_$4,4kF0U8kIMp4,5400
4kF0U8kIMp4$_$7,4kF0U8kIMp4,5401
4kF0U8kIMp4$_$6,4kF0U8kIMp4,5402
4lKz4xyCmkk$_$10,4lKz4xyCmkk,5403
4lKz4xyCmkk$_$13,4lKz4xyCmkk,5404
4lKz4xyCmkk$_$12,4lKz4xyCmkk,5405
4lKz4xyCmkk$_$15,4lKz4xyCmkk,5406
4lKz4xyCmkk$_$14,4lKz4xyCmkk,5407
4lKz4xyCmkk$_$1,4lKz4xyCmkk,5408
4lKz4xyCmkk$_$0,4lKz4xyCmkk,5409
4lKz4xyCmkk$_$5,4lKz4xyCmkk,5410
4lKz4xyCmkk$_$7,4lKz4xyCmkk,5411
4lKz4xyCmkk$_$6,4lKz4xyCmkk,5412
4lKz4xyCmkk$_$9,4lKz4xyCmkk,5413
4lKz4xyCmkk$_$8,4lKz4xyCmkk,5414
4lro65JwQdc$_$2,4lro65JwQdc,5415
4lro65JwQdc$_$4,4lro65JwQdc,5416
4oeKDFIaL7o$_$1,4oeKDFIaL7o,5417
4oeKDFIaL7o$_$0,4oeKDFIaL7o,5418
4oeKDFIaL7o$_$2,4oeKDFIaL7o,5419
4oeKDFIaL7o$_$4,4oeKDFIaL7o,5420
4poXF3xo6Z8$_$11,4poXF3xo6Z8,5421
4poXF3xo6Z8$_$10,4poXF3xo6Z8,5422
4poXF3xo6Z8$_$13,4poXF3xo6Z8,5423
4poXF3xo6Z8$_$12,4poXF3xo6Z8,5424
4poXF3xo6Z8$_$1,4poXF3xo6Z8,5425
4poXF3xo6Z8$_$0,4poXF3xo6Z8,5426
4poXF3xo6Z8$_$3,4poXF3xo6Z8,5427
4poXF3xo6Z8$_$2,4poXF3xo6Z8,5428
4poXF3xo6Z8$_$5,4poXF3xo6Z8,5429
4poXF3xo6Z8$_$4,4poXF3xo6Z8,5430
4poXF3xo6Z8$_$7,4poXF3xo6Z8,5431
4poXF3xo6Z8$_$6,4poXF3xo6Z8,5432
4poXF3xo6Z8$_$9,4poXF3xo6Z8,5433
4qoB5a6dR3w$_$1,4qoB5a6dR3w,5437
4qoB5a6dR3w$_$0,4qoB5a6dR3w,5438
4qoB5a6dR3w$_$3,4qoB5a6dR3w,5439
4qoB5a6dR3w$_$2,4qoB5a6dR3w,5440
4wdeBJ39Cuw$_$1,4wdeBJ39Cuw,5441
4wdeBJ39Cuw$_$0,4wdeBJ39Cuw,5442
4wdeBJ39Cuw$_$5,4wdeBJ39Cuw,5443
4wdeBJ39Cuw$_$4,4wdeBJ39Cuw,5444
4wdeBJ39Cuw$_$7,4wdeBJ39Cuw,5445
4wuug3-5cWo$_$11,4wuug3-5cWo,5446
4wuug3-5cWo$_$10,4wuug3-5cWo,5447
4wuug3-5cWo$_$13,4wuug3-5cWo,5448
4wuug3-5cWo$_$12,4wuug3-5cWo,5449
4wuug3-5cWo$_$1,4wuug3-5cWo,5450
4wuug3-5cWo$_$0,4wuug3-5cWo,5451
4wuug3-5cWo$_$2,4wuug3-5cWo,5452
4wuug3-5cWo$_$5,4wuug3-5cWo,5453
4wuug3-5cWo$_$4,4wuug3-5cWo,5454
4wuug3-5cWo$_$7,4wuug3-5cWo,5455
4wuug3-5cWo$_$6,4wuug3-5cWo,5456
4wuug3-5cWo$_$9,4wuug3-5cWo,5457
4wuug3-5cWo$_$8,4wuug3-5cWo,5458
50453$_$11,50453,5459
50453$_$10,50453,5460
50453$_$12,50453,5461
50453$_$1,50453,5462
50453$_$0,50453,5463
50453$_$3,50453,5464
50453$_$2,50453,5465
50453$_$5,50453,5466
50453$_$4,50453,5467
50453$_$7,50453,5468
50453$_$6,50453,5469
50453$_$9,50453,5470
50453$_$8,50453,5471
51224$_$1,51224,5472
51224$_$0,51224,5473
51224$_$3,51224,5474
51224$_$2,51224,5475
51224$_$5,51224,5476
51224$_$4,51224,5477
51224$_$7,51224,5478
51224$_$6,51224,5479
51224$_$9,51224,5480
51224$_$8,51224,5481
53742$_$11,53742,5518
53742$_$10,53742,5519
53742$_$1,53742,5520
53742$_$0,53742,5521
53742$_$3,53742,5522
53742$_$2,53742,5523
53742$_$5,53742,5524
53742$_$4,53742,5525
53742$_$7,53742,5526
53742$_$6,53742,5527
53742$_$9,53742,5528
53742$_$8,53742,5529
54CM1_GA-uw$_$0,54CM1_GA-uw,5530
54CM1_GA-uw$_$2,54CM1_GA-uw,5531
55T4QNcdpOk$_$1,55T4QNcdpOk,5545
55T4QNcdpOk$_$3,55T4QNcdpOk,5546
55T4QNcdpOk$_$4,55T4QNcdpOk,5547
56276$_$11,56276,5561
56276$_$10,56276,5562
56276$_$13,56276,5563
56276$_$12,56276,5564
56276$_$15,56276,5565
56276$_$14,56276,5566
56276$_$1,56276,5567
56276$_$0,56276,5568
56276$_$3,56276,5569
56276$_$2,56276,5570
56276$_$5,56276,5571
56276$_$4,56276,5572
56276$_$7,56276,5573
56276$_$6,56276,5574
56276$_$9,56276,5575
56276$_$8,56276,5576
59333$_$11,59333,5594
59333$_$10,59333,5595
59333$_$13,59333,5596
59333$_$12,59333,5597
59333$_$15,59333,5598
59333$_$14,59333,5599
59333$_$17,59333,5600
59333$_$16,59333,5601
59333$_$19,59333,5602
59333$_$18,59333,5603
59333$_$1,59333,5604
59333$_$0,59333,5605
59333$_$3,59333,5606
59333$_$2,59333,5607
59333$_$5,59333,5608
59333$_$4,59333,5609
59333$_$7,59333,5610
59333$_$6,59333,5611
59333$_$9,59333,5612
59333$_$8,59333,5613
5FbzKjx3Lho$_$1,5FbzKjx3Lho,5616
5FbzKjx3Lho$_$0,5FbzKjx3Lho,5617
5FbzKjx3Lho$_$3,5FbzKjx3Lho,5618
5HjbZAbB-Lg$_$1,5HjbZAbB-Lg,5624
5HjbZAbB-Lg$_$0,5HjbZAbB-Lg,5625
5HjbZAbB-Lg$_$3,5HjbZAbB-Lg,5626
5OLO6zEbrVw$_$1,5OLO6zEbrVw,5633
5OLO6zEbrVw$_$0,5OLO6zEbrVw,5634
5OLO6zEbrVw$_$3,5OLO6zEbrVw,5635
5OLO6zEbrVw$_$4,5OLO6zEbrVw,5636
5PqwxUYIe3c$_$11,5PqwxUYIe3c,5640
5PqwxUYIe3c$_$18,5PqwxUYIe3c,5641
5PqwxUYIe3c$_$13,5PqwxUYIe3c,5642
5PqwxUYIe3c$_$6,5PqwxUYIe3c,5643
5VKMctXBN9M$_$8,5VKMctXBN9M,5660
5VKMctXBN9M$_$3,5VKMctXBN9M,5661
5VKMctXBN9M$_$2,5VKMctXBN9M,5662
5VKMctXBN9M$_$4,5VKMctXBN9M,5663
5XX0csik6VQ$_$1,5XX0csik6VQ,5664
5XX0csik6VQ$_$0,5XX0csik6VQ,5665
5XX0csik6VQ$_$3,5XX0csik6VQ,5666
5XX0csik6VQ$_$5,5XX0csik6VQ,5667
5XX0csik6VQ$_$4,5XX0csik6VQ,5668
5qxZFmIaynE$_$24,5qxZFmIaynE,5695
5qxZFmIaynE$_$10,5qxZFmIaynE,5696
5qxZFmIaynE$_$39,5qxZFmIaynE,5697
5qxZFmIaynE$_$27,5qxZFmIaynE,5698
5qxZFmIaynE$_$15,5qxZFmIaynE,5699
5qxZFmIaynE$_$17,5qxZFmIaynE,5700
5qxZFmIaynE$_$22,5qxZFmIaynE,5701
5qxZFmIaynE$_$32,5qxZFmIaynE,5702
5qxZFmIaynE$_$30,5qxZFmIaynE,5703
5qxZFmIaynE$_$28,5qxZFmIaynE,5704
5qxZFmIaynE$_$29,5qxZFmIaynE,5705
5qxZFmIaynE$_$35,5qxZFmIaynE,5706
5qxZFmIaynE$_$34,5qxZFmIaynE,5707
5qxZFmIaynE$_$2,5qxZFmIaynE,5708
5qxZFmIaynE$_$5,5qxZFmIaynE,5709
5qxZFmIaynE$_$4,5qxZFmIaynE,5710
5qxZFmIaynE$_$7,5qxZFmIaynE,5711
5qxZFmIaynE$_$9,5qxZFmIaynE,5712
5qxZFmIaynE$_$20,5qxZFmIaynE,5713
5qxZFmIaynE$_$13,5qxZFmIaynE,5714
5qxZFmIaynE$_$14,5qxZFmIaynE,5715
5sDBK-lP8Pg$_$1,5sDBK-lP8Pg,5716
5sDBK-lP8Pg$_$3,5sDBK-lP8Pg,5717
6-0bcijTR8k$_$0,6-0bcijTR8k,5731
60037$_$11,60037,5732
60037$_$10,60037,5733
60037$_$13,60037,5734
60037$_$12,60037,5735
60037$_$15,60037,5736
60037$_$14,60037,5737
60037$_$16,60037,5738
60037$_$1,60037,5739
60037$_$0,60037,5740
60037$_$3,60037,5741
60037$_$2,60037,5742
60037$_$5,60037,5743
60037$_$4,60037,5744
60037$_$7,60037,5745
60037$_$6,60037,5746
60037$_$9,60037,5747
60037$_$8,60037,5748
65kkuNV921k$_$13,65kkuNV921k,5752
65kkuNV921k$_$15,65kkuNV921k,5753
65kkuNV921k$_$21,65kkuNV921k,5754
65kkuNV921k$_$22,65kkuNV921k,5755
65kkuNV921k$_$23,65kkuNV921k,5756
65kkuNV921k$_$33,65kkuNV921k,5757
65kkuNV921k$_$30,65kkuNV921k,5758
65kkuNV921k$_$26,65kkuNV921k,5759
65kkuNV921k$_$34,65kkuNV921k,5760
65kkuNV921k$_$1,65kkuNV921k,5761
65kkuNV921k$_$0,65kkuNV921k,5762
65kkuNV921k$_$3,65kkuNV921k,5763
65kkuNV921k$_$5,65kkuNV921k,5764
65kkuNV921k$_$4,65kkuNV921k,5765
65kkuNV921k$_$7,65kkuNV921k,5766
65kkuNV921k$_$6,65kkuNV921k,5767
663uRzFOfrg$_$8,663uRzFOfrg,5768
663uRzFOfrg$_$5,663uRzFOfrg,5769
6MYUY5tC2Us$_$1,6MYUY5tC2Us,5799
6MYUY5tC2Us$_$0,6MYUY5tC2Us,5800
6MYUY5tC2Us$_$2,6MYUY5tC2Us,5801
6MYUY5tC2Us$_$5,6MYUY5tC2Us,5802
6MYUY5tC2Us$_$4,6MYUY5tC2Us,5803
6MYUY5tC2Us$_$7,6MYUY5tC2Us,5804
6MYUY5tC2Us$_$6,6MYUY5tC2Us,5805
6T1GHj7qwYs$_$0,6T1GHj7qwYs,5819
6T1GHj7qwYs$_$3,6T1GHj7qwYs,5820
6T1GHj7qwYs$_$5,6T1GHj7qwYs,5821
6_k3cw9_k-Y$_$1,6_k3cw9_k-Y,5853
6aoTjlvo0js$_$1,6aoTjlvo0js,5854
6aoTjlvo0js$_$0,6aoTjlvo0js,5855
6aoTjlvo0js$_$2,6aoTjlvo0js,5856
6aoTjlvo0js$_$5,6aoTjlvo0js,5857
6ng8CZ0ULK4$_$11,6ng8CZ0ULK4,5862
6ng8CZ0ULK4$_$10,6ng8CZ0ULK4,5863
6ng8CZ0ULK4$_$12,6ng8CZ0ULK4,5864
6ng8CZ0ULK4$_$1,6ng8CZ0ULK4,5865
6ng8CZ0ULK4$_$0,6ng8CZ0ULK4,5866
6ng8CZ0ULK4$_$3,6ng8CZ0ULK4,5867
6ng8CZ0ULK4$_$2,6ng8CZ0ULK4,5868
6ng8CZ0ULK4$_$4,6ng8CZ0ULK4,5869
6ng8CZ0ULK4$_$7,6ng8CZ0ULK4,5870
6ng8CZ0ULK4$_$6,6ng8CZ0ULK4,5871
6ng8CZ0ULK4$_$9,6ng8CZ0ULK4,5872
6ng8CZ0ULK4$_$8,6ng8CZ0ULK4,5873
6qPjYvdZiLA$_$7,6qPjYvdZiLA,5888
6slq62RwH3Q$_$11,6slq62RwH3Q,5897
6slq62RwH3Q$_$10,6slq62RwH3Q,5898
6slq62RwH3Q$_$12,6slq62RwH3Q,5899
6slq62RwH3Q$_$1,6slq62RwH3Q,5900
6slq62RwH3Q$_$0,6slq62RwH3Q,5901
6slq62RwH3Q$_$3,6slq62RwH3Q,5902
6slq62RwH3Q$_$2,6slq62RwH3Q,5903
6slq62RwH3Q$_$4,6slq62RwH3Q,5904
6slq62RwH3Q$_$7,6slq62RwH3Q,5905
6slq62RwH3Q$_$6,6slq62RwH3Q,5906
6slq62RwH3Q$_$9,6slq62RwH3Q,5907
6xvVFYR5di0$_$1,6xvVFYR5di0,5915
6xvVFYR5di0$_$0,6xvVFYR5di0,5916
6xvVFYR5di0$_$3,6xvVFYR5di0,5917
6xvVFYR5di0$_$5,6xvVFYR5di0,5918
6xvVFYR5di0$_$4,6xvVFYR5di0,5919
6xvVFYR5di0$_$6,6xvVFYR5di0,5920
6xvVFYR5di0$_$9,6xvVFYR5di0,5921
6xvVFYR5di0$_$8,6xvVFYR5di0,5922
6zjv1TLqfF0$_$11,6zjv1TLqfF0,5923
6zjv1TLqfF0$_$10,6zjv1TLqfF0,5924
6zjv1TLqfF0$_$13,6zjv1TLqfF0,5925
6zjv1TLqfF0$_$12,6zjv1TLqfF0,5926
6zjv1TLqfF0$_$1,6zjv1TLqfF0,5927
6zjv1TLqfF0$_$3,6zjv1TLqfF0,5928
6zjv1TLqfF0$_$2,6zjv1TLqfF0,5929
6zjv1TLqfF0$_$5,6zjv1TLqfF0,5930
6zjv1TLqfF0$_$4,6zjv1TLqfF0,5931
6zjv1TLqfF0$_$7,6zjv1TLqfF0,5932
6zjv1TLqfF0$_$6,6zjv1TLqfF0,5933
6zjv1TLqfF0$_$9,6zjv1TLqfF0,5934
70420$_$11,70420,5935
70420$_$10,70420,5936
70420$_$13,70420,5937
70420$_$12,70420,5938
70420$_$15,70420,5939
70420$_$14,70420,5940
70420$_$17,70420,5941
70420$_$16,70420,5942
70420$_$18,70420,5943
70420$_$1,70420,5944
70420$_$0,70420,5945
70420$_$3,70420,5946
70420$_$2,70420,5947
70420$_$5,70420,5948
70420$_$4,70420,5949
70420$_$7,70420,5950
70420$_$6,70420,5951
70420$_$9,70420,5952
70420$_$8,70420,5953
72385$_$24,72385,5975
72385$_$20,72385,5976
72385$_$21,72385,5977
72385$_$22,72385,5978
72385$_$23,72385,5979
72385$_$1,72385,5980
72385$_$0,72385,5981
72385$_$2,72385,5982
72385$_$5,72385,5983
72385$_$4,72385,5984
72385$_$7,72385,5985
72385$_$6,72385,5986
72385$_$9,72385,5987
72385$_$8,72385,5988
72385$_$11,72385,5989
72385$_$10,72385,5990
72385$_$13,72385,5991
72385$_$12,72385,5992
72385$_$15,72385,5993
72385$_$14,72385,5994
72385$_$17,72385,5995
72385$_$16,72385,5996
72385$_$19,72385,5997
72385$_$18,72385,5998
73449$_$11,73449,6026
73449$_$10,73449,6027
73449$_$13,73449,6028
73449$_$12,73449,6029
73449$_$14,73449,6030
73449$_$1,73449,6031
73449$_$0,73449,6032
73449$_$3,73449,6033
73449$_$2,73449,6034
73449$_$5,73449,6035
73449$_$4,73449,6036
73449$_$7,73449,6037
73449$_$6,73449,6038
73449$_$9,73449,6039
73449$_$8,73449,6040
74101$_$1,74101,6041
74101$_$0,74101,6042
74101$_$3,74101,6043
74101$_$2,74101,6044
74101$_$5,74101,6045
74101$_$4,74101,6046
74101$_$7,74101,6047
74101$_$6,74101,6048
74101$_$8,74101,6049
76sN4tvbPGk$_$9,76sN4tvbPGk,6096
76sN4tvbPGk$_$8,76sN4tvbPGk,6097
76sN4tvbPGk$_$12,76sN4tvbPGk,6098
76sN4tvbPGk$_$4,76sN4tvbPGk,6099
76sN4tvbPGk$_$14,76sN4tvbPGk,6100
78577$_$11,78577,6101
78577$_$10,78577,6102
78577$_$13,78577,6103
78577$_$12,78577,6104
78577$_$1,78577,6105
78577$_$0,78577,6106
78577$_$3,78577,6107
78577$_$2,78577,6108
78577$_$5,78577,6109
78577$_$4,78577,6110
78577$_$7,78577,6111
78577$_$6,78577,6112
78577$_$9,78577,6113
78577$_$8,78577,6114
79644$_$1,79644,6116
79644$_$0,79644,6117
79644$_$3,79644,6118
79644$_$2,79644,6119
79644$_$5,79644,6120
79644$_$4,79644,6121
79935$_$11,79935,6129
79935$_$10,79935,6130
79935$_$13,79935,6131
79935$_$12,79935,6132
79935$_$15,79935,6133
79935$_$14,79935,6134
79935$_$17,79935,6135
79935$_$16,79935,6136
79935$_$19,79935,6137
79935$_$18,79935,6138
79935$_$1,79935,6139
79935$_$0,79935,6140
79935$_$3,79935,6141
79935$_$2,79935,6142
79935$_$5,79935,6143
79935$_$4,79935,6144
79935$_$7,79935,6145
79935$_$6,79935,6146
79935$_$9,79935,6147
79935$_$8,79935,6148
7R70kKqtGh0$_$1,7R70kKqtGh0,6165
7R70kKqtGh0$_$0,7R70kKqtGh0,6166
7R70kKqtGh0$_$2,7R70kKqtGh0,6167
7UlSX-syPeo$_$11,7UlSX-syPeo,6177
7UlSX-syPeo$_$13,7UlSX-syPeo,6178
7UlSX-syPeo$_$12,7UlSX-syPeo,6179
7UlSX-syPeo$_$15,7UlSX-syPeo,6180
7UlSX-syPeo$_$14,7UlSX-syPeo,6181
7UlSX-syPeo$_$17,7UlSX-syPeo,6182
7UlSX-syPeo$_$16,7UlSX-syPeo,6183
7UlSX-syPeo$_$19,7UlSX-syPeo,6184
7UlSX-syPeo$_$18,7UlSX-syPeo,6185
7UlSX-syPeo$_$22,7UlSX-syPeo,6186
7UlSX-syPeo$_$23,7UlSX-syPeo,6187
7UlSX-syPeo$_$1,7UlSX-syPeo,6188
7UlSX-syPeo$_$3,7UlSX-syPeo,6189
7UlSX-syPeo$_$2,7UlSX-syPeo,6190
7UlSX-syPeo$_$5,7UlSX-syPeo,6191
7UlSX-syPeo$_$4,7UlSX-syPeo,6192
7UlSX-syPeo$_$7,7UlSX-syPeo,6193
7UlSX-syPeo$_$6,7UlSX-syPeo,6194
7UlSX-syPeo$_$20,7UlSX-syPeo,6195
7UlSX-syPeo$_$8,7UlSX-syPeo,6196
7UlSX-syPeo$_$21,7UlSX-syPeo,6197
7eJqqvvziQo$_$1,7eJqqvvziQo,6242
7eJqqvvziQo$_$0,7eJqqvvziQo,6243
7eJqqvvziQo$_$3,7eJqqvvziQo,6244
7eJqqvvziQo$_$2,7eJqqvvziQo,6245
7eJqqvvziQo$_$5,7eJqqvvziQo,6246
7eJqqvvziQo$_$4,7eJqqvvziQo,6247
7eJqqvvziQo$_$7,7eJqqvvziQo,6248
7eJqqvvziQo$_$6,7eJqqvvziQo,6249
7ifnoHhrMtA$_$12,7ifnoHhrMtA,6265
7ifnoHhrMtA$_$15,7ifnoHhrMtA,6266
7ifnoHhrMtA$_$14,7ifnoHhrMtA,6267
7ifnoHhrMtA$_$17,7ifnoHhrMtA,6268
7ifnoHhrMtA$_$1,7ifnoHhrMtA,6269
7ifnoHhrMtA$_$4,7ifnoHhrMtA,6270
7ifnoHhrMtA$_$9,7ifnoHhrMtA,6271
7pZPQbMKGkY$_$1,7pZPQbMKGkY,6276
7pZPQbMKGkY$_$0,7pZPQbMKGkY,6277
7pZPQbMKGkY$_$2,7pZPQbMKGkY,6278
7pZPQbMKGkY$_$5,7pZPQbMKGkY,6279
7pZPQbMKGkY$_$4,7pZPQbMKGkY,6280
7pZPQbMKGkY$_$7,7pZPQbMKGkY,6281
7pZPQbMKGkY$_$6,7pZPQbMKGkY,6282
7sgAWvbLtiM$_$1,7sgAWvbLtiM,6312
7sgAWvbLtiM$_$3,7sgAWvbLtiM,6313
7sgAWvbLtiM$_$2,7sgAWvbLtiM,6314
7sgAWvbLtiM$_$5,7sgAWvbLtiM,6315
7sgAWvbLtiM$_$4,7sgAWvbLtiM,6316
7sgAWvbLtiM$_$7,7sgAWvbLtiM,6317
7sgAWvbLtiM$_$6,7sgAWvbLtiM,6318
7sgAWvbLtiM$_$8,7sgAWvbLtiM,6319
7wiaDbpiAQ8$_$1,7wiaDbpiAQ8,6321
8-Hi9NmF4rM$_$1,8-Hi9NmF4rM,6334
8-Hi9NmF4rM$_$2,8-Hi9NmF4rM,6335
80620$_$10,80620,6336
80620$_$1,80620,6337
80620$_$0,80620,6338
80620$_$3,80620,6339
80620$_$2,80620,6340
80620$_$5,80620,6341
80620$_$4,80620,6342
80620$_$7,80620,6343
80620$_$6,80620,6344
80620$_$9,80620,6345
80620$_$8,80620,6346
80914$_$1,80914,6378
80914$_$0,80914,6379
80914$_$3,80914,6380
80914$_$2,80914,6381
80914$_$5,80914,6382
80914$_$4,80914,6383
80914$_$7,80914,6384
80914$_$6,80914,6385
80914$_$8,80914,6386
81406$_$1,81406,6387
81406$_$0,81406,6388
81406$_$3,81406,6389
81406$_$2,81406,6390
81406$_$5,81406,6391
81406$_$4,81406,6392
81406$_$7,81406,6393
81406$_$6,81406,6394
81615$_$1,81615,6407
81615$_$0,81615,6408
81615$_$3,81615,6409
81615$_$2,81615,6410
81615$_$5,81615,6411
81615$_$4,81615,6412
81615$_$7,81615,6413
81615$_$6,81615,6414
83310$_$1,83310,6424
83310$_$0,83310,6425
83310$_$2,83310,6426
8404$_$11,8404,6467
8404$_$10,8404,6468
8404$_$13,8404,6469
8404$_$12,8404,6470
8404$_$1,8404,6471
8404$_$0,8404,6472
8404$_$3,8404,6473
8404$_$2,8404,6474
8404$_$5,8404,6475
8404$_$4,8404,6476
8404$_$7,8404,6477
8404$_$6,8404,6478
8404$_$9,8404,6479
8404$_$8,8404,6480
84176$_$10,84176,6505
84176$_$1,84176,6506
84176$_$0,84176,6507
84176$_$3,84176,6508
84176$_$2,84176,6509
84176$_$5,84176,6510
84176$_$4,84176,6511
84176$_$7,84176,6512
84176$_$6,84176,6513
84176$_$9,84176,6514
84176$_$8,84176,6515
87400$_$11,87400,6534
87400$_$10,87400,6535
87400$_$13,87400,6536
87400$_$12,87400,6537
87400$_$15,87400,6538
87400$_$14,87400,6539
87400$_$17,87400,6540
87400$_$16,87400,6541
87400$_$1,87400,6542
87400$_$0,87400,6543
87400$_$3,87400,6544
87400$_$2,87400,6545
87400$_$5,87400,6546
87400$_$4,87400,6547
87400$_$7,87400,6548
87400$_$6,87400,6549
87400$_$9,87400,6550
87400$_$8,87400,6551
87MsiC3E2-w$_$0,87MsiC3E2-w,6552
88797$_$11,88797,6568
88797$_$10,88797,6569
88797$_$13,88797,6570
88797$_$12,88797,6571
88797$_$1,88797,6572
88797$_$0,88797,6573
88797$_$3,88797,6574
88797$_$2,88797,6575
88797$_$5,88797,6576
88797$_$4,88797,6577
88797$_$7,88797,6578
88797$_$6,88797,6579
88797$_$9,88797,6580
88797$_$8,88797,6581
89787$_$11,89787,6615
89787$_$10,89787,6616
89787$_$12,89787,6617
89787$_$15,89787,6618
89787$_$14,89787,6619
89787$_$17,89787,6620
89787$_$16,89787,6621
89787$_$19,89787,6622
89787$_$18,89787,6623
89787$_$1,89787,6624
89787$_$0,89787,6625
89787$_$3,89787,6626
89787$_$2,89787,6627
89787$_$5,89787,6628
89787$_$4,89787,6629
89787$_$7,89787,6630
89787$_$6,89787,6631
89787$_$9,89787,6632
89787$_$20,89787,6633
89787$_$8,89787,6634
89787$_$21,89787,6635
89951$_$11,89951,6636
89951$_$10,89951,6637
89951$_$13,89951,6638
89951$_$12,89951,6639
89951$_$15,89951,6640
89951$_$14,89951,6641
89951$_$1,89951,6642
89951$_$0,89951,6643
89951$_$3,89951,6644
89951$_$2,89951,6645
89951$_$5,89951,6646
89951$_$4,89951,6647
89951$_$7,89951,6648
89951$_$6,89951,6649
89951$_$9,89951,6650
89951$_$8,89951,6651
8Lmqsakmw3M$_$20,8Lmqsakmw3M,6681
8Lmqsakmw3M$_$21,8Lmqsakmw3M,6682
8Lmqsakmw3M$_$22,8Lmqsakmw3M,6683
8Lmqsakmw3M$_$16,8Lmqsakmw3M,6684
8Lmqsakmw3M$_$19,8Lmqsakmw3M,6685
8Lmqsakmw3M$_$18,8Lmqsakmw3M,6686
8Lmqsakmw3M$_$2,8Lmqsakmw3M,6687
8Lmqsakmw3M$_$5,8Lmqsakmw3M,6688
8Lmqsakmw3M$_$4,8Lmqsakmw3M,6689
8Lmqsakmw3M$_$9,8Lmqsakmw3M,6690
8Lmqsakmw3M$_$15,8Lmqsakmw3M,6691
8M0AlvtMrv8$_$1,8M0AlvtMrv8,6692
8M0AlvtMrv8$_$0,8M0AlvtMrv8,6693
8M0AlvtMrv8$_$6,8M0AlvtMrv8,6694
8P0zm2oYDyY$_$1,8P0zm2oYDyY,6695
8P0zm2oYDyY$_$0,8P0zm2oYDyY,6696
8P0zm2oYDyY$_$3,8P0zm2oYDyY,6697
8P0zm2oYDyY$_$5,8P0zm2oYDyY,6698
8P0zm2oYDyY$_$6,8P0zm2oYDyY,6699
8UH0aPUf7sQ$_$2,8UH0aPUf7sQ,6700
8VB6pdJTpX4$_$1,8VB6pdJTpX4,6701
8VB6pdJTpX4$_$0,8VB6pdJTpX4,6702
8X5tGQLBqPo$_$11,8X5tGQLBqPo,6705
8X5tGQLBqPo$_$10,8X5tGQLBqPo,6706
8X5tGQLBqPo$_$13,8X5tGQLBqPo,6707
8X5tGQLBqPo$_$15,8X5tGQLBqPo,6708
8X5tGQLBqPo$_$14,8X5tGQLBqPo,6709
8X5tGQLBqPo$_$17,8X5tGQLBqPo,6710
8X5tGQLBqPo$_$19,8X5tGQLBqPo,6711
8X5tGQLBqPo$_$1,8X5tGQLBqPo,6712
8X5tGQLBqPo$_$5,8X5tGQLBqPo,6713
8X5tGQLBqPo$_$7,8X5tGQLBqPo,6714
8X5tGQLBqPo$_$9,8X5tGQLBqPo,6715
8X5tGQLBqPo$_$20,8X5tGQLBqPo,6716
8ovb-GaZ3QE$_$1,8ovb-GaZ3QE,6723
8ovb-GaZ3QE$_$0,8ovb-GaZ3QE,6724
8ovb-GaZ3QE$_$3,8ovb-GaZ3QE,6725
8ovb-GaZ3QE$_$2,8ovb-GaZ3QE,6726
8ovb-GaZ3QE$_$5,8ovb-GaZ3QE,6727
8ovb-GaZ3QE$_$7,8ovb-GaZ3QE,6728
8ovb-GaZ3QE$_$6,8ovb-GaZ3QE,6729
8qCNtqjygW8$_$11,8qCNtqjygW8,6730
8qCNtqjygW8$_$10,8qCNtqjygW8,6731
8qCNtqjygW8$_$13,8qCNtqjygW8,6732
8qCNtqjygW8$_$12,8qCNtqjygW8,6733
8qCNtqjygW8$_$14,8qCNtqjygW8,6734
8qCNtqjygW8$_$1,8qCNtqjygW8,6735
8qCNtqjygW8$_$0,8qCNtqjygW8,6736
8qCNtqjygW8$_$3,8qCNtqjygW8,6737
8qCNtqjygW8$_$5,8qCNtqjygW8,6738
8qCNtqjygW8$_$7,8qCNtqjygW8,6739
8qCNtqjygW8$_$6,8qCNtqjygW8,6740
8qCNtqjygW8$_$9,8qCNtqjygW8,6741
8qCNtqjygW8$_$8,8qCNtqjygW8,6742
8u5aet7s9_w$_$11,8u5aet7s9_w,6743
8u5aet7s9_w$_$13,8u5aet7s9_w,6744
8u5aet7s9_w$_$12,8u5aet7s9_w,6745
8u5aet7s9_w$_$14,8u5aet7s9_w,6746
8u5aet7s9_w$_$1,8u5aet7s9_w,6747
8u5aet7s9_w$_$0,8u5aet7s9_w,6748
8u5aet7s9_w$_$3,8u5aet7s9_w,6749
8u5aet7s9_w$_$2,8u5aet7s9_w,6750
8u5aet7s9_w$_$4,8u5aet7s9_w,6751
8u5aet7s9_w$_$8,8u5aet7s9_w,6752
8xfW_azeNPk$_$11,8xfW_azeNPk,6758
8xfW_azeNPk$_$10,8xfW_azeNPk,6759
8xfW_azeNPk$_$12,8xfW_azeNPk,6760
8xfW_azeNPk$_$15,8xfW_azeNPk,6761
8xfW_azeNPk$_$14,8xfW_azeNPk,6762
8xfW_azeNPk$_$16,8xfW_azeNPk,6763
8xfW_azeNPk$_$1,8xfW_azeNPk,6764
8xfW_azeNPk$_$0,8xfW_azeNPk,6765
8xfW_azeNPk$_$3,8xfW_azeNPk,6766
8xfW_azeNPk$_$2,8xfW_azeNPk,6767
8xfW_azeNPk$_$5,8xfW_azeNPk,6768
8xfW_azeNPk$_$4,8xfW_azeNPk,6769
8xfW_azeNPk$_$7,8xfW_azeNPk,6770
8xfW_azeNPk$_$6,8xfW_azeNPk,6771
8xfW_azeNPk$_$9,8xfW_azeNPk,6772
8xfW_azeNPk$_$8,8xfW_azeNPk,6773
9-K1CXCXui4$_$11,9-K1CXCXui4,6787
9-K1CXCXui4$_$10,9-K1CXCXui4,6788
9-K1CXCXui4$_$13,9-K1CXCXui4,6789
9-K1CXCXui4$_$12,9-K1CXCXui4,6790
9-K1CXCXui4$_$15,9-K1CXCXui4,6791
9-K1CXCXui4$_$14,9-K1CXCXui4,6792
9-K1CXCXui4$_$16,9-K1CXCXui4,6793
9-K1CXCXui4$_$1,9-K1CXCXui4,6794
9-K1CXCXui4$_$0,9-K1CXCXui4,6795
9-K1CXCXui4$_$3,9-K1CXCXui4,6796
9-K1CXCXui4$_$2,9-K1CXCXui4,6797
9-K1CXCXui4$_$5,9-K1CXCXui4,6798
9-K1CXCXui4$_$4,9-K1CXCXui4,6799
9-K1CXCXui4$_$7,9-K1CXCXui4,6800
9-K1CXCXui4$_$6,9-K1CXCXui4,6801
9-K1CXCXui4$_$9,9-K1CXCXui4,6802
9-K1CXCXui4$_$8,9-K1CXCXui4,6803
91276$_$11,91276,6829
91276$_$10,91276,6830
91276$_$12,91276,6831
91276$_$1,91276,6832
91276$_$0,91276,6833
91276$_$3,91276,6834
91276$_$2,91276,6835
91276$_$5,91276,6836
91276$_$4,91276,6837
91276$_$7,91276,6838
91276$_$6,91276,6839
91276$_$9,91276,6840
91276$_$8,91276,6841
92tWNUhG9DY$_$0,92tWNUhG9DY,6909
92tWNUhG9DY$_$3,92tWNUhG9DY,6910
92tWNUhG9DY$_$2,92tWNUhG9DY,6911
92tWNUhG9DY$_$5,92tWNUhG9DY,6912
92tWNUhG9DY$_$4,92tWNUhG9DY,6913
92tWNUhG9DY$_$7,92tWNUhG9DY,6914
92tWNUhG9DY$_$6,92tWNUhG9DY,6915
94ULum9MYX0$_$11,94ULum9MYX0,6973
94ULum9MYX0$_$10,94ULum9MYX0,6974
94ULum9MYX0$_$0,94ULum9MYX0,6975
94ULum9MYX0$_$2,94ULum9MYX0,6976
94ULum9MYX0$_$4,94ULum9MYX0,6977
96194$_$11,96194,7012
96194$_$10,96194,7013
96194$_$13,96194,7014
96194$_$12,96194,7015
96194$_$14,96194,7016
96194$_$1,96194,7017
96194$_$0,96194,7018
96194$_$3,96194,7019
96194$_$2,96194,7020
96194$_$5,96194,7021
96194$_$4,96194,7022
96194$_$7,96194,7023
96194$_$6,96194,7024
96194$_$9,96194,7025
96194$_$8,96194,7026
96361$_$11,96361,7042
96361$_$10,96361,7043
96361$_$13,96361,7044
96361$_$12,96361,7045
96361$_$15,96361,7046
96361$_$14,96361,7047
96361$_$17,96361,7048
96361$_$16,96361,7049
96361$_$1,96361,7050
96361$_$0,96361,7051
96361$_$3,96361,7052
96361$_$2,96361,7053
96361$_$5,96361,7054
96361$_$4,96361,7055
96361$_$7,96361,7056
96361$_$6,96361,7057
96361$_$9,96361,7058
96361$_$8,96361,7059
97992$_$10,97992,7100
97992$_$1,97992,7101
97992$_$0,97992,7102
97992$_$3,97992,7103
97992$_$2,97992,7104
97992$_$5,97992,7105
97992$_$4,97992,7106
97992$_$7,97992,7107
97992$_$6,97992,7108
97992$_$9,97992,7109
97992$_$8,97992,7110
9JqwFRCTKOM$_$8,9JqwFRCTKOM,7146
9Jyr5laC8mg$_$3,9Jyr5laC8mg,7147
9K5mYSaoBL4$_$1,9K5mYSaoBL4,7150
9K5mYSaoBL4$_$2,9K5mYSaoBL4,7151
9K5mYSaoBL4$_$5,9K5mYSaoBL4,7152
9K5mYSaoBL4$_$4,9K5mYSaoBL4,7153
9K5mYSaoBL4$_$7,9K5mYSaoBL4,7154
9K5mYSaoBL4$_$6,9K5mYSaoBL4,7155
9K5mYSaoBL4$_$9,9K5mYSaoBL4,7156
9K5mYSaoBL4$_$8,9K5mYSaoBL4,7157
9bAgEmihzLs$_$1,9bAgEmihzLs,7170
9bAgEmihzLs$_$0,9bAgEmihzLs,7171
9bAgEmihzLs$_$2,9bAgEmihzLs,7172
9bAgEmihzLs$_$4,9bAgEmihzLs,7173
9cxlcpbmrH0$_$11,9cxlcpbmrH0,7189
9cxlcpbmrH0$_$13,9cxlcpbmrH0,7190
9cxlcpbmrH0$_$12,9cxlcpbmrH0,7191
9cxlcpbmrH0$_$14,9cxlcpbmrH0,7192
9cxlcpbmrH0$_$16,9cxlcpbmrH0,7193
9cxlcpbmrH0$_$1,9cxlcpbmrH0,7194
9cxlcpbmrH0$_$0,9cxlcpbmrH0,7195
9cxlcpbmrH0$_$3,9cxlcpbmrH0,7196
9cxlcpbmrH0$_$2,9cxlcpbmrH0,7197
9cxlcpbmrH0$_$5,9cxlcpbmrH0,7198
9cxlcpbmrH0$_$7,9cxlcpbmrH0,7199
9cxlcpbmrH0$_$6,9cxlcpbmrH0,7200
9dFEGb_RfwE$_$11,9dFEGb_RfwE,7201
9pdyTplXwM4$_$11,9pdyTplXwM4,7206
9pdyTplXwM4$_$0,9pdyTplXwM4,7207
9pdyTplXwM4$_$2,9pdyTplXwM4,7208
9pdyTplXwM4$_$5,9pdyTplXwM4,7209
9pdyTplXwM4$_$4,9pdyTplXwM4,7210
9pdyTplXwM4$_$6,9pdyTplXwM4,7211
9pdyTplXwM4$_$9,9pdyTplXwM4,7212
9sAoeFTKILY$_$3,9sAoeFTKILY,7223
9tX18DNC74w$_$9,9tX18DNC74w,7224
9tX18DNC74w$_$11,9tX18DNC74w,7225
9tX18DNC74w$_$2,9tX18DNC74w,7226
9tX18DNC74w$_$4,9tX18DNC74w,7227
9tX18DNC74w$_$0,9tX18DNC74w,7228
9zBj8VkRBpE$_$1,9zBj8VkRBpE,7229
9zBj8VkRBpE$_$0,9zBj8VkRBpE,7230
9zBj8VkRBpE$_$3,9zBj8VkRBpE,7231
9zBj8VkRBpE$_$5,9zBj8VkRBpE,7232
9zBj8VkRBpE$_$4,9zBj8VkRBpE,7233
A4dzxgHDhF0$_$1,A4dzxgHDhF0,7249
A6R6J8SJtBc$_$1,A6R6J8SJtBc,7250
A6R6J8SJtBc$_$0,A6R6J8SJtBc,7251
A6R6J8SJtBc$_$2,A6R6J8SJtBc,7252
A8c7q_P4jQg$_$9,A8c7q_P4jQg,7253
A8c7q_P4jQg$_$8,A8c7q_P4jQg,7254
A8c7q_P4jQg$_$5,A8c7q_P4jQg,7255
A8plGi4rbxM$_$1,A8plGi4rbxM,7256
A8plGi4rbxM$_$0,A8plGi4rbxM,7257
A8plGi4rbxM$_$3,A8plGi4rbxM,7258
A8plGi4rbxM$_$5,A8plGi4rbxM,7259
A8plGi4rbxM$_$4,A8plGi4rbxM,7260
A8plGi4rbxM$_$8,A8plGi4rbxM,7261
ABSC1JNdpTw$_$9,ABSC1JNdpTw,7262
ABSC1JNdpTw$_$11,ABSC1JNdpTw,7263
ABSC1JNdpTw$_$2,ABSC1JNdpTw,7264
ABSC1JNdpTw$_$5,ABSC1JNdpTw,7265
ABSC1JNdpTw$_$7,ABSC1JNdpTw,7266
ACOlIiRdDyE$_$5,ACOlIiRdDyE,7267
AGFgaKPzjMQ$_$10,AGFgaKPzjMQ,7276
AGFgaKPzjMQ$_$1,AGFgaKPzjMQ,7277
AGFgaKPzjMQ$_$3,AGFgaKPzjMQ,7278
AGFgaKPzjMQ$_$2,AGFgaKPzjMQ,7279
AGFgaKPzjMQ$_$5,AGFgaKPzjMQ,7280
AGFgaKPzjMQ$_$7,AGFgaKPzjMQ,7281
AGFgaKPzjMQ$_$8,AGFgaKPzjMQ,7282
AHU3PUztC_M$_$4,AHU3PUztC_M,7284
APYv5s4ucd0$_$9,APYv5s4ucd0,7296
APYv5s4ucd0$_$3,APYv5s4ucd0,7297
APYv5s4ucd0$_$6,APYv5s4ucd0,7298
ATfnMuJJDkk$_$11,ATfnMuJJDkk,7305
ATfnMuJJDkk$_$10,ATfnMuJJDkk,7306
ATfnMuJJDkk$_$12,ATfnMuJJDkk,7307
ATfnMuJJDkk$_$1,ATfnMuJJDkk,7308
ATfnMuJJDkk$_$3,ATfnMuJJDkk,7309
ATfnMuJJDkk$_$2,ATfnMuJJDkk,7310
ATfnMuJJDkk$_$7,ATfnMuJJDkk,7311
ATfnMuJJDkk$_$9,ATfnMuJJDkk,7312
ATfnMuJJDkk$_$8,ATfnMuJJDkk,7313
AepwIhSbAws$_$0,AepwIhSbAws,7321
AepwIhSbAws$_$3,AepwIhSbAws,7322
AepwIhSbAws$_$2,AepwIhSbAws,7323
AepwIhSbAws$_$4,AepwIhSbAws,7324
AepwIhSbAws$_$7,AepwIhSbAws,7325
AggyS1coOb8$_$1,AggyS1coOb8,7326
AggyS1coOb8$_$0,AggyS1coOb8,7327
AggyS1coOb8$_$2,AggyS1coOb8,7328
AlmUwZgY6bs$_$3,AlmUwZgY6bs,7331
AlmUwZgY6bs$_$6,AlmUwZgY6bs,7332
AsrhHuCfvF4$_$1,AsrhHuCfvF4,7342
AsrhHuCfvF4$_$0,AsrhHuCfvF4,7343
AsrhHuCfvF4$_$5,AsrhHuCfvF4,7344
AuPCZlKBzq8$_$9,AuPCZlKBzq8,7345
AuPCZlKBzq8$_$11,AuPCZlKBzq8,7346
AuPCZlKBzq8$_$1,AuPCZlKBzq8,7347
AuPCZlKBzq8$_$10,AuPCZlKBzq8,7348
AuPCZlKBzq8$_$6,AuPCZlKBzq8,7349
Az3e1Opu0LE$_$1,Az3e1Opu0LE,7350
Az3e1Opu0LE$_$3,Az3e1Opu0LE,7351
Az3e1Opu0LE$_$2,Az3e1Opu0LE,7352
Az3e1Opu0LE$_$5,Az3e1Opu0LE,7353
Az3e1Opu0LE$_$4,Az3e1Opu0LE,7354
Az3e1Opu0LE$_$7,Az3e1Opu0LE,7355
Az3e1Opu0LE$_$6,Az3e1Opu0LE,7356
B1PzCwfgXyU$_$4,B1PzCwfgXyU,7376
B1PzCwfgXyU$_$6,B1PzCwfgXyU,7377
BAi3ZJo5Vwg$_$11,BAi3ZJo5Vwg,7378
BAi3ZJo5Vwg$_$2,BAi3ZJo5Vwg,7379
BAi3ZJo5Vwg$_$4,BAi3ZJo5Vwg,7380
BAi3ZJo5Vwg$_$7,BAi3ZJo5Vwg,7381
BAi3ZJo5Vwg$_$6,BAi3ZJo5Vwg,7382
BBoe8-HWPSw$_$15,BBoe8-HWPSw,7389
BBoe8-HWPSw$_$16,BBoe8-HWPSw,7390
BBoe8-HWPSw$_$1,BBoe8-HWPSw,7391
BBoe8-HWPSw$_$0,BBoe8-HWPSw,7392
BBoe8-HWPSw$_$3,BBoe8-HWPSw,7393
BBoe8-HWPSw$_$2,BBoe8-HWPSw,7394
BBoe8-HWPSw$_$4,BBoe8-HWPSw,7395
BBoe8-HWPSw$_$7,BBoe8-HWPSw,7396
BDCFV4EqHjY$_$1,BDCFV4EqHjY,7397
BDCFV4EqHjY$_$2,BDCFV4EqHjY,7398
BXqnWuDA3H4$_$0,BXqnWuDA3H4,7442
BXqnWuDA3H4$_$4,BXqnWuDA3H4,7443
BXqnWuDA3H4$_$6,BXqnWuDA3H4,7444
Bf5owLv3X98$_$9,Bf5owLv3X98,7468
Bf5owLv3X98$_$8,Bf5owLv3X98,7469
Bf5owLv3X98$_$3,Bf5owLv3X98,7470
Bf5owLv3X98$_$5,Bf5owLv3X98,7471
Bf5owLv3X98$_$4,Bf5owLv3X98,7472
Bg-PA5KTjNs$_$10,Bg-PA5KTjNs,7473
Bg-PA5KTjNs$_$1,Bg-PA5KTjNs,7474
Bg-PA5KTjNs$_$0,Bg-PA5KTjNs,7475
Bg-PA5KTjNs$_$3,Bg-PA5KTjNs,7476
Bg-PA5KTjNs$_$2,Bg-PA5KTjNs,7477
Bg-PA5KTjNs$_$5,Bg-PA5KTjNs,7478
Bg-PA5KTjNs$_$4,Bg-PA5KTjNs,7479
Bg-PA5KTjNs$_$7,Bg-PA5KTjNs,7480
Bg-PA5KTjNs$_$6,Bg-PA5KTjNs,7481
Bg-PA5KTjNs$_$8,Bg-PA5KTjNs,7482
BmDybDBTe7o$_$1,BmDybDBTe7o,7483
BmDybDBTe7o$_$3,BmDybDBTe7o,7484
BmDybDBTe7o$_$5,BmDybDBTe7o,7485
BmDybDBTe7o$_$4,BmDybDBTe7o,7486
BmDybDBTe7o$_$7,BmDybDBTe7o,7487
BmDybDBTe7o$_$6,BmDybDBTe7o,7488
BuPhjBayua8$_$1,BuPhjBayua8,7501
BuPhjBayua8$_$0,BuPhjBayua8,7502
BuPhjBayua8$_$7,BuPhjBayua8,7503
BuPhjBayua8$_$6,BuPhjBayua8,7504
C-UUQju3bXo$_$19,C-UUQju3bXo,7506
C-UUQju3bXo$_$8,C-UUQju3bXo,7507
C03473pYcRM$_$11,C03473pYcRM,7508
C03473pYcRM$_$20,C03473pYcRM,7509
C03473pYcRM$_$16,C03473pYcRM,7510
C03473pYcRM$_$1,C03473pYcRM,7511
C03473pYcRM$_$3,C03473pYcRM,7512
C03473pYcRM$_$2,C03473pYcRM,7513
C03473pYcRM$_$5,C03473pYcRM,7514
C03473pYcRM$_$7,C03473pYcRM,7515
C03473pYcRM$_$6,C03473pYcRM,7516
C03473pYcRM$_$9,C03473pYcRM,7517
C8Fhlk-eczU$_$0,C8Fhlk-eczU,7530
C8Fhlk-eczU$_$2,C8Fhlk-eczU,7531
C8Fhlk-eczU$_$5,C8Fhlk-eczU,7532
C8Fhlk-eczU$_$6,C8Fhlk-eczU,7533
CBYQDIqucxE$_$0,CBYQDIqucxE,7534
CBYQDIqucxE$_$2,CBYQDIqucxE,7535
CHh6hWo1AFE$_$1,CHh6hWo1AFE,7544
CHh6hWo1AFE$_$0,CHh6hWo1AFE,7545
CHh6hWo1AFE$_$3,CHh6hWo1AFE,7546
CHh6hWo1AFE$_$2,CHh6hWo1AFE,7547
CHh6hWo1AFE$_$4,CHh6hWo1AFE,7548
CHh6hWo1AFE$_$7,CHh6hWo1AFE,7549
CHh6hWo1AFE$_$6,CHh6hWo1AFE,7550
CHh6hWo1AFE$_$8,CHh6hWo1AFE,7551
CL4hDu95Eqw$_$0,CL4hDu95Eqw,7562
CL4hDu95Eqw$_$3,CL4hDu95Eqw,7563
CL4hDu95Eqw$_$2,CL4hDu95Eqw,7564
CL4hDu95Eqw$_$4,CL4hDu95Eqw,7565
CL4hDu95Eqw$_$7,CL4hDu95Eqw,7566
CL4hDu95Eqw$_$9,CL4hDu95Eqw,7567
CLkTjujFVKU$_$12,CLkTjujFVKU,7568
CLkTjujFVKU$_$1,CLkTjujFVKU,7569
CLkTjujFVKU$_$0,CLkTjujFVKU,7570
CLkTjujFVKU$_$4,CLkTjujFVKU,7571
CLkTjujFVKU$_$6,CLkTjujFVKU,7572
CLkTjujFVKU$_$8,CLkTjujFVKU,7573
CZVmxwrWv34$_$1,CZVmxwrWv34,7594
CZVmxwrWv34$_$2,CZVmxwrWv34,7595
CZVmxwrWv34$_$5,CZVmxwrWv34,7596
CZVmxwrWv34$_$4,CZVmxwrWv34,7597
Cb8ay6WtJuM$_$10,Cb8ay6WtJuM,7613
Cb8ay6WtJuM$_$12,Cb8ay6WtJuM,7614
Cb8ay6WtJuM$_$1,Cb8ay6WtJuM,7615
Cb8ay6WtJuM$_$3,Cb8ay6WtJuM,7616
Cb8ay6WtJuM$_$2,Cb8ay6WtJuM,7617
Cb8ay6WtJuM$_$5,Cb8ay6WtJuM,7618
Cb8ay6WtJuM$_$4,Cb8ay6WtJuM,7619
Cb8ay6WtJuM$_$7,Cb8ay6WtJuM,7620
Cb8ay6WtJuM$_$6,Cb8ay6WtJuM,7621
Cb8ay6WtJuM$_$9,Cb8ay6WtJuM,7622
Ceu9AkIjuLY$_$13,Ceu9AkIjuLY,7643
Ceu9AkIjuLY$_$15,Ceu9AkIjuLY,7644
Ceu9AkIjuLY$_$14,Ceu9AkIjuLY,7645
Ceu9AkIjuLY$_$1,Ceu9AkIjuLY,7646
Ceu9AkIjuLY$_$2,Ceu9AkIjuLY,7647
Ceu9AkIjuLY$_$4,Ceu9AkIjuLY,7648
Ceu9AkIjuLY$_$7,Ceu9AkIjuLY,7649
Ceu9AkIjuLY$_$6,Ceu9AkIjuLY,7650
Ceu9AkIjuLY$_$9,Ceu9AkIjuLY,7651
Ceu9AkIjuLY$_$8,Ceu9AkIjuLY,7652
Cj7R36s4dbM$_$11,Cj7R36s4dbM,7658
Cj7R36s4dbM$_$10,Cj7R36s4dbM,7659
Cj7R36s4dbM$_$13,Cj7R36s4dbM,7660
Cj7R36s4dbM$_$12,Cj7R36s4dbM,7661
Cj7R36s4dbM$_$14,Cj7R36s4dbM,7662
Cj7R36s4dbM$_$0,Cj7R36s4dbM,7663
Cj7R36s4dbM$_$4,Cj7R36s4dbM,7664
Cj7R36s4dbM$_$6,Cj7R36s4dbM,7665
CuF-UOcAFG8$_$0,CuF-UOcAFG8,7677
CuF-UOcAFG8$_$3,CuF-UOcAFG8,7678
CuF-UOcAFG8$_$2,CuF-UOcAFG8,7679
CvW0Mh1EWFA$_$12,CvW0Mh1EWFA,7683
CvW0Mh1EWFA$_$0,CvW0Mh1EWFA,7684
CvW0Mh1EWFA$_$3,CvW0Mh1EWFA,7685
CvW0Mh1EWFA$_$2,CvW0Mh1EWFA,7686
CvW0Mh1EWFA$_$4,CvW0Mh1EWFA,7687
CvW0Mh1EWFA$_$7,CvW0Mh1EWFA,7688
CvW0Mh1EWFA$_$6,CvW0Mh1EWFA,7689
CvW0Mh1EWFA$_$9,CvW0Mh1EWFA,7690
CzstrpOTtgo$_$10,CzstrpOTtgo,7691
CzstrpOTtgo$_$0,CzstrpOTtgo,7692
CzstrpOTtgo$_$3,CzstrpOTtgo,7693
CzstrpOTtgo$_$2,CzstrpOTtgo,7694
CzstrpOTtgo$_$4,CzstrpOTtgo,7695
CzstrpOTtgo$_$8,CzstrpOTtgo,7696
D1I-Z8jaby8$_$8,D1I-Z8jaby8,7703
D1I-Z8jaby8$_$7,D1I-Z8jaby8,7704
D5cQWqYcBAE$_$0,D5cQWqYcBAE,7705
D5cQWqYcBAE$_$2,D5cQWqYcBAE,7706
D5cQWqYcBAE$_$4,D5cQWqYcBAE,7707
DGeBPk1op3E$_$1,DGeBPk1op3E,7716
DGeBPk1op3E$_$0,DGeBPk1op3E,7717
DGeBPk1op3E$_$3,DGeBPk1op3E,7718
DGeBPk1op3E$_$2,DGeBPk1op3E,7719
DGeBPk1op3E$_$5,DGeBPk1op3E,7720
DGeBPk1op3E$_$4,DGeBPk1op3E,7721
DGeBPk1op3E$_$7,DGeBPk1op3E,7722
DGeBPk1op3E$_$6,DGeBPk1op3E,7723
DQ7QKE3hzVg$_$1,DQ7QKE3hzVg,7725
DQ7QKE3hzVg$_$3,DQ7QKE3hzVg,7726
DQ7QKE3hzVg$_$2,DQ7QKE3hzVg,7727
DR9Hhpy8aA8$_$0,DR9Hhpy8aA8,7728
DR9Hhpy8aA8$_$3,DR9Hhpy8aA8,7729
DR9Hhpy8aA8$_$7,DR9Hhpy8aA8,7730
DVvJoMt9o80$_$2,DVvJoMt9o80,7731
DVvJoMt9o80$_$4,DVvJoMt9o80,7732
DZBpdzrMelA$_$3,DZBpdzrMelA,7739
DZBpdzrMelA$_$2,DZBpdzrMelA,7740
DZBpdzrMelA$_$5,DZBpdzrMelA,7741
DZIFCYOhosQ$_$11,DZIFCYOhosQ,7742
DZIFCYOhosQ$_$13,DZIFCYOhosQ,7743
DZIFCYOhosQ$_$12,DZIFCYOhosQ,7744
DZIFCYOhosQ$_$19,DZIFCYOhosQ,7745
DZIFCYOhosQ$_$1,DZIFCYOhosQ,7746
DZIFCYOhosQ$_$3,DZIFCYOhosQ,7747
DZIFCYOhosQ$_$5,DZIFCYOhosQ,7748
DZIFCYOhosQ$_$7,DZIFCYOhosQ,7749
DZIFCYOhosQ$_$6,DZIFCYOhosQ,7750
DZIFCYOhosQ$_$9,DZIFCYOhosQ,7751
DatH-ra0VKY$_$11,DatH-ra0VKY,7755
DatH-ra0VKY$_$13,DatH-ra0VKY,7756
DatH-ra0VKY$_$12,DatH-ra0VKY,7757
DatH-ra0VKY$_$16,DatH-ra0VKY,7758
DatH-ra0VKY$_$1,DatH-ra0VKY,7759
DatH-ra0VKY$_$3,DatH-ra0VKY,7760
DatH-ra0VKY$_$2,DatH-ra0VKY,7761
DatH-ra0VKY$_$4,DatH-ra0VKY,7762
DatH-ra0VKY$_$9,DatH-ra0VKY,7763
DatH-ra0VKY$_$8,DatH-ra0VKY,7764
DbAppk7xT0Y$_$1,DbAppk7xT0Y,7765
DbAppk7xT0Y$_$0,DbAppk7xT0Y,7766
DbAppk7xT0Y$_$2,DbAppk7xT0Y,7767
DbAppk7xT0Y$_$5,DbAppk7xT0Y,7768
DbAppk7xT0Y$_$7,DbAppk7xT0Y,7769
DbAppk7xT0Y$_$6,DbAppk7xT0Y,7770
DbAppk7xT0Y$_$8,DbAppk7xT0Y,7771
DhXBaBOB4E8$_$5,DhXBaBOB4E8,7782
Dnhxm6sHQpc$_$11,Dnhxm6sHQpc,7789
Dnhxm6sHQpc$_$1,Dnhxm6sHQpc,7790
Dnhxm6sHQpc$_$5,Dnhxm6sHQpc,7791
Dnhxm6sHQpc$_$4,Dnhxm6sHQpc,7792
Dnhxm6sHQpc$_$6,Dnhxm6sHQpc,7793
Dq7V30WhOJQ$_$1,Dq7V30WhOJQ,7794
Dq7V30WhOJQ$_$7,Dq7V30WhOJQ,7795
Drhrzj1yhVs$_$8,Drhrzj1yhVs,7796
Drhrzj1yhVs$_$5,Drhrzj1yhVs,7797
Drhrzj1yhVs$_$4,Drhrzj1yhVs,7798
Drhrzj1yhVs$_$7,Drhrzj1yhVs,7799
Dws8ZrzF7xQ$_$1,Dws8ZrzF7xQ,7804
Dws8ZrzF7xQ$_$5,Dws8ZrzF7xQ,7805
Dws8ZrzF7xQ$_$4,Dws8ZrzF7xQ,7806
Dws8ZrzF7xQ$_$7,Dws8ZrzF7xQ,7807
Dws8ZrzF7xQ$_$6,Dws8ZrzF7xQ,7808
Dws8ZrzF7xQ$_$8,Dws8ZrzF7xQ,7809
E05bA058vts$_$8,E05bA058vts,7810
E0g6nae4Ae4$_$24,E0g6nae4Ae4,7811
E0g6nae4Ae4$_$25,E0g6nae4Ae4,7812
E0g6nae4Ae4$_$26,E0g6nae4Ae4,7813
E0g6nae4Ae4$_$27,E0g6nae4Ae4,7814
E0g6nae4Ae4$_$20,E0g6nae4Ae4,7815
E0g6nae4Ae4$_$21,E0g6nae4Ae4,7816
E0g6nae4Ae4$_$22,E0g6nae4Ae4,7817
E0g6nae4Ae4$_$23,E0g6nae4Ae4,7818
E0g6nae4Ae4$_$28,E0g6nae4Ae4,7819
E0g6nae4Ae4$_$29,E0g6nae4Ae4,7820
E0g6nae4Ae4$_$1,E0g6nae4Ae4,7821
E0g6nae4Ae4$_$0,E0g6nae4Ae4,7822
E0g6nae4Ae4$_$3,E0g6nae4Ae4,7823
E0g6nae4Ae4$_$2,E0g6nae4Ae4,7824
E0g6nae4Ae4$_$5,E0g6nae4Ae4,7825
E0g6nae4Ae4$_$4,E0g6nae4Ae4,7826
E0g6nae4Ae4$_$7,E0g6nae4Ae4,7827
E0g6nae4Ae4$_$6,E0g6nae4Ae4,7828
E0g6nae4Ae4$_$9,E0g6nae4Ae4,7829
E0g6nae4Ae4$_$8,E0g6nae4Ae4,7830
E0g6nae4Ae4$_$11,E0g6nae4Ae4,7831
E0g6nae4Ae4$_$10,E0g6nae4Ae4,7832
E0g6nae4Ae4$_$13,E0g6nae4Ae4,7833
E0g6nae4Ae4$_$12,E0g6nae4Ae4,7834
E0g6nae4Ae4$_$15,E0g6nae4Ae4,7835
E0g6nae4Ae4$_$14,E0g6nae4Ae4,7836
E0g6nae4Ae4$_$17,E0g6nae4Ae4,7837
E0g6nae4Ae4$_$16,E0g6nae4Ae4,7838
E0g6nae4Ae4$_$19,E0g6nae4Ae4,7839
E0g6nae4Ae4$_$18,E0g6nae4Ae4,7840
E0g6nae4Ae4$_$33,E0g6nae4Ae4,7841
EK2bnbzmJs4$_$3,EK2bnbzmJs4,7866
EK2bnbzmJs4$_$2,EK2bnbzmJs4,7867
ELtbrO8FbuI$_$4,ELtbrO8FbuI,7868
E_ocLuUw-1I$_$1,E_ocLuUw-1I,7896
E_ocLuUw-1I$_$0,E_ocLuUw-1I,7897
E_ocLuUw-1I$_$3,E_ocLuUw-1I,7898
E_ocLuUw-1I$_$2,E_ocLuUw-1I,7899
E_ocLuUw-1I$_$4,E_ocLuUw-1I,7900
F2M7WbPXRps$_$11,F2M7WbPXRps,7959
F2M7WbPXRps$_$8,F2M7WbPXRps,7960
F2M7WbPXRps$_$12,F2M7WbPXRps,7961
F2M7WbPXRps$_$6,F2M7WbPXRps,7962
F59hwsm4Ld0$_$42,F59hwsm4Ld0,7970
F59hwsm4Ld0$_$43,F59hwsm4Ld0,7971
F59hwsm4Ld0$_$23,F59hwsm4Ld0,7972
F59hwsm4Ld0$_$24,F59hwsm4Ld0,7973
F59hwsm4Ld0$_$25,F59hwsm4Ld0,7974
F59hwsm4Ld0$_$26,F59hwsm4Ld0,7975
F59hwsm4Ld0$_$20,F59hwsm4Ld0,7976
F59hwsm4Ld0$_$21,F59hwsm4Ld0,7977
F59hwsm4Ld0$_$22,F59hwsm4Ld0,7978
F59hwsm4Ld0$_$49,F59hwsm4Ld0,7979
F59hwsm4Ld0$_$46,F59hwsm4Ld0,7980
F59hwsm4Ld0$_$47,F59hwsm4Ld0,7981
F59hwsm4Ld0$_$44,F59hwsm4Ld0,7982
F59hwsm4Ld0$_$45,F59hwsm4Ld0,7983
F59hwsm4Ld0$_$28,F59hwsm4Ld0,7984
F59hwsm4Ld0$_$29,F59hwsm4Ld0,7985
F59hwsm4Ld0$_$40,F59hwsm4Ld0,7986
F59hwsm4Ld0$_$41,F59hwsm4Ld0,7987
F59hwsm4Ld0$_$1,F59hwsm4Ld0,7988
F59hwsm4Ld0$_$0,F59hwsm4Ld0,7989
F59hwsm4Ld0$_$3,F59hwsm4Ld0,7990
F59hwsm4Ld0$_$2,F59hwsm4Ld0,7991
F59hwsm4Ld0$_$5,F59hwsm4Ld0,7992
F59hwsm4Ld0$_$4,F59hwsm4Ld0,7993
F59hwsm4Ld0$_$7,F59hwsm4Ld0,7994
F59hwsm4Ld0$_$6,F59hwsm4Ld0,7995
F59hwsm4Ld0$_$9,F59hwsm4Ld0,7996
F59hwsm4Ld0$_$8,F59hwsm4Ld0,7997
F59hwsm4Ld0$_$11,F59hwsm4Ld0,7998
F59hwsm4Ld0$_$10,F59hwsm4Ld0,7999
F59hwsm4Ld0$_$13,F59hwsm4Ld0,8000
F59hwsm4Ld0$_$15,F59hwsm4Ld0,8001
F59hwsm4Ld0$_$14,F59hwsm4Ld0,8002
F59hwsm4Ld0$_$17,F59hwsm4Ld0,8003
F59hwsm4Ld0$_$16,F59hwsm4Ld0,8004
F59hwsm4Ld0$_$19,F59hwsm4Ld0,8005
F59hwsm4Ld0$_$18,F59hwsm4Ld0,8006
F59hwsm4Ld0$_$31,F59hwsm4Ld0,8007
F59hwsm4Ld0$_$30,F59hwsm4Ld0,8008
F59hwsm4Ld0$_$37,F59hwsm4Ld0,8009
F59hwsm4Ld0$_$36,F59hwsm4Ld0,8010
F59hwsm4Ld0$_$35,F59hwsm4Ld0,8011
F59hwsm4Ld0$_$34,F59hwsm4Ld0,8012
F59hwsm4Ld0$_$33,F59hwsm4Ld0,8013
F59hwsm4Ld0$_$32,F59hwsm4Ld0,8014
F59hwsm4Ld0$_$50,F59hwsm4Ld0,8015
F6Ci45lP5aA$_$0,F6Ci45lP5aA,8027
F6Ci45lP5aA$_$12,F6Ci45lP5aA,8028
F6Ci45lP5aA$_$6,F6Ci45lP5aA,8029
F8KE2ZhoUe4$_$25,F8KE2ZhoUe4,8030
F8KE2ZhoUe4$_$13,F8KE2ZhoUe4,8031
F8KE2ZhoUe4$_$12,F8KE2ZhoUe4,8032
F8KE2ZhoUe4$_$15,F8KE2ZhoUe4,8033
F8KE2ZhoUe4$_$21,F8KE2ZhoUe4,8034
F8KE2ZhoUe4$_$16,F8KE2ZhoUe4,8035
F8KE2ZhoUe4$_$19,F8KE2ZhoUe4,8036
F8KE2ZhoUe4$_$3,F8KE2ZhoUe4,8037
F8KE2ZhoUe4$_$2,F8KE2ZhoUe4,8038
F8KE2ZhoUe4$_$5,F8KE2ZhoUe4,8039
F8KE2ZhoUe4$_$4,F8KE2ZhoUe4,8040
F8KE2ZhoUe4$_$6,F8KE2ZhoUe4,8041
F8KE2ZhoUe4$_$20,F8KE2ZhoUe4,8042
F8KE2ZhoUe4$_$8,F8KE2ZhoUe4,8043
F9NruwaEmA8$_$3,F9NruwaEmA8,8044
F9NruwaEmA8$_$2,F9NruwaEmA8,8045
FJgO-FICHlA$_$4,FJgO-FICHlA,8058
FJgO-FICHlA$_$6,FJgO-FICHlA,8059
FMif4HMBZjo$_$1,FMif4HMBZjo,8071
FNbULlE9RKg$_$0,FNbULlE9RKg,8072
FNbULlE9RKg$_$2,FNbULlE9RKg,8073
FNbULlE9RKg$_$4,FNbULlE9RKg,8074
FNbULlE9RKg$_$6,FNbULlE9RKg,8075
FR0B64ID-hA$_$5,FR0B64ID-hA,8082
FR0B64ID-hA$_$6,FR0B64ID-hA,8083
FRKwvmrwrZA$_$24,FRKwvmrwrZA,8084
FRKwvmrwrZA$_$25,FRKwvmrwrZA,8085
FRKwvmrwrZA$_$26,FRKwvmrwrZA,8086
FRKwvmrwrZA$_$14,FRKwvmrwrZA,8087
FRKwvmrwrZA$_$22,FRKwvmrwrZA,8088
FRKwvmrwrZA$_$16,FRKwvmrwrZA,8089
FRKwvmrwrZA$_$19,FRKwvmrwrZA,8090
FRKwvmrwrZA$_$13,FRKwvmrwrZA,8091
FRKwvmrwrZA$_$1,FRKwvmrwrZA,8092
FRKwvmrwrZA$_$5,FRKwvmrwrZA,8093
FRKwvmrwrZA$_$7,FRKwvmrwrZA,8094
FRKwvmrwrZA$_$9,FRKwvmrwrZA,8095
FSGL5K2EEdo$_$0,FSGL5K2EEdo,8096
FSGL5K2EEdo$_$2,FSGL5K2EEdo,8097
FWBCTZiijEM$_$1,FWBCTZiijEM,8098
FWBCTZiijEM$_$0,FWBCTZiijEM,8099
FWBCTZiijEM$_$5,FWBCTZiijEM,8100
FX87sfrE47w$_$5,FX87sfrE47w,8104
FX87sfrE47w$_$7,FX87sfrE47w,8105
FX87sfrE47w$_$6,FX87sfrE47w,8106
FaHosBIr0xY$_$3,FaHosBIr0xY,8107
FaHosBIr0xY$_$7,FaHosBIr0xY,8108
FaHosBIr0xY$_$6,FaHosBIr0xY,8109
FcAgbLF6__s$_$4,FcAgbLF6__s,8110
FfavRdRKsAQ$_$11,FfavRdRKsAQ,8115
FfavRdRKsAQ$_$10,FfavRdRKsAQ,8116
FfavRdRKsAQ$_$12,FfavRdRKsAQ,8117
FfavRdRKsAQ$_$1,FfavRdRKsAQ,8118
FfavRdRKsAQ$_$0,FfavRdRKsAQ,8119
FfavRdRKsAQ$_$3,FfavRdRKsAQ,8120
FfavRdRKsAQ$_$2,FfavRdRKsAQ,8121
FfavRdRKsAQ$_$7,FfavRdRKsAQ,8122
FfavRdRKsAQ$_$6,FfavRdRKsAQ,8123
FfavRdRKsAQ$_$9,FfavRdRKsAQ,8124
FmE9BtTmxnE$_$0,FmE9BtTmxnE,8125
FmIS69vB12I$_$13,FmIS69vB12I,8126
FmIS69vB12I$_$12,FmIS69vB12I,8127
FmIS69vB12I$_$1,FmIS69vB12I,8128
FmIS69vB12I$_$0,FmIS69vB12I,8129
FmIS69vB12I$_$3,FmIS69vB12I,8130
FmIS69vB12I$_$2,FmIS69vB12I,8131
FmIS69vB12I$_$5,FmIS69vB12I,8132
FmIS69vB12I$_$4,FmIS69vB12I,8133
FmIS69vB12I$_$7,FmIS69vB12I,8134
FmIS69vB12I$_$6,FmIS69vB12I,8135
FmIS69vB12I$_$9,FmIS69vB12I,8136
FmIS69vB12I$_$8,FmIS69vB12I,8137
FphtHpVV-7w$_$1,FphtHpVV-7w,8153
FphtHpVV-7w$_$0,FphtHpVV-7w,8154
FphtHpVV-7w$_$3,FphtHpVV-7w,8155
FphtHpVV-7w$_$6,FphtHpVV-7w,8156
FvoZgWvc3gc$_$1,FvoZgWvc3gc,8159
FvoZgWvc3gc$_$11,FvoZgWvc3gc,8160
FvoZgWvc3gc$_$12,FvoZgWvc3gc,8161
FvoZgWvc3gc$_$15,FvoZgWvc3gc,8162
FvoZgWvc3gc$_$7,FvoZgWvc3gc,8163
G38DwNDQ8Cc$_$24,G38DwNDQ8Cc,8180
G38DwNDQ8Cc$_$26,G38DwNDQ8Cc,8181
G38DwNDQ8Cc$_$12,G38DwNDQ8Cc,8182
G38DwNDQ8Cc$_$20,G38DwNDQ8Cc,8183
G38DwNDQ8Cc$_$21,G38DwNDQ8Cc,8184
G38DwNDQ8Cc$_$17,G38DwNDQ8Cc,8185
G38DwNDQ8Cc$_$23,G38DwNDQ8Cc,8186
G38DwNDQ8Cc$_$19,G38DwNDQ8Cc,8187
G38DwNDQ8Cc$_$30,G38DwNDQ8Cc,8188
G38DwNDQ8Cc$_$28,G38DwNDQ8Cc,8189
G38DwNDQ8Cc$_$1,G38DwNDQ8Cc,8190
G38DwNDQ8Cc$_$0,G38DwNDQ8Cc,8191
G38DwNDQ8Cc$_$3,G38DwNDQ8Cc,8192
G38DwNDQ8Cc$_$2,G38DwNDQ8Cc,8193
G38DwNDQ8Cc$_$5,G38DwNDQ8Cc,8194
G38DwNDQ8Cc$_$4,G38DwNDQ8Cc,8195
G38DwNDQ8Cc$_$7,G38DwNDQ8Cc,8196
G38DwNDQ8Cc$_$6,G38DwNDQ8Cc,8197
G38DwNDQ8Cc$_$9,G38DwNDQ8Cc,8198
G38DwNDQ8Cc$_$14,G38DwNDQ8Cc,8199
G8aL3bM39co$_$11,G8aL3bM39co,8220
G8aL3bM39co$_$24,G8aL3bM39co,8221
G8aL3bM39co$_$20,G8aL3bM39co,8222
G8aL3bM39co$_$23,G8aL3bM39co,8223
G8aL3bM39co$_$3,G8aL3bM39co,8224
G8aL3bM39co$_$6,G8aL3bM39co,8225
GAY5ICoVnA8$_$13,GAY5ICoVnA8,8235
GAY5ICoVnA8$_$12,GAY5ICoVnA8,8236
GAY5ICoVnA8$_$15,GAY5ICoVnA8,8237
GAY5ICoVnA8$_$14,GAY5ICoVnA8,8238
GAY5ICoVnA8$_$16,GAY5ICoVnA8,8239
GAY5ICoVnA8$_$3,GAY5ICoVnA8,8240
GAY5ICoVnA8$_$2,GAY5ICoVnA8,8241
GAY5ICoVnA8$_$5,GAY5ICoVnA8,8242
GAY5ICoVnA8$_$7,GAY5ICoVnA8,8243
GAY5ICoVnA8$_$6,GAY5ICoVnA8,8244
GCOFujDHDx0$_$10,GCOFujDHDx0,8245
GCOFujDHDx0$_$16,GCOFujDHDx0,8246
GCOFujDHDx0$_$0,GCOFujDHDx0,8247
GCOFujDHDx0$_$2,GCOFujDHDx0,8248
GCOFujDHDx0$_$5,GCOFujDHDx0,8249
GCOFujDHDx0$_$4,GCOFujDHDx0,8250
GCOFujDHDx0$_$9,GCOFujDHDx0,8251
GICVzJMDfv0$_$1,GICVzJMDfv0,8252
GICVzJMDfv0$_$0,GICVzJMDfv0,8253
GJyzeK-Cn-0$_$6,GJyzeK-Cn-0,8254
GMHW6XEO1ms$_$9,GMHW6XEO1ms,8255
GMHW6XEO1ms$_$3,GMHW6XEO1ms,8256
GMHW6XEO1ms$_$2,GMHW6XEO1ms,8257
GMHW6XEO1ms$_$7,GMHW6XEO1ms,8258
GMHW6XEO1ms$_$6,GMHW6XEO1ms,8259
GMjQUrlMa50$_$3,GMjQUrlMa50,8260
GMjQUrlMa50$_$5,GMjQUrlMa50,8261
GMjQUrlMa50$_$4,GMjQUrlMa50,8262
GMjQUrlMa50$_$6,GMjQUrlMa50,8263
GRFXnnrQaB4$_$1,GRFXnnrQaB4,8283
GRFXnnrQaB4$_$0,GRFXnnrQaB4,8284
GRFXnnrQaB4$_$3,GRFXnnrQaB4,8285
GRFXnnrQaB4$_$2,GRFXnnrQaB4,8286
GRFXnnrQaB4$_$5,GRFXnnrQaB4,8287
GRFXnnrQaB4$_$4,GRFXnnrQaB4,8288
GSnt_fW8qjI$_$1,GSnt_fW8qjI,8289
GSnt_fW8qjI$_$0,GSnt_fW8qjI,8290
GSnt_fW8qjI$_$3,GSnt_fW8qjI,8291
GSnt_fW8qjI$_$2,GSnt_fW8qjI,8292
GSnt_fW8qjI$_$5,GSnt_fW8qjI,8293
GSnt_fW8qjI$_$4,GSnt_fW8qjI,8294
GSnt_fW8qjI$_$6,GSnt_fW8qjI,8295
GTGtVdAuyRc$_$10,GTGtVdAuyRc,8296
GTGtVdAuyRc$_$1,GTGtVdAuyRc,8297
GTGtVdAuyRc$_$0,GTGtVdAuyRc,8298
GTGtVdAuyRc$_$3,GTGtVdAuyRc,8299
GTGtVdAuyRc$_$5,GTGtVdAuyRc,8300
GTGtVdAuyRc$_$7,GTGtVdAuyRc,8301
GTGtVdAuyRc$_$6,GTGtVdAuyRc,8302
GTGtVdAuyRc$_$9,GTGtVdAuyRc,8303
GTGtVdAuyRc$_$8,GTGtVdAuyRc,8304
Gbg8qiKQkhM$_$0,Gbg8qiKQkhM,8315
GdFP_p4eQX0$_$11,GdFP_p4eQX0,8320
GdFP_p4eQX0$_$2,GdFP_p4eQX0,8321
GdFP_p4eQX0$_$4,GdFP_p4eQX0,8322
GdFP_p4eQX0$_$7,GdFP_p4eQX0,8323
GdFP_p4eQX0$_$6,GdFP_p4eQX0,8324
GeSTiDe1hG0$_$2,GeSTiDe1hG0,8325
Gljee9uq_Rc$_$11,Gljee9uq_Rc,8355
Gljee9uq_Rc$_$24,Gljee9uq_Rc,8356
Gljee9uq_Rc$_$13,Gljee9uq_Rc,8357
Gljee9uq_Rc$_$12,Gljee9uq_Rc,8358
Gljee9uq_Rc$_$15,Gljee9uq_Rc,8359
Gljee9uq_Rc$_$14,Gljee9uq_Rc,8360
Gljee9uq_Rc$_$22,Gljee9uq_Rc,8361
Gljee9uq_Rc$_$16,Gljee9uq_Rc,8362
Gljee9uq_Rc$_$20,Gljee9uq_Rc,8363
Gljee9uq_Rc$_$2,Gljee9uq_Rc,8364
Gljee9uq_Rc$_$6,Gljee9uq_Rc,8365
Gljee9uq_Rc$_$9,Gljee9uq_Rc,8366
Gljee9uq_Rc$_$8,Gljee9uq_Rc,8367
Gljee9uq_Rc$_$21,Gljee9uq_Rc,8368
Gmhi58erY6k$_$1,Gmhi58erY6k,8369
Gmhi58erY6k$_$0,Gmhi58erY6k,8370
Gmhi58erY6k$_$2,Gmhi58erY6k,8371
Gmhi58erY6k$_$5,Gmhi58erY6k,8372
Gmhi58erY6k$_$7,Gmhi58erY6k,8373
Gmhi58erY6k$_$6,Gmhi58erY6k,8374
Gmhi58erY6k$_$8,Gmhi58erY6k,8375
Gvg_80PlAAs$_$8,Gvg_80PlAAs,8413
GxcOSmJAyYQ$_$1,GxcOSmJAyYQ,8416
GxcOSmJAyYQ$_$0,GxcOSmJAyYQ,8417
GxcOSmJAyYQ$_$3,GxcOSmJAyYQ,8418
H-AJ-grXvgQ$_$0,H-AJ-grXvgQ,8419
H-AJ-grXvgQ$_$13,H-AJ-grXvgQ,8420
H-AJ-grXvgQ$_$17,H-AJ-grXvgQ,8421
H-AJ-grXvgQ$_$6,H-AJ-grXvgQ,8422
H9zVQlzit8Y$_$1,H9zVQlzit8Y,8445
HAid0IEUoFQ$_$1,HAid0IEUoFQ,8446
HAid0IEUoFQ$_$2,HAid0IEUoFQ,8447
HAid0IEUoFQ$_$6,HAid0IEUoFQ,8448
HByf7qiO-Kg$_$11,HByf7qiO-Kg,8449
HByf7qiO-Kg$_$10,HByf7qiO-Kg,8450
HByf7qiO-Kg$_$13,HByf7qiO-Kg,8451
HByf7qiO-Kg$_$12,HByf7qiO-Kg,8452
HByf7qiO-Kg$_$14,HByf7qiO-Kg,8453
HByf7qiO-Kg$_$1,HByf7qiO-Kg,8454
HByf7qiO-Kg$_$0,HByf7qiO-Kg,8455
HByf7qiO-Kg$_$3,HByf7qiO-Kg,8456
HByf7qiO-Kg$_$4,HByf7qiO-Kg,8457
HByf7qiO-Kg$_$6,HByf7qiO-Kg,8458
HByf7qiO-Kg$_$9,HByf7qiO-Kg,8459
HByf7qiO-Kg$_$8,HByf7qiO-Kg,8460
HD17J-FvROQ$_$1,HD17J-FvROQ,8461
HD17J-FvROQ$_$0,HD17J-FvROQ,8462
HD17J-FvROQ$_$2,HD17J-FvROQ,8463
HObh42PhOfw$_$11,HObh42PhOfw,8479
HObh42PhOfw$_$10,HObh42PhOfw,8480
HObh42PhOfw$_$5,HObh42PhOfw,8481
HObh42PhOfw$_$7,HObh42PhOfw,8482
HQ9NnDQcxD4$_$1,HQ9NnDQcxD4,8491
HQ9NnDQcxD4$_$0,HQ9NnDQcxD4,8492
HUH9BXVmAig$_$0,HUH9BXVmAig,8495
HUH9BXVmAig$_$2,HUH9BXVmAig,8496
HUOMbK1x7MI$_$10,HUOMbK1x7MI,8497
HUOMbK1x7MI$_$1,HUOMbK1x7MI,8498
HUOMbK1x7MI$_$0,HUOMbK1x7MI,8499
HUOMbK1x7MI$_$3,HUOMbK1x7MI,8500
HUOMbK1x7MI$_$2,HUOMbK1x7MI,8501
HUOMbK1x7MI$_$5,HUOMbK1x7MI,8502
HUOMbK1x7MI$_$4,HUOMbK1x7MI,8503
HUOMbK1x7MI$_$7,HUOMbK1x7MI,8504
HUOMbK1x7MI$_$6,HUOMbK1x7MI,8505
HUOMbK1x7MI$_$9,HUOMbK1x7MI,8506
HUOMbK1x7MI$_$8,HUOMbK1x7MI,8507
HWLpH3NMtFs$_$0,HWLpH3NMtFs,8513
HWLpH3NMtFs$_$2,HWLpH3NMtFs,8514
HWLpH3NMtFs$_$5,HWLpH3NMtFs,8515
HXuRR2eBHHQ$_$11,HXuRR2eBHHQ,8516
HXuRR2eBHHQ$_$3,HXuRR2eBHHQ,8517
HXuRR2eBHHQ$_$2,HXuRR2eBHHQ,8518
HXuRR2eBHHQ$_$7,HXuRR2eBHHQ,8519
HqtvFTa29L8$_$2,HqtvFTa29L8,8549
HxyfY7hsjOg$_$1,HxyfY7hsjOg,8550
HxyfY7hsjOg$_$0,HxyfY7hsjOg,8551
HxyfY7hsjOg$_$3,HxyfY7hsjOg,8552
HxyfY7hsjOg$_$2,HxyfY7hsjOg,8553
HxyfY7hsjOg$_$4,HxyfY7hsjOg,8554
I--8nRKCkJI$_$1,I--8nRKCkJI,8555
I--8nRKCkJI$_$0,I--8nRKCkJI,8556
I--8nRKCkJI$_$3,I--8nRKCkJI,8557
I--8nRKCkJI$_$2,I--8nRKCkJI,8558
I--8nRKCkJI$_$5,I--8nRKCkJI,8559
I--8nRKCkJI$_$4,I--8nRKCkJI,8560
I--8nRKCkJI$_$7,I--8nRKCkJI,8561
I--8nRKCkJI$_$6,I--8nRKCkJI,8562
I3SPlbTGuNc$_$11,I3SPlbTGuNc,8563
I3SPlbTGuNc$_$10,I3SPlbTGuNc,8564
I3SPlbTGuNc$_$13,I3SPlbTGuNc,8565
I3SPlbTGuNc$_$12,I3SPlbTGuNc,8566
I3SPlbTGuNc$_$15,I3SPlbTGuNc,8567
I3SPlbTGuNc$_$14,I3SPlbTGuNc,8568
I3SPlbTGuNc$_$1,I3SPlbTGuNc,8569
I3SPlbTGuNc$_$0,I3SPlbTGuNc,8570
I3SPlbTGuNc$_$3,I3SPlbTGuNc,8571
I3SPlbTGuNc$_$2,I3SPlbTGuNc,8572
I3SPlbTGuNc$_$5,I3SPlbTGuNc,8573
I3SPlbTGuNc$_$4,I3SPlbTGuNc,8574
I3SPlbTGuNc$_$7,I3SPlbTGuNc,8575
I3SPlbTGuNc$_$6,I3SPlbTGuNc,8576
I3SPlbTGuNc$_$9,I3SPlbTGuNc,8577
I3SPlbTGuNc$_$8,I3SPlbTGuNc,8578
I5cS_TlV5B8$_$1,I5cS_TlV5B8,8579
I5cS_TlV5B8$_$3,I5cS_TlV5B8,8580
I5cS_TlV5B8$_$2,I5cS_TlV5B8,8581
I5cS_TlV5B8$_$7,I5cS_TlV5B8,8582
I5cS_TlV5B8$_$6,I5cS_TlV5B8,8583
I5cS_TlV5B8$_$9,I5cS_TlV5B8,8584
IAmZ5iWHxw4$_$3,IAmZ5iWHxw4,8589
IAmZ5iWHxw4$_$2,IAmZ5iWHxw4,8590
IAmZ5iWHxw4$_$4,IAmZ5iWHxw4,8591
IAubgwEiCcY$_$10,IAubgwEiCcY,8592
IAubgwEiCcY$_$2,IAubgwEiCcY,8593
IAubgwEiCcY$_$5,IAubgwEiCcY,8594
IAubgwEiCcY$_$4,IAubgwEiCcY,8595
IAubgwEiCcY$_$7,IAubgwEiCcY,8596
IAubgwEiCcY$_$8,IAubgwEiCcY,8597
ICeSewdyf34$_$1,ICeSewdyf34,8605
ICeSewdyf34$_$3,ICeSewdyf34,8606
ICeSewdyf34$_$2,ICeSewdyf34,8607
ICeSewdyf34$_$5,ICeSewdyf34,8608
ICeSewdyf34$_$4,ICeSewdyf34,8609
IDVbPEket6U$_$10,IDVbPEket6U,8610
IDVbPEket6U$_$3,IDVbPEket6U,8611
IDVbPEket6U$_$4,IDVbPEket6U,8612
IKXWSNf4m2k$_$1,IKXWSNf4m2k,8615
IKXWSNf4m2k$_$3,IKXWSNf4m2k,8616
I_r2CP56toU$_$6,I_r2CP56toU,8638
IiX1k0oYW_w$_$1,IiX1k0oYW_w,8651
IiX1k0oYW_w$_$8,IiX1k0oYW_w,8652
IkvL4IAiZog$_$8,IkvL4IAiZog,8653
IkvL4IAiZog$_$12,IkvL4IAiZog,8654
J6zbBfzW7a0$_$1,J6zbBfzW7a0,8727
J6zbBfzW7a0$_$0,J6zbBfzW7a0,8728
J7UduuBfnrE$_$1,J7UduuBfnrE,8729
J7UduuBfnrE$_$0,J7UduuBfnrE,8730
J7UduuBfnrE$_$3,J7UduuBfnrE,8731
J7UduuBfnrE$_$2,J7UduuBfnrE,8732
J7UduuBfnrE$_$5,J7UduuBfnrE,8733
J7UduuBfnrE$_$4,J7UduuBfnrE,8734
J7UduuBfnrE$_$7,J7UduuBfnrE,8735
J7UduuBfnrE$_$6,J7UduuBfnrE,8736
J7UduuBfnrE$_$8,J7UduuBfnrE,8737
JAbFsRxxnFo$_$1,JAbFsRxxnFo,8738
JAbFsRxxnFo$_$0,JAbFsRxxnFo,8739
JAbFsRxxnFo$_$3,JAbFsRxxnFo,8740
JAbFsRxxnFo$_$2,JAbFsRxxnFo,8741
JF-5nlUNx_g$_$20,JF-5nlUNx_g,8762
JF-5nlUNx_g$_$21,JF-5nlUNx_g,8763
JF-5nlUNx_g$_$22,JF-5nlUNx_g,8764
JF-5nlUNx_g$_$1,JF-5nlUNx_g,8765
JF-5nlUNx_g$_$0,JF-5nlUNx_g,8766
JF-5nlUNx_g$_$3,JF-5nlUNx_g,8767
JF-5nlUNx_g$_$2,JF-5nlUNx_g,8768
JF-5nlUNx_g$_$5,JF-5nlUNx_g,8769
JF-5nlUNx_g$_$4,JF-5nlUNx_g,8770
JF-5nlUNx_g$_$7,JF-5nlUNx_g,8771
JF-5nlUNx_g$_$6,JF-5nlUNx_g,8772
JF-5nlUNx_g$_$9,JF-5nlUNx_g,8773
JF-5nlUNx_g$_$8,JF-5nlUNx_g,8774
JF-5nlUNx_g$_$11,JF-5nlUNx_g,8775
JF-5nlUNx_g$_$10,JF-5nlUNx_g,8776
JF-5nlUNx_g$_$13,JF-5nlUNx_g,8777
JF-5nlUNx_g$_$12,JF-5nlUNx_g,8778
JF-5nlUNx_g$_$15,JF-5nlUNx_g,8779
JF-5nlUNx_g$_$14,JF-5nlUNx_g,8780
JF-5nlUNx_g$_$17,JF-5nlUNx_g,8781
JF-5nlUNx_g$_$16,JF-5nlUNx_g,8782
JF-5nlUNx_g$_$19,JF-5nlUNx_g,8783
JF-5nlUNx_g$_$18,JF-5nlUNx_g,8784
JGEEA_JVriE$_$0,JGEEA_JVriE,8785
JLqBVj6f5gI$_$11,JLqBVj6f5gI,8796
JLqBVj6f5gI$_$10,JLqBVj6f5gI,8797
JLqBVj6f5gI$_$12,JLqBVj6f5gI,8798
JLqBVj6f5gI$_$15,JLqBVj6f5gI,8799
JLqBVj6f5gI$_$21,JLqBVj6f5gI,8800
JLqBVj6f5gI$_$17,JLqBVj6f5gI,8801
JLqBVj6f5gI$_$16,JLqBVj6f5gI,8802
JLqBVj6f5gI$_$22,JLqBVj6f5gI,8803
JLqBVj6f5gI$_$1,JLqBVj6f5gI,8804
JLqBVj6f5gI$_$2,JLqBVj6f5gI,8805
JLqBVj6f5gI$_$5,JLqBVj6f5gI,8806
JLqBVj6f5gI$_$4,JLqBVj6f5gI,8807
JLqBVj6f5gI$_$7,JLqBVj6f5gI,8808
JLqBVj6f5gI$_$8,JLqBVj6f5gI,8809
JLqBVj6f5gI$_$14,JLqBVj6f5gI,8810
JMb18N7lQ0A$_$1,JMb18N7lQ0A,8811
JMb18N7lQ0A$_$4,JMb18N7lQ0A,8812
JSlTJsUulH0$_$2,JSlTJsUulH0,8825
JSlTJsUulH0$_$4,JSlTJsUulH0,8826
JW3OfSCZlhc$_$2,JW3OfSCZlhc,8833
JW3OfSCZlhc$_$5,JW3OfSCZlhc,8834
JW3OfSCZlhc$_$4,JW3OfSCZlhc,8835
JYdfUNjyYxo$_$3,JYdfUNjyYxo,8844
JYdfUNjyYxo$_$5,JYdfUNjyYxo,8845
JYdfUNjyYxo$_$4,JYdfUNjyYxo,8846
Ja7phs8EbWk$_$11,Ja7phs8EbWk,8859
Ja7phs8EbWk$_$10,Ja7phs8EbWk,8860
Ja7phs8EbWk$_$15,Ja7phs8EbWk,8861
Ja7phs8EbWk$_$14,Ja7phs8EbWk,8862
Ja7phs8EbWk$_$1,Ja7phs8EbWk,8863
Ja7phs8EbWk$_$3,Ja7phs8EbWk,8864
Ja7phs8EbWk$_$5,Ja7phs8EbWk,8865
Ja7phs8EbWk$_$4,Ja7phs8EbWk,8866
Ja7phs8EbWk$_$6,Ja7phs8EbWk,8867
Ja7phs8EbWk$_$9,Ja7phs8EbWk,8868
JcmqmLaL_MQ$_$7,JcmqmLaL_MQ,8869
Jh1uDYOJMwk$_$1,Jh1uDYOJMwk,8879
Jh1uDYOJMwk$_$2,Jh1uDYOJMwk,8880
Jh1uDYOJMwk$_$4,Jh1uDYOJMwk,8881
JvLMNXW7B10$_$2,JvLMNXW7B10,8888
JvLMNXW7B10$_$5,JvLMNXW7B10,8889
JvgofTcCSEc$_$12,JvgofTcCSEc,8890
JvgofTcCSEc$_$15,JvgofTcCSEc,8891
JvgofTcCSEc$_$14,JvgofTcCSEc,8892
JvgofTcCSEc$_$19,JvgofTcCSEc,8893
JvgofTcCSEc$_$28,JvgofTcCSEc,8894
JvgofTcCSEc$_$29,JvgofTcCSEc,8895
JvgofTcCSEc$_$1,JvgofTcCSEc,8896
JzydLJw6y6o$_$11,JzydLJw6y6o,8904
JzydLJw6y6o$_$10,JzydLJw6y6o,8905
JzydLJw6y6o$_$13,JzydLJw6y6o,8906
JzydLJw6y6o$_$14,JzydLJw6y6o,8907
JzydLJw6y6o$_$1,JzydLJw6y6o,8908
JzydLJw6y6o$_$0,JzydLJw6y6o,8909
JzydLJw6y6o$_$3,JzydLJw6y6o,8910
JzydLJw6y6o$_$2,JzydLJw6y6o,8911
JzydLJw6y6o$_$5,JzydLJw6y6o,8912
JzydLJw6y6o$_$7,JzydLJw6y6o,8913
JzydLJw6y6o$_$6,JzydLJw6y6o,8914
JzydLJw6y6o$_$9,JzydLJw6y6o,8915
JzydLJw6y6o$_$8,JzydLJw6y6o,8916
K7FiMf-Dmwo$_$2,K7FiMf-Dmwo,8944
K7FiMf-Dmwo$_$4,K7FiMf-Dmwo,8945
K9faaGel838$_$0,K9faaGel838,8961
K9faaGel838$_$5,K9faaGel838,8962
K9faaGel838$_$4,K9faaGel838,8963
K9faaGel838$_$6,K9faaGel838,8964
KD0w4BrNXQg$_$11,KD0w4BrNXQg,8965
KD0w4BrNXQg$_$10,KD0w4BrNXQg,8966
KD0w4BrNXQg$_$0,KD0w4BrNXQg,8967
KD0w4BrNXQg$_$3,KD0w4BrNXQg,8968
KD0w4BrNXQg$_$7,KD0w4BrNXQg,8969
KD0w4BrNXQg$_$9,KD0w4BrNXQg,8970
KLy4aBLqwCk$_$10,KLy4aBLqwCk,8990
KLy4aBLqwCk$_$13,KLy4aBLqwCk,8991
KLy4aBLqwCk$_$15,KLy4aBLqwCk,8992
KLy4aBLqwCk$_$17,KLy4aBLqwCk,8993
KLy4aBLqwCk$_$19,KLy4aBLqwCk,8994
KLy4aBLqwCk$_$28,KLy4aBLqwCk,8995
KLy4aBLqwCk$_$1,KLy4aBLqwCk,8996
KLy4aBLqwCk$_$5,KLy4aBLqwCk,8997
KLy4aBLqwCk$_$20,KLy4aBLqwCk,8998
Kep_mLLXsqk$_$0,Kep_mLLXsqk,9035
Kep_mLLXsqk$_$3,Kep_mLLXsqk,9036
Kep_mLLXsqk$_$7,Kep_mLLXsqk,9037
Kep_mLLXsqk$_$10,Kep_mLLXsqk,9038
KmYG8zaRmOA$_$9,KmYG8zaRmOA,9044
KmYG8zaRmOA$_$7,KmYG8zaRmOA,9045
L0WUuWYNeCo$_$24,L0WUuWYNeCo,9051
L0WUuWYNeCo$_$25,L0WUuWYNeCo,9052
L0WUuWYNeCo$_$26,L0WUuWYNeCo,9053
L0WUuWYNeCo$_$27,L0WUuWYNeCo,9054
L0WUuWYNeCo$_$20,L0WUuWYNeCo,9055
L0WUuWYNeCo$_$21,L0WUuWYNeCo,9056
L0WUuWYNeCo$_$22,L0WUuWYNeCo,9057
L0WUuWYNeCo$_$23,L0WUuWYNeCo,9058
L0WUuWYNeCo$_$28,L0WUuWYNeCo,9059
L0WUuWYNeCo$_$29,L0WUuWYNeCo,9060
L0WUuWYNeCo$_$1,L0WUuWYNeCo,9061
L0WUuWYNeCo$_$0,L0WUuWYNeCo,9062
L0WUuWYNeCo$_$3,L0WUuWYNeCo,9063
L0WUuWYNeCo$_$2,L0WUuWYNeCo,9064
L0WUuWYNeCo$_$5,L0WUuWYNeCo,9065
L0WUuWYNeCo$_$4,L0WUuWYNeCo,9066
L0WUuWYNeCo$_$7,L0WUuWYNeCo,9067
L0WUuWYNeCo$_$6,L0WUuWYNeCo,9068
L0WUuWYNeCo$_$9,L0WUuWYNeCo,9069
L0WUuWYNeCo$_$8,L0WUuWYNeCo,9070
L0WUuWYNeCo$_$11,L0WUuWYNeCo,9071
L0WUuWYNeCo$_$10,L0WUuWYNeCo,9072
L0WUuWYNeCo$_$13,L0WUuWYNeCo,9073
L0WUuWYNeCo$_$12,L0WUuWYNeCo,9074
L0WUuWYNeCo$_$15,L0WUuWYNeCo,9075
L0WUuWYNeCo$_$14,L0WUuWYNeCo,9076
L0WUuWYNeCo$_$17,L0WUuWYNeCo,9077
L0WUuWYNeCo$_$16,L0WUuWYNeCo,9078
L0WUuWYNeCo$_$19,L0WUuWYNeCo,9079
L0WUuWYNeCo$_$18,L0WUuWYNeCo,9080
L0WUuWYNeCo$_$30,L0WUuWYNeCo,9081
L6pg3DQKoH4$_$1,L6pg3DQKoH4,9097
L6pg3DQKoH4$_$0,L6pg3DQKoH4,9098
L6pg3DQKoH4$_$3,L6pg3DQKoH4,9099
L6pg3DQKoH4$_$2,L6pg3DQKoH4,9100
L6pg3DQKoH4$_$5,L6pg3DQKoH4,9101
L6pg3DQKoH4$_$4,L6pg3DQKoH4,9102
L6pg3DQKoH4$_$6,L6pg3DQKoH4,9103
L6pg3DQKoH4$_$9,L6pg3DQKoH4,9104
L6pg3DQKoH4$_$8,L6pg3DQKoH4,9105
L8VjQM9HQfs$_$1,L8VjQM9HQfs,9106
L8VjQM9HQfs$_$0,L8VjQM9HQfs,9107
L8VjQM9HQfs$_$3,L8VjQM9HQfs,9108
L8VjQM9HQfs$_$2,L8VjQM9HQfs,9109
LKAEv8x9jKI$_$3,LKAEv8x9jKI,9115
LKAEv8x9jKI$_$5,LKAEv8x9jKI,9116
LKAEv8x9jKI$_$7,LKAEv8x9jKI,9117
LL02UFLfQKo$_$7,LL02UFLfQKo,9118
LQnXVd-PR_Y$_$1,LQnXVd-PR_Y,9119
LQnXVd-PR_Y$_$0,LQnXVd-PR_Y,9120
LUKIYWa0UGA$_$1,LUKIYWa0UGA,9121
LUKIYWa0UGA$_$3,LUKIYWa0UGA,9122
LUKIYWa0UGA$_$2,LUKIYWa0UGA,9123
LUKIYWa0UGA$_$7,LUKIYWa0UGA,9124
LUKIYWa0UGA$_$6,LUKIYWa0UGA,9125
LUKIYWa0UGA$_$9,LUKIYWa0UGA,9126
LUKIYWa0UGA$_$8,LUKIYWa0UGA,9127
LUf9vbe0TcQ$_$1,LUf9vbe0TcQ,9128
LUf9vbe0TcQ$_$3,LUf9vbe0TcQ,9129
LUf9vbe0TcQ$_$4,LUf9vbe0TcQ,9130
LUf9vbe0TcQ$_$7,LUf9vbe0TcQ,9131
LZl9Sj1safM$_$1,LZl9Sj1safM,9134
LZl9Sj1safM$_$0,LZl9Sj1safM,9135
LZl9Sj1safM$_$2,LZl9Sj1safM,9136
LZl9Sj1safM$_$5,LZl9Sj1safM,9137
LZl9Sj1safM$_$4,LZl9Sj1safM,9138
LZl9Sj1safM$_$6,LZl9Sj1safM,9139
L_XttWZBKss$_$3,L_XttWZBKss,9140
L_XttWZBKss$_$2,L_XttWZBKss,9141
LityRNuQihc$_$13,LityRNuQihc,9142
LityRNuQihc$_$12,LityRNuQihc,9143
LityRNuQihc$_$1,LityRNuQihc,9144
LityRNuQihc$_$3,LityRNuQihc,9145
LityRNuQihc$_$2,LityRNuQihc,9146
LityRNuQihc$_$5,LityRNuQihc,9147
LityRNuQihc$_$6,LityRNuQihc,9148
LpbSYaPRTqI$_$1,LpbSYaPRTqI,9149
LpbSYaPRTqI$_$0,LpbSYaPRTqI,9150
LpbSYaPRTqI$_$3,LpbSYaPRTqI,9151
LpbSYaPRTqI$_$2,LpbSYaPRTqI,9152
LpbSYaPRTqI$_$5,LpbSYaPRTqI,9153
LpbSYaPRTqI$_$4,LpbSYaPRTqI,9154
MCRCXXPqFOI$_$10,MCRCXXPqFOI,9175
MCRCXXPqFOI$_$15,MCRCXXPqFOI,9176
MCRCXXPqFOI$_$14,MCRCXXPqFOI,9177
MCRCXXPqFOI$_$16,MCRCXXPqFOI,9178
MCRCXXPqFOI$_$3,MCRCXXPqFOI,9179
MCRCXXPqFOI$_$2,MCRCXXPqFOI,9180
MCRCXXPqFOI$_$5,MCRCXXPqFOI,9181
MCRCXXPqFOI$_$6,MCRCXXPqFOI,9182
MCRCXXPqFOI$_$9,MCRCXXPqFOI,9183
MCRCXXPqFOI$_$8,MCRCXXPqFOI,9184
MFXQH7ZlBJI$_$4,MFXQH7ZlBJI,9185
MOfEl_1dh-g$_$1,MOfEl_1dh-g,9232
MOfEl_1dh-g$_$0,MOfEl_1dh-g,9233
MOfEl_1dh-g$_$2,MOfEl_1dh-g,9234
MOfEl_1dh-g$_$5,MOfEl_1dh-g,9235
MOfEl_1dh-g$_$4,MOfEl_1dh-g,9236
MOfEl_1dh-g$_$8,MOfEl_1dh-g,9237
MPRqaQqrd9Y$_$9,MPRqaQqrd9Y,9238
MPRqaQqrd9Y$_$12,MPRqaQqrd9Y,9239
MPRqaQqrd9Y$_$7,MPRqaQqrd9Y,9240
MRU65o1odI4$_$1,MRU65o1odI4,9241
MRU65o1odI4$_$0,MRU65o1odI4,9242
MRU65o1odI4$_$3,MRU65o1odI4,9243
MRU65o1odI4$_$2,MRU65o1odI4,9244
MRU65o1odI4$_$4,MRU65o1odI4,9245
MTU_thei3-c$_$8,MTU_thei3-c,9251
MTU_thei3-c$_$21,MTU_thei3-c,9252
MTU_thei3-c$_$4,MTU_thei3-c,9253
MmJD4KBT0nk$_$1,MmJD4KBT0nk,9278
MmJD4KBT0nk$_$3,MmJD4KBT0nk,9279
MmJD4KBT0nk$_$2,MmJD4KBT0nk,9280
MmJD4KBT0nk$_$5,MmJD4KBT0nk,9281
MmJD4KBT0nk$_$4,MmJD4KBT0nk,9282
MpuWcGn2Lcg$_$0,MpuWcGn2Lcg,9287
MpuWcGn2Lcg$_$3,MpuWcGn2Lcg,9288
MpuWcGn2Lcg$_$2,MpuWcGn2Lcg,9289
MpuWcGn2Lcg$_$5,MpuWcGn2Lcg,9290
MpuWcGn2Lcg$_$6,MpuWcGn2Lcg,9291
MroQfGehC84$_$13,MroQfGehC84,9292
MroQfGehC84$_$12,MroQfGehC84,9293
MroQfGehC84$_$1,MroQfGehC84,9294
MroQfGehC84$_$0,MroQfGehC84,9295
MroQfGehC84$_$3,MroQfGehC84,9296
MroQfGehC84$_$2,MroQfGehC84,9297
MroQfGehC84$_$5,MroQfGehC84,9298
MroQfGehC84$_$4,MroQfGehC84,9299
MroQfGehC84$_$7,MroQfGehC84,9300
MroQfGehC84$_$9,MroQfGehC84,9301
MroQfGehC84$_$8,MroQfGehC84,9302
MyDLelMxt-A$_$11,MyDLelMxt-A,9315
MyDLelMxt-A$_$6,MyDLelMxt-A,9316
N3vSaV8Ztrg$_$0,N3vSaV8Ztrg,9349
N3vSaV8Ztrg$_$5,N3vSaV8Ztrg,9350
N4WOBzpZtWM$_$1,N4WOBzpZtWM,9351
N4WOBzpZtWM$_$0,N4WOBzpZtWM,9352
N4WOBzpZtWM$_$2,N4WOBzpZtWM,9353
N4WOBzpZtWM$_$4,N4WOBzpZtWM,9354
N7IerkWUClI$_$1,N7IerkWUClI,9355
N7IerkWUClI$_$4,N7IerkWUClI,9356
NG7QLq4XlWo$_$11,NG7QLq4XlWo,9379
NG7QLq4XlWo$_$10,NG7QLq4XlWo,9380
NG7QLq4XlWo$_$13,NG7QLq4XlWo,9381
NG7QLq4XlWo$_$12,NG7QLq4XlWo,9382
NG7QLq4XlWo$_$15,NG7QLq4XlWo,9383
NG7QLq4XlWo$_$14,NG7QLq4XlWo,9384
NG7QLq4XlWo$_$1,NG7QLq4XlWo,9385
NG7QLq4XlWo$_$0,NG7QLq4XlWo,9386
NG7QLq4XlWo$_$3,NG7QLq4XlWo,9387
NG7QLq4XlWo$_$2,NG7QLq4XlWo,9388
NG7QLq4XlWo$_$5,NG7QLq4XlWo,9389
NG7QLq4XlWo$_$4,NG7QLq4XlWo,9390
NG7QLq4XlWo$_$7,NG7QLq4XlWo,9391
NG7QLq4XlWo$_$6,NG7QLq4XlWo,9392
NG7QLq4XlWo$_$9,NG7QLq4XlWo,9393
NG7QLq4XlWo$_$8,NG7QLq4XlWo,9394
NOl0v54DaXo$_$11,NOl0v54DaXo,9401
NOl0v54DaXo$_$10,NOl0v54DaXo,9402
NOl0v54DaXo$_$12,NOl0v54DaXo,9403
NOl0v54DaXo$_$1,NOl0v54DaXo,9404
NOl0v54DaXo$_$0,NOl0v54DaXo,9405
NOl0v54DaXo$_$3,NOl0v54DaXo,9406
NOl0v54DaXo$_$2,NOl0v54DaXo,9407
NOl0v54DaXo$_$4,NOl0v54DaXo,9408
NOl0v54DaXo$_$7,NOl0v54DaXo,9409
NOl0v54DaXo$_$6,NOl0v54DaXo,9410
NOl0v54DaXo$_$9,NOl0v54DaXo,9411
NOl0v54DaXo$_$8,NOl0v54DaXo,9412
NYuY6HVjMZQ$_$1,NYuY6HVjMZQ,9416
NYuY6HVjMZQ$_$7,NYuY6HVjMZQ,9417
NYuY6HVjMZQ$_$6,NYuY6HVjMZQ,9418
N_dNuV-4iAo$_$0,N_dNuV-4iAo,9422
N_dNuV-4iAo$_$5,N_dNuV-4iAo,9423
N_dNuV-4iAo$_$4,N_dNuV-4iAo,9424
Na6170hd8po$_$11,Na6170hd8po,9425
Na6170hd8po$_$1,Na6170hd8po,9426
Na6170hd8po$_$3,Na6170hd8po,9427
Na6170hd8po$_$7,Na6170hd8po,9428
Na6170hd8po$_$6,Na6170hd8po,9429
NkbRuTJaj_M$_$18,NkbRuTJaj_M,9434
NkbRuTJaj_M$_$15,NkbRuTJaj_M,9435
Nmd50Uzyybs$_$0,Nmd50Uzyybs,9436
Nmd50Uzyybs$_$5,Nmd50Uzyybs,9437
OAV6KKf60bQ$_$11,OAV6KKf60bQ,9477
OAV6KKf60bQ$_$10,OAV6KKf60bQ,9478
OAV6KKf60bQ$_$12,OAV6KKf60bQ,9479
OAV6KKf60bQ$_$0,OAV6KKf60bQ,9480
OAV6KKf60bQ$_$3,OAV6KKf60bQ,9481
OAV6KKf60bQ$_$2,OAV6KKf60bQ,9482
OAV6KKf60bQ$_$5,OAV6KKf60bQ,9483
OAV6KKf60bQ$_$4,OAV6KKf60bQ,9484
OAV6KKf60bQ$_$7,OAV6KKf60bQ,9485
OAV6KKf60bQ$_$6,OAV6KKf60bQ,9486
OAV6KKf60bQ$_$9,OAV6KKf60bQ,9487
OAV6KKf60bQ$_$8,OAV6KKf60bQ,9488
OEOkmrKvTUo$_$1,OEOkmrKvTUo,9495
OEOkmrKvTUo$_$0,OEOkmrKvTUo,9496
OEOkmrKvTUo$_$4,OEOkmrKvTUo,9497
OEOkmrKvTUo$_$6,OEOkmrKvTUo,9498
OKSx1zxHGpQ$_$24,OKSx1zxHGpQ,9534
OKSx1zxHGpQ$_$25,OKSx1zxHGpQ,9535
OKSx1zxHGpQ$_$26,OKSx1zxHGpQ,9536
OKSx1zxHGpQ$_$27,OKSx1zxHGpQ,9537
OKSx1zxHGpQ$_$20,OKSx1zxHGpQ,9538
OKSx1zxHGpQ$_$21,OKSx1zxHGpQ,9539
OKSx1zxHGpQ$_$22,OKSx1zxHGpQ,9540
OKSx1zxHGpQ$_$23,OKSx1zxHGpQ,9541
OKSx1zxHGpQ$_$1,OKSx1zxHGpQ,9542
OKSx1zxHGpQ$_$0,OKSx1zxHGpQ,9543
OKSx1zxHGpQ$_$3,OKSx1zxHGpQ,9544
OKSx1zxHGpQ$_$2,OKSx1zxHGpQ,9545
OKSx1zxHGpQ$_$5,OKSx1zxHGpQ,9546
OKSx1zxHGpQ$_$4,OKSx1zxHGpQ,9547
OKSx1zxHGpQ$_$7,OKSx1zxHGpQ,9548
OKSx1zxHGpQ$_$6,OKSx1zxHGpQ,9549
OKSx1zxHGpQ$_$9,OKSx1zxHGpQ,9550
OKSx1zxHGpQ$_$8,OKSx1zxHGpQ,9551
OKSx1zxHGpQ$_$11,OKSx1zxHGpQ,9552
OKSx1zxHGpQ$_$10,OKSx1zxHGpQ,9553
OKSx1zxHGpQ$_$13,OKSx1zxHGpQ,9554
OKSx1zxHGpQ$_$12,OKSx1zxHGpQ,9555
OKSx1zxHGpQ$_$15,OKSx1zxHGpQ,9556
OKSx1zxHGpQ$_$14,OKSx1zxHGpQ,9557
OKSx1zxHGpQ$_$17,OKSx1zxHGpQ,9558
OKSx1zxHGpQ$_$16,OKSx1zxHGpQ,9559
OKSx1zxHGpQ$_$19,OKSx1zxHGpQ,9560
OKSx1zxHGpQ$_$18,OKSx1zxHGpQ,9561
OPXmk49KyiU$_$1,OPXmk49KyiU,9567
OPXmk49KyiU$_$0,OPXmk49KyiU,9568
OUjzDchhkIA$_$15,OUjzDchhkIA,9572
OUjzDchhkIA$_$14,OUjzDchhkIA,9573
OUjzDchhkIA$_$1,OUjzDchhkIA,9574
OUjzDchhkIA$_$0,OUjzDchhkIA,9575
OUjzDchhkIA$_$6,OUjzDchhkIA,9576
OUjzDchhkIA$_$9,OUjzDchhkIA,9577
OcqJx_cRc3Y$_$1,OcqJx_cRc3Y,9588
OcqJx_cRc3Y$_$2,OcqJx_cRc3Y,9589
OiMkqEH5WeE$_$1,OiMkqEH5WeE,9600
OiMkqEH5WeE$_$3,OiMkqEH5WeE,9601
OiMkqEH5WeE$_$4,OiMkqEH5WeE,9602
OiMkqEH5WeE$_$6,OiMkqEH5WeE,9603
Oj3XwBBrzXc$_$1,Oj3XwBBrzXc,9604
Oj3XwBBrzXc$_$2,Oj3XwBBrzXc,9605
Op3CnqRLD9w$_$1,Op3CnqRLD9w,9611
Op3CnqRLD9w$_$0,Op3CnqRLD9w,9612
Op3CnqRLD9w$_$3,Op3CnqRLD9w,9613
Op3CnqRLD9w$_$2,Op3CnqRLD9w,9614
Op3CnqRLD9w$_$5,Op3CnqRLD9w,9615
Op3CnqRLD9w$_$4,Op3CnqRLD9w,9616
OxyQSJMvWBo$_$11,OxyQSJMvWBo,9619
OxyQSJMvWBo$_$10,OxyQSJMvWBo,9620
OxyQSJMvWBo$_$13,OxyQSJMvWBo,9621
OxyQSJMvWBo$_$12,OxyQSJMvWBo,9622
OxyQSJMvWBo$_$1,OxyQSJMvWBo,9623
OxyQSJMvWBo$_$0,OxyQSJMvWBo,9624
OxyQSJMvWBo$_$3,OxyQSJMvWBo,9625
OxyQSJMvWBo$_$2,OxyQSJMvWBo,9626
OxyQSJMvWBo$_$5,OxyQSJMvWBo,9627
OxyQSJMvWBo$_$4,OxyQSJMvWBo,9628
OxyQSJMvWBo$_$7,OxyQSJMvWBo,9629
OxyQSJMvWBo$_$6,OxyQSJMvWBo,9630
OxyQSJMvWBo$_$9,OxyQSJMvWBo,9631
OxyQSJMvWBo$_$8,OxyQSJMvWBo,9632
P0WaXnH37uI$_$3,P0WaXnH37uI,9633
P0WaXnH37uI$_$2,P0WaXnH37uI,9634
P0WaXnH37uI$_$5,P0WaXnH37uI,9635
P0WaXnH37uI$_$4,P0WaXnH37uI,9636
P0WaXnH37uI$_$7,P0WaXnH37uI,9637
P0WaXnH37uI$_$6,P0WaXnH37uI,9638
P3QEOJWxXI8$_$1,P3QEOJWxXI8,9644
P3QEOJWxXI8$_$0,P3QEOJWxXI8,9645
P3QEOJWxXI8$_$2,P3QEOJWxXI8,9646
P3QEOJWxXI8$_$5,P3QEOJWxXI8,9647
P3QEOJWxXI8$_$7,P3QEOJWxXI8,9648
P3QEOJWxXI8$_$6,P3QEOJWxXI8,9649
P4qxfjZlIrY$_$8,P4qxfjZlIrY,9650
P4qxfjZlIrY$_$2,P4qxfjZlIrY,9651
P4qxfjZlIrY$_$5,P4qxfjZlIrY,9652
P4qxfjZlIrY$_$4,P4qxfjZlIrY,9653
P4qxfjZlIrY$_$6,P4qxfjZlIrY,9654
PHJ8eybXJdw$_$1,PHJ8eybXJdw,9662
PHJ8eybXJdw$_$3,PHJ8eybXJdw,9663
PHJ8eybXJdw$_$2,PHJ8eybXJdw,9664
PHJ8eybXJdw$_$5,PHJ8eybXJdw,9665
PHJ8eybXJdw$_$4,PHJ8eybXJdw,9666
PHJ8eybXJdw$_$7,PHJ8eybXJdw,9667
PJlDO21zl88$_$0,PJlDO21zl88,9668
PMH4mdJeojE$_$3,PMH4mdJeojE,9669
PMH4mdJeojE$_$2,PMH4mdJeojE,9670
PMH4mdJeojE$_$4,PMH4mdJeojE,9671
PQYmOknHA4c$_$11,PQYmOknHA4c,9674
PQYmOknHA4c$_$10,PQYmOknHA4c,9675
PQYmOknHA4c$_$12,PQYmOknHA4c,9676
PQYmOknHA4c$_$0,PQYmOknHA4c,9677
PQYmOknHA4c$_$3,PQYmOknHA4c,9678
PQYmOknHA4c$_$2,PQYmOknHA4c,9679
PQYmOknHA4c$_$5,PQYmOknHA4c,9680
PQYmOknHA4c$_$4,PQYmOknHA4c,9681
PQYmOknHA4c$_$7,PQYmOknHA4c,9682
PQYmOknHA4c$_$6,PQYmOknHA4c,9683
PQYmOknHA4c$_$9,PQYmOknHA4c,9684
PQYmOknHA4c$_$8,PQYmOknHA4c,9685
PRZ4VhESz1A$_$10,PRZ4VhESz1A,9686
PRZ4VhESz1A$_$1,PRZ4VhESz1A,9687
PRZ4VhESz1A$_$0,PRZ4VhESz1A,9688
PRZ4VhESz1A$_$3,PRZ4VhESz1A,9689
PRZ4VhESz1A$_$2,PRZ4VhESz1A,9690
PRZ4VhESz1A$_$6,PRZ4VhESz1A,9691
PRZ4VhESz1A$_$9,PRZ4VhESz1A,9692
PRZ4VhESz1A$_$8,PRZ4VhESz1A,9693
PUIsiLk8etk$_$11,PUIsiLk8etk,9694
PUIsiLk8etk$_$10,PUIsiLk8etk,9695
PUIsiLk8etk$_$12,PUIsiLk8etk,9696
PUIsiLk8etk$_$1,PUIsiLk8etk,9697
PUIsiLk8etk$_$3,PUIsiLk8etk,9698
PUIsiLk8etk$_$4,PUIsiLk8etk,9699
PUIsiLk8etk$_$7,PUIsiLk8etk,9700
PUIsiLk8etk$_$6,PUIsiLk8etk,9701
PmemTgQHagk$_$1,PmemTgQHagk,9710
PmemTgQHagk$_$0,PmemTgQHagk,9711
PmemTgQHagk$_$3,PmemTgQHagk,9712
PmemTgQHagk$_$2,PmemTgQHagk,9713
PmemTgQHagk$_$5,PmemTgQHagk,9714
PmemTgQHagk$_$4,PmemTgQHagk,9715
PmemTgQHagk$_$7,PmemTgQHagk,9716
PmemTgQHagk$_$6,PmemTgQHagk,9717
PoKZEKOf1dA$_$1,PoKZEKOf1dA,9718
PoKZEKOf1dA$_$0,PoKZEKOf1dA,9719
PoKZEKOf1dA$_$3,PoKZEKOf1dA,9720
PoKZEKOf1dA$_$2,PoKZEKOf1dA,9721
PoKZEKOf1dA$_$5,PoKZEKOf1dA,9722
PoKZEKOf1dA$_$4,PoKZEKOf1dA,9723
PoKZEKOf1dA$_$6,PoKZEKOf1dA,9724
PohW-isYMK0$_$11,PohW-isYMK0,9725
PohW-isYMK0$_$10,PohW-isYMK0,9726
PohW-isYMK0$_$13,PohW-isYMK0,9727
PohW-isYMK0$_$12,PohW-isYMK0,9728
PohW-isYMK0$_$15,PohW-isYMK0,9729
PohW-isYMK0$_$14,PohW-isYMK0,9730
PohW-isYMK0$_$17,PohW-isYMK0,9731
PohW-isYMK0$_$16,PohW-isYMK0,9732
PohW-isYMK0$_$19,PohW-isYMK0,9733
PohW-isYMK0$_$18,PohW-isYMK0,9734
PohW-isYMK0$_$1,PohW-isYMK0,9735
PohW-isYMK0$_$3,PohW-isYMK0,9736
PohW-isYMK0$_$2,PohW-isYMK0,9737
PohW-isYMK0$_$5,PohW-isYMK0,9738
PohW-isYMK0$_$4,PohW-isYMK0,9739
PohW-isYMK0$_$7,PohW-isYMK0,9740
PohW-isYMK0$_$6,PohW-isYMK0,9741
PohW-isYMK0$_$9,PohW-isYMK0,9742
PohW-isYMK0$_$8,PohW-isYMK0,9743
PtH_8O__EAY$_$3,PtH_8O__EAY,9744
PybuzkS31J4$_$1,PybuzkS31J4,9747
PybuzkS31J4$_$0,PybuzkS31J4,9748
PybuzkS31J4$_$3,PybuzkS31J4,9749
PybuzkS31J4$_$4,PybuzkS31J4,9750
PybuzkS31J4$_$7,PybuzkS31J4,9751
Q2uHXKA8cq8$_$3,Q2uHXKA8cq8,9752
Q2uHXKA8cq8$_$2,Q2uHXKA8cq8,9753
Q2uHXKA8cq8$_$4,Q2uHXKA8cq8,9754
Q2uHXKA8cq8$_$7,Q2uHXKA8cq8,9755
Q2uHXKA8cq8$_$9,Q2uHXKA8cq8,9756
Q2uHXKA8cq8$_$8,Q2uHXKA8cq8,9757
Q5YU2sLKVL4$_$1,Q5YU2sLKVL4,9758
Q5YU2sLKVL4$_$3,Q5YU2sLKVL4,9759
Q5uYByRyswI$_$0,Q5uYByRyswI,9765
Q5uYByRyswI$_$3,Q5uYByRyswI,9766
Q5uYByRyswI$_$5,Q5uYByRyswI,9767
QDRtKv8PvFs$_$0,QDRtKv8PvFs,9785
QDRtKv8PvFs$_$3,QDRtKv8PvFs,9786
QDRtKv8PvFs$_$2,QDRtKv8PvFs,9787
QDRtKv8PvFs$_$4,QDRtKv8PvFs,9788
QDRtKv8PvFs$_$6,QDRtKv8PvFs,9789
QE0pAVSPsKQ$_$10,QE0pAVSPsKQ,9790
QE0pAVSPsKQ$_$26,QE0pAVSPsKQ,9791
QE0pAVSPsKQ$_$12,QE0pAVSPsKQ,9792
QE0pAVSPsKQ$_$15,QE0pAVSPsKQ,9793
QE0pAVSPsKQ$_$17,QE0pAVSPsKQ,9794
QE0pAVSPsKQ$_$22,QE0pAVSPsKQ,9795
QE0pAVSPsKQ$_$23,QE0pAVSPsKQ,9796
QE0pAVSPsKQ$_$18,QE0pAVSPsKQ,9797
QE0pAVSPsKQ$_$3,QE0pAVSPsKQ,9798
QE0pAVSPsKQ$_$2,QE0pAVSPsKQ,9799
QE0pAVSPsKQ$_$7,QE0pAVSPsKQ,9800
QE0pAVSPsKQ$_$6,QE0pAVSPsKQ,9801
QE0pAVSPsKQ$_$9,QE0pAVSPsKQ,9802
QEG_hkJsaYc$_$0,QEG_hkJsaYc,9803
QJCDZCllSYQ$_$1,QJCDZCllSYQ,9807
QJCDZCllSYQ$_$0,QJCDZCllSYQ,9808
QJCDZCllSYQ$_$4,QJCDZCllSYQ,9809
QWaUvAL-yiA$_$1,QWaUvAL-yiA,9844
QWaUvAL-yiA$_$3,QWaUvAL-yiA,9845
QWaUvAL-yiA$_$2,QWaUvAL-yiA,9846
QWzIJuhLLrc$_$1,QWzIJuhLLrc,9847
QWzIJuhLLrc$_$0,QWzIJuhLLrc,9848
QbJiphIpzYc$_$10,QbJiphIpzYc,9862
QbJiphIpzYc$_$13,QbJiphIpzYc,9863
QbJiphIpzYc$_$2,QbJiphIpzYc,9864
Qe4AT670hq4$_$6,Qe4AT670hq4,9865
QkMTYY69JYQ$_$1,QkMTYY69JYQ,9866
QkMTYY69JYQ$_$0,QkMTYY69JYQ,9867
QkMTYY69JYQ$_$3,QkMTYY69JYQ,9868
QkMTYY69JYQ$_$2,QkMTYY69JYQ,9869
QkMTYY69JYQ$_$5,QkMTYY69JYQ,9870
QkMTYY69JYQ$_$4,QkMTYY69JYQ,9871
QkMTYY69JYQ$_$7,QkMTYY69JYQ,9872
QkMTYY69JYQ$_$6,QkMTYY69JYQ,9873
QkMTYY69JYQ$_$9,QkMTYY69JYQ,9874
QkMTYY69JYQ$_$8,QkMTYY69JYQ,9875
QzdEjKQFisQ$_$1,QzdEjKQFisQ,9886
QzdEjKQFisQ$_$0,QzdEjKQFisQ,9887
QzdEjKQFisQ$_$3,QzdEjKQFisQ,9888
QzdEjKQFisQ$_$5,QzdEjKQFisQ,9889
QzdEjKQFisQ$_$4,QzdEjKQFisQ,9890
QzdEjKQFisQ$_$7,QzdEjKQFisQ,9891
QzdEjKQFisQ$_$9,QzdEjKQFisQ,9892
QzdEjKQFisQ$_$8,QzdEjKQFisQ,9893
R-17BoOk4kc$_$8,R-17BoOk4kc,9894
RAiO_rChmdU$_$3,RAiO_rChmdU,9922
RAiO_rChmdU$_$2,RAiO_rChmdU,9923
RAiO_rChmdU$_$4,RAiO_rChmdU,9924
RE-LIPOFnrE$_$0,RE-LIPOFnrE,9925
RE-LIPOFnrE$_$3,RE-LIPOFnrE,9926
RE-LIPOFnrE$_$2,RE-LIPOFnrE,9927
RE-LIPOFnrE$_$4,RE-LIPOFnrE,9928
RE-LIPOFnrE$_$9,RE-LIPOFnrE,9929
RE-LIPOFnrE$_$8,RE-LIPOFnrE,9930
REkPZ77s3Vc$_$0,REkPZ77s3Vc,9931
REkPZ77s3Vc$_$5,REkPZ77s3Vc,9932
REkPZ77s3Vc$_$4,REkPZ77s3Vc,9933
REkPZ77s3Vc$_$7,REkPZ77s3Vc,9934
REkPZ77s3Vc$_$6,REkPZ77s3Vc,9935
RRKez9BR-94$_$11,RRKez9BR-94,9967
RRKez9BR-94$_$10,RRKez9BR-94,9968
RRKez9BR-94$_$13,RRKez9BR-94,9969
RRKez9BR-94$_$12,RRKez9BR-94,9970
RRKez9BR-94$_$21,RRKez9BR-94,9971
RRKez9BR-94$_$16,RRKez9BR-94,9972
RRKez9BR-94$_$6,RRKez9BR-94,9973
RTzDzj4NxIM$_$1,RTzDzj4NxIM,10000
RTzDzj4NxIM$_$0,RTzDzj4NxIM,10001
RTzDzj4NxIM$_$3,RTzDzj4NxIM,10002
RTzDzj4NxIM$_$2,RTzDzj4NxIM,10003
RTzDzj4NxIM$_$5,RTzDzj4NxIM,10004
RTzDzj4NxIM$_$7,RTzDzj4NxIM,10005
RTzDzj4NxIM$_$6,RTzDzj4NxIM,10006
RTzDzj4NxIM$_$8,RTzDzj4NxIM,10007
RXcI6PK37lM$_$1,RXcI6PK37lM,10008
RXcI6PK37lM$_$0,RXcI6PK37lM,10009
RXcI6PK37lM$_$5,RXcI6PK37lM,10010
RXcI6PK37lM$_$4,RXcI6PK37lM,10011
RXcI6PK37lM$_$6,RXcI6PK37lM,10012
RXcI6PK37lM$_$9,RXcI6PK37lM,10013
RaTQZrdICKo$_$2,RaTQZrdICKo,10014
RadU51t1kL0$_$1,RadU51t1kL0,10015
RadU51t1kL0$_$0,RadU51t1kL0,10016
RadU51t1kL0$_$3,RadU51t1kL0,10017
RadU51t1kL0$_$5,RadU51t1kL0,10018
RadU51t1kL0$_$4,RadU51t1kL0,10019
RadU51t1kL0$_$7,RadU51t1kL0,10020
RadU51t1kL0$_$9,RadU51t1kL0,10021
RadU51t1kL0$_$8,RadU51t1kL0,10022
Rdf0Psjyrwc$_$1,Rdf0Psjyrwc,10031
Rdf0Psjyrwc$_$0,Rdf0Psjyrwc,10032
Rdf0Psjyrwc$_$3,Rdf0Psjyrwc,10033
Rdf0Psjyrwc$_$2,Rdf0Psjyrwc,10034
RgubFcmvgDE$_$1,RgubFcmvgDE,10037
RgubFcmvgDE$_$0,RgubFcmvgDE,10038
RgubFcmvgDE$_$3,RgubFcmvgDE,10039
RgubFcmvgDE$_$5,RgubFcmvgDE,10040
RgubFcmvgDE$_$4,RgubFcmvgDE,10041
RgubFcmvgDE$_$7,RgubFcmvgDE,10042
RgubFcmvgDE$_$6,RgubFcmvgDE,10043
Rt9rN1ntS3E$_$11,Rt9rN1ntS3E,10057
Rt9rN1ntS3E$_$10,Rt9rN1ntS3E,10058
Rt9rN1ntS3E$_$1,Rt9rN1ntS3E,10059
Rt9rN1ntS3E$_$0,Rt9rN1ntS3E,10060
Rt9rN1ntS3E$_$3,Rt9rN1ntS3E,10061
Rt9rN1ntS3E$_$2,Rt9rN1ntS3E,10062
Rt9rN1ntS3E$_$5,Rt9rN1ntS3E,10063
Rt9rN1ntS3E$_$4,Rt9rN1ntS3E,10064
Rt9rN1ntS3E$_$7,Rt9rN1ntS3E,10065
Rt9rN1ntS3E$_$6,Rt9rN1ntS3E,10066
Rt9rN1ntS3E$_$9,Rt9rN1ntS3E,10067
Rt9rN1ntS3E$_$8,Rt9rN1ntS3E,10068
Rugd2NMu4bA$_$11,Rugd2NMu4bA,10069
Rugd2NMu4bA$_$13,Rugd2NMu4bA,10070
Rugd2NMu4bA$_$15,Rugd2NMu4bA,10071
Rugd2NMu4bA$_$1,Rugd2NMu4bA,10072
Rugd2NMu4bA$_$5,Rugd2NMu4bA,10073
Rugd2NMu4bA$_$7,Rugd2NMu4bA,10074
RvIohowRPAk$_$11,RvIohowRPAk,10075
RvIohowRPAk$_$10,RvIohowRPAk,10076
RvIohowRPAk$_$12,RvIohowRPAk,10077
RvIohowRPAk$_$0,RvIohowRPAk,10078
RvIohowRPAk$_$3,RvIohowRPAk,10079
RvIohowRPAk$_$2,RvIohowRPAk,10080
RvIohowRPAk$_$4,RvIohowRPAk,10081
RvIohowRPAk$_$7,RvIohowRPAk,10082
Ry2NJPd4N3s$_$12,Ry2NJPd4N3s,10094
Ry2NJPd4N3s$_$15,Ry2NJPd4N3s,10095
Ry2NJPd4N3s$_$14,Ry2NJPd4N3s,10096
Ry2NJPd4N3s$_$23,Ry2NJPd4N3s,10097
Ry2NJPd4N3s$_$16,Ry2NJPd4N3s,10098
Ry2NJPd4N3s$_$2,Ry2NJPd4N3s,10099
Ry2NJPd4N3s$_$8,Ry2NJPd4N3s,10100
S0ecaAi_CJo$_$2,S0ecaAi_CJo,10101
S0ecaAi_CJo$_$4,S0ecaAi_CJo,10102
S21ApRNQ9Ko$_$15,S21ApRNQ9Ko,10103
S21ApRNQ9Ko$_$14,S21ApRNQ9Ko,10104
S21ApRNQ9Ko$_$1,S21ApRNQ9Ko,10105
S21ApRNQ9Ko$_$0,S21ApRNQ9Ko,10106
S21ApRNQ9Ko$_$3,S21ApRNQ9Ko,10107
S21ApRNQ9Ko$_$2,S21ApRNQ9Ko,10108
SCXp4l0CO4s$_$17,SCXp4l0CO4s,10132
SGsiGz2fdpo$_$24,SGsiGz2fdpo,10133
SGsiGz2fdpo$_$25,SGsiGz2fdpo,10134
SGsiGz2fdpo$_$26,SGsiGz2fdpo,10135
SGsiGz2fdpo$_$27,SGsiGz2fdpo,10136
SGsiGz2fdpo$_$20,SGsiGz2fdpo,10137
SGsiGz2fdpo$_$21,SGsiGz2fdpo,10138
SGsiGz2fdpo$_$22,SGsiGz2fdpo,10139
SGsiGz2fdpo$_$23,SGsiGz2fdpo,10140
SGsiGz2fdpo$_$29,SGsiGz2fdpo,10141
SGsiGz2fdpo$_$1,SGsiGz2fdpo,10142
SGsiGz2fdpo$_$2,SGsiGz2fdpo,10143
SGsiGz2fdpo$_$5,SGsiGz2fdpo,10144
SGsiGz2fdpo$_$4,SGsiGz2fdpo,10145
SGsiGz2fdpo$_$7,SGsiGz2fdpo,10146
SGsiGz2fdpo$_$6,SGsiGz2fdpo,10147
SGsiGz2fdpo$_$9,SGsiGz2fdpo,10148
SGsiGz2fdpo$_$8,SGsiGz2fdpo,10149
SGsiGz2fdpo$_$11,SGsiGz2fdpo,10150
SGsiGz2fdpo$_$10,SGsiGz2fdpo,10151
SGsiGz2fdpo$_$13,SGsiGz2fdpo,10152
SGsiGz2fdpo$_$12,SGsiGz2fdpo,10153
SGsiGz2fdpo$_$15,SGsiGz2fdpo,10154
SGsiGz2fdpo$_$14,SGsiGz2fdpo,10155
SGsiGz2fdpo$_$17,SGsiGz2fdpo,10156
SGsiGz2fdpo$_$16,SGsiGz2fdpo,10157
SGsiGz2fdpo$_$19,SGsiGz2fdpo,10158
SGsiGz2fdpo$_$18,SGsiGz2fdpo,10159
SGsiGz2fdpo$_$31,SGsiGz2fdpo,10160
SGsiGz2fdpo$_$30,SGsiGz2fdpo,10161
SGsiGz2fdpo$_$33,SGsiGz2fdpo,10162
SGsiGz2fdpo$_$32,SGsiGz2fdpo,10163
SH0wXyhsx9s$_$0,SH0wXyhsx9s,10164
SH0wXyhsx9s$_$2,SH0wXyhsx9s,10165
SH0wXyhsx9s$_$4,SH0wXyhsx9s,10166
SMr2DprlLu4$_$1,SMr2DprlLu4,10184
SNBqe_JpZC4$_$4,SNBqe_JpZC4,10187
SWHmteF5Rlk$_$10,SWHmteF5Rlk,10197
SWHmteF5Rlk$_$1,SWHmteF5Rlk,10198
SWHmteF5Rlk$_$0,SWHmteF5Rlk,10199
SWHmteF5Rlk$_$2,SWHmteF5Rlk,10200
SWHmteF5Rlk$_$5,SWHmteF5Rlk,10201
SWHmteF5Rlk$_$4,SWHmteF5Rlk,10202
SWHmteF5Rlk$_$7,SWHmteF5Rlk,10203
SWHmteF5Rlk$_$6,SWHmteF5Rlk,10204
SYnygYs-fAg$_$11,SYnygYs-fAg,10214
SYnygYs-fAg$_$10,SYnygYs-fAg,10215
SYnygYs-fAg$_$13,SYnygYs-fAg,10216
SYnygYs-fAg$_$12,SYnygYs-fAg,10217
SYnygYs-fAg$_$15,SYnygYs-fAg,10218
SYnygYs-fAg$_$14,SYnygYs-fAg,10219
SYnygYs-fAg$_$1,SYnygYs-fAg,10220
SYnygYs-fAg$_$0,SYnygYs-fAg,10221
SYnygYs-fAg$_$3,SYnygYs-fAg,10222
SYnygYs-fAg$_$2,SYnygYs-fAg,10223
SYnygYs-fAg$_$5,SYnygYs-fAg,10224
SYnygYs-fAg$_$4,SYnygYs-fAg,10225
SYnygYs-fAg$_$7,SYnygYs-fAg,10226
SYnygYs-fAg$_$6,SYnygYs-fAg,10227
SYnygYs-fAg$_$9,SYnygYs-fAg,10228
SYnygYs-fAg$_$8,SYnygYs-fAg,10229
SZRxuS6fn9s$_$1,SZRxuS6fn9s,10230
SZRxuS6fn9s$_$3,SZRxuS6fn9s,10231
SZRxuS6fn9s$_$2,SZRxuS6fn9s,10232
SZRxuS6fn9s$_$4,SZRxuS6fn9s,10233
Sir2QeCh4B0$_$1,Sir2QeCh4B0,10264
Sir2QeCh4B0$_$0,Sir2QeCh4B0,10265
Sir2QeCh4B0$_$3,Sir2QeCh4B0,10266
Sir2QeCh4B0$_$2,Sir2QeCh4B0,10267
Sir2QeCh4B0$_$5,Sir2QeCh4B0,10268
Sir2QeCh4B0$_$4,Sir2QeCh4B0,10269
Sir2QeCh4B0$_$6,Sir2QeCh4B0,10270
Sir2QeCh4B0$_$8,Sir2QeCh4B0,10271
SqtZGF_f63s$_$6,SqtZGF_f63s,10284
StgqrTr0JqU$_$11,StgqrTr0JqU,10292
StgqrTr0JqU$_$10,StgqrTr0JqU,10293
StgqrTr0JqU$_$12,StgqrTr0JqU,10294
StgqrTr0JqU$_$1,StgqrTr0JqU,10295
StgqrTr0JqU$_$0,StgqrTr0JqU,10296
StgqrTr0JqU$_$3,StgqrTr0JqU,10297
StgqrTr0JqU$_$2,StgqrTr0JqU,10298
StgqrTr0JqU$_$5,StgqrTr0JqU,10299
StgqrTr0JqU$_$4,StgqrTr0JqU,10300
StgqrTr0JqU$_$7,StgqrTr0JqU,10301
StgqrTr0JqU$_$6,StgqrTr0JqU,10302
StgqrTr0JqU$_$9,StgqrTr0JqU,10303
StgqrTr0JqU$_$8,StgqrTr0JqU,10304
SxbTZjZD0vU$_$1,SxbTZjZD0vU,10307
SxbTZjZD0vU$_$0,SxbTZjZD0vU,10308
SxbTZjZD0vU$_$3,SxbTZjZD0vU,10309
SxbTZjZD0vU$_$2,SxbTZjZD0vU,10310
SxbTZjZD0vU$_$5,SxbTZjZD0vU,10311
SxbTZjZD0vU$_$4,SxbTZjZD0vU,10312
SzJf6viBWBg$_$10,SzJf6viBWBg,10313
SzJf6viBWBg$_$2,SzJf6viBWBg,10314
SzJf6viBWBg$_$5,SzJf6viBWBg,10315
SzJf6viBWBg$_$4,SzJf6viBWBg,10316
SzJf6viBWBg$_$7,SzJf6viBWBg,10317
SzJf6viBWBg$_$6,SzJf6viBWBg,10318
T-8TvJcS78w$_$1,T-8TvJcS78w,10319
T-8TvJcS78w$_$3,T-8TvJcS78w,10320
T-8TvJcS78w$_$5,T-8TvJcS78w,10321
T-8TvJcS78w$_$4,T-8TvJcS78w,10322
T-8TvJcS78w$_$7,T-8TvJcS78w,10323
T-8TvJcS78w$_$6,T-8TvJcS78w,10324
T-8TvJcS78w$_$9,T-8TvJcS78w,10325
TBwetweXRb4$_$5,TBwetweXRb4,10359
TBwetweXRb4$_$4,TBwetweXRb4,10360
TBwetweXRb4$_$6,TBwetweXRb4,10361
TJelZLbfT2A$_$11,TJelZLbfT2A,10364
TJelZLbfT2A$_$13,TJelZLbfT2A,10365
TJelZLbfT2A$_$1,TJelZLbfT2A,10366
TJelZLbfT2A$_$0,TJelZLbfT2A,10367
TJelZLbfT2A$_$3,TJelZLbfT2A,10368
TJelZLbfT2A$_$2,TJelZLbfT2A,10369
TJelZLbfT2A$_$5,TJelZLbfT2A,10370
TJelZLbfT2A$_$4,TJelZLbfT2A,10371
TJelZLbfT2A$_$7,TJelZLbfT2A,10372
TJelZLbfT2A$_$6,TJelZLbfT2A,10373
TJelZLbfT2A$_$8,TJelZLbfT2A,10374
TM7cHOHfF70$_$11,TM7cHOHfF70,10375
TM7cHOHfF70$_$13,TM7cHOHfF70,10376
TM7cHOHfF70$_$22,TM7cHOHfF70,10377
TM7cHOHfF70$_$30,TM7cHOHfF70,10378
TM7cHOHfF70$_$26,TM7cHOHfF70,10379
TM7cHOHfF70$_$0,TM7cHOHfF70,10380
TM7cHOHfF70$_$5,TM7cHOHfF70,10381
TM7cHOHfF70$_$4,TM7cHOHfF70,10382
TM7cHOHfF70$_$6,TM7cHOHfF70,10383
TM7cHOHfF70$_$8,TM7cHOHfF70,10384
TSDC7CCyeGY$_$1,TSDC7CCyeGY,10402
TSDC7CCyeGY$_$3,TSDC7CCyeGY,10403
TSDC7CCyeGY$_$2,TSDC7CCyeGY,10404
TSDC7CCyeGY$_$5,TSDC7CCyeGY,10405
TSDC7CCyeGY$_$4,TSDC7CCyeGY,10406
TSDC7CCyeGY$_$6,TSDC7CCyeGY,10407
TUzD45ghy4k$_$0,TUzD45ghy4k,10417
TVhXqAI9gyA$_$1,TVhXqAI9gyA,10418
TVhXqAI9gyA$_$13,TVhXqAI9gyA,10419
TVhXqAI9gyA$_$2,TVhXqAI9gyA,10420
TVhXqAI9gyA$_$14,TVhXqAI9gyA,10421
TVhXqAI9gyA$_$7,TVhXqAI9gyA,10422
TWMFQED1Myk$_$1,TWMFQED1Myk,10423
TWMFQED1Myk$_$0,TWMFQED1Myk,10424
TWMFQED1Myk$_$3,TWMFQED1Myk,10425
TWMFQED1Myk$_$2,TWMFQED1Myk,10426
TWMFQED1Myk$_$5,TWMFQED1Myk,10427
TWMFQED1Myk$_$4,TWMFQED1Myk,10428
TWMFQED1Myk$_$7,TWMFQED1Myk,10429
TWMFQED1Myk$_$6,TWMFQED1Myk,10430
TWMFQED1Myk$_$9,TWMFQED1Myk,10431
TWMFQED1Myk$_$8,TWMFQED1Myk,10432
TWf0XFpXwfs$_$10,TWf0XFpXwfs,10433
TWf0XFpXwfs$_$0,TWf0XFpXwfs,10434
TWf0XFpXwfs$_$4,TWf0XFpXwfs,10435
TWf0XFpXwfs$_$7,TWf0XFpXwfs,10436
TWf0XFpXwfs$_$6,TWf0XFpXwfs,10437
TbZPa_keawc$_$11,TbZPa_keawc,10447
TbZPa_keawc$_$10,TbZPa_keawc,10448
TbZPa_keawc$_$14,TbZPa_keawc,10449
TbZPa_keawc$_$1,TbZPa_keawc,10450
TbZPa_keawc$_$3,TbZPa_keawc,10451
TbZPa_keawc$_$8,TbZPa_keawc,10452
Te-vgmYgGM4$_$4,Te-vgmYgGM4,10455
TfBVq9oWBmM$_$1,TfBVq9oWBmM,10456
TfBVq9oWBmM$_$2,TfBVq9oWBmM,10457
TksWzxo81Mk$_$1,TksWzxo81Mk,10464
TksWzxo81Mk$_$0,TksWzxo81Mk,10465
TksWzxo81Mk$_$3,TksWzxo81Mk,10466
TksWzxo81Mk$_$2,TksWzxo81Mk,10467
TksWzxo81Mk$_$5,TksWzxo81Mk,10468
TksWzxo81Mk$_$4,TksWzxo81Mk,10469
TksWzxo81Mk$_$7,TksWzxo81Mk,10470
TksWzxo81Mk$_$6,TksWzxo81Mk,10471
TxJjAK0WrOY$_$10,TxJjAK0WrOY,10482
TxJjAK0WrOY$_$13,TxJjAK0WrOY,10483
U8Ewftg_8CI$_$11,U8Ewftg_8CI,10498
U8Ewftg_8CI$_$10,U8Ewftg_8CI,10499
U8Ewftg_8CI$_$13,U8Ewftg_8CI,10500
U8Ewftg_8CI$_$1,U8Ewftg_8CI,10501
U8Ewftg_8CI$_$2,U8Ewftg_8CI,10502
U8Ewftg_8CI$_$5,U8Ewftg_8CI,10503
U8Ewftg_8CI$_$9,U8Ewftg_8CI,10504
U8Ewftg_8CI$_$8,U8Ewftg_8CI,10505
UK_IXtJ2BqI$_$11,UK_IXtJ2BqI,10511
UK_IXtJ2BqI$_$10,UK_IXtJ2BqI,10512
UK_IXtJ2BqI$_$13,UK_IXtJ2BqI,10513
UK_IXtJ2BqI$_$12,UK_IXtJ2BqI,10514
UK_IXtJ2BqI$_$15,UK_IXtJ2BqI,10515
UK_IXtJ2BqI$_$14,UK_IXtJ2BqI,10516
UK_IXtJ2BqI$_$17,UK_IXtJ2BqI,10517
UK_IXtJ2BqI$_$16,UK_IXtJ2BqI,10518
UK_IXtJ2BqI$_$18,UK_IXtJ2BqI,10519
UK_IXtJ2BqI$_$1,UK_IXtJ2BqI,10520
UK_IXtJ2BqI$_$3,UK_IXtJ2BqI,10521
UK_IXtJ2BqI$_$2,UK_IXtJ2BqI,10522
UK_IXtJ2BqI$_$5,UK_IXtJ2BqI,10523
UK_IXtJ2BqI$_$4,UK_IXtJ2BqI,10524
UK_IXtJ2BqI$_$7,UK_IXtJ2BqI,10525
UK_IXtJ2BqI$_$6,UK_IXtJ2BqI,10526
UK_IXtJ2BqI$_$9,UK_IXtJ2BqI,10527
UK_IXtJ2BqI$_$8,UK_IXtJ2BqI,10528
ULkFbie8g-I$_$1,ULkFbie8g-I,10529
ULkFbie8g-I$_$3,ULkFbie8g-I,10530
ULkFbie8g-I$_$2,ULkFbie8g-I,10531
UPghCarcnMc$_$1,UPghCarcnMc,10538
UPghCarcnMc$_$0,UPghCarcnMc,10539
UPghCarcnMc$_$3,UPghCarcnMc,10540
UPghCarcnMc$_$2,UPghCarcnMc,10541
UPghCarcnMc$_$5,UPghCarcnMc,10542
UPghCarcnMc$_$4,UPghCarcnMc,10543
UPghCarcnMc$_$6,UPghCarcnMc,10544
UTNP1roJV3I$_$0,UTNP1roJV3I,10547
UTNP1roJV3I$_$3,UTNP1roJV3I,10548
UTNP1roJV3I$_$2,UTNP1roJV3I,10549
UTNP1roJV3I$_$5,UTNP1roJV3I,10550
UTNP1roJV3I$_$7,UTNP1roJV3I,10551
Uc-0G7RRxoY$_$16,Uc-0G7RRxoY,10596
Uc-0G7RRxoY$_$15,Uc-0G7RRxoY,10597
Uc-0G7RRxoY$_$6,Uc-0G7RRxoY,10598
UtuTyW9pUN8$_$1,UtuTyW9pUN8,10646
UtuTyW9pUN8$_$3,UtuTyW9pUN8,10647
UtuTyW9pUN8$_$2,UtuTyW9pUN8,10648
UtuTyW9pUN8$_$5,UtuTyW9pUN8,10649
UtuTyW9pUN8$_$4,UtuTyW9pUN8,10650
UtuTyW9pUN8$_$7,UtuTyW9pUN8,10651
UtuTyW9pUN8$_$6,UtuTyW9pUN8,10652
UtuTyW9pUN8$_$9,UtuTyW9pUN8,10653
UuR4Rw38v_U$_$1,UuR4Rw38v_U,10654
UuR4Rw38v_U$_$3,UuR4Rw38v_U,10655
UuR4Rw38v_U$_$5,UuR4Rw38v_U,10656
Uw1nWfSuyo8$_$2,Uw1nWfSuyo8,10657
Uw1nWfSuyo8$_$6,Uw1nWfSuyo8,10658
VA6lVHlj5d0$_$1,VA6lVHlj5d0,10660
VA6lVHlj5d0$_$0,VA6lVHlj5d0,10661
VA6lVHlj5d0$_$3,VA6lVHlj5d0,10662
VA6lVHlj5d0$_$2,VA6lVHlj5d0,10663
VA6lVHlj5d0$_$5,VA6lVHlj5d0,10664
VA6lVHlj5d0$_$4,VA6lVHlj5d0,10665
VA6lVHlj5d0$_$6,VA6lVHlj5d0,10666
VAr7gJydnys$_$11,VAr7gJydnys,10670
VAr7gJydnys$_$10,VAr7gJydnys,10671
VAr7gJydnys$_$13,VAr7gJydnys,10672
VAr7gJydnys$_$12,VAr7gJydnys,10673
VAr7gJydnys$_$17,VAr7gJydnys,10674
VAr7gJydnys$_$16,VAr7gJydnys,10675
VAr7gJydnys$_$19,VAr7gJydnys,10676
VAr7gJydnys$_$18,VAr7gJydnys,10677
VAr7gJydnys$_$1,VAr7gJydnys,10678
VAr7gJydnys$_$0,VAr7gJydnys,10679
VAr7gJydnys$_$3,VAr7gJydnys,10680
VAr7gJydnys$_$2,VAr7gJydnys,10681
VAr7gJydnys$_$5,VAr7gJydnys,10682
VAr7gJydnys$_$4,VAr7gJydnys,10683
VAr7gJydnys$_$7,VAr7gJydnys,10684
VAr7gJydnys$_$6,VAr7gJydnys,10685
VAr7gJydnys$_$9,VAr7gJydnys,10686
VAr7gJydnys$_$8,VAr7gJydnys,10687
VDjnKdFxuBE$_$0,VDjnKdFxuBE,10689
VN1IPN1TL3Q$_$0,VN1IPN1TL3Q,10690
VN1IPN1TL3Q$_$5,VN1IPN1TL3Q,10691
VN1IPN1TL3Q$_$6,VN1IPN1TL3Q,10692
VVZLA2neYyw$_$1,VVZLA2neYyw,10696
VVZLA2neYyw$_$3,VVZLA2neYyw,10697
VVZLA2neYyw$_$2,VVZLA2neYyw,10698
VWik5oKP6IU$_$10,VWik5oKP6IU,10699
VWik5oKP6IU$_$1,VWik5oKP6IU,10700
VWik5oKP6IU$_$0,VWik5oKP6IU,10701
VWik5oKP6IU$_$3,VWik5oKP6IU,10702
VWik5oKP6IU$_$5,VWik5oKP6IU,10703
VWik5oKP6IU$_$7,VWik5oKP6IU,10704
VWik5oKP6IU$_$6,VWik5oKP6IU,10705
VWik5oKP6IU$_$9,VWik5oKP6IU,10706
VWik5oKP6IU$_$8,VWik5oKP6IU,10707
Va54WZgPTdY$_$3,Va54WZgPTdY,10718
Va54WZgPTdY$_$5,Va54WZgPTdY,10719
Va54WZgPTdY$_$4,Va54WZgPTdY,10720
Va54WZgPTdY$_$7,Va54WZgPTdY,10721
Va54WZgPTdY$_$6,Va54WZgPTdY,10722
VbSsGRXIwjc$_$2,VbSsGRXIwjc,10723
VbSsGRXIwjc$_$6,VbSsGRXIwjc,10724
VcZffwwL0bw$_$3,VcZffwwL0bw,10726
VcZffwwL0bw$_$2,VcZffwwL0bw,10727
VcZffwwL0bw$_$5,VcZffwwL0bw,10728
VcZffwwL0bw$_$4,VcZffwwL0bw,10729
VcZffwwL0bw$_$6,VcZffwwL0bw,10730
VcZffwwL0bw$_$9,VcZffwwL0bw,10731
VcZffwwL0bw$_$8,VcZffwwL0bw,10732
Ve-mmCM8TI0$_$11,Ve-mmCM8TI0,10733
Ve-mmCM8TI0$_$15,Ve-mmCM8TI0,10734
Ve-mmCM8TI0$_$14,Ve-mmCM8TI0,10735
Ve-mmCM8TI0$_$3,Ve-mmCM8TI0,10736
Ve-mmCM8TI0$_$2,Ve-mmCM8TI0,10737
Ve-mmCM8TI0$_$5,Ve-mmCM8TI0,10738
Ve-mmCM8TI0$_$4,Ve-mmCM8TI0,10739
Ve-mmCM8TI0$_$7,Ve-mmCM8TI0,10740
Ve-mmCM8TI0$_$6,Ve-mmCM8TI0,10741
Ve-mmCM8TI0$_$9,Ve-mmCM8TI0,10742
VhKJm_jiciU$_$11,VhKJm_jiciU,10747
VhKJm_jiciU$_$10,VhKJm_jiciU,10748
VhKJm_jiciU$_$3,VhKJm_jiciU,10749
VhKJm_jiciU$_$4,VhKJm_jiciU,10750
VhKJm_jiciU$_$6,VhKJm_jiciU,10751
VhKJm_jiciU$_$9,VhKJm_jiciU,10752
VugBIVwSmaI$_$0,VugBIVwSmaI,10763
Vw4-ae-ucHE$_$0,Vw4-ae-ucHE,10770
Vw4-ae-ucHE$_$3,Vw4-ae-ucHE,10771
Vw4-ae-ucHE$_$2,Vw4-ae-ucHE,10772
Vw4-ae-ucHE$_$6,Vw4-ae-ucHE,10773
Vx8npmcFxak$_$1,Vx8npmcFxak,10774
Vx8npmcFxak$_$3,Vx8npmcFxak,10775
Vx8npmcFxak$_$5,Vx8npmcFxak,10776
Vx8npmcFxak$_$4,Vx8npmcFxak,10777
Vx8npmcFxak$_$7,Vx8npmcFxak,10778
Vx8npmcFxak$_$6,Vx8npmcFxak,10779
Vx8npmcFxak$_$8,Vx8npmcFxak,10780
W-pA0lOGLR0$_$0,W-pA0lOGLR0,10794
W-pA0lOGLR0$_$3,W-pA0lOGLR0,10795
W-pA0lOGLR0$_$2,W-pA0lOGLR0,10796
W-pA0lOGLR0$_$5,W-pA0lOGLR0,10797
W-pA0lOGLR0$_$4,W-pA0lOGLR0,10798
W-pA0lOGLR0$_$6,W-pA0lOGLR0,10799
W-pA0lOGLR0$_$9,W-pA0lOGLR0,10800
W40BaML7mzc$_$1,W40BaML7mzc,10827
W40BaML7mzc$_$0,W40BaML7mzc,10828
W40BaML7mzc$_$7,W40BaML7mzc,10829
WAXJRnJXmOA$_$10,WAXJRnJXmOA,10844
WAXJRnJXmOA$_$12,WAXJRnJXmOA,10845
WAXJRnJXmOA$_$15,WAXJRnJXmOA,10846
WAXJRnJXmOA$_$17,WAXJRnJXmOA,10847
WAXJRnJXmOA$_$18,WAXJRnJXmOA,10848
WAXJRnJXmOA$_$0,WAXJRnJXmOA,10849
WAXJRnJXmOA$_$2,WAXJRnJXmOA,10850
WAXJRnJXmOA$_$5,WAXJRnJXmOA,10851
WGfGxoI05ew$_$1,WGfGxoI05ew,10856
WGfGxoI05ew$_$3,WGfGxoI05ew,10857
WHUHTmtBJWU$_$16,WHUHTmtBJWU,10858
WHUHTmtBJWU$_$14,WHUHTmtBJWU,10859
WHUHTmtBJWU$_$6,WHUHTmtBJWU,10860
WMzvDL7b4sM$_$1,WMzvDL7b4sM,10864
WMzvDL7b4sM$_$0,WMzvDL7b4sM,10865
WMzvDL7b4sM$_$3,WMzvDL7b4sM,10866
WMzvDL7b4sM$_$2,WMzvDL7b4sM,10867
WMzvDL7b4sM$_$4,WMzvDL7b4sM,10868
WSjlhBDxNW8$_$1,WSjlhBDxNW8,10869
WSjlhBDxNW8$_$0,WSjlhBDxNW8,10870
WSjlhBDxNW8$_$3,WSjlhBDxNW8,10871
WSjlhBDxNW8$_$2,WSjlhBDxNW8,10872
WSjlhBDxNW8$_$7,WSjlhBDxNW8,10873
WSjlhBDxNW8$_$9,WSjlhBDxNW8,10874
WUeSV0Z23Kg$_$1,WUeSV0Z23Kg,10885
WUeSV0Z23Kg$_$2,WUeSV0Z23Kg,10886
WXKgBIiP8IA$_$10,WXKgBIiP8IA,10887
WXKgBIiP8IA$_$1,WXKgBIiP8IA,10888
WXKgBIiP8IA$_$0,WXKgBIiP8IA,10889
WXKgBIiP8IA$_$3,WXKgBIiP8IA,10890
WXKgBIiP8IA$_$2,WXKgBIiP8IA,10891
WXKgBIiP8IA$_$5,WXKgBIiP8IA,10892
WXKgBIiP8IA$_$4,WXKgBIiP8IA,10893
WXKgBIiP8IA$_$7,WXKgBIiP8IA,10894
WXKgBIiP8IA$_$6,WXKgBIiP8IA,10895
WXKgBIiP8IA$_$9,WXKgBIiP8IA,10896
WXKgBIiP8IA$_$8,WXKgBIiP8IA,10897
We5nTulz1Vs$_$1,We5nTulz1Vs,10904
We5nTulz1Vs$_$0,We5nTulz1Vs,10905
We5nTulz1Vs$_$5,We5nTulz1Vs,10906
We5nTulz1Vs$_$4,We5nTulz1Vs,10907
Wfn7XvSEwUA$_$10,Wfn7XvSEwUA,10908
Wfn7XvSEwUA$_$1,Wfn7XvSEwUA,10909
Wfn7XvSEwUA$_$0,Wfn7XvSEwUA,10910
Wfn7XvSEwUA$_$3,Wfn7XvSEwUA,10911
Wfn7XvSEwUA$_$4,Wfn7XvSEwUA,10912
Wfn7XvSEwUA$_$7,Wfn7XvSEwUA,10913
Wfn7XvSEwUA$_$9,Wfn7XvSEwUA,10914
Wfn7XvSEwUA$_$8,Wfn7XvSEwUA,10915
Wh6sht7xwqQ$_$11,Wh6sht7xwqQ,10916
Wh6sht7xwqQ$_$10,Wh6sht7xwqQ,10917
Wh6sht7xwqQ$_$12,Wh6sht7xwqQ,10918
Wh6sht7xwqQ$_$1,Wh6sht7xwqQ,10919
Wh6sht7xwqQ$_$0,Wh6sht7xwqQ,10920
Wh6sht7xwqQ$_$3,Wh6sht7xwqQ,10921
Wh6sht7xwqQ$_$2,Wh6sht7xwqQ,10922
Wh6sht7xwqQ$_$5,Wh6sht7xwqQ,10923
Wh6sht7xwqQ$_$4,Wh6sht7xwqQ,10924
Wh6sht7xwqQ$_$7,Wh6sht7xwqQ,10925
Wh6sht7xwqQ$_$6,Wh6sht7xwqQ,10926
Wh6sht7xwqQ$_$9,Wh6sht7xwqQ,10927
Wn8nz8GPKkI$_$1,Wn8nz8GPKkI,10928
Wn8nz8GPKkI$_$0,Wn8nz8GPKkI,10929
Wn8nz8GPKkI$_$7,Wn8nz8GPKkI,10930
Wnw1IAEDwDM$_$8,Wnw1IAEDwDM,10931
Wnw1IAEDwDM$_$6,Wnw1IAEDwDM,10932
Wnw1IAEDwDM$_$0,Wnw1IAEDwDM,10933
Wo1RxRjXyYw$_$1,Wo1RxRjXyYw,10934
Wo1RxRjXyYw$_$0,Wo1RxRjXyYw,10935
Wo1RxRjXyYw$_$3,Wo1RxRjXyYw,10936
Wo1RxRjXyYw$_$2,Wo1RxRjXyYw,10937
Wo1RxRjXyYw$_$4,Wo1RxRjXyYw,10938
Wo1RxRjXyYw$_$6,Wo1RxRjXyYw,10939
Wo1RxRjXyYw$_$8,Wo1RxRjXyYw,10940
WtiBpLt2wuA$_$2,WtiBpLt2wuA,10946
Wx9nThz5z_Y$_$31,Wx9nThz5z_Y,10947
Wx9nThz5z_Y$_$43,Wx9nThz5z_Y,10948
Wx9nThz5z_Y$_$4,Wx9nThz5z_Y,10949
X0jMZoxUL2A$_$11,X0jMZoxUL2A,10958
X0jMZoxUL2A$_$10,X0jMZoxUL2A,10959
X0jMZoxUL2A$_$0,X0jMZoxUL2A,10960
X0jMZoxUL2A$_$3,X0jMZoxUL2A,10961
X0jMZoxUL2A$_$2,X0jMZoxUL2A,10962
X0jMZoxUL2A$_$5,X0jMZoxUL2A,10963
X0jMZoxUL2A$_$4,X0jMZoxUL2A,10964
X0jMZoxUL2A$_$7,X0jMZoxUL2A,10965
X0jMZoxUL2A$_$6,X0jMZoxUL2A,10966
X0jMZoxUL2A$_$9,X0jMZoxUL2A,10967
X0jMZoxUL2A$_$8,X0jMZoxUL2A,10968
X2leyjuolDM$_$14,X2leyjuolDM,10969
X2leyjuolDM$_$1,X2leyjuolDM,10970
X2leyjuolDM$_$3,X2leyjuolDM,10971
X2leyjuolDM$_$5,X2leyjuolDM,10972
X2leyjuolDM$_$7,X2leyjuolDM,10973
X2leyjuolDM$_$6,X2leyjuolDM,10974
X2leyjuolDM$_$8,X2leyjuolDM,10975
XAT2IfFFAU0$_$3,XAT2IfFFAU0,10992
XAT2IfFFAU0$_$2,XAT2IfFFAU0,10993
XAT2IfFFAU0$_$5,XAT2IfFFAU0,10994
XAT2IfFFAU0$_$4,XAT2IfFFAU0,10995
XAT2IfFFAU0$_$7,XAT2IfFFAU0,10996
XAT2IfFFAU0$_$8,XAT2IfFFAU0,10997
XCyngF93SmU$_$0,XCyngF93SmU,11011
XCyngF93SmU$_$3,XCyngF93SmU,11012
XCyngF93SmU$_$2,XCyngF93SmU,11013
XCyngF93SmU$_$5,XCyngF93SmU,11014
XCyngF93SmU$_$4,XCyngF93SmU,11015
XCyngF93SmU$_$6,XCyngF93SmU,11016
XDVkhOziCkg$_$1,XDVkhOziCkg,11017
XDVkhOziCkg$_$0,XDVkhOziCkg,11018
XDVkhOziCkg$_$2,XDVkhOziCkg,11019
XFJQJb0yaKY$_$0,XFJQJb0yaKY,11035
XFJQJb0yaKY$_$2,XFJQJb0yaKY,11036
XQxnAPleuCE$_$0,XQxnAPleuCE,11050
XQxnAPleuCE$_$3,XQxnAPleuCE,11051
XXvSLz8QmGk$_$11,XXvSLz8QmGk,11058
XXvSLz8QmGk$_$10,XXvSLz8QmGk,11059
XXvSLz8QmGk$_$13,XXvSLz8QmGk,11060
XXvSLz8QmGk$_$15,XXvSLz8QmGk,11061
XXvSLz8QmGk$_$14,XXvSLz8QmGk,11062
XXvSLz8QmGk$_$1,XXvSLz8QmGk,11063
XXvSLz8QmGk$_$0,XXvSLz8QmGk,11064
XXvSLz8QmGk$_$3,XXvSLz8QmGk,11065
XXvSLz8QmGk$_$4,XXvSLz8QmGk,11066
XXvSLz8QmGk$_$7,XXvSLz8QmGk,11067
XXvSLz8QmGk$_$9,XXvSLz8QmGk,11068
Xe-keAcLge0$_$2,Xe-keAcLge0,11082
Xe-keAcLge0$_$5,Xe-keAcLge0,11083
XgT2WWcXip4$_$10,XgT2WWcXip4,11084
XgT2WWcXip4$_$0,XgT2WWcXip4,11085
XgT2WWcXip4$_$7,XgT2WWcXip4,11086
XgT2WWcXip4$_$8,XgT2WWcXip4,11087
Xo6-V2RlWss$_$1,Xo6-V2RlWss,11088
Xo6-V2RlWss$_$0,Xo6-V2RlWss,11089
Xo6-V2RlWss$_$2,Xo6-V2RlWss,11090
Xo6-V2RlWss$_$4,Xo6-V2RlWss,11091
Xq7zLxYHxd8$_$11,Xq7zLxYHxd8,11092
Xq7zLxYHxd8$_$10,Xq7zLxYHxd8,11093
Xq7zLxYHxd8$_$0,Xq7zLxYHxd8,11094
Xq7zLxYHxd8$_$3,Xq7zLxYHxd8,11095
Xq7zLxYHxd8$_$2,Xq7zLxYHxd8,11096
Xq7zLxYHxd8$_$4,Xq7zLxYHxd8,11097
Xq7zLxYHxd8$_$8,Xq7zLxYHxd8,11098
XwOdPYlyqXA$_$12,XwOdPYlyqXA,11101
XwOdPYlyqXA$_$4,XwOdPYlyqXA,11102
XwOdPYlyqXA$_$7,XwOdPYlyqXA,11103
XyBU_gZtU0M$_$11,XyBU_gZtU0M,11113
XyBU_gZtU0M$_$10,XyBU_gZtU0M,11114
XyBU_gZtU0M$_$13,XyBU_gZtU0M,11115
XyBU_gZtU0M$_$12,XyBU_gZtU0M,11116
XyBU_gZtU0M$_$15,XyBU_gZtU0M,11117
XyBU_gZtU0M$_$14,XyBU_gZtU0M,11118
XyBU_gZtU0M$_$17,XyBU_gZtU0M,11119
XyBU_gZtU0M$_$16,XyBU_gZtU0M,11120
XyBU_gZtU0M$_$19,XyBU_gZtU0M,11121
XyBU_gZtU0M$_$18,XyBU_gZtU0M,11122
XyBU_gZtU0M$_$22,XyBU_gZtU0M,11123
XyBU_gZtU0M$_$23,XyBU_gZtU0M,11124
XyBU_gZtU0M$_$0,XyBU_gZtU0M,11125
XyBU_gZtU0M$_$5,XyBU_gZtU0M,11126
XyBU_gZtU0M$_$4,XyBU_gZtU0M,11127
XyBU_gZtU0M$_$7,XyBU_gZtU0M,11128
XyBU_gZtU0M$_$6,XyBU_gZtU0M,11129
XyBU_gZtU0M$_$9,XyBU_gZtU0M,11130
XyBU_gZtU0M$_$20,XyBU_gZtU0M,11131
XyBU_gZtU0M$_$8,XyBU_gZtU0M,11132
XyBU_gZtU0M$_$21,XyBU_gZtU0M,11133
XzhRYIeczg4$_$5,XzhRYIeczg4,11134
XzhRYIeczg4$_$6,XzhRYIeczg4,11135
Y6s_vuUUsJM$_$9,Y6s_vuUUsJM,11141
Y6s_vuUUsJM$_$10,Y6s_vuUUsJM,11142
Y6s_vuUUsJM$_$1,Y6s_vuUUsJM,11143
Y6s_vuUUsJM$_$4,Y6s_vuUUsJM,11144
YAYfMkxhRiQ$_$1,YAYfMkxhRiQ,11155
YAYfMkxhRiQ$_$0,YAYfMkxhRiQ,11156
YAYfMkxhRiQ$_$3,YAYfMkxhRiQ,11157
YAYfMkxhRiQ$_$2,YAYfMkxhRiQ,11158
YAYfMkxhRiQ$_$6,YAYfMkxhRiQ,11159
YB9EUgrzCCo$_$9,YB9EUgrzCCo,11160
YB9EUgrzCCo$_$10,YB9EUgrzCCo,11161
YB9EUgrzCCo$_$5,YB9EUgrzCCo,11162
YB9EUgrzCCo$_$7,YB9EUgrzCCo,11163
YD5vqR15nco$_$1,YD5vqR15nco,11164
YD5vqR15nco$_$0,YD5vqR15nco,11165
YF3mDOuF46M$_$0,YF3mDOuF46M,11169
YF3mDOuF46M$_$3,YF3mDOuF46M,11170
YF3mDOuF46M$_$2,YF3mDOuF46M,11171
YF3mDOuF46M$_$5,YF3mDOuF46M,11172
YF3mDOuF46M$_$4,YF3mDOuF46M,11173
YF3mDOuF46M$_$7,YF3mDOuF46M,11174
YF3mDOuF46M$_$6,YF3mDOuF46M,11175
YLA7h1RTa9w$_$11,YLA7h1RTa9w,11201
YLA7h1RTa9w$_$10,YLA7h1RTa9w,11202
YLA7h1RTa9w$_$12,YLA7h1RTa9w,11203
YLA7h1RTa9w$_$1,YLA7h1RTa9w,11204
YLA7h1RTa9w$_$0,YLA7h1RTa9w,11205
YLA7h1RTa9w$_$3,YLA7h1RTa9w,11206
YLA7h1RTa9w$_$5,YLA7h1RTa9w,11207
YLA7h1RTa9w$_$4,YLA7h1RTa9w,11208
YLA7h1RTa9w$_$7,YLA7h1RTa9w,11209
YLA7h1RTa9w$_$9,YLA7h1RTa9w,11210
YLA7h1RTa9w$_$8,YLA7h1RTa9w,11211
YQUutkMdLj0$_$1,YQUutkMdLj0,11212
YQUutkMdLj0$_$3,YQUutkMdLj0,11213
YQUutkMdLj0$_$2,YQUutkMdLj0,11214
YQUutkMdLj0$_$4,YQUutkMdLj0,11215
YQanVofsHoE$_$0,YQanVofsHoE,11216
YVHJpAROBvQ$_$1,YVHJpAROBvQ,11235
YVHJpAROBvQ$_$3,YVHJpAROBvQ,11236
YVHJpAROBvQ$_$2,YVHJpAROBvQ,11237
YVHJpAROBvQ$_$4,YVHJpAROBvQ,11238
YWjTWl0oNLk$_$11,YWjTWl0oNLk,11239
YWjTWl0oNLk$_$12,YWjTWl0oNLk,11240
YWjTWl0oNLk$_$1,YWjTWl0oNLk,11241
YWjTWl0oNLk$_$0,YWjTWl0oNLk,11242
YWjTWl0oNLk$_$3,YWjTWl0oNLk,11243
YWjTWl0oNLk$_$5,YWjTWl0oNLk,11244
YWjTWl0oNLk$_$4,YWjTWl0oNLk,11245
YWjTWl0oNLk$_$7,YWjTWl0oNLk,11246
YWjTWl0oNLk$_$6,YWjTWl0oNLk,11247
YWjTWl0oNLk$_$9,YWjTWl0oNLk,11248
YWjTWl0oNLk$_$8,YWjTWl0oNLk,11249
YcyHQQXGXWA$_$1,YcyHQQXGXWA,11290
YcyHQQXGXWA$_$3,YcyHQQXGXWA,11291
YcyHQQXGXWA$_$5,YcyHQQXGXWA,11292
YcyHQQXGXWA$_$4,YcyHQQXGXWA,11293
YcyHQQXGXWA$_$6,YcyHQQXGXWA,11294
YcyHQQXGXWA$_$8,YcyHQQXGXWA,11295
YfxtwXXkCmc$_$1,YfxtwXXkCmc,11296
YfxtwXXkCmc$_$0,YfxtwXXkCmc,11297
YfxtwXXkCmc$_$3,YfxtwXXkCmc,11298
YfxtwXXkCmc$_$2,YfxtwXXkCmc,11299
YfxtwXXkCmc$_$5,YfxtwXXkCmc,11300
YfxtwXXkCmc$_$4,YfxtwXXkCmc,11301
Yn8vNC41UMg$_$10,Yn8vNC41UMg,11323
Yn8vNC41UMg$_$22,Yn8vNC41UMg,11324
Yn8vNC41UMg$_$7,Yn8vNC41UMg,11325
YodtMIsjM0c$_$11,YodtMIsjM0c,11326
YodtMIsjM0c$_$10,YodtMIsjM0c,11327
YodtMIsjM0c$_$13,YodtMIsjM0c,11328
YodtMIsjM0c$_$12,YodtMIsjM0c,11329
YodtMIsjM0c$_$1,YodtMIsjM0c,11330
YodtMIsjM0c$_$0,YodtMIsjM0c,11331
YodtMIsjM0c$_$3,YodtMIsjM0c,11332
YodtMIsjM0c$_$2,YodtMIsjM0c,11333
YodtMIsjM0c$_$5,YodtMIsjM0c,11334
YodtMIsjM0c$_$7,YodtMIsjM0c,11335
YodtMIsjM0c$_$6,YodtMIsjM0c,11336
YodtMIsjM0c$_$9,YodtMIsjM0c,11337
YrPXbGBvqGo$_$0,YrPXbGBvqGo,11340
YrPXbGBvqGo$_$3,YrPXbGBvqGo,11341
YrPXbGBvqGo$_$12,YrPXbGBvqGo,11342
YrPXbGBvqGo$_$13,YrPXbGBvqGo,11343
Z-26eyME6Co$_$10,Z-26eyME6Co,11344
Z-26eyME6Co$_$13,Z-26eyME6Co,11345
Z-26eyME6Co$_$15,Z-26eyME6Co,11346
Z-26eyME6Co$_$0,Z-26eyME6Co,11347
Z-26eyME6Co$_$2,Z-26eyME6Co,11348
Z-26eyME6Co$_$9,Z-26eyME6Co,11349
Z-26eyME6Co$_$8,Z-26eyME6Co,11350
Z3fcd1wdzr0$_$1,Z3fcd1wdzr0,11351
Z3fcd1wdzr0$_$3,Z3fcd1wdzr0,11352
Z3fcd1wdzr0$_$2,Z3fcd1wdzr0,11353
Z3fcd1wdzr0$_$5,Z3fcd1wdzr0,11354
Z3fcd1wdzr0$_$4,Z3fcd1wdzr0,11355
Z3fcd1wdzr0$_$7,Z3fcd1wdzr0,11356
Z3fcd1wdzr0$_$6,Z3fcd1wdzr0,11357
Z3fcd1wdzr0$_$8,Z3fcd1wdzr0,11358
ZDz8Qr-sJ3E$_$10,ZDz8Qr-sJ3E,11359
ZDz8Qr-sJ3E$_$3,ZDz8Qr-sJ3E,11360
ZDz8Qr-sJ3E$_$4,ZDz8Qr-sJ3E,11361
ZDz8Qr-sJ3E$_$8,ZDz8Qr-sJ3E,11362
ZLCK8WX6qFQ$_$10,ZLCK8WX6qFQ,11365
ZLCK8WX6qFQ$_$3,ZLCK8WX6qFQ,11366
ZQaGGpcIPHM$_$2,ZQaGGpcIPHM,11368
ZQaGGpcIPHM$_$4,ZQaGGpcIPHM,11369
ZSBoSJaD2tQ$_$1,ZSBoSJaD2tQ,11380
ZSBoSJaD2tQ$_$0,ZSBoSJaD2tQ,11381
ZSBoSJaD2tQ$_$3,ZSBoSJaD2tQ,11382
ZSBoSJaD2tQ$_$2,ZSBoSJaD2tQ,11383
ZSBoSJaD2tQ$_$5,ZSBoSJaD2tQ,11384
ZSBoSJaD2tQ$_$4,ZSBoSJaD2tQ,11385
ZSBoSJaD2tQ$_$7,ZSBoSJaD2tQ,11386
ZSBoSJaD2tQ$_$6,ZSBoSJaD2tQ,11387
ZSBoSJaD2tQ$_$8,ZSBoSJaD2tQ,11388
ZZzdvUdOTww$_$0,ZZzdvUdOTww,11411
ZZzdvUdOTww$_$3,ZZzdvUdOTww,11412
ZZzdvUdOTww$_$2,ZZzdvUdOTww,11413
ZZzdvUdOTww$_$5,ZZzdvUdOTww,11414
ZZzdvUdOTww$_$4,ZZzdvUdOTww,11415
ZZzdvUdOTww$_$6,ZZzdvUdOTww,11416
Zae-zQ3VBpY$_$1,Zae-zQ3VBpY,11417
Zae-zQ3VBpY$_$2,Zae-zQ3VBpY,11418
Zg9DKOHJdw8$_$1,Zg9DKOHJdw8,11429
Zg9DKOHJdw8$_$3,Zg9DKOHJdw8,11430
ZjsQqd6KZIg$_$11,ZjsQqd6KZIg,11437
ZjsQqd6KZIg$_$13,ZjsQqd6KZIg,11438
ZjsQqd6KZIg$_$15,ZjsQqd6KZIg,11439
ZjsQqd6KZIg$_$1,ZjsQqd6KZIg,11440
ZjsQqd6KZIg$_$2,ZjsQqd6KZIg,11441
ZjsQqd6KZIg$_$5,ZjsQqd6KZIg,11442
ZjsQqd6KZIg$_$4,ZjsQqd6KZIg,11443
ZjsQqd6KZIg$_$7,ZjsQqd6KZIg,11444
ZjsQqd6KZIg$_$6,ZjsQqd6KZIg,11445
ZjsQqd6KZIg$_$9,ZjsQqd6KZIg,11446
ZjsQqd6KZIg$_$8,ZjsQqd6KZIg,11447
ZmAIDJ_gcXM$_$8,ZmAIDJ_gcXM,11449
ZmAIDJ_gcXM$_$5,ZmAIDJ_gcXM,11450
ZmAIDJ_gcXM$_$6,ZmAIDJ_gcXM,11451
Zs8x712Y-CM$_$11,Zs8x712Y-CM,11454
Zs8x712Y-CM$_$10,Zs8x712Y-CM,11455
Zs8x712Y-CM$_$13,Zs8x712Y-CM,11456
Zs8x712Y-CM$_$12,Zs8x712Y-CM,11457
Zs8x712Y-CM$_$0,Zs8x712Y-CM,11458
Zs8x712Y-CM$_$3,Zs8x712Y-CM,11459
Zs8x712Y-CM$_$2,Zs8x712Y-CM,11460
Zs8x712Y-CM$_$5,Zs8x712Y-CM,11461
Zs8x712Y-CM$_$4,Zs8x712Y-CM,11462
Zs8x712Y-CM$_$7,Zs8x712Y-CM,11463
Zs8x712Y-CM$_$6,Zs8x712Y-CM,11464
Zs8x712Y-CM$_$8,Zs8x712Y-CM,11465
ZtuTCuh9C1M$_$11,ZtuTCuh9C1M,11466
ZtuTCuh9C1M$_$12,ZtuTCuh9C1M,11467
ZtuTCuh9C1M$_$21,ZtuTCuh9C1M,11468
ZtuTCuh9C1M$_$17,ZtuTCuh9C1M,11469
ZtuTCuh9C1M$_$16,ZtuTCuh9C1M,11470
ZtuTCuh9C1M$_$8,ZtuTCuh9C1M,11471
ZzL2sHtTWRc$_$1,ZzL2sHtTWRc,11472
ZzL2sHtTWRc$_$0,ZzL2sHtTWRc,11473
_8pvMpMdGM4$_$11,_8pvMpMdGM4,11504
_8pvMpMdGM4$_$10,_8pvMpMdGM4,11505
_8pvMpMdGM4$_$13,_8pvMpMdGM4,11506
_8pvMpMdGM4$_$12,_8pvMpMdGM4,11507
_8pvMpMdGM4$_$15,_8pvMpMdGM4,11508
_8pvMpMdGM4$_$14,_8pvMpMdGM4,11509
_8pvMpMdGM4$_$17,_8pvMpMdGM4,11510
_8pvMpMdGM4$_$16,_8pvMpMdGM4,11511
_8pvMpMdGM4$_$19,_8pvMpMdGM4,11512
_8pvMpMdGM4$_$18,_8pvMpMdGM4,11513
_8pvMpMdGM4$_$1,_8pvMpMdGM4,11514
_8pvMpMdGM4$_$0,_8pvMpMdGM4,11515
_8pvMpMdGM4$_$3,_8pvMpMdGM4,11516
_8pvMpMdGM4$_$2,_8pvMpMdGM4,11517
_8pvMpMdGM4$_$5,_8pvMpMdGM4,11518
_8pvMpMdGM4$_$4,_8pvMpMdGM4,11519
_8pvMpMdGM4$_$7,_8pvMpMdGM4,11520
_8pvMpMdGM4$_$6,_8pvMpMdGM4,11521
_8pvMpMdGM4$_$9,_8pvMpMdGM4,11522
_8pvMpMdGM4$_$20,_8pvMpMdGM4,11523
_8pvMpMdGM4$_$8,_8pvMpMdGM4,11524
_BMdEKNF5Js$_$0,_BMdEKNF5Js,11525
_BXmhCPTQmA$_$1,_BXmhCPTQmA,11526
_BXmhCPTQmA$_$3,_BXmhCPTQmA,11527
_BtdwH6mfWg$_$0,_BtdwH6mfWg,11528
_BtdwH6mfWg$_$4,_BtdwH6mfWg,11529
_HanACduNJk$_$11,_HanACduNJk,11539
_HanACduNJk$_$10,_HanACduNJk,11540
_HanACduNJk$_$13,_HanACduNJk,11541
_HanACduNJk$_$12,_HanACduNJk,11542
_HanACduNJk$_$2,_HanACduNJk,11543
_HanACduNJk$_$4,_HanACduNJk,11544
_HanACduNJk$_$7,_HanACduNJk,11545
_HanACduNJk$_$6,_HanACduNJk,11546
_HanACduNJk$_$8,_HanACduNJk,11547
_K0okiLaF9I$_$1,_K0okiLaF9I,11551
_K0okiLaF9I$_$2,_K0okiLaF9I,11552
_MGd6t9eZP8$_$1,_MGd6t9eZP8,11554
_PJ26YwqRJE$_$15,_PJ26YwqRJE,11555
_PJ26YwqRJE$_$14,_PJ26YwqRJE,11556
_PJ26YwqRJE$_$19,_PJ26YwqRJE,11557
_PJ26YwqRJE$_$2,_PJ26YwqRJE,11558
_PJ26YwqRJE$_$6,_PJ26YwqRJE,11559
_PJ26YwqRJE$_$8,_PJ26YwqRJE,11560
_PKP676ez2c$_$11,_PKP676ez2c,11561
_PKP676ez2c$_$13,_PKP676ez2c,11562
_PKP676ez2c$_$17,_PKP676ez2c,11563
_PKP676ez2c$_$16,_PKP676ez2c,11564
_PKP676ez2c$_$4,_PKP676ez2c,11565
_PKP676ez2c$_$7,_PKP676ez2c,11566
_PKP676ez2c$_$8,_PKP676ez2c,11567
_PKP676ez2c$_$15,_PKP676ez2c,11568
_Vp4SDp_knI$_$3,_Vp4SDp_knI,11573
_Vp4SDp_knI$_$7,_Vp4SDp_knI,11574
_WkXQNVLQXs$_$8,_WkXQNVLQXs,11575
_WkXQNVLQXs$_$4,_WkXQNVLQXs,11576
_WkXQNVLQXs$_$7,_WkXQNVLQXs,11577
_WkXQNVLQXs$_$6,_WkXQNVLQXs,11578
_ZlF5Q9W1DM$_$0,_ZlF5Q9W1DM,11581
_ZlF5Q9W1DM$_$5,_ZlF5Q9W1DM,11582
_bIJOxiIJFk$_$1,_bIJOxiIJFk,11583
_bIJOxiIJFk$_$0,_bIJOxiIJFk,11584
_bIJOxiIJFk$_$3,_bIJOxiIJFk,11585
_bIJOxiIJFk$_$2,_bIJOxiIJFk,11586
_bIJOxiIJFk$_$5,_bIJOxiIJFk,11587
_bIJOxiIJFk$_$4,_bIJOxiIJFk,11588
_iy7ftq27xE$_$11,_iy7ftq27xE,11594
_iy7ftq27xE$_$10,_iy7ftq27xE,11595
_iy7ftq27xE$_$13,_iy7ftq27xE,11596
_iy7ftq27xE$_$12,_iy7ftq27xE,11597
_iy7ftq27xE$_$14,_iy7ftq27xE,11598
_iy7ftq27xE$_$0,_iy7ftq27xE,11599
_iy7ftq27xE$_$5,_iy7ftq27xE,11600
_iy7ftq27xE$_$4,_iy7ftq27xE,11601
_iy7ftq27xE$_$7,_iy7ftq27xE,11602
_iy7ftq27xE$_$6,_iy7ftq27xE,11603
_iy7ftq27xE$_$9,_iy7ftq27xE,11604
_iy7ftq27xE$_$8,_iy7ftq27xE,11605
_qVgNLJCYdA$_$1,_qVgNLJCYdA,11606
_qVgNLJCYdA$_$0,_qVgNLJCYdA,11607
_qVgNLJCYdA$_$5,_qVgNLJCYdA,11608
_qVgNLJCYdA$_$7,_qVgNLJCYdA,11609
_qVgNLJCYdA$_$6,_qVgNLJCYdA,11610
_xjBqNfiEY4$_$1,_xjBqNfiEY4,11624
_xjBqNfiEY4$_$0,_xjBqNfiEY4,11625
_xjBqNfiEY4$_$3,_xjBqNfiEY4,11626
_xjBqNfiEY4$_$2,_xjBqNfiEY4,11627
_xjBqNfiEY4$_$4,_xjBqNfiEY4,11628
_xjBqNfiEY4$_$6,_xjBqNfiEY4,11629
a5CSKvCAhbs$_$11,a5CSKvCAhbs,11636
a5CSKvCAhbs$_$10,a5CSKvCAhbs,11637
a5CSKvCAhbs$_$1,a5CSKvCAhbs,11638
a5CSKvCAhbs$_$0,a5CSKvCAhbs,11639
a5CSKvCAhbs$_$3,a5CSKvCAhbs,11640
a5CSKvCAhbs$_$5,a5CSKvCAhbs,11641
a5CSKvCAhbs$_$4,a5CSKvCAhbs,11642
a5CSKvCAhbs$_$7,a5CSKvCAhbs,11643
a5CSKvCAhbs$_$6,a5CSKvCAhbs,11644
a5CSKvCAhbs$_$8,a5CSKvCAhbs,11645
a5FKWiI90hk$_$3,a5FKWiI90hk,11646
a5FKWiI90hk$_$5,a5FKWiI90hk,11647
a5FKWiI90hk$_$7,a5FKWiI90hk,11648
aEaM_LOI-BM$_$10,aEaM_LOI-BM,11681
aEaM_LOI-BM$_$0,aEaM_LOI-BM,11682
aEaM_LOI-BM$_$7,aEaM_LOI-BM,11683
aEaM_LOI-BM$_$6,aEaM_LOI-BM,11684
aEaM_LOI-BM$_$9,aEaM_LOI-BM,11685
aEaM_LOI-BM$_$8,aEaM_LOI-BM,11686
aFZIvp3SgHY$_$11,aFZIvp3SgHY,11687
aFZIvp3SgHY$_$13,aFZIvp3SgHY,11688
aFZIvp3SgHY$_$12,aFZIvp3SgHY,11689
aFZIvp3SgHY$_$7,aFZIvp3SgHY,11690
aFhT0px8AMw$_$0,aFhT0px8AMw,11691
aFhT0px8AMw$_$2,aFhT0px8AMw,11692
aFjMWlR1QAY$_$11,aFjMWlR1QAY,11693
aFjMWlR1QAY$_$10,aFjMWlR1QAY,11694
aFjMWlR1QAY$_$12,aFjMWlR1QAY,11695
aFjMWlR1QAY$_$1,aFjMWlR1QAY,11696
aFjMWlR1QAY$_$0,aFjMWlR1QAY,11697
aFjMWlR1QAY$_$3,aFjMWlR1QAY,11698
aFjMWlR1QAY$_$2,aFjMWlR1QAY,11699
aFjMWlR1QAY$_$5,aFjMWlR1QAY,11700
aFjMWlR1QAY$_$4,aFjMWlR1QAY,11701
aFjMWlR1QAY$_$7,aFjMWlR1QAY,11702
aFjMWlR1QAY$_$6,aFjMWlR1QAY,11703
aFjMWlR1QAY$_$9,aFjMWlR1QAY,11704
aFjMWlR1QAY$_$8,aFjMWlR1QAY,11705
aXla94xd_AQ$_$1,aXla94xd_AQ,11742
aXla94xd_AQ$_$0,aXla94xd_AQ,11743
aXla94xd_AQ$_$4,aXla94xd_AQ,11744
aXla94xd_AQ$_$6,aXla94xd_AQ,11745
aYdMtEO0cbI$_$3,aYdMtEO0cbI,11746
aYdMtEO0cbI$_$2,aYdMtEO0cbI,11747
afDJvn5nmtY$_$4,afDJvn5nmtY,11755
ahcAFnY6iAY$_$1,ahcAFnY6iAY,11756
ahcAFnY6iAY$_$2,ahcAFnY6iAY,11757
ai7G98thPpk$_$1,ai7G98thPpk,11758
ai7G98thPpk$_$0,ai7G98thPpk,11759
ai7G98thPpk$_$9,ai7G98thPpk,11760
aiJg0jtIHOM$_$6,aiJg0jtIHOM,11761
ak7N0BqMluI$_$11,ak7N0BqMluI,11770
ak7N0BqMluI$_$10,ak7N0BqMluI,11771
ak7N0BqMluI$_$1,ak7N0BqMluI,11772
ak7N0BqMluI$_$0,ak7N0BqMluI,11773
ak7N0BqMluI$_$3,ak7N0BqMluI,11774
ak7N0BqMluI$_$2,ak7N0BqMluI,11775
ak7N0BqMluI$_$5,ak7N0BqMluI,11776
ak7N0BqMluI$_$7,ak7N0BqMluI,11777
ak7N0BqMluI$_$6,ak7N0BqMluI,11778
amem5EmRG3s$_$1,amem5EmRG3s,11779
amem5EmRG3s$_$0,amem5EmRG3s,11780
amem5EmRG3s$_$3,amem5EmRG3s,11781
amem5EmRG3s$_$2,amem5EmRG3s,11782
amem5EmRG3s$_$5,amem5EmRG3s,11783
amem5EmRG3s$_$4,amem5EmRG3s,11784
asWraTfIqq0$_$11,asWraTfIqq0,11791
asWraTfIqq0$_$1,asWraTfIqq0,11792
asWraTfIqq0$_$3,asWraTfIqq0,11793
asWraTfIqq0$_$2,asWraTfIqq0,11794
asWraTfIqq0$_$5,asWraTfIqq0,11795
asWraTfIqq0$_$4,asWraTfIqq0,11796
asWraTfIqq0$_$7,asWraTfIqq0,11797
asWraTfIqq0$_$6,asWraTfIqq0,11798
asWraTfIqq0$_$9,asWraTfIqq0,11799
asWraTfIqq0$_$8,asWraTfIqq0,11800
avW2m6VHTyg$_$1,avW2m6VHTyg,11830
avW2m6VHTyg$_$0,avW2m6VHTyg,11831
avW2m6VHTyg$_$3,avW2m6VHTyg,11832
avW2m6VHTyg$_$2,avW2m6VHTyg,11833
avW2m6VHTyg$_$4,avW2m6VHTyg,11834
avW2m6VHTyg$_$7,avW2m6VHTyg,11835
avW2m6VHTyg$_$6,avW2m6VHTyg,11836
avW2m6VHTyg$_$8,avW2m6VHTyg,11837
axQ5CDRawO0$_$2,axQ5CDRawO0,11838
axQ5CDRawO0$_$4,axQ5CDRawO0,11839
b1Il3Nf6BrU$_$3,b1Il3Nf6BrU,11840
b1Il3Nf6BrU$_$7,b1Il3Nf6BrU,11841
b1Il3Nf6BrU$_$6,b1Il3Nf6BrU,11842
bBJ0BxmIocQ$_$20,bBJ0BxmIocQ,11853
bBJ0BxmIocQ$_$21,bBJ0BxmIocQ,11854
bBJ0BxmIocQ$_$1,bBJ0BxmIocQ,11855
bBJ0BxmIocQ$_$0,bBJ0BxmIocQ,11856
bBJ0BxmIocQ$_$3,bBJ0BxmIocQ,11857
bBJ0BxmIocQ$_$2,bBJ0BxmIocQ,11858
bBJ0BxmIocQ$_$5,bBJ0BxmIocQ,11859
bBJ0BxmIocQ$_$4,bBJ0BxmIocQ,11860
bBJ0BxmIocQ$_$7,bBJ0BxmIocQ,11861
bBJ0BxmIocQ$_$6,bBJ0BxmIocQ,11862
bBJ0BxmIocQ$_$9,bBJ0BxmIocQ,11863
bBJ0BxmIocQ$_$8,bBJ0BxmIocQ,11864
bBJ0BxmIocQ$_$11,bBJ0BxmIocQ,11865
bBJ0BxmIocQ$_$10,bBJ0BxmIocQ,11866
bBJ0BxmIocQ$_$13,bBJ0BxmIocQ,11867
bBJ0BxmIocQ$_$12,bBJ0BxmIocQ,11868
bBJ0BxmIocQ$_$15,bBJ0BxmIocQ,11869
bBJ0BxmIocQ$_$14,bBJ0BxmIocQ,11870
bBJ0BxmIocQ$_$17,bBJ0BxmIocQ,11871
bBJ0BxmIocQ$_$16,bBJ0BxmIocQ,11872
bBJ0BxmIocQ$_$19,bBJ0BxmIocQ,11873
bBJ0BxmIocQ$_$18,bBJ0BxmIocQ,11874
bD0FqMn1KXw$_$11,bD0FqMn1KXw,11877
bD0FqMn1KXw$_$0,bD0FqMn1KXw,11878
bD0FqMn1KXw$_$3,bD0FqMn1KXw,11879
bD0FqMn1KXw$_$5,bD0FqMn1KXw,11880
bD0FqMn1KXw$_$7,bD0FqMn1KXw,11881
bD0FqMn1KXw$_$6,bD0FqMn1KXw,11882
bD0FqMn1KXw$_$9,bD0FqMn1KXw,11883
bMuoPr5-Yt4$_$2,bMuoPr5-Yt4,11895
bUFAN2TgPaU$_$11,bUFAN2TgPaU,11904
bUFAN2TgPaU$_$0,bUFAN2TgPaU,11905
bUFAN2TgPaU$_$3,bUFAN2TgPaU,11906
bUFAN2TgPaU$_$2,bUFAN2TgPaU,11907
bUFAN2TgPaU$_$5,bUFAN2TgPaU,11908
bUFAN2TgPaU$_$4,bUFAN2TgPaU,11909
bUFAN2TgPaU$_$7,bUFAN2TgPaU,11910
bUFAN2TgPaU$_$9,bUFAN2TgPaU,11911
bUFAN2TgPaU$_$8,bUFAN2TgPaU,11912
bVhWpCvpSs4$_$1,bVhWpCvpSs4,11913
bVhWpCvpSs4$_$0,bVhWpCvpSs4,11914
bVhWpCvpSs4$_$3,bVhWpCvpSs4,11915
bVhWpCvpSs4$_$2,bVhWpCvpSs4,11916
bVhWpCvpSs4$_$5,bVhWpCvpSs4,11917
bVhWpCvpSs4$_$4,bVhWpCvpSs4,11918
bVhWpCvpSs4$_$6,bVhWpCvpSs4,11919
bVhWpCvpSs4$_$8,bVhWpCvpSs4,11920
bYt4wybVLRQ$_$14,bYt4wybVLRQ,11921
bYt4wybVLRQ$_$3,bYt4wybVLRQ,11922
bYt4wybVLRQ$_$13,bYt4wybVLRQ,11923
bYt4wybVLRQ$_$7,bYt4wybVLRQ,11924
bYt4wybVLRQ$_$16,bYt4wybVLRQ,11925
bcns0Gu66D8$_$0,bcns0Gu66D8,11950
bcns0Gu66D8$_$3,bcns0Gu66D8,11951
bcns0Gu66D8$_$2,bcns0Gu66D8,11952
bcns0Gu66D8$_$4,bcns0Gu66D8,11953
bcns0Gu66D8$_$6,bcns0Gu66D8,11954
bdtwQxwySN0$_$11,bdtwQxwySN0,11955
bdtwQxwySN0$_$15,bdtwQxwySN0,11956
bdtwQxwySN0$_$18,bdtwQxwySN0,11957
bdtwQxwySN0$_$1,bdtwQxwySN0,11958
bdtwQxwySN0$_$0,bdtwQxwySN0,11959
bdtwQxwySN0$_$3,bdtwQxwySN0,11960
bdtwQxwySN0$_$2,bdtwQxwySN0,11961
bdtwQxwySN0$_$5,bdtwQxwySN0,11962
bdtwQxwySN0$_$8,bdtwQxwySN0,11963
bfy28AlY-TQ$_$8,bfy28AlY-TQ,11964
bfy28AlY-TQ$_$3,bfy28AlY-TQ,11965
bfy28AlY-TQ$_$4,bfy28AlY-TQ,11966
bfy28AlY-TQ$_$7,bfy28AlY-TQ,11967
bfy28AlY-TQ$_$6,bfy28AlY-TQ,11968
bh4_Kd4hhd4$_$1,bh4_Kd4hhd4,11973
bzPFUVGPS3c$_$9,bzPFUVGPS3c,11988
bzPFUVGPS3c$_$8,bzPFUVGPS3c,11989
bzPFUVGPS3c$_$2,bzPFUVGPS3c,11990
bzPFUVGPS3c$_$5,bzPFUVGPS3c,11991
bzPFUVGPS3c$_$4,bzPFUVGPS3c,11992
c5-L8vC6_sk$_$10,c5-L8vC6_sk,11993
c5-L8vC6_sk$_$6,c5-L8vC6_sk,11994
c5-L8vC6_sk$_$2,c5-L8vC6_sk,11995
c5-L8vC6_sk$_$4,c5-L8vC6_sk,11996
c5-L8vC6_sk$_$8,c5-L8vC6_sk,11997
c5AJbOd794U$_$1,c5AJbOd794U,11998
c5AJbOd794U$_$0,c5AJbOd794U,11999
c5AJbOd794U$_$3,c5AJbOd794U,12000
c5AJbOd794U$_$5,c5AJbOd794U,12001
c5AJbOd794U$_$7,c5AJbOd794U,12002
c5AJbOd794U$_$9,c5AJbOd794U,12003
c5AJbOd794U$_$8,c5AJbOd794U,12004
c6wuh0NRG1s$_$10,c6wuh0NRG1s,12005
c6wuh0NRG1s$_$1,c6wuh0NRG1s,12006
c6wuh0NRG1s$_$0,c6wuh0NRG1s,12007
c6wuh0NRG1s$_$2,c6wuh0NRG1s,12008
c6wuh0NRG1s$_$5,c6wuh0NRG1s,12009
c6wuh0NRG1s$_$4,c6wuh0NRG1s,12010
c6wuh0NRG1s$_$9,c6wuh0NRG1s,12011
c6wuh0NRG1s$_$8,c6wuh0NRG1s,12012
c9jD33baJ60$_$1,c9jD33baJ60,12030
c9jD33baJ60$_$0,c9jD33baJ60,12031
c9jD33baJ60$_$3,c9jD33baJ60,12032
c9jD33baJ60$_$2,c9jD33baJ60,12033
c9jD33baJ60$_$5,c9jD33baJ60,12034
c9jD33baJ60$_$4,c9jD33baJ60,12035
c9jD33baJ60$_$6,c9jD33baJ60,12036
cEXJ2zFbC9I$_$1,cEXJ2zFbC9I,12039
cEXJ2zFbC9I$_$2,cEXJ2zFbC9I,12040
cEXJ2zFbC9I$_$5,cEXJ2zFbC9I,12041
cEXJ2zFbC9I$_$4,cEXJ2zFbC9I,12042
cEXJ2zFbC9I$_$6,cEXJ2zFbC9I,12043
cKxNJY7sA8s$_$1,cKxNJY7sA8s,12053
cKxNJY7sA8s$_$0,cKxNJY7sA8s,12054
cMUS4nhcKCQ$_$0,cMUS4nhcKCQ,12057
cSraseCDilY$_$1,cSraseCDilY,12095
cSraseCDilY$_$0,cSraseCDilY,12096
cUm0TN3vXRc$_$11,cUm0TN3vXRc,12097
cUm0TN3vXRc$_$1,cUm0TN3vXRc,12098
cUm0TN3vXRc$_$3,cUm0TN3vXRc,12099
cUm0TN3vXRc$_$2,cUm0TN3vXRc,12100
cUm0TN3vXRc$_$4,cUm0TN3vXRc,12101
cUm0TN3vXRc$_$7,cUm0TN3vXRc,12102
cZDAM6NjBzE$_$11,cZDAM6NjBzE,12107
cZDAM6NjBzE$_$3,cZDAM6NjBzE,12108
cZDAM6NjBzE$_$12,cZDAM6NjBzE,12109
cZDAM6NjBzE$_$16,cZDAM6NjBzE,12110
caLWajc18Y4$_$11,caLWajc18Y4,12149
caLWajc18Y4$_$10,caLWajc18Y4,12150
caLWajc18Y4$_$1,caLWajc18Y4,12151
caLWajc18Y4$_$3,caLWajc18Y4,12152
caLWajc18Y4$_$2,caLWajc18Y4,12153
caLWajc18Y4$_$5,caLWajc18Y4,12154
caLWajc18Y4$_$4,caLWajc18Y4,12155
caLWajc18Y4$_$7,caLWajc18Y4,12156
caLWajc18Y4$_$6,caLWajc18Y4,12157
caLWajc18Y4$_$9,caLWajc18Y4,12158
caLWajc18Y4$_$8,caLWajc18Y4,12159
ce1ObTPlI38$_$1,ce1ObTPlI38,12160
ce1ObTPlI38$_$3,ce1ObTPlI38,12161
cfX_iuhCbRY$_$1,cfX_iuhCbRY,12162
cfX_iuhCbRY$_$3,cfX_iuhCbRY,12163
cfX_iuhCbRY$_$2,cfX_iuhCbRY,12164
cfX_iuhCbRY$_$5,cfX_iuhCbRY,12165
cfX_iuhCbRY$_$7,cfX_iuhCbRY,12166
cfX_iuhCbRY$_$9,cfX_iuhCbRY,12167
cjgq9d8Zn9g$_$1,cjgq9d8Zn9g,12168
cjgq9d8Zn9g$_$0,cjgq9d8Zn9g,12169
cjgq9d8Zn9g$_$3,cjgq9d8Zn9g,12170
cjgq9d8Zn9g$_$2,cjgq9d8Zn9g,12171
cjgq9d8Zn9g$_$5,cjgq9d8Zn9g,12172
cjgq9d8Zn9g$_$4,cjgq9d8Zn9g,12173
cjgq9d8Zn9g$_$6,cjgq9d8Zn9g,12174
cl1DNRGX578$_$2,cl1DNRGX578,12175
cl1DNRGX578$_$5,cl1DNRGX578,12176
cl1DNRGX578$_$7,cl1DNRGX578,12177
d0QNH2vcDgU$_$20,d0QNH2vcDgU,12195
d0QNH2vcDgU$_$21,d0QNH2vcDgU,12196
d0QNH2vcDgU$_$22,d0QNH2vcDgU,12197
d0QNH2vcDgU$_$23,d0QNH2vcDgU,12198
d0QNH2vcDgU$_$1,d0QNH2vcDgU,12199
d0QNH2vcDgU$_$0,d0QNH2vcDgU,12200
d0QNH2vcDgU$_$3,d0QNH2vcDgU,12201
d0QNH2vcDgU$_$2,d0QNH2vcDgU,12202
d0QNH2vcDgU$_$5,d0QNH2vcDgU,12203
d0QNH2vcDgU$_$4,d0QNH2vcDgU,12204
d0QNH2vcDgU$_$7,d0QNH2vcDgU,12205
d0QNH2vcDgU$_$6,d0QNH2vcDgU,12206
d0QNH2vcDgU$_$9,d0QNH2vcDgU,12207
d0QNH2vcDgU$_$8,d0QNH2vcDgU,12208
d0QNH2vcDgU$_$11,d0QNH2vcDgU,12209
d0QNH2vcDgU$_$10,d0QNH2vcDgU,12210
d0QNH2vcDgU$_$13,d0QNH2vcDgU,12211
d0QNH2vcDgU$_$12,d0QNH2vcDgU,12212
d0QNH2vcDgU$_$15,d0QNH2vcDgU,12213
d0QNH2vcDgU$_$14,d0QNH2vcDgU,12214
d0QNH2vcDgU$_$16,d0QNH2vcDgU,12215
d0QNH2vcDgU$_$19,d0QNH2vcDgU,12216
d3I7Ug-_3L0$_$10,d3I7Ug-_3L0,12234
d3I7Ug-_3L0$_$15,d3I7Ug-_3L0,12235
d3I7Ug-_3L0$_$17,d3I7Ug-_3L0,12236
d3I7Ug-_3L0$_$18,d3I7Ug-_3L0,12237
d3I7Ug-_3L0$_$1,d3I7Ug-_3L0,12238
d3I7Ug-_3L0$_$0,d3I7Ug-_3L0,12239
d3I7Ug-_3L0$_$2,d3I7Ug-_3L0,12240
d3I7Ug-_3L0$_$5,d3I7Ug-_3L0,12241
d3I7Ug-_3L0$_$4,d3I7Ug-_3L0,12242
d3I7Ug-_3L0$_$6,d3I7Ug-_3L0,12243
d3I7Ug-_3L0$_$9,d3I7Ug-_3L0,12244
d7Dz34-cZ74$_$0,d7Dz34-cZ74,12245
d7Dz34-cZ74$_$13,d7Dz34-cZ74,12246
d7Dz34-cZ74$_$12,d7Dz34-cZ74,12247
d89Z_olwc2Y$_$24,d89Z_olwc2Y,12248
d89Z_olwc2Y$_$26,d89Z_olwc2Y,12249
d89Z_olwc2Y$_$12,d89Z_olwc2Y,12250
d89Z_olwc2Y$_$20,d89Z_olwc2Y,12251
d89Z_olwc2Y$_$21,d89Z_olwc2Y,12252
d89Z_olwc2Y$_$9,d89Z_olwc2Y,12253
dEBug0QYayY$_$0,dEBug0QYayY,12278
dEXSb0CfodU$_$2,dEXSb0CfodU,12279
dLmtsRyRH4s$_$1,dLmtsRyRH4s,12286
dLzsNc_hzkQ$_$1,dLzsNc_hzkQ,12287
dLzsNc_hzkQ$_$0,dLzsNc_hzkQ,12288
dQ56b0bqmc8$_$1,dQ56b0bqmc8,12290
dQ56b0bqmc8$_$0,dQ56b0bqmc8,12291
dQ56b0bqmc8$_$3,dQ56b0bqmc8,12292
dQ56b0bqmc8$_$5,dQ56b0bqmc8,12293
dXMAS2tIknw$_$0,dXMAS2tIknw,12307
dXMAS2tIknw$_$3,dXMAS2tIknw,12308
dXMAS2tIknw$_$2,dXMAS2tIknw,12309
dXMAS2tIknw$_$5,dXMAS2tIknw,12310
dXMAS2tIknw$_$4,dXMAS2tIknw,12311
dXMAS2tIknw$_$7,dXMAS2tIknw,12312
dXMAS2tIknw$_$6,dXMAS2tIknw,12313
dbH51F5Zqi4$_$0,dbH51F5Zqi4,12322
dyZdiWNflko$_$1,dyZdiWNflko,12355
dyZdiWNflko$_$0,dyZdiWNflko,12356
dyZdiWNflko$_$3,dyZdiWNflko,12357
dyZdiWNflko$_$2,dyZdiWNflko,12358
dyZdiWNflko$_$5,dyZdiWNflko,12359
dyZdiWNflko$_$4,dyZdiWNflko,12360
dyZdiWNflko$_$7,dyZdiWNflko,12361
dyZdiWNflko$_$6,dyZdiWNflko,12362
dyZdiWNflko$_$9,dyZdiWNflko,12363
dyZdiWNflko$_$8,dyZdiWNflko,12364
dzSv6GwfF-0$_$4,dzSv6GwfF-0,12365
e1E5W_ZefmY$_$10,e1E5W_ZefmY,12378
e1E5W_ZefmY$_$0,e1E5W_ZefmY,12379
e1E5W_ZefmY$_$3,e1E5W_ZefmY,12380
e1E5W_ZefmY$_$2,e1E5W_ZefmY,12381
e1E5W_ZefmY$_$4,e1E5W_ZefmY,12382
e1E5W_ZefmY$_$7,e1E5W_ZefmY,12383
e1E5W_ZefmY$_$9,e1E5W_ZefmY,12384
ePtlUYCdrNM$_$1,ePtlUYCdrNM,12411
ePtlUYCdrNM$_$0,ePtlUYCdrNM,12412
ePtlUYCdrNM$_$2,ePtlUYCdrNM,12413
ePtlUYCdrNM$_$5,ePtlUYCdrNM,12414
ePtlUYCdrNM$_$4,ePtlUYCdrNM,12415
ePtlUYCdrNM$_$7,ePtlUYCdrNM,12416
ePtlUYCdrNM$_$8,ePtlUYCdrNM,12417
eTCnM472-cQ$_$0,eTCnM472-cQ,12426
eTCnM472-cQ$_$3,eTCnM472-cQ,12427
eTCnM472-cQ$_$2,eTCnM472-cQ,12428
eTCnM472-cQ$_$4,eTCnM472-cQ,12429
eTn2P4wmFr4$_$11,eTn2P4wmFr4,12430
eTn2P4wmFr4$_$13,eTn2P4wmFr4,12431
eTn2P4wmFr4$_$12,eTn2P4wmFr4,12432
eTn2P4wmFr4$_$15,eTn2P4wmFr4,12433
eTn2P4wmFr4$_$17,eTn2P4wmFr4,12434
eTn2P4wmFr4$_$22,eTn2P4wmFr4,12435
eTn2P4wmFr4$_$16,eTn2P4wmFr4,12436
eTn2P4wmFr4$_$20,eTn2P4wmFr4,12437
eTn2P4wmFr4$_$3,eTn2P4wmFr4,12438
eTn2P4wmFr4$_$2,eTn2P4wmFr4,12439
eTn2P4wmFr4$_$4,eTn2P4wmFr4,12440
eTn2P4wmFr4$_$7,eTn2P4wmFr4,12441
eTn2P4wmFr4$_$9,eTn2P4wmFr4,12442
eTn2P4wmFr4$_$8,eTn2P4wmFr4,12443
eY64P27khzk$_$1,eY64P27khzk,12452
eY64P27khzk$_$0,eY64P27khzk,12453
eY64P27khzk$_$3,eY64P27khzk,12454
eY64P27khzk$_$5,eY64P27khzk,12455
eY64P27khzk$_$6,eY64P27khzk,12456
eYCiRWf2NHE$_$3,eYCiRWf2NHE,12457
eYCiRWf2NHE$_$2,eYCiRWf2NHE,12458
eZVcshSUD3Q$_$0,eZVcshSUD3Q,12459
eZVcshSUD3Q$_$3,eZVcshSUD3Q,12460
eZVcshSUD3Q$_$2,eZVcshSUD3Q,12461
eZVcshSUD3Q$_$4,eZVcshSUD3Q,12462
eaXDCknxPrU$_$0,eaXDCknxPrU,12463
eaXDCknxPrU$_$3,eaXDCknxPrU,12464
emtvrtk-jsU$_$1,emtvrtk-jsU,12484
emtvrtk-jsU$_$3,emtvrtk-jsU,12485
emtvrtk-jsU$_$7,emtvrtk-jsU,12486
erBIIKA6r5Y$_$4,erBIIKA6r5Y,12497
f-ZNjqLlrm4$_$10,f-ZNjqLlrm4,12511
f-ZNjqLlrm4$_$1,f-ZNjqLlrm4,12512
f-ZNjqLlrm4$_$0,f-ZNjqLlrm4,12513
f-ZNjqLlrm4$_$3,f-ZNjqLlrm4,12514
f-ZNjqLlrm4$_$9,f-ZNjqLlrm4,12515
f-ZNjqLlrm4$_$8,f-ZNjqLlrm4,12516
f49boM5fb8U$_$1,f49boM5fb8U,12518
f49boM5fb8U$_$0,f49boM5fb8U,12519
f49boM5fb8U$_$3,f49boM5fb8U,12520
f49boM5fb8U$_$2,f49boM5fb8U,12521
f49boM5fb8U$_$4,f49boM5fb8U,12522
f49boM5fb8U$_$6,f49boM5fb8U,12523
f6S2XNPIiFk$_$10,f6S2XNPIiFk,12528
f6S2XNPIiFk$_$12,f6S2XNPIiFk,12529
f6S2XNPIiFk$_$15,f6S2XNPIiFk,12530
f6S2XNPIiFk$_$19,f6S2XNPIiFk,12531
f6S2XNPIiFk$_$18,f6S2XNPIiFk,12532
f6S2XNPIiFk$_$1,f6S2XNPIiFk,12533
f6S2XNPIiFk$_$0,f6S2XNPIiFk,12534
f6S2XNPIiFk$_$2,f6S2XNPIiFk,12535
f6S2XNPIiFk$_$5,f6S2XNPIiFk,12536
f6S2XNPIiFk$_$4,f6S2XNPIiFk,12537
f6S2XNPIiFk$_$8,f6S2XNPIiFk,12538
fGYbbP8RDLQ$_$3,fGYbbP8RDLQ,12544
fGYbbP8RDLQ$_$5,fGYbbP8RDLQ,12545
fGYbbP8RDLQ$_$4,fGYbbP8RDLQ,12546
fI9KptYFZeg$_$1,fI9KptYFZeg,12547
fI9KptYFZeg$_$0,fI9KptYFZeg,12548
fI9KptYFZeg$_$3,fI9KptYFZeg,12549
fI9KptYFZeg$_$6,fI9KptYFZeg,12550
fSOVk2cS-sY$_$0,fSOVk2cS-sY,12552
fSOVk2cS-sY$_$3,fSOVk2cS-sY,12553
fSOVk2cS-sY$_$2,fSOVk2cS-sY,12554
fSOVk2cS-sY$_$5,fSOVk2cS-sY,12555
fSOVk2cS-sY$_$4,fSOVk2cS-sY,12556
fTKe7E_4OCQ$_$0,fTKe7E_4OCQ,12557
fTKe7E_4OCQ$_$6,fTKe7E_4OCQ,12558
faXGVcVcVsE$_$11,faXGVcVcVsE,12574
faXGVcVcVsE$_$10,faXGVcVcVsE,12575
faXGVcVcVsE$_$13,faXGVcVcVsE,12576
faXGVcVcVsE$_$12,faXGVcVcVsE,12577
faXGVcVcVsE$_$15,faXGVcVcVsE,12578
faXGVcVcVsE$_$14,faXGVcVcVsE,12579
faXGVcVcVsE$_$1,faXGVcVcVsE,12580
faXGVcVcVsE$_$0,faXGVcVcVsE,12581
faXGVcVcVsE$_$3,faXGVcVcVsE,12582
faXGVcVcVsE$_$2,faXGVcVcVsE,12583
faXGVcVcVsE$_$5,faXGVcVcVsE,12584
faXGVcVcVsE$_$4,faXGVcVcVsE,12585
faXGVcVcVsE$_$7,faXGVcVcVsE,12586
faXGVcVcVsE$_$6,faXGVcVcVsE,12587
faXGVcVcVsE$_$9,faXGVcVcVsE,12588
faXGVcVcVsE$_$8,faXGVcVcVsE,12589
fbHlBmq7Ipo$_$11,fbHlBmq7Ipo,12590
fbHlBmq7Ipo$_$10,fbHlBmq7Ipo,12591
fbHlBmq7Ipo$_$12,fbHlBmq7Ipo,12592
fbHlBmq7Ipo$_$1,fbHlBmq7Ipo,12593
fbHlBmq7Ipo$_$0,fbHlBmq7Ipo,12594
fbHlBmq7Ipo$_$3,fbHlBmq7Ipo,12595
fbHlBmq7Ipo$_$2,fbHlBmq7Ipo,12596
fbHlBmq7Ipo$_$5,fbHlBmq7Ipo,12597
fbHlBmq7Ipo$_$4,fbHlBmq7Ipo,12598
fbHlBmq7Ipo$_$7,fbHlBmq7Ipo,12599
fbHlBmq7Ipo$_$9,fbHlBmq7Ipo,12600
fbHlBmq7Ipo$_$8,fbHlBmq7Ipo,12601
fi7g4GoK-z4$_$1,fi7g4GoK-z4,12615
fi7g4GoK-z4$_$4,fi7g4GoK-z4,12616
fjE2EZKgQm8$_$1,fjE2EZKgQm8,12617
fjE2EZKgQm8$_$0,fjE2EZKgQm8,12618
fjE2EZKgQm8$_$2,fjE2EZKgQm8,12619
fjE2EZKgQm8$_$5,fjE2EZKgQm8,12620
fjE2EZKgQm8$_$4,fjE2EZKgQm8,12621
fjE2EZKgQm8$_$6,fjE2EZKgQm8,12622
fjE2EZKgQm8$_$8,fjE2EZKgQm8,12623
flBtk736di4$_$11,flBtk736di4,12624
flBtk736di4$_$15,flBtk736di4,12625
flBtk736di4$_$1,flBtk736di4,12626
flBtk736di4$_$0,flBtk736di4,12627
flBtk736di4$_$2,flBtk736di4,12628
flBtk736di4$_$7,flBtk736di4,12629
flBtk736di4$_$6,flBtk736di4,12630
flBtk736di4$_$8,flBtk736di4,12631
frNJdG0GkYw$_$1,frNJdG0GkYw,12636
frNJdG0GkYw$_$0,frNJdG0GkYw,12637
gEgcpVY8WK4$_$24,gEgcpVY8WK4,12688
gEgcpVY8WK4$_$25,gEgcpVY8WK4,12689
gEgcpVY8WK4$_$26,gEgcpVY8WK4,12690
gEgcpVY8WK4$_$27,gEgcpVY8WK4,12691
gEgcpVY8WK4$_$20,gEgcpVY8WK4,12692
gEgcpVY8WK4$_$21,gEgcpVY8WK4,12693
gEgcpVY8WK4$_$22,gEgcpVY8WK4,12694
gEgcpVY8WK4$_$23,gEgcpVY8WK4,12695
gEgcpVY8WK4$_$28,gEgcpVY8WK4,12696
gEgcpVY8WK4$_$29,gEgcpVY8WK4,12697
gEgcpVY8WK4$_$1,gEgcpVY8WK4,12698
gEgcpVY8WK4$_$0,gEgcpVY8WK4,12699
gEgcpVY8WK4$_$3,gEgcpVY8WK4,12700
gEgcpVY8WK4$_$2,gEgcpVY8WK4,12701
gEgcpVY8WK4$_$5,gEgcpVY8WK4,12702
gEgcpVY8WK4$_$4,gEgcpVY8WK4,12703
gEgcpVY8WK4$_$7,gEgcpVY8WK4,12704
gEgcpVY8WK4$_$6,gEgcpVY8WK4,12705
gEgcpVY8WK4$_$9,gEgcpVY8WK4,12706
gEgcpVY8WK4$_$8,gEgcpVY8WK4,12707
gEgcpVY8WK4$_$11,gEgcpVY8WK4,12708
gEgcpVY8WK4$_$10,gEgcpVY8WK4,12709
gEgcpVY8WK4$_$13,gEgcpVY8WK4,12710
gEgcpVY8WK4$_$12,gEgcpVY8WK4,12711
gEgcpVY8WK4$_$15,gEgcpVY8WK4,12712
gEgcpVY8WK4$_$14,gEgcpVY8WK4,12713
gEgcpVY8WK4$_$17,gEgcpVY8WK4,12714
gEgcpVY8WK4$_$16,gEgcpVY8WK4,12715
gEgcpVY8WK4$_$19,gEgcpVY8WK4,12716
gEgcpVY8WK4$_$18,gEgcpVY8WK4,12717
gEgcpVY8WK4$_$31,gEgcpVY8WK4,12718
gEgcpVY8WK4$_$30,gEgcpVY8WK4,12719
gFAOKuqpUq4$_$25,gFAOKuqpUq4,12720
gFAOKuqpUq4$_$15,gFAOKuqpUq4,12721
gFAOKuqpUq4$_$22,gFAOKuqpUq4,12722
gFAOKuqpUq4$_$16,gFAOKuqpUq4,12723
gFAOKuqpUq4$_$0,gFAOKuqpUq4,12724
gFAOKuqpUq4$_$2,gFAOKuqpUq4,12725
gJdSxPhf85M$_$0,gJdSxPhf85M,12726
gJdSxPhf85M$_$3,gJdSxPhf85M,12727
gJdSxPhf85M$_$5,gJdSxPhf85M,12728
gJdSxPhf85M$_$6,gJdSxPhf85M,12729
gLdRUsLw4CA$_$1,gLdRUsLw4CA,12730
gLdRUsLw4CA$_$0,gLdRUsLw4CA,12731
gLdRUsLw4CA$_$5,gLdRUsLw4CA,12732
gLdRUsLw4CA$_$4,gLdRUsLw4CA,12733
gPWyANEm0eE$_$11,gPWyANEm0eE,12734
gPWyANEm0eE$_$10,gPWyANEm0eE,12735
gPWyANEm0eE$_$13,gPWyANEm0eE,12736
gPWyANEm0eE$_$12,gPWyANEm0eE,12737
gPWyANEm0eE$_$0,gPWyANEm0eE,12738
gPWyANEm0eE$_$2,gPWyANEm0eE,12739
gPWyANEm0eE$_$4,gPWyANEm0eE,12740
gPWyANEm0eE$_$7,gPWyANEm0eE,12741
gPWyANEm0eE$_$9,gPWyANEm0eE,12742
gPWyANEm0eE$_$8,gPWyANEm0eE,12743
gZDyk95Xob4$_$11,gZDyk95Xob4,12783
gZDyk95Xob4$_$10,gZDyk95Xob4,12784
gZDyk95Xob4$_$13,gZDyk95Xob4,12785
gZDyk95Xob4$_$12,gZDyk95Xob4,12786
gZDyk95Xob4$_$20,gZDyk95Xob4,12787
gZDyk95Xob4$_$14,gZDyk95Xob4,12788
gZDyk95Xob4$_$16,gZDyk95Xob4,12789
gZDyk95Xob4$_$19,gZDyk95Xob4,12790
gZDyk95Xob4$_$3,gZDyk95Xob4,12791
gZDyk95Xob4$_$2,gZDyk95Xob4,12792
gZDyk95Xob4$_$5,gZDyk95Xob4,12793
gZDyk95Xob4$_$4,gZDyk95Xob4,12794
gZDyk95Xob4$_$7,gZDyk95Xob4,12795
gZDyk95Xob4$_$9,gZDyk95Xob4,12796
gZDyk95Xob4$_$15,gZDyk95Xob4,12797
gcGZp9JX_qE$_$8,gcGZp9JX_qE,12809
gcGZp9JX_qE$_$6,gcGZp9JX_qE,12810
gcGZp9JX_qE$_$4,gcGZp9JX_qE,12811
gcGZp9JX_qE$_$10,gcGZp9JX_qE,12812
ggbV7YeSl7k$_$8,ggbV7YeSl7k,12831
ggbV7YeSl7k$_$3,ggbV7YeSl7k,12832
ggbV7YeSl7k$_$4,ggbV7YeSl7k,12833
gm4l099casQ$_$1,gm4l099casQ,12877
gm4l099casQ$_$0,gm4l099casQ,12878
gvrfI9e5xHQ$_$9,gvrfI9e5xHQ,12897
gzZ8NTeTzRs$_$1,gzZ8NTeTzRs,12898
gzZ8NTeTzRs$_$2,gzZ8NTeTzRs,12899
hSEfYcIjIr4$_$1,hSEfYcIjIr4,12978
hSEfYcIjIr4$_$2,hSEfYcIjIr4,12979
hThsntvCk2s$_$8,hThsntvCk2s,12988
hThsntvCk2s$_$2,hThsntvCk2s,12989
hThsntvCk2s$_$6,hThsntvCk2s,12990
hawztAtYHCE$_$1,hawztAtYHCE,12993
hawztAtYHCE$_$10,hawztAtYHCE,12994
hawztAtYHCE$_$9,hawztAtYHCE,12995
hawztAtYHCE$_$4,hawztAtYHCE,12996
hdLC4Ro977Q$_$0,hdLC4Ro977Q,12997
hdLC4Ro977Q$_$5,hdLC4Ro977Q,12998
hfVXx8hfKak$_$11,hfVXx8hfKak,13012
hfVXx8hfKak$_$16,hfVXx8hfKak,13013
hfVXx8hfKak$_$1,hfVXx8hfKak,13014
hfVXx8hfKak$_$0,hfVXx8hfKak,13015
hfVXx8hfKak$_$3,hfVXx8hfKak,13016
hfVXx8hfKak$_$2,hfVXx8hfKak,13017
hfVXx8hfKak$_$5,hfVXx8hfKak,13018
hfVXx8hfKak$_$4,hfVXx8hfKak,13019
hfVXx8hfKak$_$9,hfVXx8hfKak,13020
hfvmQuhqMmY$_$11,hfvmQuhqMmY,13021
hfvmQuhqMmY$_$13,hfvmQuhqMmY,13022
hfvmQuhqMmY$_$17,hfvmQuhqMmY,13023
hfvmQuhqMmY$_$16,hfvmQuhqMmY,13024
hfvmQuhqMmY$_$1,hfvmQuhqMmY,13025
hfvmQuhqMmY$_$4,hfvmQuhqMmY,13026
hfvmQuhqMmY$_$9,hfvmQuhqMmY,13027
hfvmQuhqMmY$_$8,hfvmQuhqMmY,13028
hh04W3xXa5s$_$1,hh04W3xXa5s,13029
hh04W3xXa5s$_$0,hh04W3xXa5s,13030
hh04W3xXa5s$_$2,hh04W3xXa5s,13031
hlBOP5NskhM$_$11,hlBOP5NskhM,13049
hlBOP5NskhM$_$10,hlBOP5NskhM,13050
hlBOP5NskhM$_$13,hlBOP5NskhM,13051
hlBOP5NskhM$_$12,hlBOP5NskhM,13052
hlBOP5NskhM$_$1,hlBOP5NskhM,13053
hlBOP5NskhM$_$0,hlBOP5NskhM,13054
hlBOP5NskhM$_$3,hlBOP5NskhM,13055
hlBOP5NskhM$_$2,hlBOP5NskhM,13056
hlBOP5NskhM$_$5,hlBOP5NskhM,13057
hlBOP5NskhM$_$4,hlBOP5NskhM,13058
hlBOP5NskhM$_$7,hlBOP5NskhM,13059
hlBOP5NskhM$_$8,hlBOP5NskhM,13060
hmjfBZGGZR8$_$1,hmjfBZGGZR8,13065
hmjfBZGGZR8$_$0,hmjfBZGGZR8,13066
hyazktfsZew$_$24,hyazktfsZew,13083
hyazktfsZew$_$25,hyazktfsZew,13084
hyazktfsZew$_$26,hyazktfsZew,13085
hyazktfsZew$_$27,hyazktfsZew,13086
hyazktfsZew$_$20,hyazktfsZew,13087
hyazktfsZew$_$21,hyazktfsZew,13088
hyazktfsZew$_$22,hyazktfsZew,13089
hyazktfsZew$_$23,hyazktfsZew,13090
hyazktfsZew$_$28,hyazktfsZew,13091
hyazktfsZew$_$29,hyazktfsZew,13092
hyazktfsZew$_$1,hyazktfsZew,13093
hyazktfsZew$_$0,hyazktfsZew,13094
hyazktfsZew$_$3,hyazktfsZew,13095
hyazktfsZew$_$2,hyazktfsZew,13096
hyazktfsZew$_$5,hyazktfsZew,13097
hyazktfsZew$_$4,hyazktfsZew,13098
hyazktfsZew$_$7,hyazktfsZew,13099
hyazktfsZew$_$6,hyazktfsZew,13100
hyazktfsZew$_$9,hyazktfsZew,13101
hyazktfsZew$_$8,hyazktfsZew,13102
hyazktfsZew$_$11,hyazktfsZew,13103
hyazktfsZew$_$10,hyazktfsZew,13104
hyazktfsZew$_$13,hyazktfsZew,13105
hyazktfsZew$_$12,hyazktfsZew,13106
hyazktfsZew$_$15,hyazktfsZew,13107
hyazktfsZew$_$14,hyazktfsZew,13108
hyazktfsZew$_$17,hyazktfsZew,13109
hyazktfsZew$_$16,hyazktfsZew,13110
hyazktfsZew$_$19,hyazktfsZew,13111
hyazktfsZew$_$18,hyazktfsZew,13112
hyazktfsZew$_$31,hyazktfsZew,13113
hyazktfsZew$_$30,hyazktfsZew,13114
hyazktfsZew$_$33,hyazktfsZew,13115
hyazktfsZew$_$32,hyazktfsZew,13116
i5of7ZTkyfw$_$3,i5of7ZTkyfw,13119
i5of7ZTkyfw$_$2,i5of7ZTkyfw,13120
i5of7ZTkyfw$_$4,i5of7ZTkyfw,13121
i5of7ZTkyfw$_$7,i5of7ZTkyfw,13122
i6UngvEEuNs$_$2,i6UngvEEuNs,13123
iEOBNT0HFtU$_$12,iEOBNT0HFtU,13129
iEOBNT0HFtU$_$15,iEOBNT0HFtU,13130
iEOBNT0HFtU$_$14,iEOBNT0HFtU,13131
iEOBNT0HFtU$_$17,iEOBNT0HFtU,13132
iEOBNT0HFtU$_$16,iEOBNT0HFtU,13133
iEOBNT0HFtU$_$1,iEOBNT0HFtU,13134
iEOBNT0HFtU$_$0,iEOBNT0HFtU,13135
iEOBNT0HFtU$_$3,iEOBNT0HFtU,13136
iEOBNT0HFtU$_$2,iEOBNT0HFtU,13137
iEOBNT0HFtU$_$5,iEOBNT0HFtU,13138
iEOBNT0HFtU$_$7,iEOBNT0HFtU,13139
iEOBNT0HFtU$_$6,iEOBNT0HFtU,13140
iEOBNT0HFtU$_$9,iEOBNT0HFtU,13141
iFGoQUh81as$_$8,iFGoQUh81as,13142
iMss8xBhFiI$_$11,iMss8xBhFiI,13166
iMss8xBhFiI$_$10,iMss8xBhFiI,13167
iMss8xBhFiI$_$13,iMss8xBhFiI,13168
iMss8xBhFiI$_$12,iMss8xBhFiI,13169
iMss8xBhFiI$_$1,iMss8xBhFiI,13170
iMss8xBhFiI$_$7,iMss8xBhFiI,13171
iMss8xBhFiI$_$6,iMss8xBhFiI,13172
iMss8xBhFiI$_$9,iMss8xBhFiI,13173
iMss8xBhFiI$_$8,iMss8xBhFiI,13174
iO34hER47xA$_$1,iO34hER47xA,13175
iO34hER47xA$_$3,iO34hER47xA,13176
iO34hER47xA$_$2,iO34hER47xA,13177
iO34hER47xA$_$5,iO34hER47xA,13178
iO34hER47xA$_$4,iO34hER47xA,13179
iR1Os7FVGHs$_$1,iR1Os7FVGHs,13180
iR1Os7FVGHs$_$4,iR1Os7FVGHs,13181
iR1Os7FVGHs$_$6,iR1Os7FVGHs,13182
iS91daVpH2E$_$10,iS91daVpH2E,13193
iS91daVpH2E$_$0,iS91daVpH2E,13194
iS91daVpH2E$_$3,iS91daVpH2E,13195
iS91daVpH2E$_$5,iS91daVpH2E,13196
iS91daVpH2E$_$7,iS91daVpH2E,13197
iS91daVpH2E$_$6,iS91daVpH2E,13198
iS91daVpH2E$_$8,iS91daVpH2E,13199
iWBx0CP9JqA$_$3,iWBx0CP9JqA,13200
iWBx0CP9JqA$_$2,iWBx0CP9JqA,13201
io85pRFj_dw$_$1,io85pRFj_dw,13244
io85pRFj_dw$_$10,io85pRFj_dw,13245
izFBeXMTgds$_$11,izFBeXMTgds,13263
izFBeXMTgds$_$15,izFBeXMTgds,13264
izFBeXMTgds$_$14,izFBeXMTgds,13265
izFBeXMTgds$_$1,izFBeXMTgds,13266
izFBeXMTgds$_$2,izFBeXMTgds,13267
izFBeXMTgds$_$5,izFBeXMTgds,13268
izFBeXMTgds$_$7,izFBeXMTgds,13269
j4MpQ6CKoDE$_$2,j4MpQ6CKoDE,13270
j9mRv472dq0$_$1,j9mRv472dq0,13279
j9mRv472dq0$_$2,j9mRv472dq0,13280
jNdvceZ4etc$_$1,jNdvceZ4etc,13295
jNdvceZ4etc$_$0,jNdvceZ4etc,13296
jNdvceZ4etc$_$3,jNdvceZ4etc,13297
jNdvceZ4etc$_$2,jNdvceZ4etc,13298
jNdvceZ4etc$_$5,jNdvceZ4etc,13299
jNdvceZ4etc$_$4,jNdvceZ4etc,13300
jNdvceZ4etc$_$7,jNdvceZ4etc,13301
jNdvceZ4etc$_$6,jNdvceZ4etc,13302
jNdvceZ4etc$_$8,jNdvceZ4etc,13303
jPGDFrQLD4I$_$2,jPGDFrQLD4I,13304
jV6qzF2YROc$_$15,jV6qzF2YROc,13328
jV6qzF2YROc$_$17,jV6qzF2YROc,13329
jV6qzF2YROc$_$16,jV6qzF2YROc,13330
jV6qzF2YROc$_$1,jV6qzF2YROc,13331
jV6qzF2YROc$_$0,jV6qzF2YROc,13332
jV6qzF2YROc$_$3,jV6qzF2YROc,13333
jV6qzF2YROc$_$2,jV6qzF2YROc,13334
jXp595jj734$_$1,jXp595jj734,13343
jXp595jj734$_$0,jXp595jj734,13344
jbJF3aphcP0$_$0,jbJF3aphcP0,13361
jfSGWBfVNBI$_$1,jfSGWBfVNBI,13392
jfSGWBfVNBI$_$4,jfSGWBfVNBI,13393
jgNu58Da9cs$_$1,jgNu58Da9cs,13394
jgNu58Da9cs$_$0,jgNu58Da9cs,13395
jgNu58Da9cs$_$2,jgNu58Da9cs,13396
jgNu58Da9cs$_$4,jgNu58Da9cs,13397
jgNu58Da9cs$_$7,jgNu58Da9cs,13398
jgNu58Da9cs$_$6,jgNu58Da9cs,13399
jhb6SV2dQzg$_$0,jhb6SV2dQzg,13400
juI9KoLA87A$_$11,juI9KoLA87A,13435
juI9KoLA87A$_$10,juI9KoLA87A,13436
juI9KoLA87A$_$12,juI9KoLA87A,13437
juI9KoLA87A$_$15,juI9KoLA87A,13438
juI9KoLA87A$_$14,juI9KoLA87A,13439
juI9KoLA87A$_$17,juI9KoLA87A,13440
juI9KoLA87A$_$18,juI9KoLA87A,13441
juI9KoLA87A$_$1,juI9KoLA87A,13442
juI9KoLA87A$_$0,juI9KoLA87A,13443
juI9KoLA87A$_$3,juI9KoLA87A,13444
juI9KoLA87A$_$2,juI9KoLA87A,13445
juI9KoLA87A$_$5,juI9KoLA87A,13446
juI9KoLA87A$_$4,juI9KoLA87A,13447
juI9KoLA87A$_$7,juI9KoLA87A,13448
jzNIU-w0MVo$_$11,jzNIU-w0MVo,13449
jzNIU-w0MVo$_$13,jzNIU-w0MVo,13450
jzNIU-w0MVo$_$12,jzNIU-w0MVo,13451
jzNIU-w0MVo$_$15,jzNIU-w0MVo,13452
jzNIU-w0MVo$_$14,jzNIU-w0MVo,13453
jzNIU-w0MVo$_$16,jzNIU-w0MVo,13454
jzNIU-w0MVo$_$19,jzNIU-w0MVo,13455
jzNIU-w0MVo$_$3,jzNIU-w0MVo,13456
jzNIU-w0MVo$_$7,jzNIU-w0MVo,13457
jzNIU-w0MVo$_$9,jzNIU-w0MVo,13458
jzNIU-w0MVo$_$8,jzNIU-w0MVo,13459
k0cGUNUHuyY$_$0,k0cGUNUHuyY,13460
k4T6GaDrcjs$_$11,k4T6GaDrcjs,13467
k4T6GaDrcjs$_$1,k4T6GaDrcjs,13468
k4T6GaDrcjs$_$0,k4T6GaDrcjs,13469
k4T6GaDrcjs$_$3,k4T6GaDrcjs,13470
k4T6GaDrcjs$_$2,k4T6GaDrcjs,13471
k4T6GaDrcjs$_$5,k4T6GaDrcjs,13472
k4T6GaDrcjs$_$4,k4T6GaDrcjs,13473
k4T6GaDrcjs$_$7,k4T6GaDrcjs,13474
k4T6GaDrcjs$_$6,k4T6GaDrcjs,13475
k4T6GaDrcjs$_$9,k4T6GaDrcjs,13476
k4T6GaDrcjs$_$8,k4T6GaDrcjs,13477
kCQqLNiO0mk$_$11,kCQqLNiO0mk,13492
kCQqLNiO0mk$_$13,kCQqLNiO0mk,13493
kCQqLNiO0mk$_$12,kCQqLNiO0mk,13494
kCQqLNiO0mk$_$15,kCQqLNiO0mk,13495
kCQqLNiO0mk$_$14,kCQqLNiO0mk,13496
kCQqLNiO0mk$_$17,kCQqLNiO0mk,13497
kCQqLNiO0mk$_$16,kCQqLNiO0mk,13498
kCQqLNiO0mk$_$1,kCQqLNiO0mk,13499
kCQqLNiO0mk$_$0,kCQqLNiO0mk,13500
kCQqLNiO0mk$_$3,kCQqLNiO0mk,13501
kCQqLNiO0mk$_$2,kCQqLNiO0mk,13502
kCQqLNiO0mk$_$7,kCQqLNiO0mk,13503
kCQqLNiO0mk$_$6,kCQqLNiO0mk,13504
kCQqLNiO0mk$_$9,kCQqLNiO0mk,13505
kCQqLNiO0mk$_$8,kCQqLNiO0mk,13506
kM6wo2bb3nw$_$0,kM6wo2bb3nw,13516
kM6wo2bb3nw$_$2,kM6wo2bb3nw,13517
kM6wo2bb3nw$_$4,kM6wo2bb3nw,13518
kRs39SO-neY$_$1,kRs39SO-neY,13533
kRs39SO-neY$_$4,kRs39SO-neY,13534
kRs39SO-neY$_$17,kRs39SO-neY,13535
kRs39SO-neY$_$23,kRs39SO-neY,13536
kRsA87VU6EQ$_$0,kRsA87VU6EQ,13537
kSooCdVTI6E$_$1,kSooCdVTI6E,13538
kSooCdVTI6E$_$0,kSooCdVTI6E,13539
kSooCdVTI6E$_$3,kSooCdVTI6E,13540
kSooCdVTI6E$_$2,kSooCdVTI6E,13541
kSooCdVTI6E$_$5,kSooCdVTI6E,13542
kSooCdVTI6E$_$4,kSooCdVTI6E,13543
kZfcQ4a0kx4$_$10,kZfcQ4a0kx4,13560
kZfcQ4a0kx4$_$13,kZfcQ4a0kx4,13561
kZfcQ4a0kx4$_$12,kZfcQ4a0kx4,13562
kZfcQ4a0kx4$_$20,kZfcQ4a0kx4,13563
kZfcQ4a0kx4$_$21,kZfcQ4a0kx4,13564
kZfcQ4a0kx4$_$16,kZfcQ4a0kx4,13565
kZfcQ4a0kx4$_$19,kZfcQ4a0kx4,13566
kZfcQ4a0kx4$_$1,kZfcQ4a0kx4,13567
kZfcQ4a0kx4$_$0,kZfcQ4a0kx4,13568
kZfcQ4a0kx4$_$3,kZfcQ4a0kx4,13569
kZfcQ4a0kx4$_$5,kZfcQ4a0kx4,13570
kZfcQ4a0kx4$_$7,kZfcQ4a0kx4,13571
kZfcQ4a0kx4$_$8,kZfcQ4a0kx4,13572
kZfcQ4a0kx4$_$15,kZfcQ4a0kx4,13573
kcIGTPHEsNo$_$25,kcIGTPHEsNo,13574
kcIGTPHEsNo$_$26,kcIGTPHEsNo,13575
kcIGTPHEsNo$_$20,kcIGTPHEsNo,13576
kcIGTPHEsNo$_$14,kcIGTPHEsNo,13577
kcIGTPHEsNo$_$17,kcIGTPHEsNo,13578
kcIGTPHEsNo$_$16,kcIGTPHEsNo,13579
kcIGTPHEsNo$_$19,kcIGTPHEsNo,13580
kcIGTPHEsNo$_$13,kcIGTPHEsNo,13581
kcIGTPHEsNo$_$1,kcIGTPHEsNo,13582
kcIGTPHEsNo$_$7,kcIGTPHEsNo,13583
kcIGTPHEsNo$_$6,kcIGTPHEsNo,13584
kcIGTPHEsNo$_$10,kcIGTPHEsNo,13585
kddCewAsxfA$_$1,kddCewAsxfA,13586
kddCewAsxfA$_$0,kddCewAsxfA,13587
kddCewAsxfA$_$5,kddCewAsxfA,13588
kddCewAsxfA$_$6,kddCewAsxfA,13589
kj63uF0RhW8$_$1,kj63uF0RhW8,13634
kj63uF0RhW8$_$7,kj63uF0RhW8,13635
kjQAkrdbREk$_$1,kjQAkrdbREk,13636
kjQAkrdbREk$_$3,kjQAkrdbREk,13637
kjQAkrdbREk$_$2,kjQAkrdbREk,13638
kqXpf26EL-s$_$11,kqXpf26EL-s,13649
kqXpf26EL-s$_$10,kqXpf26EL-s,13650
kqXpf26EL-s$_$0,kqXpf26EL-s,13651
kqXpf26EL-s$_$3,kqXpf26EL-s,13652
kqXpf26EL-s$_$2,kqXpf26EL-s,13653
kqXpf26EL-s$_$5,kqXpf26EL-s,13654
kqXpf26EL-s$_$4,kqXpf26EL-s,13655
kqXpf26EL-s$_$7,kqXpf26EL-s,13656
kqXpf26EL-s$_$6,kqXpf26EL-s,13657
kqXpf26EL-s$_$8,kqXpf26EL-s,13658
ku-dtUqCm2o$_$1,ku-dtUqCm2o,13689
ku-dtUqCm2o$_$5,ku-dtUqCm2o,13690
kx544gnOZB0$_$0,kx544gnOZB0,13703
kx544gnOZB0$_$3,kx544gnOZB0,13704
ky7Q5onqxGw$_$0,ky7Q5onqxGw,13714
ky7Q5onqxGw$_$7,ky7Q5onqxGw,13715
ky7Q5onqxGw$_$6,ky7Q5onqxGw,13716
kyPepNmxaj8$_$8,kyPepNmxaj8,13717
kyPepNmxaj8$_$2,kyPepNmxaj8,13718
kyPepNmxaj8$_$4,kyPepNmxaj8,13719
kzmaKnujN64$_$1,kzmaKnujN64,13721
kzmaKnujN64$_$0,kzmaKnujN64,13722
kzmaKnujN64$_$2,kzmaKnujN64,13723
kzmaKnujN64$_$5,kzmaKnujN64,13724
kzmaKnujN64$_$4,kzmaKnujN64,13725
kzmaKnujN64$_$7,kzmaKnujN64,13726
kzmaKnujN64$_$6,kzmaKnujN64,13727
l-nM_U1qpko$_$1,l-nM_U1qpko,13728
l-nM_U1qpko$_$0,l-nM_U1qpko,13729
l-nM_U1qpko$_$3,l-nM_U1qpko,13730
l-nM_U1qpko$_$2,l-nM_U1qpko,13731
l-nM_U1qpko$_$5,l-nM_U1qpko,13732
l-nM_U1qpko$_$4,l-nM_U1qpko,13733
l5_DDqck4Rs$_$0,l5_DDqck4Rs,13734
lWvaIexY2WU$_$1,lWvaIexY2WU,13798
lWvaIexY2WU$_$0,lWvaIexY2WU,13799
lWvaIexY2WU$_$2,lWvaIexY2WU,13800
lWvaIexY2WU$_$6,lWvaIexY2WU,13801
lo0R1mvjDT8$_$1,lo0R1mvjDT8,13816
lo0R1mvjDT8$_$0,lo0R1mvjDT8,13817
lo0R1mvjDT8$_$3,lo0R1mvjDT8,13818
lo0R1mvjDT8$_$2,lo0R1mvjDT8,13819
lo0R1mvjDT8$_$5,lo0R1mvjDT8,13820
lo0R1mvjDT8$_$4,lo0R1mvjDT8,13821
lp9vkkimXqg$_$11,lp9vkkimXqg,13822
lp9vkkimXqg$_$10,lp9vkkimXqg,13823
lp9vkkimXqg$_$13,lp9vkkimXqg,13824
lp9vkkimXqg$_$12,lp9vkkimXqg,13825
lp9vkkimXqg$_$15,lp9vkkimXqg,13826
lp9vkkimXqg$_$14,lp9vkkimXqg,13827
lp9vkkimXqg$_$17,lp9vkkimXqg,13828
lp9vkkimXqg$_$16,lp9vkkimXqg,13829
lp9vkkimXqg$_$19,lp9vkkimXqg,13830
lp9vkkimXqg$_$18,lp9vkkimXqg,13831
lp9vkkimXqg$_$1,lp9vkkimXqg,13832
lp9vkkimXqg$_$0,lp9vkkimXqg,13833
lp9vkkimXqg$_$3,lp9vkkimXqg,13834
lp9vkkimXqg$_$2,lp9vkkimXqg,13835
lp9vkkimXqg$_$5,lp9vkkimXqg,13836
lp9vkkimXqg$_$4,lp9vkkimXqg,13837
lp9vkkimXqg$_$7,lp9vkkimXqg,13838
lp9vkkimXqg$_$6,lp9vkkimXqg,13839
lp9vkkimXqg$_$9,lp9vkkimXqg,13840
lp9vkkimXqg$_$20,lp9vkkimXqg,13841
lp9vkkimXqg$_$8,lp9vkkimXqg,13842
lpF-yBYou0s$_$3,lpF-yBYou0s,13843
lpF-yBYou0s$_$5,lpF-yBYou0s,13844
lpF-yBYou0s$_$4,lpF-yBYou0s,13845
lpF-yBYou0s$_$6,lpF-yBYou0s,13846
lzyVWNrkgbQ$_$19,lzyVWNrkgbQ,13872
lzyVWNrkgbQ$_$9,lzyVWNrkgbQ,13873
lzyVWNrkgbQ$_$15,lzyVWNrkgbQ,13874
m0-DH0k115I$_$3,m0-DH0k115I,13875
m0-DH0k115I$_$2,m0-DH0k115I,13876
m7SJs73SF8w$_$1,m7SJs73SF8w,13877
m7SJs73SF8w$_$0,m7SJs73SF8w,13878
m7SJs73SF8w$_$2,m7SJs73SF8w,13879
m7SJs73SF8w$_$4,m7SJs73SF8w,13880
mHEtr7PHxoA$_$1,mHEtr7PHxoA,13891
mHEtr7PHxoA$_$0,mHEtr7PHxoA,13892
mI50zj8cTNw$_$1,mI50zj8cTNw,13900
mI50zj8cTNw$_$8,mI50zj8cTNw,13901
mI50zj8cTNw$_$2,mI50zj8cTNw,13902
mI50zj8cTNw$_$4,mI50zj8cTNw,13903
mI50zj8cTNw$_$0,mI50zj8cTNw,13904
mKP6TVuixWg$_$11,mKP6TVuixWg,13905
mKP6TVuixWg$_$12,mKP6TVuixWg,13906
mKP6TVuixWg$_$15,mKP6TVuixWg,13907
mKP6TVuixWg$_$21,mKP6TVuixWg,13908
mKP6TVuixWg$_$18,mKP6TVuixWg,13909
mKP6TVuixWg$_$2,mKP6TVuixWg,13910
mKP6TVuixWg$_$9,mKP6TVuixWg,13911
mMeGgB9-hSE$_$10,mMeGgB9-hSE,13916
mMeGgB9-hSE$_$13,mMeGgB9-hSE,13917
mMeGgB9-hSE$_$18,mMeGgB9-hSE,13918
mNurUl_Q2UY$_$4,mNurUl_Q2UY,13924
mRPIse3OO74$_$1,mRPIse3OO74,13935
mRPIse3OO74$_$0,mRPIse3OO74,13936
mRPIse3OO74$_$3,mRPIse3OO74,13937
mRPIse3OO74$_$2,mRPIse3OO74,13938
mRPIse3OO74$_$5,mRPIse3OO74,13939
mRPIse3OO74$_$4,mRPIse3OO74,13940
mRPIse3OO74$_$6,mRPIse3OO74,13941
mSWwz7dXUP8$_$6,mSWwz7dXUP8,13953
mW8eL4e7Wrg$_$11,mW8eL4e7Wrg,13954
mW8eL4e7Wrg$_$10,mW8eL4e7Wrg,13955
mW8eL4e7Wrg$_$20,mW8eL4e7Wrg,13956
mW8eL4e7Wrg$_$14,mW8eL4e7Wrg,13957
mW8eL4e7Wrg$_$22,mW8eL4e7Wrg,13958
mW8eL4e7Wrg$_$3,mW8eL4e7Wrg,13959
mW8eL4e7Wrg$_$2,mW8eL4e7Wrg,13960
mW8eL4e7Wrg$_$6,mW8eL4e7Wrg,13961
mW8eL4e7Wrg$_$15,mW8eL4e7Wrg,13962
mXdvCxLbpuY$_$2,mXdvCxLbpuY,13963
mXdvCxLbpuY$_$5,mXdvCxLbpuY,13964
mgpoY1-110U$_$21,mgpoY1-110U,14004
mgpoY1-110U$_$17,mgpoY1-110U,14005
mgpoY1-110U$_$23,mgpoY1-110U,14006
mgpoY1-110U$_$1,mgpoY1-110U,14007
mgpoY1-110U$_$7,mgpoY1-110U,14008
mgpoY1-110U$_$6,mgpoY1-110U,14009
mgpoY1-110U$_$14,mgpoY1-110U,14010
mjQfQx2K__8$_$10,mjQfQx2K__8,14011
mjQfQx2K__8$_$12,mjQfQx2K__8,14012
mjQfQx2K__8$_$17,mjQfQx2K__8,14013
mjQfQx2K__8$_$23,mjQfQx2K__8,14014
mjQfQx2K__8$_$18,mjQfQx2K__8,14015
mjQfQx2K__8$_$16,mjQfQx2K__8,14016
mjQfQx2K__8$_$1,mjQfQx2K__8,14017
mjQfQx2K__8$_$0,mjQfQx2K__8,14018
mjQfQx2K__8$_$3,mjQfQx2K__8,14019
mjQfQx2K__8$_$25,mjQfQx2K__8,14020
mjQfQx2K__8$_$7,mjQfQx2K__8,14021
mjQfQx2K__8$_$8,mjQfQx2K__8,14022
mjQfQx2K__8$_$4,mjQfQx2K__8,14023
mjYeEikLR8I$_$9,mjYeEikLR8I,14024
mjYeEikLR8I$_$6,mjYeEikLR8I,14025
mrQIrm6hYMQ$_$1,mrQIrm6hYMQ,14040
mrQIrm6hYMQ$_$0,mrQIrm6hYMQ,14041
mrQIrm6hYMQ$_$2,mrQIrm6hYMQ,14042
muOYAxkG-Zo$_$11,muOYAxkG-Zo,14043
muOYAxkG-Zo$_$10,muOYAxkG-Zo,14044
muOYAxkG-Zo$_$13,muOYAxkG-Zo,14045
muOYAxkG-Zo$_$15,muOYAxkG-Zo,14046
muOYAxkG-Zo$_$16,muOYAxkG-Zo,14047
muOYAxkG-Zo$_$0,muOYAxkG-Zo,14048
muOYAxkG-Zo$_$5,muOYAxkG-Zo,14049
muOYAxkG-Zo$_$7,muOYAxkG-Zo,14050
muOYAxkG-Zo$_$6,muOYAxkG-Zo,14051
muOYAxkG-Zo$_$9,muOYAxkG-Zo,14052
muOYAxkG-Zo$_$8,muOYAxkG-Zo,14053
mud6tEqFiEM$_$1,mud6tEqFiEM,14054
mud6tEqFiEM$_$0,mud6tEqFiEM,14055
mud6tEqFiEM$_$3,mud6tEqFiEM,14056
mud6tEqFiEM$_$2,mud6tEqFiEM,14057
mud6tEqFiEM$_$5,mud6tEqFiEM,14058
mud6tEqFiEM$_$4,mud6tEqFiEM,14059
mud6tEqFiEM$_$7,mud6tEqFiEM,14060
mud6tEqFiEM$_$6,mud6tEqFiEM,14061
mxa4KXSz9rw$_$11,mxa4KXSz9rw,14075
mxa4KXSz9rw$_$10,mxa4KXSz9rw,14076
mxa4KXSz9rw$_$12,mxa4KXSz9rw,14077
mxa4KXSz9rw$_$1,mxa4KXSz9rw,14078
mxa4KXSz9rw$_$0,mxa4KXSz9rw,14079
mxa4KXSz9rw$_$2,mxa4KXSz9rw,14080
mxa4KXSz9rw$_$5,mxa4KXSz9rw,14081
mxa4KXSz9rw$_$4,mxa4KXSz9rw,14082
mxa4KXSz9rw$_$7,mxa4KXSz9rw,14083
mxa4KXSz9rw$_$6,mxa4KXSz9rw,14084
mxa4KXSz9rw$_$9,mxa4KXSz9rw,14085
mxa4KXSz9rw$_$8,mxa4KXSz9rw,14086
mzTHW2dtbs4$_$1,mzTHW2dtbs4,14087
mzTHW2dtbs4$_$8,mzTHW2dtbs4,14088
mzTHW2dtbs4$_$7,mzTHW2dtbs4,14089
mzTHW2dtbs4$_$16,mzTHW2dtbs4,14090
mziQcFSsdRI$_$1,mziQcFSsdRI,14091
mziQcFSsdRI$_$2,mziQcFSsdRI,14092
mziQcFSsdRI$_$4,mziQcFSsdRI,14093
n2BuwHbdilY$_$1,n2BuwHbdilY,14098
n2BuwHbdilY$_$0,n2BuwHbdilY,14099
n2BuwHbdilY$_$3,n2BuwHbdilY,14100
n2BuwHbdilY$_$2,n2BuwHbdilY,14101
n4xRx0J3rYQ$_$10,n4xRx0J3rYQ,14102
n4xRx0J3rYQ$_$13,n4xRx0J3rYQ,14103
n4xRx0J3rYQ$_$12,n4xRx0J3rYQ,14104
n4xRx0J3rYQ$_$14,n4xRx0J3rYQ,14105
n4xRx0J3rYQ$_$16,n4xRx0J3rYQ,14106
n4xRx0J3rYQ$_$19,n4xRx0J3rYQ,14107
n4xRx0J3rYQ$_$1,n4xRx0J3rYQ,14108
n4xRx0J3rYQ$_$0,n4xRx0J3rYQ,14109
n4xRx0J3rYQ$_$2,n4xRx0J3rYQ,14110
n4xRx0J3rYQ$_$4,n4xRx0J3rYQ,14111
n4xRx0J3rYQ$_$7,n4xRx0J3rYQ,14112
n4xRx0J3rYQ$_$6,n4xRx0J3rYQ,14113
n4xRx0J3rYQ$_$9,n4xRx0J3rYQ,14114
n4xRx0J3rYQ$_$8,n4xRx0J3rYQ,14115
n5J1ZkGUGnU$_$10,n5J1ZkGUGnU,14116
n5J1ZkGUGnU$_$8,n5J1ZkGUGnU,14117
n5J1ZkGUGnU$_$5,n5J1ZkGUGnU,14118
n5J1ZkGUGnU$_$4,n5J1ZkGUGnU,14119
n5J1ZkGUGnU$_$6,n5J1ZkGUGnU,14120
n5MU2-GFjo8$_$1,n5MU2-GFjo8,14121
n5MU2-GFjo8$_$8,n5MU2-GFjo8,14122
n5MU2-GFjo8$_$0,n5MU2-GFjo8,14123
n5MU2-GFjo8$_$4,n5MU2-GFjo8,14124
n5MU2-GFjo8$_$6,n5MU2-GFjo8,14125
n7K5SpMrQt0$_$11,n7K5SpMrQt0,14126
n7K5SpMrQt0$_$10,n7K5SpMrQt0,14127
n7K5SpMrQt0$_$13,n7K5SpMrQt0,14128
n7K5SpMrQt0$_$17,n7K5SpMrQt0,14129
n7K5SpMrQt0$_$16,n7K5SpMrQt0,14130
n7K5SpMrQt0$_$4,n7K5SpMrQt0,14131
n7K5SpMrQt0$_$8,n7K5SpMrQt0,14132
nAhn8-kZpM8$_$9,nAhn8-kZpM8,14133
nAhn8-kZpM8$_$8,nAhn8-kZpM8,14134
nDXKvarLEOM$_$0,nDXKvarLEOM,14149
nDXKvarLEOM$_$3,nDXKvarLEOM,14150
nDXKvarLEOM$_$5,nDXKvarLEOM,14151
nDXKvarLEOM$_$4,nDXKvarLEOM,14152
nErOMpqvcRg$_$5,nErOMpqvcRg,14153
nErOMpqvcRg$_$4,nErOMpqvcRg,14154
nErOMpqvcRg$_$7,nErOMpqvcRg,14155
nF0AMbTH4VM$_$0,nF0AMbTH4VM,14156
nQ7txb1MtG0$_$5,nQ7txb1MtG0,14195
nQ7txb1MtG0$_$4,nQ7txb1MtG0,14196
npIVLL_fTf0$_$24,npIVLL_fTf0,14225
npIVLL_fTf0$_$10,npIVLL_fTf0,14226
npIVLL_fTf0$_$13,npIVLL_fTf0,14227
npIVLL_fTf0$_$12,npIVLL_fTf0,14228
npIVLL_fTf0$_$20,npIVLL_fTf0,14229
npIVLL_fTf0$_$17,npIVLL_fTf0,14230
npIVLL_fTf0$_$0,npIVLL_fTf0,14231
npIVLL_fTf0$_$3,npIVLL_fTf0,14232
npIVLL_fTf0$_$4,npIVLL_fTf0,14233
npIVLL_fTf0$_$11,npIVLL_fTf0,14234
npIVLL_fTf0$_$9,npIVLL_fTf0,14235
nw6Kf3AtCz4$_$24,nw6Kf3AtCz4,14240
nw6Kf3AtCz4$_$25,nw6Kf3AtCz4,14241
nw6Kf3AtCz4$_$26,nw6Kf3AtCz4,14242
nw6Kf3AtCz4$_$27,nw6Kf3AtCz4,14243
nw6Kf3AtCz4$_$20,nw6Kf3AtCz4,14244
nw6Kf3AtCz4$_$21,nw6Kf3AtCz4,14245
nw6Kf3AtCz4$_$22,nw6Kf3AtCz4,14246
nw6Kf3AtCz4$_$23,nw6Kf3AtCz4,14247
nw6Kf3AtCz4$_$28,nw6Kf3AtCz4,14248
nw6Kf3AtCz4$_$1,nw6Kf3AtCz4,14249
nw6Kf3AtCz4$_$3,nw6Kf3AtCz4,14250
nw6Kf3AtCz4$_$2,nw6Kf3AtCz4,14251
nw6Kf3AtCz4$_$5,nw6Kf3AtCz4,14252
nw6Kf3AtCz4$_$4,nw6Kf3AtCz4,14253
nw6Kf3AtCz4$_$7,nw6Kf3AtCz4,14254
nw6Kf3AtCz4$_$6,nw6Kf3AtCz4,14255
nw6Kf3AtCz4$_$9,nw6Kf3AtCz4,14256
nw6Kf3AtCz4$_$8,nw6Kf3AtCz4,14257
nw6Kf3AtCz4$_$11,nw6Kf3AtCz4,14258
nw6Kf3AtCz4$_$13,nw6Kf3AtCz4,14259
nw6Kf3AtCz4$_$12,nw6Kf3AtCz4,14260
nw6Kf3AtCz4$_$15,nw6Kf3AtCz4,14261
nw6Kf3AtCz4$_$14,nw6Kf3AtCz4,14262
nw6Kf3AtCz4$_$17,nw6Kf3AtCz4,14263
nw6Kf3AtCz4$_$16,nw6Kf3AtCz4,14264
nw6Kf3AtCz4$_$19,nw6Kf3AtCz4,14265
nw6Kf3AtCz4$_$18,nw6Kf3AtCz4,14266
nw6Kf3AtCz4$_$31,nw6Kf3AtCz4,14267
nw6Kf3AtCz4$_$30,nw6Kf3AtCz4,14268
nw6Kf3AtCz4$_$35,nw6Kf3AtCz4,14269
nw6Kf3AtCz4$_$34,nw6Kf3AtCz4,14270
nw6Kf3AtCz4$_$33,nw6Kf3AtCz4,14271
nw6Kf3AtCz4$_$32,nw6Kf3AtCz4,14272
nxksB2kDJ6o$_$0,nxksB2kDJ6o,14273
nxksB2kDJ6o$_$7,nxksB2kDJ6o,14274
o1cRmT9qnOc$_$0,o1cRmT9qnOc,14281
o2bNnLOEEC0$_$1,o2bNnLOEEC0,14282
o2bNnLOEEC0$_$0,o2bNnLOEEC0,14283
o2bNnLOEEC0$_$3,o2bNnLOEEC0,14284
o2bNnLOEEC0$_$2,o2bNnLOEEC0,14285
o63doZKEIds$_$1,o63doZKEIds,14299
o63doZKEIds$_$0,o63doZKEIds,14300
o63doZKEIds$_$3,o63doZKEIds,14301
o63doZKEIds$_$2,o63doZKEIds,14302
o63doZKEIds$_$5,o63doZKEIds,14303
o63doZKEIds$_$7,o63doZKEIds,14304
o63doZKEIds$_$6,o63doZKEIds,14305
o63doZKEIds$_$9,o63doZKEIds,14306
o63doZKEIds$_$8,o63doZKEIds,14307
o7vcTMAX9fQ$_$0,o7vcTMAX9fQ,14308
oK951Y2N_k0$_$1,oK951Y2N_k0,14364
oO61Ma17tRA$_$1,oO61Ma17tRA,14366
oO61Ma17tRA$_$0,oO61Ma17tRA,14367
oO61Ma17tRA$_$2,oO61Ma17tRA,14368
oZkWWCQw2Js$_$11,oZkWWCQw2Js,14403
oZkWWCQw2Js$_$0,oZkWWCQw2Js,14404
oZkWWCQw2Js$_$12,oZkWWCQw2Js,14405
oaC1UATdtAg$_$1,oaC1UATdtAg,14406
oaC1UATdtAg$_$0,oaC1UATdtAg,14407
oaC1UATdtAg$_$3,oaC1UATdtAg,14408
oaC1UATdtAg$_$2,oaC1UATdtAg,14409
oaC1UATdtAg$_$4,oaC1UATdtAg,14410
obnOnuzb-Xw$_$1,obnOnuzb-Xw,14411
obnOnuzb-Xw$_$0,obnOnuzb-Xw,14412
obnOnuzb-Xw$_$3,obnOnuzb-Xw,14413
obnOnuzb-Xw$_$5,obnOnuzb-Xw,14414
obnOnuzb-Xw$_$4,obnOnuzb-Xw,14415
omBcvw7izuM$_$10,omBcvw7izuM,14496
omBcvw7izuM$_$12,omBcvw7izuM,14497
omBcvw7izuM$_$15,omBcvw7izuM,14498
omBcvw7izuM$_$14,omBcvw7izuM,14499
omBcvw7izuM$_$17,omBcvw7izuM,14500
omBcvw7izuM$_$19,omBcvw7izuM,14501
omBcvw7izuM$_$18,omBcvw7izuM,14502
omBcvw7izuM$_$1,omBcvw7izuM,14503
omBcvw7izuM$_$0,omBcvw7izuM,14504
omBcvw7izuM$_$2,omBcvw7izuM,14505
omBcvw7izuM$_$4,omBcvw7izuM,14506
omBcvw7izuM$_$6,omBcvw7izuM,14507
omBcvw7izuM$_$9,omBcvw7izuM,14508
omBcvw7izuM$_$8,omBcvw7izuM,14509
ooGB4BLK9PM$_$5,ooGB4BLK9PM,14518
opHUZsc2WO8$_$3,opHUZsc2WO8,14519
opHUZsc2WO8$_$2,opHUZsc2WO8,14520
otna1VHHCow$_$1,otna1VHHCow,14521
otna1VHHCow$_$0,otna1VHHCow,14522
otna1VHHCow$_$2,otna1VHHCow,14523
otna1VHHCow$_$5,otna1VHHCow,14524
otna1VHHCow$_$4,otna1VHHCow,14525
otna1VHHCow$_$6,otna1VHHCow,14526
ouhCx4TgHlE$_$1,ouhCx4TgHlE,14529
ouhCx4TgHlE$_$0,ouhCx4TgHlE,14530
ouhCx4TgHlE$_$2,ouhCx4TgHlE,14531
owT0_Xfu8a0$_$0,owT0_Xfu8a0,14532
owT0_Xfu8a0$_$2,owT0_Xfu8a0,14533
oyHKiX5YGDE$_$24,oyHKiX5YGDE,14534
oyHKiX5YGDE$_$10,oyHKiX5YGDE,14535
oyHKiX5YGDE$_$15,oyHKiX5YGDE,14536
oyHKiX5YGDE$_$21,oyHKiX5YGDE,14537
oyHKiX5YGDE$_$22,oyHKiX5YGDE,14538
oyHKiX5YGDE$_$23,oyHKiX5YGDE,14539
oyHKiX5YGDE$_$19,oyHKiX5YGDE,14540
oyHKiX5YGDE$_$5,oyHKiX5YGDE,14541
oyHKiX5YGDE$_$25,oyHKiX5YGDE,14542
oyHKiX5YGDE$_$6,oyHKiX5YGDE,14543
oyHKiX5YGDE$_$8,oyHKiX5YGDE,14544
p18PVgfxook$_$3,p18PVgfxook,14545
p19Hsjx2xgI$_$9,p19Hsjx2xgI,14546
p19Hsjx2xgI$_$8,p19Hsjx2xgI,14547
p19Hsjx2xgI$_$1,p19Hsjx2xgI,14548
p19Hsjx2xgI$_$4,p19Hsjx2xgI,14549
pAclBdj20ZU$_$11,pAclBdj20ZU,14560
pAclBdj20ZU$_$10,pAclBdj20ZU,14561
pAclBdj20ZU$_$1,pAclBdj20ZU,14562
pAclBdj20ZU$_$0,pAclBdj20ZU,14563
pAclBdj20ZU$_$3,pAclBdj20ZU,14564
pAclBdj20ZU$_$2,pAclBdj20ZU,14565
pAclBdj20ZU$_$5,pAclBdj20ZU,14566
pAclBdj20ZU$_$4,pAclBdj20ZU,14567
pAclBdj20ZU$_$7,pAclBdj20ZU,14568
pAclBdj20ZU$_$6,pAclBdj20ZU,14569
pAclBdj20ZU$_$9,pAclBdj20ZU,14570
pAclBdj20ZU$_$8,pAclBdj20ZU,14571
pFh-SLxltms$_$11,pFh-SLxltms,14574
pFh-SLxltms$_$13,pFh-SLxltms,14575
pFh-SLxltms$_$12,pFh-SLxltms,14576
pFh-SLxltms$_$20,pFh-SLxltms,14577
pFh-SLxltms$_$14,pFh-SLxltms,14578
pFh-SLxltms$_$22,pFh-SLxltms,14579
pFh-SLxltms$_$23,pFh-SLxltms,14580
pFh-SLxltms$_$19,pFh-SLxltms,14581
pFh-SLxltms$_$18,pFh-SLxltms,14582
pFh-SLxltms$_$16,pFh-SLxltms,14583
pFh-SLxltms$_$1,pFh-SLxltms,14584
pFh-SLxltms$_$5,pFh-SLxltms,14585
pFh-SLxltms$_$4,pFh-SLxltms,14586
pFh-SLxltms$_$7,pFh-SLxltms,14587
pFh-SLxltms$_$9,pFh-SLxltms,14588
pFh-SLxltms$_$17,pFh-SLxltms,14589
pIMByitigYI$_$10,pIMByitigYI,14591
pIMByitigYI$_$13,pIMByitigYI,14592
pIMByitigYI$_$17,pIMByitigYI,14593
pIMByitigYI$_$16,pIMByitigYI,14594
pIMByitigYI$_$19,pIMByitigYI,14595
pIMByitigYI$_$23,pIMByitigYI,14596
pIMByitigYI$_$26,pIMByitigYI,14597
pIMByitigYI$_$1,pIMByitigYI,14598
pIMByitigYI$_$3,pIMByitigYI,14599
pIMByitigYI$_$2,pIMByitigYI,14600
pIMByitigYI$_$5,pIMByitigYI,14601
pIMByitigYI$_$6,pIMByitigYI,14602
pKXaKinzTmY$_$8,pKXaKinzTmY,14603
pKXaKinzTmY$_$3,pKXaKinzTmY,14604
pKXaKinzTmY$_$5,pKXaKinzTmY,14605
pKXaKinzTmY$_$4,pKXaKinzTmY,14606
pU-MjERGTUk$_$6,pU-MjERGTUk,14607
pY4ovojS4rk$_$0,pY4ovojS4rk,14610
pY4ovojS4rk$_$4,pY4ovojS4rk,14611
pY4ovojS4rk$_$7,pY4ovojS4rk,14612
pf-78LF4ORE$_$11,pf-78LF4ORE,14626
pf-78LF4ORE$_$25,pf-78LF4ORE,14627
pf-78LF4ORE$_$13,pf-78LF4ORE,14628
pf-78LF4ORE$_$12,pf-78LF4ORE,14629
pf-78LF4ORE$_$20,pf-78LF4ORE,14630
pf-78LF4ORE$_$14,pf-78LF4ORE,14631
pf-78LF4ORE$_$17,pf-78LF4ORE,14632
pf-78LF4ORE$_$16,pf-78LF4ORE,14633
pf-78LF4ORE$_$18,pf-78LF4ORE,14634
pf-78LF4ORE$_$22,pf-78LF4ORE,14635
pf-78LF4ORE$_$29,pf-78LF4ORE,14636
pf-78LF4ORE$_$1,pf-78LF4ORE,14637
pf-78LF4ORE$_$3,pf-78LF4ORE,14638
pf-78LF4ORE$_$27,pf-78LF4ORE,14639
pf-78LF4ORE$_$4,pf-78LF4ORE,14640
pf-78LF4ORE$_$24,pf-78LF4ORE,14641
pf-78LF4ORE$_$9,pf-78LF4ORE,14642
pf-78LF4ORE$_$2,pf-78LF4ORE,14643
pf6HYOOwfGE$_$0,pf6HYOOwfGE,14644
pkH2TfFN-6s$_$2,pkH2TfFN-6s,14662
ptgBkE_e5js$_$1,ptgBkE_e5js,14676
ptgBkE_e5js$_$3,ptgBkE_e5js,14677
puum3vabpb4$_$24,puum3vabpb4,14684
puum3vabpb4$_$10,puum3vabpb4,14685
puum3vabpb4$_$13,puum3vabpb4,14686
puum3vabpb4$_$27,puum3vabpb4,14687
puum3vabpb4$_$20,puum3vabpb4,14688
puum3vabpb4$_$21,puum3vabpb4,14689
puum3vabpb4$_$22,puum3vabpb4,14690
puum3vabpb4$_$25,puum3vabpb4,14691
puum3vabpb4$_$33,puum3vabpb4,14692
puum3vabpb4$_$28,puum3vabpb4,14693
puum3vabpb4$_$29,puum3vabpb4,14694
puum3vabpb4$_$15,puum3vabpb4,14695
puum3vabpb4$_$19,puum3vabpb4,14696
puum3vabpb4$_$3,puum3vabpb4,14697
puum3vabpb4$_$2,puum3vabpb4,14698
puum3vabpb4$_$5,puum3vabpb4,14699
puum3vabpb4$_$7,puum3vabpb4,14700
puum3vabpb4$_$6,puum3vabpb4,14701
puum3vabpb4$_$8,puum3vabpb4,14702
q3QUybiOYeU$_$0,q3QUybiOYeU,14732
q4hP2j7oewo$_$1,q4hP2j7oewo,14733
q4hP2j7oewo$_$3,q4hP2j7oewo,14734
q7BxnIM2_z0$_$5,q7BxnIM2_z0,14735
qCUg4ek1PPE$_$1,qCUg4ek1PPE,14736
qCUg4ek1PPE$_$3,qCUg4ek1PPE,14737
qFppeQvdfxI$_$1,qFppeQvdfxI,14762
qFppeQvdfxI$_$0,qFppeQvdfxI,14763
qFppeQvdfxI$_$3,qFppeQvdfxI,14764
qFppeQvdfxI$_$2,qFppeQvdfxI,14765
qFppeQvdfxI$_$5,qFppeQvdfxI,14766
qFppeQvdfxI$_$4,qFppeQvdfxI,14767
qFppeQvdfxI$_$7,qFppeQvdfxI,14768
qFppeQvdfxI$_$8,qFppeQvdfxI,14769
qJZlp9uxoTU$_$10,qJZlp9uxoTU,14782
qJZlp9uxoTU$_$13,qJZlp9uxoTU,14783
qJZlp9uxoTU$_$15,qJZlp9uxoTU,14784
qJZlp9uxoTU$_$14,qJZlp9uxoTU,14785
qJZlp9uxoTU$_$17,qJZlp9uxoTU,14786
qJZlp9uxoTU$_$16,qJZlp9uxoTU,14787
qJZlp9uxoTU$_$19,qJZlp9uxoTU,14788
qJZlp9uxoTU$_$18,qJZlp9uxoTU,14789
qJZlp9uxoTU$_$0,qJZlp9uxoTU,14790
qJZlp9uxoTU$_$3,qJZlp9uxoTU,14791
qJZlp9uxoTU$_$2,qJZlp9uxoTU,14792
qJZlp9uxoTU$_$4,qJZlp9uxoTU,14793
qJZlp9uxoTU$_$7,qJZlp9uxoTU,14794
qJZlp9uxoTU$_$8,qJZlp9uxoTU,14795
qJZlp9uxoTU$_$9,qJZlp9uxoTU,14796
qJZlp9uxoTU$_$20,qJZlp9uxoTU,14797
qP4uuMI-JSk$_$11,qP4uuMI-JSk,14802
qP4uuMI-JSk$_$3,qP4uuMI-JSk,14803
qP4uuMI-JSk$_$5,qP4uuMI-JSk,14804
qP4uuMI-JSk$_$4,qP4uuMI-JSk,14805
qP4uuMI-JSk$_$9,qP4uuMI-JSk,14806
qP4uuMI-JSk$_$8,qP4uuMI-JSk,14807
qYJtbgLqizk$_$1,qYJtbgLqizk,14811
qYJtbgLqizk$_$3,qYJtbgLqizk,14812
qbIajpM7U3Y$_$0,qbIajpM7U3Y,14814
qbIajpM7U3Y$_$3,qbIajpM7U3Y,14815
qbIajpM7U3Y$_$2,qbIajpM7U3Y,14816
qbIajpM7U3Y$_$4,qbIajpM7U3Y,14817
qd6YuFGcBGk$_$11,qd6YuFGcBGk,14818
qd6YuFGcBGk$_$12,qd6YuFGcBGk,14819
qd6YuFGcBGk$_$14,qd6YuFGcBGk,14820
qd6YuFGcBGk$_$17,qd6YuFGcBGk,14821
qd6YuFGcBGk$_$1,qd6YuFGcBGk,14822
qd6YuFGcBGk$_$0,qd6YuFGcBGk,14823
qd6YuFGcBGk$_$4,qd6YuFGcBGk,14824
qd6YuFGcBGk$_$9,qd6YuFGcBGk,14825
qd6YuFGcBGk$_$8,qd6YuFGcBGk,14826
qkWdc-E6jGI$_$11,qkWdc-E6jGI,14855
qkWdc-E6jGI$_$24,qkWdc-E6jGI,14856
qkWdc-E6jGI$_$21,qkWdc-E6jGI,14857
qkWdc-E6jGI$_$2,qkWdc-E6jGI,14858
qkWdc-E6jGI$_$4,qkWdc-E6jGI,14859
qkWdc-E6jGI$_$6,qkWdc-E6jGI,14860
qkWdc-E6jGI$_$8,qkWdc-E6jGI,14861
qo2reupzUE0$_$1,qo2reupzUE0,14875
qo2reupzUE0$_$8,qo2reupzUE0,14876
qo2reupzUE0$_$4,qo2reupzUE0,14877
qo2reupzUE0$_$6,qo2reupzUE0,14878
qrSW93EtuMc$_$0,qrSW93EtuMc,14887
qrSW93EtuMc$_$3,qrSW93EtuMc,14888
qszy_WSRFUM$_$10,qszy_WSRFUM,14889
qszy_WSRFUM$_$1,qszy_WSRFUM,14890
qszy_WSRFUM$_$0,qszy_WSRFUM,14891
qszy_WSRFUM$_$5,qszy_WSRFUM,14892
qszy_WSRFUM$_$4,qszy_WSRFUM,14893
qszy_WSRFUM$_$9,qszy_WSRFUM,14894
qszy_WSRFUM$_$8,qszy_WSRFUM,14895
qtI3CB1jslQ$_$8,qtI3CB1jslQ,14896
qvIhzmujTi8$_$10,qvIhzmujTi8,14897
qvIhzmujTi8$_$4,qvIhzmujTi8,14898
qvIhzmujTi8$_$14,qvIhzmujTi8,14899
r1erb5PSm1A$_$11,r1erb5PSm1A,14907
r1erb5PSm1A$_$10,r1erb5PSm1A,14908
r1erb5PSm1A$_$1,r1erb5PSm1A,14909
r1erb5PSm1A$_$0,r1erb5PSm1A,14910
r1erb5PSm1A$_$2,r1erb5PSm1A,14911
r1erb5PSm1A$_$4,r1erb5PSm1A,14912
r1erb5PSm1A$_$7,r1erb5PSm1A,14913
r8OPmbZZlpE$_$1,r8OPmbZZlpE,14920
r8OPmbZZlpE$_$3,r8OPmbZZlpE,14921
r8OPmbZZlpE$_$2,r8OPmbZZlpE,14922
rApOTQgFW6Y$_$6,rApOTQgFW6Y,14926
rC7qKZMKa0U$_$0,rC7qKZMKa0U,14947
rEWQW_ibDwg$_$25,rEWQW_ibDwg,14953
rEWQW_ibDwg$_$15,rEWQW_ibDwg,14954
rEWQW_ibDwg$_$23,rEWQW_ibDwg,14955
rEWQW_ibDwg$_$16,rEWQW_ibDwg,14956
rEWQW_ibDwg$_$7,rEWQW_ibDwg,14957
rEWQW_ibDwg$_$9,rEWQW_ibDwg,14958
rEWQW_ibDwg$_$20,rEWQW_ibDwg,14959
rEWQW_ibDwg$_$10,rEWQW_ibDwg,14960
rFHIApgUtoI$_$1,rFHIApgUtoI,14961
rFHIApgUtoI$_$3,rFHIApgUtoI,14962
rFHIApgUtoI$_$2,rFHIApgUtoI,14963
rFHIApgUtoI$_$5,rFHIApgUtoI,14964
rFHIApgUtoI$_$4,rFHIApgUtoI,14965
rFHIApgUtoI$_$6,rFHIApgUtoI,14966
rLHJ_ebXCHQ$_$10,rLHJ_ebXCHQ,14967
rLHJ_ebXCHQ$_$3,rLHJ_ebXCHQ,14968
rLHJ_ebXCHQ$_$2,rLHJ_ebXCHQ,14969
rLHJ_ebXCHQ$_$5,rLHJ_ebXCHQ,14970
rLHJ_ebXCHQ$_$4,rLHJ_ebXCHQ,14971
rLHJ_ebXCHQ$_$7,rLHJ_ebXCHQ,14972
rLHJ_ebXCHQ$_$6,rLHJ_ebXCHQ,14973
rLHJ_ebXCHQ$_$8,rLHJ_ebXCHQ,14974
rNXM3avNBKk$_$11,rNXM3avNBKk,14975
rNXM3avNBKk$_$3,rNXM3avNBKk,14976
rNXM3avNBKk$_$12,rNXM3avNBKk,14977
rNXM3avNBKk$_$14,rNXM3avNBKk,14978
rWjPSlzUc-8$_$0,rWjPSlzUc-8,14980
rWjPSlzUc-8$_$3,rWjPSlzUc-8,14981
s0PUurm1ONo$_$1,s0PUurm1ONo,15023
s1Yo_MCiMPc$_$10,s1Yo_MCiMPc,15024
s1Yo_MCiMPc$_$13,s1Yo_MCiMPc,15025
s1Yo_MCiMPc$_$12,s1Yo_MCiMPc,15026
s1Yo_MCiMPc$_$16,s1Yo_MCiMPc,15027
s1Yo_MCiMPc$_$1,s1Yo_MCiMPc,15028
s1Yo_MCiMPc$_$2,s1Yo_MCiMPc,15029
s1Yo_MCiMPc$_$5,s1Yo_MCiMPc,15030
s1Yo_MCiMPc$_$7,s1Yo_MCiMPc,15031
s1tVE8g6JBc$_$1,s1tVE8g6JBc,15032
s1tVE8g6JBc$_$0,s1tVE8g6JBc,15033
s53UAEi7JEY$_$9,s53UAEi7JEY,15035
s53UAEi7JEY$_$1,s53UAEi7JEY,15036
s53UAEi7JEY$_$4,s53UAEi7JEY,15037
sFLTjqVS7AE$_$1,sFLTjqVS7AE,15060
sFLTjqVS7AE$_$0,sFLTjqVS7AE,15061
sFLTjqVS7AE$_$5,sFLTjqVS7AE,15062
sFLTjqVS7AE$_$4,sFLTjqVS7AE,15063
sRMdbZVjhis$_$1,sRMdbZVjhis,15094
sRMdbZVjhis$_$3,sRMdbZVjhis,15095
sRex0-9yFFc$_$0,sRex0-9yFFc,15096
sRex0-9yFFc$_$7,sRex0-9yFFc,15097
sRex0-9yFFc$_$10,sRex0-9yFFc,15098
sU40irMa-so$_$1,sU40irMa-so,15099
sU40irMa-so$_$0,sU40irMa-so,15100
sqADHmnM164$_$1,sqADHmnM164,15136
ssH8WQF4eN0$_$1,ssH8WQF4eN0,15149
ssH8WQF4eN0$_$0,ssH8WQF4eN0,15150
sw-smuVRByI$_$1,sw-smuVRByI,15151
sw-smuVRByI$_$0,sw-smuVRByI,15152
sw-smuVRByI$_$3,sw-smuVRByI,15153
sw-smuVRByI$_$2,sw-smuVRByI,15154
sw-smuVRByI$_$5,sw-smuVRByI,15155
sw-smuVRByI$_$4,sw-smuVRByI,15156
sw-smuVRByI$_$7,sw-smuVRByI,15157
sw-smuVRByI$_$6,sw-smuVRByI,15158
t-wXEPHHtME$_$3,t-wXEPHHtME,15159
t-wXEPHHtME$_$2,t-wXEPHHtME,15160
t-wXEPHHtME$_$6,t-wXEPHHtME,15161
t2U7w3K2qac$_$8,t2U7w3K2qac,15166
t2U7w3K2qac$_$2,t2U7w3K2qac,15167
t7a3zECpT4k$_$1,t7a3zECpT4k,15173
t7a3zECpT4k$_$14,t7a3zECpT4k,15174
t7a3zECpT4k$_$17,t7a3zECpT4k,15175
t7a3zECpT4k$_$6,t7a3zECpT4k,15176
tL8RzwWSmAE$_$1,tL8RzwWSmAE,15178
tL8RzwWSmAE$_$0,tL8RzwWSmAE,15179
tL8RzwWSmAE$_$3,tL8RzwWSmAE,15180
tL8RzwWSmAE$_$2,tL8RzwWSmAE,15181
tRSPfPlNbMU$_$24,tRSPfPlNbMU,15184
tRSPfPlNbMU$_$3,tRSPfPlNbMU,15185
tRSPfPlNbMU$_$12,tRSPfPlNbMU,15186
tRSPfPlNbMU$_$4,tRSPfPlNbMU,15187
tUTf9R5u6r0$_$5,tUTf9R5u6r0,15188
tdIZZ9v0IGA$_$0,tdIZZ9v0IGA,15215
tdIZZ9v0IGA$_$2,tdIZZ9v0IGA,15216
tdIZZ9v0IGA$_$4,tdIZZ9v0IGA,15217
tdIZZ9v0IGA$_$7,tdIZZ9v0IGA,15218
tdIZZ9v0IGA$_$6,tdIZZ9v0IGA,15219
tdIZZ9v0IGA$_$8,tdIZZ9v0IGA,15220
tnhRxo-g3Xw$_$1,tnhRxo-g3Xw,15231
trQLgl6ncmk$_$8,trQLgl6ncmk,15232
trQLgl6ncmk$_$2,trQLgl6ncmk,15233
trQLgl6ncmk$_$15,trQLgl6ncmk,15234
trQLgl6ncmk$_$14,trQLgl6ncmk,15235
trQLgl6ncmk$_$5,trQLgl6ncmk,15236
tw2xFbfgV4U$_$11,tw2xFbfgV4U,15253
tw2xFbfgV4U$_$13,tw2xFbfgV4U,15254
tw2xFbfgV4U$_$20,tw2xFbfgV4U,15255
tw2xFbfgV4U$_$14,tw2xFbfgV4U,15256
tw2xFbfgV4U$_$17,tw2xFbfgV4U,15257
tw2xFbfgV4U$_$18,tw2xFbfgV4U,15258
tw2xFbfgV4U$_$1,tw2xFbfgV4U,15259
tw2xFbfgV4U$_$3,tw2xFbfgV4U,15260
tw2xFbfgV4U$_$2,tw2xFbfgV4U,15261
tw2xFbfgV4U$_$6,tw2xFbfgV4U,15262
tw2xFbfgV4U$_$8,tw2xFbfgV4U,15263
u94VPxEIJPg$_$11,u94VPxEIJPg,15277
u94VPxEIJPg$_$13,u94VPxEIJPg,15278
u94VPxEIJPg$_$1,u94VPxEIJPg,15279
u94VPxEIJPg$_$3,u94VPxEIJPg,15280
u94VPxEIJPg$_$5,u94VPxEIJPg,15281
u94VPxEIJPg$_$4,u94VPxEIJPg,15282
u94VPxEIJPg$_$7,u94VPxEIJPg,15283
u94VPxEIJPg$_$9,u94VPxEIJPg,15284
uBgRo9tnv-I$_$1,uBgRo9tnv-I,15293
uBgRo9tnv-I$_$0,uBgRo9tnv-I,15294
uBgRo9tnv-I$_$3,uBgRo9tnv-I,15295
uBgRo9tnv-I$_$2,uBgRo9tnv-I,15296
uBgRo9tnv-I$_$5,uBgRo9tnv-I,15297
uBgRo9tnv-I$_$4,uBgRo9tnv-I,15298
uBgRo9tnv-I$_$7,uBgRo9tnv-I,15299
uBgRo9tnv-I$_$6,uBgRo9tnv-I,15300
uITHY4LORDs$_$0,uITHY4LORDs,15301
uITHY4LORDs$_$2,uITHY4LORDs,15302
uITHY4LORDs$_$4,uITHY4LORDs,15303
uWW1ejwFURI$_$0,uWW1ejwFURI,15326
uXYAfpQUYVE$_$10,uXYAfpQUYVE,15327
uXYAfpQUYVE$_$20,uXYAfpQUYVE,15328
uXYAfpQUYVE$_$17,uXYAfpQUYVE,15329
uXYAfpQUYVE$_$22,uXYAfpQUYVE,15330
uXYAfpQUYVE$_$16,uXYAfpQUYVE,15331
uXYAfpQUYVE$_$19,uXYAfpQUYVE,15332
uXYAfpQUYVE$_$3,uXYAfpQUYVE,15333
uXYAfpQUYVE$_$5,uXYAfpQUYVE,15334
uXYAfpQUYVE$_$4,uXYAfpQUYVE,15335
uXYAfpQUYVE$_$21,uXYAfpQUYVE,15336
uYzZB4ccG1Q$_$24,uYzZB4ccG1Q,15337
uYzZB4ccG1Q$_$25,uYzZB4ccG1Q,15338
uYzZB4ccG1Q$_$26,uYzZB4ccG1Q,15339
uYzZB4ccG1Q$_$27,uYzZB4ccG1Q,15340
uYzZB4ccG1Q$_$20,uYzZB4ccG1Q,15341
uYzZB4ccG1Q$_$21,uYzZB4ccG1Q,15342
uYzZB4ccG1Q$_$22,uYzZB4ccG1Q,15343
uYzZB4ccG1Q$_$23,uYzZB4ccG1Q,15344
uYzZB4ccG1Q$_$28,uYzZB4ccG1Q,15345
uYzZB4ccG1Q$_$1,uYzZB4ccG1Q,15346
uYzZB4ccG1Q$_$0,uYzZB4ccG1Q,15347
uYzZB4ccG1Q$_$3,uYzZB4ccG1Q,15348
uYzZB4ccG1Q$_$2,uYzZB4ccG1Q,15349
uYzZB4ccG1Q$_$5,uYzZB4ccG1Q,15350
uYzZB4ccG1Q$_$4,uYzZB4ccG1Q,15351
uYzZB4ccG1Q$_$6,uYzZB4ccG1Q,15352
uYzZB4ccG1Q$_$9,uYzZB4ccG1Q,15353
uYzZB4ccG1Q$_$8,uYzZB4ccG1Q,15354
uYzZB4ccG1Q$_$11,uYzZB4ccG1Q,15355
uYzZB4ccG1Q$_$10,uYzZB4ccG1Q,15356
uYzZB4ccG1Q$_$13,uYzZB4ccG1Q,15357
uYzZB4ccG1Q$_$12,uYzZB4ccG1Q,15358
uYzZB4ccG1Q$_$15,uYzZB4ccG1Q,15359
uYzZB4ccG1Q$_$14,uYzZB4ccG1Q,15360
uYzZB4ccG1Q$_$17,uYzZB4ccG1Q,15361
uYzZB4ccG1Q$_$16,uYzZB4ccG1Q,15362
uYzZB4ccG1Q$_$19,uYzZB4ccG1Q,15363
uYzZB4ccG1Q$_$18,uYzZB4ccG1Q,15364
uYzZB4ccG1Q$_$31,uYzZB4ccG1Q,15365
uYzZB4ccG1Q$_$30,uYzZB4ccG1Q,15366
uea5xJZygsc$_$5,uea5xJZygsc,15387
uea5xJZygsc$_$7,uea5xJZygsc,15388
uxHBEfIhY-E$_$3,uxHBEfIhY-E,15389
uxHBEfIhY-E$_$2,uxHBEfIhY-E,15390
uxHBEfIhY-E$_$5,uxHBEfIhY-E,15391
uxHBEfIhY-E$_$4,uxHBEfIhY-E,15392
uxHBEfIhY-E$_$7,uxHBEfIhY-E,15393
uxHBEfIhY-E$_$6,uxHBEfIhY-E,15394
uxHBEfIhY-E$_$8,uxHBEfIhY-E,15395
uy9MGhVqCp8$_$11,uy9MGhVqCp8,15396
uy9MGhVqCp8$_$10,uy9MGhVqCp8,15397
uy9MGhVqCp8$_$1,uy9MGhVqCp8,15398
uy9MGhVqCp8$_$3,uy9MGhVqCp8,15399
uy9MGhVqCp8$_$5,uy9MGhVqCp8,15400
uy9MGhVqCp8$_$4,uy9MGhVqCp8,15401
uy9MGhVqCp8$_$6,uy9MGhVqCp8,15402
v3l56fl6aJM$_$0,v3l56fl6aJM,15426
v3l56fl6aJM$_$3,v3l56fl6aJM,15427
v3l56fl6aJM$_$4,v3l56fl6aJM,15428
v45zoIrjoTo$_$10,v45zoIrjoTo,15429
v45zoIrjoTo$_$6,v45zoIrjoTo,15430
v5AAvrZuR2U$_$1,v5AAvrZuR2U,15431
v5AAvrZuR2U$_$8,v5AAvrZuR2U,15432
v5AAvrZuR2U$_$2,v5AAvrZuR2U,15433
v5AAvrZuR2U$_$5,v5AAvrZuR2U,15434
v5AAvrZuR2U$_$6,v5AAvrZuR2U,15435
v73dbqOUoXQ$_$12,v73dbqOUoXQ,15436
v73dbqOUoXQ$_$6,v73dbqOUoXQ,15437
vA68fTqDars$_$10,vA68fTqDars,15447
vA68fTqDars$_$0,vA68fTqDars,15448
vM7m581tHn0$_$1,vM7m581tHn0,15500
vM7m581tHn0$_$0,vM7m581tHn0,15501
vM7m581tHn0$_$3,vM7m581tHn0,15502
vM7m581tHn0$_$2,vM7m581tHn0,15503
vM7m581tHn0$_$5,vM7m581tHn0,15504
vM7m581tHn0$_$4,vM7m581tHn0,15505
vM7m581tHn0$_$7,vM7m581tHn0,15506
vM7m581tHn0$_$6,vM7m581tHn0,15507
vM7m581tHn0$_$9,vM7m581tHn0,15508
vRhj2bLo1ho$_$1,vRhj2bLo1ho,15515
vRhj2bLo1ho$_$0,vRhj2bLo1ho,15516
vRhj2bLo1ho$_$3,vRhj2bLo1ho,15517
vRhj2bLo1ho$_$2,vRhj2bLo1ho,15518
vRhj2bLo1ho$_$5,vRhj2bLo1ho,15519
vRhj2bLo1ho$_$4,vRhj2bLo1ho,15520
vRhj2bLo1ho$_$7,vRhj2bLo1ho,15521
vRhj2bLo1ho$_$8,vRhj2bLo1ho,15522
vRydHjRzDX0$_$12,vRydHjRzDX0,15523
vRydHjRzDX0$_$0,vRydHjRzDX0,15524
vRydHjRzDX0$_$3,vRydHjRzDX0,15525
vRydHjRzDX0$_$2,vRydHjRzDX0,15526
vRydHjRzDX0$_$7,vRydHjRzDX0,15527
vRydHjRzDX0$_$8,vRydHjRzDX0,15528
vXABB4tBBUU$_$1,vXABB4tBBUU,15529
vXABB4tBBUU$_$0,vXABB4tBBUU,15530
vXABB4tBBUU$_$3,vXABB4tBBUU,15531
vXABB4tBBUU$_$2,vXABB4tBBUU,15532
vXABB4tBBUU$_$5,vXABB4tBBUU,15533
vXABB4tBBUU$_$4,vXABB4tBBUU,15534
vbVLgaP5IYU$_$0,vbVLgaP5IYU,15538
vbVLgaP5IYU$_$3,vbVLgaP5IYU,15539
vbVLgaP5IYU$_$4,vbVLgaP5IYU,15540
vlnKSMw5v1o$_$1,vlnKSMw5v1o,15542
vlnKSMw5v1o$_$0,vlnKSMw5v1o,15543
vlnKSMw5v1o$_$3,vlnKSMw5v1o,15544
vlnKSMw5v1o$_$5,vlnKSMw5v1o,15545
vlnKSMw5v1o$_$4,vlnKSMw5v1o,15546
vlnKSMw5v1o$_$6,vlnKSMw5v1o,15547
vop7tN_K64I$_$11,vop7tN_K64I,15548
vop7tN_K64I$_$14,vop7tN_K64I,15549
vop7tN_K64I$_$17,vop7tN_K64I,15550
vop7tN_K64I$_$16,vop7tN_K64I,15551
vop7tN_K64I$_$1,vop7tN_K64I,15552
vop7tN_K64I$_$2,vop7tN_K64I,15553
vrgwwihTxVQ$_$0,vrgwwihTxVQ,15555
vrgwwihTxVQ$_$2,vrgwwihTxVQ,15556
vwUBtNvjrU4$_$24,vwUBtNvjrU4,15562
vwUBtNvjrU4$_$11,vwUBtNvjrU4,15563
vwUBtNvjrU4$_$26,vwUBtNvjrU4,15564
vwUBtNvjrU4$_$14,vwUBtNvjrU4,15565
vwUBtNvjrU4$_$16,vwUBtNvjrU4,15566
vwUBtNvjrU4$_$18,vwUBtNvjrU4,15567
vwUBtNvjrU4$_$23,vwUBtNvjrU4,15568
vwUBtNvjrU4$_$13,vwUBtNvjrU4,15569
vwUBtNvjrU4$_$1,vwUBtNvjrU4,15570
vwUBtNvjrU4$_$0,vwUBtNvjrU4,15571
vwUBtNvjrU4$_$3,vwUBtNvjrU4,15572
vwUBtNvjrU4$_$2,vwUBtNvjrU4,15573
vwUBtNvjrU4$_$25,vwUBtNvjrU4,15574
vwUBtNvjrU4$_$32,vwUBtNvjrU4,15575
vx8j_4DMqh4$_$1,vx8j_4DMqh4,15576
vx8j_4DMqh4$_$2,vx8j_4DMqh4,15577
w-PFjo89Dpw$_$10,w-PFjo89Dpw,15578
w-PFjo89Dpw$_$20,w-PFjo89Dpw,15579
w-PFjo89Dpw$_$14,w-PFjo89Dpw,15580
w-PFjo89Dpw$_$18,w-PFjo89Dpw,15581
w-PFjo89Dpw$_$2,w-PFjo89Dpw,15582
w-PFjo89Dpw$_$5,w-PFjo89Dpw,15583
w-PFjo89Dpw$_$7,w-PFjo89Dpw,15584
w-PFjo89Dpw$_$6,w-PFjo89Dpw,15585
w-PFjo89Dpw$_$9,w-PFjo89Dpw,15586
w44JDB1NmqM$_$1,w44JDB1NmqM,15590
w44JDB1NmqM$_$0,w44JDB1NmqM,15591
w44JDB1NmqM$_$3,w44JDB1NmqM,15592
w44JDB1NmqM$_$5,w44JDB1NmqM,15593
w4xIyGs-3wc$_$1,w4xIyGs-3wc,15594
w4xIyGs-3wc$_$2,w4xIyGs-3wc,15595
wEs7pJH2mqQ$_$1,wEs7pJH2mqQ,15603
wEs7pJH2mqQ$_$8,wEs7pJH2mqQ,15604
wEs7pJH2mqQ$_$3,wEs7pJH2mqQ,15605
wEs7pJH2mqQ$_$7,wEs7pJH2mqQ,15606
wEs7pJH2mqQ$_$0,wEs7pJH2mqQ,15607
wI7DDCRh4Nw$_$1,wI7DDCRh4Nw,15619
wI7DDCRh4Nw$_$0,wI7DDCRh4Nw,15620
wI7DDCRh4Nw$_$3,wI7DDCRh4Nw,15621
wI7DDCRh4Nw$_$2,wI7DDCRh4Nw,15622
wI7DDCRh4Nw$_$4,wI7DDCRh4Nw,15623
wI7DDCRh4Nw$_$7,wI7DDCRh4Nw,15624
wI7DDCRh4Nw$_$6,wI7DDCRh4Nw,15625
wLrgvSYLPUI$_$1,wLrgvSYLPUI,15649
wLrgvSYLPUI$_$3,wLrgvSYLPUI,15650
wLrgvSYLPUI$_$2,wLrgvSYLPUI,15651
wLrgvSYLPUI$_$5,wLrgvSYLPUI,15652
wLrgvSYLPUI$_$7,wLrgvSYLPUI,15653
wMggOhhVouA$_$3,wMggOhhVouA,15654
wMggOhhVouA$_$6,wMggOhhVouA,15655
wNx1ZnQ0MDQ$_$9,wNx1ZnQ0MDQ,15656
wNx1ZnQ0MDQ$_$8,wNx1ZnQ0MDQ,15657
wNx1ZnQ0MDQ$_$4,wNx1ZnQ0MDQ,15658
wNx1ZnQ0MDQ$_$14,wNx1ZnQ0MDQ,15659
wNx1ZnQ0MDQ$_$6,wNx1ZnQ0MDQ,15660
wVdoIjg3ZFQ$_$1,wVdoIjg3ZFQ,15706
wVdoIjg3ZFQ$_$0,wVdoIjg3ZFQ,15707
wVdoIjg3ZFQ$_$3,wVdoIjg3ZFQ,15708
wVdoIjg3ZFQ$_$2,wVdoIjg3ZFQ,15709
wVdoIjg3ZFQ$_$4,wVdoIjg3ZFQ,15710
wVdoIjg3ZFQ$_$6,wVdoIjg3ZFQ,15711
wY8JbFOsp5E$_$1,wY8JbFOsp5E,15716
wY8JbFOsp5E$_$16,wY8JbFOsp5E,15717
wb7CfuiIZFQ$_$5,wb7CfuiIZFQ,15725
wj4snKbUWZA$_$8,wj4snKbUWZA,15772
wj4snKbUWZA$_$3,wj4snKbUWZA,15773
wj4snKbUWZA$_$5,wj4snKbUWZA,15774
wj4snKbUWZA$_$6,wj4snKbUWZA,15775
wrQVnClcNPM$_$11,wrQVnClcNPM,15779
wrQVnClcNPM$_$10,wrQVnClcNPM,15780
wrQVnClcNPM$_$13,wrQVnClcNPM,15781
wrQVnClcNPM$_$12,wrQVnClcNPM,15782
wrQVnClcNPM$_$15,wrQVnClcNPM,15783
wrQVnClcNPM$_$14,wrQVnClcNPM,15784
wrQVnClcNPM$_$16,wrQVnClcNPM,15785
wrQVnClcNPM$_$1,wrQVnClcNPM,15786
wrQVnClcNPM$_$0,wrQVnClcNPM,15787
wrQVnClcNPM$_$3,wrQVnClcNPM,15788
wrQVnClcNPM$_$2,wrQVnClcNPM,15789
wrQVnClcNPM$_$5,wrQVnClcNPM,15790
wrQVnClcNPM$_$4,wrQVnClcNPM,15791
wrQVnClcNPM$_$7,wrQVnClcNPM,15792
wrQVnClcNPM$_$6,wrQVnClcNPM,15793
wrQVnClcNPM$_$9,wrQVnClcNPM,15794
wrQVnClcNPM$_$8,wrQVnClcNPM,15795
x7ZR70cTa84$_$1,x7ZR70cTa84,15827
x7ZR70cTa84$_$2,x7ZR70cTa84,15828
x92920ole0w$_$18,x92920ole0w,15829
x92920ole0w$_$13,x92920ole0w,15830
x92920ole0w$_$12,x92920ole0w,15831
x92920ole0w$_$0,x92920ole0w,15832
xAApNMTj3as$_$0,xAApNMTj3as,15842
xBsrNFxnnuY$_$0,xBsrNFxnnuY,15843
xBsrNFxnnuY$_$2,xBsrNFxnnuY,15844
xBsrNFxnnuY$_$5,xBsrNFxnnuY,15845
xBsrNFxnnuY$_$4,xBsrNFxnnuY,15846
xBsrNFxnnuY$_$7,xBsrNFxnnuY,15847
xBsrNFxnnuY$_$9,xBsrNFxnnuY,15848
xBsrNFxnnuY$_$8,xBsrNFxnnuY,15849
xP81rX2ATLI$_$1,xP81rX2ATLI,15854
xP81rX2ATLI$_$0,xP81rX2ATLI,15855
xP81rX2ATLI$_$3,xP81rX2ATLI,15856
xP81rX2ATLI$_$2,xP81rX2ATLI,15857
xP81rX2ATLI$_$5,xP81rX2ATLI,15858
xP81rX2ATLI$_$4,xP81rX2ATLI,15859
xP81rX2ATLI$_$7,xP81rX2ATLI,15860
xP81rX2ATLI$_$6,xP81rX2ATLI,15861
xP81rX2ATLI$_$8,xP81rX2ATLI,15862
xPN38lYBQv4$_$1,xPN38lYBQv4,15863
xPN38lYBQv4$_$3,xPN38lYBQv4,15864
xRJXYUZVdas$_$1,xRJXYUZVdas,15871
xRJXYUZVdas$_$0,xRJXYUZVdas,15872
xRJXYUZVdas$_$13,xRJXYUZVdas,15873
xRJXYUZVdas$_$5,xRJXYUZVdas,15874
xRJXYUZVdas$_$6,xRJXYUZVdas,15875
xTBBDx3DkXQ$_$10,xTBBDx3DkXQ,15876
xTBBDx3DkXQ$_$0,xTBBDx3DkXQ,15877
xTBBDx3DkXQ$_$2,xTBBDx3DkXQ,15878
xTBBDx3DkXQ$_$5,xTBBDx3DkXQ,15879
xTBBDx3DkXQ$_$4,xTBBDx3DkXQ,15880
xTBBDx3DkXQ$_$7,xTBBDx3DkXQ,15881
xTBBDx3DkXQ$_$6,xTBBDx3DkXQ,15882
xUz5cCA-oTo$_$11,xUz5cCA-oTo,15883
xUz5cCA-oTo$_$10,xUz5cCA-oTo,15884
xUz5cCA-oTo$_$13,xUz5cCA-oTo,15885
xUz5cCA-oTo$_$15,xUz5cCA-oTo,15886
xUz5cCA-oTo$_$14,xUz5cCA-oTo,15887
xUz5cCA-oTo$_$16,xUz5cCA-oTo,15888
xUz5cCA-oTo$_$19,xUz5cCA-oTo,15889
xUz5cCA-oTo$_$18,xUz5cCA-oTo,15890
xUz5cCA-oTo$_$0,xUz5cCA-oTo,15891
xUz5cCA-oTo$_$4,xUz5cCA-oTo,15892
xUz5cCA-oTo$_$7,xUz5cCA-oTo,15893
xUz5cCA-oTo$_$9,xUz5cCA-oTo,15894
xYtNgq9eTlg$_$1,xYtNgq9eTlg,15903
xYtNgq9eTlg$_$0,xYtNgq9eTlg,15904
xYtNgq9eTlg$_$3,xYtNgq9eTlg,15905
xYtNgq9eTlg$_$2,xYtNgq9eTlg,15906
xYtNgq9eTlg$_$5,xYtNgq9eTlg,15907
xYtNgq9eTlg$_$4,xYtNgq9eTlg,15908
xYtNgq9eTlg$_$7,xYtNgq9eTlg,15909
xYtNgq9eTlg$_$6,xYtNgq9eTlg,15910
xaSf1d13WoY$_$11,xaSf1d13WoY,15917
xaSf1d13WoY$_$13,xaSf1d13WoY,15918
xaSf1d13WoY$_$14,xaSf1d13WoY,15919
xaSf1d13WoY$_$17,xaSf1d13WoY,15920
xaSf1d13WoY$_$18,xaSf1d13WoY,15921
xaSf1d13WoY$_$1,xaSf1d13WoY,15922
xaSf1d13WoY$_$2,xaSf1d13WoY,15923
xaSf1d13WoY$_$5,xaSf1d13WoY,15924
xaSf1d13WoY$_$4,xaSf1d13WoY,15925
xaSf1d13WoY$_$9,xaSf1d13WoY,15926
xbl7bU5PGBs$_$1,xbl7bU5PGBs,15927
xbl7bU5PGBs$_$0,xbl7bU5PGBs,15928
xbl7bU5PGBs$_$4,xbl7bU5PGBs,15929
xfP0bm6Z-7E$_$1,xfP0bm6Z-7E,15930
xfP0bm6Z-7E$_$0,xfP0bm6Z-7E,15931
xfP0bm6Z-7E$_$2,xfP0bm6Z-7E,15932
xfP0bm6Z-7E$_$5,xfP0bm6Z-7E,15933
xfP0bm6Z-7E$_$4,xfP0bm6Z-7E,15934
xfP0bm6Z-7E$_$7,xfP0bm6Z-7E,15935
xgAwddSkrOo$_$1,xgAwddSkrOo,15940
xgAwddSkrOo$_$0,xgAwddSkrOo,15941
xgAwddSkrOo$_$3,xgAwddSkrOo,15942
xgAwddSkrOo$_$5,xgAwddSkrOo,15943
xgAwddSkrOo$_$6,xgAwddSkrOo,15944
xiRUWSUrGSg$_$0,xiRUWSUrGSg,15949
xiRUWSUrGSg$_$4,xiRUWSUrGSg,15950
xn9_4n4NpEw$_$11,xn9_4n4NpEw,15962
xn9_4n4NpEw$_$10,xn9_4n4NpEw,15963
xn9_4n4NpEw$_$1,xn9_4n4NpEw,15964
xn9_4n4NpEw$_$0,xn9_4n4NpEw,15965
xn9_4n4NpEw$_$3,xn9_4n4NpEw,15966
xn9_4n4NpEw$_$5,xn9_4n4NpEw,15967
xn9_4n4NpEw$_$4,xn9_4n4NpEw,15968
xn9_4n4NpEw$_$7,xn9_4n4NpEw,15969
xn9_4n4NpEw$_$6,xn9_4n4NpEw,15970
xn9_4n4NpEw$_$9,xn9_4n4NpEw,15971
xn9_4n4NpEw$_$8,xn9_4n4NpEw,15972
xnNZyfhusAk$_$9,xnNZyfhusAk,15973
xnNZyfhusAk$_$2,xnNZyfhusAk,15974
xnNZyfhusAk$_$7,xnNZyfhusAk,15975
xnNZyfhusAk$_$6,xnNZyfhusAk,15976
xomMHflvVDw$_$24,xomMHflvVDw,15977
xomMHflvVDw$_$25,xomMHflvVDw,15978
xomMHflvVDw$_$20,xomMHflvVDw,15979
xomMHflvVDw$_$21,xomMHflvVDw,15980
xomMHflvVDw$_$22,xomMHflvVDw,15981
xomMHflvVDw$_$23,xomMHflvVDw,15982
xomMHflvVDw$_$1,xomMHflvVDw,15983
xomMHflvVDw$_$0,xomMHflvVDw,15984
xomMHflvVDw$_$3,xomMHflvVDw,15985
xomMHflvVDw$_$2,xomMHflvVDw,15986
xomMHflvVDw$_$5,xomMHflvVDw,15987
xomMHflvVDw$_$4,xomMHflvVDw,15988
xomMHflvVDw$_$7,xomMHflvVDw,15989
xomMHflvVDw$_$6,xomMHflvVDw,15990
xomMHflvVDw$_$9,xomMHflvVDw,15991
xomMHflvVDw$_$8,xomMHflvVDw,15992
xomMHflvVDw$_$11,xomMHflvVDw,15993
xomMHflvVDw$_$10,xomMHflvVDw,15994
xomMHflvVDw$_$13,xomMHflvVDw,15995
xomMHflvVDw$_$12,xomMHflvVDw,15996
xomMHflvVDw$_$15,xomMHflvVDw,15997
xomMHflvVDw$_$14,xomMHflvVDw,15998
xomMHflvVDw$_$17,xomMHflvVDw,15999
xomMHflvVDw$_$16,xomMHflvVDw,16000
xomMHflvVDw$_$18,xomMHflvVDw,16001
xu53lk4dhSc$_$24,xu53lk4dhSc,16008
xu53lk4dhSc$_$13,xu53lk4dhSc,16009
xu53lk4dhSc$_$20,xu53lk4dhSc,16010
xu53lk4dhSc$_$14,xu53lk4dhSc,16011
xu53lk4dhSc$_$17,xu53lk4dhSc,16012
xu53lk4dhSc$_$16,xu53lk4dhSc,16013
xu53lk4dhSc$_$1,xu53lk4dhSc,16014
xu53lk4dhSc$_$9,xu53lk4dhSc,16015
xu53lk4dhSc$_$8,xu53lk4dhSc,16016
xw-Blnej8EA$_$4,xw-Blnej8EA,16027
xwNQ7QuXaps$_$11,xwNQ7QuXaps,16028
xwNQ7QuXaps$_$10,xwNQ7QuXaps,16029
xwNQ7QuXaps$_$5,xwNQ7QuXaps,16030
xwNQ7QuXaps$_$4,xwNQ7QuXaps,16031
xwNQ7QuXaps$_$7,xwNQ7QuXaps,16032
xwNQ7QuXaps$_$9,xwNQ7QuXaps,16033
xyOa9ivNrg4$_$1,xyOa9ivNrg4,16034
xyOa9ivNrg4$_$0,xyOa9ivNrg4,16035
y1gL_MuokI8$_$0,y1gL_MuokI8,16040
y1gL_MuokI8$_$5,y1gL_MuokI8,16041
y5JdqGL5DRc$_$5,y5JdqGL5DRc,16042
y5JdqGL5DRc$_$4,y5JdqGL5DRc,16043
yALhl-lMBxk$_$1,yALhl-lMBxk,16044
yALhl-lMBxk$_$2,yALhl-lMBxk,16045
yBGuxyO-ElM$_$9,yBGuxyO-ElM,16046
yBGuxyO-ElM$_$10,yBGuxyO-ElM,16047
yBGuxyO-ElM$_$2,yBGuxyO-ElM,16048
yBGuxyO-ElM$_$7,yBGuxyO-ElM,16049
yNiJGh7JpLM$_$3,yNiJGh7JpLM,16119
yNiJGh7JpLM$_$2,yNiJGh7JpLM,16120
yNiJGh7JpLM$_$6,yNiJGh7JpLM,16121
ySfHPyaDbqY$_$8,ySfHPyaDbqY,16134
ySfHPyaDbqY$_$3,ySfHPyaDbqY,16135
ySfHPyaDbqY$_$2,ySfHPyaDbqY,16136
ySfHPyaDbqY$_$7,ySfHPyaDbqY,16137
yZWH2P-h0jo$_$1,yZWH2P-h0jo,16138
yZWH2P-h0jo$_$0,yZWH2P-h0jo,16139
yZWH2P-h0jo$_$2,yZWH2P-h0jo,16140
yrIXBklJ5YQ$_$1,yrIXBklJ5YQ,16169
yrIXBklJ5YQ$_$0,yrIXBklJ5YQ,16170
yrIXBklJ5YQ$_$3,yrIXBklJ5YQ,16171
yrIXBklJ5YQ$_$2,yrIXBklJ5YQ,16172
yrIXBklJ5YQ$_$4,yrIXBklJ5YQ,16173
yrIXBklJ5YQ$_$7,yrIXBklJ5YQ,16174
yt9GpittX4U$_$3,yt9GpittX4U,16178
yuwvVTnsDjc$_$1,yuwvVTnsDjc,16183
yuwvVTnsDjc$_$0,yuwvVTnsDjc,16184
yuwvVTnsDjc$_$3,yuwvVTnsDjc,16185
yuwvVTnsDjc$_$5,yuwvVTnsDjc,16186
yuwvVTnsDjc$_$4,yuwvVTnsDjc,16187
yuwvVTnsDjc$_$6,yuwvVTnsDjc,16188
yxZydS2qHzs$_$3,yxZydS2qHzs,16189
yxZydS2qHzs$_$2,yxZydS2qHzs,16190
yyToAEoUuek$_$9,yyToAEoUuek,16191
yyToAEoUuek$_$8,yyToAEoUuek,16192
yyToAEoUuek$_$3,yyToAEoUuek,16193
z-bupzylxEc$_$0,z-bupzylxEc,16194
z7FicxE_pMU$_$11,z7FicxE_pMU,16204
z7FicxE_pMU$_$21,z7FicxE_pMU,16205
z7FicxE_pMU$_$19,z7FicxE_pMU,16206
z7FicxE_pMU$_$18,z7FicxE_pMU,16207
z7FicxE_pMU$_$0,z7FicxE_pMU,16208
z7FicxE_pMU$_$7,z7FicxE_pMU,16209
z7FicxE_pMU$_$6,z7FicxE_pMU,16210
z7FicxE_pMU$_$9,z7FicxE_pMU,16211
zFTuwjr3xq0$_$1,zFTuwjr3xq0,16219
zFTuwjr3xq0$_$0,zFTuwjr3xq0,16220
zFTuwjr3xq0$_$3,zFTuwjr3xq0,16221
zFTuwjr3xq0$_$2,zFTuwjr3xq0,16222
zFTuwjr3xq0$_$5,zFTuwjr3xq0,16223
zFTuwjr3xq0$_$4,zFTuwjr3xq0,16224
zKNAu2CCeRs$_$1,zKNAu2CCeRs,16236
zOHZDq2BvGo$_$0,zOHZDq2BvGo,16237
zOHZDq2BvGo$_$3,zOHZDq2BvGo,16238
zR-kKDaSDmE$_$2,zR-kKDaSDmE,16244
zoPOeViAdOo$_$1,zoPOeViAdOo,16290
zsRTbbKlsEg$_$6,zsRTbbKlsEg,16301
zuc7vUhZNfY$_$1,zuc7vUhZNfY,16302
zuc7vUhZNfY$_$0,zuc7vUhZNfY,16303
zv0Jl4TIQDc$_$8,zv0Jl4TIQDc,16304
zv0Jl4TIQDc$_$12,zv0Jl4TIQDc,16305
zv0Jl4TIQDc$_$5,zv0Jl4TIQDc,16306
zwTrXwi54us$_$11,zwTrXwi54us,16312
zwTrXwi54us$_$10,zwTrXwi54us,16313
zwTrXwi54us$_$12,zwTrXwi54us,16314
zwTrXwi54us$_$1,zwTrXwi54us,16315
zwTrXwi54us$_$0,zwTrXwi54us,16316
zwTrXwi54us$_$3,zwTrXwi54us,16317
zwTrXwi54us$_$2,zwTrXwi54us,16318
zwTrXwi54us$_$5,zwTrXwi54us,16319
zwTrXwi54us$_$4,zwTrXwi54us,16320
zwTrXwi54us$_$7,zwTrXwi54us,16321
zwTrXwi54us$_$6,zwTrXwi54us,16322
zwTrXwi54us$_$9,zwTrXwi54us,16323
zwTrXwi54us$_$8,zwTrXwi54us,16324
