checkpoint_fold,train_index,sample_id,video_id,outer_fold,judge_fold,inner_valid_outer0,inner_valid_outer1,label,self_risk_role
0,0,-3g5yACwYnA$_$10,-3g5yACwYnA,0,1,0,1,1,inner_valid
0,1,-3g5yACwYnA$_$13,-3g5yACwYnA,0,1,0,1,0.6666666865,inner_valid
0,2,-3g5yACwYnA$_$3,-3g5yACwYnA,0,1,0,1,0,inner_valid
0,3,-3g5yACwYnA$_$2,-3g5yACwYnA,0,1,0,1,0,inner_valid
0,4,-3g5yACwYnA$_$4,-3g5yACwYnA,0,1,0,1,1,inner_valid
0,5,-3g5yACwYnA$_$9,-3g5yACwYnA,0,1,0,1,0.6666666865,inner_valid
0,6,-3nNcZdcdvU$_$0,-3nNcZdcdvU,0,1,1,0,0.3333333433,inner_valid
0,7,-3nNcZdcdvU$_$2,-3nNcZdcdvU,0,1,1,0,1,inner_valid
0,8,-3nNcZdcdvU$_$5,-3nNcZdcdvU,0,1,1,0,0,inner_valid
0,19,-NFrJFQijFE$_$1,-NFrJFQijFE,0,0,0,0,0.3333333433,outer
0,20,-NFrJFQijFE$_$8,-NFrJFQijFE,0,0,0,0,0.3333333433,outer
0,21,-NFrJFQijFE$_$2,-NFrJFQijFE,0,0,0,0,0,outer
0,22,-NFrJFQijFE$_$0,-NFrJFQijFE,0,0,0,0,0,outer
0,23,-THoVjtIkeU$_$11,-THoVjtIkeU,0,1,0,0,2.333333254,inner_train
0,24,-THoVjtIkeU$_$10,-THoVjtIkeU,0,1,0,0,-0.3333333433,inner_train
0,25,-THoVjtIkeU$_$12,-THoVjtIkeU,0,1,0,0,2,inner_train
0,26,-THoVjtIkeU$_$1,-THoVjtIkeU,0,1,0,0,1.666666627,inner_train
0,27,-THoVjtIkeU$_$0,-THoVjtIkeU,0,1,0,0,1.666666627,inner_train
0,28,-THoVjtIkeU$_$2,-THoVjtIkeU,0,1,0,0,1.333333373,inner_train
0,29,-THoVjtIkeU$_$6,-THoVjtIkeU,0,1,0,0,2.666666746,inner_train
0,30,-THoVjtIkeU$_$8,-THoVjtIkeU,0,1,0,0,1,inner_train
0,31,-UuX1xuaiiE$_$1,-UuX1xuaiiE,0,1,0,0,1.666666627,inner_train
0,32,-UuX1xuaiiE$_$0,-UuX1xuaiiE,0,1,0,0,2.666666746,inner_train
0,33,-UuX1xuaiiE$_$3,-UuX1xuaiiE,0,1,0,0,0.3333333433,inner_train
0,34,-UuX1xuaiiE$_$2,-UuX1xuaiiE,0,1,0,0,1.666666627,inner_train
0,35,-UuX1xuaiiE$_$5,-UuX1xuaiiE,0,1,0,0,1,inner_train
0,36,-UuX1xuaiiE$_$4,-UuX1xuaiiE,0,1,0,0,2,inner_train
0,37,-UuX1xuaiiE$_$7,-UuX1xuaiiE,0,1,0,0,-1.333333373,inner_train
0,38,-UuX1xuaiiE$_$6,-UuX1xuaiiE,0,1,0,0,-0.3333333433,inner_train
0,39,-UuX1xuaiiE$_$9,-UuX1xuaiiE,0,1,0,0,0.6666666865,inner_train
0,40,-UuX1xuaiiE$_$8,-UuX1xuaiiE,0,1,0,0,1.666666627,inner_train
0,46,-ZgjBOA1Yhw$_$1,-ZgjBOA1Yhw,0,0,0,0,-0.3333333433,inner_train
0,47,-ZgjBOA1Yhw$_$2,-ZgjBOA1Yhw,0,0,0,0,-0.6666666865,inner_train
0,48,-ZgjBOA1Yhw$_$5,-ZgjBOA1Yhw,0,0,0,0,0.3333333433,inner_train
0,49,-ZgjBOA1Yhw$_$4,-ZgjBOA1Yhw,0,0,0,0,-0.3333333433,inner_train
0,50,-ZgjBOA1Yhw$_$7,-ZgjBOA1Yhw,0,0,0,0,0.3333333433,inner_train
0,51,-ZgjBOA1Yhw$_$8,-ZgjBOA1Yhw,0,0,0,0,0,inner_train
0,52,-a55Q6RWvTA$_$3,-a55Q6RWvTA,0,0,0,0,0.6666666865,outer
0,66,-egA8-b7-3M$_$24,-egA8-b7-3M,0,1,0,1,1.333333373,inner_train
0,67,-egA8-b7-3M$_$10,-egA8-b7-3M,0,1,0,1,0.3333333433,inner_train
0,68,-egA8-b7-3M$_$26,-egA8-b7-3M,0,1,0,1,1.666666627,inner_train
0,69,-egA8-b7-3M$_$15,-egA8-b7-3M,0,1,0,1,0,inner_train
0,70,-egA8-b7-3M$_$17,-egA8-b7-3M,0,1,0,1,0.3333333433,inner_train
0,71,-egA8-b7-3M$_$23,-egA8-b7-3M,0,1,0,1,0,inner_train
0,72,-egA8-b7-3M$_$18,-egA8-b7-3M,0,1,0,1,1,inner_train
0,73,-egA8-b7-3M$_$16,-egA8-b7-3M,0,1,0,1,0.6666666865,inner_train
0,74,-egA8-b7-3M$_$13,-egA8-b7-3M,0,1,0,1,0.3333333433,inner_train
0,75,-egA8-b7-3M$_$1,-egA8-b7-3M,0,1,0,1,0.6666666865,inner_train
0,76,-egA8-b7-3M$_$3,-egA8-b7-3M,0,1,0,1,0.6666666865,inner_train
0,77,-egA8-b7-3M$_$2,-egA8-b7-3M,0,1,0,1,0,inner_train
0,78,-egA8-b7-3M$_$5,-egA8-b7-3M,0,1,0,1,0.3333333433,inner_train
0,79,-egA8-b7-3M$_$25,-egA8-b7-3M,0,1,0,1,1.333333373,inner_train
0,80,-egA8-b7-3M$_$6,-egA8-b7-3M,0,1,0,1,0.6666666865,inner_train
0,81,-egA8-b7-3M$_$9,-egA8-b7-3M,0,1,0,1,0.3333333433,inner_train
0,82,-egA8-b7-3M$_$20,-egA8-b7-3M,0,1,0,1,0.3333333433,inner_train
0,83,-iRBcNs9oI8$_$11,-iRBcNs9oI8,0,0,0,0,0,inner_train
0,84,-iRBcNs9oI8$_$10,-iRBcNs9oI8,0,0,0,0,2,inner_train
0,85,-iRBcNs9oI8$_$1,-iRBcNs9oI8,0,0,0,0,1.666666627,inner_train
0,86,-iRBcNs9oI8$_$3,-iRBcNs9oI8,0,0,0,0,0.6666666865,inner_train
0,87,-iRBcNs9oI8$_$2,-iRBcNs9oI8,0,0,0,0,1,inner_train
0,88,-iRBcNs9oI8$_$5,-iRBcNs9oI8,0,0,0,0,0,inner_train
0,89,-iRBcNs9oI8$_$7,-iRBcNs9oI8,0,0,0,0,0.6666666865,inner_train
0,90,-iRBcNs9oI8$_$6,-iRBcNs9oI8,0,0,0,0,0.3333333433,inner_train
0,91,-iRBcNs9oI8$_$9,-iRBcNs9oI8,0,0,0,0,1.333333373,inner_train
0,92,-iRBcNs9oI8$_$8,-iRBcNs9oI8,0,0,0,0,1,inner_train
0,93,-lqc32Zpr7M$_$0,-lqc32Zpr7M,0,1,0,0,0,inner_train
0,94,-lqc32Zpr7M$_$5,-lqc32Zpr7M,0,1,0,0,-0.6666666865,inner_train
0,95,-lqc32Zpr7M$_$10,-lqc32Zpr7M,0,1,0,0,0.3333333433,inner_train
0,96,-lqc32Zpr7M$_$18,-lqc32Zpr7M,0,1,0,0,-0.6666666865,inner_train
0,111,-mqbVkbCndg$_$1,-mqbVkbCndg,0,0,0,0,0,inner_train
0,112,-mqbVkbCndg$_$0,-mqbVkbCndg,0,0,0,0,0,inner_train
0,113,-mqbVkbCndg$_$4,-mqbVkbCndg,0,0,0,0,0.3333333433,inner_train
0,114,-t217m2on-s$_$2,-t217m2on-s,0,0,0,0,0.6666666865,inner_train
0,115,-t217m2on-s$_$7,-t217m2on-s,0,0,0,0,-0.6666666865,inner_train
0,119,-tPCytz4rww$_$11,-tPCytz4rww,0,1,0,0,0,inner_train
0,120,-tPCytz4rww$_$10,-tPCytz4rww,0,1,0,0,0,inner_train
0,121,-tPCytz4rww$_$12,-tPCytz4rww,0,1,0,0,0,inner_train
0,122,-tPCytz4rww$_$21,-tPCytz4rww,0,1,0,0,0,inner_train
0,123,-tPCytz4rww$_$16,-tPCytz4rww,0,1,0,0,0,inner_train
0,124,-tPCytz4rww$_$18,-tPCytz4rww,0,1,0,0,0,inner_train
0,132,-wny0OAz3g8$_$1,-wny0OAz3g8,0,0,0,0,0.3333333433,inner_train
0,133,-wny0OAz3g8$_$0,-wny0OAz3g8,0,0,0,0,0.3333333433,inner_train
0,134,-wny0OAz3g8$_$3,-wny0OAz3g8,0,0,0,0,-1.333333373,inner_train
0,135,-wny0OAz3g8$_$2,-wny0OAz3g8,0,0,0,0,-0.3333333433,inner_train
0,136,-wny0OAz3g8$_$5,-wny0OAz3g8,0,0,0,0,1,inner_train
0,137,-wny0OAz3g8$_$4,-wny0OAz3g8,0,0,0,0,0,inner_train
0,138,-wny0OAz3g8$_$7,-wny0OAz3g8,0,0,0,0,0,inner_train
0,139,-wny0OAz3g8$_$9,-wny0OAz3g8,0,0,0,0,0.6666666865,inner_train
0,140,-wny0OAz3g8$_$8,-wny0OAz3g8,0,0,0,0,0,inner_train
0,141,03X1FwF6udc$_$17,03X1FwF6udc,0,0,0,0,0.3333333433,inner_train
0,142,03X1FwF6udc$_$22,03X1FwF6udc,0,0,0,0,0.6666666865,inner_train
0,143,03X1FwF6udc$_$19,03X1FwF6udc,0,0,0,0,0,inner_train
0,144,03X1FwF6udc$_$31,03X1FwF6udc,0,0,0,0,0.3333333433,inner_train
0,145,03X1FwF6udc$_$5,03X1FwF6udc,0,0,0,0,0.6666666865,inner_train
0,146,03X1FwF6udc$_$4,03X1FwF6udc,0,0,0,0,0,inner_train
0,147,03X1FwF6udc$_$9,03X1FwF6udc,0,0,0,0,0.3333333433,inner_train
0,151,08d4NTXkSxw$_$1,08d4NTXkSxw,0,1,0,0,0,inner_train
0,152,08d4NTXkSxw$_$3,08d4NTXkSxw,0,1,0,0,0.3333333433,inner_train
0,153,08d4NTXkSxw$_$2,08d4NTXkSxw,0,1,0,0,0,inner_train
0,154,08d4NTXkSxw$_$5,08d4NTXkSxw,0,1,0,0,0,inner_train
0,155,0AA-wmk8WdA$_$1,0AA-wmk8WdA,0,0,1,0,0.3333333433,inner_train
0,156,0AA-wmk8WdA$_$10,0AA-wmk8WdA,0,0,1,0,1,inner_train
0,157,0AkGtPzl7D8$_$4,0AkGtPzl7D8,0,1,0,0,0.6666666865,inner_train
0,158,0BVed2nBq1g$_$1,0BVed2nBq1g,0,0,0,0,0.6666666865,inner_train
0,159,0BVed2nBq1g$_$0,0BVed2nBq1g,0,0,0,0,0,inner_train
0,160,0BVed2nBq1g$_$3,0BVed2nBq1g,0,0,0,0,-0.6666666865,inner_train
0,161,0BVed2nBq1g$_$2,0BVed2nBq1g,0,0,0,0,-0.3333333433,inner_train
0,162,0BVed2nBq1g$_$4,0BVed2nBq1g,0,0,0,0,-0.3333333433,inner_train
0,163,0BVed2nBq1g$_$7,0BVed2nBq1g,0,0,0,0,0.6666666865,inner_train
0,164,0BVed2nBq1g$_$6,0BVed2nBq1g,0,0,0,0,0,inner_train
0,165,0DBfvvIVmqY$_$11,0DBfvvIVmqY,0,1,0,0,0.3333333433,inner_train
0,166,0DBfvvIVmqY$_$13,0DBfvvIVmqY,0,1,0,0,0.3333333433,inner_train
0,167,0DBfvvIVmqY$_$12,0DBfvvIVmqY,0,1,0,0,1.333333373,inner_train
0,168,0DBfvvIVmqY$_$14,0DBfvvIVmqY,0,1,0,0,0.6666666865,inner_train
0,169,0DBfvvIVmqY$_$1,0DBfvvIVmqY,0,1,0,0,1,inner_train
0,170,0DBfvvIVmqY$_$3,0DBfvvIVmqY,0,1,0,0,1.333333373,inner_train
0,171,0DBfvvIVmqY$_$5,0DBfvvIVmqY,0,1,0,0,0.3333333433,inner_train
0,172,0DBfvvIVmqY$_$4,0DBfvvIVmqY,0,1,0,0,0.3333333433,inner_train
0,173,0DBfvvIVmqY$_$7,0DBfvvIVmqY,0,1,0,0,0.6666666865,inner_train
0,174,0DBfvvIVmqY$_$9,0DBfvvIVmqY,0,1,0,0,0.6666666865,inner_train
0,175,0DBfvvIVmqY$_$8,0DBfvvIVmqY,0,1,0,0,2.333333254,inner_train
0,176,0EAAfLCQabY$_$1,0EAAfLCQabY,0,0,0,0,-0.6666666865,outer
0,177,0EAAfLCQabY$_$0,0EAAfLCQabY,0,0,0,0,-0.3333333433,outer
0,178,0EAAfLCQabY$_$2,0EAAfLCQabY,0,0,0,0,-0.6666666865,outer
0,185,0FA32bEZ6xI$_$24,0FA32bEZ6xI,0,0,0,0,0,inner_train
0,186,0FA32bEZ6xI$_$25,0FA32bEZ6xI,0,0,0,0,0.6666666865,inner_train
0,187,0FA32bEZ6xI$_$26,0FA32bEZ6xI,0,0,0,0,0,inner_train
0,188,0FA32bEZ6xI$_$27,0FA32bEZ6xI,0,0,0,0,0,inner_train
0,189,0FA32bEZ6xI$_$20,0FA32bEZ6xI,0,0,0,0,0,inner_train
0,190,0FA32bEZ6xI$_$21,0FA32bEZ6xI,0,0,0,0,0,inner_train
0,191,0FA32bEZ6xI$_$22,0FA32bEZ6xI,0,0,0,0,0.6666666865,inner_train
0,192,0FA32bEZ6xI$_$23,0FA32bEZ6xI,0,0,0,0,0,inner_train
0,193,0FA32bEZ6xI$_$28,0FA32bEZ6xI,0,0,0,0,0,inner_train
0,194,0FA32bEZ6xI$_$29,0FA32bEZ6xI,0,0,0,0,0,inner_train
0,195,0FA32bEZ6xI$_$1,0FA32bEZ6xI,0,0,0,0,0,inner_train
0,196,0FA32bEZ6xI$_$0,0FA32bEZ6xI,0,0,0,0,0.3333333433,inner_train
0,197,0FA32bEZ6xI$_$3,0FA32bEZ6xI,0,0,0,0,0,inner_train
0,198,0FA32bEZ6xI$_$2,0FA32bEZ6xI,0,0,0,0,0,inner_train
0,199,0FA32bEZ6xI$_$5,0FA32bEZ6xI,0,0,0,0,0.6666666865,inner_train
0,200,0FA32bEZ6xI$_$4,0FA32bEZ6xI,0,0,0,0,0.3333333433,inner_train
0,201,0FA32bEZ6xI$_$7,0FA32bEZ6xI,0,0,0,0,0.3333333433,inner_train
0,202,0FA32bEZ6xI$_$6,0FA32bEZ6xI,0,0,0,0,0,inner_train
0,203,0FA32bEZ6xI$_$8,0FA32bEZ6xI,0,0,0,0,-0.6666666865,inner_train
0,204,0FA32bEZ6xI$_$11,0FA32bEZ6xI,0,0,0,0,0,inner_train
0,205,0FA32bEZ6xI$_$10,0FA32bEZ6xI,0,0,0,0,1,inner_train
0,206,0FA32bEZ6xI$_$13,0FA32bEZ6xI,0,0,0,0,0.3333333433,inner_train
0,207,0FA32bEZ6xI$_$12,0FA32bEZ6xI,0,0,0,0,0,inner_train
0,208,0FA32bEZ6xI$_$15,0FA32bEZ6xI,0,0,0,0,0,inner_train
0,209,0FA32bEZ6xI$_$14,0FA32bEZ6xI,0,0,0,0,0.3333333433,inner_train
0,210,0FA32bEZ6xI$_$17,0FA32bEZ6xI,0,0,0,0,0,inner_train
0,211,0FA32bEZ6xI$_$16,0FA32bEZ6xI,0,0,0,0,0,inner_train
0,212,0FA32bEZ6xI$_$19,0FA32bEZ6xI,0,0,0,0,0.3333333433,inner_train
0,213,0FA32bEZ6xI$_$18,0FA32bEZ6xI,0,0,0,0,0,inner_train
0,222,0OC3wf9x3zQ$_$13,0OC3wf9x3zQ,0,0,0,0,0,inner_train
0,223,0OC3wf9x3zQ$_$14,0OC3wf9x3zQ,0,0,0,0,1.666666627,inner_train
0,224,0OC3wf9x3zQ$_$17,0OC3wf9x3zQ,0,0,0,0,0.3333333433,inner_train
0,225,0OC3wf9x3zQ$_$16,0OC3wf9x3zQ,0,0,0,0,0.3333333433,inner_train
0,226,0OC3wf9x3zQ$_$1,0OC3wf9x3zQ,0,0,0,0,0.3333333433,inner_train
0,227,0OC3wf9x3zQ$_$0,0OC3wf9x3zQ,0,0,0,0,0.3333333433,inner_train
0,228,0OC3wf9x3zQ$_$3,0OC3wf9x3zQ,0,0,0,0,1.666666627,inner_train
0,229,0OC3wf9x3zQ$_$4,0OC3wf9x3zQ,0,0,0,0,0.3333333433,inner_train
0,230,0OC3wf9x3zQ$_$7,0OC3wf9x3zQ,0,0,0,0,0,inner_train
0,231,0OC3wf9x3zQ$_$6,0OC3wf9x3zQ,0,0,0,0,0,inner_train
0,232,0OC3wf9x3zQ$_$9,0OC3wf9x3zQ,0,0,0,0,0,inner_train
0,233,0OXeN3MhFeA$_$20,0OXeN3MhFeA,0,1,0,0,0.3333333433,inner_train
0,234,0OXeN3MhFeA$_$19,0OXeN3MhFeA,0,1,0,0,-0.3333333433,inner_train
0,235,0OXeN3MhFeA$_$18,0OXeN3MhFeA,0,1,0,0,0.6666666865,inner_train
0,236,0OXeN3MhFeA$_$1,0OXeN3MhFeA,0,1,0,0,1.666666627,inner_train
0,237,0OXeN3MhFeA$_$0,0OXeN3MhFeA,0,1,0,0,1,inner_train
0,238,0OXeN3MhFeA$_$2,0OXeN3MhFeA,0,1,0,0,0.6666666865,inner_train
0,239,0OXeN3MhFeA$_$15,0OXeN3MhFeA,0,1,0,0,0.6666666865,inner_train
0,251,0WIwQgH4lKg$_$3,0WIwQgH4lKg,0,0,0,0,2,inner_train
0,252,0WIwQgH4lKg$_$2,0WIwQgH4lKg,0,0,0,0,1.666666627,inner_train
0,253,0WIwQgH4lKg$_$5,0WIwQgH4lKg,0,0,0,0,1.666666627,inner_train
0,254,0WIwQgH4lKg$_$7,0WIwQgH4lKg,0,0,0,0,0,inner_train
0,255,0WIwQgH4lKg$_$9,0WIwQgH4lKg,0,0,0,0,0.6666666865,inner_train
0,256,0WIwQgH4lKg$_$8,0WIwQgH4lKg,0,0,0,0,0.3333333433,inner_train
0,283,0bsTzavb-AE$_$1,0bsTzavb-AE,0,0,0,0,0.6666666865,inner_train
0,284,0bsTzavb-AE$_$3,0bsTzavb-AE,0,0,0,0,0.3333333433,inner_train
0,285,0bsTzavb-AE$_$2,0bsTzavb-AE,0,0,0,0,0,inner_train
0,286,0bsTzavb-AE$_$4,0bsTzavb-AE,0,0,0,0,0.3333333433,inner_train
0,287,0cBmQ_ItVUc$_$15,0cBmQ_ItVUc,0,0,0,0,-0.6666666865,inner_train
0,288,0cBmQ_ItVUc$_$14,0cBmQ_ItVUc,0,0,0,0,1.666666627,inner_train
0,289,0cBmQ_ItVUc$_$17,0cBmQ_ItVUc,0,0,0,0,1.333333373,inner_train
0,290,0cBmQ_ItVUc$_$16,0cBmQ_ItVUc,0,0,0,0,1,inner_train
0,291,0cBmQ_ItVUc$_$18,0cBmQ_ItVUc,0,0,0,0,2,inner_train
0,292,0cBmQ_ItVUc$_$1,0cBmQ_ItVUc,0,0,0,0,-0.6666666865,inner_train
0,293,0cBmQ_ItVUc$_$3,0cBmQ_ItVUc,0,0,0,0,0.6666666865,inner_train
0,294,0cBmQ_ItVUc$_$5,0cBmQ_ItVUc,0,0,0,0,-0.3333333433,inner_train
0,295,0cBmQ_ItVUc$_$7,0cBmQ_ItVUc,0,0,0,0,-2,inner_train
0,296,0cBmQ_ItVUc$_$6,0cBmQ_ItVUc,0,0,0,0,-1.333333373,inner_train
0,297,0cBmQ_ItVUc$_$9,0cBmQ_ItVUc,0,0,0,0,0.3333333433,inner_train
0,298,0hCOCt6fWas$_$15,0hCOCt6fWas,0,0,0,0,0.3333333433,inner_train
0,299,0hCOCt6fWas$_$14,0hCOCt6fWas,0,0,0,0,0,inner_train
0,300,0hCOCt6fWas$_$17,0hCOCt6fWas,0,0,0,0,0,inner_train
0,301,0hCOCt6fWas$_$20,0hCOCt6fWas,0,0,0,0,0,inner_train
0,302,0hCOCt6fWas$_$2,0hCOCt6fWas,0,0,0,0,0,inner_train
0,303,0hCOCt6fWas$_$8,0hCOCt6fWas,0,0,0,0,0.6666666865,inner_train
0,304,0hCihQ5Kep0$_$1,0hCihQ5Kep0,0,0,0,0,0.6666666865,inner_train
0,305,0hCihQ5Kep0$_$3,0hCihQ5Kep0,0,0,0,0,1.666666627,inner_train
0,306,0hCihQ5Kep0$_$4,0hCihQ5Kep0,0,0,0,0,1.666666627,inner_train
0,307,0jtdrsmVzYQ$_$5,0jtdrsmVzYQ,0,0,0,1,0,inner_train
0,308,0jtdrsmVzYQ$_$4,0jtdrsmVzYQ,0,0,0,1,-0.3333333433,inner_train
0,311,0nJrksJ7azM$_$1,0nJrksJ7azM,0,0,0,0,0,outer
0,312,0nJrksJ7azM$_$0,0nJrksJ7azM,0,0,0,0,1.333333373,outer
0,313,0nJrksJ7azM$_$3,0nJrksJ7azM,0,0,0,0,1.666666627,outer
0,314,0nJrksJ7azM$_$2,0nJrksJ7azM,0,0,0,0,0.6666666865,outer
0,315,0nJrksJ7azM$_$5,0nJrksJ7azM,0,0,0,0,1.333333373,outer
0,316,0nJrksJ7azM$_$6,0nJrksJ7azM,0,0,0,0,1.666666627,outer
0,333,0vXaXWx7Rvo$_$1,0vXaXWx7Rvo,0,0,0,0,0,inner_train
0,334,0vXaXWx7Rvo$_$0,0vXaXWx7Rvo,0,0,0,0,2.666666746,inner_train
0,335,0vXaXWx7Rvo$_$3,0vXaXWx7Rvo,0,0,0,0,1,inner_train
0,336,0vXaXWx7Rvo$_$5,0vXaXWx7Rvo,0,0,0,0,1,inner_train
0,337,0vXaXWx7Rvo$_$9,0vXaXWx7Rvo,0,0,0,0,0.6666666865,inner_train
0,338,0vXaXWx7Rvo$_$8,0vXaXWx7Rvo,0,0,0,0,0.3333333433,inner_train
0,339,0zl_GDVzykw$_$1,0zl_GDVzykw,0,1,0,0,-0.3333333433,outer
0,340,0zl_GDVzykw$_$5,0zl_GDVzykw,0,1,0,0,-0.3333333433,outer
0,369,102168$_$1,102168,0,1,1,0,0,inner_train
0,370,102168$_$0,102168,0,1,1,0,0.3333333433,inner_train
0,371,102168$_$3,102168,0,1,1,0,0,inner_train
0,372,102168$_$2,102168,0,1,1,0,0,inner_train
0,373,102168$_$4,102168,0,1,1,0,0,inner_train
0,374,102184$_$11,102184,0,1,1,0,-1.666666627,inner_train
0,375,102184$_$10,102184,0,1,1,0,-2.666666746,inner_train
0,376,102184$_$13,102184,0,1,1,0,-0.6666666865,inner_train
0,377,102184$_$12,102184,0,1,1,0,-1.333333373,inner_train
0,378,102184$_$1,102184,0,1,1,0,0.6666666865,inner_train
0,379,102184$_$0,102184,0,1,1,0,0,inner_train
0,380,102184$_$3,102184,0,1,1,0,1,inner_train
0,381,102184$_$2,102184,0,1,1,0,0.6666666865,inner_train
0,382,102184$_$5,102184,0,1,1,0,-2,inner_train
0,383,102184$_$4,102184,0,1,1,0,-2.666666746,inner_train
0,384,102184$_$7,102184,0,1,1,0,-1.666666627,inner_train
0,385,102184$_$6,102184,0,1,1,0,-1,inner_train
0,386,102184$_$9,102184,0,1,1,0,-2.666666746,inner_train
0,387,102184$_$8,102184,0,1,1,0,-2.666666746,inner_train
0,413,106514$_$11,106514,0,0,0,0,-0.3333333433,inner_train
0,414,106514$_$10,106514,0,0,0,0,-1,inner_train
0,415,106514$_$13,106514,0,0,0,0,-2.666666746,inner_train
0,416,106514$_$12,106514,0,0,0,0,-0.6666666865,inner_train
0,417,106514$_$15,106514,0,0,0,0,-1,inner_train
0,418,106514$_$14,106514,0,0,0,0,-1.333333373,inner_train
0,419,106514$_$17,106514,0,0,0,0,1,inner_train
0,420,106514$_$16,106514,0,0,0,0,0,inner_train
0,421,106514$_$1,106514,0,0,0,0,-1.666666627,inner_train
0,422,106514$_$0,106514,0,0,0,0,0.3333333433,inner_train
0,423,106514$_$3,106514,0,0,0,0,-2.333333254,inner_train
0,424,106514$_$2,106514,0,0,0,0,1.333333373,inner_train
0,425,106514$_$5,106514,0,0,0,0,-0.6666666865,inner_train
0,426,106514$_$4,106514,0,0,0,0,-2,inner_train
0,427,106514$_$7,106514,0,0,0,0,-0.6666666865,inner_train
0,428,106514$_$6,106514,0,0,0,0,-2.333333254,inner_train
0,429,106514$_$9,106514,0,0,0,0,-0.3333333433,inner_train
0,430,106514$_$8,106514,0,0,0,0,-1.666666627,inner_train
0,431,106941$_$11,106941,0,0,0,0,0.3333333433,outer
0,432,106941$_$10,106941,0,0,0,0,-2,outer
0,433,106941$_$12,106941,0,0,0,0,-1.666666627,outer
0,434,106941$_$1,106941,0,0,0,0,-1,outer
0,435,106941$_$0,106941,0,0,0,0,0,outer
0,436,106941$_$3,106941,0,0,0,0,-0.3333333433,outer
0,437,106941$_$2,106941,0,0,0,0,-0.6666666865,outer
0,438,106941$_$5,106941,0,0,0,0,0,outer
0,439,106941$_$4,106941,0,0,0,0,-1.666666627,outer
0,440,106941$_$7,106941,0,0,0,0,-1.666666627,outer
0,441,106941$_$6,106941,0,0,0,0,-1,outer
0,442,106941$_$9,106941,0,0,0,0,-0.6666666865,outer
0,443,106941$_$8,106941,0,0,0,0,-1.666666627,outer
0,444,107551$_$11,107551,0,0,0,0,-1,inner_train
0,445,107551$_$10,107551,0,0,0,0,-1.333333373,inner_train
0,446,107551$_$13,107551,0,0,0,0,-2,inner_train
0,447,107551$_$12,107551,0,0,0,0,-1,inner_train
0,448,107551$_$14,107551,0,0,0,0,-1.666666627,inner_train
0,449,107551$_$1,107551,0,0,0,0,0.3333333433,inner_train
0,450,107551$_$0,107551,0,0,0,0,0,inner_train
0,451,107551$_$3,107551,0,0,0,0,-1.333333373,inner_train
0,452,107551$_$2,107551,0,0,0,0,0.3333333433,inner_train
0,453,107551$_$5,107551,0,0,0,0,-2.333333254,inner_train
0,454,107551$_$4,107551,0,0,0,0,-1.333333373,inner_train
0,455,107551$_$7,107551,0,0,0,0,-0.6666666865,inner_train
0,456,107551$_$6,107551,0,0,0,0,0,inner_train
0,457,107551$_$9,107551,0,0,0,0,-1.333333373,inner_train
0,458,107551$_$8,107551,0,0,0,0,-1.333333373,inner_train
0,478,110203$_$1,110203,0,1,0,0,0,outer
0,479,110203$_$0,110203,0,1,0,0,0.3333333433,outer
0,480,110203$_$3,110203,0,1,0,0,-1,outer
0,481,110203$_$2,110203,0,1,0,0,0,outer
0,482,110203$_$5,110203,0,1,0,0,-2,outer
0,483,110203$_$4,110203,0,1,0,0,-1,outer
0,484,110203$_$7,110203,0,1,0,0,-1.333333373,outer
0,485,110203$_$6,110203,0,1,0,0,-2,outer
0,486,110203$_$9,110203,0,1,0,0,-0.6666666865,outer
0,487,110203$_$8,110203,0,1,0,0,-2,outer
0,488,110754$_$11,110754,0,0,0,1,-2,inner_train
0,489,110754$_$10,110754,0,0,0,1,-1.666666627,inner_train
0,490,110754$_$1,110754,0,0,0,1,0,inner_train
0,491,110754$_$0,110754,0,0,0,1,0,inner_train
0,492,110754$_$3,110754,0,0,0,1,0,inner_train
0,493,110754$_$2,110754,0,0,0,1,0,inner_train
0,494,110754$_$5,110754,0,0,0,1,0,inner_train
0,495,110754$_$4,110754,0,0,0,1,0,inner_train
0,496,110754$_$7,110754,0,0,0,1,0.6666666865,inner_train
0,497,110754$_$6,110754,0,0,0,1,0,inner_train
0,498,110754$_$9,110754,0,0,0,1,-1,inner_train
0,499,110754$_$8,110754,0,0,0,1,-2.333333254,inner_train
0,517,112148$_$11,112148,0,1,0,0,-0.3333333433,inner_valid
0,518,112148$_$10,112148,0,1,0,0,-1.666666627,inner_valid
0,519,112148$_$13,112148,0,1,0,0,-1,inner_valid
0,520,112148$_$12,112148,0,1,0,0,1,inner_valid
0,521,112148$_$1,112148,0,1,0,0,0,inner_valid
0,522,112148$_$0,112148,0,1,0,0,0,inner_valid
0,523,112148$_$3,112148,0,1,0,0,0,inner_valid
0,524,112148$_$2,112148,0,1,0,0,-1,inner_valid
0,525,112148$_$5,112148,0,1,0,0,-0.6666666865,inner_valid
0,526,112148$_$4,112148,0,1,0,0,-0.6666666865,inner_valid
0,527,112148$_$7,112148,0,1,0,0,-1.666666627,inner_valid
0,528,112148$_$6,112148,0,1,0,0,0.3333333433,inner_valid
0,529,112148$_$9,112148,0,1,0,0,-0.3333333433,inner_valid
0,530,112148$_$8,112148,0,1,0,0,-1.666666627,inner_valid
0,531,112169$_$11,112169,0,0,0,0,0,inner_train
0,532,112169$_$10,112169,0,0,0,0,-1,inner_train
0,533,112169$_$13,112169,0,0,0,0,-2,inner_train
0,534,112169$_$12,112169,0,0,0,0,-2.666666746,inner_train
0,535,112169$_$1,112169,0,0,0,0,0,inner_train
0,536,112169$_$0,112169,0,0,0,0,0.3333333433,inner_train
0,537,112169$_$3,112169,0,0,0,0,-2,inner_train
0,538,112169$_$2,112169,0,0,0,0,-0.3333333433,inner_train
0,539,112169$_$5,112169,0,0,0,0,-2.333333254,inner_train
0,540,112169$_$4,112169,0,0,0,0,-2.666666746,inner_train
0,541,112169$_$7,112169,0,0,0,0,-0.3333333433,inner_train
0,542,112169$_$6,112169,0,0,0,0,0.6666666865,inner_train
0,543,112169$_$9,112169,0,0,0,0,-0.3333333433,inner_train
0,544,112169$_$8,112169,0,0,0,0,-1.333333373,inner_train
0,545,112223$_$11,112223,0,1,0,0,-2,inner_valid
0,546,112223$_$10,112223,0,1,0,0,0.3333333433,inner_valid
0,547,112223$_$1,112223,0,1,0,0,0,inner_valid
0,548,112223$_$0,112223,0,1,0,0,0,inner_valid
0,549,112223$_$3,112223,0,1,0,0,0,inner_valid
0,550,112223$_$2,112223,0,1,0,0,0,inner_valid
0,551,112223$_$5,112223,0,1,0,0,-2,inner_valid
0,552,112223$_$4,112223,0,1,0,0,0,inner_valid
0,553,112223$_$7,112223,0,1,0,0,1,inner_valid
0,554,112223$_$6,112223,0,1,0,0,-2.666666746,inner_valid
0,555,112223$_$9,112223,0,1,0,0,-2.333333254,inner_valid
0,556,112223$_$8,112223,0,1,0,0,-1.333333373,inner_valid
0,562,112631$_$1,112631,0,1,0,1,0,inner_train
0,563,112631$_$0,112631,0,1,0,1,0,inner_train
0,564,112631$_$3,112631,0,1,0,1,-1.666666627,inner_train
0,565,112631$_$2,112631,0,1,0,1,0.3333333433,inner_train
0,566,112631$_$5,112631,0,1,0,1,0.6666666865,inner_train
0,567,112631$_$4,112631,0,1,0,1,-2,inner_train
0,568,112631$_$7,112631,0,1,0,1,1,inner_train
0,569,112631$_$6,112631,0,1,0,1,-0.6666666865,inner_train
0,570,112631$_$9,112631,0,1,0,1,0.6666666865,inner_train
0,571,112631$_$8,112631,0,1,0,1,-1,inner_train
0,572,112903$_$1,112903,0,1,0,0,-1.666666627,inner_train
0,573,112903$_$0,112903,0,1,0,0,0.3333333433,inner_train
0,574,112903$_$3,112903,0,1,0,0,-0.3333333433,inner_train
0,575,112903$_$2,112903,0,1,0,0,1.666666627,inner_train
0,576,112903$_$5,112903,0,1,0,0,0.6666666865,inner_train
0,577,112903$_$4,112903,0,1,0,0,-2.333333254,inner_train
0,578,112903$_$6,112903,0,1,0,0,-2.666666746,inner_train
0,589,114624$_$11,114624,0,0,0,0,-1,inner_train
0,590,114624$_$10,114624,0,0,0,0,0,inner_train
0,591,114624$_$13,114624,0,0,0,0,-1.333333373,inner_train
0,592,114624$_$12,114624,0,0,0,0,0.3333333433,inner_train
0,593,114624$_$1,114624,0,0,0,0,-1.333333373,inner_train
0,594,114624$_$0,114624,0,0,0,0,0,inner_train
0,595,114624$_$3,114624,0,0,0,0,0,inner_train
0,596,114624$_$2,114624,0,0,0,0,-1.333333373,inner_train
0,597,114624$_$5,114624,0,0,0,0,0.3333333433,inner_train
0,598,114624$_$4,114624,0,0,0,0,0,inner_train
0,599,114624$_$7,114624,0,0,0,0,-0.6666666865,inner_train
0,600,114624$_$6,114624,0,0,0,0,-1.666666627,inner_train
0,601,114624$_$9,114624,0,0,0,0,0,inner_train
0,602,114624$_$8,114624,0,0,0,0,0,inner_train
0,603,11650$_$24,11650,0,0,0,0,-1.333333373,inner_train
0,604,11650$_$20,11650,0,0,0,0,0,inner_train
0,605,11650$_$21,11650,0,0,0,0,-1.666666627,inner_train
0,606,11650$_$22,11650,0,0,0,0,-1,inner_train
0,607,11650$_$23,11650,0,0,0,0,-2.333333254,inner_train
0,608,11650$_$1,11650,0,0,0,0,0.6666666865,inner_train
0,609,11650$_$0,11650,0,0,0,0,0.3333333433,inner_train
0,610,11650$_$3,11650,0,0,0,0,0,inner_train
0,611,11650$_$2,11650,0,0,0,0,0,inner_train
0,612,11650$_$5,11650,0,0,0,0,-1.666666627,inner_train
0,613,11650$_$4,11650,0,0,0,0,-0.3333333433,inner_train
0,614,11650$_$7,11650,0,0,0,0,0,inner_train
0,615,11650$_$6,11650,0,0,0,0,0,inner_train
0,616,11650$_$9,11650,0,0,0,0,-1.666666627,inner_train
0,617,11650$_$8,11650,0,0,0,0,-1.333333373,inner_train
0,618,11650$_$11,11650,0,0,0,0,-1,inner_train
0,619,11650$_$10,11650,0,0,0,0,0.3333333433,inner_train
0,620,11650$_$13,11650,0,0,0,0,-1,inner_train
0,621,11650$_$12,11650,0,0,0,0,0,inner_train
0,622,11650$_$15,11650,0,0,0,0,-1.333333373,inner_train
0,623,11650$_$14,11650,0,0,0,0,-2,inner_train
0,624,11650$_$17,11650,0,0,0,0,-2,inner_train
0,625,11650$_$16,11650,0,0,0,0,-2,inner_train
0,626,11650$_$19,11650,0,0,0,0,0.3333333433,inner_train
0,627,11650$_$18,11650,0,0,0,0,-2.333333254,inner_train
0,628,119348$_$11,119348,0,0,0,0,-1.333333373,inner_train
0,629,119348$_$10,119348,0,0,0,0,-1,inner_train
0,630,119348$_$13,119348,0,0,0,0,-0.6666666865,inner_train
0,631,119348$_$12,119348,0,0,0,0,-0.3333333433,inner_train
0,632,119348$_$0,119348,0,0,0,0,0.3333333433,inner_train
0,633,119348$_$3,119348,0,0,0,0,1,inner_train
0,634,119348$_$2,119348,0,0,0,0,0,inner_train
0,635,119348$_$5,119348,0,0,0,0,-2.333333254,inner_train
0,636,119348$_$4,119348,0,0,0,0,-1.333333373,inner_train
0,637,119348$_$7,119348,0,0,0,0,0,inner_train
0,638,119348$_$6,119348,0,0,0,0,0.3333333433,inner_train
0,639,119348$_$9,119348,0,0,0,0,-2,inner_train
0,640,119348$_$8,119348,0,0,0,0,-2,inner_train
0,642,121358$_$20,121358,0,0,0,0,-1,outer
0,643,121358$_$21,121358,0,0,0,0,0.6666666865,outer
0,644,121358$_$22,121358,0,0,0,0,1.333333373,outer
0,645,121358$_$1,121358,0,0,0,0,0.3333333433,outer
0,646,121358$_$0,121358,0,0,0,0,0,outer
0,647,121358$_$3,121358,0,0,0,0,0.6666666865,outer
0,648,121358$_$2,121358,0,0,0,0,2,outer
0,649,121358$_$5,121358,0,0,0,0,0.3333333433,outer
0,650,121358$_$4,121358,0,0,0,0,1,outer
0,651,121358$_$7,121358,0,0,0,0,0,outer
0,652,121358$_$6,121358,0,0,0,0,-1.333333373,outer
0,653,121358$_$9,121358,0,0,0,0,0.3333333433,outer
0,654,121358$_$8,121358,0,0,0,0,0.3333333433,outer
0,655,121358$_$11,121358,0,0,0,0,0.3333333433,outer
0,656,121358$_$10,121358,0,0,0,0,0.3333333433,outer
0,657,121358$_$13,121358,0,0,0,0,0.6666666865,outer
0,658,121358$_$12,121358,0,0,0,0,0,outer
0,659,121358$_$15,121358,0,0,0,0,0,outer
0,660,121358$_$14,121358,0,0,0,0,-0.6666666865,outer
0,661,121358$_$17,121358,0,0,0,0,1.666666627,outer
0,662,121358$_$16,121358,0,0,0,0,0.3333333433,outer
0,663,121358$_$19,121358,0,0,0,0,0,outer
0,664,121358$_$18,121358,0,0,0,0,0,outer
0,665,122439$_$1,122439,0,1,0,0,0.3333333433,inner_train
0,666,122439$_$0,122439,0,1,0,0,0,inner_train
0,667,122439$_$3,122439,0,1,0,0,1.666666627,inner_train
0,668,122439$_$2,122439,0,1,0,0,0,inner_train
0,669,122439$_$5,122439,0,1,0,0,0.6666666865,inner_train
0,670,122439$_$4,122439,0,1,0,0,0,inner_train
0,671,122439$_$7,122439,0,1,0,0,0.6666666865,inner_train
0,672,122439$_$6,122439,0,1,0,0,0.3333333433,inner_train
0,673,122439$_$9,122439,0,1,0,0,0.6666666865,inner_train
0,674,122439$_$8,122439,0,1,0,0,0,inner_train
0,675,122602$_$11,122602,0,0,0,0,-1,outer
0,676,122602$_$10,122602,0,0,0,0,-1,outer
0,677,122602$_$13,122602,0,0,0,0,-2.333333254,outer
0,678,122602$_$12,122602,0,0,0,0,-1,outer
0,679,122602$_$15,122602,0,0,0,0,-1.333333373,outer
0,680,122602$_$14,122602,0,0,0,0,-1.333333373,outer
0,681,122602$_$17,122602,0,0,0,0,-2.666666746,outer
0,682,122602$_$16,122602,0,0,0,0,-1.666666627,outer
0,683,122602$_$18,122602,0,0,0,0,-1.666666627,outer
0,684,122602$_$1,122602,0,0,0,0,1,outer
0,685,122602$_$0,122602,0,0,0,0,0,outer
0,686,122602$_$3,122602,0,0,0,0,0,outer
0,687,122602$_$2,122602,0,0,0,0,0.3333333433,outer
0,688,122602$_$5,122602,0,0,0,0,-1.333333373,outer
0,689,122602$_$4,122602,0,0,0,0,-1.333333373,outer
0,690,122602$_$7,122602,0,0,0,0,0,outer
0,691,122602$_$6,122602,0,0,0,0,2,outer
0,692,122602$_$9,122602,0,0,0,0,2,outer
0,693,122602$_$8,122602,0,0,0,0,0.6666666865,outer
0,694,122842$_$11,122842,0,0,0,0,1.666666627,inner_train
0,695,122842$_$10,122842,0,0,0,0,2,inner_train
0,696,122842$_$12,122842,0,0,0,0,1.333333373,inner_train
0,697,122842$_$1,122842,0,0,0,0,3,inner_train
0,698,122842$_$0,122842,0,0,0,0,0.3333333433,inner_train
0,699,122842$_$3,122842,0,0,0,0,0,inner_train
0,700,122842$_$2,122842,0,0,0,0,0,inner_train
0,701,122842$_$5,122842,0,0,0,0,0,inner_train
0,702,122842$_$4,122842,0,0,0,0,0,inner_train
0,703,122842$_$7,122842,0,0,0,0,1.666666627,inner_train
0,704,122842$_$6,122842,0,0,0,0,0,inner_train
0,705,122842$_$9,122842,0,0,0,0,0.6666666865,inner_train
0,706,122842$_$8,122842,0,0,0,0,1.666666627,inner_train
0,724,125845$_$10,125845,0,0,0,0,0.6666666865,inner_train
0,725,125845$_$1,125845,0,0,0,0,0.6666666865,inner_train
0,726,125845$_$0,125845,0,0,0,0,0.6666666865,inner_train
0,727,125845$_$3,125845,0,0,0,0,1.666666627,inner_train
0,728,125845$_$2,125845,0,0,0,0,0,inner_train
0,729,125845$_$5,125845,0,0,0,0,1.333333373,inner_train
0,730,125845$_$4,125845,0,0,0,0,-0.6666666865,inner_train
0,731,125845$_$7,125845,0,0,0,0,0.3333333433,inner_train
0,732,125845$_$6,125845,0,0,0,0,-1.333333373,inner_train
0,733,125845$_$9,125845,0,0,0,0,1,inner_train
0,734,125845$_$8,125845,0,0,0,0,0.6666666865,inner_train
0,745,126542$_$11,126542,0,1,0,0,-1.666666627,inner_train
0,746,126542$_$10,126542,0,1,0,0,-2.333333254,inner_train
0,747,126542$_$13,126542,0,1,0,0,-1.666666627,inner_train
0,748,126542$_$12,126542,0,1,0,0,-1.333333373,inner_train
0,749,126542$_$15,126542,0,1,0,0,0.6666666865,inner_train
0,750,126542$_$14,126542,0,1,0,0,-1.666666627,inner_train
0,751,126542$_$17,126542,0,1,0,0,-2,inner_train
0,752,126542$_$16,126542,0,1,0,0,-1.333333373,inner_train
0,753,126542$_$1,126542,0,1,0,0,0,inner_train
0,754,126542$_$0,126542,0,1,0,0,0,inner_train
0,755,126542$_$3,126542,0,1,0,0,0,inner_train
0,756,126542$_$2,126542,0,1,0,0,0,inner_train
0,757,126542$_$5,126542,0,1,0,0,-1.333333373,inner_train
0,758,126542$_$4,126542,0,1,0,0,0,inner_train
0,759,126542$_$7,126542,0,1,0,0,-1.666666627,inner_train
0,760,126542$_$6,126542,0,1,0,0,-1,inner_train
0,761,126542$_$9,126542,0,1,0,0,-1.666666627,inner_train
0,762,126542$_$8,126542,0,1,0,0,-0.3333333433,inner_train
0,763,126831$_$11,126831,0,0,0,1,-2.333333254,outer
0,764,126831$_$10,126831,0,0,0,1,-2.333333254,outer
0,765,126831$_$13,126831,0,0,0,1,-1.333333373,outer
0,766,126831$_$12,126831,0,0,0,1,-2.333333254,outer
0,767,126831$_$15,126831,0,0,0,1,-2.333333254,outer
0,768,126831$_$14,126831,0,0,0,1,-3,outer
0,769,126831$_$17,126831,0,0,0,1,0,outer
0,770,126831$_$16,126831,0,0,0,1,-2.333333254,outer
0,771,126831$_$1,126831,0,0,0,1,-1.666666627,outer
0,772,126831$_$0,126831,0,0,0,1,0.3333333433,outer
0,773,126831$_$3,126831,0,0,0,1,-1.666666627,outer
0,774,126831$_$2,126831,0,0,0,1,0,outer
0,775,126831$_$5,126831,0,0,0,1,-1,outer
0,776,126831$_$4,126831,0,0,0,1,-0.6666666865,outer
0,777,126831$_$7,126831,0,0,0,1,-2,outer
0,778,126831$_$6,126831,0,0,0,1,-1.333333373,outer
0,779,126831$_$9,126831,0,0,0,1,-1,outer
0,780,126831$_$8,126831,0,0,0,1,-1.666666627,outer
0,794,127539$_$1,127539,0,1,0,1,0,inner_train
0,795,127539$_$0,127539,0,1,0,1,-0.3333333433,inner_train
0,796,127539$_$3,127539,0,1,0,1,-2,inner_train
0,797,127539$_$2,127539,0,1,0,1,-0.6666666865,inner_train
0,798,127539$_$5,127539,0,1,0,1,0,inner_train
0,799,127539$_$4,127539,0,1,0,1,1,inner_train
0,800,127539$_$7,127539,0,1,0,1,-2,inner_train
0,801,127539$_$6,127539,0,1,0,1,-0.6666666865,inner_train
0,802,127539$_$9,127539,0,1,0,1,-1,inner_train
0,803,127539$_$8,127539,0,1,0,1,-1.333333373,inner_train
0,811,128258$_$11,128258,0,1,0,0,-2,inner_train
0,812,128258$_$10,128258,0,1,0,0,-1.666666627,inner_train
0,813,128258$_$13,128258,0,1,0,0,-1,inner_train
0,814,128258$_$12,128258,0,1,0,0,-1.666666627,inner_train
0,815,128258$_$14,128258,0,1,0,0,-2,inner_train
0,816,128258$_$1,128258,0,1,0,0,-1.333333373,inner_train
0,817,128258$_$0,128258,0,1,0,0,0.3333333433,inner_train
0,818,128258$_$3,128258,0,1,0,0,2,inner_train
0,819,128258$_$2,128258,0,1,0,0,1.333333373,inner_train
0,820,128258$_$5,128258,0,1,0,0,-2,inner_train
0,821,128258$_$4,128258,0,1,0,0,1.666666627,inner_train
0,822,128258$_$7,128258,0,1,0,0,-2.666666746,inner_train
0,823,128258$_$6,128258,0,1,0,0,0.6666666865,inner_train
0,824,128258$_$9,128258,0,1,0,0,-2.666666746,inner_train
0,825,128258$_$8,128258,0,1,0,0,-2.666666746,inner_train
0,843,128949$_$1,128949,0,1,0,0,-1.333333373,inner_train
0,844,128949$_$0,128949,0,1,0,0,0.6666666865,inner_train
0,845,128949$_$3,128949,0,1,0,0,-1.666666627,inner_train
0,846,128949$_$2,128949,0,1,0,0,0,inner_train
0,847,128949$_$5,128949,0,1,0,0,-0.3333333433,inner_train
0,848,128949$_$4,128949,0,1,0,0,-1.333333373,inner_train
0,849,128949$_$7,128949,0,1,0,0,-1,inner_train
0,850,128949$_$6,128949,0,1,0,0,2.333333254,inner_train
0,851,128949$_$8,128949,0,1,0,0,-1,inner_train
0,852,129733$_$11,129733,0,1,0,0,-2,inner_train
0,853,129733$_$10,129733,0,1,0,0,-2,inner_train
0,854,129733$_$1,129733,0,1,0,0,0.6666666865,inner_train
0,855,129733$_$0,129733,0,1,0,0,0,inner_train
0,856,129733$_$3,129733,0,1,0,0,-2,inner_train
0,857,129733$_$2,129733,0,1,0,0,-1.666666627,inner_train
0,858,129733$_$5,129733,0,1,0,0,-0.3333333433,inner_train
0,859,129733$_$4,129733,0,1,0,0,-1.333333373,inner_train
0,860,129733$_$7,129733,0,1,0,0,0,inner_train
0,861,129733$_$6,129733,0,1,0,0,-1.666666627,inner_train
0,862,129733$_$9,129733,0,1,0,0,-1.333333373,inner_train
0,863,129733$_$8,129733,0,1,0,0,0.3333333433,inner_train
0,912,131871$_$1,131871,0,1,0,0,-2,inner_train
0,913,131871$_$0,131871,0,1,0,0,0,inner_train
0,914,131871$_$3,131871,0,1,0,0,0,inner_train
0,915,131871$_$2,131871,0,1,0,0,0,inner_train
0,916,131871$_$5,131871,0,1,0,0,0,inner_train
0,917,131871$_$4,131871,0,1,0,0,0,inner_train
0,918,131871$_$7,131871,0,1,0,0,0,inner_train
0,919,131871$_$6,131871,0,1,0,0,0,inner_train
0,920,131871$_$8,131871,0,1,0,0,-2,inner_train
0,939,136205$_$11,136205,0,0,0,0,-1.666666627,outer
0,940,136205$_$10,136205,0,0,0,0,-1.333333373,outer
0,941,136205$_$13,136205,0,0,0,0,-1.333333373,outer
0,942,136205$_$12,136205,0,0,0,0,-0.6666666865,outer
0,943,136205$_$15,136205,0,0,0,0,-1.333333373,outer
0,944,136205$_$14,136205,0,0,0,0,-0.3333333433,outer
0,945,136205$_$1,136205,0,0,0,0,-0.3333333433,outer
0,946,136205$_$0,136205,0,0,0,0,0,outer
0,947,136205$_$3,136205,0,0,0,0,1,outer
0,948,136205$_$2,136205,0,0,0,0,0.3333333433,outer
0,949,136205$_$5,136205,0,0,0,0,-1,outer
0,950,136205$_$4,136205,0,0,0,0,-0.6666666865,outer
0,951,136205$_$7,136205,0,0,0,0,-0.3333333433,outer
0,952,136205$_$6,136205,0,0,0,0,-0.6666666865,outer
0,953,136205$_$9,136205,0,0,0,0,-0.3333333433,outer
0,954,136205$_$8,136205,0,0,0,0,0,outer
0,963,136215$_$11,136215,0,0,0,0,0.6666666865,inner_train
0,964,136215$_$10,136215,0,0,0,0,1.333333373,inner_train
0,965,136215$_$13,136215,0,0,0,0,0,inner_train
0,966,136215$_$12,136215,0,0,0,0,0.3333333433,inner_train
0,967,136215$_$14,136215,0,0,0,0,-1,inner_train
0,968,136215$_$1,136215,0,0,0,0,2,inner_train
0,969,136215$_$0,136215,0,0,0,0,0,inner_train
0,970,136215$_$3,136215,0,0,0,0,0,inner_train
0,971,136215$_$2,136215,0,0,0,0,-2,inner_train
0,972,136215$_$5,136215,0,0,0,0,-0.3333333433,inner_train
0,973,136215$_$4,136215,0,0,0,0,1,inner_train
0,974,136215$_$7,136215,0,0,0,0,0,inner_train
0,975,136215$_$6,136215,0,0,0,0,0.6666666865,inner_train
0,976,136215$_$9,136215,0,0,0,0,-0.6666666865,inner_train
0,977,136215$_$8,136215,0,0,0,0,0.3333333433,inner_train
0,978,137827$_$1,137827,0,1,0,1,1.333333373,inner_train
0,979,137827$_$0,137827,0,1,0,1,0.3333333433,inner_train
0,980,137827$_$3,137827,0,1,0,1,-2,inner_train
0,981,137827$_$2,137827,0,1,0,1,-1.666666627,inner_train
0,982,137827$_$5,137827,0,1,0,1,-2.333333254,inner_train
0,983,137827$_$4,137827,0,1,0,1,-1.333333373,inner_train
0,984,137827$_$6,137827,0,1,0,1,-2.666666746,inner_train
0,998,139032$_$11,139032,0,0,0,0,-1.666666627,inner_train
0,999,139032$_$10,139032,0,0,0,0,-2.333333254,inner_train
0,1000,139032$_$13,139032,0,0,0,0,-2,inner_train
0,1001,139032$_$12,139032,0,0,0,0,-1.666666627,inner_train
0,1002,139032$_$15,139032,0,0,0,0,-2,inner_train
0,1003,139032$_$14,139032,0,0,0,0,-1.666666627,inner_train
0,1004,139032$_$17,139032,0,0,0,0,-2,inner_train
0,1005,139032$_$16,139032,0,0,0,0,-2.666666746,inner_train
0,1006,139032$_$1,139032,0,0,0,0,-1,inner_train
0,1007,139032$_$0,139032,0,0,0,0,0.3333333433,inner_train
0,1008,139032$_$3,139032,0,0,0,0,-1.666666627,inner_train
0,1009,139032$_$2,139032,0,0,0,0,-2.666666746,inner_train
0,1010,139032$_$5,139032,0,0,0,0,-2,inner_train
0,1011,139032$_$4,139032,0,0,0,0,-2.333333254,inner_train
0,1012,139032$_$7,139032,0,0,0,0,-0.6666666865,inner_train
0,1013,139032$_$6,139032,0,0,0,0,-2,inner_train
0,1014,139032$_$9,139032,0,0,0,0,-2,inner_train
0,1015,139032$_$8,139032,0,0,0,0,-0.6666666865,inner_train
0,1016,13JpsLvddoY$_$8,13JpsLvddoY,0,1,0,0,2,outer
0,1017,13JpsLvddoY$_$5,13JpsLvddoY,0,1,0,0,1.666666627,outer
0,1018,13JpsLvddoY$_$7,13JpsLvddoY,0,1,0,0,0.3333333433,outer
0,1019,13JpsLvddoY$_$6,13JpsLvddoY,0,1,0,0,1.666666627,outer
0,1020,140293$_$1,140293,0,1,0,0,0,inner_train
0,1021,140293$_$0,140293,0,1,0,0,0,inner_train
0,1022,140293$_$3,140293,0,1,0,0,1,inner_train
0,1023,140293$_$2,140293,0,1,0,0,1,inner_train
0,1024,140293$_$5,140293,0,1,0,0,-1.666666627,inner_train
0,1025,140293$_$4,140293,0,1,0,0,1,inner_train
0,1026,140293$_$7,140293,0,1,0,0,-1.666666627,inner_train
0,1027,140293$_$6,140293,0,1,0,0,-0.6666666865,inner_train
0,1028,140317$_$11,140317,0,0,0,0,0.6666666865,inner_train
0,1029,140317$_$10,140317,0,0,0,0,0,inner_train
0,1030,140317$_$12,140317,0,0,0,0,-0.3333333433,inner_train
0,1031,140317$_$1,140317,0,0,0,0,0,inner_train
0,1032,140317$_$0,140317,0,0,0,0,0.3333333433,inner_train
0,1033,140317$_$3,140317,0,0,0,0,0,inner_train
0,1034,140317$_$2,140317,0,0,0,0,0,inner_train
0,1035,140317$_$5,140317,0,0,0,0,0,inner_train
0,1036,140317$_$4,140317,0,0,0,0,-0.3333333433,inner_train
0,1037,140317$_$7,140317,0,0,0,0,0,inner_train
0,1038,140317$_$6,140317,0,0,0,0,0,inner_train
0,1039,140317$_$9,140317,0,0,0,0,0.3333333433,inner_train
0,1040,140317$_$8,140317,0,0,0,0,-1.666666627,inner_train
0,1055,15837$_$11,15837,0,1,0,0,0.3333333433,inner_valid
0,1056,15837$_$10,15837,0,1,0,0,2.333333254,inner_valid
0,1057,15837$_$13,15837,0,1,0,0,2,inner_valid
0,1058,15837$_$12,15837,0,1,0,0,1.666666627,inner_valid
0,1059,15837$_$1,15837,0,1,0,0,0,inner_valid
0,1060,15837$_$0,15837,0,1,0,0,0,inner_valid
0,1061,15837$_$3,15837,0,1,0,0,2.333333254,inner_valid
0,1062,15837$_$2,15837,0,1,0,0,3,inner_valid
0,1063,15837$_$5,15837,0,1,0,0,2.333333254,inner_valid
0,1064,15837$_$4,15837,0,1,0,0,-1.333333373,inner_valid
0,1065,15837$_$7,15837,0,1,0,0,1.333333373,inner_valid
0,1066,15837$_$6,15837,0,1,0,0,-2,inner_valid
0,1067,15837$_$9,15837,0,1,0,0,0.6666666865,inner_valid
0,1068,15837$_$8,15837,0,1,0,0,-1,inner_valid
0,1106,186631$_$11,186631,0,1,1,0,2,inner_train
0,1107,186631$_$10,186631,0,1,1,0,-0.6666666865,inner_train
0,1108,186631$_$12,186631,0,1,1,0,3,inner_train
0,1109,186631$_$1,186631,0,1,1,0,1,inner_train
0,1110,186631$_$0,186631,0,1,1,0,0,inner_train
0,1111,186631$_$3,186631,0,1,1,0,2.333333254,inner_train
0,1112,186631$_$2,186631,0,1,1,0,1,inner_train
0,1113,186631$_$5,186631,0,1,1,0,2,inner_train
0,1114,186631$_$4,186631,0,1,1,0,0.3333333433,inner_train
0,1115,186631$_$7,186631,0,1,1,0,1.333333373,inner_train
0,1116,186631$_$6,186631,0,1,1,0,1.333333373,inner_train
0,1117,186631$_$9,186631,0,1,1,0,0,inner_train
0,1118,186631$_$8,186631,0,1,1,0,0,inner_train
0,1119,188122$_$11,188122,0,1,0,0,1.666666627,inner_train
0,1120,188122$_$10,188122,0,1,0,0,0,inner_train
0,1121,188122$_$13,188122,0,1,0,0,0,inner_train
0,1122,188122$_$12,188122,0,1,0,0,0,inner_train
0,1123,188122$_$15,188122,0,1,0,0,0,inner_train
0,1124,188122$_$14,188122,0,1,0,0,1.333333373,inner_train
0,1125,188122$_$16,188122,0,1,0,0,2,inner_train
0,1126,188122$_$1,188122,0,1,0,0,-1.333333373,inner_train
0,1127,188122$_$0,188122,0,1,0,0,-0.3333333433,inner_train
0,1128,188122$_$3,188122,0,1,0,0,2,inner_train
0,1129,188122$_$2,188122,0,1,0,0,0,inner_train
0,1130,188122$_$5,188122,0,1,0,0,2,inner_train
0,1131,188122$_$4,188122,0,1,0,0,0,inner_train
0,1132,188122$_$7,188122,0,1,0,0,0,inner_train
0,1133,188122$_$6,188122,0,1,0,0,0,inner_train
0,1134,188122$_$9,188122,0,1,0,0,1.333333373,inner_train
0,1135,188122$_$8,188122,0,1,0,0,0,inner_train
0,1136,189966$_$24,189966,0,1,0,0,0,inner_train
0,1137,189966$_$25,189966,0,1,0,0,-2,inner_train
0,1138,189966$_$20,189966,0,1,0,0,-1,inner_train
0,1139,189966$_$21,189966,0,1,0,0,-2,inner_train
0,1140,189966$_$22,189966,0,1,0,0,-2,inner_train
0,1141,189966$_$23,189966,0,1,0,0,0,inner_train
0,1142,189966$_$1,189966,0,1,0,0,-1.666666627,inner_train
0,1143,189966$_$0,189966,0,1,0,0,0.3333333433,inner_train
0,1144,189966$_$3,189966,0,1,0,0,0,inner_train
0,1145,189966$_$2,189966,0,1,0,0,0,inner_train
0,1146,189966$_$5,189966,0,1,0,0,-0.3333333433,inner_train
0,1147,189966$_$4,189966,0,1,0,0,0,inner_train
0,1148,189966$_$7,189966,0,1,0,0,-1.666666627,inner_train
0,1149,189966$_$6,189966,0,1,0,0,0,inner_train
0,1150,189966$_$9,189966,0,1,0,0,0,inner_train
0,1151,189966$_$8,189966,0,1,0,0,-1.666666627,inner_train
0,1152,189966$_$11,189966,0,1,0,0,0.6666666865,inner_train
0,1153,189966$_$10,189966,0,1,0,0,-1.666666627,inner_train
0,1154,189966$_$13,189966,0,1,0,0,-1.666666627,inner_train
0,1155,189966$_$12,189966,0,1,0,0,0,inner_train
0,1156,189966$_$15,189966,0,1,0,0,0,inner_train
0,1157,189966$_$14,189966,0,1,0,0,0,inner_train
0,1158,189966$_$17,189966,0,1,0,0,-2,inner_train
0,1159,189966$_$16,189966,0,1,0,0,1.333333373,inner_train
0,1160,189966$_$19,189966,0,1,0,0,0,inner_train
0,1161,189966$_$18,189966,0,1,0,0,-2.333333254,inner_train
0,1162,18JTkk8JbeU$_$1,18JTkk8JbeU,0,1,1,0,0,inner_train
0,1163,18JTkk8JbeU$_$2,18JTkk8JbeU,0,1,1,0,0.6666666865,inner_train
0,1164,18JTkk8JbeU$_$5,18JTkk8JbeU,0,1,1,0,0.3333333433,inner_train
0,1165,18JTkk8JbeU$_$4,18JTkk8JbeU,0,1,1,0,-1,inner_train
0,1166,18JTkk8JbeU$_$6,18JTkk8JbeU,0,1,1,0,0,inner_train
0,1186,190740$_$11,190740,0,0,0,0,-2.666666746,outer
0,1187,190740$_$10,190740,0,0,0,0,-1.666666627,outer
0,1188,190740$_$13,190740,0,0,0,0,-2.666666746,outer
0,1189,190740$_$12,190740,0,0,0,0,-0.3333333433,outer
0,1190,190740$_$14,190740,0,0,0,0,-2.333333254,outer
0,1191,190740$_$1,190740,0,0,0,0,0.3333333433,outer
0,1192,190740$_$0,190740,0,0,0,0,0,outer
0,1193,190740$_$3,190740,0,0,0,0,0,outer
0,1194,190740$_$2,190740,0,0,0,0,-0.6666666865,outer
0,1195,190740$_$5,190740,0,0,0,0,1.666666627,outer
0,1196,190740$_$4,190740,0,0,0,0,-0.6666666865,outer
0,1197,190740$_$7,190740,0,0,0,0,-2.666666746,outer
0,1198,190740$_$6,190740,0,0,0,0,-2.666666746,outer
0,1199,190740$_$9,190740,0,0,0,0,-1.666666627,outer
0,1200,190740$_$8,190740,0,0,0,0,-2,outer
0,1201,192799$_$11,192799,0,1,0,0,0,inner_train
0,1202,192799$_$10,192799,0,1,0,0,1,inner_train
0,1203,192799$_$13,192799,0,1,0,0,-2,inner_train
0,1204,192799$_$12,192799,0,1,0,0,-2.333333254,inner_train
0,1205,192799$_$15,192799,0,1,0,0,0,inner_train
0,1206,192799$_$14,192799,0,1,0,0,-2,inner_train
0,1207,192799$_$17,192799,0,1,0,0,-2,inner_train
0,1208,192799$_$16,192799,0,1,0,0,-1.333333373,inner_train
0,1209,192799$_$1,192799,0,1,0,0,0.3333333433,inner_train
0,1210,192799$_$0,192799,0,1,0,0,0.3333333433,inner_train
0,1211,192799$_$3,192799,0,1,0,0,-0.3333333433,inner_train
0,1212,192799$_$2,192799,0,1,0,0,0,inner_train
0,1213,192799$_$5,192799,0,1,0,0,-2.333333254,inner_train
0,1214,192799$_$4,192799,0,1,0,0,0,inner_train
0,1215,192799$_$7,192799,0,1,0,0,-1.333333373,inner_train
0,1216,192799$_$6,192799,0,1,0,0,-2,inner_train
0,1217,192799$_$9,192799,0,1,0,0,-2.333333254,inner_train
0,1218,192799$_$8,192799,0,1,0,0,-2.333333254,inner_train
0,1223,194625$_$11,194625,0,0,0,0,1.333333373,outer
0,1224,194625$_$10,194625,0,0,0,0,1,outer
0,1225,194625$_$13,194625,0,0,0,0,0.3333333433,outer
0,1226,194625$_$12,194625,0,0,0,0,1,outer
0,1227,194625$_$15,194625,0,0,0,0,-2,outer
0,1228,194625$_$14,194625,0,0,0,0,-2,outer
0,1229,194625$_$17,194625,0,0,0,0,-1.666666627,outer
0,1230,194625$_$16,194625,0,0,0,0,-1.666666627,outer
0,1231,194625$_$18,194625,0,0,0,0,-2,outer
0,1232,194625$_$1,194625,0,0,0,0,0,outer
0,1233,194625$_$0,194625,0,0,0,0,0,outer
0,1234,194625$_$3,194625,0,0,0,0,2.666666746,outer
0,1235,194625$_$2,194625,0,0,0,0,-0.3333333433,outer
0,1236,194625$_$5,194625,0,0,0,0,0,outer
0,1237,194625$_$4,194625,0,0,0,0,-1.666666627,outer
0,1238,194625$_$7,194625,0,0,0,0,-1.666666627,outer
0,1239,194625$_$6,194625,0,0,0,0,-2.333333254,outer
0,1240,194625$_$9,194625,0,0,0,0,-1,outer
0,1241,194625$_$8,194625,0,0,0,0,-2.666666746,outer
0,1242,197778$_$11,197778,0,1,0,1,3,outer
0,1243,197778$_$10,197778,0,1,0,1,0,outer
0,1244,197778$_$13,197778,0,1,0,1,-1,outer
0,1245,197778$_$12,197778,0,1,0,1,2,outer
0,1246,197778$_$15,197778,0,1,0,1,3,outer
0,1247,197778$_$14,197778,0,1,0,1,2.666666746,outer
0,1248,197778$_$16,197778,0,1,0,1,1.666666627,outer
0,1249,197778$_$1,197778,0,1,0,1,2,outer
0,1250,197778$_$0,197778,0,1,0,1,0.3333333433,outer
0,1251,197778$_$3,197778,0,1,0,1,2.666666746,outer
0,1252,197778$_$2,197778,0,1,0,1,1,outer
0,1253,197778$_$5,197778,0,1,0,1,0.3333333433,outer
0,1254,197778$_$4,197778,0,1,0,1,0,outer
0,1255,197778$_$7,197778,0,1,0,1,0,outer
0,1256,197778$_$6,197778,0,1,0,1,0,outer
0,1257,197778$_$9,197778,0,1,0,1,0,outer
0,1258,197778$_$8,197778,0,1,0,1,0,outer
0,1265,1A-aRhYx-GQ$_$24,1A-aRhYx-GQ,0,0,0,0,2.333333254,inner_train
0,1266,1A-aRhYx-GQ$_$11,1A-aRhYx-GQ,0,0,0,0,1,inner_train
0,1267,1A-aRhYx-GQ$_$13,1A-aRhYx-GQ,0,0,0,0,1,inner_train
0,1268,1A-aRhYx-GQ$_$27,1A-aRhYx-GQ,0,0,0,0,0.6666666865,inner_train
0,1269,1A-aRhYx-GQ$_$15,1A-aRhYx-GQ,0,0,0,0,0.6666666865,inner_train
0,1270,1A-aRhYx-GQ$_$14,1A-aRhYx-GQ,0,0,0,0,1,inner_train
0,1271,1A-aRhYx-GQ$_$17,1A-aRhYx-GQ,0,0,0,0,0.6666666865,inner_train
0,1272,1A-aRhYx-GQ$_$19,1A-aRhYx-GQ,0,0,0,0,1.666666627,inner_train
0,1273,1A-aRhYx-GQ$_$32,1A-aRhYx-GQ,0,0,0,0,1.333333373,inner_train
0,1274,1A-aRhYx-GQ$_$31,1A-aRhYx-GQ,0,0,0,0,2,inner_train
0,1275,1A-aRhYx-GQ$_$33,1A-aRhYx-GQ,0,0,0,0,2.333333254,inner_train
0,1276,1A-aRhYx-GQ$_$12,1A-aRhYx-GQ,0,0,0,0,1.333333373,inner_train
0,1277,1A-aRhYx-GQ$_$5,1A-aRhYx-GQ,0,0,0,0,1,inner_train
0,1278,1A-aRhYx-GQ$_$4,1A-aRhYx-GQ,0,0,0,0,-0.3333333433,inner_train
0,1279,1A-aRhYx-GQ$_$7,1A-aRhYx-GQ,0,0,0,0,0.6666666865,inner_train
0,1280,1A-aRhYx-GQ$_$9,1A-aRhYx-GQ,0,0,0,0,-0.3333333433,inner_train
0,1281,1A-aRhYx-GQ$_$20,1A-aRhYx-GQ,0,0,0,0,0,inner_train
0,1282,1A7dqFxx8wU$_$1,1A7dqFxx8wU,0,1,0,0,0,inner_valid
0,1283,1A7dqFxx8wU$_$0,1A7dqFxx8wU,0,1,0,0,0.3333333433,inner_valid
0,1284,1A7dqFxx8wU$_$3,1A7dqFxx8wU,0,1,0,0,1,inner_valid
0,1285,1A7dqFxx8wU$_$5,1A7dqFxx8wU,0,1,0,0,0.6666666865,inner_valid
0,1286,1A7dqFxx8wU$_$4,1A7dqFxx8wU,0,1,0,0,0.6666666865,inner_valid
0,1287,1A7dqFxx8wU$_$6,1A7dqFxx8wU,0,1,0,0,0,inner_valid
0,1288,1A7dqFxx8wU$_$9,1A7dqFxx8wU,0,1,0,0,-0.6666666865,inner_valid
0,1295,1ESU5ONMMxs$_$11,1ESU5ONMMxs,0,0,0,0,-0.3333333433,inner_valid
0,1296,1ESU5ONMMxs$_$10,1ESU5ONMMxs,0,0,0,0,0,inner_valid
0,1297,1ESU5ONMMxs$_$13,1ESU5ONMMxs,0,0,0,0,0,inner_valid
0,1298,1ESU5ONMMxs$_$14,1ESU5ONMMxs,0,0,0,0,0.6666666865,inner_valid
0,1299,1ESU5ONMMxs$_$1,1ESU5ONMMxs,0,0,0,0,-0.6666666865,inner_valid
0,1300,1ESU5ONMMxs$_$0,1ESU5ONMMxs,0,0,0,0,-1,inner_valid
0,1301,1ESU5ONMMxs$_$3,1ESU5ONMMxs,0,0,0,0,0.3333333433,inner_valid
0,1302,1ESU5ONMMxs$_$2,1ESU5ONMMxs,0,0,0,0,-0.6666666865,inner_valid
0,1303,1ESU5ONMMxs$_$5,1ESU5ONMMxs,0,0,0,0,0,inner_valid
0,1304,1ESU5ONMMxs$_$4,1ESU5ONMMxs,0,0,0,0,0,inner_valid
0,1305,1ESU5ONMMxs$_$6,1ESU5ONMMxs,0,0,0,0,0.3333333433,inner_valid
0,1306,1ESU5ONMMxs$_$8,1ESU5ONMMxs,0,0,0,0,0,inner_valid
0,1333,1JQ9UCBEmCU$_$1,1JQ9UCBEmCU,0,0,0,0,0,inner_valid
0,1334,1JQ9UCBEmCU$_$0,1JQ9UCBEmCU,0,0,0,0,0,inner_valid
0,1335,1JQ9UCBEmCU$_$3,1JQ9UCBEmCU,0,0,0,0,0.6666666865,inner_valid
0,1336,1JQ9UCBEmCU$_$2,1JQ9UCBEmCU,0,0,0,0,0,inner_valid
0,1337,1JQ9UCBEmCU$_$5,1JQ9UCBEmCU,0,0,0,0,0,inner_valid
0,1338,1JQ9UCBEmCU$_$6,1JQ9UCBEmCU,0,0,0,0,0.3333333433,inner_valid
0,1339,1RBT_QoSkIU$_$4,1RBT_QoSkIU,0,1,0,0,-0.3333333433,outer
0,1340,1RxliidxXyQ$_$0,1RxliidxXyQ,0,0,0,0,0,inner_train
0,1341,1RxliidxXyQ$_$2,1RxliidxXyQ,0,0,0,0,2,inner_train
0,1350,1YEgMQ1xxzQ$_$1,1YEgMQ1xxzQ,0,0,0,0,-1.666666627,inner_train
0,1351,1YEgMQ1xxzQ$_$3,1YEgMQ1xxzQ,0,0,0,0,1,inner_train
0,1352,1YEgMQ1xxzQ$_$2,1YEgMQ1xxzQ,0,0,0,0,-0.3333333433,inner_train
0,1353,1ZjIX9AK860$_$0,1ZjIX9AK860,0,0,0,0,0.3333333433,inner_train
0,1354,1ZjIX9AK860$_$2,1ZjIX9AK860,0,0,0,0,0.3333333433,inner_train
0,1355,1ZjIX9AK860$_$4,1ZjIX9AK860,0,0,0,0,1.666666627,inner_train
0,1356,1bzS0YF5hfs$_$1,1bzS0YF5hfs,0,0,0,0,0.6666666865,inner_train
0,1368,1k7br8xXMSU$_$11,1k7br8xXMSU,0,1,0,0,0.3333333433,inner_train
0,1369,1k7br8xXMSU$_$10,1k7br8xXMSU,0,1,0,0,0.3333333433,inner_train
0,1370,1k7br8xXMSU$_$13,1k7br8xXMSU,0,1,0,0,-0.3333333433,inner_train
0,1371,1k7br8xXMSU$_$12,1k7br8xXMSU,0,1,0,0,-0.3333333433,inner_train
0,1372,1k7br8xXMSU$_$15,1k7br8xXMSU,0,1,0,0,0,inner_train
0,1373,1k7br8xXMSU$_$1,1k7br8xXMSU,0,1,0,0,0,inner_train
0,1374,1k7br8xXMSU$_$0,1k7br8xXMSU,0,1,0,0,0,inner_train
0,1375,1k7br8xXMSU$_$3,1k7br8xXMSU,0,1,0,0,0,inner_train
0,1376,1k7br8xXMSU$_$5,1k7br8xXMSU,0,1,0,0,0,inner_train
0,1377,1k7br8xXMSU$_$4,1k7br8xXMSU,0,1,0,0,0.3333333433,inner_train
0,1378,1k7br8xXMSU$_$7,1k7br8xXMSU,0,1,0,0,0.6666666865,inner_train
0,1386,1o8Gy4J6WSs$_$1,1o8Gy4J6WSs,0,0,1,0,1.666666627,inner_train
0,1387,1o8Gy4J6WSs$_$3,1o8Gy4J6WSs,0,0,1,0,0.3333333433,inner_train
0,1388,1o8Gy4J6WSs$_$4,1o8Gy4J6WSs,0,0,1,0,0.3333333433,inner_train
0,1389,1olbQVO_C-8$_$1,1olbQVO_C-8,0,1,0,0,0.6666666865,inner_train
0,1390,1olbQVO_C-8$_$0,1olbQVO_C-8,0,1,0,0,0,inner_train
0,1391,1olbQVO_C-8$_$2,1olbQVO_C-8,0,1,0,0,0,inner_train
0,1392,1pvK0_9SQns$_$10,1pvK0_9SQns,0,1,0,0,0,inner_valid
0,1393,1pvK0_9SQns$_$5,1pvK0_9SQns,0,1,0,0,0.3333333433,inner_valid
0,1394,1pvK0_9SQns$_$4,1pvK0_9SQns,0,1,0,0,0,inner_valid
0,1395,1pvK0_9SQns$_$8,1pvK0_9SQns,0,1,0,0,0,inner_valid
0,1397,1sJjdaXXuJg$_$1,1sJjdaXXuJg,0,0,0,0,1.333333373,inner_train
0,1398,1sJjdaXXuJg$_$0,1sJjdaXXuJg,0,0,0,0,2,inner_train
0,1399,1sJjdaXXuJg$_$4,1sJjdaXXuJg,0,0,0,0,1.333333373,inner_train
0,1444,2-5hH_k2VFk$_$10,2-5hH_k2VFk,0,1,0,0,0.6666666865,inner_train
0,1445,2-5hH_k2VFk$_$2,2-5hH_k2VFk,0,1,0,0,0.6666666865,inner_train
0,1446,2-5hH_k2VFk$_$4,2-5hH_k2VFk,0,1,0,0,1.333333373,inner_train
0,1447,2-5hH_k2VFk$_$7,2-5hH_k2VFk,0,1,0,0,-2,inner_train
0,1448,2-5hH_k2VFk$_$9,2-5hH_k2VFk,0,1,0,0,0.6666666865,inner_train
0,1449,2-5hH_k2VFk$_$8,2-5hH_k2VFk,0,1,0,0,-1.666666627,inner_train
0,1451,201582$_$11,201582,0,1,0,0,0,inner_train
0,1452,201582$_$10,201582,0,1,0,0,1,inner_train
0,1453,201582$_$12,201582,0,1,0,0,0,inner_train
0,1454,201582$_$1,201582,0,1,0,0,-0.6666666865,inner_train
0,1455,201582$_$0,201582,0,1,0,0,0,inner_train
0,1456,201582$_$3,201582,0,1,0,0,0,inner_train
0,1457,201582$_$2,201582,0,1,0,0,-1.333333373,inner_train
0,1458,201582$_$5,201582,0,1,0,0,0,inner_train
0,1459,201582$_$4,201582,0,1,0,0,0,inner_train
0,1460,201582$_$7,201582,0,1,0,0,0,inner_train
0,1461,201582$_$6,201582,0,1,0,0,0,inner_train
0,1462,201582$_$9,201582,0,1,0,0,-0.3333333433,inner_train
0,1463,201582$_$8,201582,0,1,0,0,1.333333373,inner_train
0,1464,202431$_$1,202431,0,0,0,0,0,inner_train
0,1465,202431$_$0,202431,0,0,0,0,0.3333333433,inner_train
0,1466,202431$_$3,202431,0,0,0,0,0,inner_train
0,1467,202431$_$2,202431,0,0,0,0,-1,inner_train
0,1468,202431$_$5,202431,0,0,0,0,0,inner_train
0,1469,202431$_$4,202431,0,0,0,0,0,inner_train
0,1470,202431$_$6,202431,0,0,0,0,-1.666666627,inner_train
0,1471,202810$_$11,202810,0,1,0,0,-0.3333333433,inner_train
0,1472,202810$_$10,202810,0,1,0,0,0,inner_train
0,1473,202810$_$13,202810,0,1,0,0,-2,inner_train
0,1474,202810$_$12,202810,0,1,0,0,-1.333333373,inner_train
0,1475,202810$_$1,202810,0,1,0,0,-1.666666627,inner_train
0,1476,202810$_$0,202810,0,1,0,0,2,inner_train
0,1477,202810$_$3,202810,0,1,0,0,-1,inner_train
0,1478,202810$_$2,202810,0,1,0,0,0.6666666865,inner_train
0,1479,202810$_$5,202810,0,1,0,0,-1,inner_train
0,1480,202810$_$4,202810,0,1,0,0,-1.333333373,inner_train
0,1481,202810$_$7,202810,0,1,0,0,-1.333333373,inner_train
0,1482,202810$_$6,202810,0,1,0,0,-1.666666627,inner_train
0,1483,202810$_$9,202810,0,1,0,0,0.6666666865,inner_train
0,1484,202810$_$8,202810,0,1,0,0,-1.666666627,inner_train
0,1485,202990$_$11,202990,0,0,0,0,-0.3333333433,inner_train
0,1486,202990$_$10,202990,0,0,0,0,-1.333333373,inner_train
0,1487,202990$_$13,202990,0,0,0,0,-0.3333333433,inner_train
0,1488,202990$_$12,202990,0,0,0,0,0,inner_train
0,1489,202990$_$15,202990,0,0,0,0,-2.666666746,inner_train
0,1490,202990$_$14,202990,0,0,0,0,-1.666666627,inner_train
0,1491,202990$_$16,202990,0,0,0,0,-1,inner_train
0,1492,202990$_$1,202990,0,0,0,0,-0.3333333433,inner_train
0,1493,202990$_$0,202990,0,0,0,0,0,inner_train
0,1494,202990$_$3,202990,0,0,0,0,-2.333333254,inner_train
0,1495,202990$_$2,202990,0,0,0,0,-1.333333373,inner_train
0,1496,202990$_$5,202990,0,0,0,0,-1.666666627,inner_train
0,1497,202990$_$4,202990,0,0,0,0,-2.333333254,inner_train
0,1498,202990$_$7,202990,0,0,0,0,0,inner_train
0,1499,202990$_$6,202990,0,0,0,0,0,inner_train
0,1500,202990$_$9,202990,0,0,0,0,-0.3333333433,inner_train
0,1501,202990$_$8,202990,0,0,0,0,0,inner_train
0,1502,206049$_$1,206049,0,0,0,0,-2.333333254,inner_train
0,1503,206049$_$0,206049,0,0,0,0,1,inner_train
0,1504,206049$_$3,206049,0,0,0,0,-2,inner_train
0,1505,206049$_$2,206049,0,0,0,0,0.3333333433,inner_train
0,1506,206049$_$4,206049,0,0,0,0,-1.333333373,inner_train
0,1523,206376$_$1,206376,0,0,0,0,0,inner_train
0,1524,206376$_$0,206376,0,0,0,0,0.3333333433,inner_train
0,1525,206376$_$3,206376,0,0,0,0,-1,inner_train
0,1526,206376$_$2,206376,0,0,0,0,-0.6666666865,inner_train
0,1527,206376$_$5,206376,0,0,0,0,-0.3333333433,inner_train
0,1528,206376$_$4,206376,0,0,0,0,-2,inner_train
0,1529,206376$_$7,206376,0,0,0,0,-1,inner_train
0,1530,206376$_$6,206376,0,0,0,0,0,inner_train
0,1531,206376$_$9,206376,0,0,0,0,0,inner_train
0,1532,206376$_$8,206376,0,0,0,0,-1.666666627,inner_train
0,1568,208148$_$11,208148,0,0,0,1,-1.333333373,outer
0,1569,208148$_$10,208148,0,0,0,1,-1.666666627,outer
0,1570,208148$_$1,208148,0,0,0,1,-2,outer
0,1571,208148$_$0,208148,0,0,0,1,0,outer
0,1572,208148$_$3,208148,0,0,0,1,-2.333333254,outer
0,1573,208148$_$2,208148,0,0,0,1,-1,outer
0,1574,208148$_$5,208148,0,0,0,1,-1.666666627,outer
0,1575,208148$_$4,208148,0,0,0,1,-0.3333333433,outer
0,1576,208148$_$7,208148,0,0,0,1,-0.3333333433,outer
0,1577,208148$_$6,208148,0,0,0,1,0,outer
0,1578,208148$_$9,208148,0,0,0,1,0,outer
0,1579,208148$_$8,208148,0,0,0,1,0,outer
0,1580,208299$_$10,208299,0,1,0,0,-2.333333254,inner_train
0,1581,208299$_$1,208299,0,1,0,0,-2,inner_train
0,1582,208299$_$0,208299,0,1,0,0,0.3333333433,inner_train
0,1583,208299$_$3,208299,0,1,0,0,-1.333333373,inner_train
0,1584,208299$_$2,208299,0,1,0,0,-3,inner_train
0,1585,208299$_$5,208299,0,1,0,0,-1.666666627,inner_train
0,1586,208299$_$4,208299,0,1,0,0,-1,inner_train
0,1587,208299$_$7,208299,0,1,0,0,-2,inner_train
0,1588,208299$_$6,208299,0,1,0,0,-2.333333254,inner_train
0,1589,208299$_$9,208299,0,1,0,0,-2.666666746,inner_train
0,1590,208299$_$8,208299,0,1,0,0,-1.333333373,inner_train
0,1631,210238$_$11,210238,0,1,0,0,-2,inner_train
0,1632,210238$_$10,210238,0,1,0,0,-2.666666746,inner_train
0,1633,210238$_$13,210238,0,1,0,0,0,inner_train
0,1634,210238$_$12,210238,0,1,0,0,-0.3333333433,inner_train
0,1635,210238$_$15,210238,0,1,0,0,-2.333333254,inner_train
0,1636,210238$_$14,210238,0,1,0,0,0,inner_train
0,1637,210238$_$17,210238,0,1,0,0,-2,inner_train
0,1638,210238$_$16,210238,0,1,0,0,-1.333333373,inner_train
0,1639,210238$_$18,210238,0,1,0,0,0.3333333433,inner_train
0,1640,210238$_$1,210238,0,1,0,0,0.3333333433,inner_train
0,1641,210238$_$0,210238,0,1,0,0,0.3333333433,inner_train
0,1642,210238$_$3,210238,0,1,0,0,0,inner_train
0,1643,210238$_$2,210238,0,1,0,0,0,inner_train
0,1644,210238$_$5,210238,0,1,0,0,0,inner_train
0,1645,210238$_$7,210238,0,1,0,0,0,inner_train
0,1646,210238$_$6,210238,0,1,0,0,0,inner_train
0,1647,210238$_$9,210238,0,1,0,0,0.6666666865,inner_train
0,1648,210238$_$8,210238,0,1,0,0,0,inner_train
0,1667,21137$_$10,21137,0,0,0,0,2.333333254,inner_train
0,1668,21137$_$1,21137,0,0,0,0,0,inner_train
0,1669,21137$_$0,21137,0,0,0,0,1,inner_train
0,1670,21137$_$3,21137,0,0,0,0,2.666666746,inner_train
0,1671,21137$_$2,21137,0,0,0,0,2,inner_train
0,1672,21137$_$5,21137,0,0,0,0,2.333333254,inner_train
0,1673,21137$_$4,21137,0,0,0,0,2.666666746,inner_train
0,1674,21137$_$7,21137,0,0,0,0,2,inner_train
0,1675,21137$_$6,21137,0,0,0,0,1,inner_train
0,1676,21137$_$9,21137,0,0,0,0,2,inner_train
0,1677,21137$_$8,21137,0,0,0,0,1,inner_train
0,1678,212532$_$10,212532,0,1,0,0,-2,inner_train
0,1679,212532$_$1,212532,0,1,0,0,0.3333333433,inner_train
0,1680,212532$_$0,212532,0,1,0,0,0.3333333433,inner_train
0,1681,212532$_$3,212532,0,1,0,0,-1.666666627,inner_train
0,1682,212532$_$2,212532,0,1,0,0,0,inner_train
0,1683,212532$_$5,212532,0,1,0,0,-2,inner_train
0,1684,212532$_$4,212532,0,1,0,0,0,inner_train
0,1685,212532$_$7,212532,0,1,0,0,-1,inner_train
0,1686,212532$_$6,212532,0,1,0,0,-1.333333373,inner_train
0,1687,212532$_$9,212532,0,1,0,0,-2.666666746,inner_train
0,1688,212532$_$8,212532,0,1,0,0,-2,inner_train
0,1689,213619$_$11,213619,0,0,0,0,1,outer
0,1690,213619$_$10,213619,0,0,0,0,-0.3333333433,outer
0,1691,213619$_$1,213619,0,0,0,0,0.6666666865,outer
0,1692,213619$_$0,213619,0,0,0,0,-0.3333333433,outer
0,1693,213619$_$3,213619,0,0,0,0,0,outer
0,1694,213619$_$2,213619,0,0,0,0,0,outer
0,1695,213619$_$5,213619,0,0,0,0,0.6666666865,outer
0,1696,213619$_$4,213619,0,0,0,0,-2,outer
0,1697,213619$_$7,213619,0,0,0,0,0.3333333433,outer
0,1698,213619$_$6,213619,0,0,0,0,-1.333333373,outer
0,1699,213619$_$9,213619,0,0,0,0,0,outer
0,1700,213619$_$8,213619,0,0,0,0,0.3333333433,outer
0,1716,215259$_$11,215259,0,1,0,0,0,inner_train
0,1717,215259$_$10,215259,0,1,0,0,-0.3333333433,inner_train
0,1718,215259$_$1,215259,0,1,0,0,-1,inner_train
0,1719,215259$_$0,215259,0,1,0,0,0.3333333433,inner_train
0,1720,215259$_$3,215259,0,1,0,0,-1,inner_train
0,1721,215259$_$2,215259,0,1,0,0,1.333333373,inner_train
0,1722,215259$_$5,215259,0,1,0,0,1.666666627,inner_train
0,1723,215259$_$4,215259,0,1,0,0,2,inner_train
0,1724,215259$_$7,215259,0,1,0,0,-1.333333373,inner_train
0,1725,215259$_$6,215259,0,1,0,0,1.333333373,inner_train
0,1726,215259$_$9,215259,0,1,0,0,-1.666666627,inner_train
0,1727,215259$_$8,215259,0,1,0,0,-1.333333373,inner_train
0,1767,216857$_$20,216857,0,0,0,0,-0.3333333433,inner_train
0,1768,216857$_$21,216857,0,0,0,0,0,inner_train
0,1769,216857$_$1,216857,0,0,0,0,0,inner_train
0,1770,216857$_$0,216857,0,0,0,0,0,inner_train
0,1771,216857$_$3,216857,0,0,0,0,-0.6666666865,inner_train
0,1772,216857$_$2,216857,0,0,0,0,0,inner_train
0,1773,216857$_$5,216857,0,0,0,0,-0.3333333433,inner_train
0,1774,216857$_$4,216857,0,0,0,0,-1.333333373,inner_train
0,1775,216857$_$7,216857,0,0,0,0,-0.6666666865,inner_train
0,1776,216857$_$6,216857,0,0,0,0,-0.3333333433,inner_train
0,1777,216857$_$9,216857,0,0,0,0,-2.666666746,inner_train
0,1778,216857$_$8,216857,0,0,0,0,-1,inner_train
0,1779,216857$_$11,216857,0,0,0,0,0,inner_train
0,1780,216857$_$10,216857,0,0,0,0,-1,inner_train
0,1781,216857$_$13,216857,0,0,0,0,0.3333333433,inner_train
0,1782,216857$_$12,216857,0,0,0,0,0,inner_train
0,1783,216857$_$15,216857,0,0,0,0,0.3333333433,inner_train
0,1784,216857$_$14,216857,0,0,0,0,0.6666666865,inner_train
0,1785,216857$_$17,216857,0,0,0,0,-0.3333333433,inner_train
0,1786,216857$_$16,216857,0,0,0,0,-1,inner_train
0,1787,216857$_$19,216857,0,0,0,0,0,inner_train
0,1788,216857$_$18,216857,0,0,0,0,-0.3333333433,inner_train
0,1789,218708$_$11,218708,0,0,1,0,0,inner_train
0,1790,218708$_$10,218708,0,0,1,0,0,inner_train
0,1791,218708$_$13,218708,0,0,1,0,-0.3333333433,inner_train
0,1792,218708$_$12,218708,0,0,1,0,-1,inner_train
0,1793,218708$_$15,218708,0,0,1,0,-2,inner_train
0,1794,218708$_$14,218708,0,0,1,0,-0.6666666865,inner_train
0,1795,218708$_$17,218708,0,0,1,0,-1.666666627,inner_train
0,1796,218708$_$16,218708,0,0,1,0,-1,inner_train
0,1797,218708$_$19,218708,0,0,1,0,-0.6666666865,inner_train
0,1798,218708$_$18,218708,0,0,1,0,-0.6666666865,inner_train
0,1799,218708$_$1,218708,0,0,1,0,0.3333333433,inner_train
0,1800,218708$_$0,218708,0,0,1,0,0,inner_train
0,1801,218708$_$3,218708,0,0,1,0,0,inner_train
0,1802,218708$_$2,218708,0,0,1,0,0,inner_train
0,1803,218708$_$5,218708,0,0,1,0,0.3333333433,inner_train
0,1804,218708$_$4,218708,0,0,1,0,0.3333333433,inner_train
0,1805,218708$_$7,218708,0,0,1,0,0.3333333433,inner_train
0,1806,218708$_$8,218708,0,0,1,0,0,inner_train
0,1807,218708$_$9,218708,0,0,1,0,0,inner_train
0,1808,218708$_$20,218708,0,0,1,0,-0.6666666865,inner_train
0,1820,219775$_$1,219775,0,1,0,0,-1.666666627,outer
0,1821,219775$_$0,219775,0,1,0,0,0,outer
0,1822,219775$_$3,219775,0,1,0,0,0,outer
0,1823,219775$_$2,219775,0,1,0,0,-1.333333373,outer
0,1824,219775$_$5,219775,0,1,0,0,-0.3333333433,outer
0,1825,219775$_$4,219775,0,1,0,0,0,outer
0,1826,219775$_$7,219775,0,1,0,0,-1.666666627,outer
0,1827,219775$_$6,219775,0,1,0,0,1,outer
0,1828,219775$_$8,219775,0,1,0,0,-1.666666627,outer
0,1872,220548$_$20,220548,0,0,0,0,-2.333333254,inner_train
0,1873,220548$_$21,220548,0,0,0,0,-2.333333254,inner_train
0,1874,220548$_$22,220548,0,0,0,0,-1.333333373,inner_train
0,1875,220548$_$23,220548,0,0,0,0,-2,inner_train
0,1876,220548$_$1,220548,0,0,0,0,0,inner_train
0,1877,220548$_$0,220548,0,0,0,0,-0.6666666865,inner_train
0,1878,220548$_$3,220548,0,0,0,0,-2,inner_train
0,1879,220548$_$2,220548,0,0,0,0,0,inner_train
0,1880,220548$_$5,220548,0,0,0,0,1,inner_train
0,1881,220548$_$4,220548,0,0,0,0,0.3333333433,inner_train
0,1882,220548$_$7,220548,0,0,0,0,-0.3333333433,inner_train
0,1883,220548$_$6,220548,0,0,0,0,0.3333333433,inner_train
0,1884,220548$_$9,220548,0,0,0,0,-2.666666746,inner_train
0,1885,220548$_$8,220548,0,0,0,0,-1.333333373,inner_train
0,1886,220548$_$11,220548,0,0,0,0,-1,inner_train
0,1887,220548$_$10,220548,0,0,0,0,-2,inner_train
0,1888,220548$_$13,220548,0,0,0,0,0,inner_train
0,1889,220548$_$12,220548,0,0,0,0,1.666666627,inner_train
0,1890,220548$_$15,220548,0,0,0,0,-2,inner_train
0,1891,220548$_$14,220548,0,0,0,0,-1.333333373,inner_train
0,1892,220548$_$17,220548,0,0,0,0,-2,inner_train
0,1893,220548$_$16,220548,0,0,0,0,-0.3333333433,inner_train
0,1894,220548$_$19,220548,0,0,0,0,0,inner_train
0,1895,220548$_$18,220548,0,0,0,0,-1.333333373,inner_train
0,1896,221740$_$1,221740,0,1,0,0,0.3333333433,inner_valid
0,1897,221740$_$0,221740,0,1,0,0,0,inner_valid
0,1898,221740$_$3,221740,0,1,0,0,0,inner_valid
0,1899,221740$_$2,221740,0,1,0,0,0,inner_valid
0,1900,221740$_$5,221740,0,1,0,0,-3,inner_valid
0,1901,221740$_$4,221740,0,1,0,0,-3,inner_valid
0,1902,221740$_$7,221740,0,1,0,0,-1.666666627,inner_valid
0,1903,221740$_$6,221740,0,1,0,0,-2.333333254,inner_valid
0,1904,221740$_$8,221740,0,1,0,0,0.3333333433,inner_valid
0,1905,222116$_$1,222116,0,0,0,0,-2,inner_train
0,1906,222116$_$0,222116,0,0,0,0,1,inner_train
0,1907,222116$_$3,222116,0,0,0,0,0.6666666865,inner_train
0,1908,222116$_$2,222116,0,0,0,0,-0.3333333433,inner_train
0,1909,222116$_$5,222116,0,0,0,0,0.3333333433,inner_train
0,1910,222116$_$4,222116,0,0,0,0,-0.6666666865,inner_train
0,1911,222116$_$7,222116,0,0,0,0,-0.3333333433,inner_train
0,1912,222116$_$6,222116,0,0,0,0,0,inner_train
0,1913,222116$_$8,222116,0,0,0,0,1.333333373,inner_train
0,1923,224599$_$11,224599,0,1,0,0,-2,inner_train
0,1924,224599$_$10,224599,0,1,0,0,0,inner_train
0,1925,224599$_$12,224599,0,1,0,0,-0.6666666865,inner_train
0,1926,224599$_$1,224599,0,1,0,0,0.3333333433,inner_train
0,1927,224599$_$0,224599,0,1,0,0,0,inner_train
0,1928,224599$_$3,224599,0,1,0,0,0.6666666865,inner_train
0,1929,224599$_$2,224599,0,1,0,0,0,inner_train
0,1930,224599$_$5,224599,0,1,0,0,0,inner_train
0,1931,224599$_$4,224599,0,1,0,0,0,inner_train
0,1932,224599$_$7,224599,0,1,0,0,0,inner_train
0,1933,224599$_$6,224599,0,1,0,0,0,inner_train
0,1934,224599$_$9,224599,0,1,0,0,0,inner_train
0,1935,224599$_$8,224599,0,1,0,0,1.666666627,inner_train
0,1936,224772$_$11,224772,0,0,0,1,-0.3333333433,inner_train
0,1937,224772$_$10,224772,0,0,0,1,-1.666666627,inner_train
0,1938,224772$_$13,224772,0,0,0,1,-2.666666746,inner_train
0,1939,224772$_$12,224772,0,0,0,1,-1.666666627,inner_train
0,1940,224772$_$14,224772,0,0,0,1,-2,inner_train
0,1941,224772$_$1,224772,0,0,0,1,-1.666666627,inner_train
0,1942,224772$_$0,224772,0,0,0,1,0,inner_train
0,1943,224772$_$3,224772,0,0,0,1,0,inner_train
0,1944,224772$_$2,224772,0,0,0,1,-1.666666627,inner_train
0,1945,224772$_$5,224772,0,0,0,1,-1.333333373,inner_train
0,1946,224772$_$4,224772,0,0,0,1,-1,inner_train
0,1947,224772$_$7,224772,0,0,0,1,-1,inner_train
0,1948,224772$_$6,224772,0,0,0,1,0,inner_train
0,1949,224772$_$9,224772,0,0,0,1,0,inner_train
0,1950,224772$_$8,224772,0,0,0,1,-1.333333373,inner_train
0,1951,224817$_$0,224817,0,0,1,0,0,outer
0,1952,224869$_$11,224869,0,0,0,0,-2.333333254,inner_train
0,1953,224869$_$10,224869,0,0,0,0,-1,inner_train
0,1954,224869$_$13,224869,0,0,0,0,-1.333333373,inner_train
0,1955,224869$_$12,224869,0,0,0,0,-2.333333254,inner_train
0,1956,224869$_$15,224869,0,0,0,0,-1,inner_train
0,1957,224869$_$14,224869,0,0,0,0,-1.666666627,inner_train
0,1958,224869$_$1,224869,0,0,0,0,1.333333373,inner_train
0,1959,224869$_$0,224869,0,0,0,0,0.6666666865,inner_train
0,1960,224869$_$3,224869,0,0,0,0,0,inner_train
0,1961,224869$_$2,224869,0,0,0,0,-0.3333333433,inner_train
0,1962,224869$_$5,224869,0,0,0,0,0.3333333433,inner_train
0,1963,224869$_$4,224869,0,0,0,0,0,inner_train
0,1964,224869$_$7,224869,0,0,0,0,-1,inner_train
0,1965,224869$_$6,224869,0,0,0,0,-2,inner_train
0,1966,224869$_$9,224869,0,0,0,0,-1.666666627,inner_train
0,1967,224869$_$8,224869,0,0,0,0,1,inner_train
0,2019,227173$_$11,227173,0,0,0,0,-0.6666666865,inner_train
0,2020,227173$_$10,227173,0,0,0,0,0,inner_train
0,2021,227173$_$13,227173,0,0,0,0,0,inner_train
0,2022,227173$_$12,227173,0,0,0,0,-0.6666666865,inner_train
0,2023,227173$_$15,227173,0,0,0,0,-2,inner_train
0,2024,227173$_$14,227173,0,0,0,0,-2.333333254,inner_train
0,2025,227173$_$16,227173,0,0,0,0,-2,inner_train
0,2026,227173$_$1,227173,0,0,0,0,-2,inner_train
0,2027,227173$_$0,227173,0,0,0,0,0.3333333433,inner_train
0,2028,227173$_$3,227173,0,0,0,0,0,inner_train
0,2029,227173$_$2,227173,0,0,0,0,-2.333333254,inner_train
0,2030,227173$_$5,227173,0,0,0,0,-0.3333333433,inner_train
0,2031,227173$_$4,227173,0,0,0,0,0.3333333433,inner_train
0,2032,227173$_$7,227173,0,0,0,0,-0.3333333433,inner_train
0,2033,227173$_$6,227173,0,0,0,0,-1,inner_train
0,2034,227173$_$9,227173,0,0,0,0,-1.666666627,inner_train
0,2035,227173$_$8,227173,0,0,0,0,-1.333333373,inner_train
0,2049,227426$_$11,227426,0,0,0,0,-0.3333333433,inner_train
0,2050,227426$_$10,227426,0,0,0,0,-0.3333333433,inner_train
0,2051,227426$_$13,227426,0,0,0,0,-2.333333254,inner_train
0,2052,227426$_$12,227426,0,0,0,0,-2,inner_train
0,2053,227426$_$15,227426,0,0,0,0,0,inner_train
0,2054,227426$_$14,227426,0,0,0,0,-2.333333254,inner_train
0,2055,227426$_$17,227426,0,0,0,0,0.6666666865,inner_train
0,2056,227426$_$16,227426,0,0,0,0,0,inner_train
0,2057,227426$_$19,227426,0,0,0,0,-2.666666746,inner_train
0,2058,227426$_$18,227426,0,0,0,0,-2,inner_train
0,2059,227426$_$1,227426,0,0,0,0,-0.6666666865,inner_train
0,2060,227426$_$0,227426,0,0,0,0,0,inner_train
0,2061,227426$_$3,227426,0,0,0,0,2.666666746,inner_train
0,2062,227426$_$2,227426,0,0,0,0,-1,inner_train
0,2063,227426$_$5,227426,0,0,0,0,1,inner_train
0,2064,227426$_$4,227426,0,0,0,0,2,inner_train
0,2065,227426$_$7,227426,0,0,0,0,0,inner_train
0,2066,227426$_$6,227426,0,0,0,0,-2.666666746,inner_train
0,2067,227426$_$9,227426,0,0,0,0,0,inner_train
0,2068,227426$_$8,227426,0,0,0,0,0,inner_train
0,2069,22821$_$11,22821,0,0,0,0,0.3333333433,inner_train
0,2070,22821$_$10,22821,0,0,0,0,0,inner_train
0,2071,22821$_$13,22821,0,0,0,0,0.6666666865,inner_train
0,2072,22821$_$12,22821,0,0,0,0,2,inner_train
0,2073,22821$_$15,22821,0,0,0,0,0.6666666865,inner_train
0,2074,22821$_$14,22821,0,0,0,0,0,inner_train
0,2075,22821$_$17,22821,0,0,0,0,1.333333373,inner_train
0,2076,22821$_$16,22821,0,0,0,0,1.666666627,inner_train
0,2077,22821$_$18,22821,0,0,0,0,1.666666627,inner_train
0,2078,22821$_$1,22821,0,0,0,0,1.333333373,inner_train
0,2079,22821$_$0,22821,0,0,0,0,0,inner_train
0,2080,22821$_$3,22821,0,0,0,0,0,inner_train
0,2081,22821$_$2,22821,0,0,0,0,0,inner_train
0,2082,22821$_$5,22821,0,0,0,0,0,inner_train
0,2083,22821$_$4,22821,0,0,0,0,0.3333333433,inner_train
0,2084,22821$_$7,22821,0,0,0,0,1.666666627,inner_train
0,2085,22821$_$6,22821,0,0,0,0,2,inner_train
0,2086,22821$_$9,22821,0,0,0,0,1.333333373,inner_train
0,2087,22821$_$8,22821,0,0,0,0,0,inner_train
0,2122,229903$_$1,229903,0,0,0,0,0,outer
0,2123,229903$_$0,229903,0,0,0,0,0,outer
0,2124,229903$_$3,229903,0,0,0,0,0,outer
0,2125,229903$_$2,229903,0,0,0,0,0,outer
0,2126,229903$_$5,229903,0,0,0,0,-2.666666746,outer
0,2127,229903$_$4,229903,0,0,0,0,-1.666666627,outer
0,2128,229903$_$6,229903,0,0,0,0,-2.666666746,outer
0,2129,229967$_$10,229967,0,1,0,1,-2,outer
0,2130,229967$_$1,229967,0,1,0,1,0,outer
0,2131,229967$_$0,229967,0,1,0,1,0,outer
0,2132,229967$_$3,229967,0,1,0,1,0,outer
0,2133,229967$_$2,229967,0,1,0,1,0.3333333433,outer
0,2134,229967$_$5,229967,0,1,0,1,-1.666666627,outer
0,2135,229967$_$4,229967,0,1,0,1,-1.333333373,outer
0,2136,229967$_$7,229967,0,1,0,1,-1,outer
0,2137,229967$_$6,229967,0,1,0,1,-2,outer
0,2138,229967$_$9,229967,0,1,0,1,-0.3333333433,outer
0,2139,229967$_$8,229967,0,1,0,1,-1.333333373,outer
0,2155,231025$_$11,231025,0,0,0,0,-1.333333373,outer
0,2156,231025$_$10,231025,0,0,0,0,-0.3333333433,outer
0,2157,231025$_$13,231025,0,0,0,0,0.3333333433,outer
0,2158,231025$_$12,231025,0,0,0,0,1,outer
0,2159,231025$_$15,231025,0,0,0,0,-1,outer
0,2160,231025$_$14,231025,0,0,0,0,-2,outer
0,2161,231025$_$17,231025,0,0,0,0,-2,outer
0,2162,231025$_$16,231025,0,0,0,0,-0.6666666865,outer
0,2163,231025$_$18,231025,0,0,0,0,-0.6666666865,outer
0,2164,231025$_$1,231025,0,0,0,0,0,outer
0,2165,231025$_$0,231025,0,0,0,0,1.666666627,outer
0,2166,231025$_$3,231025,0,0,0,0,-0.6666666865,outer
0,2167,231025$_$2,231025,0,0,0,0,2.666666746,outer
0,2168,231025$_$5,231025,0,0,0,0,0,outer
0,2169,231025$_$4,231025,0,0,0,0,2.333333254,outer
0,2170,231025$_$7,231025,0,0,0,0,1,outer
0,2171,231025$_$9,231025,0,0,0,0,-0.3333333433,outer
0,2172,231025$_$8,231025,0,0,0,0,0,outer
0,2173,233171$_$1,233171,0,0,1,0,-1.666666627,inner_train
0,2174,233171$_$0,233171,0,0,1,0,0.3333333433,inner_train
0,2175,233171$_$3,233171,0,0,1,0,-1,inner_train
0,2176,233171$_$2,233171,0,0,1,0,0,inner_train
0,2177,233171$_$5,233171,0,0,1,0,-1,inner_train
0,2178,233171$_$4,233171,0,0,1,0,-1,inner_train
0,2179,233171$_$7,233171,0,0,1,0,-2,inner_train
0,2180,233171$_$6,233171,0,0,1,0,-2.666666746,inner_train
0,2193,233366$_$1,233366,0,0,0,0,-0.3333333433,inner_train
0,2194,233366$_$0,233366,0,0,0,0,0.3333333433,inner_train
0,2195,233366$_$3,233366,0,0,0,0,-0.6666666865,inner_train
0,2196,233366$_$2,233366,0,0,0,0,0.3333333433,inner_train
0,2197,233366$_$5,233366,0,0,0,0,-1,inner_train
0,2198,233366$_$4,233366,0,0,0,0,-1.333333373,inner_train
0,2199,233366$_$7,233366,0,0,0,0,-1.666666627,inner_train
0,2200,233366$_$6,233366,0,0,0,0,-2,inner_train
0,2201,233389$_$1,233389,0,0,0,0,0,inner_train
0,2202,233389$_$0,233389,0,0,0,0,0,inner_train
0,2203,233389$_$3,233389,0,0,0,0,0,inner_train
0,2204,233389$_$2,233389,0,0,0,0,0,inner_train
0,2205,233389$_$5,233389,0,0,0,0,-0.6666666865,inner_train
0,2206,233389$_$4,233389,0,0,0,0,0.6666666865,inner_train
0,2207,233389$_$6,233389,0,0,0,0,2,inner_train
0,2208,234053$_$24,234053,0,0,0,0,2.666666746,outer
0,2209,234053$_$25,234053,0,0,0,0,3,outer
0,2210,234053$_$26,234053,0,0,0,0,2.666666746,outer
0,2211,234053$_$20,234053,0,0,0,0,-0.6666666865,outer
0,2212,234053$_$21,234053,0,0,0,0,0.3333333433,outer
0,2213,234053$_$22,234053,0,0,0,0,2.333333254,outer
0,2214,234053$_$23,234053,0,0,0,0,2,outer
0,2215,234053$_$1,234053,0,0,0,0,0,outer
0,2216,234053$_$0,234053,0,0,0,0,0.6666666865,outer
0,2217,234053$_$3,234053,0,0,0,0,2,outer
0,2218,234053$_$2,234053,0,0,0,0,0.3333333433,outer
0,2219,234053$_$5,234053,0,0,0,0,1,outer
0,2220,234053$_$4,234053,0,0,0,0,0.3333333433,outer
0,2221,234053$_$7,234053,0,0,0,0,1.333333373,outer
0,2222,234053$_$6,234053,0,0,0,0,0.3333333433,outer
0,2223,234053$_$9,234053,0,0,0,0,0.3333333433,outer
0,2224,234053$_$8,234053,0,0,0,0,0,outer
0,2225,234053$_$11,234053,0,0,0,0,0.6666666865,outer
0,2226,234053$_$10,234053,0,0,0,0,0,outer
0,2227,234053$_$13,234053,0,0,0,0,-0.3333333433,outer
0,2228,234053$_$12,234053,0,0,0,0,0.6666666865,outer
0,2229,234053$_$15,234053,0,0,0,0,1,outer
0,2230,234053$_$14,234053,0,0,0,0,1,outer
0,2231,234053$_$17,234053,0,0,0,0,0,outer
0,2232,234053$_$16,234053,0,0,0,0,0,outer
0,2233,234053$_$19,234053,0,0,0,0,-1,outer
0,2234,234053$_$18,234053,0,0,0,0,0,outer
0,2235,234587$_$20,234587,0,0,0,0,1.333333373,inner_train
0,2236,234587$_$21,234587,0,0,0,0,2.333333254,inner_train
0,2237,234587$_$1,234587,0,0,0,0,0,inner_train
0,2238,234587$_$0,234587,0,0,0,0,1,inner_train
0,2239,234587$_$3,234587,0,0,0,0,1.333333373,inner_train
0,2240,234587$_$2,234587,0,0,0,0,0.3333333433,inner_train
0,2241,234587$_$5,234587,0,0,0,0,-0.3333333433,inner_train
0,2242,234587$_$4,234587,0,0,0,0,0.6666666865,inner_train
0,2243,234587$_$7,234587,0,0,0,0,0.6666666865,inner_train
0,2244,234587$_$6,234587,0,0,0,0,-1.333333373,inner_train
0,2245,234587$_$9,234587,0,0,0,0,0,inner_train
0,2246,234587$_$8,234587,0,0,0,0,0,inner_train
0,2247,234587$_$11,234587,0,0,0,0,0.6666666865,inner_train
0,2248,234587$_$10,234587,0,0,0,0,2.333333254,inner_train
0,2249,234587$_$13,234587,0,0,0,0,0,inner_train
0,2250,234587$_$12,234587,0,0,0,0,1,inner_train
0,2251,234587$_$15,234587,0,0,0,0,0.6666666865,inner_train
0,2252,234587$_$14,234587,0,0,0,0,0,inner_train
0,2253,234587$_$17,234587,0,0,0,0,0.3333333433,inner_train
0,2254,234587$_$16,234587,0,0,0,0,0.3333333433,inner_train
0,2255,234587$_$19,234587,0,0,0,0,2,inner_train
0,2256,234587$_$18,234587,0,0,0,0,2.333333254,inner_train
0,2257,236399$_$11,236399,0,0,0,0,0,inner_valid
0,2258,236399$_$10,236399,0,0,0,0,0.3333333433,inner_valid
0,2259,236399$_$12,236399,0,0,0,0,0.3333333433,inner_valid
0,2260,236399$_$1,236399,0,0,0,0,0,inner_valid
0,2261,236399$_$0,236399,0,0,0,0,0,inner_valid
0,2262,236399$_$3,236399,0,0,0,0,-1.666666627,inner_valid
0,2263,236399$_$2,236399,0,0,0,0,-2,inner_valid
0,2264,236399$_$5,236399,0,0,0,0,0.3333333433,inner_valid
0,2265,236399$_$4,236399,0,0,0,0,-0.3333333433,inner_valid
0,2266,236399$_$7,236399,0,0,0,0,0,inner_valid
0,2267,236399$_$6,236399,0,0,0,0,-1,inner_valid
0,2268,236399$_$9,236399,0,0,0,0,-1.666666627,inner_valid
0,2269,236399$_$8,236399,0,0,0,0,0,inner_valid
0,2338,238060$_$11,238060,0,0,0,0,-2,inner_train
0,2339,238060$_$10,238060,0,0,0,0,-2,inner_train
0,2340,238060$_$13,238060,0,0,0,0,-0.3333333433,inner_train
0,2341,238060$_$12,238060,0,0,0,0,-1.666666627,inner_train
0,2342,238060$_$15,238060,0,0,0,0,-2,inner_train
0,2343,238060$_$14,238060,0,0,0,0,0,inner_train
0,2344,238060$_$17,238060,0,0,0,0,-2.333333254,inner_train
0,2345,238060$_$16,238060,0,0,0,0,-2.333333254,inner_train
0,2346,238060$_$18,238060,0,0,0,0,-0.6666666865,inner_train
0,2347,238060$_$1,238060,0,0,0,0,0,inner_train
0,2348,238060$_$0,238060,0,0,0,0,0.3333333433,inner_train
0,2349,238060$_$3,238060,0,0,0,0,1.666666627,inner_train
0,2350,238060$_$2,238060,0,0,0,0,0,inner_train
0,2351,238060$_$5,238060,0,0,0,0,0,inner_train
0,2352,238060$_$4,238060,0,0,0,0,0,inner_train
0,2353,238060$_$7,238060,0,0,0,0,-0.3333333433,inner_train
0,2354,238060$_$6,238060,0,0,0,0,0,inner_train
0,2355,238060$_$9,238060,0,0,0,0,-2.666666746,inner_train
0,2356,238060$_$8,238060,0,0,0,0,-0.6666666865,inner_train
0,2357,238100$_$10,238100,0,0,0,0,-2,inner_valid
0,2358,238100$_$1,238100,0,0,0,0,-0.6666666865,inner_valid
0,2359,238100$_$0,238100,0,0,0,0,0,inner_valid
0,2360,238100$_$3,238100,0,0,0,0,-2,inner_valid
0,2361,238100$_$2,238100,0,0,0,0,-1,inner_valid
0,2362,238100$_$5,238100,0,0,0,0,-2,inner_valid
0,2363,238100$_$4,238100,0,0,0,0,0,inner_valid
0,2364,238100$_$7,238100,0,0,0,0,-2,inner_valid
0,2365,238100$_$6,238100,0,0,0,0,-1.666666627,inner_valid
0,2366,238100$_$9,238100,0,0,0,0,-1,inner_valid
0,2367,238100$_$8,238100,0,0,0,0,-1,inner_valid
0,2392,238683$_$1,238683,0,0,0,0,0,inner_train
0,2393,238683$_$0,238683,0,0,0,0,0,inner_train
0,2394,238683$_$3,238683,0,0,0,0,0,inner_train
0,2395,238683$_$2,238683,0,0,0,0,0,inner_train
0,2396,238683$_$4,238683,0,0,0,0,-1,inner_train
0,2409,239235$_$11,239235,0,1,0,0,2,outer
0,2410,239235$_$10,239235,0,1,0,0,1,outer
0,2411,239235$_$13,239235,0,1,0,0,2.333333254,outer
0,2412,239235$_$12,239235,0,1,0,0,2,outer
0,2413,239235$_$15,239235,0,1,0,0,1.333333373,outer
0,2414,239235$_$14,239235,0,1,0,0,2,outer
0,2415,239235$_$1,239235,0,1,0,0,0,outer
0,2416,239235$_$0,239235,0,1,0,0,0,outer
0,2417,239235$_$3,239235,0,1,0,0,0,outer
0,2418,239235$_$2,239235,0,1,0,0,2,outer
0,2419,239235$_$5,239235,0,1,0,0,1,outer
0,2420,239235$_$4,239235,0,1,0,0,1.333333373,outer
0,2421,239235$_$7,239235,0,1,0,0,1.333333373,outer
0,2422,239235$_$6,239235,0,1,0,0,0.6666666865,outer
0,2423,239235$_$9,239235,0,1,0,0,0,outer
0,2424,239235$_$8,239235,0,1,0,0,0,outer
0,2425,239572$_$1,239572,0,0,0,0,3,inner_train
0,2426,239572$_$0,239572,0,0,0,0,0,inner_train
0,2427,239572$_$3,239572,0,0,0,0,1.333333373,inner_train
0,2428,239572$_$2,239572,0,0,0,0,0.3333333433,inner_train
0,2429,239572$_$5,239572,0,0,0,0,0,inner_train
0,2430,239572$_$4,239572,0,0,0,0,0,inner_train
0,2431,239572$_$7,239572,0,0,0,0,0,inner_train
0,2432,239572$_$6,239572,0,0,0,0,0.6666666865,inner_train
0,2433,239572$_$9,239572,0,0,0,0,3,inner_train
0,2434,239572$_$8,239572,0,0,0,0,3,inner_train
0,2442,240915$_$1,240915,0,0,0,0,-2,inner_train
0,2443,240915$_$0,240915,0,0,0,0,0,inner_train
0,2444,240915$_$3,240915,0,0,0,0,-2.666666746,inner_train
0,2445,240915$_$2,240915,0,0,0,0,-2.666666746,inner_train
0,2446,240915$_$5,240915,0,0,0,0,0,inner_train
0,2447,240915$_$4,240915,0,0,0,0,-2.333333254,inner_train
0,2448,240915$_$7,240915,0,0,0,0,0,inner_train
0,2449,240915$_$6,240915,0,0,0,0,0.3333333433,inner_train
0,2450,240915$_$8,240915,0,0,0,0,0.6666666865,inner_train
0,2472,241638$_$1,241638,0,0,0,0,-1.333333373,inner_train
0,2473,241638$_$0,241638,0,0,0,0,0.3333333433,inner_train
0,2474,241638$_$3,241638,0,0,0,0,-0.3333333433,inner_train
0,2475,241638$_$2,241638,0,0,0,0,-1.666666627,inner_train
0,2476,241638$_$5,241638,0,0,0,0,-2,inner_train
0,2477,241638$_$4,241638,0,0,0,0,-0.3333333433,inner_train
0,2478,241638$_$6,241638,0,0,0,0,-1.666666627,inner_train
0,2491,243338$_$24,243338,0,0,0,1,-1.666666627,inner_train
0,2492,243338$_$25,243338,0,0,0,1,-3,inner_train
0,2493,243338$_$26,243338,0,0,0,1,-2.666666746,inner_train
0,2494,243338$_$20,243338,0,0,0,1,-0.6666666865,inner_train
0,2495,243338$_$21,243338,0,0,0,1,-2.333333254,inner_train
0,2496,243338$_$22,243338,0,0,0,1,-1.333333373,inner_train
0,2497,243338$_$23,243338,0,0,0,1,-2.333333254,inner_train
0,2498,243338$_$1,243338,0,0,0,1,0,inner_train
0,2499,243338$_$0,243338,0,0,0,1,0,inner_train
0,2500,243338$_$3,243338,0,0,0,1,0,inner_train
0,2501,243338$_$2,243338,0,0,0,1,-2.666666746,inner_train
0,2502,243338$_$5,243338,0,0,0,1,-1.666666627,inner_train
0,2503,243338$_$4,243338,0,0,0,1,0,inner_train
0,2504,243338$_$7,243338,0,0,0,1,-2,inner_train
0,2505,243338$_$6,243338,0,0,0,1,-0.3333333433,inner_train
0,2506,243338$_$9,243338,0,0,0,1,-1.333333373,inner_train
0,2507,243338$_$8,243338,0,0,0,1,-2.333333254,inner_train
0,2508,243338$_$11,243338,0,0,0,1,-1.333333373,inner_train
0,2509,243338$_$10,243338,0,0,0,1,-1.333333373,inner_train
0,2510,243338$_$13,243338,0,0,0,1,-1.333333373,inner_train
0,2511,243338$_$12,243338,0,0,0,1,-0.3333333433,inner_train
0,2512,243338$_$15,243338,0,0,0,1,-0.6666666865,inner_train
0,2513,243338$_$14,243338,0,0,0,1,-1.666666627,inner_train
0,2514,243338$_$17,243338,0,0,0,1,-2.333333254,inner_train
0,2515,243338$_$16,243338,0,0,0,1,0,inner_train
0,2516,243338$_$19,243338,0,0,0,1,-2.666666746,inner_train
0,2517,243338$_$18,243338,0,0,0,1,-2.666666746,inner_train
0,2555,244180$_$20,244180,0,0,0,0,-1.333333373,inner_train
0,2556,244180$_$21,244180,0,0,0,0,-1.666666627,inner_train
0,2557,244180$_$1,244180,0,0,0,0,0,inner_train
0,2558,244180$_$0,244180,0,0,0,0,1,inner_train
0,2559,244180$_$3,244180,0,0,0,0,-2.666666746,inner_train
0,2560,244180$_$2,244180,0,0,0,0,0,inner_train
0,2561,244180$_$5,244180,0,0,0,0,0,inner_train
0,2562,244180$_$4,244180,0,0,0,0,-2,inner_train
0,2563,244180$_$7,244180,0,0,0,0,-1,inner_train
0,2564,244180$_$6,244180,0,0,0,0,0.3333333433,inner_train
0,2565,244180$_$9,244180,0,0,0,0,-1.666666627,inner_train
0,2566,244180$_$8,244180,0,0,0,0,-0.6666666865,inner_train
0,2567,244180$_$11,244180,0,0,0,0,0.3333333433,inner_train
0,2568,244180$_$10,244180,0,0,0,0,-1.666666627,inner_train
0,2569,244180$_$13,244180,0,0,0,0,1.333333373,inner_train
0,2570,244180$_$12,244180,0,0,0,0,1.333333373,inner_train
0,2571,244180$_$15,244180,0,0,0,0,-0.3333333433,inner_train
0,2572,244180$_$14,244180,0,0,0,0,0.3333333433,inner_train
0,2573,244180$_$17,244180,0,0,0,0,0.3333333433,inner_train
0,2574,244180$_$16,244180,0,0,0,0,-0.3333333433,inner_train
0,2575,244180$_$19,244180,0,0,0,0,1.333333373,inner_train
0,2576,244180$_$18,244180,0,0,0,0,2,inner_train
0,2603,244623$_$26,244623,0,0,0,1,-0.6666666865,inner_valid
0,2604,244623$_$22,244623,0,0,0,1,0,inner_valid
0,2605,244623$_$23,244623,0,0,0,1,0,inner_valid
0,2606,244623$_$29,244623,0,0,0,1,-0.3333333433,inner_valid
0,2607,244623$_$1,244623,0,0,0,1,-1,inner_valid
0,2608,244623$_$0,244623,0,0,0,1,1,inner_valid
0,2609,244623$_$3,244623,0,0,0,1,-2,inner_valid
0,2610,244623$_$2,244623,0,0,0,1,0,inner_valid
0,2611,244623$_$5,244623,0,0,0,1,-1.333333373,inner_valid
0,2612,244623$_$4,244623,0,0,0,1,0,inner_valid
0,2613,244623$_$7,244623,0,0,0,1,0,inner_valid
0,2614,244623$_$6,244623,0,0,0,1,-0.6666666865,inner_valid
0,2615,244623$_$9,244623,0,0,0,1,-1,inner_valid
0,2616,244623$_$8,244623,0,0,0,1,-1.666666627,inner_valid
0,2617,244623$_$11,244623,0,0,0,1,-1.666666627,inner_valid
0,2618,244623$_$10,244623,0,0,0,1,-1.333333373,inner_valid
0,2619,244623$_$13,244623,0,0,0,1,-1.333333373,inner_valid
0,2620,244623$_$12,244623,0,0,0,1,-1.333333373,inner_valid
0,2621,244623$_$15,244623,0,0,0,1,0,inner_valid
0,2622,244623$_$14,244623,0,0,0,1,-1,inner_valid
0,2623,244623$_$17,244623,0,0,0,1,0,inner_valid
0,2624,244623$_$16,244623,0,0,0,1,-1,inner_valid
0,2625,244623$_$19,244623,0,0,0,1,0,inner_valid
0,2626,244623$_$32,244623,0,0,0,1,-0.6666666865,inner_valid
0,2627,244623$_$37,244623,0,0,0,1,-0.3333333433,inner_valid
0,2628,244623$_$36,244623,0,0,0,1,1.333333373,inner_valid
0,2629,244623$_$35,244623,0,0,0,1,0,inner_valid
0,2630,244623$_$34,244623,0,0,0,1,-0.6666666865,inner_valid
0,2631,244623$_$18,244623,0,0,0,1,-1.333333373,inner_valid
0,2686,245322$_$1,245322,0,1,0,0,0,inner_train
0,2687,245322$_$0,245322,0,1,0,0,0.6666666865,inner_train
0,2688,245322$_$3,245322,0,1,0,0,-2,inner_train
0,2689,245322$_$2,245322,0,1,0,0,-2,inner_train
0,2690,245322$_$5,245322,0,1,0,0,-2,inner_train
0,2691,245322$_$4,245322,0,1,0,0,0,inner_train
0,2692,245322$_$6,245322,0,1,0,0,0.3333333433,inner_train
0,2699,247382$_$20,247382,0,0,0,0,-0.3333333433,inner_train
0,2700,247382$_$21,247382,0,0,0,0,0,inner_train
0,2701,247382$_$1,247382,0,0,0,0,0.3333333433,inner_train
0,2702,247382$_$0,247382,0,0,0,0,0,inner_train
0,2703,247382$_$3,247382,0,0,0,0,-1,inner_train
0,2704,247382$_$2,247382,0,0,0,0,-1,inner_train
0,2705,247382$_$5,247382,0,0,0,0,0,inner_train
0,2706,247382$_$4,247382,0,0,0,0,1,inner_train
0,2707,247382$_$7,247382,0,0,0,0,0,inner_train
0,2708,247382$_$6,247382,0,0,0,0,0.6666666865,inner_train
0,2709,247382$_$9,247382,0,0,0,0,0,inner_train
0,2710,247382$_$8,247382,0,0,0,0,-0.6666666865,inner_train
0,2711,247382$_$11,247382,0,0,0,0,0.3333333433,inner_train
0,2712,247382$_$10,247382,0,0,0,0,0,inner_train
0,2713,247382$_$13,247382,0,0,0,0,-0.3333333433,inner_train
0,2714,247382$_$12,247382,0,0,0,0,0.3333333433,inner_train
0,2715,247382$_$15,247382,0,0,0,0,-1,inner_train
0,2716,247382$_$14,247382,0,0,0,0,1,inner_train
0,2717,247382$_$17,247382,0,0,0,0,-1,inner_train
0,2718,247382$_$16,247382,0,0,0,0,-1,inner_train
0,2719,247382$_$19,247382,0,0,0,0,0.3333333433,inner_train
0,2720,247382$_$18,247382,0,0,0,0,0,inner_train
0,2721,248837$_$11,248837,0,0,0,0,-0.6666666865,inner_train
0,2722,248837$_$10,248837,0,0,0,0,-2.333333254,inner_train
0,2723,248837$_$13,248837,0,0,0,0,-2.666666746,inner_train
0,2724,248837$_$12,248837,0,0,0,0,-0.6666666865,inner_train
0,2725,248837$_$1,248837,0,0,0,0,0,inner_train
0,2726,248837$_$0,248837,0,0,0,0,0.3333333433,inner_train
0,2727,248837$_$3,248837,0,0,0,0,-1.666666627,inner_train
0,2728,248837$_$2,248837,0,0,0,0,-1.666666627,inner_train
0,2729,248837$_$5,248837,0,0,0,0,-1,inner_train
0,2730,248837$_$4,248837,0,0,0,0,0,inner_train
0,2731,248837$_$7,248837,0,0,0,0,0,inner_train
0,2732,248837$_$6,248837,0,0,0,0,-1,inner_train
0,2733,248837$_$9,248837,0,0,0,0,-2.333333254,inner_train
0,2734,248837$_$8,248837,0,0,0,0,-2.666666746,inner_train
0,2735,24xayGF5yYA$_$24,24xayGF5yYA,0,1,0,0,0,inner_valid
0,2736,24xayGF5yYA$_$25,24xayGF5yYA,0,1,0,0,1.333333373,inner_valid
0,2737,24xayGF5yYA$_$26,24xayGF5yYA,0,1,0,0,2.333333254,inner_valid
0,2738,24xayGF5yYA$_$27,24xayGF5yYA,0,1,0,0,2,inner_valid
0,2739,24xayGF5yYA$_$20,24xayGF5yYA,0,1,0,0,1,inner_valid
0,2740,24xayGF5yYA$_$21,24xayGF5yYA,0,1,0,0,0,inner_valid
0,2741,24xayGF5yYA$_$22,24xayGF5yYA,0,1,0,0,1,inner_valid
0,2742,24xayGF5yYA$_$28,24xayGF5yYA,0,1,0,0,1.333333373,inner_valid
0,2743,24xayGF5yYA$_$29,24xayGF5yYA,0,1,0,0,2.333333254,inner_valid
0,2744,24xayGF5yYA$_$1,24xayGF5yYA,0,1,0,0,1.666666627,inner_valid
0,2745,24xayGF5yYA$_$0,24xayGF5yYA,0,1,0,0,1.666666627,inner_valid
0,2746,24xayGF5yYA$_$3,24xayGF5yYA,0,1,0,0,0.6666666865,inner_valid
0,2747,24xayGF5yYA$_$2,24xayGF5yYA,0,1,0,0,1.666666627,inner_valid
0,2748,24xayGF5yYA$_$5,24xayGF5yYA,0,1,0,0,1.333333373,inner_valid
0,2749,24xayGF5yYA$_$4,24xayGF5yYA,0,1,0,0,2.333333254,inner_valid
0,2750,24xayGF5yYA$_$7,24xayGF5yYA,0,1,0,0,0.6666666865,inner_valid
0,2751,24xayGF5yYA$_$6,24xayGF5yYA,0,1,0,0,1.333333373,inner_valid
0,2752,24xayGF5yYA$_$9,24xayGF5yYA,0,1,0,0,1.666666627,inner_valid
0,2753,24xayGF5yYA$_$8,24xayGF5yYA,0,1,0,0,1.333333373,inner_valid
0,2754,24xayGF5yYA$_$11,24xayGF5yYA,0,1,0,0,2.333333254,inner_valid
0,2755,24xayGF5yYA$_$10,24xayGF5yYA,0,1,0,0,2.333333254,inner_valid
0,2756,24xayGF5yYA$_$13,24xayGF5yYA,0,1,0,0,1,inner_valid
0,2757,24xayGF5yYA$_$12,24xayGF5yYA,0,1,0,0,1.666666627,inner_valid
0,2758,24xayGF5yYA$_$15,24xayGF5yYA,0,1,0,0,0,inner_valid
0,2759,24xayGF5yYA$_$14,24xayGF5yYA,0,1,0,0,0.6666666865,inner_valid
0,2760,24xayGF5yYA$_$17,24xayGF5yYA,0,1,0,0,0.6666666865,inner_valid
0,2761,24xayGF5yYA$_$16,24xayGF5yYA,0,1,0,0,3,inner_valid
0,2762,24xayGF5yYA$_$19,24xayGF5yYA,0,1,0,0,0.3333333433,inner_valid
0,2763,24xayGF5yYA$_$32,24xayGF5yYA,0,1,0,0,1,inner_valid
0,2764,24xayGF5yYA$_$31,24xayGF5yYA,0,1,0,0,1.333333373,inner_valid
0,2765,24xayGF5yYA$_$30,24xayGF5yYA,0,1,0,0,2.333333254,inner_valid
0,2766,24xayGF5yYA$_$36,24xayGF5yYA,0,1,0,0,1,inner_valid
0,2767,24xayGF5yYA$_$35,24xayGF5yYA,0,1,0,0,2,inner_valid
0,2768,24xayGF5yYA$_$34,24xayGF5yYA,0,1,0,0,2.333333254,inner_valid
0,2769,24xayGF5yYA$_$33,24xayGF5yYA,0,1,0,0,1.666666627,inner_valid
0,2770,250430$_$11,250430,0,0,0,0,-1.666666627,inner_valid
0,2771,250430$_$10,250430,0,0,0,0,-1.666666627,inner_valid
0,2772,250430$_$12,250430,0,0,0,0,0,inner_valid
0,2773,250430$_$1,250430,0,0,0,0,0.6666666865,inner_valid
0,2774,250430$_$0,250430,0,0,0,0,0.6666666865,inner_valid
0,2775,250430$_$3,250430,0,0,0,0,-1.666666627,inner_valid
0,2776,250430$_$2,250430,0,0,0,0,-1,inner_valid
0,2777,250430$_$5,250430,0,0,0,0,-1.333333373,inner_valid
0,2778,250430$_$4,250430,0,0,0,0,1.333333373,inner_valid
0,2779,250430$_$7,250430,0,0,0,0,0,inner_valid
0,2780,250430$_$6,250430,0,0,0,0,-2,inner_valid
0,2781,250430$_$9,250430,0,0,0,0,-1.333333373,inner_valid
0,2782,250430$_$8,250430,0,0,0,0,-2.666666746,inner_valid
0,2783,251417$_$1,251417,0,0,0,0,0,inner_train
0,2784,251417$_$0,251417,0,0,0,0,1,inner_train
0,2785,251417$_$3,251417,0,0,0,0,-1,inner_train
0,2786,251417$_$2,251417,0,0,0,0,-0.6666666865,inner_train
0,2787,251417$_$5,251417,0,0,0,0,-1.666666627,inner_train
0,2788,251417$_$4,251417,0,0,0,0,0.6666666865,inner_train
0,2789,251417$_$7,251417,0,0,0,0,-1,inner_train
0,2790,251417$_$6,251417,0,0,0,0,-1,inner_train
0,2815,251839$_$11,251839,0,0,0,0,-0.3333333433,inner_train
0,2816,251839$_$10,251839,0,0,0,0,0,inner_train
0,2817,251839$_$13,251839,0,0,0,0,0,inner_train
0,2818,251839$_$12,251839,0,0,0,0,-2,inner_train
0,2819,251839$_$15,251839,0,0,0,0,0,inner_train
0,2820,251839$_$14,251839,0,0,0,0,-0.6666666865,inner_train
0,2821,251839$_$17,251839,0,0,0,0,-1,inner_train
0,2822,251839$_$16,251839,0,0,0,0,1,inner_train
0,2823,251839$_$1,251839,0,0,0,0,0.6666666865,inner_train
0,2824,251839$_$0,251839,0,0,0,0,0.3333333433,inner_train
0,2825,251839$_$3,251839,0,0,0,0,-0.6666666865,inner_train
0,2826,251839$_$2,251839,0,0,0,0,0,inner_train
0,2827,251839$_$5,251839,0,0,0,0,-2,inner_train
0,2828,251839$_$4,251839,0,0,0,0,-3,inner_train
0,2829,251839$_$7,251839,0,0,0,0,-0.6666666865,inner_train
0,2830,251839$_$6,251839,0,0,0,0,0,inner_train
0,2831,251839$_$9,251839,0,0,0,0,-1.666666627,inner_train
0,2832,251839$_$8,251839,0,0,0,0,-0.3333333433,inner_train
0,2833,252177$_$10,252177,0,1,0,0,-1.333333373,outer
0,2834,252177$_$1,252177,0,1,0,0,2.666666746,outer
0,2835,252177$_$0,252177,0,1,0,0,0.6666666865,outer
0,2836,252177$_$3,252177,0,1,0,0,1.333333373,outer
0,2837,252177$_$2,252177,0,1,0,0,2.666666746,outer
0,2838,252177$_$5,252177,0,1,0,0,-0.6666666865,outer
0,2839,252177$_$4,252177,0,1,0,0,0.6666666865,outer
0,2840,252177$_$7,252177,0,1,0,0,-0.6666666865,outer
0,2841,252177$_$6,252177,0,1,0,0,-0.3333333433,outer
0,2842,252177$_$9,252177,0,1,0,0,-1.666666627,outer
0,2843,252177$_$8,252177,0,1,0,0,-2,outer
0,2844,25271$_$11,25271,0,0,0,0,-2,inner_train
0,2845,25271$_$10,25271,0,0,0,0,0,inner_train
0,2846,25271$_$12,25271,0,0,0,0,-2,inner_train
0,2847,25271$_$1,25271,0,0,0,0,-0.3333333433,inner_train
0,2848,25271$_$0,25271,0,0,0,0,0,inner_train
0,2849,25271$_$3,25271,0,0,0,0,1.333333373,inner_train
0,2850,25271$_$2,25271,0,0,0,0,-0.6666666865,inner_train
0,2851,25271$_$5,25271,0,0,0,0,0.6666666865,inner_train
0,2852,25271$_$4,25271,0,0,0,0,0,inner_train
0,2853,25271$_$7,25271,0,0,0,0,-2.666666746,inner_train
0,2854,25271$_$6,25271,0,0,0,0,-2.333333254,inner_train
0,2855,25271$_$9,25271,0,0,0,0,0.6666666865,inner_train
0,2856,25271$_$8,25271,0,0,0,0,0,inner_train
0,2857,254298$_$11,254298,0,0,0,0,-0.6666666865,inner_train
0,2858,254298$_$10,254298,0,0,0,0,-0.3333333433,inner_train
0,2859,254298$_$13,254298,0,0,0,0,-1.666666627,inner_train
0,2860,254298$_$12,254298,0,0,0,0,-2,inner_train
0,2861,254298$_$15,254298,0,0,0,0,-1,inner_train
0,2862,254298$_$14,254298,0,0,0,0,-1.666666627,inner_train
0,2863,254298$_$16,254298,0,0,0,0,-2.333333254,inner_train
0,2864,254298$_$0,254298,0,0,0,0,-0.6666666865,inner_train
0,2865,254298$_$3,254298,0,0,0,0,-3,inner_train
0,2866,254298$_$2,254298,0,0,0,0,-2.333333254,inner_train
0,2867,254298$_$5,254298,0,0,0,0,-2,inner_train
0,2868,254298$_$4,254298,0,0,0,0,-2.333333254,inner_train
0,2869,254298$_$7,254298,0,0,0,0,0,inner_train
0,2870,254298$_$6,254298,0,0,0,0,-1.666666627,inner_train
0,2871,254298$_$9,254298,0,0,0,0,-0.3333333433,inner_train
0,2872,254298$_$8,254298,0,0,0,0,-1.666666627,inner_train
0,2890,255226$_$11,255226,0,1,0,0,0,inner_train
0,2891,255226$_$10,255226,0,1,0,0,0,inner_train
0,2892,255226$_$13,255226,0,1,0,0,-2,inner_train
0,2893,255226$_$12,255226,0,1,0,0,0,inner_train
0,2894,255226$_$15,255226,0,1,0,0,-1,inner_train
0,2895,255226$_$14,255226,0,1,0,0,-2.333333254,inner_train
0,2896,255226$_$1,255226,0,1,0,0,0,inner_train
0,2897,255226$_$0,255226,0,1,0,0,0,inner_train
0,2898,255226$_$3,255226,0,1,0,0,0.6666666865,inner_train
0,2899,255226$_$2,255226,0,1,0,0,-1.333333373,inner_train
0,2900,255226$_$5,255226,0,1,0,0,0,inner_train
0,2901,255226$_$4,255226,0,1,0,0,-2.333333254,inner_train
0,2902,255226$_$7,255226,0,1,0,0,0,inner_train
0,2903,255226$_$6,255226,0,1,0,0,-0.3333333433,inner_train
0,2904,255226$_$9,255226,0,1,0,0,0,inner_train
0,2905,255226$_$8,255226,0,1,0,0,0.3333333433,inner_train
0,2906,255338$_$11,255338,0,1,0,0,-2.333333254,inner_train
0,2907,255338$_$10,255338,0,1,0,0,-3,inner_train
0,2908,255338$_$1,255338,0,1,0,0,0,inner_train
0,2909,255338$_$0,255338,0,1,0,0,0,inner_train
0,2910,255338$_$3,255338,0,1,0,0,0.3333333433,inner_train
0,2911,255338$_$2,255338,0,1,0,0,0.6666666865,inner_train
0,2912,255338$_$5,255338,0,1,0,0,-0.3333333433,inner_train
0,2913,255338$_$4,255338,0,1,0,0,-2,inner_train
0,2914,255338$_$7,255338,0,1,0,0,-0.3333333433,inner_train
0,2915,255338$_$6,255338,0,1,0,0,-3,inner_train
0,2916,255338$_$9,255338,0,1,0,0,-2.333333254,inner_train
0,2917,255338$_$8,255338,0,1,0,0,-2.333333254,inner_train
0,2958,256935$_$24,256935,0,1,0,0,-2.666666746,inner_train
0,2959,256935$_$25,256935,0,1,0,0,0,inner_train
0,2960,256935$_$20,256935,0,1,0,0,0.6666666865,inner_train
0,2961,256935$_$21,256935,0,1,0,0,0,inner_train
0,2962,256935$_$23,256935,0,1,0,0,-1.666666627,inner_train
0,2963,256935$_$0,256935,0,1,0,0,0,inner_train
0,2964,256935$_$3,256935,0,1,0,0,2.666666746,inner_train
0,2965,256935$_$2,256935,0,1,0,0,0,inner_train
0,2966,256935$_$4,256935,0,1,0,0,0,inner_train
0,2967,256935$_$7,256935,0,1,0,0,-2.666666746,inner_train
0,2968,256935$_$6,256935,0,1,0,0,0,inner_train
0,2969,256935$_$9,256935,0,1,0,0,-1.333333373,inner_train
0,2970,256935$_$8,256935,0,1,0,0,-3,inner_train
0,2971,256935$_$10,256935,0,1,0,0,-0.6666666865,inner_train
0,2972,256935$_$13,256935,0,1,0,0,-2.333333254,inner_train
0,2973,256935$_$12,256935,0,1,0,0,-2.333333254,inner_train
0,2974,256935$_$15,256935,0,1,0,0,-1.666666627,inner_train
0,2975,256935$_$14,256935,0,1,0,0,-2.666666746,inner_train
0,2976,256935$_$17,256935,0,1,0,0,-1.666666627,inner_train
0,2977,256935$_$16,256935,0,1,0,0,-1.666666627,inner_train
0,2978,256935$_$19,256935,0,1,0,0,-2,inner_train
0,2979,256935$_$18,256935,0,1,0,0,-2.666666746,inner_train
0,2980,256976$_$11,256976,0,0,0,0,-1.666666627,inner_train
0,2981,256976$_$10,256976,0,0,0,0,-2.666666746,inner_train
0,2982,256976$_$13,256976,0,0,0,0,-2.333333254,inner_train
0,2983,256976$_$12,256976,0,0,0,0,-1.333333373,inner_train
0,2984,256976$_$14,256976,0,0,0,0,-1,inner_train
0,2985,256976$_$1,256976,0,0,0,0,0,inner_train
0,2986,256976$_$0,256976,0,0,0,0,0.3333333433,inner_train
0,2987,256976$_$3,256976,0,0,0,0,0,inner_train
0,2988,256976$_$2,256976,0,0,0,0,0,inner_train
0,2989,256976$_$5,256976,0,0,0,0,0,inner_train
0,2990,256976$_$4,256976,0,0,0,0,-2.333333254,inner_train
0,2991,256976$_$7,256976,0,0,0,0,1.333333373,inner_train
0,2992,256976$_$6,256976,0,0,0,0,2,inner_train
0,2993,256976$_$9,256976,0,0,0,0,-1.666666627,inner_train
0,2994,256976$_$8,256976,0,0,0,0,0,inner_train
0,3028,257771$_$11,257771,0,0,0,1,-1.333333373,inner_valid
0,3029,257771$_$10,257771,0,0,0,1,-1.333333373,inner_valid
0,3030,257771$_$13,257771,0,0,0,1,0.3333333433,inner_valid
0,3031,257771$_$12,257771,0,0,0,1,-1.666666627,inner_valid
0,3032,257771$_$15,257771,0,0,0,1,-2,inner_valid
0,3033,257771$_$14,257771,0,0,0,1,-1,inner_valid
0,3034,257771$_$1,257771,0,0,0,1,0.3333333433,inner_valid
0,3035,257771$_$0,257771,0,0,0,1,0.3333333433,inner_valid
0,3036,257771$_$3,257771,0,0,0,1,-0.6666666865,inner_valid
0,3037,257771$_$2,257771,0,0,0,1,1,inner_valid
0,3038,257771$_$5,257771,0,0,0,1,1.333333373,inner_valid
0,3039,257771$_$4,257771,0,0,0,1,-1.666666627,inner_valid
0,3040,257771$_$7,257771,0,0,0,1,-0.3333333433,inner_valid
0,3041,257771$_$6,257771,0,0,0,1,-0.3333333433,inner_valid
0,3042,257771$_$9,257771,0,0,0,1,-2.333333254,inner_valid
0,3043,257771$_$8,257771,0,0,0,1,1.666666627,inner_valid
0,3086,260011$_$11,260011,0,0,1,0,-1.666666627,inner_train
0,3087,260011$_$10,260011,0,0,1,0,1.333333373,inner_train
0,3088,260011$_$13,260011,0,0,1,0,0,inner_train
0,3089,260011$_$12,260011,0,0,1,0,1.333333373,inner_train
0,3090,260011$_$20,260011,0,0,1,0,-1,inner_train
0,3091,260011$_$14,260011,0,0,1,0,1,inner_train
0,3092,260011$_$17,260011,0,0,1,0,0.6666666865,inner_train
0,3093,260011$_$16,260011,0,0,1,0,0,inner_train
0,3094,260011$_$19,260011,0,0,1,0,0,inner_train
0,3095,260011$_$18,260011,0,0,1,0,0,inner_train
0,3096,260011$_$1,260011,0,0,1,0,0,inner_train
0,3097,260011$_$0,260011,0,0,1,0,0,inner_train
0,3098,260011$_$3,260011,0,0,1,0,2.333333254,inner_train
0,3099,260011$_$2,260011,0,0,1,0,-1.666666627,inner_train
0,3100,260011$_$5,260011,0,0,1,0,1.333333373,inner_train
0,3101,260011$_$4,260011,0,0,1,0,2,inner_train
0,3102,260011$_$7,260011,0,0,1,0,-1.666666627,inner_train
0,3103,260011$_$6,260011,0,0,1,0,-0.6666666865,inner_train
0,3104,260011$_$9,260011,0,0,1,0,0,inner_train
0,3105,260011$_$15,260011,0,0,1,0,-1.666666627,inner_train
0,3106,260011$_$8,260011,0,0,1,0,-1,inner_train
0,3107,261267$_$11,261267,0,1,1,0,-1,inner_train
0,3108,261267$_$10,261267,0,1,1,0,-1.333333373,inner_train
0,3109,261267$_$13,261267,0,1,1,0,-1.666666627,inner_train
0,3110,261267$_$12,261267,0,1,1,0,-1.333333373,inner_train
0,3111,261267$_$15,261267,0,1,1,0,-0.6666666865,inner_train
0,3112,261267$_$14,261267,0,1,1,0,-1.666666627,inner_train
0,3113,261267$_$17,261267,0,1,1,0,-1.333333373,inner_train
0,3114,261267$_$16,261267,0,1,1,0,-2.333333254,inner_train
0,3115,261267$_$19,261267,0,1,1,0,-1.333333373,inner_train
0,3116,261267$_$18,261267,0,1,1,0,-1.333333373,inner_train
0,3117,261267$_$1,261267,0,1,1,0,-0.6666666865,inner_train
0,3118,261267$_$0,261267,0,1,1,0,0,inner_train
0,3119,261267$_$3,261267,0,1,1,0,0,inner_train
0,3120,261267$_$2,261267,0,1,1,0,-1.333333373,inner_train
0,3121,261267$_$5,261267,0,1,1,0,-2,inner_train
0,3122,261267$_$4,261267,0,1,1,0,0.3333333433,inner_train
0,3123,261267$_$7,261267,0,1,1,0,0,inner_train
0,3124,261267$_$6,261267,0,1,1,0,0.3333333433,inner_train
0,3125,261267$_$9,261267,0,1,1,0,0,inner_train
0,3126,261267$_$8,261267,0,1,1,0,-1.333333373,inner_train
0,3176,261902$_$24,261902,0,1,0,0,-0.3333333433,inner_train
0,3177,261902$_$25,261902,0,1,0,0,-2,inner_train
0,3178,261902$_$26,261902,0,1,0,0,-0.3333333433,inner_train
0,3179,261902$_$27,261902,0,1,0,0,-0.6666666865,inner_train
0,3180,261902$_$20,261902,0,1,0,0,-0.3333333433,inner_train
0,3181,261902$_$21,261902,0,1,0,0,-0.6666666865,inner_train
0,3182,261902$_$22,261902,0,1,0,0,-0.6666666865,inner_train
0,3183,261902$_$23,261902,0,1,0,0,-2,inner_train
0,3184,261902$_$28,261902,0,1,0,0,-1.333333373,inner_train
0,3185,261902$_$29,261902,0,1,0,0,-1.666666627,inner_train
0,3186,261902$_$1,261902,0,1,0,0,0,inner_train
0,3187,261902$_$0,261902,0,1,0,0,0,inner_train
0,3188,261902$_$3,261902,0,1,0,0,0.3333333433,inner_train
0,3189,261902$_$2,261902,0,1,0,0,0.3333333433,inner_train
0,3190,261902$_$5,261902,0,1,0,0,0,inner_train
0,3191,261902$_$4,261902,0,1,0,0,0,inner_train
0,3192,261902$_$7,261902,0,1,0,0,0,inner_train
0,3193,261902$_$6,261902,0,1,0,0,0,inner_train
0,3194,261902$_$9,261902,0,1,0,0,0.3333333433,inner_train
0,3195,261902$_$8,261902,0,1,0,0,0,inner_train
0,3196,261902$_$11,261902,0,1,0,0,1.333333373,inner_train
0,3197,261902$_$10,261902,0,1,0,0,0.6666666865,inner_train
0,3198,261902$_$13,261902,0,1,0,0,-0.6666666865,inner_train
0,3199,261902$_$12,261902,0,1,0,0,0.3333333433,inner_train
0,3200,261902$_$15,261902,0,1,0,0,1.333333373,inner_train
0,3201,261902$_$14,261902,0,1,0,0,0,inner_train
0,3202,261902$_$17,261902,0,1,0,0,0,inner_train
0,3203,261902$_$16,261902,0,1,0,0,0,inner_train
0,3204,261902$_$19,261902,0,1,0,0,-0.6666666865,inner_train
0,3205,261902$_$18,261902,0,1,0,0,0.3333333433,inner_train
0,3206,261902$_$31,261902,0,1,0,0,-1.333333373,inner_train
0,3207,261902$_$30,261902,0,1,0,0,-1.333333373,inner_train
0,3235,262226$_$11,262226,0,1,0,0,-2,outer
0,3236,262226$_$10,262226,0,1,0,0,-2,outer
0,3237,262226$_$13,262226,0,1,0,0,-3,outer
0,3238,262226$_$12,262226,0,1,0,0,-2.666666746,outer
0,3239,262226$_$15,262226,0,1,0,0,-2.666666746,outer
0,3240,262226$_$14,262226,0,1,0,0,-2.666666746,outer
0,3241,262226$_$17,262226,0,1,0,0,-2,outer
0,3242,262226$_$16,262226,0,1,0,0,-2.666666746,outer
0,3243,262226$_$19,262226,0,1,0,0,-2.333333254,outer
0,3244,262226$_$18,262226,0,1,0,0,-2.333333254,outer
0,3245,262226$_$1,262226,0,1,0,0,-2,outer
0,3246,262226$_$0,262226,0,1,0,0,0.6666666865,outer
0,3247,262226$_$3,262226,0,1,0,0,-1.666666627,outer
0,3248,262226$_$2,262226,0,1,0,0,-0.3333333433,outer
0,3249,262226$_$5,262226,0,1,0,0,-3,outer
0,3250,262226$_$4,262226,0,1,0,0,-2,outer
0,3251,262226$_$7,262226,0,1,0,0,-3,outer
0,3252,262226$_$6,262226,0,1,0,0,-2.666666746,outer
0,3253,262226$_$9,262226,0,1,0,0,-2,outer
0,3254,262226$_$20,262226,0,1,0,0,-2,outer
0,3255,262226$_$8,262226,0,1,0,0,-2.333333254,outer
0,3256,264418$_$11,264418,0,1,0,0,-1.666666627,inner_train
0,3257,264418$_$10,264418,0,1,0,0,-2.333333254,inner_train
0,3258,264418$_$13,264418,0,1,0,0,-1.333333373,inner_train
0,3259,264418$_$12,264418,0,1,0,0,-1.666666627,inner_train
0,3260,264418$_$15,264418,0,1,0,0,-1.333333373,inner_train
0,3261,264418$_$14,264418,0,1,0,0,0.3333333433,inner_train
0,3262,264418$_$1,264418,0,1,0,0,0.3333333433,inner_train
0,3263,264418$_$0,264418,0,1,0,0,0.3333333433,inner_train
0,3264,264418$_$3,264418,0,1,0,0,0,inner_train
0,3265,264418$_$2,264418,0,1,0,0,0,inner_train
0,3266,264418$_$5,264418,0,1,0,0,-1.666666627,inner_train
0,3267,264418$_$4,264418,0,1,0,0,-2,inner_train
0,3268,264418$_$7,264418,0,1,0,0,-2,inner_train
0,3269,264418$_$6,264418,0,1,0,0,-0.6666666865,inner_train
0,3270,264418$_$9,264418,0,1,0,0,-1.333333373,inner_train
0,3271,264418$_$8,264418,0,1,0,0,-1,inner_train
0,3322,265959$_$11,265959,0,0,1,0,-2.333333254,outer
0,3323,265959$_$10,265959,0,0,1,0,-2,outer
0,3324,265959$_$13,265959,0,0,1,0,-2.666666746,outer
0,3325,265959$_$12,265959,0,0,1,0,-0.6666666865,outer
0,3326,265959$_$15,265959,0,0,1,0,-2.666666746,outer
0,3327,265959$_$14,265959,0,0,1,0,-2.333333254,outer
0,3328,265959$_$16,265959,0,0,1,0,-2.333333254,outer
0,3329,265959$_$1,265959,0,0,1,0,0,outer
0,3330,265959$_$0,265959,0,0,1,0,0,outer
0,3331,265959$_$3,265959,0,0,1,0,-2.333333254,outer
0,3332,265959$_$2,265959,0,0,1,0,-2.666666746,outer
0,3333,265959$_$5,265959,0,0,1,0,-2,outer
0,3334,265959$_$4,265959,0,0,1,0,0,outer
0,3335,265959$_$7,265959,0,0,1,0,-1.666666627,outer
0,3336,265959$_$6,265959,0,0,1,0,-0.6666666865,outer
0,3337,265959$_$9,265959,0,0,1,0,-2,outer
0,3338,265959$_$8,265959,0,0,1,0,-1.666666627,outer
0,3339,266366$_$11,266366,0,1,0,0,-1.666666627,inner_train
0,3340,266366$_$10,266366,0,1,0,0,-2,inner_train
0,3341,266366$_$13,266366,0,1,0,0,-2,inner_train
0,3342,266366$_$12,266366,0,1,0,0,-0.3333333433,inner_train
0,3343,266366$_$15,266366,0,1,0,0,-2,inner_train
0,3344,266366$_$14,266366,0,1,0,0,-2,inner_train
0,3345,266366$_$17,266366,0,1,0,0,-2,inner_train
0,3346,266366$_$16,266366,0,1,0,0,-2,inner_train
0,3347,266366$_$18,266366,0,1,0,0,-2.333333254,inner_train
0,3348,266366$_$1,266366,0,1,0,0,0,inner_train
0,3349,266366$_$0,266366,0,1,0,0,0.3333333433,inner_train
0,3350,266366$_$3,266366,0,1,0,0,-1.666666627,inner_train
0,3351,266366$_$2,266366,0,1,0,0,0,inner_train
0,3352,266366$_$5,266366,0,1,0,0,0.3333333433,inner_train
0,3353,266366$_$4,266366,0,1,0,0,-2,inner_train
0,3354,266366$_$7,266366,0,1,0,0,-1.333333373,inner_train
0,3355,266366$_$6,266366,0,1,0,0,0,inner_train
0,3356,266366$_$9,266366,0,1,0,0,-2.666666746,inner_train
0,3357,266366$_$8,266366,0,1,0,0,-2.333333254,inner_train
0,3358,266396$_$24,266396,0,0,1,0,-1.333333373,outer
0,3359,266396$_$25,266396,0,0,1,0,0,outer
0,3360,266396$_$26,266396,0,0,1,0,-2,outer
0,3361,266396$_$27,266396,0,0,1,0,-2.333333254,outer
0,3362,266396$_$20,266396,0,0,1,0,-0.6666666865,outer
0,3363,266396$_$21,266396,0,0,1,0,-1.666666627,outer
0,3364,266396$_$22,266396,0,0,1,0,-1.666666627,outer
0,3365,266396$_$23,266396,0,0,1,0,-0.6666666865,outer
0,3366,266396$_$28,266396,0,0,1,0,-2.666666746,outer
0,3367,266396$_$29,266396,0,0,1,0,-2,outer
0,3368,266396$_$0,266396,0,0,1,0,0,outer
0,3369,266396$_$4,266396,0,0,1,0,-0.3333333433,outer
0,3370,266396$_$8,266396,0,0,1,0,-2,outer
0,3371,266396$_$59,266396,0,0,1,0,-0.6666666865,outer
0,3372,266396$_$58,266396,0,0,1,0,-2.666666746,outer
0,3373,266396$_$55,266396,0,0,1,0,-2.666666746,outer
0,3374,266396$_$54,266396,0,0,1,0,-2,outer
0,3375,266396$_$57,266396,0,0,1,0,-1.333333373,outer
0,3376,266396$_$56,266396,0,0,1,0,-2.666666746,outer
0,3377,266396$_$51,266396,0,0,1,0,-2.333333254,outer
0,3378,266396$_$50,266396,0,0,1,0,-0.3333333433,outer
0,3379,266396$_$53,266396,0,0,1,0,-2.333333254,outer
0,3380,266396$_$52,266396,0,0,1,0,-1,outer
0,3381,266396$_$88,266396,0,0,1,0,-1,outer
0,3382,266396$_$89,266396,0,0,1,0,-2,outer
0,3383,266396$_$82,266396,0,0,1,0,0,outer
0,3384,266396$_$83,266396,0,0,1,0,-1,outer
0,3385,266396$_$80,266396,0,0,1,0,-0.6666666865,outer
0,3386,266396$_$81,266396,0,0,1,0,-1,outer
0,3387,266396$_$86,266396,0,0,1,0,-1.333333373,outer
0,3388,266396$_$87,266396,0,0,1,0,0,outer
0,3389,266396$_$84,266396,0,0,1,0,-1,outer
0,3390,266396$_$85,266396,0,0,1,0,-1,outer
0,3391,266396$_$3,266396,0,0,1,0,0,outer
0,3392,266396$_$7,266396,0,0,1,0,2.666666746,outer
0,3393,266396$_$39,266396,0,0,1,0,-2.666666746,outer
0,3394,266396$_$38,266396,0,0,1,0,-1.333333373,outer
0,3395,266396$_$33,266396,0,0,1,0,-1,outer
0,3396,266396$_$32,266396,0,0,1,0,-2.666666746,outer
0,3397,266396$_$31,266396,0,0,1,0,-0.3333333433,outer
0,3398,266396$_$30,266396,0,0,1,0,-1.333333373,outer
0,3399,266396$_$37,266396,0,0,1,0,0,outer
0,3400,266396$_$36,266396,0,0,1,0,-2,outer
0,3401,266396$_$35,266396,0,0,1,0,-2,outer
0,3402,266396$_$34,266396,0,0,1,0,0.3333333433,outer
0,3403,266396$_$60,266396,0,0,1,0,-2.333333254,outer
0,3404,266396$_$61,266396,0,0,1,0,0,outer
0,3405,266396$_$62,266396,0,0,1,0,-1,outer
0,3406,266396$_$63,266396,0,0,1,0,-1.333333373,outer
0,3407,266396$_$64,266396,0,0,1,0,-1.666666627,outer
0,3408,266396$_$65,266396,0,0,1,0,-2,outer
0,3409,266396$_$66,266396,0,0,1,0,-1.333333373,outer
0,3410,266396$_$67,266396,0,0,1,0,-1.333333373,outer
0,3411,266396$_$68,266396,0,0,1,0,-1.333333373,outer
0,3412,266396$_$69,266396,0,0,1,0,-3,outer
0,3413,266396$_$2,266396,0,0,1,0,0,outer
0,3414,266396$_$6,266396,0,0,1,0,1.666666627,outer
0,3415,266396$_$91,266396,0,0,1,0,-3,outer
0,3416,266396$_$90,266396,0,0,1,0,-1,outer
0,3417,266396$_$93,266396,0,0,1,0,-1,outer
0,3418,266396$_$92,266396,0,0,1,0,-3,outer
0,3419,266396$_$95,266396,0,0,1,0,-1,outer
0,3420,266396$_$94,266396,0,0,1,0,-2.666666746,outer
0,3421,266396$_$97,266396,0,0,1,0,-3,outer
0,3422,266396$_$96,266396,0,0,1,0,-1,outer
0,3423,266396$_$11,266396,0,0,1,0,-3,outer
0,3424,266396$_$10,266396,0,0,1,0,-1,outer
0,3425,266396$_$13,266396,0,0,1,0,1,outer
0,3426,266396$_$12,266396,0,0,1,0,-2,outer
0,3427,266396$_$15,266396,0,0,1,0,-3,outer
0,3428,266396$_$14,266396,0,0,1,0,1,outer
0,3429,266396$_$17,266396,0,0,1,0,-2.333333254,outer
0,3430,266396$_$16,266396,0,0,1,0,-3,outer
0,3431,266396$_$19,266396,0,0,1,0,-0.6666666865,outer
0,3432,266396$_$18,266396,0,0,1,0,0,outer
0,3433,266396$_$48,266396,0,0,1,0,-0.6666666865,outer
0,3434,266396$_$49,266396,0,0,1,0,-2.333333254,outer
0,3435,266396$_$46,266396,0,0,1,0,-2,outer
0,3436,266396$_$47,266396,0,0,1,0,-1.666666627,outer
0,3437,266396$_$44,266396,0,0,1,0,-0.6666666865,outer
0,3438,266396$_$45,266396,0,0,1,0,-2.333333254,outer
0,3439,266396$_$42,266396,0,0,1,0,-3,outer
0,3440,266396$_$43,266396,0,0,1,0,-3,outer
0,3441,266396$_$40,266396,0,0,1,0,-2,outer
0,3442,266396$_$41,266396,0,0,1,0,-2,outer
0,3443,266396$_$1,266396,0,0,1,0,0,outer
0,3444,266396$_$5,266396,0,0,1,0,0,outer
0,3445,266396$_$9,266396,0,0,1,0,-3,outer
0,3446,266396$_$77,266396,0,0,1,0,-1.666666627,outer
0,3447,266396$_$76,266396,0,0,1,0,-0.3333333433,outer
0,3448,266396$_$75,266396,0,0,1,0,-1.666666627,outer
0,3449,266396$_$74,266396,0,0,1,0,-1,outer
0,3450,266396$_$73,266396,0,0,1,0,-2.333333254,outer
0,3451,266396$_$72,266396,0,0,1,0,-1.666666627,outer
0,3452,266396$_$71,266396,0,0,1,0,-1.666666627,outer
0,3453,266396$_$70,266396,0,0,1,0,-2.666666746,outer
0,3454,266396$_$79,266396,0,0,1,0,-2,outer
0,3455,266396$_$78,266396,0,0,1,0,-1.333333373,outer
0,3484,266938$_$42,266938,0,1,0,0,-3,inner_train
0,3485,266938$_$22,266938,0,1,0,0,-1,inner_train
0,3486,266938$_$43,266938,0,1,0,0,-1.333333373,inner_train
0,3487,266938$_$53,266938,0,1,0,0,-1.666666627,inner_train
0,3488,266938$_$52,266938,0,1,0,0,-1.666666627,inner_train
0,3489,266938$_$23,266938,0,1,0,0,-2.333333254,inner_train
0,3490,266938$_$24,266938,0,1,0,0,0,inner_train
0,3491,266938$_$25,266938,0,1,0,0,-1.666666627,inner_train
0,3492,266938$_$26,266938,0,1,0,0,-2,inner_train
0,3493,266938$_$27,266938,0,1,0,0,-2.333333254,inner_train
0,3494,266938$_$20,266938,0,1,0,0,-0.6666666865,inner_train
0,3495,266938$_$21,266938,0,1,0,0,0.3333333433,inner_train
0,3496,266938$_$48,266938,0,1,0,0,-1,inner_train
0,3497,266938$_$49,266938,0,1,0,0,-3,inner_train
0,3498,266938$_$46,266938,0,1,0,0,-3,inner_train
0,3499,266938$_$47,266938,0,1,0,0,-2.666666746,inner_train
0,3500,266938$_$44,266938,0,1,0,0,-3,inner_train
0,3501,266938$_$45,266938,0,1,0,0,-1,inner_train
0,3502,266938$_$28,266938,0,1,0,0,-2,inner_train
0,3503,266938$_$29,266938,0,1,0,0,-0.6666666865,inner_train
0,3504,266938$_$40,266938,0,1,0,0,-0.6666666865,inner_train
0,3505,266938$_$41,266938,0,1,0,0,-3,inner_train
0,3506,266938$_$1,266938,0,1,0,0,-2,inner_train
0,3507,266938$_$0,266938,0,1,0,0,0.3333333433,inner_train
0,3508,266938$_$3,266938,0,1,0,0,-2,inner_train
0,3509,266938$_$2,266938,0,1,0,0,-1.333333373,inner_train
0,3510,266938$_$5,266938,0,1,0,0,-3,inner_train
0,3511,266938$_$4,266938,0,1,0,0,-0.6666666865,inner_train
0,3512,266938$_$7,266938,0,1,0,0,-2.666666746,inner_train
0,3513,266938$_$6,266938,0,1,0,0,0,inner_train
0,3514,266938$_$9,266938,0,1,0,0,-0.6666666865,inner_train
0,3515,266938$_$8,266938,0,1,0,0,-2.666666746,inner_train
0,3516,266938$_$18,266938,0,1,0,0,0.6666666865,inner_train
0,3517,266938$_$39,266938,0,1,0,0,-0.3333333433,inner_train
0,3518,266938$_$38,266938,0,1,0,0,-1.666666627,inner_train
0,3519,266938$_$11,266938,0,1,0,0,-2.333333254,inner_train
0,3520,266938$_$10,266938,0,1,0,0,-1.666666627,inner_train
0,3521,266938$_$13,266938,0,1,0,0,1.333333373,inner_train
0,3522,266938$_$12,266938,0,1,0,0,2.333333254,inner_train
0,3523,266938$_$15,266938,0,1,0,0,-0.6666666865,inner_train
0,3524,266938$_$14,266938,0,1,0,0,1,inner_train
0,3525,266938$_$17,266938,0,1,0,0,-0.6666666865,inner_train
0,3526,266938$_$16,266938,0,1,0,0,0,inner_train
0,3527,266938$_$19,266938,0,1,0,0,-2.666666746,inner_train
0,3528,266938$_$32,266938,0,1,0,0,-2.666666746,inner_train
0,3529,266938$_$31,266938,0,1,0,0,-0.6666666865,inner_train
0,3530,266938$_$30,266938,0,1,0,0,-3,inner_train
0,3531,266938$_$51,266938,0,1,0,0,-2.666666746,inner_train
0,3532,266938$_$36,266938,0,1,0,0,-1.666666627,inner_train
0,3533,266938$_$35,266938,0,1,0,0,-2.666666746,inner_train
0,3534,266938$_$34,266938,0,1,0,0,-3,inner_train
0,3535,266938$_$33,266938,0,1,0,0,-3,inner_train
0,3536,266938$_$37,266938,0,1,0,0,1,inner_train
0,3537,266938$_$54,266938,0,1,0,0,-3,inner_train
0,3538,266938$_$50,266938,0,1,0,0,0,inner_train
0,3558,267255$_$11,267255,0,0,0,0,-1,inner_train
0,3559,267255$_$10,267255,0,0,0,0,-0.6666666865,inner_train
0,3560,267255$_$13,267255,0,0,0,0,-2,inner_train
0,3561,267255$_$12,267255,0,0,0,0,-1.666666627,inner_train
0,3562,267255$_$15,267255,0,0,0,0,-2,inner_train
0,3563,267255$_$14,267255,0,0,0,0,-1.666666627,inner_train
0,3564,267255$_$17,267255,0,0,0,0,-0.6666666865,inner_train
0,3565,267255$_$16,267255,0,0,0,0,0.6666666865,inner_train
0,3566,267255$_$19,267255,0,0,0,0,0.6666666865,inner_train
0,3567,267255$_$18,267255,0,0,0,0,0,inner_train
0,3568,267255$_$1,267255,0,0,0,0,0.3333333433,inner_train
0,3569,267255$_$0,267255,0,0,0,0,1,inner_train
0,3570,267255$_$3,267255,0,0,0,0,0,inner_train
0,3571,267255$_$2,267255,0,0,0,0,-1,inner_train
0,3572,267255$_$5,267255,0,0,0,0,-0.6666666865,inner_train
0,3573,267255$_$4,267255,0,0,0,0,0,inner_train
0,3574,267255$_$7,267255,0,0,0,0,-0.3333333433,inner_train
0,3575,267255$_$6,267255,0,0,0,0,0,inner_train
0,3576,267255$_$9,267255,0,0,0,0,-0.3333333433,inner_train
0,3577,267255$_$8,267255,0,0,0,0,0,inner_train
0,3578,267278$_$20,267278,0,0,0,0,-2.333333254,outer
0,3579,267278$_$21,267278,0,0,0,0,-2.666666746,outer
0,3580,267278$_$22,267278,0,0,0,0,-1.666666627,outer
0,3581,267278$_$23,267278,0,0,0,0,-2,outer
0,3582,267278$_$1,267278,0,0,0,0,0,outer
0,3583,267278$_$0,267278,0,0,0,0,0,outer
0,3584,267278$_$3,267278,0,0,0,0,1.666666627,outer
0,3585,267278$_$2,267278,0,0,0,0,0.3333333433,outer
0,3586,267278$_$5,267278,0,0,0,0,-1,outer
0,3587,267278$_$4,267278,0,0,0,0,2.333333254,outer
0,3588,267278$_$7,267278,0,0,0,0,-2.333333254,outer
0,3589,267278$_$6,267278,0,0,0,0,0.3333333433,outer
0,3590,267278$_$9,267278,0,0,0,0,1.333333373,outer
0,3591,267278$_$8,267278,0,0,0,0,-2.333333254,outer
0,3592,267278$_$11,267278,0,0,0,0,-1,outer
0,3593,267278$_$10,267278,0,0,0,0,-1.333333373,outer
0,3594,267278$_$13,267278,0,0,0,0,0,outer
0,3595,267278$_$12,267278,0,0,0,0,-2.666666746,outer
0,3596,267278$_$15,267278,0,0,0,0,-0.3333333433,outer
0,3597,267278$_$14,267278,0,0,0,0,-0.6666666865,outer
0,3598,267278$_$17,267278,0,0,0,0,-1.333333373,outer
0,3599,267278$_$16,267278,0,0,0,0,-1.666666627,outer
0,3600,267278$_$19,267278,0,0,0,0,-2.333333254,outer
0,3601,267278$_$18,267278,0,0,0,0,-1,outer
0,3602,267799$_$11,267799,0,0,0,1,-2.333333254,outer
0,3603,267799$_$10,267799,0,0,0,1,-2,outer
0,3604,267799$_$13,267799,0,0,0,1,0,outer
0,3605,267799$_$12,267799,0,0,0,1,-1.666666627,outer
0,3606,267799$_$15,267799,0,0,0,1,-2.333333254,outer
0,3607,267799$_$14,267799,0,0,0,1,-1,outer
0,3608,267799$_$17,267799,0,0,0,1,-2.666666746,outer
0,3609,267799$_$16,267799,0,0,0,1,0.6666666865,outer
0,3610,267799$_$19,267799,0,0,0,1,-1.666666627,outer
0,3611,267799$_$18,267799,0,0,0,1,0.6666666865,outer
0,3612,267799$_$1,267799,0,0,0,1,0,outer
0,3613,267799$_$0,267799,0,0,0,1,0,outer
0,3614,267799$_$3,267799,0,0,0,1,0,outer
0,3615,267799$_$2,267799,0,0,0,1,-2,outer
0,3616,267799$_$5,267799,0,0,0,1,-1.333333373,outer
0,3617,267799$_$4,267799,0,0,0,1,0.3333333433,outer
0,3618,267799$_$7,267799,0,0,0,1,-0.3333333433,outer
0,3619,267799$_$6,267799,0,0,0,1,2,outer
0,3620,267799$_$9,267799,0,0,0,1,-2,outer
0,3621,267799$_$8,267799,0,0,0,1,1.333333373,outer
0,3622,268836$_$24,268836,0,0,0,0,-1.333333373,inner_valid
0,3623,268836$_$25,268836,0,0,0,0,-1.333333373,inner_valid
0,3624,268836$_$26,268836,0,0,0,0,-2,inner_valid
0,3625,268836$_$27,268836,0,0,0,0,0,inner_valid
0,3626,268836$_$20,268836,0,0,0,0,-0.6666666865,inner_valid
0,3627,268836$_$21,268836,0,0,0,0,-2,inner_valid
0,3628,268836$_$22,268836,0,0,0,0,-1.666666627,inner_valid
0,3629,268836$_$23,268836,0,0,0,0,-2.333333254,inner_valid
0,3630,268836$_$28,268836,0,0,0,0,0,inner_valid
0,3631,268836$_$29,268836,0,0,0,0,-0.6666666865,inner_valid
0,3632,268836$_$1,268836,0,0,0,0,-2,inner_valid
0,3633,268836$_$0,268836,0,0,0,0,0.3333333433,inner_valid
0,3634,268836$_$3,268836,0,0,0,0,-2.333333254,inner_valid
0,3635,268836$_$2,268836,0,0,0,0,-2.666666746,inner_valid
0,3636,268836$_$5,268836,0,0,0,0,-0.3333333433,inner_valid
0,3637,268836$_$4,268836,0,0,0,0,-0.3333333433,inner_valid
0,3638,268836$_$7,268836,0,0,0,0,0.3333333433,inner_valid
0,3639,268836$_$6,268836,0,0,0,0,0,inner_valid
0,3640,268836$_$9,268836,0,0,0,0,0,inner_valid
0,3641,268836$_$8,268836,0,0,0,0,-0.3333333433,inner_valid
0,3642,268836$_$39,268836,0,0,0,0,-3,inner_valid
0,3643,268836$_$38,268836,0,0,0,0,-0.3333333433,inner_valid
0,3644,268836$_$11,268836,0,0,0,0,0,inner_valid
0,3645,268836$_$10,268836,0,0,0,0,0,inner_valid
0,3646,268836$_$13,268836,0,0,0,0,0,inner_valid
0,3647,268836$_$12,268836,0,0,0,0,0,inner_valid
0,3648,268836$_$15,268836,0,0,0,0,-0.3333333433,inner_valid
0,3649,268836$_$14,268836,0,0,0,0,-2.333333254,inner_valid
0,3650,268836$_$17,268836,0,0,0,0,-1,inner_valid
0,3651,268836$_$16,268836,0,0,0,0,-1.666666627,inner_valid
0,3652,268836$_$19,268836,0,0,0,0,-0.6666666865,inner_valid
0,3653,268836$_$18,268836,0,0,0,0,0,inner_valid
0,3654,268836$_$31,268836,0,0,0,0,-1.333333373,inner_valid
0,3655,268836$_$30,268836,0,0,0,0,-2.666666746,inner_valid
0,3656,268836$_$37,268836,0,0,0,0,-2.333333254,inner_valid
0,3657,268836$_$36,268836,0,0,0,0,-2,inner_valid
0,3658,268836$_$35,268836,0,0,0,0,-1.666666627,inner_valid
0,3659,268836$_$34,268836,0,0,0,0,-1,inner_valid
0,3660,268836$_$33,268836,0,0,0,0,-3,inner_valid
0,3661,268836$_$32,268836,0,0,0,0,-1.666666627,inner_valid
0,3664,270416$_$11,270416,0,0,0,0,-2,outer
0,3665,270416$_$10,270416,0,0,0,0,-1.666666627,outer
0,3666,270416$_$13,270416,0,0,0,0,-1.666666627,outer
0,3667,270416$_$12,270416,0,0,0,0,-2,outer
0,3668,270416$_$1,270416,0,0,0,0,-1,outer
0,3669,270416$_$0,270416,0,0,0,0,0,outer
0,3670,270416$_$3,270416,0,0,0,0,0,outer
0,3671,270416$_$2,270416,0,0,0,0,0,outer
0,3672,270416$_$5,270416,0,0,0,0,-0.3333333433,outer
0,3673,270416$_$4,270416,0,0,0,0,0,outer
0,3674,270416$_$7,270416,0,0,0,0,-0.3333333433,outer
0,3675,270416$_$6,270416,0,0,0,0,0,outer
0,3676,270416$_$9,270416,0,0,0,0,-1.666666627,outer
0,3677,270416$_$8,270416,0,0,0,0,-2.666666746,outer
0,3678,270444$_$1,270444,0,0,0,0,-1.333333373,inner_train
0,3679,270444$_$0,270444,0,0,0,0,0,inner_train
0,3680,270444$_$3,270444,0,0,0,0,0,inner_train
0,3681,270444$_$2,270444,0,0,0,0,-2.333333254,inner_train
0,3682,270444$_$5,270444,0,0,0,0,-1.666666627,inner_train
0,3683,270444$_$4,270444,0,0,0,0,-0.6666666865,inner_train
0,3684,270444$_$7,270444,0,0,0,0,-1,inner_train
0,3685,270444$_$6,270444,0,0,0,0,-0.3333333433,inner_train
0,3686,270444$_$8,270444,0,0,0,0,-2.333333254,inner_train
0,3687,270449$_$11,270449,0,0,1,0,-0.3333333433,inner_train
0,3688,270449$_$10,270449,0,0,1,0,-2,inner_train
0,3689,270449$_$1,270449,0,0,1,0,0.3333333433,inner_train
0,3690,270449$_$0,270449,0,0,1,0,-0.3333333433,inner_train
0,3691,270449$_$3,270449,0,0,1,0,0.6666666865,inner_train
0,3692,270449$_$2,270449,0,0,1,0,1,inner_train
0,3693,270449$_$5,270449,0,0,1,0,-0.6666666865,inner_train
0,3694,270449$_$4,270449,0,0,1,0,-1.666666627,inner_train
0,3695,270449$_$7,270449,0,0,1,0,-0.6666666865,inner_train
0,3696,270449$_$6,270449,0,0,1,0,-1,inner_train
0,3697,270449$_$9,270449,0,0,1,0,-0.6666666865,inner_train
0,3698,270449$_$8,270449,0,0,1,0,-1,inner_train
0,3699,270628$_$24,270628,0,1,0,0,-2,inner_train
0,3700,270628$_$25,270628,0,1,0,0,-1.666666627,inner_train
0,3701,270628$_$26,270628,0,1,0,0,0.6666666865,inner_train
0,3702,270628$_$27,270628,0,1,0,0,0,inner_train
0,3703,270628$_$20,270628,0,1,0,0,-1.333333373,inner_train
0,3704,270628$_$21,270628,0,1,0,0,0.3333333433,inner_train
0,3705,270628$_$22,270628,0,1,0,0,-0.6666666865,inner_train
0,3706,270628$_$23,270628,0,1,0,0,-2.333333254,inner_train
0,3707,270628$_$28,270628,0,1,0,0,-0.3333333433,inner_train
0,3708,270628$_$29,270628,0,1,0,0,0.3333333433,inner_train
0,3709,270628$_$1,270628,0,1,0,0,0,inner_train
0,3710,270628$_$0,270628,0,1,0,0,0,inner_train
0,3711,270628$_$3,270628,0,1,0,0,0,inner_train
0,3712,270628$_$2,270628,0,1,0,0,-1,inner_train
0,3713,270628$_$5,270628,0,1,0,0,-1,inner_train
0,3714,270628$_$4,270628,0,1,0,0,0,inner_train
0,3715,270628$_$7,270628,0,1,0,0,-0.3333333433,inner_train
0,3716,270628$_$6,270628,0,1,0,0,0,inner_train
0,3717,270628$_$9,270628,0,1,0,0,1,inner_train
0,3718,270628$_$8,270628,0,1,0,0,-0.6666666865,inner_train
0,3719,270628$_$11,270628,0,1,0,0,-1,inner_train
0,3720,270628$_$10,270628,0,1,0,0,0.6666666865,inner_train
0,3721,270628$_$13,270628,0,1,0,0,-1,inner_train
0,3722,270628$_$12,270628,0,1,0,0,-2,inner_train
0,3723,270628$_$15,270628,0,1,0,0,-1,inner_train
0,3724,270628$_$14,270628,0,1,0,0,-1.666666627,inner_train
0,3725,270628$_$17,270628,0,1,0,0,-2,inner_train
0,3726,270628$_$16,270628,0,1,0,0,-1,inner_train
0,3727,270628$_$19,270628,0,1,0,0,-1.666666627,inner_train
0,3728,270628$_$18,270628,0,1,0,0,0,inner_train
0,3729,270628$_$31,270628,0,1,0,0,-0.6666666865,inner_train
0,3730,270628$_$30,270628,0,1,0,0,0,inner_train
0,3731,270628$_$35,270628,0,1,0,0,-2.333333254,inner_train
0,3732,270628$_$34,270628,0,1,0,0,-2.333333254,inner_train
0,3733,270628$_$33,270628,0,1,0,0,-2.666666746,inner_train
0,3734,270628$_$32,270628,0,1,0,0,-2.666666746,inner_train
0,3911,272375$_$11,272375,0,0,0,0,-0.3333333433,outer
0,3912,272375$_$10,272375,0,0,0,0,-0.6666666865,outer
0,3913,272375$_$13,272375,0,0,0,0,-1.333333373,outer
0,3914,272375$_$12,272375,0,0,0,0,-0.3333333433,outer
0,3915,272375$_$15,272375,0,0,0,0,-1.666666627,outer
0,3916,272375$_$14,272375,0,0,0,0,0.3333333433,outer
0,3917,272375$_$17,272375,0,0,0,0,0,outer
0,3918,272375$_$16,272375,0,0,0,0,0,outer
0,3919,272375$_$19,272375,0,0,0,0,-0.6666666865,outer
0,3920,272375$_$18,272375,0,0,0,0,-1.333333373,outer
0,3921,272375$_$1,272375,0,0,0,0,-1,outer
0,3922,272375$_$0,272375,0,0,0,0,0,outer
0,3923,272375$_$3,272375,0,0,0,0,-1.666666627,outer
0,3924,272375$_$2,272375,0,0,0,0,0.6666666865,outer
0,3925,272375$_$5,272375,0,0,0,0,0,outer
0,3926,272375$_$4,272375,0,0,0,0,0.3333333433,outer
0,3927,272375$_$7,272375,0,0,0,0,0.3333333433,outer
0,3928,272375$_$6,272375,0,0,0,0,0.3333333433,outer
0,3929,272375$_$9,272375,0,0,0,0,0,outer
0,3930,272375$_$8,272375,0,0,0,0,0,outer
0,3931,273171$_$11,273171,0,0,1,0,0,inner_train
0,3932,273171$_$10,273171,0,0,1,0,-0.6666666865,inner_train
0,3933,273171$_$13,273171,0,0,1,0,-0.3333333433,inner_train
0,3934,273171$_$12,273171,0,0,1,0,0,inner_train
0,3935,273171$_$15,273171,0,0,1,0,0.3333333433,inner_train
0,3936,273171$_$14,273171,0,0,1,0,-0.6666666865,inner_train
0,3937,273171$_$16,273171,0,0,1,0,-1.333333373,inner_train
0,3938,273171$_$1,273171,0,0,1,0,0.3333333433,inner_train
0,3939,273171$_$0,273171,0,0,1,0,0,inner_train
0,3940,273171$_$3,273171,0,0,1,0,0,inner_train
0,3941,273171$_$2,273171,0,0,1,0,-0.6666666865,inner_train
0,3942,273171$_$5,273171,0,0,1,0,0,inner_train
0,3943,273171$_$4,273171,0,0,1,0,-1.333333373,inner_train
0,3944,273171$_$7,273171,0,0,1,0,0.3333333433,inner_train
0,3945,273171$_$6,273171,0,0,1,0,0.6666666865,inner_train
0,3946,273171$_$9,273171,0,0,1,0,-0.3333333433,inner_train
0,3947,273171$_$8,273171,0,0,1,0,-0.3333333433,inner_train
0,3948,273237$_$24,273237,0,0,0,0,-1.666666627,inner_train
0,3949,273237$_$25,273237,0,0,0,0,-2,inner_train
0,3950,273237$_$26,273237,0,0,0,0,-1.666666627,inner_train
0,3951,273237$_$20,273237,0,0,0,0,-2.333333254,inner_train
0,3952,273237$_$21,273237,0,0,0,0,-2.333333254,inner_train
0,3953,273237$_$22,273237,0,0,0,0,-2.333333254,inner_train
0,3954,273237$_$23,273237,0,0,0,0,-2.666666746,inner_train
0,3955,273237$_$1,273237,0,0,0,0,-2.666666746,inner_train
0,3956,273237$_$0,273237,0,0,0,0,0,inner_train
0,3957,273237$_$3,273237,0,0,0,0,-2,inner_train
0,3958,273237$_$2,273237,0,0,0,0,-2.666666746,inner_train
0,3959,273237$_$5,273237,0,0,0,0,-0.6666666865,inner_train
0,3960,273237$_$4,273237,0,0,0,0,-2.333333254,inner_train
0,3961,273237$_$7,273237,0,0,0,0,-1.666666627,inner_train
0,3962,273237$_$6,273237,0,0,0,0,-2.333333254,inner_train
0,3963,273237$_$9,273237,0,0,0,0,-2.666666746,inner_train
0,3964,273237$_$8,273237,0,0,0,0,-2.666666746,inner_train
0,3965,273237$_$11,273237,0,0,0,0,0,inner_train
0,3966,273237$_$10,273237,0,0,0,0,-3,inner_train
0,3967,273237$_$13,273237,0,0,0,0,-2,inner_train
0,3968,273237$_$12,273237,0,0,0,0,-3,inner_train
0,3969,273237$_$15,273237,0,0,0,0,-0.6666666865,inner_train
0,3970,273237$_$14,273237,0,0,0,0,-2.333333254,inner_train
0,3971,273237$_$17,273237,0,0,0,0,-2.666666746,inner_train
0,3972,273237$_$16,273237,0,0,0,0,-3,inner_train
0,3973,273237$_$19,273237,0,0,0,0,-2.333333254,inner_train
0,3974,273237$_$18,273237,0,0,0,0,-2.333333254,inner_train
0,3975,273314$_$1,273314,0,0,0,0,0.3333333433,inner_train
0,3976,273314$_$0,273314,0,0,0,0,0,inner_train
0,3977,273314$_$3,273314,0,0,0,0,-1.666666627,inner_train
0,3978,273314$_$2,273314,0,0,0,0,-0.6666666865,inner_train
0,3979,273314$_$5,273314,0,0,0,0,-1.666666627,inner_train
0,3980,273314$_$4,273314,0,0,0,0,-0.3333333433,inner_train
0,3981,273314$_$7,273314,0,0,0,0,-0.3333333433,inner_train
0,3982,273314$_$6,273314,0,0,0,0,-1.666666627,inner_train
0,3983,273314$_$8,273314,0,0,0,0,-0.3333333433,inner_train
0,4006,274219$_$11,274219,0,0,0,0,-1,inner_train
0,4007,274219$_$10,274219,0,0,0,0,-1.333333373,inner_train
0,4008,274219$_$1,274219,0,0,0,0,0,inner_train
0,4009,274219$_$0,274219,0,0,0,0,0,inner_train
0,4010,274219$_$3,274219,0,0,0,0,0.3333333433,inner_train
0,4011,274219$_$2,274219,0,0,0,0,0,inner_train
0,4012,274219$_$5,274219,0,0,0,0,-1.666666627,inner_train
0,4013,274219$_$4,274219,0,0,0,0,-2,inner_train
0,4014,274219$_$7,274219,0,0,0,0,-2,inner_train
0,4015,274219$_$6,274219,0,0,0,0,-1,inner_train
0,4016,274219$_$9,274219,0,0,0,0,-2,inner_train
0,4017,274219$_$8,274219,0,0,0,0,-1,inner_train
0,4044,276217$_$24,276217,0,0,0,0,0,inner_train
0,4045,276217$_$25,276217,0,0,0,0,0,inner_train
0,4046,276217$_$26,276217,0,0,0,0,1.333333373,inner_train
0,4047,276217$_$27,276217,0,0,0,0,1.666666627,inner_train
0,4048,276217$_$20,276217,0,0,0,0,1.333333373,inner_train
0,4049,276217$_$21,276217,0,0,0,0,0,inner_train
0,4050,276217$_$22,276217,0,0,0,0,0,inner_train
0,4051,276217$_$23,276217,0,0,0,0,0,inner_train
0,4052,276217$_$28,276217,0,0,0,0,-2,inner_train
0,4053,276217$_$29,276217,0,0,0,0,-1.666666627,inner_train
0,4054,276217$_$40,276217,0,0,0,0,0,inner_train
0,4055,276217$_$41,276217,0,0,0,0,-1,inner_train
0,4056,276217$_$1,276217,0,0,0,0,-0.3333333433,inner_train
0,4057,276217$_$0,276217,0,0,0,0,-0.6666666865,inner_train
0,4058,276217$_$3,276217,0,0,0,0,0,inner_train
0,4059,276217$_$2,276217,0,0,0,0,-0.3333333433,inner_train
0,4060,276217$_$5,276217,0,0,0,0,-1,inner_train
0,4061,276217$_$4,276217,0,0,0,0,0,inner_train
0,4062,276217$_$7,276217,0,0,0,0,0,inner_train
0,4063,276217$_$6,276217,0,0,0,0,0,inner_train
0,4064,276217$_$9,276217,0,0,0,0,0,inner_train
0,4065,276217$_$8,276217,0,0,0,0,0.3333333433,inner_train
0,4066,276217$_$13,276217,0,0,0,0,0,inner_train
0,4067,276217$_$38,276217,0,0,0,0,-0.3333333433,inner_train
0,4068,276217$_$11,276217,0,0,0,0,0,inner_train
0,4069,276217$_$10,276217,0,0,0,0,-0.3333333433,inner_train
0,4070,276217$_$39,276217,0,0,0,0,1,inner_train
0,4071,276217$_$12,276217,0,0,0,0,0,inner_train
0,4072,276217$_$15,276217,0,0,0,0,0.3333333433,inner_train
0,4073,276217$_$14,276217,0,0,0,0,-0.3333333433,inner_train
0,4074,276217$_$17,276217,0,0,0,0,-1,inner_train
0,4075,276217$_$16,276217,0,0,0,0,-0.3333333433,inner_train
0,4076,276217$_$33,276217,0,0,0,0,-0.6666666865,inner_train
0,4077,276217$_$32,276217,0,0,0,0,-1.666666627,inner_train
0,4078,276217$_$31,276217,0,0,0,0,0.6666666865,inner_train
0,4079,276217$_$30,276217,0,0,0,0,-0.3333333433,inner_train
0,4080,276217$_$37,276217,0,0,0,0,-0.3333333433,inner_train
0,4081,276217$_$36,276217,0,0,0,0,-0.6666666865,inner_train
0,4082,276217$_$35,276217,0,0,0,0,0,inner_train
0,4083,276217$_$34,276217,0,0,0,0,-0.6666666865,inner_train
0,4084,276217$_$19,276217,0,0,0,0,0.6666666865,inner_train
0,4085,276217$_$18,276217,0,0,0,0,0,inner_train
0,4086,27798$_$11,27798,0,0,0,0,-2.333333254,inner_train
0,4087,27798$_$10,27798,0,0,0,0,-1.666666627,inner_train
0,4088,27798$_$13,27798,0,0,0,0,-2.333333254,inner_train
0,4089,27798$_$12,27798,0,0,0,0,-1.333333373,inner_train
0,4090,27798$_$15,27798,0,0,0,0,-2,inner_train
0,4091,27798$_$14,27798,0,0,0,0,-1.333333373,inner_train
0,4092,27798$_$1,27798,0,0,0,0,0,inner_train
0,4093,27798$_$0,27798,0,0,0,0,0,inner_train
0,4094,27798$_$3,27798,0,0,0,0,0,inner_train
0,4095,27798$_$2,27798,0,0,0,0,0,inner_train
0,4096,27798$_$5,27798,0,0,0,0,-1.333333373,inner_train
0,4097,27798$_$4,27798,0,0,0,0,1,inner_train
0,4098,27798$_$7,27798,0,0,0,0,0,inner_train
0,4099,27798$_$6,27798,0,0,0,0,0,inner_train
0,4100,27798$_$9,27798,0,0,0,0,0,inner_train
0,4109,278474$_$1,278474,0,1,0,0,0.6666666865,inner_train
0,4110,278474$_$0,278474,0,1,0,0,0.3333333433,inner_train
0,4111,278474$_$3,278474,0,1,0,0,-2.333333254,inner_train
0,4112,278474$_$2,278474,0,1,0,0,-1.333333373,inner_train
0,4113,278474$_$5,278474,0,1,0,0,-2,inner_train
0,4114,278474$_$4,278474,0,1,0,0,-3,inner_train
0,4115,278474$_$7,278474,0,1,0,0,-1,inner_train
0,4116,278474$_$6,278474,0,1,0,0,-2.333333254,inner_train
0,4117,278474$_$9,278474,0,1,0,0,-2.333333254,inner_train
0,4118,278474$_$8,278474,0,1,0,0,-1.666666627,inner_train
0,4174,283495$_$1,283495,0,1,0,0,0,inner_train
0,4175,283495$_$0,283495,0,1,0,0,0.3333333433,inner_train
0,4176,283495$_$3,283495,0,1,0,0,-1.666666627,inner_train
0,4177,283495$_$2,283495,0,1,0,0,-1,inner_train
0,4178,283495$_$5,283495,0,1,0,0,-1.333333373,inner_train
0,4179,283495$_$4,283495,0,1,0,0,-1,inner_train
0,4180,283495$_$7,283495,0,1,0,0,-1.333333373,inner_train
0,4181,283495$_$6,283495,0,1,0,0,-1.333333373,inner_train
0,4201,288714$_$11,288714,0,1,0,0,-1.333333373,inner_train
0,4202,288714$_$10,288714,0,1,0,0,-1,inner_train
0,4203,288714$_$13,288714,0,1,0,0,-3,inner_train
0,4204,288714$_$12,288714,0,1,0,0,-2.666666746,inner_train
0,4205,288714$_$15,288714,0,1,0,0,-1.666666627,inner_train
0,4206,288714$_$14,288714,0,1,0,0,-2,inner_train
0,4207,288714$_$17,288714,0,1,0,0,-2.333333254,inner_train
0,4208,288714$_$16,288714,0,1,0,0,-1.666666627,inner_train
0,4209,288714$_$19,288714,0,1,0,0,-2.333333254,inner_train
0,4210,288714$_$18,288714,0,1,0,0,-1.666666627,inner_train
0,4211,288714$_$1,288714,0,1,0,0,0,inner_train
0,4212,288714$_$0,288714,0,1,0,0,0,inner_train
0,4213,288714$_$3,288714,0,1,0,0,0,inner_train
0,4214,288714$_$2,288714,0,1,0,0,0,inner_train
0,4215,288714$_$5,288714,0,1,0,0,-1.666666627,inner_train
0,4216,288714$_$4,288714,0,1,0,0,-1.666666627,inner_train
0,4217,288714$_$7,288714,0,1,0,0,-2,inner_train
0,4218,288714$_$6,288714,0,1,0,0,-2.666666746,inner_train
0,4219,288714$_$9,288714,0,1,0,0,-2,inner_train
0,4220,288714$_$8,288714,0,1,0,0,-1.333333373,inner_train
0,4274,291121$_$11,291121,0,1,0,0,-2.666666746,inner_valid
0,4275,291121$_$10,291121,0,1,0,0,-1,inner_valid
0,4276,291121$_$12,291121,0,1,0,0,-3,inner_valid
0,4277,291121$_$1,291121,0,1,0,0,0.3333333433,inner_valid
0,4278,291121$_$0,291121,0,1,0,0,0,inner_valid
0,4279,291121$_$3,291121,0,1,0,0,0,inner_valid
0,4280,291121$_$2,291121,0,1,0,0,0,inner_valid
0,4281,291121$_$5,291121,0,1,0,0,-3,inner_valid
0,4282,291121$_$4,291121,0,1,0,0,1.333333373,inner_valid
0,4283,291121$_$7,291121,0,1,0,0,-0.3333333433,inner_valid
0,4284,291121$_$6,291121,0,1,0,0,-1,inner_valid
0,4285,291121$_$9,291121,0,1,0,0,0,inner_valid
0,4286,291121$_$8,291121,0,1,0,0,-1.333333373,inner_valid
0,4298,294178$_$11,294178,0,0,0,0,-0.6666666865,inner_valid
0,4299,294178$_$10,294178,0,0,0,0,-1,inner_valid
0,4300,294178$_$13,294178,0,0,0,0,-2.666666746,inner_valid
0,4301,294178$_$12,294178,0,0,0,0,-2,inner_valid
0,4302,294178$_$15,294178,0,0,0,0,-0.6666666865,inner_valid
0,4303,294178$_$14,294178,0,0,0,0,0.3333333433,inner_valid
0,4304,294178$_$17,294178,0,0,0,0,-1.333333373,inner_valid
0,4305,294178$_$16,294178,0,0,0,0,-1,inner_valid
0,4306,294178$_$19,294178,0,0,0,0,-0.3333333433,inner_valid
0,4307,294178$_$18,294178,0,0,0,0,0.3333333433,inner_valid
0,4308,294178$_$1,294178,0,0,0,0,0.3333333433,inner_valid
0,4309,294178$_$0,294178,0,0,0,0,0,inner_valid
0,4310,294178$_$3,294178,0,0,0,0,-0.3333333433,inner_valid
0,4311,294178$_$2,294178,0,0,0,0,-1,inner_valid
0,4312,294178$_$5,294178,0,0,0,0,-0.3333333433,inner_valid
0,4313,294178$_$4,294178,0,0,0,0,0,inner_valid
0,4314,294178$_$7,294178,0,0,0,0,-1.333333373,inner_valid
0,4315,294178$_$6,294178,0,0,0,0,0,inner_valid
0,4316,294178$_$9,294178,0,0,0,0,0,inner_valid
0,4317,294178$_$8,294178,0,0,0,0,-1.666666627,inner_valid
0,4336,298736$_$24,298736,0,0,0,1,-1.333333373,inner_train
0,4337,298736$_$25,298736,0,0,0,1,-0.6666666865,inner_train
0,4338,298736$_$26,298736,0,0,0,1,1,inner_train
0,4339,298736$_$27,298736,0,0,0,1,0,inner_train
0,4340,298736$_$20,298736,0,0,0,1,-0.6666666865,inner_train
0,4341,298736$_$21,298736,0,0,0,1,2,inner_train
0,4342,298736$_$22,298736,0,0,0,1,1.333333373,inner_train
0,4343,298736$_$23,298736,0,0,0,1,1.333333373,inner_train
0,4344,298736$_$28,298736,0,0,0,1,-0.3333333433,inner_train
0,4345,298736$_$29,298736,0,0,0,1,0,inner_train
0,4346,298736$_$1,298736,0,0,0,1,-0.3333333433,inner_train
0,4347,298736$_$0,298736,0,0,0,1,0.3333333433,inner_train
0,4348,298736$_$3,298736,0,0,0,1,0,inner_train
0,4349,298736$_$2,298736,0,0,0,1,-0.6666666865,inner_train
0,4350,298736$_$5,298736,0,0,0,1,-0.3333333433,inner_train
0,4351,298736$_$4,298736,0,0,0,1,0.6666666865,inner_train
0,4352,298736$_$7,298736,0,0,0,1,0,inner_train
0,4353,298736$_$6,298736,0,0,0,1,0.3333333433,inner_train
0,4354,298736$_$9,298736,0,0,0,1,0.6666666865,inner_train
0,4355,298736$_$8,298736,0,0,0,1,-0.6666666865,inner_train
0,4356,298736$_$11,298736,0,0,0,1,-0.6666666865,inner_train
0,4357,298736$_$10,298736,0,0,0,1,-1,inner_train
0,4358,298736$_$13,298736,0,0,0,1,-0.3333333433,inner_train
0,4359,298736$_$12,298736,0,0,0,1,0,inner_train
0,4360,298736$_$15,298736,0,0,0,1,-0.3333333433,inner_train
0,4361,298736$_$14,298736,0,0,0,1,0.3333333433,inner_train
0,4362,298736$_$17,298736,0,0,0,1,0.3333333433,inner_train
0,4363,298736$_$16,298736,0,0,0,1,-0.3333333433,inner_train
0,4364,298736$_$19,298736,0,0,0,1,0,inner_train
0,4365,298736$_$32,298736,0,0,0,1,-1.333333373,inner_train
0,4366,298736$_$31,298736,0,0,0,1,-0.3333333433,inner_train
0,4367,298736$_$30,298736,0,0,0,1,-2,inner_train
0,4368,298736$_$33,298736,0,0,0,1,1.666666627,inner_train
0,4369,298736$_$18,298736,0,0,0,1,-1.333333373,inner_train
0,4370,298774$_$11,298774,0,0,0,0,2.666666746,inner_train
0,4371,298774$_$10,298774,0,0,0,0,0,inner_train
0,4372,298774$_$13,298774,0,0,0,0,1.666666627,inner_train
0,4373,298774$_$12,298774,0,0,0,0,2.333333254,inner_train
0,4374,298774$_$15,298774,0,0,0,0,0.6666666865,inner_train
0,4375,298774$_$14,298774,0,0,0,0,2.333333254,inner_train
0,4376,298774$_$17,298774,0,0,0,0,-0.3333333433,inner_train
0,4377,298774$_$16,298774,0,0,0,0,1.333333373,inner_train
0,4378,298774$_$18,298774,0,0,0,0,2,inner_train
0,4379,298774$_$1,298774,0,0,0,0,2.666666746,inner_train
0,4380,298774$_$0,298774,0,0,0,0,0,inner_train
0,4381,298774$_$3,298774,0,0,0,0,0,inner_train
0,4382,298774$_$2,298774,0,0,0,0,2.333333254,inner_train
0,4383,298774$_$5,298774,0,0,0,0,2,inner_train
0,4384,298774$_$4,298774,0,0,0,0,2,inner_train
0,4385,298774$_$7,298774,0,0,0,0,2,inner_train
0,4386,298774$_$6,298774,0,0,0,0,0,inner_train
0,4387,298774$_$9,298774,0,0,0,0,0.3333333433,inner_train
0,4388,298774$_$8,298774,0,0,0,0,1.666666627,inner_train
0,4389,2Crezdbre6I$_$10,2Crezdbre6I,0,1,0,1,0.3333333433,inner_train
0,4390,2Crezdbre6I$_$6,2Crezdbre6I,0,1,0,1,0.3333333433,inner_train
0,4391,2HP4KedfmSc$_$10,2HP4KedfmSc,0,1,0,0,1,outer
0,4392,2HP4KedfmSc$_$1,2HP4KedfmSc,0,1,0,0,1.333333373,outer
0,4393,2HP4KedfmSc$_$0,2HP4KedfmSc,0,1,0,0,0.6666666865,outer
0,4394,2HP4KedfmSc$_$3,2HP4KedfmSc,0,1,0,0,0,outer
0,4395,2HP4KedfmSc$_$2,2HP4KedfmSc,0,1,0,0,1.333333373,outer
0,4396,2HP4KedfmSc$_$5,2HP4KedfmSc,0,1,0,0,1.666666627,outer
0,4397,2HP4KedfmSc$_$4,2HP4KedfmSc,0,1,0,0,-0.1666666716,outer
0,4398,2HP4KedfmSc$_$7,2HP4KedfmSc,0,1,0,0,1.333333373,outer
0,4399,2HP4KedfmSc$_$9,2HP4KedfmSc,0,1,0,0,1.166666627,outer
0,4400,2HP4KedfmSc$_$8,2HP4KedfmSc,0,1,0,0,1.5,outer
0,4412,2JY5HXBWO84$_$11,2JY5HXBWO84,0,0,0,0,1,inner_train
0,4413,2JY5HXBWO84$_$20,2JY5HXBWO84,0,0,0,0,0.6666666865,inner_train
0,4414,2JY5HXBWO84$_$14,2JY5HXBWO84,0,0,0,0,-1.666666627,inner_train
0,4415,2JY5HXBWO84$_$22,2JY5HXBWO84,0,0,0,0,0.6666666865,inner_train
0,4416,2JY5HXBWO84$_$23,2JY5HXBWO84,0,0,0,0,-1,inner_train
0,4417,2JY5HXBWO84$_$28,2JY5HXBWO84,0,0,0,0,0.3333333433,inner_train
0,4418,2JY5HXBWO84$_$29,2JY5HXBWO84,0,0,0,0,0,inner_train
0,4419,2JY5HXBWO84$_$8,2JY5HXBWO84,0,0,0,0,0,inner_train
0,4420,2LpVvLemgvw$_$10,2LpVvLemgvw,0,1,1,0,1.333333373,inner_valid
0,4421,2LpVvLemgvw$_$0,2LpVvLemgvw,0,1,1,0,2,inner_valid
0,4422,2LpVvLemgvw$_$3,2LpVvLemgvw,0,1,1,0,0,inner_valid
0,4423,2LpVvLemgvw$_$2,2LpVvLemgvw,0,1,1,0,1.666666627,inner_valid
0,4424,2LpVvLemgvw$_$5,2LpVvLemgvw,0,1,1,0,1.333333373,inner_valid
0,4425,2LpVvLemgvw$_$4,2LpVvLemgvw,0,1,1,0,2.333333254,inner_valid
0,4426,2LpVvLemgvw$_$7,2LpVvLemgvw,0,1,1,0,2,inner_valid
0,4427,2LpVvLemgvw$_$6,2LpVvLemgvw,0,1,1,0,1.333333373,inner_valid
0,4428,2LpVvLemgvw$_$9,2LpVvLemgvw,0,1,1,0,0.6666666865,inner_valid
0,4429,2LpVvLemgvw$_$8,2LpVvLemgvw,0,1,1,0,1.333333373,inner_valid
0,4433,2PgJok07td4$_$3,2PgJok07td4,0,1,0,0,0.6666666865,outer
0,4436,2RC_DXV_dPQ$_$9,2RC_DXV_dPQ,0,1,1,0,0,inner_train
0,4437,2RC_DXV_dPQ$_$8,2RC_DXV_dPQ,0,1,1,0,0.6666666865,inner_train
0,4438,2RC_DXV_dPQ$_$10,2RC_DXV_dPQ,0,1,1,0,0,inner_train
0,4439,2RDubrUjI-k$_$8,2RDubrUjI-k,0,1,0,0,2,inner_train
0,4440,2RDubrUjI-k$_$4,2RDubrUjI-k,0,1,0,0,2.333333254,inner_train
0,4441,2RDubrUjI-k$_$7,2RDubrUjI-k,0,1,0,0,2.333333254,inner_train
0,4442,2RDubrUjI-k$_$6,2RDubrUjI-k,0,1,0,0,1,inner_train
0,4443,2Vtv2gPzM7w$_$9,2Vtv2gPzM7w,0,0,0,0,1.666666627,inner_train
0,4444,2Vtv2gPzM7w$_$7,2Vtv2gPzM7w,0,0,0,0,0.3333333433,inner_train
0,4445,2Wo-0trLBjU$_$20,2Wo-0trLBjU,0,0,0,1,0.3333333433,inner_train
0,4446,2Wo-0trLBjU$_$17,2Wo-0trLBjU,0,0,0,1,0,inner_train
0,4447,2Wo-0trLBjU$_$16,2Wo-0trLBjU,0,0,0,1,0.3333333433,inner_train
0,4448,2Wo-0trLBjU$_$18,2Wo-0trLBjU,0,0,0,1,0,inner_train
0,4449,2Wo-0trLBjU$_$1,2Wo-0trLBjU,0,0,0,1,0,inner_train
0,4450,2Wo-0trLBjU$_$3,2Wo-0trLBjU,0,0,0,1,0,inner_train
0,4451,2YwgSmmLibs$_$9,2YwgSmmLibs,0,1,0,1,2,inner_train
0,4452,2YwgSmmLibs$_$10,2YwgSmmLibs,0,1,0,1,0.3333333433,inner_train
0,4453,2YwgSmmLibs$_$2,2YwgSmmLibs,0,1,0,1,-1,inner_train
0,4454,2YwgSmmLibs$_$4,2YwgSmmLibs,0,1,0,1,0,inner_train
0,4455,2YwgSmmLibs$_$6,2YwgSmmLibs,0,1,0,1,-1,inner_train
0,4456,2Zx4huY-KN8$_$3,2Zx4huY-KN8,0,1,0,0,-1,inner_train
0,4457,2Zx4huY-KN8$_$4,2Zx4huY-KN8,0,1,0,0,0.3333333433,inner_train
0,4458,2ahFSMFvs_c$_$11,2ahFSMFvs_c,0,1,0,1,-0.3333333433,inner_train
0,4459,2ahFSMFvs_c$_$12,2ahFSMFvs_c,0,1,0,1,-0.3333333433,inner_train
0,4460,2ahFSMFvs_c$_$21,2ahFSMFvs_c,0,1,0,1,-0.6666666865,inner_train
0,4461,2ahFSMFvs_c$_$16,2ahFSMFvs_c,0,1,0,1,-0.6666666865,inner_train
0,4462,2ahFSMFvs_c$_$18,2ahFSMFvs_c,0,1,0,1,-0.6666666865,inner_train
0,4463,2ahFSMFvs_c$_$0,2ahFSMFvs_c,0,1,0,1,-1.333333373,inner_train
0,4464,2ahFSMFvs_c$_$3,2ahFSMFvs_c,0,1,0,1,-0.6666666865,inner_train
0,4465,2ahFSMFvs_c$_$5,2ahFSMFvs_c,0,1,0,1,-0.3333333433,inner_train
0,4466,2ahFSMFvs_c$_$8,2ahFSMFvs_c,0,1,0,1,-0.6666666865,inner_train
0,4474,2cwNG0YuwtQ$_$11,2cwNG0YuwtQ,0,1,0,0,0.6666666865,inner_train
0,4475,2cwNG0YuwtQ$_$12,2cwNG0YuwtQ,0,1,0,0,0.3333333433,inner_train
0,4476,2cwNG0YuwtQ$_$20,2cwNG0YuwtQ,0,1,0,0,0,inner_train
0,4477,2cwNG0YuwtQ$_$14,2cwNG0YuwtQ,0,1,0,0,0,inner_train
0,4478,2cwNG0YuwtQ$_$22,2cwNG0YuwtQ,0,1,0,0,1.666666627,inner_train
0,4479,2cwNG0YuwtQ$_$23,2cwNG0YuwtQ,0,1,0,0,0.6666666865,inner_train
0,4480,2cwNG0YuwtQ$_$19,2cwNG0YuwtQ,0,1,0,0,0.6666666865,inner_train
0,4481,2cwNG0YuwtQ$_$18,2cwNG0YuwtQ,0,1,0,0,-0.6666666865,inner_train
0,4482,2cwNG0YuwtQ$_$1,2cwNG0YuwtQ,0,1,0,0,0,inner_train
0,4483,2cwNG0YuwtQ$_$9,2cwNG0YuwtQ,0,1,0,0,0.6666666865,inner_train
0,4484,2cwNG0YuwtQ$_$15,2cwNG0YuwtQ,0,1,0,0,0,inner_train
0,4538,2w7rpDe-HoA$_$1,2w7rpDe-HoA,0,1,0,1,-0.3333333433,inner_train
0,4539,2w7rpDe-HoA$_$3,2w7rpDe-HoA,0,1,0,1,-2,inner_train
0,4540,2w7rpDe-HoA$_$2,2w7rpDe-HoA,0,1,0,1,0.3333333433,inner_train
0,4541,2w7rpDe-HoA$_$5,2w7rpDe-HoA,0,1,0,1,-0.6666666865,inner_train
0,4542,2w7rpDe-HoA$_$7,2w7rpDe-HoA,0,1,0,1,1.333333373,inner_train
0,4543,30162$_$11,30162,0,0,0,0,0.3333333433,outer
0,4544,30162$_$10,30162,0,0,0,0,0,outer
0,4545,30162$_$1,30162,0,0,0,0,0,outer
0,4546,30162$_$0,30162,0,0,0,0,0.3333333433,outer
0,4547,30162$_$3,30162,0,0,0,0,1.333333373,outer
0,4548,30162$_$2,30162,0,0,0,0,1.666666627,outer
0,4549,30162$_$5,30162,0,0,0,0,0,outer
0,4550,30162$_$4,30162,0,0,0,0,2.333333254,outer
0,4551,30162$_$7,30162,0,0,0,0,-2,outer
0,4552,30162$_$6,30162,0,0,0,0,-1.333333373,outer
0,4553,30162$_$9,30162,0,0,0,0,-1.666666627,outer
0,4554,30162$_$8,30162,0,0,0,0,0.6666666865,outer
0,4555,30763$_$11,30763,0,1,0,0,0,inner_train
0,4556,30763$_$10,30763,0,1,0,0,0,inner_train
0,4557,30763$_$13,30763,0,1,0,0,2,inner_train
0,4558,30763$_$12,30763,0,1,0,0,2.666666746,inner_train
0,4559,30763$_$15,30763,0,1,0,0,0,inner_train
0,4560,30763$_$14,30763,0,1,0,0,2,inner_train
0,4561,30763$_$16,30763,0,1,0,0,1.333333373,inner_train
0,4562,30763$_$1,30763,0,1,0,0,0,inner_train
0,4563,30763$_$0,30763,0,1,0,0,0,inner_train
0,4564,30763$_$3,30763,0,1,0,0,2.333333254,inner_train
0,4565,30763$_$2,30763,0,1,0,0,0,inner_train
0,4566,30763$_$5,30763,0,1,0,0,1.666666627,inner_train
0,4567,30763$_$4,30763,0,1,0,0,3,inner_train
0,4568,30763$_$7,30763,0,1,0,0,1.666666627,inner_train
0,4569,30763$_$6,30763,0,1,0,0,2,inner_train
0,4570,30763$_$9,30763,0,1,0,0,0,inner_train
0,4571,30763$_$8,30763,0,1,0,0,0,inner_train
0,4572,31197$_$1,31197,0,1,0,0,0.3333333433,inner_valid
0,4573,31197$_$0,31197,0,1,0,0,0,inner_valid
0,4574,31197$_$3,31197,0,1,0,0,-0.6666666865,inner_valid
0,4575,31197$_$2,31197,0,1,0,0,-1,inner_valid
0,4576,31197$_$4,31197,0,1,0,0,-0.6666666865,inner_valid
0,4577,31tcuDMQ_H8$_$11,31tcuDMQ_H8,0,1,0,0,0.6666666865,inner_train
0,4578,31tcuDMQ_H8$_$13,31tcuDMQ_H8,0,1,0,0,0.6666666865,inner_train
0,4579,31tcuDMQ_H8$_$15,31tcuDMQ_H8,0,1,0,0,-1.333333373,inner_train
0,4580,31tcuDMQ_H8$_$16,31tcuDMQ_H8,0,1,0,0,0.6666666865,inner_train
0,4581,31tcuDMQ_H8$_$1,31tcuDMQ_H8,0,1,0,0,1.666666627,inner_train
0,4582,31tcuDMQ_H8$_$5,31tcuDMQ_H8,0,1,0,0,0.3333333433,inner_train
0,4583,31tcuDMQ_H8$_$4,31tcuDMQ_H8,0,1,0,0,0.6666666865,inner_train
0,4584,31tcuDMQ_H8$_$7,31tcuDMQ_H8,0,1,0,0,0,inner_train
0,4585,31tcuDMQ_H8$_$9,31tcuDMQ_H8,0,1,0,0,-0.3333333433,inner_train
0,4586,327283$_$11,327283,0,0,0,0,1.333333373,inner_train
0,4587,327283$_$10,327283,0,0,0,0,0.6666666865,inner_train
0,4588,327283$_$13,327283,0,0,0,0,0,inner_train
0,4589,327283$_$12,327283,0,0,0,0,1.333333373,inner_train
0,4590,327283$_$15,327283,0,0,0,0,2.666666746,inner_train
0,4591,327283$_$14,327283,0,0,0,0,0.6666666865,inner_train
0,4592,327283$_$17,327283,0,0,0,0,3,inner_train
0,4593,327283$_$16,327283,0,0,0,0,1.666666627,inner_train
0,4594,327283$_$1,327283,0,0,0,0,-0.3333333433,inner_train
0,4595,327283$_$0,327283,0,0,0,0,0,inner_train
0,4596,327283$_$3,327283,0,0,0,0,0,inner_train
0,4597,327283$_$2,327283,0,0,0,0,0.3333333433,inner_train
0,4598,327283$_$5,327283,0,0,0,0,2.666666746,inner_train
0,4599,327283$_$4,327283,0,0,0,0,0,inner_train
0,4600,327283$_$7,327283,0,0,0,0,2.666666746,inner_train
0,4601,327283$_$6,327283,0,0,0,0,2.666666746,inner_train
0,4602,327283$_$9,327283,0,0,0,0,1,inner_train
0,4603,327283$_$8,327283,0,0,0,0,2,inner_train
0,4607,33312$_$11,33312,0,0,1,0,-2.333333254,inner_train
0,4608,33312$_$10,33312,0,0,1,0,0,inner_train
0,4609,33312$_$13,33312,0,0,1,0,-0.3333333433,inner_train
0,4610,33312$_$12,33312,0,0,1,0,-2.333333254,inner_train
0,4611,33312$_$14,33312,0,0,1,0,-2,inner_train
0,4612,33312$_$1,33312,0,0,1,0,-1,inner_train
0,4613,33312$_$0,33312,0,0,1,0,0.3333333433,inner_train
0,4614,33312$_$3,33312,0,0,1,0,-1.666666627,inner_train
0,4615,33312$_$2,33312,0,0,1,0,0,inner_train
0,4616,33312$_$5,33312,0,0,1,0,0,inner_train
0,4617,33312$_$4,33312,0,0,1,0,0,inner_train
0,4618,33312$_$7,33312,0,0,1,0,-1,inner_train
0,4619,33312$_$6,33312,0,0,1,0,0.3333333433,inner_train
0,4620,33312$_$9,33312,0,0,1,0,-1.666666627,inner_train
0,4621,33312$_$8,33312,0,0,1,0,-2.333333254,inner_train
0,4622,33439$_$11,33439,0,1,0,0,-1,inner_train
0,4623,33439$_$10,33439,0,1,0,0,1.333333373,inner_train
0,4624,33439$_$1,33439,0,1,0,0,-0.3333333433,inner_train
0,4625,33439$_$0,33439,0,1,0,0,0,inner_train
0,4626,33439$_$3,33439,0,1,0,0,1.333333373,inner_train
0,4627,33439$_$2,33439,0,1,0,0,-1,inner_train
0,4628,33439$_$5,33439,0,1,0,0,0,inner_train
0,4629,33439$_$4,33439,0,1,0,0,0.3333333433,inner_train
0,4630,33439$_$7,33439,0,1,0,0,0.3333333433,inner_train
0,4631,33439$_$6,33439,0,1,0,0,0.6666666865,inner_train
0,4632,33439$_$9,33439,0,1,0,0,0,inner_train
0,4633,33439$_$8,33439,0,1,0,0,0,inner_train
0,4634,33ueXDUn3mA$_$11,33ueXDUn3mA,0,0,0,1,0.3333333433,inner_train
0,4635,33ueXDUn3mA$_$13,33ueXDUn3mA,0,0,0,1,-1,inner_train
0,4636,33ueXDUn3mA$_$1,33ueXDUn3mA,0,0,0,1,1.666666627,inner_train
0,4637,33ueXDUn3mA$_$2,33ueXDUn3mA,0,0,0,1,0.3333333433,inner_train
0,4638,33ueXDUn3mA$_$5,33ueXDUn3mA,0,0,0,1,1,inner_train
0,4639,33ueXDUn3mA$_$7,33ueXDUn3mA,0,0,0,1,0,inner_train
0,4640,33ueXDUn3mA$_$9,33ueXDUn3mA,0,0,0,1,0,inner_train
0,4650,34346$_$11,34346,0,1,0,0,2,inner_train
0,4651,34346$_$10,34346,0,1,0,0,1.333333373,inner_train
0,4652,34346$_$13,34346,0,1,0,0,-1,inner_train
0,4653,34346$_$12,34346,0,1,0,0,1,inner_train
0,4654,34346$_$15,34346,0,1,0,0,-2,inner_train
0,4655,34346$_$14,34346,0,1,0,0,0,inner_train
0,4656,34346$_$17,34346,0,1,0,0,0,inner_train
0,4657,34346$_$16,34346,0,1,0,0,1.666666627,inner_train
0,4658,34346$_$19,34346,0,1,0,0,0,inner_train
0,4659,34346$_$18,34346,0,1,0,0,0,inner_train
0,4660,34346$_$1,34346,0,1,0,0,2.333333254,inner_train
0,4661,34346$_$0,34346,0,1,0,0,0,inner_train
0,4662,34346$_$3,34346,0,1,0,0,0.3333333433,inner_train
0,4663,34346$_$2,34346,0,1,0,0,0,inner_train
0,4664,34346$_$5,34346,0,1,0,0,-0.3333333433,inner_train
0,4665,34346$_$4,34346,0,1,0,0,0,inner_train
0,4666,34346$_$7,34346,0,1,0,0,0,inner_train
0,4667,34346$_$6,34346,0,1,0,0,0,inner_train
0,4668,34346$_$9,34346,0,1,0,0,0.6666666865,inner_train
0,4669,34346$_$20,34346,0,1,0,0,-2.333333254,inner_train
0,4670,34346$_$8,34346,0,1,0,0,0,inner_train
0,4682,367506$_$11,367506,0,1,0,0,1.666666627,inner_train
0,4683,367506$_$10,367506,0,1,0,0,1.666666627,inner_train
0,4684,367506$_$13,367506,0,1,0,0,2.666666746,inner_train
0,4685,367506$_$12,367506,0,1,0,0,2.666666746,inner_train
0,4686,367506$_$15,367506,0,1,0,0,3,inner_train
0,4687,367506$_$14,367506,0,1,0,0,2.333333254,inner_train
0,4688,367506$_$16,367506,0,1,0,0,1.666666627,inner_train
0,4689,367506$_$1,367506,0,1,0,0,0,inner_train
0,4690,367506$_$0,367506,0,1,0,0,0.3333333433,inner_train
0,4691,367506$_$3,367506,0,1,0,0,0,inner_train
0,4692,367506$_$2,367506,0,1,0,0,0,inner_train
0,4693,367506$_$5,367506,0,1,0,0,0,inner_train
0,4694,367506$_$4,367506,0,1,0,0,0,inner_train
0,4695,367506$_$7,367506,0,1,0,0,0,inner_train
0,4696,367506$_$6,367506,0,1,0,0,2.333333254,inner_train
0,4697,367506$_$9,367506,0,1,0,0,2.333333254,inner_train
0,4698,367506$_$8,367506,0,1,0,0,0,inner_train
0,4699,367576$_$11,367576,0,1,0,0,0,inner_train
0,4700,367576$_$10,367576,0,1,0,0,2,inner_train
0,4701,367576$_$13,367576,0,1,0,0,0,inner_train
0,4702,367576$_$12,367576,0,1,0,0,-1.333333373,inner_train
0,4703,367576$_$15,367576,0,1,0,0,-0.3333333433,inner_train
0,4704,367576$_$14,367576,0,1,0,0,0,inner_train
0,4705,367576$_$16,367576,0,1,0,0,1.333333373,inner_train
0,4706,367576$_$1,367576,0,1,0,0,0,inner_train
0,4707,367576$_$0,367576,0,1,0,0,0.3333333433,inner_train
0,4708,367576$_$3,367576,0,1,0,0,0.3333333433,inner_train
0,4709,367576$_$2,367576,0,1,0,0,1.666666627,inner_train
0,4710,367576$_$5,367576,0,1,0,0,1.666666627,inner_train
0,4711,367576$_$4,367576,0,1,0,0,0,inner_train
0,4712,367576$_$7,367576,0,1,0,0,-1.666666627,inner_train
0,4713,367576$_$6,367576,0,1,0,0,0,inner_train
0,4714,367576$_$9,367576,0,1,0,0,-1.333333373,inner_train
0,4715,367576$_$8,367576,0,1,0,0,-1.666666627,inner_train
0,4718,37117$_$11,37117,0,1,0,1,-1,inner_train
0,4719,37117$_$10,37117,0,1,0,1,-0.3333333433,inner_train
0,4720,37117$_$12,37117,0,1,0,1,0.3333333433,inner_train
0,4721,37117$_$1,37117,0,1,0,1,0.3333333433,inner_train
0,4722,37117$_$0,37117,0,1,0,1,0.3333333433,inner_train
0,4723,37117$_$3,37117,0,1,0,1,-0.6666666865,inner_train
0,4724,37117$_$2,37117,0,1,0,1,0.3333333433,inner_train
0,4725,37117$_$5,37117,0,1,0,1,-1,inner_train
0,4726,37117$_$4,37117,0,1,0,1,-2,inner_train
0,4727,37117$_$7,37117,0,1,0,1,-0.6666666865,inner_train
0,4728,37117$_$6,37117,0,1,0,1,-1.666666627,inner_train
0,4729,37117$_$9,37117,0,1,0,1,-2,inner_train
0,4730,37117$_$8,37117,0,1,0,1,-1.666666627,inner_train
0,4731,37459$_$1,37459,0,1,0,0,1.666666627,outer
0,4732,37459$_$0,37459,0,1,0,0,0,outer
0,4733,37459$_$3,37459,0,1,0,0,-2.666666746,outer
0,4734,37459$_$2,37459,0,1,0,0,-3,outer
0,4735,37459$_$5,37459,0,1,0,0,-1.666666627,outer
0,4736,37459$_$4,37459,0,1,0,0,0.3333333433,outer
0,4737,37459$_$7,37459,0,1,0,0,-3,outer
0,4738,37459$_$6,37459,0,1,0,0,-1,outer
0,4761,39lcRCFvV-s$_$42,39lcRCFvV-s,0,1,0,0,1.333333373,inner_train
0,4762,39lcRCFvV-s$_$43,39lcRCFvV-s,0,1,0,0,1.666666627,inner_train
0,4763,39lcRCFvV-s$_$24,39lcRCFvV-s,0,1,0,0,-0.3333333433,inner_train
0,4764,39lcRCFvV-s$_$25,39lcRCFvV-s,0,1,0,0,1,inner_train
0,4765,39lcRCFvV-s$_$26,39lcRCFvV-s,0,1,0,0,1.333333373,inner_train
0,4766,39lcRCFvV-s$_$27,39lcRCFvV-s,0,1,0,0,2,inner_train
0,4767,39lcRCFvV-s$_$20,39lcRCFvV-s,0,1,0,0,0.3333333433,inner_train
0,4768,39lcRCFvV-s$_$21,39lcRCFvV-s,0,1,0,0,1,inner_train
0,4769,39lcRCFvV-s$_$22,39lcRCFvV-s,0,1,0,0,0.6666666865,inner_train
0,4770,39lcRCFvV-s$_$23,39lcRCFvV-s,0,1,0,0,2,inner_train
0,4771,39lcRCFvV-s$_$46,39lcRCFvV-s,0,1,0,0,2,inner_train
0,4772,39lcRCFvV-s$_$47,39lcRCFvV-s,0,1,0,0,1.666666627,inner_train
0,4773,39lcRCFvV-s$_$44,39lcRCFvV-s,0,1,0,0,1,inner_train
0,4774,39lcRCFvV-s$_$45,39lcRCFvV-s,0,1,0,0,1.333333373,inner_train
0,4775,39lcRCFvV-s$_$28,39lcRCFvV-s,0,1,0,0,1.333333373,inner_train
0,4776,39lcRCFvV-s$_$29,39lcRCFvV-s,0,1,0,0,-1.333333373,inner_train
0,4777,39lcRCFvV-s$_$40,39lcRCFvV-s,0,1,0,0,1,inner_train
0,4778,39lcRCFvV-s$_$41,39lcRCFvV-s,0,1,0,0,3,inner_train
0,4779,39lcRCFvV-s$_$1,39lcRCFvV-s,0,1,0,0,1,inner_train
0,4780,39lcRCFvV-s$_$0,39lcRCFvV-s,0,1,0,0,2,inner_train
0,4781,39lcRCFvV-s$_$2,39lcRCFvV-s,0,1,0,0,1.333333373,inner_train
0,4782,39lcRCFvV-s$_$5,39lcRCFvV-s,0,1,0,0,2.333333254,inner_train
0,4783,39lcRCFvV-s$_$4,39lcRCFvV-s,0,1,0,0,1.666666627,inner_train
0,4784,39lcRCFvV-s$_$7,39lcRCFvV-s,0,1,0,0,2.666666746,inner_train
0,4785,39lcRCFvV-s$_$6,39lcRCFvV-s,0,1,0,0,0.6666666865,inner_train
0,4786,39lcRCFvV-s$_$9,39lcRCFvV-s,0,1,0,0,0.3333333433,inner_train
0,4787,39lcRCFvV-s$_$8,39lcRCFvV-s,0,1,0,0,1.666666627,inner_train
0,4788,39lcRCFvV-s$_$39,39lcRCFvV-s,0,1,0,0,-0.3333333433,inner_train
0,4789,39lcRCFvV-s$_$38,39lcRCFvV-s,0,1,0,0,-0.6666666865,inner_train
0,4790,39lcRCFvV-s$_$11,39lcRCFvV-s,0,1,0,0,0.6666666865,inner_train
0,4791,39lcRCFvV-s$_$10,39lcRCFvV-s,0,1,0,0,0.3333333433,inner_train
0,4792,39lcRCFvV-s$_$13,39lcRCFvV-s,0,1,0,0,1.333333373,inner_train
0,4793,39lcRCFvV-s$_$12,39lcRCFvV-s,0,1,0,0,0.3333333433,inner_train
0,4794,39lcRCFvV-s$_$15,39lcRCFvV-s,0,1,0,0,-1.333333373,inner_train
0,4795,39lcRCFvV-s$_$14,39lcRCFvV-s,0,1,0,0,1,inner_train
0,4796,39lcRCFvV-s$_$17,39lcRCFvV-s,0,1,0,0,0.3333333433,inner_train
0,4797,39lcRCFvV-s$_$16,39lcRCFvV-s,0,1,0,0,-0.6666666865,inner_train
0,4798,39lcRCFvV-s$_$19,39lcRCFvV-s,0,1,0,0,2.333333254,inner_train
0,4799,39lcRCFvV-s$_$18,39lcRCFvV-s,0,1,0,0,0,inner_train
0,4800,39lcRCFvV-s$_$31,39lcRCFvV-s,0,1,0,0,0,inner_train
0,4801,39lcRCFvV-s$_$30,39lcRCFvV-s,0,1,0,0,0.6666666865,inner_train
0,4802,39lcRCFvV-s$_$37,39lcRCFvV-s,0,1,0,0,1,inner_train
0,4803,39lcRCFvV-s$_$35,39lcRCFvV-s,0,1,0,0,1,inner_train
0,4804,39lcRCFvV-s$_$34,39lcRCFvV-s,0,1,0,0,1.333333373,inner_train
0,4805,39lcRCFvV-s$_$32,39lcRCFvV-s,0,1,0,0,1.666666627,inner_train
0,4813,3DOrdP4H8SA$_$11,3DOrdP4H8SA,0,1,0,0,0,inner_train
0,4814,3DOrdP4H8SA$_$10,3DOrdP4H8SA,0,1,0,0,-1,inner_train
0,4815,3DOrdP4H8SA$_$13,3DOrdP4H8SA,0,1,0,0,0,inner_train
0,4816,3DOrdP4H8SA$_$12,3DOrdP4H8SA,0,1,0,0,0.6666666865,inner_train
0,4817,3DOrdP4H8SA$_$1,3DOrdP4H8SA,0,1,0,0,-0.6666666865,inner_train
0,4818,3DOrdP4H8SA$_$3,3DOrdP4H8SA,0,1,0,0,-1.666666627,inner_train
0,4819,3DOrdP4H8SA$_$2,3DOrdP4H8SA,0,1,0,0,0,inner_train
0,4820,3DOrdP4H8SA$_$5,3DOrdP4H8SA,0,1,0,0,-0.6666666865,inner_train
0,4821,3DOrdP4H8SA$_$4,3DOrdP4H8SA,0,1,0,0,-0.3333333433,inner_train
0,4822,3DOrdP4H8SA$_$7,3DOrdP4H8SA,0,1,0,0,-1,inner_train
0,4823,3DOrdP4H8SA$_$9,3DOrdP4H8SA,0,1,0,0,-1.666666627,inner_train
0,4824,3DOrdP4H8SA$_$8,3DOrdP4H8SA,0,1,0,0,-3,inner_train
0,4854,3FpmKxZgihw$_$13,3FpmKxZgihw,0,1,1,0,0,inner_valid
0,4855,3FpmKxZgihw$_$15,3FpmKxZgihw,0,1,1,0,0.6666666865,inner_valid
0,4856,3FpmKxZgihw$_$14,3FpmKxZgihw,0,1,1,0,0.3333333433,inner_valid
0,4857,3FpmKxZgihw$_$16,3FpmKxZgihw,0,1,1,0,-0.3333333433,inner_valid
0,4858,3FpmKxZgihw$_$1,3FpmKxZgihw,0,1,1,0,0,inner_valid
0,4859,3FpmKxZgihw$_$0,3FpmKxZgihw,0,1,1,0,0,inner_valid
0,4860,3FpmKxZgihw$_$2,3FpmKxZgihw,0,1,1,0,0,inner_valid
0,4861,3FpmKxZgihw$_$5,3FpmKxZgihw,0,1,1,0,1.333333373,inner_valid
0,4862,3FpmKxZgihw$_$4,3FpmKxZgihw,0,1,1,0,0,inner_valid
0,4880,3J3Thmd_vks$_$6,3J3Thmd_vks,0,1,0,0,0.3333333433,outer
0,4892,3QcqpwQiiLs$_$1,3QcqpwQiiLs,0,1,0,0,2,outer
0,4893,3QcqpwQiiLs$_$3,3QcqpwQiiLs,0,1,0,0,1.666666627,outer
0,4894,3QcqpwQiiLs$_$2,3QcqpwQiiLs,0,1,0,0,1.333333373,outer
0,4895,3VsrcbjPwZY$_$0,3VsrcbjPwZY,0,1,0,0,0.3333333433,inner_train
0,4896,3VsrcbjPwZY$_$5,3VsrcbjPwZY,0,1,0,0,0.6666666865,inner_train
0,4897,3VsrcbjPwZY$_$4,3VsrcbjPwZY,0,1,0,0,0,inner_train
0,4898,3VsrcbjPwZY$_$7,3VsrcbjPwZY,0,1,0,0,-0.3333333433,inner_train
0,4911,3ZmLhK_YHl8$_$1,3ZmLhK_YHl8,0,0,0,0,0,inner_valid
0,4912,3ZmLhK_YHl8$_$0,3ZmLhK_YHl8,0,0,0,0,0,inner_valid
0,4913,3ZmLhK_YHl8$_$3,3ZmLhK_YHl8,0,0,0,0,-0.3333333433,inner_valid
0,4914,3ZmLhK_YHl8$_$2,3ZmLhK_YHl8,0,0,0,0,0,inner_valid
0,4915,3aD0xAgxxyw$_$11,3aD0xAgxxyw,0,1,0,0,-1,inner_train
0,4916,3aD0xAgxxyw$_$10,3aD0xAgxxyw,0,1,0,0,-0.6666666865,inner_train
0,4917,3aD0xAgxxyw$_$16,3aD0xAgxxyw,0,1,0,0,2,inner_train
0,4918,3aD0xAgxxyw$_$18,3aD0xAgxxyw,0,1,0,0,1.333333373,inner_train
0,4919,3aD0xAgxxyw$_$0,3aD0xAgxxyw,0,1,0,0,0.3333333433,inner_train
0,4920,3aD0xAgxxyw$_$2,3aD0xAgxxyw,0,1,0,0,-0.3333333433,inner_train
0,4921,3aD0xAgxxyw$_$8,3aD0xAgxxyw,0,1,0,0,0.6666666865,inner_train
0,4934,3fhCxePBuZY$_$11,3fhCxePBuZY,0,0,0,0,0.3333333433,inner_train
0,4935,3fhCxePBuZY$_$10,3fhCxePBuZY,0,0,0,0,-1.333333373,inner_train
0,4936,3fhCxePBuZY$_$13,3fhCxePBuZY,0,0,0,0,0,inner_train
0,4937,3fhCxePBuZY$_$12,3fhCxePBuZY,0,0,0,0,-0.3333333433,inner_train
0,4938,3fhCxePBuZY$_$14,3fhCxePBuZY,0,0,0,0,0.3333333433,inner_train
0,4939,3fhCxePBuZY$_$1,3fhCxePBuZY,0,0,0,0,-0.3333333433,inner_train
0,4940,3fhCxePBuZY$_$0,3fhCxePBuZY,0,0,0,0,0.3333333433,inner_train
0,4941,3fhCxePBuZY$_$3,3fhCxePBuZY,0,0,0,0,0.3333333433,inner_train
0,4942,3fhCxePBuZY$_$2,3fhCxePBuZY,0,0,0,0,0.3333333433,inner_train
0,4943,3fhCxePBuZY$_$5,3fhCxePBuZY,0,0,0,0,0.3333333433,inner_train
0,4944,3fhCxePBuZY$_$4,3fhCxePBuZY,0,0,0,0,-0.6666666865,inner_train
0,4945,3fhCxePBuZY$_$7,3fhCxePBuZY,0,0,0,0,0.6666666865,inner_train
0,4946,3fhCxePBuZY$_$6,3fhCxePBuZY,0,0,0,0,0,inner_train
0,4947,3fhCxePBuZY$_$9,3fhCxePBuZY,0,0,0,0,1,inner_train
0,4948,3fhCxePBuZY$_$8,3fhCxePBuZY,0,0,0,0,0,inner_train
0,4949,3gA34VxBijI$_$1,3gA34VxBijI,0,0,0,1,0,inner_train
0,4950,3gA34VxBijI$_$0,3gA34VxBijI,0,0,0,1,0.3333333433,inner_train
0,4969,3n44IP3tCVE$_$13,3n44IP3tCVE,0,0,0,0,1.333333373,inner_train
0,4970,3n44IP3tCVE$_$12,3n44IP3tCVE,0,0,0,0,1.333333373,inner_train
0,4971,3n44IP3tCVE$_$14,3n44IP3tCVE,0,0,0,0,1.666666627,inner_train
0,4972,3n44IP3tCVE$_$16,3n44IP3tCVE,0,0,0,0,2,inner_train
0,4973,3n44IP3tCVE$_$1,3n44IP3tCVE,0,0,0,0,1.666666627,inner_train
0,4974,3n44IP3tCVE$_$0,3n44IP3tCVE,0,0,0,0,2,inner_train
0,4975,3n44IP3tCVE$_$3,3n44IP3tCVE,0,0,0,0,2.333333254,inner_train
0,4976,3n44IP3tCVE$_$2,3n44IP3tCVE,0,0,0,0,1,inner_train
0,4977,3n44IP3tCVE$_$5,3n44IP3tCVE,0,0,0,0,2,inner_train
0,4978,3n44IP3tCVE$_$4,3n44IP3tCVE,0,0,0,0,0.6666666865,inner_train
0,4979,3n44IP3tCVE$_$6,3n44IP3tCVE,0,0,0,0,-0.6666666865,inner_train
0,4980,3n44IP3tCVE$_$8,3n44IP3tCVE,0,0,0,0,2,inner_train
0,4984,3ocpWAmSNUE$_$8,3ocpWAmSNUE,0,1,0,0,-2.666666746,inner_train
0,4985,3ocpWAmSNUE$_$5,3ocpWAmSNUE,0,1,0,0,-2.666666746,inner_train
0,4986,3ocpWAmSNUE$_$4,3ocpWAmSNUE,0,1,0,0,-0.6666666865,inner_train
0,4987,3ocpWAmSNUE$_$6,3ocpWAmSNUE,0,1,0,0,-0.3333333433,inner_train
0,4992,3sDL7mwosP0$_$1,3sDL7mwosP0,0,0,0,0,2,inner_train
0,4993,3sDL7mwosP0$_$0,3sDL7mwosP0,0,0,0,0,2,inner_train
0,4999,3u_Joh0WJdw$_$7,3u_Joh0WJdw,0,0,0,0,0.3333333433,inner_valid
0,5000,3w9I5SBhHNc$_$9,3w9I5SBhHNc,0,0,1,0,0.3333333433,inner_train
0,5001,3w9I5SBhHNc$_$2,3w9I5SBhHNc,0,0,1,0,1,inner_train
0,5002,3w9I5SBhHNc$_$12,3w9I5SBhHNc,0,0,1,0,1.333333373,inner_train
0,5003,3w9I5SBhHNc$_$5,3w9I5SBhHNc,0,0,1,0,0.6666666865,inner_train
0,5004,3y2YInNUmHY$_$1,3y2YInNUmHY,0,1,0,0,2.666666746,inner_valid
0,5005,3y2YInNUmHY$_$0,3y2YInNUmHY,0,1,0,0,-1,inner_valid
0,5006,3y2YInNUmHY$_$2,3y2YInNUmHY,0,1,0,0,2.333333254,inner_valid
0,5007,3y2YInNUmHY$_$4,3y2YInNUmHY,0,1,0,0,2.333333254,inner_valid
0,5031,40260$_$24,40260,0,1,0,0,-0.3333333433,inner_train
0,5032,40260$_$25,40260,0,1,0,0,-0.6666666865,inner_train
0,5033,40260$_$26,40260,0,1,0,0,1.666666627,inner_train
0,5034,40260$_$27,40260,0,1,0,0,-1.666666627,inner_train
0,5035,40260$_$20,40260,0,1,0,0,0,inner_train
0,5036,40260$_$21,40260,0,1,0,0,0,inner_train
0,5037,40260$_$22,40260,0,1,0,0,2,inner_train
0,5038,40260$_$23,40260,0,1,0,0,0,inner_train
0,5039,40260$_$1,40260,0,1,0,0,0.3333333433,inner_train
0,5040,40260$_$0,40260,0,1,0,0,0.3333333433,inner_train
0,5041,40260$_$3,40260,0,1,0,0,-0.3333333433,inner_train
0,5042,40260$_$2,40260,0,1,0,0,0.3333333433,inner_train
0,5043,40260$_$5,40260,0,1,0,0,-0.6666666865,inner_train
0,5044,40260$_$4,40260,0,1,0,0,0.3333333433,inner_train
0,5045,40260$_$7,40260,0,1,0,0,0,inner_train
0,5046,40260$_$6,40260,0,1,0,0,-0.6666666865,inner_train
0,5047,40260$_$9,40260,0,1,0,0,0.6666666865,inner_train
0,5048,40260$_$8,40260,0,1,0,0,-1.333333373,inner_train
0,5049,40260$_$11,40260,0,1,0,0,0.3333333433,inner_train
0,5050,40260$_$10,40260,0,1,0,0,0.3333333433,inner_train
0,5051,40260$_$13,40260,0,1,0,0,1,inner_train
0,5052,40260$_$12,40260,0,1,0,0,1,inner_train
0,5053,40260$_$15,40260,0,1,0,0,0,inner_train
0,5054,40260$_$14,40260,0,1,0,0,0,inner_train
0,5055,40260$_$17,40260,0,1,0,0,-2,inner_train
0,5056,40260$_$16,40260,0,1,0,0,1,inner_train
0,5057,40260$_$19,40260,0,1,0,0,-1.666666627,inner_train
0,5058,40260$_$18,40260,0,1,0,0,1,inner_train
0,5059,41692$_$1,41692,0,1,0,0,0.3333333433,inner_valid
0,5060,41692$_$0,41692,0,1,0,0,0.3333333433,inner_valid
0,5061,41692$_$3,41692,0,1,0,0,0,inner_valid
0,5062,41692$_$2,41692,0,1,0,0,-0.3333333433,inner_valid
0,5063,41692$_$5,41692,0,1,0,0,0,inner_valid
0,5064,41692$_$4,41692,0,1,0,0,0.3333333433,inner_valid
0,5065,41692$_$7,41692,0,1,0,0,1,inner_valid
0,5066,41692$_$6,41692,0,1,0,0,-1,inner_valid
0,5067,41692$_$8,41692,0,1,0,0,-0.6666666865,inner_valid
0,5068,424vOT3Nnyk$_$8,424vOT3Nnyk,0,1,0,0,2.333333254,outer
0,5069,424vOT3Nnyk$_$5,424vOT3Nnyk,0,1,0,0,1,outer
0,5070,424vOT3Nnyk$_$4,424vOT3Nnyk,0,1,0,0,1.333333373,outer
0,5071,424vOT3Nnyk$_$7,424vOT3Nnyk,0,1,0,0,1,outer
0,5072,424vOT3Nnyk$_$6,424vOT3Nnyk,0,1,0,0,1.333333373,outer
0,5095,44780$_$1,44780,0,0,0,0,0.3333333433,inner_train
0,5096,44780$_$0,44780,0,0,0,0,0.3333333433,inner_train
0,5097,44780$_$3,44780,0,0,0,0,1.333333373,inner_train
0,5098,44780$_$2,44780,0,0,0,0,0,inner_train
0,5099,44780$_$5,44780,0,0,0,0,0,inner_train
0,5100,44780$_$4,44780,0,0,0,0,0.6666666865,inner_train
0,5101,44780$_$7,44780,0,0,0,0,-1.333333373,inner_train
0,5102,44780$_$6,44780,0,0,0,0,0,inner_train
0,5103,44780$_$9,44780,0,0,0,0,0,inner_train
0,5104,44780$_$8,44780,0,0,0,0,-1.333333373,inner_train
0,5105,44MVdpDEQJs$_$1,44MVdpDEQJs,0,1,0,0,-0.6666666865,inner_train
0,5106,44MVdpDEQJs$_$0,44MVdpDEQJs,0,1,0,0,0.3333333433,inner_train
0,5107,44MVdpDEQJs$_$2,44MVdpDEQJs,0,1,0,0,-1.333333373,inner_train
0,5108,44MVdpDEQJs$_$4,44MVdpDEQJs,0,1,0,0,0,inner_train
0,5119,45184$_$1,45184,0,0,0,0,-3,inner_train
0,5120,45184$_$0,45184,0,0,0,0,0.3333333433,inner_train
0,5121,45184$_$3,45184,0,0,0,0,-2.666666746,inner_train
0,5122,45184$_$2,45184,0,0,0,0,-2.333333254,inner_train
0,5123,45184$_$5,45184,0,0,0,0,-1.333333373,inner_train
0,5124,45184$_$4,45184,0,0,0,0,0,inner_train
0,5125,45186$_$11,45186,0,0,0,0,-2.666666746,inner_valid
0,5126,45186$_$10,45186,0,0,0,0,0,inner_valid
0,5127,45186$_$13,45186,0,0,0,0,-1.333333373,inner_valid
0,5128,45186$_$12,45186,0,0,0,0,-2.333333254,inner_valid
0,5129,45186$_$14,45186,0,0,0,0,-2,inner_valid
0,5130,45186$_$1,45186,0,0,0,0,0,inner_valid
0,5131,45186$_$0,45186,0,0,0,0,0,inner_valid
0,5132,45186$_$3,45186,0,0,0,0,-1,inner_valid
0,5133,45186$_$2,45186,0,0,0,0,0,inner_valid
0,5134,45186$_$5,45186,0,0,0,0,-2,inner_valid
0,5135,45186$_$4,45186,0,0,0,0,-2.666666746,inner_valid
0,5136,45186$_$7,45186,0,0,0,0,-2.333333254,inner_valid
0,5137,45186$_$6,45186,0,0,0,0,-2.333333254,inner_valid
0,5138,45186$_$9,45186,0,0,0,0,-2,inner_valid
0,5139,45186$_$8,45186,0,0,0,0,-2.333333254,inner_valid
0,5140,45676$_$1,45676,0,0,0,0,1,inner_train
0,5141,45676$_$0,45676,0,0,0,0,0.3333333433,inner_train
0,5142,45676$_$3,45676,0,0,0,0,0,inner_train
0,5143,45676$_$2,45676,0,0,0,0,0,inner_train
0,5144,45676$_$5,45676,0,0,0,0,0.6666666865,inner_train
0,5145,45676$_$4,45676,0,0,0,0,0.3333333433,inner_train
0,5146,45676$_$7,45676,0,0,0,0,0,inner_train
0,5147,45676$_$6,45676,0,0,0,0,-1.333333373,inner_train
0,5148,45676$_$8,45676,0,0,0,0,-0.6666666865,inner_train
0,5151,46497$_$1,46497,0,1,0,0,-2.666666746,inner_valid
0,5152,46497$_$0,46497,0,1,0,0,-1.333333373,inner_valid
0,5153,46497$_$3,46497,0,1,0,0,-2,inner_valid
0,5154,46497$_$2,46497,0,1,0,0,-1.666666627,inner_valid
0,5155,46497$_$4,46497,0,1,0,0,0,inner_valid
0,5156,46604$_$1,46604,0,0,0,0,-2.666666746,outer
0,5157,46604$_$0,46604,0,0,0,0,-2,outer
0,5158,46604$_$3,46604,0,0,0,0,0,outer
0,5159,46604$_$2,46604,0,0,0,0,0,outer
0,5160,46604$_$5,46604,0,0,0,0,-1.666666627,outer
0,5161,46604$_$4,46604,0,0,0,0,-1.333333373,outer
0,5162,46604$_$7,46604,0,0,0,0,-1,outer
0,5163,46604$_$6,46604,0,0,0,0,-0.3333333433,outer
0,5164,46604$_$8,46604,0,0,0,0,-1,outer
0,5174,47472$_$11,47472,0,0,0,0,-1.666666627,inner_train
0,5175,47472$_$10,47472,0,0,0,0,0,inner_train
0,5176,47472$_$13,47472,0,0,0,0,-0.6666666865,inner_train
0,5177,47472$_$12,47472,0,0,0,0,-2,inner_train
0,5178,47472$_$15,47472,0,0,0,0,-1.333333373,inner_train
0,5179,47472$_$14,47472,0,0,0,0,-1,inner_train
0,5180,47472$_$1,47472,0,0,0,0,1.666666627,inner_train
0,5181,47472$_$0,47472,0,0,0,0,0,inner_train
0,5182,47472$_$3,47472,0,0,0,0,-2.333333254,inner_train
0,5183,47472$_$2,47472,0,0,0,0,0,inner_train
0,5184,47472$_$5,47472,0,0,0,0,-0.3333333433,inner_train
0,5185,47472$_$4,47472,0,0,0,0,0,inner_train
0,5186,47472$_$7,47472,0,0,0,0,0,inner_train
0,5187,47472$_$6,47472,0,0,0,0,0,inner_train
0,5188,47472$_$9,47472,0,0,0,0,0,inner_train
0,5189,47472$_$8,47472,0,0,0,0,-0.6666666865,inner_train
0,5191,48nifdN2vSI$_$10,48nifdN2vSI,0,0,0,0,0.6666666865,inner_valid
0,5192,48u68AzcWvE$_$10,48u68AzcWvE,0,1,0,0,0,inner_valid
0,5229,4BoE-woHtwA$_$11,4BoE-woHtwA,0,1,0,0,0.6666666865,inner_train
0,5230,4BoE-woHtwA$_$10,4BoE-woHtwA,0,1,0,0,-0.3333333433,inner_train
0,5231,4BoE-woHtwA$_$12,4BoE-woHtwA,0,1,0,0,1.666666627,inner_train
0,5232,4BoE-woHtwA$_$1,4BoE-woHtwA,0,1,0,0,-0.3333333433,inner_train
0,5233,4BoE-woHtwA$_$2,4BoE-woHtwA,0,1,0,0,-0.6666666865,inner_train
0,5234,4BoE-woHtwA$_$5,4BoE-woHtwA,0,1,0,0,1.666666627,inner_train
0,5235,4BoE-woHtwA$_$4,4BoE-woHtwA,0,1,0,0,0,inner_train
0,5236,4BoE-woHtwA$_$7,4BoE-woHtwA,0,1,0,0,-1,inner_train
0,5237,4BoE-woHtwA$_$6,4BoE-woHtwA,0,1,0,0,-1.333333373,inner_train
0,5238,4BoE-woHtwA$_$9,4BoE-woHtwA,0,1,0,0,2,inner_train
0,5239,4BoE-woHtwA$_$8,4BoE-woHtwA,0,1,0,0,1.666666627,inner_train
0,5249,4EEru3cZwXo$_$3,4EEru3cZwXo,0,0,0,0,0.6666666865,inner_train
0,5250,4EEru3cZwXo$_$2,4EEru3cZwXo,0,0,0,0,-1,inner_train
0,5251,4EEru3cZwXo$_$5,4EEru3cZwXo,0,0,0,0,0,inner_train
0,5252,4EEru3cZwXo$_$4,4EEru3cZwXo,0,0,0,0,-0.6666666865,inner_train
0,5254,4GYfmpEEtl4$_$11,4GYfmpEEtl4,0,0,0,1,0.3333333433,inner_valid
0,5255,4GYfmpEEtl4$_$14,4GYfmpEEtl4,0,0,0,1,1,inner_valid
0,5256,4GYfmpEEtl4$_$1,4GYfmpEEtl4,0,0,0,1,0,inner_valid
0,5257,4GYfmpEEtl4$_$5,4GYfmpEEtl4,0,0,0,1,0.6666666865,inner_valid
0,5258,4GYfmpEEtl4$_$7,4GYfmpEEtl4,0,0,0,1,0.3333333433,inner_valid
0,5259,4GYfmpEEtl4$_$6,4GYfmpEEtl4,0,0,0,1,0.3333333433,inner_valid
0,5265,4HAC00EAdno$_$11,4HAC00EAdno,0,1,0,0,0.3333333433,inner_valid
0,5266,4HAC00EAdno$_$10,4HAC00EAdno,0,1,0,0,0.6666666865,inner_valid
0,5267,4HAC00EAdno$_$13,4HAC00EAdno,0,1,0,0,0.6666666865,inner_valid
0,5268,4HAC00EAdno$_$12,4HAC00EAdno,0,1,0,0,0.6666666865,inner_valid
0,5269,4HAC00EAdno$_$14,4HAC00EAdno,0,1,0,0,0.3333333433,inner_valid
0,5270,4HAC00EAdno$_$3,4HAC00EAdno,0,1,0,0,1.333333373,inner_valid
0,5271,4HAC00EAdno$_$5,4HAC00EAdno,0,1,0,0,0.3333333433,inner_valid
0,5272,4HAC00EAdno$_$4,4HAC00EAdno,0,1,0,0,0.3333333433,inner_valid
0,5273,4HAC00EAdno$_$6,4HAC00EAdno,0,1,0,0,0,inner_valid
0,5274,4HAC00EAdno$_$9,4HAC00EAdno,0,1,0,0,-0.3333333433,inner_valid
0,5275,4HazSkYihtw$_$4,4HazSkYihtw,0,0,0,0,1,inner_train
0,5287,4Q7OkrJLzAc$_$1,4Q7OkrJLzAc,0,1,0,0,0,inner_valid
0,5288,4Q7OkrJLzAc$_$8,4Q7OkrJLzAc,0,1,0,0,1,inner_valid
0,5289,4Q7OkrJLzAc$_$5,4Q7OkrJLzAc,0,1,0,0,1,inner_valid
0,5290,4Q7OkrJLzAc$_$4,4Q7OkrJLzAc,0,1,0,0,0,inner_valid
0,5291,4Q7OkrJLzAc$_$0,4Q7OkrJLzAc,0,1,0,0,0,inner_valid
0,5330,4WTVL5bNybU$_$1,4WTVL5bNybU,0,0,0,0,-1.333333373,inner_train
0,5331,4WTVL5bNybU$_$0,4WTVL5bNybU,0,0,0,0,0,inner_train
0,5332,4WTVL5bNybU$_$2,4WTVL5bNybU,0,0,0,0,0.6666666865,inner_train
0,5333,4Yxe1_ohz7Y$_$2,4Yxe1_ohz7Y,0,0,0,0,0.3333333433,inner_train
0,5340,4hEWns7JBg0$_$24,4hEWns7JBg0,0,1,0,0,0.6666666865,inner_train
0,5341,4hEWns7JBg0$_$25,4hEWns7JBg0,0,1,0,0,1.666666627,inner_train
0,5342,4hEWns7JBg0$_$26,4hEWns7JBg0,0,1,0,0,1,inner_train
0,5343,4hEWns7JBg0$_$27,4hEWns7JBg0,0,1,0,0,1,inner_train
0,5344,4hEWns7JBg0$_$20,4hEWns7JBg0,0,1,0,0,-0.6666666865,inner_train
0,5345,4hEWns7JBg0$_$21,4hEWns7JBg0,0,1,0,0,1,inner_train
0,5346,4hEWns7JBg0$_$28,4hEWns7JBg0,0,1,0,0,2.666666746,inner_train
0,5347,4hEWns7JBg0$_$29,4hEWns7JBg0,0,1,0,0,1,inner_train
0,5348,4hEWns7JBg0$_$1,4hEWns7JBg0,0,1,0,0,2.666666746,inner_train
0,5349,4hEWns7JBg0$_$0,4hEWns7JBg0,0,1,0,0,0.6666666865,inner_train
0,5350,4hEWns7JBg0$_$3,4hEWns7JBg0,0,1,0,0,1.333333373,inner_train
0,5351,4hEWns7JBg0$_$2,4hEWns7JBg0,0,1,0,0,1.666666627,inner_train
0,5352,4hEWns7JBg0$_$5,4hEWns7JBg0,0,1,0,0,0,inner_train
0,5353,4hEWns7JBg0$_$4,4hEWns7JBg0,0,1,0,0,2.666666746,inner_train
0,5354,4hEWns7JBg0$_$7,4hEWns7JBg0,0,1,0,0,0.6666666865,inner_train
0,5355,4hEWns7JBg0$_$9,4hEWns7JBg0,0,1,0,0,0,inner_train
0,5356,4hEWns7JBg0$_$8,4hEWns7JBg0,0,1,0,0,1.666666627,inner_train
0,5357,4hEWns7JBg0$_$11,4hEWns7JBg0,0,1,0,0,1,inner_train
0,5358,4hEWns7JBg0$_$13,4hEWns7JBg0,0,1,0,0,1.666666627,inner_train
0,5359,4hEWns7JBg0$_$12,4hEWns7JBg0,0,1,0,0,1.333333373,inner_train
0,5360,4hEWns7JBg0$_$15,4hEWns7JBg0,0,1,0,0,0.3333333433,inner_train
0,5361,4hEWns7JBg0$_$14,4hEWns7JBg0,0,1,0,0,0.6666666865,inner_train
0,5362,4hEWns7JBg0$_$17,4hEWns7JBg0,0,1,0,0,-0.3333333433,inner_train
0,5363,4hEWns7JBg0$_$16,4hEWns7JBg0,0,1,0,0,0.6666666865,inner_train
0,5364,4hEWns7JBg0$_$19,4hEWns7JBg0,0,1,0,0,-0.3333333433,inner_train
0,5365,4hEWns7JBg0$_$18,4hEWns7JBg0,0,1,0,0,0.6666666865,inner_train
0,5366,4iG0ffmnCOw$_$11,4iG0ffmnCOw,0,0,1,0,2.666666746,inner_train
0,5367,4iG0ffmnCOw$_$10,4iG0ffmnCOw,0,0,1,0,2,inner_train
0,5368,4iG0ffmnCOw$_$1,4iG0ffmnCOw,0,0,1,0,0.6666666865,inner_train
0,5369,4iG0ffmnCOw$_$0,4iG0ffmnCOw,0,0,1,0,0,inner_train
0,5370,4iG0ffmnCOw$_$3,4iG0ffmnCOw,0,0,1,0,0.3333333433,inner_train
0,5371,4iG0ffmnCOw$_$2,4iG0ffmnCOw,0,0,1,0,0.3333333433,inner_train
0,5372,4iG0ffmnCOw$_$5,4iG0ffmnCOw,0,0,1,0,0.3333333433,inner_train
0,5373,4iG0ffmnCOw$_$4,4iG0ffmnCOw,0,0,1,0,2.333333254,inner_train
0,5374,4iG0ffmnCOw$_$7,4iG0ffmnCOw,0,0,1,0,0.6666666865,inner_train
0,5375,4iG0ffmnCOw$_$6,4iG0ffmnCOw,0,0,1,0,2,inner_train
0,5376,4iG0ffmnCOw$_$9,4iG0ffmnCOw,0,0,1,0,1.333333373,inner_train
0,5387,4jTUcNlxlYA$_$0,4jTUcNlxlYA,0,1,0,1,0.6666666865,inner_train
0,5388,4jTUcNlxlYA$_$3,4jTUcNlxlYA,0,1,0,1,0,inner_train
0,5389,4jTUcNlxlYA$_$2,4jTUcNlxlYA,0,1,0,1,1.333333373,inner_train
0,5390,4jTUcNlxlYA$_$5,4jTUcNlxlYA,0,1,0,1,0.3333333433,inner_train
0,5391,4jTUcNlxlYA$_$4,4jTUcNlxlYA,0,1,0,1,0,inner_train
0,5392,4jTUcNlxlYA$_$7,4jTUcNlxlYA,0,1,0,1,-0.6666666865,inner_train
0,5393,4jTUcNlxlYA$_$6,4jTUcNlxlYA,0,1,0,1,1.666666627,inner_train
0,5394,4jTUcNlxlYA$_$9,4jTUcNlxlYA,0,1,0,1,0,inner_train
0,5395,4jTUcNlxlYA$_$8,4jTUcNlxlYA,0,1,0,1,0,inner_train
0,5396,4kF0U8kIMp4$_$1,4kF0U8kIMp4,0,1,1,0,1.333333373,outer
0,5397,4kF0U8kIMp4$_$0,4kF0U8kIMp4,0,1,1,0,0.6666666865,outer
0,5398,4kF0U8kIMp4$_$3,4kF0U8kIMp4,0,1,1,0,0.3333333433,outer
0,5399,4kF0U8kIMp4$_$5,4kF0U8kIMp4,0,1,1,0,0.6666666865,outer
0,5400,4kF0U8kIMp4$_$4,4kF0U8kIMp4,0,1,1,0,0.6666666865,outer
0,5401,4kF0U8kIMp4$_$7,4kF0U8kIMp4,0,1,1,0,0.3333333433,outer
0,5402,4kF0U8kIMp4$_$6,4kF0U8kIMp4,0,1,1,0,0.3333333433,outer
0,5403,4lKz4xyCmkk$_$10,4lKz4xyCmkk,0,0,0,0,0.3333333433,inner_train
0,5404,4lKz4xyCmkk$_$13,4lKz4xyCmkk,0,0,0,0,0.6666666865,inner_train
0,5405,4lKz4xyCmkk$_$12,4lKz4xyCmkk,0,0,0,0,0,inner_train
0,5406,4lKz4xyCmkk$_$15,4lKz4xyCmkk,0,0,0,0,0,inner_train
0,5407,4lKz4xyCmkk$_$14,4lKz4xyCmkk,0,0,0,0,-0.3333333433,inner_train
0,5408,4lKz4xyCmkk$_$1,4lKz4xyCmkk,0,0,0,0,0.6666666865,inner_train
0,5409,4lKz4xyCmkk$_$0,4lKz4xyCmkk,0,0,0,0,0,inner_train
0,5410,4lKz4xyCmkk$_$5,4lKz4xyCmkk,0,0,0,0,0,inner_train
0,5411,4lKz4xyCmkk$_$7,4lKz4xyCmkk,0,0,0,0,0,inner_train
0,5412,4lKz4xyCmkk$_$6,4lKz4xyCmkk,0,0,0,0,0,inner_train
0,5413,4lKz4xyCmkk$_$9,4lKz4xyCmkk,0,0,0,0,0,inner_train
0,5414,4lKz4xyCmkk$_$8,4lKz4xyCmkk,0,0,0,0,0,inner_train
0,5415,4lro65JwQdc$_$2,4lro65JwQdc,0,1,1,0,0.3333333433,inner_train
0,5416,4lro65JwQdc$_$4,4lro65JwQdc,0,1,1,0,0,inner_train
0,5417,4oeKDFIaL7o$_$1,4oeKDFIaL7o,0,1,0,0,-1,inner_train
0,5418,4oeKDFIaL7o$_$0,4oeKDFIaL7o,0,1,0,0,-1.333333373,inner_train
0,5419,4oeKDFIaL7o$_$2,4oeKDFIaL7o,0,1,0,0,0.3333333433,inner_train
0,5420,4oeKDFIaL7o$_$4,4oeKDFIaL7o,0,1,0,0,1.333333373,inner_train
0,5421,4poXF3xo6Z8$_$11,4poXF3xo6Z8,0,1,0,1,0.3333333433,inner_train
0,5422,4poXF3xo6Z8$_$10,4poXF3xo6Z8,0,1,0,1,1.666666627,inner_train
0,5423,4poXF3xo6Z8$_$13,4poXF3xo6Z8,0,1,0,1,0.6666666865,inner_train
0,5424,4poXF3xo6Z8$_$12,4poXF3xo6Z8,0,1,0,1,1.333333373,inner_train
0,5425,4poXF3xo6Z8$_$1,4poXF3xo6Z8,0,1,0,1,1.666666627,inner_train
0,5426,4poXF3xo6Z8$_$0,4poXF3xo6Z8,0,1,0,1,0,inner_train
0,5427,4poXF3xo6Z8$_$3,4poXF3xo6Z8,0,1,0,1,0.3333333433,inner_train
0,5428,4poXF3xo6Z8$_$2,4poXF3xo6Z8,0,1,0,1,1,inner_train
0,5429,4poXF3xo6Z8$_$5,4poXF3xo6Z8,0,1,0,1,0.6666666865,inner_train
0,5430,4poXF3xo6Z8$_$4,4poXF3xo6Z8,0,1,0,1,1,inner_train
0,5431,4poXF3xo6Z8$_$7,4poXF3xo6Z8,0,1,0,1,1,inner_train
0,5432,4poXF3xo6Z8$_$6,4poXF3xo6Z8,0,1,0,1,1.666666627,inner_train
0,5433,4poXF3xo6Z8$_$9,4poXF3xo6Z8,0,1,0,1,2,inner_train
0,5437,4qoB5a6dR3w$_$1,4qoB5a6dR3w,0,1,0,1,1,inner_train
0,5438,4qoB5a6dR3w$_$0,4qoB5a6dR3w,0,1,0,1,0.6666666865,inner_train
0,5439,4qoB5a6dR3w$_$3,4qoB5a6dR3w,0,1,0,1,2,inner_train
0,5440,4qoB5a6dR3w$_$2,4qoB5a6dR3w,0,1,0,1,2,inner_train
0,5441,4wdeBJ39Cuw$_$1,4wdeBJ39Cuw,0,0,0,0,-1,outer
0,5442,4wdeBJ39Cuw$_$0,4wdeBJ39Cuw,0,0,0,0,-1.333333373,outer
0,5443,4wdeBJ39Cuw$_$5,4wdeBJ39Cuw,0,0,0,0,-1,outer
0,5444,4wdeBJ39Cuw$_$4,4wdeBJ39Cuw,0,0,0,0,-0.6666666865,outer
0,5445,4wdeBJ39Cuw$_$7,4wdeBJ39Cuw,0,0,0,0,-1,outer
0,5446,4wuug3-5cWo$_$11,4wuug3-5cWo,0,1,1,0,-0.6666666865,inner_valid
0,5447,4wuug3-5cWo$_$10,4wuug3-5cWo,0,1,1,0,1.666666627,inner_valid
0,5448,4wuug3-5cWo$_$13,4wuug3-5cWo,0,1,1,0,0,inner_valid
0,5449,4wuug3-5cWo$_$12,4wuug3-5cWo,0,1,1,0,1.333333373,inner_valid
0,5450,4wuug3-5cWo$_$1,4wuug3-5cWo,0,1,1,0,1,inner_valid
0,5451,4wuug3-5cWo$_$0,4wuug3-5cWo,0,1,1,0,1.333333373,inner_valid
0,5452,4wuug3-5cWo$_$2,4wuug3-5cWo,0,1,1,0,1.333333373,inner_valid
0,5453,4wuug3-5cWo$_$5,4wuug3-5cWo,0,1,1,0,0.3333333433,inner_valid
0,5454,4wuug3-5cWo$_$4,4wuug3-5cWo,0,1,1,0,1,inner_valid
0,5455,4wuug3-5cWo$_$7,4wuug3-5cWo,0,1,1,0,0.6666666865,inner_valid
0,5456,4wuug3-5cWo$_$6,4wuug3-5cWo,0,1,1,0,1.333333373,inner_valid
0,5457,4wuug3-5cWo$_$9,4wuug3-5cWo,0,1,1,0,0.3333333433,inner_valid
0,5458,4wuug3-5cWo$_$8,4wuug3-5cWo,0,1,1,0,0.3333333433,inner_valid
0,5459,50453$_$11,50453,0,1,0,0,-1,inner_train
0,5460,50453$_$10,50453,0,1,0,0,-1.666666627,inner_train
0,5461,50453$_$12,50453,0,1,0,0,-0.6666666865,inner_train
0,5462,50453$_$1,50453,0,1,0,0,-2.333333254,inner_train
0,5463,50453$_$0,50453,0,1,0,0,1.333333373,inner_train
0,5464,50453$_$3,50453,0,1,0,0,0,inner_train
0,5465,50453$_$2,50453,0,1,0,0,0.6666666865,inner_train
0,5466,50453$_$5,50453,0,1,0,0,0,inner_train
0,5467,50453$_$4,50453,0,1,0,0,0.3333333433,inner_train
0,5468,50453$_$7,50453,0,1,0,0,-1,inner_train
0,5469,50453$_$6,50453,0,1,0,0,0.6666666865,inner_train
0,5470,50453$_$9,50453,0,1,0,0,-1,inner_train
0,5471,50453$_$8,50453,0,1,0,0,0,inner_train
0,5472,51224$_$1,51224,0,1,0,0,-0.6666666865,inner_valid
0,5473,51224$_$0,51224,0,1,0,0,0.3333333433,inner_valid
0,5474,51224$_$3,51224,0,1,0,0,1,inner_valid
0,5475,51224$_$2,51224,0,1,0,0,0,inner_valid
0,5476,51224$_$5,51224,0,1,0,0,0,inner_valid
0,5477,51224$_$4,51224,0,1,0,0,-2,inner_valid
0,5478,51224$_$7,51224,0,1,0,0,-0.6666666865,inner_valid
0,5479,51224$_$6,51224,0,1,0,0,-1.333333373,inner_valid
0,5480,51224$_$9,51224,0,1,0,0,0,inner_valid
0,5481,51224$_$8,51224,0,1,0,0,-1,inner_valid
0,5518,53742$_$11,53742,0,1,0,0,-1.333333373,outer
0,5519,53742$_$10,53742,0,1,0,0,0.3333333433,outer
0,5520,53742$_$1,53742,0,1,0,0,0,outer
0,5521,53742$_$0,53742,0,1,0,0,-0.3333333433,outer
0,5522,53742$_$3,53742,0,1,0,0,0,outer
0,5523,53742$_$2,53742,0,1,0,0,0,outer
0,5524,53742$_$5,53742,0,1,0,0,-2,outer
0,5525,53742$_$4,53742,0,1,0,0,-2,outer
0,5526,53742$_$7,53742,0,1,0,0,0,outer
0,5527,53742$_$6,53742,0,1,0,0,-1,outer
0,5528,53742$_$9,53742,0,1,0,0,-0.3333333433,outer
0,5529,53742$_$8,53742,0,1,0,0,0.6666666865,outer
0,5530,54CM1_GA-uw$_$0,54CM1_GA-uw,0,0,0,1,0,inner_train
0,5531,54CM1_GA-uw$_$2,54CM1_GA-uw,0,0,0,1,0.6666666865,inner_train
0,5545,55T4QNcdpOk$_$1,55T4QNcdpOk,0,1,0,0,0,inner_valid
0,5546,55T4QNcdpOk$_$3,55T4QNcdpOk,0,1,0,0,0,inner_valid
0,5547,55T4QNcdpOk$_$4,55T4QNcdpOk,0,1,0,0,-0.6666666865,inner_valid
0,5548,56006$_$11,56006,0,1,1,1,-1.666666627,inner_train
0,5549,56006$_$10,56006,0,1,1,1,-2,inner_train
0,5550,56006$_$12,56006,0,1,1,1,-2,inner_train
0,5551,56006$_$1,56006,0,1,1,1,0,inner_train
0,5552,56006$_$0,56006,0,1,1,1,0,inner_train
0,5553,56006$_$3,56006,0,1,1,1,1.666666627,inner_train
0,5554,56006$_$2,56006,0,1,1,1,0.3333333433,inner_train
0,5555,56006$_$5,56006,0,1,1,1,0,inner_train
0,5556,56006$_$4,56006,0,1,1,1,0.6666666865,inner_train
0,5557,56006$_$7,56006,0,1,1,1,-2.333333254,inner_train
0,5558,56006$_$6,56006,0,1,1,1,1.666666627,inner_train
0,5559,56006$_$9,56006,0,1,1,1,-1.666666627,inner_train
0,5560,56006$_$8,56006,0,1,1,1,-0.3333333433,inner_train
0,5561,56276$_$11,56276,0,0,0,0,-2,inner_train
0,5562,56276$_$10,56276,0,0,0,0,-2.666666746,inner_train
0,5563,56276$_$13,56276,0,0,0,0,-2,inner_train
0,5564,56276$_$12,56276,0,0,0,0,-2.333333254,inner_train
0,5565,56276$_$15,56276,0,0,0,0,-3,inner_train
0,5566,56276$_$14,56276,0,0,0,0,-2.666666746,inner_train
0,5567,56276$_$1,56276,0,0,0,0,-0.6666666865,inner_train
0,5568,56276$_$0,56276,0,0,0,0,1,inner_train
0,5569,56276$_$3,56276,0,0,0,0,-3,inner_train
0,5570,56276$_$2,56276,0,0,0,0,-3,inner_train
0,5571,56276$_$5,56276,0,0,0,0,-2,inner_train
0,5572,56276$_$4,56276,0,0,0,0,-2.666666746,inner_train
0,5573,56276$_$7,56276,0,0,0,0,0,inner_train
0,5574,56276$_$6,56276,0,0,0,0,-2.333333254,inner_train
0,5575,56276$_$9,56276,0,0,0,0,-1.666666627,inner_train
0,5576,56276$_$8,56276,0,0,0,0,0,inner_train
0,5577,57618$_$11,57618,0,1,0,0,-1.666666627,inner_train
0,5578,57618$_$10,57618,0,1,0,0,-1.666666627,inner_train
0,5579,57618$_$13,57618,0,1,0,0,-2.333333254,inner_train
0,5580,57618$_$12,57618,0,1,0,0,-1.666666627,inner_train
0,5581,57618$_$15,57618,0,1,0,0,-2.333333254,inner_train
0,5582,57618$_$14,57618,0,1,0,0,-1.666666627,inner_train
0,5583,57618$_$16,57618,0,1,0,0,-1,inner_train
0,5584,57618$_$1,57618,0,1,0,0,0,inner_train
0,5585,57618$_$0,57618,0,1,0,0,0,inner_train
0,5586,57618$_$3,57618,0,1,0,0,2.333333254,inner_train
0,5587,57618$_$2,57618,0,1,0,0,-1,inner_train
0,5588,57618$_$5,57618,0,1,0,0,-2.333333254,inner_train
0,5589,57618$_$4,57618,0,1,0,0,-2,inner_train
0,5590,57618$_$7,57618,0,1,0,0,-1.666666627,inner_train
0,5591,57618$_$6,57618,0,1,0,0,-1,inner_train
0,5592,57618$_$9,57618,0,1,0,0,-1.666666627,inner_train
0,5593,57618$_$8,57618,0,1,0,0,-2,inner_train
0,5594,59333$_$11,59333,0,1,0,0,-0.6666666865,outer
0,5595,59333$_$10,59333,0,1,0,0,0.3333333433,outer
0,5596,59333$_$13,59333,0,1,0,0,0,outer
0,5597,59333$_$12,59333,0,1,0,0,-1,outer
0,5598,59333$_$15,59333,0,1,0,0,-2.333333254,outer
0,5599,59333$_$14,59333,0,1,0,0,0,outer
0,5600,59333$_$17,59333,0,1,0,0,-1.333333373,outer
0,5601,59333$_$16,59333,0,1,0,0,-1.333333373,outer
0,5602,59333$_$19,59333,0,1,0,0,0,outer
0,5603,59333$_$18,59333,0,1,0,0,0.6666666865,outer
0,5604,59333$_$1,59333,0,1,0,0,-2,outer
0,5605,59333$_$0,59333,0,1,0,0,0,outer
0,5606,59333$_$3,59333,0,1,0,0,-1.666666627,outer
0,5607,59333$_$2,59333,0,1,0,0,-2,outer
0,5608,59333$_$5,59333,0,1,0,0,1.666666627,outer
0,5609,59333$_$4,59333,0,1,0,0,0,outer
0,5610,59333$_$7,59333,0,1,0,0,0.6666666865,outer
0,5611,59333$_$6,59333,0,1,0,0,0,outer
0,5612,59333$_$9,59333,0,1,0,0,0.3333333433,outer
0,5613,59333$_$8,59333,0,1,0,0,-0.6666666865,outer
0,5616,5FbzKjx3Lho$_$1,5FbzKjx3Lho,0,0,0,0,0,inner_train
0,5617,5FbzKjx3Lho$_$0,5FbzKjx3Lho,0,0,0,0,0.3333333433,inner_train
0,5618,5FbzKjx3Lho$_$3,5FbzKjx3Lho,0,0,0,0,1,inner_train
0,5624,5HjbZAbB-Lg$_$1,5HjbZAbB-Lg,0,1,0,0,-1.333333373,inner_valid
0,5625,5HjbZAbB-Lg$_$0,5HjbZAbB-Lg,0,1,0,0,1.666666627,inner_valid
0,5626,5HjbZAbB-Lg$_$3,5HjbZAbB-Lg,0,1,0,0,1.333333373,inner_valid
0,5630,5JMpMKAO-Mk$_$8,5JMpMKAO-Mk,0,1,0,1,0.3333333433,inner_train
0,5631,5JMpMKAO-Mk$_$5,5JMpMKAO-Mk,0,1,0,1,0.6666666865,inner_train
0,5632,5JMpMKAO-Mk$_$7,5JMpMKAO-Mk,0,1,0,1,0.6666666865,inner_train
0,5633,5OLO6zEbrVw$_$1,5OLO6zEbrVw,0,0,0,0,0,inner_train
0,5634,5OLO6zEbrVw$_$0,5OLO6zEbrVw,0,0,0,0,0,inner_train
0,5635,5OLO6zEbrVw$_$3,5OLO6zEbrVw,0,0,0,0,0,inner_train
0,5636,5OLO6zEbrVw$_$4,5OLO6zEbrVw,0,0,0,0,-0.6666666865,inner_train
0,5640,5PqwxUYIe3c$_$11,5PqwxUYIe3c,0,0,0,0,1.666666627,inner_train
0,5641,5PqwxUYIe3c$_$18,5PqwxUYIe3c,0,0,0,0,0.6666666865,inner_train
0,5642,5PqwxUYIe3c$_$13,5PqwxUYIe3c,0,0,0,0,1,inner_train
0,5643,5PqwxUYIe3c$_$6,5PqwxUYIe3c,0,0,0,0,0,inner_train
0,5660,5VKMctXBN9M$_$8,5VKMctXBN9M,0,0,0,0,0,inner_valid
0,5661,5VKMctXBN9M$_$3,5VKMctXBN9M,0,0,0,0,0.3333333433,inner_valid
0,5662,5VKMctXBN9M$_$2,5VKMctXBN9M,0,0,0,0,0.3333333433,inner_valid
0,5663,5VKMctXBN9M$_$4,5VKMctXBN9M,0,0,0,0,-1.333333373,inner_valid
0,5664,5XX0csik6VQ$_$1,5XX0csik6VQ,0,1,1,0,0.6666666865,inner_train
0,5665,5XX0csik6VQ$_$0,5XX0csik6VQ,0,1,1,0,0.3333333433,inner_train
0,5666,5XX0csik6VQ$_$3,5XX0csik6VQ,0,1,1,0,0,inner_train
0,5667,5XX0csik6VQ$_$5,5XX0csik6VQ,0,1,1,0,0.3333333433,inner_train
0,5668,5XX0csik6VQ$_$4,5XX0csik6VQ,0,1,1,0,0,inner_train
0,5681,5hXC8JbiLd8$_$13,5hXC8JbiLd8,0,1,0,0,1.666666627,inner_train
0,5682,5hXC8JbiLd8$_$2,5hXC8JbiLd8,0,1,0,0,0,inner_train
0,5695,5qxZFmIaynE$_$24,5qxZFmIaynE,0,0,0,0,0,inner_train
0,5696,5qxZFmIaynE$_$10,5qxZFmIaynE,0,0,0,0,0.3333333433,inner_train
0,5697,5qxZFmIaynE$_$39,5qxZFmIaynE,0,0,0,0,0,inner_train
0,5698,5qxZFmIaynE$_$27,5qxZFmIaynE,0,0,0,0,-0.6666666865,inner_train
0,5699,5qxZFmIaynE$_$15,5qxZFmIaynE,0,0,0,0,0.3333333433,inner_train
0,5700,5qxZFmIaynE$_$17,5qxZFmIaynE,0,0,0,0,0,inner_train
0,5701,5qxZFmIaynE$_$22,5qxZFmIaynE,0,0,0,0,0.3333333433,inner_train
0,5702,5qxZFmIaynE$_$32,5qxZFmIaynE,0,0,0,0,0.6666666865,inner_train
0,5703,5qxZFmIaynE$_$30,5qxZFmIaynE,0,0,0,0,0,inner_train
0,5704,5qxZFmIaynE$_$28,5qxZFmIaynE,0,0,0,0,-0.3333333433,inner_train
0,5705,5qxZFmIaynE$_$29,5qxZFmIaynE,0,0,0,0,0,inner_train
0,5706,5qxZFmIaynE$_$35,5qxZFmIaynE,0,0,0,0,0.3333333433,inner_train
0,5707,5qxZFmIaynE$_$34,5qxZFmIaynE,0,0,0,0,0,inner_train
0,5708,5qxZFmIaynE$_$2,5qxZFmIaynE,0,0,0,0,0,inner_train
0,5709,5qxZFmIaynE$_$5,5qxZFmIaynE,0,0,0,0,0.3333333433,inner_train
0,5710,5qxZFmIaynE$_$4,5qxZFmIaynE,0,0,0,0,0,inner_train
0,5711,5qxZFmIaynE$_$7,5qxZFmIaynE,0,0,0,0,0,inner_train
0,5712,5qxZFmIaynE$_$9,5qxZFmIaynE,0,0,0,0,0,inner_train
0,5713,5qxZFmIaynE$_$20,5qxZFmIaynE,0,0,0,0,0.3333333433,inner_train
0,5714,5qxZFmIaynE$_$13,5qxZFmIaynE,0,0,0,0,0.3333333433,inner_train
0,5715,5qxZFmIaynE$_$14,5qxZFmIaynE,0,0,0,0,0.3333333433,inner_train
0,5716,5sDBK-lP8Pg$_$1,5sDBK-lP8Pg,0,1,0,0,1,inner_train
0,5717,5sDBK-lP8Pg$_$3,5sDBK-lP8Pg,0,1,0,0,0.3333333433,inner_train
0,5731,6-0bcijTR8k$_$0,6-0bcijTR8k,0,1,0,1,2.666666746,inner_train
0,5732,60037$_$11,60037,0,0,1,0,0.6666666865,inner_train
0,5733,60037$_$10,60037,0,0,1,0,0.6666666865,inner_train
0,5734,60037$_$13,60037,0,0,1,0,2.333333254,inner_train
0,5735,60037$_$12,60037,0,0,1,0,1,inner_train
0,5736,60037$_$15,60037,0,0,1,0,1.333333373,inner_train
0,5737,60037$_$14,60037,0,0,1,0,2.666666746,inner_train
0,5738,60037$_$16,60037,0,0,1,0,2.333333254,inner_train
0,5739,60037$_$1,60037,0,0,1,0,0.6666666865,inner_train
0,5740,60037$_$0,60037,0,0,1,0,0.6666666865,inner_train
0,5741,60037$_$3,60037,0,0,1,0,3,inner_train
0,5742,60037$_$2,60037,0,0,1,0,3,inner_train
0,5743,60037$_$5,60037,0,0,1,0,1,inner_train
0,5744,60037$_$4,60037,0,0,1,0,2,inner_train
0,5745,60037$_$7,60037,0,0,1,0,0.3333333433,inner_train
0,5746,60037$_$6,60037,0,0,1,0,0,inner_train
0,5747,60037$_$9,60037,0,0,1,0,0.3333333433,inner_train
0,5748,60037$_$8,60037,0,0,1,0,0.3333333433,inner_train
0,5752,65kkuNV921k$_$13,65kkuNV921k,0,0,0,1,0,inner_train
0,5753,65kkuNV921k$_$15,65kkuNV921k,0,0,0,1,-0.6666666865,inner_train
0,5754,65kkuNV921k$_$21,65kkuNV921k,0,0,0,1,-0.3333333433,inner_train
0,5755,65kkuNV921k$_$22,65kkuNV921k,0,0,0,1,-0.3333333433,inner_train
0,5756,65kkuNV921k$_$23,65kkuNV921k,0,0,0,1,-0.6666666865,inner_train
0,5757,65kkuNV921k$_$33,65kkuNV921k,0,0,0,1,0,inner_train
0,5758,65kkuNV921k$_$30,65kkuNV921k,0,0,0,1,0,inner_train
0,5759,65kkuNV921k$_$26,65kkuNV921k,0,0,0,1,-0.6666666865,inner_train
0,5760,65kkuNV921k$_$34,65kkuNV921k,0,0,0,1,0.6666666865,inner_train
0,5761,65kkuNV921k$_$1,65kkuNV921k,0,0,0,1,0.3333333433,inner_train
0,5762,65kkuNV921k$_$0,65kkuNV921k,0,0,0,1,0.3333333433,inner_train
0,5763,65kkuNV921k$_$3,65kkuNV921k,0,0,0,1,-1.666666627,inner_train
0,5764,65kkuNV921k$_$5,65kkuNV921k,0,0,0,1,-1.333333373,inner_train
0,5765,65kkuNV921k$_$4,65kkuNV921k,0,0,0,1,-1.333333373,inner_train
0,5766,65kkuNV921k$_$7,65kkuNV921k,0,0,0,1,-0.6666666865,inner_train
0,5767,65kkuNV921k$_$6,65kkuNV921k,0,0,0,1,-1,inner_train
0,5768,663uRzFOfrg$_$8,663uRzFOfrg,0,1,0,0,0.3333333433,inner_train
0,5769,663uRzFOfrg$_$5,663uRzFOfrg,0,1,0,0,-0.3333333433,inner_train
0,5799,6MYUY5tC2Us$_$1,6MYUY5tC2Us,0,0,0,0,0.3333333433,inner_train
0,5800,6MYUY5tC2Us$_$0,6MYUY5tC2Us,0,0,0,0,0,inner_train
0,5801,6MYUY5tC2Us$_$2,6MYUY5tC2Us,0,0,0,0,0,inner_train
0,5802,6MYUY5tC2Us$_$5,6MYUY5tC2Us,0,0,0,0,0.3333333433,inner_train
0,5803,6MYUY5tC2Us$_$4,6MYUY5tC2Us,0,0,0,0,0,inner_train
0,5804,6MYUY5tC2Us$_$7,6MYUY5tC2Us,0,0,0,0,1,inner_train
0,5805,6MYUY5tC2Us$_$6,6MYUY5tC2Us,0,0,0,0,0.3333333433,inner_train
0,5819,6T1GHj7qwYs$_$0,6T1GHj7qwYs,0,0,0,0,1.333333373,outer
0,5820,6T1GHj7qwYs$_$3,6T1GHj7qwYs,0,0,0,0,1.333333373,outer
0,5821,6T1GHj7qwYs$_$5,6T1GHj7qwYs,0,0,0,0,1.666666627,outer
0,5853,6_k3cw9_k-Y$_$1,6_k3cw9_k-Y,0,0,0,0,-1,inner_train
0,5854,6aoTjlvo0js$_$1,6aoTjlvo0js,0,0,0,0,0,inner_train
0,5855,6aoTjlvo0js$_$0,6aoTjlvo0js,0,0,0,0,0,inner_train
0,5856,6aoTjlvo0js$_$2,6aoTjlvo0js,0,0,0,0,0.3333333433,inner_train
0,5857,6aoTjlvo0js$_$5,6aoTjlvo0js,0,0,0,0,-0.3333333433,inner_train
0,5862,6ng8CZ0ULK4$_$11,6ng8CZ0ULK4,0,0,0,0,1,outer
0,5863,6ng8CZ0ULK4$_$10,6ng8CZ0ULK4,0,0,0,0,0.6666666865,outer
0,5864,6ng8CZ0ULK4$_$12,6ng8CZ0ULK4,0,0,0,0,0.6666666865,outer
0,5865,6ng8CZ0ULK4$_$1,6ng8CZ0ULK4,0,0,0,0,0.3333333433,outer
0,5866,6ng8CZ0ULK4$_$0,6ng8CZ0ULK4,0,0,0,0,1,outer
0,5867,6ng8CZ0ULK4$_$3,6ng8CZ0ULK4,0,0,0,0,0,outer
0,5868,6ng8CZ0ULK4$_$2,6ng8CZ0ULK4,0,0,0,0,1,outer
0,5869,6ng8CZ0ULK4$_$4,6ng8CZ0ULK4,0,0,0,0,0.6666666865,outer
0,5870,6ng8CZ0ULK4$_$7,6ng8CZ0ULK4,0,0,0,0,2,outer
0,5871,6ng8CZ0ULK4$_$6,6ng8CZ0ULK4,0,0,0,0,0,outer
0,5872,6ng8CZ0ULK4$_$9,6ng8CZ0ULK4,0,0,0,0,1.333333373,outer
0,5873,6ng8CZ0ULK4$_$8,6ng8CZ0ULK4,0,0,0,0,0.6666666865,outer
0,5888,6qPjYvdZiLA$_$7,6qPjYvdZiLA,0,0,0,0,-0.3333333433,inner_valid
0,5897,6slq62RwH3Q$_$11,6slq62RwH3Q,0,0,0,0,0,outer
0,5898,6slq62RwH3Q$_$10,6slq62RwH3Q,0,0,0,0,1.666666627,outer
0,5899,6slq62RwH3Q$_$12,6slq62RwH3Q,0,0,0,0,2.333333254,outer
0,5900,6slq62RwH3Q$_$1,6slq62RwH3Q,0,0,0,0,2.666666746,outer
0,5901,6slq62RwH3Q$_$0,6slq62RwH3Q,0,0,0,0,0.6666666865,outer
0,5902,6slq62RwH3Q$_$3,6slq62RwH3Q,0,0,0,0,1.666666627,outer
0,5903,6slq62RwH3Q$_$2,6slq62RwH3Q,0,0,0,0,2,outer
0,5904,6slq62RwH3Q$_$4,6slq62RwH3Q,0,0,0,0,2.666666746,outer
0,5905,6slq62RwH3Q$_$7,6slq62RwH3Q,0,0,0,0,1.333333373,outer
0,5906,6slq62RwH3Q$_$6,6slq62RwH3Q,0,0,0,0,2.333333254,outer
0,5907,6slq62RwH3Q$_$9,6slq62RwH3Q,0,0,0,0,2,outer
0,5915,6xvVFYR5di0$_$1,6xvVFYR5di0,0,1,1,0,0.6666666865,inner_train
0,5916,6xvVFYR5di0$_$0,6xvVFYR5di0,0,1,1,0,2,inner_train
0,5917,6xvVFYR5di0$_$3,6xvVFYR5di0,0,1,1,0,0.6666666865,inner_train
0,5918,6xvVFYR5di0$_$5,6xvVFYR5di0,0,1,1,0,0,inner_train
0,5919,6xvVFYR5di0$_$4,6xvVFYR5di0,0,1,1,0,0,inner_train
0,5920,6xvVFYR5di0$_$6,6xvVFYR5di0,0,1,1,0,0,inner_train
0,5921,6xvVFYR5di0$_$9,6xvVFYR5di0,0,1,1,0,0,inner_train
0,5922,6xvVFYR5di0$_$8,6xvVFYR5di0,0,1,1,0,0,inner_train
0,5923,6zjv1TLqfF0$_$11,6zjv1TLqfF0,0,1,0,0,0.3333333433,inner_train
0,5924,6zjv1TLqfF0$_$10,6zjv1TLqfF0,0,1,0,0,0,inner_train
0,5925,6zjv1TLqfF0$_$13,6zjv1TLqfF0,0,1,0,0,0,inner_train
0,5926,6zjv1TLqfF0$_$12,6zjv1TLqfF0,0,1,0,0,0,inner_train
0,5927,6zjv1TLqfF0$_$1,6zjv1TLqfF0,0,1,0,0,0,inner_train
0,5928,6zjv1TLqfF0$_$3,6zjv1TLqfF0,0,1,0,0,1,inner_train
0,5929,6zjv1TLqfF0$_$2,6zjv1TLqfF0,0,1,0,0,0.3333333433,inner_train
0,5930,6zjv1TLqfF0$_$5,6zjv1TLqfF0,0,1,0,0,0.6666666865,inner_train
0,5931,6zjv1TLqfF0$_$4,6zjv1TLqfF0,0,1,0,0,0.6666666865,inner_train
0,5932,6zjv1TLqfF0$_$7,6zjv1TLqfF0,0,1,0,0,0,inner_train
0,5933,6zjv1TLqfF0$_$6,6zjv1TLqfF0,0,1,0,0,0,inner_train
0,5934,6zjv1TLqfF0$_$9,6zjv1TLqfF0,0,1,0,0,0,inner_train
0,5935,70420$_$11,70420,0,1,0,0,0,inner_train
0,5936,70420$_$10,70420,0,1,0,0,-1.333333373,inner_train
0,5937,70420$_$13,70420,0,1,0,0,0,inner_train
0,5938,70420$_$12,70420,0,1,0,0,0.6666666865,inner_train
0,5939,70420$_$15,70420,0,1,0,0,0.3333333433,inner_train
0,5940,70420$_$14,70420,0,1,0,0,1.333333373,inner_train
0,5941,70420$_$17,70420,0,1,0,0,0,inner_train
0,5942,70420$_$16,70420,0,1,0,0,0,inner_train
0,5943,70420$_$18,70420,0,1,0,0,1,inner_train
0,5944,70420$_$1,70420,0,1,0,0,-1,inner_train
0,5945,70420$_$0,70420,0,1,0,0,0.3333333433,inner_train
0,5946,70420$_$3,70420,0,1,0,0,0.3333333433,inner_train
0,5947,70420$_$2,70420,0,1,0,0,0,inner_train
0,5948,70420$_$5,70420,0,1,0,0,-0.3333333433,inner_train
0,5949,70420$_$4,70420,0,1,0,0,-0.6666666865,inner_train
0,5950,70420$_$7,70420,0,1,0,0,0,inner_train
0,5951,70420$_$6,70420,0,1,0,0,-0.3333333433,inner_train
0,5952,70420$_$9,70420,0,1,0,0,-1,inner_train
0,5953,70420$_$8,70420,0,1,0,0,0,inner_train
0,5975,72385$_$24,72385,0,1,0,0,-1.666666627,inner_train
0,5976,72385$_$20,72385,0,1,0,0,-2.333333254,inner_train
0,5977,72385$_$21,72385,0,1,0,0,1,inner_train
0,5978,72385$_$22,72385,0,1,0,0,-2.333333254,inner_train
0,5979,72385$_$23,72385,0,1,0,0,-0.6666666865,inner_train
0,5980,72385$_$1,72385,0,1,0,0,-1.666666627,inner_train
0,5981,72385$_$0,72385,0,1,0,0,0.3333333433,inner_train
0,5982,72385$_$2,72385,0,1,0,0,0,inner_train
0,5983,72385$_$5,72385,0,1,0,0,-3,inner_train
0,5984,72385$_$4,72385,0,1,0,0,0,inner_train
0,5985,72385$_$7,72385,0,1,0,0,-1.666666627,inner_train
0,5986,72385$_$6,72385,0,1,0,0,-1,inner_train
0,5987,72385$_$9,72385,0,1,0,0,0,inner_train
0,5988,72385$_$8,72385,0,1,0,0,0,inner_train
0,5989,72385$_$11,72385,0,1,0,0,-0.6666666865,inner_train
0,5990,72385$_$10,72385,0,1,0,0,-0.3333333433,inner_train
0,5991,72385$_$13,72385,0,1,0,0,-0.3333333433,inner_train
0,5992,72385$_$12,72385,0,1,0,0,0,inner_train
0,5993,72385$_$15,72385,0,1,0,0,-0.3333333433,inner_train
0,5994,72385$_$14,72385,0,1,0,0,0,inner_train
0,5995,72385$_$17,72385,0,1,0,0,-2.666666746,inner_train
0,5996,72385$_$16,72385,0,1,0,0,-3,inner_train
0,5997,72385$_$19,72385,0,1,0,0,-1.666666627,inner_train
0,5998,72385$_$18,72385,0,1,0,0,-3,inner_train
0,6026,73449$_$11,73449,0,0,0,0,-0.3333333433,outer
0,6027,73449$_$10,73449,0,0,0,0,-0.3333333433,outer
0,6028,73449$_$13,73449,0,0,0,0,0,outer
0,6029,73449$_$12,73449,0,0,0,0,-2.666666746,outer
0,6030,73449$_$14,73449,0,0,0,0,-2.666666746,outer
0,6031,73449$_$1,73449,0,0,0,0,-1.333333373,outer
0,6032,73449$_$0,73449,0,0,0,0,-0.3333333433,outer
0,6033,73449$_$3,73449,0,0,0,0,0.6666666865,outer
0,6034,73449$_$2,73449,0,0,0,0,0.3333333433,outer
0,6035,73449$_$5,73449,0,0,0,0,0.3333333433,outer
0,6036,73449$_$4,73449,0,0,0,0,-1.333333373,outer
0,6037,73449$_$7,73449,0,0,0,0,0.6666666865,outer
0,6038,73449$_$6,73449,0,0,0,0,0.3333333433,outer
0,6039,73449$_$9,73449,0,0,0,0,-0.6666666865,outer
0,6040,73449$_$8,73449,0,0,0,0,0,outer
0,6041,74101$_$1,74101,0,0,1,0,0,inner_train
0,6042,74101$_$0,74101,0,0,1,0,0,inner_train
0,6043,74101$_$3,74101,0,0,1,0,-2,inner_train
0,6044,74101$_$2,74101,0,0,1,0,0,inner_train
0,6045,74101$_$5,74101,0,0,1,0,-1,inner_train
0,6046,74101$_$4,74101,0,0,1,0,0.3333333433,inner_train
0,6047,74101$_$7,74101,0,0,1,0,-2,inner_train
0,6048,74101$_$6,74101,0,0,1,0,1,inner_train
0,6049,74101$_$8,74101,0,0,1,0,-2.666666746,inner_train
0,6096,76sN4tvbPGk$_$9,76sN4tvbPGk,0,0,0,0,-0.6666666865,inner_train
0,6097,76sN4tvbPGk$_$8,76sN4tvbPGk,0,0,0,0,0.3333333433,inner_train
0,6098,76sN4tvbPGk$_$12,76sN4tvbPGk,0,0,0,0,0,inner_train
0,6099,76sN4tvbPGk$_$4,76sN4tvbPGk,0,0,0,0,0,inner_train
0,6100,76sN4tvbPGk$_$14,76sN4tvbPGk,0,0,0,0,0.3333333433,inner_train
0,6101,78577$_$11,78577,0,1,0,0,-0.3333333433,inner_valid
0,6102,78577$_$10,78577,0,1,0,0,0,inner_valid
0,6103,78577$_$13,78577,0,1,0,0,-1.666666627,inner_valid
0,6104,78577$_$12,78577,0,1,0,0,-1.333333373,inner_valid
0,6105,78577$_$1,78577,0,1,0,0,1.333333373,inner_valid
0,6106,78577$_$0,78577,0,1,0,0,0.3333333433,inner_valid
0,6107,78577$_$3,78577,0,1,0,0,-0.6666666865,inner_valid
0,6108,78577$_$2,78577,0,1,0,0,-1.666666627,inner_valid
0,6109,78577$_$5,78577,0,1,0,0,2,inner_valid
0,6110,78577$_$4,78577,0,1,0,0,1.333333373,inner_valid
0,6111,78577$_$7,78577,0,1,0,0,0.3333333433,inner_valid
0,6112,78577$_$6,78577,0,1,0,0,-0.6666666865,inner_valid
0,6113,78577$_$9,78577,0,1,0,0,-0.3333333433,inner_valid
0,6114,78577$_$8,78577,0,1,0,0,-0.6666666865,inner_valid
0,6115,78Ncka6CY70$_$0,78Ncka6CY70,0,0,0,0,1.333333373,inner_valid
0,6116,79644$_$1,79644,0,1,0,0,0,inner_train
0,6117,79644$_$0,79644,0,1,0,0,0,inner_train
0,6118,79644$_$3,79644,0,1,0,0,-1.666666627,inner_train
0,6119,79644$_$2,79644,0,1,0,0,-2,inner_train
0,6120,79644$_$5,79644,0,1,0,0,-1.666666627,inner_train
0,6121,79644$_$4,79644,0,1,0,0,-1.333333373,inner_train
0,6129,79935$_$11,79935,0,0,0,0,0.3333333433,outer
0,6130,79935$_$10,79935,0,0,0,0,-1.333333373,outer
0,6131,79935$_$13,79935,0,0,0,0,-2,outer
0,6132,79935$_$12,79935,0,0,0,0,-2.666666746,outer
0,6133,79935$_$15,79935,0,0,0,0,-1.666666627,outer
0,6134,79935$_$14,79935,0,0,0,0,-2.666666746,outer
0,6135,79935$_$17,79935,0,0,0,0,0.3333333433,outer
0,6136,79935$_$16,79935,0,0,0,0,-2.666666746,outer
0,6137,79935$_$19,79935,0,0,0,0,-1.333333373,outer
0,6138,79935$_$18,79935,0,0,0,0,-2.333333254,outer
0,6139,79935$_$1,79935,0,0,0,0,-2.666666746,outer
0,6140,79935$_$0,79935,0,0,0,0,-2.333333254,outer
0,6141,79935$_$3,79935,0,0,0,0,-3,outer
0,6142,79935$_$2,79935,0,0,0,0,-2,outer
0,6143,79935$_$5,79935,0,0,0,0,-2,outer
0,6144,79935$_$4,79935,0,0,0,0,-2,outer
0,6145,79935$_$7,79935,0,0,0,0,-2.333333254,outer
0,6146,79935$_$6,79935,0,0,0,0,-1.333333373,outer
0,6147,79935$_$9,79935,0,0,0,0,-2.666666746,outer
0,6148,79935$_$8,79935,0,0,0,0,-1.666666627,outer
0,6151,7EWOMjaKlus$_$11,7EWOMjaKlus,0,0,0,0,2,inner_train
0,6152,7EWOMjaKlus$_$10,7EWOMjaKlus,0,0,0,0,1.666666627,inner_train
0,6153,7EWOMjaKlus$_$12,7EWOMjaKlus,0,0,0,0,-0.3333333433,inner_train
0,6154,7EWOMjaKlus$_$14,7EWOMjaKlus,0,0,0,0,1.333333373,inner_train
0,6155,7EWOMjaKlus$_$1,7EWOMjaKlus,0,0,0,0,0.3333333433,inner_train
0,6156,7EWOMjaKlus$_$0,7EWOMjaKlus,0,0,0,0,1,inner_train
0,6157,7EWOMjaKlus$_$3,7EWOMjaKlus,0,0,0,0,1,inner_train
0,6158,7EWOMjaKlus$_$2,7EWOMjaKlus,0,0,0,0,1,inner_train
0,6159,7EWOMjaKlus$_$5,7EWOMjaKlus,0,0,0,0,1.333333373,inner_train
0,6160,7EWOMjaKlus$_$4,7EWOMjaKlus,0,0,0,0,2,inner_train
0,6161,7EWOMjaKlus$_$7,7EWOMjaKlus,0,0,0,0,0,inner_train
0,6162,7EWOMjaKlus$_$6,7EWOMjaKlus,0,0,0,0,1.333333373,inner_train
0,6163,7EWOMjaKlus$_$9,7EWOMjaKlus,0,0,0,0,1.333333373,inner_train
0,6164,7EWOMjaKlus$_$8,7EWOMjaKlus,0,0,0,0,0.3333333433,inner_train
0,6165,7R70kKqtGh0$_$1,7R70kKqtGh0,0,1,0,0,1.333333373,inner_train
0,6166,7R70kKqtGh0$_$0,7R70kKqtGh0,0,1,0,0,1,inner_train
0,6167,7R70kKqtGh0$_$2,7R70kKqtGh0,0,1,0,0,2,inner_train
0,6168,7SsmaZZ7mz0$_$1,7SsmaZZ7mz0,0,1,0,0,1,outer
0,6169,7SsmaZZ7mz0$_$0,7SsmaZZ7mz0,0,1,0,0,1,outer
0,6170,7SsmaZZ7mz0$_$2,7SsmaZZ7mz0,0,1,0,0,2.666666746,outer
0,6171,7SsmaZZ7mz0$_$7,7SsmaZZ7mz0,0,1,0,0,1.333333373,outer
0,6177,7UlSX-syPeo$_$11,7UlSX-syPeo,0,0,0,1,1.666666627,inner_train
0,6178,7UlSX-syPeo$_$13,7UlSX-syPeo,0,0,0,1,1,inner_train
0,6179,7UlSX-syPeo$_$12,7UlSX-syPeo,0,0,0,1,1,inner_train
0,6180,7UlSX-syPeo$_$15,7UlSX-syPeo,0,0,0,1,1,inner_train
0,6181,7UlSX-syPeo$_$14,7UlSX-syPeo,0,0,0,1,0.3333333433,inner_train
0,6182,7UlSX-syPeo$_$17,7UlSX-syPeo,0,0,0,1,1.666666627,inner_train
0,6183,7UlSX-syPeo$_$16,7UlSX-syPeo,0,0,0,1,1.333333373,inner_train
0,6184,7UlSX-syPeo$_$19,7UlSX-syPeo,0,0,0,1,1,inner_train
0,6185,7UlSX-syPeo$_$18,7UlSX-syPeo,0,0,0,1,0.6666666865,inner_train
0,6186,7UlSX-syPeo$_$22,7UlSX-syPeo,0,0,0,1,1,inner_train
0,6187,7UlSX-syPeo$_$23,7UlSX-syPeo,0,0,0,1,1,inner_train
0,6188,7UlSX-syPeo$_$1,7UlSX-syPeo,0,0,0,1,0,inner_train
0,6189,7UlSX-syPeo$_$3,7UlSX-syPeo,0,0,0,1,1.333333373,inner_train
0,6190,7UlSX-syPeo$_$2,7UlSX-syPeo,0,0,0,1,1.666666627,inner_train
0,6191,7UlSX-syPeo$_$5,7UlSX-syPeo,0,0,0,1,1,inner_train
0,6192,7UlSX-syPeo$_$4,7UlSX-syPeo,0,0,0,1,0,inner_train
0,6193,7UlSX-syPeo$_$7,7UlSX-syPeo,0,0,0,1,0,inner_train
0,6194,7UlSX-syPeo$_$6,7UlSX-syPeo,0,0,0,1,1.333333373,inner_train
0,6195,7UlSX-syPeo$_$20,7UlSX-syPeo,0,0,0,1,1.666666627,inner_train
0,6196,7UlSX-syPeo$_$8,7UlSX-syPeo,0,0,0,1,0.6666666865,inner_train
0,6197,7UlSX-syPeo$_$21,7UlSX-syPeo,0,0,0,1,0.6666666865,inner_train
0,6203,7ZzbemE4QEE$_$24,7ZzbemE4QEE,0,0,0,0,0,outer
0,6204,7ZzbemE4QEE$_$25,7ZzbemE4QEE,0,0,0,0,-0.6666666865,outer
0,6205,7ZzbemE4QEE$_$26,7ZzbemE4QEE,0,0,0,0,0,outer
0,6206,7ZzbemE4QEE$_$27,7ZzbemE4QEE,0,0,0,0,0.3333333433,outer
0,6207,7ZzbemE4QEE$_$20,7ZzbemE4QEE,0,0,0,0,0,outer
0,6208,7ZzbemE4QEE$_$21,7ZzbemE4QEE,0,0,0,0,0.6666666865,outer
0,6209,7ZzbemE4QEE$_$22,7ZzbemE4QEE,0,0,0,0,0.3333333433,outer
0,6210,7ZzbemE4QEE$_$23,7ZzbemE4QEE,0,0,0,0,0.6666666865,outer
0,6211,7ZzbemE4QEE$_$28,7ZzbemE4QEE,0,0,0,0,1.333333373,outer
0,6212,7ZzbemE4QEE$_$29,7ZzbemE4QEE,0,0,0,0,0,outer
0,6213,7ZzbemE4QEE$_$1,7ZzbemE4QEE,0,0,0,0,0.3333333433,outer
0,6214,7ZzbemE4QEE$_$0,7ZzbemE4QEE,0,0,0,0,0.3333333433,outer
0,6215,7ZzbemE4QEE$_$3,7ZzbemE4QEE,0,0,0,0,0.6666666865,outer
0,6216,7ZzbemE4QEE$_$2,7ZzbemE4QEE,0,0,0,0,1.333333373,outer
0,6217,7ZzbemE4QEE$_$5,7ZzbemE4QEE,0,0,0,0,1.333333373,outer
0,6218,7ZzbemE4QEE$_$4,7ZzbemE4QEE,0,0,0,0,0.3333333433,outer
0,6219,7ZzbemE4QEE$_$7,7ZzbemE4QEE,0,0,0,0,0.3333333433,outer
0,6220,7ZzbemE4QEE$_$6,7ZzbemE4QEE,0,0,0,0,-1,outer
0,6221,7ZzbemE4QEE$_$9,7ZzbemE4QEE,0,0,0,0,1,outer
0,6222,7ZzbemE4QEE$_$8,7ZzbemE4QEE,0,0,0,0,0,outer
0,6223,7ZzbemE4QEE$_$39,7ZzbemE4QEE,0,0,0,0,0,outer
0,6224,7ZzbemE4QEE$_$38,7ZzbemE4QEE,0,0,0,0,1,outer
0,6225,7ZzbemE4QEE$_$11,7ZzbemE4QEE,0,0,0,0,-0.3333333433,outer
0,6226,7ZzbemE4QEE$_$10,7ZzbemE4QEE,0,0,0,0,0.3333333433,outer
0,6227,7ZzbemE4QEE$_$13,7ZzbemE4QEE,0,0,0,0,1,outer
0,6228,7ZzbemE4QEE$_$12,7ZzbemE4QEE,0,0,0,0,-0.3333333433,outer
0,6229,7ZzbemE4QEE$_$15,7ZzbemE4QEE,0,0,0,0,0.3333333433,outer
0,6230,7ZzbemE4QEE$_$14,7ZzbemE4QEE,0,0,0,0,-1,outer
0,6231,7ZzbemE4QEE$_$17,7ZzbemE4QEE,0,0,0,0,1,outer
0,6232,7ZzbemE4QEE$_$16,7ZzbemE4QEE,0,0,0,0,1,outer
0,6233,7ZzbemE4QEE$_$33,7ZzbemE4QEE,0,0,0,0,0,outer
0,6234,7ZzbemE4QEE$_$18,7ZzbemE4QEE,0,0,0,0,0,outer
0,6235,7ZzbemE4QEE$_$31,7ZzbemE4QEE,0,0,0,0,0.3333333433,outer
0,6236,7ZzbemE4QEE$_$30,7ZzbemE4QEE,0,0,0,0,0.3333333433,outer
0,6237,7ZzbemE4QEE$_$37,7ZzbemE4QEE,0,0,0,0,1.333333373,outer
0,6238,7ZzbemE4QEE$_$36,7ZzbemE4QEE,0,0,0,0,0.6666666865,outer
0,6239,7ZzbemE4QEE$_$35,7ZzbemE4QEE,0,0,0,0,0.6666666865,outer
0,6240,7ZzbemE4QEE$_$34,7ZzbemE4QEE,0,0,0,0,0,outer
0,6241,7ZzbemE4QEE$_$32,7ZzbemE4QEE,0,0,0,0,0,outer
0,6242,7eJqqvvziQo$_$1,7eJqqvvziQo,0,1,0,0,0.3333333433,inner_train
0,6243,7eJqqvvziQo$_$0,7eJqqvvziQo,0,1,0,0,2,inner_train
0,6244,7eJqqvvziQo$_$3,7eJqqvvziQo,0,1,0,0,0,inner_train
0,6245,7eJqqvvziQo$_$2,7eJqqvvziQo,0,1,0,0,1.666666627,inner_train
0,6246,7eJqqvvziQo$_$5,7eJqqvvziQo,0,1,0,0,0.3333333433,inner_train
0,6247,7eJqqvvziQo$_$4,7eJqqvvziQo,0,1,0,0,1.333333373,inner_train
0,6248,7eJqqvvziQo$_$7,7eJqqvvziQo,0,1,0,0,0.3333333433,inner_train
0,6249,7eJqqvvziQo$_$6,7eJqqvvziQo,0,1,0,0,1,inner_train
0,6265,7ifnoHhrMtA$_$12,7ifnoHhrMtA,0,0,0,0,1,inner_train
0,6266,7ifnoHhrMtA$_$15,7ifnoHhrMtA,0,0,0,0,0.3333333433,inner_train
0,6267,7ifnoHhrMtA$_$14,7ifnoHhrMtA,0,0,0,0,-0.3333333433,inner_train
0,6268,7ifnoHhrMtA$_$17,7ifnoHhrMtA,0,0,0,0,-0.3333333433,inner_train
0,6269,7ifnoHhrMtA$_$1,7ifnoHhrMtA,0,0,0,0,1,inner_train
0,6270,7ifnoHhrMtA$_$4,7ifnoHhrMtA,0,0,0,0,-0.6666666865,inner_train
0,6271,7ifnoHhrMtA$_$9,7ifnoHhrMtA,0,0,0,0,0.3333333433,inner_train
0,6276,7pZPQbMKGkY$_$1,7pZPQbMKGkY,0,1,0,0,0,inner_train
0,6277,7pZPQbMKGkY$_$0,7pZPQbMKGkY,0,1,0,0,0.6666666865,inner_train
0,6278,7pZPQbMKGkY$_$2,7pZPQbMKGkY,0,1,0,0,0,inner_train
0,6279,7pZPQbMKGkY$_$5,7pZPQbMKGkY,0,1,0,0,0,inner_train
0,6280,7pZPQbMKGkY$_$4,7pZPQbMKGkY,0,1,0,0,0.6666666865,inner_train
0,6281,7pZPQbMKGkY$_$7,7pZPQbMKGkY,0,1,0,0,1,inner_train
0,6282,7pZPQbMKGkY$_$6,7pZPQbMKGkY,0,1,0,0,0.6666666865,inner_train
0,6312,7sgAWvbLtiM$_$1,7sgAWvbLtiM,0,1,1,0,0,inner_train
0,6313,7sgAWvbLtiM$_$3,7sgAWvbLtiM,0,1,1,0,0.6666666865,inner_train
0,6314,7sgAWvbLtiM$_$2,7sgAWvbLtiM,0,1,1,0,1.666666627,inner_train
0,6315,7sgAWvbLtiM$_$5,7sgAWvbLtiM,0,1,1,0,0.3333333433,inner_train
0,6316,7sgAWvbLtiM$_$4,7sgAWvbLtiM,0,1,1,0,0.3333333433,inner_train
0,6317,7sgAWvbLtiM$_$7,7sgAWvbLtiM,0,1,1,0,0.3333333433,inner_train
0,6318,7sgAWvbLtiM$_$6,7sgAWvbLtiM,0,1,1,0,0,inner_train
0,6319,7sgAWvbLtiM$_$8,7sgAWvbLtiM,0,1,1,0,0.6666666865,inner_train
0,6321,7wiaDbpiAQ8$_$1,7wiaDbpiAQ8,0,0,0,0,0.6666666865,inner_train
0,6334,8-Hi9NmF4rM$_$1,8-Hi9NmF4rM,0,1,0,1,1,inner_valid
0,6335,8-Hi9NmF4rM$_$2,8-Hi9NmF4rM,0,1,0,1,2.333333254,inner_valid
0,6336,80620$_$10,80620,0,1,0,0,0,inner_train
0,6337,80620$_$1,80620,0,1,0,0,-0.3333333433,inner_train
0,6338,80620$_$0,80620,0,1,0,0,0.3333333433,inner_train
0,6339,80620$_$3,80620,0,1,0,0,-1.666666627,inner_train
0,6340,80620$_$2,80620,0,1,0,0,-2,inner_train
0,6341,80620$_$5,80620,0,1,0,0,-2,inner_train
0,6342,80620$_$4,80620,0,1,0,0,-1.666666627,inner_train
0,6343,80620$_$7,80620,0,1,0,0,-0.3333333433,inner_train
0,6344,80620$_$6,80620,0,1,0,0,-2.666666746,inner_train
0,6345,80620$_$9,80620,0,1,0,0,-1.666666627,inner_train
0,6346,80620$_$8,80620,0,1,0,0,0,inner_train
0,6378,80914$_$1,80914,0,1,1,0,-1,outer
0,6379,80914$_$0,80914,0,1,1,0,0.3333333433,outer
0,6380,80914$_$3,80914,0,1,1,0,0.3333333433,outer
0,6381,80914$_$2,80914,0,1,1,0,1.666666627,outer
0,6382,80914$_$5,80914,0,1,1,0,-1,outer
0,6383,80914$_$4,80914,0,1,1,0,1,outer
0,6384,80914$_$7,80914,0,1,1,0,-0.3333333433,outer
0,6385,80914$_$6,80914,0,1,1,0,0.3333333433,outer
0,6386,80914$_$8,80914,0,1,1,0,-2,outer
0,6387,81406$_$1,81406,0,0,0,1,-1,outer
0,6388,81406$_$0,81406,0,0,0,1,1,outer
0,6389,81406$_$3,81406,0,0,0,1,0.3333333433,outer
0,6390,81406$_$2,81406,0,0,0,1,-2.333333254,outer
0,6391,81406$_$5,81406,0,0,0,1,0,outer
0,6392,81406$_$4,81406,0,0,0,1,0.6666666865,outer
0,6393,81406$_$7,81406,0,0,0,1,-2,outer
0,6394,81406$_$6,81406,0,0,0,1,0,outer
0,6407,81615$_$1,81615,0,1,0,0,0,outer
0,6408,81615$_$0,81615,0,1,0,0,0.3333333433,outer
0,6409,81615$_$3,81615,0,1,0,0,1.666666627,outer
0,6410,81615$_$2,81615,0,1,0,0,-0.6666666865,outer
0,6411,81615$_$5,81615,0,1,0,0,-2.333333254,outer
0,6412,81615$_$4,81615,0,1,0,0,-1,outer
0,6413,81615$_$7,81615,0,1,0,0,-1,outer
0,6414,81615$_$6,81615,0,1,0,0,-1,outer
0,6424,83310$_$1,83310,0,0,0,0,-0.6666666865,inner_valid
0,6425,83310$_$0,83310,0,0,0,0,0,inner_valid
0,6426,83310$_$2,83310,0,0,0,0,-0.6666666865,inner_valid
0,6467,8404$_$11,8404,0,1,0,0,2,outer
0,6468,8404$_$10,8404,0,1,0,0,2,outer
0,6469,8404$_$13,8404,0,1,0,0,0.6666666865,outer
0,6470,8404$_$12,8404,0,1,0,0,2.333333254,outer
0,6471,8404$_$1,8404,0,1,0,0,-0.3333333433,outer
0,6472,8404$_$0,8404,0,1,0,0,0.3333333433,outer
0,6473,8404$_$3,8404,0,1,0,0,2.666666746,outer
0,6474,8404$_$2,8404,0,1,0,0,0.3333333433,outer
0,6475,8404$_$5,8404,0,1,0,0,3,outer
0,6476,8404$_$4,8404,0,1,0,0,3,outer
0,6477,8404$_$7,8404,0,1,0,0,1.333333373,outer
0,6478,8404$_$6,8404,0,1,0,0,2,outer
0,6479,8404$_$9,8404,0,1,0,0,2.333333254,outer
0,6480,8404$_$8,8404,0,1,0,0,2,outer
0,6505,84176$_$10,84176,0,1,0,0,-0.3333333433,inner_valid
0,6506,84176$_$1,84176,0,1,0,0,1.666666627,inner_valid
0,6507,84176$_$0,84176,0,1,0,0,2,inner_valid
0,6508,84176$_$3,84176,0,1,0,0,-1.666666627,inner_valid
0,6509,84176$_$2,84176,0,1,0,0,3,inner_valid
0,6510,84176$_$5,84176,0,1,0,0,0.3333333433,inner_valid
0,6511,84176$_$4,84176,0,1,0,0,0.3333333433,inner_valid
0,6512,84176$_$7,84176,0,1,0,0,1.333333373,inner_valid
0,6513,84176$_$6,84176,0,1,0,0,-1,inner_valid
0,6514,84176$_$9,84176,0,1,0,0,-2.333333254,inner_valid
0,6515,84176$_$8,84176,0,1,0,0,-3,inner_valid
0,6534,87400$_$11,87400,0,1,0,0,0,inner_train
0,6535,87400$_$10,87400,0,1,0,0,-1.333333373,inner_train
0,6536,87400$_$13,87400,0,1,0,0,2.666666746,inner_train
0,6537,87400$_$12,87400,0,1,0,0,1.666666627,inner_train
0,6538,87400$_$15,87400,0,1,0,0,-1.333333373,inner_train
0,6539,87400$_$14,87400,0,1,0,0,-0.3333333433,inner_train
0,6540,87400$_$17,87400,0,1,0,0,1,inner_train
0,6541,87400$_$16,87400,0,1,0,0,-1.333333373,inner_train
0,6542,87400$_$1,87400,0,1,0,0,-0.3333333433,inner_train
0,6543,87400$_$0,87400,0,1,0,0,0.6666666865,inner_train
0,6544,87400$_$3,87400,0,1,0,0,1,inner_train
0,6545,87400$_$2,87400,0,1,0,0,-1.666666627,inner_train
0,6546,87400$_$5,87400,0,1,0,0,-1,inner_train
0,6547,87400$_$4,87400,0,1,0,0,-0.6666666865,inner_train
0,6548,87400$_$7,87400,0,1,0,0,-2.333333254,inner_train
0,6549,87400$_$6,87400,0,1,0,0,0,inner_train
0,6550,87400$_$9,87400,0,1,0,0,2.666666746,inner_train
0,6551,87400$_$8,87400,0,1,0,0,1.333333373,inner_train
0,6552,87MsiC3E2-w$_$0,87MsiC3E2-w,0,1,0,0,0,inner_valid
0,6560,88245$_$1,88245,0,0,0,0,-0.3333333433,inner_train
0,6561,88245$_$0,88245,0,0,0,0,0.6666666865,inner_train
0,6562,88245$_$3,88245,0,0,0,0,-1.666666627,inner_train
0,6563,88245$_$2,88245,0,0,0,0,0,inner_train
0,6564,88245$_$5,88245,0,0,0,0,-2,inner_train
0,6565,88245$_$4,88245,0,0,0,0,-2,inner_train
0,6566,88245$_$7,88245,0,0,0,0,-2,inner_train
0,6567,88245$_$6,88245,0,0,0,0,-1,inner_train
0,6568,88797$_$11,88797,0,0,0,0,-1,inner_train
0,6569,88797$_$10,88797,0,0,0,0,-0.6666666865,inner_train
0,6570,88797$_$13,88797,0,0,0,0,-2.333333254,inner_train
0,6571,88797$_$12,88797,0,0,0,0,-0.3333333433,inner_train
0,6572,88797$_$1,88797,0,0,0,0,-2,inner_train
0,6573,88797$_$0,88797,0,0,0,0,0,inner_train
0,6574,88797$_$3,88797,0,0,0,0,0,inner_train
0,6575,88797$_$2,88797,0,0,0,0,0,inner_train
0,6576,88797$_$5,88797,0,0,0,0,1.333333373,inner_train
0,6577,88797$_$4,88797,0,0,0,0,-2.333333254,inner_train
0,6578,88797$_$7,88797,0,0,0,0,0,inner_train
0,6579,88797$_$6,88797,0,0,0,0,-1,inner_train
0,6580,88797$_$9,88797,0,0,0,0,0.3333333433,inner_train
0,6581,88797$_$8,88797,0,0,0,0,0,inner_train
0,6615,89787$_$11,89787,0,0,0,0,0,inner_train
0,6616,89787$_$10,89787,0,0,0,0,0,inner_train
0,6617,89787$_$12,89787,0,0,0,0,0,inner_train
0,6618,89787$_$15,89787,0,0,0,0,-0.6666666865,inner_train
0,6619,89787$_$14,89787,0,0,0,0,0,inner_train
0,6620,89787$_$17,89787,0,0,0,0,0.3333333433,inner_train
0,6621,89787$_$16,89787,0,0,0,0,0.6666666865,inner_train
0,6622,89787$_$19,89787,0,0,0,0,0,inner_train
0,6623,89787$_$18,89787,0,0,0,0,0.3333333433,inner_train
0,6624,89787$_$1,89787,0,0,0,0,-0.3333333433,inner_train
0,6625,89787$_$0,89787,0,0,0,0,-0.6666666865,inner_train
0,6626,89787$_$3,89787,0,0,0,0,-2,inner_train
0,6627,89787$_$2,89787,0,0,0,0,-1.666666627,inner_train
0,6628,89787$_$5,89787,0,0,0,0,-0.3333333433,inner_train
0,6629,89787$_$4,89787,0,0,0,0,1,inner_train
0,6630,89787$_$7,89787,0,0,0,0,-2,inner_train
0,6631,89787$_$6,89787,0,0,0,0,-1.333333373,inner_train
0,6632,89787$_$9,89787,0,0,0,0,-1.666666627,inner_train
0,6633,89787$_$20,89787,0,0,0,0,0,inner_train
0,6634,89787$_$8,89787,0,0,0,0,-0.6666666865,inner_train
0,6635,89787$_$21,89787,0,0,0,0,-2,inner_train
0,6636,89951$_$11,89951,0,1,0,0,1,inner_valid
0,6637,89951$_$10,89951,0,1,0,0,0,inner_valid
0,6638,89951$_$13,89951,0,1,0,0,0,inner_valid
0,6639,89951$_$12,89951,0,1,0,0,1,inner_valid
0,6640,89951$_$15,89951,0,1,0,0,-1.666666627,inner_valid
0,6641,89951$_$14,89951,0,1,0,0,-0.6666666865,inner_valid
0,6642,89951$_$1,89951,0,1,0,0,0,inner_valid
0,6643,89951$_$0,89951,0,1,0,0,0,inner_valid
0,6644,89951$_$3,89951,0,1,0,0,0,inner_valid
0,6645,89951$_$2,89951,0,1,0,0,0.3333333433,inner_valid
0,6646,89951$_$5,89951,0,1,0,0,-1.333333373,inner_valid
0,6647,89951$_$4,89951,0,1,0,0,0,inner_valid
0,6648,89951$_$7,89951,0,1,0,0,-1.666666627,inner_valid
0,6649,89951$_$6,89951,0,1,0,0,-1.333333373,inner_valid
0,6650,89951$_$9,89951,0,1,0,0,0,inner_valid
0,6651,89951$_$8,89951,0,1,0,0,0.3333333433,inner_valid
0,6681,8Lmqsakmw3M$_$20,8Lmqsakmw3M,0,0,0,0,0.3333333433,inner_valid
0,6682,8Lmqsakmw3M$_$21,8Lmqsakmw3M,0,0,0,0,1,inner_valid
0,6683,8Lmqsakmw3M$_$22,8Lmqsakmw3M,0,0,0,0,0.6666666865,inner_valid
0,6684,8Lmqsakmw3M$_$16,8Lmqsakmw3M,0,0,0,0,0,inner_valid
0,6685,8Lmqsakmw3M$_$19,8Lmqsakmw3M,0,0,0,0,1.666666627,inner_valid
0,6686,8Lmqsakmw3M$_$18,8Lmqsakmw3M,0,0,0,0,0.6666666865,inner_valid
0,6687,8Lmqsakmw3M$_$2,8Lmqsakmw3M,0,0,0,0,1,inner_valid
0,6688,8Lmqsakmw3M$_$5,8Lmqsakmw3M,0,0,0,0,1,inner_valid
0,6689,8Lmqsakmw3M$_$4,8Lmqsakmw3M,0,0,0,0,0,inner_valid
0,6690,8Lmqsakmw3M$_$9,8Lmqsakmw3M,0,0,0,0,0,inner_valid
0,6691,8Lmqsakmw3M$_$15,8Lmqsakmw3M,0,0,0,0,1,inner_valid
0,6692,8M0AlvtMrv8$_$1,8M0AlvtMrv8,0,0,0,0,1,inner_train
0,6693,8M0AlvtMrv8$_$0,8M0AlvtMrv8,0,0,0,0,1.333333373,inner_train
0,6694,8M0AlvtMrv8$_$6,8M0AlvtMrv8,0,0,0,0,-0.3333333433,inner_train
0,6695,8P0zm2oYDyY$_$1,8P0zm2oYDyY,0,0,0,0,1,outer
0,6696,8P0zm2oYDyY$_$0,8P0zm2oYDyY,0,0,0,0,-2.666666746,outer
0,6697,8P0zm2oYDyY$_$3,8P0zm2oYDyY,0,0,0,0,0,outer
0,6698,8P0zm2oYDyY$_$5,8P0zm2oYDyY,0,0,0,0,2,outer
0,6699,8P0zm2oYDyY$_$6,8P0zm2oYDyY,0,0,0,0,1.666666627,outer
0,6700,8UH0aPUf7sQ$_$2,8UH0aPUf7sQ,0,1,0,0,2,inner_train
0,6701,8VB6pdJTpX4$_$1,8VB6pdJTpX4,0,0,1,0,0.3333333433,inner_train
0,6702,8VB6pdJTpX4$_$0,8VB6pdJTpX4,0,0,1,0,0.6666666865,inner_train
0,6705,8X5tGQLBqPo$_$11,8X5tGQLBqPo,0,0,0,0,0.3333333433,inner_train
0,6706,8X5tGQLBqPo$_$10,8X5tGQLBqPo,0,0,0,0,0,inner_train
0,6707,8X5tGQLBqPo$_$13,8X5tGQLBqPo,0,0,0,0,0,inner_train
0,6708,8X5tGQLBqPo$_$15,8X5tGQLBqPo,0,0,0,0,0,inner_train
0,6709,8X5tGQLBqPo$_$14,8X5tGQLBqPo,0,0,0,0,-0.3333333433,inner_train
0,6710,8X5tGQLBqPo$_$17,8X5tGQLBqPo,0,0,0,0,0.6666666865,inner_train
0,6711,8X5tGQLBqPo$_$19,8X5tGQLBqPo,0,0,0,0,1.666666627,inner_train
0,6712,8X5tGQLBqPo$_$1,8X5tGQLBqPo,0,0,0,0,0.6666666865,inner_train
0,6713,8X5tGQLBqPo$_$5,8X5tGQLBqPo,0,0,0,0,0.3333333433,inner_train
0,6714,8X5tGQLBqPo$_$7,8X5tGQLBqPo,0,0,0,0,0,inner_train
0,6715,8X5tGQLBqPo$_$9,8X5tGQLBqPo,0,0,0,0,1.666666627,inner_train
0,6716,8X5tGQLBqPo$_$20,8X5tGQLBqPo,0,0,0,0,0.3333333433,inner_train
0,6723,8ovb-GaZ3QE$_$1,8ovb-GaZ3QE,0,1,0,0,-1.333333373,inner_train
0,6724,8ovb-GaZ3QE$_$0,8ovb-GaZ3QE,0,1,0,0,-0.6666666865,inner_train
0,6725,8ovb-GaZ3QE$_$3,8ovb-GaZ3QE,0,1,0,0,-1.666666627,inner_train
0,6726,8ovb-GaZ3QE$_$2,8ovb-GaZ3QE,0,1,0,0,0,inner_train
0,6727,8ovb-GaZ3QE$_$5,8ovb-GaZ3QE,0,1,0,0,1,inner_train
0,6728,8ovb-GaZ3QE$_$7,8ovb-GaZ3QE,0,1,0,0,1,inner_train
0,6729,8ovb-GaZ3QE$_$6,8ovb-GaZ3QE,0,1,0,0,1,inner_train
0,6730,8qCNtqjygW8$_$11,8qCNtqjygW8,0,0,0,0,-0.6666666865,inner_train
0,6731,8qCNtqjygW8$_$10,8qCNtqjygW8,0,0,0,0,1,inner_train
0,6732,8qCNtqjygW8$_$13,8qCNtqjygW8,0,0,0,0,0.3333333433,inner_train
0,6733,8qCNtqjygW8$_$12,8qCNtqjygW8,0,0,0,0,1.333333373,inner_train
0,6734,8qCNtqjygW8$_$14,8qCNtqjygW8,0,0,0,0,1,inner_train
0,6735,8qCNtqjygW8$_$1,8qCNtqjygW8,0,0,0,0,0.3333333433,inner_train
0,6736,8qCNtqjygW8$_$0,8qCNtqjygW8,0,0,0,0,0.3333333433,inner_train
0,6737,8qCNtqjygW8$_$3,8qCNtqjygW8,0,0,0,0,1.333333373,inner_train
0,6738,8qCNtqjygW8$_$5,8qCNtqjygW8,0,0,0,0,0.3333333433,inner_train
0,6739,8qCNtqjygW8$_$7,8qCNtqjygW8,0,0,0,0,-0.3333333433,inner_train
0,6740,8qCNtqjygW8$_$6,8qCNtqjygW8,0,0,0,0,0.3333333433,inner_train
0,6741,8qCNtqjygW8$_$9,8qCNtqjygW8,0,0,0,0,0.6666666865,inner_train
0,6742,8qCNtqjygW8$_$8,8qCNtqjygW8,0,0,0,0,0,inner_train
0,6743,8u5aet7s9_w$_$11,8u5aet7s9_w,0,1,1,0,1,inner_train
0,6744,8u5aet7s9_w$_$13,8u5aet7s9_w,0,1,1,0,0.3333333433,inner_train
0,6745,8u5aet7s9_w$_$12,8u5aet7s9_w,0,1,1,0,0.6666666865,inner_train
0,6746,8u5aet7s9_w$_$14,8u5aet7s9_w,0,1,1,0,-0.6666666865,inner_train
0,6747,8u5aet7s9_w$_$1,8u5aet7s9_w,0,1,1,0,0.6666666865,inner_train
0,6748,8u5aet7s9_w$_$0,8u5aet7s9_w,0,1,1,0,0.3333333433,inner_train
0,6749,8u5aet7s9_w$_$3,8u5aet7s9_w,0,1,1,0,0,inner_train
0,6750,8u5aet7s9_w$_$2,8u5aet7s9_w,0,1,1,0,0.6666666865,inner_train
0,6751,8u5aet7s9_w$_$4,8u5aet7s9_w,0,1,1,0,0,inner_train
0,6752,8u5aet7s9_w$_$8,8u5aet7s9_w,0,1,1,0,2.333333254,inner_train
0,6758,8xfW_azeNPk$_$11,8xfW_azeNPk,0,0,0,0,0.6666666865,inner_valid
0,6759,8xfW_azeNPk$_$10,8xfW_azeNPk,0,0,0,0,0,inner_valid
0,6760,8xfW_azeNPk$_$12,8xfW_azeNPk,0,0,0,0,0.6666666865,inner_valid
0,6761,8xfW_azeNPk$_$15,8xfW_azeNPk,0,0,0,0,1,inner_valid
0,6762,8xfW_azeNPk$_$14,8xfW_azeNPk,0,0,0,0,1.333333373,inner_valid
0,6763,8xfW_azeNPk$_$16,8xfW_azeNPk,0,0,0,0,1,inner_valid
0,6764,8xfW_azeNPk$_$1,8xfW_azeNPk,0,0,0,0,2.333333254,inner_valid
0,6765,8xfW_azeNPk$_$0,8xfW_azeNPk,0,0,0,0,1.666666627,inner_valid
0,6766,8xfW_azeNPk$_$3,8xfW_azeNPk,0,0,0,0,1,inner_valid
0,6767,8xfW_azeNPk$_$2,8xfW_azeNPk,0,0,0,0,2,inner_valid
0,6768,8xfW_azeNPk$_$5,8xfW_azeNPk,0,0,0,0,1,inner_valid
0,6769,8xfW_azeNPk$_$4,8xfW_azeNPk,0,0,0,0,1,inner_valid
0,6770,8xfW_azeNPk$_$7,8xfW_azeNPk,0,0,0,0,1,inner_valid
0,6771,8xfW_azeNPk$_$6,8xfW_azeNPk,0,0,0,0,1,inner_valid
0,6772,8xfW_azeNPk$_$9,8xfW_azeNPk,0,0,0,0,0.3333333433,inner_valid
0,6773,8xfW_azeNPk$_$8,8xfW_azeNPk,0,0,0,0,1.333333373,inner_valid
0,6787,9-K1CXCXui4$_$11,9-K1CXCXui4,0,0,0,0,0,inner_train
0,6788,9-K1CXCXui4$_$10,9-K1CXCXui4,0,0,0,0,1,inner_train
0,6789,9-K1CXCXui4$_$13,9-K1CXCXui4,0,0,0,0,0.3333333433,inner_train
0,6790,9-K1CXCXui4$_$12,9-K1CXCXui4,0,0,0,0,-0.3333333433,inner_train
0,6791,9-K1CXCXui4$_$15,9-K1CXCXui4,0,0,0,0,0.6666666865,inner_train
0,6792,9-K1CXCXui4$_$14,9-K1CXCXui4,0,0,0,0,1.333333373,inner_train
0,6793,9-K1CXCXui4$_$16,9-K1CXCXui4,0,0,0,0,0.3333333433,inner_train
0,6794,9-K1CXCXui4$_$1,9-K1CXCXui4,0,0,0,0,0,inner_train
0,6795,9-K1CXCXui4$_$0,9-K1CXCXui4,0,0,0,0,1.333333373,inner_train
0,6796,9-K1CXCXui4$_$3,9-K1CXCXui4,0,0,0,0,1,inner_train
0,6797,9-K1CXCXui4$_$2,9-K1CXCXui4,0,0,0,0,0.6666666865,inner_train
0,6798,9-K1CXCXui4$_$5,9-K1CXCXui4,0,0,0,0,0.6666666865,inner_train
0,6799,9-K1CXCXui4$_$4,9-K1CXCXui4,0,0,0,0,0.3333333433,inner_train
0,6800,9-K1CXCXui4$_$7,9-K1CXCXui4,0,0,0,0,0,inner_train
0,6801,9-K1CXCXui4$_$6,9-K1CXCXui4,0,0,0,0,0.3333333433,inner_train
0,6802,9-K1CXCXui4$_$9,9-K1CXCXui4,0,0,0,0,0.6666666865,inner_train
0,6803,9-K1CXCXui4$_$8,9-K1CXCXui4,0,0,0,0,1.333333373,inner_train
0,6829,91276$_$11,91276,0,1,0,0,1.666666627,inner_train
0,6830,91276$_$10,91276,0,1,0,0,0,inner_train
0,6831,91276$_$12,91276,0,1,0,0,0.6666666865,inner_train
0,6832,91276$_$1,91276,0,1,0,0,0,inner_train
0,6833,91276$_$0,91276,0,1,0,0,-2.333333254,inner_train
0,6834,91276$_$3,91276,0,1,0,0,-1.333333373,inner_train
0,6835,91276$_$2,91276,0,1,0,0,-1.333333373,inner_train
0,6836,91276$_$5,91276,0,1,0,0,-1,inner_train
0,6837,91276$_$4,91276,0,1,0,0,-2,inner_train
0,6838,91276$_$7,91276,0,1,0,0,-1.666666627,inner_train
0,6839,91276$_$6,91276,0,1,0,0,0,inner_train
0,6840,91276$_$9,91276,0,1,0,0,0.3333333433,inner_train
0,6841,91276$_$8,91276,0,1,0,0,-1,inner_train
0,6909,92tWNUhG9DY$_$0,92tWNUhG9DY,0,0,0,0,-1.333333373,inner_train
0,6910,92tWNUhG9DY$_$3,92tWNUhG9DY,0,0,0,0,0,inner_train
0,6911,92tWNUhG9DY$_$2,92tWNUhG9DY,0,0,0,0,-0.6666666865,inner_train
0,6912,92tWNUhG9DY$_$5,92tWNUhG9DY,0,0,0,0,0,inner_train
0,6913,92tWNUhG9DY$_$4,92tWNUhG9DY,0,0,0,0,-1.333333373,inner_train
0,6914,92tWNUhG9DY$_$7,92tWNUhG9DY,0,0,0,0,-0.6666666865,inner_train
0,6915,92tWNUhG9DY$_$6,92tWNUhG9DY,0,0,0,0,0,inner_train
0,6946,94215$_$11,94215,0,0,0,0,-1,inner_train
0,6947,94215$_$10,94215,0,0,0,0,-2,inner_train
0,6948,94215$_$12,94215,0,0,0,0,-1,inner_train
0,6949,94215$_$1,94215,0,0,0,0,-2,inner_train
0,6950,94215$_$0,94215,0,0,0,0,0.3333333433,inner_train
0,6951,94215$_$3,94215,0,0,0,0,2.333333254,inner_train
0,6952,94215$_$2,94215,0,0,0,0,0.3333333433,inner_train
0,6953,94215$_$5,94215,0,0,0,0,-2.333333254,inner_train
0,6954,94215$_$4,94215,0,0,0,0,1.666666627,inner_train
0,6955,94215$_$7,94215,0,0,0,0,-1.666666627,inner_train
0,6956,94215$_$6,94215,0,0,0,0,0.3333333433,inner_train
0,6957,94215$_$9,94215,0,0,0,0,1,inner_train
0,6958,94215$_$8,94215,0,0,0,0,-1.666666627,inner_train
0,6973,94ULum9MYX0$_$11,94ULum9MYX0,0,0,0,0,0,outer
0,6974,94ULum9MYX0$_$10,94ULum9MYX0,0,0,0,0,0,outer
0,6975,94ULum9MYX0$_$0,94ULum9MYX0,0,0,0,0,0.6666666865,outer
0,6976,94ULum9MYX0$_$2,94ULum9MYX0,0,0,0,0,-0.3333333433,outer
0,6977,94ULum9MYX0$_$4,94ULum9MYX0,0,0,0,0,0,outer
0,6982,96099$_$11,96099,0,1,0,0,-1.666666627,inner_train
0,6983,96099$_$10,96099,0,1,0,0,-1.333333373,inner_train
0,6984,96099$_$12,96099,0,1,0,0,-0.6666666865,inner_train
0,6985,96099$_$1,96099,0,1,0,0,0.3333333433,inner_train
0,6986,96099$_$0,96099,0,1,0,0,0.6666666865,inner_train
0,6987,96099$_$3,96099,0,1,0,0,0,inner_train
0,6988,96099$_$2,96099,0,1,0,0,0,inner_train
0,6989,96099$_$5,96099,0,1,0,0,0.3333333433,inner_train
0,6990,96099$_$4,96099,0,1,0,0,-0.3333333433,inner_train
0,6991,96099$_$7,96099,0,1,0,0,-1,inner_train
0,6992,96099$_$6,96099,0,1,0,0,-3,inner_train
0,6993,96099$_$9,96099,0,1,0,0,-2.333333254,inner_train
0,6994,96099$_$8,96099,0,1,0,0,-2.333333254,inner_train
0,7012,96194$_$11,96194,0,0,0,0,-1.666666627,inner_train
0,7013,96194$_$10,96194,0,0,0,0,-2,inner_train
0,7014,96194$_$13,96194,0,0,0,0,-1.666666627,inner_train
0,7015,96194$_$12,96194,0,0,0,0,-0.6666666865,inner_train
0,7016,96194$_$14,96194,0,0,0,0,-2,inner_train
0,7017,96194$_$1,96194,0,0,0,0,0,inner_train
0,7018,96194$_$0,96194,0,0,0,0,0,inner_train
0,7019,96194$_$3,96194,0,0,0,0,-1.666666627,inner_train
0,7020,96194$_$2,96194,0,0,0,0,-2.333333254,inner_train
0,7021,96194$_$5,96194,0,0,0,0,-1.666666627,inner_train
0,7022,96194$_$4,96194,0,0,0,0,-1.666666627,inner_train
0,7023,96194$_$7,96194,0,0,0,0,-1.333333373,inner_train
0,7024,96194$_$6,96194,0,0,0,0,-1.333333373,inner_train
0,7025,96194$_$9,96194,0,0,0,0,-0.3333333433,inner_train
0,7026,96194$_$8,96194,0,0,0,0,-1,inner_train
0,7027,96350$_$11,96350,0,1,0,0,-1.333333373,inner_train
0,7028,96350$_$10,96350,0,1,0,0,-0.6666666865,inner_train
0,7029,96350$_$13,96350,0,1,0,0,-2.666666746,inner_train
0,7030,96350$_$12,96350,0,1,0,0,-1.666666627,inner_train
0,7031,96350$_$14,96350,0,1,0,0,-3,inner_train
0,7032,96350$_$1,96350,0,1,0,0,0,inner_train
0,7033,96350$_$0,96350,0,1,0,0,-1.666666627,inner_train
0,7034,96350$_$3,96350,0,1,0,0,-2.666666746,inner_train
0,7035,96350$_$2,96350,0,1,0,0,0,inner_train
0,7036,96350$_$5,96350,0,1,0,0,-2,inner_train
0,7037,96350$_$4,96350,0,1,0,0,-0.6666666865,inner_train
0,7038,96350$_$7,96350,0,1,0,0,-1,inner_train
0,7039,96350$_$6,96350,0,1,0,0,-1.333333373,inner_train
0,7040,96350$_$9,96350,0,1,0,0,-2.666666746,inner_train
0,7041,96350$_$8,96350,0,1,0,0,-2.333333254,inner_train
0,7042,96361$_$11,96361,0,1,0,1,-1.333333373,inner_train
0,7043,96361$_$10,96361,0,1,0,1,0.6666666865,inner_train
0,7044,96361$_$13,96361,0,1,0,1,1.333333373,inner_train
0,7045,96361$_$12,96361,0,1,0,1,-1.333333373,inner_train
0,7046,96361$_$15,96361,0,1,0,1,1.666666627,inner_train
0,7047,96361$_$14,96361,0,1,0,1,-0.6666666865,inner_train
0,7048,96361$_$17,96361,0,1,0,1,-2,inner_train
0,7049,96361$_$16,96361,0,1,0,1,-1.333333373,inner_train
0,7050,96361$_$1,96361,0,1,0,1,0,inner_train
0,7051,96361$_$0,96361,0,1,0,1,-1.666666627,inner_train
0,7052,96361$_$3,96361,0,1,0,1,0,inner_train
0,7053,96361$_$2,96361,0,1,0,1,0,inner_train
0,7054,96361$_$5,96361,0,1,0,1,0,inner_train
0,7055,96361$_$4,96361,0,1,0,1,0,inner_train
0,7056,96361$_$7,96361,0,1,0,1,1.666666627,inner_train
0,7057,96361$_$6,96361,0,1,0,1,1.333333373,inner_train
0,7058,96361$_$9,96361,0,1,0,1,-2,inner_train
0,7059,96361$_$8,96361,0,1,0,1,-0.6666666865,inner_train
0,7100,97992$_$10,97992,0,0,0,0,2.333333254,inner_train
0,7101,97992$_$1,97992,0,0,0,0,0,inner_train
0,7102,97992$_$0,97992,0,0,0,0,2.666666746,inner_train
0,7103,97992$_$3,97992,0,0,0,0,0,inner_train
0,7104,97992$_$2,97992,0,0,0,0,-1,inner_train
0,7105,97992$_$5,97992,0,0,0,0,0,inner_train
0,7106,97992$_$4,97992,0,0,0,0,-0.3333333433,inner_train
0,7107,97992$_$7,97992,0,0,0,0,2.666666746,inner_train
0,7108,97992$_$6,97992,0,0,0,0,1,inner_train
0,7109,97992$_$9,97992,0,0,0,0,-0.6666666865,inner_train
0,7110,97992$_$8,97992,0,0,0,0,2,inner_train
0,7146,9JqwFRCTKOM$_$8,9JqwFRCTKOM,0,0,0,0,0.6666666865,outer
0,7147,9Jyr5laC8mg$_$3,9Jyr5laC8mg,0,0,1,0,0,inner_valid
0,7150,9K5mYSaoBL4$_$1,9K5mYSaoBL4,0,0,0,1,0,inner_train
0,7151,9K5mYSaoBL4$_$2,9K5mYSaoBL4,0,0,0,1,0,inner_train
0,7152,9K5mYSaoBL4$_$5,9K5mYSaoBL4,0,0,0,1,0,inner_train
0,7153,9K5mYSaoBL4$_$4,9K5mYSaoBL4,0,0,0,1,0.3333333433,inner_train
0,7154,9K5mYSaoBL4$_$7,9K5mYSaoBL4,0,0,0,1,-0.3333333433,inner_train
0,7155,9K5mYSaoBL4$_$6,9K5mYSaoBL4,0,0,0,1,-0.3333333433,inner_train
0,7156,9K5mYSaoBL4$_$9,9K5mYSaoBL4,0,0,0,1,0,inner_train
0,7157,9K5mYSaoBL4$_$8,9K5mYSaoBL4,0,0,0,1,0,inner_train
0,7170,9bAgEmihzLs$_$1,9bAgEmihzLs,0,1,0,0,-0.3333333433,inner_train
0,7171,9bAgEmihzLs$_$0,9bAgEmihzLs,0,1,0,0,-0.3333333433,inner_train
0,7172,9bAgEmihzLs$_$2,9bAgEmihzLs,0,1,0,0,0,inner_train
0,7173,9bAgEmihzLs$_$4,9bAgEmihzLs,0,1,0,0,0,inner_train
0,7189,9cxlcpbmrH0$_$11,9cxlcpbmrH0,0,1,0,0,0.6666666865,inner_train
0,7190,9cxlcpbmrH0$_$13,9cxlcpbmrH0,0,1,0,0,0.6666666865,inner_train
0,7191,9cxlcpbmrH0$_$12,9cxlcpbmrH0,0,1,0,0,1.333333373,inner_train
0,7192,9cxlcpbmrH0$_$14,9cxlcpbmrH0,0,1,0,0,1.333333373,inner_train
0,7193,9cxlcpbmrH0$_$16,9cxlcpbmrH0,0,1,0,0,1.333333373,inner_train
0,7194,9cxlcpbmrH0$_$1,9cxlcpbmrH0,0,1,0,0,1,inner_train
0,7195,9cxlcpbmrH0$_$0,9cxlcpbmrH0,0,1,0,0,0,inner_train
0,7196,9cxlcpbmrH0$_$3,9cxlcpbmrH0,0,1,0,0,1.333333373,inner_train
0,7197,9cxlcpbmrH0$_$2,9cxlcpbmrH0,0,1,0,0,-0.6666666865,inner_train
0,7198,9cxlcpbmrH0$_$5,9cxlcpbmrH0,0,1,0,0,1,inner_train
0,7199,9cxlcpbmrH0$_$7,9cxlcpbmrH0,0,1,0,0,0.3333333433,inner_train
0,7200,9cxlcpbmrH0$_$6,9cxlcpbmrH0,0,1,0,0,0.6666666865,inner_train
0,7201,9dFEGb_RfwE$_$11,9dFEGb_RfwE,0,0,0,0,0,inner_train
0,7206,9pdyTplXwM4$_$11,9pdyTplXwM4,0,0,0,0,0.3333333433,inner_valid
0,7207,9pdyTplXwM4$_$0,9pdyTplXwM4,0,0,0,0,0.3333333433,inner_valid
0,7208,9pdyTplXwM4$_$2,9pdyTplXwM4,0,0,0,0,1.333333373,inner_valid
0,7209,9pdyTplXwM4$_$5,9pdyTplXwM4,0,0,0,0,0.3333333433,inner_valid
0,7210,9pdyTplXwM4$_$4,9pdyTplXwM4,0,0,0,0,1.666666627,inner_valid
0,7211,9pdyTplXwM4$_$6,9pdyTplXwM4,0,0,0,0,0,inner_valid
0,7212,9pdyTplXwM4$_$9,9pdyTplXwM4,0,0,0,0,0,inner_valid
0,7223,9sAoeFTKILY$_$3,9sAoeFTKILY,0,1,0,0,0.3333333433,inner_train
0,7224,9tX18DNC74w$_$9,9tX18DNC74w,0,1,0,0,0,inner_train
0,7225,9tX18DNC74w$_$11,9tX18DNC74w,0,1,0,0,2,inner_train
0,7226,9tX18DNC74w$_$2,9tX18DNC74w,0,1,0,0,0,inner_train
0,7227,9tX18DNC74w$_$4,9tX18DNC74w,0,1,0,0,0,inner_train
0,7228,9tX18DNC74w$_$0,9tX18DNC74w,0,1,0,0,1.333333373,inner_train
0,7229,9zBj8VkRBpE$_$1,9zBj8VkRBpE,0,1,0,0,0.6666666865,outer
0,7230,9zBj8VkRBpE$_$0,9zBj8VkRBpE,0,1,0,0,1,outer
0,7231,9zBj8VkRBpE$_$3,9zBj8VkRBpE,0,1,0,0,1.333333373,outer
0,7232,9zBj8VkRBpE$_$5,9zBj8VkRBpE,0,1,0,0,1.666666627,outer
0,7233,9zBj8VkRBpE$_$4,9zBj8VkRBpE,0,1,0,0,-0.6666666865,outer
0,7234,9zWeMrfr-l0$_$1,9zWeMrfr-l0,0,1,0,0,0,inner_train
0,7235,9zWeMrfr-l0$_$0,9zWeMrfr-l0,0,1,0,0,0,inner_train
0,7236,9zWeMrfr-l0$_$5,9zWeMrfr-l0,0,1,0,0,0.6666666865,inner_train
0,7237,9zWeMrfr-l0$_$4,9zWeMrfr-l0,0,1,0,0,0.3333333433,inner_train
0,7238,9zWeMrfr-l0$_$6,9zWeMrfr-l0,0,1,0,0,0,inner_train
0,7249,A4dzxgHDhF0$_$1,A4dzxgHDhF0,0,1,0,0,0,outer
0,7250,A6R6J8SJtBc$_$1,A6R6J8SJtBc,0,1,0,1,1.333333373,inner_train
0,7251,A6R6J8SJtBc$_$0,A6R6J8SJtBc,0,1,0,1,2.333333254,inner_train
0,7252,A6R6J8SJtBc$_$2,A6R6J8SJtBc,0,1,0,1,0.6666666865,inner_train
0,7253,A8c7q_P4jQg$_$9,A8c7q_P4jQg,0,0,1,0,-1,inner_train
0,7254,A8c7q_P4jQg$_$8,A8c7q_P4jQg,0,0,1,0,-0.3333333433,inner_train
0,7255,A8c7q_P4jQg$_$5,A8c7q_P4jQg,0,0,1,0,0.3333333433,inner_train
0,7256,A8plGi4rbxM$_$1,A8plGi4rbxM,0,0,0,0,-1.666666627,inner_train
0,7257,A8plGi4rbxM$_$0,A8plGi4rbxM,0,0,0,0,-1.666666627,inner_train
0,7258,A8plGi4rbxM$_$3,A8plGi4rbxM,0,0,0,0,-2.333333254,inner_train
0,7259,A8plGi4rbxM$_$5,A8plGi4rbxM,0,0,0,0,-2,inner_train
0,7260,A8plGi4rbxM$_$4,A8plGi4rbxM,0,0,0,0,-2.666666746,inner_train
0,7261,A8plGi4rbxM$_$8,A8plGi4rbxM,0,0,0,0,0.6666666865,inner_train
0,7262,ABSC1JNdpTw$_$9,ABSC1JNdpTw,0,1,0,0,0.3333333433,inner_train
0,7263,ABSC1JNdpTw$_$11,ABSC1JNdpTw,0,1,0,0,0,inner_train
0,7264,ABSC1JNdpTw$_$2,ABSC1JNdpTw,0,1,0,0,0.6666666865,inner_train
0,7265,ABSC1JNdpTw$_$5,ABSC1JNdpTw,0,1,0,0,-0.3333333433,inner_train
0,7266,ABSC1JNdpTw$_$7,ABSC1JNdpTw,0,1,0,0,0.3333333433,inner_train
0,7267,ACOlIiRdDyE$_$5,ACOlIiRdDyE,0,0,0,0,0.3333333433,inner_valid
0,7276,AGFgaKPzjMQ$_$10,AGFgaKPzjMQ,0,1,0,0,0,inner_train
0,7277,AGFgaKPzjMQ$_$1,AGFgaKPzjMQ,0,1,0,0,-0.3333333433,inner_train
0,7278,AGFgaKPzjMQ$_$3,AGFgaKPzjMQ,0,1,0,0,0,inner_train
0,7279,AGFgaKPzjMQ$_$2,AGFgaKPzjMQ,0,1,0,0,0.6666666865,inner_train
0,7280,AGFgaKPzjMQ$_$5,AGFgaKPzjMQ,0,1,0,0,-0.6666666865,inner_train
0,7281,AGFgaKPzjMQ$_$7,AGFgaKPzjMQ,0,1,0,0,-0.3333333433,inner_train
0,7282,AGFgaKPzjMQ$_$8,AGFgaKPzjMQ,0,1,0,0,-1,inner_train
0,7284,AHU3PUztC_M$_$4,AHU3PUztC_M,0,1,0,0,0,inner_train
0,7296,APYv5s4ucd0$_$9,APYv5s4ucd0,0,1,0,0,0.6666666865,inner_train
0,7297,APYv5s4ucd0$_$3,APYv5s4ucd0,0,1,0,0,0,inner_train
0,7298,APYv5s4ucd0$_$6,APYv5s4ucd0,0,1,0,0,0,inner_train
0,7305,ATfnMuJJDkk$_$11,ATfnMuJJDkk,0,1,0,0,0,inner_train
0,7306,ATfnMuJJDkk$_$10,ATfnMuJJDkk,0,1,0,0,1.333333373,inner_train
0,7307,ATfnMuJJDkk$_$12,ATfnMuJJDkk,0,1,0,0,1,inner_train
0,7308,ATfnMuJJDkk$_$1,ATfnMuJJDkk,0,1,0,0,1.333333373,inner_train
0,7309,ATfnMuJJDkk$_$3,ATfnMuJJDkk,0,1,0,0,2.333333254,inner_train
0,7310,ATfnMuJJDkk$_$2,ATfnMuJJDkk,0,1,0,0,2.333333254,inner_train
0,7311,ATfnMuJJDkk$_$7,ATfnMuJJDkk,0,1,0,0,2,inner_train
0,7312,ATfnMuJJDkk$_$9,ATfnMuJJDkk,0,1,0,0,2.333333254,inner_train
0,7313,ATfnMuJJDkk$_$8,ATfnMuJJDkk,0,1,0,0,1.333333373,inner_train
0,7321,AepwIhSbAws$_$0,AepwIhSbAws,0,0,1,0,0,inner_train
0,7322,AepwIhSbAws$_$3,AepwIhSbAws,0,0,1,0,-1.666666627,inner_train
0,7323,AepwIhSbAws$_$2,AepwIhSbAws,0,0,1,0,-1.333333373,inner_train
0,7324,AepwIhSbAws$_$4,AepwIhSbAws,0,0,1,0,-1.333333373,inner_train
0,7325,AepwIhSbAws$_$7,AepwIhSbAws,0,0,1,0,-0.3333333433,inner_train
0,7326,AggyS1coOb8$_$1,AggyS1coOb8,0,0,0,0,0.3333333433,inner_train
0,7327,AggyS1coOb8$_$0,AggyS1coOb8,0,0,0,0,0.6666666865,inner_train
0,7328,AggyS1coOb8$_$2,AggyS1coOb8,0,0,0,0,1.666666627,inner_train
0,7331,AlmUwZgY6bs$_$3,AlmUwZgY6bs,0,1,0,0,0.3333333433,inner_train
0,7332,AlmUwZgY6bs$_$6,AlmUwZgY6bs,0,1,0,0,-0.3333333433,inner_train
0,7342,AsrhHuCfvF4$_$1,AsrhHuCfvF4,0,0,0,0,0,outer
0,7343,AsrhHuCfvF4$_$0,AsrhHuCfvF4,0,0,0,0,-2.333333254,outer
0,7344,AsrhHuCfvF4$_$5,AsrhHuCfvF4,0,0,0,0,1,outer
0,7345,AuPCZlKBzq8$_$9,AuPCZlKBzq8,0,1,0,0,0.6666666865,inner_train
0,7346,AuPCZlKBzq8$_$11,AuPCZlKBzq8,0,1,0,0,1.333333373,inner_train
0,7347,AuPCZlKBzq8$_$1,AuPCZlKBzq8,0,1,0,0,1.666666627,inner_train
0,7348,AuPCZlKBzq8$_$10,AuPCZlKBzq8,0,1,0,0,1.333333373,inner_train
0,7349,AuPCZlKBzq8$_$6,AuPCZlKBzq8,0,1,0,0,0.6666666865,inner_train
0,7350,Az3e1Opu0LE$_$1,Az3e1Opu0LE,0,0,0,0,0,inner_valid
0,7351,Az3e1Opu0LE$_$3,Az3e1Opu0LE,0,0,0,0,1.333333373,inner_valid
0,7352,Az3e1Opu0LE$_$2,Az3e1Opu0LE,0,0,0,0,0.3333333433,inner_valid
0,7353,Az3e1Opu0LE$_$5,Az3e1Opu0LE,0,0,0,0,0,inner_valid
0,7354,Az3e1Opu0LE$_$4,Az3e1Opu0LE,0,0,0,0,1,inner_valid
0,7355,Az3e1Opu0LE$_$7,Az3e1Opu0LE,0,0,0,0,0,inner_valid
0,7356,Az3e1Opu0LE$_$6,Az3e1Opu0LE,0,0,0,0,0.3333333433,inner_valid
0,7376,B1PzCwfgXyU$_$4,B1PzCwfgXyU,0,0,0,0,-0.6666666865,inner_train
0,7377,B1PzCwfgXyU$_$6,B1PzCwfgXyU,0,0,0,0,-0.3333333433,inner_train
0,7378,BAi3ZJo5Vwg$_$11,BAi3ZJo5Vwg,0,1,0,0,0.6666666865,inner_train
0,7379,BAi3ZJo5Vwg$_$2,BAi3ZJo5Vwg,0,1,0,0,-0.3333333433,inner_train
0,7380,BAi3ZJo5Vwg$_$4,BAi3ZJo5Vwg,0,1,0,0,0.3333333433,inner_train
0,7381,BAi3ZJo5Vwg$_$7,BAi3ZJo5Vwg,0,1,0,0,0,inner_train
0,7382,BAi3ZJo5Vwg$_$6,BAi3ZJo5Vwg,0,1,0,0,0.3333333433,inner_train
0,7389,BBoe8-HWPSw$_$15,BBoe8-HWPSw,0,0,1,0,2,inner_valid
0,7390,BBoe8-HWPSw$_$16,BBoe8-HWPSw,0,0,1,0,1,inner_valid
0,7391,BBoe8-HWPSw$_$1,BBoe8-HWPSw,0,0,1,0,1.666666627,inner_valid
0,7392,BBoe8-HWPSw$_$0,BBoe8-HWPSw,0,0,1,0,1.333333373,inner_valid
0,7393,BBoe8-HWPSw$_$3,BBoe8-HWPSw,0,0,1,0,1,inner_valid
0,7394,BBoe8-HWPSw$_$2,BBoe8-HWPSw,0,0,1,0,1.666666627,inner_valid
0,7395,BBoe8-HWPSw$_$4,BBoe8-HWPSw,0,0,1,0,0.3333333433,inner_valid
0,7396,BBoe8-HWPSw$_$7,BBoe8-HWPSw,0,0,1,0,2.333333254,inner_valid
0,7397,BDCFV4EqHjY$_$1,BDCFV4EqHjY,0,1,0,1,0.3333333433,inner_train
0,7398,BDCFV4EqHjY$_$2,BDCFV4EqHjY,0,1,0,1,1,inner_train
0,7442,BXqnWuDA3H4$_$0,BXqnWuDA3H4,0,1,0,0,0.6666666865,inner_valid
0,7443,BXqnWuDA3H4$_$4,BXqnWuDA3H4,0,1,0,0,0.3333333433,inner_valid
0,7444,BXqnWuDA3H4$_$6,BXqnWuDA3H4,0,1,0,0,0.3333333433,inner_valid
0,7468,Bf5owLv3X98$_$9,Bf5owLv3X98,0,0,0,0,1,inner_train
0,7469,Bf5owLv3X98$_$8,Bf5owLv3X98,0,0,0,0,0.6666666865,inner_train
0,7470,Bf5owLv3X98$_$3,Bf5owLv3X98,0,0,0,0,0.6666666865,inner_train
0,7471,Bf5owLv3X98$_$5,Bf5owLv3X98,0,0,0,0,0.3333333433,inner_train
0,7472,Bf5owLv3X98$_$4,Bf5owLv3X98,0,0,0,0,0.3333333433,inner_train
0,7473,Bg-PA5KTjNs$_$10,Bg-PA5KTjNs,0,1,0,0,1.333333373,inner_train
0,7474,Bg-PA5KTjNs$_$1,Bg-PA5KTjNs,0,1,0,0,-0.3333333433,inner_train
0,7475,Bg-PA5KTjNs$_$0,Bg-PA5KTjNs,0,1,0,0,-1.333333373,inner_train
0,7476,Bg-PA5KTjNs$_$3,Bg-PA5KTjNs,0,1,0,0,-0.3333333433,inner_train
0,7477,Bg-PA5KTjNs$_$2,Bg-PA5KTjNs,0,1,0,0,-1,inner_train
0,7478,Bg-PA5KTjNs$_$5,Bg-PA5KTjNs,0,1,0,0,1,inner_train
0,7479,Bg-PA5KTjNs$_$4,Bg-PA5KTjNs,0,1,0,0,1,inner_train
0,7480,Bg-PA5KTjNs$_$7,Bg-PA5KTjNs,0,1,0,0,2.666666746,inner_train
0,7481,Bg-PA5KTjNs$_$6,Bg-PA5KTjNs,0,1,0,0,1.333333373,inner_train
0,7482,Bg-PA5KTjNs$_$8,Bg-PA5KTjNs,0,1,0,0,1.666666627,inner_train
0,7483,BmDybDBTe7o$_$1,BmDybDBTe7o,0,1,0,0,-0.6666666865,outer
0,7484,BmDybDBTe7o$_$3,BmDybDBTe7o,0,1,0,0,-1,outer
0,7485,BmDybDBTe7o$_$5,BmDybDBTe7o,0,1,0,0,-1,outer
0,7486,BmDybDBTe7o$_$4,BmDybDBTe7o,0,1,0,0,0,outer
0,7487,BmDybDBTe7o$_$7,BmDybDBTe7o,0,1,0,0,-1,outer
0,7488,BmDybDBTe7o$_$6,BmDybDBTe7o,0,1,0,0,0.6666666865,outer
0,7490,Bo5IDtP8_Fk$_$11,Bo5IDtP8_Fk,0,1,0,0,1,inner_valid
0,7491,Bo5IDtP8_Fk$_$13,Bo5IDtP8_Fk,0,1,0,0,1.333333373,inner_valid
0,7492,Bo5IDtP8_Fk$_$12,Bo5IDtP8_Fk,0,1,0,0,1.666666627,inner_valid
0,7493,Bo5IDtP8_Fk$_$14,Bo5IDtP8_Fk,0,1,0,0,0.3333333433,inner_valid
0,7494,Bo5IDtP8_Fk$_$1,Bo5IDtP8_Fk,0,1,0,0,-1.333333373,inner_valid
0,7495,Bo5IDtP8_Fk$_$7,Bo5IDtP8_Fk,0,1,0,0,2.333333254,inner_valid
0,7496,Bo5IDtP8_Fk$_$6,Bo5IDtP8_Fk,0,1,0,0,-1,inner_valid
0,7501,BuPhjBayua8$_$1,BuPhjBayua8,0,1,0,0,0,outer
0,7502,BuPhjBayua8$_$0,BuPhjBayua8,0,1,0,0,0,outer
0,7503,BuPhjBayua8$_$7,BuPhjBayua8,0,1,0,0,-0.6666666865,outer
0,7504,BuPhjBayua8$_$6,BuPhjBayua8,0,1,0,0,0.6666666865,outer
0,7506,C-UUQju3bXo$_$19,C-UUQju3bXo,0,1,0,1,2,outer
0,7507,C-UUQju3bXo$_$8,C-UUQju3bXo,0,1,0,1,1.666666627,outer
0,7508,C03473pYcRM$_$11,C03473pYcRM,0,0,0,0,0,inner_train
0,7509,C03473pYcRM$_$20,C03473pYcRM,0,0,0,0,2,inner_train
0,7510,C03473pYcRM$_$16,C03473pYcRM,0,0,0,0,1,inner_train
0,7511,C03473pYcRM$_$1,C03473pYcRM,0,0,0,0,1,inner_train
0,7512,C03473pYcRM$_$3,C03473pYcRM,0,0,0,0,-0.3333333433,inner_train
0,7513,C03473pYcRM$_$2,C03473pYcRM,0,0,0,0,2,inner_train
0,7514,C03473pYcRM$_$5,C03473pYcRM,0,0,0,0,0.3333333433,inner_train
0,7515,C03473pYcRM$_$7,C03473pYcRM,0,0,0,0,0.3333333433,inner_train
0,7516,C03473pYcRM$_$6,C03473pYcRM,0,0,0,0,0,inner_train
0,7517,C03473pYcRM$_$9,C03473pYcRM,0,0,0,0,2,inner_train
0,7530,C8Fhlk-eczU$_$0,C8Fhlk-eczU,0,0,0,0,-0.3333333433,inner_train
0,7531,C8Fhlk-eczU$_$2,C8Fhlk-eczU,0,0,0,0,0,inner_train
0,7532,C8Fhlk-eczU$_$5,C8Fhlk-eczU,0,0,0,0,1.666666627,inner_train
0,7533,C8Fhlk-eczU$_$6,C8Fhlk-eczU,0,0,0,0,1.333333373,inner_train
0,7534,CBYQDIqucxE$_$0,CBYQDIqucxE,0,0,0,0,1,inner_train
0,7535,CBYQDIqucxE$_$2,CBYQDIqucxE,0,0,0,0,1,inner_train
0,7544,CHh6hWo1AFE$_$1,CHh6hWo1AFE,0,0,0,0,-1,inner_train
0,7545,CHh6hWo1AFE$_$0,CHh6hWo1AFE,0,0,0,0,0.6666666865,inner_train
0,7546,CHh6hWo1AFE$_$3,CHh6hWo1AFE,0,0,0,0,0.3333333433,inner_train
0,7547,CHh6hWo1AFE$_$2,CHh6hWo1AFE,0,0,0,0,-0.6666666865,inner_train
0,7548,CHh6hWo1AFE$_$4,CHh6hWo1AFE,0,0,0,0,-1.666666627,inner_train
0,7549,CHh6hWo1AFE$_$7,CHh6hWo1AFE,0,0,0,0,-0.6666666865,inner_train
0,7550,CHh6hWo1AFE$_$6,CHh6hWo1AFE,0,0,0,0,-0.3333333433,inner_train
0,7551,CHh6hWo1AFE$_$8,CHh6hWo1AFE,0,0,0,0,0.3333333433,inner_train
0,7562,CL4hDu95Eqw$_$0,CL4hDu95Eqw,0,1,0,0,0.6666666865,inner_train
0,7563,CL4hDu95Eqw$_$3,CL4hDu95Eqw,0,1,0,0,2.666666746,inner_train
0,7564,CL4hDu95Eqw$_$2,CL4hDu95Eqw,0,1,0,0,1,inner_train
0,7565,CL4hDu95Eqw$_$4,CL4hDu95Eqw,0,1,0,0,1.333333373,inner_train
0,7566,CL4hDu95Eqw$_$7,CL4hDu95Eqw,0,1,0,0,0,inner_train
0,7567,CL4hDu95Eqw$_$9,CL4hDu95Eqw,0,1,0,0,1,inner_train
0,7568,CLkTjujFVKU$_$12,CLkTjujFVKU,0,1,0,0,0.6666666865,inner_train
0,7569,CLkTjujFVKU$_$1,CLkTjujFVKU,0,1,0,0,2.666666746,inner_train
0,7570,CLkTjujFVKU$_$0,CLkTjujFVKU,0,1,0,0,1,inner_train
0,7571,CLkTjujFVKU$_$4,CLkTjujFVKU,0,1,0,0,1,inner_train
0,7572,CLkTjujFVKU$_$6,CLkTjujFVKU,0,1,0,0,2.333333254,inner_train
0,7573,CLkTjujFVKU$_$8,CLkTjujFVKU,0,1,0,0,2.666666746,inner_train
0,7594,CZVmxwrWv34$_$1,CZVmxwrWv34,0,1,0,0,0.3333333433,inner_train
0,7595,CZVmxwrWv34$_$2,CZVmxwrWv34,0,1,0,0,0,inner_train
0,7596,CZVmxwrWv34$_$5,CZVmxwrWv34,0,1,0,0,0.6666666865,inner_train
0,7597,CZVmxwrWv34$_$4,CZVmxwrWv34,0,1,0,0,0.3333333433,inner_train
0,7598,CZigX1ntOsI$_$11,CZigX1ntOsI,0,0,0,0,2,inner_train
0,7599,CZigX1ntOsI$_$10,CZigX1ntOsI,0,0,0,0,1,inner_train
0,7600,CZigX1ntOsI$_$13,CZigX1ntOsI,0,0,0,0,1.333333373,inner_train
0,7601,CZigX1ntOsI$_$12,CZigX1ntOsI,0,0,0,0,0,inner_train
0,7602,CZigX1ntOsI$_$17,CZigX1ntOsI,0,0,0,0,2,inner_train
0,7603,CZigX1ntOsI$_$16,CZigX1ntOsI,0,0,0,0,0.3333333433,inner_train
0,7604,CZigX1ntOsI$_$1,CZigX1ntOsI,0,0,0,0,1,inner_train
0,7605,CZigX1ntOsI$_$0,CZigX1ntOsI,0,0,0,0,2,inner_train
0,7606,CZigX1ntOsI$_$3,CZigX1ntOsI,0,0,0,0,0,inner_train
0,7607,CZigX1ntOsI$_$2,CZigX1ntOsI,0,0,0,0,1,inner_train
0,7608,CZigX1ntOsI$_$5,CZigX1ntOsI,0,0,0,0,1,inner_train
0,7609,CZigX1ntOsI$_$4,CZigX1ntOsI,0,0,0,0,0.3333333433,inner_train
0,7610,CZigX1ntOsI$_$7,CZigX1ntOsI,0,0,0,0,1,inner_train
0,7611,CZigX1ntOsI$_$6,CZigX1ntOsI,0,0,0,0,-0.3333333433,inner_train
0,7612,CZigX1ntOsI$_$8,CZigX1ntOsI,0,0,0,0,1.333333373,inner_train
0,7613,Cb8ay6WtJuM$_$10,Cb8ay6WtJuM,0,0,1,0,0,outer
0,7614,Cb8ay6WtJuM$_$12,Cb8ay6WtJuM,0,0,1,0,0,outer
0,7615,Cb8ay6WtJuM$_$1,Cb8ay6WtJuM,0,0,1,0,2.666666746,outer
0,7616,Cb8ay6WtJuM$_$3,Cb8ay6WtJuM,0,0,1,0,2.333333254,outer
0,7617,Cb8ay6WtJuM$_$2,Cb8ay6WtJuM,0,0,1,0,0.6666666865,outer
0,7618,Cb8ay6WtJuM$_$5,Cb8ay6WtJuM,0,0,1,0,1.333333373,outer
0,7619,Cb8ay6WtJuM$_$4,Cb8ay6WtJuM,0,0,1,0,1.666666627,outer
0,7620,Cb8ay6WtJuM$_$7,Cb8ay6WtJuM,0,0,1,0,1.333333373,outer
0,7621,Cb8ay6WtJuM$_$6,Cb8ay6WtJuM,0,0,1,0,1.333333373,outer
0,7622,Cb8ay6WtJuM$_$9,Cb8ay6WtJuM,0,0,1,0,0.6666666865,outer
0,7643,Ceu9AkIjuLY$_$13,Ceu9AkIjuLY,0,0,0,0,-0.6666666865,outer
0,7644,Ceu9AkIjuLY$_$15,Ceu9AkIjuLY,0,0,0,0,0,outer
0,7645,Ceu9AkIjuLY$_$14,Ceu9AkIjuLY,0,0,0,0,0.6666666865,outer
0,7646,Ceu9AkIjuLY$_$1,Ceu9AkIjuLY,0,0,0,0,0,outer
0,7647,Ceu9AkIjuLY$_$2,Ceu9AkIjuLY,0,0,0,0,0.3333333433,outer
0,7648,Ceu9AkIjuLY$_$4,Ceu9AkIjuLY,0,0,0,0,-0.6666666865,outer
0,7649,Ceu9AkIjuLY$_$7,Ceu9AkIjuLY,0,0,0,0,-0.6666666865,outer
0,7650,Ceu9AkIjuLY$_$6,Ceu9AkIjuLY,0,0,0,0,-1.666666627,outer
0,7651,Ceu9AkIjuLY$_$9,Ceu9AkIjuLY,0,0,0,0,-1.666666627,outer
0,7652,Ceu9AkIjuLY$_$8,Ceu9AkIjuLY,0,0,0,0,-1,outer
0,7658,Cj7R36s4dbM$_$11,Cj7R36s4dbM,0,0,0,0,0.3333333433,inner_train
0,7659,Cj7R36s4dbM$_$10,Cj7R36s4dbM,0,0,0,0,0.6666666865,inner_train
0,7660,Cj7R36s4dbM$_$13,Cj7R36s4dbM,0,0,0,0,0.3333333433,inner_train
0,7661,Cj7R36s4dbM$_$12,Cj7R36s4dbM,0,0,0,0,-0.3333333433,inner_train
0,7662,Cj7R36s4dbM$_$14,Cj7R36s4dbM,0,0,0,0,-0.6666666865,inner_train
0,7663,Cj7R36s4dbM$_$0,Cj7R36s4dbM,0,0,0,0,0.3333333433,inner_train
0,7664,Cj7R36s4dbM$_$4,Cj7R36s4dbM,0,0,0,0,0.3333333433,inner_train
0,7665,Cj7R36s4dbM$_$6,Cj7R36s4dbM,0,0,0,0,0,inner_train
0,7677,CuF-UOcAFG8$_$0,CuF-UOcAFG8,0,0,0,1,0.6666666865,inner_train
0,7678,CuF-UOcAFG8$_$3,CuF-UOcAFG8,0,0,0,1,2.333333254,inner_train
0,7679,CuF-UOcAFG8$_$2,CuF-UOcAFG8,0,0,0,1,2,inner_train
0,7683,CvW0Mh1EWFA$_$12,CvW0Mh1EWFA,0,0,0,0,0.3333333433,inner_train
0,7684,CvW0Mh1EWFA$_$0,CvW0Mh1EWFA,0,0,0,0,1,inner_train
0,7685,CvW0Mh1EWFA$_$3,CvW0Mh1EWFA,0,0,0,0,1,inner_train
0,7686,CvW0Mh1EWFA$_$2,CvW0Mh1EWFA,0,0,0,0,2,inner_train
0,7687,CvW0Mh1EWFA$_$4,CvW0Mh1EWFA,0,0,0,0,1,inner_train
0,7688,CvW0Mh1EWFA$_$7,CvW0Mh1EWFA,0,0,0,0,-2,inner_train
0,7689,CvW0Mh1EWFA$_$6,CvW0Mh1EWFA,0,0,0,0,-0.3333333433,inner_train
0,7690,CvW0Mh1EWFA$_$9,CvW0Mh1EWFA,0,0,0,0,1,inner_train
0,7691,CzstrpOTtgo$_$10,CzstrpOTtgo,0,1,0,1,1.333333373,inner_train
0,7692,CzstrpOTtgo$_$0,CzstrpOTtgo,0,1,0,1,0,inner_train
0,7693,CzstrpOTtgo$_$3,CzstrpOTtgo,0,1,0,1,1,inner_train
0,7694,CzstrpOTtgo$_$2,CzstrpOTtgo,0,1,0,1,1,inner_train
0,7695,CzstrpOTtgo$_$4,CzstrpOTtgo,0,1,0,1,0,inner_train
0,7696,CzstrpOTtgo$_$8,CzstrpOTtgo,0,1,0,1,1.666666627,inner_train
0,7703,D1I-Z8jaby8$_$8,D1I-Z8jaby8,0,1,0,0,0.3333333433,inner_train
0,7704,D1I-Z8jaby8$_$7,D1I-Z8jaby8,0,1,0,0,0.6666666865,inner_train
0,7705,D5cQWqYcBAE$_$0,D5cQWqYcBAE,0,1,0,0,0,inner_train
0,7706,D5cQWqYcBAE$_$2,D5cQWqYcBAE,0,1,0,0,1.333333373,inner_train
0,7707,D5cQWqYcBAE$_$4,D5cQWqYcBAE,0,1,0,0,0,inner_train
0,7708,DEFDuYyc-Xw$_$10,DEFDuYyc-Xw,0,1,0,0,1,inner_train
0,7709,DEFDuYyc-Xw$_$16,DEFDuYyc-Xw,0,1,0,0,-1,inner_train
0,7710,DEFDuYyc-Xw$_$1,DEFDuYyc-Xw,0,1,0,0,1.333333373,inner_train
0,7711,DEFDuYyc-Xw$_$2,DEFDuYyc-Xw,0,1,0,0,1.333333373,inner_train
0,7712,DEFDuYyc-Xw$_$5,DEFDuYyc-Xw,0,1,0,0,-0.6666666865,inner_train
0,7713,DEFDuYyc-Xw$_$4,DEFDuYyc-Xw,0,1,0,0,-0.3333333433,inner_train
0,7714,DEFDuYyc-Xw$_$7,DEFDuYyc-Xw,0,1,0,0,-0.3333333433,inner_train
0,7715,DEFDuYyc-Xw$_$6,DEFDuYyc-Xw,0,1,0,0,0,inner_train
0,7716,DGeBPk1op3E$_$1,DGeBPk1op3E,0,0,0,0,0.3333333433,inner_train
0,7717,DGeBPk1op3E$_$0,DGeBPk1op3E,0,0,0,0,1,inner_train
0,7718,DGeBPk1op3E$_$3,DGeBPk1op3E,0,0,0,0,0,inner_train
0,7719,DGeBPk1op3E$_$2,DGeBPk1op3E,0,0,0,0,0,inner_train
0,7720,DGeBPk1op3E$_$5,DGeBPk1op3E,0,0,0,0,2,inner_train
0,7721,DGeBPk1op3E$_$4,DGeBPk1op3E,0,0,0,0,1.333333373,inner_train
0,7722,DGeBPk1op3E$_$7,DGeBPk1op3E,0,0,0,0,0.6666666865,inner_train
0,7723,DGeBPk1op3E$_$6,DGeBPk1op3E,0,0,0,0,1.333333373,inner_train
0,7724,DNzA2UIkRZk$_$1,DNzA2UIkRZk,0,1,0,0,1.666666627,inner_train
0,7725,DQ7QKE3hzVg$_$1,DQ7QKE3hzVg,0,0,1,0,0.3333333433,inner_train
0,7726,DQ7QKE3hzVg$_$3,DQ7QKE3hzVg,0,0,1,0,1,inner_train
0,7727,DQ7QKE3hzVg$_$2,DQ7QKE3hzVg,0,0,1,0,0.6666666865,inner_train
0,7728,DR9Hhpy8aA8$_$0,DR9Hhpy8aA8,0,0,0,0,0.3333333433,inner_train
0,7729,DR9Hhpy8aA8$_$3,DR9Hhpy8aA8,0,0,0,0,-0.3333333433,inner_train
0,7730,DR9Hhpy8aA8$_$7,DR9Hhpy8aA8,0,0,0,0,0,inner_train
0,7731,DVvJoMt9o80$_$2,DVvJoMt9o80,0,1,0,0,1.666666627,inner_train
0,7732,DVvJoMt9o80$_$4,DVvJoMt9o80,0,1,0,0,0.6666666865,inner_train
0,7739,DZBpdzrMelA$_$3,DZBpdzrMelA,0,0,0,0,0,inner_train
0,7740,DZBpdzrMelA$_$2,DZBpdzrMelA,0,0,0,0,1.666666627,inner_train
0,7741,DZBpdzrMelA$_$5,DZBpdzrMelA,0,0,0,0,1,inner_train
0,7742,DZIFCYOhosQ$_$11,DZIFCYOhosQ,0,1,0,0,0,inner_train
0,7743,DZIFCYOhosQ$_$13,DZIFCYOhosQ,0,1,0,0,-1.333333373,inner_train
0,7744,DZIFCYOhosQ$_$12,DZIFCYOhosQ,0,1,0,0,0.3333333433,inner_train
0,7745,DZIFCYOhosQ$_$19,DZIFCYOhosQ,0,1,0,0,1,inner_train
0,7746,DZIFCYOhosQ$_$1,DZIFCYOhosQ,0,1,0,0,0,inner_train
0,7747,DZIFCYOhosQ$_$3,DZIFCYOhosQ,0,1,0,0,0.3333333433,inner_train
0,7748,DZIFCYOhosQ$_$5,DZIFCYOhosQ,0,1,0,0,-0.3333333433,inner_train
0,7749,DZIFCYOhosQ$_$7,DZIFCYOhosQ,0,1,0,0,0,inner_train
0,7750,DZIFCYOhosQ$_$6,DZIFCYOhosQ,0,1,0,0,0,inner_train
0,7751,DZIFCYOhosQ$_$9,DZIFCYOhosQ,0,1,0,0,-0.3333333433,inner_train
0,7755,DatH-ra0VKY$_$11,DatH-ra0VKY,0,0,0,0,1,outer
0,7756,DatH-ra0VKY$_$13,DatH-ra0VKY,0,0,0,0,0.3333333433,outer
0,7757,DatH-ra0VKY$_$12,DatH-ra0VKY,0,0,0,0,1,outer
0,7758,DatH-ra0VKY$_$16,DatH-ra0VKY,0,0,0,0,1.666666627,outer
0,7759,DatH-ra0VKY$_$1,DatH-ra0VKY,0,0,0,0,2,outer
0,7760,DatH-ra0VKY$_$3,DatH-ra0VKY,0,0,0,0,0.6666666865,outer
0,7761,DatH-ra0VKY$_$2,DatH-ra0VKY,0,0,0,0,1.333333373,outer
0,7762,DatH-ra0VKY$_$4,DatH-ra0VKY,0,0,0,0,0,outer
0,7763,DatH-ra0VKY$_$9,DatH-ra0VKY,0,0,0,0,2,outer
0,7764,DatH-ra0VKY$_$8,DatH-ra0VKY,0,0,0,0,1.666666627,outer
0,7765,DbAppk7xT0Y$_$1,DbAppk7xT0Y,0,1,0,0,-1.666666627,outer
0,7766,DbAppk7xT0Y$_$0,DbAppk7xT0Y,0,1,0,0,0.3333333433,outer
0,7767,DbAppk7xT0Y$_$2,DbAppk7xT0Y,0,1,0,0,-1.666666627,outer
0,7768,DbAppk7xT0Y$_$5,DbAppk7xT0Y,0,1,0,0,1,outer
0,7769,DbAppk7xT0Y$_$7,DbAppk7xT0Y,0,1,0,0,0,outer
0,7770,DbAppk7xT0Y$_$6,DbAppk7xT0Y,0,1,0,0,0.3333333433,outer
0,7771,DbAppk7xT0Y$_$8,DbAppk7xT0Y,0,1,0,0,0.3333333433,outer
0,7782,DhXBaBOB4E8$_$5,DhXBaBOB4E8,0,0,0,0,0.6666666865,inner_train
0,7789,Dnhxm6sHQpc$_$11,Dnhxm6sHQpc,0,0,0,0,0,inner_train
0,7790,Dnhxm6sHQpc$_$1,Dnhxm6sHQpc,0,0,0,0,0.3333333433,inner_train
0,7791,Dnhxm6sHQpc$_$5,Dnhxm6sHQpc,0,0,0,0,0.3333333433,inner_train
0,7792,Dnhxm6sHQpc$_$4,Dnhxm6sHQpc,0,0,0,0,0.6666666865,inner_train
0,7793,Dnhxm6sHQpc$_$6,Dnhxm6sHQpc,0,0,0,0,0.6666666865,inner_train
0,7794,Dq7V30WhOJQ$_$1,Dq7V30WhOJQ,0,1,1,0,0,inner_train
0,7795,Dq7V30WhOJQ$_$7,Dq7V30WhOJQ,0,1,1,0,0,inner_train
0,7796,Drhrzj1yhVs$_$8,Drhrzj1yhVs,0,0,0,0,0,inner_train
0,7797,Drhrzj1yhVs$_$5,Drhrzj1yhVs,0,0,0,0,1,inner_train
0,7798,Drhrzj1yhVs$_$4,Drhrzj1yhVs,0,0,0,0,-0.6666666865,inner_train
0,7799,Drhrzj1yhVs$_$7,Drhrzj1yhVs,0,0,0,0,0,inner_train
0,7804,Dws8ZrzF7xQ$_$1,Dws8ZrzF7xQ,0,0,1,0,1,inner_train
0,7805,Dws8ZrzF7xQ$_$5,Dws8ZrzF7xQ,0,0,1,0,0,inner_train
0,7806,Dws8ZrzF7xQ$_$4,Dws8ZrzF7xQ,0,0,1,0,0.6666666865,inner_train
0,7807,Dws8ZrzF7xQ$_$7,Dws8ZrzF7xQ,0,0,1,0,0.3333333433,inner_train
0,7808,Dws8ZrzF7xQ$_$6,Dws8ZrzF7xQ,0,0,1,0,0.3333333433,inner_train
0,7809,Dws8ZrzF7xQ$_$8,Dws8ZrzF7xQ,0,0,1,0,0.6666666865,inner_train
0,7810,E05bA058vts$_$8,E05bA058vts,0,0,1,0,1.666666627,inner_train
0,7811,E0g6nae4Ae4$_$24,E0g6nae4Ae4,0,0,0,0,1,inner_valid
0,7812,E0g6nae4Ae4$_$25,E0g6nae4Ae4,0,0,0,0,0.3333333433,inner_valid
0,7813,E0g6nae4Ae4$_$26,E0g6nae4Ae4,0,0,0,0,1,inner_valid
0,7814,E0g6nae4Ae4$_$27,E0g6nae4Ae4,0,0,0,0,0.6666666865,inner_valid
0,7815,E0g6nae4Ae4$_$20,E0g6nae4Ae4,0,0,0,0,0.6666666865,inner_valid
0,7816,E0g6nae4Ae4$_$21,E0g6nae4Ae4,0,0,0,0,0.6666666865,inner_valid
0,7817,E0g6nae4Ae4$_$22,E0g6nae4Ae4,0,0,0,0,0.6666666865,inner_valid
0,7818,E0g6nae4Ae4$_$23,E0g6nae4Ae4,0,0,0,0,1.333333373,inner_valid
0,7819,E0g6nae4Ae4$_$28,E0g6nae4Ae4,0,0,0,0,0.6666666865,inner_valid
0,7820,E0g6nae4Ae4$_$29,E0g6nae4Ae4,0,0,0,0,1,inner_valid
0,7821,E0g6nae4Ae4$_$1,E0g6nae4Ae4,0,0,0,0,0.3333333433,inner_valid
0,7822,E0g6nae4Ae4$_$0,E0g6nae4Ae4,0,0,0,0,1.666666627,inner_valid
0,7823,E0g6nae4Ae4$_$3,E0g6nae4Ae4,0,0,0,0,1,inner_valid
0,7824,E0g6nae4Ae4$_$2,E0g6nae4Ae4,0,0,0,0,1.333333373,inner_valid
0,7825,E0g6nae4Ae4$_$5,E0g6nae4Ae4,0,0,0,0,0,inner_valid
0,7826,E0g6nae4Ae4$_$4,E0g6nae4Ae4,0,0,0,0,1.333333373,inner_valid
0,7827,E0g6nae4Ae4$_$7,E0g6nae4Ae4,0,0,0,0,0.6666666865,inner_valid
0,7828,E0g6nae4Ae4$_$6,E0g6nae4Ae4,0,0,0,0,0.3333333433,inner_valid
0,7829,E0g6nae4Ae4$_$9,E0g6nae4Ae4,0,0,0,0,1,inner_valid
0,7830,E0g6nae4Ae4$_$8,E0g6nae4Ae4,0,0,0,0,0,inner_valid
0,7831,E0g6nae4Ae4$_$11,E0g6nae4Ae4,0,0,0,0,0.6666666865,inner_valid
0,7832,E0g6nae4Ae4$_$10,E0g6nae4Ae4,0,0,0,0,1.333333373,inner_valid
0,7833,E0g6nae4Ae4$_$13,E0g6nae4Ae4,0,0,0,0,0,inner_valid
0,7834,E0g6nae4Ae4$_$12,E0g6nae4Ae4,0,0,0,0,0,inner_valid
0,7835,E0g6nae4Ae4$_$15,E0g6nae4Ae4,0,0,0,0,0.6666666865,inner_valid
0,7836,E0g6nae4Ae4$_$14,E0g6nae4Ae4,0,0,0,0,0.6666666865,inner_valid
0,7837,E0g6nae4Ae4$_$17,E0g6nae4Ae4,0,0,0,0,0.3333333433,inner_valid
0,7838,E0g6nae4Ae4$_$16,E0g6nae4Ae4,0,0,0,0,1,inner_valid
0,7839,E0g6nae4Ae4$_$19,E0g6nae4Ae4,0,0,0,0,1.333333373,inner_valid
0,7840,E0g6nae4Ae4$_$18,E0g6nae4Ae4,0,0,0,0,0.6666666865,inner_valid
0,7841,E0g6nae4Ae4$_$33,E0g6nae4Ae4,0,0,0,0,1,inner_valid
0,7849,EEUGfVTyTQM$_$1,EEUGfVTyTQM,0,1,0,0,1.333333373,inner_valid
0,7850,EEUGfVTyTQM$_$0,EEUGfVTyTQM,0,1,0,0,1,inner_valid
0,7851,EEUGfVTyTQM$_$3,EEUGfVTyTQM,0,1,0,0,1,inner_valid
0,7852,EEUGfVTyTQM$_$2,EEUGfVTyTQM,0,1,0,0,-0.3333333433,inner_valid
0,7853,EEUGfVTyTQM$_$7,EEUGfVTyTQM,0,1,0,0,0.6666666865,inner_valid
0,7854,EEUGfVTyTQM$_$6,EEUGfVTyTQM,0,1,0,0,0.3333333433,inner_valid
0,7855,EEUGfVTyTQM$_$8,EEUGfVTyTQM,0,1,0,0,1,inner_valid
0,7866,EK2bnbzmJs4$_$3,EK2bnbzmJs4,0,1,1,0,2.333333254,inner_valid
0,7867,EK2bnbzmJs4$_$2,EK2bnbzmJs4,0,1,1,0,1.666666627,inner_valid
0,7868,ELtbrO8FbuI$_$4,ELtbrO8FbuI,0,1,0,0,0.6666666865,outer
0,7896,E_ocLuUw-1I$_$1,E_ocLuUw-1I,0,1,0,0,0.5,inner_train
0,7897,E_ocLuUw-1I$_$0,E_ocLuUw-1I,0,1,0,0,1.5,inner_train
0,7898,E_ocLuUw-1I$_$3,E_ocLuUw-1I,0,1,0,0,1.5,inner_train
0,7899,E_ocLuUw-1I$_$2,E_ocLuUw-1I,0,1,0,0,0.3333333433,inner_train
0,7900,E_ocLuUw-1I$_$4,E_ocLuUw-1I,0,1,0,0,0,inner_train
0,7932,EoC83JhkCAw$_$11,EoC83JhkCAw,0,0,0,0,2.666666746,inner_train
0,7933,EoC83JhkCAw$_$10,EoC83JhkCAw,0,0,0,0,0.6666666865,inner_train
0,7934,EoC83JhkCAw$_$1,EoC83JhkCAw,0,0,0,0,1.666666627,inner_train
0,7935,EoC83JhkCAw$_$3,EoC83JhkCAw,0,0,0,0,0.6666666865,inner_train
0,7936,EoC83JhkCAw$_$2,EoC83JhkCAw,0,0,0,0,1,inner_train
0,7937,EoC83JhkCAw$_$5,EoC83JhkCAw,0,0,0,0,1.333333373,inner_train
0,7938,EoC83JhkCAw$_$4,EoC83JhkCAw,0,0,0,0,2.333333254,inner_train
0,7939,EoC83JhkCAw$_$7,EoC83JhkCAw,0,0,0,0,1,inner_train
0,7940,EoC83JhkCAw$_$6,EoC83JhkCAw,0,0,0,0,2,inner_train
0,7941,EoC83JhkCAw$_$9,EoC83JhkCAw,0,0,0,0,1,inner_train
0,7942,EoC83JhkCAw$_$8,EoC83JhkCAw,0,0,0,0,1,inner_train
0,7959,F2M7WbPXRps$_$11,F2M7WbPXRps,0,1,0,1,0.3333333433,inner_train
0,7960,F2M7WbPXRps$_$8,F2M7WbPXRps,0,1,0,1,-0.3333333433,inner_train
0,7961,F2M7WbPXRps$_$12,F2M7WbPXRps,0,1,0,1,0.3333333433,inner_train
0,7962,F2M7WbPXRps$_$6,F2M7WbPXRps,0,1,0,1,0,inner_train
0,7970,F59hwsm4Ld0$_$42,F59hwsm4Ld0,0,1,0,0,-0.6666666865,inner_train
0,7971,F59hwsm4Ld0$_$43,F59hwsm4Ld0,0,1,0,0,-0.3333333433,inner_train
0,7972,F59hwsm4Ld0$_$23,F59hwsm4Ld0,0,1,0,0,0.6666666865,inner_train
0,7973,F59hwsm4Ld0$_$24,F59hwsm4Ld0,0,1,0,0,0.6666666865,inner_train
0,7974,F59hwsm4Ld0$_$25,F59hwsm4Ld0,0,1,0,0,1,inner_train
0,7975,F59hwsm4Ld0$_$26,F59hwsm4Ld0,0,1,0,0,0.3333333433,inner_train
0,7976,F59hwsm4Ld0$_$20,F59hwsm4Ld0,0,1,0,0,1.666666627,inner_train
0,7977,F59hwsm4Ld0$_$21,F59hwsm4Ld0,0,1,0,0,1,inner_train
0,7978,F59hwsm4Ld0$_$22,F59hwsm4Ld0,0,1,0,0,0.6666666865,inner_train
0,7979,F59hwsm4Ld0$_$49,F59hwsm4Ld0,0,1,0,0,1,inner_train
0,7980,F59hwsm4Ld0$_$46,F59hwsm4Ld0,0,1,0,0,1,inner_train
0,7981,F59hwsm4Ld0$_$47,F59hwsm4Ld0,0,1,0,0,1.333333373,inner_train
0,7982,F59hwsm4Ld0$_$44,F59hwsm4Ld0,0,1,0,0,0,inner_train
0,7983,F59hwsm4Ld0$_$45,F59hwsm4Ld0,0,1,0,0,2,inner_train
0,7984,F59hwsm4Ld0$_$28,F59hwsm4Ld0,0,1,0,0,0.6666666865,inner_train
0,7985,F59hwsm4Ld0$_$29,F59hwsm4Ld0,0,1,0,0,1,inner_train
0,7986,F59hwsm4Ld0$_$40,F59hwsm4Ld0,0,1,0,0,0.3333333433,inner_train
0,7987,F59hwsm4Ld0$_$41,F59hwsm4Ld0,0,1,0,0,2.666666746,inner_train
0,7988,F59hwsm4Ld0$_$1,F59hwsm4Ld0,0,1,0,0,1.333333373,inner_train
0,7989,F59hwsm4Ld0$_$0,F59hwsm4Ld0,0,1,0,0,1.666666627,inner_train
0,7990,F59hwsm4Ld0$_$3,F59hwsm4Ld0,0,1,0,0,1.666666627,inner_train
0,7991,F59hwsm4Ld0$_$2,F59hwsm4Ld0,0,1,0,0,1.333333373,inner_train
0,7992,F59hwsm4Ld0$_$5,F59hwsm4Ld0,0,1,0,0,0.6666666865,inner_train
0,7993,F59hwsm4Ld0$_$4,F59hwsm4Ld0,0,1,0,0,2.333333254,inner_train
0,7994,F59hwsm4Ld0$_$7,F59hwsm4Ld0,0,1,0,0,1,inner_train
0,7995,F59hwsm4Ld0$_$6,F59hwsm4Ld0,0,1,0,0,1.333333373,inner_train
0,7996,F59hwsm4Ld0$_$9,F59hwsm4Ld0,0,1,0,0,1,inner_train
0,7997,F59hwsm4Ld0$_$8,F59hwsm4Ld0,0,1,0,0,1.666666627,inner_train
0,7998,F59hwsm4Ld0$_$11,F59hwsm4Ld0,0,1,0,0,1,inner_train
0,7999,F59hwsm4Ld0$_$10,F59hwsm4Ld0,0,1,0,0,-0.6666666865,inner_train
0,8000,F59hwsm4Ld0$_$13,F59hwsm4Ld0,0,1,0,0,0.3333333433,inner_train
0,8001,F59hwsm4Ld0$_$15,F59hwsm4Ld0,0,1,0,0,0,inner_train
0,8002,F59hwsm4Ld0$_$14,F59hwsm4Ld0,0,1,0,0,-0.6666666865,inner_train
0,8003,F59hwsm4Ld0$_$17,F59hwsm4Ld0,0,1,0,0,1.333333373,inner_train
0,8004,F59hwsm4Ld0$_$16,F59hwsm4Ld0,0,1,0,0,0,inner_train
0,8005,F59hwsm4Ld0$_$19,F59hwsm4Ld0,0,1,0,0,1,inner_train
0,8006,F59hwsm4Ld0$_$18,F59hwsm4Ld0,0,1,0,0,0.6666666865,inner_train
0,8007,F59hwsm4Ld0$_$31,F59hwsm4Ld0,0,1,0,0,0.6666666865,inner_train
0,8008,F59hwsm4Ld0$_$30,F59hwsm4Ld0,0,1,0,0,-0.3333333433,inner_train
0,8009,F59hwsm4Ld0$_$37,F59hwsm4Ld0,0,1,0,0,1,inner_train
0,8010,F59hwsm4Ld0$_$36,F59hwsm4Ld0,0,1,0,0,1,inner_train
0,8011,F59hwsm4Ld0$_$35,F59hwsm4Ld0,0,1,0,0,1.333333373,inner_train
0,8012,F59hwsm4Ld0$_$34,F59hwsm4Ld0,0,1,0,0,0.6666666865,inner_train
0,8013,F59hwsm4Ld0$_$33,F59hwsm4Ld0,0,1,0,0,0.3333333433,inner_train
0,8014,F59hwsm4Ld0$_$32,F59hwsm4Ld0,0,1,0,0,0.3333333433,inner_train
0,8015,F59hwsm4Ld0$_$50,F59hwsm4Ld0,0,1,0,0,2.333333254,inner_train
0,8027,F6Ci45lP5aA$_$0,F6Ci45lP5aA,0,0,0,0,0.6666666865,inner_train
0,8028,F6Ci45lP5aA$_$12,F6Ci45lP5aA,0,0,0,0,0,inner_train
0,8029,F6Ci45lP5aA$_$6,F6Ci45lP5aA,0,0,0,0,2,inner_train
0,8030,F8KE2ZhoUe4$_$25,F8KE2ZhoUe4,0,1,0,0,1.666666627,inner_train
0,8031,F8KE2ZhoUe4$_$13,F8KE2ZhoUe4,0,1,0,0,0,inner_train
0,8032,F8KE2ZhoUe4$_$12,F8KE2ZhoUe4,0,1,0,0,1.333333373,inner_train
0,8033,F8KE2ZhoUe4$_$15,F8KE2ZhoUe4,0,1,0,0,0.6666666865,inner_train
0,8034,F8KE2ZhoUe4$_$21,F8KE2ZhoUe4,0,1,0,0,1.666666627,inner_train
0,8035,F8KE2ZhoUe4$_$16,F8KE2ZhoUe4,0,1,0,0,0.3333333433,inner_train
0,8036,F8KE2ZhoUe4$_$19,F8KE2ZhoUe4,0,1,0,0,1,inner_train
0,8037,F8KE2ZhoUe4$_$3,F8KE2ZhoUe4,0,1,0,0,1.333333373,inner_train
0,8038,F8KE2ZhoUe4$_$2,F8KE2ZhoUe4,0,1,0,0,1,inner_train
0,8039,F8KE2ZhoUe4$_$5,F8KE2ZhoUe4,0,1,0,0,1,inner_train
0,8040,F8KE2ZhoUe4$_$4,F8KE2ZhoUe4,0,1,0,0,0.3333333433,inner_train
0,8041,F8KE2ZhoUe4$_$6,F8KE2ZhoUe4,0,1,0,0,0,inner_train
0,8042,F8KE2ZhoUe4$_$20,F8KE2ZhoUe4,0,1,0,0,1,inner_train
0,8043,F8KE2ZhoUe4$_$8,F8KE2ZhoUe4,0,1,0,0,0.6666666865,inner_train
0,8044,F9NruwaEmA8$_$3,F9NruwaEmA8,0,0,0,0,1,outer
0,8045,F9NruwaEmA8$_$2,F9NruwaEmA8,0,0,0,0,0.3333333433,outer
0,8058,FJgO-FICHlA$_$4,FJgO-FICHlA,0,1,0,1,0.6666666865,inner_train
0,8059,FJgO-FICHlA$_$6,FJgO-FICHlA,0,1,0,1,1.666666627,inner_train
0,8071,FMif4HMBZjo$_$1,FMif4HMBZjo,0,0,0,0,0.3333333433,inner_train
0,8072,FNbULlE9RKg$_$0,FNbULlE9RKg,0,1,0,0,0,inner_train
0,8073,FNbULlE9RKg$_$2,FNbULlE9RKg,0,1,0,0,0.6666666865,inner_train
0,8074,FNbULlE9RKg$_$4,FNbULlE9RKg,0,1,0,0,0.3333333433,inner_train
0,8075,FNbULlE9RKg$_$6,FNbULlE9RKg,0,1,0,0,0,inner_train
0,8082,FR0B64ID-hA$_$5,FR0B64ID-hA,0,0,0,0,-0.6666666865,outer
0,8083,FR0B64ID-hA$_$6,FR0B64ID-hA,0,0,0,0,1.333333373,outer
0,8084,FRKwvmrwrZA$_$24,FRKwvmrwrZA,0,0,1,0,0.3333333433,inner_train
0,8085,FRKwvmrwrZA$_$25,FRKwvmrwrZA,0,0,1,0,1,inner_train
0,8086,FRKwvmrwrZA$_$26,FRKwvmrwrZA,0,0,1,0,1.666666627,inner_train
0,8087,FRKwvmrwrZA$_$14,FRKwvmrwrZA,0,0,1,0,-0.6666666865,inner_train
0,8088,FRKwvmrwrZA$_$22,FRKwvmrwrZA,0,0,1,0,-0.3333333433,inner_train
0,8089,FRKwvmrwrZA$_$16,FRKwvmrwrZA,0,0,1,0,0.6666666865,inner_train
0,8090,FRKwvmrwrZA$_$19,FRKwvmrwrZA,0,0,1,0,0,inner_train
0,8091,FRKwvmrwrZA$_$13,FRKwvmrwrZA,0,0,1,0,0,inner_train
0,8092,FRKwvmrwrZA$_$1,FRKwvmrwrZA,0,0,1,0,0,inner_train
0,8093,FRKwvmrwrZA$_$5,FRKwvmrwrZA,0,0,1,0,0.6666666865,inner_train
0,8094,FRKwvmrwrZA$_$7,FRKwvmrwrZA,0,0,1,0,0.6666666865,inner_train
0,8095,FRKwvmrwrZA$_$9,FRKwvmrwrZA,0,0,1,0,0.6666666865,inner_train
0,8096,FSGL5K2EEdo$_$0,FSGL5K2EEdo,0,1,0,1,0.3333333433,inner_train
0,8097,FSGL5K2EEdo$_$2,FSGL5K2EEdo,0,1,0,1,1,inner_train
0,8098,FWBCTZiijEM$_$1,FWBCTZiijEM,0,0,0,0,1,inner_valid
0,8099,FWBCTZiijEM$_$0,FWBCTZiijEM,0,0,0,0,0.6666666865,inner_valid
0,8100,FWBCTZiijEM$_$5,FWBCTZiijEM,0,0,0,0,0.3333333433,inner_valid
0,8104,FX87sfrE47w$_$5,FX87sfrE47w,0,1,0,0,0,inner_train
0,8105,FX87sfrE47w$_$7,FX87sfrE47w,0,1,0,0,1.666666627,inner_train
0,8106,FX87sfrE47w$_$6,FX87sfrE47w,0,1,0,0,0,inner_train
0,8107,FaHosBIr0xY$_$3,FaHosBIr0xY,0,1,0,0,0.6666666865,inner_train
0,8108,FaHosBIr0xY$_$7,FaHosBIr0xY,0,1,0,0,-1,inner_train
0,8109,FaHosBIr0xY$_$6,FaHosBIr0xY,0,1,0,0,0.3333333433,inner_train
0,8110,FcAgbLF6__s$_$4,FcAgbLF6__s,0,0,0,0,0.3333333433,inner_train
0,8115,FfavRdRKsAQ$_$11,FfavRdRKsAQ,0,1,0,0,0.6666666865,inner_train
0,8116,FfavRdRKsAQ$_$10,FfavRdRKsAQ,0,1,0,0,1.333333373,inner_train
0,8117,FfavRdRKsAQ$_$12,FfavRdRKsAQ,0,1,0,0,1.666666627,inner_train
0,8118,FfavRdRKsAQ$_$1,FfavRdRKsAQ,0,1,0,0,1.666666627,inner_train
0,8119,FfavRdRKsAQ$_$0,FfavRdRKsAQ,0,1,0,0,0.6666666865,inner_train
0,8120,FfavRdRKsAQ$_$3,FfavRdRKsAQ,0,1,0,0,1,inner_train
0,8121,FfavRdRKsAQ$_$2,FfavRdRKsAQ,0,1,0,0,0.6666666865,inner_train
0,8122,FfavRdRKsAQ$_$7,FfavRdRKsAQ,0,1,0,0,0.6666666865,inner_train
0,8123,FfavRdRKsAQ$_$6,FfavRdRKsAQ,0,1,0,0,1.333333373,inner_train
0,8124,FfavRdRKsAQ$_$9,FfavRdRKsAQ,0,1,0,0,0.3333333433,inner_train
0,8125,FmE9BtTmxnE$_$0,FmE9BtTmxnE,0,1,0,1,0.6666666865,inner_train
0,8126,FmIS69vB12I$_$13,FmIS69vB12I,0,1,0,0,0.3333333433,inner_valid
0,8127,FmIS69vB12I$_$12,FmIS69vB12I,0,1,0,0,0.3333333433,inner_valid
0,8128,FmIS69vB12I$_$1,FmIS69vB12I,0,1,0,0,0.3333333433,inner_valid
0,8129,FmIS69vB12I$_$0,FmIS69vB12I,0,1,0,0,1,inner_valid
0,8130,FmIS69vB12I$_$3,FmIS69vB12I,0,1,0,0,0.3333333433,inner_valid
0,8131,FmIS69vB12I$_$2,FmIS69vB12I,0,1,0,0,0,inner_valid
0,8132,FmIS69vB12I$_$5,FmIS69vB12I,0,1,0,0,0,inner_valid
0,8133,FmIS69vB12I$_$4,FmIS69vB12I,0,1,0,0,0,inner_valid
0,8134,FmIS69vB12I$_$7,FmIS69vB12I,0,1,0,0,-0.6666666865,inner_valid
0,8135,FmIS69vB12I$_$6,FmIS69vB12I,0,1,0,0,-0.6666666865,inner_valid
0,8136,FmIS69vB12I$_$9,FmIS69vB12I,0,1,0,0,1.333333373,inner_valid
0,8137,FmIS69vB12I$_$8,FmIS69vB12I,0,1,0,0,-0.6666666865,inner_valid
0,8153,FphtHpVV-7w$_$1,FphtHpVV-7w,0,1,0,0,1,inner_train
0,8154,FphtHpVV-7w$_$0,FphtHpVV-7w,0,1,0,0,-1,inner_train
0,8155,FphtHpVV-7w$_$3,FphtHpVV-7w,0,1,0,0,0.6666666865,inner_train
0,8156,FphtHpVV-7w$_$6,FphtHpVV-7w,0,1,0,0,0,inner_train
0,8159,FvoZgWvc3gc$_$1,FvoZgWvc3gc,0,1,0,1,-0.3333333433,inner_train
0,8160,FvoZgWvc3gc$_$11,FvoZgWvc3gc,0,1,0,1,0.6666666865,inner_train
0,8161,FvoZgWvc3gc$_$12,FvoZgWvc3gc,0,1,0,1,2,inner_train
0,8162,FvoZgWvc3gc$_$15,FvoZgWvc3gc,0,1,0,1,-0.6666666865,inner_train
0,8163,FvoZgWvc3gc$_$7,FvoZgWvc3gc,0,1,0,1,1,inner_train
0,8180,G38DwNDQ8Cc$_$24,G38DwNDQ8Cc,0,0,1,0,-0.3333333433,outer
0,8181,G38DwNDQ8Cc$_$26,G38DwNDQ8Cc,0,0,1,0,-0.6666666865,outer
0,8182,G38DwNDQ8Cc$_$12,G38DwNDQ8Cc,0,0,1,0,-2.333333254,outer
0,8183,G38DwNDQ8Cc$_$20,G38DwNDQ8Cc,0,0,1,0,-1.666666627,outer
0,8184,G38DwNDQ8Cc$_$21,G38DwNDQ8Cc,0,0,1,0,-0.6666666865,outer
0,8185,G38DwNDQ8Cc$_$17,G38DwNDQ8Cc,0,0,1,0,-0.3333333433,outer
0,8186,G38DwNDQ8Cc$_$23,G38DwNDQ8Cc,0,0,1,0,-0.3333333433,outer
0,8187,G38DwNDQ8Cc$_$19,G38DwNDQ8Cc,0,0,1,0,0.3333333433,outer
0,8188,G38DwNDQ8Cc$_$30,G38DwNDQ8Cc,0,0,1,0,0,outer
0,8189,G38DwNDQ8Cc$_$28,G38DwNDQ8Cc,0,0,1,0,-1.333333373,outer
0,8190,G38DwNDQ8Cc$_$1,G38DwNDQ8Cc,0,0,1,0,-1.666666627,outer
0,8191,G38DwNDQ8Cc$_$0,G38DwNDQ8Cc,0,0,1,0,0,outer
0,8192,G38DwNDQ8Cc$_$3,G38DwNDQ8Cc,0,0,1,0,-1,outer
0,8193,G38DwNDQ8Cc$_$2,G38DwNDQ8Cc,0,0,1,0,-1,outer
0,8194,G38DwNDQ8Cc$_$5,G38DwNDQ8Cc,0,0,1,0,-0.3333333433,outer
0,8195,G38DwNDQ8Cc$_$4,G38DwNDQ8Cc,0,0,1,0,-1,outer
0,8196,G38DwNDQ8Cc$_$7,G38DwNDQ8Cc,0,0,1,0,-1,outer
0,8197,G38DwNDQ8Cc$_$6,G38DwNDQ8Cc,0,0,1,0,-0.6666666865,outer
0,8198,G38DwNDQ8Cc$_$9,G38DwNDQ8Cc,0,0,1,0,-1.333333373,outer
0,8199,G38DwNDQ8Cc$_$14,G38DwNDQ8Cc,0,0,1,0,0,outer
0,8220,G8aL3bM39co$_$11,G8aL3bM39co,0,1,0,0,0.6666666865,inner_train
0,8221,G8aL3bM39co$_$24,G8aL3bM39co,0,1,0,0,1.333333373,inner_train
0,8222,G8aL3bM39co$_$20,G8aL3bM39co,0,1,0,0,2.333333254,inner_train
0,8223,G8aL3bM39co$_$23,G8aL3bM39co,0,1,0,0,1,inner_train
0,8224,G8aL3bM39co$_$3,G8aL3bM39co,0,1,0,0,1.333333373,inner_train
0,8225,G8aL3bM39co$_$6,G8aL3bM39co,0,1,0,0,-1.333333373,inner_train
0,8235,GAY5ICoVnA8$_$13,GAY5ICoVnA8,0,0,0,0,2.333333254,inner_valid
0,8236,GAY5ICoVnA8$_$12,GAY5ICoVnA8,0,0,0,0,1,inner_valid
0,8237,GAY5ICoVnA8$_$15,GAY5ICoVnA8,0,0,0,0,0.3333333433,inner_valid
0,8238,GAY5ICoVnA8$_$14,GAY5ICoVnA8,0,0,0,0,0,inner_valid
0,8239,GAY5ICoVnA8$_$16,GAY5ICoVnA8,0,0,0,0,0.6666666865,inner_valid
0,8240,GAY5ICoVnA8$_$3,GAY5ICoVnA8,0,0,0,0,0.6666666865,inner_valid
0,8241,GAY5ICoVnA8$_$2,GAY5ICoVnA8,0,0,0,0,1,inner_valid
0,8242,GAY5ICoVnA8$_$5,GAY5ICoVnA8,0,0,0,0,1,inner_valid
0,8243,GAY5ICoVnA8$_$7,GAY5ICoVnA8,0,0,0,0,0,inner_valid
0,8244,GAY5ICoVnA8$_$6,GAY5ICoVnA8,0,0,0,0,0.6666666865,inner_valid
0,8245,GCOFujDHDx0$_$10,GCOFujDHDx0,0,0,0,1,0,outer
0,8246,GCOFujDHDx0$_$16,GCOFujDHDx0,0,0,0,1,-0.3333333433,outer
0,8247,GCOFujDHDx0$_$0,GCOFujDHDx0,0,0,0,1,0.6666666865,outer
0,8248,GCOFujDHDx0$_$2,GCOFujDHDx0,0,0,0,1,0.3333333433,outer
0,8249,GCOFujDHDx0$_$5,GCOFujDHDx0,0,0,0,1,-0.3333333433,outer
0,8250,GCOFujDHDx0$_$4,GCOFujDHDx0,0,0,0,1,0.3333333433,outer
0,8251,GCOFujDHDx0$_$9,GCOFujDHDx0,0,0,0,1,0.3333333433,outer
0,8252,GICVzJMDfv0$_$1,GICVzJMDfv0,0,1,0,0,1,inner_train
0,8253,GICVzJMDfv0$_$0,GICVzJMDfv0,0,1,0,0,0,inner_train
0,8254,GJyzeK-Cn-0$_$6,GJyzeK-Cn-0,0,0,0,0,0.6666666865,outer
0,8255,GMHW6XEO1ms$_$9,GMHW6XEO1ms,0,1,0,0,0,inner_train
0,8256,GMHW6XEO1ms$_$3,GMHW6XEO1ms,0,1,0,0,0.6666666865,inner_train
0,8257,GMHW6XEO1ms$_$2,GMHW6XEO1ms,0,1,0,0,0,inner_train
0,8258,GMHW6XEO1ms$_$7,GMHW6XEO1ms,0,1,0,0,-0.6666666865,inner_train
0,8259,GMHW6XEO1ms$_$6,GMHW6XEO1ms,0,1,0,0,0,inner_train
0,8260,GMjQUrlMa50$_$3,GMjQUrlMa50,0,0,1,0,0.3333333433,inner_train
0,8261,GMjQUrlMa50$_$5,GMjQUrlMa50,0,0,1,0,0,inner_train
0,8262,GMjQUrlMa50$_$4,GMjQUrlMa50,0,0,1,0,0.6666666865,inner_train
0,8263,GMjQUrlMa50$_$6,GMjQUrlMa50,0,0,1,0,0.3333333433,inner_train
0,8266,GOj7TBcEA8E$_$10,GOj7TBcEA8E,0,1,0,0,0.3333333433,inner_train
0,8267,GOj7TBcEA8E$_$13,GOj7TBcEA8E,0,1,0,0,0,inner_train
0,8268,GOj7TBcEA8E$_$27,GOj7TBcEA8E,0,1,0,0,1,inner_train
0,8269,GOj7TBcEA8E$_$15,GOj7TBcEA8E,0,1,0,0,1.333333373,inner_train
0,8270,GOj7TBcEA8E$_$21,GOj7TBcEA8E,0,1,0,0,0.6666666865,inner_train
0,8271,GOj7TBcEA8E$_$22,GOj7TBcEA8E,0,1,0,0,0.3333333433,inner_train
0,8272,GOj7TBcEA8E$_$23,GOj7TBcEA8E,0,1,0,0,1,inner_train
0,8273,GOj7TBcEA8E$_$16,GOj7TBcEA8E,0,1,0,0,0,inner_train
0,8274,GOj7TBcEA8E$_$26,GOj7TBcEA8E,0,1,0,0,0.6666666865,inner_train
0,8275,GOj7TBcEA8E$_$29,GOj7TBcEA8E,0,1,0,0,1.333333373,inner_train
0,8276,GOj7TBcEA8E$_$3,GOj7TBcEA8E,0,1,0,0,1.333333373,inner_train
0,8277,GOj7TBcEA8E$_$2,GOj7TBcEA8E,0,1,0,0,0.6666666865,inner_train
0,8278,GOj7TBcEA8E$_$5,GOj7TBcEA8E,0,1,0,0,2,inner_train
0,8279,GOj7TBcEA8E$_$4,GOj7TBcEA8E,0,1,0,0,0,inner_train
0,8280,GOj7TBcEA8E$_$7,GOj7TBcEA8E,0,1,0,0,1,inner_train
0,8281,GOj7TBcEA8E$_$8,GOj7TBcEA8E,0,1,0,0,1,inner_train
0,8282,GOj7TBcEA8E$_$12,GOj7TBcEA8E,0,1,0,0,0,inner_train
0,8283,GRFXnnrQaB4$_$1,GRFXnnrQaB4,0,1,0,0,0,outer
0,8284,GRFXnnrQaB4$_$0,GRFXnnrQaB4,0,1,0,0,-0.6666666865,outer
0,8285,GRFXnnrQaB4$_$3,GRFXnnrQaB4,0,1,0,0,0,outer
0,8286,GRFXnnrQaB4$_$2,GRFXnnrQaB4,0,1,0,0,0,outer
0,8287,GRFXnnrQaB4$_$5,GRFXnnrQaB4,0,1,0,0,-1.666666627,outer
0,8288,GRFXnnrQaB4$_$4,GRFXnnrQaB4,0,1,0,0,0,outer
0,8289,GSnt_fW8qjI$_$1,GSnt_fW8qjI,0,1,0,1,1.666666627,inner_train
0,8290,GSnt_fW8qjI$_$0,GSnt_fW8qjI,0,1,0,1,1.333333373,inner_train
0,8291,GSnt_fW8qjI$_$3,GSnt_fW8qjI,0,1,0,1,0.6666666865,inner_train
0,8292,GSnt_fW8qjI$_$2,GSnt_fW8qjI,0,1,0,1,0,inner_train
0,8293,GSnt_fW8qjI$_$5,GSnt_fW8qjI,0,1,0,1,0.6666666865,inner_train
0,8294,GSnt_fW8qjI$_$4,GSnt_fW8qjI,0,1,0,1,0.6666666865,inner_train
0,8295,GSnt_fW8qjI$_$6,GSnt_fW8qjI,0,1,0,1,1,inner_train
0,8296,GTGtVdAuyRc$_$10,GTGtVdAuyRc,0,1,0,1,0.3333333433,inner_train
0,8297,GTGtVdAuyRc$_$1,GTGtVdAuyRc,0,1,0,1,1,inner_train
0,8298,GTGtVdAuyRc$_$0,GTGtVdAuyRc,0,1,0,1,0.3333333433,inner_train
0,8299,GTGtVdAuyRc$_$3,GTGtVdAuyRc,0,1,0,1,1,inner_train
0,8300,GTGtVdAuyRc$_$5,GTGtVdAuyRc,0,1,0,1,1.666666627,inner_train
0,8301,GTGtVdAuyRc$_$7,GTGtVdAuyRc,0,1,0,1,0.3333333433,inner_train
0,8302,GTGtVdAuyRc$_$6,GTGtVdAuyRc,0,1,0,1,0.6666666865,inner_train
0,8303,GTGtVdAuyRc$_$9,GTGtVdAuyRc,0,1,0,1,0.3333333433,inner_train
0,8304,GTGtVdAuyRc$_$8,GTGtVdAuyRc,0,1,0,1,1.666666627,inner_train
0,8315,Gbg8qiKQkhM$_$0,Gbg8qiKQkhM,0,1,0,0,0.3333333433,inner_train
0,8320,GdFP_p4eQX0$_$11,GdFP_p4eQX0,0,1,0,0,0,inner_train
0,8321,GdFP_p4eQX0$_$2,GdFP_p4eQX0,0,1,0,0,0,inner_train
0,8322,GdFP_p4eQX0$_$4,GdFP_p4eQX0,0,1,0,0,-0.3333333433,inner_train
0,8323,GdFP_p4eQX0$_$7,GdFP_p4eQX0,0,1,0,0,0.3333333433,inner_train
0,8324,GdFP_p4eQX0$_$6,GdFP_p4eQX0,0,1,0,0,0.6666666865,inner_train
0,8325,GeSTiDe1hG0$_$2,GeSTiDe1hG0,0,1,0,0,0.6666666865,inner_train
0,8355,Gljee9uq_Rc$_$11,Gljee9uq_Rc,0,1,0,0,-0.3333333433,inner_train
0,8356,Gljee9uq_Rc$_$24,Gljee9uq_Rc,0,1,0,0,1.333333373,inner_train
0,8357,Gljee9uq_Rc$_$13,Gljee9uq_Rc,0,1,0,0,-0.6666666865,inner_train
0,8358,Gljee9uq_Rc$_$12,Gljee9uq_Rc,0,1,0,0,-0.3333333433,inner_train
0,8359,Gljee9uq_Rc$_$15,Gljee9uq_Rc,0,1,0,0,-1.666666627,inner_train
0,8360,Gljee9uq_Rc$_$14,Gljee9uq_Rc,0,1,0,0,-1,inner_train
0,8361,Gljee9uq_Rc$_$22,Gljee9uq_Rc,0,1,0,0,0.6666666865,inner_train
0,8362,Gljee9uq_Rc$_$16,Gljee9uq_Rc,0,1,0,0,-1.666666627,inner_train
0,8363,Gljee9uq_Rc$_$20,Gljee9uq_Rc,0,1,0,0,0,inner_train
0,8364,Gljee9uq_Rc$_$2,Gljee9uq_Rc,0,1,0,0,1.666666627,inner_train
0,8365,Gljee9uq_Rc$_$6,Gljee9uq_Rc,0,1,0,0,0,inner_train
0,8366,Gljee9uq_Rc$_$9,Gljee9uq_Rc,0,1,0,0,-1,inner_train
0,8367,Gljee9uq_Rc$_$8,Gljee9uq_Rc,0,1,0,0,0,inner_train
0,8368,Gljee9uq_Rc$_$21,Gljee9uq_Rc,0,1,0,0,-0.6666666865,inner_train
0,8369,Gmhi58erY6k$_$1,Gmhi58erY6k,0,0,0,1,0,inner_valid
0,8370,Gmhi58erY6k$_$0,Gmhi58erY6k,0,0,0,1,0,inner_valid
0,8371,Gmhi58erY6k$_$2,Gmhi58erY6k,0,0,0,1,0,inner_valid
0,8372,Gmhi58erY6k$_$5,Gmhi58erY6k,0,0,0,1,-1.333333373,inner_valid
0,8373,Gmhi58erY6k$_$7,Gmhi58erY6k,0,0,0,1,0.6666666865,inner_valid
0,8374,Gmhi58erY6k$_$6,Gmhi58erY6k,0,0,0,1,-1.333333373,inner_valid
0,8375,Gmhi58erY6k$_$8,Gmhi58erY6k,0,0,0,1,-0.3333333433,inner_valid
0,8413,Gvg_80PlAAs$_$8,Gvg_80PlAAs,0,0,0,0,-0.6666666865,inner_train
0,8416,GxcOSmJAyYQ$_$1,GxcOSmJAyYQ,0,0,0,0,0,inner_train
0,8417,GxcOSmJAyYQ$_$0,GxcOSmJAyYQ,0,0,0,0,0,inner_train
0,8418,GxcOSmJAyYQ$_$3,GxcOSmJAyYQ,0,0,0,0,-0.3333333433,inner_train
0,8419,H-AJ-grXvgQ$_$0,H-AJ-grXvgQ,0,0,1,0,0.6666666865,inner_valid
0,8420,H-AJ-grXvgQ$_$13,H-AJ-grXvgQ,0,0,1,0,0.3333333433,inner_valid
0,8421,H-AJ-grXvgQ$_$17,H-AJ-grXvgQ,0,0,1,0,1,inner_valid
0,8422,H-AJ-grXvgQ$_$6,H-AJ-grXvgQ,0,0,1,0,0,inner_valid
0,8433,H4RysMUSQD8$_$11,H4RysMUSQD8,0,1,0,0,0.6666666865,outer
0,8434,H4RysMUSQD8$_$10,H4RysMUSQD8,0,1,0,0,1.333333373,outer
0,8435,H4RysMUSQD8$_$1,H4RysMUSQD8,0,1,0,0,1,outer
0,8436,H4RysMUSQD8$_$3,H4RysMUSQD8,0,1,0,0,1.333333373,outer
0,8437,H4RysMUSQD8$_$2,H4RysMUSQD8,0,1,0,0,0,outer
0,8438,H4RysMUSQD8$_$4,H4RysMUSQD8,0,1,0,0,1.666666627,outer
0,8439,H4RysMUSQD8$_$7,H4RysMUSQD8,0,1,0,0,0,outer
0,8440,H4RysMUSQD8$_$6,H4RysMUSQD8,0,1,0,0,0.6666666865,outer
0,8445,H9zVQlzit8Y$_$1,H9zVQlzit8Y,0,1,0,0,0.6666666865,inner_train
0,8446,HAid0IEUoFQ$_$1,HAid0IEUoFQ,0,1,0,0,0,inner_train
0,8447,HAid0IEUoFQ$_$2,HAid0IEUoFQ,0,1,0,0,0.3333333433,inner_train
0,8448,HAid0IEUoFQ$_$6,HAid0IEUoFQ,0,1,0,0,0.3333333433,inner_train
0,8449,HByf7qiO-Kg$_$11,HByf7qiO-Kg,0,0,0,0,0,inner_train
0,8450,HByf7qiO-Kg$_$10,HByf7qiO-Kg,0,0,0,0,0.6666666865,inner_train
0,8451,HByf7qiO-Kg$_$13,HByf7qiO-Kg,0,0,0,0,0,inner_train
0,8452,HByf7qiO-Kg$_$12,HByf7qiO-Kg,0,0,0,0,0.3333333433,inner_train
0,8453,HByf7qiO-Kg$_$14,HByf7qiO-Kg,0,0,0,0,-0.6666666865,inner_train
0,8454,HByf7qiO-Kg$_$1,HByf7qiO-Kg,0,0,0,0,0.3333333433,inner_train
0,8455,HByf7qiO-Kg$_$0,HByf7qiO-Kg,0,0,0,0,0.3333333433,inner_train
0,8456,HByf7qiO-Kg$_$3,HByf7qiO-Kg,0,0,0,0,0.6666666865,inner_train
0,8457,HByf7qiO-Kg$_$4,HByf7qiO-Kg,0,0,0,0,1,inner_train
0,8458,HByf7qiO-Kg$_$6,HByf7qiO-Kg,0,0,0,0,0.6666666865,inner_train
0,8459,HByf7qiO-Kg$_$9,HByf7qiO-Kg,0,0,0,0,0,inner_train
0,8460,HByf7qiO-Kg$_$8,HByf7qiO-Kg,0,0,0,0,0,inner_train
0,8461,HD17J-FvROQ$_$1,HD17J-FvROQ,0,1,0,0,1.666666627,inner_train
0,8462,HD17J-FvROQ$_$0,HD17J-FvROQ,0,1,0,0,0,inner_train
0,8463,HD17J-FvROQ$_$2,HD17J-FvROQ,0,1,0,0,1,inner_train
0,8479,HObh42PhOfw$_$11,HObh42PhOfw,0,1,0,0,0,outer
0,8480,HObh42PhOfw$_$10,HObh42PhOfw,0,1,0,0,0.3333333433,outer
0,8481,HObh42PhOfw$_$5,HObh42PhOfw,0,1,0,0,0,outer
0,8482,HObh42PhOfw$_$7,HObh42PhOfw,0,1,0,0,0,outer
0,8491,HQ9NnDQcxD4$_$1,HQ9NnDQcxD4,0,0,0,1,2,inner_train
0,8492,HQ9NnDQcxD4$_$0,HQ9NnDQcxD4,0,0,0,1,1.333333373,inner_train
0,8495,HUH9BXVmAig$_$0,HUH9BXVmAig,0,1,0,0,1,inner_train
0,8496,HUH9BXVmAig$_$2,HUH9BXVmAig,0,1,0,0,0.6666666865,inner_train
0,8497,HUOMbK1x7MI$_$10,HUOMbK1x7MI,0,0,0,0,0,inner_train
0,8498,HUOMbK1x7MI$_$1,HUOMbK1x7MI,0,0,0,0,0,inner_train
0,8499,HUOMbK1x7MI$_$0,HUOMbK1x7MI,0,0,0,0,0.3333333433,inner_train
0,8500,HUOMbK1x7MI$_$3,HUOMbK1x7MI,0,0,0,0,0.3333333433,inner_train
0,8501,HUOMbK1x7MI$_$2,HUOMbK1x7MI,0,0,0,0,0.6666666865,inner_train
0,8502,HUOMbK1x7MI$_$5,HUOMbK1x7MI,0,0,0,0,0.6666666865,inner_train
0,8503,HUOMbK1x7MI$_$4,HUOMbK1x7MI,0,0,0,0,0,inner_train
0,8504,HUOMbK1x7MI$_$7,HUOMbK1x7MI,0,0,0,0,0.3333333433,inner_train
0,8505,HUOMbK1x7MI$_$6,HUOMbK1x7MI,0,0,0,0,0.6666666865,inner_train
0,8506,HUOMbK1x7MI$_$9,HUOMbK1x7MI,0,0,0,0,0.3333333433,inner_train
0,8507,HUOMbK1x7MI$_$8,HUOMbK1x7MI,0,0,0,0,0,inner_train
0,8513,HWLpH3NMtFs$_$0,HWLpH3NMtFs,0,0,0,0,-1,outer
0,8514,HWLpH3NMtFs$_$2,HWLpH3NMtFs,0,0,0,0,0.3333333433,outer
0,8515,HWLpH3NMtFs$_$5,HWLpH3NMtFs,0,0,0,0,0.6666666865,outer
0,8516,HXuRR2eBHHQ$_$11,HXuRR2eBHHQ,0,1,0,0,2.666666746,inner_train
0,8517,HXuRR2eBHHQ$_$3,HXuRR2eBHHQ,0,1,0,0,2,inner_train
0,8518,HXuRR2eBHHQ$_$2,HXuRR2eBHHQ,0,1,0,0,3,inner_train
0,8519,HXuRR2eBHHQ$_$7,HXuRR2eBHHQ,0,1,0,0,2,inner_train
0,8549,HqtvFTa29L8$_$2,HqtvFTa29L8,0,0,0,0,0.6666666865,inner_valid
0,8550,HxyfY7hsjOg$_$1,HxyfY7hsjOg,0,0,0,0,1.666666627,inner_train
0,8551,HxyfY7hsjOg$_$0,HxyfY7hsjOg,0,0,0,0,1,inner_train
0,8552,HxyfY7hsjOg$_$3,HxyfY7hsjOg,0,0,0,0,2.666666746,inner_train
0,8553,HxyfY7hsjOg$_$2,HxyfY7hsjOg,0,0,0,0,2.333333254,inner_train
0,8554,HxyfY7hsjOg$_$4,HxyfY7hsjOg,0,0,0,0,2,inner_train
0,8555,I--8nRKCkJI$_$1,I--8nRKCkJI,0,0,0,1,2,inner_train
0,8556,I--8nRKCkJI$_$0,I--8nRKCkJI,0,0,0,1,0.6666666865,inner_train
0,8557,I--8nRKCkJI$_$3,I--8nRKCkJI,0,0,0,1,1,inner_train
0,8558,I--8nRKCkJI$_$2,I--8nRKCkJI,0,0,0,1,1.333333373,inner_train
0,8559,I--8nRKCkJI$_$5,I--8nRKCkJI,0,0,0,1,0,inner_train
0,8560,I--8nRKCkJI$_$4,I--8nRKCkJI,0,0,0,1,1,inner_train
0,8561,I--8nRKCkJI$_$7,I--8nRKCkJI,0,0,0,1,1.333333373,inner_train
0,8562,I--8nRKCkJI$_$6,I--8nRKCkJI,0,0,0,1,0.3333333433,inner_train
0,8563,I3SPlbTGuNc$_$11,I3SPlbTGuNc,0,1,0,0,1,inner_train
0,8564,I3SPlbTGuNc$_$10,I3SPlbTGuNc,0,1,0,0,0.3333333433,inner_train
0,8565,I3SPlbTGuNc$_$13,I3SPlbTGuNc,0,1,0,0,0.6666666865,inner_train
0,8566,I3SPlbTGuNc$_$12,I3SPlbTGuNc,0,1,0,0,0.6666666865,inner_train
0,8567,I3SPlbTGuNc$_$15,I3SPlbTGuNc,0,1,0,0,0.6666666865,inner_train
0,8568,I3SPlbTGuNc$_$14,I3SPlbTGuNc,0,1,0,0,1.333333373,inner_train
0,8569,I3SPlbTGuNc$_$1,I3SPlbTGuNc,0,1,0,0,-0.6666666865,inner_train
0,8570,I3SPlbTGuNc$_$0,I3SPlbTGuNc,0,1,0,0,0.6666666865,inner_train
0,8571,I3SPlbTGuNc$_$3,I3SPlbTGuNc,0,1,0,0,0.3333333433,inner_train
0,8572,I3SPlbTGuNc$_$2,I3SPlbTGuNc,0,1,0,0,1.666666627,inner_train
0,8573,I3SPlbTGuNc$_$5,I3SPlbTGuNc,0,1,0,0,2.333333254,inner_train
0,8574,I3SPlbTGuNc$_$4,I3SPlbTGuNc,0,1,0,0,0,inner_train
0,8575,I3SPlbTGuNc$_$7,I3SPlbTGuNc,0,1,0,0,0.6666666865,inner_train
0,8576,I3SPlbTGuNc$_$6,I3SPlbTGuNc,0,1,0,0,0.6666666865,inner_train
0,8577,I3SPlbTGuNc$_$9,I3SPlbTGuNc,0,1,0,0,1.333333373,inner_train
0,8578,I3SPlbTGuNc$_$8,I3SPlbTGuNc,0,1,0,0,0,inner_train
0,8579,I5cS_TlV5B8$_$1,I5cS_TlV5B8,0,0,0,0,0,inner_train
0,8580,I5cS_TlV5B8$_$3,I5cS_TlV5B8,0,0,0,0,-1,inner_train
0,8581,I5cS_TlV5B8$_$2,I5cS_TlV5B8,0,0,0,0,1.666666627,inner_train
0,8582,I5cS_TlV5B8$_$7,I5cS_TlV5B8,0,0,0,0,1,inner_train
0,8583,I5cS_TlV5B8$_$6,I5cS_TlV5B8,0,0,0,0,2,inner_train
0,8584,I5cS_TlV5B8$_$9,I5cS_TlV5B8,0,0,0,0,0.6666666865,inner_train
0,8589,IAmZ5iWHxw4$_$3,IAmZ5iWHxw4,0,0,0,1,2.333333254,inner_train
0,8590,IAmZ5iWHxw4$_$2,IAmZ5iWHxw4,0,0,0,1,0,inner_train
0,8591,IAmZ5iWHxw4$_$4,IAmZ5iWHxw4,0,0,0,1,0,inner_train
0,8592,IAubgwEiCcY$_$10,IAubgwEiCcY,0,0,0,0,1,outer
0,8593,IAubgwEiCcY$_$2,IAubgwEiCcY,0,0,0,0,0.3333333433,outer
0,8594,IAubgwEiCcY$_$5,IAubgwEiCcY,0,0,0,0,0,outer
0,8595,IAubgwEiCcY$_$4,IAubgwEiCcY,0,0,0,0,0.3333333433,outer
0,8596,IAubgwEiCcY$_$7,IAubgwEiCcY,0,0,0,0,-0.3333333433,outer
0,8597,IAubgwEiCcY$_$8,IAubgwEiCcY,0,0,0,0,1.333333373,outer
0,8605,ICeSewdyf34$_$1,ICeSewdyf34,0,1,0,0,1.666666627,inner_train
0,8606,ICeSewdyf34$_$3,ICeSewdyf34,0,1,0,0,1.666666627,inner_train
0,8607,ICeSewdyf34$_$2,ICeSewdyf34,0,1,0,0,1.666666627,inner_train
0,8608,ICeSewdyf34$_$5,ICeSewdyf34,0,1,0,0,1.666666627,inner_train
0,8609,ICeSewdyf34$_$4,ICeSewdyf34,0,1,0,0,1.333333373,inner_train
0,8610,IDVbPEket6U$_$10,IDVbPEket6U,0,1,1,0,0.3333333433,inner_train
0,8611,IDVbPEket6U$_$3,IDVbPEket6U,0,1,1,0,0.6666666865,inner_train
0,8612,IDVbPEket6U$_$4,IDVbPEket6U,0,1,1,0,0.3333333433,inner_train
0,8615,IKXWSNf4m2k$_$1,IKXWSNf4m2k,0,1,0,0,0,inner_train
0,8616,IKXWSNf4m2k$_$3,IKXWSNf4m2k,0,1,0,0,-1,inner_train
0,8617,ITQTVfk9Iqo$_$11,ITQTVfk9Iqo,0,0,0,0,0,inner_train
0,8618,ITQTVfk9Iqo$_$10,ITQTVfk9Iqo,0,0,0,0,-0.3333333433,inner_train
0,8619,ITQTVfk9Iqo$_$13,ITQTVfk9Iqo,0,0,0,0,-0.3333333433,inner_train
0,8620,ITQTVfk9Iqo$_$12,ITQTVfk9Iqo,0,0,0,0,-0.6666666865,inner_train
0,8621,ITQTVfk9Iqo$_$15,ITQTVfk9Iqo,0,0,0,0,1.333333373,inner_train
0,8622,ITQTVfk9Iqo$_$14,ITQTVfk9Iqo,0,0,0,0,0.3333333433,inner_train
0,8623,ITQTVfk9Iqo$_$1,ITQTVfk9Iqo,0,0,0,0,0,inner_train
0,8624,ITQTVfk9Iqo$_$0,ITQTVfk9Iqo,0,0,0,0,0.3333333433,inner_train
0,8625,ITQTVfk9Iqo$_$3,ITQTVfk9Iqo,0,0,0,0,0,inner_train
0,8626,ITQTVfk9Iqo$_$5,ITQTVfk9Iqo,0,0,0,0,-0.3333333433,inner_train
0,8627,ITQTVfk9Iqo$_$4,ITQTVfk9Iqo,0,0,0,0,0.3333333433,inner_train
0,8628,ITQTVfk9Iqo$_$8,ITQTVfk9Iqo,0,0,0,0,-0.3333333433,inner_train
0,8629,IW7IssCKgmI$_$11,IW7IssCKgmI,0,0,0,1,1.333333373,inner_valid
0,8630,IW7IssCKgmI$_$14,IW7IssCKgmI,0,0,0,1,0.3333333433,inner_valid
0,8631,IW7IssCKgmI$_$1,IW7IssCKgmI,0,0,0,1,1.333333373,inner_valid
0,8632,IW7IssCKgmI$_$0,IW7IssCKgmI,0,0,0,1,1.333333373,inner_valid
0,8633,IW7IssCKgmI$_$4,IW7IssCKgmI,0,0,0,1,1.333333373,inner_valid
0,8634,IW7IssCKgmI$_$7,IW7IssCKgmI,0,0,0,1,0.3333333433,inner_valid
0,8635,IW7IssCKgmI$_$6,IW7IssCKgmI,0,0,0,1,1.333333373,inner_valid
0,8636,IW7IssCKgmI$_$9,IW7IssCKgmI,0,0,0,1,0.6666666865,inner_valid
0,8637,IW7IssCKgmI$_$8,IW7IssCKgmI,0,0,0,1,0.3333333433,inner_valid
0,8638,I_r2CP56toU$_$6,I_r2CP56toU,0,1,0,0,0.3333333433,inner_train
0,8651,IiX1k0oYW_w$_$1,IiX1k0oYW_w,0,1,1,0,2,inner_valid
0,8652,IiX1k0oYW_w$_$8,IiX1k0oYW_w,0,1,1,0,1.666666627,inner_valid
0,8653,IkvL4IAiZog$_$8,IkvL4IAiZog,0,1,0,0,0.3333333433,outer
0,8654,IkvL4IAiZog$_$12,IkvL4IAiZog,0,1,0,0,0.3333333433,outer
0,8658,IsAtAzltJNM$_$0,IsAtAzltJNM,0,0,0,0,0,inner_train
0,8659,IsAtAzltJNM$_$5,IsAtAzltJNM,0,0,0,0,0.3333333433,inner_train
0,8660,IsAtAzltJNM$_$4,IsAtAzltJNM,0,0,0,0,2,inner_train
0,8661,IsAtAzltJNM$_$6,IsAtAzltJNM,0,0,0,0,1,inner_train
0,8662,IsAtAzltJNM$_$9,IsAtAzltJNM,0,0,0,0,1,inner_train
0,8663,IsAtAzltJNM$_$8,IsAtAzltJNM,0,0,0,0,0.3333333433,inner_train
0,8727,J6zbBfzW7a0$_$1,J6zbBfzW7a0,0,0,0,0,1,inner_train
0,8728,J6zbBfzW7a0$_$0,J6zbBfzW7a0,0,0,0,0,1.333333373,inner_train
0,8729,J7UduuBfnrE$_$1,J7UduuBfnrE,0,0,0,0,-0.6666666865,inner_valid
0,8730,J7UduuBfnrE$_$0,J7UduuBfnrE,0,0,0,0,0,inner_valid
0,8731,J7UduuBfnrE$_$3,J7UduuBfnrE,0,0,0,0,-0.3333333433,inner_valid
0,8732,J7UduuBfnrE$_$2,J7UduuBfnrE,0,0,0,0,0.3333333433,inner_valid
0,8733,J7UduuBfnrE$_$5,J7UduuBfnrE,0,0,0,0,-1.333333373,inner_valid
0,8734,J7UduuBfnrE$_$4,J7UduuBfnrE,0,0,0,0,0,inner_valid
0,8735,J7UduuBfnrE$_$7,J7UduuBfnrE,0,0,0,0,-0.6666666865,inner_valid
0,8736,J7UduuBfnrE$_$6,J7UduuBfnrE,0,0,0,0,-1.333333373,inner_valid
0,8737,J7UduuBfnrE$_$8,J7UduuBfnrE,0,0,0,0,1,inner_valid
0,8738,JAbFsRxxnFo$_$1,JAbFsRxxnFo,0,0,0,0,1.333333373,inner_train
0,8739,JAbFsRxxnFo$_$0,JAbFsRxxnFo,0,0,0,0,1,inner_train
0,8740,JAbFsRxxnFo$_$3,JAbFsRxxnFo,0,0,0,0,2,inner_train
0,8741,JAbFsRxxnFo$_$2,JAbFsRxxnFo,0,0,0,0,0.6666666865,inner_train
0,8762,JF-5nlUNx_g$_$20,JF-5nlUNx_g,0,0,0,0,1.333333373,outer
0,8763,JF-5nlUNx_g$_$21,JF-5nlUNx_g,0,0,0,0,2.333333254,outer
0,8764,JF-5nlUNx_g$_$22,JF-5nlUNx_g,0,0,0,0,2.666666746,outer
0,8765,JF-5nlUNx_g$_$1,JF-5nlUNx_g,0,0,0,0,1.333333373,outer
0,8766,JF-5nlUNx_g$_$0,JF-5nlUNx_g,0,0,0,0,0,outer
0,8767,JF-5nlUNx_g$_$3,JF-5nlUNx_g,0,0,0,0,0,outer
0,8768,JF-5nlUNx_g$_$2,JF-5nlUNx_g,0,0,0,0,1,outer
0,8769,JF-5nlUNx_g$_$5,JF-5nlUNx_g,0,0,0,0,0.3333333433,outer
0,8770,JF-5nlUNx_g$_$4,JF-5nlUNx_g,0,0,0,0,0.6666666865,outer
0,8771,JF-5nlUNx_g$_$7,JF-5nlUNx_g,0,0,0,0,1,outer
0,8772,JF-5nlUNx_g$_$6,JF-5nlUNx_g,0,0,0,0,1,outer
0,8773,JF-5nlUNx_g$_$9,JF-5nlUNx_g,0,0,0,0,-0.3333333433,outer
0,8774,JF-5nlUNx_g$_$8,JF-5nlUNx_g,0,0,0,0,0,outer
0,8775,JF-5nlUNx_g$_$11,JF-5nlUNx_g,0,0,0,0,0.3333333433,outer
0,8776,JF-5nlUNx_g$_$10,JF-5nlUNx_g,0,0,0,0,0.3333333433,outer
0,8777,JF-5nlUNx_g$_$13,JF-5nlUNx_g,0,0,0,0,0.3333333433,outer
0,8778,JF-5nlUNx_g$_$12,JF-5nlUNx_g,0,0,0,0,0,outer
0,8779,JF-5nlUNx_g$_$15,JF-5nlUNx_g,0,0,0,0,0.6666666865,outer
0,8780,JF-5nlUNx_g$_$14,JF-5nlUNx_g,0,0,0,0,1.333333373,outer
0,8781,JF-5nlUNx_g$_$17,JF-5nlUNx_g,0,0,0,0,1.333333373,outer
0,8782,JF-5nlUNx_g$_$16,JF-5nlUNx_g,0,0,0,0,0.3333333433,outer
0,8783,JF-5nlUNx_g$_$19,JF-5nlUNx_g,0,0,0,0,1.666666627,outer
0,8784,JF-5nlUNx_g$_$18,JF-5nlUNx_g,0,0,0,0,1,outer
0,8785,JGEEA_JVriE$_$0,JGEEA_JVriE,0,1,0,0,1,inner_valid
0,8796,JLqBVj6f5gI$_$11,JLqBVj6f5gI,0,0,0,0,0.6666666865,inner_valid
0,8797,JLqBVj6f5gI$_$10,JLqBVj6f5gI,0,0,0,0,2.333333254,inner_valid
0,8798,JLqBVj6f5gI$_$12,JLqBVj6f5gI,0,0,0,0,1.666666627,inner_valid
0,8799,JLqBVj6f5gI$_$15,JLqBVj6f5gI,0,0,0,0,0.3333333433,inner_valid
0,8800,JLqBVj6f5gI$_$21,JLqBVj6f5gI,0,0,0,0,1,inner_valid
0,8801,JLqBVj6f5gI$_$17,JLqBVj6f5gI,0,0,0,0,1.333333373,inner_valid
0,8802,JLqBVj6f5gI$_$16,JLqBVj6f5gI,0,0,0,0,1.333333373,inner_valid
0,8803,JLqBVj6f5gI$_$22,JLqBVj6f5gI,0,0,0,0,2.666666746,inner_valid
0,8804,JLqBVj6f5gI$_$1,JLqBVj6f5gI,0,0,0,0,1.666666627,inner_valid
0,8805,JLqBVj6f5gI$_$2,JLqBVj6f5gI,0,0,0,0,1,inner_valid
0,8806,JLqBVj6f5gI$_$5,JLqBVj6f5gI,0,0,0,0,2.333333254,inner_valid
0,8807,JLqBVj6f5gI$_$4,JLqBVj6f5gI,0,0,0,0,1,inner_valid
0,8808,JLqBVj6f5gI$_$7,JLqBVj6f5gI,0,0,0,0,1.666666627,inner_valid
0,8809,JLqBVj6f5gI$_$8,JLqBVj6f5gI,0,0,0,0,2,inner_valid
0,8810,JLqBVj6f5gI$_$14,JLqBVj6f5gI,0,0,0,0,0.3333333433,inner_valid
0,8811,JMb18N7lQ0A$_$1,JMb18N7lQ0A,0,0,0,0,0,inner_train
0,8812,JMb18N7lQ0A$_$4,JMb18N7lQ0A,0,0,0,0,-0.3333333433,inner_train
0,8825,JSlTJsUulH0$_$2,JSlTJsUulH0,0,0,0,0,-0.6666666865,inner_train
0,8826,JSlTJsUulH0$_$4,JSlTJsUulH0,0,0,0,0,0,inner_train
0,8833,JW3OfSCZlhc$_$2,JW3OfSCZlhc,0,0,0,0,0,inner_train
0,8834,JW3OfSCZlhc$_$5,JW3OfSCZlhc,0,0,0,0,0.3333333433,inner_train
0,8835,JW3OfSCZlhc$_$4,JW3OfSCZlhc,0,0,0,0,0,inner_train
0,8844,JYdfUNjyYxo$_$3,JYdfUNjyYxo,0,0,0,0,-0.6666666865,inner_train
0,8845,JYdfUNjyYxo$_$5,JYdfUNjyYxo,0,0,0,0,1,inner_train
0,8846,JYdfUNjyYxo$_$4,JYdfUNjyYxo,0,0,0,0,1,inner_train
0,8859,Ja7phs8EbWk$_$11,Ja7phs8EbWk,0,0,1,1,2.666666746,outer
0,8860,Ja7phs8EbWk$_$10,Ja7phs8EbWk,0,0,1,1,1,outer
0,8861,Ja7phs8EbWk$_$15,Ja7phs8EbWk,0,0,1,1,-0.3333333433,outer
0,8862,Ja7phs8EbWk$_$14,Ja7phs8EbWk,0,0,1,1,0.3333333433,outer
0,8863,Ja7phs8EbWk$_$1,Ja7phs8EbWk,0,0,1,1,0,outer
0,8864,Ja7phs8EbWk$_$3,Ja7phs8EbWk,0,0,1,1,0,outer
0,8865,Ja7phs8EbWk$_$5,Ja7phs8EbWk,0,0,1,1,-1,outer
0,8866,Ja7phs8EbWk$_$4,Ja7phs8EbWk,0,0,1,1,0,outer
0,8867,Ja7phs8EbWk$_$6,Ja7phs8EbWk,0,0,1,1,-0.3333333433,outer
0,8868,Ja7phs8EbWk$_$9,Ja7phs8EbWk,0,0,1,1,-1,outer
0,8869,JcmqmLaL_MQ$_$7,JcmqmLaL_MQ,0,1,0,0,0.3333333433,inner_train
0,8879,Jh1uDYOJMwk$_$1,Jh1uDYOJMwk,0,1,1,0,1.333333373,inner_train
0,8880,Jh1uDYOJMwk$_$2,Jh1uDYOJMwk,0,1,1,0,0.6666666865,inner_train
0,8881,Jh1uDYOJMwk$_$4,Jh1uDYOJMwk,0,1,1,0,-1.666666627,inner_train
0,8883,JlmpDdm1A1Y$_$1,JlmpDdm1A1Y,0,1,0,0,1,inner_train
0,8884,JlmpDdm1A1Y$_$3,JlmpDdm1A1Y,0,1,0,0,2,inner_train
0,8885,JlmpDdm1A1Y$_$2,JlmpDdm1A1Y,0,1,0,0,0.3333333433,inner_train
0,8886,JlmpDdm1A1Y$_$5,JlmpDdm1A1Y,0,1,0,0,1,inner_train
0,8887,JlmpDdm1A1Y$_$4,JlmpDdm1A1Y,0,1,0,0,1,inner_train
0,8888,JvLMNXW7B10$_$2,JvLMNXW7B10,0,0,0,0,0,inner_train
0,8889,JvLMNXW7B10$_$5,JvLMNXW7B10,0,0,0,0,0.6666666865,inner_train
0,8890,JvgofTcCSEc$_$12,JvgofTcCSEc,0,1,0,0,1,inner_valid
0,8891,JvgofTcCSEc$_$15,JvgofTcCSEc,0,1,0,0,0.3333333433,inner_valid
0,8892,JvgofTcCSEc$_$14,JvgofTcCSEc,0,1,0,0,1.333333373,inner_valid
0,8893,JvgofTcCSEc$_$19,JvgofTcCSEc,0,1,0,0,0,inner_valid
0,8894,JvgofTcCSEc$_$28,JvgofTcCSEc,0,1,0,0,0,inner_valid
0,8895,JvgofTcCSEc$_$29,JvgofTcCSEc,0,1,0,0,0,inner_valid
0,8896,JvgofTcCSEc$_$1,JvgofTcCSEc,0,1,0,0,0.6666666865,inner_valid
0,8904,JzydLJw6y6o$_$11,JzydLJw6y6o,0,1,0,0,0.6666666865,inner_train
0,8905,JzydLJw6y6o$_$10,JzydLJw6y6o,0,1,0,0,-0.3333333433,inner_train
0,8906,JzydLJw6y6o$_$13,JzydLJw6y6o,0,1,0,0,0,inner_train
0,8907,JzydLJw6y6o$_$14,JzydLJw6y6o,0,1,0,0,0.6666666865,inner_train
0,8908,JzydLJw6y6o$_$1,JzydLJw6y6o,0,1,0,0,2,inner_train
0,8909,JzydLJw6y6o$_$0,JzydLJw6y6o,0,1,0,0,2,inner_train
0,8910,JzydLJw6y6o$_$3,JzydLJw6y6o,0,1,0,0,2,inner_train
0,8911,JzydLJw6y6o$_$2,JzydLJw6y6o,0,1,0,0,1.666666627,inner_train
0,8912,JzydLJw6y6o$_$5,JzydLJw6y6o,0,1,0,0,2.333333254,inner_train
0,8913,JzydLJw6y6o$_$7,JzydLJw6y6o,0,1,0,0,0.3333333433,inner_train
0,8914,JzydLJw6y6o$_$6,JzydLJw6y6o,0,1,0,0,1,inner_train
0,8915,JzydLJw6y6o$_$9,JzydLJw6y6o,0,1,0,0,0,inner_train
0,8916,JzydLJw6y6o$_$8,JzydLJw6y6o,0,1,0,0,0,inner_train
0,8944,K7FiMf-Dmwo$_$2,K7FiMf-Dmwo,0,1,1,1,0.3333333433,outer
0,8945,K7FiMf-Dmwo$_$4,K7FiMf-Dmwo,0,1,1,1,2.333333254,outer
0,8961,K9faaGel838$_$0,K9faaGel838,0,1,0,0,0,outer
0,8962,K9faaGel838$_$5,K9faaGel838,0,1,0,0,-1,outer
0,8963,K9faaGel838$_$4,K9faaGel838,0,1,0,0,-1,outer
0,8964,K9faaGel838$_$6,K9faaGel838,0,1,0,0,-1.333333373,outer
0,8965,KD0w4BrNXQg$_$11,KD0w4BrNXQg,0,1,0,0,-1.333333373,inner_valid
0,8966,KD0w4BrNXQg$_$10,KD0w4BrNXQg,0,1,0,0,-0.6666666865,inner_valid
0,8967,KD0w4BrNXQg$_$0,KD0w4BrNXQg,0,1,0,0,0.6666666865,inner_valid
0,8968,KD0w4BrNXQg$_$3,KD0w4BrNXQg,0,1,0,0,1.333333373,inner_valid
0,8969,KD0w4BrNXQg$_$7,KD0w4BrNXQg,0,1,0,0,0.3333333433,inner_valid
0,8970,KD0w4BrNXQg$_$9,KD0w4BrNXQg,0,1,0,0,0.3333333433,inner_valid
0,8990,KLy4aBLqwCk$_$10,KLy4aBLqwCk,0,0,0,0,-0.6666666865,inner_train
0,8991,KLy4aBLqwCk$_$13,KLy4aBLqwCk,0,0,0,0,-0.3333333433,inner_train
0,8992,KLy4aBLqwCk$_$15,KLy4aBLqwCk,0,0,0,0,0.6666666865,inner_train
0,8993,KLy4aBLqwCk$_$17,KLy4aBLqwCk,0,0,0,0,0.3333333433,inner_train
0,8994,KLy4aBLqwCk$_$19,KLy4aBLqwCk,0,0,0,0,0.3333333433,inner_train
0,8995,KLy4aBLqwCk$_$28,KLy4aBLqwCk,0,0,0,0,0,inner_train
0,8996,KLy4aBLqwCk$_$1,KLy4aBLqwCk,0,0,0,0,1,inner_train
0,8997,KLy4aBLqwCk$_$5,KLy4aBLqwCk,0,0,0,0,0,inner_train
0,8998,KLy4aBLqwCk$_$20,KLy4aBLqwCk,0,0,0,0,0,inner_train
0,9011,KR4MpF0YtgE$_$1,KR4MpF0YtgE,0,1,0,0,1,outer
0,9012,KR4MpF0YtgE$_$0,KR4MpF0YtgE,0,1,0,0,0,outer
0,9035,Kep_mLLXsqk$_$0,Kep_mLLXsqk,0,1,0,0,-1,inner_valid
0,9036,Kep_mLLXsqk$_$3,Kep_mLLXsqk,0,1,0,0,0.3333333433,inner_valid
0,9037,Kep_mLLXsqk$_$7,Kep_mLLXsqk,0,1,0,0,0,inner_valid
0,9038,Kep_mLLXsqk$_$10,Kep_mLLXsqk,0,1,0,0,0.6666666865,inner_valid
0,9044,KmYG8zaRmOA$_$9,KmYG8zaRmOA,0,0,0,0,0.3333333433,inner_train
0,9045,KmYG8zaRmOA$_$7,KmYG8zaRmOA,0,0,0,0,0.3333333433,inner_train
0,9051,L0WUuWYNeCo$_$24,L0WUuWYNeCo,0,0,1,0,0.6666666865,inner_train
0,9052,L0WUuWYNeCo$_$25,L0WUuWYNeCo,0,0,1,0,0.6666666865,inner_train
0,9053,L0WUuWYNeCo$_$26,L0WUuWYNeCo,0,0,1,0,1.333333373,inner_train
0,9054,L0WUuWYNeCo$_$27,L0WUuWYNeCo,0,0,1,0,0.3333333433,inner_train
0,9055,L0WUuWYNeCo$_$20,L0WUuWYNeCo,0,0,1,0,1.333333373,inner_train
0,9056,L0WUuWYNeCo$_$21,L0WUuWYNeCo,0,0,1,0,0.6666666865,inner_train
0,9057,L0WUuWYNeCo$_$22,L0WUuWYNeCo,0,0,1,0,1,inner_train
0,9058,L0WUuWYNeCo$_$23,L0WUuWYNeCo,0,0,1,0,-1,inner_train
0,9059,L0WUuWYNeCo$_$28,L0WUuWYNeCo,0,0,1,0,0.6666666865,inner_train
0,9060,L0WUuWYNeCo$_$29,L0WUuWYNeCo,0,0,1,0,0.6666666865,inner_train
0,9061,L0WUuWYNeCo$_$1,L0WUuWYNeCo,0,0,1,0,1.333333373,inner_train
0,9062,L0WUuWYNeCo$_$0,L0WUuWYNeCo,0,0,1,0,1,inner_train
0,9063,L0WUuWYNeCo$_$3,L0WUuWYNeCo,0,0,1,0,-0.3333333433,inner_train
0,9064,L0WUuWYNeCo$_$2,L0WUuWYNeCo,0,0,1,0,0.3333333433,inner_train
0,9065,L0WUuWYNeCo$_$5,L0WUuWYNeCo,0,0,1,0,0,inner_train
0,9066,L0WUuWYNeCo$_$4,L0WUuWYNeCo,0,0,1,0,1,inner_train
0,9067,L0WUuWYNeCo$_$7,L0WUuWYNeCo,0,0,1,0,-0.3333333433,inner_train
0,9068,L0WUuWYNeCo$_$6,L0WUuWYNeCo,0,0,1,0,0.3333333433,inner_train
0,9069,L0WUuWYNeCo$_$9,L0WUuWYNeCo,0,0,1,0,-1.666666627,inner_train
0,9070,L0WUuWYNeCo$_$8,L0WUuWYNeCo,0,0,1,0,0,inner_train
0,9071,L0WUuWYNeCo$_$11,L0WUuWYNeCo,0,0,1,0,-1,inner_train
0,9072,L0WUuWYNeCo$_$10,L0WUuWYNeCo,0,0,1,0,1.333333373,inner_train
0,9073,L0WUuWYNeCo$_$13,L0WUuWYNeCo,0,0,1,0,-1.333333373,inner_train
0,9074,L0WUuWYNeCo$_$12,L0WUuWYNeCo,0,0,1,0,0.6666666865,inner_train
0,9075,L0WUuWYNeCo$_$15,L0WUuWYNeCo,0,0,1,0,-1,inner_train
0,9076,L0WUuWYNeCo$_$14,L0WUuWYNeCo,0,0,1,0,0,inner_train
0,9077,L0WUuWYNeCo$_$17,L0WUuWYNeCo,0,0,1,0,2,inner_train
0,9078,L0WUuWYNeCo$_$16,L0WUuWYNeCo,0,0,1,0,-0.3333333433,inner_train
0,9079,L0WUuWYNeCo$_$19,L0WUuWYNeCo,0,0,1,0,-0.3333333433,inner_train
0,9080,L0WUuWYNeCo$_$18,L0WUuWYNeCo,0,0,1,0,1.666666627,inner_train
0,9081,L0WUuWYNeCo$_$30,L0WUuWYNeCo,0,0,1,0,1.333333373,inner_train
0,9085,L382XZ6iZmM$_$1,L382XZ6iZmM,0,1,0,0,-0.3333333433,inner_train
0,9086,L382XZ6iZmM$_$3,L382XZ6iZmM,0,1,0,0,-1,inner_train
0,9087,L382XZ6iZmM$_$2,L382XZ6iZmM,0,1,0,0,0,inner_train
0,9088,L382XZ6iZmM$_$7,L382XZ6iZmM,0,1,0,0,-0.3333333433,inner_train
0,9089,L382XZ6iZmM$_$6,L382XZ6iZmM,0,1,0,0,0,inner_train
0,9090,L382XZ6iZmM$_$8,L382XZ6iZmM,0,1,0,0,0.6666666865,inner_train
0,9097,L6pg3DQKoH4$_$1,L6pg3DQKoH4,0,0,0,0,1,inner_train
0,9098,L6pg3DQKoH4$_$0,L6pg3DQKoH4,0,0,0,0,0.6666666865,inner_train
0,9099,L6pg3DQKoH4$_$3,L6pg3DQKoH4,0,0,0,0,0.6666666865,inner_train
0,9100,L6pg3DQKoH4$_$2,L6pg3DQKoH4,0,0,0,0,0.3333333433,inner_train
0,9101,L6pg3DQKoH4$_$5,L6pg3DQKoH4,0,0,0,0,0,inner_train
0,9102,L6pg3DQKoH4$_$4,L6pg3DQKoH4,0,0,0,0,1,inner_train
0,9103,L6pg3DQKoH4$_$6,L6pg3DQKoH4,0,0,0,0,1,inner_train
0,9104,L6pg3DQKoH4$_$9,L6pg3DQKoH4,0,0,0,0,2,inner_train
0,9105,L6pg3DQKoH4$_$8,L6pg3DQKoH4,0,0,0,0,-0.3333333433,inner_train
0,9106,L8VjQM9HQfs$_$1,L8VjQM9HQfs,0,0,0,0,0,inner_valid
0,9107,L8VjQM9HQfs$_$0,L8VjQM9HQfs,0,0,0,0,-0.3333333433,inner_valid
0,9108,L8VjQM9HQfs$_$3,L8VjQM9HQfs,0,0,0,0,0,inner_valid
0,9109,L8VjQM9HQfs$_$2,L8VjQM9HQfs,0,0,0,0,-0.3333333433,inner_valid
0,9115,LKAEv8x9jKI$_$3,LKAEv8x9jKI,0,0,0,0,0.6666666865,inner_train
0,9116,LKAEv8x9jKI$_$5,LKAEv8x9jKI,0,0,0,0,0.3333333433,inner_train
0,9117,LKAEv8x9jKI$_$7,LKAEv8x9jKI,0,0,0,0,-0.3333333433,inner_train
0,9118,LL02UFLfQKo$_$7,LL02UFLfQKo,0,0,0,0,-0.3333333433,inner_train
0,9119,LQnXVd-PR_Y$_$1,LQnXVd-PR_Y,0,0,0,1,1,inner_train
0,9120,LQnXVd-PR_Y$_$0,LQnXVd-PR_Y,0,0,0,1,0,inner_train
0,9121,LUKIYWa0UGA$_$1,LUKIYWa0UGA,0,1,0,0,3,outer
0,9122,LUKIYWa0UGA$_$3,LUKIYWa0UGA,0,1,0,0,0.6666666865,outer
0,9123,LUKIYWa0UGA$_$2,LUKIYWa0UGA,0,1,0,0,0.3333333433,outer
0,9124,LUKIYWa0UGA$_$7,LUKIYWa0UGA,0,1,0,0,1,outer
0,9125,LUKIYWa0UGA$_$6,LUKIYWa0UGA,0,1,0,0,2.333333254,outer
0,9126,LUKIYWa0UGA$_$9,LUKIYWa0UGA,0,1,0,0,2.333333254,outer
0,9127,LUKIYWa0UGA$_$8,LUKIYWa0UGA,0,1,0,0,2.666666746,outer
0,9128,LUf9vbe0TcQ$_$1,LUf9vbe0TcQ,0,0,1,0,1.666666627,inner_train
0,9129,LUf9vbe0TcQ$_$3,LUf9vbe0TcQ,0,0,1,0,1,inner_train
0,9130,LUf9vbe0TcQ$_$4,LUf9vbe0TcQ,0,0,1,0,0.6666666865,inner_train
0,9131,LUf9vbe0TcQ$_$7,LUf9vbe0TcQ,0,0,1,0,1.333333373,inner_train
0,9134,LZl9Sj1safM$_$1,LZl9Sj1safM,0,0,0,0,0.3333333433,inner_train
0,9135,LZl9Sj1safM$_$0,LZl9Sj1safM,0,0,0,0,0.3333333433,inner_train
0,9136,LZl9Sj1safM$_$2,LZl9Sj1safM,0,0,0,0,-1.666666627,inner_train
0,9137,LZl9Sj1safM$_$5,LZl9Sj1safM,0,0,0,0,0,inner_train
0,9138,LZl9Sj1safM$_$4,LZl9Sj1safM,0,0,0,0,1.333333373,inner_train
0,9139,LZl9Sj1safM$_$6,LZl9Sj1safM,0,0,0,0,0,inner_train
0,9140,L_XttWZBKss$_$3,L_XttWZBKss,0,0,0,0,0.6666666865,inner_train
0,9141,L_XttWZBKss$_$2,L_XttWZBKss,0,0,0,0,0,inner_train
0,9142,LityRNuQihc$_$13,LityRNuQihc,0,1,0,0,0,inner_train
0,9143,LityRNuQihc$_$12,LityRNuQihc,0,1,0,0,-0.3333333433,inner_train
0,9144,LityRNuQihc$_$1,LityRNuQihc,0,1,0,0,0.6666666865,inner_train
0,9145,LityRNuQihc$_$3,LityRNuQihc,0,1,0,0,0,inner_train
0,9146,LityRNuQihc$_$2,LityRNuQihc,0,1,0,0,0,inner_train
0,9147,LityRNuQihc$_$5,LityRNuQihc,0,1,0,0,-0.3333333433,inner_train
0,9148,LityRNuQihc$_$6,LityRNuQihc,0,1,0,0,-1,inner_train
0,9149,LpbSYaPRTqI$_$1,LpbSYaPRTqI,0,0,1,0,0.3333333433,inner_train
0,9150,LpbSYaPRTqI$_$0,LpbSYaPRTqI,0,0,1,0,0,inner_train
0,9151,LpbSYaPRTqI$_$3,LpbSYaPRTqI,0,0,1,0,0,inner_train
0,9152,LpbSYaPRTqI$_$2,LpbSYaPRTqI,0,0,1,0,0.8333333135,inner_train
0,9153,LpbSYaPRTqI$_$5,LpbSYaPRTqI,0,0,1,0,0.3333333433,inner_train
0,9154,LpbSYaPRTqI$_$4,LpbSYaPRTqI,0,0,1,0,0.1666666716,inner_train
0,9175,MCRCXXPqFOI$_$10,MCRCXXPqFOI,0,0,0,0,0.6666666865,inner_train
0,9176,MCRCXXPqFOI$_$15,MCRCXXPqFOI,0,0,0,0,0,inner_train
0,9177,MCRCXXPqFOI$_$14,MCRCXXPqFOI,0,0,0,0,0.3333333433,inner_train
0,9178,MCRCXXPqFOI$_$16,MCRCXXPqFOI,0,0,0,0,-0.3333333433,inner_train
0,9179,MCRCXXPqFOI$_$3,MCRCXXPqFOI,0,0,0,0,0,inner_train
0,9180,MCRCXXPqFOI$_$2,MCRCXXPqFOI,0,0,0,0,0,inner_train
0,9181,MCRCXXPqFOI$_$5,MCRCXXPqFOI,0,0,0,0,1.333333373,inner_train
0,9182,MCRCXXPqFOI$_$6,MCRCXXPqFOI,0,0,0,0,-0.3333333433,inner_train
0,9183,MCRCXXPqFOI$_$9,MCRCXXPqFOI,0,0,0,0,0.3333333433,inner_train
0,9184,MCRCXXPqFOI$_$8,MCRCXXPqFOI,0,0,0,0,-0.3333333433,inner_train
0,9185,MFXQH7ZlBJI$_$4,MFXQH7ZlBJI,0,1,0,0,1.666666627,inner_train
0,9232,MOfEl_1dh-g$_$1,MOfEl_1dh-g,0,0,0,0,-0.6666666865,inner_train
0,9233,MOfEl_1dh-g$_$0,MOfEl_1dh-g,0,0,0,0,0.3333333433,inner_train
0,9234,MOfEl_1dh-g$_$2,MOfEl_1dh-g,0,0,0,0,0,inner_train
0,9235,MOfEl_1dh-g$_$5,MOfEl_1dh-g,0,0,0,0,-2.333333254,inner_train
0,9236,MOfEl_1dh-g$_$4,MOfEl_1dh-g,0,0,0,0,-0.3333333433,inner_train
0,9237,MOfEl_1dh-g$_$8,MOfEl_1dh-g,0,0,0,0,-1,inner_train
0,9238,MPRqaQqrd9Y$_$9,MPRqaQqrd9Y,0,0,1,0,0,outer
0,9239,MPRqaQqrd9Y$_$12,MPRqaQqrd9Y,0,0,1,0,0,outer
0,9240,MPRqaQqrd9Y$_$7,MPRqaQqrd9Y,0,0,1,0,0,outer
0,9241,MRU65o1odI4$_$1,MRU65o1odI4,0,1,1,0,0.6666666865,outer
0,9242,MRU65o1odI4$_$0,MRU65o1odI4,0,1,1,0,2,outer
0,9243,MRU65o1odI4$_$3,MRU65o1odI4,0,1,1,0,1,outer
0,9244,MRU65o1odI4$_$2,MRU65o1odI4,0,1,1,0,0,outer
0,9245,MRU65o1odI4$_$4,MRU65o1odI4,0,1,1,0,1.333333373,outer
0,9251,MTU_thei3-c$_$8,MTU_thei3-c,0,1,0,0,-0.3333333433,outer
0,9252,MTU_thei3-c$_$21,MTU_thei3-c,0,1,0,0,-0.3333333433,outer
0,9253,MTU_thei3-c$_$4,MTU_thei3-c,0,1,0,0,-1,outer
0,9278,MmJD4KBT0nk$_$1,MmJD4KBT0nk,0,0,0,1,-0.6666666865,outer
0,9279,MmJD4KBT0nk$_$3,MmJD4KBT0nk,0,0,0,1,-0.3333333433,outer
0,9280,MmJD4KBT0nk$_$2,MmJD4KBT0nk,0,0,0,1,0.3333333433,outer
0,9281,MmJD4KBT0nk$_$5,MmJD4KBT0nk,0,0,0,1,-0.3333333433,outer
0,9282,MmJD4KBT0nk$_$4,MmJD4KBT0nk,0,0,0,1,1.666666627,outer
0,9287,MpuWcGn2Lcg$_$0,MpuWcGn2Lcg,0,1,0,0,-0.6666666865,inner_train
0,9288,MpuWcGn2Lcg$_$3,MpuWcGn2Lcg,0,1,0,0,-1.333333373,inner_train
0,9289,MpuWcGn2Lcg$_$2,MpuWcGn2Lcg,0,1,0,0,-1.666666627,inner_train
0,9290,MpuWcGn2Lcg$_$5,MpuWcGn2Lcg,0,1,0,0,1,inner_train
0,9291,MpuWcGn2Lcg$_$6,MpuWcGn2Lcg,0,1,0,0,-1.333333373,inner_train
0,9292,MroQfGehC84$_$13,MroQfGehC84,0,1,0,0,1.666666627,inner_train
0,9293,MroQfGehC84$_$12,MroQfGehC84,0,1,0,0,1,inner_train
0,9294,MroQfGehC84$_$1,MroQfGehC84,0,1,0,0,1,inner_train
0,9295,MroQfGehC84$_$0,MroQfGehC84,0,1,0,0,0.6666666865,inner_train
0,9296,MroQfGehC84$_$3,MroQfGehC84,0,1,0,0,1,inner_train
0,9297,MroQfGehC84$_$2,MroQfGehC84,0,1,0,0,0.3333333433,inner_train
0,9298,MroQfGehC84$_$5,MroQfGehC84,0,1,0,0,0.3333333433,inner_train
0,9299,MroQfGehC84$_$4,MroQfGehC84,0,1,0,0,-0.6666666865,inner_train
0,9300,MroQfGehC84$_$7,MroQfGehC84,0,1,0,0,0.6666666865,inner_train
0,9301,MroQfGehC84$_$9,MroQfGehC84,0,1,0,0,-0.3333333433,inner_train
0,9302,MroQfGehC84$_$8,MroQfGehC84,0,1,0,0,1.333333373,inner_train
0,9315,MyDLelMxt-A$_$11,MyDLelMxt-A,0,0,0,1,0.3333333433,outer
0,9316,MyDLelMxt-A$_$6,MyDLelMxt-A,0,0,0,1,0,outer
0,9349,N3vSaV8Ztrg$_$0,N3vSaV8Ztrg,0,1,0,0,1,inner_train
0,9350,N3vSaV8Ztrg$_$5,N3vSaV8Ztrg,0,1,0,0,0.3333333433,inner_train
0,9351,N4WOBzpZtWM$_$1,N4WOBzpZtWM,0,0,0,0,0.6666666865,outer
0,9352,N4WOBzpZtWM$_$0,N4WOBzpZtWM,0,0,0,0,2,outer
0,9353,N4WOBzpZtWM$_$2,N4WOBzpZtWM,0,0,0,0,1.666666627,outer
0,9354,N4WOBzpZtWM$_$4,N4WOBzpZtWM,0,0,0,0,2,outer
0,9355,N7IerkWUClI$_$1,N7IerkWUClI,0,0,0,0,0.3333333433,inner_train
0,9356,N7IerkWUClI$_$4,N7IerkWUClI,0,0,0,0,0.3333333433,inner_train
0,9379,NG7QLq4XlWo$_$11,NG7QLq4XlWo,0,1,0,0,0,outer
0,9380,NG7QLq4XlWo$_$10,NG7QLq4XlWo,0,1,0,0,1,outer
0,9381,NG7QLq4XlWo$_$13,NG7QLq4XlWo,0,1,0,0,1,outer
0,9382,NG7QLq4XlWo$_$12,NG7QLq4XlWo,0,1,0,0,0.6666666865,outer
0,9383,NG7QLq4XlWo$_$15,NG7QLq4XlWo,0,1,0,0,1,outer
0,9384,NG7QLq4XlWo$_$14,NG7QLq4XlWo,0,1,0,0,1.333333373,outer
0,9385,NG7QLq4XlWo$_$1,NG7QLq4XlWo,0,1,0,0,0.3333333433,outer
0,9386,NG7QLq4XlWo$_$0,NG7QLq4XlWo,0,1,0,0,2.333333254,outer
0,9387,NG7QLq4XlWo$_$3,NG7QLq4XlWo,0,1,0,0,0.6666666865,outer
0,9388,NG7QLq4XlWo$_$2,NG7QLq4XlWo,0,1,0,0,0.6666666865,outer
0,9389,NG7QLq4XlWo$_$5,NG7QLq4XlWo,0,1,0,0,2,outer
0,9390,NG7QLq4XlWo$_$4,NG7QLq4XlWo,0,1,0,0,0.6666666865,outer
0,9391,NG7QLq4XlWo$_$7,NG7QLq4XlWo,0,1,0,0,1,outer
0,9392,NG7QLq4XlWo$_$6,NG7QLq4XlWo,0,1,0,0,2,outer
0,9393,NG7QLq4XlWo$_$9,NG7QLq4XlWo,0,1,0,0,0.3333333433,outer
0,9394,NG7QLq4XlWo$_$8,NG7QLq4XlWo,0,1,0,0,0,outer
0,9401,NOl0v54DaXo$_$11,NOl0v54DaXo,0,0,0,1,0.6666666865,inner_train
0,9402,NOl0v54DaXo$_$10,NOl0v54DaXo,0,0,0,1,1,inner_train
0,9403,NOl0v54DaXo$_$12,NOl0v54DaXo,0,0,0,1,1.666666627,inner_train
0,9404,NOl0v54DaXo$_$1,NOl0v54DaXo,0,0,0,1,1.666666627,inner_train
0,9405,NOl0v54DaXo$_$0,NOl0v54DaXo,0,0,0,1,0.3333333433,inner_train
0,9406,NOl0v54DaXo$_$3,NOl0v54DaXo,0,0,0,1,-1.666666627,inner_train
0,9407,NOl0v54DaXo$_$2,NOl0v54DaXo,0,0,0,1,-1.666666627,inner_train
0,9408,NOl0v54DaXo$_$4,NOl0v54DaXo,0,0,0,1,-0.6666666865,inner_train
0,9409,NOl0v54DaXo$_$7,NOl0v54DaXo,0,0,0,1,0.3333333433,inner_train
0,9410,NOl0v54DaXo$_$6,NOl0v54DaXo,0,0,0,1,0,inner_train
0,9411,NOl0v54DaXo$_$9,NOl0v54DaXo,0,0,0,1,0.6666666865,inner_train
0,9412,NOl0v54DaXo$_$8,NOl0v54DaXo,0,0,0,1,0.3333333433,inner_train
0,9413,NSihgq4R8Z0$_$11,NSihgq4R8Z0,0,0,0,1,1,inner_train
0,9414,NSihgq4R8Z0$_$2,NSihgq4R8Z0,0,0,0,1,-1,inner_train
0,9415,NSihgq4R8Z0$_$16,NSihgq4R8Z0,0,0,0,1,0,inner_train
0,9416,NYuY6HVjMZQ$_$1,NYuY6HVjMZQ,0,0,0,0,2,inner_train
0,9417,NYuY6HVjMZQ$_$7,NYuY6HVjMZQ,0,0,0,0,0.3333333433,inner_train
0,9418,NYuY6HVjMZQ$_$6,NYuY6HVjMZQ,0,0,0,0,0,inner_train
0,9422,N_dNuV-4iAo$_$0,N_dNuV-4iAo,0,0,0,0,0,outer
0,9423,N_dNuV-4iAo$_$5,N_dNuV-4iAo,0,0,0,0,0.6666666865,outer
0,9424,N_dNuV-4iAo$_$4,N_dNuV-4iAo,0,0,0,0,0.3333333433,outer
0,9425,Na6170hd8po$_$11,Na6170hd8po,0,0,0,0,0.6666666865,outer
0,9426,Na6170hd8po$_$1,Na6170hd8po,0,0,0,0,1,outer
0,9427,Na6170hd8po$_$3,Na6170hd8po,0,0,0,0,1,outer
0,9428,Na6170hd8po$_$7,Na6170hd8po,0,0,0,0,0.6666666865,outer
0,9429,Na6170hd8po$_$6,Na6170hd8po,0,0,0,0,0.6666666865,outer
0,9434,NkbRuTJaj_M$_$18,NkbRuTJaj_M,0,1,0,1,1.666666627,inner_train
0,9435,NkbRuTJaj_M$_$15,NkbRuTJaj_M,0,1,0,1,0.3333333433,inner_train
0,9436,Nmd50Uzyybs$_$0,Nmd50Uzyybs,0,0,0,0,0,inner_train
0,9437,Nmd50Uzyybs$_$5,Nmd50Uzyybs,0,0,0,0,0,inner_train
0,9454,O0Nn-5UkfoA$_$3,O0Nn-5UkfoA,0,0,0,0,0.3333333433,inner_train
0,9455,O0Nn-5UkfoA$_$2,O0Nn-5UkfoA,0,0,0,0,-0.3333333433,inner_train
0,9477,OAV6KKf60bQ$_$11,OAV6KKf60bQ,0,0,0,0,0,inner_valid
0,9478,OAV6KKf60bQ$_$10,OAV6KKf60bQ,0,0,0,0,0.3333333433,inner_valid
0,9479,OAV6KKf60bQ$_$12,OAV6KKf60bQ,0,0,0,0,0,inner_valid
0,9480,OAV6KKf60bQ$_$0,OAV6KKf60bQ,0,0,0,0,0.3333333433,inner_valid
0,9481,OAV6KKf60bQ$_$3,OAV6KKf60bQ,0,0,0,0,-0.6666666865,inner_valid
0,9482,OAV6KKf60bQ$_$2,OAV6KKf60bQ,0,0,0,0,0,inner_valid
0,9483,OAV6KKf60bQ$_$5,OAV6KKf60bQ,0,0,0,0,0,inner_valid
0,9484,OAV6KKf60bQ$_$4,OAV6KKf60bQ,0,0,0,0,0,inner_valid
0,9485,OAV6KKf60bQ$_$7,OAV6KKf60bQ,0,0,0,0,0,inner_valid
0,9486,OAV6KKf60bQ$_$6,OAV6KKf60bQ,0,0,0,0,0,inner_valid
0,9487,OAV6KKf60bQ$_$9,OAV6KKf60bQ,0,0,0,0,-0.3333333433,inner_valid
0,9488,OAV6KKf60bQ$_$8,OAV6KKf60bQ,0,0,0,0,0,inner_valid
0,9495,OEOkmrKvTUo$_$1,OEOkmrKvTUo,0,0,0,0,0,inner_valid
0,9496,OEOkmrKvTUo$_$0,OEOkmrKvTUo,0,0,0,0,0.6666666865,inner_valid
0,9497,OEOkmrKvTUo$_$4,OEOkmrKvTUo,0,0,0,0,1.333333373,inner_valid
0,9498,OEOkmrKvTUo$_$6,OEOkmrKvTUo,0,0,0,0,0.6666666865,inner_valid
0,9534,OKSx1zxHGpQ$_$24,OKSx1zxHGpQ,0,1,0,0,1,inner_valid
0,9535,OKSx1zxHGpQ$_$25,OKSx1zxHGpQ,0,1,0,0,0.6666666865,inner_valid
0,9536,OKSx1zxHGpQ$_$26,OKSx1zxHGpQ,0,1,0,0,1.333333373,inner_valid
0,9537,OKSx1zxHGpQ$_$27,OKSx1zxHGpQ,0,1,0,0,2.333333254,inner_valid
0,9538,OKSx1zxHGpQ$_$20,OKSx1zxHGpQ,0,1,0,0,1,inner_valid
0,9539,OKSx1zxHGpQ$_$21,OKSx1zxHGpQ,0,1,0,0,1,inner_valid
0,9540,OKSx1zxHGpQ$_$22,OKSx1zxHGpQ,0,1,0,0,0.6666666865,inner_valid
0,9541,OKSx1zxHGpQ$_$23,OKSx1zxHGpQ,0,1,0,0,0.3333333433,inner_valid
0,9542,OKSx1zxHGpQ$_$1,OKSx1zxHGpQ,0,1,0,0,1.333333373,inner_valid
0,9543,OKSx1zxHGpQ$_$0,OKSx1zxHGpQ,0,1,0,0,1,inner_valid
0,9544,OKSx1zxHGpQ$_$3,OKSx1zxHGpQ,0,1,0,0,2,inner_valid
0,9545,OKSx1zxHGpQ$_$2,OKSx1zxHGpQ,0,1,0,0,1.333333373,inner_valid
0,9546,OKSx1zxHGpQ$_$5,OKSx1zxHGpQ,0,1,0,0,1,inner_valid
0,9547,OKSx1zxHGpQ$_$4,OKSx1zxHGpQ,0,1,0,0,1,inner_valid
0,9548,OKSx1zxHGpQ$_$7,OKSx1zxHGpQ,0,1,0,0,1,inner_valid
0,9549,OKSx1zxHGpQ$_$6,OKSx1zxHGpQ,0,1,0,0,0,inner_valid
0,9550,OKSx1zxHGpQ$_$9,OKSx1zxHGpQ,0,1,0,0,-0.6666666865,inner_valid
0,9551,OKSx1zxHGpQ$_$8,OKSx1zxHGpQ,0,1,0,0,-0.3333333433,inner_valid
0,9552,OKSx1zxHGpQ$_$11,OKSx1zxHGpQ,0,1,0,0,1,inner_valid
0,9553,OKSx1zxHGpQ$_$10,OKSx1zxHGpQ,0,1,0,0,0.3333333433,inner_valid
0,9554,OKSx1zxHGpQ$_$13,OKSx1zxHGpQ,0,1,0,0,1.333333373,inner_valid
0,9555,OKSx1zxHGpQ$_$12,OKSx1zxHGpQ,0,1,0,0,1.333333373,inner_valid
0,9556,OKSx1zxHGpQ$_$15,OKSx1zxHGpQ,0,1,0,0,1.333333373,inner_valid
0,9557,OKSx1zxHGpQ$_$14,OKSx1zxHGpQ,0,1,0,0,0.6666666865,inner_valid
0,9558,OKSx1zxHGpQ$_$17,OKSx1zxHGpQ,0,1,0,0,0.6666666865,inner_valid
0,9559,OKSx1zxHGpQ$_$16,OKSx1zxHGpQ,0,1,0,0,0.3333333433,inner_valid
0,9560,OKSx1zxHGpQ$_$19,OKSx1zxHGpQ,0,1,0,0,0,inner_valid
0,9561,OKSx1zxHGpQ$_$18,OKSx1zxHGpQ,0,1,0,0,0.6666666865,inner_valid
0,9567,OPXmk49KyiU$_$1,OPXmk49KyiU,0,0,0,0,0,inner_train
0,9568,OPXmk49KyiU$_$0,OPXmk49KyiU,0,0,0,0,1,inner_train
0,9572,OUjzDchhkIA$_$15,OUjzDchhkIA,0,1,1,0,-0.6666666865,inner_train
0,9573,OUjzDchhkIA$_$14,OUjzDchhkIA,0,1,1,0,0.6666666865,inner_train
0,9574,OUjzDchhkIA$_$1,OUjzDchhkIA,0,1,1,0,-0.3333333433,inner_train
0,9575,OUjzDchhkIA$_$0,OUjzDchhkIA,0,1,1,0,0.6666666865,inner_train
0,9576,OUjzDchhkIA$_$6,OUjzDchhkIA,0,1,1,0,0,inner_train
0,9577,OUjzDchhkIA$_$9,OUjzDchhkIA,0,1,1,0,0.3333333433,inner_train
0,9588,OcqJx_cRc3Y$_$1,OcqJx_cRc3Y,0,1,0,0,-0.3333333433,inner_train
0,9589,OcqJx_cRc3Y$_$2,OcqJx_cRc3Y,0,1,0,0,-0.3333333433,inner_train
0,9600,OiMkqEH5WeE$_$1,OiMkqEH5WeE,0,1,0,0,0,inner_train
0,9601,OiMkqEH5WeE$_$3,OiMkqEH5WeE,0,1,0,0,-0.3333333433,inner_train
0,9602,OiMkqEH5WeE$_$4,OiMkqEH5WeE,0,1,0,0,-0.3333333433,inner_train
0,9603,OiMkqEH5WeE$_$6,OiMkqEH5WeE,0,1,0,0,-0.6666666865,inner_train
0,9604,Oj3XwBBrzXc$_$1,Oj3XwBBrzXc,0,0,0,1,0,inner_train
0,9605,Oj3XwBBrzXc$_$2,Oj3XwBBrzXc,0,0,0,1,0.6666666865,inner_train
0,9611,Op3CnqRLD9w$_$1,Op3CnqRLD9w,0,1,0,0,1.333333373,inner_train
0,9612,Op3CnqRLD9w$_$0,Op3CnqRLD9w,0,1,0,0,2,inner_train
0,9613,Op3CnqRLD9w$_$3,Op3CnqRLD9w,0,1,0,0,0.6666666865,inner_train
0,9614,Op3CnqRLD9w$_$2,Op3CnqRLD9w,0,1,0,0,1.666666627,inner_train
0,9615,Op3CnqRLD9w$_$5,Op3CnqRLD9w,0,1,0,0,1.666666627,inner_train
0,9616,Op3CnqRLD9w$_$4,Op3CnqRLD9w,0,1,0,0,2,inner_train
0,9619,OxyQSJMvWBo$_$11,OxyQSJMvWBo,0,0,0,0,-1,inner_train
0,9620,OxyQSJMvWBo$_$10,OxyQSJMvWBo,0,0,0,0,0.3333333433,inner_train
0,9621,OxyQSJMvWBo$_$13,OxyQSJMvWBo,0,0,0,0,-0.3333333433,inner_train
0,9622,OxyQSJMvWBo$_$12,OxyQSJMvWBo,0,0,0,0,-1,inner_train
0,9623,OxyQSJMvWBo$_$1,OxyQSJMvWBo,0,0,0,0,-0.3333333433,inner_train
0,9624,OxyQSJMvWBo$_$0,OxyQSJMvWBo,0,0,0,0,0.6666666865,inner_train
0,9625,OxyQSJMvWBo$_$3,OxyQSJMvWBo,0,0,0,0,1,inner_train
0,9626,OxyQSJMvWBo$_$2,OxyQSJMvWBo,0,0,0,0,0.6666666865,inner_train
0,9627,OxyQSJMvWBo$_$5,OxyQSJMvWBo,0,0,0,0,0,inner_train
0,9628,OxyQSJMvWBo$_$4,OxyQSJMvWBo,0,0,0,0,0,inner_train
0,9629,OxyQSJMvWBo$_$7,OxyQSJMvWBo,0,0,0,0,0,inner_train
0,9630,OxyQSJMvWBo$_$6,OxyQSJMvWBo,0,0,0,0,0.3333333433,inner_train
0,9631,OxyQSJMvWBo$_$9,OxyQSJMvWBo,0,0,0,0,0.3333333433,inner_train
0,9632,OxyQSJMvWBo$_$8,OxyQSJMvWBo,0,0,0,0,0,inner_train
0,9633,P0WaXnH37uI$_$3,P0WaXnH37uI,0,1,1,0,0,inner_train
0,9634,P0WaXnH37uI$_$2,P0WaXnH37uI,0,1,1,0,1,inner_train
0,9635,P0WaXnH37uI$_$5,P0WaXnH37uI,0,1,1,0,0,inner_train
0,9636,P0WaXnH37uI$_$4,P0WaXnH37uI,0,1,1,0,0.3333333433,inner_train
0,9637,P0WaXnH37uI$_$7,P0WaXnH37uI,0,1,1,0,0.3333333433,inner_train
0,9638,P0WaXnH37uI$_$6,P0WaXnH37uI,0,1,1,0,0,inner_train
0,9644,P3QEOJWxXI8$_$1,P3QEOJWxXI8,0,1,0,1,1,inner_train
0,9645,P3QEOJWxXI8$_$0,P3QEOJWxXI8,0,1,0,1,0,inner_train
0,9646,P3QEOJWxXI8$_$2,P3QEOJWxXI8,0,1,0,1,0,inner_train
0,9647,P3QEOJWxXI8$_$5,P3QEOJWxXI8,0,1,0,1,0.6666666865,inner_train
0,9648,P3QEOJWxXI8$_$7,P3QEOJWxXI8,0,1,0,1,0.3333333433,inner_train
0,9649,P3QEOJWxXI8$_$6,P3QEOJWxXI8,0,1,0,1,1,inner_train
0,9650,P4qxfjZlIrY$_$8,P4qxfjZlIrY,0,1,1,0,1.333333373,inner_train
0,9651,P4qxfjZlIrY$_$2,P4qxfjZlIrY,0,1,1,0,2.666666746,inner_train
0,9652,P4qxfjZlIrY$_$5,P4qxfjZlIrY,0,1,1,0,1.666666627,inner_train
0,9653,P4qxfjZlIrY$_$4,P4qxfjZlIrY,0,1,1,0,0.3333333433,inner_train
0,9654,P4qxfjZlIrY$_$6,P4qxfjZlIrY,0,1,1,0,0.3333333433,inner_train
0,9655,PANWQeBKStk$_$1,PANWQeBKStk,0,1,0,0,0,inner_train
0,9656,PANWQeBKStk$_$0,PANWQeBKStk,0,1,0,0,1,inner_train
0,9657,PANWQeBKStk$_$3,PANWQeBKStk,0,1,0,0,0.6666666865,inner_train
0,9658,PANWQeBKStk$_$2,PANWQeBKStk,0,1,0,0,1,inner_train
0,9662,PHJ8eybXJdw$_$1,PHJ8eybXJdw,0,0,0,0,0.6666666865,inner_train
0,9663,PHJ8eybXJdw$_$3,PHJ8eybXJdw,0,0,0,0,1,inner_train
0,9664,PHJ8eybXJdw$_$2,PHJ8eybXJdw,0,0,0,0,0.3333333433,inner_train
0,9665,PHJ8eybXJdw$_$5,PHJ8eybXJdw,0,0,0,0,0,inner_train
0,9666,PHJ8eybXJdw$_$4,PHJ8eybXJdw,0,0,0,0,1.666666627,inner_train
0,9667,PHJ8eybXJdw$_$7,PHJ8eybXJdw,0,0,0,0,0.6666666865,inner_train
0,9668,PJlDO21zl88$_$0,PJlDO21zl88,0,1,0,0,0.3333333433,inner_train
0,9669,PMH4mdJeojE$_$3,PMH4mdJeojE,0,1,0,0,0,outer
0,9670,PMH4mdJeojE$_$2,PMH4mdJeojE,0,1,0,0,1,outer
0,9671,PMH4mdJeojE$_$4,PMH4mdJeojE,0,1,0,0,0,outer
0,9674,PQYmOknHA4c$_$11,PQYmOknHA4c,0,0,0,0,1,inner_train
0,9675,PQYmOknHA4c$_$10,PQYmOknHA4c,0,0,0,0,0.3333333433,inner_train
0,9676,PQYmOknHA4c$_$12,PQYmOknHA4c,0,0,0,0,1,inner_train
0,9677,PQYmOknHA4c$_$0,PQYmOknHA4c,0,0,0,0,1,inner_train
0,9678,PQYmOknHA4c$_$3,PQYmOknHA4c,0,0,0,0,0.6666666865,inner_train
0,9679,PQYmOknHA4c$_$2,PQYmOknHA4c,0,0,0,0,0.3333333433,inner_train
0,9680,PQYmOknHA4c$_$5,PQYmOknHA4c,0,0,0,0,0,inner_train
0,9681,PQYmOknHA4c$_$4,PQYmOknHA4c,0,0,0,0,1,inner_train
0,9682,PQYmOknHA4c$_$7,PQYmOknHA4c,0,0,0,0,0.6666666865,inner_train
0,9683,PQYmOknHA4c$_$6,PQYmOknHA4c,0,0,0,0,0,inner_train
0,9684,PQYmOknHA4c$_$9,PQYmOknHA4c,0,0,0,0,0,inner_train
0,9685,PQYmOknHA4c$_$8,PQYmOknHA4c,0,0,0,0,0,inner_train
0,9686,PRZ4VhESz1A$_$10,PRZ4VhESz1A,0,0,0,0,2,inner_train
0,9687,PRZ4VhESz1A$_$1,PRZ4VhESz1A,0,0,0,0,0,inner_train
0,9688,PRZ4VhESz1A$_$0,PRZ4VhESz1A,0,0,0,0,0.6666666865,inner_train
0,9689,PRZ4VhESz1A$_$3,PRZ4VhESz1A,0,0,0,0,0,inner_train
0,9690,PRZ4VhESz1A$_$2,PRZ4VhESz1A,0,0,0,0,0.3333333433,inner_train
0,9691,PRZ4VhESz1A$_$6,PRZ4VhESz1A,0,0,0,0,0,inner_train
0,9692,PRZ4VhESz1A$_$9,PRZ4VhESz1A,0,0,0,0,2,inner_train
0,9693,PRZ4VhESz1A$_$8,PRZ4VhESz1A,0,0,0,0,0,inner_train
0,9694,PUIsiLk8etk$_$11,PUIsiLk8etk,0,1,0,0,-0.6666666865,outer
0,9695,PUIsiLk8etk$_$10,PUIsiLk8etk,0,1,0,0,-1,outer
0,9696,PUIsiLk8etk$_$12,PUIsiLk8etk,0,1,0,0,0,outer
0,9697,PUIsiLk8etk$_$1,PUIsiLk8etk,0,1,0,0,0.3333333433,outer
0,9698,PUIsiLk8etk$_$3,PUIsiLk8etk,0,1,0,0,0,outer
0,9699,PUIsiLk8etk$_$4,PUIsiLk8etk,0,1,0,0,0,outer
0,9700,PUIsiLk8etk$_$7,PUIsiLk8etk,0,1,0,0,-0.3333333433,outer
0,9701,PUIsiLk8etk$_$6,PUIsiLk8etk,0,1,0,0,1.666666627,outer
0,9710,PmemTgQHagk$_$1,PmemTgQHagk,0,0,0,0,2,inner_train
0,9711,PmemTgQHagk$_$0,PmemTgQHagk,0,0,0,0,1.666666627,inner_train
0,9712,PmemTgQHagk$_$3,PmemTgQHagk,0,0,0,0,2,inner_train
0,9713,PmemTgQHagk$_$2,PmemTgQHagk,0,0,0,0,1.333333373,inner_train
0,9714,PmemTgQHagk$_$5,PmemTgQHagk,0,0,0,0,2.666666746,inner_train
0,9715,PmemTgQHagk$_$4,PmemTgQHagk,0,0,0,0,1.666666627,inner_train
0,9716,PmemTgQHagk$_$7,PmemTgQHagk,0,0,0,0,2,inner_train
0,9717,PmemTgQHagk$_$6,PmemTgQHagk,0,0,0,0,1.333333373,inner_train
0,9718,PoKZEKOf1dA$_$1,PoKZEKOf1dA,0,0,1,0,1,inner_train
0,9719,PoKZEKOf1dA$_$0,PoKZEKOf1dA,0,0,1,0,0.3333333433,inner_train
0,9720,PoKZEKOf1dA$_$3,PoKZEKOf1dA,0,0,1,0,0,inner_train
0,9721,PoKZEKOf1dA$_$2,PoKZEKOf1dA,0,0,1,0,0,inner_train
0,9722,PoKZEKOf1dA$_$5,PoKZEKOf1dA,0,0,1,0,0.3333333433,inner_train
0,9723,PoKZEKOf1dA$_$4,PoKZEKOf1dA,0,0,1,0,0,inner_train
0,9724,PoKZEKOf1dA$_$6,PoKZEKOf1dA,0,0,1,0,0.6666666865,inner_train
0,9725,PohW-isYMK0$_$11,PohW-isYMK0,0,1,0,0,0,inner_train
0,9726,PohW-isYMK0$_$10,PohW-isYMK0,0,1,0,0,1,inner_train
0,9727,PohW-isYMK0$_$13,PohW-isYMK0,0,1,0,0,-0.3333333433,inner_train
0,9728,PohW-isYMK0$_$12,PohW-isYMK0,0,1,0,0,-0.3333333433,inner_train
0,9729,PohW-isYMK0$_$15,PohW-isYMK0,0,1,0,0,0.3333333433,inner_train
0,9730,PohW-isYMK0$_$14,PohW-isYMK0,0,1,0,0,0.3333333433,inner_train
0,9731,PohW-isYMK0$_$17,PohW-isYMK0,0,1,0,0,2,inner_train
0,9732,PohW-isYMK0$_$16,PohW-isYMK0,0,1,0,0,0.6666666865,inner_train
0,9733,PohW-isYMK0$_$19,PohW-isYMK0,0,1,0,0,0.6666666865,inner_train
0,9734,PohW-isYMK0$_$18,PohW-isYMK0,0,1,0,0,1,inner_train
0,9735,PohW-isYMK0$_$1,PohW-isYMK0,0,1,0,0,1.333333373,inner_train
0,9736,PohW-isYMK0$_$3,PohW-isYMK0,0,1,0,0,-0.3333333433,inner_train
0,9737,PohW-isYMK0$_$2,PohW-isYMK0,0,1,0,0,-0.3333333433,inner_train
0,9738,PohW-isYMK0$_$5,PohW-isYMK0,0,1,0,0,-0.6666666865,inner_train
0,9739,PohW-isYMK0$_$4,PohW-isYMK0,0,1,0,0,-1,inner_train
0,9740,PohW-isYMK0$_$7,PohW-isYMK0,0,1,0,0,1.666666627,inner_train
0,9741,PohW-isYMK0$_$6,PohW-isYMK0,0,1,0,0,0.3333333433,inner_train
0,9742,PohW-isYMK0$_$9,PohW-isYMK0,0,1,0,0,0.3333333433,inner_train
0,9743,PohW-isYMK0$_$8,PohW-isYMK0,0,1,0,0,0,inner_train
0,9744,PtH_8O__EAY$_$3,PtH_8O__EAY,0,1,0,0,1.666666627,inner_valid
0,9747,PybuzkS31J4$_$1,PybuzkS31J4,0,0,0,1,1.666666627,inner_train
0,9748,PybuzkS31J4$_$0,PybuzkS31J4,0,0,0,1,-0.3333333433,inner_train
0,9749,PybuzkS31J4$_$3,PybuzkS31J4,0,0,0,1,0.6666666865,inner_train
0,9750,PybuzkS31J4$_$4,PybuzkS31J4,0,0,0,1,-0.3333333433,inner_train
0,9751,PybuzkS31J4$_$7,PybuzkS31J4,0,0,0,1,0.6666666865,inner_train
0,9752,Q2uHXKA8cq8$_$3,Q2uHXKA8cq8,0,0,1,0,-1,inner_train
0,9753,Q2uHXKA8cq8$_$2,Q2uHXKA8cq8,0,0,1,0,0.3333333433,inner_train
0,9754,Q2uHXKA8cq8$_$4,Q2uHXKA8cq8,0,0,1,0,-1,inner_train
0,9755,Q2uHXKA8cq8$_$7,Q2uHXKA8cq8,0,0,1,0,-1,inner_train
0,9756,Q2uHXKA8cq8$_$9,Q2uHXKA8cq8,0,0,1,0,-0.3333333433,inner_train
0,9757,Q2uHXKA8cq8$_$8,Q2uHXKA8cq8,0,0,1,0,0.6666666865,inner_train
0,9758,Q5YU2sLKVL4$_$1,Q5YU2sLKVL4,0,0,0,0,0,outer
0,9759,Q5YU2sLKVL4$_$3,Q5YU2sLKVL4,0,0,0,0,0,outer
0,9765,Q5uYByRyswI$_$0,Q5uYByRyswI,0,0,0,0,0.6666666865,inner_train
0,9766,Q5uYByRyswI$_$3,Q5uYByRyswI,0,0,0,0,0.6666666865,inner_train
0,9767,Q5uYByRyswI$_$5,Q5uYByRyswI,0,0,0,0,0.6666666865,inner_train
0,9770,Q7nhtfkIPN4$_$11,Q7nhtfkIPN4,0,1,1,0,-0.3333333433,inner_valid
0,9771,Q7nhtfkIPN4$_$10,Q7nhtfkIPN4,0,1,1,0,-0.3333333433,inner_valid
0,9772,Q7nhtfkIPN4$_$1,Q7nhtfkIPN4,0,1,1,0,0.6666666865,inner_valid
0,9773,Q7nhtfkIPN4$_$0,Q7nhtfkIPN4,0,1,1,0,-0.3333333433,inner_valid
0,9774,Q7nhtfkIPN4$_$3,Q7nhtfkIPN4,0,1,1,0,0,inner_valid
0,9775,Q7nhtfkIPN4$_$2,Q7nhtfkIPN4,0,1,1,0,1,inner_valid
0,9776,Q7nhtfkIPN4$_$4,Q7nhtfkIPN4,0,1,1,0,0.3333333433,inner_valid
0,9777,Q7nhtfkIPN4$_$7,Q7nhtfkIPN4,0,1,1,0,0,inner_valid
0,9778,Q7nhtfkIPN4$_$6,Q7nhtfkIPN4,0,1,1,0,0,inner_valid
0,9779,Q7nhtfkIPN4$_$9,Q7nhtfkIPN4,0,1,1,0,1.666666627,inner_valid
0,9780,Q7nhtfkIPN4$_$8,Q7nhtfkIPN4,0,1,1,0,-1,inner_valid
0,9785,QDRtKv8PvFs$_$0,QDRtKv8PvFs,0,0,0,0,1,inner_train
0,9786,QDRtKv8PvFs$_$3,QDRtKv8PvFs,0,0,0,0,1.333333373,inner_train
0,9787,QDRtKv8PvFs$_$2,QDRtKv8PvFs,0,0,0,0,0.3333333433,inner_train
0,9788,QDRtKv8PvFs$_$4,QDRtKv8PvFs,0,0,0,0,2,inner_train
0,9789,QDRtKv8PvFs$_$6,QDRtKv8PvFs,0,0,0,0,1.666666627,inner_train
0,9790,QE0pAVSPsKQ$_$10,QE0pAVSPsKQ,0,1,0,1,0,outer
0,9791,QE0pAVSPsKQ$_$26,QE0pAVSPsKQ,0,1,0,1,2,outer
0,9792,QE0pAVSPsKQ$_$12,QE0pAVSPsKQ,0,1,0,1,0.3333333433,outer
0,9793,QE0pAVSPsKQ$_$15,QE0pAVSPsKQ,0,1,0,1,2,outer
0,9794,QE0pAVSPsKQ$_$17,QE0pAVSPsKQ,0,1,0,1,-1,outer
0,9795,QE0pAVSPsKQ$_$22,QE0pAVSPsKQ,0,1,0,1,0,outer
0,9796,QE0pAVSPsKQ$_$23,QE0pAVSPsKQ,0,1,0,1,1.333333373,outer
0,9797,QE0pAVSPsKQ$_$18,QE0pAVSPsKQ,0,1,0,1,1,outer
0,9798,QE0pAVSPsKQ$_$3,QE0pAVSPsKQ,0,1,0,1,1.666666627,outer
0,9799,QE0pAVSPsKQ$_$2,QE0pAVSPsKQ,0,1,0,1,2.666666746,outer
0,9800,QE0pAVSPsKQ$_$7,QE0pAVSPsKQ,0,1,0,1,-0.6666666865,outer
0,9801,QE0pAVSPsKQ$_$6,QE0pAVSPsKQ,0,1,0,1,0.3333333433,outer
0,9802,QE0pAVSPsKQ$_$9,QE0pAVSPsKQ,0,1,0,1,0.6666666865,outer
0,9803,QEG_hkJsaYc$_$0,QEG_hkJsaYc,0,0,0,0,1,inner_train
0,9807,QJCDZCllSYQ$_$1,QJCDZCllSYQ,0,0,0,0,0.6666666865,inner_valid
0,9808,QJCDZCllSYQ$_$0,QJCDZCllSYQ,0,0,0,0,0,inner_valid
0,9809,QJCDZCllSYQ$_$4,QJCDZCllSYQ,0,0,0,0,0,inner_valid
0,9821,QMAztkqnvws$_$4,QMAztkqnvws,0,0,0,0,0.3333333433,inner_train
0,9822,QMAztkqnvws$_$6,QMAztkqnvws,0,0,0,0,0.3333333433,inner_train
0,9829,QOxIdbNwpx0$_$1,QOxIdbNwpx0,0,0,0,1,0.6666666865,inner_train
0,9830,QOxIdbNwpx0$_$0,QOxIdbNwpx0,0,0,0,1,1,inner_train
0,9831,QOxIdbNwpx0$_$3,QOxIdbNwpx0,0,0,0,1,0.6666666865,inner_train
0,9832,QOxIdbNwpx0$_$2,QOxIdbNwpx0,0,0,0,1,0,inner_train
0,9833,QOxIdbNwpx0$_$5,QOxIdbNwpx0,0,0,0,1,0.6666666865,inner_train
0,9834,QOxIdbNwpx0$_$6,QOxIdbNwpx0,0,0,0,1,1,inner_train
0,9844,QWaUvAL-yiA$_$1,QWaUvAL-yiA,0,1,0,0,0,outer
0,9845,QWaUvAL-yiA$_$3,QWaUvAL-yiA,0,1,0,0,1,outer
0,9846,QWaUvAL-yiA$_$2,QWaUvAL-yiA,0,1,0,0,1,outer
0,9847,QWzIJuhLLrc$_$1,QWzIJuhLLrc,0,0,0,0,-0.3333333433,outer
0,9848,QWzIJuhLLrc$_$0,QWzIJuhLLrc,0,0,0,0,0,outer
0,9862,QbJiphIpzYc$_$10,QbJiphIpzYc,0,1,0,0,1.333333373,inner_valid
0,9863,QbJiphIpzYc$_$13,QbJiphIpzYc,0,1,0,0,0.6666666865,inner_valid
0,9864,QbJiphIpzYc$_$2,QbJiphIpzYc,0,1,0,0,1.666666627,inner_valid
0,9865,Qe4AT670hq4$_$6,Qe4AT670hq4,0,1,0,0,-0.6666666865,inner_train
0,9866,QkMTYY69JYQ$_$1,QkMTYY69JYQ,0,1,0,0,0.6666666865,outer
0,9867,QkMTYY69JYQ$_$0,QkMTYY69JYQ,0,1,0,0,1.333333373,outer
0,9868,QkMTYY69JYQ$_$3,QkMTYY69JYQ,0,1,0,0,0.6666666865,outer
0,9869,QkMTYY69JYQ$_$2,QkMTYY69JYQ,0,1,0,0,-0.3333333433,outer
0,9870,QkMTYY69JYQ$_$5,QkMTYY69JYQ,0,1,0,0,-1.333333373,outer
0,9871,QkMTYY69JYQ$_$4,QkMTYY69JYQ,0,1,0,0,0.6666666865,outer
0,9872,QkMTYY69JYQ$_$7,QkMTYY69JYQ,0,1,0,0,0.3333333433,outer
0,9873,QkMTYY69JYQ$_$6,QkMTYY69JYQ,0,1,0,0,1.333333373,outer
0,9874,QkMTYY69JYQ$_$9,QkMTYY69JYQ,0,1,0,0,0.3333333433,outer
0,9875,QkMTYY69JYQ$_$8,QkMTYY69JYQ,0,1,0,0,1.333333373,outer
0,9886,QzdEjKQFisQ$_$1,QzdEjKQFisQ,0,0,1,0,0,inner_train
0,9887,QzdEjKQFisQ$_$0,QzdEjKQFisQ,0,0,1,0,-1.333333373,inner_train
0,9888,QzdEjKQFisQ$_$3,QzdEjKQFisQ,0,0,1,0,-1,inner_train
0,9889,QzdEjKQFisQ$_$5,QzdEjKQFisQ,0,0,1,0,-0.3333333433,inner_train
0,9890,QzdEjKQFisQ$_$4,QzdEjKQFisQ,0,0,1,0,0,inner_train
0,9891,QzdEjKQFisQ$_$7,QzdEjKQFisQ,0,0,1,0,-0.3333333433,inner_train
0,9892,QzdEjKQFisQ$_$9,QzdEjKQFisQ,0,0,1,0,0.3333333433,inner_train
0,9893,QzdEjKQFisQ$_$8,QzdEjKQFisQ,0,0,1,0,-0.3333333433,inner_train
0,9894,R-17BoOk4kc$_$8,R-17BoOk4kc,0,1,0,0,2.333333254,inner_train
0,9910,R8leu0tEJ4o$_$10,R8leu0tEJ4o,0,0,0,0,0,inner_train
0,9911,R8leu0tEJ4o$_$14,R8leu0tEJ4o,0,0,0,0,2,inner_train
0,9912,R8leu0tEJ4o$_$17,R8leu0tEJ4o,0,0,0,0,-0.6666666865,inner_train
0,9913,R8leu0tEJ4o$_$3,R8leu0tEJ4o,0,0,0,0,-2.333333254,inner_train
0,9914,R8leu0tEJ4o$_$9,R8leu0tEJ4o,0,0,0,0,-0.3333333433,inner_train
0,9915,R8leu0tEJ4o$_$8,R8leu0tEJ4o,0,0,0,0,0,inner_train
0,9922,RAiO_rChmdU$_$3,RAiO_rChmdU,0,1,0,0,0.3333333433,outer
0,9923,RAiO_rChmdU$_$2,RAiO_rChmdU,0,1,0,0,0,outer
0,9924,RAiO_rChmdU$_$4,RAiO_rChmdU,0,1,0,0,0.3333333433,outer
0,9925,RE-LIPOFnrE$_$0,RE-LIPOFnrE,0,1,1,0,0,inner_train
0,9926,RE-LIPOFnrE$_$3,RE-LIPOFnrE,0,1,1,0,0,inner_train
0,9927,RE-LIPOFnrE$_$2,RE-LIPOFnrE,0,1,1,0,0,inner_train
0,9928,RE-LIPOFnrE$_$4,RE-LIPOFnrE,0,1,1,0,0,inner_train
0,9929,RE-LIPOFnrE$_$9,RE-LIPOFnrE,0,1,1,0,-0.6666666865,inner_train
0,9930,RE-LIPOFnrE$_$8,RE-LIPOFnrE,0,1,1,0,-0.3333333433,inner_train
0,9931,REkPZ77s3Vc$_$0,REkPZ77s3Vc,0,1,0,0,0,inner_valid
0,9932,REkPZ77s3Vc$_$5,REkPZ77s3Vc,0,1,0,0,0.6666666865,inner_valid
0,9933,REkPZ77s3Vc$_$4,REkPZ77s3Vc,0,1,0,0,0,inner_valid
0,9934,REkPZ77s3Vc$_$7,REkPZ77s3Vc,0,1,0,0,0,inner_valid
0,9935,REkPZ77s3Vc$_$6,REkPZ77s3Vc,0,1,0,0,0.3333333433,inner_valid
0,9967,RRKez9BR-94$_$11,RRKez9BR-94,0,0,0,0,0,inner_train
0,9968,RRKez9BR-94$_$10,RRKez9BR-94,0,0,0,0,1,inner_train
0,9969,RRKez9BR-94$_$13,RRKez9BR-94,0,0,0,0,-1.666666627,inner_train
0,9970,RRKez9BR-94$_$12,RRKez9BR-94,0,0,0,0,0.6666666865,inner_train
0,9971,RRKez9BR-94$_$21,RRKez9BR-94,0,0,0,0,1.666666627,inner_train
0,9972,RRKez9BR-94$_$16,RRKez9BR-94,0,0,0,0,1,inner_train
0,9973,RRKez9BR-94$_$6,RRKez9BR-94,0,0,0,0,1.333333373,inner_train
0,10000,RTzDzj4NxIM$_$1,RTzDzj4NxIM,0,0,0,0,2,inner_train
0,10001,RTzDzj4NxIM$_$0,RTzDzj4NxIM,0,0,0,0,1,inner_train
0,10002,RTzDzj4NxIM$_$3,RTzDzj4NxIM,0,0,0,0,0.6666666865,inner_train
0,10003,RTzDzj4NxIM$_$2,RTzDzj4NxIM,0,0,0,0,-0.3333333433,inner_train
0,10004,RTzDzj4NxIM$_$5,RTzDzj4NxIM,0,0,0,0,0,inner_train
0,10005,RTzDzj4NxIM$_$7,RTzDzj4NxIM,0,0,0,0,0.6666666865,inner_train
0,10006,RTzDzj4NxIM$_$6,RTzDzj4NxIM,0,0,0,0,2.333333254,inner_train
0,10007,RTzDzj4NxIM$_$8,RTzDzj4NxIM,0,0,0,0,-1.666666627,inner_train
0,10008,RXcI6PK37lM$_$1,RXcI6PK37lM,0,0,0,0,0,inner_train
0,10009,RXcI6PK37lM$_$0,RXcI6PK37lM,0,0,0,0,1.666666627,inner_train
0,10010,RXcI6PK37lM$_$5,RXcI6PK37lM,0,0,0,0,0,inner_train
0,10011,RXcI6PK37lM$_$4,RXcI6PK37lM,0,0,0,0,0,inner_train
0,10012,RXcI6PK37lM$_$6,RXcI6PK37lM,0,0,0,0,0,inner_train
0,10013,RXcI6PK37lM$_$9,RXcI6PK37lM,0,0,0,0,1,inner_train
0,10014,RaTQZrdICKo$_$2,RaTQZrdICKo,0,1,0,0,0,inner_train
0,10015,RadU51t1kL0$_$1,RadU51t1kL0,0,1,0,0,-0.3333333433,inner_valid
0,10016,RadU51t1kL0$_$0,RadU51t1kL0,0,1,0,0,0,inner_valid
0,10017,RadU51t1kL0$_$3,RadU51t1kL0,0,1,0,0,0,inner_valid
0,10018,RadU51t1kL0$_$5,RadU51t1kL0,0,1,0,0,-1,inner_valid
0,10019,RadU51t1kL0$_$4,RadU51t1kL0,0,1,0,0,-0.6666666865,inner_valid
0,10020,RadU51t1kL0$_$7,RadU51t1kL0,0,1,0,0,-1,inner_valid
0,10021,RadU51t1kL0$_$9,RadU51t1kL0,0,1,0,0,0.6666666865,inner_valid
0,10022,RadU51t1kL0$_$8,RadU51t1kL0,0,1,0,0,-0.6666666865,inner_valid
0,10031,Rdf0Psjyrwc$_$1,Rdf0Psjyrwc,0,1,0,0,2.666666746,inner_train
0,10032,Rdf0Psjyrwc$_$0,Rdf0Psjyrwc,0,1,0,0,1.666666627,inner_train
0,10033,Rdf0Psjyrwc$_$3,Rdf0Psjyrwc,0,1,0,0,1.333333373,inner_train
0,10034,Rdf0Psjyrwc$_$2,Rdf0Psjyrwc,0,1,0,0,1.333333373,inner_train
0,10037,RgubFcmvgDE$_$1,RgubFcmvgDE,0,1,0,0,-0.6666666865,inner_valid
0,10038,RgubFcmvgDE$_$0,RgubFcmvgDE,0,1,0,0,-0.6666666865,inner_valid
0,10039,RgubFcmvgDE$_$3,RgubFcmvgDE,0,1,0,0,-2,inner_valid
0,10040,RgubFcmvgDE$_$5,RgubFcmvgDE,0,1,0,0,0,inner_valid
0,10041,RgubFcmvgDE$_$4,RgubFcmvgDE,0,1,0,0,-1.333333373,inner_valid
0,10042,RgubFcmvgDE$_$7,RgubFcmvgDE,0,1,0,0,-1,inner_valid
0,10043,RgubFcmvgDE$_$6,RgubFcmvgDE,0,1,0,0,-0.3333333433,inner_valid
0,10057,Rt9rN1ntS3E$_$11,Rt9rN1ntS3E,0,1,0,0,1,inner_train
0,10058,Rt9rN1ntS3E$_$10,Rt9rN1ntS3E,0,1,0,0,1.666666627,inner_train
0,10059,Rt9rN1ntS3E$_$1,Rt9rN1ntS3E,0,1,0,0,1,inner_train
0,10060,Rt9rN1ntS3E$_$0,Rt9rN1ntS3E,0,1,0,0,1.666666627,inner_train
0,10061,Rt9rN1ntS3E$_$3,Rt9rN1ntS3E,0,1,0,0,0.3333333433,inner_train
0,10062,Rt9rN1ntS3E$_$2,Rt9rN1ntS3E,0,1,0,0,1.333333373,inner_train
0,10063,Rt9rN1ntS3E$_$5,Rt9rN1ntS3E,0,1,0,0,1,inner_train
0,10064,Rt9rN1ntS3E$_$4,Rt9rN1ntS3E,0,1,0,0,0,inner_train
0,10065,Rt9rN1ntS3E$_$7,Rt9rN1ntS3E,0,1,0,0,2.666666746,inner_train
0,10066,Rt9rN1ntS3E$_$6,Rt9rN1ntS3E,0,1,0,0,1,inner_train
0,10067,Rt9rN1ntS3E$_$9,Rt9rN1ntS3E,0,1,0,0,1.333333373,inner_train
0,10068,Rt9rN1ntS3E$_$8,Rt9rN1ntS3E,0,1,0,0,1,inner_train
0,10069,Rugd2NMu4bA$_$11,Rugd2NMu4bA,0,0,0,0,0.6666666865,inner_train
0,10070,Rugd2NMu4bA$_$13,Rugd2NMu4bA,0,0,0,0,0.3333333433,inner_train
0,10071,Rugd2NMu4bA$_$15,Rugd2NMu4bA,0,0,0,0,1,inner_train
0,10072,Rugd2NMu4bA$_$1,Rugd2NMu4bA,0,0,0,0,0.6666666865,inner_train
0,10073,Rugd2NMu4bA$_$5,Rugd2NMu4bA,0,0,0,0,0,inner_train
0,10074,Rugd2NMu4bA$_$7,Rugd2NMu4bA,0,0,0,0,0,inner_train
0,10075,RvIohowRPAk$_$11,RvIohowRPAk,0,0,0,0,-1.333333373,inner_train
0,10076,RvIohowRPAk$_$10,RvIohowRPAk,0,0,0,0,-0.6666666865,inner_train
0,10077,RvIohowRPAk$_$12,RvIohowRPAk,0,0,0,0,-1,inner_train
0,10078,RvIohowRPAk$_$0,RvIohowRPAk,0,0,0,0,-0.3333333433,inner_train
0,10079,RvIohowRPAk$_$3,RvIohowRPAk,0,0,0,0,0.3333333433,inner_train
0,10080,RvIohowRPAk$_$2,RvIohowRPAk,0,0,0,0,0,inner_train
0,10081,RvIohowRPAk$_$4,RvIohowRPAk,0,0,0,0,-2.333333254,inner_train
0,10082,RvIohowRPAk$_$7,RvIohowRPAk,0,0,0,0,-0.3333333433,inner_train
0,10094,Ry2NJPd4N3s$_$12,Ry2NJPd4N3s,0,1,1,1,-0.6666666865,inner_train
0,10095,Ry2NJPd4N3s$_$15,Ry2NJPd4N3s,0,1,1,1,1.333333373,inner_train
0,10096,Ry2NJPd4N3s$_$14,Ry2NJPd4N3s,0,1,1,1,1,inner_train
0,10097,Ry2NJPd4N3s$_$23,Ry2NJPd4N3s,0,1,1,1,0.6666666865,inner_train
0,10098,Ry2NJPd4N3s$_$16,Ry2NJPd4N3s,0,1,1,1,-0.6666666865,inner_train
0,10099,Ry2NJPd4N3s$_$2,Ry2NJPd4N3s,0,1,1,1,0.3333333433,inner_train
0,10100,Ry2NJPd4N3s$_$8,Ry2NJPd4N3s,0,1,1,1,1,inner_train
0,10101,S0ecaAi_CJo$_$2,S0ecaAi_CJo,0,0,0,0,2,inner_train
0,10102,S0ecaAi_CJo$_$4,S0ecaAi_CJo,0,0,0,0,0.3333333433,inner_train
0,10103,S21ApRNQ9Ko$_$15,S21ApRNQ9Ko,0,1,0,0,-1,outer
0,10104,S21ApRNQ9Ko$_$14,S21ApRNQ9Ko,0,1,0,0,-0.6666666865,outer
0,10105,S21ApRNQ9Ko$_$1,S21ApRNQ9Ko,0,1,0,0,0.3333333433,outer
0,10106,S21ApRNQ9Ko$_$0,S21ApRNQ9Ko,0,1,0,0,2.666666746,outer
0,10107,S21ApRNQ9Ko$_$3,S21ApRNQ9Ko,0,1,0,0,0,outer
0,10108,S21ApRNQ9Ko$_$2,S21ApRNQ9Ko,0,1,0,0,1.333333373,outer
0,10132,SCXp4l0CO4s$_$17,SCXp4l0CO4s,0,0,0,0,0,inner_train
0,10133,SGsiGz2fdpo$_$24,SGsiGz2fdpo,0,1,0,1,0.6666666865,inner_train
0,10134,SGsiGz2fdpo$_$25,SGsiGz2fdpo,0,1,0,1,1.333333373,inner_train
0,10135,SGsiGz2fdpo$_$26,SGsiGz2fdpo,0,1,0,1,0,inner_train
0,10136,SGsiGz2fdpo$_$27,SGsiGz2fdpo,0,1,0,1,0.6666666865,inner_train
0,10137,SGsiGz2fdpo$_$20,SGsiGz2fdpo,0,1,0,1,0,inner_train
0,10138,SGsiGz2fdpo$_$21,SGsiGz2fdpo,0,1,0,1,0.3333333433,inner_train
0,10139,SGsiGz2fdpo$_$22,SGsiGz2fdpo,0,1,0,1,1,inner_train
0,10140,SGsiGz2fdpo$_$23,SGsiGz2fdpo,0,1,0,1,2.666666746,inner_train
0,10141,SGsiGz2fdpo$_$29,SGsiGz2fdpo,0,1,0,1,1,inner_train
0,10142,SGsiGz2fdpo$_$1,SGsiGz2fdpo,0,1,0,1,0.6666666865,inner_train
0,10143,SGsiGz2fdpo$_$2,SGsiGz2fdpo,0,1,0,1,0.6666666865,inner_train
0,10144,SGsiGz2fdpo$_$5,SGsiGz2fdpo,0,1,0,1,0.6666666865,inner_train
0,10145,SGsiGz2fdpo$_$4,SGsiGz2fdpo,0,1,0,1,0.3333333433,inner_train
0,10146,SGsiGz2fdpo$_$7,SGsiGz2fdpo,0,1,0,1,0,inner_train
0,10147,SGsiGz2fdpo$_$6,SGsiGz2fdpo,0,1,0,1,0.6666666865,inner_train
0,10148,SGsiGz2fdpo$_$9,SGsiGz2fdpo,0,1,0,1,0,inner_train
0,10149,SGsiGz2fdpo$_$8,SGsiGz2fdpo,0,1,0,1,0.3333333433,inner_train
0,10150,SGsiGz2fdpo$_$11,SGsiGz2fdpo,0,1,0,1,-0.3333333433,inner_train
0,10151,SGsiGz2fdpo$_$10,SGsiGz2fdpo,0,1,0,1,0,inner_train
0,10152,SGsiGz2fdpo$_$13,SGsiGz2fdpo,0,1,0,1,0,inner_train
0,10153,SGsiGz2fdpo$_$12,SGsiGz2fdpo,0,1,0,1,1,inner_train
0,10154,SGsiGz2fdpo$_$15,SGsiGz2fdpo,0,1,0,1,0,inner_train
0,10155,SGsiGz2fdpo$_$14,SGsiGz2fdpo,0,1,0,1,-1,inner_train
0,10156,SGsiGz2fdpo$_$17,SGsiGz2fdpo,0,1,0,1,0.3333333433,inner_train
0,10157,SGsiGz2fdpo$_$16,SGsiGz2fdpo,0,1,0,1,1.666666627,inner_train
0,10158,SGsiGz2fdpo$_$19,SGsiGz2fdpo,0,1,0,1,0.6666666865,inner_train
0,10159,SGsiGz2fdpo$_$18,SGsiGz2fdpo,0,1,0,1,0.6666666865,inner_train
0,10160,SGsiGz2fdpo$_$31,SGsiGz2fdpo,0,1,0,1,1.666666627,inner_train
0,10161,SGsiGz2fdpo$_$30,SGsiGz2fdpo,0,1,0,1,0,inner_train
0,10162,SGsiGz2fdpo$_$33,SGsiGz2fdpo,0,1,0,1,1.333333373,inner_train
0,10163,SGsiGz2fdpo$_$32,SGsiGz2fdpo,0,1,0,1,1.333333373,inner_train
0,10164,SH0wXyhsx9s$_$0,SH0wXyhsx9s,0,0,0,0,0.6666666865,inner_train
0,10165,SH0wXyhsx9s$_$2,SH0wXyhsx9s,0,0,0,0,-0.3333333433,inner_train
0,10166,SH0wXyhsx9s$_$4,SH0wXyhsx9s,0,0,0,0,-0.3333333433,inner_train
0,10184,SMr2DprlLu4$_$1,SMr2DprlLu4,0,0,0,0,2,inner_train
0,10187,SNBqe_JpZC4$_$4,SNBqe_JpZC4,0,0,0,0,-0.3333333433,inner_train
0,10197,SWHmteF5Rlk$_$10,SWHmteF5Rlk,0,0,0,0,2,inner_train
0,10198,SWHmteF5Rlk$_$1,SWHmteF5Rlk,0,0,0,0,0.6666666865,inner_train
0,10199,SWHmteF5Rlk$_$0,SWHmteF5Rlk,0,0,0,0,0.6666666865,inner_train
0,10200,SWHmteF5Rlk$_$2,SWHmteF5Rlk,0,0,0,0,-0.6666666865,inner_train
0,10201,SWHmteF5Rlk$_$5,SWHmteF5Rlk,0,0,0,0,-1,inner_train
0,10202,SWHmteF5Rlk$_$4,SWHmteF5Rlk,0,0,0,0,-0.6666666865,inner_train
0,10203,SWHmteF5Rlk$_$7,SWHmteF5Rlk,0,0,0,0,-0.3333333433,inner_train
0,10204,SWHmteF5Rlk$_$6,SWHmteF5Rlk,0,0,0,0,1.333333373,inner_train
0,10214,SYnygYs-fAg$_$11,SYnygYs-fAg,0,1,0,1,0.6666666865,outer
0,10215,SYnygYs-fAg$_$10,SYnygYs-fAg,0,1,0,1,0.6666666865,outer
0,10216,SYnygYs-fAg$_$13,SYnygYs-fAg,0,1,0,1,1,outer
0,10217,SYnygYs-fAg$_$12,SYnygYs-fAg,0,1,0,1,0.6666666865,outer
0,10218,SYnygYs-fAg$_$15,SYnygYs-fAg,0,1,0,1,0.6666666865,outer
0,10219,SYnygYs-fAg$_$14,SYnygYs-fAg,0,1,0,1,1.666666627,outer
0,10220,SYnygYs-fAg$_$1,SYnygYs-fAg,0,1,0,1,0.6666666865,outer
0,10221,SYnygYs-fAg$_$0,SYnygYs-fAg,0,1,0,1,0.3333333433,outer
0,10222,SYnygYs-fAg$_$3,SYnygYs-fAg,0,1,0,1,0.3333333433,outer
0,10223,SYnygYs-fAg$_$2,SYnygYs-fAg,0,1,0,1,1.333333373,outer
0,10224,SYnygYs-fAg$_$5,SYnygYs-fAg,0,1,0,1,1.333333373,outer
0,10225,SYnygYs-fAg$_$4,SYnygYs-fAg,0,1,0,1,0.6666666865,outer
0,10226,SYnygYs-fAg$_$7,SYnygYs-fAg,0,1,0,1,0.6666666865,outer
0,10227,SYnygYs-fAg$_$6,SYnygYs-fAg,0,1,0,1,0.3333333433,outer
0,10228,SYnygYs-fAg$_$9,SYnygYs-fAg,0,1,0,1,1.666666627,outer
0,10229,SYnygYs-fAg$_$8,SYnygYs-fAg,0,1,0,1,2,outer
0,10230,SZRxuS6fn9s$_$1,SZRxuS6fn9s,0,0,0,0,-1,inner_train
0,10231,SZRxuS6fn9s$_$3,SZRxuS6fn9s,0,0,0,0,-1.666666627,inner_train
0,10232,SZRxuS6fn9s$_$2,SZRxuS6fn9s,0,0,0,0,-2,inner_train
0,10233,SZRxuS6fn9s$_$4,SZRxuS6fn9s,0,0,0,0,-0.6666666865,inner_train
0,10264,Sir2QeCh4B0$_$1,Sir2QeCh4B0,0,1,0,0,0,inner_train
0,10265,Sir2QeCh4B0$_$0,Sir2QeCh4B0,0,1,0,0,-0.3333333433,inner_train
0,10266,Sir2QeCh4B0$_$3,Sir2QeCh4B0,0,1,0,0,1,inner_train
0,10267,Sir2QeCh4B0$_$2,Sir2QeCh4B0,0,1,0,0,0,inner_train
0,10268,Sir2QeCh4B0$_$5,Sir2QeCh4B0,0,1,0,0,0,inner_train
0,10269,Sir2QeCh4B0$_$4,Sir2QeCh4B0,0,1,0,0,0,inner_train
0,10270,Sir2QeCh4B0$_$6,Sir2QeCh4B0,0,1,0,0,1.333333373,inner_train
0,10271,Sir2QeCh4B0$_$8,Sir2QeCh4B0,0,1,0,0,0,inner_train
0,10284,SqtZGF_f63s$_$6,SqtZGF_f63s,0,0,0,0,1,inner_train
0,10292,StgqrTr0JqU$_$11,StgqrTr0JqU,0,1,0,0,0,inner_train
0,10293,StgqrTr0JqU$_$10,StgqrTr0JqU,0,1,0,0,1.333333373,inner_train
0,10294,StgqrTr0JqU$_$12,StgqrTr0JqU,0,1,0,0,1,inner_train
0,10295,StgqrTr0JqU$_$1,StgqrTr0JqU,0,1,0,0,0,inner_train
0,10296,StgqrTr0JqU$_$0,StgqrTr0JqU,0,1,0,0,0.6666666865,inner_train
0,10297,StgqrTr0JqU$_$3,StgqrTr0JqU,0,1,0,0,0,inner_train
0,10298,StgqrTr0JqU$_$2,StgqrTr0JqU,0,1,0,0,0,inner_train
0,10299,StgqrTr0JqU$_$5,StgqrTr0JqU,0,1,0,0,-1,inner_train
0,10300,StgqrTr0JqU$_$4,StgqrTr0JqU,0,1,0,0,0,inner_train
0,10301,StgqrTr0JqU$_$7,StgqrTr0JqU,0,1,0,0,0,inner_train
0,10302,StgqrTr0JqU$_$6,StgqrTr0JqU,0,1,0,0,0.6666666865,inner_train
0,10303,StgqrTr0JqU$_$9,StgqrTr0JqU,0,1,0,0,0.6666666865,inner_train
0,10304,StgqrTr0JqU$_$8,StgqrTr0JqU,0,1,0,0,0,inner_train
0,10307,SxbTZjZD0vU$_$1,SxbTZjZD0vU,0,0,0,1,-0.3333333433,inner_valid
0,10308,SxbTZjZD0vU$_$0,SxbTZjZD0vU,0,0,0,1,-0.6666666865,inner_valid
0,10309,SxbTZjZD0vU$_$3,SxbTZjZD0vU,0,0,0,1,-1,inner_valid
0,10310,SxbTZjZD0vU$_$2,SxbTZjZD0vU,0,0,0,1,-0.6666666865,inner_valid
0,10311,SxbTZjZD0vU$_$5,SxbTZjZD0vU,0,0,0,1,-0.6666666865,inner_valid
0,10312,SxbTZjZD0vU$_$4,SxbTZjZD0vU,0,0,0,1,0,inner_valid
0,10313,SzJf6viBWBg$_$10,SzJf6viBWBg,0,1,1,0,0.3333333433,outer
0,10314,SzJf6viBWBg$_$2,SzJf6viBWBg,0,1,1,0,0,outer
0,10315,SzJf6viBWBg$_$5,SzJf6viBWBg,0,1,1,0,1,outer
0,10316,SzJf6viBWBg$_$4,SzJf6viBWBg,0,1,1,0,0,outer
0,10317,SzJf6viBWBg$_$7,SzJf6viBWBg,0,1,1,0,0,outer
0,10318,SzJf6viBWBg$_$6,SzJf6viBWBg,0,1,1,0,1,outer
0,10319,T-8TvJcS78w$_$1,T-8TvJcS78w,0,0,0,0,1.333333373,outer
0,10320,T-8TvJcS78w$_$3,T-8TvJcS78w,0,0,0,0,1.666666627,outer
0,10321,T-8TvJcS78w$_$5,T-8TvJcS78w,0,0,0,0,1.333333373,outer
0,10322,T-8TvJcS78w$_$4,T-8TvJcS78w,0,0,0,0,1.333333373,outer
0,10323,T-8TvJcS78w$_$7,T-8TvJcS78w,0,0,0,0,1.333333373,outer
0,10324,T-8TvJcS78w$_$6,T-8TvJcS78w,0,0,0,0,2,outer
0,10325,T-8TvJcS78w$_$9,T-8TvJcS78w,0,0,0,0,1.666666627,outer
0,10359,TBwetweXRb4$_$5,TBwetweXRb4,0,0,0,0,0.3333333433,inner_train
0,10360,TBwetweXRb4$_$4,TBwetweXRb4,0,0,0,0,0,inner_train
0,10361,TBwetweXRb4$_$6,TBwetweXRb4,0,0,0,0,-0.3333333433,inner_train
0,10364,TJelZLbfT2A$_$11,TJelZLbfT2A,0,0,0,0,0.3333333433,inner_train
0,10365,TJelZLbfT2A$_$13,TJelZLbfT2A,0,0,0,0,0.3333333433,inner_train
0,10366,TJelZLbfT2A$_$1,TJelZLbfT2A,0,0,0,0,0.3333333433,inner_train
0,10367,TJelZLbfT2A$_$0,TJelZLbfT2A,0,0,0,0,0.6666666865,inner_train
0,10368,TJelZLbfT2A$_$3,TJelZLbfT2A,0,0,0,0,1.666666627,inner_train
0,10369,TJelZLbfT2A$_$2,TJelZLbfT2A,0,0,0,0,0,inner_train
0,10370,TJelZLbfT2A$_$5,TJelZLbfT2A,0,0,0,0,1.333333373,inner_train
0,10371,TJelZLbfT2A$_$4,TJelZLbfT2A,0,0,0,0,1.333333373,inner_train
0,10372,TJelZLbfT2A$_$7,TJelZLbfT2A,0,0,0,0,0,inner_train
0,10373,TJelZLbfT2A$_$6,TJelZLbfT2A,0,0,0,0,1.666666627,inner_train
0,10374,TJelZLbfT2A$_$8,TJelZLbfT2A,0,0,0,0,1.333333373,inner_train
0,10375,TM7cHOHfF70$_$11,TM7cHOHfF70,0,0,0,0,0,inner_train
0,10376,TM7cHOHfF70$_$13,TM7cHOHfF70,0,0,0,0,0.3333333433,inner_train
0,10377,TM7cHOHfF70$_$22,TM7cHOHfF70,0,0,0,0,1.333333373,inner_train
0,10378,TM7cHOHfF70$_$30,TM7cHOHfF70,0,0,0,0,0.6666666865,inner_train
0,10379,TM7cHOHfF70$_$26,TM7cHOHfF70,0,0,0,0,0.3333333433,inner_train
0,10380,TM7cHOHfF70$_$0,TM7cHOHfF70,0,0,0,0,0,inner_train
0,10381,TM7cHOHfF70$_$5,TM7cHOHfF70,0,0,0,0,-1,inner_train
0,10382,TM7cHOHfF70$_$4,TM7cHOHfF70,0,0,0,0,0,inner_train
0,10383,TM7cHOHfF70$_$6,TM7cHOHfF70,0,0,0,0,-0.3333333433,inner_train
0,10384,TM7cHOHfF70$_$8,TM7cHOHfF70,0,0,0,0,-1,inner_train
0,10402,TSDC7CCyeGY$_$1,TSDC7CCyeGY,0,0,0,0,0.3333333433,inner_train
0,10403,TSDC7CCyeGY$_$3,TSDC7CCyeGY,0,0,0,0,-0.6666666865,inner_train
0,10404,TSDC7CCyeGY$_$2,TSDC7CCyeGY,0,0,0,0,0,inner_train
0,10405,TSDC7CCyeGY$_$5,TSDC7CCyeGY,0,0,0,0,-1,inner_train
0,10406,TSDC7CCyeGY$_$4,TSDC7CCyeGY,0,0,0,0,0.3333333433,inner_train
0,10407,TSDC7CCyeGY$_$6,TSDC7CCyeGY,0,0,0,0,-2,inner_train
0,10417,TUzD45ghy4k$_$0,TUzD45ghy4k,0,0,0,0,1.666666627,inner_train
0,10418,TVhXqAI9gyA$_$1,TVhXqAI9gyA,0,1,0,0,0,inner_train
0,10419,TVhXqAI9gyA$_$13,TVhXqAI9gyA,0,1,0,0,1,inner_train
0,10420,TVhXqAI9gyA$_$2,TVhXqAI9gyA,0,1,0,0,-0.6666666865,inner_train
0,10421,TVhXqAI9gyA$_$14,TVhXqAI9gyA,0,1,0,0,0,inner_train
0,10422,TVhXqAI9gyA$_$7,TVhXqAI9gyA,0,1,0,0,0.3333333433,inner_train
0,10423,TWMFQED1Myk$_$1,TWMFQED1Myk,0,0,1,0,0.6666666865,inner_train
0,10424,TWMFQED1Myk$_$0,TWMFQED1Myk,0,0,1,0,1,inner_train
0,10425,TWMFQED1Myk$_$3,TWMFQED1Myk,0,0,1,0,0,inner_train
0,10426,TWMFQED1Myk$_$2,TWMFQED1Myk,0,0,1,0,0,inner_train
0,10427,TWMFQED1Myk$_$5,TWMFQED1Myk,0,0,1,0,1.333333373,inner_train
0,10428,TWMFQED1Myk$_$4,TWMFQED1Myk,0,0,1,0,0.3333333433,inner_train
0,10429,TWMFQED1Myk$_$7,TWMFQED1Myk,0,0,1,0,0.6666666865,inner_train
0,10430,TWMFQED1Myk$_$6,TWMFQED1Myk,0,0,1,0,1.666666627,inner_train
0,10431,TWMFQED1Myk$_$9,TWMFQED1Myk,0,0,1,0,1.333333373,inner_train
0,10432,TWMFQED1Myk$_$8,TWMFQED1Myk,0,0,1,0,1.333333373,inner_train
0,10433,TWf0XFpXwfs$_$10,TWf0XFpXwfs,0,0,0,0,0.6666666865,outer
0,10434,TWf0XFpXwfs$_$0,TWf0XFpXwfs,0,0,0,0,0,outer
0,10435,TWf0XFpXwfs$_$4,TWf0XFpXwfs,0,0,0,0,0.3333333433,outer
0,10436,TWf0XFpXwfs$_$7,TWf0XFpXwfs,0,0,0,0,0,outer
0,10437,TWf0XFpXwfs$_$6,TWf0XFpXwfs,0,0,0,0,0,outer
0,10440,Ta_IgA3XJ3s$_$13,Ta_IgA3XJ3s,0,1,0,0,1,inner_train
0,10441,Ta_IgA3XJ3s$_$27,Ta_IgA3XJ3s,0,1,0,0,1,inner_train
0,10442,Ta_IgA3XJ3s$_$21,Ta_IgA3XJ3s,0,1,0,0,0.3333333433,inner_train
0,10443,Ta_IgA3XJ3s$_$23,Ta_IgA3XJ3s,0,1,0,0,0.6666666865,inner_train
0,10444,Ta_IgA3XJ3s$_$19,Ta_IgA3XJ3s,0,1,0,0,0,inner_train
0,10445,Ta_IgA3XJ3s$_$2,Ta_IgA3XJ3s,0,1,0,0,0,inner_train
0,10447,TbZPa_keawc$_$11,TbZPa_keawc,0,0,0,0,-0.6666666865,inner_train
0,10448,TbZPa_keawc$_$10,TbZPa_keawc,0,0,0,0,-1,inner_train
0,10449,TbZPa_keawc$_$14,TbZPa_keawc,0,0,0,0,0,inner_train
0,10450,TbZPa_keawc$_$1,TbZPa_keawc,0,0,0,0,0.3333333433,inner_train
0,10451,TbZPa_keawc$_$3,TbZPa_keawc,0,0,0,0,0.6666666865,inner_train
0,10452,TbZPa_keawc$_$8,TbZPa_keawc,0,0,0,0,-0.6666666865,inner_train
0,10455,Te-vgmYgGM4$_$4,Te-vgmYgGM4,0,0,0,0,2,inner_train
0,10456,TfBVq9oWBmM$_$1,TfBVq9oWBmM,0,1,0,0,0.6666666865,inner_train
0,10457,TfBVq9oWBmM$_$2,TfBVq9oWBmM,0,1,0,0,0.6666666865,inner_train
0,10464,TksWzxo81Mk$_$1,TksWzxo81Mk,0,0,0,0,2,inner_train
0,10465,TksWzxo81Mk$_$0,TksWzxo81Mk,0,0,0,0,1.333333373,inner_train
0,10466,TksWzxo81Mk$_$3,TksWzxo81Mk,0,0,0,0,0.6666666865,inner_train
0,10467,TksWzxo81Mk$_$2,TksWzxo81Mk,0,0,0,0,0.3333333433,inner_train
0,10468,TksWzxo81Mk$_$5,TksWzxo81Mk,0,0,0,0,0.6666666865,inner_train
0,10469,TksWzxo81Mk$_$4,TksWzxo81Mk,0,0,0,0,1.666666627,inner_train
0,10470,TksWzxo81Mk$_$7,TksWzxo81Mk,0,0,0,0,2,inner_train
0,10471,TksWzxo81Mk$_$6,TksWzxo81Mk,0,0,0,0,1,inner_train
0,10482,TxJjAK0WrOY$_$10,TxJjAK0WrOY,0,0,1,0,0.3333333433,inner_train
0,10483,TxJjAK0WrOY$_$13,TxJjAK0WrOY,0,0,1,0,0,inner_train
0,10496,U4-u5NZLA_w$_$1,U4-u5NZLA_w,0,1,0,1,0.3333333433,inner_train
0,10497,U4-u5NZLA_w$_$7,U4-u5NZLA_w,0,1,0,1,-1,inner_train
0,10498,U8Ewftg_8CI$_$11,U8Ewftg_8CI,0,0,0,1,1.333333373,inner_valid
0,10499,U8Ewftg_8CI$_$10,U8Ewftg_8CI,0,0,0,1,-1,inner_valid
0,10500,U8Ewftg_8CI$_$13,U8Ewftg_8CI,0,0,0,1,1,inner_valid
0,10501,U8Ewftg_8CI$_$1,U8Ewftg_8CI,0,0,0,1,-1.333333373,inner_valid
0,10502,U8Ewftg_8CI$_$2,U8Ewftg_8CI,0,0,0,1,-0.3333333433,inner_valid
0,10503,U8Ewftg_8CI$_$5,U8Ewftg_8CI,0,0,0,1,0.6666666865,inner_valid
0,10504,U8Ewftg_8CI$_$9,U8Ewftg_8CI,0,0,0,1,0.3333333433,inner_valid
0,10505,U8Ewftg_8CI$_$8,U8Ewftg_8CI,0,0,0,1,1,inner_valid
0,10511,UK_IXtJ2BqI$_$11,UK_IXtJ2BqI,0,1,0,0,1,inner_train
0,10512,UK_IXtJ2BqI$_$10,UK_IXtJ2BqI,0,1,0,0,1.666666627,inner_train
0,10513,UK_IXtJ2BqI$_$13,UK_IXtJ2BqI,0,1,0,0,1.666666627,inner_train
0,10514,UK_IXtJ2BqI$_$12,UK_IXtJ2BqI,0,1,0,0,1.333333373,inner_train
0,10515,UK_IXtJ2BqI$_$15,UK_IXtJ2BqI,0,1,0,0,2.666666746,inner_train
0,10516,UK_IXtJ2BqI$_$14,UK_IXtJ2BqI,0,1,0,0,0.6666666865,inner_train
0,10517,UK_IXtJ2BqI$_$17,UK_IXtJ2BqI,0,1,0,0,1,inner_train
0,10518,UK_IXtJ2BqI$_$16,UK_IXtJ2BqI,0,1,0,0,1,inner_train
0,10519,UK_IXtJ2BqI$_$18,UK_IXtJ2BqI,0,1,0,0,1.333333373,inner_train
0,10520,UK_IXtJ2BqI$_$1,UK_IXtJ2BqI,0,1,0,0,0,inner_train
0,10521,UK_IXtJ2BqI$_$3,UK_IXtJ2BqI,0,1,0,0,0.6666666865,inner_train
0,10522,UK_IXtJ2BqI$_$2,UK_IXtJ2BqI,0,1,0,0,0,inner_train
0,10523,UK_IXtJ2BqI$_$5,UK_IXtJ2BqI,0,1,0,0,0,inner_train
0,10524,UK_IXtJ2BqI$_$4,UK_IXtJ2BqI,0,1,0,0,0,inner_train
0,10525,UK_IXtJ2BqI$_$7,UK_IXtJ2BqI,0,1,0,0,-1,inner_train
0,10526,UK_IXtJ2BqI$_$6,UK_IXtJ2BqI,0,1,0,0,-1,inner_train
0,10527,UK_IXtJ2BqI$_$9,UK_IXtJ2BqI,0,1,0,0,0,inner_train
0,10528,UK_IXtJ2BqI$_$8,UK_IXtJ2BqI,0,1,0,0,-1.333333373,inner_train
0,10529,ULkFbie8g-I$_$1,ULkFbie8g-I,0,1,0,0,-0.6666666865,inner_train
0,10530,ULkFbie8g-I$_$3,ULkFbie8g-I,0,1,0,0,-0.3333333433,inner_train
0,10531,ULkFbie8g-I$_$2,ULkFbie8g-I,0,1,0,0,-0.3333333433,inner_train
0,10538,UPghCarcnMc$_$1,UPghCarcnMc,0,1,0,0,0,inner_train
0,10539,UPghCarcnMc$_$0,UPghCarcnMc,0,1,0,0,0,inner_train
0,10540,UPghCarcnMc$_$3,UPghCarcnMc,0,1,0,0,0.3333333433,inner_train
0,10541,UPghCarcnMc$_$2,UPghCarcnMc,0,1,0,0,0,inner_train
0,10542,UPghCarcnMc$_$5,UPghCarcnMc,0,1,0,0,0,inner_train
0,10543,UPghCarcnMc$_$4,UPghCarcnMc,0,1,0,0,0,inner_train
0,10544,UPghCarcnMc$_$6,UPghCarcnMc,0,1,0,0,0,inner_train
0,10547,UTNP1roJV3I$_$0,UTNP1roJV3I,0,1,1,1,0,inner_train
0,10548,UTNP1roJV3I$_$3,UTNP1roJV3I,0,1,1,1,-0.3333333433,inner_train
0,10549,UTNP1roJV3I$_$2,UTNP1roJV3I,0,1,1,1,0,inner_train
0,10550,UTNP1roJV3I$_$5,UTNP1roJV3I,0,1,1,1,-0.6666666865,inner_train
0,10551,UTNP1roJV3I$_$7,UTNP1roJV3I,0,1,1,1,-0.6666666865,inner_train
0,10596,Uc-0G7RRxoY$_$16,Uc-0G7RRxoY,0,1,0,0,0,inner_train
0,10597,Uc-0G7RRxoY$_$15,Uc-0G7RRxoY,0,1,0,0,1,inner_train
0,10598,Uc-0G7RRxoY$_$6,Uc-0G7RRxoY,0,1,0,0,0.3333333433,inner_train
0,10646,UtuTyW9pUN8$_$1,UtuTyW9pUN8,0,1,0,0,0,outer
0,10647,UtuTyW9pUN8$_$3,UtuTyW9pUN8,0,1,0,0,-0.3333333433,outer
0,10648,UtuTyW9pUN8$_$2,UtuTyW9pUN8,0,1,0,0,0.3333333433,outer
0,10649,UtuTyW9pUN8$_$5,UtuTyW9pUN8,0,1,0,0,-0.3333333433,outer
0,10650,UtuTyW9pUN8$_$4,UtuTyW9pUN8,0,1,0,0,-0.6666666865,outer
0,10651,UtuTyW9pUN8$_$7,UtuTyW9pUN8,0,1,0,0,0.6666666865,outer
0,10652,UtuTyW9pUN8$_$6,UtuTyW9pUN8,0,1,0,0,0,outer
0,10653,UtuTyW9pUN8$_$9,UtuTyW9pUN8,0,1,0,0,0,outer
0,10654,UuR4Rw38v_U$_$1,UuR4Rw38v_U,0,1,1,0,-1,inner_train
0,10655,UuR4Rw38v_U$_$3,UuR4Rw38v_U,0,1,1,0,0,inner_train
0,10656,UuR4Rw38v_U$_$5,UuR4Rw38v_U,0,1,1,0,0,inner_train
0,10657,Uw1nWfSuyo8$_$2,Uw1nWfSuyo8,0,1,0,0,0.3333333433,outer
0,10658,Uw1nWfSuyo8$_$6,Uw1nWfSuyo8,0,1,0,0,0.6666666865,outer
0,10660,VA6lVHlj5d0$_$1,VA6lVHlj5d0,0,0,0,0,0,inner_valid
0,10661,VA6lVHlj5d0$_$0,VA6lVHlj5d0,0,0,0,0,1.333333373,inner_valid
0,10662,VA6lVHlj5d0$_$3,VA6lVHlj5d0,0,0,0,0,1,inner_valid
0,10663,VA6lVHlj5d0$_$2,VA6lVHlj5d0,0,0,0,0,1,inner_valid
0,10664,VA6lVHlj5d0$_$5,VA6lVHlj5d0,0,0,0,0,0.6666666865,inner_valid
0,10665,VA6lVHlj5d0$_$4,VA6lVHlj5d0,0,0,0,0,0,inner_valid
0,10666,VA6lVHlj5d0$_$6,VA6lVHlj5d0,0,0,0,0,0.6666666865,inner_valid
0,10670,VAr7gJydnys$_$11,VAr7gJydnys,0,1,0,1,0,outer
0,10671,VAr7gJydnys$_$10,VAr7gJydnys,0,1,0,1,-0.6666666865,outer
0,10672,VAr7gJydnys$_$13,VAr7gJydnys,0,1,0,1,0,outer
0,10673,VAr7gJydnys$_$12,VAr7gJydnys,0,1,0,1,0.3333333433,outer
0,10674,VAr7gJydnys$_$17,VAr7gJydnys,0,1,0,1,0.6666666865,outer
0,10675,VAr7gJydnys$_$16,VAr7gJydnys,0,1,0,1,0.3333333433,outer
0,10676,VAr7gJydnys$_$19,VAr7gJydnys,0,1,0,1,0,outer
0,10677,VAr7gJydnys$_$18,VAr7gJydnys,0,1,0,1,0.3333333433,outer
0,10678,VAr7gJydnys$_$1,VAr7gJydnys,0,1,0,1,-1.333333373,outer
0,10679,VAr7gJydnys$_$0,VAr7gJydnys,0,1,0,1,1,outer
0,10680,VAr7gJydnys$_$3,VAr7gJydnys,0,1,0,1,0,outer
0,10681,VAr7gJydnys$_$2,VAr7gJydnys,0,1,0,1,-1,outer
0,10682,VAr7gJydnys$_$5,VAr7gJydnys,0,1,0,1,-0.6666666865,outer
0,10683,VAr7gJydnys$_$4,VAr7gJydnys,0,1,0,1,0.3333333433,outer
0,10684,VAr7gJydnys$_$7,VAr7gJydnys,0,1,0,1,0,outer
0,10685,VAr7gJydnys$_$6,VAr7gJydnys,0,1,0,1,1,outer
0,10686,VAr7gJydnys$_$9,VAr7gJydnys,0,1,0,1,0,outer
0,10687,VAr7gJydnys$_$8,VAr7gJydnys,0,1,0,1,0,outer
0,10689,VDjnKdFxuBE$_$0,VDjnKdFxuBE,0,0,0,0,2.666666746,inner_train
0,10690,VN1IPN1TL3Q$_$0,VN1IPN1TL3Q,0,0,0,0,-1.333333373,inner_train
0,10691,VN1IPN1TL3Q$_$5,VN1IPN1TL3Q,0,0,0,0,-1.666666627,inner_train
0,10692,VN1IPN1TL3Q$_$6,VN1IPN1TL3Q,0,0,0,0,0.3333333433,inner_train
0,10693,VUrTT7xsrec$_$1,VUrTT7xsrec,0,1,0,0,1,inner_train
0,10694,VUrTT7xsrec$_$4,VUrTT7xsrec,0,1,0,0,0.6666666865,inner_train
0,10695,VUrTT7xsrec$_$7,VUrTT7xsrec,0,1,0,0,0.3333333433,inner_train
0,10696,VVZLA2neYyw$_$1,VVZLA2neYyw,0,0,0,0,0.3333333433,inner_train
0,10697,VVZLA2neYyw$_$3,VVZLA2neYyw,0,0,0,0,1,inner_train
0,10698,VVZLA2neYyw$_$2,VVZLA2neYyw,0,0,0,0,0.3333333433,inner_train
0,10699,VWik5oKP6IU$_$10,VWik5oKP6IU,0,0,0,1,-1,inner_train
0,10700,VWik5oKP6IU$_$1,VWik5oKP6IU,0,0,0,1,0,inner_train
0,10701,VWik5oKP6IU$_$0,VWik5oKP6IU,0,0,0,1,-1,inner_train
0,10702,VWik5oKP6IU$_$3,VWik5oKP6IU,0,0,0,1,0.3333333433,inner_train
0,10703,VWik5oKP6IU$_$5,VWik5oKP6IU,0,0,0,1,0,inner_train
0,10704,VWik5oKP6IU$_$7,VWik5oKP6IU,0,0,0,1,-0.3333333433,inner_train
0,10705,VWik5oKP6IU$_$6,VWik5oKP6IU,0,0,0,1,0,inner_train
0,10706,VWik5oKP6IU$_$9,VWik5oKP6IU,0,0,0,1,-1.333333373,inner_train
0,10707,VWik5oKP6IU$_$8,VWik5oKP6IU,0,0,0,1,-0.6666666865,inner_train
0,10718,Va54WZgPTdY$_$3,Va54WZgPTdY,0,0,0,1,-1.666666627,inner_train
0,10719,Va54WZgPTdY$_$5,Va54WZgPTdY,0,0,0,1,-2.666666746,inner_train
0,10720,Va54WZgPTdY$_$4,Va54WZgPTdY,0,0,0,1,-1.333333373,inner_train
0,10721,Va54WZgPTdY$_$7,Va54WZgPTdY,0,0,0,1,0.3333333433,inner_train
0,10722,Va54WZgPTdY$_$6,Va54WZgPTdY,0,0,0,1,-2,inner_train
0,10723,VbSsGRXIwjc$_$2,VbSsGRXIwjc,0,1,0,0,1.666666627,inner_train
0,10724,VbSsGRXIwjc$_$6,VbSsGRXIwjc,0,1,0,0,2.333333254,inner_train
0,10726,VcZffwwL0bw$_$3,VcZffwwL0bw,0,0,0,0,0.6666666865,inner_train
0,10727,VcZffwwL0bw$_$2,VcZffwwL0bw,0,0,0,0,1.333333373,inner_train
0,10728,VcZffwwL0bw$_$5,VcZffwwL0bw,0,0,0,0,0,inner_train
0,10729,VcZffwwL0bw$_$4,VcZffwwL0bw,0,0,0,0,0.6666666865,inner_train
0,10730,VcZffwwL0bw$_$6,VcZffwwL0bw,0,0,0,0,1.666666627,inner_train
0,10731,VcZffwwL0bw$_$9,VcZffwwL0bw,0,0,0,0,1.666666627,inner_train
0,10732,VcZffwwL0bw$_$8,VcZffwwL0bw,0,0,0,0,0.6666666865,inner_train
0,10733,Ve-mmCM8TI0$_$11,Ve-mmCM8TI0,0,0,0,0,0,inner_train
0,10734,Ve-mmCM8TI0$_$15,Ve-mmCM8TI0,0,0,0,0,0,inner_train
0,10735,Ve-mmCM8TI0$_$14,Ve-mmCM8TI0,0,0,0,0,0,inner_train
0,10736,Ve-mmCM8TI0$_$3,Ve-mmCM8TI0,0,0,0,0,0,inner_train
0,10737,Ve-mmCM8TI0$_$2,Ve-mmCM8TI0,0,0,0,0,0,inner_train
0,10738,Ve-mmCM8TI0$_$5,Ve-mmCM8TI0,0,0,0,0,0,inner_train
0,10739,Ve-mmCM8TI0$_$4,Ve-mmCM8TI0,0,0,0,0,0,inner_train
0,10740,Ve-mmCM8TI0$_$7,Ve-mmCM8TI0,0,0,0,0,0.3333333433,inner_train
0,10741,Ve-mmCM8TI0$_$6,Ve-mmCM8TI0,0,0,0,0,-1,inner_train
0,10742,Ve-mmCM8TI0$_$9,Ve-mmCM8TI0,0,0,0,0,0,inner_train
0,10747,VhKJm_jiciU$_$11,VhKJm_jiciU,0,1,0,0,0.6666666865,inner_train
0,10748,VhKJm_jiciU$_$10,VhKJm_jiciU,0,1,0,0,1.333333373,inner_train
0,10749,VhKJm_jiciU$_$3,VhKJm_jiciU,0,1,0,0,-0.3333333433,inner_train
0,10750,VhKJm_jiciU$_$4,VhKJm_jiciU,0,1,0,0,0,inner_train
0,10751,VhKJm_jiciU$_$6,VhKJm_jiciU,0,1,0,0,0.6666666865,inner_train
0,10752,VhKJm_jiciU$_$9,VhKJm_jiciU,0,1,0,0,0.3333333433,inner_train
0,10763,VugBIVwSmaI$_$0,VugBIVwSmaI,0,0,0,0,0,inner_train
0,10770,Vw4-ae-ucHE$_$0,Vw4-ae-ucHE,0,0,0,0,-0.3333333433,inner_train
0,10771,Vw4-ae-ucHE$_$3,Vw4-ae-ucHE,0,0,0,0,0.3333333433,inner_train
0,10772,Vw4-ae-ucHE$_$2,Vw4-ae-ucHE,0,0,0,0,0.6666666865,inner_train
0,10773,Vw4-ae-ucHE$_$6,Vw4-ae-ucHE,0,0,0,0,-0.6666666865,inner_train
0,10774,Vx8npmcFxak$_$1,Vx8npmcFxak,0,1,0,0,-1.333333373,inner_valid
0,10775,Vx8npmcFxak$_$3,Vx8npmcFxak,0,1,0,0,2.333333254,inner_valid
0,10776,Vx8npmcFxak$_$5,Vx8npmcFxak,0,1,0,0,2,inner_valid
0,10777,Vx8npmcFxak$_$4,Vx8npmcFxak,0,1,0,0,1.333333373,inner_valid
0,10778,Vx8npmcFxak$_$7,Vx8npmcFxak,0,1,0,0,1.666666627,inner_valid
0,10779,Vx8npmcFxak$_$6,Vx8npmcFxak,0,1,0,0,2,inner_valid
0,10780,Vx8npmcFxak$_$8,Vx8npmcFxak,0,1,0,0,2.333333254,inner_valid
0,10794,W-pA0lOGLR0$_$0,W-pA0lOGLR0,0,1,0,1,1,inner_train
0,10795,W-pA0lOGLR0$_$3,W-pA0lOGLR0,0,1,0,1,1.333333373,inner_train
0,10796,W-pA0lOGLR0$_$2,W-pA0lOGLR0,0,1,0,1,0.6666666865,inner_train
0,10797,W-pA0lOGLR0$_$5,W-pA0lOGLR0,0,1,0,1,0.3333333433,inner_train
0,10798,W-pA0lOGLR0$_$4,W-pA0lOGLR0,0,1,0,1,0.6666666865,inner_train
0,10799,W-pA0lOGLR0$_$6,W-pA0lOGLR0,0,1,0,1,0.3333333433,inner_train
0,10800,W-pA0lOGLR0$_$9,W-pA0lOGLR0,0,1,0,1,0,inner_train
0,10812,W-q9bPlMIVI$_$11,W-q9bPlMIVI,0,1,0,0,1,inner_train
0,10813,W-q9bPlMIVI$_$10,W-q9bPlMIVI,0,1,0,0,0.6666666865,inner_train
0,10814,W-q9bPlMIVI$_$13,W-q9bPlMIVI,0,1,0,0,0.6666666865,inner_train
0,10815,W-q9bPlMIVI$_$12,W-q9bPlMIVI,0,1,0,0,0,inner_train
0,10816,W-q9bPlMIVI$_$14,W-q9bPlMIVI,0,1,0,0,0,inner_train
0,10817,W-q9bPlMIVI$_$1,W-q9bPlMIVI,0,1,0,0,0,inner_train
0,10818,W-q9bPlMIVI$_$0,W-q9bPlMIVI,0,1,0,0,0.3333333433,inner_train
0,10819,W-q9bPlMIVI$_$3,W-q9bPlMIVI,0,1,0,0,1,inner_train
0,10820,W-q9bPlMIVI$_$2,W-q9bPlMIVI,0,1,0,0,1,inner_train
0,10821,W-q9bPlMIVI$_$5,W-q9bPlMIVI,0,1,0,0,0,inner_train
0,10822,W-q9bPlMIVI$_$4,W-q9bPlMIVI,0,1,0,0,0.6666666865,inner_train
0,10823,W-q9bPlMIVI$_$7,W-q9bPlMIVI,0,1,0,0,0.6666666865,inner_train
0,10824,W-q9bPlMIVI$_$6,W-q9bPlMIVI,0,1,0,0,1,inner_train
0,10825,W-q9bPlMIVI$_$9,W-q9bPlMIVI,0,1,0,0,0.6666666865,inner_train
0,10826,W-q9bPlMIVI$_$8,W-q9bPlMIVI,0,1,0,0,0.6666666865,inner_train
0,10827,W40BaML7mzc$_$1,W40BaML7mzc,0,0,0,0,1.666666627,inner_train
0,10828,W40BaML7mzc$_$0,W40BaML7mzc,0,0,0,0,1,inner_train
0,10829,W40BaML7mzc$_$7,W40BaML7mzc,0,0,0,0,2,inner_train
0,10844,WAXJRnJXmOA$_$10,WAXJRnJXmOA,0,1,0,0,-1.333333373,outer
0,10845,WAXJRnJXmOA$_$12,WAXJRnJXmOA,0,1,0,0,0,outer
0,10846,WAXJRnJXmOA$_$15,WAXJRnJXmOA,0,1,0,0,1,outer
0,10847,WAXJRnJXmOA$_$17,WAXJRnJXmOA,0,1,0,0,0.6666666865,outer
0,10848,WAXJRnJXmOA$_$18,WAXJRnJXmOA,0,1,0,0,0.6666666865,outer
0,10849,WAXJRnJXmOA$_$0,WAXJRnJXmOA,0,1,0,0,-1,outer
0,10850,WAXJRnJXmOA$_$2,WAXJRnJXmOA,0,1,0,0,0.3333333433,outer
0,10851,WAXJRnJXmOA$_$5,WAXJRnJXmOA,0,1,0,0,0.3333333433,outer
0,10856,WGfGxoI05ew$_$1,WGfGxoI05ew,0,1,0,0,2.333333254,inner_train
0,10857,WGfGxoI05ew$_$3,WGfGxoI05ew,0,1,0,0,2,inner_train
0,10858,WHUHTmtBJWU$_$16,WHUHTmtBJWU,0,0,1,0,0,outer
0,10859,WHUHTmtBJWU$_$14,WHUHTmtBJWU,0,0,1,0,0,outer
0,10860,WHUHTmtBJWU$_$6,WHUHTmtBJWU,0,0,1,0,0.6666666865,outer
0,10864,WMzvDL7b4sM$_$1,WMzvDL7b4sM,0,1,0,0,0.3333333433,inner_train
0,10865,WMzvDL7b4sM$_$0,WMzvDL7b4sM,0,1,0,0,0.6666666865,inner_train
0,10866,WMzvDL7b4sM$_$3,WMzvDL7b4sM,0,1,0,0,-0.6666666865,inner_train
0,10867,WMzvDL7b4sM$_$2,WMzvDL7b4sM,0,1,0,0,0,inner_train
0,10868,WMzvDL7b4sM$_$4,WMzvDL7b4sM,0,1,0,0,-0.6666666865,inner_train
0,10869,WSjlhBDxNW8$_$1,WSjlhBDxNW8,0,0,0,1,0.3333333433,inner_train
0,10870,WSjlhBDxNW8$_$0,WSjlhBDxNW8,0,0,0,1,1,inner_train
0,10871,WSjlhBDxNW8$_$3,WSjlhBDxNW8,0,0,0,1,0.6666666865,inner_train
0,10872,WSjlhBDxNW8$_$2,WSjlhBDxNW8,0,0,0,1,1.333333373,inner_train
0,10873,WSjlhBDxNW8$_$7,WSjlhBDxNW8,0,0,0,1,1,inner_train
0,10874,WSjlhBDxNW8$_$9,WSjlhBDxNW8,0,0,0,1,3,inner_train
0,10885,WUeSV0Z23Kg$_$1,WUeSV0Z23Kg,0,0,0,1,-0.3333333433,inner_train
0,10886,WUeSV0Z23Kg$_$2,WUeSV0Z23Kg,0,0,0,1,-0.6666666865,inner_train
0,10887,WXKgBIiP8IA$_$10,WXKgBIiP8IA,0,0,0,0,0,inner_train
0,10888,WXKgBIiP8IA$_$1,WXKgBIiP8IA,0,0,0,0,0.3333333433,inner_train
0,10889,WXKgBIiP8IA$_$0,WXKgBIiP8IA,0,0,0,0,0,inner_train
0,10890,WXKgBIiP8IA$_$3,WXKgBIiP8IA,0,0,0,0,-0.6666666865,inner_train
0,10891,WXKgBIiP8IA$_$2,WXKgBIiP8IA,0,0,0,0,1.333333373,inner_train
0,10892,WXKgBIiP8IA$_$5,WXKgBIiP8IA,0,0,0,0,0.3333333433,inner_train
0,10893,WXKgBIiP8IA$_$4,WXKgBIiP8IA,0,0,0,0,0,inner_train
0,10894,WXKgBIiP8IA$_$7,WXKgBIiP8IA,0,0,0,0,1,inner_train
0,10895,WXKgBIiP8IA$_$6,WXKgBIiP8IA,0,0,0,0,0,inner_train
0,10896,WXKgBIiP8IA$_$9,WXKgBIiP8IA,0,0,0,0,0.6666666865,inner_train
0,10897,WXKgBIiP8IA$_$8,WXKgBIiP8IA,0,0,0,0,0,inner_train
0,10904,We5nTulz1Vs$_$1,We5nTulz1Vs,0,0,0,0,-0.6666666865,inner_train
0,10905,We5nTulz1Vs$_$0,We5nTulz1Vs,0,0,0,0,0,inner_train
0,10906,We5nTulz1Vs$_$5,We5nTulz1Vs,0,0,0,0,-0.6666666865,inner_train
0,10907,We5nTulz1Vs$_$4,We5nTulz1Vs,0,0,0,0,-0.6666666865,inner_train
0,10908,Wfn7XvSEwUA$_$10,Wfn7XvSEwUA,0,1,1,0,-1.666666627,inner_train
0,10909,Wfn7XvSEwUA$_$1,Wfn7XvSEwUA,0,1,1,0,0,inner_train
0,10910,Wfn7XvSEwUA$_$0,Wfn7XvSEwUA,0,1,1,0,1.333333373,inner_train
0,10911,Wfn7XvSEwUA$_$3,Wfn7XvSEwUA,0,1,1,0,0.3333333433,inner_train
0,10912,Wfn7XvSEwUA$_$4,Wfn7XvSEwUA,0,1,1,0,0,inner_train
0,10913,Wfn7XvSEwUA$_$7,Wfn7XvSEwUA,0,1,1,0,0.3333333433,inner_train
0,10914,Wfn7XvSEwUA$_$9,Wfn7XvSEwUA,0,1,1,0,0.3333333433,inner_train
0,10915,Wfn7XvSEwUA$_$8,Wfn7XvSEwUA,0,1,1,0,0.6666666865,inner_train
0,10916,Wh6sht7xwqQ$_$11,Wh6sht7xwqQ,0,1,0,0,0.6666666865,inner_train
0,10917,Wh6sht7xwqQ$_$10,Wh6sht7xwqQ,0,1,0,0,0.6666666865,inner_train
0,10918,Wh6sht7xwqQ$_$12,Wh6sht7xwqQ,0,1,0,0,0.3333333433,inner_train
0,10919,Wh6sht7xwqQ$_$1,Wh6sht7xwqQ,0,1,0,0,-1.333333373,inner_train
0,10920,Wh6sht7xwqQ$_$0,Wh6sht7xwqQ,0,1,0,0,0.3333333433,inner_train
0,10921,Wh6sht7xwqQ$_$3,Wh6sht7xwqQ,0,1,0,0,-0.3333333433,inner_train
0,10922,Wh6sht7xwqQ$_$2,Wh6sht7xwqQ,0,1,0,0,0.3333333433,inner_train
0,10923,Wh6sht7xwqQ$_$5,Wh6sht7xwqQ,0,1,0,0,0.3333333433,inner_train
0,10924,Wh6sht7xwqQ$_$4,Wh6sht7xwqQ,0,1,0,0,0,inner_train
0,10925,Wh6sht7xwqQ$_$7,Wh6sht7xwqQ,0,1,0,0,1.666666627,inner_train
0,10926,Wh6sht7xwqQ$_$6,Wh6sht7xwqQ,0,1,0,0,1.333333373,inner_train
0,10927,Wh6sht7xwqQ$_$9,Wh6sht7xwqQ,0,1,0,0,-1.666666627,inner_train
0,10928,Wn8nz8GPKkI$_$1,Wn8nz8GPKkI,0,0,0,0,-0.3333333433,inner_train
0,10929,Wn8nz8GPKkI$_$0,Wn8nz8GPKkI,0,0,0,0,0.3333333433,inner_train
0,10930,Wn8nz8GPKkI$_$7,Wn8nz8GPKkI,0,0,0,0,1,inner_train
0,10931,Wnw1IAEDwDM$_$8,Wnw1IAEDwDM,0,0,0,0,0.6666666865,outer
0,10932,Wnw1IAEDwDM$_$6,Wnw1IAEDwDM,0,0,0,0,0.6666666865,outer
0,10933,Wnw1IAEDwDM$_$0,Wnw1IAEDwDM,0,0,0,0,0,outer
0,10934,Wo1RxRjXyYw$_$1,Wo1RxRjXyYw,0,0,0,0,1.666666627,inner_valid
0,10935,Wo1RxRjXyYw$_$0,Wo1RxRjXyYw,0,0,0,0,1.333333373,inner_valid
0,10936,Wo1RxRjXyYw$_$3,Wo1RxRjXyYw,0,0,0,0,0.3333333433,inner_valid
0,10937,Wo1RxRjXyYw$_$2,Wo1RxRjXyYw,0,0,0,0,0.3333333433,inner_valid
0,10938,Wo1RxRjXyYw$_$4,Wo1RxRjXyYw,0,0,0,0,0,inner_valid
0,10939,Wo1RxRjXyYw$_$6,Wo1RxRjXyYw,0,0,0,0,0,inner_valid
0,10940,Wo1RxRjXyYw$_$8,Wo1RxRjXyYw,0,0,0,0,0.3333333433,inner_valid
0,10946,WtiBpLt2wuA$_$2,WtiBpLt2wuA,0,1,0,1,0,inner_train
0,10947,Wx9nThz5z_Y$_$31,Wx9nThz5z_Y,0,1,0,0,0,outer
0,10948,Wx9nThz5z_Y$_$43,Wx9nThz5z_Y,0,1,0,0,0,outer
0,10949,Wx9nThz5z_Y$_$4,Wx9nThz5z_Y,0,1,0,0,1,outer
0,10952,WygyVNL_qdE$_$1,WygyVNL_qdE,0,1,0,1,1.666666627,outer
0,10953,WygyVNL_qdE$_$0,WygyVNL_qdE,0,1,0,1,2,outer
0,10954,WygyVNL_qdE$_$3,WygyVNL_qdE,0,1,0,1,0,outer
0,10955,WygyVNL_qdE$_$2,WygyVNL_qdE,0,1,0,1,1.666666627,outer
0,10956,WygyVNL_qdE$_$4,WygyVNL_qdE,0,1,0,1,1.333333373,outer
0,10957,WygyVNL_qdE$_$7,WygyVNL_qdE,0,1,0,1,-0.3333333433,outer
0,10958,X0jMZoxUL2A$_$11,X0jMZoxUL2A,0,1,1,0,0.6666666865,inner_train
0,10959,X0jMZoxUL2A$_$10,X0jMZoxUL2A,0,1,1,0,0.6666666865,inner_train
0,10960,X0jMZoxUL2A$_$0,X0jMZoxUL2A,0,1,1,0,-0.3333333433,inner_train
0,10961,X0jMZoxUL2A$_$3,X0jMZoxUL2A,0,1,1,0,0.6666666865,inner_train
0,10962,X0jMZoxUL2A$_$2,X0jMZoxUL2A,0,1,1,0,1.666666627,inner_train
0,10963,X0jMZoxUL2A$_$5,X0jMZoxUL2A,0,1,1,0,1.666666627,inner_train
0,10964,X0jMZoxUL2A$_$4,X0jMZoxUL2A,0,1,1,0,0.3333333433,inner_train
0,10965,X0jMZoxUL2A$_$7,X0jMZoxUL2A,0,1,1,0,1,inner_train
0,10966,X0jMZoxUL2A$_$6,X0jMZoxUL2A,0,1,1,0,-0.3333333433,inner_train
0,10967,X0jMZoxUL2A$_$9,X0jMZoxUL2A,0,1,1,0,1.333333373,inner_train
0,10968,X0jMZoxUL2A$_$8,X0jMZoxUL2A,0,1,1,0,1.333333373,inner_train
0,10969,X2leyjuolDM$_$14,X2leyjuolDM,0,0,1,0,1.333333373,inner_train
0,10970,X2leyjuolDM$_$1,X2leyjuolDM,0,0,1,0,0.3333333433,inner_train
0,10971,X2leyjuolDM$_$3,X2leyjuolDM,0,0,1,0,0.6666666865,inner_train
0,10972,X2leyjuolDM$_$5,X2leyjuolDM,0,0,1,0,1.666666627,inner_train
0,10973,X2leyjuolDM$_$7,X2leyjuolDM,0,0,1,0,1,inner_train
0,10974,X2leyjuolDM$_$6,X2leyjuolDM,0,0,1,0,1,inner_train
0,10975,X2leyjuolDM$_$8,X2leyjuolDM,0,0,1,0,0.6666666865,inner_train
0,10992,XAT2IfFFAU0$_$3,XAT2IfFFAU0,0,0,0,0,0,inner_train
0,10993,XAT2IfFFAU0$_$2,XAT2IfFFAU0,0,0,0,0,0,inner_train
0,10994,XAT2IfFFAU0$_$5,XAT2IfFFAU0,0,0,0,0,2,inner_train
0,10995,XAT2IfFFAU0$_$4,XAT2IfFFAU0,0,0,0,0,-1.333333373,inner_train
0,10996,XAT2IfFFAU0$_$7,XAT2IfFFAU0,0,0,0,0,0.6666666865,inner_train
0,10997,XAT2IfFFAU0$_$8,XAT2IfFFAU0,0,0,0,0,0,inner_train
0,11005,XAgD-xoil40$_$12,XAgD-xoil40,0,1,0,1,0,inner_train
0,11006,XAgD-xoil40$_$15,XAgD-xoil40,0,1,0,1,0,inner_train
0,11007,XAgD-xoil40$_$14,XAgD-xoil40,0,1,0,1,0,inner_train
0,11008,XAgD-xoil40$_$16,XAgD-xoil40,0,1,0,1,0,inner_train
0,11009,XAgD-xoil40$_$2,XAgD-xoil40,0,1,0,1,0,inner_train
0,11010,XAgD-xoil40$_$5,XAgD-xoil40,0,1,0,1,0.3333333433,inner_train
0,11011,XCyngF93SmU$_$0,XCyngF93SmU,0,0,0,0,0,inner_train
0,11012,XCyngF93SmU$_$3,XCyngF93SmU,0,0,0,0,0,inner_train
0,11013,XCyngF93SmU$_$2,XCyngF93SmU,0,0,0,0,0,inner_train
0,11014,XCyngF93SmU$_$5,XCyngF93SmU,0,0,0,0,0,inner_train
0,11015,XCyngF93SmU$_$4,XCyngF93SmU,0,0,0,0,0,inner_train
0,11016,XCyngF93SmU$_$6,XCyngF93SmU,0,0,0,0,0,inner_train
0,11017,XDVkhOziCkg$_$1,XDVkhOziCkg,0,0,0,1,1.333333373,inner_train
0,11018,XDVkhOziCkg$_$0,XDVkhOziCkg,0,0,0,1,2.333333254,inner_train
0,11019,XDVkhOziCkg$_$2,XDVkhOziCkg,0,0,0,1,1.666666627,inner_train
0,11035,XFJQJb0yaKY$_$0,XFJQJb0yaKY,0,0,0,0,1,inner_train
0,11036,XFJQJb0yaKY$_$2,XFJQJb0yaKY,0,0,0,0,0,inner_train
0,11045,XQOUZhWI1B0$_$1,XQOUZhWI1B0,0,0,0,0,-2,inner_train
0,11046,XQOUZhWI1B0$_$0,XQOUZhWI1B0,0,0,0,0,-3,inner_train
0,11047,XQOUZhWI1B0$_$3,XQOUZhWI1B0,0,0,0,0,-3,inner_train
0,11048,XQOUZhWI1B0$_$2,XQOUZhWI1B0,0,0,0,0,-1.333333373,inner_train
0,11049,XQOUZhWI1B0$_$4,XQOUZhWI1B0,0,0,0,0,-2,inner_train
0,11050,XQxnAPleuCE$_$0,XQxnAPleuCE,0,1,0,0,0,inner_train
0,11051,XQxnAPleuCE$_$3,XQxnAPleuCE,0,1,0,0,0.6666666865,inner_train
0,11058,XXvSLz8QmGk$_$11,XXvSLz8QmGk,0,0,0,0,2,inner_train
0,11059,XXvSLz8QmGk$_$10,XXvSLz8QmGk,0,0,0,0,1.666666627,inner_train
0,11060,XXvSLz8QmGk$_$13,XXvSLz8QmGk,0,0,0,0,0.6666666865,inner_train
0,11061,XXvSLz8QmGk$_$15,XXvSLz8QmGk,0,0,0,0,2,inner_train
0,11062,XXvSLz8QmGk$_$14,XXvSLz8QmGk,0,0,0,0,1.333333373,inner_train
0,11063,XXvSLz8QmGk$_$1,XXvSLz8QmGk,0,0,0,0,1,inner_train
0,11064,XXvSLz8QmGk$_$0,XXvSLz8QmGk,0,0,0,0,1.666666627,inner_train
0,11065,XXvSLz8QmGk$_$3,XXvSLz8QmGk,0,0,0,0,0.3333333433,inner_train
0,11066,XXvSLz8QmGk$_$4,XXvSLz8QmGk,0,0,0,0,-1,inner_train
0,11067,XXvSLz8QmGk$_$7,XXvSLz8QmGk,0,0,0,0,2,inner_train
0,11068,XXvSLz8QmGk$_$9,XXvSLz8QmGk,0,0,0,0,1,inner_train
0,11069,XblL7mcdDdg$_$11,XblL7mcdDdg,0,0,0,0,-1.333333373,inner_train
0,11070,XblL7mcdDdg$_$18,XblL7mcdDdg,0,0,0,0,0.3333333433,inner_train
0,11071,XblL7mcdDdg$_$13,XblL7mcdDdg,0,0,0,0,0.6666666865,inner_train
0,11072,XblL7mcdDdg$_$20,XblL7mcdDdg,0,0,0,0,-0.6666666865,inner_train
0,11073,XblL7mcdDdg$_$0,XblL7mcdDdg,0,0,0,0,0,inner_train
0,11082,Xe-keAcLge0$_$2,Xe-keAcLge0,0,0,0,0,0,inner_train
0,11083,Xe-keAcLge0$_$5,Xe-keAcLge0,0,0,0,0,0,inner_train
0,11084,XgT2WWcXip4$_$10,XgT2WWcXip4,0,0,1,0,0.3333333433,inner_train
0,11085,XgT2WWcXip4$_$0,XgT2WWcXip4,0,0,1,0,0,inner_train
0,11086,XgT2WWcXip4$_$7,XgT2WWcXip4,0,0,1,0,0,inner_train
0,11087,XgT2WWcXip4$_$8,XgT2WWcXip4,0,0,1,0,0.3333333433,inner_train
0,11088,Xo6-V2RlWss$_$1,Xo6-V2RlWss,0,0,0,0,2.666666746,inner_train
0,11089,Xo6-V2RlWss$_$0,Xo6-V2RlWss,0,0,0,0,1.666666627,inner_train
0,11090,Xo6-V2RlWss$_$2,Xo6-V2RlWss,0,0,0,0,1.333333373,inner_train
0,11091,Xo6-V2RlWss$_$4,Xo6-V2RlWss,0,0,0,0,1.333333373,inner_train
0,11092,Xq7zLxYHxd8$_$11,Xq7zLxYHxd8,0,1,0,0,1,inner_train
0,11093,Xq7zLxYHxd8$_$10,Xq7zLxYHxd8,0,1,0,0,0,inner_train
0,11094,Xq7zLxYHxd8$_$0,Xq7zLxYHxd8,0,1,0,0,0,inner_train
0,11095,Xq7zLxYHxd8$_$3,Xq7zLxYHxd8,0,1,0,0,-0.6666666865,inner_train
0,11096,Xq7zLxYHxd8$_$2,Xq7zLxYHxd8,0,1,0,0,0,inner_train
0,11097,Xq7zLxYHxd8$_$4,Xq7zLxYHxd8,0,1,0,0,-0.6666666865,inner_train
0,11098,Xq7zLxYHxd8$_$8,Xq7zLxYHxd8,0,1,0,0,-0.3333333433,inner_train
0,11101,XwOdPYlyqXA$_$12,XwOdPYlyqXA,0,1,0,1,0.6666666865,inner_train
0,11102,XwOdPYlyqXA$_$4,XwOdPYlyqXA,0,1,0,1,0,inner_train
0,11103,XwOdPYlyqXA$_$7,XwOdPYlyqXA,0,1,0,1,0,inner_train
0,11113,XyBU_gZtU0M$_$11,XyBU_gZtU0M,0,0,1,0,0.6666666865,inner_train
0,11114,XyBU_gZtU0M$_$10,XyBU_gZtU0M,0,0,1,0,0,inner_train
0,11115,XyBU_gZtU0M$_$13,XyBU_gZtU0M,0,0,1,0,-1,inner_train
0,11116,XyBU_gZtU0M$_$12,XyBU_gZtU0M,0,0,1,0,0,inner_train
0,11117,XyBU_gZtU0M$_$15,XyBU_gZtU0M,0,0,1,0,0,inner_train
0,11118,XyBU_gZtU0M$_$14,XyBU_gZtU0M,0,0,1,0,-1.333333373,inner_train
0,11119,XyBU_gZtU0M$_$17,XyBU_gZtU0M,0,0,1,0,-0.6666666865,inner_train
0,11120,XyBU_gZtU0M$_$16,XyBU_gZtU0M,0,0,1,0,0,inner_train
0,11121,XyBU_gZtU0M$_$19,XyBU_gZtU0M,0,0,1,0,0,inner_train
0,11122,XyBU_gZtU0M$_$18,XyBU_gZtU0M,0,0,1,0,-0.6666666865,inner_train
0,11123,XyBU_gZtU0M$_$22,XyBU_gZtU0M,0,0,1,0,0.3333333433,inner_train
0,11124,XyBU_gZtU0M$_$23,XyBU_gZtU0M,0,0,1,0,0.3333333433,inner_train
0,11125,XyBU_gZtU0M$_$0,XyBU_gZtU0M,0,0,1,0,0,inner_train
0,11126,XyBU_gZtU0M$_$5,XyBU_gZtU0M,0,0,1,0,0.6666666865,inner_train
0,11127,XyBU_gZtU0M$_$4,XyBU_gZtU0M,0,0,1,0,-0.3333333433,inner_train
0,11128,XyBU_gZtU0M$_$7,XyBU_gZtU0M,0,0,1,0,0,inner_train
0,11129,XyBU_gZtU0M$_$6,XyBU_gZtU0M,0,0,1,0,0,inner_train
0,11130,XyBU_gZtU0M$_$9,XyBU_gZtU0M,0,0,1,0,0,inner_train
0,11131,XyBU_gZtU0M$_$20,XyBU_gZtU0M,0,0,1,0,1,inner_train
0,11132,XyBU_gZtU0M$_$8,XyBU_gZtU0M,0,0,1,0,0.3333333433,inner_train
0,11133,XyBU_gZtU0M$_$21,XyBU_gZtU0M,0,0,1,0,0.3333333433,inner_train
0,11134,XzhRYIeczg4$_$5,XzhRYIeczg4,0,1,0,0,1,inner_valid
0,11135,XzhRYIeczg4$_$6,XzhRYIeczg4,0,1,0,0,0.3333333433,inner_valid
0,11141,Y6s_vuUUsJM$_$9,Y6s_vuUUsJM,0,0,0,0,1,inner_train
0,11142,Y6s_vuUUsJM$_$10,Y6s_vuUUsJM,0,0,0,0,0.6666666865,inner_train
0,11143,Y6s_vuUUsJM$_$1,Y6s_vuUUsJM,0,0,0,0,-0.3333333433,inner_train
0,11144,Y6s_vuUUsJM$_$4,Y6s_vuUUsJM,0,0,0,0,0.6666666865,inner_train
0,11155,YAYfMkxhRiQ$_$1,YAYfMkxhRiQ,0,1,0,0,-1.333333373,inner_train
0,11156,YAYfMkxhRiQ$_$0,YAYfMkxhRiQ,0,1,0,0,-0.6666666865,inner_train
0,11157,YAYfMkxhRiQ$_$3,YAYfMkxhRiQ,0,1,0,0,-0.6666666865,inner_train
0,11158,YAYfMkxhRiQ$_$2,YAYfMkxhRiQ,0,1,0,0,0,inner_train
0,11159,YAYfMkxhRiQ$_$6,YAYfMkxhRiQ,0,1,0,0,-1,inner_train
0,11160,YB9EUgrzCCo$_$9,YB9EUgrzCCo,0,0,0,0,0.3333333433,inner_valid
0,11161,YB9EUgrzCCo$_$10,YB9EUgrzCCo,0,0,0,0,-2,inner_valid
0,11162,YB9EUgrzCCo$_$5,YB9EUgrzCCo,0,0,0,0,0.6666666865,inner_valid
0,11163,YB9EUgrzCCo$_$7,YB9EUgrzCCo,0,0,0,0,-2,inner_valid
0,11164,YD5vqR15nco$_$1,YD5vqR15nco,0,1,0,0,1,inner_train
0,11165,YD5vqR15nco$_$0,YD5vqR15nco,0,1,0,0,0,inner_train
0,11169,YF3mDOuF46M$_$0,YF3mDOuF46M,0,0,0,0,0,inner_valid
0,11170,YF3mDOuF46M$_$3,YF3mDOuF46M,0,0,0,0,1.666666627,inner_valid
0,11171,YF3mDOuF46M$_$2,YF3mDOuF46M,0,0,0,0,1,inner_valid
0,11172,YF3mDOuF46M$_$5,YF3mDOuF46M,0,0,0,0,1.333333373,inner_valid
0,11173,YF3mDOuF46M$_$4,YF3mDOuF46M,0,0,0,0,0.6666666865,inner_valid
0,11174,YF3mDOuF46M$_$7,YF3mDOuF46M,0,0,0,0,0,inner_valid
0,11175,YF3mDOuF46M$_$6,YF3mDOuF46M,0,0,0,0,0.6666666865,inner_valid
0,11201,YLA7h1RTa9w$_$11,YLA7h1RTa9w,0,1,0,0,-1.333333373,inner_train
0,11202,YLA7h1RTa9w$_$10,YLA7h1RTa9w,0,1,0,0,-0.6666666865,inner_train
0,11203,YLA7h1RTa9w$_$12,YLA7h1RTa9w,0,1,0,0,-0.6666666865,inner_train
0,11204,YLA7h1RTa9w$_$1,YLA7h1RTa9w,0,1,0,0,0.3333333433,inner_train
0,11205,YLA7h1RTa9w$_$0,YLA7h1RTa9w,0,1,0,0,-1.333333373,inner_train
0,11206,YLA7h1RTa9w$_$3,YLA7h1RTa9w,0,1,0,0,0.3333333433,inner_train
0,11207,YLA7h1RTa9w$_$5,YLA7h1RTa9w,0,1,0,0,0,inner_train
0,11208,YLA7h1RTa9w$_$4,YLA7h1RTa9w,0,1,0,0,0,inner_train
0,11209,YLA7h1RTa9w$_$7,YLA7h1RTa9w,0,1,0,0,0,inner_train
0,11210,YLA7h1RTa9w$_$9,YLA7h1RTa9w,0,1,0,0,0.3333333433,inner_train
0,11211,YLA7h1RTa9w$_$8,YLA7h1RTa9w,0,1,0,0,-0.3333333433,inner_train
0,11212,YQUutkMdLj0$_$1,YQUutkMdLj0,0,1,1,0,-1.666666627,inner_train
0,11213,YQUutkMdLj0$_$3,YQUutkMdLj0,0,1,1,0,0.3333333433,inner_train
0,11214,YQUutkMdLj0$_$2,YQUutkMdLj0,0,1,1,0,-1,inner_train
0,11215,YQUutkMdLj0$_$4,YQUutkMdLj0,0,1,1,0,0.6666666865,inner_train
0,11216,YQanVofsHoE$_$0,YQanVofsHoE,0,0,0,1,0.6666666865,inner_valid
0,11235,YVHJpAROBvQ$_$1,YVHJpAROBvQ,0,0,0,1,0.6666666865,inner_train
0,11236,YVHJpAROBvQ$_$3,YVHJpAROBvQ,0,0,0,1,0.3333333433,inner_train
0,11237,YVHJpAROBvQ$_$2,YVHJpAROBvQ,0,0,0,1,0.6666666865,inner_train
0,11238,YVHJpAROBvQ$_$4,YVHJpAROBvQ,0,0,0,1,0.6666666865,inner_train
0,11239,YWjTWl0oNLk$_$11,YWjTWl0oNLk,0,1,0,0,1.666666627,inner_valid
0,11240,YWjTWl0oNLk$_$12,YWjTWl0oNLk,0,1,0,0,0,inner_valid
0,11241,YWjTWl0oNLk$_$1,YWjTWl0oNLk,0,1,0,0,0,inner_valid
0,11242,YWjTWl0oNLk$_$0,YWjTWl0oNLk,0,1,0,0,-0.6666666865,inner_valid
0,11243,YWjTWl0oNLk$_$3,YWjTWl0oNLk,0,1,0,0,0,inner_valid
0,11244,YWjTWl0oNLk$_$5,YWjTWl0oNLk,0,1,0,0,-0.3333333433,inner_valid
0,11245,YWjTWl0oNLk$_$4,YWjTWl0oNLk,0,1,0,0,-0.3333333433,inner_valid
0,11246,YWjTWl0oNLk$_$7,YWjTWl0oNLk,0,1,0,0,0.6666666865,inner_valid
0,11247,YWjTWl0oNLk$_$6,YWjTWl0oNLk,0,1,0,0,1,inner_valid
0,11248,YWjTWl0oNLk$_$9,YWjTWl0oNLk,0,1,0,0,0.6666666865,inner_valid
0,11249,YWjTWl0oNLk$_$8,YWjTWl0oNLk,0,1,0,0,0,inner_valid
0,11290,YcyHQQXGXWA$_$1,YcyHQQXGXWA,0,0,0,0,1.333333373,inner_train
0,11291,YcyHQQXGXWA$_$3,YcyHQQXGXWA,0,0,0,0,1,inner_train
0,11292,YcyHQQXGXWA$_$5,YcyHQQXGXWA,0,0,0,0,1,inner_train
0,11293,YcyHQQXGXWA$_$4,YcyHQQXGXWA,0,0,0,0,1.666666627,inner_train
0,11294,YcyHQQXGXWA$_$6,YcyHQQXGXWA,0,0,0,0,1.666666627,inner_train
0,11295,YcyHQQXGXWA$_$8,YcyHQQXGXWA,0,0,0,0,2,inner_train
0,11296,YfxtwXXkCmc$_$1,YfxtwXXkCmc,0,0,0,0,0,inner_train
0,11297,YfxtwXXkCmc$_$0,YfxtwXXkCmc,0,0,0,0,0,inner_train
0,11298,YfxtwXXkCmc$_$3,YfxtwXXkCmc,0,0,0,0,0,inner_train
0,11299,YfxtwXXkCmc$_$2,YfxtwXXkCmc,0,0,0,0,0,inner_train
0,11300,YfxtwXXkCmc$_$5,YfxtwXXkCmc,0,0,0,0,0.6666666865,inner_train
0,11301,YfxtwXXkCmc$_$4,YfxtwXXkCmc,0,0,0,0,0.6666666865,inner_train
0,11323,Yn8vNC41UMg$_$10,Yn8vNC41UMg,0,1,0,0,0.6666666865,inner_train
0,11324,Yn8vNC41UMg$_$22,Yn8vNC41UMg,0,1,0,0,0.6666666865,inner_train
0,11325,Yn8vNC41UMg$_$7,Yn8vNC41UMg,0,1,0,0,1,inner_train
0,11326,YodtMIsjM0c$_$11,YodtMIsjM0c,0,0,0,0,0.3333333433,outer
0,11327,YodtMIsjM0c$_$10,YodtMIsjM0c,0,0,0,0,0,outer
0,11328,YodtMIsjM0c$_$13,YodtMIsjM0c,0,0,0,0,0,outer
0,11329,YodtMIsjM0c$_$12,YodtMIsjM0c,0,0,0,0,-0.3333333433,outer
0,11330,YodtMIsjM0c$_$1,YodtMIsjM0c,0,0,0,0,0,outer
0,11331,YodtMIsjM0c$_$0,YodtMIsjM0c,0,0,0,0,-0.3333333433,outer
0,11332,YodtMIsjM0c$_$3,YodtMIsjM0c,0,0,0,0,0,outer
0,11333,YodtMIsjM0c$_$2,YodtMIsjM0c,0,0,0,0,0,outer
0,11334,YodtMIsjM0c$_$5,YodtMIsjM0c,0,0,0,0,0,outer
0,11335,YodtMIsjM0c$_$7,YodtMIsjM0c,0,0,0,0,0.6666666865,outer
0,11336,YodtMIsjM0c$_$6,YodtMIsjM0c,0,0,0,0,0.3333333433,outer
0,11337,YodtMIsjM0c$_$9,YodtMIsjM0c,0,0,0,0,0,outer
0,11340,YrPXbGBvqGo$_$0,YrPXbGBvqGo,0,1,0,0,0.3333333433,inner_valid
0,11341,YrPXbGBvqGo$_$3,YrPXbGBvqGo,0,1,0,0,1,inner_valid
0,11342,YrPXbGBvqGo$_$12,YrPXbGBvqGo,0,1,0,0,-0.6666666865,inner_valid
0,11343,YrPXbGBvqGo$_$13,YrPXbGBvqGo,0,1,0,0,0.6666666865,inner_valid
0,11344,Z-26eyME6Co$_$10,Z-26eyME6Co,0,0,1,0,-0.3333333433,inner_train
0,11345,Z-26eyME6Co$_$13,Z-26eyME6Co,0,0,1,0,0,inner_train
0,11346,Z-26eyME6Co$_$15,Z-26eyME6Co,0,0,1,0,-0.3333333433,inner_train
0,11347,Z-26eyME6Co$_$0,Z-26eyME6Co,0,0,1,0,-0.3333333433,inner_train
0,11348,Z-26eyME6Co$_$2,Z-26eyME6Co,0,0,1,0,-0.3333333433,inner_train
0,11349,Z-26eyME6Co$_$9,Z-26eyME6Co,0,0,1,0,0,inner_train
0,11350,Z-26eyME6Co$_$8,Z-26eyME6Co,0,0,1,0,-0.6666666865,inner_train
0,11351,Z3fcd1wdzr0$_$1,Z3fcd1wdzr0,0,0,0,1,0,inner_train
0,11352,Z3fcd1wdzr0$_$3,Z3fcd1wdzr0,0,0,0,1,1,inner_train
0,11353,Z3fcd1wdzr0$_$2,Z3fcd1wdzr0,0,0,0,1,0,inner_train
0,11354,Z3fcd1wdzr0$_$5,Z3fcd1wdzr0,0,0,0,1,0.6666666865,inner_train
0,11355,Z3fcd1wdzr0$_$4,Z3fcd1wdzr0,0,0,0,1,1.333333373,inner_train
0,11356,Z3fcd1wdzr0$_$7,Z3fcd1wdzr0,0,0,0,1,0,inner_train
0,11357,Z3fcd1wdzr0$_$6,Z3fcd1wdzr0,0,0,0,1,2,inner_train
0,11358,Z3fcd1wdzr0$_$8,Z3fcd1wdzr0,0,0,0,1,0.3333333433,inner_train
0,11359,ZDz8Qr-sJ3E$_$10,ZDz8Qr-sJ3E,0,0,0,0,-0.3333333433,inner_valid
0,11360,ZDz8Qr-sJ3E$_$3,ZDz8Qr-sJ3E,0,0,0,0,-0.3333333433,inner_valid
0,11361,ZDz8Qr-sJ3E$_$4,ZDz8Qr-sJ3E,0,0,0,0,0,inner_valid
0,11362,ZDz8Qr-sJ3E$_$8,ZDz8Qr-sJ3E,0,0,0,0,-0.6666666865,inner_valid
0,11365,ZLCK8WX6qFQ$_$10,ZLCK8WX6qFQ,0,1,0,1,1,inner_train
0,11366,ZLCK8WX6qFQ$_$3,ZLCK8WX6qFQ,0,1,0,1,0,inner_train
0,11368,ZQaGGpcIPHM$_$2,ZQaGGpcIPHM,0,0,0,1,0.3333333433,inner_train
0,11369,ZQaGGpcIPHM$_$4,ZQaGGpcIPHM,0,0,0,1,2.333333254,inner_train
0,11380,ZSBoSJaD2tQ$_$1,ZSBoSJaD2tQ,0,1,0,0,0,inner_train
0,11381,ZSBoSJaD2tQ$_$0,ZSBoSJaD2tQ,0,1,0,0,0,inner_train
0,11382,ZSBoSJaD2tQ$_$3,ZSBoSJaD2tQ,0,1,0,0,-0.3333333433,inner_train
0,11383,ZSBoSJaD2tQ$_$2,ZSBoSJaD2tQ,0,1,0,0,0,inner_train
0,11384,ZSBoSJaD2tQ$_$5,ZSBoSJaD2tQ,0,1,0,0,0,inner_train
0,11385,ZSBoSJaD2tQ$_$4,ZSBoSJaD2tQ,0,1,0,0,0,inner_train
0,11386,ZSBoSJaD2tQ$_$7,ZSBoSJaD2tQ,0,1,0,0,0,inner_train
0,11387,ZSBoSJaD2tQ$_$6,ZSBoSJaD2tQ,0,1,0,0,0,inner_train
0,11388,ZSBoSJaD2tQ$_$8,ZSBoSJaD2tQ,0,1,0,0,0,inner_train
0,11406,ZZ1IyZaMTWQ$_$0,ZZ1IyZaMTWQ,0,0,0,0,2,inner_train
0,11407,ZZ1IyZaMTWQ$_$3,ZZ1IyZaMTWQ,0,0,0,0,1,inner_train
0,11408,ZZ1IyZaMTWQ$_$2,ZZ1IyZaMTWQ,0,0,0,0,1.333333373,inner_train
0,11409,ZZ1IyZaMTWQ$_$5,ZZ1IyZaMTWQ,0,0,0,0,0.6666666865,inner_train
0,11410,ZZ1IyZaMTWQ$_$7,ZZ1IyZaMTWQ,0,0,0,0,1.666666627,inner_train
0,11411,ZZzdvUdOTww$_$0,ZZzdvUdOTww,0,1,0,0,0,inner_train
0,11412,ZZzdvUdOTww$_$3,ZZzdvUdOTww,0,1,0,0,0.6666666865,inner_train
0,11413,ZZzdvUdOTww$_$2,ZZzdvUdOTww,0,1,0,0,-0.3333333433,inner_train
0,11414,ZZzdvUdOTww$_$5,ZZzdvUdOTww,0,1,0,0,0.6666666865,inner_train
0,11415,ZZzdvUdOTww$_$4,ZZzdvUdOTww,0,1,0,0,0.3333333433,inner_train
0,11416,ZZzdvUdOTww$_$6,ZZzdvUdOTww,0,1,0,0,-1.666666627,inner_train
0,11417,Zae-zQ3VBpY$_$1,Zae-zQ3VBpY,0,0,0,0,1,inner_train
0,11418,Zae-zQ3VBpY$_$2,Zae-zQ3VBpY,0,0,0,0,1,inner_train
0,11429,Zg9DKOHJdw8$_$1,Zg9DKOHJdw8,0,0,0,0,0.3333333433,outer
0,11430,Zg9DKOHJdw8$_$3,Zg9DKOHJdw8,0,0,0,0,0.6666666865,outer
0,11437,ZjsQqd6KZIg$_$11,ZjsQqd6KZIg,0,1,0,0,1,inner_valid
0,11438,ZjsQqd6KZIg$_$13,ZjsQqd6KZIg,0,1,0,0,0,inner_valid
0,11439,ZjsQqd6KZIg$_$15,ZjsQqd6KZIg,0,1,0,0,2,inner_valid
0,11440,ZjsQqd6KZIg$_$1,ZjsQqd6KZIg,0,1,0,0,0.3333333433,inner_valid
0,11441,ZjsQqd6KZIg$_$2,ZjsQqd6KZIg,0,1,0,0,2.333333254,inner_valid
0,11442,ZjsQqd6KZIg$_$5,ZjsQqd6KZIg,0,1,0,0,-0.6666666865,inner_valid
0,11443,ZjsQqd6KZIg$_$4,ZjsQqd6KZIg,0,1,0,0,0,inner_valid
0,11444,ZjsQqd6KZIg$_$7,ZjsQqd6KZIg,0,1,0,0,0,inner_valid
0,11445,ZjsQqd6KZIg$_$6,ZjsQqd6KZIg,0,1,0,0,-0.3333333433,inner_valid
0,11446,ZjsQqd6KZIg$_$9,ZjsQqd6KZIg,0,1,0,0,0,inner_valid
0,11447,ZjsQqd6KZIg$_$8,ZjsQqd6KZIg,0,1,0,0,-0.6666666865,inner_valid
0,11449,ZmAIDJ_gcXM$_$8,ZmAIDJ_gcXM,0,1,0,0,0,inner_train
0,11450,ZmAIDJ_gcXM$_$5,ZmAIDJ_gcXM,0,1,0,0,0.6666666865,inner_train
0,11451,ZmAIDJ_gcXM$_$6,ZmAIDJ_gcXM,0,1,0,0,0.3333333433,inner_train
0,11454,Zs8x712Y-CM$_$11,Zs8x712Y-CM,0,1,0,0,0.6666666865,inner_train
0,11455,Zs8x712Y-CM$_$10,Zs8x712Y-CM,0,1,0,0,0,inner_train
0,11456,Zs8x712Y-CM$_$13,Zs8x712Y-CM,0,1,0,0,1.666666627,inner_train
0,11457,Zs8x712Y-CM$_$12,Zs8x712Y-CM,0,1,0,0,0.6666666865,inner_train
0,11458,Zs8x712Y-CM$_$0,Zs8x712Y-CM,0,1,0,0,0,inner_train
0,11459,Zs8x712Y-CM$_$3,Zs8x712Y-CM,0,1,0,0,0,inner_train
0,11460,Zs8x712Y-CM$_$2,Zs8x712Y-CM,0,1,0,0,0.3333333433,inner_train
0,11461,Zs8x712Y-CM$_$5,Zs8x712Y-CM,0,1,0,0,0,inner_train
0,11462,Zs8x712Y-CM$_$4,Zs8x712Y-CM,0,1,0,0,0,inner_train
0,11463,Zs8x712Y-CM$_$7,Zs8x712Y-CM,0,1,0,0,0,inner_train
0,11464,Zs8x712Y-CM$_$6,Zs8x712Y-CM,0,1,0,0,-0.3333333433,inner_train
0,11465,Zs8x712Y-CM$_$8,Zs8x712Y-CM,0,1,0,0,-0.3333333433,inner_train
0,11466,ZtuTCuh9C1M$_$11,ZtuTCuh9C1M,0,0,0,0,1.666666627,inner_train
0,11467,ZtuTCuh9C1M$_$12,ZtuTCuh9C1M,0,0,0,0,0,inner_train
0,11468,ZtuTCuh9C1M$_$21,ZtuTCuh9C1M,0,0,0,0,0,inner_train
0,11469,ZtuTCuh9C1M$_$17,ZtuTCuh9C1M,0,0,0,0,0.6666666865,inner_train
0,11470,ZtuTCuh9C1M$_$16,ZtuTCuh9C1M,0,0,0,0,-0.3333333433,inner_train
0,11471,ZtuTCuh9C1M$_$8,ZtuTCuh9C1M,0,0,0,0,1,inner_train
0,11472,ZzL2sHtTWRc$_$1,ZzL2sHtTWRc,0,1,0,0,0,inner_train
0,11473,ZzL2sHtTWRc$_$0,ZzL2sHtTWRc,0,1,0,0,0.3333333433,inner_train
0,11504,_8pvMpMdGM4$_$11,_8pvMpMdGM4,0,1,0,0,0.6666666865,inner_train
0,11505,_8pvMpMdGM4$_$10,_8pvMpMdGM4,0,1,0,0,0.3333333433,inner_train
0,11506,_8pvMpMdGM4$_$13,_8pvMpMdGM4,0,1,0,0,0.3333333433,inner_train
0,11507,_8pvMpMdGM4$_$12,_8pvMpMdGM4,0,1,0,0,1.333333373,inner_train
0,11508,_8pvMpMdGM4$_$15,_8pvMpMdGM4,0,1,0,0,1.666666627,inner_train
0,11509,_8pvMpMdGM4$_$14,_8pvMpMdGM4,0,1,0,0,0,inner_train
0,11510,_8pvMpMdGM4$_$17,_8pvMpMdGM4,0,1,0,0,-1.666666627,inner_train
0,11511,_8pvMpMdGM4$_$16,_8pvMpMdGM4,0,1,0,0,-2,inner_train
0,11512,_8pvMpMdGM4$_$19,_8pvMpMdGM4,0,1,0,0,-0.6666666865,inner_train
0,11513,_8pvMpMdGM4$_$18,_8pvMpMdGM4,0,1,0,0,0.6666666865,inner_train
0,11514,_8pvMpMdGM4$_$1,_8pvMpMdGM4,0,1,0,0,1,inner_train
0,11515,_8pvMpMdGM4$_$0,_8pvMpMdGM4,0,1,0,0,0.3333333433,inner_train
0,11516,_8pvMpMdGM4$_$3,_8pvMpMdGM4,0,1,0,0,0,inner_train
0,11517,_8pvMpMdGM4$_$2,_8pvMpMdGM4,0,1,0,0,0.3333333433,inner_train
0,11518,_8pvMpMdGM4$_$5,_8pvMpMdGM4,0,1,0,0,0,inner_train
0,11519,_8pvMpMdGM4$_$4,_8pvMpMdGM4,0,1,0,0,1.333333373,inner_train
0,11520,_8pvMpMdGM4$_$7,_8pvMpMdGM4,0,1,0,0,1.666666627,inner_train
0,11521,_8pvMpMdGM4$_$6,_8pvMpMdGM4,0,1,0,0,0.3333333433,inner_train
0,11522,_8pvMpMdGM4$_$9,_8pvMpMdGM4,0,1,0,0,0,inner_train
0,11523,_8pvMpMdGM4$_$20,_8pvMpMdGM4,0,1,0,0,0.6666666865,inner_train
0,11524,_8pvMpMdGM4$_$8,_8pvMpMdGM4,0,1,0,0,0,inner_train
0,11525,_BMdEKNF5Js$_$0,_BMdEKNF5Js,0,0,0,0,0.6666666865,inner_train
0,11526,_BXmhCPTQmA$_$1,_BXmhCPTQmA,0,0,0,0,1.666666627,inner_train
0,11527,_BXmhCPTQmA$_$3,_BXmhCPTQmA,0,0,0,0,1,inner_train
0,11528,_BtdwH6mfWg$_$0,_BtdwH6mfWg,0,0,0,0,2,inner_valid
0,11529,_BtdwH6mfWg$_$4,_BtdwH6mfWg,0,0,0,0,1,inner_valid
0,11539,_HanACduNJk$_$11,_HanACduNJk,0,0,0,0,0,inner_train
0,11540,_HanACduNJk$_$10,_HanACduNJk,0,0,0,0,-1,inner_train
0,11541,_HanACduNJk$_$13,_HanACduNJk,0,0,0,0,0,inner_train
0,11542,_HanACduNJk$_$12,_HanACduNJk,0,0,0,0,0,inner_train
0,11543,_HanACduNJk$_$2,_HanACduNJk,0,0,0,0,0,inner_train
0,11544,_HanACduNJk$_$4,_HanACduNJk,0,0,0,0,-1.666666627,inner_train
0,11545,_HanACduNJk$_$7,_HanACduNJk,0,0,0,0,0,inner_train
0,11546,_HanACduNJk$_$6,_HanACduNJk,0,0,0,0,0,inner_train
0,11547,_HanACduNJk$_$8,_HanACduNJk,0,0,0,0,-1,inner_train
0,11551,_K0okiLaF9I$_$1,_K0okiLaF9I,0,1,0,0,-2.333333254,inner_train
0,11552,_K0okiLaF9I$_$2,_K0okiLaF9I,0,1,0,0,-0.6666666865,inner_train
0,11554,_MGd6t9eZP8$_$1,_MGd6t9eZP8,0,1,0,0,-0.3333333433,inner_train
0,11555,_PJ26YwqRJE$_$15,_PJ26YwqRJE,0,1,0,0,0,inner_train
0,11556,_PJ26YwqRJE$_$14,_PJ26YwqRJE,0,1,0,0,1,inner_train
0,11557,_PJ26YwqRJE$_$19,_PJ26YwqRJE,0,1,0,0,0.3333333433,inner_train
0,11558,_PJ26YwqRJE$_$2,_PJ26YwqRJE,0,1,0,0,0,inner_train
0,11559,_PJ26YwqRJE$_$6,_PJ26YwqRJE,0,1,0,0,0.6666666865,inner_train
0,11560,_PJ26YwqRJE$_$8,_PJ26YwqRJE,0,1,0,0,1.333333373,inner_train
0,11561,_PKP676ez2c$_$11,_PKP676ez2c,0,1,0,0,1,inner_train
0,11562,_PKP676ez2c$_$13,_PKP676ez2c,0,1,0,0,0.3333333433,inner_train
0,11563,_PKP676ez2c$_$17,_PKP676ez2c,0,1,0,0,0,inner_train
0,11564,_PKP676ez2c$_$16,_PKP676ez2c,0,1,0,0,0,inner_train
0,11565,_PKP676ez2c$_$4,_PKP676ez2c,0,1,0,0,0.3333333433,inner_train
0,11566,_PKP676ez2c$_$7,_PKP676ez2c,0,1,0,0,0,inner_train
0,11567,_PKP676ez2c$_$8,_PKP676ez2c,0,1,0,0,0.6666666865,inner_train
0,11568,_PKP676ez2c$_$15,_PKP676ez2c,0,1,0,0,0.6666666865,inner_train
0,11573,_Vp4SDp_knI$_$3,_Vp4SDp_knI,0,0,0,0,1.666666627,outer
0,11574,_Vp4SDp_knI$_$7,_Vp4SDp_knI,0,0,0,0,-1.666666627,outer
0,11575,_WkXQNVLQXs$_$8,_WkXQNVLQXs,0,0,0,0,1.333333373,inner_train
0,11576,_WkXQNVLQXs$_$4,_WkXQNVLQXs,0,0,0,0,0.6666666865,inner_train
0,11577,_WkXQNVLQXs$_$7,_WkXQNVLQXs,0,0,0,0,1,inner_train
0,11578,_WkXQNVLQXs$_$6,_WkXQNVLQXs,0,0,0,0,2,inner_train
0,11581,_ZlF5Q9W1DM$_$0,_ZlF5Q9W1DM,0,1,0,0,0.3333333433,inner_train
0,11582,_ZlF5Q9W1DM$_$5,_ZlF5Q9W1DM,0,1,0,0,0.6666666865,inner_train
0,11583,_bIJOxiIJFk$_$1,_bIJOxiIJFk,0,0,1,0,1,outer
0,11584,_bIJOxiIJFk$_$0,_bIJOxiIJFk,0,0,1,0,0.3333333433,outer
0,11585,_bIJOxiIJFk$_$3,_bIJOxiIJFk,0,0,1,0,0,outer
0,11586,_bIJOxiIJFk$_$2,_bIJOxiIJFk,0,0,1,0,0,outer
0,11587,_bIJOxiIJFk$_$5,_bIJOxiIJFk,0,0,1,0,1.333333373,outer
0,11588,_bIJOxiIJFk$_$4,_bIJOxiIJFk,0,0,1,0,1.333333373,outer
0,11594,_iy7ftq27xE$_$11,_iy7ftq27xE,0,1,1,0,0,inner_train
0,11595,_iy7ftq27xE$_$10,_iy7ftq27xE,0,1,1,0,0.3333333433,inner_train
0,11596,_iy7ftq27xE$_$13,_iy7ftq27xE,0,1,1,0,0.6666666865,inner_train
0,11597,_iy7ftq27xE$_$12,_iy7ftq27xE,0,1,1,0,0,inner_train
0,11598,_iy7ftq27xE$_$14,_iy7ftq27xE,0,1,1,0,0.6666666865,inner_train
0,11599,_iy7ftq27xE$_$0,_iy7ftq27xE,0,1,1,0,0.3333333433,inner_train
0,11600,_iy7ftq27xE$_$5,_iy7ftq27xE,0,1,1,0,0,inner_train
0,11601,_iy7ftq27xE$_$4,_iy7ftq27xE,0,1,1,0,0,inner_train
0,11602,_iy7ftq27xE$_$7,_iy7ftq27xE,0,1,1,0,-0.3333333433,inner_train
0,11603,_iy7ftq27xE$_$6,_iy7ftq27xE,0,1,1,0,-1.666666627,inner_train
0,11604,_iy7ftq27xE$_$9,_iy7ftq27xE,0,1,1,0,0,inner_train
0,11605,_iy7ftq27xE$_$8,_iy7ftq27xE,0,1,1,0,0,inner_train
0,11606,_qVgNLJCYdA$_$1,_qVgNLJCYdA,0,0,0,0,0,inner_train
0,11607,_qVgNLJCYdA$_$0,_qVgNLJCYdA,0,0,0,0,0,inner_train
0,11608,_qVgNLJCYdA$_$5,_qVgNLJCYdA,0,0,0,0,0.3333333433,inner_train
0,11609,_qVgNLJCYdA$_$7,_qVgNLJCYdA,0,0,0,0,0,inner_train
0,11610,_qVgNLJCYdA$_$6,_qVgNLJCYdA,0,0,0,0,0,inner_train
0,11611,_t8ETpf2LnM$_$0,_t8ETpf2LnM,0,0,0,0,0,inner_train
0,11624,_xjBqNfiEY4$_$1,_xjBqNfiEY4,0,0,0,0,2,inner_train
0,11625,_xjBqNfiEY4$_$0,_xjBqNfiEY4,0,0,0,0,2,inner_train
0,11626,_xjBqNfiEY4$_$3,_xjBqNfiEY4,0,0,0,0,0,inner_train
0,11627,_xjBqNfiEY4$_$2,_xjBqNfiEY4,0,0,0,0,2,inner_train
0,11628,_xjBqNfiEY4$_$4,_xjBqNfiEY4,0,0,0,0,0.6666666865,inner_train
0,11629,_xjBqNfiEY4$_$6,_xjBqNfiEY4,0,0,0,0,0.6666666865,inner_train
0,11636,a5CSKvCAhbs$_$11,a5CSKvCAhbs,0,1,0,0,0,inner_train
0,11637,a5CSKvCAhbs$_$10,a5CSKvCAhbs,0,1,0,0,0.3333333433,inner_train
0,11638,a5CSKvCAhbs$_$1,a5CSKvCAhbs,0,1,0,0,0.6666666865,inner_train
0,11639,a5CSKvCAhbs$_$0,a5CSKvCAhbs,0,1,0,0,0,inner_train
0,11640,a5CSKvCAhbs$_$3,a5CSKvCAhbs,0,1,0,0,0,inner_train
0,11641,a5CSKvCAhbs$_$5,a5CSKvCAhbs,0,1,0,0,-0.3333333433,inner_train
0,11642,a5CSKvCAhbs$_$4,a5CSKvCAhbs,0,1,0,0,0.3333333433,inner_train
0,11643,a5CSKvCAhbs$_$7,a5CSKvCAhbs,0,1,0,0,0,inner_train
0,11644,a5CSKvCAhbs$_$6,a5CSKvCAhbs,0,1,0,0,0.3333333433,inner_train
0,11645,a5CSKvCAhbs$_$8,a5CSKvCAhbs,0,1,0,0,0,inner_train
0,11646,a5FKWiI90hk$_$3,a5FKWiI90hk,0,1,0,0,0.3333333433,inner_train
0,11647,a5FKWiI90hk$_$5,a5FKWiI90hk,0,1,0,0,0,inner_train
0,11648,a5FKWiI90hk$_$7,a5FKWiI90hk,0,1,0,0,0.6666666865,inner_train
0,11672,aE-X_QdDaqQ$_$1,aE-X_QdDaqQ,0,0,1,0,2,inner_train
0,11673,aE-X_QdDaqQ$_$3,aE-X_QdDaqQ,0,0,1,0,0,inner_train
0,11674,aE-X_QdDaqQ$_$2,aE-X_QdDaqQ,0,0,1,0,0.6666666865,inner_train
0,11681,aEaM_LOI-BM$_$10,aEaM_LOI-BM,0,1,0,0,1.333333373,inner_train
0,11682,aEaM_LOI-BM$_$0,aEaM_LOI-BM,0,1,0,0,-0.3333333433,inner_train
0,11683,aEaM_LOI-BM$_$7,aEaM_LOI-BM,0,1,0,0,0,inner_train
0,11684,aEaM_LOI-BM$_$6,aEaM_LOI-BM,0,1,0,0,-0.6666666865,inner_train
0,11685,aEaM_LOI-BM$_$9,aEaM_LOI-BM,0,1,0,0,0.3333333433,inner_train
0,11686,aEaM_LOI-BM$_$8,aEaM_LOI-BM,0,1,0,0,0.3333333433,inner_train
0,11687,aFZIvp3SgHY$_$11,aFZIvp3SgHY,0,0,0,0,0,inner_train
0,11688,aFZIvp3SgHY$_$13,aFZIvp3SgHY,0,0,0,0,0.3333333433,inner_train
0,11689,aFZIvp3SgHY$_$12,aFZIvp3SgHY,0,0,0,0,1.333333373,inner_train
0,11690,aFZIvp3SgHY$_$7,aFZIvp3SgHY,0,0,0,0,0.6666666865,inner_train
0,11691,aFhT0px8AMw$_$0,aFhT0px8AMw,0,0,0,0,2.333333254,outer
0,11692,aFhT0px8AMw$_$2,aFhT0px8AMw,0,0,0,0,2.333333254,outer
0,11693,aFjMWlR1QAY$_$11,aFjMWlR1QAY,0,1,1,0,-2.333333254,inner_train
0,11694,aFjMWlR1QAY$_$10,aFjMWlR1QAY,0,1,1,0,-0.6666666865,inner_train
0,11695,aFjMWlR1QAY$_$12,aFjMWlR1QAY,0,1,1,0,1,inner_train
0,11696,aFjMWlR1QAY$_$1,aFjMWlR1QAY,0,1,1,0,0,inner_train
0,11697,aFjMWlR1QAY$_$0,aFjMWlR1QAY,0,1,1,0,-0.6666666865,inner_train
0,11698,aFjMWlR1QAY$_$3,aFjMWlR1QAY,0,1,1,0,-1.333333373,inner_train
0,11699,aFjMWlR1QAY$_$2,aFjMWlR1QAY,0,1,1,0,0,inner_train
0,11700,aFjMWlR1QAY$_$5,aFjMWlR1QAY,0,1,1,0,0.6666666865,inner_train
0,11701,aFjMWlR1QAY$_$4,aFjMWlR1QAY,0,1,1,0,-1,inner_train
0,11702,aFjMWlR1QAY$_$7,aFjMWlR1QAY,0,1,1,0,-0.3333333433,inner_train
0,11703,aFjMWlR1QAY$_$6,aFjMWlR1QAY,0,1,1,0,1,inner_train
0,11704,aFjMWlR1QAY$_$9,aFjMWlR1QAY,0,1,1,0,-1.333333373,inner_train
0,11705,aFjMWlR1QAY$_$8,aFjMWlR1QAY,0,1,1,0,-1.333333373,inner_train
0,11742,aXla94xd_AQ$_$1,aXla94xd_AQ,0,1,0,0,0.6666666865,inner_train
0,11743,aXla94xd_AQ$_$0,aXla94xd_AQ,0,1,0,0,2.333333254,inner_train
0,11744,aXla94xd_AQ$_$4,aXla94xd_AQ,0,1,0,0,1,inner_train
0,11745,aXla94xd_AQ$_$6,aXla94xd_AQ,0,1,0,0,1,inner_train
0,11746,aYdMtEO0cbI$_$3,aYdMtEO0cbI,0,0,0,0,0.6666666865,outer
0,11747,aYdMtEO0cbI$_$2,aYdMtEO0cbI,0,0,0,0,1.333333373,outer
0,11755,afDJvn5nmtY$_$4,afDJvn5nmtY,0,0,0,0,0,inner_valid
0,11756,ahcAFnY6iAY$_$1,ahcAFnY6iAY,0,1,0,0,0,inner_train
0,11757,ahcAFnY6iAY$_$2,ahcAFnY6iAY,0,1,0,0,0.3333333433,inner_train
0,11758,ai7G98thPpk$_$1,ai7G98thPpk,0,1,1,0,-1.666666627,inner_valid
0,11759,ai7G98thPpk$_$0,ai7G98thPpk,0,1,1,0,-1,inner_valid
0,11760,ai7G98thPpk$_$9,ai7G98thPpk,0,1,1,0,0,inner_valid
0,11761,aiJg0jtIHOM$_$6,aiJg0jtIHOM,0,1,0,0,0,inner_train
0,11770,ak7N0BqMluI$_$11,ak7N0BqMluI,0,1,0,0,1,outer
0,11771,ak7N0BqMluI$_$10,ak7N0BqMluI,0,1,0,0,-0.3333333433,outer
0,11772,ak7N0BqMluI$_$1,ak7N0BqMluI,0,1,0,0,-0.3333333433,outer
0,11773,ak7N0BqMluI$_$0,ak7N0BqMluI,0,1,0,0,-0.3333333433,outer
0,11774,ak7N0BqMluI$_$3,ak7N0BqMluI,0,1,0,0,-0.3333333433,outer
0,11775,ak7N0BqMluI$_$2,ak7N0BqMluI,0,1,0,0,-0.3333333433,outer
0,11776,ak7N0BqMluI$_$5,ak7N0BqMluI,0,1,0,0,-0.3333333433,outer
0,11777,ak7N0BqMluI$_$7,ak7N0BqMluI,0,1,0,0,0,outer
0,11778,ak7N0BqMluI$_$6,ak7N0BqMluI,0,1,0,0,-0.3333333433,outer
0,11779,amem5EmRG3s$_$1,amem5EmRG3s,0,1,0,0,2.333333254,inner_train
0,11780,amem5EmRG3s$_$0,amem5EmRG3s,0,1,0,0,2.333333254,inner_train
0,11781,amem5EmRG3s$_$3,amem5EmRG3s,0,1,0,0,1.666666627,inner_train
0,11782,amem5EmRG3s$_$2,amem5EmRG3s,0,1,0,0,2,inner_train
0,11783,amem5EmRG3s$_$5,amem5EmRG3s,0,1,0,0,1.666666627,inner_train
0,11784,amem5EmRG3s$_$4,amem5EmRG3s,0,1,0,0,1,inner_train
0,11791,asWraTfIqq0$_$11,asWraTfIqq0,0,0,0,0,1,inner_train
0,11792,asWraTfIqq0$_$1,asWraTfIqq0,0,0,0,0,0.6666666865,inner_train
0,11793,asWraTfIqq0$_$3,asWraTfIqq0,0,0,0,0,-0.6666666865,inner_train
0,11794,asWraTfIqq0$_$2,asWraTfIqq0,0,0,0,0,1,inner_train
0,11795,asWraTfIqq0$_$5,asWraTfIqq0,0,0,0,0,1.666666627,inner_train
0,11796,asWraTfIqq0$_$4,asWraTfIqq0,0,0,0,0,0,inner_train
0,11797,asWraTfIqq0$_$7,asWraTfIqq0,0,0,0,0,2,inner_train
0,11798,asWraTfIqq0$_$6,asWraTfIqq0,0,0,0,0,1.333333373,inner_train
0,11799,asWraTfIqq0$_$9,asWraTfIqq0,0,0,0,0,-0.6666666865,inner_train
0,11800,asWraTfIqq0$_$8,asWraTfIqq0,0,0,0,0,-0.3333333433,inner_train
0,11825,auTpzciNgls$_$1,auTpzciNgls,0,0,0,0,2.333333254,inner_train
0,11826,auTpzciNgls$_$0,auTpzciNgls,0,0,0,0,0.6666666865,inner_train
0,11827,auTpzciNgls$_$3,auTpzciNgls,0,0,0,0,1.333333373,inner_train
0,11828,auTpzciNgls$_$2,auTpzciNgls,0,0,0,0,0.6666666865,inner_train
0,11829,auTpzciNgls$_$7,auTpzciNgls,0,0,0,0,0.3333333433,inner_train
0,11830,avW2m6VHTyg$_$1,avW2m6VHTyg,0,0,0,0,2,inner_train
0,11831,avW2m6VHTyg$_$0,avW2m6VHTyg,0,0,0,0,1.333333373,inner_train
0,11832,avW2m6VHTyg$_$3,avW2m6VHTyg,0,0,0,0,2,inner_train
0,11833,avW2m6VHTyg$_$2,avW2m6VHTyg,0,0,0,0,2,inner_train
0,11834,avW2m6VHTyg$_$4,avW2m6VHTyg,0,0,0,0,2.666666746,inner_train
0,11835,avW2m6VHTyg$_$7,avW2m6VHTyg,0,0,0,0,1.666666627,inner_train
0,11836,avW2m6VHTyg$_$6,avW2m6VHTyg,0,0,0,0,2.333333254,inner_train
0,11837,avW2m6VHTyg$_$8,avW2m6VHTyg,0,0,0,0,1.666666627,inner_train
0,11838,axQ5CDRawO0$_$2,axQ5CDRawO0,0,0,0,0,0,outer
0,11839,axQ5CDRawO0$_$4,axQ5CDRawO0,0,0,0,0,0,outer
0,11840,b1Il3Nf6BrU$_$3,b1Il3Nf6BrU,0,1,0,0,-1,inner_valid
0,11841,b1Il3Nf6BrU$_$7,b1Il3Nf6BrU,0,1,0,0,0.6666666865,inner_valid
0,11842,b1Il3Nf6BrU$_$6,b1Il3Nf6BrU,0,1,0,0,0.6666666865,inner_valid
0,11853,bBJ0BxmIocQ$_$20,bBJ0BxmIocQ,0,1,1,0,0.3333333433,inner_train
0,11854,bBJ0BxmIocQ$_$21,bBJ0BxmIocQ,0,1,1,0,1.333333373,inner_train
0,11855,bBJ0BxmIocQ$_$1,bBJ0BxmIocQ,0,1,1,0,2.333333254,inner_train
0,11856,bBJ0BxmIocQ$_$0,bBJ0BxmIocQ,0,1,1,0,1.666666627,inner_train
0,11857,bBJ0BxmIocQ$_$3,bBJ0BxmIocQ,0,1,1,0,1,inner_train
0,11858,bBJ0BxmIocQ$_$2,bBJ0BxmIocQ,0,1,1,0,1.333333373,inner_train
0,11859,bBJ0BxmIocQ$_$5,bBJ0BxmIocQ,0,1,1,0,1.666666627,inner_train
0,11860,bBJ0BxmIocQ$_$4,bBJ0BxmIocQ,0,1,1,0,0.6666666865,inner_train
0,11861,bBJ0BxmIocQ$_$7,bBJ0BxmIocQ,0,1,1,0,0.3333333433,inner_train
0,11862,bBJ0BxmIocQ$_$6,bBJ0BxmIocQ,0,1,1,0,0,inner_train
0,11863,bBJ0BxmIocQ$_$9,bBJ0BxmIocQ,0,1,1,0,1.333333373,inner_train
0,11864,bBJ0BxmIocQ$_$8,bBJ0BxmIocQ,0,1,1,0,1.666666627,inner_train
0,11865,bBJ0BxmIocQ$_$11,bBJ0BxmIocQ,0,1,1,0,1,inner_train
0,11866,bBJ0BxmIocQ$_$10,bBJ0BxmIocQ,0,1,1,0,1,inner_train
0,11867,bBJ0BxmIocQ$_$13,bBJ0BxmIocQ,0,1,1,0,1.333333373,inner_train
0,11868,bBJ0BxmIocQ$_$12,bBJ0BxmIocQ,0,1,1,0,0,inner_train
0,11869,bBJ0BxmIocQ$_$15,bBJ0BxmIocQ,0,1,1,0,0.6666666865,inner_train
0,11870,bBJ0BxmIocQ$_$14,bBJ0BxmIocQ,0,1,1,0,0.6666666865,inner_train
0,11871,bBJ0BxmIocQ$_$17,bBJ0BxmIocQ,0,1,1,0,0.3333333433,inner_train
0,11872,bBJ0BxmIocQ$_$16,bBJ0BxmIocQ,0,1,1,0,1,inner_train
0,11873,bBJ0BxmIocQ$_$19,bBJ0BxmIocQ,0,1,1,0,0.6666666865,inner_train
0,11874,bBJ0BxmIocQ$_$18,bBJ0BxmIocQ,0,1,1,0,-0.3333333433,inner_train
0,11877,bD0FqMn1KXw$_$11,bD0FqMn1KXw,0,0,0,0,0.6666666865,inner_train
0,11878,bD0FqMn1KXw$_$0,bD0FqMn1KXw,0,0,0,0,1.333333373,inner_train
0,11879,bD0FqMn1KXw$_$3,bD0FqMn1KXw,0,0,0,0,1.333333373,inner_train
0,11880,bD0FqMn1KXw$_$5,bD0FqMn1KXw,0,0,0,0,0.6666666865,inner_train
0,11881,bD0FqMn1KXw$_$7,bD0FqMn1KXw,0,0,0,0,1,inner_train
0,11882,bD0FqMn1KXw$_$6,bD0FqMn1KXw,0,0,0,0,1.333333373,inner_train
0,11883,bD0FqMn1KXw$_$9,bD0FqMn1KXw,0,0,0,0,1,inner_train
0,11895,bMuoPr5-Yt4$_$2,bMuoPr5-Yt4,0,0,1,0,-1.333333373,outer
0,11904,bUFAN2TgPaU$_$11,bUFAN2TgPaU,0,1,0,0,1.666666627,inner_valid
0,11905,bUFAN2TgPaU$_$0,bUFAN2TgPaU,0,1,0,0,1,inner_valid
0,11906,bUFAN2TgPaU$_$3,bUFAN2TgPaU,0,1,0,0,0.6666666865,inner_valid
0,11907,bUFAN2TgPaU$_$2,bUFAN2TgPaU,0,1,0,0,0.6666666865,inner_valid
0,11908,bUFAN2TgPaU$_$5,bUFAN2TgPaU,0,1,0,0,0.6666666865,inner_valid
0,11909,bUFAN2TgPaU$_$4,bUFAN2TgPaU,0,1,0,0,1.666666627,inner_valid
0,11910,bUFAN2TgPaU$_$7,bUFAN2TgPaU,0,1,0,0,2,inner_valid
0,11911,bUFAN2TgPaU$_$9,bUFAN2TgPaU,0,1,0,0,0.6666666865,inner_valid
0,11912,bUFAN2TgPaU$_$8,bUFAN2TgPaU,0,1,0,0,1.333333373,inner_valid
0,11913,bVhWpCvpSs4$_$1,bVhWpCvpSs4,0,0,0,0,1.333333373,inner_train
0,11914,bVhWpCvpSs4$_$0,bVhWpCvpSs4,0,0,0,0,0,inner_train
0,11915,bVhWpCvpSs4$_$3,bVhWpCvpSs4,0,0,0,0,1.333333373,inner_train
0,11916,bVhWpCvpSs4$_$2,bVhWpCvpSs4,0,0,0,0,1.666666627,inner_train
0,11917,bVhWpCvpSs4$_$5,bVhWpCvpSs4,0,0,0,0,0.6666666865,inner_train
0,11918,bVhWpCvpSs4$_$4,bVhWpCvpSs4,0,0,0,0,2,inner_train
0,11919,bVhWpCvpSs4$_$6,bVhWpCvpSs4,0,0,0,0,2,inner_train
0,11920,bVhWpCvpSs4$_$8,bVhWpCvpSs4,0,0,0,0,2.333333254,inner_train
0,11921,bYt4wybVLRQ$_$14,bYt4wybVLRQ,0,0,0,0,0.3333333433,inner_train
0,11922,bYt4wybVLRQ$_$3,bYt4wybVLRQ,0,0,0,0,1.666666627,inner_train
0,11923,bYt4wybVLRQ$_$13,bYt4wybVLRQ,0,0,0,0,1.666666627,inner_train
0,11924,bYt4wybVLRQ$_$7,bYt4wybVLRQ,0,0,0,0,0.6666666865,inner_train
0,11925,bYt4wybVLRQ$_$16,bYt4wybVLRQ,0,0,0,0,-0.3333333433,inner_train
0,11950,bcns0Gu66D8$_$0,bcns0Gu66D8,0,1,0,1,0,inner_train
0,11951,bcns0Gu66D8$_$3,bcns0Gu66D8,0,1,0,1,-0.6666666865,inner_train
0,11952,bcns0Gu66D8$_$2,bcns0Gu66D8,0,1,0,1,-0.6666666865,inner_train
0,11953,bcns0Gu66D8$_$4,bcns0Gu66D8,0,1,0,1,-1.333333373,inner_train
0,11954,bcns0Gu66D8$_$6,bcns0Gu66D8,0,1,0,1,-0.3333333433,inner_train
0,11955,bdtwQxwySN0$_$11,bdtwQxwySN0,0,0,0,0,1.333333373,inner_valid
0,11956,bdtwQxwySN0$_$15,bdtwQxwySN0,0,0,0,0,1.333333373,inner_valid
0,11957,bdtwQxwySN0$_$18,bdtwQxwySN0,0,0,0,0,-0.3333333433,inner_valid
0,11958,bdtwQxwySN0$_$1,bdtwQxwySN0,0,0,0,0,-0.6666666865,inner_valid
0,11959,bdtwQxwySN0$_$0,bdtwQxwySN0,0,0,0,0,0,inner_valid
0,11960,bdtwQxwySN0$_$3,bdtwQxwySN0,0,0,0,0,-1,inner_valid
0,11961,bdtwQxwySN0$_$2,bdtwQxwySN0,0,0,0,0,-1.333333373,inner_valid
0,11962,bdtwQxwySN0$_$5,bdtwQxwySN0,0,0,0,0,-1.333333373,inner_valid
0,11963,bdtwQxwySN0$_$8,bdtwQxwySN0,0,0,0,0,-2.333333254,inner_valid
0,11964,bfy28AlY-TQ$_$8,bfy28AlY-TQ,0,1,0,0,-2.666666746,inner_train
0,11965,bfy28AlY-TQ$_$3,bfy28AlY-TQ,0,1,0,0,0.6666666865,inner_train
0,11966,bfy28AlY-TQ$_$4,bfy28AlY-TQ,0,1,0,0,1.666666627,inner_train
0,11967,bfy28AlY-TQ$_$7,bfy28AlY-TQ,0,1,0,0,-0.3333333433,inner_train
0,11968,bfy28AlY-TQ$_$6,bfy28AlY-TQ,0,1,0,0,-2.333333254,inner_train
0,11973,bh4_Kd4hhd4$_$1,bh4_Kd4hhd4,0,1,0,0,0.6666666865,inner_train
0,11988,bzPFUVGPS3c$_$9,bzPFUVGPS3c,0,0,0,0,2,inner_valid
0,11989,bzPFUVGPS3c$_$8,bzPFUVGPS3c,0,0,0,0,0.6666666865,inner_valid
0,11990,bzPFUVGPS3c$_$2,bzPFUVGPS3c,0,0,0,0,0,inner_valid
0,11991,bzPFUVGPS3c$_$5,bzPFUVGPS3c,0,0,0,0,1,inner_valid
0,11992,bzPFUVGPS3c$_$4,bzPFUVGPS3c,0,0,0,0,0.6666666865,inner_valid
0,11993,c5-L8vC6_sk$_$10,c5-L8vC6_sk,0,1,0,0,2,inner_valid
0,11994,c5-L8vC6_sk$_$6,c5-L8vC6_sk,0,1,0,0,-1,inner_valid
0,11995,c5-L8vC6_sk$_$2,c5-L8vC6_sk,0,1,0,0,0.3333333433,inner_valid
0,11996,c5-L8vC6_sk$_$4,c5-L8vC6_sk,0,1,0,0,0.3333333433,inner_valid
0,11997,c5-L8vC6_sk$_$8,c5-L8vC6_sk,0,1,0,0,0,inner_valid
0,11998,c5AJbOd794U$_$1,c5AJbOd794U,0,1,1,0,-0.6666666865,inner_train
0,11999,c5AJbOd794U$_$0,c5AJbOd794U,0,1,1,0,0,inner_train
0,12000,c5AJbOd794U$_$3,c5AJbOd794U,0,1,1,0,0.3333333433,inner_train
0,12001,c5AJbOd794U$_$5,c5AJbOd794U,0,1,1,0,1.333333373,inner_train
0,12002,c5AJbOd794U$_$7,c5AJbOd794U,0,1,1,0,1.333333373,inner_train
0,12003,c5AJbOd794U$_$9,c5AJbOd794U,0,1,1,0,0,inner_train
0,12004,c5AJbOd794U$_$8,c5AJbOd794U,0,1,1,0,2,inner_train
0,12005,c6wuh0NRG1s$_$10,c6wuh0NRG1s,0,0,0,0,1.333333373,inner_train
0,12006,c6wuh0NRG1s$_$1,c6wuh0NRG1s,0,0,0,0,0,inner_train
0,12007,c6wuh0NRG1s$_$0,c6wuh0NRG1s,0,0,0,0,0,inner_train
0,12008,c6wuh0NRG1s$_$2,c6wuh0NRG1s,0,0,0,0,1,inner_train
0,12009,c6wuh0NRG1s$_$5,c6wuh0NRG1s,0,0,0,0,0.3333333433,inner_train
0,12010,c6wuh0NRG1s$_$4,c6wuh0NRG1s,0,0,0,0,0,inner_train
0,12011,c6wuh0NRG1s$_$9,c6wuh0NRG1s,0,0,0,0,1,inner_train
0,12012,c6wuh0NRG1s$_$8,c6wuh0NRG1s,0,0,0,0,1,inner_train
0,12030,c9jD33baJ60$_$1,c9jD33baJ60,0,1,0,1,-1.333333373,inner_train
0,12031,c9jD33baJ60$_$0,c9jD33baJ60,0,1,0,1,0,inner_train
0,12032,c9jD33baJ60$_$3,c9jD33baJ60,0,1,0,1,0.3333333433,inner_train
0,12033,c9jD33baJ60$_$2,c9jD33baJ60,0,1,0,1,0,inner_train
0,12034,c9jD33baJ60$_$5,c9jD33baJ60,0,1,0,1,1,inner_train
0,12035,c9jD33baJ60$_$4,c9jD33baJ60,0,1,0,1,0.6666666865,inner_train
0,12036,c9jD33baJ60$_$6,c9jD33baJ60,0,1,0,1,1.333333373,inner_train
0,12039,cEXJ2zFbC9I$_$1,cEXJ2zFbC9I,0,0,0,0,0,inner_train
0,12040,cEXJ2zFbC9I$_$2,cEXJ2zFbC9I,0,0,0,0,0,inner_train
0,12041,cEXJ2zFbC9I$_$5,cEXJ2zFbC9I,0,0,0,0,-2,inner_train
0,12042,cEXJ2zFbC9I$_$4,cEXJ2zFbC9I,0,0,0,0,-1,inner_train
0,12043,cEXJ2zFbC9I$_$6,cEXJ2zFbC9I,0,0,0,0,-0.3333333433,inner_train
0,12053,cKxNJY7sA8s$_$1,cKxNJY7sA8s,0,0,0,0,0.3333333433,inner_valid
0,12054,cKxNJY7sA8s$_$0,cKxNJY7sA8s,0,0,0,0,0.3333333433,inner_valid
0,12057,cMUS4nhcKCQ$_$0,cMUS4nhcKCQ,0,0,0,0,1,inner_valid
0,12095,cSraseCDilY$_$1,cSraseCDilY,0,1,0,0,-0.3333333433,inner_train
0,12096,cSraseCDilY$_$0,cSraseCDilY,0,1,0,0,0,inner_train
0,12097,cUm0TN3vXRc$_$11,cUm0TN3vXRc,0,0,0,0,1.333333373,outer
0,12098,cUm0TN3vXRc$_$1,cUm0TN3vXRc,0,0,0,0,-1.333333373,outer
0,12099,cUm0TN3vXRc$_$3,cUm0TN3vXRc,0,0,0,0,0,outer
0,12100,cUm0TN3vXRc$_$2,cUm0TN3vXRc,0,0,0,0,-1,outer
0,12101,cUm0TN3vXRc$_$4,cUm0TN3vXRc,0,0,0,0,1,outer
0,12102,cUm0TN3vXRc$_$7,cUm0TN3vXRc,0,0,0,0,0.3333333433,outer
0,12107,cZDAM6NjBzE$_$11,cZDAM6NjBzE,0,1,0,0,2,inner_train
0,12108,cZDAM6NjBzE$_$3,cZDAM6NjBzE,0,1,0,0,0.6666666865,inner_train
0,12109,cZDAM6NjBzE$_$12,cZDAM6NjBzE,0,1,0,0,0.6666666865,inner_train
0,12110,cZDAM6NjBzE$_$16,cZDAM6NjBzE,0,1,0,0,0.6666666865,inner_train
0,12111,cZVM4svwE90$_$24,cZVM4svwE90,0,1,0,0,0,outer
0,12112,cZVM4svwE90$_$25,cZVM4svwE90,0,1,0,0,1,outer
0,12113,cZVM4svwE90$_$26,cZVM4svwE90,0,1,0,0,1.333333373,outer
0,12114,cZVM4svwE90$_$27,cZVM4svwE90,0,1,0,0,0.6666666865,outer
0,12115,cZVM4svwE90$_$20,cZVM4svwE90,0,1,0,0,0.6666666865,outer
0,12116,cZVM4svwE90$_$21,cZVM4svwE90,0,1,0,0,0.3333333433,outer
0,12117,cZVM4svwE90$_$22,cZVM4svwE90,0,1,0,0,0.3333333433,outer
0,12118,cZVM4svwE90$_$23,cZVM4svwE90,0,1,0,0,0.3333333433,outer
0,12119,cZVM4svwE90$_$1,cZVM4svwE90,0,1,0,0,0.6666666865,outer
0,12120,cZVM4svwE90$_$3,cZVM4svwE90,0,1,0,0,0,outer
0,12121,cZVM4svwE90$_$2,cZVM4svwE90,0,1,0,0,0,outer
0,12122,cZVM4svwE90$_$5,cZVM4svwE90,0,1,0,0,1,outer
0,12123,cZVM4svwE90$_$4,cZVM4svwE90,0,1,0,0,1,outer
0,12124,cZVM4svwE90$_$7,cZVM4svwE90,0,1,0,0,1,outer
0,12125,cZVM4svwE90$_$6,cZVM4svwE90,0,1,0,0,1,outer
0,12126,cZVM4svwE90$_$9,cZVM4svwE90,0,1,0,0,0.6666666865,outer
0,12127,cZVM4svwE90$_$8,cZVM4svwE90,0,1,0,0,0,outer
0,12128,cZVM4svwE90$_$11,cZVM4svwE90,0,1,0,0,1,outer
0,12129,cZVM4svwE90$_$10,cZVM4svwE90,0,1,0,0,0.6666666865,outer
0,12130,cZVM4svwE90$_$13,cZVM4svwE90,0,1,0,0,1.333333373,outer
0,12131,cZVM4svwE90$_$12,cZVM4svwE90,0,1,0,0,0.6666666865,outer
0,12132,cZVM4svwE90$_$15,cZVM4svwE90,0,1,0,0,1,outer
0,12133,cZVM4svwE90$_$14,cZVM4svwE90,0,1,0,0,0.3333333433,outer
0,12134,cZVM4svwE90$_$17,cZVM4svwE90,0,1,0,0,1,outer
0,12135,cZVM4svwE90$_$16,cZVM4svwE90,0,1,0,0,1,outer
0,12136,cZVM4svwE90$_$19,cZVM4svwE90,0,1,0,0,0.3333333433,outer
0,12137,cZVM4svwE90$_$18,cZVM4svwE90,0,1,0,0,2,outer
0,12149,caLWajc18Y4$_$11,caLWajc18Y4,0,0,0,0,2,inner_valid
0,12150,caLWajc18Y4$_$10,caLWajc18Y4,0,0,0,0,1.666666627,inner_valid
0,12151,caLWajc18Y4$_$1,caLWajc18Y4,0,0,0,0,1,inner_valid
0,12152,caLWajc18Y4$_$3,caLWajc18Y4,0,0,0,0,1,inner_valid
0,12153,caLWajc18Y4$_$2,caLWajc18Y4,0,0,0,0,1,inner_valid
0,12154,caLWajc18Y4$_$5,caLWajc18Y4,0,0,0,0,0,inner_valid
0,12155,caLWajc18Y4$_$4,caLWajc18Y4,0,0,0,0,0.6666666865,inner_valid
0,12156,caLWajc18Y4$_$7,caLWajc18Y4,0,0,0,0,0.3333333433,inner_valid
0,12157,caLWajc18Y4$_$6,caLWajc18Y4,0,0,0,0,0.3333333433,inner_valid
0,12158,caLWajc18Y4$_$9,caLWajc18Y4,0,0,0,0,0,inner_valid
0,12159,caLWajc18Y4$_$8,caLWajc18Y4,0,0,0,0,0,inner_valid
0,12160,ce1ObTPlI38$_$1,ce1ObTPlI38,0,0,0,0,1.333333373,inner_valid
0,12161,ce1ObTPlI38$_$3,ce1ObTPlI38,0,0,0,0,-0.3333333433,inner_valid
0,12162,cfX_iuhCbRY$_$1,cfX_iuhCbRY,0,0,0,0,0.6666666865,inner_train
0,12163,cfX_iuhCbRY$_$3,cfX_iuhCbRY,0,0,0,0,0.3333333433,inner_train
0,12164,cfX_iuhCbRY$_$2,cfX_iuhCbRY,0,0,0,0,0.3333333433,inner_train
0,12165,cfX_iuhCbRY$_$5,cfX_iuhCbRY,0,0,0,0,0,inner_train
0,12166,cfX_iuhCbRY$_$7,cfX_iuhCbRY,0,0,0,0,-0.3333333433,inner_train
0,12167,cfX_iuhCbRY$_$9,cfX_iuhCbRY,0,0,0,0,1.333333373,inner_train
0,12168,cjgq9d8Zn9g$_$1,cjgq9d8Zn9g,0,1,1,0,0.3333333433,outer
0,12169,cjgq9d8Zn9g$_$0,cjgq9d8Zn9g,0,1,1,0,1,outer
0,12170,cjgq9d8Zn9g$_$3,cjgq9d8Zn9g,0,1,1,0,0,outer
0,12171,cjgq9d8Zn9g$_$2,cjgq9d8Zn9g,0,1,1,0,0,outer
0,12172,cjgq9d8Zn9g$_$5,cjgq9d8Zn9g,0,1,1,0,1.333333373,outer
0,12173,cjgq9d8Zn9g$_$4,cjgq9d8Zn9g,0,1,1,0,0.3333333433,outer
0,12174,cjgq9d8Zn9g$_$6,cjgq9d8Zn9g,0,1,1,0,1.333333373,outer
0,12175,cl1DNRGX578$_$2,cl1DNRGX578,0,0,0,0,-0.6666666865,outer
0,12176,cl1DNRGX578$_$5,cl1DNRGX578,0,0,0,0,-1.333333373,outer
0,12177,cl1DNRGX578$_$7,cl1DNRGX578,0,0,0,0,-0.3333333433,outer
0,12195,d0QNH2vcDgU$_$20,d0QNH2vcDgU,0,1,0,0,0.3333333433,inner_valid
0,12196,d0QNH2vcDgU$_$21,d0QNH2vcDgU,0,1,0,0,1.666666627,inner_valid
0,12197,d0QNH2vcDgU$_$22,d0QNH2vcDgU,0,1,0,0,1.333333373,inner_valid
0,12198,d0QNH2vcDgU$_$23,d0QNH2vcDgU,0,1,0,0,2.666666746,inner_valid
0,12199,d0QNH2vcDgU$_$1,d0QNH2vcDgU,0,1,0,0,1,inner_valid
0,12200,d0QNH2vcDgU$_$0,d0QNH2vcDgU,0,1,0,0,2,inner_valid
0,12201,d0QNH2vcDgU$_$3,d0QNH2vcDgU,0,1,0,0,0.3333333433,inner_valid
0,12202,d0QNH2vcDgU$_$2,d0QNH2vcDgU,0,1,0,0,1.333333373,inner_valid
0,12203,d0QNH2vcDgU$_$5,d0QNH2vcDgU,0,1,0,0,2,inner_valid
0,12204,d0QNH2vcDgU$_$4,d0QNH2vcDgU,0,1,0,0,0.3333333433,inner_valid
0,12205,d0QNH2vcDgU$_$7,d0QNH2vcDgU,0,1,0,0,1,inner_valid
0,12206,d0QNH2vcDgU$_$6,d0QNH2vcDgU,0,1,0,0,1.666666627,inner_valid
0,12207,d0QNH2vcDgU$_$9,d0QNH2vcDgU,0,1,0,0,0,inner_valid
0,12208,d0QNH2vcDgU$_$8,d0QNH2vcDgU,0,1,0,0,0,inner_valid
0,12209,d0QNH2vcDgU$_$11,d0QNH2vcDgU,0,1,0,0,2,inner_valid
0,12210,d0QNH2vcDgU$_$10,d0QNH2vcDgU,0,1,0,0,2.333333254,inner_valid
0,12211,d0QNH2vcDgU$_$13,d0QNH2vcDgU,0,1,0,0,2.333333254,inner_valid
0,12212,d0QNH2vcDgU$_$12,d0QNH2vcDgU,0,1,0,0,1.333333373,inner_valid
0,12213,d0QNH2vcDgU$_$15,d0QNH2vcDgU,0,1,0,0,2,inner_valid
0,12214,d0QNH2vcDgU$_$14,d0QNH2vcDgU,0,1,0,0,1.333333373,inner_valid
0,12215,d0QNH2vcDgU$_$16,d0QNH2vcDgU,0,1,0,0,2,inner_valid
0,12216,d0QNH2vcDgU$_$19,d0QNH2vcDgU,0,1,0,0,0.3333333433,inner_valid
0,12234,d3I7Ug-_3L0$_$10,d3I7Ug-_3L0,0,0,0,0,-1.333333373,inner_train
0,12235,d3I7Ug-_3L0$_$15,d3I7Ug-_3L0,0,0,0,0,-0.3333333433,inner_train
0,12236,d3I7Ug-_3L0$_$17,d3I7Ug-_3L0,0,0,0,0,0.6666666865,inner_train
0,12237,d3I7Ug-_3L0$_$18,d3I7Ug-_3L0,0,0,0,0,1.666666627,inner_train
0,12238,d3I7Ug-_3L0$_$1,d3I7Ug-_3L0,0,0,0,0,1.666666627,inner_train
0,12239,d3I7Ug-_3L0$_$0,d3I7Ug-_3L0,0,0,0,0,0.6666666865,inner_train
0,12240,d3I7Ug-_3L0$_$2,d3I7Ug-_3L0,0,0,0,0,-0.3333333433,inner_train
0,12241,d3I7Ug-_3L0$_$5,d3I7Ug-_3L0,0,0,0,0,-0.6666666865,inner_train
0,12242,d3I7Ug-_3L0$_$4,d3I7Ug-_3L0,0,0,0,0,0.3333333433,inner_train
0,12243,d3I7Ug-_3L0$_$6,d3I7Ug-_3L0,0,0,0,0,-0.3333333433,inner_train
0,12244,d3I7Ug-_3L0$_$9,d3I7Ug-_3L0,0,0,0,0,0,inner_train
0,12245,d7Dz34-cZ74$_$0,d7Dz34-cZ74,0,0,0,0,0.3333333433,inner_train
0,12246,d7Dz34-cZ74$_$13,d7Dz34-cZ74,0,0,0,0,0,inner_train
0,12247,d7Dz34-cZ74$_$12,d7Dz34-cZ74,0,0,0,0,0.6666666865,inner_train
0,12248,d89Z_olwc2Y$_$24,d89Z_olwc2Y,0,1,0,0,0.3333333433,outer
0,12249,d89Z_olwc2Y$_$26,d89Z_olwc2Y,0,1,0,0,0,outer
0,12250,d89Z_olwc2Y$_$12,d89Z_olwc2Y,0,1,0,0,0.6666666865,outer
0,12251,d89Z_olwc2Y$_$20,d89Z_olwc2Y,0,1,0,0,0.3333333433,outer
0,12252,d89Z_olwc2Y$_$21,d89Z_olwc2Y,0,1,0,0,-0.3333333433,outer
0,12253,d89Z_olwc2Y$_$9,d89Z_olwc2Y,0,1,0,0,0,outer
0,12273,dDFyJp_OkeA$_$8,dDFyJp_OkeA,0,0,0,0,1.333333373,inner_valid
0,12274,dDFyJp_OkeA$_$3,dDFyJp_OkeA,0,0,0,0,1.666666627,inner_valid
0,12275,dDFyJp_OkeA$_$2,dDFyJp_OkeA,0,0,0,0,1.666666627,inner_valid
0,12276,dDFyJp_OkeA$_$5,dDFyJp_OkeA,0,0,0,0,1.666666627,inner_valid
0,12277,dDFyJp_OkeA$_$4,dDFyJp_OkeA,0,0,0,0,1,inner_valid
0,12278,dEBug0QYayY$_$0,dEBug0QYayY,0,0,0,0,1,inner_train
0,12279,dEXSb0CfodU$_$2,dEXSb0CfodU,0,1,0,1,0,inner_train
0,12286,dLmtsRyRH4s$_$1,dLmtsRyRH4s,0,1,0,0,0.3333333433,inner_train
0,12287,dLzsNc_hzkQ$_$1,dLzsNc_hzkQ,0,0,0,1,0,outer
0,12288,dLzsNc_hzkQ$_$0,dLzsNc_hzkQ,0,0,0,1,-0.3333333433,outer
0,12290,dQ56b0bqmc8$_$1,dQ56b0bqmc8,0,0,0,0,0,inner_train
0,12291,dQ56b0bqmc8$_$0,dQ56b0bqmc8,0,0,0,0,1,inner_train
0,12292,dQ56b0bqmc8$_$3,dQ56b0bqmc8,0,0,0,0,0,inner_train
0,12293,dQ56b0bqmc8$_$5,dQ56b0bqmc8,0,0,0,0,0.6666666865,inner_train
0,12301,dWfgSGnd9zM$_$0,dWfgSGnd9zM,0,0,0,0,1.333333373,inner_train
0,12302,dWfgSGnd9zM$_$5,dWfgSGnd9zM,0,0,0,0,1.666666627,inner_train
0,12303,dWfgSGnd9zM$_$4,dWfgSGnd9zM,0,0,0,0,0.6666666865,inner_train
0,12304,dWfgSGnd9zM$_$7,dWfgSGnd9zM,0,0,0,0,0,inner_train
0,12305,dWfgSGnd9zM$_$6,dWfgSGnd9zM,0,0,0,0,1,inner_train
0,12306,dWfgSGnd9zM$_$8,dWfgSGnd9zM,0,0,0,0,0.3333333433,inner_train
0,12307,dXMAS2tIknw$_$0,dXMAS2tIknw,0,1,0,0,0,inner_valid
0,12308,dXMAS2tIknw$_$3,dXMAS2tIknw,0,1,0,0,1.333333373,inner_valid
0,12309,dXMAS2tIknw$_$2,dXMAS2tIknw,0,1,0,0,0,inner_valid
0,12310,dXMAS2tIknw$_$5,dXMAS2tIknw,0,1,0,0,0.6666666865,inner_valid
0,12311,dXMAS2tIknw$_$4,dXMAS2tIknw,0,1,0,0,0,inner_valid
0,12312,dXMAS2tIknw$_$7,dXMAS2tIknw,0,1,0,0,0,inner_valid
0,12313,dXMAS2tIknw$_$6,dXMAS2tIknw,0,1,0,0,-0.6666666865,inner_valid
0,12319,dZolFNqR-hA$_$0,dZolFNqR-hA,0,1,0,0,0,inner_train
0,12322,dbH51F5Zqi4$_$0,dbH51F5Zqi4,0,1,0,0,1,inner_valid
0,12355,dyZdiWNflko$_$1,dyZdiWNflko,0,1,0,0,0.3333333433,inner_valid
0,12356,dyZdiWNflko$_$0,dyZdiWNflko,0,1,0,0,0.3333333433,inner_valid
0,12357,dyZdiWNflko$_$3,dyZdiWNflko,0,1,0,0,0.6666666865,inner_valid
0,12358,dyZdiWNflko$_$2,dyZdiWNflko,0,1,0,0,1,inner_valid
0,12359,dyZdiWNflko$_$5,dyZdiWNflko,0,1,0,0,1,inner_valid
0,12360,dyZdiWNflko$_$4,dyZdiWNflko,0,1,0,0,1,inner_valid
0,12361,dyZdiWNflko$_$7,dyZdiWNflko,0,1,0,0,0.6666666865,inner_valid
0,12362,dyZdiWNflko$_$6,dyZdiWNflko,0,1,0,0,1,inner_valid
0,12363,dyZdiWNflko$_$9,dyZdiWNflko,0,1,0,0,0.6666666865,inner_valid
0,12364,dyZdiWNflko$_$8,dyZdiWNflko,0,1,0,0,0.6666666865,inner_valid
0,12365,dzSv6GwfF-0$_$4,dzSv6GwfF-0,0,1,0,0,-0.3333333433,inner_train
0,12366,e-2QlzFeyNU$_$9,e-2QlzFeyNU,0,0,0,0,-0.3333333433,inner_train
0,12367,e-2QlzFeyNU$_$4,e-2QlzFeyNU,0,0,0,0,1.333333373,inner_train
0,12368,e0hYEr848TE$_$0,e0hYEr848TE,0,0,0,1,0.6666666865,inner_train
0,12378,e1E5W_ZefmY$_$10,e1E5W_ZefmY,0,0,0,0,-0.3333333433,inner_train
0,12379,e1E5W_ZefmY$_$0,e1E5W_ZefmY,0,0,0,0,1,inner_train
0,12380,e1E5W_ZefmY$_$3,e1E5W_ZefmY,0,0,0,0,0,inner_train
0,12381,e1E5W_ZefmY$_$2,e1E5W_ZefmY,0,0,0,0,0,inner_train
0,12382,e1E5W_ZefmY$_$4,e1E5W_ZefmY,0,0,0,0,0,inner_train
0,12383,e1E5W_ZefmY$_$7,e1E5W_ZefmY,0,0,0,0,0,inner_train
0,12384,e1E5W_ZefmY$_$9,e1E5W_ZefmY,0,0,0,0,0,inner_train
0,12405,eMa6gbD7id0$_$1,eMa6gbD7id0,0,0,0,0,1,inner_train
0,12411,ePtlUYCdrNM$_$1,ePtlUYCdrNM,0,0,0,0,0,inner_train
0,12412,ePtlUYCdrNM$_$0,ePtlUYCdrNM,0,0,0,0,0.3333333433,inner_train
0,12413,ePtlUYCdrNM$_$2,ePtlUYCdrNM,0,0,0,0,0.6666666865,inner_train
0,12414,ePtlUYCdrNM$_$5,ePtlUYCdrNM,0,0,0,0,0,inner_train
0,12415,ePtlUYCdrNM$_$4,ePtlUYCdrNM,0,0,0,0,0,inner_train
0,12416,ePtlUYCdrNM$_$7,ePtlUYCdrNM,0,0,0,0,1.333333373,inner_train
0,12417,ePtlUYCdrNM$_$8,ePtlUYCdrNM,0,0,0,0,1,inner_train
0,12426,eTCnM472-cQ$_$0,eTCnM472-cQ,0,1,0,0,0,inner_train
0,12427,eTCnM472-cQ$_$3,eTCnM472-cQ,0,1,0,0,2.333333254,inner_train
0,12428,eTCnM472-cQ$_$2,eTCnM472-cQ,0,1,0,0,0.3333333433,inner_train
0,12429,eTCnM472-cQ$_$4,eTCnM472-cQ,0,1,0,0,0,inner_train
0,12430,eTn2P4wmFr4$_$11,eTn2P4wmFr4,0,1,0,0,-1.666666627,inner_valid
0,12431,eTn2P4wmFr4$_$13,eTn2P4wmFr4,0,1,0,0,0,inner_valid
0,12432,eTn2P4wmFr4$_$12,eTn2P4wmFr4,0,1,0,0,-0.3333333433,inner_valid
0,12433,eTn2P4wmFr4$_$15,eTn2P4wmFr4,0,1,0,0,-0.6666666865,inner_valid
0,12434,eTn2P4wmFr4$_$17,eTn2P4wmFr4,0,1,0,0,0.3333333433,inner_valid
0,12435,eTn2P4wmFr4$_$22,eTn2P4wmFr4,0,1,0,0,1,inner_valid
0,12436,eTn2P4wmFr4$_$16,eTn2P4wmFr4,0,1,0,0,-0.3333333433,inner_valid
0,12437,eTn2P4wmFr4$_$20,eTn2P4wmFr4,0,1,0,0,0.3333333433,inner_valid
0,12438,eTn2P4wmFr4$_$3,eTn2P4wmFr4,0,1,0,0,-1,inner_valid
0,12439,eTn2P4wmFr4$_$2,eTn2P4wmFr4,0,1,0,0,-1,inner_valid
0,12440,eTn2P4wmFr4$_$4,eTn2P4wmFr4,0,1,0,0,-1.333333373,inner_valid
0,12441,eTn2P4wmFr4$_$7,eTn2P4wmFr4,0,1,0,0,-2,inner_valid
0,12442,eTn2P4wmFr4$_$9,eTn2P4wmFr4,0,1,0,0,0.3333333433,inner_valid
0,12443,eTn2P4wmFr4$_$8,eTn2P4wmFr4,0,1,0,0,0.3333333433,inner_valid
0,12452,eY64P27khzk$_$1,eY64P27khzk,0,1,0,0,-0.3333333433,inner_train
0,12453,eY64P27khzk$_$0,eY64P27khzk,0,1,0,0,-0.3333333433,inner_train
0,12454,eY64P27khzk$_$3,eY64P27khzk,0,1,0,0,0,inner_train
0,12455,eY64P27khzk$_$5,eY64P27khzk,0,1,0,0,-0.3333333433,inner_train
0,12456,eY64P27khzk$_$6,eY64P27khzk,0,1,0,0,-0.6666666865,inner_train
0,12457,eYCiRWf2NHE$_$3,eYCiRWf2NHE,0,0,0,0,1.333333373,inner_train
0,12458,eYCiRWf2NHE$_$2,eYCiRWf2NHE,0,0,0,0,1.333333373,inner_train
0,12459,eZVcshSUD3Q$_$0,eZVcshSUD3Q,0,0,0,0,0.3333333433,outer
0,12460,eZVcshSUD3Q$_$3,eZVcshSUD3Q,0,0,0,0,0.3333333433,outer
0,12461,eZVcshSUD3Q$_$2,eZVcshSUD3Q,0,0,0,0,0,outer
0,12462,eZVcshSUD3Q$_$4,eZVcshSUD3Q,0,0,0,0,0.6666666865,outer
0,12463,eaXDCknxPrU$_$0,eaXDCknxPrU,0,1,0,0,1,inner_train
0,12464,eaXDCknxPrU$_$3,eaXDCknxPrU,0,1,0,0,0.6666666865,inner_train
0,12469,efLrpnuLwyU$_$10,efLrpnuLwyU,0,1,0,0,-0.6666666865,inner_train
0,12470,efLrpnuLwyU$_$12,efLrpnuLwyU,0,1,0,0,0.3333333433,inner_train
0,12471,efLrpnuLwyU$_$15,efLrpnuLwyU,0,1,0,0,-0.6666666865,inner_train
0,12472,efLrpnuLwyU$_$14,efLrpnuLwyU,0,1,0,0,-0.6666666865,inner_train
0,12473,efLrpnuLwyU$_$1,efLrpnuLwyU,0,1,0,0,0,inner_train
0,12474,efLrpnuLwyU$_$0,efLrpnuLwyU,0,1,0,0,0.6666666865,inner_train
0,12475,efLrpnuLwyU$_$3,efLrpnuLwyU,0,1,0,0,-0.6666666865,inner_train
0,12476,efLrpnuLwyU$_$2,efLrpnuLwyU,0,1,0,0,-0.3333333433,inner_train
0,12477,efLrpnuLwyU$_$5,efLrpnuLwyU,0,1,0,0,-2.333333254,inner_train
0,12478,efLrpnuLwyU$_$6,efLrpnuLwyU,0,1,0,0,-1.333333373,inner_train
0,12479,efLrpnuLwyU$_$9,efLrpnuLwyU,0,1,0,0,0,inner_train
0,12480,efLrpnuLwyU$_$8,efLrpnuLwyU,0,1,0,0,0,inner_train
0,12484,emtvrtk-jsU$_$1,emtvrtk-jsU,0,1,0,0,0.6666666865,inner_train
0,12485,emtvrtk-jsU$_$3,emtvrtk-jsU,0,1,0,0,1,inner_train
0,12486,emtvrtk-jsU$_$7,emtvrtk-jsU,0,1,0,0,-1,inner_train
0,12497,erBIIKA6r5Y$_$4,erBIIKA6r5Y,0,1,0,0,0,inner_train
0,12507,etPDgRjrnJ8$_$1,etPDgRjrnJ8,0,1,0,0,0,inner_train
0,12508,etPDgRjrnJ8$_$0,etPDgRjrnJ8,0,1,0,0,0,inner_train
0,12509,etPDgRjrnJ8$_$3,etPDgRjrnJ8,0,1,0,0,1,inner_train
0,12510,etPDgRjrnJ8$_$2,etPDgRjrnJ8,0,1,0,0,1,inner_train
0,12511,f-ZNjqLlrm4$_$10,f-ZNjqLlrm4,0,0,0,1,2,inner_train
0,12512,f-ZNjqLlrm4$_$1,f-ZNjqLlrm4,0,0,0,1,-0.6666666865,inner_train
0,12513,f-ZNjqLlrm4$_$0,f-ZNjqLlrm4,0,0,0,1,1,inner_train
0,12514,f-ZNjqLlrm4$_$3,f-ZNjqLlrm4,0,0,0,1,2,inner_train
0,12515,f-ZNjqLlrm4$_$9,f-ZNjqLlrm4,0,0,0,1,1.333333373,inner_train
0,12516,f-ZNjqLlrm4$_$8,f-ZNjqLlrm4,0,0,0,1,1.666666627,inner_train
0,12518,f49boM5fb8U$_$1,f49boM5fb8U,0,1,1,0,0.3333333433,inner_train
0,12519,f49boM5fb8U$_$0,f49boM5fb8U,0,1,1,0,0.3333333433,inner_train
0,12520,f49boM5fb8U$_$3,f49boM5fb8U,0,1,1,0,0.3333333433,inner_train
0,12521,f49boM5fb8U$_$2,f49boM5fb8U,0,1,1,0,0.3333333433,inner_train
0,12522,f49boM5fb8U$_$4,f49boM5fb8U,0,1,1,0,0.6666666865,inner_train
0,12523,f49boM5fb8U$_$6,f49boM5fb8U,0,1,1,0,0,inner_train
0,12528,f6S2XNPIiFk$_$10,f6S2XNPIiFk,0,1,1,0,0.3333333433,inner_train
0,12529,f6S2XNPIiFk$_$12,f6S2XNPIiFk,0,1,1,0,1.666666627,inner_train
0,12530,f6S2XNPIiFk$_$15,f6S2XNPIiFk,0,1,1,0,0.3333333433,inner_train
0,12531,f6S2XNPIiFk$_$19,f6S2XNPIiFk,0,1,1,0,1,inner_train
0,12532,f6S2XNPIiFk$_$18,f6S2XNPIiFk,0,1,1,0,0.6666666865,inner_train
0,12533,f6S2XNPIiFk$_$1,f6S2XNPIiFk,0,1,1,0,2.666666746,inner_train
0,12534,f6S2XNPIiFk$_$0,f6S2XNPIiFk,0,1,1,0,2.666666746,inner_train
0,12535,f6S2XNPIiFk$_$2,f6S2XNPIiFk,0,1,1,0,1,inner_train
0,12536,f6S2XNPIiFk$_$5,f6S2XNPIiFk,0,1,1,0,0,inner_train
0,12537,f6S2XNPIiFk$_$4,f6S2XNPIiFk,0,1,1,0,-0.3333333433,inner_train
0,12538,f6S2XNPIiFk$_$8,f6S2XNPIiFk,0,1,1,0,1.333333373,inner_train
0,12544,fGYbbP8RDLQ$_$3,fGYbbP8RDLQ,0,0,0,0,0,inner_train
0,12545,fGYbbP8RDLQ$_$5,fGYbbP8RDLQ,0,0,0,0,0,inner_train
0,12546,fGYbbP8RDLQ$_$4,fGYbbP8RDLQ,0,0,0,0,0.3333333433,inner_train
0,12547,fI9KptYFZeg$_$1,fI9KptYFZeg,0,1,1,0,-0.6666666865,inner_train
0,12548,fI9KptYFZeg$_$0,fI9KptYFZeg,0,1,1,0,-1.666666627,inner_train
0,12549,fI9KptYFZeg$_$3,fI9KptYFZeg,0,1,1,0,-1.666666627,inner_train
0,12550,fI9KptYFZeg$_$6,fI9KptYFZeg,0,1,1,0,0,inner_train
0,12552,fSOVk2cS-sY$_$0,fSOVk2cS-sY,0,0,1,0,0.6666666865,inner_valid
0,12553,fSOVk2cS-sY$_$3,fSOVk2cS-sY,0,0,1,0,0.3333333433,inner_valid
0,12554,fSOVk2cS-sY$_$2,fSOVk2cS-sY,0,0,1,0,0.6666666865,inner_valid
0,12555,fSOVk2cS-sY$_$5,fSOVk2cS-sY,0,0,1,0,0.6666666865,inner_valid
0,12556,fSOVk2cS-sY$_$4,fSOVk2cS-sY,0,0,1,0,1.333333373,inner_valid
0,12557,fTKe7E_4OCQ$_$0,fTKe7E_4OCQ,0,0,1,0,1.333333373,inner_train
0,12558,fTKe7E_4OCQ$_$6,fTKe7E_4OCQ,0,0,1,0,1,inner_train
0,12574,faXGVcVcVsE$_$11,faXGVcVcVsE,0,1,0,0,0,inner_train
0,12575,faXGVcVcVsE$_$10,faXGVcVcVsE,0,1,0,0,1,inner_train
0,12576,faXGVcVcVsE$_$13,faXGVcVcVsE,0,1,0,0,0.6666666865,inner_train
0,12577,faXGVcVcVsE$_$12,faXGVcVcVsE,0,1,0,0,0.3333333433,inner_train
0,12578,faXGVcVcVsE$_$15,faXGVcVcVsE,0,1,0,0,0,inner_train
0,12579,faXGVcVcVsE$_$14,faXGVcVcVsE,0,1,0,0,0,inner_train
0,12580,faXGVcVcVsE$_$1,faXGVcVcVsE,0,1,0,0,1.333333373,inner_train
0,12581,faXGVcVcVsE$_$0,faXGVcVcVsE,0,1,0,0,1.333333373,inner_train
0,12582,faXGVcVcVsE$_$3,faXGVcVcVsE,0,1,0,0,0.6666666865,inner_train
0,12583,faXGVcVcVsE$_$2,faXGVcVcVsE,0,1,0,0,2,inner_train
0,12584,faXGVcVcVsE$_$5,faXGVcVcVsE,0,1,0,0,1,inner_train
0,12585,faXGVcVcVsE$_$4,faXGVcVcVsE,0,1,0,0,0.6666666865,inner_train
0,12586,faXGVcVcVsE$_$7,faXGVcVcVsE,0,1,0,0,0.3333333433,inner_train
0,12587,faXGVcVcVsE$_$6,faXGVcVcVsE,0,1,0,0,1,inner_train
0,12588,faXGVcVcVsE$_$9,faXGVcVcVsE,0,1,0,0,0,inner_train
0,12589,faXGVcVcVsE$_$8,faXGVcVcVsE,0,1,0,0,2,inner_train
0,12590,fbHlBmq7Ipo$_$11,fbHlBmq7Ipo,0,1,0,0,-0.6666666865,inner_train
0,12591,fbHlBmq7Ipo$_$10,fbHlBmq7Ipo,0,1,0,0,0.3333333433,inner_train
0,12592,fbHlBmq7Ipo$_$12,fbHlBmq7Ipo,0,1,0,0,2,inner_train
0,12593,fbHlBmq7Ipo$_$1,fbHlBmq7Ipo,0,1,0,0,-2,inner_train
0,12594,fbHlBmq7Ipo$_$0,fbHlBmq7Ipo,0,1,0,0,1.333333373,inner_train
0,12595,fbHlBmq7Ipo$_$3,fbHlBmq7Ipo,0,1,0,0,-0.3333333433,inner_train
0,12596,fbHlBmq7Ipo$_$2,fbHlBmq7Ipo,0,1,0,0,0,inner_train
0,12597,fbHlBmq7Ipo$_$5,fbHlBmq7Ipo,0,1,0,0,-0.6666666865,inner_train
0,12598,fbHlBmq7Ipo$_$4,fbHlBmq7Ipo,0,1,0,0,1,inner_train
0,12599,fbHlBmq7Ipo$_$7,fbHlBmq7Ipo,0,1,0,0,-2.333333254,inner_train
0,12600,fbHlBmq7Ipo$_$9,fbHlBmq7Ipo,0,1,0,0,-0.6666666865,inner_train
0,12601,fbHlBmq7Ipo$_$8,fbHlBmq7Ipo,0,1,0,0,-0.3333333433,inner_train
0,12607,fdK_tsvBXJ8$_$0,fdK_tsvBXJ8,0,1,0,0,1,inner_valid
0,12608,fdK_tsvBXJ8$_$3,fdK_tsvBXJ8,0,1,0,0,1.333333373,inner_valid
0,12609,fdK_tsvBXJ8$_$5,fdK_tsvBXJ8,0,1,0,0,0.3333333433,inner_valid
0,12610,fdK_tsvBXJ8$_$4,fdK_tsvBXJ8,0,1,0,0,2,inner_valid
0,12615,fi7g4GoK-z4$_$1,fi7g4GoK-z4,0,0,0,0,0,inner_train
0,12616,fi7g4GoK-z4$_$4,fi7g4GoK-z4,0,0,0,0,0.6666666865,inner_train
0,12617,fjE2EZKgQm8$_$1,fjE2EZKgQm8,0,1,0,0,0,inner_train
0,12618,fjE2EZKgQm8$_$0,fjE2EZKgQm8,0,1,0,0,0,inner_train
0,12619,fjE2EZKgQm8$_$2,fjE2EZKgQm8,0,1,0,0,0,inner_train
0,12620,fjE2EZKgQm8$_$5,fjE2EZKgQm8,0,1,0,0,2.333333254,inner_train
0,12621,fjE2EZKgQm8$_$4,fjE2EZKgQm8,0,1,0,0,2,inner_train
0,12622,fjE2EZKgQm8$_$6,fjE2EZKgQm8,0,1,0,0,1.666666627,inner_train
0,12623,fjE2EZKgQm8$_$8,fjE2EZKgQm8,0,1,0,0,0.6666666865,inner_train
0,12624,flBtk736di4$_$11,flBtk736di4,0,0,0,0,1.333333373,inner_train
0,12625,flBtk736di4$_$15,flBtk736di4,0,0,0,0,1.333333373,inner_train
0,12626,flBtk736di4$_$1,flBtk736di4,0,0,0,0,1.333333373,inner_train
0,12627,flBtk736di4$_$0,flBtk736di4,0,0,0,0,1.333333373,inner_train
0,12628,flBtk736di4$_$2,flBtk736di4,0,0,0,0,0.6666666865,inner_train
0,12629,flBtk736di4$_$7,flBtk736di4,0,0,0,0,1,inner_train
0,12630,flBtk736di4$_$6,flBtk736di4,0,0,0,0,0.6666666865,inner_train
0,12631,flBtk736di4$_$8,flBtk736di4,0,0,0,0,1,inner_train
0,12633,fnFoRPqkQeo$_$3,fnFoRPqkQeo,0,0,0,1,-0.6666666865,inner_train
0,12634,fnFoRPqkQeo$_$5,fnFoRPqkQeo,0,0,0,1,-0.3333333433,inner_train
0,12635,fnFoRPqkQeo$_$4,fnFoRPqkQeo,0,0,0,1,0.6666666865,inner_train
0,12636,frNJdG0GkYw$_$1,frNJdG0GkYw,0,1,0,0,1.666666627,inner_valid
0,12637,frNJdG0GkYw$_$0,frNJdG0GkYw,0,1,0,0,0,inner_valid
0,12638,fzuTEKwNS94$_$24,fzuTEKwNS94,0,0,0,0,2,outer
0,12639,fzuTEKwNS94$_$20,fzuTEKwNS94,0,0,0,0,2,outer
0,12640,fzuTEKwNS94$_$21,fzuTEKwNS94,0,0,0,0,1.666666627,outer
0,12641,fzuTEKwNS94$_$22,fzuTEKwNS94,0,0,0,0,0,outer
0,12642,fzuTEKwNS94$_$23,fzuTEKwNS94,0,0,0,0,2.333333254,outer
0,12643,fzuTEKwNS94$_$1,fzuTEKwNS94,0,0,0,0,2.333333254,outer
0,12644,fzuTEKwNS94$_$0,fzuTEKwNS94,0,0,0,0,2,outer
0,12645,fzuTEKwNS94$_$3,fzuTEKwNS94,0,0,0,0,2.333333254,outer
0,12646,fzuTEKwNS94$_$2,fzuTEKwNS94,0,0,0,0,1.666666627,outer
0,12647,fzuTEKwNS94$_$7,fzuTEKwNS94,0,0,0,0,2.333333254,outer
0,12648,fzuTEKwNS94$_$6,fzuTEKwNS94,0,0,0,0,0.6666666865,outer
0,12649,fzuTEKwNS94$_$9,fzuTEKwNS94,0,0,0,0,1.666666627,outer
0,12650,fzuTEKwNS94$_$8,fzuTEKwNS94,0,0,0,0,1.666666627,outer
0,12651,fzuTEKwNS94$_$11,fzuTEKwNS94,0,0,0,0,1.666666627,outer
0,12652,fzuTEKwNS94$_$10,fzuTEKwNS94,0,0,0,0,1.666666627,outer
0,12653,fzuTEKwNS94$_$13,fzuTEKwNS94,0,0,0,0,1.666666627,outer
0,12654,fzuTEKwNS94$_$12,fzuTEKwNS94,0,0,0,0,1.333333373,outer
0,12655,fzuTEKwNS94$_$15,fzuTEKwNS94,0,0,0,0,1.666666627,outer
0,12656,fzuTEKwNS94$_$14,fzuTEKwNS94,0,0,0,0,1,outer
0,12657,fzuTEKwNS94$_$17,fzuTEKwNS94,0,0,0,0,2,outer
0,12658,fzuTEKwNS94$_$16,fzuTEKwNS94,0,0,0,0,2.666666746,outer
0,12659,fzuTEKwNS94$_$19,fzuTEKwNS94,0,0,0,0,0.6666666865,outer
0,12660,fzuTEKwNS94$_$18,fzuTEKwNS94,0,0,0,0,2,outer
0,12671,g9rNhtFG9aU$_$13,g9rNhtFG9aU,0,0,0,0,0.3333333433,inner_train
0,12672,g9rNhtFG9aU$_$12,g9rNhtFG9aU,0,0,0,0,0,inner_train
0,12673,g9rNhtFG9aU$_$0,g9rNhtFG9aU,0,0,0,0,1.333333373,inner_train
0,12674,g9rNhtFG9aU$_$7,g9rNhtFG9aU,0,0,0,0,0.3333333433,inner_train
0,12675,g9rNhtFG9aU$_$6,g9rNhtFG9aU,0,0,0,0,0,inner_train
0,12676,g9rNhtFG9aU$_$9,g9rNhtFG9aU,0,0,0,0,0.6666666865,inner_train
0,12688,gEgcpVY8WK4$_$24,gEgcpVY8WK4,0,1,1,0,-0.1666666716,inner_train
0,12689,gEgcpVY8WK4$_$25,gEgcpVY8WK4,0,1,1,0,-0.1666666716,inner_train
0,12690,gEgcpVY8WK4$_$26,gEgcpVY8WK4,0,1,1,0,0.3333333433,inner_train
0,12691,gEgcpVY8WK4$_$27,gEgcpVY8WK4,0,1,1,0,0,inner_train
0,12692,gEgcpVY8WK4$_$20,gEgcpVY8WK4,0,1,1,0,0.1666666716,inner_train
0,12693,gEgcpVY8WK4$_$21,gEgcpVY8WK4,0,1,1,0,1,inner_train
0,12694,gEgcpVY8WK4$_$22,gEgcpVY8WK4,0,1,1,0,0,inner_train
0,12695,gEgcpVY8WK4$_$23,gEgcpVY8WK4,0,1,1,0,0,inner_train
0,12696,gEgcpVY8WK4$_$28,gEgcpVY8WK4,0,1,1,0,0,inner_train
0,12697,gEgcpVY8WK4$_$29,gEgcpVY8WK4,0,1,1,0,1,inner_train
0,12698,gEgcpVY8WK4$_$1,gEgcpVY8WK4,0,1,1,0,-0.5,inner_train
0,12699,gEgcpVY8WK4$_$0,gEgcpVY8WK4,0,1,1,0,0,inner_train
0,12700,gEgcpVY8WK4$_$3,gEgcpVY8WK4,0,1,1,0,0.6666666865,inner_train
0,12701,gEgcpVY8WK4$_$2,gEgcpVY8WK4,0,1,1,0,1.333333373,inner_train
0,12702,gEgcpVY8WK4$_$5,gEgcpVY8WK4,0,1,1,0,0,inner_train
0,12703,gEgcpVY8WK4$_$4,gEgcpVY8WK4,0,1,1,0,0.3333333433,inner_train
0,12704,gEgcpVY8WK4$_$7,gEgcpVY8WK4,0,1,1,0,0,inner_train
0,12705,gEgcpVY8WK4$_$6,gEgcpVY8WK4,0,1,1,0,0.1666666716,inner_train
0,12706,gEgcpVY8WK4$_$9,gEgcpVY8WK4,0,1,1,0,0,inner_train
0,12707,gEgcpVY8WK4$_$8,gEgcpVY8WK4,0,1,1,0,0,inner_train
0,12708,gEgcpVY8WK4$_$11,gEgcpVY8WK4,0,1,1,0,0.1666666716,inner_train
0,12709,gEgcpVY8WK4$_$10,gEgcpVY8WK4,0,1,1,0,0.3333333433,inner_train
0,12710,gEgcpVY8WK4$_$13,gEgcpVY8WK4,0,1,1,0,0.6666666865,inner_train
0,12711,gEgcpVY8WK4$_$12,gEgcpVY8WK4,0,1,1,0,-0.6666666865,inner_train
0,12712,gEgcpVY8WK4$_$15,gEgcpVY8WK4,0,1,1,0,-0.3333333433,inner_train
0,12713,gEgcpVY8WK4$_$14,gEgcpVY8WK4,0,1,1,0,0.3333333433,inner_train
0,12714,gEgcpVY8WK4$_$17,gEgcpVY8WK4,0,1,1,0,0,inner_train
0,12715,gEgcpVY8WK4$_$16,gEgcpVY8WK4,0,1,1,0,-0.3333333433,inner_train
0,12716,gEgcpVY8WK4$_$19,gEgcpVY8WK4,0,1,1,0,0.1666666716,inner_train
0,12717,gEgcpVY8WK4$_$18,gEgcpVY8WK4,0,1,1,0,0.5,inner_train
0,12718,gEgcpVY8WK4$_$31,gEgcpVY8WK4,0,1,1,0,1,inner_train
0,12719,gEgcpVY8WK4$_$30,gEgcpVY8WK4,0,1,1,0,0.6666666865,inner_train
0,12720,gFAOKuqpUq4$_$25,gFAOKuqpUq4,0,0,0,0,0.3333333433,inner_train
0,12721,gFAOKuqpUq4$_$15,gFAOKuqpUq4,0,0,0,0,0.3333333433,inner_train
0,12722,gFAOKuqpUq4$_$22,gFAOKuqpUq4,0,0,0,0,0.6666666865,inner_train
0,12723,gFAOKuqpUq4$_$16,gFAOKuqpUq4,0,0,0,0,0,inner_train
0,12724,gFAOKuqpUq4$_$0,gFAOKuqpUq4,0,0,0,0,0,inner_train
0,12725,gFAOKuqpUq4$_$2,gFAOKuqpUq4,0,0,0,0,0.6666666865,inner_train
0,12726,gJdSxPhf85M$_$0,gJdSxPhf85M,0,0,0,1,-0.6666666865,inner_train
0,12727,gJdSxPhf85M$_$3,gJdSxPhf85M,0,0,0,1,1.333333373,inner_train
0,12728,gJdSxPhf85M$_$5,gJdSxPhf85M,0,0,0,1,0,inner_train
0,12729,gJdSxPhf85M$_$6,gJdSxPhf85M,0,0,0,1,1,inner_train
0,12730,gLdRUsLw4CA$_$1,gLdRUsLw4CA,0,1,0,1,1,inner_valid
0,12731,gLdRUsLw4CA$_$0,gLdRUsLw4CA,0,1,0,1,1.666666627,inner_valid
0,12732,gLdRUsLw4CA$_$5,gLdRUsLw4CA,0,1,0,1,1.333333373,inner_valid
0,12733,gLdRUsLw4CA$_$4,gLdRUsLw4CA,0,1,0,1,0.6666666865,inner_valid
0,12734,gPWyANEm0eE$_$11,gPWyANEm0eE,0,0,0,0,0.3333333433,inner_train
0,12735,gPWyANEm0eE$_$10,gPWyANEm0eE,0,0,0,0,-2,inner_train
0,12736,gPWyANEm0eE$_$13,gPWyANEm0eE,0,0,0,0,1,inner_train
0,12737,gPWyANEm0eE$_$12,gPWyANEm0eE,0,0,0,0,2.333333254,inner_train
0,12738,gPWyANEm0eE$_$0,gPWyANEm0eE,0,0,0,0,0.3333333433,inner_train
0,12739,gPWyANEm0eE$_$2,gPWyANEm0eE,0,0,0,0,0,inner_train
0,12740,gPWyANEm0eE$_$4,gPWyANEm0eE,0,0,0,0,0.6666666865,inner_train
0,12741,gPWyANEm0eE$_$7,gPWyANEm0eE,0,0,0,0,-1.666666627,inner_train
0,12742,gPWyANEm0eE$_$9,gPWyANEm0eE,0,0,0,0,-0.6666666865,inner_train
0,12743,gPWyANEm0eE$_$8,gPWyANEm0eE,0,0,0,0,-0.6666666865,inner_train
0,12783,gZDyk95Xob4$_$11,gZDyk95Xob4,0,1,0,0,1,inner_train
0,12784,gZDyk95Xob4$_$10,gZDyk95Xob4,0,1,0,0,0,inner_train
0,12785,gZDyk95Xob4$_$13,gZDyk95Xob4,0,1,0,0,1.333333373,inner_train
0,12786,gZDyk95Xob4$_$12,gZDyk95Xob4,0,1,0,0,1,inner_train
0,12787,gZDyk95Xob4$_$20,gZDyk95Xob4,0,1,0,0,2,inner_train
0,12788,gZDyk95Xob4$_$14,gZDyk95Xob4,0,1,0,0,1.666666627,inner_train
0,12789,gZDyk95Xob4$_$16,gZDyk95Xob4,0,1,0,0,2.333333254,inner_train
0,12790,gZDyk95Xob4$_$19,gZDyk95Xob4,0,1,0,0,0.6666666865,inner_train
0,12791,gZDyk95Xob4$_$3,gZDyk95Xob4,0,1,0,0,1.333333373,inner_train
0,12792,gZDyk95Xob4$_$2,gZDyk95Xob4,0,1,0,0,0.3333333433,inner_train
0,12793,gZDyk95Xob4$_$5,gZDyk95Xob4,0,1,0,0,0.3333333433,inner_train
0,12794,gZDyk95Xob4$_$4,gZDyk95Xob4,0,1,0,0,1.666666627,inner_train
0,12795,gZDyk95Xob4$_$7,gZDyk95Xob4,0,1,0,0,1.333333373,inner_train
0,12796,gZDyk95Xob4$_$9,gZDyk95Xob4,0,1,0,0,1,inner_train
0,12797,gZDyk95Xob4$_$15,gZDyk95Xob4,0,1,0,0,1.333333373,inner_train
0,12809,gcGZp9JX_qE$_$8,gcGZp9JX_qE,0,0,0,0,0.6666666865,inner_train
0,12810,gcGZp9JX_qE$_$6,gcGZp9JX_qE,0,0,0,0,0.6666666865,inner_train
0,12811,gcGZp9JX_qE$_$4,gcGZp9JX_qE,0,0,0,0,2.333333254,inner_train
0,12812,gcGZp9JX_qE$_$10,gcGZp9JX_qE,0,0,0,0,1.333333373,inner_train
0,12831,ggbV7YeSl7k$_$8,ggbV7YeSl7k,0,0,0,0,-0.3333333433,outer
0,12832,ggbV7YeSl7k$_$3,ggbV7YeSl7k,0,0,0,0,0.3333333433,outer
0,12833,ggbV7YeSl7k$_$4,ggbV7YeSl7k,0,0,0,0,-0.3333333433,outer
0,12834,gjEYmdWrBLM$_$24,gjEYmdWrBLM,0,0,0,0,1.333333373,inner_train
0,12835,gjEYmdWrBLM$_$25,gjEYmdWrBLM,0,0,0,0,1.333333373,inner_train
0,12836,gjEYmdWrBLM$_$26,gjEYmdWrBLM,0,0,0,0,2,inner_train
0,12837,gjEYmdWrBLM$_$27,gjEYmdWrBLM,0,0,0,0,2.333333254,inner_train
0,12838,gjEYmdWrBLM$_$20,gjEYmdWrBLM,0,0,0,0,1,inner_train
0,12839,gjEYmdWrBLM$_$21,gjEYmdWrBLM,0,0,0,0,1.333333373,inner_train
0,12840,gjEYmdWrBLM$_$22,gjEYmdWrBLM,0,0,0,0,0.6666666865,inner_train
0,12841,gjEYmdWrBLM$_$23,gjEYmdWrBLM,0,0,0,0,1.333333373,inner_train
0,12842,gjEYmdWrBLM$_$28,gjEYmdWrBLM,0,0,0,0,2.666666746,inner_train
0,12843,gjEYmdWrBLM$_$29,gjEYmdWrBLM,0,0,0,0,2.333333254,inner_train
0,12844,gjEYmdWrBLM$_$0,gjEYmdWrBLM,0,0,0,0,0.6666666865,inner_train
0,12845,gjEYmdWrBLM$_$3,gjEYmdWrBLM,0,0,0,0,0,inner_train
0,12846,gjEYmdWrBLM$_$2,gjEYmdWrBLM,0,0,0,0,0.6666666865,inner_train
0,12847,gjEYmdWrBLM$_$5,gjEYmdWrBLM,0,0,0,0,0.6666666865,inner_train
0,12848,gjEYmdWrBLM$_$4,gjEYmdWrBLM,0,0,0,0,1.333333373,inner_train
0,12849,gjEYmdWrBLM$_$7,gjEYmdWrBLM,0,0,0,0,0.3333333433,inner_train
0,12850,gjEYmdWrBLM$_$6,gjEYmdWrBLM,0,0,0,0,0,inner_train
0,12851,gjEYmdWrBLM$_$9,gjEYmdWrBLM,0,0,0,0,1.666666627,inner_train
0,12852,gjEYmdWrBLM$_$8,gjEYmdWrBLM,0,0,0,0,0.6666666865,inner_train
0,12853,gjEYmdWrBLM$_$11,gjEYmdWrBLM,0,0,0,0,2.333333254,inner_train
0,12854,gjEYmdWrBLM$_$10,gjEYmdWrBLM,0,0,0,0,1,inner_train
0,12855,gjEYmdWrBLM$_$13,gjEYmdWrBLM,0,0,0,0,1,inner_train
0,12856,gjEYmdWrBLM$_$12,gjEYmdWrBLM,0,0,0,0,1.333333373,inner_train
0,12857,gjEYmdWrBLM$_$15,gjEYmdWrBLM,0,0,0,0,1.333333373,inner_train
0,12858,gjEYmdWrBLM$_$14,gjEYmdWrBLM,0,0,0,0,0.6666666865,inner_train
0,12859,gjEYmdWrBLM$_$17,gjEYmdWrBLM,0,0,0,0,0.3333333433,inner_train
0,12860,gjEYmdWrBLM$_$16,gjEYmdWrBLM,0,0,0,0,1,inner_train
0,12861,gjEYmdWrBLM$_$19,gjEYmdWrBLM,0,0,0,0,1,inner_train
0,12862,gjEYmdWrBLM$_$18,gjEYmdWrBLM,0,0,0,0,1.666666627,inner_train
0,12869,gjSyl6evrWk$_$11,gjSyl6evrWk,0,0,0,1,2,inner_valid
0,12870,gjSyl6evrWk$_$12,gjSyl6evrWk,0,0,0,1,1.333333373,inner_valid
0,12871,gjSyl6evrWk$_$1,gjSyl6evrWk,0,0,0,1,0.6666666865,inner_valid
0,12872,gjSyl6evrWk$_$0,gjSyl6evrWk,0,0,0,1,2.666666746,inner_valid
0,12873,gjSyl6evrWk$_$3,gjSyl6evrWk,0,0,0,1,2.333333254,inner_valid
0,12874,gjSyl6evrWk$_$5,gjSyl6evrWk,0,0,0,1,1,inner_valid
0,12875,gjSyl6evrWk$_$7,gjSyl6evrWk,0,0,0,1,2,inner_valid
0,12876,gjSyl6evrWk$_$6,gjSyl6evrWk,0,0,0,1,0.6666666865,inner_valid
0,12877,gm4l099casQ$_$1,gm4l099casQ,0,0,0,0,-0.6666666865,outer
0,12878,gm4l099casQ$_$0,gm4l099casQ,0,0,0,0,-0.6666666865,outer
0,12880,gr9YU-UTJzQ$_$2,gr9YU-UTJzQ,0,1,0,0,0,inner_train
0,12881,gr9YU-UTJzQ$_$15,gr9YU-UTJzQ,0,1,0,0,0,inner_train
0,12882,grePRQ8zonA$_$1,grePRQ8zonA,0,1,0,0,2.333333254,inner_train
0,12883,grePRQ8zonA$_$2,grePRQ8zonA,0,1,0,0,0.3333333433,inner_train
0,12884,grePRQ8zonA$_$5,grePRQ8zonA,0,1,0,0,0.3333333433,inner_train
0,12885,grePRQ8zonA$_$4,grePRQ8zonA,0,1,0,0,1,inner_train
0,12886,grePRQ8zonA$_$6,grePRQ8zonA,0,1,0,0,2,inner_train
0,12897,gvrfI9e5xHQ$_$9,gvrfI9e5xHQ,0,1,0,1,-0.3333333433,inner_train
0,12898,gzZ8NTeTzRs$_$1,gzZ8NTeTzRs,0,1,1,0,0,outer
0,12899,gzZ8NTeTzRs$_$2,gzZ8NTeTzRs,0,1,1,0,0.6666666865,outer
0,12968,hIQhkTjNaQc$_$1,hIQhkTjNaQc,0,0,0,0,0,inner_valid
0,12969,hIQhkTjNaQc$_$8,hIQhkTjNaQc,0,0,0,0,0,inner_valid
0,12970,hIQhkTjNaQc$_$13,hIQhkTjNaQc,0,0,0,0,0.3333333433,inner_valid
0,12971,hIQhkTjNaQc$_$3,hIQhkTjNaQc,0,0,0,0,0.6666666865,inner_valid
0,12972,hIQhkTjNaQc$_$11,hIQhkTjNaQc,0,0,0,0,0.3333333433,inner_valid
0,12978,hSEfYcIjIr4$_$1,hSEfYcIjIr4,0,0,0,0,1,inner_train
0,12979,hSEfYcIjIr4$_$2,hSEfYcIjIr4,0,0,0,0,0.6666666865,inner_train
0,12980,hSgKOKK3L8M$_$1,hSgKOKK3L8M,0,1,1,0,0.3333333433,inner_train
0,12981,hSgKOKK3L8M$_$0,hSgKOKK3L8M,0,1,1,0,0.3333333433,inner_train
0,12982,hSgKOKK3L8M$_$3,hSgKOKK3L8M,0,1,1,0,0.6666666865,inner_train
0,12983,hSgKOKK3L8M$_$2,hSgKOKK3L8M,0,1,1,0,0.3333333433,inner_train
0,12984,hSgKOKK3L8M$_$5,hSgKOKK3L8M,0,1,1,0,0,inner_train
0,12985,hSgKOKK3L8M$_$4,hSgKOKK3L8M,0,1,1,0,0.6666666865,inner_train
0,12986,hSgKOKK3L8M$_$7,hSgKOKK3L8M,0,1,1,0,1.333333373,inner_train
0,12987,hSgKOKK3L8M$_$8,hSgKOKK3L8M,0,1,1,0,1.333333373,inner_train
0,12988,hThsntvCk2s$_$8,hThsntvCk2s,0,1,0,0,1,outer
0,12989,hThsntvCk2s$_$2,hThsntvCk2s,0,1,0,0,1.333333373,outer
0,12990,hThsntvCk2s$_$6,hThsntvCk2s,0,1,0,0,0.3333333433,outer
0,12993,hawztAtYHCE$_$1,hawztAtYHCE,0,1,0,1,0.3333333433,inner_train
0,12994,hawztAtYHCE$_$10,hawztAtYHCE,0,1,0,1,1,inner_train
0,12995,hawztAtYHCE$_$9,hawztAtYHCE,0,1,0,1,1.333333373,inner_train
0,12996,hawztAtYHCE$_$4,hawztAtYHCE,0,1,0,1,0.6666666865,inner_train
0,12997,hdLC4Ro977Q$_$0,hdLC4Ro977Q,0,1,0,0,1.666666627,inner_valid
0,12998,hdLC4Ro977Q$_$5,hdLC4Ro977Q,0,1,0,0,-0.6666666865,inner_valid
0,13012,hfVXx8hfKak$_$11,hfVXx8hfKak,0,1,0,0,1,inner_train
0,13013,hfVXx8hfKak$_$16,hfVXx8hfKak,0,1,0,0,-1.333333373,inner_train
0,13014,hfVXx8hfKak$_$1,hfVXx8hfKak,0,1,0,0,0.3333333433,inner_train
0,13015,hfVXx8hfKak$_$0,hfVXx8hfKak,0,1,0,0,2,inner_train
0,13016,hfVXx8hfKak$_$3,hfVXx8hfKak,0,1,0,0,-1.666666627,inner_train
0,13017,hfVXx8hfKak$_$2,hfVXx8hfKak,0,1,0,0,-2.333333254,inner_train
0,13018,hfVXx8hfKak$_$5,hfVXx8hfKak,0,1,0,0,-1.666666627,inner_train
0,13019,hfVXx8hfKak$_$4,hfVXx8hfKak,0,1,0,0,-2.666666746,inner_train
0,13020,hfVXx8hfKak$_$9,hfVXx8hfKak,0,1,0,0,-2,inner_train
0,13021,hfvmQuhqMmY$_$11,hfvmQuhqMmY,0,0,0,0,2.333333254,inner_train
0,13022,hfvmQuhqMmY$_$13,hfvmQuhqMmY,0,0,0,0,1.666666627,inner_train
0,13023,hfvmQuhqMmY$_$17,hfvmQuhqMmY,0,0,0,0,3,inner_train
0,13024,hfvmQuhqMmY$_$16,hfvmQuhqMmY,0,0,0,0,2.333333254,inner_train
0,13025,hfvmQuhqMmY$_$1,hfvmQuhqMmY,0,0,0,0,1.666666627,inner_train
0,13026,hfvmQuhqMmY$_$4,hfvmQuhqMmY,0,0,0,0,2,inner_train
0,13027,hfvmQuhqMmY$_$9,hfvmQuhqMmY,0,0,0,0,1.666666627,inner_train
0,13028,hfvmQuhqMmY$_$8,hfvmQuhqMmY,0,0,0,0,2,inner_train
0,13029,hh04W3xXa5s$_$1,hh04W3xXa5s,0,0,0,0,1,inner_train
0,13030,hh04W3xXa5s$_$0,hh04W3xXa5s,0,0,0,0,1,inner_train
0,13031,hh04W3xXa5s$_$2,hh04W3xXa5s,0,0,0,0,-0.3333333433,inner_train
0,13036,hjBQmIWiWgw$_$10,hjBQmIWiWgw,0,0,1,0,0,inner_train
0,13037,hjBQmIWiWgw$_$1,hjBQmIWiWgw,0,0,1,0,0.6666666865,inner_train
0,13038,hjBQmIWiWgw$_$0,hjBQmIWiWgw,0,0,1,0,1,inner_train
0,13039,hjBQmIWiWgw$_$3,hjBQmIWiWgw,0,0,1,0,0.6666666865,inner_train
0,13040,hjBQmIWiWgw$_$2,hjBQmIWiWgw,0,0,1,0,0.3333333433,inner_train
0,13041,hjBQmIWiWgw$_$5,hjBQmIWiWgw,0,0,1,0,0.3333333433,inner_train
0,13042,hjBQmIWiWgw$_$4,hjBQmIWiWgw,0,0,1,0,1.666666627,inner_train
0,13043,hjBQmIWiWgw$_$7,hjBQmIWiWgw,0,0,1,0,1.333333373,inner_train
0,13044,hjBQmIWiWgw$_$6,hjBQmIWiWgw,0,0,1,0,-1,inner_train
0,13045,hjBQmIWiWgw$_$9,hjBQmIWiWgw,0,0,1,0,-0.6666666865,inner_train
0,13046,hjBQmIWiWgw$_$8,hjBQmIWiWgw,0,0,1,0,-0.3333333433,inner_train
0,13047,hkGN5q3OOCE$_$8,hkGN5q3OOCE,0,1,0,0,-0.6666666865,inner_valid
0,13048,hkGN5q3OOCE$_$7,hkGN5q3OOCE,0,1,0,0,0.6666666865,inner_valid
0,13049,hlBOP5NskhM$_$11,hlBOP5NskhM,0,0,0,0,1.333333373,inner_train
0,13050,hlBOP5NskhM$_$10,hlBOP5NskhM,0,0,0,0,2,inner_train
0,13051,hlBOP5NskhM$_$13,hlBOP5NskhM,0,0,0,0,2,inner_train
0,13052,hlBOP5NskhM$_$12,hlBOP5NskhM,0,0,0,0,1,inner_train
0,13053,hlBOP5NskhM$_$1,hlBOP5NskhM,0,0,0,0,0,inner_train
0,13054,hlBOP5NskhM$_$0,hlBOP5NskhM,0,0,0,0,1.666666627,inner_train
0,13055,hlBOP5NskhM$_$3,hlBOP5NskhM,0,0,0,0,1,inner_train
0,13056,hlBOP5NskhM$_$2,hlBOP5NskhM,0,0,0,0,0,inner_train
0,13057,hlBOP5NskhM$_$5,hlBOP5NskhM,0,0,0,0,1.666666627,inner_train
0,13058,hlBOP5NskhM$_$4,hlBOP5NskhM,0,0,0,0,0.6666666865,inner_train
0,13059,hlBOP5NskhM$_$7,hlBOP5NskhM,0,0,0,0,1,inner_train
0,13060,hlBOP5NskhM$_$8,hlBOP5NskhM,0,0,0,0,1.333333373,inner_train
0,13065,hmjfBZGGZR8$_$1,hmjfBZGGZR8,0,0,0,0,2.666666746,inner_train
0,13066,hmjfBZGGZR8$_$0,hmjfBZGGZR8,0,0,0,0,1,inner_train
0,13083,hyazktfsZew$_$24,hyazktfsZew,0,0,0,0,0,inner_valid
0,13084,hyazktfsZew$_$25,hyazktfsZew,0,0,0,0,0.3333333433,inner_valid
0,13085,hyazktfsZew$_$26,hyazktfsZew,0,0,0,0,1,inner_valid
0,13086,hyazktfsZew$_$27,hyazktfsZew,0,0,0,0,1.333333373,inner_valid
0,13087,hyazktfsZew$_$20,hyazktfsZew,0,0,0,0,0.3333333433,inner_valid
0,13088,hyazktfsZew$_$21,hyazktfsZew,0,0,0,0,0.6666666865,inner_valid
0,13089,hyazktfsZew$_$22,hyazktfsZew,0,0,0,0,1,inner_valid
0,13090,hyazktfsZew$_$23,hyazktfsZew,0,0,0,0,0,inner_valid
0,13091,hyazktfsZew$_$28,hyazktfsZew,0,0,0,0,0.3333333433,inner_valid
0,13092,hyazktfsZew$_$29,hyazktfsZew,0,0,0,0,-0.6666666865,inner_valid
0,13093,hyazktfsZew$_$1,hyazktfsZew,0,0,0,0,-0.3333333433,inner_valid
0,13094,hyazktfsZew$_$0,hyazktfsZew,0,0,0,0,0,inner_valid
0,13095,hyazktfsZew$_$3,hyazktfsZew,0,0,0,0,-0.6666666865,inner_valid
0,13096,hyazktfsZew$_$2,hyazktfsZew,0,0,0,0,-1,inner_valid
0,13097,hyazktfsZew$_$5,hyazktfsZew,0,0,0,0,0,inner_valid
0,13098,hyazktfsZew$_$4,hyazktfsZew,0,0,0,0,0,inner_valid
0,13099,hyazktfsZew$_$7,hyazktfsZew,0,0,0,0,-0.3333333433,inner_valid
0,13100,hyazktfsZew$_$6,hyazktfsZew,0,0,0,0,0,inner_valid
0,13101,hyazktfsZew$_$9,hyazktfsZew,0,0,0,0,-0.6666666865,inner_valid
0,13102,hyazktfsZew$_$8,hyazktfsZew,0,0,0,0,-0.6666666865,inner_valid
0,13103,hyazktfsZew$_$11,hyazktfsZew,0,0,0,0,0,inner_valid
0,13104,hyazktfsZew$_$10,hyazktfsZew,0,0,0,0,1.333333373,inner_valid
0,13105,hyazktfsZew$_$13,hyazktfsZew,0,0,0,0,0.3333333433,inner_valid
0,13106,hyazktfsZew$_$12,hyazktfsZew,0,0,0,0,0.3333333433,inner_valid
0,13107,hyazktfsZew$_$15,hyazktfsZew,0,0,0,0,0,inner_valid
0,13108,hyazktfsZew$_$14,hyazktfsZew,0,0,0,0,0.3333333433,inner_valid
0,13109,hyazktfsZew$_$17,hyazktfsZew,0,0,0,0,0.3333333433,inner_valid
0,13110,hyazktfsZew$_$16,hyazktfsZew,0,0,0,0,1.333333373,inner_valid
0,13111,hyazktfsZew$_$19,hyazktfsZew,0,0,0,0,-0.6666666865,inner_valid
0,13112,hyazktfsZew$_$18,hyazktfsZew,0,0,0,0,0.3333333433,inner_valid
0,13113,hyazktfsZew$_$31,hyazktfsZew,0,0,0,0,1,inner_valid
0,13114,hyazktfsZew$_$30,hyazktfsZew,0,0,0,0,0.3333333433,inner_valid
0,13115,hyazktfsZew$_$33,hyazktfsZew,0,0,0,0,0,inner_valid
0,13116,hyazktfsZew$_$32,hyazktfsZew,0,0,0,0,2,inner_valid
0,13117,i5bmKlHv-SA$_$3,i5bmKlHv-SA,0,1,0,0,0.6666666865,inner_train
0,13118,i5bmKlHv-SA$_$4,i5bmKlHv-SA,0,1,0,0,0.6666666865,inner_train
0,13119,i5of7ZTkyfw$_$3,i5of7ZTkyfw,0,1,0,0,0.3333333433,inner_train
0,13120,i5of7ZTkyfw$_$2,i5of7ZTkyfw,0,1,0,0,0,inner_train
0,13121,i5of7ZTkyfw$_$4,i5of7ZTkyfw,0,1,0,0,-0.3333333433,inner_train
0,13122,i5of7ZTkyfw$_$7,i5of7ZTkyfw,0,1,0,0,1,inner_train
0,13123,i6UngvEEuNs$_$2,i6UngvEEuNs,0,1,0,0,-1.333333373,inner_train
0,13129,iEOBNT0HFtU$_$12,iEOBNT0HFtU,0,0,0,0,2.333333254,outer
0,13130,iEOBNT0HFtU$_$15,iEOBNT0HFtU,0,0,0,0,-0.3333333433,outer
0,13131,iEOBNT0HFtU$_$14,iEOBNT0HFtU,0,0,0,0,1.333333373,outer
0,13132,iEOBNT0HFtU$_$17,iEOBNT0HFtU,0,0,0,0,-0.3333333433,outer
0,13133,iEOBNT0HFtU$_$16,iEOBNT0HFtU,0,0,0,0,1.666666627,outer
0,13134,iEOBNT0HFtU$_$1,iEOBNT0HFtU,0,0,0,0,1,outer
0,13135,iEOBNT0HFtU$_$0,iEOBNT0HFtU,0,0,0,0,1.333333373,outer
0,13136,iEOBNT0HFtU$_$3,iEOBNT0HFtU,0,0,0,0,0,outer
0,13137,iEOBNT0HFtU$_$2,iEOBNT0HFtU,0,0,0,0,0.6666666865,outer
0,13138,iEOBNT0HFtU$_$5,iEOBNT0HFtU,0,0,0,0,-1.666666627,outer
0,13139,iEOBNT0HFtU$_$7,iEOBNT0HFtU,0,0,0,0,0,outer
0,13140,iEOBNT0HFtU$_$6,iEOBNT0HFtU,0,0,0,0,-0.6666666865,outer
0,13141,iEOBNT0HFtU$_$9,iEOBNT0HFtU,0,0,0,0,1.666666627,outer
0,13142,iFGoQUh81as$_$8,iFGoQUh81as,0,0,0,0,0.3333333433,inner_train
0,13166,iMss8xBhFiI$_$11,iMss8xBhFiI,0,0,0,0,1,inner_train
0,13167,iMss8xBhFiI$_$10,iMss8xBhFiI,0,0,0,0,-1.333333373,inner_train
0,13168,iMss8xBhFiI$_$13,iMss8xBhFiI,0,0,0,0,0.6666666865,inner_train
0,13169,iMss8xBhFiI$_$12,iMss8xBhFiI,0,0,0,0,0.6666666865,inner_train
0,13170,iMss8xBhFiI$_$1,iMss8xBhFiI,0,0,0,0,1.666666627,inner_train
0,13171,iMss8xBhFiI$_$7,iMss8xBhFiI,0,0,0,0,0.6666666865,inner_train
0,13172,iMss8xBhFiI$_$6,iMss8xBhFiI,0,0,0,0,0.6666666865,inner_train
0,13173,iMss8xBhFiI$_$9,iMss8xBhFiI,0,0,0,0,0.3333333433,inner_train
0,13174,iMss8xBhFiI$_$8,iMss8xBhFiI,0,0,0,0,0.6666666865,inner_train
0,13175,iO34hER47xA$_$1,iO34hER47xA,0,1,0,0,0.6666666865,inner_train
0,13176,iO34hER47xA$_$3,iO34hER47xA,0,1,0,0,1.666666627,inner_train
0,13177,iO34hER47xA$_$2,iO34hER47xA,0,1,0,0,0.3333333433,inner_train
0,13178,iO34hER47xA$_$5,iO34hER47xA,0,1,0,0,2,inner_train
0,13179,iO34hER47xA$_$4,iO34hER47xA,0,1,0,0,2,inner_train
0,13180,iR1Os7FVGHs$_$1,iR1Os7FVGHs,0,1,1,0,-0.6666666865,inner_valid
0,13181,iR1Os7FVGHs$_$4,iR1Os7FVGHs,0,1,1,0,-0.3333333433,inner_valid
0,13182,iR1Os7FVGHs$_$6,iR1Os7FVGHs,0,1,1,0,0,inner_valid
0,13193,iS91daVpH2E$_$10,iS91daVpH2E,0,0,0,0,0.3333333433,inner_train
0,13194,iS91daVpH2E$_$0,iS91daVpH2E,0,0,0,0,1.666666627,inner_train
0,13195,iS91daVpH2E$_$3,iS91daVpH2E,0,0,0,0,0.3333333433,inner_train
0,13196,iS91daVpH2E$_$5,iS91daVpH2E,0,0,0,0,0.6666666865,inner_train
0,13197,iS91daVpH2E$_$7,iS91daVpH2E,0,0,0,0,0,inner_train
0,13198,iS91daVpH2E$_$6,iS91daVpH2E,0,0,0,0,1.333333373,inner_train
0,13199,iS91daVpH2E$_$8,iS91daVpH2E,0,0,0,0,1.666666627,inner_train
0,13200,iWBx0CP9JqA$_$3,iWBx0CP9JqA,0,1,0,0,1,inner_train
0,13201,iWBx0CP9JqA$_$2,iWBx0CP9JqA,0,1,0,0,0.3333333433,inner_train
0,13244,io85pRFj_dw$_$1,io85pRFj_dw,0,1,0,0,0.6666666865,inner_train
0,13245,io85pRFj_dw$_$10,io85pRFj_dw,0,1,0,0,1,inner_train
0,13263,izFBeXMTgds$_$11,izFBeXMTgds,0,0,1,0,1,inner_valid
0,13264,izFBeXMTgds$_$15,izFBeXMTgds,0,0,1,0,-0.3333333433,inner_valid
0,13265,izFBeXMTgds$_$14,izFBeXMTgds,0,0,1,0,1.333333373,inner_valid
0,13266,izFBeXMTgds$_$1,izFBeXMTgds,0,0,1,0,1.666666627,inner_valid
0,13267,izFBeXMTgds$_$2,izFBeXMTgds,0,0,1,0,-1.666666627,inner_valid
0,13268,izFBeXMTgds$_$5,izFBeXMTgds,0,0,1,0,-1.333333373,inner_valid
0,13269,izFBeXMTgds$_$7,izFBeXMTgds,0,0,1,0,0,inner_valid
0,13270,j4MpQ6CKoDE$_$2,j4MpQ6CKoDE,0,1,0,1,1,inner_valid
0,13271,j6R1NTrosuM$_$1,j6R1NTrosuM,0,1,0,0,2,inner_valid
0,13272,j6R1NTrosuM$_$0,j6R1NTrosuM,0,1,0,0,1.333333373,inner_valid
0,13273,j6R1NTrosuM$_$3,j6R1NTrosuM,0,1,0,0,1.333333373,inner_valid
0,13274,j6R1NTrosuM$_$2,j6R1NTrosuM,0,1,0,0,0.3333333433,inner_valid
0,13279,j9mRv472dq0$_$1,j9mRv472dq0,0,1,0,1,0,inner_train
0,13280,j9mRv472dq0$_$2,j9mRv472dq0,0,1,0,1,0,inner_train
0,13295,jNdvceZ4etc$_$1,jNdvceZ4etc,0,1,0,0,1,inner_train
0,13296,jNdvceZ4etc$_$0,jNdvceZ4etc,0,1,0,0,1.666666627,inner_train
0,13297,jNdvceZ4etc$_$3,jNdvceZ4etc,0,1,0,0,1.666666627,inner_train
0,13298,jNdvceZ4etc$_$2,jNdvceZ4etc,0,1,0,0,1.333333373,inner_train
0,13299,jNdvceZ4etc$_$5,jNdvceZ4etc,0,1,0,0,2.666666746,inner_train
0,13300,jNdvceZ4etc$_$4,jNdvceZ4etc,0,1,0,0,2,inner_train
0,13301,jNdvceZ4etc$_$7,jNdvceZ4etc,0,1,0,0,0.6666666865,inner_train
0,13302,jNdvceZ4etc$_$6,jNdvceZ4etc,0,1,0,0,2,inner_train
0,13303,jNdvceZ4etc$_$8,jNdvceZ4etc,0,1,0,0,1.333333373,inner_train
0,13304,jPGDFrQLD4I$_$2,jPGDFrQLD4I,0,0,0,0,-1,inner_train
0,13328,jV6qzF2YROc$_$15,jV6qzF2YROc,0,0,0,0,0.6666666865,outer
0,13329,jV6qzF2YROc$_$17,jV6qzF2YROc,0,0,0,0,1.666666627,outer
0,13330,jV6qzF2YROc$_$16,jV6qzF2YROc,0,0,0,0,1,outer
0,13331,jV6qzF2YROc$_$1,jV6qzF2YROc,0,0,0,0,0.6666666865,outer
0,13332,jV6qzF2YROc$_$0,jV6qzF2YROc,0,0,0,0,0.6666666865,outer
0,13333,jV6qzF2YROc$_$3,jV6qzF2YROc,0,0,0,0,0.6666666865,outer
0,13334,jV6qzF2YROc$_$2,jV6qzF2YROc,0,0,0,0,1,outer
0,13343,jXp595jj734$_$1,jXp595jj734,0,0,0,0,0.6666666865,inner_train
0,13344,jXp595jj734$_$0,jXp595jj734,0,0,0,0,1.333333373,inner_train
0,13361,jbJF3aphcP0$_$0,jbJF3aphcP0,0,0,0,0,1.666666627,inner_train
0,13392,jfSGWBfVNBI$_$1,jfSGWBfVNBI,0,0,0,0,0.3333333433,outer
0,13393,jfSGWBfVNBI$_$4,jfSGWBfVNBI,0,0,0,0,0,outer
0,13394,jgNu58Da9cs$_$1,jgNu58Da9cs,0,0,0,0,1,inner_train
0,13395,jgNu58Da9cs$_$0,jgNu58Da9cs,0,0,0,0,-0.3333333433,inner_train
0,13396,jgNu58Da9cs$_$2,jgNu58Da9cs,0,0,0,0,0.3333333433,inner_train
0,13397,jgNu58Da9cs$_$4,jgNu58Da9cs,0,0,0,0,0.3333333433,inner_train
0,13398,jgNu58Da9cs$_$7,jgNu58Da9cs,0,0,0,0,0.6666666865,inner_train
0,13399,jgNu58Da9cs$_$6,jgNu58Da9cs,0,0,0,0,0,inner_train
0,13400,jhb6SV2dQzg$_$0,jhb6SV2dQzg,0,0,0,0,-1,inner_train
0,13435,juI9KoLA87A$_$11,juI9KoLA87A,0,1,0,0,1.333333373,inner_train
0,13436,juI9KoLA87A$_$10,juI9KoLA87A,0,1,0,0,2.666666746,inner_train
0,13437,juI9KoLA87A$_$12,juI9KoLA87A,0,1,0,0,2,inner_train
0,13438,juI9KoLA87A$_$15,juI9KoLA87A,0,1,0,0,1.333333373,inner_train
0,13439,juI9KoLA87A$_$14,juI9KoLA87A,0,1,0,0,1,inner_train
0,13440,juI9KoLA87A$_$17,juI9KoLA87A,0,1,0,0,2.333333254,inner_train
0,13441,juI9KoLA87A$_$18,juI9KoLA87A,0,1,0,0,3,inner_train
0,13442,juI9KoLA87A$_$1,juI9KoLA87A,0,1,0,0,0.3333333433,inner_train
0,13443,juI9KoLA87A$_$0,juI9KoLA87A,0,1,0,0,0.6666666865,inner_train
0,13444,juI9KoLA87A$_$3,juI9KoLA87A,0,1,0,0,-0.3333333433,inner_train
0,13445,juI9KoLA87A$_$2,juI9KoLA87A,0,1,0,0,-0.3333333433,inner_train
0,13446,juI9KoLA87A$_$5,juI9KoLA87A,0,1,0,0,0.3333333433,inner_train
0,13447,juI9KoLA87A$_$4,juI9KoLA87A,0,1,0,0,0.3333333433,inner_train
0,13448,juI9KoLA87A$_$7,juI9KoLA87A,0,1,0,0,0.3333333433,inner_train
0,13449,jzNIU-w0MVo$_$11,jzNIU-w0MVo,0,0,1,0,0,inner_train
0,13450,jzNIU-w0MVo$_$13,jzNIU-w0MVo,0,0,1,0,0,inner_train
0,13451,jzNIU-w0MVo$_$12,jzNIU-w0MVo,0,0,1,0,-0.3333333433,inner_train
0,13452,jzNIU-w0MVo$_$15,jzNIU-w0MVo,0,0,1,0,1,inner_train
0,13453,jzNIU-w0MVo$_$14,jzNIU-w0MVo,0,0,1,0,-0.3333333433,inner_train
0,13454,jzNIU-w0MVo$_$16,jzNIU-w0MVo,0,0,1,0,0,inner_train
0,13455,jzNIU-w0MVo$_$19,jzNIU-w0MVo,0,0,1,0,0,inner_train
0,13456,jzNIU-w0MVo$_$3,jzNIU-w0MVo,0,0,1,0,-0.3333333433,inner_train
0,13457,jzNIU-w0MVo$_$7,jzNIU-w0MVo,0,0,1,0,-0.6666666865,inner_train
0,13458,jzNIU-w0MVo$_$9,jzNIU-w0MVo,0,0,1,0,0,inner_train
0,13459,jzNIU-w0MVo$_$8,jzNIU-w0MVo,0,0,1,0,1.333333373,inner_train
0,13460,k0cGUNUHuyY$_$0,k0cGUNUHuyY,0,0,0,0,-1.333333373,outer
0,13467,k4T6GaDrcjs$_$11,k4T6GaDrcjs,0,0,0,1,0.3333333433,inner_train
0,13468,k4T6GaDrcjs$_$1,k4T6GaDrcjs,0,0,0,1,-0.6666666865,inner_train
0,13469,k4T6GaDrcjs$_$0,k4T6GaDrcjs,0,0,0,1,0.6666666865,inner_train
0,13470,k4T6GaDrcjs$_$3,k4T6GaDrcjs,0,0,0,1,1.333333373,inner_train
0,13471,k4T6GaDrcjs$_$2,k4T6GaDrcjs,0,0,0,1,1.333333373,inner_train
0,13472,k4T6GaDrcjs$_$5,k4T6GaDrcjs,0,0,0,1,0.3333333433,inner_train
0,13473,k4T6GaDrcjs$_$4,k4T6GaDrcjs,0,0,0,1,1.333333373,inner_train
0,13474,k4T6GaDrcjs$_$7,k4T6GaDrcjs,0,0,0,1,-0.6666666865,inner_train
0,13475,k4T6GaDrcjs$_$6,k4T6GaDrcjs,0,0,0,1,-1.333333373,inner_train
0,13476,k4T6GaDrcjs$_$9,k4T6GaDrcjs,0,0,0,1,0,inner_train
0,13477,k4T6GaDrcjs$_$8,k4T6GaDrcjs,0,0,0,1,-0.3333333433,inner_train
0,13492,kCQqLNiO0mk$_$11,kCQqLNiO0mk,0,0,1,0,-1,inner_train
0,13493,kCQqLNiO0mk$_$13,kCQqLNiO0mk,0,0,1,0,0.6666666865,inner_train
0,13494,kCQqLNiO0mk$_$12,kCQqLNiO0mk,0,0,1,0,0.6666666865,inner_train
0,13495,kCQqLNiO0mk$_$15,kCQqLNiO0mk,0,0,1,0,1.333333373,inner_train
0,13496,kCQqLNiO0mk$_$14,kCQqLNiO0mk,0,0,1,0,-0.3333333433,inner_train
0,13497,kCQqLNiO0mk$_$17,kCQqLNiO0mk,0,0,1,0,-1.333333373,inner_train
0,13498,kCQqLNiO0mk$_$16,kCQqLNiO0mk,0,0,1,0,-0.3333333433,inner_train
0,13499,kCQqLNiO0mk$_$1,kCQqLNiO0mk,0,0,1,0,0.3333333433,inner_train
0,13500,kCQqLNiO0mk$_$0,kCQqLNiO0mk,0,0,1,0,1,inner_train
0,13501,kCQqLNiO0mk$_$3,kCQqLNiO0mk,0,0,1,0,-0.3333333433,inner_train
0,13502,kCQqLNiO0mk$_$2,kCQqLNiO0mk,0,0,1,0,-1,inner_train
0,13503,kCQqLNiO0mk$_$7,kCQqLNiO0mk,0,0,1,0,-1.666666627,inner_train
0,13504,kCQqLNiO0mk$_$6,kCQqLNiO0mk,0,0,1,0,0,inner_train
0,13505,kCQqLNiO0mk$_$9,kCQqLNiO0mk,0,0,1,0,0,inner_train
0,13506,kCQqLNiO0mk$_$8,kCQqLNiO0mk,0,0,1,0,0.3333333433,inner_train
0,13516,kM6wo2bb3nw$_$0,kM6wo2bb3nw,0,1,0,0,1,inner_valid
0,13517,kM6wo2bb3nw$_$2,kM6wo2bb3nw,0,1,0,0,0.6666666865,inner_valid
0,13518,kM6wo2bb3nw$_$4,kM6wo2bb3nw,0,1,0,0,-0.3333333433,inner_valid
0,13533,kRs39SO-neY$_$1,kRs39SO-neY,0,1,0,0,0.3333333433,inner_train
0,13534,kRs39SO-neY$_$4,kRs39SO-neY,0,1,0,0,-1.333333373,inner_train
0,13535,kRs39SO-neY$_$17,kRs39SO-neY,0,1,0,0,0.6666666865,inner_train
0,13536,kRs39SO-neY$_$23,kRs39SO-neY,0,1,0,0,0,inner_train
0,13537,kRsA87VU6EQ$_$0,kRsA87VU6EQ,0,1,0,0,0,inner_train
0,13538,kSooCdVTI6E$_$1,kSooCdVTI6E,0,0,0,0,0.3333333433,inner_train
0,13539,kSooCdVTI6E$_$0,kSooCdVTI6E,0,0,0,0,1,inner_train
0,13540,kSooCdVTI6E$_$3,kSooCdVTI6E,0,0,0,0,-0.3333333433,inner_train
0,13541,kSooCdVTI6E$_$2,kSooCdVTI6E,0,0,0,0,0,inner_train
0,13542,kSooCdVTI6E$_$5,kSooCdVTI6E,0,0,0,0,0,inner_train
0,13543,kSooCdVTI6E$_$4,kSooCdVTI6E,0,0,0,0,0,inner_train
0,13555,kY64gXOapYk$_$9,kY64gXOapYk,0,0,0,1,0,inner_train
0,13556,kY64gXOapYk$_$0,kY64gXOapYk,0,0,0,1,0.6666666865,inner_train
0,13557,kY64gXOapYk$_$3,kY64gXOapYk,0,0,0,1,0.6666666865,inner_train
0,13558,kY64gXOapYk$_$4,kY64gXOapYk,0,0,0,1,0.6666666865,inner_train
0,13559,kY64gXOapYk$_$8,kY64gXOapYk,0,0,0,1,0,inner_train
0,13560,kZfcQ4a0kx4$_$10,kZfcQ4a0kx4,0,0,0,0,1,outer
0,13561,kZfcQ4a0kx4$_$13,kZfcQ4a0kx4,0,0,0,0,0,outer
0,13562,kZfcQ4a0kx4$_$12,kZfcQ4a0kx4,0,0,0,0,0.3333333433,outer
0,13563,kZfcQ4a0kx4$_$20,kZfcQ4a0kx4,0,0,0,0,1,outer
0,13564,kZfcQ4a0kx4$_$21,kZfcQ4a0kx4,0,0,0,0,1.333333373,outer
0,13565,kZfcQ4a0kx4$_$16,kZfcQ4a0kx4,0,0,0,0,1.666666627,outer
0,13566,kZfcQ4a0kx4$_$19,kZfcQ4a0kx4,0,0,0,0,2,outer
0,13567,kZfcQ4a0kx4$_$1,kZfcQ4a0kx4,0,0,0,0,1.333333373,outer
0,13568,kZfcQ4a0kx4$_$0,kZfcQ4a0kx4,0,0,0,0,2,outer
0,13569,kZfcQ4a0kx4$_$3,kZfcQ4a0kx4,0,0,0,0,2,outer
0,13570,kZfcQ4a0kx4$_$5,kZfcQ4a0kx4,0,0,0,0,1.333333373,outer
0,13571,kZfcQ4a0kx4$_$7,kZfcQ4a0kx4,0,0,0,0,1,outer
0,13572,kZfcQ4a0kx4$_$8,kZfcQ4a0kx4,0,0,0,0,2.333333254,outer
0,13573,kZfcQ4a0kx4$_$15,kZfcQ4a0kx4,0,0,0,0,1.666666627,outer
0,13574,kcIGTPHEsNo$_$25,kcIGTPHEsNo,0,1,0,0,2,inner_train
0,13575,kcIGTPHEsNo$_$26,kcIGTPHEsNo,0,1,0,0,2,inner_train
0,13576,kcIGTPHEsNo$_$20,kcIGTPHEsNo,0,1,0,0,3,inner_train
0,13577,kcIGTPHEsNo$_$14,kcIGTPHEsNo,0,1,0,0,1.666666627,inner_train
0,13578,kcIGTPHEsNo$_$17,kcIGTPHEsNo,0,1,0,0,1.666666627,inner_train
0,13579,kcIGTPHEsNo$_$16,kcIGTPHEsNo,0,1,0,0,2,inner_train
0,13580,kcIGTPHEsNo$_$19,kcIGTPHEsNo,0,1,0,0,1.666666627,inner_train
0,13581,kcIGTPHEsNo$_$13,kcIGTPHEsNo,0,1,0,0,2,inner_train
0,13582,kcIGTPHEsNo$_$1,kcIGTPHEsNo,0,1,0,0,1,inner_train
0,13583,kcIGTPHEsNo$_$7,kcIGTPHEsNo,0,1,0,0,2,inner_train
0,13584,kcIGTPHEsNo$_$6,kcIGTPHEsNo,0,1,0,0,2.333333254,inner_train
0,13585,kcIGTPHEsNo$_$10,kcIGTPHEsNo,0,1,0,0,2,inner_train
0,13586,kddCewAsxfA$_$1,kddCewAsxfA,0,0,0,0,0,inner_train
0,13587,kddCewAsxfA$_$0,kddCewAsxfA,0,0,0,0,0.6666666865,inner_train
0,13588,kddCewAsxfA$_$5,kddCewAsxfA,0,0,0,0,0.3333333433,inner_train
0,13589,kddCewAsxfA$_$6,kddCewAsxfA,0,0,0,0,-1,inner_train
0,13592,kh6eynD9OIk$_$11,kh6eynD9OIk,0,0,0,1,0,inner_valid
0,13593,kh6eynD9OIk$_$10,kh6eynD9OIk,0,0,0,1,0.3333333433,inner_valid
0,13594,kh6eynD9OIk$_$13,kh6eynD9OIk,0,0,0,1,-1.333333373,inner_valid
0,13595,kh6eynD9OIk$_$12,kh6eynD9OIk,0,0,0,1,-1.333333373,inner_valid
0,13596,kh6eynD9OIk$_$14,kh6eynD9OIk,0,0,0,1,-2.666666746,inner_valid
0,13597,kh6eynD9OIk$_$1,kh6eynD9OIk,0,0,0,1,0.6666666865,inner_valid
0,13598,kh6eynD9OIk$_$0,kh6eynD9OIk,0,0,0,1,0,inner_valid
0,13599,kh6eynD9OIk$_$3,kh6eynD9OIk,0,0,0,1,-0.6666666865,inner_valid
0,13600,kh6eynD9OIk$_$2,kh6eynD9OIk,0,0,0,1,-0.3333333433,inner_valid
0,13601,kh6eynD9OIk$_$5,kh6eynD9OIk,0,0,0,1,-2,inner_valid
0,13602,kh6eynD9OIk$_$4,kh6eynD9OIk,0,0,0,1,-0.6666666865,inner_valid
0,13603,kh6eynD9OIk$_$7,kh6eynD9OIk,0,0,0,1,-1.666666627,inner_valid
0,13604,kh6eynD9OIk$_$6,kh6eynD9OIk,0,0,0,1,-1.333333373,inner_valid
0,13605,kh6eynD9OIk$_$9,kh6eynD9OIk,0,0,0,1,-2.333333254,inner_valid
0,13606,kh6eynD9OIk$_$8,kh6eynD9OIk,0,0,0,1,-2.333333254,inner_valid
0,13634,kj63uF0RhW8$_$1,kj63uF0RhW8,0,1,0,0,0,outer
0,13635,kj63uF0RhW8$_$7,kj63uF0RhW8,0,1,0,0,0,outer
0,13636,kjQAkrdbREk$_$1,kjQAkrdbREk,0,1,0,0,-2.333333254,inner_train
0,13637,kjQAkrdbREk$_$3,kjQAkrdbREk,0,1,0,0,1.333333373,inner_train
0,13638,kjQAkrdbREk$_$2,kjQAkrdbREk,0,1,0,0,2,inner_train
0,13649,kqXpf26EL-s$_$11,kqXpf26EL-s,0,1,0,0,0.6666666865,inner_valid
0,13650,kqXpf26EL-s$_$10,kqXpf26EL-s,0,1,0,0,1,inner_valid
0,13651,kqXpf26EL-s$_$0,kqXpf26EL-s,0,1,0,0,-1.666666627,inner_valid
0,13652,kqXpf26EL-s$_$3,kqXpf26EL-s,0,1,0,0,0,inner_valid
0,13653,kqXpf26EL-s$_$2,kqXpf26EL-s,0,1,0,0,0.3333333433,inner_valid
0,13654,kqXpf26EL-s$_$5,kqXpf26EL-s,0,1,0,0,0,inner_valid
0,13655,kqXpf26EL-s$_$4,kqXpf26EL-s,0,1,0,0,0,inner_valid
0,13656,kqXpf26EL-s$_$7,kqXpf26EL-s,0,1,0,0,0,inner_valid
0,13657,kqXpf26EL-s$_$6,kqXpf26EL-s,0,1,0,0,-0.3333333433,inner_valid
0,13658,kqXpf26EL-s$_$8,kqXpf26EL-s,0,1,0,0,0.6666666865,inner_valid
0,13689,ku-dtUqCm2o$_$1,ku-dtUqCm2o,0,0,0,0,-0.6666666865,inner_train
0,13690,ku-dtUqCm2o$_$5,ku-dtUqCm2o,0,0,0,0,0,inner_train
0,13703,kx544gnOZB0$_$0,kx544gnOZB0,0,1,0,0,-0.6666666865,inner_valid
0,13704,kx544gnOZB0$_$3,kx544gnOZB0,0,1,0,0,0,inner_valid
0,13714,ky7Q5onqxGw$_$0,ky7Q5onqxGw,0,0,0,0,0,outer
0,13715,ky7Q5onqxGw$_$7,ky7Q5onqxGw,0,0,0,0,-1.333333373,outer
0,13716,ky7Q5onqxGw$_$6,ky7Q5onqxGw,0,0,0,0,0.3333333433,outer
0,13717,kyPepNmxaj8$_$8,kyPepNmxaj8,0,0,0,0,-1.333333373,inner_train
0,13718,kyPepNmxaj8$_$2,kyPepNmxaj8,0,0,0,0,0,inner_train
0,13719,kyPepNmxaj8$_$4,kyPepNmxaj8,0,0,0,0,-0.6666666865,inner_train
0,13721,kzmaKnujN64$_$1,kzmaKnujN64,0,1,1,0,0.3333333433,inner_train
0,13722,kzmaKnujN64$_$0,kzmaKnujN64,0,1,1,0,1.333333373,inner_train
0,13723,kzmaKnujN64$_$2,kzmaKnujN64,0,1,1,0,1,inner_train
0,13724,kzmaKnujN64$_$5,kzmaKnujN64,0,1,1,0,0.3333333433,inner_train
0,13725,kzmaKnujN64$_$4,kzmaKnujN64,0,1,1,0,1.333333373,inner_train
0,13726,kzmaKnujN64$_$7,kzmaKnujN64,0,1,1,0,0,inner_train
0,13727,kzmaKnujN64$_$6,kzmaKnujN64,0,1,1,0,-0.3333333433,inner_train
0,13728,l-nM_U1qpko$_$1,l-nM_U1qpko,0,0,0,0,-0.3333333433,outer
0,13729,l-nM_U1qpko$_$0,l-nM_U1qpko,0,0,0,0,-1.333333373,outer
0,13730,l-nM_U1qpko$_$3,l-nM_U1qpko,0,0,0,0,-0.6666666865,outer
0,13731,l-nM_U1qpko$_$2,l-nM_U1qpko,0,0,0,0,2.333333254,outer
0,13732,l-nM_U1qpko$_$5,l-nM_U1qpko,0,0,0,0,2.666666746,outer
0,13733,l-nM_U1qpko$_$4,l-nM_U1qpko,0,0,0,0,0.6666666865,outer
0,13734,l5_DDqck4Rs$_$0,l5_DDqck4Rs,0,1,0,0,0.3333333433,inner_train
0,13735,l8LTcZJ-_8k$_$20,l8LTcZJ-_8k,0,0,0,0,1.333333373,inner_train
0,13736,l8LTcZJ-_8k$_$21,l8LTcZJ-_8k,0,0,0,0,1.333333373,inner_train
0,13737,l8LTcZJ-_8k$_$22,l8LTcZJ-_8k,0,0,0,0,1.666666627,inner_train
0,13738,l8LTcZJ-_8k$_$23,l8LTcZJ-_8k,0,0,0,0,1.333333373,inner_train
0,13739,l8LTcZJ-_8k$_$0,l8LTcZJ-_8k,0,0,0,0,0,inner_train
0,13740,l8LTcZJ-_8k$_$3,l8LTcZJ-_8k,0,0,0,0,0.3333333433,inner_train
0,13741,l8LTcZJ-_8k$_$2,l8LTcZJ-_8k,0,0,0,0,1,inner_train
0,13742,l8LTcZJ-_8k$_$5,l8LTcZJ-_8k,0,0,0,0,1.333333373,inner_train
0,13743,l8LTcZJ-_8k$_$4,l8LTcZJ-_8k,0,0,0,0,0.3333333433,inner_train
0,13744,l8LTcZJ-_8k$_$7,l8LTcZJ-_8k,0,0,0,0,0.3333333433,inner_train
0,13745,l8LTcZJ-_8k$_$6,l8LTcZJ-_8k,0,0,0,0,1.333333373,inner_train
0,13746,l8LTcZJ-_8k$_$9,l8LTcZJ-_8k,0,0,0,0,1,inner_train
0,13747,l8LTcZJ-_8k$_$8,l8LTcZJ-_8k,0,0,0,0,1.666666627,inner_train
0,13748,l8LTcZJ-_8k$_$11,l8LTcZJ-_8k,0,0,0,0,1,inner_train
0,13749,l8LTcZJ-_8k$_$10,l8LTcZJ-_8k,0,0,0,0,1.333333373,inner_train
0,13750,l8LTcZJ-_8k$_$13,l8LTcZJ-_8k,0,0,0,0,0.6666666865,inner_train
0,13751,l8LTcZJ-_8k$_$12,l8LTcZJ-_8k,0,0,0,0,1.666666627,inner_train
0,13752,l8LTcZJ-_8k$_$15,l8LTcZJ-_8k,0,0,0,0,0.3333333433,inner_train
0,13753,l8LTcZJ-_8k$_$14,l8LTcZJ-_8k,0,0,0,0,-0.6666666865,inner_train
0,13754,l8LTcZJ-_8k$_$17,l8LTcZJ-_8k,0,0,0,0,0.6666666865,inner_train
0,13755,l8LTcZJ-_8k$_$16,l8LTcZJ-_8k,0,0,0,0,1.333333373,inner_train
0,13756,l8LTcZJ-_8k$_$19,l8LTcZJ-_8k,0,0,0,0,0.3333333433,inner_train
0,13757,l8LTcZJ-_8k$_$18,l8LTcZJ-_8k,0,0,0,0,0,inner_train
0,13798,lWvaIexY2WU$_$1,lWvaIexY2WU,0,1,0,0,-1.333333373,inner_train
0,13799,lWvaIexY2WU$_$0,lWvaIexY2WU,0,1,0,0,-1.666666627,inner_train
0,13800,lWvaIexY2WU$_$2,lWvaIexY2WU,0,1,0,0,1.333333373,inner_train
0,13801,lWvaIexY2WU$_$6,lWvaIexY2WU,0,1,0,0,0,inner_train
0,13802,laxadgca3Fo$_$0,laxadgca3Fo,0,1,0,0,0.6666666865,outer
0,13816,lo0R1mvjDT8$_$1,lo0R1mvjDT8,0,1,0,0,0.3333333433,inner_train
0,13817,lo0R1mvjDT8$_$0,lo0R1mvjDT8,0,1,0,0,0,inner_train
0,13818,lo0R1mvjDT8$_$3,lo0R1mvjDT8,0,1,0,0,1.333333373,inner_train
0,13819,lo0R1mvjDT8$_$2,lo0R1mvjDT8,0,1,0,0,0,inner_train
0,13820,lo0R1mvjDT8$_$5,lo0R1mvjDT8,0,1,0,0,0.3333333433,inner_train
0,13821,lo0R1mvjDT8$_$4,lo0R1mvjDT8,0,1,0,0,0,inner_train
0,13822,lp9vkkimXqg$_$11,lp9vkkimXqg,0,0,0,0,0,outer
0,13823,lp9vkkimXqg$_$10,lp9vkkimXqg,0,0,0,0,1.333333373,outer
0,13824,lp9vkkimXqg$_$13,lp9vkkimXqg,0,0,0,0,1.333333373,outer
0,13825,lp9vkkimXqg$_$12,lp9vkkimXqg,0,0,0,0,0.6666666865,outer
0,13826,lp9vkkimXqg$_$15,lp9vkkimXqg,0,0,0,0,0.6666666865,outer
0,13827,lp9vkkimXqg$_$14,lp9vkkimXqg,0,0,0,0,0.6666666865,outer
0,13828,lp9vkkimXqg$_$17,lp9vkkimXqg,0,0,0,0,1.666666627,outer
0,13829,lp9vkkimXqg$_$16,lp9vkkimXqg,0,0,0,0,0.6666666865,outer
0,13830,lp9vkkimXqg$_$19,lp9vkkimXqg,0,0,0,0,0.6666666865,outer
0,13831,lp9vkkimXqg$_$18,lp9vkkimXqg,0,0,0,0,1,outer
0,13832,lp9vkkimXqg$_$1,lp9vkkimXqg,0,0,0,0,0.6666666865,outer
0,13833,lp9vkkimXqg$_$0,lp9vkkimXqg,0,0,0,0,1.333333373,outer
0,13834,lp9vkkimXqg$_$3,lp9vkkimXqg,0,0,0,0,0,outer
0,13835,lp9vkkimXqg$_$2,lp9vkkimXqg,0,0,0,0,0.6666666865,outer
0,13836,lp9vkkimXqg$_$5,lp9vkkimXqg,0,0,0,0,0,outer
0,13837,lp9vkkimXqg$_$4,lp9vkkimXqg,0,0,0,0,-1,outer
0,13838,lp9vkkimXqg$_$7,lp9vkkimXqg,0,0,0,0,0.6666666865,outer
0,13839,lp9vkkimXqg$_$6,lp9vkkimXqg,0,0,0,0,0,outer
0,13840,lp9vkkimXqg$_$9,lp9vkkimXqg,0,0,0,0,0.3333333433,outer
0,13841,lp9vkkimXqg$_$20,lp9vkkimXqg,0,0,0,0,2,outer
0,13842,lp9vkkimXqg$_$8,lp9vkkimXqg,0,0,0,0,1.666666627,outer
0,13843,lpF-yBYou0s$_$3,lpF-yBYou0s,0,0,0,0,-0.6666666865,outer
0,13844,lpF-yBYou0s$_$5,lpF-yBYou0s,0,0,0,0,0,outer
0,13845,lpF-yBYou0s$_$4,lpF-yBYou0s,0,0,0,0,0,outer
0,13846,lpF-yBYou0s$_$6,lpF-yBYou0s,0,0,0,0,-1.666666627,outer
0,13848,luQfWSfb1s0$_$11,luQfWSfb1s0,0,0,0,0,0,inner_train
0,13849,luQfWSfb1s0$_$10,luQfWSfb1s0,0,0,0,0,1.333333373,inner_train
0,13850,luQfWSfb1s0$_$13,luQfWSfb1s0,0,0,0,0,1.333333373,inner_train
0,13851,luQfWSfb1s0$_$12,luQfWSfb1s0,0,0,0,0,0.3333333433,inner_train
0,13852,luQfWSfb1s0$_$15,luQfWSfb1s0,0,0,0,0,1.333333373,inner_train
0,13853,luQfWSfb1s0$_$14,luQfWSfb1s0,0,0,0,0,0.6666666865,inner_train
0,13854,luQfWSfb1s0$_$17,luQfWSfb1s0,0,0,0,0,1,inner_train
0,13855,luQfWSfb1s0$_$16,luQfWSfb1s0,0,0,0,0,0,inner_train
0,13856,luQfWSfb1s0$_$19,luQfWSfb1s0,0,0,0,0,0.6666666865,inner_train
0,13857,luQfWSfb1s0$_$18,luQfWSfb1s0,0,0,0,0,0.6666666865,inner_train
0,13858,luQfWSfb1s0$_$1,luQfWSfb1s0,0,0,0,0,2.333333254,inner_train
0,13859,luQfWSfb1s0$_$0,luQfWSfb1s0,0,0,0,0,1.333333373,inner_train
0,13860,luQfWSfb1s0$_$3,luQfWSfb1s0,0,0,0,0,1,inner_train
0,13861,luQfWSfb1s0$_$2,luQfWSfb1s0,0,0,0,0,0,inner_train
0,13862,luQfWSfb1s0$_$5,luQfWSfb1s0,0,0,0,0,1,inner_train
0,13863,luQfWSfb1s0$_$4,luQfWSfb1s0,0,0,0,0,1.666666627,inner_train
0,13864,luQfWSfb1s0$_$7,luQfWSfb1s0,0,0,0,0,1.333333373,inner_train
0,13865,luQfWSfb1s0$_$6,luQfWSfb1s0,0,0,0,0,1.666666627,inner_train
0,13866,luQfWSfb1s0$_$9,luQfWSfb1s0,0,0,0,0,1.666666627,inner_train
0,13867,luQfWSfb1s0$_$20,luQfWSfb1s0,0,0,0,0,1,inner_train
0,13868,luQfWSfb1s0$_$8,luQfWSfb1s0,0,0,0,0,1.333333373,inner_train
0,13872,lzyVWNrkgbQ$_$19,lzyVWNrkgbQ,0,0,0,0,0.3333333433,inner_train
0,13873,lzyVWNrkgbQ$_$9,lzyVWNrkgbQ,0,0,0,0,-0.3333333433,inner_train
0,13874,lzyVWNrkgbQ$_$15,lzyVWNrkgbQ,0,0,0,0,-0.3333333433,inner_train
0,13875,m0-DH0k115I$_$3,m0-DH0k115I,0,1,0,1,0.6666666865,inner_train
0,13876,m0-DH0k115I$_$2,m0-DH0k115I,0,1,0,1,1.333333373,inner_train
0,13877,m7SJs73SF8w$_$1,m7SJs73SF8w,0,1,0,0,0,inner_train
0,13878,m7SJs73SF8w$_$0,m7SJs73SF8w,0,1,0,0,1.333333373,inner_train
0,13879,m7SJs73SF8w$_$2,m7SJs73SF8w,0,1,0,0,-0.3333333433,inner_train
0,13880,m7SJs73SF8w$_$4,m7SJs73SF8w,0,1,0,0,1.333333373,inner_train
0,13891,mHEtr7PHxoA$_$1,mHEtr7PHxoA,0,1,0,0,1,inner_train
0,13892,mHEtr7PHxoA$_$0,mHEtr7PHxoA,0,1,0,0,0.3333333433,inner_train
0,13900,mI50zj8cTNw$_$1,mI50zj8cTNw,0,1,0,0,0,inner_train
0,13901,mI50zj8cTNw$_$8,mI50zj8cTNw,0,1,0,0,0.3333333433,inner_train
0,13902,mI50zj8cTNw$_$2,mI50zj8cTNw,0,1,0,0,0.3333333433,inner_train
0,13903,mI50zj8cTNw$_$4,mI50zj8cTNw,0,1,0,0,0.6666666865,inner_train
0,13904,mI50zj8cTNw$_$0,mI50zj8cTNw,0,1,0,0,0,inner_train
0,13905,mKP6TVuixWg$_$11,mKP6TVuixWg,0,0,1,0,-0.3333333433,inner_train
0,13906,mKP6TVuixWg$_$12,mKP6TVuixWg,0,0,1,0,0.6666666865,inner_train
0,13907,mKP6TVuixWg$_$15,mKP6TVuixWg,0,0,1,0,0.6666666865,inner_train
0,13908,mKP6TVuixWg$_$21,mKP6TVuixWg,0,0,1,0,0.3333333433,inner_train
0,13909,mKP6TVuixWg$_$18,mKP6TVuixWg,0,0,1,0,0,inner_train
0,13910,mKP6TVuixWg$_$2,mKP6TVuixWg,0,0,1,0,0,inner_train
0,13911,mKP6TVuixWg$_$9,mKP6TVuixWg,0,0,1,0,0.3333333433,inner_train
0,13916,mMeGgB9-hSE$_$10,mMeGgB9-hSE,0,1,1,0,0.6666666865,outer
0,13917,mMeGgB9-hSE$_$13,mMeGgB9-hSE,0,1,1,0,1.333333373,outer
0,13918,mMeGgB9-hSE$_$18,mMeGgB9-hSE,0,1,1,0,0,outer
0,13924,mNurUl_Q2UY$_$4,mNurUl_Q2UY,0,1,0,1,0,inner_train
0,13926,mOnyMWhb5Ac$_$0,mOnyMWhb5Ac,0,0,1,0,0.3333333433,outer
0,13927,mOnyMWhb5Ac$_$3,mOnyMWhb5Ac,0,0,1,0,0.6666666865,outer
0,13935,mRPIse3OO74$_$1,mRPIse3OO74,0,0,0,0,-0.6666666865,inner_train
0,13936,mRPIse3OO74$_$0,mRPIse3OO74,0,0,0,0,0,inner_train
0,13937,mRPIse3OO74$_$3,mRPIse3OO74,0,0,0,0,0,inner_train
0,13938,mRPIse3OO74$_$2,mRPIse3OO74,0,0,0,0,-0.6666666865,inner_train
0,13939,mRPIse3OO74$_$5,mRPIse3OO74,0,0,0,0,0,inner_train
0,13940,mRPIse3OO74$_$4,mRPIse3OO74,0,0,0,0,0,inner_train
0,13941,mRPIse3OO74$_$6,mRPIse3OO74,0,0,0,0,0.6666666865,inner_train
0,13953,mSWwz7dXUP8$_$6,mSWwz7dXUP8,0,1,0,0,2.333333254,inner_valid
0,13954,mW8eL4e7Wrg$_$11,mW8eL4e7Wrg,0,1,0,1,0,outer
0,13955,mW8eL4e7Wrg$_$10,mW8eL4e7Wrg,0,1,0,1,-0.3333333433,outer
0,13956,mW8eL4e7Wrg$_$20,mW8eL4e7Wrg,0,1,0,1,0.3333333433,outer
0,13957,mW8eL4e7Wrg$_$14,mW8eL4e7Wrg,0,1,0,1,0,outer
0,13958,mW8eL4e7Wrg$_$22,mW8eL4e7Wrg,0,1,0,1,0.6666666865,outer
0,13959,mW8eL4e7Wrg$_$3,mW8eL4e7Wrg,0,1,0,1,1,outer
0,13960,mW8eL4e7Wrg$_$2,mW8eL4e7Wrg,0,1,0,1,0,outer
0,13961,mW8eL4e7Wrg$_$6,mW8eL4e7Wrg,0,1,0,1,0,outer
0,13962,mW8eL4e7Wrg$_$15,mW8eL4e7Wrg,0,1,0,1,-0.3333333433,outer
0,13963,mXdvCxLbpuY$_$2,mXdvCxLbpuY,0,1,0,0,0.3333333433,inner_train
0,13964,mXdvCxLbpuY$_$5,mXdvCxLbpuY,0,1,0,0,1,inner_train
0,14004,mgpoY1-110U$_$21,mgpoY1-110U,0,1,0,0,0,inner_train
0,14005,mgpoY1-110U$_$17,mgpoY1-110U,0,1,0,0,0.3333333433,inner_train
0,14006,mgpoY1-110U$_$23,mgpoY1-110U,0,1,0,0,0.3333333433,inner_train
0,14007,mgpoY1-110U$_$1,mgpoY1-110U,0,1,0,0,-0.6666666865,inner_train
0,14008,mgpoY1-110U$_$7,mgpoY1-110U,0,1,0,0,1,inner_train
0,14009,mgpoY1-110U$_$6,mgpoY1-110U,0,1,0,0,-0.6666666865,inner_train
0,14010,mgpoY1-110U$_$14,mgpoY1-110U,0,1,0,0,0.3333333433,inner_train
0,14011,mjQfQx2K__8$_$10,mjQfQx2K__8,0,1,0,0,0.3333333433,inner_train
0,14012,mjQfQx2K__8$_$12,mjQfQx2K__8,0,1,0,0,1,inner_train
0,14013,mjQfQx2K__8$_$17,mjQfQx2K__8,0,1,0,0,-0.3333333433,inner_train
0,14014,mjQfQx2K__8$_$23,mjQfQx2K__8,0,1,0,0,-0.6666666865,inner_train
0,14015,mjQfQx2K__8$_$18,mjQfQx2K__8,0,1,0,0,0,inner_train
0,14016,mjQfQx2K__8$_$16,mjQfQx2K__8,0,1,0,0,-0.3333333433,inner_train
0,14017,mjQfQx2K__8$_$1,mjQfQx2K__8,0,1,0,0,-0.3333333433,inner_train
0,14018,mjQfQx2K__8$_$0,mjQfQx2K__8,0,1,0,0,-1,inner_train
0,14019,mjQfQx2K__8$_$3,mjQfQx2K__8,0,1,0,0,-1.333333373,inner_train
0,14020,mjQfQx2K__8$_$25,mjQfQx2K__8,0,1,0,0,-1.333333373,inner_train
0,14021,mjQfQx2K__8$_$7,mjQfQx2K__8,0,1,0,0,1.333333373,inner_train
0,14022,mjQfQx2K__8$_$8,mjQfQx2K__8,0,1,0,0,-0.6666666865,inner_train
0,14023,mjQfQx2K__8$_$4,mjQfQx2K__8,0,1,0,0,-0.3333333433,inner_train
0,14024,mjYeEikLR8I$_$9,mjYeEikLR8I,0,0,0,0,0.6666666865,inner_train
0,14025,mjYeEikLR8I$_$6,mjYeEikLR8I,0,0,0,0,-0.6666666865,inner_train
0,14040,mrQIrm6hYMQ$_$1,mrQIrm6hYMQ,0,0,1,0,1.333333373,inner_train
0,14041,mrQIrm6hYMQ$_$0,mrQIrm6hYMQ,0,0,1,0,0.3333333433,inner_train
0,14042,mrQIrm6hYMQ$_$2,mrQIrm6hYMQ,0,0,1,0,1.666666627,inner_train
0,14043,muOYAxkG-Zo$_$11,muOYAxkG-Zo,0,0,0,1,0,inner_train
0,14044,muOYAxkG-Zo$_$10,muOYAxkG-Zo,0,0,0,1,0,inner_train
0,14045,muOYAxkG-Zo$_$13,muOYAxkG-Zo,0,0,0,1,0,inner_train
0,14046,muOYAxkG-Zo$_$15,muOYAxkG-Zo,0,0,0,1,0.3333333433,inner_train
0,14047,muOYAxkG-Zo$_$16,muOYAxkG-Zo,0,0,0,1,1.666666627,inner_train
0,14048,muOYAxkG-Zo$_$0,muOYAxkG-Zo,0,0,0,1,0.3333333433,inner_train
0,14049,muOYAxkG-Zo$_$5,muOYAxkG-Zo,0,0,0,1,0.6666666865,inner_train
0,14050,muOYAxkG-Zo$_$7,muOYAxkG-Zo,0,0,0,1,0,inner_train
0,14051,muOYAxkG-Zo$_$6,muOYAxkG-Zo,0,0,0,1,0,inner_train
0,14052,muOYAxkG-Zo$_$9,muOYAxkG-Zo,0,0,0,1,0,inner_train
0,14053,muOYAxkG-Zo$_$8,muOYAxkG-Zo,0,0,0,1,0,inner_train
0,14054,mud6tEqFiEM$_$1,mud6tEqFiEM,0,1,0,0,-0.3333333433,outer
0,14055,mud6tEqFiEM$_$0,mud6tEqFiEM,0,1,0,0,0.3333333433,outer
0,14056,mud6tEqFiEM$_$3,mud6tEqFiEM,0,1,0,0,-0.6666666865,outer
0,14057,mud6tEqFiEM$_$2,mud6tEqFiEM,0,1,0,0,0.6666666865,outer
0,14058,mud6tEqFiEM$_$5,mud6tEqFiEM,0,1,0,0,1.666666627,outer
0,14059,mud6tEqFiEM$_$4,mud6tEqFiEM,0,1,0,0,0.3333333433,outer
0,14060,mud6tEqFiEM$_$7,mud6tEqFiEM,0,1,0,0,-0.3333333433,outer
0,14061,mud6tEqFiEM$_$6,mud6tEqFiEM,0,1,0,0,0.6666666865,outer
0,14064,mxFU6TrHChY$_$11,mxFU6TrHChY,0,0,0,0,-1.666666627,inner_train
0,14065,mxFU6TrHChY$_$12,mxFU6TrHChY,0,0,0,0,0.3333333433,inner_train
0,14066,mxFU6TrHChY$_$15,mxFU6TrHChY,0,0,0,0,-1,inner_train
0,14067,mxFU6TrHChY$_$21,mxFU6TrHChY,0,0,0,0,-1,inner_train
0,14068,mxFU6TrHChY$_$16,mxFU6TrHChY,0,0,0,0,-0.6666666865,inner_train
0,14069,mxFU6TrHChY$_$0,mxFU6TrHChY,0,0,0,0,-0.6666666865,inner_train
0,14070,mxFU6TrHChY$_$3,mxFU6TrHChY,0,0,0,0,-1.666666627,inner_train
0,14071,mxFU6TrHChY$_$2,mxFU6TrHChY,0,0,0,0,-1,inner_train
0,14072,mxFU6TrHChY$_$7,mxFU6TrHChY,0,0,0,0,-1,inner_train
0,14073,mxFU6TrHChY$_$6,mxFU6TrHChY,0,0,0,0,0,inner_train
0,14074,mxFU6TrHChY$_$8,mxFU6TrHChY,0,0,0,0,0,inner_train
0,14075,mxa4KXSz9rw$_$11,mxa4KXSz9rw,0,0,0,0,-1,inner_train
0,14076,mxa4KXSz9rw$_$10,mxa4KXSz9rw,0,0,0,0,-1,inner_train
0,14077,mxa4KXSz9rw$_$12,mxa4KXSz9rw,0,0,0,0,-0.3333333433,inner_train
0,14078,mxa4KXSz9rw$_$1,mxa4KXSz9rw,0,0,0,0,-0.6666666865,inner_train
0,14079,mxa4KXSz9rw$_$0,mxa4KXSz9rw,0,0,0,0,0.6666666865,inner_train
0,14080,mxa4KXSz9rw$_$2,mxa4KXSz9rw,0,0,0,0,-0.6666666865,inner_train
0,14081,mxa4KXSz9rw$_$5,mxa4KXSz9rw,0,0,0,0,-0.3333333433,inner_train
0,14082,mxa4KXSz9rw$_$4,mxa4KXSz9rw,0,0,0,0,-0.3333333433,inner_train
0,14083,mxa4KXSz9rw$_$7,mxa4KXSz9rw,0,0,0,0,-0.3333333433,inner_train
0,14084,mxa4KXSz9rw$_$6,mxa4KXSz9rw,0,0,0,0,0.3333333433,inner_train
0,14085,mxa4KXSz9rw$_$9,mxa4KXSz9rw,0,0,0,0,0.6666666865,inner_train
0,14086,mxa4KXSz9rw$_$8,mxa4KXSz9rw,0,0,0,0,0.3333333433,inner_train
0,14087,mzTHW2dtbs4$_$1,mzTHW2dtbs4,0,0,0,0,0.6666666865,inner_train
0,14088,mzTHW2dtbs4$_$8,mzTHW2dtbs4,0,0,0,0,0,inner_train
0,14089,mzTHW2dtbs4$_$7,mzTHW2dtbs4,0,0,0,0,0.6666666865,inner_train
0,14090,mzTHW2dtbs4$_$16,mzTHW2dtbs4,0,0,0,0,0.3333333433,inner_train
0,14091,mziQcFSsdRI$_$1,mziQcFSsdRI,0,1,0,0,0.3333333433,inner_train
0,14092,mziQcFSsdRI$_$2,mziQcFSsdRI,0,1,0,0,0.3333333433,inner_train
0,14093,mziQcFSsdRI$_$4,mziQcFSsdRI,0,1,0,0,1.666666627,inner_train
0,14098,n2BuwHbdilY$_$1,n2BuwHbdilY,0,0,0,0,1,inner_train
0,14099,n2BuwHbdilY$_$0,n2BuwHbdilY,0,0,0,0,0.3333333433,inner_train
0,14100,n2BuwHbdilY$_$3,n2BuwHbdilY,0,0,0,0,0.3333333433,inner_train
0,14101,n2BuwHbdilY$_$2,n2BuwHbdilY,0,0,0,0,0.3333333433,inner_train
0,14102,n4xRx0J3rYQ$_$10,n4xRx0J3rYQ,0,1,0,0,1,inner_train
0,14103,n4xRx0J3rYQ$_$13,n4xRx0J3rYQ,0,1,0,0,0.3333333433,inner_train
0,14104,n4xRx0J3rYQ$_$12,n4xRx0J3rYQ,0,1,0,0,0,inner_train
0,14105,n4xRx0J3rYQ$_$14,n4xRx0J3rYQ,0,1,0,0,-0.3333333433,inner_train
0,14106,n4xRx0J3rYQ$_$16,n4xRx0J3rYQ,0,1,0,0,2,inner_train
0,14107,n4xRx0J3rYQ$_$19,n4xRx0J3rYQ,0,1,0,0,1.333333373,inner_train
0,14108,n4xRx0J3rYQ$_$1,n4xRx0J3rYQ,0,1,0,0,0.3333333433,inner_train
0,14109,n4xRx0J3rYQ$_$0,n4xRx0J3rYQ,0,1,0,0,1,inner_train
0,14110,n4xRx0J3rYQ$_$2,n4xRx0J3rYQ,0,1,0,0,0.3333333433,inner_train
0,14111,n4xRx0J3rYQ$_$4,n4xRx0J3rYQ,0,1,0,0,-0.3333333433,inner_train
0,14112,n4xRx0J3rYQ$_$7,n4xRx0J3rYQ,0,1,0,0,0.6666666865,inner_train
0,14113,n4xRx0J3rYQ$_$6,n4xRx0J3rYQ,0,1,0,0,0.3333333433,inner_train
0,14114,n4xRx0J3rYQ$_$9,n4xRx0J3rYQ,0,1,0,0,0.3333333433,inner_train
0,14115,n4xRx0J3rYQ$_$8,n4xRx0J3rYQ,0,1,0,0,0.3333333433,inner_train
0,14116,n5J1ZkGUGnU$_$10,n5J1ZkGUGnU,0,1,1,1,2,inner_train
0,14117,n5J1ZkGUGnU$_$8,n5J1ZkGUGnU,0,1,1,1,1.333333373,inner_train
0,14118,n5J1ZkGUGnU$_$5,n5J1ZkGUGnU,0,1,1,1,0.6666666865,inner_train
0,14119,n5J1ZkGUGnU$_$4,n5J1ZkGUGnU,0,1,1,1,0.3333333433,inner_train
0,14120,n5J1ZkGUGnU$_$6,n5J1ZkGUGnU,0,1,1,1,1.333333373,inner_train
0,14121,n5MU2-GFjo8$_$1,n5MU2-GFjo8,0,1,0,0,0,outer
0,14122,n5MU2-GFjo8$_$8,n5MU2-GFjo8,0,1,0,0,-0.6666666865,outer
0,14123,n5MU2-GFjo8$_$0,n5MU2-GFjo8,0,1,0,0,-0.3333333433,outer
0,14124,n5MU2-GFjo8$_$4,n5MU2-GFjo8,0,1,0,0,0,outer
0,14125,n5MU2-GFjo8$_$6,n5MU2-GFjo8,0,1,0,0,0.3333333433,outer
0,14126,n7K5SpMrQt0$_$11,n7K5SpMrQt0,0,0,0,0,-0.3333333433,inner_train
0,14127,n7K5SpMrQt0$_$10,n7K5SpMrQt0,0,0,0,0,0.3333333433,inner_train
0,14128,n7K5SpMrQt0$_$13,n7K5SpMrQt0,0,0,0,0,0.6666666865,inner_train
0,14129,n7K5SpMrQt0$_$17,n7K5SpMrQt0,0,0,0,0,-0.3333333433,inner_train
0,14130,n7K5SpMrQt0$_$16,n7K5SpMrQt0,0,0,0,0,0,inner_train
0,14131,n7K5SpMrQt0$_$4,n7K5SpMrQt0,0,0,0,0,-0.3333333433,inner_train
0,14132,n7K5SpMrQt0$_$8,n7K5SpMrQt0,0,0,0,0,0.3333333433,inner_train
0,14133,nAhn8-kZpM8$_$9,nAhn8-kZpM8,0,0,0,0,1.666666627,inner_train
0,14134,nAhn8-kZpM8$_$8,nAhn8-kZpM8,0,0,0,0,0.3333333433,inner_train
0,14149,nDXKvarLEOM$_$0,nDXKvarLEOM,0,0,1,0,-1.666666627,inner_train
0,14150,nDXKvarLEOM$_$3,nDXKvarLEOM,0,0,1,0,1,inner_train
0,14151,nDXKvarLEOM$_$5,nDXKvarLEOM,0,0,1,0,-0.3333333433,inner_train
0,14152,nDXKvarLEOM$_$4,nDXKvarLEOM,0,0,1,0,0,inner_train
0,14153,nErOMpqvcRg$_$5,nErOMpqvcRg,0,0,0,0,1.333333373,outer
0,14154,nErOMpqvcRg$_$4,nErOMpqvcRg,0,0,0,0,1.666666627,outer
0,14155,nErOMpqvcRg$_$7,nErOMpqvcRg,0,0,0,0,1.333333373,outer
0,14156,nF0AMbTH4VM$_$0,nF0AMbTH4VM,0,1,0,0,-0.3333333433,inner_train
0,14195,nQ7txb1MtG0$_$5,nQ7txb1MtG0,0,0,0,0,1.333333373,inner_train
0,14196,nQ7txb1MtG0$_$4,nQ7txb1MtG0,0,0,0,0,0.3333333433,inner_train
0,14225,npIVLL_fTf0$_$24,npIVLL_fTf0,0,1,0,0,-2.666666746,inner_train
0,14226,npIVLL_fTf0$_$10,npIVLL_fTf0,0,1,0,0,-1,inner_train
0,14227,npIVLL_fTf0$_$13,npIVLL_fTf0,0,1,0,0,-2.666666746,inner_train
0,14228,npIVLL_fTf0$_$12,npIVLL_fTf0,0,1,0,0,-1,inner_train
0,14229,npIVLL_fTf0$_$20,npIVLL_fTf0,0,1,0,0,-0.6666666865,inner_train
0,14230,npIVLL_fTf0$_$17,npIVLL_fTf0,0,1,0,0,-1.666666627,inner_train
0,14231,npIVLL_fTf0$_$0,npIVLL_fTf0,0,1,0,0,1.666666627,inner_train
0,14232,npIVLL_fTf0$_$3,npIVLL_fTf0,0,1,0,0,-1.333333373,inner_train
0,14233,npIVLL_fTf0$_$4,npIVLL_fTf0,0,1,0,0,-2,inner_train
0,14234,npIVLL_fTf0$_$11,npIVLL_fTf0,0,1,0,0,-2,inner_train
0,14235,npIVLL_fTf0$_$9,npIVLL_fTf0,0,1,0,0,-0.6666666865,inner_train
0,14240,nw6Kf3AtCz4$_$24,nw6Kf3AtCz4,0,0,0,0,0.3333333433,inner_train
0,14241,nw6Kf3AtCz4$_$25,nw6Kf3AtCz4,0,0,0,0,0.6666666865,inner_train
0,14242,nw6Kf3AtCz4$_$26,nw6Kf3AtCz4,0,0,0,0,1.333333373,inner_train
0,14243,nw6Kf3AtCz4$_$27,nw6Kf3AtCz4,0,0,0,0,2,inner_train
0,14244,nw6Kf3AtCz4$_$20,nw6Kf3AtCz4,0,0,0,0,1.333333373,inner_train
0,14245,nw6Kf3AtCz4$_$21,nw6Kf3AtCz4,0,0,0,0,1.666666627,inner_train
0,14246,nw6Kf3AtCz4$_$22,nw6Kf3AtCz4,0,0,0,0,0.6666666865,inner_train
0,14247,nw6Kf3AtCz4$_$23,nw6Kf3AtCz4,0,0,0,0,1.666666627,inner_train
0,14248,nw6Kf3AtCz4$_$28,nw6Kf3AtCz4,0,0,0,0,1,inner_train
0,14249,nw6Kf3AtCz4$_$1,nw6Kf3AtCz4,0,0,0,0,0.6666666865,inner_train
0,14250,nw6Kf3AtCz4$_$3,nw6Kf3AtCz4,0,0,0,0,1.333333373,inner_train
0,14251,nw6Kf3AtCz4$_$2,nw6Kf3AtCz4,0,0,0,0,1,inner_train
0,14252,nw6Kf3AtCz4$_$5,nw6Kf3AtCz4,0,0,0,0,0.3333333433,inner_train
0,14253,nw6Kf3AtCz4$_$4,nw6Kf3AtCz4,0,0,0,0,0.3333333433,inner_train
0,14254,nw6Kf3AtCz4$_$7,nw6Kf3AtCz4,0,0,0,0,1,inner_train
0,14255,nw6Kf3AtCz4$_$6,nw6Kf3AtCz4,0,0,0,0,1.333333373,inner_train
0,14256,nw6Kf3AtCz4$_$9,nw6Kf3AtCz4,0,0,0,0,0.6666666865,inner_train
0,14257,nw6Kf3AtCz4$_$8,nw6Kf3AtCz4,0,0,0,0,1.333333373,inner_train
0,14258,nw6Kf3AtCz4$_$11,nw6Kf3AtCz4,0,0,0,0,0,inner_train
0,14259,nw6Kf3AtCz4$_$13,nw6Kf3AtCz4,0,0,0,0,1.333333373,inner_train
0,14260,nw6Kf3AtCz4$_$12,nw6Kf3AtCz4,0,0,0,0,1,inner_train
0,14261,nw6Kf3AtCz4$_$15,nw6Kf3AtCz4,0,0,0,0,1,inner_train
0,14262,nw6Kf3AtCz4$_$14,nw6Kf3AtCz4,0,0,0,0,0.6666666865,inner_train
0,14263,nw6Kf3AtCz4$_$17,nw6Kf3AtCz4,0,0,0,0,0.3333333433,inner_train
0,14264,nw6Kf3AtCz4$_$16,nw6Kf3AtCz4,0,0,0,0,0.3333333433,inner_train
0,14265,nw6Kf3AtCz4$_$19,nw6Kf3AtCz4,0,0,0,0,0.6666666865,inner_train
0,14266,nw6Kf3AtCz4$_$18,nw6Kf3AtCz4,0,0,0,0,0.6666666865,inner_train
0,14267,nw6Kf3AtCz4$_$31,nw6Kf3AtCz4,0,0,0,0,2,inner_train
0,14268,nw6Kf3AtCz4$_$30,nw6Kf3AtCz4,0,0,0,0,1,inner_train
0,14269,nw6Kf3AtCz4$_$35,nw6Kf3AtCz4,0,0,0,0,1,inner_train
0,14270,nw6Kf3AtCz4$_$34,nw6Kf3AtCz4,0,0,0,0,0.3333333433,inner_train
0,14271,nw6Kf3AtCz4$_$33,nw6Kf3AtCz4,0,0,0,0,2,inner_train
0,14272,nw6Kf3AtCz4$_$32,nw6Kf3AtCz4,0,0,0,0,1.666666627,inner_train
0,14273,nxksB2kDJ6o$_$0,nxksB2kDJ6o,0,1,0,0,0.3333333433,inner_train
0,14274,nxksB2kDJ6o$_$7,nxksB2kDJ6o,0,1,0,0,0.3333333433,inner_train
0,14281,o1cRmT9qnOc$_$0,o1cRmT9qnOc,0,0,0,0,0.3333333433,inner_train
0,14282,o2bNnLOEEC0$_$1,o2bNnLOEEC0,0,0,0,0,-1,inner_train
0,14283,o2bNnLOEEC0$_$0,o2bNnLOEEC0,0,0,0,0,-2,inner_train
0,14284,o2bNnLOEEC0$_$3,o2bNnLOEEC0,0,0,0,0,-2,inner_train
0,14285,o2bNnLOEEC0$_$2,o2bNnLOEEC0,0,0,0,0,-1,inner_train
0,14299,o63doZKEIds$_$1,o63doZKEIds,0,0,0,0,-1.333333373,inner_valid
0,14300,o63doZKEIds$_$0,o63doZKEIds,0,0,0,0,0.6666666865,inner_valid
0,14301,o63doZKEIds$_$3,o63doZKEIds,0,0,0,0,-0.3333333433,inner_valid
0,14302,o63doZKEIds$_$2,o63doZKEIds,0,0,0,0,-0.3333333433,inner_valid
0,14303,o63doZKEIds$_$5,o63doZKEIds,0,0,0,0,1,inner_valid
0,14304,o63doZKEIds$_$7,o63doZKEIds,0,0,0,0,0,inner_valid
0,14305,o63doZKEIds$_$6,o63doZKEIds,0,0,0,0,0,inner_valid
0,14306,o63doZKEIds$_$9,o63doZKEIds,0,0,0,0,0.3333333433,inner_valid
0,14307,o63doZKEIds$_$8,o63doZKEIds,0,0,0,0,0.6666666865,inner_valid
0,14308,o7vcTMAX9fQ$_$0,o7vcTMAX9fQ,0,1,0,0,0.3333333433,outer
0,14364,oK951Y2N_k0$_$1,oK951Y2N_k0,0,1,0,0,-0.3333333433,inner_train
0,14366,oO61Ma17tRA$_$1,oO61Ma17tRA,0,1,1,1,-1,inner_train
0,14367,oO61Ma17tRA$_$0,oO61Ma17tRA,0,1,1,1,-0.6666666865,inner_train
0,14368,oO61Ma17tRA$_$2,oO61Ma17tRA,0,1,1,1,-1,inner_train
0,14388,oW1OEsP7Dds$_$8,oW1OEsP7Dds,0,1,0,0,-0.3333333433,outer
0,14389,oW1OEsP7Dds$_$13,oW1OEsP7Dds,0,1,0,0,0.3333333433,outer
0,14390,oW1OEsP7Dds$_$12,oW1OEsP7Dds,0,1,0,0,0,outer
0,14403,oZkWWCQw2Js$_$11,oZkWWCQw2Js,0,0,0,0,0.6666666865,inner_train
0,14404,oZkWWCQw2Js$_$0,oZkWWCQw2Js,0,0,0,0,0,inner_train
0,14405,oZkWWCQw2Js$_$12,oZkWWCQw2Js,0,0,0,0,0,inner_train
0,14406,oaC1UATdtAg$_$1,oaC1UATdtAg,0,0,0,0,1.333333373,inner_valid
0,14407,oaC1UATdtAg$_$0,oaC1UATdtAg,0,0,0,0,0.6666666865,inner_valid
0,14408,oaC1UATdtAg$_$3,oaC1UATdtAg,0,0,0,0,0.3333333433,inner_valid
0,14409,oaC1UATdtAg$_$2,oaC1UATdtAg,0,0,0,0,0,inner_valid
0,14410,oaC1UATdtAg$_$4,oaC1UATdtAg,0,0,0,0,0.3333333433,inner_valid
0,14411,obnOnuzb-Xw$_$1,obnOnuzb-Xw,0,0,0,0,-0.3333333433,inner_train
0,14412,obnOnuzb-Xw$_$0,obnOnuzb-Xw,0,0,0,0,0.6666666865,inner_train
0,14413,obnOnuzb-Xw$_$3,obnOnuzb-Xw,0,0,0,0,-0.3333333433,inner_train
0,14414,obnOnuzb-Xw$_$5,obnOnuzb-Xw,0,0,0,0,0.3333333433,inner_train
0,14415,obnOnuzb-Xw$_$4,obnOnuzb-Xw,0,0,0,0,0.6666666865,inner_train
0,14496,omBcvw7izuM$_$10,omBcvw7izuM,0,0,0,1,1.333333373,outer
0,14497,omBcvw7izuM$_$12,omBcvw7izuM,0,0,0,1,0,outer
0,14498,omBcvw7izuM$_$15,omBcvw7izuM,0,0,0,1,1.333333373,outer
0,14499,omBcvw7izuM$_$14,omBcvw7izuM,0,0,0,1,-0.3333333433,outer
0,14500,omBcvw7izuM$_$17,omBcvw7izuM,0,0,0,1,0,outer
0,14501,omBcvw7izuM$_$19,omBcvw7izuM,0,0,0,1,0.6666666865,outer
0,14502,omBcvw7izuM$_$18,omBcvw7izuM,0,0,0,1,0,outer
0,14503,omBcvw7izuM$_$1,omBcvw7izuM,0,0,0,1,1.333333373,outer
0,14504,omBcvw7izuM$_$0,omBcvw7izuM,0,0,0,1,0.6666666865,outer
0,14505,omBcvw7izuM$_$2,omBcvw7izuM,0,0,0,1,0,outer
0,14506,omBcvw7izuM$_$4,omBcvw7izuM,0,0,0,1,0,outer
0,14507,omBcvw7izuM$_$6,omBcvw7izuM,0,0,0,1,0.6666666865,outer
0,14508,omBcvw7izuM$_$9,omBcvw7izuM,0,0,0,1,1,outer
0,14509,omBcvw7izuM$_$8,omBcvw7izuM,0,0,0,1,1.333333373,outer
0,14518,ooGB4BLK9PM$_$5,ooGB4BLK9PM,0,0,0,0,0,inner_valid
0,14519,opHUZsc2WO8$_$3,opHUZsc2WO8,0,0,0,0,0.6666666865,inner_valid
0,14520,opHUZsc2WO8$_$2,opHUZsc2WO8,0,0,0,0,0.3333333433,inner_valid
0,14521,otna1VHHCow$_$1,otna1VHHCow,0,1,0,0,0,inner_train
0,14522,otna1VHHCow$_$0,otna1VHHCow,0,1,0,0,1,inner_train
0,14523,otna1VHHCow$_$2,otna1VHHCow,0,1,0,0,0.6666666865,inner_train
0,14524,otna1VHHCow$_$5,otna1VHHCow,0,1,0,0,2,inner_train
0,14525,otna1VHHCow$_$4,otna1VHHCow,0,1,0,0,1.333333373,inner_train
0,14526,otna1VHHCow$_$6,otna1VHHCow,0,1,0,0,1,inner_train
0,14529,ouhCx4TgHlE$_$1,ouhCx4TgHlE,0,1,0,0,-0.3333333433,inner_train
0,14530,ouhCx4TgHlE$_$0,ouhCx4TgHlE,0,1,0,0,-1,inner_train
0,14531,ouhCx4TgHlE$_$2,ouhCx4TgHlE,0,1,0,0,-1,inner_train
0,14532,owT0_Xfu8a0$_$0,owT0_Xfu8a0,0,1,0,0,0.3333333433,inner_valid
0,14533,owT0_Xfu8a0$_$2,owT0_Xfu8a0,0,1,0,0,1.333333373,inner_valid
0,14534,oyHKiX5YGDE$_$24,oyHKiX5YGDE,0,0,1,0,1.333333373,inner_train
0,14535,oyHKiX5YGDE$_$10,oyHKiX5YGDE,0,0,1,0,-0.3333333433,inner_train
0,14536,oyHKiX5YGDE$_$15,oyHKiX5YGDE,0,0,1,0,-0.3333333433,inner_train
0,14537,oyHKiX5YGDE$_$21,oyHKiX5YGDE,0,0,1,0,1,inner_train
0,14538,oyHKiX5YGDE$_$22,oyHKiX5YGDE,0,0,1,0,0,inner_train
0,14539,oyHKiX5YGDE$_$23,oyHKiX5YGDE,0,0,1,0,0.3333333433,inner_train
0,14540,oyHKiX5YGDE$_$19,oyHKiX5YGDE,0,0,1,0,0,inner_train
0,14541,oyHKiX5YGDE$_$5,oyHKiX5YGDE,0,0,1,0,0,inner_train
0,14542,oyHKiX5YGDE$_$25,oyHKiX5YGDE,0,0,1,0,1,inner_train
0,14543,oyHKiX5YGDE$_$6,oyHKiX5YGDE,0,0,1,0,0.6666666865,inner_train
0,14544,oyHKiX5YGDE$_$8,oyHKiX5YGDE,0,0,1,0,0,inner_train
0,14545,p18PVgfxook$_$3,p18PVgfxook,0,1,0,0,0,outer
0,14546,p19Hsjx2xgI$_$9,p19Hsjx2xgI,0,0,0,0,0.3333333433,outer
0,14547,p19Hsjx2xgI$_$8,p19Hsjx2xgI,0,0,0,0,0,outer
0,14548,p19Hsjx2xgI$_$1,p19Hsjx2xgI,0,0,0,0,0.6666666865,outer
0,14549,p19Hsjx2xgI$_$4,p19Hsjx2xgI,0,0,0,0,1.333333373,outer
0,14560,pAclBdj20ZU$_$11,pAclBdj20ZU,0,1,0,0,-0.6666666865,inner_train
0,14561,pAclBdj20ZU$_$10,pAclBdj20ZU,0,1,0,0,1,inner_train
0,14562,pAclBdj20ZU$_$1,pAclBdj20ZU,0,1,0,0,0,inner_train
0,14563,pAclBdj20ZU$_$0,pAclBdj20ZU,0,1,0,0,-0.3333333433,inner_train
0,14564,pAclBdj20ZU$_$3,pAclBdj20ZU,0,1,0,0,0.6666666865,inner_train
0,14565,pAclBdj20ZU$_$2,pAclBdj20ZU,0,1,0,0,1.666666627,inner_train
0,14566,pAclBdj20ZU$_$5,pAclBdj20ZU,0,1,0,0,1.333333373,inner_train
0,14567,pAclBdj20ZU$_$4,pAclBdj20ZU,0,1,0,0,0,inner_train
0,14568,pAclBdj20ZU$_$7,pAclBdj20ZU,0,1,0,0,1.666666627,inner_train
0,14569,pAclBdj20ZU$_$6,pAclBdj20ZU,0,1,0,0,0,inner_train
0,14570,pAclBdj20ZU$_$9,pAclBdj20ZU,0,1,0,0,2.666666746,inner_train
0,14571,pAclBdj20ZU$_$8,pAclBdj20ZU,0,1,0,0,1,inner_train
0,14574,pFh-SLxltms$_$11,pFh-SLxltms,0,1,0,0,0,inner_train
0,14575,pFh-SLxltms$_$13,pFh-SLxltms,0,1,0,0,0.3333333433,inner_train
0,14576,pFh-SLxltms$_$12,pFh-SLxltms,0,1,0,0,1.666666627,inner_train
0,14577,pFh-SLxltms$_$20,pFh-SLxltms,0,1,0,0,0.6666666865,inner_train
0,14578,pFh-SLxltms$_$14,pFh-SLxltms,0,1,0,0,0.6666666865,inner_train
0,14579,pFh-SLxltms$_$22,pFh-SLxltms,0,1,0,0,2,inner_train
0,14580,pFh-SLxltms$_$23,pFh-SLxltms,0,1,0,0,2,inner_train
0,14581,pFh-SLxltms$_$19,pFh-SLxltms,0,1,0,0,-0.6666666865,inner_train
0,14582,pFh-SLxltms$_$18,pFh-SLxltms,0,1,0,0,-0.3333333433,inner_train
0,14583,pFh-SLxltms$_$16,pFh-SLxltms,0,1,0,0,1.666666627,inner_train
0,14584,pFh-SLxltms$_$1,pFh-SLxltms,0,1,0,0,0.3333333433,inner_train
0,14585,pFh-SLxltms$_$5,pFh-SLxltms,0,1,0,0,1.333333373,inner_train
0,14586,pFh-SLxltms$_$4,pFh-SLxltms,0,1,0,0,-0.6666666865,inner_train
0,14587,pFh-SLxltms$_$7,pFh-SLxltms,0,1,0,0,1.666666627,inner_train
0,14588,pFh-SLxltms$_$9,pFh-SLxltms,0,1,0,0,0.3333333433,inner_train
0,14589,pFh-SLxltms$_$17,pFh-SLxltms,0,1,0,0,0.3333333433,inner_train
0,14591,pIMByitigYI$_$10,pIMByitigYI,0,0,0,0,0.6666666865,inner_train
0,14592,pIMByitigYI$_$13,pIMByitigYI,0,0,0,0,0,inner_train
0,14593,pIMByitigYI$_$17,pIMByitigYI,0,0,0,0,0.3333333433,inner_train
0,14594,pIMByitigYI$_$16,pIMByitigYI,0,0,0,0,0.3333333433,inner_train
0,14595,pIMByitigYI$_$19,pIMByitigYI,0,0,0,0,0,inner_train
0,14596,pIMByitigYI$_$23,pIMByitigYI,0,0,0,0,0,inner_train
0,14597,pIMByitigYI$_$26,pIMByitigYI,0,0,0,0,0.6666666865,inner_train
0,14598,pIMByitigYI$_$1,pIMByitigYI,0,0,0,0,0,inner_train
0,14599,pIMByitigYI$_$3,pIMByitigYI,0,0,0,0,0.3333333433,inner_train
0,14600,pIMByitigYI$_$2,pIMByitigYI,0,0,0,0,1,inner_train
0,14601,pIMByitigYI$_$5,pIMByitigYI,0,0,0,0,0.6666666865,inner_train
0,14602,pIMByitigYI$_$6,pIMByitigYI,0,0,0,0,0,inner_train
0,14603,pKXaKinzTmY$_$8,pKXaKinzTmY,0,1,0,0,0,inner_valid
0,14604,pKXaKinzTmY$_$3,pKXaKinzTmY,0,1,0,0,0,inner_valid
0,14605,pKXaKinzTmY$_$5,pKXaKinzTmY,0,1,0,0,0,inner_valid
0,14606,pKXaKinzTmY$_$4,pKXaKinzTmY,0,1,0,0,0.3333333433,inner_valid
0,14607,pU-MjERGTUk$_$6,pU-MjERGTUk,0,0,0,1,1,inner_train
0,14610,pY4ovojS4rk$_$0,pY4ovojS4rk,0,1,0,0,0,inner_train
0,14611,pY4ovojS4rk$_$4,pY4ovojS4rk,0,1,0,0,0,inner_train
0,14612,pY4ovojS4rk$_$7,pY4ovojS4rk,0,1,0,0,0,inner_train
0,14626,pf-78LF4ORE$_$11,pf-78LF4ORE,0,0,0,0,0.3333333433,inner_train
0,14627,pf-78LF4ORE$_$25,pf-78LF4ORE,0,0,0,0,0.6666666865,inner_train
0,14628,pf-78LF4ORE$_$13,pf-78LF4ORE,0,0,0,0,0.3333333433,inner_train
0,14629,pf-78LF4ORE$_$12,pf-78LF4ORE,0,0,0,0,2,inner_train
0,14630,pf-78LF4ORE$_$20,pf-78LF4ORE,0,0,0,0,1,inner_train
0,14631,pf-78LF4ORE$_$14,pf-78LF4ORE,0,0,0,0,0.3333333433,inner_train
0,14632,pf-78LF4ORE$_$17,pf-78LF4ORE,0,0,0,0,1,inner_train
0,14633,pf-78LF4ORE$_$16,pf-78LF4ORE,0,0,0,0,0.3333333433,inner_train
0,14634,pf-78LF4ORE$_$18,pf-78LF4ORE,0,0,0,0,0,inner_train
0,14635,pf-78LF4ORE$_$22,pf-78LF4ORE,0,0,0,0,0,inner_train
0,14636,pf-78LF4ORE$_$29,pf-78LF4ORE,0,0,0,0,3,inner_train
0,14637,pf-78LF4ORE$_$1,pf-78LF4ORE,0,0,0,0,0,inner_train
0,14638,pf-78LF4ORE$_$3,pf-78LF4ORE,0,0,0,0,0.6666666865,inner_train
0,14639,pf-78LF4ORE$_$27,pf-78LF4ORE,0,0,0,0,0,inner_train
0,14640,pf-78LF4ORE$_$4,pf-78LF4ORE,0,0,0,0,1.666666627,inner_train
0,14641,pf-78LF4ORE$_$24,pf-78LF4ORE,0,0,0,0,0.6666666865,inner_train
0,14642,pf-78LF4ORE$_$9,pf-78LF4ORE,0,0,0,0,0.3333333433,inner_train
0,14643,pf-78LF4ORE$_$2,pf-78LF4ORE,0,0,0,0,1,inner_train
0,14644,pf6HYOOwfGE$_$0,pf6HYOOwfGE,0,0,0,0,0,inner_train
0,14662,pkH2TfFN-6s$_$2,pkH2TfFN-6s,0,1,0,0,2,outer
0,14666,pnSRLB6anIM$_$1,pnSRLB6anIM,0,1,0,0,1.333333373,outer
0,14667,pnSRLB6anIM$_$0,pnSRLB6anIM,0,1,0,0,0.3333333433,outer
0,14668,pnSRLB6anIM$_$3,pnSRLB6anIM,0,1,0,0,1,outer
0,14669,pnSRLB6anIM$_$2,pnSRLB6anIM,0,1,0,0,1,outer
0,14670,pnSRLB6anIM$_$5,pnSRLB6anIM,0,1,0,0,0,outer
0,14671,pnSRLB6anIM$_$4,pnSRLB6anIM,0,1,0,0,0.6666666865,outer
0,14672,pnSRLB6anIM$_$6,pnSRLB6anIM,0,1,0,0,0.3333333433,outer
0,14676,ptgBkE_e5js$_$1,ptgBkE_e5js,0,0,0,1,-1,inner_valid
0,14677,ptgBkE_e5js$_$3,ptgBkE_e5js,0,0,0,1,0.6666666865,inner_valid
0,14684,puum3vabpb4$_$24,puum3vabpb4,0,0,0,0,0.3333333433,outer
0,14685,puum3vabpb4$_$10,puum3vabpb4,0,0,0,0,0,outer
0,14686,puum3vabpb4$_$13,puum3vabpb4,0,0,0,0,1,outer
0,14687,puum3vabpb4$_$27,puum3vabpb4,0,0,0,0,0.6666666865,outer
0,14688,puum3vabpb4$_$20,puum3vabpb4,0,0,0,0,0.3333333433,outer
0,14689,puum3vabpb4$_$21,puum3vabpb4,0,0,0,0,0,outer
0,14690,puum3vabpb4$_$22,puum3vabpb4,0,0,0,0,1,outer
0,14691,puum3vabpb4$_$25,puum3vabpb4,0,0,0,0,0,outer
0,14692,puum3vabpb4$_$33,puum3vabpb4,0,0,0,0,1.333333373,outer
0,14693,puum3vabpb4$_$28,puum3vabpb4,0,0,0,0,1.333333373,outer
0,14694,puum3vabpb4$_$29,puum3vabpb4,0,0,0,0,0.6666666865,outer
0,14695,puum3vabpb4$_$15,puum3vabpb4,0,0,0,0,-0.6666666865,outer
0,14696,puum3vabpb4$_$19,puum3vabpb4,0,0,0,0,0,outer
0,14697,puum3vabpb4$_$3,puum3vabpb4,0,0,0,0,0.3333333433,outer
0,14698,puum3vabpb4$_$2,puum3vabpb4,0,0,0,0,0.3333333433,outer
0,14699,puum3vabpb4$_$5,puum3vabpb4,0,0,0,0,0,outer
0,14700,puum3vabpb4$_$7,puum3vabpb4,0,0,0,0,-0.6666666865,outer
0,14701,puum3vabpb4$_$6,puum3vabpb4,0,0,0,0,0,outer
0,14702,puum3vabpb4$_$8,puum3vabpb4,0,0,0,0,0.3333333433,outer
0,14732,q3QUybiOYeU$_$0,q3QUybiOYeU,0,1,0,0,0.3333333433,inner_train
0,14733,q4hP2j7oewo$_$1,q4hP2j7oewo,0,0,0,0,-0.3333333433,inner_train
0,14734,q4hP2j7oewo$_$3,q4hP2j7oewo,0,0,0,0,0.3333333433,inner_train
0,14735,q7BxnIM2_z0$_$5,q7BxnIM2_z0,0,0,0,0,2,inner_train
0,14736,qCUg4ek1PPE$_$1,qCUg4ek1PPE,0,1,0,0,0.3333333433,inner_train
0,14737,qCUg4ek1PPE$_$3,qCUg4ek1PPE,0,1,0,0,0.6666666865,inner_train
0,14762,qFppeQvdfxI$_$1,qFppeQvdfxI,0,0,0,0,0.3333333433,inner_train
0,14763,qFppeQvdfxI$_$0,qFppeQvdfxI,0,0,0,0,1.333333373,inner_train
0,14764,qFppeQvdfxI$_$3,qFppeQvdfxI,0,0,0,0,0,inner_train
0,14765,qFppeQvdfxI$_$2,qFppeQvdfxI,0,0,0,0,1.666666627,inner_train
0,14766,qFppeQvdfxI$_$5,qFppeQvdfxI,0,0,0,0,1,inner_train
0,14767,qFppeQvdfxI$_$4,qFppeQvdfxI,0,0,0,0,1.333333373,inner_train
0,14768,qFppeQvdfxI$_$7,qFppeQvdfxI,0,0,0,0,1.666666627,inner_train
0,14769,qFppeQvdfxI$_$8,qFppeQvdfxI,0,0,0,0,1,inner_train
0,14774,qJBQH14qtHc$_$11,qJBQH14qtHc,0,0,0,0,-0.3333333433,inner_train
0,14775,qJBQH14qtHc$_$13,qJBQH14qtHc,0,0,0,0,2,inner_train
0,14776,qJBQH14qtHc$_$21,qJBQH14qtHc,0,0,0,0,-0.3333333433,inner_train
0,14777,qJBQH14qtHc$_$16,qJBQH14qtHc,0,0,0,0,1.666666627,inner_train
0,14778,qJBQH14qtHc$_$26,qJBQH14qtHc,0,0,0,0,1.666666627,inner_train
0,14779,qJBQH14qtHc$_$3,qJBQH14qtHc,0,0,0,0,1,inner_train
0,14780,qJBQH14qtHc$_$7,qJBQH14qtHc,0,0,0,0,1,inner_train
0,14781,qJBQH14qtHc$_$9,qJBQH14qtHc,0,0,0,0,1,inner_train
0,14782,qJZlp9uxoTU$_$10,qJZlp9uxoTU,0,1,0,0,0,inner_valid
0,14783,qJZlp9uxoTU$_$13,qJZlp9uxoTU,0,1,0,0,0,inner_valid
0,14784,qJZlp9uxoTU$_$15,qJZlp9uxoTU,0,1,0,0,-1,inner_valid
0,14785,qJZlp9uxoTU$_$14,qJZlp9uxoTU,0,1,0,0,0,inner_valid
0,14786,qJZlp9uxoTU$_$17,qJZlp9uxoTU,0,1,0,0,-0.3333333433,inner_valid
0,14787,qJZlp9uxoTU$_$16,qJZlp9uxoTU,0,1,0,0,-1,inner_valid
0,14788,qJZlp9uxoTU$_$19,qJZlp9uxoTU,0,1,0,0,0.6666666865,inner_valid
0,14789,qJZlp9uxoTU$_$18,qJZlp9uxoTU,0,1,0,0,-0.3333333433,inner_valid
0,14790,qJZlp9uxoTU$_$0,qJZlp9uxoTU,0,1,0,0,2.333333254,inner_valid
0,14791,qJZlp9uxoTU$_$3,qJZlp9uxoTU,0,1,0,0,2.333333254,inner_valid
0,14792,qJZlp9uxoTU$_$2,qJZlp9uxoTU,0,1,0,0,0.6666666865,inner_valid
0,14793,qJZlp9uxoTU$_$4,qJZlp9uxoTU,0,1,0,0,-0.6666666865,inner_valid
0,14794,qJZlp9uxoTU$_$7,qJZlp9uxoTU,0,1,0,0,0,inner_valid
0,14795,qJZlp9uxoTU$_$8,qJZlp9uxoTU,0,1,0,0,-1,inner_valid
0,14796,qJZlp9uxoTU$_$9,qJZlp9uxoTU,0,1,0,0,-1.333333373,inner_valid
0,14797,qJZlp9uxoTU$_$20,qJZlp9uxoTU,0,1,0,0,1.333333373,inner_valid
0,14802,qP4uuMI-JSk$_$11,qP4uuMI-JSk,0,0,0,0,0.3333333433,inner_train
0,14803,qP4uuMI-JSk$_$3,qP4uuMI-JSk,0,0,0,0,0.6666666865,inner_train
0,14804,qP4uuMI-JSk$_$5,qP4uuMI-JSk,0,0,0,0,0.3333333433,inner_train
0,14805,qP4uuMI-JSk$_$4,qP4uuMI-JSk,0,0,0,0,2,inner_train
0,14806,qP4uuMI-JSk$_$9,qP4uuMI-JSk,0,0,0,0,0.6666666865,inner_train
0,14807,qP4uuMI-JSk$_$8,qP4uuMI-JSk,0,0,0,0,0.6666666865,inner_train
0,14808,qXisb7w9LjM$_$9,qXisb7w9LjM,0,0,0,0,1,outer
0,14809,qXisb7w9LjM$_$4,qXisb7w9LjM,0,0,0,0,0,outer
0,14810,qXisb7w9LjM$_$7,qXisb7w9LjM,0,0,0,0,0,outer
0,14811,qYJtbgLqizk$_$1,qYJtbgLqizk,0,0,0,0,2.666666746,inner_train
0,14812,qYJtbgLqizk$_$3,qYJtbgLqizk,0,0,0,0,0.3333333433,inner_train
0,14814,qbIajpM7U3Y$_$0,qbIajpM7U3Y,0,1,0,0,0,inner_train
0,14815,qbIajpM7U3Y$_$3,qbIajpM7U3Y,0,1,0,0,1.333333373,inner_train
0,14816,qbIajpM7U3Y$_$2,qbIajpM7U3Y,0,1,0,0,0,inner_train
0,14817,qbIajpM7U3Y$_$4,qbIajpM7U3Y,0,1,0,0,0.6666666865,inner_train
0,14818,qd6YuFGcBGk$_$11,qd6YuFGcBGk,0,0,0,0,0.6666666865,inner_train
0,14819,qd6YuFGcBGk$_$12,qd6YuFGcBGk,0,0,0,0,1,inner_train
0,14820,qd6YuFGcBGk$_$14,qd6YuFGcBGk,0,0,0,0,0.6666666865,inner_train
0,14821,qd6YuFGcBGk$_$17,qd6YuFGcBGk,0,0,0,0,2.333333254,inner_train
0,14822,qd6YuFGcBGk$_$1,qd6YuFGcBGk,0,0,0,0,0.3333333433,inner_train
0,14823,qd6YuFGcBGk$_$0,qd6YuFGcBGk,0,0,0,0,1.333333373,inner_train
0,14824,qd6YuFGcBGk$_$4,qd6YuFGcBGk,0,0,0,0,0.3333333433,inner_train
0,14825,qd6YuFGcBGk$_$9,qd6YuFGcBGk,0,0,0,0,1,inner_train
0,14826,qd6YuFGcBGk$_$8,qd6YuFGcBGk,0,0,0,0,-0.3333333433,inner_train
0,14855,qkWdc-E6jGI$_$11,qkWdc-E6jGI,0,1,0,0,0,inner_valid
0,14856,qkWdc-E6jGI$_$24,qkWdc-E6jGI,0,1,0,0,0,inner_valid
0,14857,qkWdc-E6jGI$_$21,qkWdc-E6jGI,0,1,0,0,1,inner_valid
0,14858,qkWdc-E6jGI$_$2,qkWdc-E6jGI,0,1,0,0,-0.6666666865,inner_valid
0,14859,qkWdc-E6jGI$_$4,qkWdc-E6jGI,0,1,0,0,-0.6666666865,inner_valid
0,14860,qkWdc-E6jGI$_$6,qkWdc-E6jGI,0,1,0,0,0,inner_valid
0,14861,qkWdc-E6jGI$_$8,qkWdc-E6jGI,0,1,0,0,0,inner_valid
0,14875,qo2reupzUE0$_$1,qo2reupzUE0,0,1,0,0,-0.3333333433,inner_train
0,14876,qo2reupzUE0$_$8,qo2reupzUE0,0,1,0,0,0,inner_train
0,14877,qo2reupzUE0$_$4,qo2reupzUE0,0,1,0,0,-1.666666627,inner_train
0,14878,qo2reupzUE0$_$6,qo2reupzUE0,0,1,0,0,0.3333333433,inner_train
0,14879,qpht9L3s9G4$_$8,qpht9L3s9G4,0,0,0,1,0,inner_train
0,14880,qpht9L3s9G4$_$3,qpht9L3s9G4,0,0,0,1,0.6666666865,inner_train
0,14887,qrSW93EtuMc$_$0,qrSW93EtuMc,0,0,0,0,0.6666666865,outer
0,14888,qrSW93EtuMc$_$3,qrSW93EtuMc,0,0,0,0,1.666666627,outer
0,14889,qszy_WSRFUM$_$10,qszy_WSRFUM,0,1,0,1,1.333333373,inner_train
0,14890,qszy_WSRFUM$_$1,qszy_WSRFUM,0,1,0,1,0.6666666865,inner_train
0,14891,qszy_WSRFUM$_$0,qszy_WSRFUM,0,1,0,1,0.6666666865,inner_train
0,14892,qszy_WSRFUM$_$5,qszy_WSRFUM,0,1,0,1,-1,inner_train
0,14893,qszy_WSRFUM$_$4,qszy_WSRFUM,0,1,0,1,0,inner_train
0,14894,qszy_WSRFUM$_$9,qszy_WSRFUM,0,1,0,1,1,inner_train
0,14895,qszy_WSRFUM$_$8,qszy_WSRFUM,0,1,0,1,0.3333333433,inner_train
0,14896,qtI3CB1jslQ$_$8,qtI3CB1jslQ,0,0,0,0,0.3333333433,inner_valid
0,14897,qvIhzmujTi8$_$10,qvIhzmujTi8,0,0,1,0,0,inner_train
0,14898,qvIhzmujTi8$_$4,qvIhzmujTi8,0,0,1,0,-0.6666666865,inner_train
0,14899,qvIhzmujTi8$_$14,qvIhzmujTi8,0,0,1,0,0,inner_train
0,14907,r1erb5PSm1A$_$11,r1erb5PSm1A,0,1,0,0,1.333333373,inner_train
0,14908,r1erb5PSm1A$_$10,r1erb5PSm1A,0,1,0,0,-0.3333333433,inner_train
0,14909,r1erb5PSm1A$_$1,r1erb5PSm1A,0,1,0,0,0.3333333433,inner_train
0,14910,r1erb5PSm1A$_$0,r1erb5PSm1A,0,1,0,0,0.6666666865,inner_train
0,14911,r1erb5PSm1A$_$2,r1erb5PSm1A,0,1,0,0,1.666666627,inner_train
0,14912,r1erb5PSm1A$_$4,r1erb5PSm1A,0,1,0,0,0.6666666865,inner_train
0,14913,r1erb5PSm1A$_$7,r1erb5PSm1A,0,1,0,0,0.6666666865,inner_train
0,14920,r8OPmbZZlpE$_$1,r8OPmbZZlpE,0,0,0,0,1.333333373,inner_valid
0,14921,r8OPmbZZlpE$_$3,r8OPmbZZlpE,0,0,0,0,1,inner_valid
0,14922,r8OPmbZZlpE$_$2,r8OPmbZZlpE,0,0,0,0,0.3333333433,inner_valid
0,14926,rApOTQgFW6Y$_$6,rApOTQgFW6Y,0,0,1,0,0.6666666865,outer
0,14947,rC7qKZMKa0U$_$0,rC7qKZMKa0U,0,1,0,0,0.3333333433,inner_valid
0,14948,rCQYq4T8SEI$_$8,rCQYq4T8SEI,0,1,1,1,-1,inner_train
0,14949,rCQYq4T8SEI$_$3,rCQYq4T8SEI,0,1,1,1,-1.666666627,inner_train
0,14950,rCQYq4T8SEI$_$16,rCQYq4T8SEI,0,1,1,1,-2,inner_train
0,14951,rCQYq4T8SEI$_$7,rCQYq4T8SEI,0,1,1,1,-0.6666666865,inner_train
0,14952,rCQYq4T8SEI$_$0,rCQYq4T8SEI,0,1,1,1,1,inner_train
0,14953,rEWQW_ibDwg$_$25,rEWQW_ibDwg,0,1,0,0,0.3333333433,inner_valid
0,14954,rEWQW_ibDwg$_$15,rEWQW_ibDwg,0,1,0,0,-1,inner_valid
0,14955,rEWQW_ibDwg$_$23,rEWQW_ibDwg,0,1,0,0,1,inner_valid
0,14956,rEWQW_ibDwg$_$16,rEWQW_ibDwg,0,1,0,0,-0.6666666865,inner_valid
0,14957,rEWQW_ibDwg$_$7,rEWQW_ibDwg,0,1,0,0,0.3333333433,inner_valid
0,14958,rEWQW_ibDwg$_$9,rEWQW_ibDwg,0,1,0,0,-1,inner_valid
0,14959,rEWQW_ibDwg$_$20,rEWQW_ibDwg,0,1,0,0,1.666666627,inner_valid
0,14960,rEWQW_ibDwg$_$10,rEWQW_ibDwg,0,1,0,0,0,inner_valid
0,14961,rFHIApgUtoI$_$1,rFHIApgUtoI,0,0,1,1,0.3333333433,outer
0,14962,rFHIApgUtoI$_$3,rFHIApgUtoI,0,0,1,1,-0.6666666865,outer
0,14963,rFHIApgUtoI$_$2,rFHIApgUtoI,0,0,1,1,0.6666666865,outer
0,14964,rFHIApgUtoI$_$5,rFHIApgUtoI,0,0,1,1,0.6666666865,outer
0,14965,rFHIApgUtoI$_$4,rFHIApgUtoI,0,0,1,1,0,outer
0,14966,rFHIApgUtoI$_$6,rFHIApgUtoI,0,0,1,1,0.6666666865,outer
0,14967,rLHJ_ebXCHQ$_$10,rLHJ_ebXCHQ,0,1,0,0,-0.3333333433,outer
0,14968,rLHJ_ebXCHQ$_$3,rLHJ_ebXCHQ,0,1,0,0,0.6666666865,outer
0,14969,rLHJ_ebXCHQ$_$2,rLHJ_ebXCHQ,0,1,0,0,0,outer
0,14970,rLHJ_ebXCHQ$_$5,rLHJ_ebXCHQ,0,1,0,0,0,outer
0,14971,rLHJ_ebXCHQ$_$4,rLHJ_ebXCHQ,0,1,0,0,0,outer
0,14972,rLHJ_ebXCHQ$_$7,rLHJ_ebXCHQ,0,1,0,0,-0.6666666865,outer
0,14973,rLHJ_ebXCHQ$_$6,rLHJ_ebXCHQ,0,1,0,0,1.333333373,outer
0,14974,rLHJ_ebXCHQ$_$8,rLHJ_ebXCHQ,0,1,0,0,1,outer
0,14975,rNXM3avNBKk$_$11,rNXM3avNBKk,0,1,1,0,1.666666627,inner_valid
0,14976,rNXM3avNBKk$_$3,rNXM3avNBKk,0,1,1,0,-0.6666666865,inner_valid
0,14977,rNXM3avNBKk$_$12,rNXM3avNBKk,0,1,1,0,-1.333333373,inner_valid
0,14978,rNXM3avNBKk$_$14,rNXM3avNBKk,0,1,1,0,1,inner_valid
0,14980,rWjPSlzUc-8$_$0,rWjPSlzUc-8,0,0,0,0,2,inner_train
0,14981,rWjPSlzUc-8$_$3,rWjPSlzUc-8,0,0,0,0,2.666666746,inner_train
0,14999,rvQ2cRnroOU$_$10,rvQ2cRnroOU,0,0,0,0,0.3333333433,inner_train
0,15000,rvQ2cRnroOU$_$20,rvQ2cRnroOU,0,0,0,0,0.3333333433,inner_train
0,15001,rvQ2cRnroOU$_$17,rvQ2cRnroOU,0,0,0,0,0,inner_train
0,15002,rvQ2cRnroOU$_$19,rvQ2cRnroOU,0,0,0,0,0.3333333433,inner_train
0,15003,rvQ2cRnroOU$_$15,rvQ2cRnroOU,0,0,0,0,0.3333333433,inner_train
0,15004,rvQ2cRnroOU$_$1,rvQ2cRnroOU,0,0,0,0,0.6666666865,inner_train
0,15005,rvQ2cRnroOU$_$2,rvQ2cRnroOU,0,0,0,0,0.6666666865,inner_train
0,15006,rvQ2cRnroOU$_$5,rvQ2cRnroOU,0,0,0,0,0,inner_train
0,15007,rvQ2cRnroOU$_$6,rvQ2cRnroOU,0,0,0,0,-0.3333333433,inner_train
0,15008,rvQ2cRnroOU$_$9,rvQ2cRnroOU,0,0,0,0,-1,inner_train
0,15009,rvQ2cRnroOU$_$8,rvQ2cRnroOU,0,0,0,0,0.3333333433,inner_train
0,15023,s0PUurm1ONo$_$1,s0PUurm1ONo,0,0,0,0,0.6666666865,inner_train
0,15024,s1Yo_MCiMPc$_$10,s1Yo_MCiMPc,0,0,0,0,0,inner_valid
0,15025,s1Yo_MCiMPc$_$13,s1Yo_MCiMPc,0,0,0,0,0,inner_valid
0,15026,s1Yo_MCiMPc$_$12,s1Yo_MCiMPc,0,0,0,0,0,inner_valid
0,15027,s1Yo_MCiMPc$_$16,s1Yo_MCiMPc,0,0,0,0,0,inner_valid
0,15028,s1Yo_MCiMPc$_$1,s1Yo_MCiMPc,0,0,0,0,-0.3333333433,inner_valid
0,15029,s1Yo_MCiMPc$_$2,s1Yo_MCiMPc,0,0,0,0,0,inner_valid
0,15030,s1Yo_MCiMPc$_$5,s1Yo_MCiMPc,0,0,0,0,0,inner_valid
0,15031,s1Yo_MCiMPc$_$7,s1Yo_MCiMPc,0,0,0,0,0,inner_valid
0,15032,s1tVE8g6JBc$_$1,s1tVE8g6JBc,0,0,0,0,-2,inner_valid
0,15033,s1tVE8g6JBc$_$0,s1tVE8g6JBc,0,0,0,0,0,inner_valid
0,15035,s53UAEi7JEY$_$9,s53UAEi7JEY,0,1,0,0,0,inner_train
0,15036,s53UAEi7JEY$_$1,s53UAEi7JEY,0,1,0,0,0,inner_train
0,15037,s53UAEi7JEY$_$4,s53UAEi7JEY,0,1,0,0,0.3333333433,inner_train
0,15060,sFLTjqVS7AE$_$1,sFLTjqVS7AE,0,0,0,0,-0.3333333433,inner_train
0,15061,sFLTjqVS7AE$_$0,sFLTjqVS7AE,0,0,0,0,1.666666627,inner_train
0,15062,sFLTjqVS7AE$_$5,sFLTjqVS7AE,0,0,0,0,1,inner_train
0,15063,sFLTjqVS7AE$_$4,sFLTjqVS7AE,0,0,0,0,1.333333373,inner_train
0,15064,sFxUNO2HOKY$_$12,sFxUNO2HOKY,0,1,1,0,0.3333333433,inner_train
0,15065,sFxUNO2HOKY$_$3,sFxUNO2HOKY,0,1,1,0,0.6666666865,inner_train
0,15066,sFxUNO2HOKY$_$2,sFxUNO2HOKY,0,1,1,0,-1,inner_train
0,15067,sFxUNO2HOKY$_$5,sFxUNO2HOKY,0,1,1,0,2,inner_train
0,15068,sFxUNO2HOKY$_$4,sFxUNO2HOKY,0,1,1,0,1.333333373,inner_train
0,15069,sFxUNO2HOKY$_$9,sFxUNO2HOKY,0,1,1,0,-0.3333333433,inner_train
0,15089,sPxoGNvnVzg$_$1,sPxoGNvnVzg,0,1,0,0,0.6666666865,outer
0,15090,sPxoGNvnVzg$_$0,sPxoGNvnVzg,0,1,0,0,1.333333373,outer
0,15091,sPxoGNvnVzg$_$2,sPxoGNvnVzg,0,1,0,0,2.666666746,outer
0,15092,sPxoGNvnVzg$_$5,sPxoGNvnVzg,0,1,0,0,1.333333373,outer
0,15093,sPxoGNvnVzg$_$7,sPxoGNvnVzg,0,1,0,0,1,outer
0,15094,sRMdbZVjhis$_$1,sRMdbZVjhis,0,0,0,1,-2.333333254,inner_train
0,15095,sRMdbZVjhis$_$3,sRMdbZVjhis,0,0,0,1,1.666666627,inner_train
0,15096,sRex0-9yFFc$_$0,sRex0-9yFFc,0,1,0,0,0,inner_train
0,15097,sRex0-9yFFc$_$7,sRex0-9yFFc,0,1,0,0,0,inner_train
0,15098,sRex0-9yFFc$_$10,sRex0-9yFFc,0,1,0,0,0,inner_train
0,15099,sU40irMa-so$_$1,sU40irMa-so,0,1,0,0,0.3333333433,inner_train
0,15100,sU40irMa-so$_$0,sU40irMa-so,0,1,0,0,0,inner_train
0,15125,snVkfJKvjwk$_$0,snVkfJKvjwk,0,0,0,0,-0.6666666865,inner_train
0,15126,snVkfJKvjwk$_$2,snVkfJKvjwk,0,0,0,0,-1.666666627,inner_train
0,15127,snVkfJKvjwk$_$4,snVkfJKvjwk,0,0,0,0,-0.3333333433,inner_train
0,15136,sqADHmnM164$_$1,sqADHmnM164,0,0,0,0,0,inner_train
0,15149,ssH8WQF4eN0$_$1,ssH8WQF4eN0,0,1,0,0,0,inner_train
0,15150,ssH8WQF4eN0$_$0,ssH8WQF4eN0,0,1,0,0,0.3333333433,inner_train
0,15151,sw-smuVRByI$_$1,sw-smuVRByI,0,0,0,0,0.6666666865,inner_train
0,15152,sw-smuVRByI$_$0,sw-smuVRByI,0,0,0,0,0,inner_train
0,15153,sw-smuVRByI$_$3,sw-smuVRByI,0,0,0,0,-0.6666666865,inner_train
0,15154,sw-smuVRByI$_$2,sw-smuVRByI,0,0,0,0,0,inner_train
0,15155,sw-smuVRByI$_$5,sw-smuVRByI,0,0,0,0,-1.333333373,inner_train
0,15156,sw-smuVRByI$_$4,sw-smuVRByI,0,0,0,0,0.3333333433,inner_train
0,15157,sw-smuVRByI$_$7,sw-smuVRByI,0,0,0,0,0,inner_train
0,15158,sw-smuVRByI$_$6,sw-smuVRByI,0,0,0,0,-0.3333333433,inner_train
0,15159,t-wXEPHHtME$_$3,t-wXEPHHtME,0,0,0,0,0,inner_train
0,15160,t-wXEPHHtME$_$2,t-wXEPHHtME,0,0,0,0,0.3333333433,inner_train
0,15161,t-wXEPHHtME$_$6,t-wXEPHHtME,0,0,0,0,0.3333333433,inner_train
0,15166,t2U7w3K2qac$_$8,t2U7w3K2qac,0,0,0,0,1.333333373,inner_train
0,15167,t2U7w3K2qac$_$2,t2U7w3K2qac,0,0,0,0,0.6666666865,inner_train
0,15168,t4-ZulW5np4$_$1,t4-ZulW5np4,0,0,0,1,-0.6666666865,inner_train
0,15169,t4-ZulW5np4$_$0,t4-ZulW5np4,0,0,0,1,1.666666627,inner_train
0,15170,t4-ZulW5np4$_$3,t4-ZulW5np4,0,0,0,1,1,inner_train
0,15171,t4-ZulW5np4$_$5,t4-ZulW5np4,0,0,0,1,2,inner_train
0,15172,t4-ZulW5np4$_$4,t4-ZulW5np4,0,0,0,1,1,inner_train
0,15173,t7a3zECpT4k$_$1,t7a3zECpT4k,0,1,0,0,-1,outer
0,15174,t7a3zECpT4k$_$14,t7a3zECpT4k,0,1,0,0,0.3333333433,outer
0,15175,t7a3zECpT4k$_$17,t7a3zECpT4k,0,1,0,0,-0.3333333433,outer
0,15176,t7a3zECpT4k$_$6,t7a3zECpT4k,0,1,0,0,-0.6666666865,outer
0,15178,tL8RzwWSmAE$_$1,tL8RzwWSmAE,0,0,0,0,-0.6666666865,inner_train
0,15179,tL8RzwWSmAE$_$0,tL8RzwWSmAE,0,0,0,0,-0.3333333433,inner_train
0,15180,tL8RzwWSmAE$_$3,tL8RzwWSmAE,0,0,0,0,1,inner_train
0,15181,tL8RzwWSmAE$_$2,tL8RzwWSmAE,0,0,0,0,0.6666666865,inner_train
0,15184,tRSPfPlNbMU$_$24,tRSPfPlNbMU,0,1,1,1,0.3333333433,inner_valid
0,15185,tRSPfPlNbMU$_$3,tRSPfPlNbMU,0,1,1,1,-1,inner_valid
0,15186,tRSPfPlNbMU$_$12,tRSPfPlNbMU,0,1,1,1,0.6666666865,inner_valid
0,15187,tRSPfPlNbMU$_$4,tRSPfPlNbMU,0,1,1,1,0.3333333433,inner_valid
0,15188,tUTf9R5u6r0$_$5,tUTf9R5u6r0,0,0,0,0,1.666666627,inner_train
0,15208,taCchyi5h68$_$3,taCchyi5h68,0,1,0,0,0.3333333433,outer
0,15215,tdIZZ9v0IGA$_$0,tdIZZ9v0IGA,0,1,0,0,0.6666666865,outer
0,15216,tdIZZ9v0IGA$_$2,tdIZZ9v0IGA,0,1,0,0,1,outer
0,15217,tdIZZ9v0IGA$_$4,tdIZZ9v0IGA,0,1,0,0,-0.3333333433,outer
0,15218,tdIZZ9v0IGA$_$7,tdIZZ9v0IGA,0,1,0,0,-0.3333333433,outer
0,15219,tdIZZ9v0IGA$_$6,tdIZZ9v0IGA,0,1,0,0,0,outer
0,15220,tdIZZ9v0IGA$_$8,tdIZZ9v0IGA,0,1,0,0,0.3333333433,outer
0,15231,tnhRxo-g3Xw$_$1,tnhRxo-g3Xw,0,0,0,0,-0.3333333433,inner_train
0,15232,trQLgl6ncmk$_$8,trQLgl6ncmk,0,1,0,0,-1.333333373,outer
0,15233,trQLgl6ncmk$_$2,trQLgl6ncmk,0,1,0,0,0,outer
0,15234,trQLgl6ncmk$_$15,trQLgl6ncmk,0,1,0,0,0,outer
0,15235,trQLgl6ncmk$_$14,trQLgl6ncmk,0,1,0,0,0.3333333433,outer
0,15236,trQLgl6ncmk$_$5,trQLgl6ncmk,0,1,0,0,0.3333333433,outer
0,15237,tv8IhQZQuJI$_$11,tv8IhQZQuJI,0,0,0,0,1,inner_train
0,15238,tv8IhQZQuJI$_$12,tv8IhQZQuJI,0,0,0,0,-1.333333373,inner_train
0,15239,tv8IhQZQuJI$_$14,tv8IhQZQuJI,0,0,0,0,-1.666666627,inner_train
0,15240,tv8IhQZQuJI$_$16,tv8IhQZQuJI,0,0,0,0,2,inner_train
0,15241,tv8IhQZQuJI$_$19,tv8IhQZQuJI,0,0,0,0,1.333333373,inner_train
0,15242,tv8IhQZQuJI$_$0,tv8IhQZQuJI,0,0,0,0,0.6666666865,inner_train
0,15243,tv8IhQZQuJI$_$5,tv8IhQZQuJI,0,0,0,0,0,inner_train
0,15244,tv8IhQZQuJI$_$4,tv8IhQZQuJI,0,0,0,0,0.3333333433,inner_train
0,15245,tv8IhQZQuJI$_$6,tv8IhQZQuJI,0,0,0,0,0,inner_train
0,15246,tv8IhQZQuJI$_$9,tv8IhQZQuJI,0,0,0,0,0,inner_train
0,15247,tv8IhQZQuJI$_$8,tv8IhQZQuJI,0,0,0,0,1,inner_train
0,15248,tvE_DucE0_k$_$0,tvE_DucE0_k,0,0,0,0,1.333333373,inner_train
0,15249,tvE_DucE0_k$_$12,tvE_DucE0_k,0,0,0,0,1,inner_train
0,15250,tvE_DucE0_k$_$8,tvE_DucE0_k,0,0,0,0,-0.6666666865,inner_train
0,15251,tvE_DucE0_k$_$7,tvE_DucE0_k,0,0,0,0,0.3333333433,inner_train
0,15252,tvE_DucE0_k$_$6,tvE_DucE0_k,0,0,0,0,1.333333373,inner_train
0,15253,tw2xFbfgV4U$_$11,tw2xFbfgV4U,0,1,1,0,0.6666666865,inner_train
0,15254,tw2xFbfgV4U$_$13,tw2xFbfgV4U,0,1,1,0,-0.3333333433,inner_train
0,15255,tw2xFbfgV4U$_$20,tw2xFbfgV4U,0,1,1,0,-0.3333333433,inner_train
0,15256,tw2xFbfgV4U$_$14,tw2xFbfgV4U,0,1,1,0,0.6666666865,inner_train
0,15257,tw2xFbfgV4U$_$17,tw2xFbfgV4U,0,1,1,0,0.3333333433,inner_train
0,15258,tw2xFbfgV4U$_$18,tw2xFbfgV4U,0,1,1,0,-1.333333373,inner_train
0,15259,tw2xFbfgV4U$_$1,tw2xFbfgV4U,0,1,1,0,0.6666666865,inner_train
0,15260,tw2xFbfgV4U$_$3,tw2xFbfgV4U,0,1,1,0,0.3333333433,inner_train
0,15261,tw2xFbfgV4U$_$2,tw2xFbfgV4U,0,1,1,0,0.6666666865,inner_train
0,15262,tw2xFbfgV4U$_$6,tw2xFbfgV4U,0,1,1,0,1.333333373,inner_train
0,15263,tw2xFbfgV4U$_$8,tw2xFbfgV4U,0,1,1,0,0.3333333433,inner_train
0,15274,u8ViR4L2cVk$_$0,u8ViR4L2cVk,0,1,0,1,-1,inner_train
0,15275,u8ViR4L2cVk$_$5,u8ViR4L2cVk,0,1,0,1,1,inner_train
0,15276,u8ViR4L2cVk$_$4,u8ViR4L2cVk,0,1,0,1,0.6666666865,inner_train
0,15277,u94VPxEIJPg$_$11,u94VPxEIJPg,0,1,0,0,0,inner_train
0,15278,u94VPxEIJPg$_$13,u94VPxEIJPg,0,1,0,0,-1,inner_train
0,15279,u94VPxEIJPg$_$1,u94VPxEIJPg,0,1,0,0,-0.6666666865,inner_train
0,15280,u94VPxEIJPg$_$3,u94VPxEIJPg,0,1,0,0,-0.3333333433,inner_train
0,15281,u94VPxEIJPg$_$5,u94VPxEIJPg,0,1,0,0,-0.3333333433,inner_train
0,15282,u94VPxEIJPg$_$4,u94VPxEIJPg,0,1,0,0,-0.6666666865,inner_train
0,15283,u94VPxEIJPg$_$7,u94VPxEIJPg,0,1,0,0,0,inner_train
0,15284,u94VPxEIJPg$_$9,u94VPxEIJPg,0,1,0,0,-0.6666666865,inner_train
0,15293,uBgRo9tnv-I$_$1,uBgRo9tnv-I,0,1,0,0,0.3333333433,inner_train
0,15294,uBgRo9tnv-I$_$0,uBgRo9tnv-I,0,1,0,0,0.3333333433,inner_train
0,15295,uBgRo9tnv-I$_$3,uBgRo9tnv-I,0,1,0,0,0,inner_train
0,15296,uBgRo9tnv-I$_$2,uBgRo9tnv-I,0,1,0,0,1,inner_train
0,15297,uBgRo9tnv-I$_$5,uBgRo9tnv-I,0,1,0,0,-1,inner_train
0,15298,uBgRo9tnv-I$_$4,uBgRo9tnv-I,0,1,0,0,0,inner_train
0,15299,uBgRo9tnv-I$_$7,uBgRo9tnv-I,0,1,0,0,0,inner_train
0,15300,uBgRo9tnv-I$_$6,uBgRo9tnv-I,0,1,0,0,-0.3333333433,inner_train
0,15301,uITHY4LORDs$_$0,uITHY4LORDs,0,1,0,0,-0.6666666865,inner_train
0,15302,uITHY4LORDs$_$2,uITHY4LORDs,0,1,0,0,-0.6666666865,inner_train
0,15303,uITHY4LORDs$_$4,uITHY4LORDs,0,1,0,0,0,inner_train
0,15308,uQds2dN1AiM$_$1,uQds2dN1AiM,0,0,0,0,1,inner_train
0,15314,uU_3tbZ1zG8$_$11,uU_3tbZ1zG8,0,1,0,0,2,outer
0,15315,uU_3tbZ1zG8$_$10,uU_3tbZ1zG8,0,1,0,0,1.333333373,outer
0,15316,uU_3tbZ1zG8$_$12,uU_3tbZ1zG8,0,1,0,0,1,outer
0,15317,uU_3tbZ1zG8$_$20,uU_3tbZ1zG8,0,1,0,0,0.6666666865,outer
0,15318,uU_3tbZ1zG8$_$14,uU_3tbZ1zG8,0,1,0,0,1,outer
0,15319,uU_3tbZ1zG8$_$16,uU_3tbZ1zG8,0,1,0,0,2,outer
0,15320,uU_3tbZ1zG8$_$23,uU_3tbZ1zG8,0,1,0,0,1.666666627,outer
0,15321,uU_3tbZ1zG8$_$1,uU_3tbZ1zG8,0,1,0,0,-1.333333373,outer
0,15322,uU_3tbZ1zG8$_$7,uU_3tbZ1zG8,0,1,0,0,0.6666666865,outer
0,15323,uU_3tbZ1zG8$_$6,uU_3tbZ1zG8,0,1,0,0,-1.333333373,outer
0,15324,uU_3tbZ1zG8$_$9,uU_3tbZ1zG8,0,1,0,0,1.666666627,outer
0,15325,uU_3tbZ1zG8$_$21,uU_3tbZ1zG8,0,1,0,0,0.6666666865,outer
0,15326,uWW1ejwFURI$_$0,uWW1ejwFURI,0,1,0,0,0,inner_train
0,15327,uXYAfpQUYVE$_$10,uXYAfpQUYVE,0,1,0,0,-0.6666666865,inner_valid
0,15328,uXYAfpQUYVE$_$20,uXYAfpQUYVE,0,1,0,0,0.3333333433,inner_valid
0,15329,uXYAfpQUYVE$_$17,uXYAfpQUYVE,0,1,0,0,0.6666666865,inner_valid
0,15330,uXYAfpQUYVE$_$22,uXYAfpQUYVE,0,1,0,0,0.3333333433,inner_valid
0,15331,uXYAfpQUYVE$_$16,uXYAfpQUYVE,0,1,0,0,1.666666627,inner_valid
0,15332,uXYAfpQUYVE$_$19,uXYAfpQUYVE,0,1,0,0,-1.666666627,inner_valid
0,15333,uXYAfpQUYVE$_$3,uXYAfpQUYVE,0,1,0,0,1.666666627,inner_valid
0,15334,uXYAfpQUYVE$_$5,uXYAfpQUYVE,0,1,0,0,-0.3333333433,inner_valid
0,15335,uXYAfpQUYVE$_$4,uXYAfpQUYVE,0,1,0,0,0,inner_valid
0,15336,uXYAfpQUYVE$_$21,uXYAfpQUYVE,0,1,0,0,0.6666666865,inner_valid
0,15337,uYzZB4ccG1Q$_$24,uYzZB4ccG1Q,0,1,0,0,1,inner_train
0,15338,uYzZB4ccG1Q$_$25,uYzZB4ccG1Q,0,1,0,0,0.3333333433,inner_train
0,15339,uYzZB4ccG1Q$_$26,uYzZB4ccG1Q,0,1,0,0,1.333333373,inner_train
0,15340,uYzZB4ccG1Q$_$27,uYzZB4ccG1Q,0,1,0,0,1.666666627,inner_train
0,15341,uYzZB4ccG1Q$_$20,uYzZB4ccG1Q,0,1,0,0,1.666666627,inner_train
0,15342,uYzZB4ccG1Q$_$21,uYzZB4ccG1Q,0,1,0,0,1.666666627,inner_train
0,15343,uYzZB4ccG1Q$_$22,uYzZB4ccG1Q,0,1,0,0,1.333333373,inner_train
0,15344,uYzZB4ccG1Q$_$23,uYzZB4ccG1Q,0,1,0,0,2.333333254,inner_train
0,15345,uYzZB4ccG1Q$_$28,uYzZB4ccG1Q,0,1,0,0,1,inner_train
0,15346,uYzZB4ccG1Q$_$1,uYzZB4ccG1Q,0,1,0,0,0.6666666865,inner_train
0,15347,uYzZB4ccG1Q$_$0,uYzZB4ccG1Q,0,1,0,0,0.6666666865,inner_train
0,15348,uYzZB4ccG1Q$_$3,uYzZB4ccG1Q,0,1,0,0,0,inner_train
0,15349,uYzZB4ccG1Q$_$2,uYzZB4ccG1Q,0,1,0,0,1.333333373,inner_train
0,15350,uYzZB4ccG1Q$_$5,uYzZB4ccG1Q,0,1,0,0,0.3333333433,inner_train
0,15351,uYzZB4ccG1Q$_$4,uYzZB4ccG1Q,0,1,0,0,0.6666666865,inner_train
0,15352,uYzZB4ccG1Q$_$6,uYzZB4ccG1Q,0,1,0,0,1.333333373,inner_train
0,15353,uYzZB4ccG1Q$_$9,uYzZB4ccG1Q,0,1,0,0,-0.3333333433,inner_train
0,15354,uYzZB4ccG1Q$_$8,uYzZB4ccG1Q,0,1,0,0,0.3333333433,inner_train
0,15355,uYzZB4ccG1Q$_$11,uYzZB4ccG1Q,0,1,0,0,0,inner_train
0,15356,uYzZB4ccG1Q$_$10,uYzZB4ccG1Q,0,1,0,0,0.6666666865,inner_train
0,15357,uYzZB4ccG1Q$_$13,uYzZB4ccG1Q,0,1,0,0,0,inner_train
0,15358,uYzZB4ccG1Q$_$12,uYzZB4ccG1Q,0,1,0,0,-1.333333373,inner_train
0,15359,uYzZB4ccG1Q$_$15,uYzZB4ccG1Q,0,1,0,0,0,inner_train
0,15360,uYzZB4ccG1Q$_$14,uYzZB4ccG1Q,0,1,0,0,0.6666666865,inner_train
0,15361,uYzZB4ccG1Q$_$17,uYzZB4ccG1Q,0,1,0,0,0.6666666865,inner_train
0,15362,uYzZB4ccG1Q$_$16,uYzZB4ccG1Q,0,1,0,0,0,inner_train
0,15363,uYzZB4ccG1Q$_$19,uYzZB4ccG1Q,0,1,0,0,-0.3333333433,inner_train
0,15364,uYzZB4ccG1Q$_$18,uYzZB4ccG1Q,0,1,0,0,0.3333333433,inner_train
0,15365,uYzZB4ccG1Q$_$31,uYzZB4ccG1Q,0,1,0,0,1.666666627,inner_train
0,15366,uYzZB4ccG1Q$_$30,uYzZB4ccG1Q,0,1,0,0,1.666666627,inner_train
0,15387,uea5xJZygsc$_$5,uea5xJZygsc,0,0,0,0,0.6666666865,outer
0,15388,uea5xJZygsc$_$7,uea5xJZygsc,0,0,0,0,1.666666627,outer
0,15389,uxHBEfIhY-E$_$3,uxHBEfIhY-E,0,0,0,0,1,inner_train
0,15390,uxHBEfIhY-E$_$2,uxHBEfIhY-E,0,0,0,0,0,inner_train
0,15391,uxHBEfIhY-E$_$5,uxHBEfIhY-E,0,0,0,0,0,inner_train
0,15392,uxHBEfIhY-E$_$4,uxHBEfIhY-E,0,0,0,0,-0.3333333433,inner_train
0,15393,uxHBEfIhY-E$_$7,uxHBEfIhY-E,0,0,0,0,-0.3333333433,inner_train
0,15394,uxHBEfIhY-E$_$6,uxHBEfIhY-E,0,0,0,0,-0.3333333433,inner_train
0,15395,uxHBEfIhY-E$_$8,uxHBEfIhY-E,0,0,0,0,0,inner_train
0,15396,uy9MGhVqCp8$_$11,uy9MGhVqCp8,0,1,0,1,0.6666666865,outer
0,15397,uy9MGhVqCp8$_$10,uy9MGhVqCp8,0,1,0,1,1.333333373,outer
0,15398,uy9MGhVqCp8$_$1,uy9MGhVqCp8,0,1,0,1,0.3333333433,outer
0,15399,uy9MGhVqCp8$_$3,uy9MGhVqCp8,0,1,0,1,0,outer
0,15400,uy9MGhVqCp8$_$5,uy9MGhVqCp8,0,1,0,1,-0.3333333433,outer
0,15401,uy9MGhVqCp8$_$4,uy9MGhVqCp8,0,1,0,1,1.333333373,outer
0,15402,uy9MGhVqCp8$_$6,uy9MGhVqCp8,0,1,0,1,1,outer
0,15417,v2DFe9X-jCY$_$10,v2DFe9X-jCY,0,1,0,0,-0.3333333433,inner_train
0,15418,v2DFe9X-jCY$_$26,v2DFe9X-jCY,0,1,0,0,1.333333373,inner_train
0,15419,v2DFe9X-jCY$_$27,v2DFe9X-jCY,0,1,0,0,0.6666666865,inner_train
0,15420,v2DFe9X-jCY$_$14,v2DFe9X-jCY,0,1,0,0,0,inner_train
0,15421,v2DFe9X-jCY$_$22,v2DFe9X-jCY,0,1,0,0,1.333333373,inner_train
0,15422,v2DFe9X-jCY$_$16,v2DFe9X-jCY,0,1,0,0,0.3333333433,inner_train
0,15423,v2DFe9X-jCY$_$30,v2DFe9X-jCY,0,1,0,0,1,inner_train
0,15424,v2DFe9X-jCY$_$28,v2DFe9X-jCY,0,1,0,0,1.666666627,inner_train
0,15425,v2DFe9X-jCY$_$29,v2DFe9X-jCY,0,1,0,0,1.333333373,inner_train
0,15426,v3l56fl6aJM$_$0,v3l56fl6aJM,0,1,0,1,1.333333373,inner_train
0,15427,v3l56fl6aJM$_$3,v3l56fl6aJM,0,1,0,1,-0.3333333433,inner_train
0,15428,v3l56fl6aJM$_$4,v3l56fl6aJM,0,1,0,1,0,inner_train
0,15429,v45zoIrjoTo$_$10,v45zoIrjoTo,0,1,0,1,0,inner_train
0,15430,v45zoIrjoTo$_$6,v45zoIrjoTo,0,1,0,1,0.3333333433,inner_train
0,15431,v5AAvrZuR2U$_$1,v5AAvrZuR2U,0,0,0,0,0.3333333433,inner_train
0,15432,v5AAvrZuR2U$_$8,v5AAvrZuR2U,0,0,0,0,0,inner_train
0,15433,v5AAvrZuR2U$_$2,v5AAvrZuR2U,0,0,0,0,0.6666666865,inner_train
0,15434,v5AAvrZuR2U$_$5,v5AAvrZuR2U,0,0,0,0,0,inner_train
0,15435,v5AAvrZuR2U$_$6,v5AAvrZuR2U,0,0,0,0,0,inner_train
0,15436,v73dbqOUoXQ$_$12,v73dbqOUoXQ,0,1,1,0,0.3333333433,inner_train
0,15437,v73dbqOUoXQ$_$6,v73dbqOUoXQ,0,1,1,0,1.333333373,inner_train
0,15447,vA68fTqDars$_$10,vA68fTqDars,0,0,0,0,0,outer
0,15448,vA68fTqDars$_$0,vA68fTqDars,0,0,0,0,0,outer
0,15500,vM7m581tHn0$_$1,vM7m581tHn0,0,1,0,0,0.3333333433,outer
0,15501,vM7m581tHn0$_$0,vM7m581tHn0,0,1,0,0,0,outer
0,15502,vM7m581tHn0$_$3,vM7m581tHn0,0,1,0,0,0,outer
0,15503,vM7m581tHn0$_$2,vM7m581tHn0,0,1,0,0,-0.6666666865,outer
0,15504,vM7m581tHn0$_$5,vM7m581tHn0,0,1,0,0,0,outer
0,15505,vM7m581tHn0$_$4,vM7m581tHn0,0,1,0,0,0,outer
0,15506,vM7m581tHn0$_$7,vM7m581tHn0,0,1,0,0,-0.3333333433,outer
0,15507,vM7m581tHn0$_$6,vM7m581tHn0,0,1,0,0,0,outer
0,15508,vM7m581tHn0$_$9,vM7m581tHn0,0,1,0,0,0.6666666865,outer
0,15509,vM9AH4EqCaA$_$0,vM9AH4EqCaA,0,0,0,1,0.3333333433,inner_train
0,15510,vM9AH4EqCaA$_$2,vM9AH4EqCaA,0,0,0,1,1,inner_train
0,15511,vM9AH4EqCaA$_$6,vM9AH4EqCaA,0,0,0,1,0.6666666865,inner_train
0,15515,vRhj2bLo1ho$_$1,vRhj2bLo1ho,0,0,0,0,0.6666666865,inner_train
0,15516,vRhj2bLo1ho$_$0,vRhj2bLo1ho,0,0,0,0,0,inner_train
0,15517,vRhj2bLo1ho$_$3,vRhj2bLo1ho,0,0,0,0,-0.3333333433,inner_train
0,15518,vRhj2bLo1ho$_$2,vRhj2bLo1ho,0,0,0,0,1,inner_train
0,15519,vRhj2bLo1ho$_$5,vRhj2bLo1ho,0,0,0,0,0,inner_train
0,15520,vRhj2bLo1ho$_$4,vRhj2bLo1ho,0,0,0,0,-1.333333373,inner_train
0,15521,vRhj2bLo1ho$_$7,vRhj2bLo1ho,0,0,0,0,-0.3333333433,inner_train
0,15522,vRhj2bLo1ho$_$8,vRhj2bLo1ho,0,0,0,0,0,inner_train
0,15523,vRydHjRzDX0$_$12,vRydHjRzDX0,0,1,0,0,0.3333333433,inner_train
0,15524,vRydHjRzDX0$_$0,vRydHjRzDX0,0,1,0,0,0,inner_train
0,15525,vRydHjRzDX0$_$3,vRydHjRzDX0,0,1,0,0,1,inner_train
0,15526,vRydHjRzDX0$_$2,vRydHjRzDX0,0,1,0,0,0.3333333433,inner_train
0,15527,vRydHjRzDX0$_$7,vRydHjRzDX0,0,1,0,0,0.6666666865,inner_train
0,15528,vRydHjRzDX0$_$8,vRydHjRzDX0,0,1,0,0,0,inner_train
0,15529,vXABB4tBBUU$_$1,vXABB4tBBUU,0,1,0,0,0,inner_train
0,15530,vXABB4tBBUU$_$0,vXABB4tBBUU,0,1,0,0,1.666666627,inner_train
0,15531,vXABB4tBBUU$_$3,vXABB4tBBUU,0,1,0,0,0.6666666865,inner_train
0,15532,vXABB4tBBUU$_$2,vXABB4tBBUU,0,1,0,0,0,inner_train
0,15533,vXABB4tBBUU$_$5,vXABB4tBBUU,0,1,0,0,0,inner_train
0,15534,vXABB4tBBUU$_$4,vXABB4tBBUU,0,1,0,0,0.6666666865,inner_train
0,15538,vbVLgaP5IYU$_$0,vbVLgaP5IYU,0,0,0,0,0.3333333433,inner_train
0,15539,vbVLgaP5IYU$_$3,vbVLgaP5IYU,0,0,0,0,0,inner_train
0,15540,vbVLgaP5IYU$_$4,vbVLgaP5IYU,0,0,0,0,-1.333333373,inner_train
0,15542,vlnKSMw5v1o$_$1,vlnKSMw5v1o,0,1,0,0,0.6666666865,inner_train
0,15543,vlnKSMw5v1o$_$0,vlnKSMw5v1o,0,1,0,0,0,inner_train
0,15544,vlnKSMw5v1o$_$3,vlnKSMw5v1o,0,1,0,0,1.333333373,inner_train
0,15545,vlnKSMw5v1o$_$5,vlnKSMw5v1o,0,1,0,0,0,inner_train
0,15546,vlnKSMw5v1o$_$4,vlnKSMw5v1o,0,1,0,0,-1.333333373,inner_train
0,15547,vlnKSMw5v1o$_$6,vlnKSMw5v1o,0,1,0,0,1.333333373,inner_train
0,15548,vop7tN_K64I$_$11,vop7tN_K64I,0,1,0,0,0.6666666865,outer
0,15549,vop7tN_K64I$_$14,vop7tN_K64I,0,1,0,0,0,outer
0,15550,vop7tN_K64I$_$17,vop7tN_K64I,0,1,0,0,-0.3333333433,outer
0,15551,vop7tN_K64I$_$16,vop7tN_K64I,0,1,0,0,0,outer
0,15552,vop7tN_K64I$_$1,vop7tN_K64I,0,1,0,0,0.6666666865,outer
0,15553,vop7tN_K64I$_$2,vop7tN_K64I,0,1,0,0,0,outer
0,15554,vqBRkjHWjXM$_$2,vqBRkjHWjXM,0,0,0,0,0,inner_train
0,15555,vrgwwihTxVQ$_$0,vrgwwihTxVQ,0,0,0,0,0,inner_train
0,15556,vrgwwihTxVQ$_$2,vrgwwihTxVQ,0,0,0,0,0,inner_train
0,15562,vwUBtNvjrU4$_$24,vwUBtNvjrU4,0,1,0,0,0,inner_train
0,15563,vwUBtNvjrU4$_$11,vwUBtNvjrU4,0,1,0,0,0.6666666865,inner_train
0,15564,vwUBtNvjrU4$_$26,vwUBtNvjrU4,0,1,0,0,0,inner_train
0,15565,vwUBtNvjrU4$_$14,vwUBtNvjrU4,0,1,0,0,-1,inner_train
0,15566,vwUBtNvjrU4$_$16,vwUBtNvjrU4,0,1,0,0,0,inner_train
0,15567,vwUBtNvjrU4$_$18,vwUBtNvjrU4,0,1,0,0,1,inner_train
0,15568,vwUBtNvjrU4$_$23,vwUBtNvjrU4,0,1,0,0,0.3333333433,inner_train
0,15569,vwUBtNvjrU4$_$13,vwUBtNvjrU4,0,1,0,0,0,inner_train
0,15570,vwUBtNvjrU4$_$1,vwUBtNvjrU4,0,1,0,0,0,inner_train
0,15571,vwUBtNvjrU4$_$0,vwUBtNvjrU4,0,1,0,0,0,inner_train
0,15572,vwUBtNvjrU4$_$3,vwUBtNvjrU4,0,1,0,0,0,inner_train
0,15573,vwUBtNvjrU4$_$2,vwUBtNvjrU4,0,1,0,0,0,inner_train
0,15574,vwUBtNvjrU4$_$25,vwUBtNvjrU4,0,1,0,0,0,inner_train
0,15575,vwUBtNvjrU4$_$32,vwUBtNvjrU4,0,1,0,0,0.6666666865,inner_train
0,15576,vx8j_4DMqh4$_$1,vx8j_4DMqh4,0,0,0,0,0,outer
0,15577,vx8j_4DMqh4$_$2,vx8j_4DMqh4,0,0,0,0,0.3333333433,outer
0,15578,w-PFjo89Dpw$_$10,w-PFjo89Dpw,0,0,0,1,0.6666666865,inner_train
0,15579,w-PFjo89Dpw$_$20,w-PFjo89Dpw,0,0,0,1,0,inner_train
0,15580,w-PFjo89Dpw$_$14,w-PFjo89Dpw,0,0,0,1,0.3333333433,inner_train
0,15581,w-PFjo89Dpw$_$18,w-PFjo89Dpw,0,0,0,1,-0.3333333433,inner_train
0,15582,w-PFjo89Dpw$_$2,w-PFjo89Dpw,0,0,0,1,0,inner_train
0,15583,w-PFjo89Dpw$_$5,w-PFjo89Dpw,0,0,0,1,0,inner_train
0,15584,w-PFjo89Dpw$_$7,w-PFjo89Dpw,0,0,0,1,0,inner_train
0,15585,w-PFjo89Dpw$_$6,w-PFjo89Dpw,0,0,0,1,0.3333333433,inner_train
0,15586,w-PFjo89Dpw$_$9,w-PFjo89Dpw,0,0,0,1,0,inner_train
0,15590,w44JDB1NmqM$_$1,w44JDB1NmqM,0,1,0,0,-0.3333333433,outer
0,15591,w44JDB1NmqM$_$0,w44JDB1NmqM,0,1,0,0,0.6666666865,outer
0,15592,w44JDB1NmqM$_$3,w44JDB1NmqM,0,1,0,0,1,outer
0,15593,w44JDB1NmqM$_$5,w44JDB1NmqM,0,1,0,0,0,outer
0,15594,w4xIyGs-3wc$_$1,w4xIyGs-3wc,0,0,1,0,-1,inner_train
0,15595,w4xIyGs-3wc$_$2,w4xIyGs-3wc,0,0,1,0,-1.666666627,inner_train
0,15603,wEs7pJH2mqQ$_$1,wEs7pJH2mqQ,0,1,0,0,1.333333373,inner_train
0,15604,wEs7pJH2mqQ$_$8,wEs7pJH2mqQ,0,1,0,0,-1.333333373,inner_train
0,15605,wEs7pJH2mqQ$_$3,wEs7pJH2mqQ,0,1,0,0,-0.3333333433,inner_train
0,15606,wEs7pJH2mqQ$_$7,wEs7pJH2mqQ,0,1,0,0,-1.333333373,inner_train
0,15607,wEs7pJH2mqQ$_$0,wEs7pJH2mqQ,0,1,0,0,-0.3333333433,inner_train
0,15619,wI7DDCRh4Nw$_$1,wI7DDCRh4Nw,0,1,0,1,-0.6666666865,inner_train
0,15620,wI7DDCRh4Nw$_$0,wI7DDCRh4Nw,0,1,0,1,0.3333333433,inner_train
0,15621,wI7DDCRh4Nw$_$3,wI7DDCRh4Nw,0,1,0,1,0.6666666865,inner_train
0,15622,wI7DDCRh4Nw$_$2,wI7DDCRh4Nw,0,1,0,1,-0.6666666865,inner_train
0,15623,wI7DDCRh4Nw$_$4,wI7DDCRh4Nw,0,1,0,1,0.6666666865,inner_train
0,15624,wI7DDCRh4Nw$_$7,wI7DDCRh4Nw,0,1,0,1,1.666666627,inner_train
0,15625,wI7DDCRh4Nw$_$6,wI7DDCRh4Nw,0,1,0,1,1,inner_train
0,15628,wLj_gnNON7A$_$11,wLj_gnNON7A,0,1,0,0,0,inner_train
0,15629,wLj_gnNON7A$_$10,wLj_gnNON7A,0,1,0,0,-1.666666627,inner_train
0,15630,wLj_gnNON7A$_$13,wLj_gnNON7A,0,1,0,0,-1.333333373,inner_train
0,15631,wLj_gnNON7A$_$12,wLj_gnNON7A,0,1,0,0,-2.666666746,inner_train
0,15632,wLj_gnNON7A$_$15,wLj_gnNON7A,0,1,0,0,-2,inner_train
0,15633,wLj_gnNON7A$_$14,wLj_gnNON7A,0,1,0,0,-0.3333333433,inner_train
0,15634,wLj_gnNON7A$_$17,wLj_gnNON7A,0,1,0,0,0.3333333433,inner_train
0,15635,wLj_gnNON7A$_$16,wLj_gnNON7A,0,1,0,0,0,inner_train
0,15636,wLj_gnNON7A$_$19,wLj_gnNON7A,0,1,0,0,0,inner_train
0,15637,wLj_gnNON7A$_$18,wLj_gnNON7A,0,1,0,0,0.3333333433,inner_train
0,15638,wLj_gnNON7A$_$1,wLj_gnNON7A,0,1,0,0,-0.6666666865,inner_train
0,15639,wLj_gnNON7A$_$0,wLj_gnNON7A,0,1,0,0,-0.3333333433,inner_train
0,15640,wLj_gnNON7A$_$3,wLj_gnNON7A,0,1,0,0,-1.333333373,inner_train
0,15641,wLj_gnNON7A$_$2,wLj_gnNON7A,0,1,0,0,0,inner_train
0,15642,wLj_gnNON7A$_$5,wLj_gnNON7A,0,1,0,0,-1,inner_train
0,15643,wLj_gnNON7A$_$4,wLj_gnNON7A,0,1,0,0,-0.3333333433,inner_train
0,15644,wLj_gnNON7A$_$7,wLj_gnNON7A,0,1,0,0,-1,inner_train
0,15645,wLj_gnNON7A$_$6,wLj_gnNON7A,0,1,0,0,-1.666666627,inner_train
0,15646,wLj_gnNON7A$_$9,wLj_gnNON7A,0,1,0,0,-1.666666627,inner_train
0,15647,wLj_gnNON7A$_$20,wLj_gnNON7A,0,1,0,0,-0.3333333433,inner_train
0,15648,wLj_gnNON7A$_$8,wLj_gnNON7A,0,1,0,0,-1.333333373,inner_train
0,15649,wLrgvSYLPUI$_$1,wLrgvSYLPUI,0,0,0,0,0.6666666865,inner_train
0,15650,wLrgvSYLPUI$_$3,wLrgvSYLPUI,0,0,0,0,1.666666627,inner_train
0,15651,wLrgvSYLPUI$_$2,wLrgvSYLPUI,0,0,0,0,0.3333333433,inner_train
0,15652,wLrgvSYLPUI$_$5,wLrgvSYLPUI,0,0,0,0,2.333333254,inner_train
0,15653,wLrgvSYLPUI$_$7,wLrgvSYLPUI,0,0,0,0,2,inner_train
0,15654,wMggOhhVouA$_$3,wMggOhhVouA,0,1,0,0,0,inner_train
0,15655,wMggOhhVouA$_$6,wMggOhhVouA,0,1,0,0,0,inner_train
0,15656,wNx1ZnQ0MDQ$_$9,wNx1ZnQ0MDQ,0,1,0,0,1.333333373,outer
0,15657,wNx1ZnQ0MDQ$_$8,wNx1ZnQ0MDQ,0,1,0,0,0,outer
0,15658,wNx1ZnQ0MDQ$_$4,wNx1ZnQ0MDQ,0,1,0,0,0.3333333433,outer
0,15659,wNx1ZnQ0MDQ$_$14,wNx1ZnQ0MDQ,0,1,0,0,0.3333333433,outer
0,15660,wNx1ZnQ0MDQ$_$6,wNx1ZnQ0MDQ,0,1,0,0,1.333333373,outer
0,15688,wRKVNiABc0w$_$11,wRKVNiABc0w,0,1,0,0,0.3333333433,outer
0,15689,wRKVNiABc0w$_$10,wRKVNiABc0w,0,1,0,0,-0.6666666865,outer
0,15690,wRKVNiABc0w$_$12,wRKVNiABc0w,0,1,0,0,1,outer
0,15691,wRKVNiABc0w$_$20,wRKVNiABc0w,0,1,0,0,1.666666627,outer
0,15692,wRKVNiABc0w$_$14,wRKVNiABc0w,0,1,0,0,-0.3333333433,outer
0,15693,wRKVNiABc0w$_$16,wRKVNiABc0w,0,1,0,0,0.3333333433,outer
0,15694,wRKVNiABc0w$_$19,wRKVNiABc0w,0,1,0,0,-0.3333333433,outer
0,15695,wRKVNiABc0w$_$18,wRKVNiABc0w,0,1,0,0,0,outer
0,15696,wRKVNiABc0w$_$23,wRKVNiABc0w,0,1,0,0,-0.6666666865,outer
0,15697,wRKVNiABc0w$_$1,wRKVNiABc0w,0,1,0,0,-0.6666666865,outer
0,15698,wRKVNiABc0w$_$0,wRKVNiABc0w,0,1,0,0,-1,outer
0,15699,wRKVNiABc0w$_$3,wRKVNiABc0w,0,1,0,0,0,outer
0,15700,wRKVNiABc0w$_$5,wRKVNiABc0w,0,1,0,0,-1,outer
0,15701,wRKVNiABc0w$_$24,wRKVNiABc0w,0,1,0,0,1.333333373,outer
0,15702,wRKVNiABc0w$_$6,wRKVNiABc0w,0,1,0,0,0,outer
0,15703,wRKVNiABc0w$_$8,wRKVNiABc0w,0,1,0,0,0,outer
0,15704,wRKVNiABc0w$_$21,wRKVNiABc0w,0,1,0,0,0.6666666865,outer
0,15706,wVdoIjg3ZFQ$_$1,wVdoIjg3ZFQ,0,0,0,0,1.333333373,inner_train
0,15707,wVdoIjg3ZFQ$_$0,wVdoIjg3ZFQ,0,0,0,0,0,inner_train
0,15708,wVdoIjg3ZFQ$_$3,wVdoIjg3ZFQ,0,0,0,0,0.6666666865,inner_train
0,15709,wVdoIjg3ZFQ$_$2,wVdoIjg3ZFQ,0,0,0,0,0.6666666865,inner_train
0,15710,wVdoIjg3ZFQ$_$4,wVdoIjg3ZFQ,0,0,0,0,-1.666666627,inner_train
0,15711,wVdoIjg3ZFQ$_$6,wVdoIjg3ZFQ,0,0,0,0,0.3333333433,inner_train
0,15716,wY8JbFOsp5E$_$1,wY8JbFOsp5E,0,1,1,0,1,inner_train
0,15717,wY8JbFOsp5E$_$16,wY8JbFOsp5E,0,1,1,0,0,inner_train
0,15725,wb7CfuiIZFQ$_$5,wb7CfuiIZFQ,0,0,0,0,1.333333373,inner_train
0,15735,wdU-0bttAkc$_$3,wdU-0bttAkc,0,0,0,0,0.6666666865,inner_train
0,15736,wdU-0bttAkc$_$7,wdU-0bttAkc,0,0,0,0,-0.3333333433,inner_train
0,15772,wj4snKbUWZA$_$8,wj4snKbUWZA,0,0,0,0,-1.333333373,outer
0,15773,wj4snKbUWZA$_$3,wj4snKbUWZA,0,0,0,0,-1,outer
0,15774,wj4snKbUWZA$_$5,wj4snKbUWZA,0,0,0,0,-2.666666746,outer
0,15775,wj4snKbUWZA$_$6,wj4snKbUWZA,0,0,0,0,0.6666666865,outer
0,15779,wrQVnClcNPM$_$11,wrQVnClcNPM,0,1,0,0,1.333333373,inner_train
0,15780,wrQVnClcNPM$_$10,wrQVnClcNPM,0,1,0,0,0.6666666865,inner_train
0,15781,wrQVnClcNPM$_$13,wrQVnClcNPM,0,1,0,0,1,inner_train
0,15782,wrQVnClcNPM$_$12,wrQVnClcNPM,0,1,0,0,2.333333254,inner_train
0,15783,wrQVnClcNPM$_$15,wrQVnClcNPM,0,1,0,0,-0.3333333433,inner_train
0,15784,wrQVnClcNPM$_$14,wrQVnClcNPM,0,1,0,0,0,inner_train
0,15785,wrQVnClcNPM$_$16,wrQVnClcNPM,0,1,0,0,2,inner_train
0,15786,wrQVnClcNPM$_$1,wrQVnClcNPM,0,1,0,0,0.3333333433,inner_train
0,15787,wrQVnClcNPM$_$0,wrQVnClcNPM,0,1,0,0,1.333333373,inner_train
0,15788,wrQVnClcNPM$_$3,wrQVnClcNPM,0,1,0,0,0.3333333433,inner_train
0,15789,wrQVnClcNPM$_$2,wrQVnClcNPM,0,1,0,0,0,inner_train
0,15790,wrQVnClcNPM$_$5,wrQVnClcNPM,0,1,0,0,0,inner_train
0,15791,wrQVnClcNPM$_$4,wrQVnClcNPM,0,1,0,0,1.666666627,inner_train
0,15792,wrQVnClcNPM$_$7,wrQVnClcNPM,0,1,0,0,0,inner_train
0,15793,wrQVnClcNPM$_$6,wrQVnClcNPM,0,1,0,0,0.6666666865,inner_train
0,15794,wrQVnClcNPM$_$9,wrQVnClcNPM,0,1,0,0,0,inner_train
0,15795,wrQVnClcNPM$_$8,wrQVnClcNPM,0,1,0,0,0.3333333433,inner_train
0,15827,x7ZR70cTa84$_$1,x7ZR70cTa84,0,1,0,1,1.333333373,outer
0,15828,x7ZR70cTa84$_$2,x7ZR70cTa84,0,1,0,1,1.666666627,outer
0,15829,x92920ole0w$_$18,x92920ole0w,0,0,0,0,0,outer
0,15830,x92920ole0w$_$13,x92920ole0w,0,0,0,0,0,outer
0,15831,x92920ole0w$_$12,x92920ole0w,0,0,0,0,0.3333333433,outer
0,15832,x92920ole0w$_$0,x92920ole0w,0,0,0,0,0.6666666865,outer
0,15842,xAApNMTj3as$_$0,xAApNMTj3as,0,1,1,0,-0.3333333433,inner_train
0,15843,xBsrNFxnnuY$_$0,xBsrNFxnnuY,0,0,0,0,1.666666627,inner_train
0,15844,xBsrNFxnnuY$_$2,xBsrNFxnnuY,0,0,0,0,0,inner_train
0,15845,xBsrNFxnnuY$_$5,xBsrNFxnnuY,0,0,0,0,0,inner_train
0,15846,xBsrNFxnnuY$_$4,xBsrNFxnnuY,0,0,0,0,0,inner_train
0,15847,xBsrNFxnnuY$_$7,xBsrNFxnnuY,0,0,0,0,1,inner_train
0,15848,xBsrNFxnnuY$_$9,xBsrNFxnnuY,0,0,0,0,1,inner_train
0,15849,xBsrNFxnnuY$_$8,xBsrNFxnnuY,0,0,0,0,0,inner_train
0,15854,xP81rX2ATLI$_$1,xP81rX2ATLI,0,1,0,0,0.6666666865,inner_train
0,15855,xP81rX2ATLI$_$0,xP81rX2ATLI,0,1,0,0,0.3333333433,inner_train
0,15856,xP81rX2ATLI$_$3,xP81rX2ATLI,0,1,0,0,-0.3333333433,inner_train
0,15857,xP81rX2ATLI$_$2,xP81rX2ATLI,0,1,0,0,-0.3333333433,inner_train
0,15858,xP81rX2ATLI$_$5,xP81rX2ATLI,0,1,0,0,0,inner_train
0,15859,xP81rX2ATLI$_$4,xP81rX2ATLI,0,1,0,0,0,inner_train
0,15860,xP81rX2ATLI$_$7,xP81rX2ATLI,0,1,0,0,0,inner_train
0,15861,xP81rX2ATLI$_$6,xP81rX2ATLI,0,1,0,0,-0.6666666865,inner_train
0,15862,xP81rX2ATLI$_$8,xP81rX2ATLI,0,1,0,0,-0.3333333433,inner_train
0,15863,xPN38lYBQv4$_$1,xPN38lYBQv4,0,1,0,0,2,inner_train
0,15864,xPN38lYBQv4$_$3,xPN38lYBQv4,0,1,0,0,0.3333333433,inner_train
0,15871,xRJXYUZVdas$_$1,xRJXYUZVdas,0,1,0,0,1,inner_train
0,15872,xRJXYUZVdas$_$0,xRJXYUZVdas,0,1,0,0,0,inner_train
0,15873,xRJXYUZVdas$_$13,xRJXYUZVdas,0,1,0,0,1.333333373,inner_train
0,15874,xRJXYUZVdas$_$5,xRJXYUZVdas,0,1,0,0,2.333333254,inner_train
0,15875,xRJXYUZVdas$_$6,xRJXYUZVdas,0,1,0,0,1.666666627,inner_train
0,15876,xTBBDx3DkXQ$_$10,xTBBDx3DkXQ,0,0,0,0,1.666666627,inner_train
0,15877,xTBBDx3DkXQ$_$0,xTBBDx3DkXQ,0,0,0,0,0.6666666865,inner_train
0,15878,xTBBDx3DkXQ$_$2,xTBBDx3DkXQ,0,0,0,0,0.3333333433,inner_train
0,15879,xTBBDx3DkXQ$_$5,xTBBDx3DkXQ,0,0,0,0,1.333333373,inner_train
0,15880,xTBBDx3DkXQ$_$4,xTBBDx3DkXQ,0,0,0,0,2,inner_train
0,15881,xTBBDx3DkXQ$_$7,xTBBDx3DkXQ,0,0,0,0,0.3333333433,inner_train
0,15882,xTBBDx3DkXQ$_$6,xTBBDx3DkXQ,0,0,0,0,1,inner_train
0,15883,xUz5cCA-oTo$_$11,xUz5cCA-oTo,0,0,0,0,-0.6666666865,inner_train
0,15884,xUz5cCA-oTo$_$10,xUz5cCA-oTo,0,0,0,0,-1,inner_train
0,15885,xUz5cCA-oTo$_$13,xUz5cCA-oTo,0,0,0,0,0,inner_train
0,15886,xUz5cCA-oTo$_$15,xUz5cCA-oTo,0,0,0,0,-0.6666666865,inner_train
0,15887,xUz5cCA-oTo$_$14,xUz5cCA-oTo,0,0,0,0,0,inner_train
0,15888,xUz5cCA-oTo$_$16,xUz5cCA-oTo,0,0,0,0,-0.6666666865,inner_train
0,15889,xUz5cCA-oTo$_$19,xUz5cCA-oTo,0,0,0,0,0,inner_train
0,15890,xUz5cCA-oTo$_$18,xUz5cCA-oTo,0,0,0,0,-0.3333333433,inner_train
0,15891,xUz5cCA-oTo$_$0,xUz5cCA-oTo,0,0,0,0,0,inner_train
0,15892,xUz5cCA-oTo$_$4,xUz5cCA-oTo,0,0,0,0,-1.333333373,inner_train
0,15893,xUz5cCA-oTo$_$7,xUz5cCA-oTo,0,0,0,0,0,inner_train
0,15894,xUz5cCA-oTo$_$9,xUz5cCA-oTo,0,0,0,0,0,inner_train
0,15903,xYtNgq9eTlg$_$1,xYtNgq9eTlg,0,1,0,0,0.3333333433,inner_valid
0,15904,xYtNgq9eTlg$_$0,xYtNgq9eTlg,0,1,0,0,0,inner_valid
0,15905,xYtNgq9eTlg$_$3,xYtNgq9eTlg,0,1,0,0,0,inner_valid
0,15906,xYtNgq9eTlg$_$2,xYtNgq9eTlg,0,1,0,0,0,inner_valid
0,15907,xYtNgq9eTlg$_$5,xYtNgq9eTlg,0,1,0,0,0.3333333433,inner_valid
0,15908,xYtNgq9eTlg$_$4,xYtNgq9eTlg,0,1,0,0,0,inner_valid
0,15909,xYtNgq9eTlg$_$7,xYtNgq9eTlg,0,1,0,0,0.6666666865,inner_valid
0,15910,xYtNgq9eTlg$_$6,xYtNgq9eTlg,0,1,0,0,0.3333333433,inner_valid
0,15917,xaSf1d13WoY$_$11,xaSf1d13WoY,0,1,0,0,0.3333333433,outer
0,15918,xaSf1d13WoY$_$13,xaSf1d13WoY,0,1,0,0,1,outer
0,15919,xaSf1d13WoY$_$14,xaSf1d13WoY,0,1,0,0,0.3333333433,outer
0,15920,xaSf1d13WoY$_$17,xaSf1d13WoY,0,1,0,0,-0.6666666865,outer
0,15921,xaSf1d13WoY$_$18,xaSf1d13WoY,0,1,0,0,0,outer
0,15922,xaSf1d13WoY$_$1,xaSf1d13WoY,0,1,0,0,1,outer
0,15923,xaSf1d13WoY$_$2,xaSf1d13WoY,0,1,0,0,0,outer
0,15924,xaSf1d13WoY$_$5,xaSf1d13WoY,0,1,0,0,0.6666666865,outer
0,15925,xaSf1d13WoY$_$4,xaSf1d13WoY,0,1,0,0,0,outer
0,15926,xaSf1d13WoY$_$9,xaSf1d13WoY,0,1,0,0,1,outer
0,15927,xbl7bU5PGBs$_$1,xbl7bU5PGBs,0,1,0,0,1,inner_train
0,15928,xbl7bU5PGBs$_$0,xbl7bU5PGBs,0,1,0,0,0.6666666865,inner_train
0,15929,xbl7bU5PGBs$_$4,xbl7bU5PGBs,0,1,0,0,2.333333254,inner_train
0,15930,xfP0bm6Z-7E$_$1,xfP0bm6Z-7E,0,0,0,0,0,inner_valid
0,15931,xfP0bm6Z-7E$_$0,xfP0bm6Z-7E,0,0,0,0,0,inner_valid
0,15932,xfP0bm6Z-7E$_$2,xfP0bm6Z-7E,0,0,0,0,0.3333333433,inner_valid
0,15933,xfP0bm6Z-7E$_$5,xfP0bm6Z-7E,0,0,0,0,0,inner_valid
0,15934,xfP0bm6Z-7E$_$4,xfP0bm6Z-7E,0,0,0,0,0.6666666865,inner_valid
0,15935,xfP0bm6Z-7E$_$7,xfP0bm6Z-7E,0,0,0,0,0,inner_valid
0,15940,xgAwddSkrOo$_$1,xgAwddSkrOo,0,0,0,0,-0.3333333433,inner_train
0,15941,xgAwddSkrOo$_$0,xgAwddSkrOo,0,0,0,0,0,inner_train
0,15942,xgAwddSkrOo$_$3,xgAwddSkrOo,0,0,0,0,0,inner_train
0,15943,xgAwddSkrOo$_$5,xgAwddSkrOo,0,0,0,0,0,inner_train
0,15944,xgAwddSkrOo$_$6,xgAwddSkrOo,0,0,0,0,0,inner_train
0,15949,xiRUWSUrGSg$_$0,xiRUWSUrGSg,0,1,0,1,0.3333333433,inner_valid
0,15950,xiRUWSUrGSg$_$4,xiRUWSUrGSg,0,1,0,1,-0.6666666865,inner_valid
0,15962,xn9_4n4NpEw$_$11,xn9_4n4NpEw,0,1,0,0,0.3333333433,inner_valid
0,15963,xn9_4n4NpEw$_$10,xn9_4n4NpEw,0,1,0,0,0.5,inner_valid
0,15964,xn9_4n4NpEw$_$1,xn9_4n4NpEw,0,1,0,0,0,inner_valid
0,15965,xn9_4n4NpEw$_$0,xn9_4n4NpEw,0,1,0,0,0.1666666716,inner_valid
0,15966,xn9_4n4NpEw$_$3,xn9_4n4NpEw,0,1,0,0,0,inner_valid
0,15967,xn9_4n4NpEw$_$5,xn9_4n4NpEw,0,1,0,0,0.6666666865,inner_valid
0,15968,xn9_4n4NpEw$_$4,xn9_4n4NpEw,0,1,0,0,0.3333333433,inner_valid
0,15969,xn9_4n4NpEw$_$7,xn9_4n4NpEw,0,1,0,0,0.1666666716,inner_valid
0,15970,xn9_4n4NpEw$_$6,xn9_4n4NpEw,0,1,0,0,0,inner_valid
0,15971,xn9_4n4NpEw$_$9,xn9_4n4NpEw,0,1,0,0,0.3333333433,inner_valid
0,15972,xn9_4n4NpEw$_$8,xn9_4n4NpEw,0,1,0,0,0.5,inner_valid
0,15973,xnNZyfhusAk$_$9,xnNZyfhusAk,0,1,0,0,-1.333333373,inner_train
0,15974,xnNZyfhusAk$_$2,xnNZyfhusAk,0,1,0,0,0.3333333433,inner_train
0,15975,xnNZyfhusAk$_$7,xnNZyfhusAk,0,1,0,0,0.3333333433,inner_train
0,15976,xnNZyfhusAk$_$6,xnNZyfhusAk,0,1,0,0,1,inner_train
0,15977,xomMHflvVDw$_$24,xomMHflvVDw,0,0,0,0,0.3333333433,inner_train
0,15978,xomMHflvVDw$_$25,xomMHflvVDw,0,0,0,0,0.3333333433,inner_train
0,15979,xomMHflvVDw$_$20,xomMHflvVDw,0,0,0,0,0,inner_train
0,15980,xomMHflvVDw$_$21,xomMHflvVDw,0,0,0,0,0,inner_train
0,15981,xomMHflvVDw$_$22,xomMHflvVDw,0,0,0,0,0,inner_train
0,15982,xomMHflvVDw$_$23,xomMHflvVDw,0,0,0,0,0,inner_train
0,15983,xomMHflvVDw$_$1,xomMHflvVDw,0,0,0,0,0,inner_train
0,15984,xomMHflvVDw$_$0,xomMHflvVDw,0,0,0,0,0,inner_train
0,15985,xomMHflvVDw$_$3,xomMHflvVDw,0,0,0,0,0,inner_train
0,15986,xomMHflvVDw$_$2,xomMHflvVDw,0,0,0,0,0,inner_train
0,15987,xomMHflvVDw$_$5,xomMHflvVDw,0,0,0,0,0.6666666865,inner_train
0,15988,xomMHflvVDw$_$4,xomMHflvVDw,0,0,0,0,0,inner_train
0,15989,xomMHflvVDw$_$7,xomMHflvVDw,0,0,0,0,1,inner_train
0,15990,xomMHflvVDw$_$6,xomMHflvVDw,0,0,0,0,0,inner_train
0,15991,xomMHflvVDw$_$9,xomMHflvVDw,0,0,0,0,0,inner_train
0,15992,xomMHflvVDw$_$8,xomMHflvVDw,0,0,0,0,0,inner_train
0,15993,xomMHflvVDw$_$11,xomMHflvVDw,0,0,0,0,0,inner_train
0,15994,xomMHflvVDw$_$10,xomMHflvVDw,0,0,0,0,0,inner_train
0,15995,xomMHflvVDw$_$13,xomMHflvVDw,0,0,0,0,0,inner_train
0,15996,xomMHflvVDw$_$12,xomMHflvVDw,0,0,0,0,0.3333333433,inner_train
0,15997,xomMHflvVDw$_$15,xomMHflvVDw,0,0,0,0,0.3333333433,inner_train
0,15998,xomMHflvVDw$_$14,xomMHflvVDw,0,0,0,0,0,inner_train
0,15999,xomMHflvVDw$_$17,xomMHflvVDw,0,0,0,0,0,inner_train
0,16000,xomMHflvVDw$_$16,xomMHflvVDw,0,0,0,0,0,inner_train
0,16001,xomMHflvVDw$_$18,xomMHflvVDw,0,0,0,0,0,inner_train
0,16008,xu53lk4dhSc$_$24,xu53lk4dhSc,0,0,0,0,1.666666627,outer
0,16009,xu53lk4dhSc$_$13,xu53lk4dhSc,0,0,0,0,0.3333333433,outer
0,16010,xu53lk4dhSc$_$20,xu53lk4dhSc,0,0,0,0,0,outer
0,16011,xu53lk4dhSc$_$14,xu53lk4dhSc,0,0,0,0,-1,outer
0,16012,xu53lk4dhSc$_$17,xu53lk4dhSc,0,0,0,0,0.3333333433,outer
0,16013,xu53lk4dhSc$_$16,xu53lk4dhSc,0,0,0,0,0,outer
0,16014,xu53lk4dhSc$_$1,xu53lk4dhSc,0,0,0,0,0,outer
0,16015,xu53lk4dhSc$_$9,xu53lk4dhSc,0,0,0,0,1.333333373,outer
0,16016,xu53lk4dhSc$_$8,xu53lk4dhSc,0,0,0,0,1,outer
0,16027,xw-Blnej8EA$_$4,xw-Blnej8EA,0,0,0,0,1,outer
0,16028,xwNQ7QuXaps$_$11,xwNQ7QuXaps,0,1,0,0,1.333333373,inner_train
0,16029,xwNQ7QuXaps$_$10,xwNQ7QuXaps,0,1,0,0,0.6666666865,inner_train
0,16030,xwNQ7QuXaps$_$5,xwNQ7QuXaps,0,1,0,0,1.333333373,inner_train
0,16031,xwNQ7QuXaps$_$4,xwNQ7QuXaps,0,1,0,0,1,inner_train
0,16032,xwNQ7QuXaps$_$7,xwNQ7QuXaps,0,1,0,0,0.6666666865,inner_train
0,16033,xwNQ7QuXaps$_$9,xwNQ7QuXaps,0,1,0,0,-0.6666666865,inner_train
0,16034,xyOa9ivNrg4$_$1,xyOa9ivNrg4,0,1,0,1,1,inner_train
0,16035,xyOa9ivNrg4$_$0,xyOa9ivNrg4,0,1,0,1,0,inner_train
0,16040,y1gL_MuokI8$_$0,y1gL_MuokI8,0,0,0,0,-0.3333333433,inner_train
0,16041,y1gL_MuokI8$_$5,y1gL_MuokI8,0,0,0,0,-0.3333333433,inner_train
0,16042,y5JdqGL5DRc$_$5,y5JdqGL5DRc,0,0,0,1,1.666666627,inner_train
0,16043,y5JdqGL5DRc$_$4,y5JdqGL5DRc,0,0,0,1,0.6666666865,inner_train
0,16044,yALhl-lMBxk$_$1,yALhl-lMBxk,0,0,0,0,1.666666627,inner_train
0,16045,yALhl-lMBxk$_$2,yALhl-lMBxk,0,0,0,0,1.666666627,inner_train
0,16046,yBGuxyO-ElM$_$9,yBGuxyO-ElM,0,0,0,0,1,inner_train
0,16047,yBGuxyO-ElM$_$10,yBGuxyO-ElM,0,0,0,0,1,inner_train
0,16048,yBGuxyO-ElM$_$2,yBGuxyO-ElM,0,0,0,0,1,inner_train
0,16049,yBGuxyO-ElM$_$7,yBGuxyO-ElM,0,0,0,0,0.3333333433,inner_train
0,16119,yNiJGh7JpLM$_$3,yNiJGh7JpLM,0,0,0,0,0,inner_train
0,16120,yNiJGh7JpLM$_$2,yNiJGh7JpLM,0,0,0,0,0,inner_train
0,16121,yNiJGh7JpLM$_$6,yNiJGh7JpLM,0,0,0,0,0.6666666865,inner_train
0,16134,ySfHPyaDbqY$_$8,ySfHPyaDbqY,0,1,0,0,0.6666666865,inner_train
0,16135,ySfHPyaDbqY$_$3,ySfHPyaDbqY,0,1,0,0,0.3333333433,inner_train
0,16136,ySfHPyaDbqY$_$2,ySfHPyaDbqY,0,1,0,0,0.6666666865,inner_train
0,16137,ySfHPyaDbqY$_$7,ySfHPyaDbqY,0,1,0,0,0,inner_train
0,16138,yZWH2P-h0jo$_$1,yZWH2P-h0jo,0,1,0,0,1.666666627,inner_valid
0,16139,yZWH2P-h0jo$_$0,yZWH2P-h0jo,0,1,0,0,1.666666627,inner_valid
0,16140,yZWH2P-h0jo$_$2,yZWH2P-h0jo,0,1,0,0,2.333333254,inner_valid
0,16169,yrIXBklJ5YQ$_$1,yrIXBklJ5YQ,0,1,0,0,0,inner_train
0,16170,yrIXBklJ5YQ$_$0,yrIXBklJ5YQ,0,1,0,0,-1,inner_train
0,16171,yrIXBklJ5YQ$_$3,yrIXBklJ5YQ,0,1,0,0,1.666666627,inner_train
0,16172,yrIXBklJ5YQ$_$2,yrIXBklJ5YQ,0,1,0,0,0.3333333433,inner_train
0,16173,yrIXBklJ5YQ$_$4,yrIXBklJ5YQ,0,1,0,0,-1.333333373,inner_train
0,16174,yrIXBklJ5YQ$_$7,yrIXBklJ5YQ,0,1,0,0,0.6666666865,inner_train
0,16178,yt9GpittX4U$_$3,yt9GpittX4U,0,0,1,0,1,inner_train
0,16183,yuwvVTnsDjc$_$1,yuwvVTnsDjc,0,1,0,0,0.6666666865,inner_train
0,16184,yuwvVTnsDjc$_$0,yuwvVTnsDjc,0,1,0,0,0,inner_train
0,16185,yuwvVTnsDjc$_$3,yuwvVTnsDjc,0,1,0,0,0.3333333433,inner_train
0,16186,yuwvVTnsDjc$_$5,yuwvVTnsDjc,0,1,0,0,0.3333333433,inner_train
0,16187,yuwvVTnsDjc$_$4,yuwvVTnsDjc,0,1,0,0,0.3333333433,inner_train
0,16188,yuwvVTnsDjc$_$6,yuwvVTnsDjc,0,1,0,0,0.3333333433,inner_train
0,16189,yxZydS2qHzs$_$3,yxZydS2qHzs,0,0,0,0,0,outer
0,16190,yxZydS2qHzs$_$2,yxZydS2qHzs,0,0,0,0,-0.6666666865,outer
0,16191,yyToAEoUuek$_$9,yyToAEoUuek,0,0,0,0,0.3333333433,inner_train
0,16192,yyToAEoUuek$_$8,yyToAEoUuek,0,0,0,0,2,inner_train
0,16193,yyToAEoUuek$_$3,yyToAEoUuek,0,0,0,0,0,inner_train
0,16194,z-bupzylxEc$_$0,z-bupzylxEc,0,0,0,0,0.6666666865,inner_valid
0,16204,z7FicxE_pMU$_$11,z7FicxE_pMU,0,0,0,0,0.3333333433,inner_valid
0,16205,z7FicxE_pMU$_$21,z7FicxE_pMU,0,0,0,0,0.3333333433,inner_valid
0,16206,z7FicxE_pMU$_$19,z7FicxE_pMU,0,0,0,0,0.6666666865,inner_valid
0,16207,z7FicxE_pMU$_$18,z7FicxE_pMU,0,0,0,0,0.3333333433,inner_valid
0,16208,z7FicxE_pMU$_$0,z7FicxE_pMU,0,0,0,0,0.3333333433,inner_valid
0,16209,z7FicxE_pMU$_$7,z7FicxE_pMU,0,0,0,0,1.333333373,inner_valid
0,16210,z7FicxE_pMU$_$6,z7FicxE_pMU,0,0,0,0,0,inner_valid
0,16211,z7FicxE_pMU$_$9,z7FicxE_pMU,0,0,0,0,-0.3333333433,inner_valid
0,16219,zFTuwjr3xq0$_$1,zFTuwjr3xq0,0,0,0,0,0,outer
0,16220,zFTuwjr3xq0$_$0,zFTuwjr3xq0,0,0,0,0,0,outer
0,16221,zFTuwjr3xq0$_$3,zFTuwjr3xq0,0,0,0,0,0.6666666865,outer
0,16222,zFTuwjr3xq0$_$2,zFTuwjr3xq0,0,0,0,0,0,outer
0,16223,zFTuwjr3xq0$_$5,zFTuwjr3xq0,0,0,0,0,0,outer
0,16224,zFTuwjr3xq0$_$4,zFTuwjr3xq0,0,0,0,0,-0.3333333433,outer
0,16225,zFuRNvfC4So$_$12,zFuRNvfC4So,0,1,0,0,-0.3333333433,inner_train
0,16226,zFuRNvfC4So$_$14,zFuRNvfC4So,0,1,0,0,0.3333333433,inner_train
0,16227,zFuRNvfC4So$_$1,zFuRNvfC4So,0,1,0,0,0,inner_train
0,16228,zFuRNvfC4So$_$3,zFuRNvfC4So,0,1,0,0,0.3333333433,inner_train
0,16229,zFuRNvfC4So$_$2,zFuRNvfC4So,0,1,0,0,0.6666666865,inner_train
0,16230,zFuRNvfC4So$_$5,zFuRNvfC4So,0,1,0,0,0.3333333433,inner_train
0,16231,zFuRNvfC4So$_$4,zFuRNvfC4So,0,1,0,0,-1.333333373,inner_train
0,16232,zFuRNvfC4So$_$7,zFuRNvfC4So,0,1,0,0,1.666666627,inner_train
0,16233,zFuRNvfC4So$_$8,zFuRNvfC4So,0,1,0,0,0.3333333433,inner_train
0,16236,zKNAu2CCeRs$_$1,zKNAu2CCeRs,0,1,1,1,1,inner_train
0,16237,zOHZDq2BvGo$_$0,zOHZDq2BvGo,0,0,0,1,0.3333333433,inner_train
0,16238,zOHZDq2BvGo$_$3,zOHZDq2BvGo,0,0,0,1,0.6666666865,inner_train
0,16244,zR-kKDaSDmE$_$2,zR-kKDaSDmE,0,1,0,0,-0.3333333433,inner_valid
0,16245,zR62DCEMWgs$_$0,zR62DCEMWgs,0,1,1,0,1.333333373,inner_train
0,16246,zR62DCEMWgs$_$2,zR62DCEMWgs,0,1,1,0,1.666666627,inner_train
0,16247,zR62DCEMWgs$_$5,zR62DCEMWgs,0,1,1,0,-0.3333333433,inner_train
0,16248,zR62DCEMWgs$_$4,zR62DCEMWgs,0,1,1,0,1.666666627,inner_train
0,16249,zR62DCEMWgs$_$7,zR62DCEMWgs,0,1,1,0,-0.3333333433,inner_train
0,16257,zWfDRPy4lXQ$_$1,zWfDRPy4lXQ,0,0,0,0,0.6666666865,inner_train
0,16290,zoPOeViAdOo$_$1,zoPOeViAdOo,0,1,0,0,-0.6666666865,inner_train
0,16301,zsRTbbKlsEg$_$6,zsRTbbKlsEg,0,0,0,0,0.3333333433,inner_valid
0,16302,zuc7vUhZNfY$_$1,zuc7vUhZNfY,0,0,1,0,2,inner_train
0,16303,zuc7vUhZNfY$_$0,zuc7vUhZNfY,0,0,1,0,0,inner_train
0,16304,zv0Jl4TIQDc$_$8,zv0Jl4TIQDc,0,1,0,0,2.333333254,inner_train
0,16305,zv0Jl4TIQDc$_$12,zv0Jl4TIQDc,0,1,0,0,0.3333333433,inner_train
0,16306,zv0Jl4TIQDc$_$5,zv0Jl4TIQDc,0,1,0,0,1,inner_train
0,16312,zwTrXwi54us$_$11,zwTrXwi54us,0,0,0,0,0.3333333433,inner_valid
0,16313,zwTrXwi54us$_$10,zwTrXwi54us,0,0,0,0,0.3333333433,inner_valid
0,16314,zwTrXwi54us$_$12,zwTrXwi54us,0,0,0,0,1.666666627,inner_valid
0,16315,zwTrXwi54us$_$1,zwTrXwi54us,0,0,0,0,0.6666666865,inner_valid
0,16316,zwTrXwi54us$_$0,zwTrXwi54us,0,0,0,0,0,inner_valid
0,16317,zwTrXwi54us$_$3,zwTrXwi54us,0,0,0,0,0,inner_valid
0,16318,zwTrXwi54us$_$2,zwTrXwi54us,0,0,0,0,0.6666666865,inner_valid
0,16319,zwTrXwi54us$_$5,zwTrXwi54us,0,0,0,0,0.3333333433,inner_valid
0,16320,zwTrXwi54us$_$4,zwTrXwi54us,0,0,0,0,0.3333333433,inner_valid
0,16321,zwTrXwi54us$_$7,zwTrXwi54us,0,0,0,0,0,inner_valid
0,16322,zwTrXwi54us$_$6,zwTrXwi54us,0,0,0,0,0,inner_valid
0,16323,zwTrXwi54us$_$9,zwTrXwi54us,0,0,0,0,0.6666666865,inner_valid
0,16324,zwTrXwi54us$_$8,zwTrXwi54us,0,0,0,0,1,inner_valid
1,9,-HwX2H8Z4hY$_$1,-HwX2H8Z4hY,1,0,0,0,-0.6666666865,inner_train
1,10,-HwX2H8Z4hY$_$0,-HwX2H8Z4hY,1,0,0,0,0,inner_train
1,11,-HwX2H8Z4hY$_$3,-HwX2H8Z4hY,1,0,0,0,0.3333333433,inner_train
1,12,-HwX2H8Z4hY$_$2,-HwX2H8Z4hY,1,0,0,0,0,inner_train
1,13,-HwX2H8Z4hY$_$5,-HwX2H8Z4hY,1,0,0,0,-1,inner_train
1,14,-HwX2H8Z4hY$_$4,-HwX2H8Z4hY,1,0,0,0,-2,inner_train
1,15,-HwX2H8Z4hY$_$7,-HwX2H8Z4hY,1,0,0,0,0.6666666865,inner_train
1,16,-HwX2H8Z4hY$_$6,-HwX2H8Z4hY,1,0,0,0,0,inner_train
1,17,-HwX2H8Z4hY$_$9,-HwX2H8Z4hY,1,0,0,0,-0.3333333433,inner_train
1,18,-HwX2H8Z4hY$_$8,-HwX2H8Z4hY,1,0,0,0,-1.666666627,inner_train
1,41,-WXXTNIJcVM$_$1,-WXXTNIJcVM,1,1,0,0,1.666666627,inner_train
1,42,-WXXTNIJcVM$_$0,-WXXTNIJcVM,1,1,0,0,2,inner_train
1,43,-WXXTNIJcVM$_$3,-WXXTNIJcVM,1,1,0,0,1.666666627,inner_train
1,44,-WXXTNIJcVM$_$2,-WXXTNIJcVM,1,1,0,0,2.333333254,inner_train
1,45,-WXXTNIJcVM$_$5,-WXXTNIJcVM,1,1,0,0,0.3333333433,inner_train
1,53,-aNfi7CP8vM$_$10,-aNfi7CP8vM,1,0,0,0,0,inner_train
1,54,-aNfi7CP8vM$_$7,-aNfi7CP8vM,1,0,0,0,0,inner_train
1,55,-aqamKhZ1Ec$_$1,-aqamKhZ1Ec,1,0,0,0,-0.6666666865,inner_train
1,56,-aqamKhZ1Ec$_$0,-aqamKhZ1Ec,1,0,0,0,-2,inner_train
1,57,-aqamKhZ1Ec$_$5,-aqamKhZ1Ec,1,0,0,0,-0.3333333433,inner_train
1,58,-dxfTGcXJoc$_$1,-dxfTGcXJoc,1,0,0,0,1.666666627,inner_train
1,59,-dxfTGcXJoc$_$0,-dxfTGcXJoc,1,0,0,0,1,inner_train
1,60,-dxfTGcXJoc$_$3,-dxfTGcXJoc,1,0,0,0,1.333333373,inner_train
1,61,-dxfTGcXJoc$_$2,-dxfTGcXJoc,1,0,0,0,0.6666666865,inner_train
1,62,-dxfTGcXJoc$_$5,-dxfTGcXJoc,1,0,0,0,2,inner_train
1,63,-dxfTGcXJoc$_$4,-dxfTGcXJoc,1,0,0,0,1.666666627,inner_train
1,64,-dxfTGcXJoc$_$7,-dxfTGcXJoc,1,0,0,0,1,inner_train
1,65,-dxfTGcXJoc$_$6,-dxfTGcXJoc,1,0,0,0,0.6666666865,inner_train
1,97,-lzEya4AM_4$_$9,-lzEya4AM_4,1,1,0,0,0.6666666865,inner_train
1,98,-lzEya4AM_4$_$10,-lzEya4AM_4,1,1,0,0,-0.3333333433,inner_train
1,99,-lzEya4AM_4$_$5,-lzEya4AM_4,1,1,0,0,-0.6666666865,inner_train
1,100,-lzEya4AM_4$_$7,-lzEya4AM_4,1,1,0,0,0,inner_train
1,101,-lzEya4AM_4$_$6,-lzEya4AM_4,1,1,0,0,-0.3333333433,inner_train
1,102,-mJ2ud6oKI8$_$1,-mJ2ud6oKI8,1,0,0,0,0,inner_train
1,103,-mJ2ud6oKI8$_$3,-mJ2ud6oKI8,1,0,0,0,0,inner_train
1,104,-mJ2ud6oKI8$_$2,-mJ2ud6oKI8,1,0,0,0,0,inner_train
1,105,-mJ2ud6oKI8$_$5,-mJ2ud6oKI8,1,0,0,0,1.333333373,inner_train
1,106,-mJ2ud6oKI8$_$4,-mJ2ud6oKI8,1,0,0,0,0,inner_train
1,107,-mJ2ud6oKI8$_$7,-mJ2ud6oKI8,1,0,0,0,0,inner_train
1,108,-mJ2ud6oKI8$_$6,-mJ2ud6oKI8,1,0,0,0,0.3333333433,inner_train
1,109,-mJ2ud6oKI8$_$9,-mJ2ud6oKI8,1,0,0,0,0,inner_train
1,110,-mJ2ud6oKI8$_$8,-mJ2ud6oKI8,1,0,0,0,-0.3333333433,inner_train
1,116,-tANM6ETl_M$_$0,-tANM6ETl_M,1,1,0,0,-0.6666666865,inner_train
1,117,-tANM6ETl_M$_$3,-tANM6ETl_M,1,1,0,0,0.3333333433,inner_train
1,118,-tANM6ETl_M$_$4,-tANM6ETl_M,1,1,0,0,0.3333333433,inner_train
1,125,-vxjVxOeScU$_$2,-vxjVxOeScU,1,1,0,0,0.6666666865,inner_train
1,126,-vxjVxOeScU$_$4,-vxjVxOeScU,1,1,0,0,1,inner_train
1,127,-vxjVxOeScU$_$7,-vxjVxOeScU,1,1,0,0,1.333333373,inner_train
1,128,-wMB_hJL-3o$_$0,-wMB_hJL-3o,1,0,0,0,1,inner_train
1,129,-wMB_hJL-3o$_$4,-wMB_hJL-3o,1,0,0,0,1.333333373,inner_train
1,130,-wMB_hJL-3o$_$7,-wMB_hJL-3o,1,0,0,0,0.3333333433,inner_train
1,131,-wMB_hJL-3o$_$6,-wMB_hJL-3o,1,0,0,0,0.6666666865,inner_train
1,148,07Z16yRBFUQ$_$3,07Z16yRBFUQ,1,0,0,1,0.6666666865,outer
1,149,07Z16yRBFUQ$_$5,07Z16yRBFUQ,1,0,0,1,0,outer
1,150,07Z16yRBFUQ$_$6,07Z16yRBFUQ,1,0,0,1,0,outer
1,179,0EphpADwdPg$_$1,0EphpADwdPg,1,0,0,0,0.3333333433,inner_train
1,180,0EphpADwdPg$_$0,0EphpADwdPg,1,0,0,0,0.3333333433,inner_train
1,181,0EphpADwdPg$_$2,0EphpADwdPg,1,0,0,0,0,inner_train
1,182,0EphpADwdPg$_$7,0EphpADwdPg,1,0,0,0,1.666666627,inner_train
1,183,0EphpADwdPg$_$6,0EphpADwdPg,1,0,0,0,0.6666666865,inner_train
1,184,0EphpADwdPg$_$8,0EphpADwdPg,1,0,0,0,1,inner_train
1,214,0JuRmhhgMw8$_$1,0JuRmhhgMw8,1,0,0,0,0.3333333433,inner_train
1,215,0JuRmhhgMw8$_$0,0JuRmhhgMw8,1,0,0,0,1,inner_train
1,216,0JuRmhhgMw8$_$3,0JuRmhhgMw8,1,0,0,0,1.333333373,inner_train
1,217,0JuRmhhgMw8$_$2,0JuRmhhgMw8,1,0,0,0,0.6666666865,inner_train
1,218,0JuRmhhgMw8$_$5,0JuRmhhgMw8,1,0,0,0,0.6666666865,inner_train
1,219,0JuRmhhgMw8$_$4,0JuRmhhgMw8,1,0,0,0,0,inner_train
1,220,0JuRmhhgMw8$_$7,0JuRmhhgMw8,1,0,0,0,0,inner_train
1,221,0JuRmhhgMw8$_$6,0JuRmhhgMw8,1,0,0,0,0,inner_train
1,240,0SfejBuLgFo$_$1,0SfejBuLgFo,1,0,0,1,0,inner_train
1,241,0SfejBuLgFo$_$3,0SfejBuLgFo,1,0,0,1,0,inner_train
1,242,0SfejBuLgFo$_$2,0SfejBuLgFo,1,0,0,1,-0.3333333433,inner_train
1,243,0SfejBuLgFo$_$5,0SfejBuLgFo,1,0,0,1,0,inner_train
1,244,0SfejBuLgFo$_$4,0SfejBuLgFo,1,0,0,1,-0.6666666865,inner_train
1,245,0SfejBuLgFo$_$7,0SfejBuLgFo,1,0,0,1,-0.3333333433,inner_train
1,246,0SfejBuLgFo$_$6,0SfejBuLgFo,1,0,0,1,-0.3333333433,inner_train
1,247,0SfejBuLgFo$_$8,0SfejBuLgFo,1,0,0,1,1.666666627,inner_train
1,248,0Svu5BldR5A$_$11,0Svu5BldR5A,1,0,0,0,0,inner_train
1,249,0Svu5BldR5A$_$0,0Svu5BldR5A,1,0,0,0,1.666666627,inner_train
1,250,0W4WsjhDgUI$_$3,0W4WsjhDgUI,1,1,0,0,0,inner_train
1,257,0Xs8wJrAmxs$_$2,0Xs8wJrAmxs,1,1,0,0,0.3333333433,inner_train
1,258,0Xs8wJrAmxs$_$5,0Xs8wJrAmxs,1,1,0,0,-0.6666666865,inner_train
1,259,0Xs8wJrAmxs$_$4,0Xs8wJrAmxs,1,1,0,0,-1.666666627,inner_train
1,260,0Xs8wJrAmxs$_$6,0Xs8wJrAmxs,1,1,0,0,-0.3333333433,inner_train
1,261,0YdYFtVdlWE$_$20,0YdYFtVdlWE,1,0,0,0,0.3333333433,outer
1,262,0YdYFtVdlWE$_$21,0YdYFtVdlWE,1,0,0,0,0.6666666865,outer
1,263,0YdYFtVdlWE$_$22,0YdYFtVdlWE,1,0,0,0,0.6666666865,outer
1,264,0YdYFtVdlWE$_$23,0YdYFtVdlWE,1,0,0,0,0.3333333433,outer
1,265,0YdYFtVdlWE$_$0,0YdYFtVdlWE,1,0,0,0,0,outer
1,266,0YdYFtVdlWE$_$2,0YdYFtVdlWE,1,0,0,0,0,outer
1,267,0YdYFtVdlWE$_$5,0YdYFtVdlWE,1,0,0,0,0.3333333433,outer
1,268,0YdYFtVdlWE$_$4,0YdYFtVdlWE,1,0,0,0,1,outer
1,269,0YdYFtVdlWE$_$7,0YdYFtVdlWE,1,0,0,0,0,outer
1,270,0YdYFtVdlWE$_$6,0YdYFtVdlWE,1,0,0,0,-0.6666666865,outer
1,271,0YdYFtVdlWE$_$9,0YdYFtVdlWE,1,0,0,0,0,outer
1,272,0YdYFtVdlWE$_$8,0YdYFtVdlWE,1,0,0,0,-0.6666666865,outer
1,273,0YdYFtVdlWE$_$11,0YdYFtVdlWE,1,0,0,0,0,outer
1,274,0YdYFtVdlWE$_$10,0YdYFtVdlWE,1,0,0,0,-0.6666666865,outer
1,275,0YdYFtVdlWE$_$13,0YdYFtVdlWE,1,0,0,0,0.3333333433,outer
1,276,0YdYFtVdlWE$_$12,0YdYFtVdlWE,1,0,0,0,-0.3333333433,outer
1,277,0YdYFtVdlWE$_$15,0YdYFtVdlWE,1,0,0,0,0,outer
1,278,0YdYFtVdlWE$_$14,0YdYFtVdlWE,1,0,0,0,2,outer
1,279,0YdYFtVdlWE$_$17,0YdYFtVdlWE,1,0,0,0,0,outer
1,280,0YdYFtVdlWE$_$16,0YdYFtVdlWE,1,0,0,0,0.3333333433,outer
1,281,0YdYFtVdlWE$_$19,0YdYFtVdlWE,1,0,0,0,0.6666666865,outer
1,282,0YdYFtVdlWE$_$18,0YdYFtVdlWE,1,0,0,0,0.3333333433,outer
1,309,0mXv97u2OCM$_$8,0mXv97u2OCM,1,1,1,0,0.3333333433,outer
1,310,0mXv97u2OCM$_$7,0mXv97u2OCM,1,1,1,0,0,outer
1,317,0p9XKC_J3hU$_$2,0p9XKC_J3hU,1,0,0,0,0.3333333433,inner_train
1,318,0r8KVXUCV6c$_$11,0r8KVXUCV6c,1,1,0,1,-2,inner_train
1,319,0r8KVXUCV6c$_$8,0r8KVXUCV6c,1,1,0,1,-1.666666627,inner_train
1,320,0r8KVXUCV6c$_$6,0r8KVXUCV6c,1,1,0,1,0.3333333433,inner_train
1,321,0r8KVXUCV6c$_$16,0r8KVXUCV6c,1,1,0,1,-1.333333373,inner_train
1,322,0rE8jEvQW_I$_$0,0rE8jEvQW_I,1,1,0,0,2,inner_train
1,323,0rE8jEvQW_I$_$3,0rE8jEvQW_I,1,1,0,0,1,inner_train
1,324,0rE8jEvQW_I$_$2,0rE8jEvQW_I,1,1,0,0,1.333333373,inner_train
1,325,0rE8jEvQW_I$_$5,0rE8jEvQW_I,1,1,0,0,1,inner_train
1,326,0rE8jEvQW_I$_$4,0rE8jEvQW_I,1,1,0,0,1.333333373,inner_train
1,327,0rE8jEvQW_I$_$7,0rE8jEvQW_I,1,1,0,0,2.333333254,inner_train
1,328,0rE8jEvQW_I$_$6,0rE8jEvQW_I,1,1,0,0,2.333333254,inner_train
1,329,0rE8jEvQW_I$_$9,0rE8jEvQW_I,1,1,0,0,2.333333254,inner_train
1,330,0rE8jEvQW_I$_$8,0rE8jEvQW_I,1,1,0,0,0.3333333433,inner_train
1,331,0tkWa2skSmA$_$8,0tkWa2skSmA,1,0,0,1,0,outer
1,332,0tkWa2skSmA$_$6,0tkWa2skSmA,1,0,0,1,0,outer
1,341,100499$_$1,100499,1,0,0,0,0,inner_train
1,342,100499$_$0,100499,1,0,0,0,0.3333333433,inner_train
1,343,100499$_$3,100499,1,0,0,0,-2,inner_train
1,344,100499$_$2,100499,1,0,0,0,-1.666666627,inner_train
1,345,100499$_$5,100499,1,0,0,0,-1.333333373,inner_train
1,346,100499$_$4,100499,1,0,0,0,0,inner_train
1,347,100499$_$6,100499,1,0,0,0,-1.333333373,inner_train
1,348,101851$_$11,101851,1,1,0,0,-1.333333373,outer
1,349,101851$_$10,101851,1,1,0,0,-1.333333373,outer
1,350,101851$_$13,101851,1,1,0,0,0.6666666865,outer
1,351,101851$_$12,101851,1,1,0,0,0,outer
1,352,101851$_$20,101851,1,1,0,0,-0.3333333433,outer
1,353,101851$_$14,101851,1,1,0,0,1,outer
1,354,101851$_$17,101851,1,1,0,0,-2,outer
1,355,101851$_$16,101851,1,1,0,0,-1,outer
1,356,101851$_$19,101851,1,1,0,0,-1.333333373,outer
1,357,101851$_$18,101851,1,1,0,0,0,outer
1,358,101851$_$1,101851,1,1,0,0,0.3333333433,outer
1,359,101851$_$0,101851,1,1,0,0,0,outer
1,360,101851$_$3,101851,1,1,0,0,-1,outer
1,361,101851$_$2,101851,1,1,0,0,-0.3333333433,outer
1,362,101851$_$5,101851,1,1,0,0,0.6666666865,outer
1,363,101851$_$4,101851,1,1,0,0,-1.666666627,outer
1,364,101851$_$7,101851,1,1,0,0,0,outer
1,365,101851$_$6,101851,1,1,0,0,-1.333333373,outer
1,366,101851$_$9,101851,1,1,0,0,0.6666666865,outer
1,367,101851$_$15,101851,1,1,0,0,-0.6666666865,outer
1,368,101851$_$8,101851,1,1,0,0,-0.3333333433,outer
1,388,10223$_$1,10223,1,1,0,0,-1,inner_train
1,389,10223$_$0,10223,1,1,0,0,0.3333333433,inner_train
1,390,10223$_$3,10223,1,1,0,0,-1,inner_train
1,391,10223$_$2,10223,1,1,0,0,0,inner_train
1,392,10223$_$5,10223,1,1,0,0,0,inner_train
1,393,10223$_$4,10223,1,1,0,0,-0.3333333433,inner_train
1,394,10223$_$7,10223,1,1,0,0,-1,inner_train
1,395,10223$_$6,10223,1,1,0,0,-1,inner_train
1,396,10223$_$9,10223,1,1,0,0,0.6666666865,inner_train
1,397,10223$_$8,10223,1,1,0,0,-1.333333373,inner_train
1,398,106077$_$11,106077,1,1,0,0,1.666666627,inner_train
1,399,106077$_$10,106077,1,1,0,0,-1.666666627,inner_train
1,400,106077$_$13,106077,1,1,0,0,-1.666666627,inner_train
1,401,106077$_$12,106077,1,1,0,0,-0.6666666865,inner_train
1,402,106077$_$14,106077,1,1,0,0,-1.333333373,inner_train
1,403,106077$_$1,106077,1,1,0,0,0.3333333433,inner_train
1,404,106077$_$0,106077,1,1,0,0,0.3333333433,inner_train
1,405,106077$_$3,106077,1,1,0,0,-1.666666627,inner_train
1,406,106077$_$2,106077,1,1,0,0,0,inner_train
1,407,106077$_$5,106077,1,1,0,0,0.3333333433,inner_train
1,408,106077$_$4,106077,1,1,0,0,-2,inner_train
1,409,106077$_$7,106077,1,1,0,0,-1,inner_train
1,410,106077$_$6,106077,1,1,0,0,0,inner_train
1,411,106077$_$9,106077,1,1,0,0,0,inner_train
1,412,106077$_$8,106077,1,1,0,0,-1,inner_train
1,459,108793$_$11,108793,1,0,0,0,-1,inner_train
1,460,108793$_$10,108793,1,0,0,0,-1.666666627,inner_train
1,461,108793$_$13,108793,1,0,0,0,1,inner_train
1,462,108793$_$12,108793,1,0,0,0,-0.6666666865,inner_train
1,463,108793$_$15,108793,1,0,0,0,0.3333333433,inner_train
1,464,108793$_$14,108793,1,0,0,0,1.333333373,inner_train
1,465,108793$_$17,108793,1,0,0,0,-1.333333373,inner_train
1,466,108793$_$16,108793,1,0,0,0,0.3333333433,inner_train
1,467,108793$_$18,108793,1,0,0,0,-0.6666666865,inner_train
1,468,108793$_$1,108793,1,0,0,0,1.333333373,inner_train
1,469,108793$_$0,108793,1,0,0,0,0,inner_train
1,470,108793$_$3,108793,1,0,0,0,2.333333254,inner_train
1,471,108793$_$2,108793,1,0,0,0,2.333333254,inner_train
1,472,108793$_$5,108793,1,0,0,0,0,inner_train
1,473,108793$_$4,108793,1,0,0,0,1,inner_train
1,474,108793$_$7,108793,1,0,0,0,0,inner_train
1,475,108793$_$6,108793,1,0,0,0,0.3333333433,inner_train
1,476,108793$_$9,108793,1,0,0,0,0,inner_train
1,477,108793$_$8,108793,1,0,0,0,0.6666666865,inner_train
1,500,110766$_$1,110766,1,0,0,1,1,inner_train
1,501,110766$_$0,110766,1,0,0,1,0.6666666865,inner_train
1,502,110766$_$3,110766,1,0,0,1,0,inner_train
1,503,110766$_$2,110766,1,0,0,1,-2.333333254,inner_train
1,504,110766$_$5,110766,1,0,0,1,0.3333333433,inner_train
1,505,110766$_$4,110766,1,0,0,1,1.666666627,inner_train
1,506,110766$_$7,110766,1,0,0,1,-2,inner_train
1,507,110766$_$6,110766,1,0,0,1,1,inner_train
1,508,110766$_$9,110766,1,0,0,1,0.6666666865,inner_train
1,509,110766$_$8,110766,1,0,0,1,-1,inner_train
1,510,110788$_$1,110788,1,0,0,0,0,inner_train
1,511,110788$_$0,110788,1,0,0,0,0,inner_train
1,512,110788$_$3,110788,1,0,0,0,0,inner_train
1,513,110788$_$2,110788,1,0,0,0,-0.3333333433,inner_train
1,514,110788$_$5,110788,1,0,0,0,0,inner_train
1,515,110788$_$4,110788,1,0,0,0,-3,inner_train
1,516,110788$_$6,110788,1,0,0,0,0,inner_train
1,557,112604$_$1,112604,1,0,0,0,0.6666666865,inner_train
1,558,112604$_$0,112604,1,0,0,0,0.3333333433,inner_train
1,559,112604$_$3,112604,1,0,0,0,0.6666666865,inner_train
1,560,112604$_$2,112604,1,0,0,0,0,inner_train
1,561,112604$_$4,112604,1,0,0,0,-1.333333373,inner_train
1,579,113265$_$1,113265,1,1,0,1,-2.666666746,inner_train
1,580,113265$_$0,113265,1,1,0,1,-1.666666627,inner_train
1,581,113265$_$3,113265,1,1,0,1,-2,inner_train
1,582,113265$_$2,113265,1,1,0,1,-2.333333254,inner_train
1,583,113265$_$5,113265,1,1,0,1,-2.666666746,inner_train
1,584,113265$_$4,113265,1,1,0,1,-2,inner_train
1,585,113265$_$7,113265,1,1,0,1,-2.333333254,inner_train
1,586,113265$_$6,113265,1,1,0,1,-1,inner_train
1,587,113265$_$9,113265,1,1,0,1,-2.333333254,inner_train
1,588,113265$_$8,113265,1,1,0,1,-2,inner_train
1,641,120vnZnmhq4$_$2,120vnZnmhq4,1,1,1,1,1.666666627,inner_train
1,707,125708$_$0,125708,1,1,0,0,0,inner_train
1,708,125730$_$11,125730,1,0,1,1,1,outer
1,709,125730$_$10,125730,1,0,1,1,0,outer
1,710,125730$_$13,125730,1,0,1,1,0,outer
1,711,125730$_$12,125730,1,0,1,1,-1,outer
1,712,125730$_$15,125730,1,0,1,1,1.666666627,outer
1,713,125730$_$14,125730,1,0,1,1,2.666666746,outer
1,714,125730$_$1,125730,1,0,1,1,1.666666627,outer
1,715,125730$_$0,125730,1,0,1,1,0,outer
1,716,125730$_$3,125730,1,0,1,1,0,outer
1,717,125730$_$2,125730,1,0,1,1,2.333333254,outer
1,718,125730$_$5,125730,1,0,1,1,1.666666627,outer
1,719,125730$_$4,125730,1,0,1,1,0,outer
1,720,125730$_$7,125730,1,0,1,1,0,outer
1,721,125730$_$6,125730,1,0,1,1,0,outer
1,722,125730$_$9,125730,1,0,1,1,0,outer
1,723,125730$_$8,125730,1,0,1,1,-0.3333333433,outer
1,735,125895$_$1,125895,1,0,0,0,0.3333333433,inner_valid
1,736,125895$_$0,125895,1,0,0,0,2,inner_valid
1,737,125895$_$3,125895,1,0,0,0,0,inner_valid
1,738,125895$_$2,125895,1,0,0,0,0.3333333433,inner_valid
1,739,125895$_$5,125895,1,0,0,0,1.333333373,inner_valid
1,740,125895$_$4,125895,1,0,0,0,2,inner_valid
1,741,125895$_$7,125895,1,0,0,0,1.666666627,inner_valid
1,742,125895$_$6,125895,1,0,0,0,0,inner_valid
1,743,125895$_$9,125895,1,0,0,0,2.333333254,inner_valid
1,744,125895$_$8,125895,1,0,0,0,2.666666746,inner_valid
1,781,127470$_$11,127470,1,1,0,0,-1,outer
1,782,127470$_$10,127470,1,1,0,0,0,outer
1,783,127470$_$12,127470,1,1,0,0,-0.3333333433,outer
1,784,127470$_$1,127470,1,1,0,0,0,outer
1,785,127470$_$0,127470,1,1,0,0,0,outer
1,786,127470$_$3,127470,1,1,0,0,-0.3333333433,outer
1,787,127470$_$2,127470,1,1,0,0,0,outer
1,788,127470$_$5,127470,1,1,0,0,-0.3333333433,outer
1,789,127470$_$4,127470,1,1,0,0,-1.333333373,outer
1,790,127470$_$7,127470,1,1,0,0,-1,outer
1,791,127470$_$6,127470,1,1,0,0,-1.666666627,outer
1,792,127470$_$9,127470,1,1,0,0,-1,outer
1,793,127470$_$8,127470,1,1,0,0,-2,outer
1,804,12812$_$1,12812,1,1,0,0,2.333333254,inner_train
1,805,12812$_$0,12812,1,1,0,0,0,inner_train
1,806,12812$_$3,12812,1,1,0,0,1.666666627,inner_train
1,807,12812$_$2,12812,1,1,0,0,2.666666746,inner_train
1,808,12812$_$5,12812,1,1,0,0,1.333333373,inner_train
1,809,12812$_$4,12812,1,1,0,0,2,inner_train
1,810,12812$_$6,12812,1,1,0,0,2.333333254,inner_train
1,826,128752$_$11,128752,1,1,0,0,0,inner_train
1,827,128752$_$10,128752,1,1,0,0,-1,inner_train
1,828,128752$_$13,128752,1,1,0,0,-2,inner_train
1,829,128752$_$12,128752,1,1,0,0,-1.666666627,inner_train
1,830,128752$_$15,128752,1,1,0,0,-1,inner_train
1,831,128752$_$14,128752,1,1,0,0,-0.3333333433,inner_train
1,832,128752$_$16,128752,1,1,0,0,-2,inner_train
1,833,128752$_$1,128752,1,1,0,0,-1,inner_train
1,834,128752$_$0,128752,1,1,0,0,0,inner_train
1,835,128752$_$3,128752,1,1,0,0,0,inner_train
1,836,128752$_$2,128752,1,1,0,0,-0.6666666865,inner_train
1,837,128752$_$5,128752,1,1,0,0,0.6666666865,inner_train
1,838,128752$_$4,128752,1,1,0,0,0,inner_train
1,839,128752$_$7,128752,1,1,0,0,0,inner_train
1,840,128752$_$6,128752,1,1,0,0,0,inner_train
1,841,128752$_$9,128752,1,1,0,0,-0.3333333433,inner_train
1,842,128752$_$8,128752,1,1,0,0,0,inner_train
1,864,130149$_$1,130149,1,0,0,0,-1,inner_train
1,865,130149$_$0,130149,1,0,0,0,1.333333373,inner_train
1,866,130149$_$3,130149,1,0,0,0,0,inner_train
1,867,130149$_$2,130149,1,0,0,0,0,inner_train
1,868,130149$_$5,130149,1,0,0,0,-1.333333373,inner_train
1,869,130149$_$4,130149,1,0,0,0,0,inner_train
1,870,130149$_$6,130149,1,0,0,0,-1.666666627,inner_train
1,871,130426$_$1,130426,1,0,1,0,-1.333333373,inner_train
1,872,130426$_$0,130426,1,0,1,0,-2,inner_train
1,873,130426$_$3,130426,1,0,1,0,-2,inner_train
1,874,130426$_$2,130426,1,0,1,0,-1.333333373,inner_train
1,875,130426$_$5,130426,1,0,1,0,1.666666627,inner_train
1,876,130426$_$4,130426,1,0,1,0,-2.333333254,inner_train
1,877,130426$_$7,130426,1,0,1,0,-2,inner_train
1,878,130426$_$6,130426,1,0,1,0,-2,inner_train
1,879,130426$_$8,130426,1,0,1,0,-1.666666627,inner_train
1,880,130448$_$1,130448,1,0,0,0,-0.3333333433,inner_train
1,881,130448$_$0,130448,1,0,0,0,1,inner_train
1,882,130448$_$3,130448,1,0,0,0,1.666666627,inner_train
1,883,130448$_$2,130448,1,0,0,0,1,inner_train
1,884,130448$_$5,130448,1,0,0,0,-2.333333254,inner_train
1,885,130448$_$4,130448,1,0,0,0,-0.3333333433,inner_train
1,886,130448$_$7,130448,1,0,0,0,-1.666666627,inner_train
1,887,130448$_$6,130448,1,0,0,0,-1.333333373,inner_train
1,888,130448$_$9,130448,1,0,0,0,-0.3333333433,inner_train
1,889,130448$_$8,130448,1,0,0,0,-1.333333373,inner_train
1,890,130633$_$10,130633,1,1,0,0,3,inner_train
1,891,130633$_$1,130633,1,1,0,0,0.6666666865,inner_train
1,892,130633$_$0,130633,1,1,0,0,0,inner_train
1,893,130633$_$3,130633,1,1,0,0,0,inner_train
1,894,130633$_$2,130633,1,1,0,0,0,inner_train
1,895,130633$_$5,130633,1,1,0,0,0,inner_train
1,896,130633$_$4,130633,1,1,0,0,0,inner_train
1,897,130633$_$7,130633,1,1,0,0,2.333333254,inner_train
1,898,130633$_$6,130633,1,1,0,0,2,inner_train
1,899,130633$_$9,130633,1,1,0,0,3,inner_train
1,900,130633$_$8,130633,1,1,0,0,1.333333373,inner_train
1,901,131650$_$10,131650,1,0,0,0,-2,inner_train
1,902,131650$_$1,131650,1,0,0,0,1.666666627,inner_train
1,903,131650$_$0,131650,1,0,0,0,0.3333333433,inner_train
1,904,131650$_$3,131650,1,0,0,0,-1.333333373,inner_train
1,905,131650$_$2,131650,1,0,0,0,1,inner_train
1,906,131650$_$5,131650,1,0,0,0,-0.3333333433,inner_train
1,907,131650$_$4,131650,1,0,0,0,-2.333333254,inner_train
1,908,131650$_$7,131650,1,0,0,0,1,inner_train
1,909,131650$_$6,131650,1,0,0,0,-0.3333333433,inner_train
1,910,131650$_$9,131650,1,0,0,0,-3,inner_train
1,911,131650$_$8,131650,1,0,0,0,-2.666666746,inner_train
1,921,131936$_$1,131936,1,0,0,0,-0.6666666865,inner_train
1,922,131936$_$0,131936,1,0,0,0,0.3333333433,inner_train
1,923,131936$_$3,131936,1,0,0,0,0,inner_train
1,924,131936$_$2,131936,1,0,0,0,0,inner_train
1,925,131936$_$5,131936,1,0,0,0,-1,inner_train
1,926,131936$_$4,131936,1,0,0,0,-1.333333373,inner_train
1,927,131936$_$7,131936,1,0,0,0,-1.333333373,inner_train
1,928,131936$_$6,131936,1,0,0,0,0.6666666865,inner_train
1,929,134252$_$1,134252,1,0,0,0,0,inner_train
1,930,134252$_$0,134252,1,0,0,0,0.3333333433,inner_train
1,931,134252$_$3,134252,1,0,0,0,-1,inner_train
1,932,134252$_$2,134252,1,0,0,0,0.3333333433,inner_train
1,933,134252$_$5,134252,1,0,0,0,-2.333333254,inner_train
1,934,134252$_$4,134252,1,0,0,0,-1.666666627,inner_train
1,935,134252$_$7,134252,1,0,0,0,-1.666666627,inner_train
1,936,134252$_$6,134252,1,0,0,0,0,inner_train
1,937,134252$_$9,134252,1,0,0,0,-2,inner_train
1,938,134252$_$8,134252,1,0,0,0,0,inner_train
1,955,136211$_$1,136211,1,0,0,1,0,inner_train
1,956,136211$_$0,136211,1,0,0,1,1.666666627,inner_train
1,957,136211$_$3,136211,1,0,0,1,-0.6666666865,inner_train
1,958,136211$_$2,136211,1,0,0,1,2,inner_train
1,959,136211$_$5,136211,1,0,0,1,1.666666627,inner_train
1,960,136211$_$4,136211,1,0,0,1,2.666666746,inner_train
1,961,136211$_$7,136211,1,0,0,1,1,inner_train
1,962,136211$_$6,136211,1,0,0,1,1.666666627,inner_train
1,985,139006$_$11,139006,1,0,0,0,-2.333333254,outer
1,986,139006$_$10,139006,1,0,0,0,-2,outer
1,987,139006$_$12,139006,1,0,0,0,-2.666666746,outer
1,988,139006$_$1,139006,1,0,0,0,0.6666666865,outer
1,989,139006$_$0,139006,1,0,0,0,0.6666666865,outer
1,990,139006$_$3,139006,1,0,0,0,-0.6666666865,outer
1,991,139006$_$2,139006,1,0,0,0,-1,outer
1,992,139006$_$5,139006,1,0,0,0,0.3333333433,outer
1,993,139006$_$4,139006,1,0,0,0,-0.6666666865,outer
1,994,139006$_$7,139006,1,0,0,0,0.6666666865,outer
1,995,139006$_$6,139006,1,0,0,0,-0.6666666865,outer
1,996,139006$_$9,139006,1,0,0,0,0.3333333433,outer
1,997,139006$_$8,139006,1,0,0,0,0.6666666865,outer
1,1041,154449$_$11,154449,1,1,0,0,-2,outer
1,1042,154449$_$10,154449,1,1,0,0,-2.666666746,outer
1,1043,154449$_$13,154449,1,1,0,0,-0.3333333433,outer
1,1044,154449$_$12,154449,1,1,0,0,-2.333333254,outer
1,1045,154449$_$1,154449,1,1,0,0,0.3333333433,outer
1,1046,154449$_$0,154449,1,1,0,0,0,outer
1,1047,154449$_$3,154449,1,1,0,0,-0.3333333433,outer
1,1048,154449$_$2,154449,1,1,0,0,0.3333333433,outer
1,1049,154449$_$5,154449,1,1,0,0,-2,outer
1,1050,154449$_$4,154449,1,1,0,0,-2.333333254,outer
1,1051,154449$_$7,154449,1,1,0,0,-1.333333373,outer
1,1052,154449$_$6,154449,1,1,0,0,-3,outer
1,1053,154449$_$9,154449,1,1,0,0,-3,outer
1,1054,154449$_$8,154449,1,1,0,0,-1.333333373,outer
1,1069,15Wu4U2VPLw$_$1,15Wu4U2VPLw,1,0,0,0,0,inner_train
1,1070,15Wu4U2VPLw$_$2,15Wu4U2VPLw,1,0,0,0,0,inner_train
1,1071,15Wu4U2VPLw$_$5,15Wu4U2VPLw,1,0,0,0,0,inner_train
1,1072,15Wu4U2VPLw$_$4,15Wu4U2VPLw,1,0,0,0,0,inner_train
1,1073,15Wu4U2VPLw$_$7,15Wu4U2VPLw,1,0,0,0,0.3333333433,inner_train
1,1074,15Wu4U2VPLw$_$6,15Wu4U2VPLw,1,0,0,0,0.3333333433,inner_train
1,1075,15Wu4U2VPLw$_$9,15Wu4U2VPLw,1,0,0,0,0,inner_train
1,1076,15Wu4U2VPLw$_$8,15Wu4U2VPLw,1,0,0,0,0,inner_train
1,1077,15ktF-6wutk$_$13,15ktF-6wutk,1,1,0,0,0,outer
1,1078,15ktF-6wutk$_$12,15ktF-6wutk,1,1,0,0,1.333333373,outer
1,1079,15ktF-6wutk$_$14,15ktF-6wutk,1,1,0,0,0,outer
1,1080,15ktF-6wutk$_$0,15ktF-6wutk,1,1,0,0,0.3333333433,outer
1,1081,15ktF-6wutk$_$3,15ktF-6wutk,1,1,0,0,0.6666666865,outer
1,1082,15ktF-6wutk$_$2,15ktF-6wutk,1,1,0,0,1,outer
1,1083,15ktF-6wutk$_$4,15ktF-6wutk,1,1,0,0,1,outer
1,1084,180923$_$11,180923,1,0,0,0,-2.333333254,inner_train
1,1085,180923$_$10,180923,1,0,0,0,0,inner_train
1,1086,180923$_$13,180923,1,0,0,0,-1.666666627,inner_train
1,1087,180923$_$12,180923,1,0,0,0,-1,inner_train
1,1088,180923$_$14,180923,1,0,0,0,-0.3333333433,inner_train
1,1089,180923$_$1,180923,1,0,0,0,0,inner_train
1,1090,180923$_$0,180923,1,0,0,0,0,inner_train
1,1091,180923$_$3,180923,1,0,0,0,0,inner_train
1,1092,180923$_$2,180923,1,0,0,0,0,inner_train
1,1093,180923$_$5,180923,1,0,0,0,0,inner_train
1,1094,180923$_$4,180923,1,0,0,0,0,inner_train
1,1095,180923$_$7,180923,1,0,0,0,0,inner_train
1,1096,180923$_$6,180923,1,0,0,0,-0.3333333433,inner_train
1,1097,180923$_$9,180923,1,0,0,0,0,inner_train
1,1098,180923$_$8,180923,1,0,0,0,0,inner_train
1,1099,184784$_$1,184784,1,0,0,0,0.3333333433,inner_train
1,1100,184784$_$0,184784,1,0,0,0,0,inner_train
1,1101,184784$_$3,184784,1,0,0,0,0.3333333433,inner_train
1,1102,184784$_$2,184784,1,0,0,0,0.3333333433,inner_train
1,1103,184784$_$5,184784,1,0,0,0,-1.333333373,inner_train
1,1104,184784$_$4,184784,1,0,0,0,0,inner_train
1,1105,184784$_$6,184784,1,0,0,0,-0.6666666865,inner_train
1,1167,18QjfdhJEM4$_$11,18QjfdhJEM4,1,0,0,0,-1.333333373,inner_train
1,1168,18QjfdhJEM4$_$10,18QjfdhJEM4,1,0,0,0,0.3333333433,inner_train
1,1169,18QjfdhJEM4$_$13,18QjfdhJEM4,1,0,0,0,-0.6666666865,inner_train
1,1170,18QjfdhJEM4$_$12,18QjfdhJEM4,1,0,0,0,0,inner_train
1,1171,18QjfdhJEM4$_$20,18QjfdhJEM4,1,0,0,0,-2,inner_train
1,1172,18QjfdhJEM4$_$14,18QjfdhJEM4,1,0,0,0,0,inner_train
1,1173,18QjfdhJEM4$_$17,18QjfdhJEM4,1,0,0,0,0,inner_train
1,1174,18QjfdhJEM4$_$23,18QjfdhJEM4,1,0,0,0,-2,inner_train
1,1175,18QjfdhJEM4$_$22,18QjfdhJEM4,1,0,0,0,-1.333333373,inner_train
1,1176,18QjfdhJEM4$_$1,18QjfdhJEM4,1,0,0,0,-1,inner_train
1,1177,18QjfdhJEM4$_$0,18QjfdhJEM4,1,0,0,0,0,inner_train
1,1178,18QjfdhJEM4$_$3,18QjfdhJEM4,1,0,0,0,0.6666666865,inner_train
1,1179,18QjfdhJEM4$_$16,18QjfdhJEM4,1,0,0,0,0,inner_train
1,1180,18QjfdhJEM4$_$5,18QjfdhJEM4,1,0,0,0,-2,inner_train
1,1181,18QjfdhJEM4$_$4,18QjfdhJEM4,1,0,0,0,1,inner_train
1,1182,18QjfdhJEM4$_$7,18QjfdhJEM4,1,0,0,0,-1.333333373,inner_train
1,1183,18QjfdhJEM4$_$6,18QjfdhJEM4,1,0,0,0,-2,inner_train
1,1184,18QjfdhJEM4$_$9,18QjfdhJEM4,1,0,0,0,-1.666666627,inner_train
1,1185,18QjfdhJEM4$_$15,18QjfdhJEM4,1,0,0,0,2.333333254,inner_train
1,1219,193291$_$1,193291,1,0,0,0,-1.333333373,inner_train
1,1220,193291$_$0,193291,1,0,0,0,-0.3333333433,inner_train
1,1221,193291$_$3,193291,1,0,0,0,0,inner_train
1,1222,193291$_$2,193291,1,0,0,0,-2,inner_train
1,1259,19k6sEC7814$_$10,19k6sEC7814,1,1,0,1,0.6666666865,inner_train
1,1260,19k6sEC7814$_$1,19k6sEC7814,1,1,0,1,0.6666666865,inner_train
1,1261,19k6sEC7814$_$0,19k6sEC7814,1,1,0,1,0.6666666865,inner_train
1,1262,19k6sEC7814$_$2,19k6sEC7814,1,1,0,1,0.6666666865,inner_train
1,1263,19k6sEC7814$_$4,19k6sEC7814,1,1,0,1,0.6666666865,inner_train
1,1264,19k6sEC7814$_$7,19k6sEC7814,1,1,0,1,0.3333333433,inner_train
1,1289,1CjUHNYzW1E$_$11,1CjUHNYzW1E,1,0,0,0,2,inner_train
1,1290,1CjUHNYzW1E$_$1,1CjUHNYzW1E,1,0,0,0,1,inner_train
1,1291,1CjUHNYzW1E$_$0,1CjUHNYzW1E,1,0,0,0,1.333333373,inner_train
1,1292,1CjUHNYzW1E$_$5,1CjUHNYzW1E,1,0,0,0,2.333333254,inner_train
1,1293,1CjUHNYzW1E$_$6,1CjUHNYzW1E,1,0,0,0,1.333333373,inner_train
1,1294,1CjUHNYzW1E$_$9,1CjUHNYzW1E,1,0,0,0,1,inner_train
1,1307,1F0qH0EEBfo$_$24,1F0qH0EEBfo,1,0,0,0,1.666666627,inner_train
1,1308,1F0qH0EEBfo$_$25,1F0qH0EEBfo,1,0,0,0,0,inner_train
1,1309,1F0qH0EEBfo$_$26,1F0qH0EEBfo,1,0,0,0,0.3333333433,inner_train
1,1310,1F0qH0EEBfo$_$27,1F0qH0EEBfo,1,0,0,0,1.666666627,inner_train
1,1311,1F0qH0EEBfo$_$20,1F0qH0EEBfo,1,0,0,0,0,inner_train
1,1312,1F0qH0EEBfo$_$21,1F0qH0EEBfo,1,0,0,0,1.333333373,inner_train
1,1313,1F0qH0EEBfo$_$22,1F0qH0EEBfo,1,0,0,0,0.6666666865,inner_train
1,1314,1F0qH0EEBfo$_$23,1F0qH0EEBfo,1,0,0,0,0.6666666865,inner_train
1,1315,1F0qH0EEBfo$_$1,1F0qH0EEBfo,1,0,0,0,0.3333333433,inner_train
1,1316,1F0qH0EEBfo$_$0,1F0qH0EEBfo,1,0,0,0,1.666666627,inner_train
1,1317,1F0qH0EEBfo$_$3,1F0qH0EEBfo,1,0,0,0,0.3333333433,inner_train
1,1318,1F0qH0EEBfo$_$2,1F0qH0EEBfo,1,0,0,0,1,inner_train
1,1319,1F0qH0EEBfo$_$5,1F0qH0EEBfo,1,0,0,0,1,inner_train
1,1320,1F0qH0EEBfo$_$4,1F0qH0EEBfo,1,0,0,0,0.6666666865,inner_train
1,1321,1F0qH0EEBfo$_$7,1F0qH0EEBfo,1,0,0,0,0.6666666865,inner_train
1,1322,1F0qH0EEBfo$_$9,1F0qH0EEBfo,1,0,0,0,-0.3333333433,inner_train
1,1323,1F0qH0EEBfo$_$8,1F0qH0EEBfo,1,0,0,0,-1.333333373,inner_train
1,1324,1F0qH0EEBfo$_$11,1F0qH0EEBfo,1,0,0,0,1.333333373,inner_train
1,1325,1F0qH0EEBfo$_$13,1F0qH0EEBfo,1,0,0,0,0,inner_train
1,1326,1F0qH0EEBfo$_$12,1F0qH0EEBfo,1,0,0,0,1.666666627,inner_train
1,1327,1F0qH0EEBfo$_$15,1F0qH0EEBfo,1,0,0,0,1.333333373,inner_train
1,1328,1F0qH0EEBfo$_$14,1F0qH0EEBfo,1,0,0,0,0,inner_train
1,1329,1F0qH0EEBfo$_$16,1F0qH0EEBfo,1,0,0,0,-0.6666666865,inner_train
1,1330,1F0qH0EEBfo$_$19,1F0qH0EEBfo,1,0,0,0,1.333333373,inner_train
1,1331,1F0qH0EEBfo$_$18,1F0qH0EEBfo,1,0,0,0,-0.3333333433,inner_train
1,1332,1J9Fa995Ojs$_$1,1J9Fa995Ojs,1,1,0,1,1,inner_train
1,1342,1W38PnuWIkM$_$1,1W38PnuWIkM,1,0,0,0,-1.333333373,inner_train
1,1343,1W38PnuWIkM$_$3,1W38PnuWIkM,1,0,0,0,0.6666666865,inner_train
1,1344,1W38PnuWIkM$_$2,1W38PnuWIkM,1,0,0,0,-0.6666666865,inner_train
1,1345,1W38PnuWIkM$_$5,1W38PnuWIkM,1,0,0,0,1.333333373,inner_train
1,1346,1W38PnuWIkM$_$4,1W38PnuWIkM,1,0,0,0,0.6666666865,inner_train
1,1347,1W38PnuWIkM$_$6,1W38PnuWIkM,1,0,0,0,-0.6666666865,inner_train
1,1348,1W38PnuWIkM$_$9,1W38PnuWIkM,1,0,0,0,-0.6666666865,inner_train
1,1349,1W38PnuWIkM$_$8,1W38PnuWIkM,1,0,0,0,-0.6666666865,inner_train
1,1357,1cyUKHOvdYY$_$0,1cyUKHOvdYY,1,0,0,0,0.3333333433,inner_train
1,1358,1cyUKHOvdYY$_$3,1cyUKHOvdYY,1,0,0,0,0.3333333433,inner_train
1,1359,1cyUKHOvdYY$_$2,1cyUKHOvdYY,1,0,0,0,0,inner_train
1,1360,1cyUKHOvdYY$_$5,1cyUKHOvdYY,1,0,0,0,0.3333333433,inner_train
1,1361,1dWsw38VDjY$_$9,1dWsw38VDjY,1,1,0,0,0.3333333433,inner_train
1,1362,1dWsw38VDjY$_$2,1dWsw38VDjY,1,1,0,0,1.333333373,inner_train
1,1363,1dWsw38VDjY$_$4,1dWsw38VDjY,1,1,0,0,-1.666666627,inner_train
1,1364,1dWsw38VDjY$_$7,1dWsw38VDjY,1,1,0,0,1,inner_train
1,1365,1dWsw38VDjY$_$6,1dWsw38VDjY,1,1,0,0,2.333333254,inner_train
1,1366,1fqNb8cfLFE$_$0,1fqNb8cfLFE,1,0,0,0,0.6666666865,inner_train
1,1367,1fqNb8cfLFE$_$2,1fqNb8cfLFE,1,0,0,0,0.6666666865,inner_train
1,1379,1mHjMNZZvFo$_$1,1mHjMNZZvFo,1,0,0,0,1.333333373,inner_train
1,1380,1mHjMNZZvFo$_$3,1mHjMNZZvFo,1,0,0,0,1.666666627,inner_train
1,1381,1mHjMNZZvFo$_$2,1mHjMNZZvFo,1,0,0,0,1,inner_train
1,1382,1mHjMNZZvFo$_$5,1mHjMNZZvFo,1,0,0,0,0.3333333433,inner_train
1,1383,1mHjMNZZvFo$_$4,1mHjMNZZvFo,1,0,0,0,0.3333333433,inner_train
1,1384,1mHjMNZZvFo$_$7,1mHjMNZZvFo,1,0,0,0,2.333333254,inner_train
1,1385,1mHjMNZZvFo$_$6,1mHjMNZZvFo,1,0,0,0,-0.3333333433,inner_train
1,1396,1rVly2oeBJg$_$0,1rVly2oeBJg,1,0,0,0,0.6666666865,inner_train
1,1400,1tQOvm5eQOA$_$11,1tQOvm5eQOA,1,1,0,0,-0.3333333433,inner_train
1,1401,1tQOvm5eQOA$_$1,1tQOvm5eQOA,1,1,0,0,-0.6666666865,inner_train
1,1402,1tQOvm5eQOA$_$0,1tQOvm5eQOA,1,1,0,0,1.333333373,inner_train
1,1403,1tQOvm5eQOA$_$3,1tQOvm5eQOA,1,1,0,0,0,inner_train
1,1404,1tQOvm5eQOA$_$2,1tQOvm5eQOA,1,1,0,0,0,inner_train
1,1405,1tQOvm5eQOA$_$4,1tQOvm5eQOA,1,1,0,0,-0.3333333433,inner_train
1,1406,1tQOvm5eQOA$_$7,1tQOvm5eQOA,1,1,0,0,-0.6666666865,inner_train
1,1407,1tQOvm5eQOA$_$6,1tQOvm5eQOA,1,1,0,0,-1.333333373,inner_train
1,1408,1tQOvm5eQOA$_$9,1tQOvm5eQOA,1,1,0,0,1.333333373,inner_train
1,1409,1tQOvm5eQOA$_$8,1tQOvm5eQOA,1,1,0,0,-1.666666627,inner_train
1,1410,1tuMFJnlXJc$_$11,1tuMFJnlXJc,1,0,0,0,0.6666666865,inner_train
1,1411,1tuMFJnlXJc$_$10,1tuMFJnlXJc,1,0,0,0,1.666666627,inner_train
1,1412,1tuMFJnlXJc$_$13,1tuMFJnlXJc,1,0,0,0,1,inner_train
1,1413,1tuMFJnlXJc$_$12,1tuMFJnlXJc,1,0,0,0,-1.333333373,inner_train
1,1414,1tuMFJnlXJc$_$20,1tuMFJnlXJc,1,0,0,0,0.6666666865,inner_train
1,1415,1tuMFJnlXJc$_$1,1tuMFJnlXJc,1,0,0,0,0.3333333433,inner_train
1,1416,1tuMFJnlXJc$_$3,1tuMFJnlXJc,1,0,0,0,0.3333333433,inner_train
1,1417,1tuMFJnlXJc$_$5,1tuMFJnlXJc,1,0,0,0,1,inner_train
1,1418,1tuMFJnlXJc$_$4,1tuMFJnlXJc,1,0,0,0,0.3333333433,inner_train
1,1419,1tuMFJnlXJc$_$9,1tuMFJnlXJc,1,0,0,0,0.3333333433,inner_train
1,1420,1tuMFJnlXJc$_$8,1tuMFJnlXJc,1,0,0,0,0,inner_train
1,1421,1x7kf9vArjU$_$1,1x7kf9vArjU,1,0,1,0,1,inner_train
1,1422,1x7kf9vArjU$_$0,1x7kf9vArjU,1,0,1,0,1,inner_train
1,1423,1x7kf9vArjU$_$3,1x7kf9vArjU,1,0,1,0,1,inner_train
1,1424,2-4autDbHVQ$_$11,2-4autDbHVQ,1,0,0,0,0.6666666865,inner_train
1,1425,2-4autDbHVQ$_$10,2-4autDbHVQ,1,0,0,0,2.666666746,inner_train
1,1426,2-4autDbHVQ$_$13,2-4autDbHVQ,1,0,0,0,2,inner_train
1,1427,2-4autDbHVQ$_$12,2-4autDbHVQ,1,0,0,0,0.6666666865,inner_train
1,1428,2-4autDbHVQ$_$15,2-4autDbHVQ,1,0,0,0,1,inner_train
1,1429,2-4autDbHVQ$_$14,2-4autDbHVQ,1,0,0,0,0,inner_train
1,1430,2-4autDbHVQ$_$17,2-4autDbHVQ,1,0,0,0,2,inner_train
1,1431,2-4autDbHVQ$_$16,2-4autDbHVQ,1,0,0,0,1.333333373,inner_train
1,1432,2-4autDbHVQ$_$19,2-4autDbHVQ,1,0,0,0,2.333333254,inner_train
1,1433,2-4autDbHVQ$_$18,2-4autDbHVQ,1,0,0,0,1,inner_train
1,1434,2-4autDbHVQ$_$1,2-4autDbHVQ,1,0,0,0,1.333333373,inner_train
1,1435,2-4autDbHVQ$_$0,2-4autDbHVQ,1,0,0,0,0.6666666865,inner_train
1,1436,2-4autDbHVQ$_$3,2-4autDbHVQ,1,0,0,0,1,inner_train
1,1437,2-4autDbHVQ$_$2,2-4autDbHVQ,1,0,0,0,-1,inner_train
1,1438,2-4autDbHVQ$_$5,2-4autDbHVQ,1,0,0,0,0.3333333433,inner_train
1,1439,2-4autDbHVQ$_$4,2-4autDbHVQ,1,0,0,0,2.333333254,inner_train
1,1440,2-4autDbHVQ$_$7,2-4autDbHVQ,1,0,0,0,1.666666627,inner_train
1,1441,2-4autDbHVQ$_$8,2-4autDbHVQ,1,0,0,0,0.6666666865,inner_train
1,1442,2-4autDbHVQ$_$9,2-4autDbHVQ,1,0,0,0,2,inner_train
1,1443,2-4autDbHVQ$_$20,2-4autDbHVQ,1,0,0,0,2.333333254,inner_train
1,1450,2-EJz4RG4g4$_$2,2-EJz4RG4g4,1,0,0,0,1.666666627,outer
1,1507,206051$_$11,206051,1,0,0,0,-1,inner_train
1,1508,206051$_$10,206051,1,0,0,0,-0.6666666865,inner_train
1,1509,206051$_$13,206051,1,0,0,0,-1.666666627,inner_train
1,1510,206051$_$12,206051,1,0,0,0,-2.333333254,inner_train
1,1511,206051$_$15,206051,1,0,0,0,-2.666666746,inner_train
1,1512,206051$_$14,206051,1,0,0,0,-3,inner_train
1,1513,206051$_$1,206051,1,0,0,0,0.3333333433,inner_train
1,1514,206051$_$0,206051,1,0,0,0,0.3333333433,inner_train
1,1515,206051$_$3,206051,1,0,0,0,-1.333333373,inner_train
1,1516,206051$_$2,206051,1,0,0,0,0,inner_train
1,1517,206051$_$5,206051,1,0,0,0,-2,inner_train
1,1518,206051$_$4,206051,1,0,0,0,-0.3333333433,inner_train
1,1519,206051$_$7,206051,1,0,0,0,-1.666666627,inner_train
1,1520,206051$_$6,206051,1,0,0,0,-1.666666627,inner_train
1,1521,206051$_$9,206051,1,0,0,0,0.3333333433,inner_train
1,1522,206051$_$8,206051,1,0,0,0,-2,inner_train
1,1533,206507$_$11,206507,1,0,0,0,-1,inner_train
1,1534,206507$_$10,206507,1,0,0,0,-2,inner_train
1,1535,206507$_$13,206507,1,0,0,0,-1.666666627,inner_train
1,1536,206507$_$12,206507,1,0,0,0,-0.3333333433,inner_train
1,1537,206507$_$1,206507,1,0,0,0,-1.666666627,inner_train
1,1538,206507$_$0,206507,1,0,0,0,0,inner_train
1,1539,206507$_$3,206507,1,0,0,0,-1,inner_train
1,1540,206507$_$2,206507,1,0,0,0,-1.333333373,inner_train
1,1541,206507$_$5,206507,1,0,0,0,0.6666666865,inner_train
1,1542,206507$_$4,206507,1,0,0,0,-1.666666627,inner_train
1,1543,206507$_$7,206507,1,0,0,0,-0.6666666865,inner_train
1,1544,206507$_$6,206507,1,0,0,0,-0.3333333433,inner_train
1,1545,206507$_$9,206507,1,0,0,0,-0.3333333433,inner_train
1,1546,206507$_$8,206507,1,0,0,0,-1.666666627,inner_train
1,1547,206606$_$10,206606,1,0,0,0,-1.333333373,inner_valid
1,1548,206606$_$1,206606,1,0,0,0,0,inner_valid
1,1549,206606$_$0,206606,1,0,0,0,0.3333333433,inner_valid
1,1550,206606$_$3,206606,1,0,0,0,-1.666666627,inner_valid
1,1551,206606$_$2,206606,1,0,0,0,1,inner_valid
1,1552,206606$_$5,206606,1,0,0,0,-1,inner_valid
1,1553,206606$_$4,206606,1,0,0,0,-2,inner_valid
1,1554,206606$_$7,206606,1,0,0,0,-1.333333373,inner_valid
1,1555,206606$_$6,206606,1,0,0,0,-2,inner_valid
1,1556,206606$_$9,206606,1,0,0,0,1,inner_valid
1,1557,206606$_$8,206606,1,0,0,0,-2,inner_valid
1,1558,207812$_$1,207812,1,0,0,0,1.666666627,inner_train
1,1559,207812$_$0,207812,1,0,0,0,0.3333333433,inner_train
1,1560,207812$_$3,207812,1,0,0,0,2.333333254,inner_train
1,1561,207812$_$2,207812,1,0,0,0,1.333333373,inner_train
1,1562,207812$_$5,207812,1,0,0,0,1.666666627,inner_train
1,1563,207812$_$4,207812,1,0,0,0,2.666666746,inner_train
1,1564,207812$_$7,207812,1,0,0,0,2,inner_train
1,1565,207812$_$6,207812,1,0,0,0,1,inner_train
1,1566,207812$_$9,207812,1,0,0,0,-0.6666666865,inner_train
1,1567,207812$_$8,207812,1,0,0,0,1.333333373,inner_train
1,1591,208416$_$11,208416,1,1,0,0,1.666666627,inner_train
1,1592,208416$_$10,208416,1,1,0,0,3,inner_train
1,1593,208416$_$13,208416,1,1,0,0,1.666666627,inner_train
1,1594,208416$_$12,208416,1,1,0,0,1.333333373,inner_train
1,1595,208416$_$15,208416,1,1,0,0,2,inner_train
1,1596,208416$_$14,208416,1,1,0,0,2.666666746,inner_train
1,1597,208416$_$16,208416,1,1,0,0,2,inner_train
1,1598,208416$_$1,208416,1,1,0,0,0,inner_train
1,1599,208416$_$0,208416,1,1,0,0,0.3333333433,inner_train
1,1600,208416$_$3,208416,1,1,0,0,2.333333254,inner_train
1,1601,208416$_$2,208416,1,1,0,0,1,inner_train
1,1602,208416$_$5,208416,1,1,0,0,0,inner_train
1,1603,208416$_$4,208416,1,1,0,0,0,inner_train
1,1604,208416$_$7,208416,1,1,0,0,1.666666627,inner_train
1,1605,208416$_$6,208416,1,1,0,0,0.3333333433,inner_train
1,1606,208416$_$9,208416,1,1,0,0,0,inner_train
1,1607,208416$_$8,208416,1,1,0,0,0,inner_train
1,1608,209354$_$11,209354,1,0,0,0,2.333333254,inner_train
1,1609,209354$_$10,209354,1,0,0,0,2,inner_train
1,1610,209354$_$1,209354,1,0,0,0,2,inner_train
1,1611,209354$_$0,209354,1,0,0,0,0.3333333433,inner_train
1,1612,209354$_$3,209354,1,0,0,0,0,inner_train
1,1613,209354$_$2,209354,1,0,0,0,1,inner_train
1,1614,209354$_$5,209354,1,0,0,0,3,inner_train
1,1615,209354$_$4,209354,1,0,0,0,0,inner_train
1,1616,209354$_$7,209354,1,0,0,0,0.3333333433,inner_train
1,1617,209354$_$6,209354,1,0,0,0,2.333333254,inner_train
1,1618,209354$_$9,209354,1,0,0,0,2.666666746,inner_train
1,1619,209354$_$8,209354,1,0,0,0,1.333333373,inner_train
1,1620,209775$_$10,209775,1,0,0,1,-2.333333254,inner_valid
1,1621,209775$_$1,209775,1,0,0,1,-1,inner_valid
1,1622,209775$_$0,209775,1,0,0,1,0.3333333433,inner_valid
1,1623,209775$_$3,209775,1,0,0,1,1.666666627,inner_valid
1,1624,209775$_$2,209775,1,0,0,1,-2.333333254,inner_valid
1,1625,209775$_$5,209775,1,0,0,1,-2.333333254,inner_valid
1,1626,209775$_$4,209775,1,0,0,1,-1,inner_valid
1,1627,209775$_$7,209775,1,0,0,1,-2.333333254,inner_valid
1,1628,209775$_$6,209775,1,0,0,1,-2,inner_valid
1,1629,209775$_$9,209775,1,0,0,1,-1.333333373,inner_valid
1,1630,209775$_$8,209775,1,0,0,1,-2.333333254,inner_valid
1,1649,210618$_$11,210618,1,0,0,0,1.666666627,inner_train
1,1650,210618$_$10,210618,1,0,0,0,0,inner_train
1,1651,210618$_$13,210618,1,0,0,0,2.666666746,inner_train
1,1652,210618$_$12,210618,1,0,0,0,2.666666746,inner_train
1,1653,210618$_$15,210618,1,0,0,0,0,inner_train
1,1654,210618$_$14,210618,1,0,0,0,2.333333254,inner_train
1,1655,210618$_$17,210618,1,0,0,0,2,inner_train
1,1656,210618$_$16,210618,1,0,0,0,1.666666627,inner_train
1,1657,210618$_$1,210618,1,0,0,0,0,inner_train
1,1658,210618$_$0,210618,1,0,0,0,3,inner_train
1,1659,210618$_$3,210618,1,0,0,0,0,inner_train
1,1660,210618$_$2,210618,1,0,0,0,-0.6666666865,inner_train
1,1661,210618$_$5,210618,1,0,0,0,0,inner_train
1,1662,210618$_$4,210618,1,0,0,0,0,inner_train
1,1663,210618$_$7,210618,1,0,0,0,0,inner_train
1,1664,210618$_$6,210618,1,0,0,0,-0.6666666865,inner_train
1,1665,210618$_$9,210618,1,0,0,0,1,inner_train
1,1666,210618$_$8,210618,1,0,0,0,0,inner_train
1,1701,214095$_$11,214095,1,0,0,0,-2.666666746,inner_train
1,1702,214095$_$10,214095,1,0,0,0,-2.333333254,inner_train
1,1703,214095$_$13,214095,1,0,0,0,-2,inner_train
1,1704,214095$_$12,214095,1,0,0,0,-2.333333254,inner_train
1,1705,214095$_$14,214095,1,0,0,0,0,inner_train
1,1706,214095$_$1,214095,1,0,0,0,0,inner_train
1,1707,214095$_$0,214095,1,0,0,0,0.3333333433,inner_train
1,1708,214095$_$3,214095,1,0,0,0,0,inner_train
1,1709,214095$_$2,214095,1,0,0,0,-1.333333373,inner_train
1,1710,214095$_$5,214095,1,0,0,0,-1,inner_train
1,1711,214095$_$4,214095,1,0,0,0,-1.666666627,inner_train
1,1712,214095$_$7,214095,1,0,0,0,-1.666666627,inner_train
1,1713,214095$_$6,214095,1,0,0,0,-0.3333333433,inner_train
1,1714,214095$_$9,214095,1,0,0,0,-0.6666666865,inner_train
1,1715,214095$_$8,214095,1,0,0,0,-0.6666666865,inner_train
1,1728,216007$_$24,216007,1,0,0,0,0,inner_train
1,1729,216007$_$25,216007,1,0,0,0,-1,inner_train
1,1730,216007$_$26,216007,1,0,0,0,2,inner_train
1,1731,216007$_$27,216007,1,0,0,0,0.6666666865,inner_train
1,1732,216007$_$20,216007,1,0,0,0,0,inner_train
1,1733,216007$_$21,216007,1,0,0,0,-2.333333254,inner_train
1,1734,216007$_$22,216007,1,0,0,0,-1.333333373,inner_train
1,1735,216007$_$23,216007,1,0,0,0,-1.333333373,inner_train
1,1736,216007$_$28,216007,1,0,0,0,-1.666666627,inner_train
1,1737,216007$_$29,216007,1,0,0,0,-0.3333333433,inner_train
1,1738,216007$_$1,216007,1,0,0,0,1.666666627,inner_train
1,1739,216007$_$0,216007,1,0,0,0,0.6666666865,inner_train
1,1740,216007$_$3,216007,1,0,0,0,0.6666666865,inner_train
1,1741,216007$_$2,216007,1,0,0,0,-2.333333254,inner_train
1,1742,216007$_$5,216007,1,0,0,0,0.6666666865,inner_train
1,1743,216007$_$4,216007,1,0,0,0,0.6666666865,inner_train
1,1744,216007$_$7,216007,1,0,0,0,-0.6666666865,inner_train
1,1745,216007$_$6,216007,1,0,0,0,-1.666666627,inner_train
1,1746,216007$_$9,216007,1,0,0,0,-1,inner_train
1,1747,216007$_$8,216007,1,0,0,0,-2,inner_train
1,1748,216007$_$11,216007,1,0,0,0,-1,inner_train
1,1749,216007$_$10,216007,1,0,0,0,0,inner_train
1,1750,216007$_$13,216007,1,0,0,0,-1,inner_train
1,1751,216007$_$12,216007,1,0,0,0,-1.333333373,inner_train
1,1752,216007$_$15,216007,1,0,0,0,0,inner_train
1,1753,216007$_$14,216007,1,0,0,0,-1,inner_train
1,1754,216007$_$17,216007,1,0,0,0,-1.666666627,inner_train
1,1755,216007$_$16,216007,1,0,0,0,-0.6666666865,inner_train
1,1756,216007$_$19,216007,1,0,0,0,-0.6666666865,inner_train
1,1757,216007$_$18,216007,1,0,0,0,0.3333333433,inner_train
1,1758,216007$_$31,216007,1,0,0,0,-2.666666746,inner_train
1,1759,216007$_$30,216007,1,0,0,0,-2.333333254,inner_train
1,1760,21638$_$1,21638,1,0,0,0,0,inner_train
1,1761,21638$_$0,21638,1,0,0,0,0.3333333433,inner_train
1,1762,21638$_$3,21638,1,0,0,0,1.666666627,inner_train
1,1763,21638$_$2,21638,1,0,0,0,0,inner_train
1,1764,21638$_$5,21638,1,0,0,0,0,inner_train
1,1765,21638$_$4,21638,1,0,0,0,0,inner_train
1,1766,21638$_$6,21638,1,0,0,0,2,inner_train
1,1809,219310$_$10,219310,1,0,1,0,-2,inner_valid
1,1810,219310$_$1,219310,1,0,1,0,-0.6666666865,inner_valid
1,1811,219310$_$0,219310,1,0,1,0,0,inner_valid
1,1812,219310$_$3,219310,1,0,1,0,-1.333333373,inner_valid
1,1813,219310$_$2,219310,1,0,1,0,1,inner_valid
1,1814,219310$_$5,219310,1,0,1,0,-1.333333373,inner_valid
1,1815,219310$_$4,219310,1,0,1,0,-2.333333254,inner_valid
1,1816,219310$_$7,219310,1,0,1,0,-1.666666627,inner_valid
1,1817,219310$_$6,219310,1,0,1,0,-1,inner_valid
1,1818,219310$_$9,219310,1,0,1,0,-2,inner_valid
1,1819,219310$_$8,219310,1,0,1,0,0.3333333433,inner_valid
1,1829,21Kxt5L9OBE$_$3,21Kxt5L9OBE,1,1,0,0,1.333333373,inner_valid
1,1830,21Kxt5L9OBE$_$2,21Kxt5L9OBE,1,1,0,0,0,inner_valid
1,1831,220134$_$24,220134,1,1,0,0,-0.6666666865,inner_train
1,1832,220134$_$25,220134,1,1,0,0,-1.666666627,inner_train
1,1833,220134$_$26,220134,1,1,0,0,0.6666666865,inner_train
1,1834,220134$_$27,220134,1,1,0,0,-2.666666746,inner_train
1,1835,220134$_$20,220134,1,1,0,0,0,inner_train
1,1836,220134$_$21,220134,1,1,0,0,-2.333333254,inner_train
1,1837,220134$_$22,220134,1,1,0,0,0,inner_train
1,1838,220134$_$23,220134,1,1,0,0,-2,inner_train
1,1839,220134$_$28,220134,1,1,0,0,0,inner_train
1,1840,220134$_$1,220134,1,1,0,0,0.3333333433,inner_train
1,1841,220134$_$0,220134,1,1,0,0,0,inner_train
1,1842,220134$_$3,220134,1,1,0,0,0,inner_train
1,1843,220134$_$2,220134,1,1,0,0,-1.333333373,inner_train
1,1844,220134$_$5,220134,1,1,0,0,0,inner_train
1,1845,220134$_$4,220134,1,1,0,0,1,inner_train
1,1846,220134$_$7,220134,1,1,0,0,-1,inner_train
1,1847,220134$_$6,220134,1,1,0,0,-1.333333373,inner_train
1,1848,220134$_$9,220134,1,1,0,0,0,inner_train
1,1849,220134$_$8,220134,1,1,0,0,0,inner_train
1,1850,220134$_$11,220134,1,1,0,0,-0.6666666865,inner_train
1,1851,220134$_$10,220134,1,1,0,0,-1.666666627,inner_train
1,1852,220134$_$15,220134,1,1,0,0,-1,inner_train
1,1853,220134$_$14,220134,1,1,0,0,-1,inner_train
1,1854,220134$_$17,220134,1,1,0,0,-1,inner_train
1,1855,220134$_$16,220134,1,1,0,0,-2,inner_train
1,1856,220134$_$19,220134,1,1,0,0,-0.3333333433,inner_train
1,1857,220134$_$18,220134,1,1,0,0,-0.6666666865,inner_train
1,1858,220200$_$11,220200,1,0,0,0,0,outer
1,1859,220200$_$10,220200,1,0,0,0,0.3333333433,outer
1,1860,220200$_$13,220200,1,0,0,0,-1.666666627,outer
1,1861,220200$_$12,220200,1,0,0,0,-1.666666627,outer
1,1862,220200$_$1,220200,1,0,0,0,0,outer
1,1863,220200$_$0,220200,1,0,0,0,0.6666666865,outer
1,1864,220200$_$3,220200,1,0,0,0,-1,outer
1,1865,220200$_$2,220200,1,0,0,0,-2.333333254,outer
1,1866,220200$_$5,220200,1,0,0,0,0,outer
1,1867,220200$_$4,220200,1,0,0,0,-1.333333373,outer
1,1868,220200$_$7,220200,1,0,0,0,-1.333333373,outer
1,1869,220200$_$6,220200,1,0,0,0,-3,outer
1,1870,220200$_$9,220200,1,0,0,0,-1,outer
1,1871,220200$_$8,220200,1,0,0,0,-1.333333373,outer
1,1914,223926$_$1,223926,1,0,0,0,-1.333333373,inner_train
1,1915,223926$_$0,223926,1,0,0,0,0,inner_train
1,1916,223926$_$3,223926,1,0,0,0,-1.333333373,inner_train
1,1917,223926$_$2,223926,1,0,0,0,0,inner_train
1,1918,223926$_$5,223926,1,0,0,0,1,inner_train
1,1919,223926$_$4,223926,1,0,0,0,-1.333333373,inner_train
1,1920,223926$_$7,223926,1,0,0,0,-2.666666746,inner_train
1,1921,223926$_$6,223926,1,0,0,0,0,inner_train
1,1922,223926$_$8,223926,1,0,0,0,0,inner_train
1,1968,225343$_$11,225343,1,1,0,0,-1.666666627,inner_train
1,1969,225343$_$10,225343,1,1,0,0,0.3333333433,inner_train
1,1970,225343$_$13,225343,1,1,0,0,0.3333333433,inner_train
1,1971,225343$_$12,225343,1,1,0,0,0.3333333433,inner_train
1,1972,225343$_$15,225343,1,1,0,0,-0.6666666865,inner_train
1,1973,225343$_$14,225343,1,1,0,0,-1.666666627,inner_train
1,1974,225343$_$16,225343,1,1,0,0,-1.666666627,inner_train
1,1975,225343$_$1,225343,1,1,0,0,-0.3333333433,inner_train
1,1976,225343$_$0,225343,1,1,0,0,0,inner_train
1,1977,225343$_$3,225343,1,1,0,0,2,inner_train
1,1978,225343$_$2,225343,1,1,0,0,0.6666666865,inner_train
1,1979,225343$_$5,225343,1,1,0,0,-1.333333373,inner_train
1,1980,225343$_$4,225343,1,1,0,0,-0.3333333433,inner_train
1,1981,225343$_$7,225343,1,1,0,0,0.3333333433,inner_train
1,1982,225343$_$6,225343,1,1,0,0,2.333333254,inner_train
1,1983,225343$_$9,225343,1,1,0,0,-0.6666666865,inner_train
1,1984,225343$_$8,225343,1,1,0,0,0.3333333433,inner_train
1,1985,225416$_$11,225416,1,0,0,0,-2,inner_train
1,1986,225416$_$10,225416,1,0,0,0,-1,inner_train
1,1987,225416$_$13,225416,1,0,0,0,1,inner_train
1,1988,225416$_$12,225416,1,0,0,0,-1.666666627,inner_train
1,1989,225416$_$15,225416,1,0,0,0,-1.333333373,inner_train
1,1990,225416$_$14,225416,1,0,0,0,-2,inner_train
1,1991,225416$_$16,225416,1,0,0,0,-3,inner_train
1,1992,225416$_$1,225416,1,0,0,0,-2.666666746,inner_train
1,1993,225416$_$0,225416,1,0,0,0,-0.3333333433,inner_train
1,1994,225416$_$3,225416,1,0,0,0,2.333333254,inner_train
1,1995,225416$_$2,225416,1,0,0,0,2.333333254,inner_train
1,1996,225416$_$5,225416,1,0,0,0,-2,inner_train
1,1997,225416$_$4,225416,1,0,0,0,-1.666666627,inner_train
1,1998,225416$_$7,225416,1,0,0,0,-1.666666627,inner_train
1,1999,225416$_$6,225416,1,0,0,0,2.666666746,inner_train
1,2000,225416$_$9,225416,1,0,0,0,0,inner_train
1,2001,225416$_$8,225416,1,0,0,0,0,inner_train
1,2002,225768$_$11,225768,1,1,0,1,-2,inner_train
1,2003,225768$_$10,225768,1,1,0,1,-1.666666627,inner_train
1,2004,225768$_$13,225768,1,1,0,1,0,inner_train
1,2005,225768$_$12,225768,1,1,0,1,0,inner_train
1,2006,225768$_$15,225768,1,1,0,1,-2.333333254,inner_train
1,2007,225768$_$14,225768,1,1,0,1,-2.333333254,inner_train
1,2008,225768$_$16,225768,1,1,0,1,-2,inner_train
1,2009,225768$_$1,225768,1,1,0,1,0,inner_train
1,2010,225768$_$0,225768,1,1,0,1,0.3333333433,inner_train
1,2011,225768$_$3,225768,1,1,0,1,0.6666666865,inner_train
1,2012,225768$_$2,225768,1,1,0,1,0,inner_train
1,2013,225768$_$5,225768,1,1,0,1,0,inner_train
1,2014,225768$_$4,225768,1,1,0,1,0,inner_train
1,2015,225768$_$7,225768,1,1,0,1,-1,inner_train
1,2016,225768$_$6,225768,1,1,0,1,0,inner_train
1,2017,225768$_$9,225768,1,1,0,1,-1.666666627,inner_train
1,2018,225768$_$8,225768,1,1,0,1,-1.333333373,inner_train
1,2036,227416$_$11,227416,1,1,0,0,0,inner_train
1,2037,227416$_$10,227416,1,1,0,0,0,inner_train
1,2038,227416$_$12,227416,1,1,0,0,2.333333254,inner_train
1,2039,227416$_$1,227416,1,1,0,0,0,inner_train
1,2040,227416$_$0,227416,1,1,0,0,0,inner_train
1,2041,227416$_$3,227416,1,1,0,0,0,inner_train
1,2042,227416$_$2,227416,1,1,0,0,1.666666627,inner_train
1,2043,227416$_$5,227416,1,1,0,0,0,inner_train
1,2044,227416$_$4,227416,1,1,0,0,0,inner_train
1,2045,227416$_$7,227416,1,1,0,0,0.3333333433,inner_train
1,2046,227416$_$6,227416,1,1,0,0,2.333333254,inner_train
1,2047,227416$_$9,227416,1,1,0,0,0,inner_train
1,2048,227416$_$8,227416,1,1,0,0,2.666666746,inner_train
1,2088,22880$_$10,22880,1,0,0,0,0,inner_train
1,2089,22880$_$1,22880,1,0,0,0,0,inner_train
1,2090,22880$_$0,22880,1,0,0,0,0,inner_train
1,2091,22880$_$3,22880,1,0,0,0,0.3333333433,inner_train
1,2092,22880$_$2,22880,1,0,0,0,0,inner_train
1,2093,22880$_$5,22880,1,0,0,0,-1,inner_train
1,2094,22880$_$4,22880,1,0,0,0,-1.666666627,inner_train
1,2095,22880$_$7,22880,1,0,0,0,2.333333254,inner_train
1,2096,22880$_$6,22880,1,0,0,0,1.333333373,inner_train
1,2097,22880$_$9,22880,1,0,0,0,0,inner_train
1,2098,22880$_$8,22880,1,0,0,0,1,inner_train
1,2099,229090$_$20,229090,1,0,0,0,-0.6666666865,inner_train
1,2100,229090$_$21,229090,1,0,0,0,-1,inner_train
1,2101,229090$_$22,229090,1,0,0,0,-1,inner_train
1,2102,229090$_$1,229090,1,0,0,0,-2.666666746,inner_train
1,2103,229090$_$0,229090,1,0,0,0,0.3333333433,inner_train
1,2104,229090$_$3,229090,1,0,0,0,-0.6666666865,inner_train
1,2105,229090$_$2,229090,1,0,0,0,-3,inner_train
1,2106,229090$_$5,229090,1,0,0,0,-0.3333333433,inner_train
1,2107,229090$_$4,229090,1,0,0,0,-1.666666627,inner_train
1,2108,229090$_$7,229090,1,0,0,0,-0.6666666865,inner_train
1,2109,229090$_$6,229090,1,0,0,0,-1.666666627,inner_train
1,2110,229090$_$9,229090,1,0,0,0,0,inner_train
1,2111,229090$_$8,229090,1,0,0,0,-1.666666627,inner_train
1,2112,229090$_$11,229090,1,0,0,0,-0.3333333433,inner_train
1,2113,229090$_$10,229090,1,0,0,0,-0.6666666865,inner_train
1,2114,229090$_$13,229090,1,0,0,0,-1.333333373,inner_train
1,2115,229090$_$12,229090,1,0,0,0,0,inner_train
1,2116,229090$_$15,229090,1,0,0,0,-2.666666746,inner_train
1,2117,229090$_$14,229090,1,0,0,0,-2.333333254,inner_train
1,2118,229090$_$17,229090,1,0,0,0,2.666666746,inner_train
1,2119,229090$_$16,229090,1,0,0,0,1,inner_train
1,2120,229090$_$19,229090,1,0,0,0,-1.333333373,inner_train
1,2121,229090$_$18,229090,1,0,0,0,-1.666666627,inner_train
1,2140,230252$_$11,230252,1,0,0,0,-1,inner_train
1,2141,230252$_$10,230252,1,0,0,0,1,inner_train
1,2142,230252$_$13,230252,1,0,0,0,-1,inner_train
1,2143,230252$_$12,230252,1,0,0,0,0.3333333433,inner_train
1,2144,230252$_$14,230252,1,0,0,0,-2,inner_train
1,2145,230252$_$1,230252,1,0,0,0,0,inner_train
1,2146,230252$_$0,230252,1,0,0,0,0,inner_train
1,2147,230252$_$3,230252,1,0,0,0,0,inner_train
1,2148,230252$_$2,230252,1,0,0,0,1.666666627,inner_train
1,2149,230252$_$5,230252,1,0,0,0,-0.6666666865,inner_train
1,2150,230252$_$4,230252,1,0,0,0,-1.333333373,inner_train
1,2151,230252$_$7,230252,1,0,0,0,-1.333333373,inner_train
1,2152,230252$_$6,230252,1,0,0,0,-0.6666666865,inner_train
1,2153,230252$_$9,230252,1,0,0,0,-1.333333373,inner_train
1,2154,230252$_$8,230252,1,0,0,0,-1,inner_train
1,2181,233356$_$11,233356,1,1,0,0,0,inner_train
1,2182,233356$_$10,233356,1,1,0,0,-1,inner_train
1,2183,233356$_$1,233356,1,1,0,0,0.6666666865,inner_train
1,2184,233356$_$0,233356,1,1,0,0,0.6666666865,inner_train
1,2185,233356$_$3,233356,1,1,0,0,1.666666627,inner_train
1,2186,233356$_$2,233356,1,1,0,0,1.333333373,inner_train
1,2187,233356$_$5,233356,1,1,0,0,0,inner_train
1,2188,233356$_$4,233356,1,1,0,0,1.666666627,inner_train
1,2189,233356$_$7,233356,1,1,0,0,-2.666666746,inner_train
1,2190,233356$_$6,233356,1,1,0,0,0.6666666865,inner_train
1,2191,233356$_$9,233356,1,1,0,0,-2.333333254,inner_train
1,2192,233356$_$8,233356,1,1,0,0,-0.3333333433,inner_train
1,2270,236696$_$11,236696,1,0,0,0,-1.333333373,inner_train
1,2271,236696$_$10,236696,1,0,0,0,-2,inner_train
1,2272,236696$_$13,236696,1,0,0,0,-2.666666746,inner_train
1,2273,236696$_$12,236696,1,0,0,0,-2,inner_train
1,2274,236696$_$15,236696,1,0,0,0,0,inner_train
1,2275,236696$_$14,236696,1,0,0,0,-2,inner_train
1,2276,236696$_$1,236696,1,0,0,0,0,inner_train
1,2277,236696$_$0,236696,1,0,0,0,0.3333333433,inner_train
1,2278,236696$_$3,236696,1,0,0,0,-2.666666746,inner_train
1,2279,236696$_$2,236696,1,0,0,0,0,inner_train
1,2280,236696$_$5,236696,1,0,0,0,0,inner_train
1,2281,236696$_$4,236696,1,0,0,0,-3,inner_train
1,2282,236696$_$7,236696,1,0,0,0,-2.666666746,inner_train
1,2283,236696$_$6,236696,1,0,0,0,0,inner_train
1,2284,236696$_$9,236696,1,0,0,0,-2,inner_train
1,2285,236696$_$8,236696,1,0,0,0,-2.333333254,inner_train
1,2286,238023$_$24,238023,1,0,0,0,-1.666666627,inner_train
1,2287,238023$_$25,238023,1,0,0,0,0,inner_train
1,2288,238023$_$26,238023,1,0,0,0,-1.333333373,inner_train
1,2289,238023$_$27,238023,1,0,0,0,-2,inner_train
1,2290,238023$_$20,238023,1,0,0,0,-1,inner_train
1,2291,238023$_$21,238023,1,0,0,0,-2.333333254,inner_train
1,2292,238023$_$22,238023,1,0,0,0,-0.6666666865,inner_train
1,2293,238023$_$23,238023,1,0,0,0,-3,inner_train
1,2294,238023$_$28,238023,1,0,0,0,-1.333333373,inner_train
1,2295,238023$_$29,238023,1,0,0,0,-1.666666627,inner_train
1,2296,238023$_$1,238023,1,0,0,0,0,inner_train
1,2297,238023$_$0,238023,1,0,0,0,0,inner_train
1,2298,238023$_$3,238023,1,0,0,0,0,inner_train
1,2299,238023$_$2,238023,1,0,0,0,0,inner_train
1,2300,238023$_$5,238023,1,0,0,0,-1.333333373,inner_train
1,2301,238023$_$4,238023,1,0,0,0,-2.333333254,inner_train
1,2302,238023$_$7,238023,1,0,0,0,1.666666627,inner_train
1,2303,238023$_$6,238023,1,0,0,0,1.333333373,inner_train
1,2304,238023$_$9,238023,1,0,0,0,-2.333333254,inner_train
1,2305,238023$_$8,238023,1,0,0,0,-1.666666627,inner_train
1,2306,238023$_$38,238023,1,0,0,0,-0.6666666865,inner_train
1,2307,238023$_$11,238023,1,0,0,0,-1.333333373,inner_train
1,2308,238023$_$10,238023,1,0,0,0,-1.666666627,inner_train
1,2309,238023$_$13,238023,1,0,0,0,-1,inner_train
1,2310,238023$_$12,238023,1,0,0,0,0,inner_train
1,2311,238023$_$15,238023,1,0,0,0,-1.333333373,inner_train
1,2312,238023$_$14,238023,1,0,0,0,-1.666666627,inner_train
1,2313,238023$_$17,238023,1,0,0,0,0,inner_train
1,2314,238023$_$16,238023,1,0,0,0,0,inner_train
1,2315,238023$_$19,238023,1,0,0,0,-0.6666666865,inner_train
1,2316,238023$_$18,238023,1,0,0,0,-1.666666627,inner_train
1,2317,238023$_$31,238023,1,0,0,0,-1.333333373,inner_train
1,2318,238023$_$30,238023,1,0,0,0,-2,inner_train
1,2319,238023$_$37,238023,1,0,0,0,-2.333333254,inner_train
1,2320,238023$_$36,238023,1,0,0,0,0,inner_train
1,2321,238023$_$35,238023,1,0,0,0,0.6666666865,inner_train
1,2322,238023$_$34,238023,1,0,0,0,0,inner_train
1,2323,238023$_$33,238023,1,0,0,0,-1.333333373,inner_train
1,2324,238023$_$32,238023,1,0,0,0,1,inner_train
1,2325,238039$_$11,238039,1,1,0,0,-1.333333373,outer
1,2326,238039$_$10,238039,1,1,0,0,-0.6666666865,outer
1,2327,238039$_$12,238039,1,1,0,0,-1,outer
1,2328,238039$_$1,238039,1,1,0,0,0,outer
1,2329,238039$_$0,238039,1,1,0,0,0,outer
1,2330,238039$_$3,238039,1,1,0,0,0,outer
1,2331,238039$_$2,238039,1,1,0,0,1,outer
1,2332,238039$_$5,238039,1,1,0,0,0,outer
1,2333,238039$_$4,238039,1,1,0,0,0,outer
1,2334,238039$_$7,238039,1,1,0,0,-0.6666666865,outer
1,2335,238039$_$6,238039,1,1,0,0,0,outer
1,2336,238039$_$9,238039,1,1,0,0,1,outer
1,2337,238039$_$8,238039,1,1,0,0,0,outer
1,2368,238645$_$24,238645,1,0,0,1,1,inner_valid
1,2369,238645$_$25,238645,1,0,0,1,-3,inner_valid
1,2370,238645$_$20,238645,1,0,0,1,0,inner_valid
1,2371,238645$_$22,238645,1,0,0,1,0,inner_valid
1,2372,238645$_$23,238645,1,0,0,1,-2.333333254,inner_valid
1,2373,238645$_$1,238645,1,0,0,1,0,inner_valid
1,2374,238645$_$0,238645,1,0,0,1,0.3333333433,inner_valid
1,2375,238645$_$3,238645,1,0,0,1,0,inner_valid
1,2376,238645$_$2,238645,1,0,0,1,0.6666666865,inner_valid
1,2377,238645$_$5,238645,1,0,0,1,-3,inner_valid
1,2378,238645$_$4,238645,1,0,0,1,0,inner_valid
1,2379,238645$_$7,238645,1,0,0,1,-2,inner_valid
1,2380,238645$_$6,238645,1,0,0,1,-0.6666666865,inner_valid
1,2381,238645$_$9,238645,1,0,0,1,-1.666666627,inner_valid
1,2382,238645$_$8,238645,1,0,0,1,-2.333333254,inner_valid
1,2383,238645$_$11,238645,1,0,0,1,-1.666666627,inner_valid
1,2384,238645$_$10,238645,1,0,0,1,-2.666666746,inner_valid
1,2385,238645$_$12,238645,1,0,0,1,0,inner_valid
1,2386,238645$_$15,238645,1,0,0,1,0,inner_valid
1,2387,238645$_$14,238645,1,0,0,1,0,inner_valid
1,2388,238645$_$17,238645,1,0,0,1,-1.333333373,inner_valid
1,2389,238645$_$16,238645,1,0,0,1,0,inner_valid
1,2390,238645$_$19,238645,1,0,0,1,1,inner_valid
1,2391,238645$_$18,238645,1,0,0,1,0,inner_valid
1,2397,238889$_$11,238889,1,0,1,0,0.6666666865,inner_valid
1,2398,238889$_$10,238889,1,0,1,0,-1.666666627,inner_valid
1,2399,238889$_$1,238889,1,0,1,0,0,inner_valid
1,2400,238889$_$0,238889,1,0,1,0,0,inner_valid
1,2401,238889$_$3,238889,1,0,1,0,-1.333333373,inner_valid
1,2402,238889$_$2,238889,1,0,1,0,-1,inner_valid
1,2403,238889$_$5,238889,1,0,1,0,0,inner_valid
1,2404,238889$_$4,238889,1,0,1,0,-2,inner_valid
1,2405,238889$_$7,238889,1,0,1,0,0,inner_valid
1,2406,238889$_$6,238889,1,0,1,0,0.6666666865,inner_valid
1,2407,238889$_$9,238889,1,0,1,0,0.6666666865,inner_valid
1,2408,238889$_$8,238889,1,0,1,0,-0.3333333433,inner_valid
1,2435,23YlZoucbyM$_$0,23YlZoucbyM,1,1,1,0,-0.3333333433,inner_train
1,2436,23YlZoucbyM$_$3,23YlZoucbyM,1,1,1,0,-1,inner_train
1,2437,23YlZoucbyM$_$2,23YlZoucbyM,1,1,1,0,-2,inner_train
1,2438,23YlZoucbyM$_$5,23YlZoucbyM,1,1,1,0,-0.6666666865,inner_train
1,2439,23YlZoucbyM$_$4,23YlZoucbyM,1,1,1,0,-1.666666627,inner_train
1,2440,23YlZoucbyM$_$7,23YlZoucbyM,1,1,1,0,-1.666666627,inner_train
1,2441,23YlZoucbyM$_$6,23YlZoucbyM,1,1,1,0,-0.3333333433,inner_train
1,2451,241164$_$11,241164,1,1,0,0,0.6666666865,outer
1,2452,241164$_$10,241164,1,1,0,0,0,outer
1,2453,241164$_$12,241164,1,1,0,0,2,outer
1,2454,241164$_$1,241164,1,1,0,0,0,outer
1,2455,241164$_$0,241164,1,1,0,0,0,outer
1,2456,241164$_$3,241164,1,1,0,0,0,outer
1,2457,241164$_$2,241164,1,1,0,0,2.666666746,outer
1,2458,241164$_$5,241164,1,1,0,0,0.6666666865,outer
1,2459,241164$_$4,241164,1,1,0,0,0,outer
1,2460,241164$_$7,241164,1,1,0,0,1.666666627,outer
1,2461,241164$_$6,241164,1,1,0,0,0.6666666865,outer
1,2462,241164$_$9,241164,1,1,0,0,0,outer
1,2463,241164$_$8,241164,1,1,0,0,2.333333254,outer
1,2464,241172$_$1,241172,1,1,0,1,-1,inner_train
1,2465,241172$_$0,241172,1,1,0,1,0,inner_train
1,2466,241172$_$3,241172,1,1,0,1,0.3333333433,inner_train
1,2467,241172$_$2,241172,1,1,0,1,-1.333333373,inner_train
1,2468,241172$_$5,241172,1,1,0,1,0.3333333433,inner_train
1,2469,241172$_$4,241172,1,1,0,1,0,inner_train
1,2470,241172$_$7,241172,1,1,0,1,-1,inner_train
1,2471,241172$_$6,241172,1,1,0,1,-0.6666666865,inner_train
1,2479,24202$_$11,24202,1,1,0,0,-2.666666746,inner_train
1,2480,24202$_$10,24202,1,1,0,0,-2.666666746,inner_train
1,2481,24202$_$1,24202,1,1,0,0,0,inner_train
1,2482,24202$_$0,24202,1,1,0,0,-0.3333333433,inner_train
1,2483,24202$_$3,24202,1,1,0,0,-3,inner_train
1,2484,24202$_$2,24202,1,1,0,0,-2.333333254,inner_train
1,2485,24202$_$5,24202,1,1,0,0,-2.666666746,inner_train
1,2486,24202$_$4,24202,1,1,0,0,-1.666666627,inner_train
1,2487,24202$_$7,24202,1,1,0,0,-2.666666746,inner_train
1,2488,24202$_$6,24202,1,1,0,0,-3,inner_train
1,2489,24202$_$9,24202,1,1,0,0,-2,inner_train
1,2490,24202$_$8,24202,1,1,0,0,-2,inner_train
1,2518,243341$_$24,243341,1,0,0,1,-2,inner_train
1,2519,243341$_$25,243341,1,0,0,1,-0.6666666865,inner_train
1,2520,243341$_$26,243341,1,0,0,1,0,inner_train
1,2521,243341$_$27,243341,1,0,0,1,-2.333333254,inner_train
1,2522,243341$_$20,243341,1,0,0,1,-2,inner_train
1,2523,243341$_$21,243341,1,0,0,1,-0.6666666865,inner_train
1,2524,243341$_$22,243341,1,0,0,1,-2.333333254,inner_train
1,2525,243341$_$23,243341,1,0,0,1,-1.666666627,inner_train
1,2526,243341$_$28,243341,1,0,0,1,-3,inner_train
1,2527,243341$_$29,243341,1,0,0,1,-2.666666746,inner_train
1,2528,243341$_$1,243341,1,0,0,1,0,inner_train
1,2529,243341$_$0,243341,1,0,0,1,-1,inner_train
1,2530,243341$_$3,243341,1,0,0,1,-2.666666746,inner_train
1,2531,243341$_$2,243341,1,0,0,1,-2.666666746,inner_train
1,2532,243341$_$5,243341,1,0,0,1,-2.666666746,inner_train
1,2533,243341$_$4,243341,1,0,0,1,-3,inner_train
1,2534,243341$_$7,243341,1,0,0,1,-2.666666746,inner_train
1,2535,243341$_$6,243341,1,0,0,1,-1.333333373,inner_train
1,2536,243341$_$9,243341,1,0,0,1,-1.666666627,inner_train
1,2537,243341$_$8,243341,1,0,0,1,-2.666666746,inner_train
1,2538,243341$_$11,243341,1,0,0,1,-2.333333254,inner_train
1,2539,243341$_$10,243341,1,0,0,1,-3,inner_train
1,2540,243341$_$13,243341,1,0,0,1,-0.6666666865,inner_train
1,2541,243341$_$12,243341,1,0,0,1,-2.333333254,inner_train
1,2542,243341$_$15,243341,1,0,0,1,-3,inner_train
1,2543,243341$_$14,243341,1,0,0,1,-1.666666627,inner_train
1,2544,243341$_$17,243341,1,0,0,1,-2.666666746,inner_train
1,2545,243341$_$16,243341,1,0,0,1,-3,inner_train
1,2546,243341$_$19,243341,1,0,0,1,-1.666666627,inner_train
1,2547,243341$_$18,243341,1,0,0,1,-2,inner_train
1,2548,243341$_$31,243341,1,0,0,1,-2.333333254,inner_train
1,2549,243341$_$30,243341,1,0,0,1,-3,inner_train
1,2550,243341$_$36,243341,1,0,0,1,-2,inner_train
1,2551,243341$_$35,243341,1,0,0,1,-1.333333373,inner_train
1,2552,243341$_$34,243341,1,0,0,1,-1,inner_train
1,2553,243341$_$33,243341,1,0,0,1,-1.666666627,inner_train
1,2554,243341$_$32,243341,1,0,0,1,-2.333333254,inner_train
1,2577,244261$_$24,244261,1,0,0,0,0.6666666865,inner_train
1,2578,244261$_$25,244261,1,0,0,0,0,inner_train
1,2579,244261$_$20,244261,1,0,0,0,2.666666746,inner_train
1,2580,244261$_$21,244261,1,0,0,0,0.6666666865,inner_train
1,2581,244261$_$22,244261,1,0,0,0,0,inner_train
1,2582,244261$_$23,244261,1,0,0,0,0,inner_train
1,2583,244261$_$1,244261,1,0,0,0,1.666666627,inner_train
1,2584,244261$_$0,244261,1,0,0,0,0.6666666865,inner_train
1,2585,244261$_$3,244261,1,0,0,0,2,inner_train
1,2586,244261$_$2,244261,1,0,0,0,3,inner_train
1,2587,244261$_$5,244261,1,0,0,0,-0.3333333433,inner_train
1,2588,244261$_$4,244261,1,0,0,0,1.666666627,inner_train
1,2589,244261$_$7,244261,1,0,0,0,0,inner_train
1,2590,244261$_$6,244261,1,0,0,0,0.3333333433,inner_train
1,2591,244261$_$9,244261,1,0,0,0,-0.3333333433,inner_train
1,2592,244261$_$8,244261,1,0,0,0,0,inner_train
1,2593,244261$_$11,244261,1,0,0,0,2.333333254,inner_train
1,2594,244261$_$10,244261,1,0,0,0,-0.3333333433,inner_train
1,2595,244261$_$13,244261,1,0,0,0,2.333333254,inner_train
1,2596,244261$_$12,244261,1,0,0,0,-0.6666666865,inner_train
1,2597,244261$_$15,244261,1,0,0,0,0,inner_train
1,2598,244261$_$14,244261,1,0,0,0,2.333333254,inner_train
1,2599,244261$_$17,244261,1,0,0,0,-1.333333373,inner_train
1,2600,244261$_$16,244261,1,0,0,0,0.3333333433,inner_train
1,2601,244261$_$19,244261,1,0,0,0,0,inner_train
1,2602,244261$_$18,244261,1,0,0,0,-0.3333333433,inner_train
1,2632,244817$_$1,244817,1,0,0,0,0,inner_train
1,2633,244817$_$0,244817,1,0,0,0,-0.6666666865,inner_train
1,2634,244817$_$3,244817,1,0,0,0,1.333333373,inner_train
1,2635,244817$_$2,244817,1,0,0,0,-2,inner_train
1,2636,244817$_$5,244817,1,0,0,0,-0.6666666865,inner_train
1,2637,244817$_$4,244817,1,0,0,0,-0.6666666865,inner_train
1,2638,244817$_$7,244817,1,0,0,0,-1.333333373,inner_train
1,2639,244817$_$6,244817,1,0,0,0,-1.666666627,inner_train
1,2640,244817$_$9,244817,1,0,0,0,-2,inner_train
1,2641,244817$_$8,244817,1,0,0,0,0,inner_train
1,2642,244829$_$10,244829,1,0,0,0,1.666666627,inner_train
1,2643,244829$_$1,244829,1,0,0,0,0.3333333433,inner_train
1,2644,244829$_$0,244829,1,0,0,0,1.333333373,inner_train
1,2645,244829$_$3,244829,1,0,0,0,1,inner_train
1,2646,244829$_$2,244829,1,0,0,0,-0.3333333433,inner_train
1,2647,244829$_$5,244829,1,0,0,0,-0.6666666865,inner_train
1,2648,244829$_$4,244829,1,0,0,0,-2,inner_train
1,2649,244829$_$7,244829,1,0,0,0,-1.333333373,inner_train
1,2650,244829$_$6,244829,1,0,0,0,-1.333333373,inner_train
1,2651,244829$_$9,244829,1,0,0,0,-1.333333373,inner_train
1,2652,244829$_$8,244829,1,0,0,0,-0.6666666865,inner_train
1,2653,244836$_$10,244836,1,0,0,0,-2,inner_train
1,2654,244836$_$1,244836,1,0,0,0,0.3333333433,inner_train
1,2655,244836$_$0,244836,1,0,0,0,0,inner_train
1,2656,244836$_$3,244836,1,0,0,0,-2,inner_train
1,2657,244836$_$2,244836,1,0,0,0,-1.333333373,inner_train
1,2658,244836$_$5,244836,1,0,0,0,1.666666627,inner_train
1,2659,244836$_$4,244836,1,0,0,0,-1.666666627,inner_train
1,2660,244836$_$7,244836,1,0,0,0,-2.333333254,inner_train
1,2661,244836$_$6,244836,1,0,0,0,0.6666666865,inner_train
1,2662,244836$_$9,244836,1,0,0,0,0.3333333433,inner_train
1,2663,244836$_$8,244836,1,0,0,0,-2,inner_train
1,2664,245243$_$1,245243,1,1,0,0,2.666666746,outer
1,2665,245243$_$0,245243,1,1,0,0,2,outer
1,2666,245243$_$3,245243,1,1,0,0,2,outer
1,2667,245243$_$2,245243,1,1,0,0,3,outer
1,2668,245243$_$4,245243,1,1,0,0,0.3333333433,outer
1,2669,245276$_$11,245276,1,1,0,0,-2,outer
1,2670,245276$_$10,245276,1,1,0,0,-2.333333254,outer
1,2671,245276$_$13,245276,1,1,0,0,0,outer
1,2672,245276$_$12,245276,1,1,0,0,-2,outer
1,2673,245276$_$15,245276,1,1,0,0,-2,outer
1,2674,245276$_$14,245276,1,1,0,0,-3,outer
1,2675,245276$_$16,245276,1,1,0,0,-2,outer
1,2676,245276$_$1,245276,1,1,0,0,0,outer
1,2677,245276$_$0,245276,1,1,0,0,-1.666666627,outer
1,2678,245276$_$3,245276,1,1,0,0,-2.666666746,outer
1,2679,245276$_$2,245276,1,1,0,0,-2.666666746,outer
1,2680,245276$_$5,245276,1,1,0,0,-2.333333254,outer
1,2681,245276$_$4,245276,1,1,0,0,-2.333333254,outer
1,2682,245276$_$7,245276,1,1,0,0,-2.666666746,outer
1,2683,245276$_$6,245276,1,1,0,0,1,outer
1,2684,245276$_$9,245276,1,1,0,0,-2.333333254,outer
1,2685,245276$_$8,245276,1,1,0,0,-2,outer
1,2693,245497$_$1,245497,1,0,1,0,-1.666666627,inner_valid
1,2694,245497$_$0,245497,1,0,1,0,0.3333333433,inner_valid
1,2695,245497$_$3,245497,1,0,1,0,-1,inner_valid
1,2696,245497$_$2,245497,1,0,1,0,-2,inner_valid
1,2697,245497$_$5,245497,1,0,1,0,-1,inner_valid
1,2698,245497$_$4,245497,1,0,1,0,-0.6666666865,inner_valid
1,2791,251646$_$11,251646,1,0,0,0,1,inner_train
1,2792,251646$_$10,251646,1,0,0,0,-2,inner_train
1,2793,251646$_$13,251646,1,0,0,0,1,inner_train
1,2794,251646$_$12,251646,1,0,0,0,-1,inner_train
1,2795,251646$_$1,251646,1,0,0,0,1,inner_train
1,2796,251646$_$0,251646,1,0,0,0,0.3333333433,inner_train
1,2797,251646$_$3,251646,1,0,0,0,0.3333333433,inner_train
1,2798,251646$_$2,251646,1,0,0,0,1,inner_train
1,2799,251646$_$5,251646,1,0,0,0,0.3333333433,inner_train
1,2800,251646$_$4,251646,1,0,0,0,0,inner_train
1,2801,251646$_$7,251646,1,0,0,0,0,inner_train
1,2802,251646$_$6,251646,1,0,0,0,0.6666666865,inner_train
1,2803,251646$_$9,251646,1,0,0,0,1,inner_train
1,2804,251646$_$8,251646,1,0,0,0,0,inner_train
1,2805,251826$_$1,251826,1,0,0,1,-3,inner_train
1,2806,251826$_$0,251826,1,0,0,1,1,inner_train
1,2807,251826$_$3,251826,1,0,0,1,0,inner_train
1,2808,251826$_$2,251826,1,0,0,1,0.3333333433,inner_train
1,2809,251826$_$5,251826,1,0,0,1,-1.666666627,inner_train
1,2810,251826$_$4,251826,1,0,0,1,0.3333333433,inner_train
1,2811,251826$_$7,251826,1,0,0,1,-3,inner_train
1,2812,251826$_$6,251826,1,0,0,1,-0.3333333433,inner_train
1,2813,251826$_$9,251826,1,0,0,1,-2.333333254,inner_train
1,2814,251826$_$8,251826,1,0,0,1,-3,inner_train
1,2873,25522$_$1,25522,1,0,0,0,-1,inner_valid
1,2874,25522$_$0,25522,1,0,0,0,0.3333333433,inner_valid
1,2875,25522$_$3,25522,1,0,0,0,-0.6666666865,inner_valid
1,2876,25522$_$2,25522,1,0,0,0,0,inner_valid
1,2877,25522$_$5,25522,1,0,0,0,-1.666666627,inner_valid
1,2878,25522$_$4,25522,1,0,0,0,-1,inner_valid
1,2879,255224$_$10,255224,1,1,0,0,-2,outer
1,2880,255224$_$1,255224,1,1,0,0,-0.3333333433,outer
1,2881,255224$_$0,255224,1,1,0,0,-2,outer
1,2882,255224$_$3,255224,1,1,0,0,-1,outer
1,2883,255224$_$2,255224,1,1,0,0,0,outer
1,2884,255224$_$5,255224,1,1,0,0,-1.666666627,outer
1,2885,255224$_$4,255224,1,1,0,0,-3,outer
1,2886,255224$_$7,255224,1,1,0,0,-2,outer
1,2887,255224$_$6,255224,1,1,0,0,-1.333333373,outer
1,2888,255224$_$9,255224,1,1,0,0,-1,outer
1,2889,255224$_$8,255224,1,1,0,0,-0.6666666865,outer
1,2918,255343$_$11,255343,1,0,0,0,-2,outer
1,2919,255343$_$10,255343,1,0,0,0,-2.333333254,outer
1,2920,255343$_$12,255343,1,0,0,0,-2,outer
1,2921,255343$_$1,255343,1,0,0,0,0,outer
1,2922,255343$_$0,255343,1,0,0,0,0,outer
1,2923,255343$_$3,255343,1,0,0,0,0,outer
1,2924,255343$_$2,255343,1,0,0,0,0,outer
1,2925,255343$_$5,255343,1,0,0,0,-1.666666627,outer
1,2926,255343$_$4,255343,1,0,0,0,-0.6666666865,outer
1,2927,255343$_$7,255343,1,0,0,0,-1.666666627,outer
1,2928,255343$_$6,255343,1,0,0,0,-0.3333333433,outer
1,2929,255343$_$9,255343,1,0,0,0,-0.3333333433,outer
1,2930,255343$_$8,255343,1,0,0,0,-2,outer
1,2931,255852$_$10,255852,1,0,0,0,0.3333333433,inner_train
1,2932,255852$_$1,255852,1,0,0,0,0.3333333433,inner_train
1,2933,255852$_$0,255852,1,0,0,0,-0.3333333433,inner_train
1,2934,255852$_$3,255852,1,0,0,0,-1,inner_train
1,2935,255852$_$2,255852,1,0,0,0,0,inner_train
1,2936,255852$_$5,255852,1,0,0,0,-0.6666666865,inner_train
1,2937,255852$_$4,255852,1,0,0,0,-2,inner_train
1,2938,255852$_$7,255852,1,0,0,0,-0.3333333433,inner_train
1,2939,255852$_$6,255852,1,0,0,0,-0.3333333433,inner_train
1,2940,255852$_$9,255852,1,0,0,0,0.6666666865,inner_train
1,2941,255852$_$8,255852,1,0,0,0,-1.666666627,inner_train
1,2942,256174$_$11,256174,1,0,0,0,0.3333333433,inner_valid
1,2943,256174$_$10,256174,1,0,0,0,-2,inner_valid
1,2944,256174$_$13,256174,1,0,0,0,0.6666666865,inner_valid
1,2945,256174$_$12,256174,1,0,0,0,-2,inner_valid
1,2946,256174$_$15,256174,1,0,0,0,0.3333333433,inner_valid
1,2947,256174$_$14,256174,1,0,0,0,-2.666666746,inner_valid
1,2948,256174$_$1,256174,1,0,0,0,0.3333333433,inner_valid
1,2949,256174$_$0,256174,1,0,0,0,0.3333333433,inner_valid
1,2950,256174$_$3,256174,1,0,0,0,-0.3333333433,inner_valid
1,2951,256174$_$2,256174,1,0,0,0,0.3333333433,inner_valid
1,2952,256174$_$5,256174,1,0,0,0,0.3333333433,inner_valid
1,2953,256174$_$4,256174,1,0,0,0,-1.333333373,inner_valid
1,2954,256174$_$7,256174,1,0,0,0,-2.333333254,inner_valid
1,2955,256174$_$6,256174,1,0,0,0,0,inner_valid
1,2956,256174$_$9,256174,1,0,0,0,-2,inner_valid
1,2957,256174$_$8,256174,1,0,0,0,0.3333333433,inner_valid
1,2995,257045$_$11,257045,1,1,0,0,-1,outer
1,2996,257045$_$10,257045,1,1,0,0,0.3333333433,outer
1,2997,257045$_$13,257045,1,1,0,0,-1.666666627,outer
1,2998,257045$_$12,257045,1,1,0,0,-1.666666627,outer
1,2999,257045$_$1,257045,1,1,0,0,0,outer
1,3000,257045$_$0,257045,1,1,0,0,0.3333333433,outer
1,3001,257045$_$3,257045,1,1,0,0,0.3333333433,outer
1,3002,257045$_$2,257045,1,1,0,0,1,outer
1,3003,257045$_$5,257045,1,1,0,0,-0.3333333433,outer
1,3004,257045$_$4,257045,1,1,0,0,0,outer
1,3005,257045$_$7,257045,1,1,0,0,-0.3333333433,outer
1,3006,257045$_$6,257045,1,1,0,0,-0.6666666865,outer
1,3007,257045$_$9,257045,1,1,0,0,1,outer
1,3008,257045$_$8,257045,1,1,0,0,0,outer
1,3009,257531$_$11,257531,1,0,0,0,-1.333333373,inner_train
1,3010,257531$_$10,257531,1,0,0,0,0.3333333433,inner_train
1,3011,257531$_$13,257531,1,0,0,0,-1.666666627,inner_train
1,3012,257531$_$12,257531,1,0,0,0,-1.333333373,inner_train
1,3013,257531$_$15,257531,1,0,0,0,0,inner_train
1,3014,257531$_$14,257531,1,0,0,0,-0.6666666865,inner_train
1,3015,257531$_$17,257531,1,0,0,0,-1.666666627,inner_train
1,3016,257531$_$16,257531,1,0,0,0,0,inner_train
1,3017,257531$_$18,257531,1,0,0,0,-1.666666627,inner_train
1,3018,257531$_$1,257531,1,0,0,0,0,inner_train
1,3019,257531$_$0,257531,1,0,0,0,0,inner_train
1,3020,257531$_$3,257531,1,0,0,0,-0.3333333433,inner_train
1,3021,257531$_$2,257531,1,0,0,0,0.6666666865,inner_train
1,3022,257531$_$5,257531,1,0,0,0,0,inner_train
1,3023,257531$_$4,257531,1,0,0,0,0,inner_train
1,3024,257531$_$7,257531,1,0,0,0,-0.6666666865,inner_train
1,3025,257531$_$6,257531,1,0,0,0,0,inner_train
1,3026,257531$_$9,257531,1,0,0,0,-0.6666666865,inner_train
1,3027,257531$_$8,257531,1,0,0,0,-1,inner_train
1,3044,259260$_$24,259260,1,1,0,0,0,inner_train
1,3045,259260$_$25,259260,1,1,0,0,1,inner_train
1,3046,259260$_$26,259260,1,1,0,0,0.6666666865,inner_train
1,3047,259260$_$27,259260,1,1,0,0,0.3333333433,inner_train
1,3048,259260$_$20,259260,1,1,0,0,-0.3333333433,inner_train
1,3049,259260$_$21,259260,1,1,0,0,-2,inner_train
1,3050,259260$_$22,259260,1,1,0,0,-1,inner_train
1,3051,259260$_$23,259260,1,1,0,0,-2.333333254,inner_train
1,3052,259260$_$28,259260,1,1,0,0,0,inner_train
1,3053,259260$_$29,259260,1,1,0,0,0,inner_train
1,3054,259260$_$1,259260,1,1,0,0,-0.6666666865,inner_train
1,3055,259260$_$0,259260,1,1,0,0,0.3333333433,inner_train
1,3056,259260$_$3,259260,1,1,0,0,-2,inner_train
1,3057,259260$_$2,259260,1,1,0,0,-1,inner_train
1,3058,259260$_$5,259260,1,1,0,0,-0.3333333433,inner_train
1,3059,259260$_$4,259260,1,1,0,0,-1.333333373,inner_train
1,3060,259260$_$7,259260,1,1,0,0,-1.666666627,inner_train
1,3061,259260$_$6,259260,1,1,0,0,-1,inner_train
1,3062,259260$_$9,259260,1,1,0,0,1,inner_train
1,3063,259260$_$8,259260,1,1,0,0,0.3333333433,inner_train
1,3064,259260$_$39,259260,1,1,0,0,-2,inner_train
1,3065,259260$_$38,259260,1,1,0,0,-0.6666666865,inner_train
1,3066,259260$_$11,259260,1,1,0,0,1.666666627,inner_train
1,3067,259260$_$10,259260,1,1,0,0,1.666666627,inner_train
1,3068,259260$_$13,259260,1,1,0,0,0,inner_train
1,3069,259260$_$12,259260,1,1,0,0,-1.333333373,inner_train
1,3070,259260$_$15,259260,1,1,0,0,0.6666666865,inner_train
1,3071,259260$_$14,259260,1,1,0,0,-0.6666666865,inner_train
1,3072,259260$_$17,259260,1,1,0,0,0,inner_train
1,3073,259260$_$16,259260,1,1,0,0,-2.333333254,inner_train
1,3074,259260$_$19,259260,1,1,0,0,-1.333333373,inner_train
1,3075,259260$_$18,259260,1,1,0,0,1.333333373,inner_train
1,3076,259260$_$31,259260,1,1,0,0,-1.333333373,inner_train
1,3077,259260$_$30,259260,1,1,0,0,-1.333333373,inner_train
1,3078,259260$_$37,259260,1,1,0,0,-0.6666666865,inner_train
1,3079,259260$_$36,259260,1,1,0,0,0.3333333433,inner_train
1,3080,259260$_$35,259260,1,1,0,0,-1,inner_train
1,3081,259260$_$34,259260,1,1,0,0,-0.6666666865,inner_train
1,3082,259260$_$33,259260,1,1,0,0,-0.3333333433,inner_train
1,3083,259260$_$32,259260,1,1,0,0,-2.333333254,inner_train
1,3084,25t8nrkUfRY$_$1,25t8nrkUfRY,1,0,0,0,0.3333333433,inner_train
1,3085,25t8nrkUfRY$_$0,25t8nrkUfRY,1,0,0,0,0.6666666865,inner_train
1,3127,261326$_$1,261326,1,1,0,0,-0.3333333433,inner_train
1,3128,261326$_$0,261326,1,1,0,0,0.3333333433,inner_train
1,3129,261326$_$3,261326,1,1,0,0,-1.333333373,inner_train
1,3130,261326$_$2,261326,1,1,0,0,-0.3333333433,inner_train
1,3131,261900$_$42,261900,1,0,0,0,-1,outer
1,3132,261900$_$43,261900,1,0,0,0,1.333333373,outer
1,3133,261900$_$24,261900,1,0,0,0,-1.666666627,outer
1,3134,261900$_$25,261900,1,0,0,0,-2.666666746,outer
1,3135,261900$_$26,261900,1,0,0,0,-1.666666627,outer
1,3136,261900$_$27,261900,1,0,0,0,-0.6666666865,outer
1,3137,261900$_$20,261900,1,0,0,0,-1,outer
1,3138,261900$_$21,261900,1,0,0,0,-1.666666627,outer
1,3139,261900$_$22,261900,1,0,0,0,-1,outer
1,3140,261900$_$23,261900,1,0,0,0,0,outer
1,3141,261900$_$44,261900,1,0,0,0,-1,outer
1,3142,261900$_$28,261900,1,0,0,0,-0.3333333433,outer
1,3143,261900$_$29,261900,1,0,0,0,-2,outer
1,3144,261900$_$40,261900,1,0,0,0,-1,outer
1,3145,261900$_$41,261900,1,0,0,0,-2.333333254,outer
1,3146,261900$_$1,261900,1,0,0,0,0,outer
1,3147,261900$_$0,261900,1,0,0,0,0,outer
1,3148,261900$_$3,261900,1,0,0,0,0,outer
1,3149,261900$_$2,261900,1,0,0,0,0,outer
1,3150,261900$_$5,261900,1,0,0,0,-1,outer
1,3151,261900$_$4,261900,1,0,0,0,0,outer
1,3152,261900$_$7,261900,1,0,0,0,0,outer
1,3153,261900$_$6,261900,1,0,0,0,0,outer
1,3154,261900$_$9,261900,1,0,0,0,0,outer
1,3155,261900$_$8,261900,1,0,0,0,0,outer
1,3156,261900$_$39,261900,1,0,0,0,0,outer
1,3157,261900$_$38,261900,1,0,0,0,-1.333333373,outer
1,3158,261900$_$11,261900,1,0,0,0,0,outer
1,3159,261900$_$10,261900,1,0,0,0,0,outer
1,3160,261900$_$13,261900,1,0,0,0,0,outer
1,3161,261900$_$12,261900,1,0,0,0,0.3333333433,outer
1,3162,261900$_$15,261900,1,0,0,0,0,outer
1,3163,261900$_$14,261900,1,0,0,0,0,outer
1,3164,261900$_$17,261900,1,0,0,0,0,outer
1,3165,261900$_$16,261900,1,0,0,0,0.3333333433,outer
1,3166,261900$_$19,261900,1,0,0,0,0,outer
1,3167,261900$_$18,261900,1,0,0,0,-0.3333333433,outer
1,3168,261900$_$31,261900,1,0,0,0,1.333333373,outer
1,3169,261900$_$30,261900,1,0,0,0,-1.666666627,outer
1,3170,261900$_$37,261900,1,0,0,0,1.666666627,outer
1,3171,261900$_$36,261900,1,0,0,0,-0.3333333433,outer
1,3172,261900$_$35,261900,1,0,0,0,-0.6666666865,outer
1,3173,261900$_$34,261900,1,0,0,0,0.3333333433,outer
1,3174,261900$_$33,261900,1,0,0,0,1.666666627,outer
1,3175,261900$_$32,261900,1,0,0,0,-0.3333333433,outer
1,3208,262165$_$24,262165,1,1,0,0,2.333333254,inner_train
1,3209,262165$_$25,262165,1,1,0,0,1.666666627,inner_train
1,3210,262165$_$26,262165,1,1,0,0,-2,inner_train
1,3211,262165$_$20,262165,1,1,0,0,-0.3333333433,inner_train
1,3212,262165$_$21,262165,1,1,0,0,-0.6666666865,inner_train
1,3213,262165$_$22,262165,1,1,0,0,-0.6666666865,inner_train
1,3214,262165$_$23,262165,1,1,0,0,-1,inner_train
1,3215,262165$_$1,262165,1,1,0,0,0,inner_train
1,3216,262165$_$0,262165,1,1,0,0,-0.3333333433,inner_train
1,3217,262165$_$3,262165,1,1,0,0,-2.666666746,inner_train
1,3218,262165$_$2,262165,1,1,0,0,0,inner_train
1,3219,262165$_$5,262165,1,1,0,0,-0.6666666865,inner_train
1,3220,262165$_$4,262165,1,1,0,0,-0.6666666865,inner_train
1,3221,262165$_$7,262165,1,1,0,0,0,inner_train
1,3222,262165$_$6,262165,1,1,0,0,-0.3333333433,inner_train
1,3223,262165$_$9,262165,1,1,0,0,0,inner_train
1,3224,262165$_$8,262165,1,1,0,0,-1.333333373,inner_train
1,3225,262165$_$11,262165,1,1,0,0,-2.333333254,inner_train
1,3226,262165$_$10,262165,1,1,0,0,0,inner_train
1,3227,262165$_$13,262165,1,1,0,0,-0.3333333433,inner_train
1,3228,262165$_$12,262165,1,1,0,0,-0.3333333433,inner_train
1,3229,262165$_$15,262165,1,1,0,0,0,inner_train
1,3230,262165$_$14,262165,1,1,0,0,-1,inner_train
1,3231,262165$_$17,262165,1,1,0,0,-2,inner_train
1,3232,262165$_$16,262165,1,1,0,0,-1,inner_train
1,3233,262165$_$19,262165,1,1,0,0,-0.3333333433,inner_train
1,3234,262165$_$18,262165,1,1,0,0,-2,inner_train
1,3272,264446$_$28,264446,1,0,0,0,-1.666666627,inner_train
1,3273,264446$_$29,264446,1,0,0,0,-1,inner_train
1,3274,264446$_$32,264446,1,0,0,0,-1,inner_train
1,3275,264446$_$23,264446,1,0,0,0,-0.3333333433,inner_train
1,3276,264446$_$24,264446,1,0,0,0,0.3333333433,inner_train
1,3277,264446$_$25,264446,1,0,0,0,0,inner_train
1,3278,264446$_$26,264446,1,0,0,0,-1.333333373,inner_train
1,3279,264446$_$27,264446,1,0,0,0,-1,inner_train
1,3280,264446$_$20,264446,1,0,0,0,-1,inner_train
1,3281,264446$_$21,264446,1,0,0,0,0.6666666865,inner_train
1,3282,264446$_$22,264446,1,0,0,0,0,inner_train
1,3283,264446$_$49,264446,1,0,0,0,-1.333333373,inner_train
1,3284,264446$_$46,264446,1,0,0,0,-1,inner_train
1,3285,264446$_$47,264446,1,0,0,0,-0.6666666865,inner_train
1,3286,264446$_$44,264446,1,0,0,0,-1,inner_train
1,3287,264446$_$45,264446,1,0,0,0,-0.6666666865,inner_train
1,3288,264446$_$42,264446,1,0,0,0,-1.333333373,inner_train
1,3289,264446$_$43,264446,1,0,0,0,-2,inner_train
1,3290,264446$_$40,264446,1,0,0,0,-0.3333333433,inner_train
1,3291,264446$_$41,264446,1,0,0,0,-1.333333373,inner_train
1,3292,264446$_$1,264446,1,0,0,0,-0.3333333433,inner_train
1,3293,264446$_$0,264446,1,0,0,0,0,inner_train
1,3294,264446$_$3,264446,1,0,0,0,0,inner_train
1,3295,264446$_$2,264446,1,0,0,0,0,inner_train
1,3296,264446$_$5,264446,1,0,0,0,0,inner_train
1,3297,264446$_$4,264446,1,0,0,0,-0.3333333433,inner_train
1,3298,264446$_$7,264446,1,0,0,0,0,inner_train
1,3299,264446$_$6,264446,1,0,0,0,0,inner_train
1,3300,264446$_$9,264446,1,0,0,0,-1,inner_train
1,3301,264446$_$8,264446,1,0,0,0,0,inner_train
1,3302,264446$_$39,264446,1,0,0,0,-1,inner_train
1,3303,264446$_$38,264446,1,0,0,0,0,inner_train
1,3304,264446$_$11,264446,1,0,0,0,0.3333333433,inner_train
1,3305,264446$_$10,264446,1,0,0,0,0,inner_train
1,3306,264446$_$13,264446,1,0,0,0,0,inner_train
1,3307,264446$_$12,264446,1,0,0,0,0.3333333433,inner_train
1,3308,264446$_$15,264446,1,0,0,0,0,inner_train
1,3309,264446$_$14,264446,1,0,0,0,0,inner_train
1,3310,264446$_$17,264446,1,0,0,0,0.3333333433,inner_train
1,3311,264446$_$16,264446,1,0,0,0,0.3333333433,inner_train
1,3312,264446$_$33,264446,1,0,0,0,-1.333333373,inner_train
1,3313,264446$_$18,264446,1,0,0,0,1,inner_train
1,3314,264446$_$31,264446,1,0,0,0,-0.6666666865,inner_train
1,3315,264446$_$30,264446,1,0,0,0,-1,inner_train
1,3316,264446$_$37,264446,1,0,0,0,-1.666666627,inner_train
1,3317,264446$_$36,264446,1,0,0,0,-1.333333373,inner_train
1,3318,264446$_$35,264446,1,0,0,0,-0.3333333433,inner_train
1,3319,264446$_$34,264446,1,0,0,0,-1.333333373,inner_train
1,3320,264446$_$19,264446,1,0,0,0,-1,inner_train
1,3321,264446$_$48,264446,1,0,0,0,-0.6666666865,inner_train
1,3456,266852$_$24,266852,1,1,0,0,-0.3333333433,inner_valid
1,3457,266852$_$25,266852,1,1,0,0,0.3333333433,inner_valid
1,3458,266852$_$26,266852,1,1,0,0,0,inner_valid
1,3459,266852$_$27,266852,1,1,0,0,-0.6666666865,inner_valid
1,3460,266852$_$20,266852,1,1,0,0,0,inner_valid
1,3461,266852$_$21,266852,1,1,0,0,0,inner_valid
1,3462,266852$_$22,266852,1,1,0,0,0,inner_valid
1,3463,266852$_$23,266852,1,1,0,0,-0.6666666865,inner_valid
1,3464,266852$_$1,266852,1,1,0,0,0,inner_valid
1,3465,266852$_$0,266852,1,1,0,0,0,inner_valid
1,3466,266852$_$3,266852,1,1,0,0,0,inner_valid
1,3467,266852$_$2,266852,1,1,0,0,0,inner_valid
1,3468,266852$_$5,266852,1,1,0,0,-0.3333333433,inner_valid
1,3469,266852$_$4,266852,1,1,0,0,0,inner_valid
1,3470,266852$_$7,266852,1,1,0,0,-0.3333333433,inner_valid
1,3471,266852$_$6,266852,1,1,0,0,0,inner_valid
1,3472,266852$_$9,266852,1,1,0,0,-1.333333373,inner_valid
1,3473,266852$_$8,266852,1,1,0,0,-0.6666666865,inner_valid
1,3474,266852$_$11,266852,1,1,0,0,0,inner_valid
1,3475,266852$_$10,266852,1,1,0,0,-1.666666627,inner_valid
1,3476,266852$_$13,266852,1,1,0,0,0,inner_valid
1,3477,266852$_$12,266852,1,1,0,0,-0.6666666865,inner_valid
1,3478,266852$_$15,266852,1,1,0,0,-0.3333333433,inner_valid
1,3479,266852$_$14,266852,1,1,0,0,0,inner_valid
1,3480,266852$_$17,266852,1,1,0,0,0.3333333433,inner_valid
1,3481,266852$_$16,266852,1,1,0,0,-0.6666666865,inner_valid
1,3482,266852$_$19,266852,1,1,0,0,-0.6666666865,inner_valid
1,3483,266852$_$18,266852,1,1,0,0,-1.333333373,inner_valid
1,3539,267252$_$11,267252,1,0,0,1,-1.333333373,inner_train
1,3540,267252$_$10,267252,1,0,0,1,-0.3333333433,inner_train
1,3541,267252$_$13,267252,1,0,0,1,0.3333333433,inner_train
1,3542,267252$_$12,267252,1,0,0,1,1.333333373,inner_train
1,3543,267252$_$15,267252,1,0,0,1,-0.6666666865,inner_train
1,3544,267252$_$14,267252,1,0,0,1,-1,inner_train
1,3545,267252$_$17,267252,1,0,0,1,-2,inner_train
1,3546,267252$_$16,267252,1,0,0,1,-1.666666627,inner_train
1,3547,267252$_$18,267252,1,0,0,1,-1.666666627,inner_train
1,3548,267252$_$1,267252,1,0,0,1,0.6666666865,inner_train
1,3549,267252$_$0,267252,1,0,0,1,0.3333333433,inner_train
1,3550,267252$_$3,267252,1,0,0,1,-0.3333333433,inner_train
1,3551,267252$_$2,267252,1,0,0,1,0,inner_train
1,3552,267252$_$5,267252,1,0,0,1,-0.3333333433,inner_train
1,3553,267252$_$4,267252,1,0,0,1,0.3333333433,inner_train
1,3554,267252$_$7,267252,1,0,0,1,0.3333333433,inner_train
1,3555,267252$_$6,267252,1,0,0,1,-0.3333333433,inner_train
1,3556,267252$_$9,267252,1,0,0,1,-1,inner_train
1,3557,267252$_$8,267252,1,0,0,1,-1.666666627,inner_train
1,3662,26WrTHLJJIU$_$0,26WrTHLJJIU,1,1,0,0,0.6666666865,inner_valid
1,3663,26WrTHLJJIU$_$2,26WrTHLJJIU,1,1,0,0,1.333333373,inner_valid
1,3735,270665$_$24,270665,1,0,0,0,-1.666666627,inner_train
1,3736,270665$_$25,270665,1,0,0,0,-2.333333254,inner_train
1,3737,270665$_$26,270665,1,0,0,0,0,inner_train
1,3738,270665$_$27,270665,1,0,0,0,-2,inner_train
1,3739,270665$_$20,270665,1,0,0,0,0,inner_train
1,3740,270665$_$21,270665,1,0,0,0,-1,inner_train
1,3741,270665$_$22,270665,1,0,0,0,-1,inner_train
1,3742,270665$_$23,270665,1,0,0,0,-2.666666746,inner_train
1,3743,270665$_$28,270665,1,0,0,0,-2.333333254,inner_train
1,3744,270665$_$29,270665,1,0,0,0,-2.666666746,inner_train
1,3745,270665$_$1,270665,1,0,0,0,-2.666666746,inner_train
1,3746,270665$_$0,270665,1,0,0,0,0,inner_train
1,3747,270665$_$3,270665,1,0,0,0,0.3333333433,inner_train
1,3748,270665$_$2,270665,1,0,0,0,0,inner_train
1,3749,270665$_$5,270665,1,0,0,0,0.3333333433,inner_train
1,3750,270665$_$4,270665,1,0,0,0,-1,inner_train
1,3751,270665$_$7,270665,1,0,0,0,0,inner_train
1,3752,270665$_$6,270665,1,0,0,0,-0.3333333433,inner_train
1,3753,270665$_$9,270665,1,0,0,0,-0.3333333433,inner_train
1,3754,270665$_$8,270665,1,0,0,0,-0.3333333433,inner_train
1,3755,270665$_$11,270665,1,0,0,0,0,inner_train
1,3756,270665$_$10,270665,1,0,0,0,0,inner_train
1,3757,270665$_$13,270665,1,0,0,0,-2,inner_train
1,3758,270665$_$12,270665,1,0,0,0,-1,inner_train
1,3759,270665$_$15,270665,1,0,0,0,-2.666666746,inner_train
1,3760,270665$_$14,270665,1,0,0,0,-1.666666627,inner_train
1,3761,270665$_$17,270665,1,0,0,0,-0.3333333433,inner_train
1,3762,270665$_$16,270665,1,0,0,0,-2.333333254,inner_train
1,3763,270665$_$33,270665,1,0,0,0,-2.666666746,inner_train
1,3764,270665$_$32,270665,1,0,0,0,-3,inner_train
1,3765,270665$_$31,270665,1,0,0,0,-2.666666746,inner_train
1,3766,270665$_$30,270665,1,0,0,0,-1.333333373,inner_train
1,3767,270665$_$19,270665,1,0,0,0,0,inner_train
1,3768,270665$_$18,270665,1,0,0,0,0,inner_train
1,3769,270956$_$11,270956,1,1,0,1,-2,inner_train
1,3770,270956$_$10,270956,1,1,0,1,-1,inner_train
1,3771,270956$_$13,270956,1,1,0,1,-0.3333333433,inner_train
1,3772,270956$_$12,270956,1,1,0,1,-1.333333373,inner_train
1,3773,270956$_$15,270956,1,1,0,1,-0.6666666865,inner_train
1,3774,270956$_$14,270956,1,1,0,1,-2.333333254,inner_train
1,3775,270956$_$17,270956,1,1,0,1,-0.6666666865,inner_train
1,3776,270956$_$16,270956,1,1,0,1,-1.666666627,inner_train
1,3777,270956$_$1,270956,1,1,0,1,0,inner_train
1,3778,270956$_$0,270956,1,1,0,1,0.3333333433,inner_train
1,3779,270956$_$3,270956,1,1,0,1,-2.666666746,inner_train
1,3780,270956$_$2,270956,1,1,0,1,0,inner_train
1,3781,270956$_$5,270956,1,1,0,1,-1.333333373,inner_train
1,3782,270956$_$4,270956,1,1,0,1,0.6666666865,inner_train
1,3783,270956$_$7,270956,1,1,0,1,-1.666666627,inner_train
1,3784,270956$_$6,270956,1,1,0,1,-1.666666627,inner_train
1,3785,270956$_$9,270956,1,1,0,1,-2,inner_train
1,3786,270956$_$8,270956,1,1,0,1,-2,inner_train
1,3787,271366$_$42,271366,1,0,0,0,-0.6666666865,inner_train
1,3788,271366$_$43,271366,1,0,0,0,-1.333333373,inner_train
1,3789,271366$_$24,271366,1,0,0,0,1,inner_train
1,3790,271366$_$25,271366,1,0,0,0,-2.666666746,inner_train
1,3791,271366$_$26,271366,1,0,0,0,-1.666666627,inner_train
1,3792,271366$_$27,271366,1,0,0,0,-2.666666746,inner_train
1,3793,271366$_$20,271366,1,0,0,0,-2.666666746,inner_train
1,3794,271366$_$21,271366,1,0,0,0,-1.666666627,inner_train
1,3795,271366$_$22,271366,1,0,0,0,-2,inner_train
1,3796,271366$_$23,271366,1,0,0,0,-2,inner_train
1,3797,271366$_$46,271366,1,0,0,0,-1,inner_train
1,3798,271366$_$44,271366,1,0,0,0,-1.666666627,inner_train
1,3799,271366$_$45,271366,1,0,0,0,-2,inner_train
1,3800,271366$_$28,271366,1,0,0,0,-2,inner_train
1,3801,271366$_$29,271366,1,0,0,0,1,inner_train
1,3802,271366$_$40,271366,1,0,0,0,-2,inner_train
1,3803,271366$_$41,271366,1,0,0,0,-2.666666746,inner_train
1,3804,271366$_$1,271366,1,0,0,0,-1.666666627,inner_train
1,3805,271366$_$0,271366,1,0,0,0,-0.3333333433,inner_train
1,3806,271366$_$3,271366,1,0,0,0,-3,inner_train
1,3807,271366$_$2,271366,1,0,0,0,-2,inner_train
1,3808,271366$_$5,271366,1,0,0,0,-1.666666627,inner_train
1,3809,271366$_$4,271366,1,0,0,0,-2,inner_train
1,3810,271366$_$7,271366,1,0,0,0,-2,inner_train
1,3811,271366$_$6,271366,1,0,0,0,-1.666666627,inner_train
1,3812,271366$_$9,271366,1,0,0,0,0,inner_train
1,3813,271366$_$8,271366,1,0,0,0,0,inner_train
1,3814,271366$_$39,271366,1,0,0,0,-2,inner_train
1,3815,271366$_$38,271366,1,0,0,0,1,inner_train
1,3816,271366$_$11,271366,1,0,0,0,-2,inner_train
1,3817,271366$_$10,271366,1,0,0,0,-1,inner_train
1,3818,271366$_$13,271366,1,0,0,0,-2,inner_train
1,3819,271366$_$12,271366,1,0,0,0,-1.666666627,inner_train
1,3820,271366$_$15,271366,1,0,0,0,-1,inner_train
1,3821,271366$_$14,271366,1,0,0,0,0,inner_train
1,3822,271366$_$17,271366,1,0,0,0,-2.666666746,inner_train
1,3823,271366$_$16,271366,1,0,0,0,-1.666666627,inner_train
1,3824,271366$_$19,271366,1,0,0,0,-1.333333373,inner_train
1,3825,271366$_$18,271366,1,0,0,0,-2.666666746,inner_train
1,3826,271366$_$31,271366,1,0,0,0,-1.333333373,inner_train
1,3827,271366$_$30,271366,1,0,0,0,0.6666666865,inner_train
1,3828,271366$_$37,271366,1,0,0,0,0.6666666865,inner_train
1,3829,271366$_$36,271366,1,0,0,0,0,inner_train
1,3830,271366$_$35,271366,1,0,0,0,-0.6666666865,inner_train
1,3831,271366$_$34,271366,1,0,0,0,-1,inner_train
1,3832,271366$_$33,271366,1,0,0,0,-2.666666746,inner_train
1,3833,271366$_$32,271366,1,0,0,0,-1.333333373,inner_train
1,3834,271594$_$24,271594,1,0,0,0,-0.6666666865,inner_train
1,3835,271594$_$25,271594,1,0,0,0,-2.666666746,inner_train
1,3836,271594$_$26,271594,1,0,0,0,-1.666666627,inner_train
1,3837,271594$_$27,271594,1,0,0,0,-2,inner_train
1,3838,271594$_$20,271594,1,0,0,0,-1,inner_train
1,3839,271594$_$21,271594,1,0,0,0,-1.666666627,inner_train
1,3840,271594$_$22,271594,1,0,0,0,-1.333333373,inner_train
1,3841,271594$_$23,271594,1,0,0,0,-0.3333333433,inner_train
1,3842,271594$_$28,271594,1,0,0,0,-0.6666666865,inner_train
1,3843,271594$_$29,271594,1,0,0,0,-2,inner_train
1,3844,271594$_$40,271594,1,0,0,0,-2.333333254,inner_train
1,3845,271594$_$41,271594,1,0,0,0,-0.6666666865,inner_train
1,3846,271594$_$1,271594,1,0,0,0,0,inner_train
1,3847,271594$_$0,271594,1,0,0,0,0.6666666865,inner_train
1,3848,271594$_$3,271594,1,0,0,0,0,inner_train
1,3849,271594$_$2,271594,1,0,0,0,0,inner_train
1,3850,271594$_$5,271594,1,0,0,0,-0.3333333433,inner_train
1,3851,271594$_$4,271594,1,0,0,0,0,inner_train
1,3852,271594$_$7,271594,1,0,0,0,0.6666666865,inner_train
1,3853,271594$_$6,271594,1,0,0,0,-2,inner_train
1,3854,271594$_$9,271594,1,0,0,0,-1.666666627,inner_train
1,3855,271594$_$8,271594,1,0,0,0,2,inner_train
1,3856,271594$_$39,271594,1,0,0,0,-2.333333254,inner_train
1,3857,271594$_$38,271594,1,0,0,0,-1.666666627,inner_train
1,3858,271594$_$11,271594,1,0,0,0,-2.666666746,inner_train
1,3859,271594$_$10,271594,1,0,0,0,-2,inner_train
1,3860,271594$_$13,271594,1,0,0,0,0,inner_train
1,3861,271594$_$12,271594,1,0,0,0,0,inner_train
1,3862,271594$_$15,271594,1,0,0,0,-0.3333333433,inner_train
1,3863,271594$_$14,271594,1,0,0,0,0,inner_train
1,3864,271594$_$17,271594,1,0,0,0,-2,inner_train
1,3865,271594$_$16,271594,1,0,0,0,-0.6666666865,inner_train
1,3866,271594$_$19,271594,1,0,0,0,0,inner_train
1,3867,271594$_$18,271594,1,0,0,0,-0.6666666865,inner_train
1,3868,271594$_$31,271594,1,0,0,0,-2,inner_train
1,3869,271594$_$30,271594,1,0,0,0,-2.666666746,inner_train
1,3870,271594$_$37,271594,1,0,0,0,-1.666666627,inner_train
1,3871,271594$_$36,271594,1,0,0,0,-3,inner_train
1,3872,271594$_$35,271594,1,0,0,0,-2.666666746,inner_train
1,3873,271594$_$34,271594,1,0,0,0,-3,inner_train
1,3874,271594$_$33,271594,1,0,0,0,-1.333333373,inner_train
1,3875,271594$_$32,271594,1,0,0,0,-2,inner_train
1,3876,271598$_$24,271598,1,1,0,0,-1,inner_train
1,3877,271598$_$25,271598,1,1,0,0,-0.6666666865,inner_train
1,3878,271598$_$26,271598,1,1,0,0,-2.666666746,inner_train
1,3879,271598$_$27,271598,1,1,0,0,-0.3333333433,inner_train
1,3880,271598$_$20,271598,1,1,0,0,-2,inner_train
1,3881,271598$_$21,271598,1,1,0,0,-1.333333373,inner_train
1,3882,271598$_$22,271598,1,1,0,0,-1.333333373,inner_train
1,3883,271598$_$23,271598,1,1,0,0,-2.333333254,inner_train
1,3884,271598$_$28,271598,1,1,0,0,-2,inner_train
1,3885,271598$_$29,271598,1,1,0,0,-1.666666627,inner_train
1,3886,271598$_$1,271598,1,1,0,0,0,inner_train
1,3887,271598$_$0,271598,1,1,0,0,0.3333333433,inner_train
1,3888,271598$_$3,271598,1,1,0,0,0,inner_train
1,3889,271598$_$2,271598,1,1,0,0,0,inner_train
1,3890,271598$_$5,271598,1,1,0,0,-0.6666666865,inner_train
1,3891,271598$_$4,271598,1,1,0,0,-0.6666666865,inner_train
1,3892,271598$_$7,271598,1,1,0,0,-0.3333333433,inner_train
1,3893,271598$_$6,271598,1,1,0,0,-0.3333333433,inner_train
1,3894,271598$_$9,271598,1,1,0,0,0,inner_train
1,3895,271598$_$8,271598,1,1,0,0,0,inner_train
1,3896,271598$_$11,271598,1,1,0,0,-0.6666666865,inner_train
1,3897,271598$_$10,271598,1,1,0,0,0,inner_train
1,3898,271598$_$13,271598,1,1,0,0,0,inner_train
1,3899,271598$_$12,271598,1,1,0,0,-2,inner_train
1,3900,271598$_$15,271598,1,1,0,0,0,inner_train
1,3901,271598$_$14,271598,1,1,0,0,-0.3333333433,inner_train
1,3902,271598$_$17,271598,1,1,0,0,-2,inner_train
1,3903,271598$_$16,271598,1,1,0,0,-0.3333333433,inner_train
1,3904,271598$_$19,271598,1,1,0,0,-3,inner_train
1,3905,271598$_$18,271598,1,1,0,0,-3,inner_train
1,3906,271598$_$31,271598,1,1,0,0,-2.333333254,inner_train
1,3907,271598$_$30,271598,1,1,0,0,-1,inner_train
1,3908,271598$_$34,271598,1,1,0,0,-0.3333333433,inner_train
1,3909,271598$_$33,271598,1,1,0,0,-2.333333254,inner_train
1,3910,271598$_$32,271598,1,1,0,0,-0.3333333433,inner_train
1,3984,273531$_$20,273531,1,1,0,0,-2.666666746,inner_train
1,3985,273531$_$21,273531,1,1,0,0,-1.666666627,inner_train
1,3986,273531$_$1,273531,1,1,0,0,-0.3333333433,inner_train
1,3987,273531$_$0,273531,1,1,0,0,0,inner_train
1,3988,273531$_$3,273531,1,1,0,0,-1.666666627,inner_train
1,3989,273531$_$2,273531,1,1,0,0,-0.6666666865,inner_train
1,3990,273531$_$5,273531,1,1,0,0,-0.3333333433,inner_train
1,3991,273531$_$4,273531,1,1,0,0,-0.3333333433,inner_train
1,3992,273531$_$7,273531,1,1,0,0,-0.3333333433,inner_train
1,3993,273531$_$6,273531,1,1,0,0,0,inner_train
1,3994,273531$_$9,273531,1,1,0,0,-0.3333333433,inner_train
1,3995,273531$_$8,273531,1,1,0,0,-0.3333333433,inner_train
1,3996,273531$_$11,273531,1,1,0,0,0,inner_train
1,3997,273531$_$10,273531,1,1,0,0,-2,inner_train
1,3998,273531$_$13,273531,1,1,0,0,-2,inner_train
1,3999,273531$_$12,273531,1,1,0,0,-1.666666627,inner_train
1,4000,273531$_$15,273531,1,1,0,0,-1.666666627,inner_train
1,4001,273531$_$14,273531,1,1,0,0,-2,inner_train
1,4002,273531$_$17,273531,1,1,0,0,-2,inner_train
1,4003,273531$_$16,273531,1,1,0,0,-1,inner_train
1,4004,273531$_$19,273531,1,1,0,0,-1.666666627,inner_train
1,4005,273531$_$18,273531,1,1,0,0,-1.666666627,inner_train
1,4018,275248$_$0,275248,1,1,0,0,-2,inner_train
1,4019,275620$_$24,275620,1,0,0,1,-1.333333373,inner_train
1,4020,275620$_$20,275620,1,0,0,1,-1.666666627,inner_train
1,4021,275620$_$21,275620,1,0,0,1,-0.6666666865,inner_train
1,4022,275620$_$22,275620,1,0,0,1,-0.3333333433,inner_train
1,4023,275620$_$23,275620,1,0,0,1,0.6666666865,inner_train
1,4024,275620$_$1,275620,1,0,0,1,-1.333333373,inner_train
1,4025,275620$_$0,275620,1,0,0,1,0.6666666865,inner_train
1,4026,275620$_$3,275620,1,0,0,1,2.666666746,inner_train
1,4027,275620$_$2,275620,1,0,0,1,-1,inner_train
1,4028,275620$_$5,275620,1,0,0,1,-2,inner_train
1,4029,275620$_$4,275620,1,0,0,1,1.666666627,inner_train
1,4030,275620$_$7,275620,1,0,0,1,-2.666666746,inner_train
1,4031,275620$_$6,275620,1,0,0,1,-1.666666627,inner_train
1,4032,275620$_$9,275620,1,0,0,1,-2.666666746,inner_train
1,4033,275620$_$8,275620,1,0,0,1,-2.333333254,inner_train
1,4034,275620$_$11,275620,1,0,0,1,0,inner_train
1,4035,275620$_$10,275620,1,0,0,1,-2.333333254,inner_train
1,4036,275620$_$13,275620,1,0,0,1,0.3333333433,inner_train
1,4037,275620$_$12,275620,1,0,0,1,-0.6666666865,inner_train
1,4038,275620$_$15,275620,1,0,0,1,0,inner_train
1,4039,275620$_$14,275620,1,0,0,1,0,inner_train
1,4040,275620$_$17,275620,1,0,0,1,-2.666666746,inner_train
1,4041,275620$_$16,275620,1,0,0,1,0.3333333433,inner_train
1,4042,275620$_$19,275620,1,0,0,1,0.6666666865,inner_train
1,4043,275620$_$18,275620,1,0,0,1,1.666666627,inner_train
1,4101,277991$_$1,277991,1,1,0,0,-1.333333373,inner_train
1,4102,277991$_$0,277991,1,1,0,0,0,inner_train
1,4103,277991$_$3,277991,1,1,0,0,0,inner_train
1,4104,277991$_$2,277991,1,1,0,0,0,inner_train
1,4105,277991$_$5,277991,1,1,0,0,-1.333333373,inner_train
1,4106,277991$_$4,277991,1,1,0,0,-1,inner_train
1,4107,277991$_$7,277991,1,1,0,0,-1.666666627,inner_train
1,4108,277991$_$6,277991,1,1,0,0,-1,inner_train
1,4119,27ubp7CLLKQ$_$12,27ubp7CLLKQ,1,1,0,0,1.666666627,outer
1,4120,27ubp7CLLKQ$_$20,27ubp7CLLKQ,1,1,0,0,3,outer
1,4121,27ubp7CLLKQ$_$14,27ubp7CLLKQ,1,1,0,0,0.3333333433,outer
1,4122,27ubp7CLLKQ$_$1,27ubp7CLLKQ,1,1,0,0,0,outer
1,4123,27ubp7CLLKQ$_$3,27ubp7CLLKQ,1,1,0,0,1.666666627,outer
1,4124,27ubp7CLLKQ$_$9,27ubp7CLLKQ,1,1,0,0,1.666666627,outer
1,4125,282560$_$11,282560,1,0,0,0,0.6666666865,inner_valid
1,4126,282560$_$10,282560,1,0,0,0,0.3333333433,inner_valid
1,4127,282560$_$13,282560,1,0,0,0,-1.666666627,inner_valid
1,4128,282560$_$12,282560,1,0,0,0,0.3333333433,inner_valid
1,4129,282560$_$15,282560,1,0,0,0,-0.6666666865,inner_valid
1,4130,282560$_$14,282560,1,0,0,0,-2,inner_valid
1,4131,282560$_$17,282560,1,0,0,0,-0.3333333433,inner_valid
1,4132,282560$_$16,282560,1,0,0,0,-1,inner_valid
1,4133,282560$_$19,282560,1,0,0,0,-1,inner_valid
1,4134,282560$_$18,282560,1,0,0,0,-1.333333373,inner_valid
1,4135,282560$_$1,282560,1,0,0,0,0,inner_valid
1,4136,282560$_$0,282560,1,0,0,0,0,inner_valid
1,4137,282560$_$3,282560,1,0,0,0,0.3333333433,inner_valid
1,4138,282560$_$2,282560,1,0,0,0,0,inner_valid
1,4139,282560$_$5,282560,1,0,0,0,-1.333333373,inner_valid
1,4140,282560$_$4,282560,1,0,0,0,0.6666666865,inner_valid
1,4141,282560$_$7,282560,1,0,0,0,1.666666627,inner_valid
1,4142,282560$_$6,282560,1,0,0,0,-1,inner_valid
1,4143,282560$_$9,282560,1,0,0,0,-1.666666627,inner_valid
1,4144,282560$_$8,282560,1,0,0,0,-1.333333373,inner_valid
1,4145,282586$_$24,282586,1,1,1,0,-1.333333373,outer
1,4146,282586$_$25,282586,1,1,1,0,0.3333333433,outer
1,4147,282586$_$26,282586,1,1,1,0,-1.333333373,outer
1,4148,282586$_$27,282586,1,1,1,0,-0.6666666865,outer
1,4149,282586$_$20,282586,1,1,1,0,-0.6666666865,outer
1,4150,282586$_$21,282586,1,1,1,0,-2,outer
1,4151,282586$_$22,282586,1,1,1,0,-1.666666627,outer
1,4152,282586$_$23,282586,1,1,1,0,-0.6666666865,outer
1,4153,282586$_$28,282586,1,1,1,0,-1,outer
1,4154,282586$_$1,282586,1,1,1,0,0.3333333433,outer
1,4155,282586$_$0,282586,1,1,1,0,0,outer
1,4156,282586$_$3,282586,1,1,1,0,0,outer
1,4157,282586$_$2,282586,1,1,1,0,0,outer
1,4158,282586$_$5,282586,1,1,1,0,-1.666666627,outer
1,4159,282586$_$4,282586,1,1,1,0,-1.666666627,outer
1,4160,282586$_$7,282586,1,1,1,0,0,outer
1,4161,282586$_$6,282586,1,1,1,0,0,outer
1,4162,282586$_$9,282586,1,1,1,0,-1.666666627,outer
1,4163,282586$_$8,282586,1,1,1,0,-2.333333254,outer
1,4164,282586$_$11,282586,1,1,1,0,-1,outer
1,4165,282586$_$10,282586,1,1,1,0,-0.3333333433,outer
1,4166,282586$_$13,282586,1,1,1,0,0,outer
1,4167,282586$_$12,282586,1,1,1,0,0,outer
1,4168,282586$_$15,282586,1,1,1,0,-0.3333333433,outer
1,4169,282586$_$14,282586,1,1,1,0,0,outer
1,4170,282586$_$17,282586,1,1,1,0,0,outer
1,4171,282586$_$16,282586,1,1,1,0,-0.3333333433,outer
1,4172,282586$_$19,282586,1,1,1,0,-1.666666627,outer
1,4173,282586$_$18,282586,1,1,1,0,-1.666666627,outer
1,4182,284673$_$11,284673,1,0,0,0,-1.666666627,inner_train
1,4183,284673$_$10,284673,1,0,0,0,-1.666666627,inner_train
1,4184,284673$_$13,284673,1,0,0,0,-0.6666666865,inner_train
1,4185,284673$_$12,284673,1,0,0,0,-0.6666666865,inner_train
1,4186,284673$_$15,284673,1,0,0,0,-0.6666666865,inner_train
1,4187,284673$_$14,284673,1,0,0,0,0,inner_train
1,4188,284673$_$17,284673,1,0,0,0,-2.333333254,inner_train
1,4189,284673$_$16,284673,1,0,0,0,-0.6666666865,inner_train
1,4190,284673$_$18,284673,1,0,0,0,-1,inner_train
1,4191,284673$_$1,284673,1,0,0,0,0.3333333433,inner_train
1,4192,284673$_$0,284673,1,0,0,0,0,inner_train
1,4193,284673$_$3,284673,1,0,0,0,0,inner_train
1,4194,284673$_$2,284673,1,0,0,0,-2,inner_train
1,4195,284673$_$5,284673,1,0,0,0,0,inner_train
1,4196,284673$_$4,284673,1,0,0,0,-0.3333333433,inner_train
1,4197,284673$_$7,284673,1,0,0,0,-1,inner_train
1,4198,284673$_$6,284673,1,0,0,0,-2,inner_train
1,4199,284673$_$9,284673,1,0,0,0,-1.333333373,inner_train
1,4200,284673$_$8,284673,1,0,0,0,-1.333333373,inner_train
1,4221,288766$_$20,288766,1,1,0,0,-2,inner_train
1,4222,288766$_$21,288766,1,1,0,0,-1,inner_train
1,4223,288766$_$22,288766,1,1,0,0,0.6666666865,inner_train
1,4224,288766$_$23,288766,1,1,0,0,0.3333333433,inner_train
1,4225,288766$_$1,288766,1,1,0,0,0.3333333433,inner_train
1,4226,288766$_$0,288766,1,1,0,0,0.3333333433,inner_train
1,4227,288766$_$3,288766,1,1,0,0,0,inner_train
1,4228,288766$_$2,288766,1,1,0,0,0,inner_train
1,4229,288766$_$5,288766,1,1,0,0,0,inner_train
1,4230,288766$_$4,288766,1,1,0,0,-1.333333373,inner_train
1,4231,288766$_$7,288766,1,1,0,0,-1.666666627,inner_train
1,4232,288766$_$6,288766,1,1,0,0,-1.333333373,inner_train
1,4233,288766$_$9,288766,1,1,0,0,0.6666666865,inner_train
1,4234,288766$_$8,288766,1,1,0,0,-1,inner_train
1,4235,288766$_$11,288766,1,1,0,0,0,inner_train
1,4236,288766$_$10,288766,1,1,0,0,0.3333333433,inner_train
1,4237,288766$_$13,288766,1,1,0,0,1.333333373,inner_train
1,4238,288766$_$12,288766,1,1,0,0,-0.3333333433,inner_train
1,4239,288766$_$15,288766,1,1,0,0,-1.333333373,inner_train
1,4240,288766$_$14,288766,1,1,0,0,0.6666666865,inner_train
1,4241,288766$_$17,288766,1,1,0,0,-0.3333333433,inner_train
1,4242,288766$_$16,288766,1,1,0,0,1.333333373,inner_train
1,4243,288766$_$19,288766,1,1,0,0,0.6666666865,inner_train
1,4244,288766$_$18,288766,1,1,0,0,-0.6666666865,inner_train
1,4245,290088$_$11,290088,1,0,0,0,-2.666666746,inner_train
1,4246,290088$_$10,290088,1,0,0,0,1,inner_train
1,4247,290088$_$12,290088,1,0,0,0,-1.666666627,inner_train
1,4248,290088$_$1,290088,1,0,0,0,0,inner_train
1,4249,290088$_$0,290088,1,0,0,0,0.3333333433,inner_train
1,4250,290088$_$3,290088,1,0,0,0,-0.3333333433,inner_train
1,4251,290088$_$2,290088,1,0,0,0,0,inner_train
1,4252,290088$_$5,290088,1,0,0,0,-1.333333373,inner_train
1,4253,290088$_$4,290088,1,0,0,0,-1.666666627,inner_train
1,4254,290088$_$7,290088,1,0,0,0,0.3333333433,inner_train
1,4255,290088$_$6,290088,1,0,0,0,-1,inner_train
1,4256,290088$_$9,290088,1,0,0,0,-0.6666666865,inner_train
1,4257,290088$_$8,290088,1,0,0,0,-2,inner_train
1,4258,29044$_$11,29044,1,0,0,0,0,inner_valid
1,4259,29044$_$10,29044,1,0,0,0,-2,inner_valid
1,4260,29044$_$13,29044,1,0,0,0,-1.666666627,inner_valid
1,4261,29044$_$12,29044,1,0,0,0,0.3333333433,inner_valid
1,4262,29044$_$15,29044,1,0,0,0,0.3333333433,inner_valid
1,4263,29044$_$14,29044,1,0,0,0,-1,inner_valid
1,4264,29044$_$1,29044,1,0,0,0,-1.666666627,inner_valid
1,4265,29044$_$0,29044,1,0,0,0,1,inner_valid
1,4266,29044$_$3,29044,1,0,0,0,0.3333333433,inner_valid
1,4267,29044$_$2,29044,1,0,0,0,-0.3333333433,inner_valid
1,4268,29044$_$5,29044,1,0,0,0,-2,inner_valid
1,4269,29044$_$4,29044,1,0,0,0,-1.333333373,inner_valid
1,4270,29044$_$7,29044,1,0,0,0,-2,inner_valid
1,4271,29044$_$6,29044,1,0,0,0,0.3333333433,inner_valid
1,4272,29044$_$9,29044,1,0,0,0,-1.333333373,inner_valid
1,4273,29044$_$8,29044,1,0,0,0,-2.333333254,inner_valid
1,4287,292277$_$10,292277,1,0,0,0,-2.333333254,inner_train
1,4288,292277$_$1,292277,1,0,0,0,0,inner_train
1,4289,292277$_$0,292277,1,0,0,0,0.3333333433,inner_train
1,4290,292277$_$3,292277,1,0,0,0,-1.333333373,inner_train
1,4291,292277$_$2,292277,1,0,0,0,-2.333333254,inner_train
1,4292,292277$_$5,292277,1,0,0,0,-0.3333333433,inner_train
1,4293,292277$_$4,292277,1,0,0,0,0,inner_train
1,4294,292277$_$7,292277,1,0,0,0,0,inner_train
1,4295,292277$_$6,292277,1,0,0,0,-1.333333373,inner_train
1,4296,292277$_$9,292277,1,0,0,0,-1.333333373,inner_train
1,4297,292277$_$8,292277,1,0,0,0,-1.333333373,inner_train
1,4318,295793$_$11,295793,1,0,0,0,-1,outer
1,4319,295793$_$10,295793,1,0,0,0,1,outer
1,4320,295793$_$13,295793,1,0,0,0,-0.6666666865,outer
1,4321,295793$_$12,295793,1,0,0,0,-1,outer
1,4322,295793$_$15,295793,1,0,0,0,-2.333333254,outer
1,4323,295793$_$14,295793,1,0,0,0,-1.666666627,outer
1,4324,295793$_$17,295793,1,0,0,0,0,outer
1,4325,295793$_$16,295793,1,0,0,0,0.6666666865,outer
1,4326,295793$_$1,295793,1,0,0,0,-0.6666666865,outer
1,4327,295793$_$0,295793,1,0,0,0,0,outer
1,4328,295793$_$3,295793,1,0,0,0,0,outer
1,4329,295793$_$2,295793,1,0,0,0,-1.333333373,outer
1,4330,295793$_$5,295793,1,0,0,0,0,outer
1,4331,295793$_$4,295793,1,0,0,0,-0.3333333433,outer
1,4332,295793$_$7,295793,1,0,0,0,0,outer
1,4333,295793$_$6,295793,1,0,0,0,-1,outer
1,4334,295793$_$9,295793,1,0,0,0,-2.666666746,outer
1,4335,295793$_$8,295793,1,0,0,0,1,outer
1,4401,2HmBM3GGTlg$_$11,2HmBM3GGTlg,1,0,0,0,0,inner_train
1,4402,2HmBM3GGTlg$_$10,2HmBM3GGTlg,1,0,0,0,-1,inner_train
1,4403,2HmBM3GGTlg$_$0,2HmBM3GGTlg,1,0,0,0,0.3333333433,inner_train
1,4404,2HmBM3GGTlg$_$3,2HmBM3GGTlg,1,0,0,0,0.6666666865,inner_train
1,4405,2HmBM3GGTlg$_$2,2HmBM3GGTlg,1,0,0,0,0.6666666865,inner_train
1,4406,2HmBM3GGTlg$_$5,2HmBM3GGTlg,1,0,0,0,2,inner_train
1,4407,2HmBM3GGTlg$_$4,2HmBM3GGTlg,1,0,0,0,0.3333333433,inner_train
1,4408,2HmBM3GGTlg$_$7,2HmBM3GGTlg,1,0,0,0,1,inner_train
1,4409,2HmBM3GGTlg$_$6,2HmBM3GGTlg,1,0,0,0,0.6666666865,inner_train
1,4410,2HmBM3GGTlg$_$9,2HmBM3GGTlg,1,0,0,0,2.333333254,inner_train
1,4411,2HmBM3GGTlg$_$8,2HmBM3GGTlg,1,0,0,0,2,inner_train
1,4430,2OLVF-KEaZU$_$13,2OLVF-KEaZU,1,1,0,0,0.6666666865,inner_train
1,4431,2OLVF-KEaZU$_$4,2OLVF-KEaZU,1,1,0,0,0.6666666865,inner_train
1,4432,2OLVF-KEaZU$_$6,2OLVF-KEaZU,1,1,0,0,-0.3333333433,inner_train
1,4434,2QOf2wSu0j0$_$5,2QOf2wSu0j0,1,1,0,0,1,inner_valid
1,4435,2QOf2wSu0j0$_$4,2QOf2wSu0j0,1,1,0,0,1,inner_valid
1,4467,2c2fhh_Dsoo$_$0,2c2fhh_Dsoo,1,0,1,0,0.3333333433,inner_train
1,4468,2c2fhh_Dsoo$_$2,2c2fhh_Dsoo,1,0,1,0,0.3333333433,inner_train
1,4469,2c2fhh_Dsoo$_$4,2c2fhh_Dsoo,1,0,1,0,-1,inner_train
1,4470,2c2fhh_Dsoo$_$6,2c2fhh_Dsoo,1,0,1,0,0.3333333433,inner_train
1,4471,2c6Gb73nx4E$_$11,2c6Gb73nx4E,1,1,0,1,0,inner_train
1,4472,2c6Gb73nx4E$_$2,2c6Gb73nx4E,1,1,0,1,0,inner_train
1,4473,2c6Gb73nx4E$_$6,2c6Gb73nx4E,1,1,0,1,0,inner_train
1,4485,2f6ZHqJ76EU$_$11,2f6ZHqJ76EU,1,0,0,0,0,inner_train
1,4486,2f6ZHqJ76EU$_$0,2f6ZHqJ76EU,1,0,0,0,-2,inner_train
1,4487,2f6ZHqJ76EU$_$3,2f6ZHqJ76EU,1,0,0,0,2,inner_train
1,4488,2f6ZHqJ76EU$_$2,2f6ZHqJ76EU,1,0,0,0,-2,inner_train
1,4489,2f6ZHqJ76EU$_$5,2f6ZHqJ76EU,1,0,0,0,1.666666627,inner_train
1,4490,2f6ZHqJ76EU$_$4,2f6ZHqJ76EU,1,0,0,0,0.6666666865,inner_train
1,4491,2f6ZHqJ76EU$_$9,2f6ZHqJ76EU,1,0,0,0,1.666666627,inner_train
1,4492,2f6ZHqJ76EU$_$8,2f6ZHqJ76EU,1,0,0,0,0.6666666865,inner_train
1,4493,2h9VVQUZjK0$_$11,2h9VVQUZjK0,1,0,0,0,0,inner_train
1,4494,2h9VVQUZjK0$_$10,2h9VVQUZjK0,1,0,0,0,1,inner_train
1,4495,2h9VVQUZjK0$_$12,2h9VVQUZjK0,1,0,0,0,0,inner_train
1,4496,2h9VVQUZjK0$_$1,2h9VVQUZjK0,1,0,0,0,0.3333333433,inner_train
1,4497,2h9VVQUZjK0$_$0,2h9VVQUZjK0,1,0,0,0,0.3333333433,inner_train
1,4498,2h9VVQUZjK0$_$3,2h9VVQUZjK0,1,0,0,0,0,inner_train
1,4499,2h9VVQUZjK0$_$2,2h9VVQUZjK0,1,0,0,0,0.3333333433,inner_train
1,4500,2h9VVQUZjK0$_$5,2h9VVQUZjK0,1,0,0,0,0.3333333433,inner_train
1,4501,2h9VVQUZjK0$_$4,2h9VVQUZjK0,1,0,0,0,0.3333333433,inner_train
1,4502,2h9VVQUZjK0$_$7,2h9VVQUZjK0,1,0,0,0,0,inner_train
1,4503,2h9VVQUZjK0$_$6,2h9VVQUZjK0,1,0,0,0,0.3333333433,inner_train
1,4504,2h9VVQUZjK0$_$9,2h9VVQUZjK0,1,0,0,0,1.333333373,inner_train
1,4505,2h9VVQUZjK0$_$8,2h9VVQUZjK0,1,0,0,0,0,inner_train
1,4506,2iukwQJjGHE$_$1,2iukwQJjGHE,1,0,0,0,0,inner_train
1,4507,2lj0BaPsJpM$_$0,2lj0BaPsJpM,1,1,0,0,0,inner_train
1,4508,2lj0BaPsJpM$_$4,2lj0BaPsJpM,1,1,0,0,0.3333333433,inner_train
1,4509,2lj0BaPsJpM$_$7,2lj0BaPsJpM,1,1,0,0,0,inner_train
1,4510,2lj0BaPsJpM$_$6,2lj0BaPsJpM,1,1,0,0,-2,inner_train
1,4511,2mWPHvbKzL8$_$11,2mWPHvbKzL8,1,0,0,0,0,inner_train
1,4512,2mWPHvbKzL8$_$10,2mWPHvbKzL8,1,0,0,0,1.333333373,inner_train
1,4513,2mWPHvbKzL8$_$13,2mWPHvbKzL8,1,0,0,0,0.6666666865,inner_train
1,4514,2mWPHvbKzL8$_$12,2mWPHvbKzL8,1,0,0,0,0.3333333433,inner_train
1,4515,2mWPHvbKzL8$_$15,2mWPHvbKzL8,1,0,0,0,0.6666666865,inner_train
1,4516,2mWPHvbKzL8$_$14,2mWPHvbKzL8,1,0,0,0,0.3333333433,inner_train
1,4517,2mWPHvbKzL8$_$17,2mWPHvbKzL8,1,0,0,0,1.333333373,inner_train
1,4518,2mWPHvbKzL8$_$19,2mWPHvbKzL8,1,0,0,0,1.333333373,inner_train
1,4519,2mWPHvbKzL8$_$0,2mWPHvbKzL8,1,0,0,0,0,inner_train
1,4520,2mWPHvbKzL8$_$3,2mWPHvbKzL8,1,0,0,0,0.3333333433,inner_train
1,4521,2mWPHvbKzL8$_$2,2mWPHvbKzL8,1,0,0,0,0,inner_train
1,4522,2mWPHvbKzL8$_$4,2mWPHvbKzL8,1,0,0,0,0.3333333433,inner_train
1,4523,2mWPHvbKzL8$_$6,2mWPHvbKzL8,1,0,0,0,2,inner_train
1,4524,2mWPHvbKzL8$_$20,2mWPHvbKzL8,1,0,0,0,2.666666746,inner_train
1,4525,2mWPHvbKzL8$_$8,2mWPHvbKzL8,1,0,0,0,0,inner_train
1,4526,2qKajMu7Vhc$_$1,2qKajMu7Vhc,1,0,0,0,0.3333333433,outer
1,4527,2qKajMu7Vhc$_$0,2qKajMu7Vhc,1,0,0,0,1.666666627,outer
1,4528,2qKajMu7Vhc$_$3,2qKajMu7Vhc,1,0,0,0,0.6666666865,outer
1,4529,2qKajMu7Vhc$_$2,2qKajMu7Vhc,1,0,0,0,2.333333254,outer
1,4530,2qKajMu7Vhc$_$4,2qKajMu7Vhc,1,0,0,0,1.333333373,outer
1,4531,2vX-ZRQQDwo$_$1,2vX-ZRQQDwo,1,1,0,0,1.333333373,inner_train
1,4532,2vX-ZRQQDwo$_$0,2vX-ZRQQDwo,1,1,0,0,0,inner_train
1,4533,2vX-ZRQQDwo$_$3,2vX-ZRQQDwo,1,1,0,0,1.666666627,inner_train
1,4534,2vX-ZRQQDwo$_$2,2vX-ZRQQDwo,1,1,0,0,0,inner_train
1,4535,2vX-ZRQQDwo$_$5,2vX-ZRQQDwo,1,1,0,0,0.3333333433,inner_train
1,4536,2vX-ZRQQDwo$_$4,2vX-ZRQQDwo,1,1,0,0,0.3333333433,inner_train
1,4537,2vX-ZRQQDwo$_$8,2vX-ZRQQDwo,1,1,0,0,0,inner_train
1,4604,32j1yMF37hA$_$1,32j1yMF37hA,1,0,0,0,0.3333333433,inner_train
1,4605,32j1yMF37hA$_$3,32j1yMF37hA,1,0,0,0,-0.3333333433,inner_train
1,4606,32j1yMF37hA$_$2,32j1yMF37hA,1,0,0,0,-0.3333333433,inner_train
1,4641,34-ogj6rh6w$_$1,34-ogj6rh6w,1,1,0,0,1.333333373,inner_train
1,4642,34-ogj6rh6w$_$0,34-ogj6rh6w,1,1,0,0,0.6666666865,inner_train
1,4643,34-ogj6rh6w$_$3,34-ogj6rh6w,1,1,0,0,0,inner_train
1,4644,34-ogj6rh6w$_$2,34-ogj6rh6w,1,1,0,0,0,inner_train
1,4645,34-ogj6rh6w$_$5,34-ogj6rh6w,1,1,0,0,0,inner_train
1,4646,34-ogj6rh6w$_$4,34-ogj6rh6w,1,1,0,0,0.6666666865,inner_train
1,4647,34-ogj6rh6w$_$7,34-ogj6rh6w,1,1,0,0,0.6666666865,inner_train
1,4648,34-ogj6rh6w$_$6,34-ogj6rh6w,1,1,0,0,0,inner_train
1,4649,34-ogj6rh6w$_$8,34-ogj6rh6w,1,1,0,0,0,inner_train
1,4671,36098$_$10,36098,1,1,0,0,-2,inner_train
1,4672,36098$_$1,36098,1,1,0,0,0,inner_train
1,4673,36098$_$0,36098,1,1,0,0,-0.6666666865,inner_train
1,4674,36098$_$3,36098,1,1,0,0,-2.333333254,inner_train
1,4675,36098$_$2,36098,1,1,0,0,0,inner_train
1,4676,36098$_$5,36098,1,1,0,0,-0.6666666865,inner_train
1,4677,36098$_$4,36098,1,1,0,0,-1.333333373,inner_train
1,4678,36098$_$7,36098,1,1,0,0,-2.333333254,inner_train
1,4679,36098$_$6,36098,1,1,0,0,-1.333333373,inner_train
1,4680,36098$_$9,36098,1,1,0,0,-2.333333254,inner_train
1,4681,36098$_$8,36098,1,1,0,0,0.6666666865,inner_train
1,4716,36o2cux9kfQ$_$0,36o2cux9kfQ,1,0,0,1,0,inner_train
1,4717,36o2cux9kfQ$_$13,36o2cux9kfQ,1,0,0,1,0.3333333433,inner_train
1,4739,38019$_$11,38019,1,0,0,0,1.666666627,inner_train
1,4740,38019$_$10,38019,1,0,0,0,0.3333333433,inner_train
1,4741,38019$_$1,38019,1,0,0,0,-2,inner_train
1,4742,38019$_$0,38019,1,0,0,0,-1.333333373,inner_train
1,4743,38019$_$3,38019,1,0,0,0,-2,inner_train
1,4744,38019$_$2,38019,1,0,0,0,-1.666666627,inner_train
1,4745,38019$_$5,38019,1,0,0,0,0.3333333433,inner_train
1,4746,38019$_$4,38019,1,0,0,0,-1,inner_train
1,4747,38019$_$7,38019,1,0,0,0,0,inner_train
1,4748,38019$_$6,38019,1,0,0,0,0,inner_train
1,4749,38019$_$9,38019,1,0,0,0,0.3333333433,inner_train
1,4750,38019$_$8,38019,1,0,0,0,-1.666666627,inner_train
1,4751,38374$_$1,38374,1,1,0,0,0,inner_valid
1,4752,38374$_$0,38374,1,1,0,0,0.3333333433,inner_valid
1,4753,38374$_$3,38374,1,1,0,0,0,inner_valid
1,4754,38374$_$2,38374,1,1,0,0,0,inner_valid
1,4755,38374$_$5,38374,1,1,0,0,0,inner_valid
1,4756,38374$_$4,38374,1,1,0,0,0.6666666865,inner_valid
1,4757,38374$_$7,38374,1,1,0,0,-2,inner_valid
1,4758,38374$_$6,38374,1,1,0,0,1.333333373,inner_valid
1,4759,38374$_$9,38374,1,1,0,0,0,inner_valid
1,4760,38374$_$8,38374,1,1,0,0,-2,inner_valid
1,4806,3B1zIUj-k3o$_$10,3B1zIUj-k3o,1,0,0,0,-0.3333333433,inner_train
1,4807,3B1zIUj-k3o$_$1,3B1zIUj-k3o,1,0,0,0,0,inner_train
1,4808,3B1zIUj-k3o$_$0,3B1zIUj-k3o,1,0,0,0,-1.333333373,inner_train
1,4809,3B1zIUj-k3o$_$3,3B1zIUj-k3o,1,0,0,0,0.3333333433,inner_train
1,4810,3B1zIUj-k3o$_$2,3B1zIUj-k3o,1,0,0,0,0,inner_train
1,4811,3B1zIUj-k3o$_$4,3B1zIUj-k3o,1,0,0,0,-2,inner_train
1,4812,3B1zIUj-k3o$_$7,3B1zIUj-k3o,1,0,0,0,-1.666666627,inner_train
1,4825,3DgOMTs3A1E$_$24,3DgOMTs3A1E,1,1,0,0,0,inner_train
1,4826,3DgOMTs3A1E$_$25,3DgOMTs3A1E,1,1,0,0,0.3333333433,inner_train
1,4827,3DgOMTs3A1E$_$26,3DgOMTs3A1E,1,1,0,0,0.3333333433,inner_train
1,4828,3DgOMTs3A1E$_$27,3DgOMTs3A1E,1,1,0,0,0.6666666865,inner_train
1,4829,3DgOMTs3A1E$_$20,3DgOMTs3A1E,1,1,0,0,0.3333333433,inner_train
1,4830,3DgOMTs3A1E$_$21,3DgOMTs3A1E,1,1,0,0,0.3333333433,inner_train
1,4831,3DgOMTs3A1E$_$22,3DgOMTs3A1E,1,1,0,0,0.6666666865,inner_train
1,4832,3DgOMTs3A1E$_$23,3DgOMTs3A1E,1,1,0,0,0.3333333433,inner_train
1,4833,3DgOMTs3A1E$_$28,3DgOMTs3A1E,1,1,0,0,0.3333333433,inner_train
1,4834,3DgOMTs3A1E$_$1,3DgOMTs3A1E,1,1,0,0,0.3333333433,inner_train
1,4835,3DgOMTs3A1E$_$0,3DgOMTs3A1E,1,1,0,0,1.333333373,inner_train
1,4836,3DgOMTs3A1E$_$3,3DgOMTs3A1E,1,1,0,0,0.6666666865,inner_train
1,4837,3DgOMTs3A1E$_$2,3DgOMTs3A1E,1,1,0,0,0.3333333433,inner_train
1,4838,3DgOMTs3A1E$_$5,3DgOMTs3A1E,1,1,0,0,0.3333333433,inner_train
1,4839,3DgOMTs3A1E$_$4,3DgOMTs3A1E,1,1,0,0,0.6666666865,inner_train
1,4840,3DgOMTs3A1E$_$7,3DgOMTs3A1E,1,1,0,0,0.6666666865,inner_train
1,4841,3DgOMTs3A1E$_$6,3DgOMTs3A1E,1,1,0,0,0.3333333433,inner_train
1,4842,3DgOMTs3A1E$_$9,3DgOMTs3A1E,1,1,0,0,0.6666666865,inner_train
1,4843,3DgOMTs3A1E$_$8,3DgOMTs3A1E,1,1,0,0,1.333333373,inner_train
1,4844,3DgOMTs3A1E$_$11,3DgOMTs3A1E,1,1,0,0,0,inner_train
1,4845,3DgOMTs3A1E$_$10,3DgOMTs3A1E,1,1,0,0,0,inner_train
1,4846,3DgOMTs3A1E$_$13,3DgOMTs3A1E,1,1,0,0,0,inner_train
1,4847,3DgOMTs3A1E$_$12,3DgOMTs3A1E,1,1,0,0,0,inner_train
1,4848,3DgOMTs3A1E$_$15,3DgOMTs3A1E,1,1,0,0,0,inner_train
1,4849,3DgOMTs3A1E$_$14,3DgOMTs3A1E,1,1,0,0,0.6666666865,inner_train
1,4850,3DgOMTs3A1E$_$17,3DgOMTs3A1E,1,1,0,0,1,inner_train
1,4851,3DgOMTs3A1E$_$16,3DgOMTs3A1E,1,1,0,0,0.3333333433,inner_train
1,4852,3DgOMTs3A1E$_$19,3DgOMTs3A1E,1,1,0,0,0,inner_train
1,4853,3DgOMTs3A1E$_$18,3DgOMTs3A1E,1,1,0,0,0.3333333433,inner_train
1,4863,3GyEnzE1NTQ$_$11,3GyEnzE1NTQ,1,1,0,0,-0.6666666865,inner_valid
1,4864,3GyEnzE1NTQ$_$15,3GyEnzE1NTQ,1,1,0,0,0.3333333433,inner_valid
1,4865,3GyEnzE1NTQ$_$14,3GyEnzE1NTQ,1,1,0,0,0.3333333433,inner_valid
1,4866,3GyEnzE1NTQ$_$17,3GyEnzE1NTQ,1,1,0,0,2,inner_valid
1,4867,3GyEnzE1NTQ$_$16,3GyEnzE1NTQ,1,1,0,0,0,inner_valid
1,4868,3GyEnzE1NTQ$_$19,3GyEnzE1NTQ,1,1,0,0,0,inner_valid
1,4869,3GyEnzE1NTQ$_$18,3GyEnzE1NTQ,1,1,0,0,1.666666627,inner_valid
1,4870,3GyEnzE1NTQ$_$0,3GyEnzE1NTQ,1,1,0,0,1.666666627,inner_valid
1,4871,3GyEnzE1NTQ$_$3,3GyEnzE1NTQ,1,1,0,0,0.3333333433,inner_valid
1,4872,3GyEnzE1NTQ$_$4,3GyEnzE1NTQ,1,1,0,0,-0.3333333433,inner_valid
1,4873,3HRnhUin-5g$_$11,3HRnhUin-5g,1,1,0,0,0,outer
1,4874,3HRnhUin-5g$_$15,3HRnhUin-5g,1,1,0,0,-0.3333333433,outer
1,4875,3HRnhUin-5g$_$17,3HRnhUin-5g,1,1,0,0,0.3333333433,outer
1,4876,3HRnhUin-5g$_$1,3HRnhUin-5g,1,1,0,0,0,outer
1,4877,3HRnhUin-5g$_$2,3HRnhUin-5g,1,1,0,0,-0.6666666865,outer
1,4878,3HRnhUin-5g$_$4,3HRnhUin-5g,1,1,0,0,-1.666666627,outer
1,4879,3HRnhUin-5g$_$6,3HRnhUin-5g,1,1,0,0,0.3333333433,outer
1,4881,3OMgvtWNHp4$_$10,3OMgvtWNHp4,1,1,0,1,-0.6666666865,inner_train
1,4882,3OMgvtWNHp4$_$1,3OMgvtWNHp4,1,1,0,1,-0.6666666865,inner_train
1,4883,3OMgvtWNHp4$_$0,3OMgvtWNHp4,1,1,0,1,0,inner_train
1,4884,3OMgvtWNHp4$_$3,3OMgvtWNHp4,1,1,0,1,-2.333333254,inner_train
1,4885,3OMgvtWNHp4$_$2,3OMgvtWNHp4,1,1,0,1,0.3333333433,inner_train
1,4886,3OMgvtWNHp4$_$5,3OMgvtWNHp4,1,1,0,1,-0.3333333433,inner_train
1,4887,3OMgvtWNHp4$_$9,3OMgvtWNHp4,1,1,0,1,-0.3333333433,inner_train
1,4888,3OMgvtWNHp4$_$8,3OMgvtWNHp4,1,1,0,1,0,inner_train
1,4889,3OuNMjZo5wg$_$1,3OuNMjZo5wg,1,0,0,0,0.6666666865,inner_train
1,4890,3OuNMjZo5wg$_$3,3OuNMjZo5wg,1,0,0,0,0.6666666865,inner_train
1,4891,3OuNMjZo5wg$_$13,3OuNMjZo5wg,1,0,0,0,1.666666627,inner_train
1,4899,3Wi0if_L6Ug$_$13,3Wi0if_L6Ug,1,1,0,0,0.6666666865,inner_train
1,4900,3Wi0if_L6Ug$_$12,3Wi0if_L6Ug,1,1,0,0,1.333333373,inner_train
1,4901,3Wi0if_L6Ug$_$15,3Wi0if_L6Ug,1,1,0,0,1,inner_train
1,4902,3Wi0if_L6Ug$_$17,3Wi0if_L6Ug,1,1,0,0,0.3333333433,inner_train
1,4903,3Wi0if_L6Ug$_$19,3Wi0if_L6Ug,1,1,0,0,2,inner_train
1,4904,3Wi0if_L6Ug$_$18,3Wi0if_L6Ug,1,1,0,0,-0.6666666865,inner_train
1,4905,3Wi0if_L6Ug$_$3,3Wi0if_L6Ug,1,1,0,0,1.333333373,inner_train
1,4906,3Wi0if_L6Ug$_$5,3Wi0if_L6Ug,1,1,0,0,-1.666666627,inner_train
1,4907,3Wi0if_L6Ug$_$4,3Wi0if_L6Ug,1,1,0,0,2,inner_train
1,4908,3Wi0if_L6Ug$_$8,3Wi0if_L6Ug,1,1,0,0,0,inner_train
1,4909,3Wi0if_L6Ug$_$9,3Wi0if_L6Ug,1,1,0,0,0.3333333433,inner_train
1,4910,3Wi0if_L6Ug$_$20,3Wi0if_L6Ug,1,1,0,0,2.666666746,inner_train
1,4922,3aIQUQgawaI$_$12,3aIQUQgawaI,1,1,0,0,0,inner_train
1,4923,3aIQUQgawaI$_$14,3aIQUQgawaI,1,1,0,0,-0.3333333433,inner_train
1,4924,3aIQUQgawaI$_$19,3aIQUQgawaI,1,1,0,0,0,inner_train
1,4925,3aIQUQgawaI$_$0,3aIQUQgawaI,1,1,0,0,1.333333373,inner_train
1,4926,3aIQUQgawaI$_$5,3aIQUQgawaI,1,1,0,0,-1,inner_train
1,4927,3aIQUQgawaI$_$4,3aIQUQgawaI,1,1,0,0,0.6666666865,inner_train
1,4928,3aIQUQgawaI$_$7,3aIQUQgawaI,1,1,0,0,-0.3333333433,inner_train
1,4929,3aIQUQgawaI$_$9,3aIQUQgawaI,1,1,0,0,-0.3333333433,inner_train
1,4930,3f6xCzKx9CA$_$1,3f6xCzKx9CA,1,0,0,1,-1,inner_valid
1,4931,3f6xCzKx9CA$_$0,3f6xCzKx9CA,1,0,0,1,0,inner_valid
1,4932,3f6xCzKx9CA$_$3,3f6xCzKx9CA,1,0,0,1,0.3333333433,inner_valid
1,4933,3f6xCzKx9CA$_$2,3f6xCzKx9CA,1,0,0,1,0.6666666865,inner_valid
1,4951,3kNPvhdF1NA$_$0,3kNPvhdF1NA,1,0,0,0,0,inner_train
1,4952,3kNPvhdF1NA$_$5,3kNPvhdF1NA,1,0,0,0,0.3333333433,inner_train
1,4953,3lkn8MS3n8Q$_$24,3lkn8MS3n8Q,1,1,0,1,1.666666627,inner_train
1,4954,3lkn8MS3n8Q$_$10,3lkn8MS3n8Q,1,1,0,1,-0.6666666865,inner_train
1,4955,3lkn8MS3n8Q$_$27,3lkn8MS3n8Q,1,1,0,1,-1,inner_train
1,4956,3lkn8MS3n8Q$_$20,3lkn8MS3n8Q,1,1,0,1,-1,inner_train
1,4957,3lkn8MS3n8Q$_$17,3lkn8MS3n8Q,1,1,0,1,-0.3333333433,inner_train
1,4958,3lkn8MS3n8Q$_$22,3lkn8MS3n8Q,1,1,0,1,1,inner_train
1,4959,3lkn8MS3n8Q$_$16,3lkn8MS3n8Q,1,1,0,1,-0.6666666865,inner_train
1,4960,3lkn8MS3n8Q$_$19,3lkn8MS3n8Q,1,1,0,1,1,inner_train
1,4961,3lkn8MS3n8Q$_$28,3lkn8MS3n8Q,1,1,0,1,-2,inner_train
1,4962,3lkn8MS3n8Q$_$3,3lkn8MS3n8Q,1,1,0,1,1.333333373,inner_train
1,4963,3lkn8MS3n8Q$_$5,3lkn8MS3n8Q,1,1,0,1,0.6666666865,inner_train
1,4964,3lkn8MS3n8Q$_$4,3lkn8MS3n8Q,1,1,0,1,-0.6666666865,inner_train
1,4965,3lkn8MS3n8Q$_$6,3lkn8MS3n8Q,1,1,0,1,1,inner_train
1,4966,3lkn8MS3n8Q$_$9,3lkn8MS3n8Q,1,1,0,1,2,inner_train
1,4967,3lkn8MS3n8Q$_$25,3lkn8MS3n8Q,1,1,0,1,1.333333373,inner_train
1,4968,3lkn8MS3n8Q$_$14,3lkn8MS3n8Q,1,1,0,1,0.6666666865,inner_train
1,4981,3oHPsYc8bmw$_$9,3oHPsYc8bmw,1,1,0,1,0.6666666865,inner_valid
1,4982,3oHPsYc8bmw$_$8,3oHPsYc8bmw,1,1,0,1,1.666666627,inner_valid
1,4983,3oHPsYc8bmw$_$4,3oHPsYc8bmw,1,1,0,1,0,inner_valid
1,4988,3paDwuRQP1w$_$1,3paDwuRQP1w,1,1,0,0,0,inner_valid
1,4989,3paDwuRQP1w$_$0,3paDwuRQP1w,1,1,0,0,-0.6666666865,inner_valid
1,4990,3paDwuRQP1w$_$2,3paDwuRQP1w,1,1,0,0,0,inner_valid
1,4991,3paDwuRQP1w$_$4,3paDwuRQP1w,1,1,0,0,0,inner_valid
1,4994,3sUS8vXbRwg$_$0,3sUS8vXbRwg,1,1,0,0,0.3333333433,inner_train
1,4995,3sUS8vXbRwg$_$13,3sUS8vXbRwg,1,1,0,0,1.666666627,inner_train
1,4996,3sUS8vXbRwg$_$15,3sUS8vXbRwg,1,1,0,0,2,inner_train
1,4997,3sUS8vXbRwg$_$14,3sUS8vXbRwg,1,1,0,0,2,inner_train
1,4998,3sUS8vXbRwg$_$3,3sUS8vXbRwg,1,1,0,0,0.3333333433,inner_train
1,5008,40181$_$20,40181,1,1,1,0,0.3333333433,inner_train
1,5009,40181$_$21,40181,1,1,1,0,0.3333333433,inner_train
1,5010,40181$_$22,40181,1,1,1,0,1,inner_train
1,5011,40181$_$1,40181,1,1,1,0,-2.333333254,inner_train
1,5012,40181$_$0,40181,1,1,1,0,0,inner_train
1,5013,40181$_$3,40181,1,1,1,0,-1.333333373,inner_train
1,5014,40181$_$2,40181,1,1,1,0,-1.666666627,inner_train
1,5015,40181$_$5,40181,1,1,1,0,-1.333333373,inner_train
1,5016,40181$_$4,40181,1,1,1,0,-0.6666666865,inner_train
1,5017,40181$_$7,40181,1,1,1,0,0.6666666865,inner_train
1,5018,40181$_$6,40181,1,1,1,0,-1,inner_train
1,5019,40181$_$9,40181,1,1,1,0,0,inner_train
1,5020,40181$_$8,40181,1,1,1,0,-1.666666627,inner_train
1,5021,40181$_$11,40181,1,1,1,0,-1.666666627,inner_train
1,5022,40181$_$10,40181,1,1,1,0,0,inner_train
1,5023,40181$_$13,40181,1,1,1,0,-1.333333373,inner_train
1,5024,40181$_$12,40181,1,1,1,0,-1.666666627,inner_train
1,5025,40181$_$15,40181,1,1,1,0,0,inner_train
1,5026,40181$_$14,40181,1,1,1,0,0,inner_train
1,5027,40181$_$17,40181,1,1,1,0,0,inner_train
1,5028,40181$_$16,40181,1,1,1,0,0.3333333433,inner_train
1,5029,40181$_$19,40181,1,1,1,0,0.3333333433,inner_train
1,5030,40181$_$18,40181,1,1,1,0,0,inner_train
1,5073,43371$_$10,43371,1,0,0,0,0.3333333433,inner_train
1,5074,43371$_$1,43371,1,0,0,0,0,inner_train
1,5075,43371$_$0,43371,1,0,0,0,0,inner_train
1,5076,43371$_$3,43371,1,0,0,0,-0.3333333433,inner_train
1,5077,43371$_$2,43371,1,0,0,0,0,inner_train
1,5078,43371$_$5,43371,1,0,0,0,-1,inner_train
1,5079,43371$_$4,43371,1,0,0,0,0,inner_train
1,5080,43371$_$7,43371,1,0,0,0,0,inner_train
1,5081,43371$_$6,43371,1,0,0,0,-1.666666627,inner_train
1,5082,43371$_$9,43371,1,0,0,0,-1.666666627,inner_train
1,5083,43371$_$8,43371,1,0,0,0,-1,inner_train
1,5084,43456$_$10,43456,1,1,0,0,-2,inner_train
1,5085,43456$_$1,43456,1,1,0,0,-1,inner_train
1,5086,43456$_$0,43456,1,1,0,0,-2.666666746,inner_train
1,5087,43456$_$3,43456,1,1,0,0,0,inner_train
1,5088,43456$_$2,43456,1,1,0,0,-0.3333333433,inner_train
1,5089,43456$_$5,43456,1,1,0,0,0.3333333433,inner_train
1,5090,43456$_$4,43456,1,1,0,0,-0.3333333433,inner_train
1,5091,43456$_$7,43456,1,1,0,0,-1.333333373,inner_train
1,5092,43456$_$6,43456,1,1,0,0,-1.333333373,inner_train
1,5093,43456$_$9,43456,1,1,0,0,-2.333333254,inner_train
1,5094,43456$_$8,43456,1,1,0,0,0,inner_train
1,5109,45175$_$1,45175,1,0,0,0,0,inner_train
1,5110,45175$_$0,45175,1,0,0,0,0,inner_train
1,5111,45175$_$3,45175,1,0,0,0,0,inner_train
1,5112,45175$_$2,45175,1,0,0,0,0,inner_train
1,5113,45175$_$5,45175,1,0,0,0,0.6666666865,inner_train
1,5114,45175$_$4,45175,1,0,0,0,-1.333333373,inner_train
1,5115,45175$_$7,45175,1,0,0,0,0,inner_train
1,5116,45175$_$6,45175,1,0,0,0,-0.6666666865,inner_train
1,5117,45175$_$9,45175,1,0,0,0,-1,inner_train
1,5118,45175$_$8,45175,1,0,0,0,-0.3333333433,inner_train
1,5149,45c3QQzGakM$_$5,45c3QQzGakM,1,0,1,0,0.6666666865,inner_valid
1,5150,45c3QQzGakM$_$6,45c3QQzGakM,1,0,1,0,0,inner_valid
1,5165,46618$_$1,46618,1,0,0,0,-1.333333373,outer
1,5166,46618$_$0,46618,1,0,0,0,0,outer
1,5167,46618$_$3,46618,1,0,0,0,-1.333333373,outer
1,5168,46618$_$2,46618,1,0,0,0,-1.666666627,outer
1,5169,46618$_$5,46618,1,0,0,0,-2.666666746,outer
1,5170,46618$_$4,46618,1,0,0,0,-1.333333373,outer
1,5171,46618$_$7,46618,1,0,0,0,-0.3333333433,outer
1,5172,46618$_$6,46618,1,0,0,0,-2.666666746,outer
1,5173,46618$_$8,46618,1,0,0,0,-2,outer
1,5190,48BD8qjClfE$_$2,48BD8qjClfE,1,0,0,1,1.666666627,inner_train
1,5193,49358$_$11,49358,1,1,0,0,-1,inner_train
1,5194,49358$_$10,49358,1,1,0,0,0,inner_train
1,5195,49358$_$13,49358,1,1,0,0,-1,inner_train
1,5196,49358$_$12,49358,1,1,0,0,0.3333333433,inner_train
1,5197,49358$_$1,49358,1,1,0,0,0,inner_train
1,5198,49358$_$0,49358,1,1,0,0,0,inner_train
1,5199,49358$_$3,49358,1,1,0,0,0,inner_train
1,5200,49358$_$2,49358,1,1,0,0,0.3333333433,inner_train
1,5201,49358$_$5,49358,1,1,0,0,1,inner_train
1,5202,49358$_$4,49358,1,1,0,0,0,inner_train
1,5203,49358$_$7,49358,1,1,0,0,-1.333333373,inner_train
1,5204,49358$_$6,49358,1,1,0,0,-2,inner_train
1,5205,49358$_$9,49358,1,1,0,0,-1.666666627,inner_train
1,5206,49358$_$8,49358,1,1,0,0,-1.333333373,inner_train
1,5207,4AQC7_uCuEE$_$24,4AQC7_uCuEE,1,0,0,1,-0.3333333433,outer
1,5208,4AQC7_uCuEE$_$25,4AQC7_uCuEE,1,0,0,1,0,outer
1,5209,4AQC7_uCuEE$_$26,4AQC7_uCuEE,1,0,0,1,0,outer
1,5210,4AQC7_uCuEE$_$27,4AQC7_uCuEE,1,0,0,1,1,outer
1,5211,4AQC7_uCuEE$_$20,4AQC7_uCuEE,1,0,0,1,-0.6666666865,outer
1,5212,4AQC7_uCuEE$_$21,4AQC7_uCuEE,1,0,0,1,1,outer
1,5213,4AQC7_uCuEE$_$22,4AQC7_uCuEE,1,0,0,1,-0.3333333433,outer
1,5214,4AQC7_uCuEE$_$23,4AQC7_uCuEE,1,0,0,1,0.3333333433,outer
1,5215,4AQC7_uCuEE$_$1,4AQC7_uCuEE,1,0,0,1,1,outer
1,5216,4AQC7_uCuEE$_$0,4AQC7_uCuEE,1,0,0,1,-0.3333333433,outer
1,5217,4AQC7_uCuEE$_$3,4AQC7_uCuEE,1,0,0,1,0.3333333433,outer
1,5218,4AQC7_uCuEE$_$2,4AQC7_uCuEE,1,0,0,1,1.333333373,outer
1,5219,4AQC7_uCuEE$_$4,4AQC7_uCuEE,1,0,0,1,0.3333333433,outer
1,5220,4AQC7_uCuEE$_$9,4AQC7_uCuEE,1,0,0,1,0.3333333433,outer
1,5221,4AQC7_uCuEE$_$8,4AQC7_uCuEE,1,0,0,1,0,outer
1,5222,4AQC7_uCuEE$_$11,4AQC7_uCuEE,1,0,0,1,0,outer
1,5223,4AQC7_uCuEE$_$13,4AQC7_uCuEE,1,0,0,1,0.3333333433,outer
1,5224,4AQC7_uCuEE$_$12,4AQC7_uCuEE,1,0,0,1,0,outer
1,5225,4AQC7_uCuEE$_$14,4AQC7_uCuEE,1,0,0,1,0.3333333433,outer
1,5226,4AQC7_uCuEE$_$17,4AQC7_uCuEE,1,0,0,1,0.6666666865,outer
1,5227,4AQC7_uCuEE$_$19,4AQC7_uCuEE,1,0,0,1,0.6666666865,outer
1,5228,4AQC7_uCuEE$_$18,4AQC7_uCuEE,1,0,0,1,0,outer
1,5240,4CKhrjuuofk$_$1,4CKhrjuuofk,1,0,0,0,0.3333333433,inner_train
1,5241,4CKhrjuuofk$_$0,4CKhrjuuofk,1,0,0,0,-1.666666627,inner_train
1,5242,4CKhrjuuofk$_$3,4CKhrjuuofk,1,0,0,0,0,inner_train
1,5243,4CKhrjuuofk$_$2,4CKhrjuuofk,1,0,0,0,-0.3333333433,inner_train
1,5244,4CKhrjuuofk$_$5,4CKhrjuuofk,1,0,0,0,0.3333333433,inner_train
1,5245,4CKhrjuuofk$_$4,4CKhrjuuofk,1,0,0,0,0.3333333433,inner_train
1,5246,4CKhrjuuofk$_$7,4CKhrjuuofk,1,0,0,0,0.3333333433,inner_train
1,5247,4CKhrjuuofk$_$6,4CKhrjuuofk,1,0,0,0,0.3333333433,inner_train
1,5248,4CKhrjuuofk$_$9,4CKhrjuuofk,1,0,0,0,-1.333333373,inner_train
1,5253,4Fw9TbWIVJI$_$8,4Fw9TbWIVJI,1,0,0,0,0.3333333433,inner_train
1,5260,4H9RfQuqsvg$_$1,4H9RfQuqsvg,1,1,0,0,2,inner_train
1,5261,4H9RfQuqsvg$_$13,4H9RfQuqsvg,1,1,0,0,0.3333333433,inner_train
1,5262,4H9RfQuqsvg$_$12,4H9RfQuqsvg,1,1,0,0,0.6666666865,inner_train
1,5263,4H9RfQuqsvg$_$7,4H9RfQuqsvg,1,1,0,0,-0.3333333433,inner_train
1,5264,4H9RfQuqsvg$_$6,4H9RfQuqsvg,1,1,0,0,0,inner_train
1,5276,4Kh5N9W-Jr4$_$10,4Kh5N9W-Jr4,1,0,1,0,2,inner_train
1,5277,4Kh5N9W-Jr4$_$1,4Kh5N9W-Jr4,1,0,1,0,1.333333373,inner_train
1,5278,4Kh5N9W-Jr4$_$0,4Kh5N9W-Jr4,1,0,1,0,1.333333373,inner_train
1,5279,4Kh5N9W-Jr4$_$3,4Kh5N9W-Jr4,1,0,1,0,0.6666666865,inner_train
1,5280,4Kh5N9W-Jr4$_$2,4Kh5N9W-Jr4,1,0,1,0,0.6666666865,inner_train
1,5281,4Kh5N9W-Jr4$_$5,4Kh5N9W-Jr4,1,0,1,0,0.6666666865,inner_train
1,5282,4Kh5N9W-Jr4$_$4,4Kh5N9W-Jr4,1,0,1,0,0.3333333433,inner_train
1,5283,4Kh5N9W-Jr4$_$7,4Kh5N9W-Jr4,1,0,1,0,1.333333373,inner_train
1,5284,4Kh5N9W-Jr4$_$6,4Kh5N9W-Jr4,1,0,1,0,0.3333333433,inner_train
1,5285,4Kh5N9W-Jr4$_$9,4Kh5N9W-Jr4,1,0,1,0,1.666666627,inner_train
1,5286,4Kh5N9W-Jr4$_$8,4Kh5N9W-Jr4,1,0,1,0,0.6666666865,inner_train
1,5292,4Q95Lg3Icho$_$24,4Q95Lg3Icho,1,1,0,1,1.666666627,inner_train
1,5293,4Q95Lg3Icho$_$25,4Q95Lg3Icho,1,1,0,1,2,inner_train
1,5294,4Q95Lg3Icho$_$26,4Q95Lg3Icho,1,1,0,1,2.333333254,inner_train
1,5295,4Q95Lg3Icho$_$27,4Q95Lg3Icho,1,1,0,1,1.333333373,inner_train
1,5296,4Q95Lg3Icho$_$20,4Q95Lg3Icho,1,1,0,1,2.333333254,inner_train
1,5297,4Q95Lg3Icho$_$21,4Q95Lg3Icho,1,1,0,1,1.333333373,inner_train
1,5298,4Q95Lg3Icho$_$23,4Q95Lg3Icho,1,1,0,1,1.666666627,inner_train
1,5299,4Q95Lg3Icho$_$1,4Q95Lg3Icho,1,1,0,1,2.333333254,inner_train
1,5300,4Q95Lg3Icho$_$0,4Q95Lg3Icho,1,1,0,1,1.666666627,inner_train
1,5301,4Q95Lg3Icho$_$3,4Q95Lg3Icho,1,1,0,1,2.333333254,inner_train
1,5302,4Q95Lg3Icho$_$2,4Q95Lg3Icho,1,1,0,1,-1.333333373,inner_train
1,5303,4Q95Lg3Icho$_$4,4Q95Lg3Icho,1,1,0,1,-0.6666666865,inner_train
1,5304,4Q95Lg3Icho$_$7,4Q95Lg3Icho,1,1,0,1,-1.333333373,inner_train
1,5305,4Q95Lg3Icho$_$9,4Q95Lg3Icho,1,1,0,1,-1.333333373,inner_train
1,5306,4Q95Lg3Icho$_$8,4Q95Lg3Icho,1,1,0,1,0,inner_train
1,5307,4Q95Lg3Icho$_$11,4Q95Lg3Icho,1,1,0,1,-0.6666666865,inner_train
1,5308,4Q95Lg3Icho$_$10,4Q95Lg3Icho,1,1,0,1,-1,inner_train
1,5309,4Q95Lg3Icho$_$13,4Q95Lg3Icho,1,1,0,1,-0.3333333433,inner_train
1,5310,4Q95Lg3Icho$_$12,4Q95Lg3Icho,1,1,0,1,2.666666746,inner_train
1,5311,4Q95Lg3Icho$_$15,4Q95Lg3Icho,1,1,0,1,2,inner_train
1,5312,4Q95Lg3Icho$_$14,4Q95Lg3Icho,1,1,0,1,1,inner_train
1,5313,4Q95Lg3Icho$_$17,4Q95Lg3Icho,1,1,0,1,1.666666627,inner_train
1,5314,4Q95Lg3Icho$_$16,4Q95Lg3Icho,1,1,0,1,2.666666746,inner_train
1,5315,4Q95Lg3Icho$_$19,4Q95Lg3Icho,1,1,0,1,3,inner_train
1,5316,4Q95Lg3Icho$_$18,4Q95Lg3Icho,1,1,0,1,-0.3333333433,inner_train
1,5317,4Ry6M_ZfJQc$_$0,4Ry6M_ZfJQc,1,0,0,1,-1.333333373,outer
1,5318,4Ry6M_ZfJQc$_$5,4Ry6M_ZfJQc,1,0,0,1,-1.333333373,outer
1,5319,4VA4kqMnEqA$_$13,4VA4kqMnEqA,1,1,0,0,0.6666666865,outer
1,5320,4VA4kqMnEqA$_$14,4VA4kqMnEqA,1,1,0,0,-0.3333333433,outer
1,5321,4VA4kqMnEqA$_$1,4VA4kqMnEqA,1,1,0,0,2,outer
1,5322,4VA4kqMnEqA$_$0,4VA4kqMnEqA,1,1,0,0,1.666666627,outer
1,5323,4VA4kqMnEqA$_$3,4VA4kqMnEqA,1,1,0,0,1,outer
1,5324,4VA4kqMnEqA$_$4,4VA4kqMnEqA,1,1,0,0,0.3333333433,outer
1,5325,4VA4kqMnEqA$_$7,4VA4kqMnEqA,1,1,0,0,-0.6666666865,outer
1,5326,4VA4kqMnEqA$_$9,4VA4kqMnEqA,1,1,0,0,0,outer
1,5327,4VA4kqMnEqA$_$8,4VA4kqMnEqA,1,1,0,0,0,outer
1,5328,4Vl6AeEkAg4$_$1,4Vl6AeEkAg4,1,1,0,0,0,inner_valid
1,5329,4Vl6AeEkAg4$_$3,4Vl6AeEkAg4,1,1,0,0,0,inner_valid
1,5334,4Z47qIrVil4$_$0,4Z47qIrVil4,1,0,0,0,0,inner_train
1,5335,4Z47qIrVil4$_$4,4Z47qIrVil4,1,0,0,0,0.3333333433,inner_train
1,5336,4ZhIx2ozUIE$_$1,4ZhIx2ozUIE,1,0,0,0,0.3333333433,inner_valid
1,5337,4ZhIx2ozUIE$_$8,4ZhIx2ozUIE,1,0,0,0,0.3333333433,inner_valid
1,5338,4ZhIx2ozUIE$_$12,4ZhIx2ozUIE,1,0,0,0,1.333333373,inner_valid
1,5339,4ZhIx2ozUIE$_$5,4ZhIx2ozUIE,1,0,0,0,1,inner_valid
1,5377,4iw1jTY-X3A$_$12,4iw1jTY-X3A,1,0,0,0,0,inner_train
1,5378,4iw1jTY-X3A$_$14,4iw1jTY-X3A,1,0,0,0,1,inner_train
1,5379,4iw1jTY-X3A$_$1,4iw1jTY-X3A,1,0,0,0,-1.666666627,inner_train
1,5380,4iw1jTY-X3A$_$0,4iw1jTY-X3A,1,0,0,0,-2.333333254,inner_train
1,5381,4iw1jTY-X3A$_$3,4iw1jTY-X3A,1,0,0,0,-1,inner_train
1,5382,4iw1jTY-X3A$_$4,4iw1jTY-X3A,1,0,0,0,1.666666627,inner_train
1,5383,4iw1jTY-X3A$_$7,4iw1jTY-X3A,1,0,0,0,0.3333333433,inner_train
1,5384,4iw1jTY-X3A$_$6,4iw1jTY-X3A,1,0,0,0,0.6666666865,inner_train
1,5385,4iw1jTY-X3A$_$9,4iw1jTY-X3A,1,0,0,0,-0.6666666865,inner_train
1,5386,4iw1jTY-X3A$_$8,4iw1jTY-X3A,1,0,0,0,0,inner_train
1,5434,4qVvLLFEYnk$_$0,4qVvLLFEYnk,1,0,0,0,0.3333333433,outer
1,5435,4qjz4BQCZyM$_$0,4qjz4BQCZyM,1,1,0,0,1.333333373,inner_train
1,5436,4qjz4BQCZyM$_$5,4qjz4BQCZyM,1,1,0,0,0.3333333433,inner_train
1,5482,52068$_$20,52068,1,0,0,0,0.3333333433,outer
1,5483,52068$_$21,52068,1,0,0,0,2,outer
1,5484,52068$_$1,52068,1,0,0,0,0.3333333433,outer
1,5485,52068$_$0,52068,1,0,0,0,1.333333373,outer
1,5486,52068$_$3,52068,1,0,0,0,-0.3333333433,outer
1,5487,52068$_$2,52068,1,0,0,0,0.6666666865,outer
1,5488,52068$_$5,52068,1,0,0,0,0.3333333433,outer
1,5489,52068$_$4,52068,1,0,0,0,0.6666666865,outer
1,5490,52068$_$7,52068,1,0,0,0,1.333333373,outer
1,5491,52068$_$6,52068,1,0,0,0,-0.6666666865,outer
1,5492,52068$_$9,52068,1,0,0,0,0.3333333433,outer
1,5493,52068$_$8,52068,1,0,0,0,0,outer
1,5494,52068$_$11,52068,1,0,0,0,0,outer
1,5495,52068$_$10,52068,1,0,0,0,0.3333333433,outer
1,5496,52068$_$13,52068,1,0,0,0,0,outer
1,5497,52068$_$12,52068,1,0,0,0,-1,outer
1,5498,52068$_$15,52068,1,0,0,0,0.3333333433,outer
1,5499,52068$_$14,52068,1,0,0,0,0.6666666865,outer
1,5500,52068$_$17,52068,1,0,0,0,1.333333373,outer
1,5501,52068$_$16,52068,1,0,0,0,0,outer
1,5502,52068$_$19,52068,1,0,0,0,-1,outer
1,5503,52068$_$18,52068,1,0,0,0,-0.6666666865,outer
1,5504,52839$_$11,52839,1,0,0,0,0,inner_train
1,5505,52839$_$10,52839,1,0,0,0,0,inner_train
1,5506,52839$_$13,52839,1,0,0,0,1.666666627,inner_train
1,5507,52839$_$12,52839,1,0,0,0,1,inner_train
1,5508,52839$_$1,52839,1,0,0,0,2.666666746,inner_train
1,5509,52839$_$0,52839,1,0,0,0,0,inner_train
1,5510,52839$_$3,52839,1,0,0,0,1,inner_train
1,5511,52839$_$2,52839,1,0,0,0,1,inner_train
1,5512,52839$_$5,52839,1,0,0,0,0,inner_train
1,5513,52839$_$4,52839,1,0,0,0,2.666666746,inner_train
1,5514,52839$_$7,52839,1,0,0,0,0.3333333433,inner_train
1,5515,52839$_$6,52839,1,0,0,0,-0.6666666865,inner_train
1,5516,52839$_$9,52839,1,0,0,0,-0.6666666865,inner_train
1,5517,52839$_$8,52839,1,0,0,0,-0.3333333433,inner_train
1,5532,55156$_$11,55156,1,0,0,0,-1.666666627,outer
1,5533,55156$_$10,55156,1,0,0,0,-1.666666627,outer
1,5534,55156$_$12,55156,1,0,0,0,-1.333333373,outer
1,5535,55156$_$1,55156,1,0,0,0,1.666666627,outer
1,5536,55156$_$0,55156,1,0,0,0,0,outer
1,5537,55156$_$3,55156,1,0,0,0,-1,outer
1,5538,55156$_$2,55156,1,0,0,0,-1,outer
1,5539,55156$_$5,55156,1,0,0,0,0,outer
1,5540,55156$_$4,55156,1,0,0,0,-1.666666627,outer
1,5541,55156$_$7,55156,1,0,0,0,0.6666666865,outer
1,5542,55156$_$6,55156,1,0,0,0,-1,outer
1,5543,55156$_$9,55156,1,0,0,0,0,outer
1,5544,55156$_$8,55156,1,0,0,0,0,outer
1,5614,5F-KEGK9eXo$_$0,5F-KEGK9eXo,1,1,0,0,1,inner_train
1,5615,5F-KEGK9eXo$_$4,5F-KEGK9eXo,1,1,0,0,0.6666666865,inner_train
1,5619,5Fs_7A_V2kA$_$9,5Fs_7A_V2kA,1,1,0,0,0.3333333433,inner_valid
1,5620,5Fs_7A_V2kA$_$1,5Fs_7A_V2kA,1,1,0,0,1,inner_valid
1,5621,5Fs_7A_V2kA$_$3,5Fs_7A_V2kA,1,1,0,0,1,inner_valid
1,5622,5Fs_7A_V2kA$_$4,5Fs_7A_V2kA,1,1,0,0,0.6666666865,inner_valid
1,5623,5Fs_7A_V2kA$_$7,5Fs_7A_V2kA,1,1,0,0,1,inner_valid
1,5627,5IhAgV0Bf_4$_$2,5IhAgV0Bf_4,1,1,0,0,0.3333333433,inner_train
1,5628,5IhAgV0Bf_4$_$5,5IhAgV0Bf_4,1,1,0,0,2,inner_train
1,5629,5IhAgV0Bf_4$_$7,5IhAgV0Bf_4,1,1,0,0,0,inner_train
1,5637,5OXuBO5buF8$_$8,5OXuBO5buF8,1,1,0,0,1.666666627,inner_valid
1,5638,5OXuBO5buF8$_$3,5OXuBO5buF8,1,1,0,0,2,inner_valid
1,5639,5OXuBO5buF8$_$6,5OXuBO5buF8,1,1,0,0,0.6666666865,inner_valid
1,5644,5QXHyL3BMto$_$1,5QXHyL3BMto,1,0,0,0,1,outer
1,5645,5QXHyL3BMto$_$4,5QXHyL3BMto,1,0,0,0,0.6666666865,outer
1,5646,5R5fDxZUL8M$_$11,5R5fDxZUL8M,1,0,0,0,0.6666666865,inner_train
1,5647,5R5fDxZUL8M$_$10,5R5fDxZUL8M,1,0,0,0,0.6666666865,inner_train
1,5648,5R5fDxZUL8M$_$13,5R5fDxZUL8M,1,0,0,0,2.333333254,inner_train
1,5649,5R5fDxZUL8M$_$12,5R5fDxZUL8M,1,0,0,0,0.3333333433,inner_train
1,5650,5R5fDxZUL8M$_$2,5R5fDxZUL8M,1,0,0,0,1.333333373,inner_train
1,5651,5R5fDxZUL8M$_$5,5R5fDxZUL8M,1,0,0,0,1.666666627,inner_train
1,5652,5R5fDxZUL8M$_$4,5R5fDxZUL8M,1,0,0,0,2.333333254,inner_train
1,5653,5R5fDxZUL8M$_$7,5R5fDxZUL8M,1,0,0,0,1.333333373,inner_train
1,5654,5RVF_3YBUVI$_$0,5RVF_3YBUVI,1,0,0,0,0.6666666865,inner_train
1,5655,5Tqu1IXJjGY$_$0,5Tqu1IXJjGY,1,0,0,1,-1.333333373,inner_valid
1,5656,5Tqu1IXJjGY$_$3,5Tqu1IXJjGY,1,0,0,1,-1.333333373,inner_valid
1,5657,5Tqu1IXJjGY$_$4,5Tqu1IXJjGY,1,0,0,1,-1,inner_valid
1,5658,5Tqu1IXJjGY$_$7,5Tqu1IXJjGY,1,0,0,1,0.6666666865,inner_valid
1,5659,5Tqu1IXJjGY$_$6,5Tqu1IXJjGY,1,0,0,1,0,inner_valid
1,5669,5YnYGjrhzF4$_$1,5YnYGjrhzF4,1,0,0,0,-1,inner_valid
1,5670,5YnYGjrhzF4$_$0,5YnYGjrhzF4,1,0,0,0,0,inner_valid
1,5671,5YnYGjrhzF4$_$3,5YnYGjrhzF4,1,0,0,0,-1,inner_valid
1,5672,5YnYGjrhzF4$_$2,5YnYGjrhzF4,1,0,0,0,0,inner_valid
1,5673,5YnYGjrhzF4$_$5,5YnYGjrhzF4,1,0,0,0,-0.3333333433,inner_valid
1,5674,5YnYGjrhzF4$_$4,5YnYGjrhzF4,1,0,0,0,-1.333333373,inner_valid
1,5675,5YnYGjrhzF4$_$7,5YnYGjrhzF4,1,0,0,0,-0.3333333433,inner_valid
1,5676,5YnYGjrhzF4$_$6,5YnYGjrhzF4,1,0,0,0,0.3333333433,inner_valid
1,5677,5YnYGjrhzF4$_$9,5YnYGjrhzF4,1,0,0,0,-1.333333373,inner_valid
1,5678,5YnYGjrhzF4$_$8,5YnYGjrhzF4,1,0,0,0,-0.6666666865,inner_valid
1,5679,5eA5HpyFsIk$_$1,5eA5HpyFsIk,1,1,0,0,0.6666666865,outer
1,5680,5eA5HpyFsIk$_$0,5eA5HpyFsIk,1,1,0,0,0,outer
1,5683,5oEuiBPUTYc$_$11,5oEuiBPUTYc,1,1,0,0,1.333333373,inner_train
1,5684,5oEuiBPUTYc$_$10,5oEuiBPUTYc,1,1,0,0,1,inner_train
1,5685,5oEuiBPUTYc$_$2,5oEuiBPUTYc,1,1,0,0,-0.3333333433,inner_train
1,5686,5oEuiBPUTYc$_$5,5oEuiBPUTYc,1,1,0,0,0.6666666865,inner_train
1,5687,5oEuiBPUTYc$_$6,5oEuiBPUTYc,1,1,0,0,0,inner_train
1,5688,5oEuiBPUTYc$_$9,5oEuiBPUTYc,1,1,0,0,0.3333333433,inner_train
1,5689,5qQs9Cfydo4$_$5,5qQs9Cfydo4,1,0,0,0,-0.3333333433,inner_train
1,5690,5qQs9Cfydo4$_$4,5qQs9Cfydo4,1,0,0,0,-0.6666666865,inner_train
1,5691,5qQs9Cfydo4$_$7,5qQs9Cfydo4,1,0,0,0,0.6666666865,inner_train
1,5692,5qQs9Cfydo4$_$6,5qQs9Cfydo4,1,0,0,0,0.6666666865,inner_train
1,5693,5qQs9Cfydo4$_$9,5qQs9Cfydo4,1,0,0,0,0.6666666865,inner_train
1,5694,5qQs9Cfydo4$_$8,5qQs9Cfydo4,1,0,0,0,-0.6666666865,inner_train
1,5718,5tV5rZZJDCE$_$0,5tV5rZZJDCE,1,0,0,0,0.3333333433,inner_train
1,5719,5tV5rZZJDCE$_$3,5tV5rZZJDCE,1,0,0,0,0.3333333433,inner_train
1,5720,5tV5rZZJDCE$_$4,5tV5rZZJDCE,1,0,0,0,0.3333333433,inner_train
1,5721,5tV5rZZJDCE$_$7,5tV5rZZJDCE,1,0,0,0,0.3333333433,inner_train
1,5722,5tV5rZZJDCE$_$6,5tV5rZZJDCE,1,0,0,0,0.6666666865,inner_train
1,5723,5wpCKY2U1NE$_$10,5wpCKY2U1NE,1,0,0,0,-0.3333333433,inner_train
1,5724,5wpCKY2U1NE$_$1,5wpCKY2U1NE,1,0,0,0,-0.3333333433,inner_train
1,5725,5wpCKY2U1NE$_$0,5wpCKY2U1NE,1,0,0,0,0,inner_train
1,5726,5wpCKY2U1NE$_$5,5wpCKY2U1NE,1,0,0,0,0.3333333433,inner_train
1,5727,5wpCKY2U1NE$_$4,5wpCKY2U1NE,1,0,0,0,0,inner_train
1,5728,5wpCKY2U1NE$_$7,5wpCKY2U1NE,1,0,0,0,0.6666666865,inner_train
1,5729,5wpCKY2U1NE$_$9,5wpCKY2U1NE,1,0,0,0,-0.3333333433,inner_train
1,5730,5wpCKY2U1NE$_$8,5wpCKY2U1NE,1,0,0,0,0,inner_train
1,5749,60Qw70Rd9Yg$_$9,60Qw70Rd9Yg,1,0,0,0,-0.3333333433,outer
1,5750,60Qw70Rd9Yg$_$7,60Qw70Rd9Yg,1,0,0,0,-0.3333333433,outer
1,5751,60Qw70Rd9Yg$_$6,60Qw70Rd9Yg,1,0,0,0,0.6666666865,outer
1,5770,69707$_$1,69707,1,0,0,0,0,inner_train
1,5771,69707$_$0,69707,1,0,0,0,0,inner_train
1,5772,69707$_$3,69707,1,0,0,0,-0.6666666865,inner_train
1,5773,69707$_$2,69707,1,0,0,0,-1.666666627,inner_train
1,5774,69707$_$5,69707,1,0,0,0,-1,inner_train
1,5775,69707$_$4,69707,1,0,0,0,-2,inner_train
1,5776,69707$_$7,69707,1,0,0,0,-0.6666666865,inner_train
1,5777,69707$_$6,69707,1,0,0,0,-3,inner_train
1,5778,69NtV79qgOg$_$1,69NtV79qgOg,1,1,0,0,1.333333373,inner_train
1,5779,69NtV79qgOg$_$0,69NtV79qgOg,1,1,0,0,0.3333333433,inner_train
1,5780,69NtV79qgOg$_$2,69NtV79qgOg,1,1,0,0,0.6666666865,inner_train
1,5781,69NtV79qgOg$_$4,69NtV79qgOg,1,1,0,0,0,inner_train
1,5782,69NtV79qgOg$_$7,69NtV79qgOg,1,1,0,0,-0.3333333433,inner_train
1,5783,6E-yr6nPxGA$_$15,6E-yr6nPxGA,1,0,0,0,-1.333333373,outer
1,5784,6E-yr6nPxGA$_$12,6E-yr6nPxGA,1,0,0,0,0.3333333433,outer
1,5785,6E-yr6nPxGA$_$5,6E-yr6nPxGA,1,0,0,0,-0.3333333433,outer
1,5786,6E-yr6nPxGA$_$17,6E-yr6nPxGA,1,0,0,0,1,outer
1,5787,6G8JJ69aN6o$_$1,6G8JJ69aN6o,1,1,0,0,1.333333373,inner_valid
1,5788,6G8JJ69aN6o$_$3,6G8JJ69aN6o,1,1,0,0,1,inner_valid
1,5789,6G8JJ69aN6o$_$2,6G8JJ69aN6o,1,1,0,0,0.3333333433,inner_valid
1,5790,6G8JJ69aN6o$_$5,6G8JJ69aN6o,1,1,0,0,2,inner_valid
1,5791,6G8JJ69aN6o$_$4,6G8JJ69aN6o,1,1,0,0,0.6666666865,inner_valid
1,5792,6G8JJ69aN6o$_$7,6G8JJ69aN6o,1,1,0,0,0.6666666865,inner_valid
1,5793,6G8JJ69aN6o$_$8,6G8JJ69aN6o,1,1,0,0,0.6666666865,inner_valid
1,5794,6IUj6jyoTl0$_$0,6IUj6jyoTl0,1,0,0,0,0.6666666865,inner_train
1,5795,6IUj6jyoTl0$_$2,6IUj6jyoTl0,1,0,0,0,-1,inner_train
1,5796,6IUj6jyoTl0$_$4,6IUj6jyoTl0,1,0,0,0,-1,inner_train
1,5797,6J_yzh1LNAE$_$0,6J_yzh1LNAE,1,0,0,0,0.3333333433,inner_train
1,5798,6J_yzh1LNAE$_$2,6J_yzh1LNAE,1,0,0,0,1,inner_train
1,5806,6MloL1gIccs$_$10,6MloL1gIccs,1,1,0,0,0,inner_valid
1,5807,6MloL1gIccs$_$13,6MloL1gIccs,1,1,0,0,0.3333333433,inner_valid
1,5808,6MloL1gIccs$_$12,6MloL1gIccs,1,1,0,0,0.6666666865,inner_valid
1,5809,6MloL1gIccs$_$15,6MloL1gIccs,1,1,0,0,0,inner_valid
1,5810,6MloL1gIccs$_$16,6MloL1gIccs,1,1,0,0,1,inner_valid
1,5811,6MloL1gIccs$_$1,6MloL1gIccs,1,1,0,0,0.3333333433,inner_valid
1,5812,6MloL1gIccs$_$3,6MloL1gIccs,1,1,0,0,0.3333333433,inner_valid
1,5813,6MloL1gIccs$_$4,6MloL1gIccs,1,1,0,0,1.666666627,inner_valid
1,5814,6MloL1gIccs$_$6,6MloL1gIccs,1,1,0,0,1.333333373,inner_valid
1,5815,6MloL1gIccs$_$9,6MloL1gIccs,1,1,0,0,0.3333333433,inner_valid
1,5816,6MloL1gIccs$_$8,6MloL1gIccs,1,1,0,0,0.3333333433,inner_valid
1,5817,6PLlauWxF5E$_$0,6PLlauWxF5E,1,0,0,1,1.333333373,inner_train
1,5818,6PLlauWxF5E$_$2,6PLlauWxF5E,1,0,0,1,0.6666666865,inner_train
1,5822,6TDXQtGUNEs$_$11,6TDXQtGUNEs,1,1,0,0,0.3333333433,inner_valid
1,5823,6TDXQtGUNEs$_$12,6TDXQtGUNEs,1,1,0,0,0.3333333433,inner_valid
1,5824,6TDXQtGUNEs$_$17,6TDXQtGUNEs,1,1,0,0,2.333333254,inner_valid
1,5825,6TDXQtGUNEs$_$22,6TDXQtGUNEs,1,1,0,0,2,inner_valid
1,5826,6TDXQtGUNEs$_$16,6TDXQtGUNEs,1,1,0,0,-0.3333333433,inner_valid
1,5827,6TDXQtGUNEs$_$19,6TDXQtGUNEs,1,1,0,0,1,inner_valid
1,5828,6TDXQtGUNEs$_$2,6TDXQtGUNEs,1,1,0,0,0,inner_valid
1,5829,6TDXQtGUNEs$_$4,6TDXQtGUNEs,1,1,0,0,-1.333333373,inner_valid
1,5830,6TDXQtGUNEs$_$7,6TDXQtGUNEs,1,1,0,0,0,inner_valid
1,5831,6TDXQtGUNEs$_$6,6TDXQtGUNEs,1,1,0,0,0.3333333433,inner_valid
1,5832,6TDXQtGUNEs$_$8,6TDXQtGUNEs,1,1,0,0,0.6666666865,inner_valid
1,5833,6TDXQtGUNEs$_$21,6TDXQtGUNEs,1,1,0,0,0.3333333433,inner_valid
1,5834,6TKaGMkO69E$_$2,6TKaGMkO69E,1,0,0,0,-1.666666627,inner_valid
1,5835,6TKaGMkO69E$_$4,6TKaGMkO69E,1,0,0,0,1,inner_valid
1,5836,6TKaGMkO69E$_$6,6TKaGMkO69E,1,0,0,0,-1.666666627,inner_valid
1,5837,6UV6ktwbLoo$_$1,6UV6ktwbLoo,1,1,0,0,0,inner_train
1,5838,6UV6ktwbLoo$_$0,6UV6ktwbLoo,1,1,0,0,0,inner_train
1,5839,6UV6ktwbLoo$_$3,6UV6ktwbLoo,1,1,0,0,0,inner_train
1,5840,6UV6ktwbLoo$_$2,6UV6ktwbLoo,1,1,0,0,0,inner_train
1,5841,6Vg10LxmWUY$_$1,6Vg10LxmWUY,1,0,0,0,0,inner_valid
1,5842,6Vg10LxmWUY$_$0,6Vg10LxmWUY,1,0,0,0,1,inner_valid
1,5843,6Vg10LxmWUY$_$3,6Vg10LxmWUY,1,0,0,0,0.3333333433,inner_valid
1,5844,6Vg10LxmWUY$_$2,6Vg10LxmWUY,1,0,0,0,0,inner_valid
1,5845,6Vg10LxmWUY$_$4,6Vg10LxmWUY,1,0,0,0,0,inner_valid
1,5846,6WDchK7TuL8$_$1,6WDchK7TuL8,1,0,0,0,0.6666666865,inner_valid
1,5847,6WDchK7TuL8$_$0,6WDchK7TuL8,1,0,0,0,1.333333373,inner_valid
1,5848,6WDchK7TuL8$_$3,6WDchK7TuL8,1,0,0,0,0,inner_valid
1,5849,6YNAmRjpxlA$_$1,6YNAmRjpxlA,1,0,0,0,0,outer
1,5850,6YNAmRjpxlA$_$0,6YNAmRjpxlA,1,0,0,0,0,outer
1,5851,6YNAmRjpxlA$_$5,6YNAmRjpxlA,1,0,0,0,0,outer
1,5852,6YNAmRjpxlA$_$6,6YNAmRjpxlA,1,0,0,0,0.3333333433,outer
1,5858,6c7vAwDSVGc$_$1,6c7vAwDSVGc,1,1,0,0,0.6666666865,inner_train
1,5859,6c7vAwDSVGc$_$2,6c7vAwDSVGc,1,1,0,0,0.3333333433,inner_train
1,5860,6hp1SGhVYfY$_$1,6hp1SGhVYfY,1,0,0,0,2.666666746,inner_train
1,5861,6hp1SGhVYfY$_$3,6hp1SGhVYfY,1,0,0,0,0.3333333433,inner_train
1,5874,6q5uKCgairk$_$11,6q5uKCgairk,1,0,0,0,1,outer
1,5875,6q5uKCgairk$_$10,6q5uKCgairk,1,0,0,0,0,outer
1,5876,6q5uKCgairk$_$13,6q5uKCgairk,1,0,0,0,0,outer
1,5877,6q5uKCgairk$_$12,6q5uKCgairk,1,0,0,0,0,outer
1,5878,6q5uKCgairk$_$1,6q5uKCgairk,1,0,0,0,0.3333333433,outer
1,5879,6q5uKCgairk$_$0,6q5uKCgairk,1,0,0,0,0.3333333433,outer
1,5880,6q5uKCgairk$_$3,6q5uKCgairk,1,0,0,0,1.666666627,outer
1,5881,6q5uKCgairk$_$2,6q5uKCgairk,1,0,0,0,1.666666627,outer
1,5882,6q5uKCgairk$_$5,6q5uKCgairk,1,0,0,0,1.333333373,outer
1,5883,6q5uKCgairk$_$4,6q5uKCgairk,1,0,0,0,0.3333333433,outer
1,5884,6q5uKCgairk$_$7,6q5uKCgairk,1,0,0,0,0.6666666865,outer
1,5885,6q5uKCgairk$_$6,6q5uKCgairk,1,0,0,0,1,outer
1,5886,6q5uKCgairk$_$9,6q5uKCgairk,1,0,0,0,0.6666666865,outer
1,5887,6q5uKCgairk$_$8,6q5uKCgairk,1,0,0,0,0.3333333433,outer
1,5889,6qmReTSoz0E$_$1,6qmReTSoz0E,1,1,0,0,0,inner_train
1,5890,6rkV4QRcVnk$_$0,6rkV4QRcVnk,1,0,0,1,0,inner_train
1,5891,6rkV4QRcVnk$_$3,6rkV4QRcVnk,1,0,0,1,-0.3333333433,inner_train
1,5892,6rkV4QRcVnk$_$2,6rkV4QRcVnk,1,0,0,1,0,inner_train
1,5893,6rkV4QRcVnk$_$5,6rkV4QRcVnk,1,0,0,1,2,inner_train
1,5894,6rkV4QRcVnk$_$4,6rkV4QRcVnk,1,0,0,1,0,inner_train
1,5895,6rkV4QRcVnk$_$6,6rkV4QRcVnk,1,0,0,1,1.333333373,inner_train
1,5896,6rkV4QRcVnk$_$8,6rkV4QRcVnk,1,0,0,1,0,inner_train
1,5908,6vbd4o5rIjM$_$10,6vbd4o5rIjM,1,1,0,0,0,inner_train
1,5909,6vbd4o5rIjM$_$13,6vbd4o5rIjM,1,1,0,0,2.333333254,inner_train
1,5910,6vbd4o5rIjM$_$12,6vbd4o5rIjM,1,1,0,0,1,inner_train
1,5911,6vbd4o5rIjM$_$3,6vbd4o5rIjM,1,1,0,0,0,inner_train
1,5912,6vbd4o5rIjM$_$2,6vbd4o5rIjM,1,1,0,0,0,inner_train
1,5913,6vbd4o5rIjM$_$7,6vbd4o5rIjM,1,1,0,0,0,inner_train
1,5914,6vbd4o5rIjM$_$6,6vbd4o5rIjM,1,1,0,0,0,inner_train
1,5954,70710$_$1,70710,1,0,0,1,0.3333333433,inner_train
1,5955,70710$_$0,70710,1,0,0,1,0.3333333433,inner_train
1,5956,70710$_$3,70710,1,0,0,1,0.6666666865,inner_train
1,5957,70710$_$2,70710,1,0,0,1,-0.3333333433,inner_train
1,5958,708sewcSXVY$_$0,708sewcSXVY,1,0,0,1,0,inner_train
1,5959,708sewcSXVY$_$3,708sewcSXVY,1,0,0,1,0.3333333433,inner_train
1,5960,708sewcSXVY$_$5,708sewcSXVY,1,0,0,1,1.333333373,inner_train
1,5961,72017$_$11,72017,1,0,0,1,0,inner_valid
1,5962,72017$_$10,72017,1,0,0,1,0,inner_valid
1,5963,72017$_$13,72017,1,0,0,1,-1.333333373,inner_valid
1,5964,72017$_$12,72017,1,0,0,1,-0.3333333433,inner_valid
1,5965,72017$_$1,72017,1,0,0,1,0,inner_valid
1,5966,72017$_$0,72017,1,0,0,1,0,inner_valid
1,5967,72017$_$3,72017,1,0,0,1,0,inner_valid
1,5968,72017$_$2,72017,1,0,0,1,-2.333333254,inner_valid
1,5969,72017$_$5,72017,1,0,0,1,-1,inner_valid
1,5970,72017$_$4,72017,1,0,0,1,-1.666666627,inner_valid
1,5971,72017$_$7,72017,1,0,0,1,-0.6666666865,inner_valid
1,5972,72017$_$6,72017,1,0,0,1,-1.666666627,inner_valid
1,5973,72017$_$9,72017,1,0,0,1,1,inner_valid
1,5974,72017$_$8,72017,1,0,0,1,-1,inner_valid
1,5999,72tXTrSXoMk$_$10,72tXTrSXoMk,1,1,0,0,2.333333254,inner_train
1,6000,72tXTrSXoMk$_$3,72tXTrSXoMk,1,1,0,0,0.6666666865,inner_train
1,6001,72tXTrSXoMk$_$2,72tXTrSXoMk,1,1,0,0,0.3333333433,inner_train
1,6002,72tXTrSXoMk$_$5,72tXTrSXoMk,1,1,0,0,0,inner_train
1,6003,72tXTrSXoMk$_$4,72tXTrSXoMk,1,1,0,0,0.3333333433,inner_train
1,6004,72tXTrSXoMk$_$7,72tXTrSXoMk,1,1,0,0,0.3333333433,inner_train
1,6005,72tXTrSXoMk$_$6,72tXTrSXoMk,1,1,0,0,0.6666666865,inner_train
1,6006,72tXTrSXoMk$_$9,72tXTrSXoMk,1,1,0,0,2,inner_train
1,6007,72tXTrSXoMk$_$8,72tXTrSXoMk,1,1,0,0,1.333333373,inner_train
1,6008,73447$_$11,73447,1,0,0,0,-1.666666627,inner_train
1,6009,73447$_$10,73447,1,0,0,0,-1.666666627,inner_train
1,6010,73447$_$13,73447,1,0,0,0,-1,inner_train
1,6011,73447$_$12,73447,1,0,0,0,-2,inner_train
1,6012,73447$_$15,73447,1,0,0,0,-2,inner_train
1,6013,73447$_$14,73447,1,0,0,0,0,inner_train
1,6014,73447$_$17,73447,1,0,0,0,-2.333333254,inner_train
1,6015,73447$_$16,73447,1,0,0,0,-1,inner_train
1,6016,73447$_$1,73447,1,0,0,0,0,inner_train
1,6017,73447$_$0,73447,1,0,0,0,0,inner_train
1,6018,73447$_$3,73447,1,0,0,0,-3,inner_train
1,6019,73447$_$2,73447,1,0,0,0,-2.333333254,inner_train
1,6020,73447$_$5,73447,1,0,0,0,-2.333333254,inner_train
1,6021,73447$_$4,73447,1,0,0,0,-1,inner_train
1,6022,73447$_$7,73447,1,0,0,0,-2,inner_train
1,6023,73447$_$6,73447,1,0,0,0,-1,inner_train
1,6024,73447$_$9,73447,1,0,0,0,-2.666666746,inner_train
1,6025,73447$_$8,73447,1,0,0,0,-1,inner_train
1,6050,74184$_$11,74184,1,0,0,0,-1,inner_train
1,6051,74184$_$10,74184,1,0,0,0,1,inner_train
1,6052,74184$_$13,74184,1,0,0,0,-0.3333333433,inner_train
1,6053,74184$_$12,74184,1,0,0,0,-1,inner_train
1,6054,74184$_$14,74184,1,0,0,0,-1.666666627,inner_train
1,6055,74184$_$1,74184,1,0,0,0,0,inner_train
1,6056,74184$_$0,74184,1,0,0,0,1,inner_train
1,6057,74184$_$5,74184,1,0,0,0,0,inner_train
1,6058,74184$_$4,74184,1,0,0,0,0,inner_train
1,6059,74184$_$7,74184,1,0,0,0,1,inner_train
1,6060,74184$_$6,74184,1,0,0,0,-1.333333373,inner_train
1,6061,74184$_$9,74184,1,0,0,0,0,inner_train
1,6062,74184$_$8,74184,1,0,0,0,-0.3333333433,inner_train
1,6063,74870$_$11,74870,1,1,0,0,-0.6666666865,inner_train
1,6064,74870$_$10,74870,1,1,0,0,0,inner_train
1,6065,74870$_$1,74870,1,1,0,0,0,inner_train
1,6066,74870$_$0,74870,1,1,0,0,0,inner_train
1,6067,74870$_$3,74870,1,1,0,0,-0.3333333433,inner_train
1,6068,74870$_$2,74870,1,1,0,0,-0.3333333433,inner_train
1,6069,74870$_$5,74870,1,1,0,0,-0.3333333433,inner_train
1,6070,74870$_$4,74870,1,1,0,0,0,inner_train
1,6071,74870$_$7,74870,1,1,0,0,0,inner_train
1,6072,74870$_$6,74870,1,1,0,0,-0.6666666865,inner_train
1,6073,74870$_$9,74870,1,1,0,0,-0.3333333433,inner_train
1,6074,74870$_$8,74870,1,1,0,0,0,inner_train
1,6075,75938$_$1,75938,1,0,1,0,0.3333333433,outer
1,6076,75938$_$0,75938,1,0,1,0,0,outer
1,6077,75938$_$3,75938,1,0,1,0,-2,outer
1,6078,75938$_$2,75938,1,0,1,0,0.3333333433,outer
1,6079,75938$_$5,75938,1,0,1,0,-0.3333333433,outer
1,6080,75938$_$4,75938,1,0,1,0,-1.333333373,outer
1,6081,75938$_$7,75938,1,0,1,0,-1.666666627,outer
1,6082,75938$_$6,75938,1,0,1,0,-0.3333333433,outer
1,6083,75938$_$9,75938,1,0,1,0,-1.333333373,outer
1,6084,75938$_$8,75938,1,0,1,0,-1.333333373,outer
1,6085,76124$_$10,76124,1,0,0,0,-1.333333373,inner_train
1,6086,76124$_$1,76124,1,0,0,0,0.3333333433,inner_train
1,6087,76124$_$0,76124,1,0,0,0,-2,inner_train
1,6088,76124$_$3,76124,1,0,0,0,0,inner_train
1,6089,76124$_$2,76124,1,0,0,0,0,inner_train
1,6090,76124$_$5,76124,1,0,0,0,0,inner_train
1,6091,76124$_$4,76124,1,0,0,0,-1,inner_train
1,6092,76124$_$7,76124,1,0,0,0,0,inner_train
1,6093,76124$_$6,76124,1,0,0,0,0,inner_train
1,6094,76124$_$9,76124,1,0,0,0,0,inner_train
1,6095,76124$_$8,76124,1,0,0,0,0.3333333433,inner_train
1,6122,79934$_$0,79934,1,1,0,0,0.3333333433,inner_train
1,6123,79934$_$3,79934,1,1,0,0,0,inner_train
1,6124,79934$_$2,79934,1,1,0,0,0,inner_train
1,6125,79934$_$5,79934,1,1,0,0,0.3333333433,inner_train
1,6126,79934$_$4,79934,1,1,0,0,-0.6666666865,inner_train
1,6127,79934$_$7,79934,1,1,0,0,-2.333333254,inner_train
1,6128,79934$_$6,79934,1,1,0,0,-1.333333373,inner_train
1,6149,7CLe7PZtna4$_$8,7CLe7PZtna4,1,1,0,0,0.6666666865,inner_train
1,6150,7CLe7PZtna4$_$6,7CLe7PZtna4,1,1,0,0,-0.3333333433,inner_train
1,6172,7U_z0JfleAw$_$2,7U_z0JfleAw,1,1,1,0,-0.3333333433,inner_valid
1,6173,7U_z0JfleAw$_$8,7U_z0JfleAw,1,1,1,0,0.3333333433,inner_valid
1,6174,7U_z0JfleAw$_$12,7U_z0JfleAw,1,1,1,0,0.6666666865,inner_valid
1,6175,7U_z0JfleAw$_$15,7U_z0JfleAw,1,1,1,0,0.3333333433,inner_valid
1,6176,7U_z0JfleAw$_$6,7U_z0JfleAw,1,1,1,0,0,inner_valid
1,6198,7Vp6Lvin1rA$_$12,7Vp6Lvin1rA,1,1,0,0,-0.3333333433,inner_train
1,6199,7Vp6Lvin1rA$_$15,7Vp6Lvin1rA,1,1,0,0,1,inner_train
1,6200,7Vp6Lvin1rA$_$4,7Vp6Lvin1rA,1,1,0,0,0,inner_train
1,6201,7Vp6Lvin1rA$_$14,7Vp6Lvin1rA,1,1,0,0,-0.3333333433,inner_train
1,6202,7Vp6Lvin1rA$_$6,7Vp6Lvin1rA,1,1,0,0,0,inner_train
1,6250,7eWclVCXOtk$_$1,7eWclVCXOtk,1,0,0,0,-0.3333333433,inner_valid
1,6251,7eWclVCXOtk$_$0,7eWclVCXOtk,1,0,0,0,0,inner_valid
1,6252,7eWclVCXOtk$_$3,7eWclVCXOtk,1,0,0,0,0,inner_valid
1,6253,7eWclVCXOtk$_$2,7eWclVCXOtk,1,0,0,0,0.6666666865,inner_valid
1,6254,7eWclVCXOtk$_$4,7eWclVCXOtk,1,0,0,0,1,inner_valid
1,6255,7eWclVCXOtk$_$7,7eWclVCXOtk,1,0,0,0,0,inner_valid
1,6256,7eWclVCXOtk$_$6,7eWclVCXOtk,1,0,0,0,0.3333333433,inner_valid
1,6257,7eWclVCXOtk$_$8,7eWclVCXOtk,1,0,0,0,0.3333333433,inner_valid
1,6258,7fPYpqzw1iY$_$12,7fPYpqzw1iY,1,1,0,0,0.3333333433,outer
1,6259,7fPYpqzw1iY$_$15,7fPYpqzw1iY,1,1,0,0,1,outer
1,6260,7hSWYI99-24$_$0,7hSWYI99-24,1,1,0,0,0,inner_train
1,6261,7hSWYI99-24$_$3,7hSWYI99-24,1,1,0,0,1.333333373,inner_train
1,6262,7hSWYI99-24$_$5,7hSWYI99-24,1,1,0,0,0.3333333433,inner_train
1,6263,7hSWYI99-24$_$4,7hSWYI99-24,1,1,0,0,0,inner_train
1,6264,7hSWYI99-24$_$6,7hSWYI99-24,1,1,0,0,1,inner_train
1,6272,7oFimEZJQ_A$_$1,7oFimEZJQ_A,1,0,0,1,-3,inner_train
1,6273,7oFimEZJQ_A$_$5,7oFimEZJQ_A,1,0,0,1,-0.6666666865,inner_train
1,6274,7oFimEZJQ_A$_$4,7oFimEZJQ_A,1,0,0,1,-1,inner_train
1,6275,7oFimEZJQ_A$_$6,7oFimEZJQ_A,1,0,0,1,-1.333333373,inner_train
1,6283,7rMLN0KKE5k$_$24,7rMLN0KKE5k,1,1,0,0,-0.3333333433,inner_train
1,6284,7rMLN0KKE5k$_$25,7rMLN0KKE5k,1,1,0,0,0,inner_train
1,6285,7rMLN0KKE5k$_$26,7rMLN0KKE5k,1,1,0,0,-0.3333333433,inner_train
1,6286,7rMLN0KKE5k$_$27,7rMLN0KKE5k,1,1,0,0,-0.3333333433,inner_train
1,6287,7rMLN0KKE5k$_$20,7rMLN0KKE5k,1,1,0,0,-2.333333254,inner_train
1,6288,7rMLN0KKE5k$_$21,7rMLN0KKE5k,1,1,0,0,0.3333333433,inner_train
1,6289,7rMLN0KKE5k$_$22,7rMLN0KKE5k,1,1,0,0,1,inner_train
1,6290,7rMLN0KKE5k$_$23,7rMLN0KKE5k,1,1,0,0,-0.3333333433,inner_train
1,6291,7rMLN0KKE5k$_$28,7rMLN0KKE5k,1,1,0,0,-0.3333333433,inner_train
1,6292,7rMLN0KKE5k$_$29,7rMLN0KKE5k,1,1,0,0,1,inner_train
1,6293,7rMLN0KKE5k$_$1,7rMLN0KKE5k,1,1,0,0,-1.333333373,inner_train
1,6294,7rMLN0KKE5k$_$0,7rMLN0KKE5k,1,1,0,0,0.3333333433,inner_train
1,6295,7rMLN0KKE5k$_$3,7rMLN0KKE5k,1,1,0,0,-0.3333333433,inner_train
1,6296,7rMLN0KKE5k$_$2,7rMLN0KKE5k,1,1,0,0,-0.3333333433,inner_train
1,6297,7rMLN0KKE5k$_$7,7rMLN0KKE5k,1,1,0,0,-2.333333254,inner_train
1,6298,7rMLN0KKE5k$_$6,7rMLN0KKE5k,1,1,0,0,-1.333333373,inner_train
1,6299,7rMLN0KKE5k$_$9,7rMLN0KKE5k,1,1,0,0,0.3333333433,inner_train
1,6300,7rMLN0KKE5k$_$11,7rMLN0KKE5k,1,1,0,0,0,inner_train
1,6301,7rMLN0KKE5k$_$10,7rMLN0KKE5k,1,1,0,0,0.6666666865,inner_train
1,6302,7rMLN0KKE5k$_$13,7rMLN0KKE5k,1,1,0,0,-1,inner_train
1,6303,7rMLN0KKE5k$_$12,7rMLN0KKE5k,1,1,0,0,0.3333333433,inner_train
1,6304,7rMLN0KKE5k$_$15,7rMLN0KKE5k,1,1,0,0,1.666666627,inner_train
1,6305,7rMLN0KKE5k$_$14,7rMLN0KKE5k,1,1,0,0,0.3333333433,inner_train
1,6306,7rMLN0KKE5k$_$19,7rMLN0KKE5k,1,1,0,0,-0.3333333433,inner_train
1,6307,7rMLN0KKE5k$_$18,7rMLN0KKE5k,1,1,0,0,-1.333333373,inner_train
1,6308,7rMLN0KKE5k$_$31,7rMLN0KKE5k,1,1,0,0,2.333333254,inner_train
1,6309,7rMLN0KKE5k$_$30,7rMLN0KKE5k,1,1,0,0,-1.333333373,inner_train
1,6310,7rMLN0KKE5k$_$33,7rMLN0KKE5k,1,1,0,0,-2.333333254,inner_train
1,6311,7rMLN0KKE5k$_$32,7rMLN0KKE5k,1,1,0,0,1.666666627,inner_train
1,6320,7vJy1zbopJ8$_$5,7vJy1zbopJ8,1,0,0,0,0.6666666865,outer
1,6322,7xiu1tAJ2d8$_$11,7xiu1tAJ2d8,1,0,0,0,-0.6666666865,inner_train
1,6323,7xiu1tAJ2d8$_$13,7xiu1tAJ2d8,1,0,0,0,0.3333333433,inner_train
1,6324,7xiu1tAJ2d8$_$15,7xiu1tAJ2d8,1,0,0,0,0.3333333433,inner_train
1,6325,7xiu1tAJ2d8$_$14,7xiu1tAJ2d8,1,0,0,0,1.666666627,inner_train
1,6326,7xiu1tAJ2d8$_$16,7xiu1tAJ2d8,1,0,0,0,0,inner_train
1,6327,7xiu1tAJ2d8$_$18,7xiu1tAJ2d8,1,0,0,0,0.3333333433,inner_train
1,6328,7xiu1tAJ2d8$_$1,7xiu1tAJ2d8,1,0,0,0,0,inner_train
1,6329,7xiu1tAJ2d8$_$3,7xiu1tAJ2d8,1,0,0,0,1,inner_train
1,6330,7xiu1tAJ2d8$_$5,7xiu1tAJ2d8,1,0,0,0,0.3333333433,inner_train
1,6331,7xiu1tAJ2d8$_$4,7xiu1tAJ2d8,1,0,0,0,0,inner_train
1,6332,7xiu1tAJ2d8$_$9,7xiu1tAJ2d8,1,0,0,0,0,inner_train
1,6333,7xiu1tAJ2d8$_$8,7xiu1tAJ2d8,1,0,0,0,1,inner_train
1,6347,80627$_$11,80627,1,1,0,0,-1.333333373,inner_train
1,6348,80627$_$10,80627,1,1,0,0,-2.666666746,inner_train
1,6349,80627$_$13,80627,1,1,0,0,-2,inner_train
1,6350,80627$_$12,80627,1,1,0,0,0,inner_train
1,6351,80627$_$1,80627,1,1,0,0,0,inner_train
1,6352,80627$_$0,80627,1,1,0,0,0.6666666865,inner_train
1,6353,80627$_$3,80627,1,1,0,0,1,inner_train
1,6354,80627$_$2,80627,1,1,0,0,0,inner_train
1,6355,80627$_$5,80627,1,1,0,0,-1,inner_train
1,6356,80627$_$4,80627,1,1,0,0,-2.666666746,inner_train
1,6357,80627$_$7,80627,1,1,0,0,0,inner_train
1,6358,80627$_$6,80627,1,1,0,0,-2.333333254,inner_train
1,6359,80627$_$9,80627,1,1,0,0,0.3333333433,inner_train
1,6360,80627$_$8,80627,1,1,0,0,0,inner_train
1,6361,80866$_$11,80866,1,0,0,0,0.3333333433,inner_train
1,6362,80866$_$10,80866,1,0,0,0,0,inner_train
1,6363,80866$_$13,80866,1,0,0,0,0,inner_train
1,6364,80866$_$12,80866,1,0,0,0,-1.666666627,inner_train
1,6365,80866$_$15,80866,1,0,0,0,-0.6666666865,inner_train
1,6366,80866$_$14,80866,1,0,0,0,-1.666666627,inner_train
1,6367,80866$_$16,80866,1,0,0,0,0,inner_train
1,6368,80866$_$1,80866,1,0,0,0,0.6666666865,inner_train
1,6369,80866$_$0,80866,1,0,0,0,0,inner_train
1,6370,80866$_$3,80866,1,0,0,0,0.3333333433,inner_train
1,6371,80866$_$2,80866,1,0,0,0,0.3333333433,inner_train
1,6372,80866$_$5,80866,1,0,0,0,0,inner_train
1,6373,80866$_$4,80866,1,0,0,0,0,inner_train
1,6374,80866$_$7,80866,1,0,0,0,0,inner_train
1,6375,80866$_$6,80866,1,0,0,0,0,inner_train
1,6376,80866$_$9,80866,1,0,0,0,-1,inner_train
1,6377,80866$_$8,80866,1,0,0,0,-1,inner_train
1,6395,81538$_$11,81538,1,0,0,0,-1,inner_valid
1,6396,81538$_$10,81538,1,0,0,0,-1.333333373,inner_valid
1,6397,81538$_$1,81538,1,0,0,0,0,inner_valid
1,6398,81538$_$0,81538,1,0,0,0,0,inner_valid
1,6399,81538$_$3,81538,1,0,0,0,0,inner_valid
1,6400,81538$_$2,81538,1,0,0,0,0,inner_valid
1,6401,81538$_$5,81538,1,0,0,0,-1.333333373,inner_valid
1,6402,81538$_$4,81538,1,0,0,0,-0.6666666865,inner_valid
1,6403,81538$_$7,81538,1,0,0,0,-2.333333254,inner_valid
1,6404,81538$_$6,81538,1,0,0,0,-1.333333373,inner_valid
1,6405,81538$_$9,81538,1,0,0,0,-1.333333373,inner_valid
1,6406,81538$_$8,81538,1,0,0,0,-1.333333373,inner_valid
1,6415,81668$_$1,81668,1,0,0,0,0,outer
1,6416,81668$_$0,81668,1,0,0,0,0,outer
1,6417,81668$_$3,81668,1,0,0,0,-2.333333254,outer
1,6418,81668$_$2,81668,1,0,0,0,-0.3333333433,outer
1,6419,81668$_$5,81668,1,0,0,0,-2,outer
1,6420,81668$_$4,81668,1,0,0,0,-2.333333254,outer
1,6421,81668$_$7,81668,1,0,0,0,-2.333333254,outer
1,6422,81668$_$6,81668,1,0,0,0,-2,outer
1,6423,81668$_$8,81668,1,0,0,0,-2.333333254,outer
1,6427,83859$_$24,83859,1,0,0,0,0,inner_train
1,6428,83859$_$25,83859,1,0,0,0,0.6666666865,inner_train
1,6429,83859$_$26,83859,1,0,0,0,0.3333333433,inner_train
1,6430,83859$_$27,83859,1,0,0,0,0.6666666865,inner_train
1,6431,83859$_$20,83859,1,0,0,0,1.333333373,inner_train
1,6432,83859$_$21,83859,1,0,0,0,1,inner_train
1,6433,83859$_$22,83859,1,0,0,0,0.3333333433,inner_train
1,6434,83859$_$28,83859,1,0,0,0,0.3333333433,inner_train
1,6435,83859$_$29,83859,1,0,0,0,0,inner_train
1,6436,83859$_$1,83859,1,0,0,0,2.666666746,inner_train
1,6437,83859$_$0,83859,1,0,0,0,2,inner_train
1,6438,83859$_$3,83859,1,0,0,0,2.666666746,inner_train
1,6439,83859$_$2,83859,1,0,0,0,0.3333333433,inner_train
1,6440,83859$_$5,83859,1,0,0,0,2.333333254,inner_train
1,6441,83859$_$4,83859,1,0,0,0,0,inner_train
1,6442,83859$_$7,83859,1,0,0,0,1.666666627,inner_train
1,6443,83859$_$6,83859,1,0,0,0,2.666666746,inner_train
1,6444,83859$_$9,83859,1,0,0,0,0.3333333433,inner_train
1,6445,83859$_$8,83859,1,0,0,0,0,inner_train
1,6446,83859$_$38,83859,1,0,0,0,2.666666746,inner_train
1,6447,83859$_$11,83859,1,0,0,0,2.666666746,inner_train
1,6448,83859$_$10,83859,1,0,0,0,3,inner_train
1,6449,83859$_$13,83859,1,0,0,0,0,inner_train
1,6450,83859$_$12,83859,1,0,0,0,0,inner_train
1,6451,83859$_$15,83859,1,0,0,0,1,inner_train
1,6452,83859$_$14,83859,1,0,0,0,0,inner_train
1,6453,83859$_$17,83859,1,0,0,0,1,inner_train
1,6454,83859$_$16,83859,1,0,0,0,3,inner_train
1,6455,83859$_$19,83859,1,0,0,0,0,inner_train
1,6456,83859$_$18,83859,1,0,0,0,0,inner_train
1,6457,83859$_$31,83859,1,0,0,0,2.333333254,inner_train
1,6458,83859$_$30,83859,1,0,0,0,1,inner_train
1,6459,83859$_$37,83859,1,0,0,0,0.3333333433,inner_train
1,6460,83859$_$36,83859,1,0,0,0,0.6666666865,inner_train
1,6461,83859$_$35,83859,1,0,0,0,2.666666746,inner_train
1,6462,83859$_$34,83859,1,0,0,0,2.666666746,inner_train
1,6463,83859$_$33,83859,1,0,0,0,2,inner_train
1,6464,83859$_$32,83859,1,0,0,0,3,inner_train
1,6465,83_N43pvgHI$_$11,83_N43pvgHI,1,0,0,0,1,inner_train
1,6466,83_N43pvgHI$_$5,83_N43pvgHI,1,0,0,0,-0.3333333433,inner_train
1,6481,84133$_$20,84133,1,1,0,0,2.333333254,inner_train
1,6482,84133$_$21,84133,1,1,0,0,0.6666666865,inner_train
1,6483,84133$_$22,84133,1,1,0,0,1.333333373,inner_train
1,6484,84133$_$23,84133,1,1,0,0,-2,inner_train
1,6485,84133$_$1,84133,1,1,0,0,3,inner_train
1,6486,84133$_$0,84133,1,1,0,0,1.666666627,inner_train
1,6487,84133$_$3,84133,1,1,0,0,1,inner_train
1,6488,84133$_$2,84133,1,1,0,0,0,inner_train
1,6489,84133$_$5,84133,1,1,0,0,-2.333333254,inner_train
1,6490,84133$_$4,84133,1,1,0,0,1,inner_train
1,6491,84133$_$7,84133,1,1,0,0,-2.666666746,inner_train
1,6492,84133$_$6,84133,1,1,0,0,-2,inner_train
1,6493,84133$_$9,84133,1,1,0,0,0,inner_train
1,6494,84133$_$8,84133,1,1,0,0,-1.333333373,inner_train
1,6495,84133$_$11,84133,1,1,0,0,-1.333333373,inner_train
1,6496,84133$_$10,84133,1,1,0,0,0,inner_train
1,6497,84133$_$13,84133,1,1,0,0,0,inner_train
1,6498,84133$_$12,84133,1,1,0,0,0,inner_train
1,6499,84133$_$15,84133,1,1,0,0,0,inner_train
1,6500,84133$_$14,84133,1,1,0,0,-1.333333373,inner_train
1,6501,84133$_$17,84133,1,1,0,0,-0.6666666865,inner_train
1,6502,84133$_$16,84133,1,1,0,0,1.666666627,inner_train
1,6503,84133$_$19,84133,1,1,0,0,-1.666666627,inner_train
1,6504,84133$_$18,84133,1,1,0,0,-1.666666627,inner_train
1,6516,856LGms_0s0$_$9,856LGms_0s0,1,0,0,0,0.6666666865,inner_valid
1,6517,856LGms_0s0$_$8,856LGms_0s0,1,0,0,0,1.666666627,inner_valid
1,6518,856LGms_0s0$_$6,856LGms_0s0,1,0,0,0,0.3333333433,inner_valid
1,6519,87161$_$11,87161,1,1,0,0,-0.3333333433,inner_train
1,6520,87161$_$10,87161,1,1,0,0,-2,inner_train
1,6521,87161$_$13,87161,1,1,0,0,-1.666666627,inner_train
1,6522,87161$_$12,87161,1,1,0,0,-2.666666746,inner_train
1,6523,87161$_$14,87161,1,1,0,0,1.333333373,inner_train
1,6524,87161$_$1,87161,1,1,0,0,0,inner_train
1,6525,87161$_$0,87161,1,1,0,0,0.3333333433,inner_train
1,6526,87161$_$3,87161,1,1,0,0,0,inner_train
1,6527,87161$_$2,87161,1,1,0,0,0,inner_train
1,6528,87161$_$5,87161,1,1,0,0,0,inner_train
1,6529,87161$_$4,87161,1,1,0,0,-0.6666666865,inner_train
1,6530,87161$_$7,87161,1,1,0,0,-2.333333254,inner_train
1,6531,87161$_$6,87161,1,1,0,0,0,inner_train
1,6532,87161$_$9,87161,1,1,0,0,-2.333333254,inner_train
1,6533,87161$_$8,87161,1,1,0,0,-1.333333373,inner_train
1,6553,88119$_$1,88119,1,1,0,0,0,inner_train
1,6554,88119$_$0,88119,1,1,0,0,0.3333333433,inner_train
1,6555,88119$_$3,88119,1,1,0,0,-1.333333373,inner_train
1,6556,88119$_$2,88119,1,1,0,0,0.3333333433,inner_train
1,6557,88119$_$5,88119,1,1,0,0,-1,inner_train
1,6558,88119$_$4,88119,1,1,0,0,-1.666666627,inner_train
1,6559,88119$_$6,88119,1,1,0,0,1,inner_train
1,6582,88888$_$10,88888,1,0,0,0,-1,inner_train
1,6583,88888$_$1,88888,1,0,0,0,-2.666666746,inner_train
1,6584,88888$_$0,88888,1,0,0,0,0.3333333433,inner_train
1,6585,88888$_$3,88888,1,0,0,0,1.666666627,inner_train
1,6586,88888$_$2,88888,1,0,0,0,-0.3333333433,inner_train
1,6587,88888$_$5,88888,1,0,0,0,-2.666666746,inner_train
1,6588,88888$_$4,88888,1,0,0,0,1.666666627,inner_train
1,6589,88888$_$7,88888,1,0,0,0,0,inner_train
1,6590,88888$_$6,88888,1,0,0,0,0.3333333433,inner_train
1,6591,88888$_$9,88888,1,0,0,0,-1.333333373,inner_train
1,6592,88888$_$8,88888,1,0,0,0,0.3333333433,inner_train
1,6593,88S1BjwMfdw$_$3,88S1BjwMfdw,1,0,0,0,0.6666666865,inner_train
1,6594,88S1BjwMfdw$_$27,88S1BjwMfdw,1,0,0,0,-0.3333333433,inner_train
1,6595,88S1BjwMfdw$_$29,88S1BjwMfdw,1,0,0,0,-0.3333333433,inner_train
1,6596,88S1BjwMfdw$_$22,88S1BjwMfdw,1,0,0,0,0,inner_train
1,6597,88S1BjwMfdw$_$7,88S1BjwMfdw,1,0,0,0,0.3333333433,inner_train
1,6598,88oSn21TFcA$_$12,88oSn21TFcA,1,1,0,1,0,outer
1,6599,88oSn21TFcA$_$0,88oSn21TFcA,1,1,0,1,0,outer
1,6600,88oSn21TFcA$_$3,88oSn21TFcA,1,1,0,1,-1.666666627,outer
1,6601,88oSn21TFcA$_$4,88oSn21TFcA,1,1,0,1,-1,outer
1,6602,88oSn21TFcA$_$6,88oSn21TFcA,1,1,0,1,0,outer
1,6603,88oSn21TFcA$_$9,88oSn21TFcA,1,1,0,1,-0.3333333433,outer
1,6604,88oSn21TFcA$_$8,88oSn21TFcA,1,1,0,1,-1,outer
1,6605,89747$_$1,89747,1,1,0,0,2.666666746,outer
1,6606,89747$_$0,89747,1,1,0,0,0,outer
1,6607,89747$_$3,89747,1,1,0,0,-0.6666666865,outer
1,6608,89747$_$2,89747,1,1,0,0,0,outer
1,6609,89747$_$5,89747,1,1,0,0,2.666666746,outer
1,6610,89747$_$4,89747,1,1,0,0,1.666666627,outer
1,6611,89747$_$7,89747,1,1,0,0,0,outer
1,6612,89747$_$6,89747,1,1,0,0,1.333333373,outer
1,6613,89747$_$9,89747,1,1,0,0,2,outer
1,6614,89747$_$8,89747,1,1,0,0,2.333333254,outer
1,6652,8Cp8c-eQELQ$_$11,8Cp8c-eQELQ,1,0,0,0,0.6666666865,inner_train
1,6653,8Cp8c-eQELQ$_$13,8Cp8c-eQELQ,1,0,0,0,1.666666627,inner_train
1,6654,8Cp8c-eQELQ$_$12,8Cp8c-eQELQ,1,0,0,0,0.3333333433,inner_train
1,6655,8Cp8c-eQELQ$_$15,8Cp8c-eQELQ,1,0,0,0,0.3333333433,inner_train
1,6656,8Cp8c-eQELQ$_$21,8Cp8c-eQELQ,1,0,0,0,1,inner_train
1,6657,8Cp8c-eQELQ$_$16,8Cp8c-eQELQ,1,0,0,0,0,inner_train
1,6658,8Cp8c-eQELQ$_$20,8Cp8c-eQELQ,1,0,0,0,0.3333333433,inner_train
1,6659,8Cp8c-eQELQ$_$0,8Cp8c-eQELQ,1,0,0,0,1.333333373,inner_train
1,6660,8Cp8c-eQELQ$_$3,8Cp8c-eQELQ,1,0,0,0,1.666666627,inner_train
1,6661,8Cp8c-eQELQ$_$7,8Cp8c-eQELQ,1,0,0,0,0.6666666865,inner_train
1,6662,8Cp8c-eQELQ$_$9,8Cp8c-eQELQ,1,0,0,0,0,inner_train
1,6663,8Cp8c-eQELQ$_$8,8Cp8c-eQELQ,1,0,0,0,1,inner_train
1,6664,8Cp8c-eQELQ$_$14,8Cp8c-eQELQ,1,0,0,0,0.6666666865,inner_train
1,6665,8EHEEXex5D8$_$11,8EHEEXex5D8,1,1,1,0,1,inner_valid
1,6666,8EHEEXex5D8$_$25,8EHEEXex5D8,1,1,1,0,2.333333254,inner_valid
1,6667,8EHEEXex5D8$_$12,8EHEEXex5D8,1,1,1,0,1.333333373,inner_valid
1,6668,8EHEEXex5D8$_$15,8EHEEXex5D8,1,1,1,0,0.6666666865,inner_valid
1,6669,8EHEEXex5D8$_$17,8EHEEXex5D8,1,1,1,0,0.3333333433,inner_valid
1,6670,8EHEEXex5D8$_$23,8EHEEXex5D8,1,1,1,0,0.6666666865,inner_valid
1,6671,8EHEEXex5D8$_$19,8EHEEXex5D8,1,1,1,0,0.6666666865,inner_valid
1,6672,8EHEEXex5D8$_$18,8EHEEXex5D8,1,1,1,0,1.333333373,inner_valid
1,6673,8EHEEXex5D8$_$2,8EHEEXex5D8,1,1,1,0,2,inner_valid
1,6674,8EHEEXex5D8$_$5,8EHEEXex5D8,1,1,1,0,0,inner_valid
1,6675,8EHEEXex5D8$_$4,8EHEEXex5D8,1,1,1,0,0,inner_valid
1,6676,8EHEEXex5D8$_$7,8EHEEXex5D8,1,1,1,0,1.666666627,inner_valid
1,6677,8EHEEXex5D8$_$8,8EHEEXex5D8,1,1,1,0,2.333333254,inner_valid
1,6678,8F1mj-XT6KA$_$0,8F1mj-XT6KA,1,1,0,0,-0.6666666865,inner_train
1,6679,8F1mj-XT6KA$_$5,8F1mj-XT6KA,1,1,0,0,0.6666666865,inner_train
1,6680,8F1mj-XT6KA$_$4,8F1mj-XT6KA,1,1,0,0,0.3333333433,inner_train
1,6703,8VP1qxX9mh4$_$1,8VP1qxX9mh4,1,0,0,0,1.666666627,outer
1,6704,8VP1qxX9mh4$_$0,8VP1qxX9mh4,1,0,0,0,1,outer
1,6717,8XODJwsvBa0$_$2,8XODJwsvBa0,1,1,1,0,1.333333373,inner_train
1,6718,8YsIvz4qnk4$_$1,8YsIvz4qnk4,1,1,0,0,2.666666746,inner_train
1,6719,8YsIvz4qnk4$_$3,8YsIvz4qnk4,1,1,0,0,2,inner_train
1,6720,8aZbX-xMdgI$_$12,8aZbX-xMdgI,1,0,0,0,-0.6666666865,inner_train
1,6721,8f_lBxZgDb0$_$0,8f_lBxZgDb0,1,1,0,1,0.3333333433,inner_train
1,6722,8f_lBxZgDb0$_$3,8f_lBxZgDb0,1,1,0,1,0.6666666865,inner_train
1,6753,8wdxczYf1jI$_$2,8wdxczYf1jI,1,1,0,0,0.6666666865,inner_train
1,6754,8wdxczYf1jI$_$4,8wdxczYf1jI,1,1,0,0,0.3333333433,inner_train
1,6755,8x81fzwcJko$_$3,8x81fzwcJko,1,1,0,0,1.666666627,outer
1,6756,8x81fzwcJko$_$5,8x81fzwcJko,1,1,0,0,0.3333333433,outer
1,6757,8x81fzwcJko$_$4,8x81fzwcJko,1,1,0,0,-0.3333333433,outer
1,6774,9-EO2oCAGA4$_$11,9-EO2oCAGA4,1,1,0,0,1.666666627,inner_train
1,6775,9-EO2oCAGA4$_$10,9-EO2oCAGA4,1,1,0,0,0,inner_train
1,6776,9-EO2oCAGA4$_$12,9-EO2oCAGA4,1,1,0,0,-1,inner_train
1,6777,9-EO2oCAGA4$_$1,9-EO2oCAGA4,1,1,0,0,1.333333373,inner_train
1,6778,9-EO2oCAGA4$_$0,9-EO2oCAGA4,1,1,0,0,0.6666666865,inner_train
1,6779,9-EO2oCAGA4$_$3,9-EO2oCAGA4,1,1,0,0,0.6666666865,inner_train
1,6780,9-EO2oCAGA4$_$2,9-EO2oCAGA4,1,1,0,0,1,inner_train
1,6781,9-EO2oCAGA4$_$5,9-EO2oCAGA4,1,1,0,0,0,inner_train
1,6782,9-EO2oCAGA4$_$4,9-EO2oCAGA4,1,1,0,0,0.6666666865,inner_train
1,6783,9-EO2oCAGA4$_$7,9-EO2oCAGA4,1,1,0,0,1,inner_train
1,6784,9-EO2oCAGA4$_$6,9-EO2oCAGA4,1,1,0,0,0,inner_train
1,6785,9-EO2oCAGA4$_$9,9-EO2oCAGA4,1,1,0,0,-0.6666666865,inner_train
1,6786,9-EO2oCAGA4$_$8,9-EO2oCAGA4,1,1,0,0,-1,inner_train
1,6804,90172$_$11,90172,1,1,0,0,-1.333333373,inner_train
1,6805,90172$_$10,90172,1,1,0,0,0.3333333433,inner_train
1,6806,90172$_$13,90172,1,1,0,0,-0.6666666865,inner_train
1,6807,90172$_$12,90172,1,1,0,0,-0.6666666865,inner_train
1,6808,90172$_$14,90172,1,1,0,0,-1.666666627,inner_train
1,6809,90172$_$1,90172,1,1,0,0,-0.3333333433,inner_train
1,6810,90172$_$0,90172,1,1,0,0,-1.666666627,inner_train
1,6811,90172$_$3,90172,1,1,0,0,0,inner_train
1,6812,90172$_$2,90172,1,1,0,0,-2.333333254,inner_train
1,6813,90172$_$5,90172,1,1,0,0,0.3333333433,inner_train
1,6814,90172$_$4,90172,1,1,0,0,0.6666666865,inner_train
1,6815,90172$_$7,90172,1,1,0,0,-2.333333254,inner_train
1,6816,90172$_$6,90172,1,1,0,0,0,inner_train
1,6817,90172$_$9,90172,1,1,0,0,1,inner_train
1,6818,90172$_$8,90172,1,1,0,0,-0.3333333433,inner_train
1,6819,90wZz0thye4$_$11,90wZz0thye4,1,0,0,0,0.6666666865,inner_train
1,6820,90wZz0thye4$_$10,90wZz0thye4,1,0,0,0,0.3333333433,inner_train
1,6821,90wZz0thye4$_$1,90wZz0thye4,1,0,0,0,0,inner_train
1,6822,90wZz0thye4$_$3,90wZz0thye4,1,0,0,0,1,inner_train
1,6823,90wZz0thye4$_$2,90wZz0thye4,1,0,0,0,1,inner_train
1,6824,90wZz0thye4$_$5,90wZz0thye4,1,0,0,0,2.333333254,inner_train
1,6825,90wZz0thye4$_$4,90wZz0thye4,1,0,0,0,2,inner_train
1,6826,90wZz0thye4$_$7,90wZz0thye4,1,0,0,0,1.333333373,inner_train
1,6827,90wZz0thye4$_$6,90wZz0thye4,1,0,0,0,1.666666627,inner_train
1,6828,90wZz0thye4$_$8,90wZz0thye4,1,0,0,0,0.6666666865,inner_train
1,6842,91y7nPEWdmQ$_$5,91y7nPEWdmQ,1,0,0,1,-0.6666666865,inner_train
1,6843,92221$_$11,92221,1,0,0,0,0.3333333433,inner_valid
1,6844,92221$_$10,92221,1,0,0,0,0,inner_valid
1,6845,92221$_$13,92221,1,0,0,0,-0.3333333433,inner_valid
1,6846,92221$_$12,92221,1,0,0,0,0,inner_valid
1,6847,92221$_$15,92221,1,0,0,0,-0.3333333433,inner_valid
1,6848,92221$_$14,92221,1,0,0,0,0,inner_valid
1,6849,92221$_$17,92221,1,0,0,0,-1,inner_valid
1,6850,92221$_$16,92221,1,0,0,0,-0.3333333433,inner_valid
1,6851,92221$_$18,92221,1,0,0,0,1,inner_valid
1,6852,92221$_$1,92221,1,0,0,0,1,inner_valid
1,6853,92221$_$0,92221,1,0,0,0,0,inner_valid
1,6854,92221$_$3,92221,1,0,0,0,0,inner_valid
1,6855,92221$_$2,92221,1,0,0,0,0.6666666865,inner_valid
1,6856,92221$_$5,92221,1,0,0,0,0.3333333433,inner_valid
1,6857,92221$_$4,92221,1,0,0,0,0.3333333433,inner_valid
1,6858,92221$_$7,92221,1,0,0,0,0,inner_valid
1,6859,92221$_$6,92221,1,0,0,0,0,inner_valid
1,6860,92221$_$9,92221,1,0,0,0,-0.3333333433,inner_valid
1,6861,92221$_$8,92221,1,0,0,0,0,inner_valid
1,6862,92331$_$24,92331,1,1,0,0,-2.333333254,inner_train
1,6863,92331$_$25,92331,1,1,0,0,-3,inner_train
1,6864,92331$_$20,92331,1,1,0,0,-2.666666746,inner_train
1,6865,92331$_$21,92331,1,1,0,0,-3,inner_train
1,6866,92331$_$22,92331,1,1,0,0,-2,inner_train
1,6867,92331$_$23,92331,1,1,0,0,-2,inner_train
1,6868,92331$_$1,92331,1,1,0,0,0.3333333433,inner_train
1,6869,92331$_$0,92331,1,1,0,0,0,inner_train
1,6870,92331$_$3,92331,1,1,0,0,-0.3333333433,inner_train
1,6871,92331$_$2,92331,1,1,0,0,-2.666666746,inner_train
1,6872,92331$_$5,92331,1,1,0,0,0,inner_train
1,6873,92331$_$4,92331,1,1,0,0,0,inner_train
1,6874,92331$_$7,92331,1,1,0,0,-1,inner_train
1,6875,92331$_$6,92331,1,1,0,0,-2,inner_train
1,6876,92331$_$9,92331,1,1,0,0,0.3333333433,inner_train
1,6877,92331$_$8,92331,1,1,0,0,-1.666666627,inner_train
1,6878,92331$_$11,92331,1,1,0,0,-1.333333373,inner_train
1,6879,92331$_$10,92331,1,1,0,0,-0.6666666865,inner_train
1,6880,92331$_$13,92331,1,1,0,0,-1,inner_train
1,6881,92331$_$12,92331,1,1,0,0,-1,inner_train
1,6882,92331$_$15,92331,1,1,0,0,-2.333333254,inner_train
1,6883,92331$_$14,92331,1,1,0,0,-2.666666746,inner_train
1,6884,92331$_$17,92331,1,1,0,0,1,inner_train
1,6885,92331$_$16,92331,1,1,0,0,-2,inner_train
1,6886,92331$_$19,92331,1,1,0,0,-3,inner_train
1,6887,92331$_$18,92331,1,1,0,0,-2,inner_train
1,6888,92521$_$1,92521,1,0,0,0,-0.6666666865,inner_valid
1,6889,92521$_$0,92521,1,0,0,0,0,inner_valid
1,6890,92521$_$3,92521,1,0,0,0,-2,inner_valid
1,6891,92521$_$2,92521,1,0,0,0,-2.333333254,inner_valid
1,6892,92521$_$5,92521,1,0,0,0,-2.333333254,inner_valid
1,6893,92521$_$4,92521,1,0,0,0,-1.666666627,inner_valid
1,6894,92521$_$7,92521,1,0,0,0,-2,inner_valid
1,6895,92521$_$6,92521,1,0,0,0,2,inner_valid
1,6896,92521$_$9,92521,1,0,0,0,-0.3333333433,inner_valid
1,6897,92521$_$8,92521,1,0,0,0,-2.333333254,inner_valid
1,6898,92533$_$10,92533,1,0,0,0,-2.333333254,inner_valid
1,6899,92533$_$1,92533,1,0,0,0,-2,inner_valid
1,6900,92533$_$0,92533,1,0,0,0,0,inner_valid
1,6901,92533$_$3,92533,1,0,0,0,-2.666666746,inner_valid
1,6902,92533$_$2,92533,1,0,0,0,-2.666666746,inner_valid
1,6903,92533$_$5,92533,1,0,0,0,-0.6666666865,inner_valid
1,6904,92533$_$4,92533,1,0,0,0,-2.666666746,inner_valid
1,6905,92533$_$7,92533,1,0,0,0,-2,inner_valid
1,6906,92533$_$6,92533,1,0,0,0,-2.333333254,inner_valid
1,6907,92533$_$9,92533,1,0,0,0,-2.666666746,inner_valid
1,6908,92533$_$8,92533,1,0,0,0,-2.333333254,inner_valid
1,6916,93821$_$11,93821,1,0,0,0,0.6666666865,outer
1,6917,93821$_$10,93821,1,0,0,0,1.333333373,outer
1,6918,93821$_$13,93821,1,0,0,0,-1,outer
1,6919,93821$_$12,93821,1,0,0,0,-1.666666627,outer
1,6920,93821$_$15,93821,1,0,0,0,-1,outer
1,6921,93821$_$14,93821,1,0,0,0,-0.6666666865,outer
1,6922,93821$_$16,93821,1,0,0,0,-1.666666627,outer
1,6923,93821$_$1,93821,1,0,0,0,-1.666666627,outer
1,6924,93821$_$0,93821,1,0,0,0,1.333333373,outer
1,6925,93821$_$3,93821,1,0,0,0,-2,outer
1,6926,93821$_$2,93821,1,0,0,0,0.3333333433,outer
1,6927,93821$_$5,93821,1,0,0,0,-2,outer
1,6928,93821$_$4,93821,1,0,0,0,-1.333333373,outer
1,6929,93821$_$7,93821,1,0,0,0,1.333333373,outer
1,6930,93821$_$6,93821,1,0,0,0,-0.3333333433,outer
1,6931,93821$_$9,93821,1,0,0,0,0.6666666865,outer
1,6932,93821$_$8,93821,1,0,0,0,1.666666627,outer
1,6933,93839$_$11,93839,1,1,0,0,-2,inner_train
1,6934,93839$_$10,93839,1,1,0,0,-1.333333373,inner_train
1,6935,93839$_$12,93839,1,1,0,0,-2.333333254,inner_train
1,6936,93839$_$1,93839,1,1,0,0,-2.666666746,inner_train
1,6937,93839$_$0,93839,1,1,0,0,0.6666666865,inner_train
1,6938,93839$_$3,93839,1,1,0,0,0,inner_train
1,6939,93839$_$2,93839,1,1,0,0,0.3333333433,inner_train
1,6940,93839$_$5,93839,1,1,0,0,0.3333333433,inner_train
1,6941,93839$_$4,93839,1,1,0,0,0.3333333433,inner_train
1,6942,93839$_$7,93839,1,1,0,0,-1.666666627,inner_train
1,6943,93839$_$6,93839,1,1,0,0,0,inner_train
1,6944,93839$_$9,93839,1,1,0,0,-1.666666627,inner_train
1,6945,93839$_$8,93839,1,1,0,0,-0.3333333433,inner_train
1,6959,94983$_$11,94983,1,1,1,0,-2.333333254,inner_train
1,6960,94983$_$10,94983,1,1,1,0,-2.666666746,inner_train
1,6961,94983$_$13,94983,1,1,1,0,0,inner_train
1,6962,94983$_$12,94983,1,1,1,0,-1.333333373,inner_train
1,6963,94983$_$1,94983,1,1,1,0,0.6666666865,inner_train
1,6964,94983$_$0,94983,1,1,1,0,0.6666666865,inner_train
1,6965,94983$_$3,94983,1,1,1,0,0.6666666865,inner_train
1,6966,94983$_$2,94983,1,1,1,0,0,inner_train
1,6967,94983$_$5,94983,1,1,1,0,-2.333333254,inner_train
1,6968,94983$_$4,94983,1,1,1,0,0.6666666865,inner_train
1,6969,94983$_$7,94983,1,1,1,0,-1.666666627,inner_train
1,6970,94983$_$6,94983,1,1,1,0,-1,inner_train
1,6971,94983$_$9,94983,1,1,1,0,-2,inner_train
1,6972,94983$_$8,94983,1,1,1,0,-2,inner_train
1,6978,95mDHiLeDCM$_$1,95mDHiLeDCM,1,0,1,0,2.666666746,inner_valid
1,6979,95mDHiLeDCM$_$2,95mDHiLeDCM,1,0,1,0,0.6666666865,inner_valid
1,6980,95mDHiLeDCM$_$5,95mDHiLeDCM,1,0,1,0,2,inner_valid
1,6981,95mDHiLeDCM$_$4,95mDHiLeDCM,1,0,1,0,0.3333333433,inner_valid
1,6995,96179$_$11,96179,1,1,0,0,-0.3333333433,inner_train
1,6996,96179$_$10,96179,1,1,0,0,-0.3333333433,inner_train
1,6997,96179$_$13,96179,1,1,0,0,-2,inner_train
1,6998,96179$_$12,96179,1,1,0,0,0,inner_train
1,6999,96179$_$15,96179,1,1,0,0,-0.6666666865,inner_train
1,7000,96179$_$14,96179,1,1,0,0,-1,inner_train
1,7001,96179$_$16,96179,1,1,0,0,-2,inner_train
1,7002,96179$_$1,96179,1,1,0,0,-2.333333254,inner_train
1,7003,96179$_$0,96179,1,1,0,0,-2,inner_train
1,7004,96179$_$3,96179,1,1,0,0,0,inner_train
1,7005,96179$_$2,96179,1,1,0,0,-1.333333373,inner_train
1,7006,96179$_$5,96179,1,1,0,0,-1,inner_train
1,7007,96179$_$4,96179,1,1,0,0,0,inner_train
1,7008,96179$_$7,96179,1,1,0,0,-0.3333333433,inner_train
1,7009,96179$_$6,96179,1,1,0,0,0,inner_train
1,7010,96179$_$9,96179,1,1,0,0,0,inner_train
1,7011,96179$_$8,96179,1,1,0,0,-1.666666627,inner_train
1,7060,96o9hxy64wI$_$2,96o9hxy64wI,1,0,0,0,1,inner_train
1,7061,96o9hxy64wI$_$5,96o9hxy64wI,1,0,0,0,2.333333254,inner_train
1,7062,97095$_$24,97095,1,0,0,0,3,inner_train
1,7063,97095$_$25,97095,1,0,0,0,2.333333254,inner_train
1,7064,97095$_$26,97095,1,0,0,0,1.333333373,inner_train
1,7065,97095$_$27,97095,1,0,0,0,0,inner_train
1,7066,97095$_$20,97095,1,0,0,0,0,inner_train
1,7067,97095$_$21,97095,1,0,0,0,0.6666666865,inner_train
1,7068,97095$_$22,97095,1,0,0,0,1.333333373,inner_train
1,7069,97095$_$23,97095,1,0,0,0,2.666666746,inner_train
1,7070,97095$_$28,97095,1,0,0,0,0,inner_train
1,7071,97095$_$29,97095,1,0,0,0,2,inner_train
1,7072,97095$_$1,97095,1,0,0,0,0.6666666865,inner_train
1,7073,97095$_$0,97095,1,0,0,0,0,inner_train
1,7074,97095$_$3,97095,1,0,0,0,0.3333333433,inner_train
1,7075,97095$_$2,97095,1,0,0,0,0,inner_train
1,7076,97095$_$5,97095,1,0,0,0,0,inner_train
1,7077,97095$_$4,97095,1,0,0,0,0.3333333433,inner_train
1,7078,97095$_$7,97095,1,0,0,0,1.666666627,inner_train
1,7079,97095$_$6,97095,1,0,0,0,1,inner_train
1,7080,97095$_$9,97095,1,0,0,0,2,inner_train
1,7081,97095$_$8,97095,1,0,0,0,2,inner_train
1,7082,97095$_$11,97095,1,0,0,0,2.666666746,inner_train
1,7083,97095$_$10,97095,1,0,0,0,1,inner_train
1,7084,97095$_$13,97095,1,0,0,0,0,inner_train
1,7085,97095$_$12,97095,1,0,0,0,2.333333254,inner_train
1,7086,97095$_$15,97095,1,0,0,0,0,inner_train
1,7087,97095$_$14,97095,1,0,0,0,0.3333333433,inner_train
1,7088,97095$_$17,97095,1,0,0,0,0.6666666865,inner_train
1,7089,97095$_$16,97095,1,0,0,0,0,inner_train
1,7090,97095$_$19,97095,1,0,0,0,0.3333333433,inner_train
1,7091,97095$_$18,97095,1,0,0,0,0,inner_train
1,7092,97095$_$31,97095,1,0,0,0,1,inner_train
1,7093,97095$_$30,97095,1,0,0,0,2,inner_train
1,7094,97095$_$37,97095,1,0,0,0,2.333333254,inner_train
1,7095,97095$_$36,97095,1,0,0,0,2.333333254,inner_train
1,7096,97095$_$35,97095,1,0,0,0,2.333333254,inner_train
1,7097,97095$_$34,97095,1,0,0,0,2.666666746,inner_train
1,7098,97095$_$33,97095,1,0,0,0,1.666666627,inner_train
1,7099,97095$_$32,97095,1,0,0,0,0.6666666865,inner_train
1,7111,98187$_$11,98187,1,0,1,0,-2,inner_valid
1,7112,98187$_$10,98187,1,0,1,0,1,inner_valid
1,7113,98187$_$13,98187,1,0,1,0,1.666666627,inner_valid
1,7114,98187$_$12,98187,1,0,1,0,-1,inner_valid
1,7115,98187$_$14,98187,1,0,1,0,0,inner_valid
1,7116,98187$_$1,98187,1,0,1,0,0,inner_valid
1,7117,98187$_$0,98187,1,0,1,0,0,inner_valid
1,7118,98187$_$3,98187,1,0,1,0,1,inner_valid
1,7119,98187$_$2,98187,1,0,1,0,1.333333373,inner_valid
1,7120,98187$_$5,98187,1,0,1,0,-2,inner_valid
1,7121,98187$_$4,98187,1,0,1,0,0.6666666865,inner_valid
1,7122,98187$_$7,98187,1,0,1,0,1.666666627,inner_valid
1,7123,98187$_$6,98187,1,0,1,0,-2.333333254,inner_valid
1,7124,98187$_$9,98187,1,0,1,0,1.333333373,inner_valid
1,7125,98187$_$8,98187,1,0,1,0,-2.333333254,inner_valid
1,7126,98442$_$10,98442,1,1,0,1,-0.6666666865,outer
1,7127,98442$_$1,98442,1,1,0,1,-2,outer
1,7128,98442$_$0,98442,1,1,0,1,0.3333333433,outer
1,7129,98442$_$3,98442,1,1,0,1,-1,outer
1,7130,98442$_$2,98442,1,1,0,1,-1.666666627,outer
1,7131,98442$_$5,98442,1,1,0,1,-1,outer
1,7132,98442$_$4,98442,1,1,0,1,-1.666666627,outer
1,7133,98442$_$7,98442,1,1,0,1,-1.666666627,outer
1,7134,98442$_$6,98442,1,1,0,1,-1.333333373,outer
1,7135,98442$_$9,98442,1,1,0,1,0,outer
1,7136,98442$_$8,98442,1,1,0,1,-1.333333373,outer
1,7137,984VkHzXl8w$_$0,984VkHzXl8w,1,1,0,0,0,inner_train
1,7138,984VkHzXl8w$_$3,984VkHzXl8w,1,1,0,0,1.333333373,inner_train
1,7139,984VkHzXl8w$_$5,984VkHzXl8w,1,1,0,0,0.3333333433,inner_train
1,7140,984VkHzXl8w$_$4,984VkHzXl8w,1,1,0,0,-0.6666666865,inner_train
1,7141,984VkHzXl8w$_$7,984VkHzXl8w,1,1,0,0,1.333333373,inner_train
1,7142,984VkHzXl8w$_$8,984VkHzXl8w,1,1,0,0,1.333333373,inner_train
1,7143,9BceQC_SdTM$_$1,9BceQC_SdTM,1,0,0,0,0,inner_train
1,7144,9BceQC_SdTM$_$3,9BceQC_SdTM,1,0,0,0,0.3333333433,inner_train
1,7145,9BceQC_SdTM$_$6,9BceQC_SdTM,1,0,0,0,-0.3333333433,inner_train
1,7148,9K4aWWoXuyU$_$1,9K4aWWoXuyU,1,0,0,0,1.666666627,inner_train
1,7149,9K4aWWoXuyU$_$0,9K4aWWoXuyU,1,0,0,0,2.666666746,inner_train
1,7158,9Nhoi1jfDbY$_$18,9Nhoi1jfDbY,1,0,0,0,2,inner_train
1,7159,9Nhoi1jfDbY$_$2,9Nhoi1jfDbY,1,0,0,0,-0.3333333433,inner_train
1,7160,9Nhoi1jfDbY$_$6,9Nhoi1jfDbY,1,0,0,0,0,inner_train
1,7161,9Un1O2ypJmI$_$1,9Un1O2ypJmI,1,1,0,0,0.3333333433,inner_train
1,7162,9Un1O2ypJmI$_$0,9Un1O2ypJmI,1,1,0,0,0.6666666865,inner_train
1,7163,9Un1O2ypJmI$_$2,9Un1O2ypJmI,1,1,0,0,2,inner_train
1,7164,9Un1O2ypJmI$_$5,9Un1O2ypJmI,1,1,0,0,2.333333254,inner_train
1,7165,9VZ4cpoTFbo$_$9,9VZ4cpoTFbo,1,1,0,0,2,inner_train
1,7166,9VZ4cpoTFbo$_$1,9VZ4cpoTFbo,1,1,0,0,2,inner_train
1,7167,9VZ4cpoTFbo$_$2,9VZ4cpoTFbo,1,1,0,0,0,inner_train
1,7168,9VZ4cpoTFbo$_$5,9VZ4cpoTFbo,1,1,0,0,1,inner_train
1,7169,9XCmrHbU-rU$_$2,9XCmrHbU-rU,1,1,0,1,-1,outer
1,7174,9cSJglGi9Pg$_$11,9cSJglGi9Pg,1,1,1,0,1.666666627,outer
1,7175,9cSJglGi9Pg$_$10,9cSJglGi9Pg,1,1,1,0,0.6666666865,outer
1,7176,9cSJglGi9Pg$_$13,9cSJglGi9Pg,1,1,1,0,0.3333333433,outer
1,7177,9cSJglGi9Pg$_$12,9cSJglGi9Pg,1,1,1,0,0,outer
1,7178,9cSJglGi9Pg$_$20,9cSJglGi9Pg,1,1,1,0,1,outer
1,7179,9cSJglGi9Pg$_$21,9cSJglGi9Pg,1,1,1,0,2,outer
1,7180,9cSJglGi9Pg$_$18,9cSJglGi9Pg,1,1,1,0,1,outer
1,7181,9cSJglGi9Pg$_$3,9cSJglGi9Pg,1,1,1,0,0,outer
1,7182,9cSJglGi9Pg$_$2,9cSJglGi9Pg,1,1,1,0,1,outer
1,7183,9cSJglGi9Pg$_$5,9cSJglGi9Pg,1,1,1,0,-0.6666666865,outer
1,7184,9cSJglGi9Pg$_$4,9cSJglGi9Pg,1,1,1,0,-0.6666666865,outer
1,7185,9cSJglGi9Pg$_$6,9cSJglGi9Pg,1,1,1,0,0,outer
1,7186,9cSJglGi9Pg$_$9,9cSJglGi9Pg,1,1,1,0,0.6666666865,outer
1,7187,9cSJglGi9Pg$_$15,9cSJglGi9Pg,1,1,1,0,0.3333333433,outer
1,7188,9ceYD_OzPz8$_$0,9ceYD_OzPz8,1,0,1,0,0.3333333433,outer
1,7202,9f6A3ucYArQ$_$1,9f6A3ucYArQ,1,1,1,0,0,inner_valid
1,7203,9f6A3ucYArQ$_$0,9f6A3ucYArQ,1,1,1,0,-1.666666627,inner_valid
1,7204,9f6A3ucYArQ$_$3,9f6A3ucYArQ,1,1,1,0,-1.666666627,inner_valid
1,7205,9f6A3ucYArQ$_$2,9f6A3ucYArQ,1,1,1,0,-1.666666627,inner_valid
1,7213,9pzn93kdP_g$_$11,9pzn93kdP_g,1,0,0,0,0.3333333433,inner_train
1,7214,9pzn93kdP_g$_$10,9pzn93kdP_g,1,0,0,0,0,inner_train
1,7215,9pzn93kdP_g$_$13,9pzn93kdP_g,1,0,0,0,0,inner_train
1,7216,9pzn93kdP_g$_$12,9pzn93kdP_g,1,0,0,0,0,inner_train
1,7217,9pzn93kdP_g$_$17,9pzn93kdP_g,1,0,0,0,1.666666627,inner_train
1,7218,9pzn93kdP_g$_$22,9pzn93kdP_g,1,0,0,0,0.6666666865,inner_train
1,7219,9pzn93kdP_g$_$16,9pzn93kdP_g,1,0,0,0,1,inner_train
1,7220,9pzn93kdP_g$_$18,9pzn93kdP_g,1,0,0,0,1,inner_train
1,7221,9pzn93kdP_g$_$3,9pzn93kdP_g,1,0,0,0,0,inner_train
1,7222,9pzn93kdP_g$_$4,9pzn93kdP_g,1,0,0,0,0.3333333433,inner_train
1,7239,A0aE2Gzym-M$_$1,A0aE2Gzym-M,1,1,0,0,0.6666666865,outer
1,7240,A2E78CGi5TU$_$10,A2E78CGi5TU,1,1,0,0,0.6666666865,inner_train
1,7241,A2E78CGi5TU$_$14,A2E78CGi5TU,1,1,0,0,1,inner_train
1,7242,A2E78CGi5TU$_$16,A2E78CGi5TU,1,1,0,0,0.6666666865,inner_train
1,7243,A2E78CGi5TU$_$18,A2E78CGi5TU,1,1,0,0,0.6666666865,inner_train
1,7244,A2E78CGi5TU$_$29,A2E78CGi5TU,1,1,0,0,0.3333333433,inner_train
1,7245,A2E78CGi5TU$_$2,A2E78CGi5TU,1,1,0,0,0.3333333433,inner_train
1,7246,A2E78CGi5TU$_$4,A2E78CGi5TU,1,1,0,0,0,inner_train
1,7247,A2E78CGi5TU$_$7,A2E78CGi5TU,1,1,0,0,0,inner_train
1,7248,A2E78CGi5TU$_$8,A2E78CGi5TU,1,1,0,0,-0.3333333433,inner_train
1,7268,ADYia28RrFU$_$1,ADYia28RrFU,1,1,0,0,0,inner_train
1,7269,ADYia28RrFU$_$3,ADYia28RrFU,1,1,0,0,-1,inner_train
1,7270,ADYia28RrFU$_$5,ADYia28RrFU,1,1,0,0,1.666666627,inner_train
1,7271,ADYia28RrFU$_$4,ADYia28RrFU,1,1,0,0,1,inner_train
1,7272,ADYia28RrFU$_$7,ADYia28RrFU,1,1,0,0,0.3333333433,inner_train
1,7273,ADYia28RrFU$_$6,ADYia28RrFU,1,1,0,0,1,inner_train
1,7274,ADYia28RrFU$_$9,ADYia28RrFU,1,1,0,0,1,inner_train
1,7275,ADYia28RrFU$_$8,ADYia28RrFU,1,1,0,0,-0.3333333433,inner_train
1,7283,AGM-hNupJik$_$0,AGM-hNupJik,1,0,0,0,0.3333333433,inner_train
1,7285,AIPqRuTjI4E$_$19,AIPqRuTjI4E,1,1,0,0,1.666666627,inner_train
1,7286,AIPqRuTjI4E$_$10,AIPqRuTjI4E,1,1,0,0,0.3333333433,inner_train
1,7287,AIPqRuTjI4E$_$4,AIPqRuTjI4E,1,1,0,0,0,inner_train
1,7288,AIPqRuTjI4E$_$14,AIPqRuTjI4E,1,1,0,0,0,inner_train
1,7289,AIPqRuTjI4E$_$16,AIPqRuTjI4E,1,1,0,0,0,inner_train
1,7290,AKofHsmxa1I$_$3,AKofHsmxa1I,1,0,1,0,1.333333373,outer
1,7291,AKofHsmxa1I$_$5,AKofHsmxa1I,1,0,1,0,2,outer
1,7292,AKofHsmxa1I$_$4,AKofHsmxa1I,1,0,1,0,0.3333333433,outer
1,7293,AKofHsmxa1I$_$6,AKofHsmxa1I,1,0,1,0,2.333333254,outer
1,7294,ALlKbGE6BH0$_$1,ALlKbGE6BH0,1,0,0,0,0.6666666865,inner_train
1,7295,ALlKbGE6BH0$_$3,ALlKbGE6BH0,1,0,0,0,2.666666746,inner_train
1,7299,ARNWtLCbfW4$_$11,ARNWtLCbfW4,1,0,0,0,0,inner_train
1,7300,ARNWtLCbfW4$_$12,ARNWtLCbfW4,1,0,0,0,1,inner_train
1,7301,ARNWtLCbfW4$_$1,ARNWtLCbfW4,1,0,0,0,2,inner_train
1,7302,ARNWtLCbfW4$_$2,ARNWtLCbfW4,1,0,0,0,1.666666627,inner_train
1,7303,ARNWtLCbfW4$_$4,ARNWtLCbfW4,1,0,0,0,0.6666666865,inner_train
1,7304,ARNWtLCbfW4$_$6,ARNWtLCbfW4,1,0,0,0,0,inner_train
1,7314,AVScVfLgNmw$_$1,AVScVfLgNmw,1,1,0,0,0,inner_train
1,7315,AVScVfLgNmw$_$0,AVScVfLgNmw,1,1,0,0,0,inner_train
1,7316,AVScVfLgNmw$_$3,AVScVfLgNmw,1,1,0,0,-1,inner_train
1,7317,AVScVfLgNmw$_$2,AVScVfLgNmw,1,1,0,0,1,inner_train
1,7318,AVScVfLgNmw$_$5,AVScVfLgNmw,1,1,0,0,0,inner_train
1,7319,AVScVfLgNmw$_$4,AVScVfLgNmw,1,1,0,0,0,inner_train
1,7320,AVScVfLgNmw$_$6,AVScVfLgNmw,1,1,0,0,0,inner_train
1,7329,AjgDuPEp9sI$_$2,AjgDuPEp9sI,1,0,1,0,0.6666666865,outer
1,7330,AjgDuPEp9sI$_$4,AjgDuPEp9sI,1,0,1,0,1,outer
1,7333,AmGocfFQfVE$_$11,AmGocfFQfVE,1,0,0,1,-0.3333333433,inner_valid
1,7334,AmGocfFQfVE$_$13,AmGocfFQfVE,1,0,0,1,-1,inner_valid
1,7335,AmGocfFQfVE$_$15,AmGocfFQfVE,1,0,0,1,-1.666666627,inner_valid
1,7336,AmGocfFQfVE$_$1,AmGocfFQfVE,1,0,0,1,-0.3333333433,inner_valid
1,7337,AmGocfFQfVE$_$0,AmGocfFQfVE,1,0,0,1,-1,inner_valid
1,7338,AmGocfFQfVE$_$3,AmGocfFQfVE,1,0,0,1,-1.333333373,inner_valid
1,7339,AmGocfFQfVE$_$2,AmGocfFQfVE,1,0,0,1,-2.333333254,inner_valid
1,7340,AmGocfFQfVE$_$5,AmGocfFQfVE,1,0,0,1,-1,inner_valid
1,7341,AmGocfFQfVE$_$9,AmGocfFQfVE,1,0,0,1,-1.666666627,inner_valid
1,7357,B1B71X_SmwY$_$11,B1B71X_SmwY,1,0,1,1,1.333333373,inner_train
1,7358,B1B71X_SmwY$_$10,B1B71X_SmwY,1,0,1,1,1.333333373,inner_train
1,7359,B1B71X_SmwY$_$13,B1B71X_SmwY,1,0,1,1,1.333333373,inner_train
1,7360,B1B71X_SmwY$_$12,B1B71X_SmwY,1,0,1,1,0.6666666865,inner_train
1,7361,B1B71X_SmwY$_$15,B1B71X_SmwY,1,0,1,1,1,inner_train
1,7362,B1B71X_SmwY$_$14,B1B71X_SmwY,1,0,1,1,1,inner_train
1,7363,B1B71X_SmwY$_$17,B1B71X_SmwY,1,0,1,1,1,inner_train
1,7364,B1B71X_SmwY$_$16,B1B71X_SmwY,1,0,1,1,0.3333333433,inner_train
1,7365,B1B71X_SmwY$_$18,B1B71X_SmwY,1,0,1,1,1.666666627,inner_train
1,7366,B1B71X_SmwY$_$1,B1B71X_SmwY,1,0,1,1,0.3333333433,inner_train
1,7367,B1B71X_SmwY$_$0,B1B71X_SmwY,1,0,1,1,1.666666627,inner_train
1,7368,B1B71X_SmwY$_$3,B1B71X_SmwY,1,0,1,1,0.6666666865,inner_train
1,7369,B1B71X_SmwY$_$2,B1B71X_SmwY,1,0,1,1,1.666666627,inner_train
1,7370,B1B71X_SmwY$_$5,B1B71X_SmwY,1,0,1,1,0.6666666865,inner_train
1,7371,B1B71X_SmwY$_$4,B1B71X_SmwY,1,0,1,1,1.333333373,inner_train
1,7372,B1B71X_SmwY$_$7,B1B71X_SmwY,1,0,1,1,0.6666666865,inner_train
1,7373,B1B71X_SmwY$_$6,B1B71X_SmwY,1,0,1,1,1,inner_train
1,7374,B1B71X_SmwY$_$9,B1B71X_SmwY,1,0,1,1,1.333333373,inner_train
1,7375,B1B71X_SmwY$_$8,B1B71X_SmwY,1,0,1,1,1.666666627,inner_train
1,7383,BBSVLGf7zPI$_$1,BBSVLGf7zPI,1,0,0,0,0.3333333433,outer
1,7384,BBSVLGf7zPI$_$3,BBSVLGf7zPI,1,0,0,0,0,outer
1,7385,BBSVLGf7zPI$_$2,BBSVLGf7zPI,1,0,0,0,-0.6666666865,outer
1,7386,BB_VwJSg3AI$_$2,BB_VwJSg3AI,1,1,0,0,-0.3333333433,inner_train
1,7387,BB_VwJSg3AI$_$4,BB_VwJSg3AI,1,1,0,0,-0.6666666865,inner_train
1,7388,BB_VwJSg3AI$_$6,BB_VwJSg3AI,1,1,0,0,0,inner_train
1,7399,BLFUj7_uy_0$_$13,BLFUj7_uy_0,1,0,0,0,-0.6666666865,inner_train
1,7400,BLFUj7_uy_0$_$20,BLFUj7_uy_0,1,0,0,0,-0.3333333433,inner_train
1,7401,BLFUj7_uy_0$_$14,BLFUj7_uy_0,1,0,0,0,0.6666666865,inner_train
1,7402,BLFUj7_uy_0$_$16,BLFUj7_uy_0,1,0,0,0,0.3333333433,inner_train
1,7403,BLFUj7_uy_0$_$1,BLFUj7_uy_0,1,0,0,0,-0.3333333433,inner_train
1,7404,BLFUj7_uy_0$_$0,BLFUj7_uy_0,1,0,0,0,1.333333373,inner_train
1,7405,BLFUj7_uy_0$_$3,BLFUj7_uy_0,1,0,0,0,0.3333333433,inner_train
1,7406,BLFUj7_uy_0$_$2,BLFUj7_uy_0,1,0,0,0,-0.3333333433,inner_train
1,7407,BLFUj7_uy_0$_$4,BLFUj7_uy_0,1,0,0,0,-0.3333333433,inner_train
1,7408,BLFUj7_uy_0$_$6,BLFUj7_uy_0,1,0,0,0,1,inner_train
1,7409,BLFUj7_uy_0$_$9,BLFUj7_uy_0,1,0,0,0,0.6666666865,inner_train
1,7410,BLFUj7_uy_0$_$8,BLFUj7_uy_0,1,0,0,0,0.3333333433,inner_train
1,7411,BLFUj7_uy_0$_$21,BLFUj7_uy_0,1,0,0,0,-0.3333333433,inner_train
1,7412,BMhG11CXgww$_$0,BMhG11CXgww,1,0,1,0,2,inner_valid
1,7413,BMhG11CXgww$_$3,BMhG11CXgww,1,0,1,0,0,inner_valid
1,7414,BMhG11CXgww$_$2,BMhG11CXgww,1,0,1,0,0,inner_valid
1,7415,BMhG11CXgww$_$5,BMhG11CXgww,1,0,1,0,-1.333333373,inner_valid
1,7416,BMhG11CXgww$_$4,BMhG11CXgww,1,0,1,0,1.666666627,inner_valid
1,7417,BNaRO9g8ugQ$_$1,BNaRO9g8ugQ,1,1,0,0,1.333333373,inner_train
1,7418,BRdw-_dbJXc$_$10,BRdw-_dbJXc,1,1,0,0,1,inner_valid
1,7419,BRdw-_dbJXc$_$13,BRdw-_dbJXc,1,1,0,0,1.333333373,inner_valid
1,7420,BRdw-_dbJXc$_$12,BRdw-_dbJXc,1,1,0,0,0.3333333433,inner_valid
1,7421,BRdw-_dbJXc$_$16,BRdw-_dbJXc,1,1,0,0,-0.6666666865,inner_valid
1,7422,BRdw-_dbJXc$_$19,BRdw-_dbJXc,1,1,0,0,0.6666666865,inner_valid
1,7423,BRdw-_dbJXc$_$1,BRdw-_dbJXc,1,1,0,0,0,inner_valid
1,7424,BRdw-_dbJXc$_$6,BRdw-_dbJXc,1,1,0,0,0.3333333433,inner_valid
1,7425,BRdw-_dbJXc$_$9,BRdw-_dbJXc,1,1,0,0,0,inner_valid
1,7426,BRdw-_dbJXc$_$8,BRdw-_dbJXc,1,1,0,0,-0.3333333433,inner_valid
1,7427,BRzjQHYWbSs$_$11,BRzjQHYWbSs,1,0,0,0,0,inner_valid
1,7428,BRzjQHYWbSs$_$10,BRzjQHYWbSs,1,0,0,0,1.333333373,inner_valid
1,7429,BRzjQHYWbSs$_$12,BRzjQHYWbSs,1,0,0,0,1.333333373,inner_valid
1,7430,BRzjQHYWbSs$_$15,BRzjQHYWbSs,1,0,0,0,-1,inner_valid
1,7431,BRzjQHYWbSs$_$17,BRzjQHYWbSs,1,0,0,0,2,inner_valid
1,7432,BRzjQHYWbSs$_$16,BRzjQHYWbSs,1,0,0,0,1,inner_valid
1,7433,BRzjQHYWbSs$_$19,BRzjQHYWbSs,1,0,0,0,0.3333333433,inner_valid
1,7434,BRzjQHYWbSs$_$18,BRzjQHYWbSs,1,0,0,0,1.666666627,inner_valid
1,7435,BRzjQHYWbSs$_$1,BRzjQHYWbSs,1,0,0,0,0,inner_valid
1,7436,BRzjQHYWbSs$_$3,BRzjQHYWbSs,1,0,0,0,0.6666666865,inner_valid
1,7437,BRzjQHYWbSs$_$2,BRzjQHYWbSs,1,0,0,0,0.6666666865,inner_valid
1,7438,BRzjQHYWbSs$_$5,BRzjQHYWbSs,1,0,0,0,0.6666666865,inner_valid
1,7439,BRzjQHYWbSs$_$8,BRzjQHYWbSs,1,0,0,0,0,inner_valid
1,7440,BRzjQHYWbSs$_$6,BRzjQHYWbSs,1,0,0,0,0,inner_valid
1,7441,BRzjQHYWbSs$_$20,BRzjQHYWbSs,1,0,0,0,0.3333333433,inner_valid
1,7445,BZOB3r5AoKE$_$8,BZOB3r5AoKE,1,1,0,0,0,outer
1,7446,BZOB3r5AoKE$_$1,BZOB3r5AoKE,1,1,0,0,0,outer
1,7447,BZOB3r5AoKE$_$4,BZOB3r5AoKE,1,1,0,0,0.3333333433,outer
1,7448,BZOB3r5AoKE$_$0,BZOB3r5AoKE,1,1,0,0,2.333333254,outer
1,7449,BaX10vbFhuU$_$1,BaX10vbFhuU,1,1,0,1,0,inner_train
1,7450,BaX10vbFhuU$_$8,BaX10vbFhuU,1,1,0,1,-0.3333333433,inner_train
1,7451,BaX10vbFhuU$_$10,BaX10vbFhuU,1,1,0,1,0,inner_train
1,7452,BdqoZ5qpz0E$_$11,BdqoZ5qpz0E,1,0,0,1,0,inner_train
1,7453,BdqoZ5qpz0E$_$10,BdqoZ5qpz0E,1,0,0,1,-0.3333333433,inner_train
1,7454,BdqoZ5qpz0E$_$13,BdqoZ5qpz0E,1,0,0,1,-0.6666666865,inner_train
1,7455,BdqoZ5qpz0E$_$20,BdqoZ5qpz0E,1,0,0,1,0.3333333433,inner_train
1,7456,BdqoZ5qpz0E$_$21,BdqoZ5qpz0E,1,0,0,1,2,inner_train
1,7457,BdqoZ5qpz0E$_$16,BdqoZ5qpz0E,1,0,0,1,0,inner_train
1,7458,BdqoZ5qpz0E$_$0,BdqoZ5qpz0E,1,0,0,1,0.3333333433,inner_train
1,7459,BdqoZ5qpz0E$_$3,BdqoZ5qpz0E,1,0,0,1,1.333333373,inner_train
1,7460,BdqoZ5qpz0E$_$2,BdqoZ5qpz0E,1,0,0,1,2,inner_train
1,7461,BdqoZ5qpz0E$_$5,BdqoZ5qpz0E,1,0,0,1,1.333333373,inner_train
1,7462,BdqoZ5qpz0E$_$4,BdqoZ5qpz0E,1,0,0,1,0.3333333433,inner_train
1,7463,BdqoZ5qpz0E$_$7,BdqoZ5qpz0E,1,0,0,1,0.6666666865,inner_train
1,7464,BdqoZ5qpz0E$_$6,BdqoZ5qpz0E,1,0,0,1,-0.3333333433,inner_train
1,7465,BdqoZ5qpz0E$_$9,BdqoZ5qpz0E,1,0,0,1,-0.3333333433,inner_train
1,7466,BdqoZ5qpz0E$_$15,BdqoZ5qpz0E,1,0,0,1,1,inner_train
1,7467,BdqoZ5qpz0E$_$8,BdqoZ5qpz0E,1,0,0,1,0.6666666865,inner_train
1,7489,BnWvk0YRgE4$_$0,BnWvk0YRgE4,1,0,0,0,-0.6666666865,inner_train
1,7497,BseI8-TYWm8$_$1,BseI8-TYWm8,1,1,0,0,0,outer
1,7498,BseI8-TYWm8$_$0,BseI8-TYWm8,1,1,0,0,1,outer
1,7499,BseI8-TYWm8$_$2,BseI8-TYWm8,1,1,0,0,0,outer
1,7500,BseI8-TYWm8$_$4,BseI8-TYWm8,1,1,0,0,2,outer
1,7505,BvvttuYysvg$_$5,BvvttuYysvg,1,0,0,0,0.6666666865,inner_train
1,7518,C2xNDBU2Z0s$_$1,C2xNDBU2Z0s,1,0,0,0,1.333333373,inner_train
1,7519,C2xNDBU2Z0s$_$0,C2xNDBU2Z0s,1,0,0,0,0,inner_train
1,7520,C2xNDBU2Z0s$_$2,C2xNDBU2Z0s,1,0,0,0,1.333333373,inner_train
1,7521,C3lDRFu1ZcI$_$1,C3lDRFu1ZcI,1,0,0,0,0.3333333433,inner_train
1,7522,C3lDRFu1ZcI$_$0,C3lDRFu1ZcI,1,0,0,0,0.3333333433,inner_train
1,7523,C3lDRFu1ZcI$_$3,C3lDRFu1ZcI,1,0,0,0,0.6666666865,inner_train
1,7524,C3lDRFu1ZcI$_$2,C3lDRFu1ZcI,1,0,0,0,-0.6666666865,inner_train
1,7525,C3lDRFu1ZcI$_$5,C3lDRFu1ZcI,1,0,0,0,0.3333333433,inner_train
1,7526,C3lDRFu1ZcI$_$4,C3lDRFu1ZcI,1,0,0,0,-0.3333333433,inner_train
1,7527,C3lDRFu1ZcI$_$6,C3lDRFu1ZcI,1,0,0,0,0.6666666865,inner_train
1,7528,C74-of1rjg4$_$1,C74-of1rjg4,1,0,1,0,0,inner_train
1,7529,C74-of1rjg4$_$0,C74-of1rjg4,1,0,1,0,-0.6666666865,inner_train
1,7536,CE9yV4SearE$_$11,CE9yV4SearE,1,0,0,0,0.3333333433,inner_train
1,7537,CE9yV4SearE$_$0,CE9yV4SearE,1,0,0,0,0.3333333433,inner_train
1,7538,CE9yV4SearE$_$3,CE9yV4SearE,1,0,0,0,0.3333333433,inner_train
1,7539,CE9yV4SearE$_$2,CE9yV4SearE,1,0,0,0,-0.3333333433,inner_train
1,7540,CE9yV4SearE$_$4,CE9yV4SearE,1,0,0,0,-0.3333333433,inner_train
1,7541,CE9yV4SearE$_$7,CE9yV4SearE,1,0,0,0,-1,inner_train
1,7542,CE9yV4SearE$_$6,CE9yV4SearE,1,0,0,0,0,inner_train
1,7543,CE9yV4SearE$_$8,CE9yV4SearE,1,0,0,0,0,inner_train
1,7552,CIqRibqChDQ$_$0,CIqRibqChDQ,1,0,0,0,-0.6666666865,inner_train
1,7553,CIqRibqChDQ$_$8,CIqRibqChDQ,1,0,0,0,0,inner_train
1,7554,CIqRibqChDQ$_$4,CIqRibqChDQ,1,0,0,0,-1,inner_train
1,7555,CIqRibqChDQ$_$14,CIqRibqChDQ,1,0,0,0,0.3333333433,inner_train
1,7556,CK31s0kfp-k$_$10,CK31s0kfp-k,1,1,0,0,0,inner_train
1,7557,CK31s0kfp-k$_$12,CK31s0kfp-k,1,1,0,0,1,inner_train
1,7558,CK31s0kfp-k$_$15,CK31s0kfp-k,1,1,0,0,2,inner_train
1,7559,CK31s0kfp-k$_$16,CK31s0kfp-k,1,1,0,0,0.6666666865,inner_train
1,7560,CK31s0kfp-k$_$2,CK31s0kfp-k,1,1,0,0,0.3333333433,inner_train
1,7561,CK31s0kfp-k$_$6,CK31s0kfp-k,1,1,0,0,-0.3333333433,inner_train
1,7574,CQnwOZRgQXs$_$1,CQnwOZRgQXs,1,0,1,1,0.6666666865,inner_train
1,7575,CQnwOZRgQXs$_$5,CQnwOZRgQXs,1,0,1,1,0.3333333433,inner_train
1,7576,CT7QOWbhfv4$_$3,CT7QOWbhfv4,1,0,0,0,2,inner_train
1,7577,CVx494kExvc$_$11,CVx494kExvc,1,1,0,0,0.3333333433,inner_train
1,7578,CVx494kExvc$_$12,CVx494kExvc,1,1,0,0,0.6666666865,inner_train
1,7579,CVx494kExvc$_$20,CVx494kExvc,1,1,0,0,1.333333373,inner_train
1,7580,CVx494kExvc$_$14,CVx494kExvc,1,1,0,0,1,inner_train
1,7581,CVx494kExvc$_$19,CVx494kExvc,1,1,0,0,0.6666666865,inner_train
1,7582,CVx494kExvc$_$18,CVx494kExvc,1,1,0,0,0,inner_train
1,7583,CVx494kExvc$_$0,CVx494kExvc,1,1,0,0,1,inner_train
1,7584,CVx494kExvc$_$2,CVx494kExvc,1,1,0,0,0.6666666865,inner_train
1,7585,CVx494kExvc$_$4,CVx494kExvc,1,1,0,0,0.6666666865,inner_train
1,7586,CVx494kExvc$_$6,CVx494kExvc,1,1,0,0,0,inner_train
1,7587,CVx494kExvc$_$9,CVx494kExvc,1,1,0,0,0,inner_train
1,7588,CVx494kExvc$_$15,CVx494kExvc,1,1,0,0,0.6666666865,inner_train
1,7589,CVx494kExvc$_$8,CVx494kExvc,1,1,0,0,0.6666666865,inner_train
1,7590,CXojk-oSaEw$_$0,CXojk-oSaEw,1,1,0,0,1,inner_train
1,7591,CXojk-oSaEw$_$3,CXojk-oSaEw,1,1,0,0,-0.3333333433,inner_train
1,7592,CXojk-oSaEw$_$2,CXojk-oSaEw,1,1,0,0,-0.6666666865,inner_train
1,7593,CXojk-oSaEw$_$5,CXojk-oSaEw,1,1,0,0,-0.3333333433,inner_train
1,7623,CbQxC1iPyS8$_$10,CbQxC1iPyS8,1,0,0,0,2,outer
1,7624,CbQxC1iPyS8$_$1,CbQxC1iPyS8,1,0,0,0,1.333333373,outer
1,7625,CbQxC1iPyS8$_$0,CbQxC1iPyS8,1,0,0,0,0.3333333433,outer
1,7626,CbQxC1iPyS8$_$3,CbQxC1iPyS8,1,0,0,0,1,outer
1,7627,CbQxC1iPyS8$_$7,CbQxC1iPyS8,1,0,0,0,0.6666666865,outer
1,7628,CbQxC1iPyS8$_$9,CbQxC1iPyS8,1,0,0,0,0,outer
1,7629,Cd0JH1AreDw$_$1,Cd0JH1AreDw,1,1,0,1,0.3333333433,inner_train
1,7630,Cd0JH1AreDw$_$0,Cd0JH1AreDw,1,1,0,1,-0.3333333433,inner_train
1,7631,Cd0JH1AreDw$_$3,Cd0JH1AreDw,1,1,0,1,-0.6666666865,inner_train
1,7632,Cd0JH1AreDw$_$2,Cd0JH1AreDw,1,1,0,1,0,inner_train
1,7633,Cd0JH1AreDw$_$5,Cd0JH1AreDw,1,1,0,1,0,inner_train
1,7634,Cd0JH1AreDw$_$4,Cd0JH1AreDw,1,1,0,1,-0.3333333433,inner_train
1,7635,CdB8QBhFccs$_$1,CdB8QBhFccs,1,0,0,0,0.3333333433,outer
1,7636,CdB8QBhFccs$_$0,CdB8QBhFccs,1,0,0,0,-0.3333333433,outer
1,7637,CdB8QBhFccs$_$3,CdB8QBhFccs,1,0,0,0,-0.6666666865,outer
1,7638,CdB8QBhFccs$_$2,CdB8QBhFccs,1,0,0,0,-2,outer
1,7639,CdB8QBhFccs$_$4,CdB8QBhFccs,1,0,0,0,-1,outer
1,7640,CdB8QBhFccs$_$7,CdB8QBhFccs,1,0,0,0,-0.3333333433,outer
1,7641,CdB8QBhFccs$_$6,CdB8QBhFccs,1,0,0,0,0.6666666865,outer
1,7642,CdB8QBhFccs$_$8,CdB8QBhFccs,1,0,0,0,-0.3333333433,outer
1,7653,CfWxp5bRt2A$_$1,CfWxp5bRt2A,1,1,0,0,0.3333333433,outer
1,7654,CfWxp5bRt2A$_$0,CfWxp5bRt2A,1,1,0,0,1,outer
1,7655,CfWxp5bRt2A$_$3,CfWxp5bRt2A,1,1,0,0,0.3333333433,outer
1,7656,CfWxp5bRt2A$_$5,CfWxp5bRt2A,1,1,0,0,0,outer
1,7657,CfWxp5bRt2A$_$4,CfWxp5bRt2A,1,1,0,0,0,outer
1,7666,CqFt3_uka14$_$9,CqFt3_uka14,1,1,0,0,0.3333333433,inner_train
1,7667,CqFt3_uka14$_$16,CqFt3_uka14,1,1,0,0,0.3333333433,inner_train
1,7668,CqFt3_uka14$_$14,CqFt3_uka14,1,1,0,0,0,inner_train
1,7669,CqFt3_uka14$_$17,CqFt3_uka14,1,1,0,0,0.3333333433,inner_train
1,7670,CqFt3_uka14$_$6,CqFt3_uka14,1,1,0,0,0,inner_train
1,7671,Ctc23Icfzvg$_$1,Ctc23Icfzvg,1,0,0,0,1,inner_valid
1,7672,Ctc23Icfzvg$_$0,Ctc23Icfzvg,1,0,0,0,1,inner_valid
1,7673,Ctc23Icfzvg$_$3,Ctc23Icfzvg,1,0,0,0,0,inner_valid
1,7674,Ctc23Icfzvg$_$2,Ctc23Icfzvg,1,0,0,0,1,inner_valid
1,7675,Ctc23Icfzvg$_$5,Ctc23Icfzvg,1,0,0,0,0,inner_valid
1,7676,Ctc23Icfzvg$_$4,Ctc23Icfzvg,1,0,0,0,0.6666666865,inner_valid
1,7680,CuFLRnu4FQ8$_$11,CuFLRnu4FQ8,1,1,0,0,0,outer
1,7681,CuFLRnu4FQ8$_$8,CuFLRnu4FQ8,1,1,0,0,-1,outer
1,7682,CuFLRnu4FQ8$_$5,CuFLRnu4FQ8,1,1,0,0,0,outer
1,7697,D-DqVICJXBU$_$0,D-DqVICJXBU,1,0,0,0,-1.333333373,inner_train
1,7698,D02PT0bl88A$_$9,D02PT0bl88A,1,1,0,0,0.6666666865,inner_valid
1,7699,D02PT0bl88A$_$1,D02PT0bl88A,1,1,0,0,0,inner_valid
1,7700,D02PT0bl88A$_$4,D02PT0bl88A,1,1,0,0,0.3333333433,inner_valid
1,7701,D02PT0bl88A$_$7,D02PT0bl88A,1,1,0,0,0.3333333433,inner_valid
1,7702,D02PT0bl88A$_$8,D02PT0bl88A,1,1,0,0,0,inner_valid
1,7733,DXQGngge7vU$_$1,DXQGngge7vU,1,1,0,0,1.666666627,outer
1,7734,DXQGngge7vU$_$0,DXQGngge7vU,1,1,0,0,1,outer
1,7735,DXQGngge7vU$_$3,DXQGngge7vU,1,1,0,0,2.333333254,outer
1,7736,DXQGngge7vU$_$4,DXQGngge7vU,1,1,0,0,0,outer
1,7737,DXQGngge7vU$_$6,DXQGngge7vU,1,1,0,0,-0.3333333433,outer
1,7738,DXQGngge7vU$_$8,DXQGngge7vU,1,1,0,0,0.6666666865,outer
1,7752,DaXkixKFEvE$_$3,DaXkixKFEvE,1,1,0,0,0.6666666865,inner_train
1,7753,DaXkixKFEvE$_$5,DaXkixKFEvE,1,1,0,0,1,inner_train
1,7754,DaXkixKFEvE$_$4,DaXkixKFEvE,1,1,0,0,0.3333333433,inner_train
1,7772,DfTMoqwMHVE$_$1,DfTMoqwMHVE,1,1,1,0,0.3333333433,inner_valid
1,7773,DfTMoqwMHVE$_$0,DfTMoqwMHVE,1,1,1,0,0.3333333433,inner_valid
1,7774,DfTMoqwMHVE$_$3,DfTMoqwMHVE,1,1,1,0,0,inner_valid
1,7775,DfTMoqwMHVE$_$2,DfTMoqwMHVE,1,1,1,0,0,inner_valid
1,7776,DfTMoqwMHVE$_$5,DfTMoqwMHVE,1,1,1,0,0,inner_valid
1,7777,DfTMoqwMHVE$_$4,DfTMoqwMHVE,1,1,1,0,0,inner_valid
1,7778,DfTMoqwMHVE$_$7,DfTMoqwMHVE,1,1,1,0,0,inner_valid
1,7779,DgO5O-oDeX8$_$1,DgO5O-oDeX8,1,1,0,0,1.666666627,inner_train
1,7780,DgO5O-oDeX8$_$9,DgO5O-oDeX8,1,1,0,0,1,inner_train
1,7781,DgO5O-oDeX8$_$6,DgO5O-oDeX8,1,1,0,0,0,inner_train
1,7783,DiOw-w5LDJ0$_$1,DiOw-w5LDJ0,1,0,0,0,1,inner_train
1,7784,DiOw-w5LDJ0$_$0,DiOw-w5LDJ0,1,0,0,0,1,inner_train
1,7785,DiOw-w5LDJ0$_$3,DiOw-w5LDJ0,1,0,0,0,0.6666666865,inner_train
1,7786,DiOw-w5LDJ0$_$2,DiOw-w5LDJ0,1,0,0,0,0,inner_train
1,7787,DiOw-w5LDJ0$_$5,DiOw-w5LDJ0,1,0,0,0,0.3333333433,inner_train
1,7788,DiOw-w5LDJ0$_$4,DiOw-w5LDJ0,1,0,0,0,0.6666666865,inner_train
1,7800,DtwbwyfajnI$_$0,DtwbwyfajnI,1,1,0,0,1.666666627,outer
1,7801,DtwbwyfajnI$_$3,DtwbwyfajnI,1,1,0,0,2,outer
1,7802,DtwbwyfajnI$_$2,DtwbwyfajnI,1,1,0,0,0,outer
1,7803,DtwbwyfajnI$_$4,DtwbwyfajnI,1,1,0,0,0.3333333433,outer
1,7842,E7ZLz3tSwNM$_$1,E7ZLz3tSwNM,1,1,0,0,0,inner_train
1,7843,E7ZLz3tSwNM$_$15,E7ZLz3tSwNM,1,1,0,0,0,inner_train
1,7844,E7ZLz3tSwNM$_$4,E7ZLz3tSwNM,1,1,0,0,0,inner_train
1,7845,E7ZLz3tSwNM$_$7,E7ZLz3tSwNM,1,1,0,0,0.3333333433,inner_train
1,7846,E8L1Z71vKG8$_$9,E8L1Z71vKG8,1,1,0,0,-1,outer
1,7847,E8L1Z71vKG8$_$3,E8L1Z71vKG8,1,1,0,0,0,outer
1,7848,E8L1Z71vKG8$_$2,E8L1Z71vKG8,1,1,0,0,0.3333333433,outer
1,7856,EGA6iulTr00$_$10,EGA6iulTr00,1,0,0,0,0,outer
1,7857,EGA6iulTr00$_$2,EGA6iulTr00,1,0,0,0,1,outer
1,7858,EGA6iulTr00$_$5,EGA6iulTr00,1,0,0,0,0,outer
1,7859,EGA6iulTr00$_$4,EGA6iulTr00,1,0,0,0,0.6666666865,outer
1,7860,EHbZ2EeVags$_$1,EHbZ2EeVags,1,0,0,1,1.333333373,inner_train
1,7861,EJT25p7JahU$_$0,EJT25p7JahU,1,1,1,0,0.6666666865,inner_train
1,7862,EJT25p7JahU$_$3,EJT25p7JahU,1,1,1,0,0.6666666865,inner_train
1,7863,EJT25p7JahU$_$5,EJT25p7JahU,1,1,1,0,0,inner_train
1,7864,EJT25p7JahU$_$7,EJT25p7JahU,1,1,1,0,-1.333333373,inner_train
1,7865,EJT25p7JahU$_$6,EJT25p7JahU,1,1,1,0,0.3333333433,inner_train
1,7869,EO_SN04Xef0$_$1,EO_SN04Xef0,1,0,0,0,1.666666627,inner_train
1,7870,EO_SN04Xef0$_$0,EO_SN04Xef0,1,0,0,0,1.666666627,inner_train
1,7871,EO_SN04Xef0$_$3,EO_SN04Xef0,1,0,0,0,0.6666666865,inner_train
1,7872,EO_SN04Xef0$_$2,EO_SN04Xef0,1,0,0,0,2,inner_train
1,7873,EO_SN04Xef0$_$4,EO_SN04Xef0,1,0,0,0,2.666666746,inner_train
1,7874,EOkdFMw0pmk$_$11,EOkdFMw0pmk,1,1,0,0,0,outer
1,7875,EOkdFMw0pmk$_$10,EOkdFMw0pmk,1,1,0,0,0,outer
1,7876,EOkdFMw0pmk$_$1,EOkdFMw0pmk,1,1,0,0,0,outer
1,7877,EOkdFMw0pmk$_$0,EOkdFMw0pmk,1,1,0,0,0,outer
1,7878,EOkdFMw0pmk$_$3,EOkdFMw0pmk,1,1,0,0,-0.3333333433,outer
1,7879,EOkdFMw0pmk$_$4,EOkdFMw0pmk,1,1,0,0,0.6666666865,outer
1,7880,EOkdFMw0pmk$_$7,EOkdFMw0pmk,1,1,0,0,0,outer
1,7881,EOkdFMw0pmk$_$6,EOkdFMw0pmk,1,1,0,0,1,outer
1,7882,EOkdFMw0pmk$_$9,EOkdFMw0pmk,1,1,0,0,0,outer
1,7883,EOkdFMw0pmk$_$8,EOkdFMw0pmk,1,1,0,0,0,outer
1,7884,ERnYvxojeu0$_$13,ERnYvxojeu0,1,0,0,0,0.3333333433,inner_train
1,7885,ERnYvxojeu0$_$17,ERnYvxojeu0,1,0,0,0,1,inner_train
1,7886,ERnYvxojeu0$_$1,ERnYvxojeu0,1,0,0,0,0,inner_train
1,7887,ERnYvxojeu0$_$3,ERnYvxojeu0,1,0,0,0,0,inner_train
1,7888,ERnYvxojeu0$_$2,ERnYvxojeu0,1,0,0,0,0,inner_train
1,7889,ERnYvxojeu0$_$4,ERnYvxojeu0,1,0,0,0,0.3333333433,inner_train
1,7890,EULEL3QhKD0$_$3,EULEL3QhKD0,1,1,1,0,0.3333333433,inner_valid
1,7891,EULEL3QhKD0$_$5,EULEL3QhKD0,1,1,1,0,1.333333373,inner_valid
1,7892,EULEL3QhKD0$_$4,EULEL3QhKD0,1,1,1,0,0,inner_valid
1,7893,EULEL3QhKD0$_$6,EULEL3QhKD0,1,1,1,0,1.666666627,inner_valid
1,7894,EZkOWskJl20$_$1,EZkOWskJl20,1,1,0,0,0.3333333433,inner_train
1,7895,EZkOWskJl20$_$2,EZkOWskJl20,1,1,0,0,0.6666666865,inner_train
1,7901,E_oqbJatW3E$_$2,E_oqbJatW3E,1,0,0,1,0.6666666865,inner_train
1,7902,E_oqbJatW3E$_$4,E_oqbJatW3E,1,0,0,1,2,inner_train
1,7903,Ea_Huc2-lwo$_$1,Ea_Huc2-lwo,1,1,0,0,1.333333373,inner_train
1,7904,Ea_Huc2-lwo$_$0,Ea_Huc2-lwo,1,1,0,0,2,inner_train
1,7905,Ea_Huc2-lwo$_$2,Ea_Huc2-lwo,1,1,0,0,1.666666627,inner_train
1,7906,EfQoSpEZa0o$_$1,EfQoSpEZa0o,1,0,0,0,1.333333373,inner_train
1,7907,EfQoSpEZa0o$_$3,EfQoSpEZa0o,1,0,0,0,0.6666666865,inner_train
1,7908,EfQoSpEZa0o$_$5,EfQoSpEZa0o,1,0,0,0,1.666666627,inner_train
1,7909,EfQoSpEZa0o$_$4,EfQoSpEZa0o,1,0,0,0,0.3333333433,inner_train
1,7910,EiG3r8hAVeY$_$10,EiG3r8hAVeY,1,0,0,0,0,inner_train
1,7911,EiG3r8hAVeY$_$17,EiG3r8hAVeY,1,0,0,0,1.333333373,inner_train
1,7912,EiG3r8hAVeY$_$18,EiG3r8hAVeY,1,0,0,0,2,inner_train
1,7913,EiG3r8hAVeY$_$28,EiG3r8hAVeY,1,0,0,0,-0.6666666865,inner_train
1,7914,EiG3r8hAVeY$_$0,EiG3r8hAVeY,1,0,0,0,2.333333254,inner_train
1,7915,EiG3r8hAVeY$_$3,EiG3r8hAVeY,1,0,0,0,-1,inner_train
1,7916,EiG3r8hAVeY$_$5,EiG3r8hAVeY,1,0,0,0,0,inner_train
1,7917,EiG3r8hAVeY$_$6,EiG3r8hAVeY,1,0,0,0,0.3333333433,inner_train
1,7918,Emi9cw9xa00$_$10,Emi9cw9xa00,1,0,0,0,0,inner_train
1,7919,Emi9cw9xa00$_$13,Emi9cw9xa00,1,0,0,0,0.6666666865,inner_train
1,7920,Emi9cw9xa00$_$15,Emi9cw9xa00,1,0,0,0,1.666666627,inner_train
1,7921,Emi9cw9xa00$_$14,Emi9cw9xa00,1,0,0,0,2.333333254,inner_train
1,7922,Emi9cw9xa00$_$16,Emi9cw9xa00,1,0,0,0,1,inner_train
1,7923,Emi9cw9xa00$_$0,Emi9cw9xa00,1,0,0,0,1.333333373,inner_train
1,7924,Emi9cw9xa00$_$3,Emi9cw9xa00,1,0,0,0,0.6666666865,inner_train
1,7925,Emi9cw9xa00$_$5,Emi9cw9xa00,1,0,0,0,-1,inner_train
1,7926,Emi9cw9xa00$_$4,Emi9cw9xa00,1,0,0,0,0.6666666865,inner_train
1,7927,Emi9cw9xa00$_$9,Emi9cw9xa00,1,0,0,0,-1,inner_train
1,7928,Emi9cw9xa00$_$8,Emi9cw9xa00,1,0,0,0,1,inner_train
1,7929,Emjv2cDzW1E$_$0,Emjv2cDzW1E,1,0,0,0,0,inner_train
1,7930,Emjv2cDzW1E$_$3,Emjv2cDzW1E,1,0,0,0,2.333333254,inner_train
1,7931,Emjv2cDzW1E$_$6,Emjv2cDzW1E,1,0,0,0,0.3333333433,inner_train
1,7943,EpadyoYlAjQ$_$1,EpadyoYlAjQ,1,1,0,1,1,inner_train
1,7944,EpadyoYlAjQ$_$0,EpadyoYlAjQ,1,1,0,1,0.3333333433,inner_train
1,7945,EpadyoYlAjQ$_$3,EpadyoYlAjQ,1,1,0,1,-0.3333333433,inner_train
1,7946,EpadyoYlAjQ$_$2,EpadyoYlAjQ,1,1,0,1,1,inner_train
1,7947,EpadyoYlAjQ$_$5,EpadyoYlAjQ,1,1,0,1,2.666666746,inner_train
1,7948,EpadyoYlAjQ$_$4,EpadyoYlAjQ,1,1,0,1,0,inner_train
1,7949,EpadyoYlAjQ$_$6,EpadyoYlAjQ,1,1,0,1,1.666666627,inner_train
1,7950,ExDLNkDVsxY$_$1,ExDLNkDVsxY,1,0,0,0,0.6666666865,inner_train
1,7951,ExDLNkDVsxY$_$0,ExDLNkDVsxY,1,0,0,0,-0.3333333433,inner_train
1,7952,ExDLNkDVsxY$_$3,ExDLNkDVsxY,1,0,0,0,0,inner_train
1,7953,ExDLNkDVsxY$_$2,ExDLNkDVsxY,1,0,0,0,0.6666666865,inner_train
1,7954,ExDLNkDVsxY$_$5,ExDLNkDVsxY,1,0,0,0,0,inner_train
1,7955,ExDLNkDVsxY$_$4,ExDLNkDVsxY,1,0,0,0,0,inner_train
1,7956,ExDLNkDVsxY$_$7,ExDLNkDVsxY,1,0,0,0,0.3333333433,inner_train
1,7957,ExDLNkDVsxY$_$6,ExDLNkDVsxY,1,0,0,0,0.3333333433,inner_train
1,7958,ExDLNkDVsxY$_$8,ExDLNkDVsxY,1,0,0,0,0,inner_train
1,7963,F4OhXQTMOEc$_$1,F4OhXQTMOEc,1,1,0,0,0,outer
1,7964,F4OhXQTMOEc$_$0,F4OhXQTMOEc,1,1,0,0,0,outer
1,7965,F4OhXQTMOEc$_$3,F4OhXQTMOEc,1,1,0,0,-1.333333373,outer
1,7966,F4OhXQTMOEc$_$2,F4OhXQTMOEc,1,1,0,0,-0.3333333433,outer
1,7967,F4OhXQTMOEc$_$5,F4OhXQTMOEc,1,1,0,0,-0.6666666865,outer
1,7968,F4OhXQTMOEc$_$4,F4OhXQTMOEc,1,1,0,0,-0.6666666865,outer
1,7969,F4OhXQTMOEc$_$6,F4OhXQTMOEc,1,1,0,0,1.333333373,outer
1,8016,F5SGdvSRJmo$_$11,F5SGdvSRJmo,1,0,0,0,1.333333373,inner_train
1,8017,F5SGdvSRJmo$_$10,F5SGdvSRJmo,1,0,0,0,1,inner_train
1,8018,F5SGdvSRJmo$_$1,F5SGdvSRJmo,1,0,0,0,0,inner_train
1,8019,F5SGdvSRJmo$_$0,F5SGdvSRJmo,1,0,0,0,0,inner_train
1,8020,F5SGdvSRJmo$_$3,F5SGdvSRJmo,1,0,0,0,1.333333373,inner_train
1,8021,F5SGdvSRJmo$_$2,F5SGdvSRJmo,1,0,0,0,-1,inner_train
1,8022,F5SGdvSRJmo$_$5,F5SGdvSRJmo,1,0,0,0,1.666666627,inner_train
1,8023,F5SGdvSRJmo$_$4,F5SGdvSRJmo,1,0,0,0,1.666666627,inner_train
1,8024,F5SGdvSRJmo$_$7,F5SGdvSRJmo,1,0,0,0,2,inner_train
1,8025,F5SGdvSRJmo$_$6,F5SGdvSRJmo,1,0,0,0,0.6666666865,inner_train
1,8026,F5SGdvSRJmo$_$9,F5SGdvSRJmo,1,0,0,0,0.6666666865,inner_train
1,8046,FCMbWx2JpZ0$_$1,FCMbWx2JpZ0,1,0,0,0,1.666666627,inner_train
1,8047,FCMbWx2JpZ0$_$3,FCMbWx2JpZ0,1,0,0,0,1.666666627,inner_train
1,8048,FGnHDWGYsA8$_$1,FGnHDWGYsA8,1,1,0,0,2.666666746,inner_train
1,8049,FGnHDWGYsA8$_$3,FGnHDWGYsA8,1,1,0,0,2,inner_train
1,8050,FHlzZ2VxuGQ$_$10,FHlzZ2VxuGQ,1,1,0,0,1,inner_train
1,8051,FHlzZ2VxuGQ$_$13,FHlzZ2VxuGQ,1,1,0,0,-0.6666666865,inner_train
1,8052,FHlzZ2VxuGQ$_$1,FHlzZ2VxuGQ,1,1,0,0,-1.666666627,inner_train
1,8053,FHlzZ2VxuGQ$_$0,FHlzZ2VxuGQ,1,1,0,0,-1.333333373,inner_train
1,8054,FHlzZ2VxuGQ$_$5,FHlzZ2VxuGQ,1,1,0,0,1.666666627,inner_train
1,8055,FHlzZ2VxuGQ$_$4,FHlzZ2VxuGQ,1,1,0,0,-1.333333373,inner_train
1,8056,FHlzZ2VxuGQ$_$7,FHlzZ2VxuGQ,1,1,0,0,0.3333333433,inner_train
1,8057,FHlzZ2VxuGQ$_$9,FHlzZ2VxuGQ,1,1,0,0,1,inner_train
1,8060,FLyWn2DCci4$_$1,FLyWn2DCci4,1,1,0,0,0.3333333433,inner_train
1,8061,FLyWn2DCci4$_$3,FLyWn2DCci4,1,1,0,0,0,inner_train
1,8062,FLyWn2DCci4$_$2,FLyWn2DCci4,1,1,0,0,0.3333333433,inner_train
1,8063,FMW6diQ9rMo$_$1,FMW6diQ9rMo,1,1,1,0,0.6666666865,inner_train
1,8064,FMW6diQ9rMo$_$0,FMW6diQ9rMo,1,1,1,0,-0.3333333433,inner_train
1,8065,FMW6diQ9rMo$_$3,FMW6diQ9rMo,1,1,1,0,1,inner_train
1,8066,FMW6diQ9rMo$_$2,FMW6diQ9rMo,1,1,1,0,0,inner_train
1,8067,FMW6diQ9rMo$_$4,FMW6diQ9rMo,1,1,1,0,-0.3333333433,inner_train
1,8068,FMW6diQ9rMo$_$7,FMW6diQ9rMo,1,1,1,0,0.6666666865,inner_train
1,8069,FMW6diQ9rMo$_$6,FMW6diQ9rMo,1,1,1,0,0,inner_train
1,8070,FMW6diQ9rMo$_$8,FMW6diQ9rMo,1,1,1,0,-0.3333333433,inner_train
1,8076,FOMXt3lStco$_$1,FOMXt3lStco,1,1,0,0,0.3333333433,inner_train
1,8077,FOMXt3lStco$_$0,FOMXt3lStco,1,1,0,0,0,inner_train
1,8078,FOMXt3lStco$_$4,FOMXt3lStco,1,1,0,0,0.3333333433,inner_train
1,8079,FP3o75bpi8k$_$0,FP3o75bpi8k,1,0,0,0,0.3333333433,inner_train
1,8080,FP3o75bpi8k$_$3,FP3o75bpi8k,1,0,0,0,0.3333333433,inner_train
1,8081,FP3o75bpi8k$_$2,FP3o75bpi8k,1,0,0,0,0,inner_train
1,8101,FX-YgVKC1AI$_$8,FX-YgVKC1AI,1,1,0,0,0.3333333433,inner_train
1,8102,FX-YgVKC1AI$_$5,FX-YgVKC1AI,1,1,0,0,0.6666666865,inner_train
1,8103,FX-YgVKC1AI$_$7,FX-YgVKC1AI,1,1,0,0,1.333333373,inner_train
1,8111,FdTczBnXtYU$_$3,FdTczBnXtYU,1,1,0,0,1.333333373,inner_train
1,8112,FdTczBnXtYU$_$2,FdTczBnXtYU,1,1,0,0,0.3333333433,inner_train
1,8113,FdTczBnXtYU$_$5,FdTczBnXtYU,1,1,0,0,0,inner_train
1,8114,FdTczBnXtYU$_$9,FdTczBnXtYU,1,1,0,0,0,inner_train
1,8138,Fmwc7wkIc4Q$_$11,Fmwc7wkIc4Q,1,1,0,1,0,outer
1,8139,Fmwc7wkIc4Q$_$10,Fmwc7wkIc4Q,1,1,0,1,0,outer
1,8140,Fmwc7wkIc4Q$_$13,Fmwc7wkIc4Q,1,1,0,1,0.3333333433,outer
1,8141,Fmwc7wkIc4Q$_$12,Fmwc7wkIc4Q,1,1,0,1,0,outer
1,8142,Fmwc7wkIc4Q$_$14,Fmwc7wkIc4Q,1,1,0,1,0,outer
1,8143,Fmwc7wkIc4Q$_$1,Fmwc7wkIc4Q,1,1,0,1,0.3333333433,outer
1,8144,Fmwc7wkIc4Q$_$0,Fmwc7wkIc4Q,1,1,0,1,1,outer
1,8145,Fmwc7wkIc4Q$_$3,Fmwc7wkIc4Q,1,1,0,1,0,outer
1,8146,Fmwc7wkIc4Q$_$2,Fmwc7wkIc4Q,1,1,0,1,0.3333333433,outer
1,8147,Fmwc7wkIc4Q$_$5,Fmwc7wkIc4Q,1,1,0,1,0,outer
1,8148,Fmwc7wkIc4Q$_$4,Fmwc7wkIc4Q,1,1,0,1,-0.6666666865,outer
1,8149,Fmwc7wkIc4Q$_$7,Fmwc7wkIc4Q,1,1,0,1,-0.6666666865,outer
1,8150,Fmwc7wkIc4Q$_$6,Fmwc7wkIc4Q,1,1,0,1,0.3333333433,outer
1,8151,Fmwc7wkIc4Q$_$9,Fmwc7wkIc4Q,1,1,0,1,0,outer
1,8152,Fmwc7wkIc4Q$_$8,Fmwc7wkIc4Q,1,1,0,1,0,outer
1,8157,FsmNLTdE2p0$_$0,FsmNLTdE2p0,1,0,0,0,0.3333333433,inner_train
1,8158,FsmNLTdE2p0$_$8,FsmNLTdE2p0,1,0,0,0,1.666666627,inner_train
1,8164,FylhSeozvG8$_$10,FylhSeozvG8,1,0,1,0,0.3333333433,inner_train
1,8165,FylhSeozvG8$_$13,FylhSeozvG8,1,0,1,0,1,inner_train
1,8166,FylhSeozvG8$_$12,FylhSeozvG8,1,0,1,0,0,inner_train
1,8167,FylhSeozvG8$_$14,FylhSeozvG8,1,0,1,0,0.6666666865,inner_train
1,8168,FylhSeozvG8$_$1,FylhSeozvG8,1,0,1,0,0.3333333433,inner_train
1,8169,FylhSeozvG8$_$0,FylhSeozvG8,1,0,1,0,0,inner_train
1,8170,FylhSeozvG8$_$3,FylhSeozvG8,1,0,1,0,1,inner_train
1,8171,FylhSeozvG8$_$2,FylhSeozvG8,1,0,1,0,-0.3333333433,inner_train
1,8172,FylhSeozvG8$_$5,FylhSeozvG8,1,0,1,0,0.6666666865,inner_train
1,8173,FylhSeozvG8$_$4,FylhSeozvG8,1,0,1,0,0.3333333433,inner_train
1,8174,FylhSeozvG8$_$7,FylhSeozvG8,1,0,1,0,0.6666666865,inner_train
1,8175,FylhSeozvG8$_$6,FylhSeozvG8,1,0,1,0,-1.333333373,inner_train
1,8176,FylhSeozvG8$_$8,FylhSeozvG8,1,0,1,0,0,inner_train
1,8177,G1Z_JUTgZqo$_$0,G1Z_JUTgZqo,1,1,0,0,0,inner_train
1,8178,G1Z_JUTgZqo$_$3,G1Z_JUTgZqo,1,1,0,0,0,inner_train
1,8179,G1Z_JUTgZqo$_$2,G1Z_JUTgZqo,1,1,0,0,0.3333333433,inner_train
1,8200,G3RPgs_7l3U$_$3,G3RPgs_7l3U,1,1,0,0,0.3333333433,outer
1,8201,G3RPgs_7l3U$_$2,G3RPgs_7l3U,1,1,0,0,0,outer
1,8202,G3RPgs_7l3U$_$4,G3RPgs_7l3U,1,1,0,0,1,outer
1,8203,G4HMKRdIva0$_$11,G4HMKRdIva0,1,0,0,1,-0.3333333433,outer
1,8204,G4HMKRdIva0$_$10,G4HMKRdIva0,1,0,0,1,-0.3333333433,outer
1,8205,G4HMKRdIva0$_$13,G4HMKRdIva0,1,0,0,1,1.333333373,outer
1,8206,G4HMKRdIva0$_$12,G4HMKRdIva0,1,0,0,1,1,outer
1,8207,G4HMKRdIva0$_$20,G4HMKRdIva0,1,0,0,1,1,outer
1,8208,G4HMKRdIva0$_$14,G4HMKRdIva0,1,0,0,1,1.333333373,outer
1,8209,G4HMKRdIva0$_$17,G4HMKRdIva0,1,0,0,1,-1,outer
1,8210,G4HMKRdIva0$_$16,G4HMKRdIva0,1,0,0,1,1,outer
1,8211,G4HMKRdIva0$_$18,G4HMKRdIva0,1,0,0,1,-0.3333333433,outer
1,8212,G4HMKRdIva0$_$1,G4HMKRdIva0,1,0,0,1,-0.6666666865,outer
1,8213,G4HMKRdIva0$_$0,G4HMKRdIva0,1,0,0,1,1,outer
1,8214,G4HMKRdIva0$_$3,G4HMKRdIva0,1,0,0,1,0.6666666865,outer
1,8215,G4HMKRdIva0$_$4,G4HMKRdIva0,1,0,0,1,-1.666666627,outer
1,8216,G4HMKRdIva0$_$6,G4HMKRdIva0,1,0,0,1,-1,outer
1,8217,G4HMKRdIva0$_$9,G4HMKRdIva0,1,0,0,1,-0.6666666865,outer
1,8218,G4HMKRdIva0$_$15,G4HMKRdIva0,1,0,0,1,1,outer
1,8219,G4HMKRdIva0$_$8,G4HMKRdIva0,1,0,0,1,2,outer
1,8226,G8p4QMjLUXI$_$1,G8p4QMjLUXI,1,1,0,0,0.3333333433,inner_train
1,8227,G8p4QMjLUXI$_$3,G8p4QMjLUXI,1,1,0,0,0,inner_train
1,8228,G8p4QMjLUXI$_$2,G8p4QMjLUXI,1,1,0,0,-0.6666666865,inner_train
1,8229,G8p4QMjLUXI$_$5,G8p4QMjLUXI,1,1,0,0,1,inner_train
1,8230,G8p4QMjLUXI$_$4,G8p4QMjLUXI,1,1,0,0,0.6666666865,inner_train
1,8231,G8p4QMjLUXI$_$7,G8p4QMjLUXI,1,1,0,0,0.3333333433,inner_train
1,8232,G8p4QMjLUXI$_$6,G8p4QMjLUXI,1,1,0,0,0.6666666865,inner_train
1,8233,G8p4QMjLUXI$_$9,G8p4QMjLUXI,1,1,0,0,2.666666746,inner_train
1,8234,G8p4QMjLUXI$_$8,G8p4QMjLUXI,1,1,0,0,0.6666666865,inner_train
1,8264,GMnoxaqqReQ$_$1,GMnoxaqqReQ,1,1,0,0,0,inner_train
1,8265,GMnoxaqqReQ$_$11,GMnoxaqqReQ,1,1,0,0,-0.3333333433,inner_train
1,8305,GUffC7vu9zA$_$11,GUffC7vu9zA,1,0,0,0,0,inner_train
1,8306,GUffC7vu9zA$_$26,GUffC7vu9zA,1,0,0,0,0.3333333433,inner_train
1,8307,GUffC7vu9zA$_$44,GUffC7vu9zA,1,0,0,0,2,inner_train
1,8308,GUffC7vu9zA$_$37,GUffC7vu9zA,1,0,0,0,0.6666666865,inner_train
1,8309,GUffC7vu9zA$_$43,GUffC7vu9zA,1,0,0,0,1,inner_train
1,8310,GUffC7vu9zA$_$41,GUffC7vu9zA,1,0,0,0,0,inner_train
1,8311,GUffC7vu9zA$_$1,GUffC7vu9zA,1,0,0,0,0.3333333433,inner_train
1,8312,G_M3lYn6hAA$_$0,G_M3lYn6hAA,1,1,0,0,0.6666666865,inner_train
1,8313,G_M3lYn6hAA$_$5,G_M3lYn6hAA,1,1,0,0,2.333333254,inner_train
1,8314,G_M3lYn6hAA$_$4,G_M3lYn6hAA,1,1,0,0,0,inner_train
1,8316,GcfETVXgtg0$_$9,GcfETVXgtg0,1,1,0,0,1.666666627,inner_train
1,8317,GcfETVXgtg0$_$3,GcfETVXgtg0,1,1,0,0,0.6666666865,inner_train
1,8318,GcfETVXgtg0$_$4,GcfETVXgtg0,1,1,0,0,1.333333373,inner_train
1,8319,GcfETVXgtg0$_$6,GcfETVXgtg0,1,1,0,0,0.6666666865,inner_train
1,8326,Gg9ZcRlwnbc$_$11,Gg9ZcRlwnbc,1,1,0,0,1.333333373,inner_train
1,8327,Gg9ZcRlwnbc$_$10,Gg9ZcRlwnbc,1,1,0,0,0.3333333433,inner_train
1,8328,Gg9ZcRlwnbc$_$20,Gg9ZcRlwnbc,1,1,0,0,2,inner_train
1,8329,Gg9ZcRlwnbc$_$14,Gg9ZcRlwnbc,1,1,0,0,0.6666666865,inner_train
1,8330,Gg9ZcRlwnbc$_$17,Gg9ZcRlwnbc,1,1,0,0,2,inner_train
1,8331,Gg9ZcRlwnbc$_$16,Gg9ZcRlwnbc,1,1,0,0,0,inner_train
1,8332,Gg9ZcRlwnbc$_$19,Gg9ZcRlwnbc,1,1,0,0,2.333333254,inner_train
1,8333,Gg9ZcRlwnbc$_$15,Gg9ZcRlwnbc,1,1,0,0,0.3333333433,inner_train
1,8334,Gg9ZcRlwnbc$_$2,Gg9ZcRlwnbc,1,1,0,0,0.6666666865,inner_train
1,8335,Gg9ZcRlwnbc$_$5,Gg9ZcRlwnbc,1,1,0,0,0,inner_train
1,8336,Gg9ZcRlwnbc$_$6,Gg9ZcRlwnbc,1,1,0,0,-1.333333373,inner_train
1,8337,Gg9ZcRlwnbc$_$8,Gg9ZcRlwnbc,1,1,0,0,-0.6666666865,inner_train
1,8338,GjCUDqWSI6c$_$0,GjCUDqWSI6c,1,0,0,0,-0.3333333433,inner_valid
1,8339,GjCUDqWSI6c$_$4,GjCUDqWSI6c,1,0,0,0,0.3333333433,inner_valid
1,8340,GkoBk5K-FH0$_$11,GkoBk5K-FH0,1,1,0,0,0.3333333433,inner_train
1,8341,GkoBk5K-FH0$_$24,GkoBk5K-FH0,1,1,0,0,-1.666666627,inner_train
1,8342,GkoBk5K-FH0$_$13,GkoBk5K-FH0,1,1,0,0,1.333333373,inner_train
1,8343,GkoBk5K-FH0$_$38,GkoBk5K-FH0,1,1,0,0,-1.666666627,inner_train
1,8344,GkoBk5K-FH0$_$21,GkoBk5K-FH0,1,1,0,0,1.666666627,inner_train
1,8345,GkoBk5K-FH0$_$22,GkoBk5K-FH0,1,1,0,0,-1.333333373,inner_train
1,8346,GkoBk5K-FH0$_$33,GkoBk5K-FH0,1,1,0,0,1,inner_train
1,8347,GkoBk5K-FH0$_$37,GkoBk5K-FH0,1,1,0,0,1,inner_train
1,8348,GkoBk5K-FH0$_$34,GkoBk5K-FH0,1,1,0,0,0,inner_train
1,8349,GkoBk5K-FH0$_$3,GkoBk5K-FH0,1,1,0,0,0,inner_train
1,8350,GkoBk5K-FH0$_$2,GkoBk5K-FH0,1,1,0,0,0.6666666865,inner_train
1,8351,GkoBk5K-FH0$_$4,GkoBk5K-FH0,1,1,0,0,0.6666666865,inner_train
1,8352,GkoBk5K-FH0$_$7,GkoBk5K-FH0,1,1,0,0,-0.3333333433,inner_train
1,8353,GkoBk5K-FH0$_$6,GkoBk5K-FH0,1,1,0,0,1,inner_train
1,8354,GkoBk5K-FH0$_$14,GkoBk5K-FH0,1,1,0,0,-1.666666627,inner_train
1,8376,GpRDC-S88dM$_$24,GpRDC-S88dM,1,1,0,0,1.333333373,inner_train
1,8377,GpRDC-S88dM$_$25,GpRDC-S88dM,1,1,0,0,1.333333373,inner_train
1,8378,GpRDC-S88dM$_$26,GpRDC-S88dM,1,1,0,0,2,inner_train
1,8379,GpRDC-S88dM$_$27,GpRDC-S88dM,1,1,0,0,0.6666666865,inner_train
1,8380,GpRDC-S88dM$_$20,GpRDC-S88dM,1,1,0,0,1,inner_train
1,8381,GpRDC-S88dM$_$21,GpRDC-S88dM,1,1,0,0,1,inner_train
1,8382,GpRDC-S88dM$_$22,GpRDC-S88dM,1,1,0,0,0.3333333433,inner_train
1,8383,GpRDC-S88dM$_$23,GpRDC-S88dM,1,1,0,0,1.666666627,inner_train
1,8384,GpRDC-S88dM$_$1,GpRDC-S88dM,1,1,0,0,0.6666666865,inner_train
1,8385,GpRDC-S88dM$_$0,GpRDC-S88dM,1,1,0,0,1.666666627,inner_train
1,8386,GpRDC-S88dM$_$3,GpRDC-S88dM,1,1,0,0,1.666666627,inner_train
1,8387,GpRDC-S88dM$_$2,GpRDC-S88dM,1,1,0,0,1,inner_train
1,8388,GpRDC-S88dM$_$5,GpRDC-S88dM,1,1,0,0,0.6666666865,inner_train
1,8389,GpRDC-S88dM$_$4,GpRDC-S88dM,1,1,0,0,1.333333373,inner_train
1,8390,GpRDC-S88dM$_$7,GpRDC-S88dM,1,1,0,0,2.666666746,inner_train
1,8391,GpRDC-S88dM$_$6,GpRDC-S88dM,1,1,0,0,-1,inner_train
1,8392,GpRDC-S88dM$_$9,GpRDC-S88dM,1,1,0,0,1,inner_train
1,8393,GpRDC-S88dM$_$8,GpRDC-S88dM,1,1,0,0,1.666666627,inner_train
1,8394,GpRDC-S88dM$_$11,GpRDC-S88dM,1,1,0,0,1.666666627,inner_train
1,8395,GpRDC-S88dM$_$10,GpRDC-S88dM,1,1,0,0,1.333333373,inner_train
1,8396,GpRDC-S88dM$_$13,GpRDC-S88dM,1,1,0,0,0.6666666865,inner_train
1,8397,GpRDC-S88dM$_$12,GpRDC-S88dM,1,1,0,0,0.3333333433,inner_train
1,8398,GpRDC-S88dM$_$15,GpRDC-S88dM,1,1,0,0,2,inner_train
1,8399,GpRDC-S88dM$_$14,GpRDC-S88dM,1,1,0,0,-1,inner_train
1,8400,GpRDC-S88dM$_$17,GpRDC-S88dM,1,1,0,0,0.3333333433,inner_train
1,8401,GpRDC-S88dM$_$16,GpRDC-S88dM,1,1,0,0,1,inner_train
1,8402,GpRDC-S88dM$_$19,GpRDC-S88dM,1,1,0,0,0.3333333433,inner_train
1,8403,GpRDC-S88dM$_$18,GpRDC-S88dM,1,1,0,0,1,inner_train
1,8404,GtRxTvuF6J0$_$0,GtRxTvuF6J0,1,1,0,0,2.666666746,inner_train
1,8405,GtRxTvuF6J0$_$3,GtRxTvuF6J0,1,1,0,0,1,inner_train
1,8406,GtRxTvuF6J0$_$2,GtRxTvuF6J0,1,1,0,0,1,inner_train
1,8407,GtRxTvuF6J0$_$5,GtRxTvuF6J0,1,1,0,0,1.333333373,inner_train
1,8408,GtRxTvuF6J0$_$4,GtRxTvuF6J0,1,1,0,0,0.3333333433,inner_train
1,8409,GtRxTvuF6J0$_$7,GtRxTvuF6J0,1,1,0,0,1.333333373,inner_train
1,8410,Gv0kKbfwPpI$_$3,Gv0kKbfwPpI,1,1,0,0,0,inner_train
1,8411,Gv0kKbfwPpI$_$2,Gv0kKbfwPpI,1,1,0,0,0,inner_train
1,8412,Gv0kKbfwPpI$_$4,Gv0kKbfwPpI,1,1,0,0,2,inner_train
1,8414,GxWLhv-Vt78$_$1,GxWLhv-Vt78,1,1,0,0,0.3333333433,outer
1,8415,GxWLhv-Vt78$_$5,GxWLhv-Vt78,1,1,0,0,0.3333333433,outer
1,8423,H26MMmrHTlQ$_$11,H26MMmrHTlQ,1,0,0,0,0.3333333433,inner_train
1,8424,H26MMmrHTlQ$_$10,H26MMmrHTlQ,1,0,0,0,-0.3333333433,inner_train
1,8425,H26MMmrHTlQ$_$1,H26MMmrHTlQ,1,0,0,0,0,inner_train
1,8426,H26MMmrHTlQ$_$0,H26MMmrHTlQ,1,0,0,0,0,inner_train
1,8427,H26MMmrHTlQ$_$3,H26MMmrHTlQ,1,0,0,0,1,inner_train
1,8428,H26MMmrHTlQ$_$5,H26MMmrHTlQ,1,0,0,0,0.3333333433,inner_train
1,8429,H26MMmrHTlQ$_$7,H26MMmrHTlQ,1,0,0,0,0,inner_train
1,8430,H26MMmrHTlQ$_$6,H26MMmrHTlQ,1,0,0,0,1.333333373,inner_train
1,8431,H26MMmrHTlQ$_$9,H26MMmrHTlQ,1,0,0,0,-0.3333333433,inner_train
1,8432,H26MMmrHTlQ$_$8,H26MMmrHTlQ,1,0,0,0,0.6666666865,inner_train
1,8441,H4w9mU8B3Mc$_$1,H4w9mU8B3Mc,1,0,1,0,0,inner_valid
1,8442,H4w9mU8B3Mc$_$8,H4w9mU8B3Mc,1,0,1,0,1.333333373,inner_valid
1,8443,H4w9mU8B3Mc$_$5,H4w9mU8B3Mc,1,0,1,0,0.3333333433,inner_valid
1,8444,H4w9mU8B3Mc$_$7,H4w9mU8B3Mc,1,0,1,0,0.6666666865,inner_valid
1,8464,HIsJqphLCyw$_$1,HIsJqphLCyw,1,1,0,0,0,inner_train
1,8465,HIsJqphLCyw$_$2,HIsJqphLCyw,1,1,0,0,0,inner_train
1,8466,HIsJqphLCyw$_$4,HIsJqphLCyw,1,1,0,0,0,inner_train
1,8467,HLFaW4oVP9E$_$10,HLFaW4oVP9E,1,1,0,0,-0.3333333433,inner_train
1,8468,HLFaW4oVP9E$_$13,HLFaW4oVP9E,1,1,0,0,0,inner_train
1,8469,HLFaW4oVP9E$_$0,HLFaW4oVP9E,1,1,0,0,2,inner_train
1,8470,HLFaW4oVP9E$_$2,HLFaW4oVP9E,1,1,0,0,0.6666666865,inner_train
1,8471,HLFaW4oVP9E$_$4,HLFaW4oVP9E,1,1,0,0,0.6666666865,inner_train
1,8472,HLFaW4oVP9E$_$7,HLFaW4oVP9E,1,1,0,0,0.3333333433,inner_train
1,8473,HLFaW4oVP9E$_$8,HLFaW4oVP9E,1,1,0,0,0.3333333433,inner_train
1,8474,HOCsiS0pmf0$_$9,HOCsiS0pmf0,1,1,0,0,2,inner_train
1,8475,HOCsiS0pmf0$_$8,HOCsiS0pmf0,1,1,0,0,1.666666627,inner_train
1,8476,HOCsiS0pmf0$_$2,HOCsiS0pmf0,1,1,0,0,0.6666666865,inner_train
1,8477,HOCsiS0pmf0$_$4,HOCsiS0pmf0,1,1,0,0,0.3333333433,inner_train
1,8478,HOCsiS0pmf0$_$6,HOCsiS0pmf0,1,1,0,0,-0.3333333433,inner_train
1,8483,HQ2LwfRcrVc$_$11,HQ2LwfRcrVc,1,0,0,0,2.333333254,inner_train
1,8484,HQ2LwfRcrVc$_$10,HQ2LwfRcrVc,1,0,0,0,-1,inner_train
1,8485,HQ2LwfRcrVc$_$1,HQ2LwfRcrVc,1,0,0,0,1.666666627,inner_train
1,8486,HQ2LwfRcrVc$_$5,HQ2LwfRcrVc,1,0,0,0,0,inner_train
1,8487,HQ2LwfRcrVc$_$4,HQ2LwfRcrVc,1,0,0,0,0,inner_train
1,8488,HQ2LwfRcrVc$_$7,HQ2LwfRcrVc,1,0,0,0,1.333333373,inner_train
1,8489,HQ2LwfRcrVc$_$9,HQ2LwfRcrVc,1,0,0,0,-1,inner_train
1,8490,HQ2LwfRcrVc$_$8,HQ2LwfRcrVc,1,0,0,0,1,inner_train
1,8493,HS-2vVP95u8$_$4,HS-2vVP95u8,1,1,0,0,0.6666666865,inner_train
1,8494,HS-2vVP95u8$_$6,HS-2vVP95u8,1,1,0,0,-0.6666666865,inner_train
1,8508,HVksxaUzv9Y$_$9,HVksxaUzv9Y,1,0,0,0,-1,inner_train
1,8509,HVksxaUzv9Y$_$8,HVksxaUzv9Y,1,0,0,0,0.3333333433,inner_train
1,8510,HVksxaUzv9Y$_$5,HVksxaUzv9Y,1,0,0,0,0,inner_train
1,8511,HVksxaUzv9Y$_$7,HVksxaUzv9Y,1,0,0,0,0,inner_train
1,8512,HVksxaUzv9Y$_$6,HVksxaUzv9Y,1,0,0,0,0.6666666865,inner_train
1,8520,Ha7DMd_iKyM$_$3,Ha7DMd_iKyM,1,1,0,0,0.3333333433,inner_train
1,8521,Ha7DMd_iKyM$_$4,Ha7DMd_iKyM,1,1,0,0,0,inner_train
1,8522,HfLVQZLvcH8$_$8,HfLVQZLvcH8,1,1,0,0,0,outer
1,8523,HgDdU_RB9UA$_$10,HgDdU_RB9UA,1,0,1,0,0.3333333433,inner_train
1,8524,HgDdU_RB9UA$_$3,HgDdU_RB9UA,1,0,1,0,-0.6666666865,inner_train
1,8525,HgDdU_RB9UA$_$2,HgDdU_RB9UA,1,0,1,0,-1,inner_train
1,8526,HgDdU_RB9UA$_$5,HgDdU_RB9UA,1,0,1,0,1.666666627,inner_train
1,8527,HgDdU_RB9UA$_$4,HgDdU_RB9UA,1,0,1,0,0,inner_train
1,8528,HgDdU_RB9UA$_$7,HgDdU_RB9UA,1,0,1,0,0.3333333433,inner_train
1,8529,HgDdU_RB9UA$_$6,HgDdU_RB9UA,1,0,1,0,2,inner_train
1,8530,HhpziYYP2Vg$_$11,HhpziYYP2Vg,1,1,0,0,-0.3333333433,inner_valid
1,8531,HhpziYYP2Vg$_$10,HhpziYYP2Vg,1,1,0,0,-0.3333333433,inner_valid
1,8532,HhpziYYP2Vg$_$13,HhpziYYP2Vg,1,1,0,0,1,inner_valid
1,8533,HhpziYYP2Vg$_$12,HhpziYYP2Vg,1,1,0,0,0.3333333433,inner_valid
1,8534,HhpziYYP2Vg$_$17,HhpziYYP2Vg,1,1,0,0,-1,inner_valid
1,8535,HhpziYYP2Vg$_$22,HhpziYYP2Vg,1,1,0,0,0.3333333433,inner_valid
1,8536,HhpziYYP2Vg$_$16,HhpziYYP2Vg,1,1,0,0,1,inner_valid
1,8537,HhpziYYP2Vg$_$23,HhpziYYP2Vg,1,1,0,0,1.666666627,inner_valid
1,8538,HhpziYYP2Vg$_$1,HhpziYYP2Vg,1,1,0,0,1.333333373,inner_valid
1,8539,HhpziYYP2Vg$_$3,HhpziYYP2Vg,1,1,0,0,0.6666666865,inner_valid
1,8540,HhpziYYP2Vg$_$2,HhpziYYP2Vg,1,1,0,0,0.6666666865,inner_valid
1,8541,HhpziYYP2Vg$_$4,HhpziYYP2Vg,1,1,0,0,0,inner_valid
1,8542,HhpziYYP2Vg$_$7,HhpziYYP2Vg,1,1,0,0,0,inner_valid
1,8543,HhpziYYP2Vg$_$8,HhpziYYP2Vg,1,1,0,0,1,inner_valid
1,8544,HjLpXXFoAQw$_$1,HjLpXXFoAQw,1,0,0,0,0.6666666865,inner_valid
1,8545,HjLpXXFoAQw$_$5,HjLpXXFoAQw,1,0,0,0,0.3333333433,inner_valid
1,8546,Hkt_kncJGVM$_$1,Hkt_kncJGVM,1,0,0,0,1,inner_train
1,8547,Hkt_kncJGVM$_$0,Hkt_kncJGVM,1,0,0,0,2,inner_train
1,8548,Hkt_kncJGVM$_$2,Hkt_kncJGVM,1,0,0,0,0.6666666865,inner_train
1,8585,I8MM8y1XVjs$_$3,I8MM8y1XVjs,1,0,0,0,1,inner_valid
1,8586,I8MM8y1XVjs$_$2,I8MM8y1XVjs,1,0,0,0,0,inner_valid
1,8587,I8MM8y1XVjs$_$4,I8MM8y1XVjs,1,0,0,0,0.3333333433,inner_valid
1,8588,I8MM8y1XVjs$_$7,I8MM8y1XVjs,1,0,0,0,0,inner_valid
1,8598,IB0lGIxP8YY$_$11,IB0lGIxP8YY,1,1,0,0,-0.6666666865,inner_train
1,8599,IB0lGIxP8YY$_$10,IB0lGIxP8YY,1,1,0,0,1,inner_train
1,8600,IB0lGIxP8YY$_$1,IB0lGIxP8YY,1,1,0,0,-1,inner_train
1,8601,IB0lGIxP8YY$_$0,IB0lGIxP8YY,1,1,0,0,-0.6666666865,inner_train
1,8602,IB0lGIxP8YY$_$2,IB0lGIxP8YY,1,1,0,0,-1,inner_train
1,8603,IB0lGIxP8YY$_$5,IB0lGIxP8YY,1,1,0,0,-0.6666666865,inner_train
1,8604,IB0lGIxP8YY$_$8,IB0lGIxP8YY,1,1,0,0,0,inner_train
1,8613,IHv_yBn83P8$_$1,IHv_yBn83P8,1,0,0,1,1.333333373,inner_train
1,8614,IHv_yBn83P8$_$2,IHv_yBn83P8,1,0,0,1,1,inner_train
1,8639,IawsOlEKRf0$_$24,IawsOlEKRf0,1,1,0,0,0.6666666865,inner_train
1,8640,IawsOlEKRf0$_$11,IawsOlEKRf0,1,1,0,0,-0.6666666865,inner_train
1,8641,IawsOlEKRf0$_$26,IawsOlEKRf0,1,1,0,0,-0.6666666865,inner_train
1,8642,IawsOlEKRf0$_$27,IawsOlEKRf0,1,1,0,0,0,inner_train
1,8643,IawsOlEKRf0$_$14,IawsOlEKRf0,1,1,0,0,0,inner_train
1,8644,IawsOlEKRf0$_$25,IawsOlEKRf0,1,1,0,0,-0.6666666865,inner_train
1,8645,IawsOlEKRf0$_$28,IawsOlEKRf0,1,1,0,0,1.666666627,inner_train
1,8646,IawsOlEKRf0$_$3,IawsOlEKRf0,1,1,0,0,1.333333373,inner_train
1,8647,IawsOlEKRf0$_$5,IawsOlEKRf0,1,1,0,0,1,inner_train
1,8648,IgenXuE4qIM$_$0,IgenXuE4qIM,1,0,0,0,1,inner_train
1,8649,IgenXuE4qIM$_$2,IgenXuE4qIM,1,0,0,0,1,inner_train
1,8650,IiGzuoblKSM$_$0,IiGzuoblKSM,1,0,0,0,1.666666627,inner_train
1,8655,IlgnbEdOhmI$_$9,IlgnbEdOhmI,1,1,1,0,0.6666666865,inner_train
1,8656,IlgnbEdOhmI$_$1,IlgnbEdOhmI,1,1,1,0,1.333333373,inner_train
1,8657,IlgnbEdOhmI$_$12,IlgnbEdOhmI,1,1,1,0,1,inner_train
1,8664,It6xg0WcqJ0$_$0,It6xg0WcqJ0,1,0,0,0,1,inner_train
1,8665,ItnyexqXR_U$_$1,ItnyexqXR_U,1,0,0,1,-1,inner_train
1,8666,ItnyexqXR_U$_$5,ItnyexqXR_U,1,0,0,1,0.3333333433,inner_train
1,8667,ItnyexqXR_U$_$4,ItnyexqXR_U,1,0,0,1,-1.333333373,inner_train
1,8668,Itqbc2TBXWY$_$26,Itqbc2TBXWY,1,0,0,1,2.666666746,outer
1,8669,Itqbc2TBXWY$_$27,Itqbc2TBXWY,1,0,0,1,1.333333373,outer
1,8670,Itqbc2TBXWY$_$20,Itqbc2TBXWY,1,0,0,1,0.3333333433,outer
1,8671,Itqbc2TBXWY$_$21,Itqbc2TBXWY,1,0,0,1,0,outer
1,8672,Itqbc2TBXWY$_$22,Itqbc2TBXWY,1,0,0,1,0.6666666865,outer
1,8673,Itqbc2TBXWY$_$23,Itqbc2TBXWY,1,0,0,1,0.6666666865,outer
1,8674,Itqbc2TBXWY$_$28,Itqbc2TBXWY,1,0,0,1,0.3333333433,outer
1,8675,Itqbc2TBXWY$_$1,Itqbc2TBXWY,1,0,0,1,0.6666666865,outer
1,8676,Itqbc2TBXWY$_$0,Itqbc2TBXWY,1,0,0,1,0,outer
1,8677,Itqbc2TBXWY$_$3,Itqbc2TBXWY,1,0,0,1,0,outer
1,8678,Itqbc2TBXWY$_$2,Itqbc2TBXWY,1,0,0,1,0.6666666865,outer
1,8679,Itqbc2TBXWY$_$5,Itqbc2TBXWY,1,0,0,1,0.6666666865,outer
1,8680,Itqbc2TBXWY$_$4,Itqbc2TBXWY,1,0,0,1,0.3333333433,outer
1,8681,Itqbc2TBXWY$_$7,Itqbc2TBXWY,1,0,0,1,0,outer
1,8682,Itqbc2TBXWY$_$6,Itqbc2TBXWY,1,0,0,1,0.3333333433,outer
1,8683,Itqbc2TBXWY$_$9,Itqbc2TBXWY,1,0,0,1,1,outer
1,8684,Itqbc2TBXWY$_$8,Itqbc2TBXWY,1,0,0,1,1,outer
1,8685,Itqbc2TBXWY$_$11,Itqbc2TBXWY,1,0,0,1,1.666666627,outer
1,8686,Itqbc2TBXWY$_$10,Itqbc2TBXWY,1,0,0,1,1,outer
1,8687,Itqbc2TBXWY$_$13,Itqbc2TBXWY,1,0,0,1,0.3333333433,outer
1,8688,Itqbc2TBXWY$_$12,Itqbc2TBXWY,1,0,0,1,0,outer
1,8689,Itqbc2TBXWY$_$15,Itqbc2TBXWY,1,0,0,1,0,outer
1,8690,Itqbc2TBXWY$_$14,Itqbc2TBXWY,1,0,0,1,1,outer
1,8691,Itqbc2TBXWY$_$17,Itqbc2TBXWY,1,0,0,1,0.3333333433,outer
1,8692,Itqbc2TBXWY$_$16,Itqbc2TBXWY,1,0,0,1,0,outer
1,8693,Itqbc2TBXWY$_$18,Itqbc2TBXWY,1,0,0,1,1,outer
1,8694,IwQWibE8EOM$_$1,IwQWibE8EOM,1,1,0,0,1.333333373,outer
1,8695,IwQWibE8EOM$_$0,IwQWibE8EOM,1,1,0,0,2.333333254,outer
1,8696,IwQWibE8EOM$_$3,IwQWibE8EOM,1,1,0,0,1.666666627,outer
1,8697,IwQWibE8EOM$_$2,IwQWibE8EOM,1,1,0,0,2,outer
1,8698,IwQWibE8EOM$_$5,IwQWibE8EOM,1,1,0,0,1,outer
1,8699,IwQWibE8EOM$_$4,IwQWibE8EOM,1,1,0,0,1,outer
1,8700,IwQWibE8EOM$_$6,IwQWibE8EOM,1,1,0,0,1.666666627,outer
1,8701,Iz_PDdyXr-8$_$1,Iz_PDdyXr-8,1,0,0,0,0.3333333433,inner_train
1,8702,Iz_PDdyXr-8$_$0,Iz_PDdyXr-8,1,0,0,0,0.6666666865,inner_train
1,8703,Iz_PDdyXr-8$_$3,Iz_PDdyXr-8,1,0,0,0,0,inner_train
1,8704,Iz_PDdyXr-8$_$2,Iz_PDdyXr-8,1,0,0,0,0.3333333433,inner_train
1,8705,Iz_PDdyXr-8$_$6,Iz_PDdyXr-8,1,0,0,0,0.6666666865,inner_train
1,8706,J3-NEG8uoiE$_$11,J3-NEG8uoiE,1,1,0,0,0.6666666865,inner_valid
1,8707,J3-NEG8uoiE$_$25,J3-NEG8uoiE,1,1,0,0,2,inner_valid
1,8708,J3-NEG8uoiE$_$26,J3-NEG8uoiE,1,1,0,0,0.6666666865,inner_valid
1,8709,J3-NEG8uoiE$_$20,J3-NEG8uoiE,1,1,0,0,1,inner_valid
1,8710,J3-NEG8uoiE$_$21,J3-NEG8uoiE,1,1,0,0,0.6666666865,inner_valid
1,8711,J3-NEG8uoiE$_$23,J3-NEG8uoiE,1,1,0,0,0,inner_valid
1,8712,J3-NEG8uoiE$_$30,J3-NEG8uoiE,1,1,0,0,1.666666627,inner_valid
1,8713,J3-NEG8uoiE$_$28,J3-NEG8uoiE,1,1,0,0,2,inner_valid
1,8714,J3-NEG8uoiE$_$29,J3-NEG8uoiE,1,1,0,0,0.6666666865,inner_valid
1,8715,J3-NEG8uoiE$_$1,J3-NEG8uoiE,1,1,0,0,1.666666627,inner_valid
1,8716,J3-NEG8uoiE$_$3,J3-NEG8uoiE,1,1,0,0,1,inner_valid
1,8717,J3-NEG8uoiE$_$4,J3-NEG8uoiE,1,1,0,0,0.3333333433,inner_valid
1,8718,J3-NEG8uoiE$_$8,J3-NEG8uoiE,1,1,0,0,0.3333333433,inner_valid
1,8719,J3-NEG8uoiE$_$9,J3-NEG8uoiE,1,1,0,0,-1.333333373,inner_valid
1,8720,J3-NEG8uoiE$_$15,J3-NEG8uoiE,1,1,0,0,0.3333333433,inner_valid
1,8721,J3JU1zBQ4RM$_$1,J3JU1zBQ4RM,1,0,0,0,1.333333373,inner_train
1,8722,J3JU1zBQ4RM$_$0,J3JU1zBQ4RM,1,0,0,0,1.333333373,inner_train
1,8723,J3JU1zBQ4RM$_$3,J3JU1zBQ4RM,1,0,0,0,2,inner_train
1,8724,J3JU1zBQ4RM$_$2,J3JU1zBQ4RM,1,0,0,0,1.333333373,inner_train
1,8725,J3JU1zBQ4RM$_$5,J3JU1zBQ4RM,1,0,0,0,1.333333373,inner_train
1,8726,J3JU1zBQ4RM$_$4,J3JU1zBQ4RM,1,0,0,0,1.666666627,inner_train
1,8742,JCg26b8EO48$_$1,JCg26b8EO48,1,1,0,0,2.333333254,inner_train
1,8743,JCg26b8EO48$_$0,JCg26b8EO48,1,1,0,0,-0.3333333433,inner_train
1,8744,JCg26b8EO48$_$3,JCg26b8EO48,1,1,0,0,2,inner_train
1,8745,JCg26b8EO48$_$2,JCg26b8EO48,1,1,0,0,1.333333373,inner_train
1,8746,JCg26b8EO48$_$5,JCg26b8EO48,1,1,0,0,2,inner_train
1,8747,JCg26b8EO48$_$4,JCg26b8EO48,1,1,0,0,0.6666666865,inner_train
1,8748,JCg26b8EO48$_$7,JCg26b8EO48,1,1,0,0,1,inner_train
1,8749,JCg26b8EO48$_$6,JCg26b8EO48,1,1,0,0,2,inner_train
1,8750,JCg26b8EO48$_$9,JCg26b8EO48,1,1,0,0,2,inner_train
1,8751,JCg26b8EO48$_$8,JCg26b8EO48,1,1,0,0,2,inner_train
1,8752,JDgqyOkzXHw$_$1,JDgqyOkzXHw,1,1,0,0,0,inner_train
1,8753,JDgqyOkzXHw$_$0,JDgqyOkzXHw,1,1,0,0,1.333333373,inner_train
1,8754,JDgqyOkzXHw$_$3,JDgqyOkzXHw,1,1,0,0,1,inner_train
1,8755,JDgqyOkzXHw$_$2,JDgqyOkzXHw,1,1,0,0,0,inner_train
1,8756,JDgqyOkzXHw$_$5,JDgqyOkzXHw,1,1,0,0,0,inner_train
1,8757,JDgqyOkzXHw$_$4,JDgqyOkzXHw,1,1,0,0,1,inner_train
1,8758,JDgqyOkzXHw$_$7,JDgqyOkzXHw,1,1,0,0,0.6666666865,inner_train
1,8759,JDgqyOkzXHw$_$6,JDgqyOkzXHw,1,1,0,0,0.3333333433,inner_train
1,8760,JDgqyOkzXHw$_$9,JDgqyOkzXHw,1,1,0,0,0.6666666865,inner_train
1,8761,JDgqyOkzXHw$_$8,JDgqyOkzXHw,1,1,0,0,1.333333373,inner_train
1,8786,JGZb_ygtB0g$_$4,JGZb_ygtB0g,1,0,0,0,0.3333333433,inner_valid
1,8787,JGZb_ygtB0g$_$6,JGZb_ygtB0g,1,0,0,0,-1.666666627,inner_valid
1,8788,JHW3nD6flgU$_$1,JHW3nD6flgU,1,1,0,0,1,inner_train
1,8789,JHW3nD6flgU$_$0,JHW3nD6flgU,1,1,0,0,1.333333373,inner_train
1,8790,JHW3nD6flgU$_$3,JHW3nD6flgU,1,1,0,0,1.333333373,inner_train
1,8791,JHW3nD6flgU$_$5,JHW3nD6flgU,1,1,0,0,1.333333373,inner_train
1,8792,JHW3nD6flgU$_$4,JHW3nD6flgU,1,1,0,0,2,inner_train
1,8793,JHW3nD6flgU$_$7,JHW3nD6flgU,1,1,0,0,1.666666627,inner_train
1,8794,JHW3nD6flgU$_$9,JHW3nD6flgU,1,1,0,0,0.6666666865,inner_train
1,8795,JHW3nD6flgU$_$8,JHW3nD6flgU,1,1,0,0,1,inner_train
1,8813,JMzilFvwNXE$_$0,JMzilFvwNXE,1,1,0,0,0.6666666865,inner_train
1,8814,JMzilFvwNXE$_$3,JMzilFvwNXE,1,1,0,0,-0.3333333433,inner_train
1,8815,JMzilFvwNXE$_$4,JMzilFvwNXE,1,1,0,0,0.6666666865,inner_train
1,8816,JP95Fby6qLE$_$25,JP95Fby6qLE,1,0,0,0,0.6666666865,inner_train
1,8817,JP95Fby6qLE$_$20,JP95Fby6qLE,1,0,0,0,2.333333254,inner_train
1,8818,JP95Fby6qLE$_$23,JP95Fby6qLE,1,0,0,0,2.333333254,inner_train
1,8819,JP95Fby6qLE$_$18,JP95Fby6qLE,1,0,0,0,1,inner_train
1,8820,JP95Fby6qLE$_$1,JP95Fby6qLE,1,0,0,0,0.3333333433,inner_train
1,8821,JP95Fby6qLE$_$3,JP95Fby6qLE,1,0,0,0,1.333333373,inner_train
1,8822,JP95Fby6qLE$_$7,JP95Fby6qLE,1,0,0,0,1.666666627,inner_train
1,8823,JP95Fby6qLE$_$6,JP95Fby6qLE,1,0,0,0,0.6666666865,inner_train
1,8824,JP95Fby6qLE$_$8,JP95Fby6qLE,1,0,0,0,1.666666627,inner_train
1,8827,JW2HHfQiGVs$_$1,JW2HHfQiGVs,1,0,0,0,-0.3333333433,inner_valid
1,8828,JW2HHfQiGVs$_$0,JW2HHfQiGVs,1,0,0,0,-0.3333333433,inner_valid
1,8829,JW2HHfQiGVs$_$3,JW2HHfQiGVs,1,0,0,0,0.3333333433,inner_valid
1,8830,JW2HHfQiGVs$_$2,JW2HHfQiGVs,1,0,0,0,0.6666666865,inner_valid
1,8831,JW2HHfQiGVs$_$5,JW2HHfQiGVs,1,0,0,0,0,inner_valid
1,8832,JW2HHfQiGVs$_$4,JW2HHfQiGVs,1,0,0,0,1.333333373,inner_valid
1,8836,JWG_MUy7EWQ$_$1,JWG_MUy7EWQ,1,1,0,0,0,inner_train
1,8837,JWG_MUy7EWQ$_$0,JWG_MUy7EWQ,1,1,0,0,0.3333333433,inner_train
1,8838,JWG_MUy7EWQ$_$2,JWG_MUy7EWQ,1,1,0,0,0.3333333433,inner_train
1,8839,JX-mwjSw0dk$_$8,JX-mwjSw0dk,1,0,0,0,-0.3333333433,inner_train
1,8840,JX-mwjSw0dk$_$6,JX-mwjSw0dk,1,0,0,0,-1.333333373,inner_train
1,8841,JX-mwjSw0dk$_$4,JX-mwjSw0dk,1,0,0,0,-0.6666666865,inner_train
1,8842,JX-mwjSw0dk$_$0,JX-mwjSw0dk,1,0,0,0,0.6666666865,inner_train
1,8843,JY-krIuEUm4$_$0,JY-krIuEUm4,1,0,0,0,1.333333373,outer
1,8847,JYsAacFmXEo$_$11,JYsAacFmXEo,1,1,0,0,0,inner_train
1,8848,JYsAacFmXEo$_$17,JYsAacFmXEo,1,1,0,0,1.666666627,inner_train
1,8849,JYsAacFmXEo$_$16,JYsAacFmXEo,1,1,0,0,1,inner_train
1,8850,JYsAacFmXEo$_$18,JYsAacFmXEo,1,1,0,0,1.333333373,inner_train
1,8851,JYsAacFmXEo$_$5,JYsAacFmXEo,1,1,0,0,0.6666666865,inner_train
1,8852,JYsAacFmXEo$_$7,JYsAacFmXEo,1,1,0,0,0.6666666865,inner_train
1,8853,JYsAacFmXEo$_$8,JYsAacFmXEo,1,1,0,0,1.333333373,inner_train
1,8854,J_DtcW86D9c$_$1,J_DtcW86D9c,1,1,1,0,0.3333333433,inner_train
1,8855,J_DtcW86D9c$_$18,J_DtcW86D9c,1,1,1,0,-0.6666666865,inner_train
1,8856,J_DtcW86D9c$_$2,J_DtcW86D9c,1,1,1,0,0.6666666865,inner_train
1,8857,J_DtcW86D9c$_$9,J_DtcW86D9c,1,1,1,0,0.3333333433,inner_train
1,8858,J_DtcW86D9c$_$22,J_DtcW86D9c,1,1,1,0,-0.3333333433,inner_train
1,8870,JdFaSggG58c$_$1,JdFaSggG58c,1,1,1,0,-0.6666666865,inner_train
1,8871,JdFaSggG58c$_$3,JdFaSggG58c,1,1,1,0,0,inner_train
1,8872,JdFaSggG58c$_$2,JdFaSggG58c,1,1,1,0,-0.3333333433,inner_train
1,8873,JdFaSggG58c$_$5,JdFaSggG58c,1,1,1,0,-0.3333333433,inner_train
1,8874,JdFaSggG58c$_$4,JdFaSggG58c,1,1,1,0,-0.6666666865,inner_train
1,8875,JdFaSggG58c$_$7,JdFaSggG58c,1,1,1,0,-1,inner_train
1,8876,JdFaSggG58c$_$6,JdFaSggG58c,1,1,1,0,0,inner_train
1,8877,JdFaSggG58c$_$9,JdFaSggG58c,1,1,1,0,0.6666666865,inner_train
1,8878,Jg2okZn6Ut8$_$2,Jg2okZn6Ut8,1,1,1,0,0,inner_train
1,8882,JkHxzOWOLfs$_$2,JkHxzOWOLfs,1,0,0,0,-0.6666666865,inner_valid
1,8897,JwzxqrD8tIo$_$9,JwzxqrD8tIo,1,1,0,0,1,inner_train
1,8898,JwzxqrD8tIo$_$8,JwzxqrD8tIo,1,1,0,0,0.6666666865,inner_train
1,8899,JwzxqrD8tIo$_$5,JwzxqrD8tIo,1,1,0,0,0.3333333433,inner_train
1,8900,JwzxqrD8tIo$_$4,JwzxqrD8tIo,1,1,0,0,0,inner_train
1,8901,JwzxqrD8tIo$_$6,JwzxqrD8tIo,1,1,0,0,0.3333333433,inner_train
1,8902,Jz9nlw15QZo$_$1,Jz9nlw15QZo,1,1,0,0,1,inner_train
1,8903,Jz9nlw15QZo$_$0,Jz9nlw15QZo,1,1,0,0,1.333333373,inner_train
1,8917,K1VeXZxR24U$_$3,K1VeXZxR24U,1,0,0,1,-0.3333333433,outer
1,8918,K1VeXZxR24U$_$5,K1VeXZxR24U,1,0,0,1,-0.3333333433,outer
1,8919,K1VeXZxR24U$_$4,K1VeXZxR24U,1,0,0,1,-1.333333373,outer
1,8920,K1VeXZxR24U$_$7,K1VeXZxR24U,1,0,0,1,0.3333333433,outer
1,8921,K5cGfs3i-tk$_$11,K5cGfs3i-tk,1,1,0,1,1.333333373,inner_valid
1,8922,K5cGfs3i-tk$_$10,K5cGfs3i-tk,1,1,0,1,0,inner_valid
1,8923,K5cGfs3i-tk$_$13,K5cGfs3i-tk,1,1,0,1,0,inner_valid
1,8924,K5cGfs3i-tk$_$12,K5cGfs3i-tk,1,1,0,1,-0.3333333433,inner_valid
1,8925,K5cGfs3i-tk$_$16,K5cGfs3i-tk,1,1,0,1,1.333333373,inner_valid
1,8926,K5cGfs3i-tk$_$0,K5cGfs3i-tk,1,1,0,1,1.333333373,inner_valid
1,8927,K5cGfs3i-tk$_$3,K5cGfs3i-tk,1,1,0,1,2.333333254,inner_valid
1,8928,K5cGfs3i-tk$_$4,K5cGfs3i-tk,1,1,0,1,0,inner_valid
1,8929,K5cGfs3i-tk$_$6,K5cGfs3i-tk,1,1,0,1,1.333333373,inner_valid
1,8930,K5cGfs3i-tk$_$9,K5cGfs3i-tk,1,1,0,1,0,inner_valid
1,8931,K5cGfs3i-tk$_$8,K5cGfs3i-tk,1,1,0,1,-1,inner_valid
1,8932,K62NK2KYhws$_$10,K62NK2KYhws,1,1,0,0,0.6666666865,inner_train
1,8933,K62NK2KYhws$_$15,K62NK2KYhws,1,1,0,0,0.6666666865,inner_train
1,8934,K62NK2KYhws$_$21,K62NK2KYhws,1,1,0,0,1,inner_train
1,8935,K62NK2KYhws$_$22,K62NK2KYhws,1,1,0,0,1.666666627,inner_train
1,8936,K62NK2KYhws$_$18,K62NK2KYhws,1,1,0,0,1,inner_train
1,8937,K62NK2KYhws$_$4,K62NK2KYhws,1,1,0,0,1.666666627,inner_train
1,8938,K62NK2KYhws$_$3,K62NK2KYhws,1,1,0,0,1.333333373,inner_train
1,8939,K62NK2KYhws$_$2,K62NK2KYhws,1,1,0,0,1.666666627,inner_train
1,8940,K62NK2KYhws$_$17,K62NK2KYhws,1,1,0,0,0,inner_train
1,8941,K62NK2KYhws$_$9,K62NK2KYhws,1,1,0,0,-0.6666666865,inner_train
1,8942,K62NK2KYhws$_$8,K62NK2KYhws,1,1,0,0,0.6666666865,inner_train
1,8943,K62NK2KYhws$_$14,K62NK2KYhws,1,1,0,0,0.3333333433,inner_train
1,8946,K7KEtrgBkz4$_$11,K7KEtrgBkz4,1,1,0,0,0,inner_train
1,8947,K7KEtrgBkz4$_$9,K7KEtrgBkz4,1,1,0,0,1,inner_train
1,8948,K7KEtrgBkz4$_$14,K7KEtrgBkz4,1,1,0,0,0.3333333433,inner_train
1,8949,K9-KyChw8RM$_$11,K9-KyChw8RM,1,1,1,0,2.333333254,inner_train
1,8950,K9-KyChw8RM$_$0,K9-KyChw8RM,1,1,1,0,-0.6666666865,inner_train
1,8951,K9-KyChw8RM$_$3,K9-KyChw8RM,1,1,1,0,1.666666627,inner_train
1,8952,K9-KyChw8RM$_$4,K9-KyChw8RM,1,1,1,0,-0.6666666865,inner_train
1,8953,K9-KyChw8RM$_$6,K9-KyChw8RM,1,1,1,0,1,inner_train
1,8954,K9-KyChw8RM$_$9,K9-KyChw8RM,1,1,1,0,2,inner_train
1,8955,K9-KyChw8RM$_$8,K9-KyChw8RM,1,1,1,0,-0.3333333433,inner_train
1,8956,K9U2TAF9DDY$_$8,K9U2TAF9DDY,1,0,0,0,0,inner_train
1,8957,K9U2TAF9DDY$_$3,K9U2TAF9DDY,1,0,0,0,0,inner_train
1,8958,K9U2TAF9DDY$_$4,K9U2TAF9DDY,1,0,0,0,0.3333333433,inner_train
1,8959,K9U2TAF9DDY$_$7,K9U2TAF9DDY,1,0,0,0,0,inner_train
1,8960,K9U2TAF9DDY$_$6,K9U2TAF9DDY,1,0,0,0,0,inner_train
1,8971,KEUVzxC7T3E$_$9,KEUVzxC7T3E,1,1,0,0,-0.6666666865,inner_valid
1,8972,KEUVzxC7T3E$_$8,KEUVzxC7T3E,1,1,0,0,0.3333333433,inner_valid
1,8973,KEUVzxC7T3E$_$1,KEUVzxC7T3E,1,1,0,0,0,inner_valid
1,8974,KEUVzxC7T3E$_$4,KEUVzxC7T3E,1,1,0,0,-0.3333333433,inner_valid
1,8975,KF5wgQPp2yc$_$0,KF5wgQPp2yc,1,1,0,0,-0.6666666865,inner_train
1,8976,KF5wgQPp2yc$_$2,KF5wgQPp2yc,1,1,0,0,0,inner_train
1,8977,KI2sU-mhM44$_$11,KI2sU-mhM44,1,1,0,0,0.6666666865,inner_train
1,8978,KI2sU-mhM44$_$10,KI2sU-mhM44,1,1,0,0,0.6666666865,inner_train
1,8979,KI2sU-mhM44$_$12,KI2sU-mhM44,1,1,0,0,-1.333333373,inner_train
1,8980,KI2sU-mhM44$_$14,KI2sU-mhM44,1,1,0,0,-2.666666746,inner_train
1,8981,KI2sU-mhM44$_$16,KI2sU-mhM44,1,1,0,0,1.666666627,inner_train
1,8982,KI2sU-mhM44$_$0,KI2sU-mhM44,1,1,0,0,0,inner_train
1,8983,KI2sU-mhM44$_$3,KI2sU-mhM44,1,1,0,0,0,inner_train
1,8984,KI2sU-mhM44$_$2,KI2sU-mhM44,1,1,0,0,1.333333373,inner_train
1,8985,KI2sU-mhM44$_$6,KI2sU-mhM44,1,1,0,0,1.333333373,inner_train
1,8986,KJyz9fCt7Is$_$1,KJyz9fCt7Is,1,1,0,1,-0.6666666865,inner_train
1,8987,KJyz9fCt7Is$_$0,KJyz9fCt7Is,1,1,0,1,0.3333333433,inner_train
1,8988,KJyz9fCt7Is$_$3,KJyz9fCt7Is,1,1,0,1,-1.666666627,inner_train
1,8989,KJyz9fCt7Is$_$5,KJyz9fCt7Is,1,1,0,1,-0.6666666865,inner_train
1,8999,KPeos6f4HuQ$_$1,KPeos6f4HuQ,1,1,0,0,2,inner_train
1,9000,KPeos6f4HuQ$_$0,KPeos6f4HuQ,1,1,0,0,0.6666666865,inner_train
1,9001,KPeos6f4HuQ$_$3,KPeos6f4HuQ,1,1,0,0,0,inner_train
1,9002,KPeos6f4HuQ$_$5,KPeos6f4HuQ,1,1,0,0,0.3333333433,inner_train
1,9003,KPeos6f4HuQ$_$4,KPeos6f4HuQ,1,1,0,0,1,inner_train
1,9004,KPeos6f4HuQ$_$7,KPeos6f4HuQ,1,1,0,0,0,inner_train
1,9005,KPeos6f4HuQ$_$6,KPeos6f4HuQ,1,1,0,0,0.3333333433,inner_train
1,9006,KQ86HmgwUns$_$9,KQ86HmgwUns,1,1,0,0,-0.3333333433,inner_train
1,9007,KQ86HmgwUns$_$8,KQ86HmgwUns,1,1,0,0,1,inner_train
1,9008,KQ86HmgwUns$_$3,KQ86HmgwUns,1,1,0,0,0,inner_train
1,9009,KQ86HmgwUns$_$5,KQ86HmgwUns,1,1,0,0,0,inner_train
1,9010,KQ86HmgwUns$_$11,KQ86HmgwUns,1,1,0,0,0.3333333433,inner_train
1,9013,KSyX-lejDcc$_$11,KSyX-lejDcc,1,1,0,0,-1,outer
1,9014,KSyX-lejDcc$_$2,KSyX-lejDcc,1,1,0,0,0,outer
1,9015,KSyX-lejDcc$_$5,KSyX-lejDcc,1,1,0,0,-0.3333333433,outer
1,9016,KSyX-lejDcc$_$4,KSyX-lejDcc,1,1,0,0,0.3333333433,outer
1,9017,KSyX-lejDcc$_$7,KSyX-lejDcc,1,1,0,0,0.3333333433,outer
1,9018,KSyX-lejDcc$_$6,KSyX-lejDcc,1,1,0,0,0.3333333433,outer
1,9019,KSyX-lejDcc$_$8,KSyX-lejDcc,1,1,0,0,0,outer
1,9020,KUVGWCTT5DU$_$11,KUVGWCTT5DU,1,0,0,0,0.6666666865,inner_train
1,9021,KUVGWCTT5DU$_$8,KUVGWCTT5DU,1,0,0,0,0,inner_train
1,9022,KUVGWCTT5DU$_$13,KUVGWCTT5DU,1,0,0,0,0.3333333433,inner_train
1,9023,K_5u2Wh_wGk$_$13,K_5u2Wh_wGk,1,0,1,0,0.6666666865,inner_train
1,9024,K_5u2Wh_wGk$_$14,K_5u2Wh_wGk,1,0,1,0,1,inner_train
1,9025,K_5u2Wh_wGk$_$19,K_5u2Wh_wGk,1,0,1,0,1,inner_train
1,9026,K_5u2Wh_wGk$_$0,K_5u2Wh_wGk,1,0,1,0,0,inner_train
1,9027,K_5u2Wh_wGk$_$3,K_5u2Wh_wGk,1,0,1,0,0,inner_train
1,9028,K_5u2Wh_wGk$_$5,K_5u2Wh_wGk,1,0,1,0,0.3333333433,inner_train
1,9029,K_5u2Wh_wGk$_$4,K_5u2Wh_wGk,1,0,1,0,-0.3333333433,inner_train
1,9030,K_5u2Wh_wGk$_$7,K_5u2Wh_wGk,1,0,1,0,-0.6666666865,inner_train
1,9031,K_K3wpxkRc8$_$1,K_K3wpxkRc8,1,1,0,0,0.6666666865,inner_train
1,9032,K_K3wpxkRc8$_$0,K_K3wpxkRc8,1,1,0,0,0,inner_train
1,9033,K_K3wpxkRc8$_$3,K_K3wpxkRc8,1,1,0,0,-0.6666666865,inner_train
1,9034,K_K3wpxkRc8$_$2,K_K3wpxkRc8,1,1,0,0,1.333333373,inner_train
1,9039,KgXuILFtgJQ$_$1,KgXuILFtgJQ,1,1,1,0,0.6666666865,inner_train
1,9040,KgXuILFtgJQ$_$8,KgXuILFtgJQ,1,1,1,0,0,inner_train
1,9041,KgXuILFtgJQ$_$2,KgXuILFtgJQ,1,1,1,0,0.3333333433,inner_train
1,9042,KgXuILFtgJQ$_$7,KgXuILFtgJQ,1,1,1,0,0,inner_train
1,9043,KgXuILFtgJQ$_$11,KgXuILFtgJQ,1,1,1,0,0,inner_train
1,9046,Kmtib-wZ0jM$_$1,Kmtib-wZ0jM,1,1,1,0,-0.6666666865,inner_train
1,9047,Kmtib-wZ0jM$_$0,Kmtib-wZ0jM,1,1,1,0,-1.666666627,inner_train
1,9048,Kmtib-wZ0jM$_$3,Kmtib-wZ0jM,1,1,1,0,-0.3333333433,inner_train
1,9049,Kpe5fISxRTg$_$7,Kpe5fISxRTg,1,1,0,0,0,inner_train
1,9050,Kpe5fISxRTg$_$6,Kpe5fISxRTg,1,1,0,0,0.6666666865,inner_train
1,9082,L1gXZVU6AE4$_$3,L1gXZVU6AE4,1,1,0,1,0.3333333433,inner_train
1,9083,L1gXZVU6AE4$_$2,L1gXZVU6AE4,1,1,0,1,1.666666627,inner_train
1,9084,L2uC4_Co9uw$_$0,L2uC4_Co9uw,1,1,0,0,2,inner_train
1,9091,L3b9wwZ8vRQ$_$4,L3b9wwZ8vRQ,1,1,0,0,-1,inner_train
1,9092,L5a2ijeWpUI$_$9,L5a2ijeWpUI,1,0,0,0,-0.3333333433,inner_valid
1,9093,L5a2ijeWpUI$_$0,L5a2ijeWpUI,1,0,0,0,-0.3333333433,inner_valid
1,9094,L5a2ijeWpUI$_$2,L5a2ijeWpUI,1,0,0,0,0,inner_valid
1,9095,L5a2ijeWpUI$_$4,L5a2ijeWpUI,1,0,0,0,-0.3333333433,inner_valid
1,9096,L5a2ijeWpUI$_$8,L5a2ijeWpUI,1,0,0,0,-1.333333373,inner_valid
1,9110,LAj3rqJvS3s$_$2,LAj3rqJvS3s,1,0,0,0,-0.3333333433,inner_train
1,9111,LHC7ZKJy4Zw$_$1,LHC7ZKJy4Zw,1,0,0,0,1.666666627,outer
1,9112,LHC7ZKJy4Zw$_$3,LHC7ZKJy4Zw,1,0,0,0,1,outer
1,9113,LHC7ZKJy4Zw$_$2,LHC7ZKJy4Zw,1,0,0,0,-0.3333333433,outer
1,9114,LHC7ZKJy4Zw$_$4,LHC7ZKJy4Zw,1,0,0,0,-0.3333333433,outer
1,9132,LX2rT5C3sJs$_$5,LX2rT5C3sJs,1,1,0,0,0.3333333433,inner_train
1,9133,LX2rT5C3sJs$_$6,LX2rT5C3sJs,1,1,0,0,1.666666627,inner_train
1,9155,LppEvM60-xo$_$9,LppEvM60-xo,1,1,0,0,1.333333373,inner_train
1,9156,LppEvM60-xo$_$8,LppEvM60-xo,1,1,0,0,1.666666627,inner_train
1,9157,LppEvM60-xo$_$11,LppEvM60-xo,1,1,0,0,1,inner_train
1,9158,LppEvM60-xo$_$6,LppEvM60-xo,1,1,0,0,2.333333254,inner_train
1,9159,Lxs_6Tvq12E$_$3,Lxs_6Tvq12E,1,0,0,1,2,inner_train
1,9160,Lxs_6Tvq12E$_$2,Lxs_6Tvq12E,1,0,0,1,0.6666666865,inner_train
1,9161,M2Pb2kx77ww$_$1,M2Pb2kx77ww,1,1,0,0,0,inner_train
1,9162,M2Pb2kx77ww$_$8,M2Pb2kx77ww,1,1,0,0,-1,inner_train
1,9163,M2Pb2kx77ww$_$4,M2Pb2kx77ww,1,1,0,0,0,inner_train
1,9164,M2Pb2kx77ww$_$35,M2Pb2kx77ww,1,1,0,0,-0.3333333433,inner_train
1,9165,M2Pb2kx77ww$_$29,M2Pb2kx77ww,1,1,0,0,0.6666666865,inner_train
1,9166,MBDZbACupsc$_$11,MBDZbACupsc,1,0,0,0,-0.3333333433,inner_train
1,9167,MBDZbACupsc$_$10,MBDZbACupsc,1,0,0,0,0,inner_train
1,9168,MBDZbACupsc$_$12,MBDZbACupsc,1,0,0,0,-0.3333333433,inner_train
1,9169,MBDZbACupsc$_$14,MBDZbACupsc,1,0,0,0,-2,inner_train
1,9170,MBDZbACupsc$_$3,MBDZbACupsc,1,0,0,0,-0.3333333433,inner_train
1,9171,MBDZbACupsc$_$2,MBDZbACupsc,1,0,0,0,0,inner_train
1,9172,MBDZbACupsc$_$7,MBDZbACupsc,1,0,0,0,-0.3333333433,inner_train
1,9173,MBDZbACupsc$_$6,MBDZbACupsc,1,0,0,0,-1.333333373,inner_train
1,9174,MBDZbACupsc$_$9,MBDZbACupsc,1,0,0,0,-0.6666666865,inner_train
1,9186,MFrwi-RibUk$_$11,MFrwi-RibUk,1,1,0,0,0.3333333433,inner_train
1,9187,MFrwi-RibUk$_$10,MFrwi-RibUk,1,1,0,0,0,inner_train
1,9188,MFrwi-RibUk$_$13,MFrwi-RibUk,1,1,0,0,0.3333333433,inner_train
1,9189,MFrwi-RibUk$_$12,MFrwi-RibUk,1,1,0,0,1.333333373,inner_train
1,9190,MFrwi-RibUk$_$14,MFrwi-RibUk,1,1,0,0,1,inner_train
1,9191,MFrwi-RibUk$_$1,MFrwi-RibUk,1,1,0,0,2,inner_train
1,9192,MFrwi-RibUk$_$0,MFrwi-RibUk,1,1,0,0,2,inner_train
1,9193,MFrwi-RibUk$_$3,MFrwi-RibUk,1,1,0,0,1,inner_train
1,9194,MFrwi-RibUk$_$2,MFrwi-RibUk,1,1,0,0,0.3333333433,inner_train
1,9195,MFrwi-RibUk$_$5,MFrwi-RibUk,1,1,0,0,0.6666666865,inner_train
1,9196,MFrwi-RibUk$_$4,MFrwi-RibUk,1,1,0,0,-0.3333333433,inner_train
1,9197,MFrwi-RibUk$_$7,MFrwi-RibUk,1,1,0,0,0.6666666865,inner_train
1,9198,MFrwi-RibUk$_$6,MFrwi-RibUk,1,1,0,0,2,inner_train
1,9199,MIuJDn_0yVU$_$11,MIuJDn_0yVU,1,0,0,0,2,inner_train
1,9200,MIuJDn_0yVU$_$10,MIuJDn_0yVU,1,0,0,0,0.3333333433,inner_train
1,9201,MIuJDn_0yVU$_$3,MIuJDn_0yVU,1,0,0,0,-0.6666666865,inner_train
1,9202,MIuJDn_0yVU$_$2,MIuJDn_0yVU,1,0,0,0,-1.666666627,inner_train
1,9203,MIuJDn_0yVU$_$5,MIuJDn_0yVU,1,0,0,0,0.6666666865,inner_train
1,9204,MIuJDn_0yVU$_$4,MIuJDn_0yVU,1,0,0,0,0.3333333433,inner_train
1,9205,MIuJDn_0yVU$_$7,MIuJDn_0yVU,1,0,0,0,0.6666666865,inner_train
1,9206,MIuJDn_0yVU$_$9,MIuJDn_0yVU,1,0,0,0,1.333333373,inner_train
1,9207,MIuJDn_0yVU$_$8,MIuJDn_0yVU,1,0,0,0,2,inner_train
1,9208,MJnc4GUhUuY$_$10,MJnc4GUhUuY,1,1,0,0,0.6666666865,inner_train
1,9209,MJnc4GUhUuY$_$0,MJnc4GUhUuY,1,1,0,0,1,inner_train
1,9210,MJnc4GUhUuY$_$3,MJnc4GUhUuY,1,1,0,0,1,inner_train
1,9211,MJnc4GUhUuY$_$2,MJnc4GUhUuY,1,1,0,0,1.333333373,inner_train
1,9212,MJnc4GUhUuY$_$4,MJnc4GUhUuY,1,1,0,0,1,inner_train
1,9213,MJnc4GUhUuY$_$9,MJnc4GUhUuY,1,1,0,0,0.6666666865,inner_train
1,9214,MKShLlJ7X7g$_$1,MKShLlJ7X7g,1,1,0,0,1.666666627,inner_train
1,9215,MKShLlJ7X7g$_$2,MKShLlJ7X7g,1,1,0,0,1.333333373,inner_train
1,9216,MKShLlJ7X7g$_$4,MKShLlJ7X7g,1,1,0,0,1.333333373,inner_train
1,9217,MKShLlJ7X7g$_$6,MKShLlJ7X7g,1,1,0,0,1.666666627,inner_train
1,9218,MMaEsDdBsvM$_$0,MMaEsDdBsvM,1,0,0,0,2,inner_train
1,9219,MNLG4-diuYM$_$0,MNLG4-diuYM,1,0,1,0,0,inner_valid
1,9220,MNLG4-diuYM$_$3,MNLG4-diuYM,1,0,1,0,0.6666666865,inner_valid
1,9221,MNLG4-diuYM$_$5,MNLG4-diuYM,1,0,1,0,0,inner_valid
1,9222,MNLG4-diuYM$_$4,MNLG4-diuYM,1,0,1,0,1,inner_valid
1,9223,MNLG4-diuYM$_$7,MNLG4-diuYM,1,0,1,0,0.6666666865,inner_valid
1,9224,MNLG4-diuYM$_$6,MNLG4-diuYM,1,0,1,0,1,inner_valid
1,9225,MNLG4-diuYM$_$8,MNLG4-diuYM,1,0,1,0,1,inner_valid
1,9226,MNXBOeiPhec$_$1,MNXBOeiPhec,1,0,0,0,-0.3333333433,inner_train
1,9227,MNXBOeiPhec$_$0,MNXBOeiPhec,1,0,0,0,0,inner_train
1,9228,MNXBOeiPhec$_$2,MNXBOeiPhec,1,0,0,0,0.6666666865,inner_train
1,9229,MNXBOeiPhec$_$5,MNXBOeiPhec,1,0,0,0,0.3333333433,inner_train
1,9230,MNXBOeiPhec$_$7,MNXBOeiPhec,1,0,0,0,1,inner_train
1,9231,MNXBOeiPhec$_$8,MNXBOeiPhec,1,0,0,0,-0.3333333433,inner_train
1,9246,MSmTFZ_-THM$_$0,MSmTFZ_-THM,1,1,0,0,0,inner_train
1,9247,MSmTFZ_-THM$_$3,MSmTFZ_-THM,1,1,0,0,2,inner_train
1,9248,MSmTFZ_-THM$_$2,MSmTFZ_-THM,1,1,0,0,1,inner_train
1,9249,MSmTFZ_-THM$_$5,MSmTFZ_-THM,1,1,0,0,2.666666746,inner_train
1,9250,MSmTFZ_-THM$_$4,MSmTFZ_-THM,1,1,0,0,1.666666627,inner_train
1,9254,MWCNzYUCys0$_$1,MWCNzYUCys0,1,1,0,0,0,inner_valid
1,9255,MWCNzYUCys0$_$0,MWCNzYUCys0,1,1,0,0,0,inner_valid
1,9256,MWCNzYUCys0$_$6,MWCNzYUCys0,1,1,0,0,-1,inner_valid
1,9257,MZoLQD83R-4$_$10,MZoLQD83R-4,1,0,0,0,-0.6666666865,inner_train
1,9258,MZoLQD83R-4$_$5,MZoLQD83R-4,1,0,0,0,-1,inner_train
1,9259,MZoLQD83R-4$_$8,MZoLQD83R-4,1,0,0,0,0,inner_train
1,9260,MbpPBLUjpV4$_$10,MbpPBLUjpV4,1,0,0,1,1,inner_train
1,9261,MbpPBLUjpV4$_$12,MbpPBLUjpV4,1,0,0,1,1.666666627,inner_train
1,9262,MbpPBLUjpV4$_$15,MbpPBLUjpV4,1,0,0,1,2.333333254,inner_train
1,9263,MbpPBLUjpV4$_$16,MbpPBLUjpV4,1,0,0,1,0.3333333433,inner_train
1,9264,MbpPBLUjpV4$_$18,MbpPBLUjpV4,1,0,0,1,0,inner_train
1,9265,MbpPBLUjpV4$_$0,MbpPBLUjpV4,1,0,0,1,1,inner_train
1,9266,MbpPBLUjpV4$_$3,MbpPBLUjpV4,1,0,0,1,0.6666666865,inner_train
1,9267,MbpPBLUjpV4$_$2,MbpPBLUjpV4,1,0,0,1,1,inner_train
1,9268,MbpPBLUjpV4$_$5,MbpPBLUjpV4,1,0,0,1,1,inner_train
1,9269,MbpPBLUjpV4$_$4,MbpPBLUjpV4,1,0,0,1,0,inner_train
1,9270,MbpPBLUjpV4$_$6,MbpPBLUjpV4,1,0,0,1,0.3333333433,inner_train
1,9271,MbpPBLUjpV4$_$9,MbpPBLUjpV4,1,0,0,1,0,inner_train
1,9272,McnbZjgCPLw$_$18,McnbZjgCPLw,1,0,0,0,1,inner_valid
1,9273,McnbZjgCPLw$_$5,McnbZjgCPLw,1,0,0,0,0.6666666865,inner_valid
1,9274,McnbZjgCPLw$_$22,McnbZjgCPLw,1,0,0,0,0,inner_valid
1,9275,McnbZjgCPLw$_$8,McnbZjgCPLw,1,0,0,0,-0.3333333433,inner_valid
1,9276,MhojeOmmjC8$_$2,MhojeOmmjC8,1,1,0,0,1,inner_train
1,9277,MhojeOmmjC8$_$6,MhojeOmmjC8,1,1,0,0,-0.3333333433,inner_train
1,9283,MnFRVJtHAeo$_$1,MnFRVJtHAeo,1,0,0,1,0.3333333433,inner_valid
1,9284,MnFRVJtHAeo$_$0,MnFRVJtHAeo,1,0,0,1,0.3333333433,inner_valid
1,9285,MnFRVJtHAeo$_$2,MnFRVJtHAeo,1,0,0,1,1.333333373,inner_valid
1,9286,MnFRVJtHAeo$_$4,MnFRVJtHAeo,1,0,0,1,0.6666666865,inner_valid
1,9303,MsjnLoTKAXo$_$0,MsjnLoTKAXo,1,0,0,0,0,inner_train
1,9304,MsjnLoTKAXo$_$3,MsjnLoTKAXo,1,0,0,0,0.6666666865,inner_train
1,9305,MsjnLoTKAXo$_$2,MsjnLoTKAXo,1,0,0,0,1.333333373,inner_train
1,9306,MsjnLoTKAXo$_$5,MsjnLoTKAXo,1,0,0,0,0.3333333433,inner_train
1,9307,MsjnLoTKAXo$_$7,MsjnLoTKAXo,1,0,0,0,0.3333333433,inner_train
1,9308,MsjnLoTKAXo$_$8,MsjnLoTKAXo,1,0,0,0,0.6666666865,inner_train
1,9309,MvFFYObY9A8$_$1,MvFFYObY9A8,1,1,0,0,-1.333333373,outer
1,9310,MvFFYObY9A8$_$2,MvFFYObY9A8,1,1,0,0,1,outer
1,9311,Mw4EZYZAd9c$_$1,Mw4EZYZAd9c,1,0,0,0,0.6666666865,inner_train
1,9312,Mw4EZYZAd9c$_$3,Mw4EZYZAd9c,1,0,0,0,0.3333333433,inner_train
1,9313,Mw4EZYZAd9c$_$5,Mw4EZYZAd9c,1,0,0,0,1,inner_train
1,9314,Mw4EZYZAd9c$_$4,Mw4EZYZAd9c,1,0,0,0,0.6666666865,inner_train
1,9317,MyfRrTjglm8$_$1,MyfRrTjglm8,1,1,0,0,0.6666666865,inner_train
1,9318,MyfRrTjglm8$_$0,MyfRrTjglm8,1,1,0,0,-0.6666666865,inner_train
1,9319,MyfRrTjglm8$_$3,MyfRrTjglm8,1,1,0,0,0.6666666865,inner_train
1,9320,MyfRrTjglm8$_$2,MyfRrTjglm8,1,1,0,0,0.6666666865,inner_train
1,9321,MyfRrTjglm8$_$5,MyfRrTjglm8,1,1,0,0,1,inner_train
1,9322,MyfRrTjglm8$_$7,MyfRrTjglm8,1,1,0,0,0.6666666865,inner_train
1,9323,MyfRrTjglm8$_$6,MyfRrTjglm8,1,1,0,0,1.333333373,inner_train
1,9324,N0GhVkCwrqw$_$9,N0GhVkCwrqw,1,0,0,1,0.6666666865,inner_train
1,9325,N0GhVkCwrqw$_$8,N0GhVkCwrqw,1,0,0,1,0.3333333433,inner_train
1,9326,N0GhVkCwrqw$_$2,N0GhVkCwrqw,1,0,0,1,0,inner_train
1,9327,N0GhVkCwrqw$_$12,N0GhVkCwrqw,1,0,0,1,0.6666666865,inner_train
1,9328,N0Y7x_fJ0Nw$_$3,N0Y7x_fJ0Nw,1,0,0,0,0,inner_valid
1,9329,N0Y7x_fJ0Nw$_$2,N0Y7x_fJ0Nw,1,0,0,0,0.3333333433,inner_valid
1,9330,N0Y7x_fJ0Nw$_$5,N0Y7x_fJ0Nw,1,0,0,0,0.3333333433,inner_valid
1,9331,N0Y7x_fJ0Nw$_$6,N0Y7x_fJ0Nw,1,0,0,0,1,inner_valid
1,9332,N0Y7x_fJ0Nw$_$9,N0Y7x_fJ0Nw,1,0,0,0,0.6666666865,inner_valid
1,9333,N0Y7x_fJ0Nw$_$8,N0Y7x_fJ0Nw,1,0,0,0,0.6666666865,inner_valid
1,9334,N0pKIn6VhOw$_$1,N0pKIn6VhOw,1,1,0,0,0.6666666865,outer
1,9335,N0pKIn6VhOw$_$0,N0pKIn6VhOw,1,1,0,0,1,outer
1,9336,N0pKIn6VhOw$_$2,N0pKIn6VhOw,1,1,0,0,1.333333373,outer
1,9337,N188QSyfmeQ$_$1,N188QSyfmeQ,1,1,0,0,0.3333333433,inner_train
1,9338,N188QSyfmeQ$_$0,N188QSyfmeQ,1,1,0,0,0,inner_train
1,9339,N188QSyfmeQ$_$3,N188QSyfmeQ,1,1,0,0,0.6666666865,inner_train
1,9340,N188QSyfmeQ$_$2,N188QSyfmeQ,1,1,0,0,0,inner_train
1,9341,N188QSyfmeQ$_$5,N188QSyfmeQ,1,1,0,0,0,inner_train
1,9342,N188QSyfmeQ$_$6,N188QSyfmeQ,1,1,0,0,0,inner_train
1,9343,N3QuD26DuCI$_$1,N3QuD26DuCI,1,0,0,0,1,inner_train
1,9344,N3QuD26DuCI$_$0,N3QuD26DuCI,1,0,0,0,-1,inner_train
1,9345,N3QuD26DuCI$_$3,N3QuD26DuCI,1,0,0,0,0,inner_train
1,9346,N3QuD26DuCI$_$2,N3QuD26DuCI,1,0,0,0,0.6666666865,inner_train
1,9347,N3QuD26DuCI$_$5,N3QuD26DuCI,1,0,0,0,1,inner_train
1,9348,N3QuD26DuCI$_$4,N3QuD26DuCI,1,0,0,0,-0.3333333433,inner_train
1,9357,N7tS7A0WWpM$_$1,N7tS7A0WWpM,1,0,0,0,-0.6666666865,outer
1,9358,N7tS7A0WWpM$_$0,N7tS7A0WWpM,1,0,0,0,1,outer
1,9359,N7tS7A0WWpM$_$3,N7tS7A0WWpM,1,0,0,0,-0.6666666865,outer
1,9360,N7tS7A0WWpM$_$2,N7tS7A0WWpM,1,0,0,0,0,outer
1,9361,N7tS7A0WWpM$_$5,N7tS7A0WWpM,1,0,0,0,0.6666666865,outer
1,9362,N7tS7A0WWpM$_$4,N7tS7A0WWpM,1,0,0,0,0.3333333433,outer
1,9363,N7tS7A0WWpM$_$7,N7tS7A0WWpM,1,0,0,0,0.6666666865,outer
1,9364,N7tS7A0WWpM$_$6,N7tS7A0WWpM,1,0,0,0,1.333333373,outer
1,9365,N7tS7A0WWpM$_$8,N7tS7A0WWpM,1,0,0,0,2.666666746,outer
1,9366,NCJTV5KaJJc$_$1,NCJTV5KaJJc,1,0,0,0,1,outer
1,9367,NCJTV5KaJJc$_$0,NCJTV5KaJJc,1,0,0,0,-1.666666627,outer
1,9368,NCJTV5KaJJc$_$3,NCJTV5KaJJc,1,0,0,0,-0.3333333433,outer
1,9369,NCJTV5KaJJc$_$5,NCJTV5KaJJc,1,0,0,0,-1,outer
1,9370,NCJTV5KaJJc$_$7,NCJTV5KaJJc,1,0,0,0,1.666666627,outer
1,9371,NCJTV5KaJJc$_$6,NCJTV5KaJJc,1,0,0,0,1.333333373,outer
1,9372,NCJTV5KaJJc$_$9,NCJTV5KaJJc,1,0,0,0,2,outer
1,9373,NCJTV5KaJJc$_$8,NCJTV5KaJJc,1,0,0,0,-1,outer
1,9374,NDMAVMZyISM$_$1,NDMAVMZyISM,1,1,0,0,-0.3333333433,inner_train
1,9375,NDMAVMZyISM$_$0,NDMAVMZyISM,1,1,0,0,0,inner_train
1,9376,NDMAVMZyISM$_$3,NDMAVMZyISM,1,1,0,0,0.3333333433,inner_train
1,9377,NDMAVMZyISM$_$2,NDMAVMZyISM,1,1,0,0,0.6666666865,inner_train
1,9378,NDMAVMZyISM$_$5,NDMAVMZyISM,1,1,0,0,-1.666666627,inner_train
1,9395,NKindd5Xn3s$_$1,NKindd5Xn3s,1,1,0,0,0,inner_train
1,9396,NKindd5Xn3s$_$0,NKindd5Xn3s,1,1,0,0,0.3333333433,inner_train
1,9397,NKindd5Xn3s$_$5,NKindd5Xn3s,1,1,0,0,0,inner_train
1,9398,NKindd5Xn3s$_$4,NKindd5Xn3s,1,1,0,0,0,inner_train
1,9399,NKindd5Xn3s$_$7,NKindd5Xn3s,1,1,0,0,0,inner_train
1,9400,NKindd5Xn3s$_$8,NKindd5Xn3s,1,1,0,0,0,inner_train
1,9419,NZtIGzAzJZM$_$1,NZtIGzAzJZM,1,0,0,0,-0.3333333433,inner_train
1,9420,NZtIGzAzJZM$_$0,NZtIGzAzJZM,1,0,0,0,0.3333333433,inner_train
1,9421,NZtIGzAzJZM$_$2,NZtIGzAzJZM,1,0,0,0,-0.3333333433,inner_train
1,9430,Nd55vByy2F8$_$11,Nd55vByy2F8,1,1,0,1,1,inner_train
1,9431,Nd55vByy2F8$_$2,Nd55vByy2F8,1,1,0,1,0.3333333433,inner_train
1,9432,Nd55vByy2F8$_$4,Nd55vByy2F8,1,1,0,1,0.3333333433,inner_train
1,9433,Nd55vByy2F8$_$7,Nd55vByy2F8,1,1,0,1,1.666666627,inner_train
1,9438,Ns_h5IVcZ9k$_$1,Ns_h5IVcZ9k,1,0,0,0,1,inner_train
1,9439,Ns_h5IVcZ9k$_$0,Ns_h5IVcZ9k,1,0,0,0,0,inner_train
1,9440,Ns_h5IVcZ9k$_$3,Ns_h5IVcZ9k,1,0,0,0,0.3333333433,inner_train
1,9441,Ns_h5IVcZ9k$_$2,Ns_h5IVcZ9k,1,0,0,0,0,inner_train
1,9442,Ns_h5IVcZ9k$_$5,Ns_h5IVcZ9k,1,0,0,0,0.3333333433,inner_train
1,9443,Ns_h5IVcZ9k$_$4,Ns_h5IVcZ9k,1,0,0,0,0.3333333433,inner_train
1,9444,Ns_h5IVcZ9k$_$6,Ns_h5IVcZ9k,1,0,0,0,0,inner_train
1,9445,NuRvTWhELqs$_$1,NuRvTWhELqs,1,1,0,0,0.3333333433,inner_train
1,9446,NuRvTWhELqs$_$0,NuRvTWhELqs,1,1,0,0,1,inner_train
1,9447,NuRvTWhELqs$_$5,NuRvTWhELqs,1,1,0,0,-0.3333333433,inner_train
1,9448,NuRvTWhELqs$_$6,NuRvTWhELqs,1,1,0,0,1,inner_train
1,9449,Nzh2KkaGwrE$_$11,Nzh2KkaGwrE,1,0,1,0,0,inner_train
1,9450,Nzh2KkaGwrE$_$13,Nzh2KkaGwrE,1,0,1,0,1.333333373,inner_train
1,9451,Nzh2KkaGwrE$_$5,Nzh2KkaGwrE,1,0,1,0,-0.6666666865,inner_train
1,9452,NzpymNJaFjo$_$1,NzpymNJaFjo,1,1,0,0,-0.3333333433,outer
1,9453,NzpymNJaFjo$_$2,NzpymNJaFjo,1,1,0,0,1.333333373,outer
1,9456,O2CEvvYWWbU$_$10,O2CEvvYWWbU,1,1,0,0,0.3333333433,inner_train
1,9457,O2CEvvYWWbU$_$1,O2CEvvYWWbU,1,1,0,0,0.3333333433,inner_train
1,9458,O2CEvvYWWbU$_$3,O2CEvvYWWbU,1,1,0,0,0.3333333433,inner_train
1,9459,O2CEvvYWWbU$_$5,O2CEvvYWWbU,1,1,0,0,1,inner_train
1,9460,O2CEvvYWWbU$_$4,O2CEvvYWWbU,1,1,0,0,1,inner_train
1,9461,O2CEvvYWWbU$_$7,O2CEvvYWWbU,1,1,0,0,1.333333373,inner_train
1,9462,O2CEvvYWWbU$_$6,O2CEvvYWWbU,1,1,0,0,1.666666627,inner_train
1,9463,O2CEvvYWWbU$_$9,O2CEvvYWWbU,1,1,0,0,-0.6666666865,inner_train
1,9464,O2CEvvYWWbU$_$8,O2CEvvYWWbU,1,1,0,0,1.333333373,inner_train
1,9465,O3whFU2lAAk$_$1,O3whFU2lAAk,1,1,0,0,1.666666627,inner_train
1,9466,O3whFU2lAAk$_$8,O3whFU2lAAk,1,1,0,0,0.3333333433,inner_train
1,9467,O3whFU2lAAk$_$2,O3whFU2lAAk,1,1,0,0,0.3333333433,inner_train
1,9468,O3whFU2lAAk$_$5,O3whFU2lAAk,1,1,0,0,0.3333333433,inner_train
1,9469,O3whFU2lAAk$_$11,O3whFU2lAAk,1,1,0,0,2,inner_train
1,9470,O8IJh_L0EfM$_$1,O8IJh_L0EfM,1,1,0,0,0.6666666865,inner_train
1,9471,O8IJh_L0EfM$_$0,O8IJh_L0EfM,1,1,0,0,1,inner_train
1,9472,O8IJh_L0EfM$_$3,O8IJh_L0EfM,1,1,0,0,0.3333333433,inner_train
1,9473,O8IJh_L0EfM$_$2,O8IJh_L0EfM,1,1,0,0,0.6666666865,inner_train
1,9474,O8IJh_L0EfM$_$5,O8IJh_L0EfM,1,1,0,0,1,inner_train
1,9475,O8IJh_L0EfM$_$4,O8IJh_L0EfM,1,1,0,0,0.3333333433,inner_train
1,9476,O8IJh_L0EfM$_$7,O8IJh_L0EfM,1,1,0,0,1.666666627,inner_train
1,9489,OBaMn1-x7jQ$_$2,OBaMn1-x7jQ,1,1,0,0,1.666666627,inner_valid
1,9490,OBaMn1-x7jQ$_$5,OBaMn1-x7jQ,1,1,0,0,0.6666666865,inner_valid
1,9491,OBaMn1-x7jQ$_$4,OBaMn1-x7jQ,1,1,0,0,1,inner_valid
1,9492,OBaMn1-x7jQ$_$7,OBaMn1-x7jQ,1,1,0,0,1.333333373,inner_valid
1,9493,OBaMn1-x7jQ$_$6,OBaMn1-x7jQ,1,1,0,0,1.333333373,inner_valid
1,9494,OEMSGahoCmM$_$11,OEMSGahoCmM,1,0,0,0,1,inner_train
1,9499,OEesmAnTpeA$_$1,OEesmAnTpeA,1,1,1,0,-0.3333333433,inner_train
1,9500,OEesmAnTpeA$_$0,OEesmAnTpeA,1,1,1,0,1,inner_train
1,9501,OEesmAnTpeA$_$9,OEesmAnTpeA,1,1,1,0,-0.3333333433,inner_train
1,9502,OEesmAnTpeA$_$10,OEesmAnTpeA,1,1,1,0,-0.3333333433,inner_train
1,9503,OFBc3z99bIc$_$24,OFBc3z99bIc,1,1,1,1,1.666666627,inner_train
1,9504,OFBc3z99bIc$_$25,OFBc3z99bIc,1,1,1,1,2,inner_train
1,9505,OFBc3z99bIc$_$12,OFBc3z99bIc,1,1,1,1,0.3333333433,inner_train
1,9506,OFBc3z99bIc$_$15,OFBc3z99bIc,1,1,1,1,-0.3333333433,inner_train
1,9507,OFBc3z99bIc$_$14,OFBc3z99bIc,1,1,1,1,0.6666666865,inner_train
1,9508,OFBc3z99bIc$_$22,OFBc3z99bIc,1,1,1,1,0.3333333433,inner_train
1,9509,OFBc3z99bIc$_$10,OFBc3z99bIc,1,1,1,1,2.333333254,inner_train
1,9510,OFBc3z99bIc$_$19,OFBc3z99bIc,1,1,1,1,2,inner_train
1,9511,OFBc3z99bIc$_$18,OFBc3z99bIc,1,1,1,1,1.333333373,inner_train
1,9512,OFBc3z99bIc$_$1,OFBc3z99bIc,1,1,1,1,0.3333333433,inner_train
1,9513,OFBc3z99bIc$_$0,OFBc3z99bIc,1,1,1,1,0.3333333433,inner_train
1,9514,OFBc3z99bIc$_$6,OFBc3z99bIc,1,1,1,1,0.3333333433,inner_train
1,9515,OFBc3z99bIc$_$20,OFBc3z99bIc,1,1,1,1,1.666666627,inner_train
1,9516,OFBc3z99bIc$_$21,OFBc3z99bIc,1,1,1,1,0.6666666865,inner_train
1,9517,OGXUtVG0Y9w$_$1,OGXUtVG0Y9w,1,0,0,0,2,inner_valid
1,9518,OGXUtVG0Y9w$_$0,OGXUtVG0Y9w,1,0,0,0,2,inner_valid
1,9519,OHWyYVux-yw$_$10,OHWyYVux-yw,1,1,0,0,1.333333373,inner_train
1,9520,OHWyYVux-yw$_$12,OHWyYVux-yw,1,1,0,0,-0.3333333433,inner_train
1,9521,OHWyYVux-yw$_$14,OHWyYVux-yw,1,1,0,0,0.6666666865,inner_train
1,9522,OHWyYVux-yw$_$17,OHWyYVux-yw,1,1,0,0,1.666666627,inner_train
1,9523,OHWyYVux-yw$_$16,OHWyYVux-yw,1,1,0,0,1,inner_train
1,9524,OHWyYVux-yw$_$18,OHWyYVux-yw,1,1,0,0,1.333333373,inner_train
1,9525,OHWyYVux-yw$_$3,OHWyYVux-yw,1,1,0,0,1,inner_train
1,9526,OHWyYVux-yw$_$2,OHWyYVux-yw,1,1,0,0,1.666666627,inner_train
1,9527,OHWyYVux-yw$_$4,OHWyYVux-yw,1,1,0,0,1.333333373,inner_train
1,9528,OHWyYVux-yw$_$7,OHWyYVux-yw,1,1,0,0,0.6666666865,inner_train
1,9529,OHWyYVux-yw$_$6,OHWyYVux-yw,1,1,0,0,0,inner_train
1,9530,OHWyYVux-yw$_$8,OHWyYVux-yw,1,1,0,0,0.6666666865,inner_train
1,9531,OIJr0voCvVQ$_$5,OIJr0voCvVQ,1,0,0,0,-1.333333373,inner_train
1,9532,OJwO6g01qO8$_$12,OJwO6g01qO8,1,0,0,0,-0.3333333433,inner_train
1,9533,OJwO6g01qO8$_$2,OJwO6g01qO8,1,0,0,0,-0.6666666865,inner_train
1,9562,OOh1_ffKOKk$_$0,OOh1_ffKOKk,1,1,0,0,1,inner_train
1,9563,OOh1_ffKOKk$_$3,OOh1_ffKOKk,1,1,0,0,-0.3333333433,inner_train
1,9564,OOh1_ffKOKk$_$2,OOh1_ffKOKk,1,1,0,0,0.6666666865,inner_train
1,9565,OOh1_ffKOKk$_$4,OOh1_ffKOKk,1,1,0,0,0,inner_train
1,9566,OOh1_ffKOKk$_$8,OOh1_ffKOKk,1,1,0,0,1,inner_train
1,9569,OSyKmOye5Uo$_$1,OSyKmOye5Uo,1,1,0,0,0,inner_train
1,9570,OSyKmOye5Uo$_$2,OSyKmOye5Uo,1,1,0,0,0.6666666865,inner_train
1,9571,OSyKmOye5Uo$_$4,OSyKmOye5Uo,1,1,0,0,0.6666666865,inner_train
1,9578,O_fTDhCtAhw$_$8,O_fTDhCtAhw,1,0,0,0,0.3333333433,inner_train
1,9579,O_fTDhCtAhw$_$3,O_fTDhCtAhw,1,0,0,0,0,inner_train
1,9580,O_fTDhCtAhw$_$7,O_fTDhCtAhw,1,0,0,0,0,inner_train
1,9581,O_fTDhCtAhw$_$6,O_fTDhCtAhw,1,0,0,0,0,inner_train
1,9582,Ob8vPQCPDX0$_$1,Ob8vPQCPDX0,1,0,0,0,1.333333373,inner_train
1,9583,Ob8vPQCPDX0$_$0,Ob8vPQCPDX0,1,0,0,0,0.3333333433,inner_train
1,9584,Ob8vPQCPDX0$_$3,Ob8vPQCPDX0,1,0,0,0,0.3333333433,inner_train
1,9585,Ob8vPQCPDX0$_$2,Ob8vPQCPDX0,1,0,0,0,2,inner_train
1,9586,Ob8vPQCPDX0$_$5,Ob8vPQCPDX0,1,0,0,0,1.333333373,inner_train
1,9587,Ob8vPQCPDX0$_$4,Ob8vPQCPDX0,1,0,0,0,0.6666666865,inner_train
1,9590,OdKp0hYomgs$_$11,OdKp0hYomgs,1,1,0,1,1,inner_train
1,9591,OdKp0hYomgs$_$10,OdKp0hYomgs,1,1,0,1,3,inner_train
1,9592,OdKp0hYomgs$_$0,OdKp0hYomgs,1,1,0,1,1,inner_train
1,9593,OdKp0hYomgs$_$3,OdKp0hYomgs,1,1,0,1,1.666666627,inner_train
1,9594,OdKp0hYomgs$_$2,OdKp0hYomgs,1,1,0,1,-0.3333333433,inner_train
1,9595,OdKp0hYomgs$_$4,OdKp0hYomgs,1,1,0,1,1,inner_train
1,9596,OdKp0hYomgs$_$7,OdKp0hYomgs,1,1,0,1,0.6666666865,inner_train
1,9597,OdKp0hYomgs$_$6,OdKp0hYomgs,1,1,0,1,0.3333333433,inner_train
1,9598,OdKp0hYomgs$_$9,OdKp0hYomgs,1,1,0,1,1,inner_train
1,9599,OdKp0hYomgs$_$8,OdKp0hYomgs,1,1,0,1,0.6666666865,inner_train
1,9606,Olx-sTx7HTk$_$1,Olx-sTx7HTk,1,1,0,0,0,inner_train
1,9607,Olx-sTx7HTk$_$0,Olx-sTx7HTk,1,1,0,0,0,inner_train
1,9608,Olx-sTx7HTk$_$2,Olx-sTx7HTk,1,1,0,0,0,inner_train
1,9609,Olx-sTx7HTk$_$7,Olx-sTx7HTk,1,1,0,0,0.3333333433,inner_train
1,9610,OoOD_VBL0i0$_$3,OoOD_VBL0i0,1,1,0,0,0,outer
1,9617,Or-9Nc_GAq8$_$1,Or-9Nc_GAq8,1,0,0,0,0.3333333433,inner_train
1,9618,OwYfPi9St0w$_$1,OwYfPi9St0w,1,1,0,0,0,outer
1,9639,P35dyIit1yM$_$11,P35dyIit1yM,1,1,0,0,2.333333254,inner_train
1,9640,P35dyIit1yM$_$1,P35dyIit1yM,1,1,0,0,0.6666666865,inner_train
1,9641,P35dyIit1yM$_$8,P35dyIit1yM,1,1,0,0,1.333333373,inner_train
1,9642,P35dyIit1yM$_$4,P35dyIit1yM,1,1,0,0,0.6666666865,inner_train
1,9643,P35dyIit1yM$_$0,P35dyIit1yM,1,1,0,0,2.333333254,inner_train
1,9659,PGBrZLC15yA$_$1,PGBrZLC15yA,1,0,0,1,2,inner_valid
1,9660,PGBrZLC15yA$_$0,PGBrZLC15yA,1,0,0,1,2.666666746,inner_valid
1,9661,PGBrZLC15yA$_$5,PGBrZLC15yA,1,0,0,1,0.6666666865,inner_valid
1,9672,PN3ApHIGopo$_$7,PN3ApHIGopo,1,0,0,0,0.3333333433,inner_train
1,9673,PN3ApHIGopo$_$6,PN3ApHIGopo,1,0,0,0,-0.3333333433,inner_train
1,9702,PYylJk8R9Ak$_$1,PYylJk8R9Ak,1,1,0,0,1.666666627,inner_valid
1,9703,PYylJk8R9Ak$_$0,PYylJk8R9Ak,1,1,0,0,3,inner_valid
1,9704,PYylJk8R9Ak$_$2,PYylJk8R9Ak,1,1,0,0,1,inner_valid
1,9705,PYylJk8R9Ak$_$4,PYylJk8R9Ak,1,1,0,0,1,inner_valid
1,9706,PbyI-sUzLZY$_$3,PbyI-sUzLZY,1,0,0,0,-0.6666666865,inner_train
1,9707,PbyI-sUzLZY$_$2,PbyI-sUzLZY,1,0,0,0,-0.3333333433,inner_train
1,9708,PbyI-sUzLZY$_$5,PbyI-sUzLZY,1,0,0,0,0.6666666865,inner_train
1,9709,PbyI-sUzLZY$_$4,PbyI-sUzLZY,1,0,0,0,-0.3333333433,inner_train
1,9745,PtdK-TLOuD0$_$2,PtdK-TLOuD0,1,0,0,0,-1,inner_train
1,9746,PtdK-TLOuD0$_$4,PtdK-TLOuD0,1,0,0,0,-0.3333333433,inner_train
1,9760,Q5fZk_jPjBI$_$9,Q5fZk_jPjBI,1,1,0,0,0.3333333433,outer
1,9761,Q5fZk_jPjBI$_$10,Q5fZk_jPjBI,1,1,0,0,2.333333254,outer
1,9762,Q5fZk_jPjBI$_$2,Q5fZk_jPjBI,1,1,0,0,1.333333373,outer
1,9763,Q5fZk_jPjBI$_$4,Q5fZk_jPjBI,1,1,0,0,0.3333333433,outer
1,9764,Q5fZk_jPjBI$_$0,Q5fZk_jPjBI,1,1,0,0,1.666666627,outer
1,9768,Q7OvlYjNt9w$_$1,Q7OvlYjNt9w,1,0,0,0,-0.3333333433,inner_train
1,9769,Q7OvlYjNt9w$_$0,Q7OvlYjNt9w,1,0,0,0,0.3333333433,inner_train
1,9781,Q8naC1qriIU$_$1,Q8naC1qriIU,1,1,0,0,0,outer
1,9782,Q8naC1qriIU$_$3,Q8naC1qriIU,1,1,0,0,0.3333333433,outer
1,9783,Q8naC1qriIU$_$2,Q8naC1qriIU,1,1,0,0,0.3333333433,outer
1,9784,Q8naC1qriIU$_$7,Q8naC1qriIU,1,1,0,0,0.6666666865,outer
1,9804,QI-TTqj0KnA$_$5,QI-TTqj0KnA,1,1,0,0,0.3333333433,inner_valid
1,9805,QI-TTqj0KnA$_$7,QI-TTqj0KnA,1,1,0,0,0.6666666865,inner_valid
1,9806,QI-TTqj0KnA$_$6,QI-TTqj0KnA,1,1,0,0,0,inner_valid
1,9810,QLEOYF7Mju0$_$11,QLEOYF7Mju0,1,0,0,0,1,inner_train
1,9811,QLEOYF7Mju0$_$10,QLEOYF7Mju0,1,0,0,0,0.6666666865,inner_train
1,9812,QLEOYF7Mju0$_$1,QLEOYF7Mju0,1,0,0,0,0.6666666865,inner_train
1,9813,QLEOYF7Mju0$_$3,QLEOYF7Mju0,1,0,0,0,0.6666666865,inner_train
1,9814,QLEOYF7Mju0$_$2,QLEOYF7Mju0,1,0,0,0,0.3333333433,inner_train
1,9815,QLEOYF7Mju0$_$5,QLEOYF7Mju0,1,0,0,0,-0.6666666865,inner_train
1,9816,QLEOYF7Mju0$_$4,QLEOYF7Mju0,1,0,0,0,0.3333333433,inner_train
1,9817,QLEOYF7Mju0$_$7,QLEOYF7Mju0,1,0,0,0,1.333333373,inner_train
1,9818,QLEOYF7Mju0$_$6,QLEOYF7Mju0,1,0,0,0,0.3333333433,inner_train
1,9819,QLEOYF7Mju0$_$9,QLEOYF7Mju0,1,0,0,0,0.6666666865,inner_train
1,9820,QLEOYF7Mju0$_$8,QLEOYF7Mju0,1,0,0,0,1.333333373,inner_train
1,9823,QMEgjkpyVzQ$_$8,QMEgjkpyVzQ,1,1,1,0,2.666666746,outer
1,9824,QMEgjkpyVzQ$_$3,QMEgjkpyVzQ,1,1,1,0,1,outer
1,9825,QMEgjkpyVzQ$_$7,QMEgjkpyVzQ,1,1,1,0,0.3333333433,outer
1,9826,QMEgjkpyVzQ$_$6,QMEgjkpyVzQ,1,1,1,0,0.6666666865,outer
1,9827,QNxiqu1y1N0$_$1,QNxiqu1y1N0,1,1,0,0,0.3333333433,inner_train
1,9828,QNxiqu1y1N0$_$0,QNxiqu1y1N0,1,1,0,0,0,inner_train
1,9835,QP2CjKap818$_$3,QP2CjKap818,1,0,0,0,1.333333373,inner_valid
1,9836,QP2CjKap818$_$2,QP2CjKap818,1,0,0,0,0.3333333433,inner_valid
1,9837,QQVRIGEUa_Q$_$5,QQVRIGEUa_Q,1,1,1,0,0.3333333433,inner_train
1,9838,QUpI5kMw_nA$_$10,QUpI5kMw_nA,1,1,0,0,0.3333333433,inner_valid
1,9839,QUpI5kMw_nA$_$12,QUpI5kMw_nA,1,1,0,0,-1.666666627,inner_valid
1,9840,QUpI5kMw_nA$_$17,QUpI5kMw_nA,1,1,0,0,1.333333373,inner_valid
1,9841,QUpI5kMw_nA$_$16,QUpI5kMw_nA,1,1,0,0,0.3333333433,inner_valid
1,9842,QUpI5kMw_nA$_$2,QUpI5kMw_nA,1,1,0,0,0.3333333433,inner_valid
1,9843,QUpI5kMw_nA$_$4,QUpI5kMw_nA,1,1,0,0,0,inner_valid
1,9849,QXPOQW2tRBs$_$1,QXPOQW2tRBs,1,0,0,0,1.333333373,inner_valid
1,9850,QYp0lGhyL6A$_$10,QYp0lGhyL6A,1,1,0,1,0.3333333433,inner_train
1,9851,QYp0lGhyL6A$_$13,QYp0lGhyL6A,1,1,0,1,0,inner_train
1,9852,QYp0lGhyL6A$_$14,QYp0lGhyL6A,1,1,0,1,-1.333333373,inner_train
1,9853,QYp0lGhyL6A$_$0,QYp0lGhyL6A,1,1,0,1,0.6666666865,inner_train
1,9854,QYp0lGhyL6A$_$3,QYp0lGhyL6A,1,1,0,1,-0.3333333433,inner_train
1,9855,QYp0lGhyL6A$_$4,QYp0lGhyL6A,1,1,0,1,-2.333333254,inner_train
1,9856,QYp0lGhyL6A$_$7,QYp0lGhyL6A,1,1,0,1,0.3333333433,inner_train
1,9857,QYp0lGhyL6A$_$6,QYp0lGhyL6A,1,1,0,1,0,inner_train
1,9858,QYp0lGhyL6A$_$9,QYp0lGhyL6A,1,1,0,1,0,inner_train
1,9859,Q_py5n2fQXw$_$12,Q_py5n2fQXw,1,1,0,0,1.666666627,inner_train
1,9860,Q_py5n2fQXw$_$4,Q_py5n2fQXw,1,1,0,0,0.3333333433,inner_train
1,9861,Q_py5n2fQXw$_$7,Q_py5n2fQXw,1,1,0,0,-1.333333373,inner_train
1,9876,QoIsjc4-GIg$_$1,QoIsjc4-GIg,1,0,0,1,1.333333373,inner_train
1,9877,QoIsjc4-GIg$_$0,QoIsjc4-GIg,1,0,0,1,0.3333333433,inner_train
1,9878,QoIsjc4-GIg$_$3,QoIsjc4-GIg,1,0,0,1,0.3333333433,inner_train
1,9879,QoIsjc4-GIg$_$2,QoIsjc4-GIg,1,0,0,1,1.666666627,inner_train
1,9880,QoIsjc4-GIg$_$5,QoIsjc4-GIg,1,0,0,1,0,inner_train
1,9881,QoIsjc4-GIg$_$4,QoIsjc4-GIg,1,0,0,1,0,inner_train
1,9882,QoIsjc4-GIg$_$7,QoIsjc4-GIg,1,0,0,1,-0.6666666865,inner_train
1,9883,QoIsjc4-GIg$_$6,QoIsjc4-GIg,1,0,0,1,-1,inner_train
1,9884,QoIsjc4-GIg$_$9,QoIsjc4-GIg,1,0,0,1,-1,inner_train
1,9885,QoIsjc4-GIg$_$8,QoIsjc4-GIg,1,0,0,1,-1,inner_train
1,9895,R-HKj8Yn06k$_$0,R-HKj8Yn06k,1,1,0,1,0.6666666865,inner_train
1,9896,R0o37yJ1PP0$_$3,R0o37yJ1PP0,1,1,0,0,0.6666666865,inner_train
1,9897,R0o37yJ1PP0$_$5,R0o37yJ1PP0,1,1,0,0,0,inner_train
1,9898,R0o37yJ1PP0$_$4,R0o37yJ1PP0,1,1,0,0,0,inner_train
1,9899,R0o37yJ1PP0$_$7,R0o37yJ1PP0,1,1,0,0,0.3333333433,inner_train
1,9900,R0o37yJ1PP0$_$6,R0o37yJ1PP0,1,1,0,0,0.3333333433,inner_train
1,9901,R0o37yJ1PP0$_$8,R0o37yJ1PP0,1,1,0,0,0,inner_train
1,9902,R0uRDh-engU$_$11,R0uRDh-engU,1,1,0,0,1,inner_valid
1,9903,R0uRDh-engU$_$10,R0uRDh-engU,1,1,0,0,0.3333333433,inner_valid
1,9904,R0uRDh-engU$_$5,R0uRDh-engU,1,1,0,0,-0.3333333433,inner_valid
1,9905,R5a3TP-l_n4$_$1,R5a3TP-l_n4,1,0,0,0,1,inner_train
1,9906,R5a3TP-l_n4$_$0,R5a3TP-l_n4,1,0,0,0,1,inner_train
1,9907,R5a3TP-l_n4$_$2,R5a3TP-l_n4,1,0,0,0,1,inner_train
1,9908,R5a3TP-l_n4$_$4,R5a3TP-l_n4,1,0,0,0,2,inner_train
1,9909,R8Kw_4Y9E0s$_$3,R8Kw_4Y9E0s,1,1,0,0,0.6666666865,inner_train
1,9916,R9ypacCuEZo$_$11,R9ypacCuEZo,1,0,0,0,0.6666666865,inner_train
1,9917,R9ypacCuEZo$_$14,R9ypacCuEZo,1,0,0,0,0.6666666865,inner_train
1,9918,R9ypacCuEZo$_$4,R9ypacCuEZo,1,0,0,0,1.333333373,inner_train
1,9919,R9ypacCuEZo$_$7,R9ypacCuEZo,1,0,0,0,-0.3333333433,inner_train
1,9920,R9ypacCuEZo$_$6,R9ypacCuEZo,1,0,0,0,1,inner_train
1,9921,R9ypacCuEZo$_$8,R9ypacCuEZo,1,0,0,0,0.3333333433,inner_train
1,9936,RIAEgUKtzxw$_$8,RIAEgUKtzxw,1,1,0,0,1.333333373,inner_train
1,9937,RIAEgUKtzxw$_$12,RIAEgUKtzxw,1,1,0,0,2.666666746,inner_train
1,9938,RIAEgUKtzxw$_$5,RIAEgUKtzxw,1,1,0,0,-0.3333333433,inner_train
1,9939,RIAEgUKtzxw$_$4,RIAEgUKtzxw,1,1,0,0,-1,inner_train
1,9940,RImmdklTOW0$_$11,RImmdklTOW0,1,0,1,0,2,inner_train
1,9941,RImmdklTOW0$_$10,RImmdklTOW0,1,0,1,0,1.666666627,inner_train
1,9942,RImmdklTOW0$_$13,RImmdklTOW0,1,0,1,0,1,inner_train
1,9943,RImmdklTOW0$_$12,RImmdklTOW0,1,0,1,0,-0.3333333433,inner_train
1,9944,RImmdklTOW0$_$15,RImmdklTOW0,1,0,1,0,1.333333373,inner_train
1,9945,RImmdklTOW0$_$14,RImmdklTOW0,1,0,1,0,2,inner_train
1,9946,RImmdklTOW0$_$1,RImmdklTOW0,1,0,1,0,0.6666666865,inner_train
1,9947,RImmdklTOW0$_$0,RImmdklTOW0,1,0,1,0,0.3333333433,inner_train
1,9948,RImmdklTOW0$_$3,RImmdklTOW0,1,0,1,0,0.6666666865,inner_train
1,9949,RImmdklTOW0$_$2,RImmdklTOW0,1,0,1,0,0,inner_train
1,9950,RImmdklTOW0$_$5,RImmdklTOW0,1,0,1,0,0.3333333433,inner_train
1,9951,RImmdklTOW0$_$4,RImmdklTOW0,1,0,1,0,1,inner_train
1,9952,RImmdklTOW0$_$7,RImmdklTOW0,1,0,1,0,0.3333333433,inner_train
1,9953,RImmdklTOW0$_$6,RImmdklTOW0,1,0,1,0,0.3333333433,inner_train
1,9954,RImmdklTOW0$_$9,RImmdklTOW0,1,0,1,0,0.3333333433,inner_train
1,9955,RImmdklTOW0$_$8,RImmdklTOW0,1,0,1,0,0.6666666865,inner_train
1,9956,RKP6j28FCWE$_$8,RKP6j28FCWE,1,0,0,0,0.3333333433,inner_train
1,9957,RKP6j28FCWE$_$3,RKP6j28FCWE,1,0,0,0,1,inner_train
1,9958,RKP6j28FCWE$_$5,RKP6j28FCWE,1,0,0,0,0.3333333433,inner_train
1,9959,RLHZ6xtIWSM$_$10,RLHZ6xtIWSM,1,0,0,0,0,outer
1,9960,RLHZ6xtIWSM$_$1,RLHZ6xtIWSM,1,0,0,0,-1,outer
1,9961,RLHZ6xtIWSM$_$3,RLHZ6xtIWSM,1,0,0,0,-0.3333333433,outer
1,9962,RLHZ6xtIWSM$_$2,RLHZ6xtIWSM,1,0,0,0,-0.6666666865,outer
1,9963,RLHZ6xtIWSM$_$5,RLHZ6xtIWSM,1,0,0,0,0,outer
1,9964,RLHZ6xtIWSM$_$7,RLHZ6xtIWSM,1,0,0,0,0,outer
1,9965,RLHZ6xtIWSM$_$6,RLHZ6xtIWSM,1,0,0,0,-1.333333373,outer
1,9966,RLHZ6xtIWSM$_$8,RLHZ6xtIWSM,1,0,0,0,0.3333333433,outer
1,9974,RS5WM3q2ZZQ$_$11,RS5WM3q2ZZQ,1,0,0,0,0,inner_train
1,9975,RS5WM3q2ZZQ$_$10,RS5WM3q2ZZQ,1,0,0,0,0.6666666865,inner_train
1,9976,RS5WM3q2ZZQ$_$13,RS5WM3q2ZZQ,1,0,0,0,0,inner_train
1,9977,RS5WM3q2ZZQ$_$12,RS5WM3q2ZZQ,1,0,0,0,0.3333333433,inner_train
1,9978,RS5WM3q2ZZQ$_$15,RS5WM3q2ZZQ,1,0,0,0,-1,inner_train
1,9979,RS5WM3q2ZZQ$_$14,RS5WM3q2ZZQ,1,0,0,0,1.333333373,inner_train
1,9980,RS5WM3q2ZZQ$_$17,RS5WM3q2ZZQ,1,0,0,0,1,inner_train
1,9981,RS5WM3q2ZZQ$_$16,RS5WM3q2ZZQ,1,0,0,0,0.6666666865,inner_train
1,9982,RS5WM3q2ZZQ$_$1,RS5WM3q2ZZQ,1,0,0,0,0,inner_train
1,9983,RS5WM3q2ZZQ$_$0,RS5WM3q2ZZQ,1,0,0,0,1.333333373,inner_train
1,9984,RS5WM3q2ZZQ$_$3,RS5WM3q2ZZQ,1,0,0,0,-0.3333333433,inner_train
1,9985,RS5WM3q2ZZQ$_$2,RS5WM3q2ZZQ,1,0,0,0,-0.6666666865,inner_train
1,9986,RS5WM3q2ZZQ$_$5,RS5WM3q2ZZQ,1,0,0,0,1,inner_train
1,9987,RS5WM3q2ZZQ$_$4,RS5WM3q2ZZQ,1,0,0,0,0,inner_train
1,9988,RS5WM3q2ZZQ$_$7,RS5WM3q2ZZQ,1,0,0,0,0.3333333433,inner_train
1,9989,RS5WM3q2ZZQ$_$6,RS5WM3q2ZZQ,1,0,0,0,0,inner_train
1,9990,RS5WM3q2ZZQ$_$9,RS5WM3q2ZZQ,1,0,0,0,0,inner_train
1,9991,RS5WM3q2ZZQ$_$8,RS5WM3q2ZZQ,1,0,0,0,1.333333373,inner_train
1,9992,RST6PgpsLws$_$10,RST6PgpsLws,1,0,0,1,1,inner_train
1,9993,RST6PgpsLws$_$1,RST6PgpsLws,1,0,0,1,2,inner_train
1,9994,RST6PgpsLws$_$0,RST6PgpsLws,1,0,0,1,2,inner_train
1,9995,RST6PgpsLws$_$3,RST6PgpsLws,1,0,0,1,1,inner_train
1,9996,RST6PgpsLws$_$2,RST6PgpsLws,1,0,0,1,2.333333254,inner_train
1,9997,RST6PgpsLws$_$5,RST6PgpsLws,1,0,0,1,-1.333333373,inner_train
1,9998,RST6PgpsLws$_$6,RST6PgpsLws,1,0,0,1,0.3333333433,inner_train
1,9999,RST6PgpsLws$_$8,RST6PgpsLws,1,0,0,1,0.3333333433,inner_train
1,10023,RdExUaEIWIk$_$1,RdExUaEIWIk,1,1,1,0,-0.3333333433,inner_train
1,10024,RdExUaEIWIk$_$0,RdExUaEIWIk,1,1,1,0,0,inner_train
1,10025,RdExUaEIWIk$_$3,RdExUaEIWIk,1,1,1,0,0,inner_train
1,10026,RdExUaEIWIk$_$2,RdExUaEIWIk,1,1,1,0,0,inner_train
1,10027,RdExUaEIWIk$_$5,RdExUaEIWIk,1,1,1,0,0,inner_train
1,10028,RdExUaEIWIk$_$4,RdExUaEIWIk,1,1,1,0,0,inner_train
1,10029,RdOc70IrjJo$_$1,RdOc70IrjJo,1,0,0,0,0.3333333433,outer
1,10030,RdOc70IrjJo$_$4,RdOc70IrjJo,1,0,0,0,0.3333333433,outer
1,10035,RfKxYiFd-fs$_$1,RfKxYiFd-fs,1,0,0,1,1,inner_valid
1,10036,RfKxYiFd-fs$_$4,RfKxYiFd-fs,1,0,0,1,0,inner_valid
1,10044,RqOgkJbqFXg$_$1,RqOgkJbqFXg,1,1,0,0,-0.6666666865,outer
1,10045,RqOgkJbqFXg$_$2,RqOgkJbqFXg,1,1,0,0,0.6666666865,outer
1,10046,RqOgkJbqFXg$_$5,RqOgkJbqFXg,1,1,0,0,-0.6666666865,outer
1,10047,RqOgkJbqFXg$_$4,RqOgkJbqFXg,1,1,0,0,0.3333333433,outer
1,10048,Rse6laKf1i8$_$11,Rse6laKf1i8,1,1,0,0,2.333333254,inner_valid
1,10049,Rse6laKf1i8$_$10,Rse6laKf1i8,1,1,0,0,1.333333373,inner_valid
1,10050,Rse6laKf1i8$_$0,Rse6laKf1i8,1,1,0,0,1.666666627,inner_valid
1,10051,Rse6laKf1i8$_$3,Rse6laKf1i8,1,1,0,0,1.666666627,inner_valid
1,10052,Rse6laKf1i8$_$2,Rse6laKf1i8,1,1,0,0,1.666666627,inner_valid
1,10053,Rse6laKf1i8$_$7,Rse6laKf1i8,1,1,0,0,0,inner_valid
1,10054,Rse6laKf1i8$_$6,Rse6laKf1i8,1,1,0,0,1.666666627,inner_valid
1,10055,Rse6laKf1i8$_$9,Rse6laKf1i8,1,1,0,0,2.333333254,inner_valid
1,10056,Rse6laKf1i8$_$8,Rse6laKf1i8,1,1,0,0,0,inner_valid
1,10083,Rw2pzFGosmw$_$0,Rw2pzFGosmw,1,1,0,0,1.333333373,inner_train
1,10084,Rw2pzFGosmw$_$3,Rw2pzFGosmw,1,1,0,0,1,inner_train
1,10085,Rw2pzFGosmw$_$2,Rw2pzFGosmw,1,1,0,0,1,inner_train
1,10086,Rw2pzFGosmw$_$5,Rw2pzFGosmw,1,1,0,0,2,inner_train
1,10087,Rw2pzFGosmw$_$4,Rw2pzFGosmw,1,1,0,0,0.3333333433,inner_train
1,10088,Rw2pzFGosmw$_$7,Rw2pzFGosmw,1,1,0,0,0.3333333433,inner_train
1,10089,Rw2pzFGosmw$_$8,Rw2pzFGosmw,1,1,0,0,0,inner_train
1,10090,RwcTz-tOIeo$_$1,RwcTz-tOIeo,1,0,0,0,-1.666666627,inner_train
1,10091,RwcTz-tOIeo$_$0,RwcTz-tOIeo,1,0,0,0,-0.3333333433,inner_train
1,10092,RwcTz-tOIeo$_$2,RwcTz-tOIeo,1,0,0,0,-0.3333333433,inner_train
1,10093,RwcTz-tOIeo$_$5,RwcTz-tOIeo,1,0,0,0,0.6666666865,inner_train
1,10109,S2znq3iRPwE$_$10,S2znq3iRPwE,1,1,0,0,1,inner_train
1,10110,S2znq3iRPwE$_$13,S2znq3iRPwE,1,1,0,0,2,inner_train
1,10111,S2znq3iRPwE$_$12,S2znq3iRPwE,1,1,0,0,2,inner_train
1,10112,S2znq3iRPwE$_$20,S2znq3iRPwE,1,1,0,0,1.666666627,inner_train
1,10113,S2znq3iRPwE$_$17,S2znq3iRPwE,1,1,0,0,0.6666666865,inner_train
1,10114,S2znq3iRPwE$_$19,S2znq3iRPwE,1,1,0,0,1.333333373,inner_train
1,10115,S2znq3iRPwE$_$1,S2znq3iRPwE,1,1,0,0,1.333333373,inner_train
1,10116,S2znq3iRPwE$_$0,S2znq3iRPwE,1,1,0,0,1,inner_train
1,10117,S2znq3iRPwE$_$9,S2znq3iRPwE,1,1,0,0,1.666666627,inner_train
1,10118,S6S2XL0-ZpM$_$1,S6S2XL0-ZpM,1,1,0,1,0,outer
1,10119,S8yP6lBOdKo$_$0,S8yP6lBOdKo,1,1,1,0,-1.333333373,outer
1,10120,S9PDgK7fpJI$_$10,S9PDgK7fpJI,1,1,1,0,-0.3333333433,inner_train
1,10121,S9PDgK7fpJI$_$13,S9PDgK7fpJI,1,1,1,0,-1.333333373,inner_train
1,10122,S9PDgK7fpJI$_$14,S9PDgK7fpJI,1,1,1,0,0,inner_train
1,10123,S9PDgK7fpJI$_$1,S9PDgK7fpJI,1,1,1,0,-0.6666666865,inner_train
1,10124,S9PDgK7fpJI$_$0,S9PDgK7fpJI,1,1,1,0,-0.6666666865,inner_train
1,10125,S9PDgK7fpJI$_$3,S9PDgK7fpJI,1,1,1,0,-0.6666666865,inner_train
1,10126,S9PDgK7fpJI$_$5,S9PDgK7fpJI,1,1,1,0,-1.333333373,inner_train
1,10127,S9PDgK7fpJI$_$4,S9PDgK7fpJI,1,1,1,0,-1.333333373,inner_train
1,10128,S9PDgK7fpJI$_$7,S9PDgK7fpJI,1,1,1,0,-2.333333254,inner_train
1,10129,S9PDgK7fpJI$_$6,S9PDgK7fpJI,1,1,1,0,-2.666666746,inner_train
1,10130,S9PDgK7fpJI$_$9,S9PDgK7fpJI,1,1,1,0,-0.6666666865,inner_train
1,10131,S9PDgK7fpJI$_$8,S9PDgK7fpJI,1,1,1,0,-0.6666666865,inner_train
1,10167,SI39azgVUR8$_$10,SI39azgVUR8,1,1,0,0,2.333333254,inner_train
1,10168,SI39azgVUR8$_$1,SI39azgVUR8,1,1,0,0,-2.666666746,inner_train
1,10169,SI39azgVUR8$_$3,SI39azgVUR8,1,1,0,0,-1.666666627,inner_train
1,10170,SI39azgVUR8$_$2,SI39azgVUR8,1,1,0,0,-1.666666627,inner_train
1,10171,SI39azgVUR8$_$5,SI39azgVUR8,1,1,0,0,1.333333373,inner_train
1,10172,SI39azgVUR8$_$4,SI39azgVUR8,1,1,0,0,0.6666666865,inner_train
1,10173,SI39azgVUR8$_$7,SI39azgVUR8,1,1,0,0,3,inner_train
1,10174,SLi2gT5H6m8$_$1,SLi2gT5H6m8,1,0,0,0,0.3333333433,inner_train
1,10175,SLi2gT5H6m8$_$0,SLi2gT5H6m8,1,0,0,0,-0.3333333433,inner_train
1,10176,SLi2gT5H6m8$_$3,SLi2gT5H6m8,1,0,0,0,0.6666666865,inner_train
1,10177,SLi2gT5H6m8$_$2,SLi2gT5H6m8,1,0,0,0,0,inner_train
1,10178,SLi2gT5H6m8$_$5,SLi2gT5H6m8,1,0,0,0,0.3333333433,inner_train
1,10179,SLi2gT5H6m8$_$4,SLi2gT5H6m8,1,0,0,0,-0.3333333433,inner_train
1,10180,SLi2gT5H6m8$_$7,SLi2gT5H6m8,1,0,0,0,0,inner_train
1,10181,SLi2gT5H6m8$_$6,SLi2gT5H6m8,1,0,0,0,-2.333333254,inner_train
1,10182,SLi2gT5H6m8$_$9,SLi2gT5H6m8,1,0,0,0,1.333333373,inner_train
1,10183,SLi2gT5H6m8$_$8,SLi2gT5H6m8,1,0,0,0,0.3333333433,inner_train
1,10185,SMzV26l6iA0$_$0,SMzV26l6iA0,1,1,0,0,1,inner_valid
1,10186,SMzV26l6iA0$_$4,SMzV26l6iA0,1,1,0,0,0,inner_valid
1,10188,SRP5FYP71Ng$_$14,SRP5FYP71Ng,1,1,1,0,1,inner_train
1,10189,SSNrLu-eZiM$_$1,SSNrLu-eZiM,1,1,0,1,1,inner_train
1,10190,STeqtJLakQQ$_$1,STeqtJLakQQ,1,1,0,0,0.6666666865,inner_valid
1,10191,STeqtJLakQQ$_$0,STeqtJLakQQ,1,1,0,0,-0.6666666865,inner_valid
1,10192,STeqtJLakQQ$_$3,STeqtJLakQQ,1,1,0,0,-0.6666666865,inner_valid
1,10193,STeqtJLakQQ$_$2,STeqtJLakQQ,1,1,0,0,-1,inner_valid
1,10194,STeqtJLakQQ$_$5,STeqtJLakQQ,1,1,0,0,-0.6666666865,inner_valid
1,10195,STeqtJLakQQ$_$4,STeqtJLakQQ,1,1,0,0,-1.333333373,inner_valid
1,10196,STeqtJLakQQ$_$6,STeqtJLakQQ,1,1,0,0,-1,inner_valid
1,10205,SWhfaL7AdEc$_$1,SWhfaL7AdEc,1,1,0,0,-1,inner_train
1,10206,SWhfaL7AdEc$_$0,SWhfaL7AdEc,1,1,0,0,0.3333333433,inner_train
1,10207,SWhfaL7AdEc$_$3,SWhfaL7AdEc,1,1,0,0,0.6666666865,inner_train
1,10208,SWhfaL7AdEc$_$2,SWhfaL7AdEc,1,1,0,0,1,inner_train
1,10209,SWhfaL7AdEc$_$5,SWhfaL7AdEc,1,1,0,0,1.333333373,inner_train
1,10210,SWhfaL7AdEc$_$4,SWhfaL7AdEc,1,1,0,0,0.6666666865,inner_train
1,10211,SWhfaL7AdEc$_$7,SWhfaL7AdEc,1,1,0,0,2,inner_train
1,10212,SWhfaL7AdEc$_$6,SWhfaL7AdEc,1,1,0,0,1.666666627,inner_train
1,10213,SWhfaL7AdEc$_$8,SWhfaL7AdEc,1,1,0,0,0.6666666865,inner_train
1,10234,S_ISgjJR1bc$_$2,S_ISgjJR1bc,1,0,0,0,0,inner_train
1,10235,S_mxvk4LEh0$_$12,S_mxvk4LEh0,1,1,0,0,2,outer
1,10236,S_mxvk4LEh0$_$1,S_mxvk4LEh0,1,1,0,0,0.6666666865,outer
1,10237,S_mxvk4LEh0$_$3,S_mxvk4LEh0,1,1,0,0,0,outer
1,10238,S_mxvk4LEh0$_$5,S_mxvk4LEh0,1,1,0,0,0,outer
1,10239,S_mxvk4LEh0$_$4,S_mxvk4LEh0,1,1,0,0,0,outer
1,10240,S_mxvk4LEh0$_$6,S_mxvk4LEh0,1,1,0,0,0.3333333433,outer
1,10241,S_tGoxSEh5Y$_$10,S_tGoxSEh5Y,1,1,0,0,0,outer
1,10242,SaNXCez-9iQ$_$1,SaNXCez-9iQ,1,1,0,0,0.3333333433,inner_valid
1,10243,SaNXCez-9iQ$_$0,SaNXCez-9iQ,1,1,0,0,0,inner_valid
1,10244,Sb2xMPwNKPo$_$18,Sb2xMPwNKPo,1,0,0,0,0,inner_train
1,10245,Sb2xMPwNKPo$_$2,Sb2xMPwNKPo,1,0,0,0,1.666666627,inner_train
1,10246,Sb2xMPwNKPo$_$5,Sb2xMPwNKPo,1,0,0,0,0,inner_train
1,10247,Sb2xMPwNKPo$_$17,Sb2xMPwNKPo,1,0,0,0,0,inner_train
1,10248,Sb2xMPwNKPo$_$0,Sb2xMPwNKPo,1,0,0,0,0.3333333433,inner_train
1,10249,Sglx7douG_4$_$1,Sglx7douG_4,1,1,0,0,0,outer
1,10250,Sglx7douG_4$_$2,Sglx7douG_4,1,1,0,0,0.6666666865,outer
1,10251,ShgrdU9WAJE$_$24,ShgrdU9WAJE,1,0,0,0,1.666666627,inner_train
1,10252,ShgrdU9WAJE$_$12,ShgrdU9WAJE,1,0,0,0,-0.3333333433,inner_train
1,10253,ShgrdU9WAJE$_$20,ShgrdU9WAJE,1,0,0,0,-1,inner_train
1,10254,ShgrdU9WAJE$_$14,ShgrdU9WAJE,1,0,0,0,0,inner_train
1,10255,ShgrdU9WAJE$_$17,ShgrdU9WAJE,1,0,0,0,2.333333254,inner_train
1,10256,ShgrdU9WAJE$_$16,ShgrdU9WAJE,1,0,0,0,2,inner_train
1,10257,ShgrdU9WAJE$_$1,ShgrdU9WAJE,1,0,0,0,0.3333333433,inner_train
1,10258,ShgrdU9WAJE$_$0,ShgrdU9WAJE,1,0,0,0,0,inner_train
1,10259,ShgrdU9WAJE$_$2,ShgrdU9WAJE,1,0,0,0,1,inner_train
1,10260,ShgrdU9WAJE$_$5,ShgrdU9WAJE,1,0,0,0,0,inner_train
1,10261,ShgrdU9WAJE$_$4,ShgrdU9WAJE,1,0,0,0,1.333333373,inner_train
1,10262,ShgrdU9WAJE$_$6,ShgrdU9WAJE,1,0,0,0,1.333333373,inner_train
1,10263,ShgrdU9WAJE$_$9,ShgrdU9WAJE,1,0,0,0,-0.3333333433,inner_train
1,10272,SmftC-VAfYQ$_$1,SmftC-VAfYQ,1,0,1,0,2,inner_train
1,10273,SmftC-VAfYQ$_$3,SmftC-VAfYQ,1,0,1,0,1.666666627,inner_train
1,10274,SmftC-VAfYQ$_$2,SmftC-VAfYQ,1,0,1,0,-0.3333333433,inner_train
1,10275,SmftC-VAfYQ$_$5,SmftC-VAfYQ,1,0,1,0,1.333333373,inner_train
1,10276,SmftC-VAfYQ$_$4,SmftC-VAfYQ,1,0,1,0,0.6666666865,inner_train
1,10277,So3bPzg2bq0$_$10,So3bPzg2bq0,1,0,0,0,0.3333333433,inner_valid
1,10278,So3bPzg2bq0$_$14,So3bPzg2bq0,1,0,0,0,0,inner_valid
1,10279,So3bPzg2bq0$_$17,So3bPzg2bq0,1,0,0,0,0,inner_valid
1,10280,So3bPzg2bq0$_$16,So3bPzg2bq0,1,0,0,0,0.3333333433,inner_valid
1,10281,So3bPzg2bq0$_$18,So3bPzg2bq0,1,0,0,0,0,inner_valid
1,10282,So3bPzg2bq0$_$2,So3bPzg2bq0,1,0,0,0,0,inner_valid
1,10283,So3bPzg2bq0$_$15,So3bPzg2bq0,1,0,0,0,-0.3333333433,inner_valid
1,10285,SrMN3rwvCsE$_$1,SrMN3rwvCsE,1,0,0,0,-0.3333333433,inner_valid
1,10286,SrMN3rwvCsE$_$0,SrMN3rwvCsE,1,0,0,0,0.3333333433,inner_valid
1,10287,SrMN3rwvCsE$_$3,SrMN3rwvCsE,1,0,0,0,-0.6666666865,inner_valid
1,10288,SrMN3rwvCsE$_$5,SrMN3rwvCsE,1,0,0,0,1,inner_valid
1,10289,SrMN3rwvCsE$_$4,SrMN3rwvCsE,1,0,0,0,-1,inner_valid
1,10290,SrMN3rwvCsE$_$7,SrMN3rwvCsE,1,0,0,0,0.3333333433,inner_valid
1,10291,SrMN3rwvCsE$_$6,SrMN3rwvCsE,1,0,0,0,0.3333333433,inner_valid
1,10305,SuKnUzid-1g$_$0,SuKnUzid-1g,1,0,1,0,1,inner_train
1,10306,SuKnUzid-1g$_$5,SuKnUzid-1g,1,0,1,0,2.333333254,inner_train
1,10326,T-vqHR989bM$_$3,T-vqHR989bM,1,0,0,0,-0.6666666865,inner_train
1,10327,T-vqHR989bM$_$4,T-vqHR989bM,1,0,0,0,2,inner_train
1,10328,T1icdxz0TNs$_$1,T1icdxz0TNs,1,1,0,0,0.6666666865,outer
1,10329,T1icdxz0TNs$_$0,T1icdxz0TNs,1,1,0,0,1.333333373,outer
1,10330,T4e4Ba1sRg0$_$1,T4e4Ba1sRg0,1,0,0,0,-3,inner_train
1,10331,T4e4Ba1sRg0$_$0,T4e4Ba1sRg0,1,0,0,0,-2,inner_train
1,10332,T4e4Ba1sRg0$_$3,T4e4Ba1sRg0,1,0,0,0,-0.6666666865,inner_train
1,10333,T4e4Ba1sRg0$_$2,T4e4Ba1sRg0,1,0,0,0,2.333333254,inner_train
1,10334,T4e4Ba1sRg0$_$7,T4e4Ba1sRg0,1,0,0,0,-2,inner_train
1,10335,T4e4Ba1sRg0$_$6,T4e4Ba1sRg0,1,0,0,0,-1,inner_train
1,10336,T4e4Ba1sRg0$_$9,T4e4Ba1sRg0,1,0,0,0,-0.6666666865,inner_train
1,10337,TBCjKGYBNIo$_$24,TBCjKGYBNIo,1,1,0,0,0.6666666865,inner_train
1,10338,TBCjKGYBNIo$_$25,TBCjKGYBNIo,1,1,0,0,0.6666666865,inner_train
1,10339,TBCjKGYBNIo$_$20,TBCjKGYBNIo,1,1,0,0,-1,inner_train
1,10340,TBCjKGYBNIo$_$21,TBCjKGYBNIo,1,1,0,0,0.6666666865,inner_train
1,10341,TBCjKGYBNIo$_$22,TBCjKGYBNIo,1,1,0,0,0,inner_train
1,10342,TBCjKGYBNIo$_$23,TBCjKGYBNIo,1,1,0,0,0.3333333433,inner_train
1,10343,TBCjKGYBNIo$_$1,TBCjKGYBNIo,1,1,0,0,1.333333373,inner_train
1,10344,TBCjKGYBNIo$_$0,TBCjKGYBNIo,1,1,0,0,1.333333373,inner_train
1,10345,TBCjKGYBNIo$_$3,TBCjKGYBNIo,1,1,0,0,-1,inner_train
1,10346,TBCjKGYBNIo$_$2,TBCjKGYBNIo,1,1,0,0,-0.3333333433,inner_train
1,10347,TBCjKGYBNIo$_$5,TBCjKGYBNIo,1,1,0,0,0.3333333433,inner_train
1,10348,TBCjKGYBNIo$_$4,TBCjKGYBNIo,1,1,0,0,1,inner_train
1,10349,TBCjKGYBNIo$_$7,TBCjKGYBNIo,1,1,0,0,-0.3333333433,inner_train
1,10350,TBCjKGYBNIo$_$6,TBCjKGYBNIo,1,1,0,0,0.3333333433,inner_train
1,10351,TBCjKGYBNIo$_$9,TBCjKGYBNIo,1,1,0,0,-1,inner_train
1,10352,TBCjKGYBNIo$_$8,TBCjKGYBNIo,1,1,0,0,1.333333373,inner_train
1,10353,TBCjKGYBNIo$_$11,TBCjKGYBNIo,1,1,0,0,1.333333373,inner_train
1,10354,TBCjKGYBNIo$_$10,TBCjKGYBNIo,1,1,0,0,0.6666666865,inner_train
1,10355,TBCjKGYBNIo$_$13,TBCjKGYBNIo,1,1,0,0,-1,inner_train
1,10356,TBCjKGYBNIo$_$12,TBCjKGYBNIo,1,1,0,0,1.333333373,inner_train
1,10357,TBCjKGYBNIo$_$16,TBCjKGYBNIo,1,1,0,0,-1.333333373,inner_train
1,10358,TBCjKGYBNIo$_$19,TBCjKGYBNIo,1,1,0,0,-0.6666666865,inner_train
1,10362,TFKgo5JlPro$_$1,TFKgo5JlPro,1,0,0,0,-0.3333333433,inner_valid
1,10363,TFKgo5JlPro$_$0,TFKgo5JlPro,1,0,0,0,0,inner_valid
1,10385,TNwwVWA-oAE$_$11,TNwwVWA-oAE,1,0,0,0,2.333333254,inner_train
1,10386,TNwwVWA-oAE$_$22,TNwwVWA-oAE,1,0,0,0,0.6666666865,inner_train
1,10387,TNwwVWA-oAE$_$16,TNwwVWA-oAE,1,0,0,0,1,inner_train
1,10388,TNwwVWA-oAE$_$19,TNwwVWA-oAE,1,0,0,0,0,inner_train
1,10389,TNwwVWA-oAE$_$0,TNwwVWA-oAE,1,0,0,0,1.666666627,inner_train
1,10390,TNwwVWA-oAE$_$7,TNwwVWA-oAE,1,0,0,0,1,inner_train
1,10391,TO5HjoK8Iu8$_$11,TO5HjoK8Iu8,1,0,0,0,1.333333373,inner_train
1,10392,TO5HjoK8Iu8$_$10,TO5HjoK8Iu8,1,0,0,0,1.333333373,inner_train
1,10393,TO5HjoK8Iu8$_$13,TO5HjoK8Iu8,1,0,0,0,1.333333373,inner_train
1,10394,TO5HjoK8Iu8$_$12,TO5HjoK8Iu8,1,0,0,0,0.6666666865,inner_train
1,10395,TO5HjoK8Iu8$_$14,TO5HjoK8Iu8,1,0,0,0,1.333333373,inner_train
1,10396,TO5HjoK8Iu8$_$16,TO5HjoK8Iu8,1,0,0,0,2,inner_train
1,10397,TO5HjoK8Iu8$_$3,TO5HjoK8Iu8,1,0,0,0,2.666666746,inner_train
1,10398,TO5HjoK8Iu8$_$4,TO5HjoK8Iu8,1,0,0,0,1,inner_train
1,10399,TO5HjoK8Iu8$_$7,TO5HjoK8Iu8,1,0,0,0,0.6666666865,inner_train
1,10400,TO5HjoK8Iu8$_$9,TO5HjoK8Iu8,1,0,0,0,0.6666666865,inner_train
1,10401,TO5HjoK8Iu8$_$8,TO5HjoK8Iu8,1,0,0,0,0.6666666865,inner_train
1,10408,TUY83eDK5jc$_$10,TUY83eDK5jc,1,0,0,0,1.333333373,inner_train
1,10409,TUY83eDK5jc$_$13,TUY83eDK5jc,1,0,0,0,0,inner_train
1,10410,TUY83eDK5jc$_$17,TUY83eDK5jc,1,0,0,0,1,inner_train
1,10411,TUY83eDK5jc$_$18,TUY83eDK5jc,1,0,0,0,2,inner_train
1,10412,TUY83eDK5jc$_$1,TUY83eDK5jc,1,0,0,0,1,inner_train
1,10413,TUY83eDK5jc$_$3,TUY83eDK5jc,1,0,0,0,1.333333373,inner_train
1,10414,TUY83eDK5jc$_$5,TUY83eDK5jc,1,0,0,0,1.666666627,inner_train
1,10415,TUY83eDK5jc$_$4,TUY83eDK5jc,1,0,0,0,1.666666627,inner_train
1,10416,TUY83eDK5jc$_$8,TUY83eDK5jc,1,0,0,0,0.3333333433,inner_train
1,10438,TZXcQemh8n8$_$11,TZXcQemh8n8,1,1,0,1,-0.3333333433,inner_train
1,10439,TZXcQemh8n8$_$23,TZXcQemh8n8,1,1,0,1,0,inner_train
1,10446,TahiuVpcROM$_$2,TahiuVpcROM,1,1,0,0,0.6666666865,inner_train
1,10453,Tdw0fJt0lco$_$1,Tdw0fJt0lco,1,0,0,0,0.6666666865,inner_train
1,10454,Tdw0fJt0lco$_$0,Tdw0fJt0lco,1,0,0,0,0.3333333433,inner_train
1,10458,Tiq67-bAV3M$_$1,Tiq67-bAV3M,1,0,0,0,0,inner_valid
1,10459,Tiq67-bAV3M$_$0,Tiq67-bAV3M,1,0,0,0,0,inner_valid
1,10460,Tiq67-bAV3M$_$2,Tiq67-bAV3M,1,0,0,0,1.333333373,inner_valid
1,10461,Tiq67-bAV3M$_$5,Tiq67-bAV3M,1,0,0,0,0.6666666865,inner_valid
1,10462,Tiq67-bAV3M$_$4,Tiq67-bAV3M,1,0,0,0,0.3333333433,inner_valid
1,10463,Tiq67-bAV3M$_$7,Tiq67-bAV3M,1,0,0,0,1.333333373,inner_valid
1,10472,TwTLsgfpKvA$_$1,TwTLsgfpKvA,1,0,0,0,0.6666666865,inner_train
1,10473,TwTLsgfpKvA$_$0,TwTLsgfpKvA,1,0,0,0,0,inner_train
1,10474,TwTLsgfpKvA$_$3,TwTLsgfpKvA,1,0,0,0,1,inner_train
1,10475,TwTLsgfpKvA$_$2,TwTLsgfpKvA,1,0,0,0,0.3333333433,inner_train
1,10476,TwTLsgfpKvA$_$5,TwTLsgfpKvA,1,0,0,0,0,inner_train
1,10477,TwTLsgfpKvA$_$4,TwTLsgfpKvA,1,0,0,0,0.6666666865,inner_train
1,10478,TwTLsgfpKvA$_$7,TwTLsgfpKvA,1,0,0,0,0.6666666865,inner_train
1,10479,TwTLsgfpKvA$_$6,TwTLsgfpKvA,1,0,0,0,0,inner_train
1,10480,TwTLsgfpKvA$_$9,TwTLsgfpKvA,1,0,0,0,0.6666666865,inner_train
1,10481,TwTLsgfpKvA$_$8,TwTLsgfpKvA,1,0,0,0,0,inner_train
1,10484,TxRS6vJ9ak0$_$1,TxRS6vJ9ak0,1,0,0,0,0.6666666865,inner_train
1,10485,TxRS6vJ9ak0$_$0,TxRS6vJ9ak0,1,0,0,0,2,inner_train
1,10486,TxRS6vJ9ak0$_$2,TxRS6vJ9ak0,1,0,0,0,2.333333254,inner_train
1,10487,TxRS6vJ9ak0$_$5,TxRS6vJ9ak0,1,0,0,0,1.333333373,inner_train
1,10488,TxRS6vJ9ak0$_$4,TxRS6vJ9ak0,1,0,0,0,2.333333254,inner_train
1,10489,TxRS6vJ9ak0$_$7,TxRS6vJ9ak0,1,0,0,0,1.333333373,inner_train
1,10490,TxRS6vJ9ak0$_$6,TxRS6vJ9ak0,1,0,0,0,1,inner_train
1,10491,U2Ydtq6qvL0$_$1,U2Ydtq6qvL0,1,0,0,0,0,outer
1,10492,U2Ydtq6qvL0$_$0,U2Ydtq6qvL0,1,0,0,0,1,outer
1,10493,U2Ydtq6qvL0$_$3,U2Ydtq6qvL0,1,0,0,0,1,outer
1,10494,U2Ydtq6qvL0$_$5,U2Ydtq6qvL0,1,0,0,0,0.6666666865,outer
1,10495,U2Ydtq6qvL0$_$6,U2Ydtq6qvL0,1,0,0,0,0.3333333433,outer
1,10506,UF9OlX-QNHU$_$2,UF9OlX-QNHU,1,1,0,0,1,inner_train
1,10507,UF9OlX-QNHU$_$6,UF9OlX-QNHU,1,1,0,0,1.333333373,inner_train
1,10508,UKVwc6I06x8$_$0,UKVwc6I06x8,1,1,0,0,1.333333373,inner_train
1,10509,UKVwc6I06x8$_$3,UKVwc6I06x8,1,1,0,0,1,inner_train
1,10510,UKVwc6I06x8$_$2,UKVwc6I06x8,1,1,0,0,1.666666627,inner_train
1,10532,ULtBuI6nMaY$_$10,ULtBuI6nMaY,1,1,0,0,2,inner_train
1,10533,ULtBuI6nMaY$_$1,ULtBuI6nMaY,1,1,0,0,0,inner_train
1,10534,ULtBuI6nMaY$_$3,ULtBuI6nMaY,1,1,0,0,-0.6666666865,inner_train
1,10535,ULtBuI6nMaY$_$4,ULtBuI6nMaY,1,1,0,0,0.6666666865,inner_train
1,10536,ULtBuI6nMaY$_$7,ULtBuI6nMaY,1,1,0,0,0.6666666865,inner_train
1,10537,ULtBuI6nMaY$_$8,ULtBuI6nMaY,1,1,0,0,0,inner_train
1,10545,URP2YlSNuZ4$_$3,URP2YlSNuZ4,1,1,0,0,0,inner_valid
1,10546,URP2YlSNuZ4$_$6,URP2YlSNuZ4,1,1,0,0,0,inner_valid
1,10552,UUukBV82P9A$_$11,UUukBV82P9A,1,1,0,0,0,inner_train
1,10553,UUukBV82P9A$_$10,UUukBV82P9A,1,1,0,0,-0.3333333433,inner_train
1,10554,UUukBV82P9A$_$12,UUukBV82P9A,1,1,0,0,-1,inner_train
1,10555,UUukBV82P9A$_$1,UUukBV82P9A,1,1,0,0,0.6666666865,inner_train
1,10556,UUukBV82P9A$_$3,UUukBV82P9A,1,1,0,0,0.6666666865,inner_train
1,10557,UUukBV82P9A$_$2,UUukBV82P9A,1,1,0,0,1.333333373,inner_train
1,10558,UUukBV82P9A$_$5,UUukBV82P9A,1,1,0,0,0.3333333433,inner_train
1,10559,UUukBV82P9A$_$4,UUukBV82P9A,1,1,0,0,1.666666627,inner_train
1,10560,UUukBV82P9A$_$7,UUukBV82P9A,1,1,0,0,-0.3333333433,inner_train
1,10561,UUukBV82P9A$_$6,UUukBV82P9A,1,1,0,0,0,inner_train
1,10562,UUukBV82P9A$_$9,UUukBV82P9A,1,1,0,0,0.3333333433,inner_train
1,10563,UUukBV82P9A$_$8,UUukBV82P9A,1,1,0,0,1,inner_train
1,10564,UXvMaHD9kmA$_$24,UXvMaHD9kmA,1,0,1,0,1.333333373,inner_train
1,10565,UXvMaHD9kmA$_$11,UXvMaHD9kmA,1,0,1,0,1.666666627,inner_train
1,10566,UXvMaHD9kmA$_$13,UXvMaHD9kmA,1,0,1,0,-0.3333333433,inner_train
1,10567,UXvMaHD9kmA$_$21,UXvMaHD9kmA,1,0,1,0,-1.666666627,inner_train
1,10568,UXvMaHD9kmA$_$22,UXvMaHD9kmA,1,0,1,0,1.333333373,inner_train
1,10569,UXvMaHD9kmA$_$10,UXvMaHD9kmA,1,0,1,0,0.6666666865,inner_train
1,10570,UXvMaHD9kmA$_$18,UXvMaHD9kmA,1,0,1,0,1.333333373,inner_train
1,10571,UXvMaHD9kmA$_$16,UXvMaHD9kmA,1,0,1,0,1,inner_train
1,10572,UXvMaHD9kmA$_$23,UXvMaHD9kmA,1,0,1,0,1.666666627,inner_train
1,10573,UXvMaHD9kmA$_$3,UXvMaHD9kmA,1,0,1,0,1.333333373,inner_train
1,10574,UXvMaHD9kmA$_$2,UXvMaHD9kmA,1,0,1,0,2,inner_train
1,10575,UXvMaHD9kmA$_$4,UXvMaHD9kmA,1,0,1,0,0.6666666865,inner_train
1,10576,UXvMaHD9kmA$_$8,UXvMaHD9kmA,1,0,1,0,0.6666666865,inner_train
1,10577,UXvMaHD9kmA$_$17,UXvMaHD9kmA,1,0,1,0,-0.3333333433,inner_train
1,10578,UXvMaHD9kmA$_$14,UXvMaHD9kmA,1,0,1,0,0,inner_train
1,10579,Ua4g9q0r-dI$_$24,Ua4g9q0r-dI,1,0,0,0,0,inner_train
1,10580,Ua4g9q0r-dI$_$25,Ua4g9q0r-dI,1,0,0,0,0,inner_train
1,10581,Ua4g9q0r-dI$_$13,Ua4g9q0r-dI,1,0,0,0,0,inner_train
1,10582,Ua4g9q0r-dI$_$27,Ua4g9q0r-dI,1,0,0,0,-0.3333333433,inner_train
1,10583,Ua4g9q0r-dI$_$15,Ua4g9q0r-dI,1,0,0,0,0,inner_train
1,10584,Ua4g9q0r-dI$_$21,Ua4g9q0r-dI,1,0,0,0,0,inner_train
1,10585,Ua4g9q0r-dI$_$23,Ua4g9q0r-dI,1,0,0,0,0.6666666865,inner_train
1,10586,Ua4g9q0r-dI$_$31,Ua4g9q0r-dI,1,0,0,0,0,inner_train
1,10587,Ua4g9q0r-dI$_$28,Ua4g9q0r-dI,1,0,0,0,-0.3333333433,inner_train
1,10588,Ua4g9q0r-dI$_$10,Ua4g9q0r-dI,1,0,0,0,0,inner_train
1,10589,Ua4g9q0r-dI$_$1,Ua4g9q0r-dI,1,0,0,0,0.3333333433,inner_train
1,10590,Ua4g9q0r-dI$_$2,Ua4g9q0r-dI,1,0,0,0,0.3333333433,inner_train
1,10591,Ua4g9q0r-dI$_$5,Ua4g9q0r-dI,1,0,0,0,0,inner_train
1,10592,Ua4g9q0r-dI$_$4,Ua4g9q0r-dI,1,0,0,0,0.6666666865,inner_train
1,10593,Ua4g9q0r-dI$_$6,Ua4g9q0r-dI,1,0,0,0,0.3333333433,inner_train
1,10594,Ua4g9q0r-dI$_$9,Ua4g9q0r-dI,1,0,0,0,0.6666666865,inner_train
1,10595,Ua4g9q0r-dI$_$14,Ua4g9q0r-dI,1,0,0,0,-0.6666666865,inner_train
1,10599,UeOIb6s0pVM$_$10,UeOIb6s0pVM,1,1,0,0,2.333333254,inner_train
1,10600,UeOIb6s0pVM$_$1,UeOIb6s0pVM,1,1,0,0,1.666666627,inner_train
1,10601,UeOIb6s0pVM$_$0,UeOIb6s0pVM,1,1,0,0,0,inner_train
1,10602,UeOIb6s0pVM$_$3,UeOIb6s0pVM,1,1,0,0,1.333333373,inner_train
1,10603,UeOIb6s0pVM$_$2,UeOIb6s0pVM,1,1,0,0,1.666666627,inner_train
1,10604,UeOIb6s0pVM$_$5,UeOIb6s0pVM,1,1,0,0,2,inner_train
1,10605,UeOIb6s0pVM$_$4,UeOIb6s0pVM,1,1,0,0,1.666666627,inner_train
1,10606,UeOIb6s0pVM$_$7,UeOIb6s0pVM,1,1,0,0,2,inner_train
1,10607,UeOIb6s0pVM$_$6,UeOIb6s0pVM,1,1,0,0,2,inner_train
1,10608,UeOIb6s0pVM$_$9,UeOIb6s0pVM,1,1,0,0,2,inner_train
1,10609,UeOIb6s0pVM$_$8,UeOIb6s0pVM,1,1,0,0,0.6666666865,inner_train
1,10610,UfLMdSGGQVw$_$10,UfLMdSGGQVw,1,0,0,0,1.666666627,inner_train
1,10611,UfLMdSGGQVw$_$1,UfLMdSGGQVw,1,0,0,0,2,inner_train
1,10612,UfLMdSGGQVw$_$0,UfLMdSGGQVw,1,0,0,0,1.333333373,inner_train
1,10613,UfLMdSGGQVw$_$3,UfLMdSGGQVw,1,0,0,0,1.666666627,inner_train
1,10614,UfLMdSGGQVw$_$2,UfLMdSGGQVw,1,0,0,0,1.333333373,inner_train
1,10615,UfLMdSGGQVw$_$4,UfLMdSGGQVw,1,0,0,0,2,inner_train
1,10616,UfLMdSGGQVw$_$7,UfLMdSGGQVw,1,0,0,0,1.666666627,inner_train
1,10617,UfLMdSGGQVw$_$6,UfLMdSGGQVw,1,0,0,0,1.333333373,inner_train
1,10618,UfLMdSGGQVw$_$9,UfLMdSGGQVw,1,0,0,0,2,inner_train
1,10619,UfLMdSGGQVw$_$8,UfLMdSGGQVw,1,0,0,0,2,inner_train
1,10620,UgTM9y2rD38$_$1,UgTM9y2rD38,1,0,0,1,1.333333373,inner_train
1,10621,UgTM9y2rD38$_$0,UgTM9y2rD38,1,0,0,1,1.666666627,inner_train
1,10622,UgTM9y2rD38$_$2,UgTM9y2rD38,1,0,0,1,2.666666746,inner_train
1,10623,Uiq0lf9ibF8$_$1,Uiq0lf9ibF8,1,0,0,0,0,inner_train
1,10624,UjT8pHMN8Q8$_$9,UjT8pHMN8Q8,1,0,0,0,0,inner_train
1,10625,UjT8pHMN8Q8$_$2,UjT8pHMN8Q8,1,0,0,0,0.3333333433,inner_train
1,10626,UkqTwAuA8jI$_$9,UkqTwAuA8jI,1,0,0,0,0,inner_train
1,10627,UkqTwAuA8jI$_$1,UkqTwAuA8jI,1,0,0,0,0,inner_train
1,10628,UkqTwAuA8jI$_$2,UkqTwAuA8jI,1,0,0,0,0,inner_train
1,10629,UkqTwAuA8jI$_$7,UkqTwAuA8jI,1,0,0,0,0,inner_train
1,10630,UmB5c_QqUPs$_$11,UmB5c_QqUPs,1,1,0,1,-2.333333254,outer
1,10631,UmB5c_QqUPs$_$13,UmB5c_QqUPs,1,1,0,1,2,outer
1,10632,UmB5c_QqUPs$_$12,UmB5c_QqUPs,1,1,0,1,-0.6666666865,outer
1,10633,UmB5c_QqUPs$_$15,UmB5c_QqUPs,1,1,0,1,-0.6666666865,outer
1,10634,UmB5c_QqUPs$_$14,UmB5c_QqUPs,1,1,0,1,1.333333373,outer
1,10635,UmB5c_QqUPs$_$16,UmB5c_QqUPs,1,1,0,1,0,outer
1,10636,UmB5c_QqUPs$_$1,UmB5c_QqUPs,1,1,0,1,-0.3333333433,outer
1,10637,UmB5c_QqUPs$_$3,UmB5c_QqUPs,1,1,0,1,0.3333333433,outer
1,10638,UmB5c_QqUPs$_$2,UmB5c_QqUPs,1,1,0,1,-0.3333333433,outer
1,10639,UmB5c_QqUPs$_$4,UmB5c_QqUPs,1,1,0,1,-0.3333333433,outer
1,10640,UmB5c_QqUPs$_$6,UmB5c_QqUPs,1,1,0,1,-0.3333333433,outer
1,10641,UmB5c_QqUPs$_$9,UmB5c_QqUPs,1,1,0,1,-1.333333373,outer
1,10642,UmB5c_QqUPs$_$8,UmB5c_QqUPs,1,1,0,1,-1.666666627,outer
1,10643,UtjenieM1Ak$_$0,UtjenieM1Ak,1,0,1,0,0,inner_train
1,10644,UtjenieM1Ak$_$3,UtjenieM1Ak,1,0,1,0,0,inner_train
1,10645,UtjenieM1Ak$_$6,UtjenieM1Ak,1,0,1,0,1,inner_train
1,10659,V5lfNohNlEg$_$0,V5lfNohNlEg,1,1,0,0,1,inner_train
1,10667,VAFdgtqZz4g$_$0,VAFdgtqZz4g,1,0,0,0,0.6666666865,inner_train
1,10668,VAFdgtqZz4g$_$5,VAFdgtqZz4g,1,0,0,0,1,inner_train
1,10669,VAFdgtqZz4g$_$4,VAFdgtqZz4g,1,0,0,0,0.6666666865,inner_train
1,10688,VCIe-4p0xoM$_$17,VCIe-4p0xoM,1,1,1,0,0,inner_train
1,10708,VZqkWIPmH6w$_$11,VZqkWIPmH6w,1,0,0,0,0,outer
1,10709,VZqkWIPmH6w$_$14,VZqkWIPmH6w,1,0,0,0,0,outer
1,10710,VZqkWIPmH6w$_$16,VZqkWIPmH6w,1,0,0,0,0.3333333433,outer
1,10711,VZqkWIPmH6w$_$1,VZqkWIPmH6w,1,0,0,0,1,outer
1,10712,VZqkWIPmH6w$_$2,VZqkWIPmH6w,1,0,0,0,-0.3333333433,outer
1,10713,VZqkWIPmH6w$_$4,VZqkWIPmH6w,1,0,0,0,0,outer
1,10714,VZqkWIPmH6w$_$7,VZqkWIPmH6w,1,0,0,0,0,outer
1,10715,VZqkWIPmH6w$_$6,VZqkWIPmH6w,1,0,0,0,0,outer
1,10716,VZqkWIPmH6w$_$9,VZqkWIPmH6w,1,0,0,0,0.3333333433,outer
1,10717,VZqkWIPmH6w$_$8,VZqkWIPmH6w,1,0,0,0,-0.3333333433,outer
1,10725,VbmSzYg_lmg$_$3,VbmSzYg_lmg,1,1,0,0,2.333333254,inner_train
1,10743,VgqI1KRnDSw$_$1,VgqI1KRnDSw,1,1,0,0,0.6666666865,inner_train
1,10744,VgqI1KRnDSw$_$0,VgqI1KRnDSw,1,1,0,0,0.6666666865,inner_train
1,10745,VgqI1KRnDSw$_$4,VgqI1KRnDSw,1,1,0,0,0.3333333433,inner_train
1,10746,VgqI1KRnDSw$_$7,VgqI1KRnDSw,1,1,0,0,0.3333333433,inner_train
1,10753,VjAvqFXEmmk$_$1,VjAvqFXEmmk,1,0,0,0,1.333333373,outer
1,10754,VjAvqFXEmmk$_$0,VjAvqFXEmmk,1,0,0,0,0,outer
1,10755,VjAvqFXEmmk$_$3,VjAvqFXEmmk,1,0,0,0,0,outer
1,10756,VjAvqFXEmmk$_$2,VjAvqFXEmmk,1,0,0,0,0,outer
1,10757,VjAvqFXEmmk$_$4,VjAvqFXEmmk,1,0,0,0,0.6666666865,outer
1,10758,VjAvqFXEmmk$_$6,VjAvqFXEmmk,1,0,0,0,0,outer
1,10759,VjAvqFXEmmk$_$9,VjAvqFXEmmk,1,0,0,0,2.333333254,outer
1,10760,VjAvqFXEmmk$_$8,VjAvqFXEmmk,1,0,0,0,1.333333373,outer
1,10761,VoETCD8fBLI$_$2,VoETCD8fBLI,1,0,0,0,1,inner_train
1,10762,VoETCD8fBLI$_$5,VoETCD8fBLI,1,0,0,0,0.6666666865,inner_train
1,10764,Vv2DTPyyw90$_$11,Vv2DTPyyw90,1,1,0,0,2.333333254,inner_train
1,10765,Vv2DTPyyw90$_$12,Vv2DTPyyw90,1,1,0,0,0.6666666865,inner_train
1,10766,Vv2DTPyyw90$_$15,Vv2DTPyyw90,1,1,0,0,0.3333333433,inner_train
1,10767,Vv2DTPyyw90$_$0,Vv2DTPyyw90,1,1,0,0,0,inner_train
1,10768,Vv2DTPyyw90$_$2,Vv2DTPyyw90,1,1,0,0,0.3333333433,inner_train
1,10769,Vv2DTPyyw90$_$9,Vv2DTPyyw90,1,1,0,0,-0.3333333433,inner_train
1,10781,VybXjsmsjAY$_$11,VybXjsmsjAY,1,1,0,1,1,inner_valid
1,10782,VybXjsmsjAY$_$10,VybXjsmsjAY,1,1,0,1,0,inner_valid
1,10783,VybXjsmsjAY$_$13,VybXjsmsjAY,1,1,0,1,1,inner_valid
1,10784,VybXjsmsjAY$_$12,VybXjsmsjAY,1,1,0,1,0.3333333433,inner_valid
1,10785,VybXjsmsjAY$_$5,VybXjsmsjAY,1,1,0,1,1,inner_valid
1,10786,VybXjsmsjAY$_$7,VybXjsmsjAY,1,1,0,1,0.3333333433,inner_valid
1,10787,VybXjsmsjAY$_$6,VybXjsmsjAY,1,1,0,1,-0.3333333433,inner_valid
1,10788,VybXjsmsjAY$_$9,VybXjsmsjAY,1,1,0,1,0,inner_valid
1,10789,VybXjsmsjAY$_$8,VybXjsmsjAY,1,1,0,1,1.333333373,inner_valid
1,10790,VzDXgBOe5iI$_$3,VzDXgBOe5iI,1,0,0,0,1.666666627,inner_train
1,10791,VzDXgBOe5iI$_$2,VzDXgBOe5iI,1,0,0,0,0,inner_train
1,10792,VzDXgBOe5iI$_$4,VzDXgBOe5iI,1,0,0,0,0,inner_train
1,10793,VzDXgBOe5iI$_$6,VzDXgBOe5iI,1,0,0,0,1.333333373,inner_train
1,10801,W-ptEZFARVo$_$11,W-ptEZFARVo,1,0,1,0,0,inner_valid
1,10802,W-ptEZFARVo$_$10,W-ptEZFARVo,1,0,1,0,0,inner_valid
1,10803,W-ptEZFARVo$_$1,W-ptEZFARVo,1,0,1,0,0,inner_valid
1,10804,W-ptEZFARVo$_$0,W-ptEZFARVo,1,0,1,0,0.3333333433,inner_valid
1,10805,W-ptEZFARVo$_$3,W-ptEZFARVo,1,0,1,0,1.666666627,inner_valid
1,10806,W-ptEZFARVo$_$2,W-ptEZFARVo,1,0,1,0,1,inner_valid
1,10807,W-ptEZFARVo$_$5,W-ptEZFARVo,1,0,1,0,2.333333254,inner_valid
1,10808,W-ptEZFARVo$_$4,W-ptEZFARVo,1,0,1,0,-0.6666666865,inner_valid
1,10809,W-ptEZFARVo$_$6,W-ptEZFARVo,1,0,1,0,1,inner_valid
1,10810,W-ptEZFARVo$_$9,W-ptEZFARVo,1,0,1,0,1.333333373,inner_valid
1,10811,W-ptEZFARVo$_$8,W-ptEZFARVo,1,0,1,0,0.6666666865,inner_valid
1,10830,W53uRqITk2I$_$1,W53uRqITk2I,1,1,0,0,1,inner_valid
1,10831,W53uRqITk2I$_$0,W53uRqITk2I,1,1,0,0,0.6666666865,inner_valid
1,10832,W53uRqITk2I$_$3,W53uRqITk2I,1,1,0,0,1,inner_valid
1,10833,W53uRqITk2I$_$5,W53uRqITk2I,1,1,0,0,-0.3333333433,inner_valid
1,10834,W53uRqITk2I$_$4,W53uRqITk2I,1,1,0,0,1.333333373,inner_valid
1,10835,W53uRqITk2I$_$7,W53uRqITk2I,1,1,0,0,1.333333373,inner_valid
1,10836,W53uRqITk2I$_$6,W53uRqITk2I,1,1,0,0,1,inner_valid
1,10837,W53uRqITk2I$_$9,W53uRqITk2I,1,1,0,0,1.333333373,inner_valid
1,10838,W53uRqITk2I$_$8,W53uRqITk2I,1,1,0,0,0.3333333433,inner_valid
1,10839,WANirpnKa4w$_$1,WANirpnKa4w,1,0,0,1,0.3333333433,outer
1,10840,WANirpnKa4w$_$0,WANirpnKa4w,1,0,0,1,0.3333333433,outer
1,10841,WANirpnKa4w$_$2,WANirpnKa4w,1,0,0,1,0,outer
1,10842,WANirpnKa4w$_$5,WANirpnKa4w,1,0,0,1,0.3333333433,outer
1,10843,WANirpnKa4w$_$6,WANirpnKa4w,1,0,0,1,0.6666666865,outer
1,10852,WBCRTcMJZZc$_$0,WBCRTcMJZZc,1,0,0,0,0,inner_train
1,10853,WBCRTcMJZZc$_$3,WBCRTcMJZZc,1,0,0,0,0.6666666865,inner_train
1,10854,WBCRTcMJZZc$_$7,WBCRTcMJZZc,1,0,0,0,0.3333333433,inner_train
1,10855,WBCRTcMJZZc$_$6,WBCRTcMJZZc,1,0,0,0,0,inner_train
1,10861,WJ2QF4Kw9Y8$_$1,WJ2QF4Kw9Y8,1,1,0,0,0,inner_train
1,10862,WJ2QF4Kw9Y8$_$0,WJ2QF4Kw9Y8,1,1,0,0,-0.3333333433,inner_train
1,10863,WJ2QF4Kw9Y8$_$5,WJ2QF4Kw9Y8,1,1,0,0,0,inner_train
1,10875,WTF9xgqLIvI$_$11,WTF9xgqLIvI,1,0,0,0,-0.6666666865,inner_train
1,10876,WTF9xgqLIvI$_$10,WTF9xgqLIvI,1,0,0,0,1,inner_train
1,10877,WTF9xgqLIvI$_$1,WTF9xgqLIvI,1,0,0,0,1.666666627,inner_train
1,10878,WTF9xgqLIvI$_$3,WTF9xgqLIvI,1,0,0,0,0.3333333433,inner_train
1,10879,WTF9xgqLIvI$_$2,WTF9xgqLIvI,1,0,0,0,0.6666666865,inner_train
1,10880,WTF9xgqLIvI$_$5,WTF9xgqLIvI,1,0,0,0,-0.3333333433,inner_train
1,10881,WTF9xgqLIvI$_$4,WTF9xgqLIvI,1,0,0,0,-1.333333373,inner_train
1,10882,WTF9xgqLIvI$_$7,WTF9xgqLIvI,1,0,0,0,1.333333373,inner_train
1,10883,WTF9xgqLIvI$_$6,WTF9xgqLIvI,1,0,0,0,0.6666666865,inner_train
1,10884,WTF9xgqLIvI$_$9,WTF9xgqLIvI,1,0,0,0,-0.6666666865,inner_train
1,10898,WYSomBHdl4c$_$2,WYSomBHdl4c,1,0,0,0,1.666666627,inner_train
1,10899,WZVfvgTeFPo$_$0,WZVfvgTeFPo,1,1,1,0,1.333333373,inner_train
1,10900,WZVfvgTeFPo$_$3,WZVfvgTeFPo,1,1,1,0,0.3333333433,inner_train
1,10901,WZVfvgTeFPo$_$7,WZVfvgTeFPo,1,1,1,0,0.6666666865,inner_train
1,10902,WaaSYRPwQBw$_$1,WaaSYRPwQBw,1,0,0,0,0.6666666865,inner_train
1,10903,WaaSYRPwQBw$_$0,WaaSYRPwQBw,1,0,0,0,-0.3333333433,inner_train
1,10941,WovurMxG2Aw$_$1,WovurMxG2Aw,1,0,0,0,-1,outer
1,10942,WovurMxG2Aw$_$0,WovurMxG2Aw,1,0,0,0,0.6666666865,outer
1,10943,WovurMxG2Aw$_$3,WovurMxG2Aw,1,0,0,0,0.3333333433,outer
1,10944,WovurMxG2Aw$_$2,WovurMxG2Aw,1,0,0,0,-0.3333333433,outer
1,10945,WovurMxG2Aw$_$4,WovurMxG2Aw,1,0,0,0,0,outer
1,10950,WxYb2x_irTM$_$0,WxYb2x_irTM,1,0,0,0,0.3333333433,inner_train
1,10951,WxYb2x_irTM$_$2,WxYb2x_irTM,1,0,0,0,1.333333373,inner_train
1,10976,X3p50qqFW_w$_$10,X3p50qqFW_w,1,1,0,0,0.6666666865,outer
1,10977,X3p50qqFW_w$_$15,X3p50qqFW_w,1,1,0,0,1,outer
1,10978,X3p50qqFW_w$_$14,X3p50qqFW_w,1,1,0,0,0.6666666865,outer
1,10979,X3p50qqFW_w$_$3,X3p50qqFW_w,1,1,0,0,0.3333333433,outer
1,10980,X3p50qqFW_w$_$2,X3p50qqFW_w,1,1,0,0,0.6666666865,outer
1,10981,X3p50qqFW_w$_$6,X3p50qqFW_w,1,1,0,0,0.3333333433,outer
1,10982,X6-jJO00DMg$_$8,X6-jJO00DMg,1,0,0,0,0,inner_train
1,10983,X6-jJO00DMg$_$7,X6-jJO00DMg,1,0,0,0,0,inner_train
1,10984,X6-jJO00DMg$_$0,X6-jJO00DMg,1,0,0,0,0,inner_train
1,10985,X7-Gbk8gAD0$_$1,X7-Gbk8gAD0,1,1,0,0,0.3333333433,outer
1,10986,X7-Gbk8gAD0$_$0,X7-Gbk8gAD0,1,1,0,0,0.6666666865,outer
1,10987,X7-Gbk8gAD0$_$2,X7-Gbk8gAD0,1,1,0,0,0,outer
1,10988,X7-Gbk8gAD0$_$5,X7-Gbk8gAD0,1,1,0,0,1.666666627,outer
1,10989,X7-Gbk8gAD0$_$4,X7-Gbk8gAD0,1,1,0,0,0.6666666865,outer
1,10990,X7-Gbk8gAD0$_$7,X7-Gbk8gAD0,1,1,0,0,0.6666666865,outer
1,10991,X7-Gbk8gAD0$_$6,X7-Gbk8gAD0,1,1,0,0,1.333333373,outer
1,10998,XAazxiP6tP0$_$1,XAazxiP6tP0,1,0,0,0,0,inner_train
1,10999,XAazxiP6tP0$_$0,XAazxiP6tP0,1,0,0,0,0,inner_train
1,11000,XAazxiP6tP0$_$3,XAazxiP6tP0,1,0,0,0,0.3333333433,inner_train
1,11001,XAazxiP6tP0$_$2,XAazxiP6tP0,1,0,0,0,0.3333333433,inner_train
1,11002,XAazxiP6tP0$_$5,XAazxiP6tP0,1,0,0,0,0,inner_train
1,11003,XAazxiP6tP0$_$4,XAazxiP6tP0,1,0,0,0,0,inner_train
1,11004,XAazxiP6tP0$_$6,XAazxiP6tP0,1,0,0,0,1.333333373,inner_train
1,11020,XEZ7e4pf1xE$_$11,XEZ7e4pf1xE,1,1,0,1,-1.333333373,inner_train
1,11021,XEZ7e4pf1xE$_$10,XEZ7e4pf1xE,1,1,0,1,0.3333333433,inner_train
1,11022,XEZ7e4pf1xE$_$12,XEZ7e4pf1xE,1,1,0,1,-1.666666627,inner_train
1,11023,XEZ7e4pf1xE$_$1,XEZ7e4pf1xE,1,1,0,1,-0.3333333433,inner_train
1,11024,XEZ7e4pf1xE$_$0,XEZ7e4pf1xE,1,1,0,1,0,inner_train
1,11025,XEZ7e4pf1xE$_$3,XEZ7e4pf1xE,1,1,0,1,-1,inner_train
1,11026,XEZ7e4pf1xE$_$2,XEZ7e4pf1xE,1,1,0,1,-0.6666666865,inner_train
1,11027,XEZ7e4pf1xE$_$5,XEZ7e4pf1xE,1,1,0,1,-0.6666666865,inner_train
1,11028,XEZ7e4pf1xE$_$4,XEZ7e4pf1xE,1,1,0,1,0,inner_train
1,11029,XEZ7e4pf1xE$_$6,XEZ7e4pf1xE,1,1,0,1,-1,inner_train
1,11030,XEZ7e4pf1xE$_$9,XEZ7e4pf1xE,1,1,0,1,0,inner_train
1,11031,XFGHTk_3hGg$_$9,XFGHTk_3hGg,1,0,0,1,0.6666666865,inner_train
1,11032,XFGHTk_3hGg$_$5,XFGHTk_3hGg,1,0,0,1,0.3333333433,inner_train
1,11033,XFGHTk_3hGg$_$7,XFGHTk_3hGg,1,0,0,1,0.3333333433,inner_train
1,11034,XFGHTk_3hGg$_$6,XFGHTk_3hGg,1,0,0,1,0.3333333433,inner_train
1,11037,XPoY4LD-A1I$_$11,XPoY4LD-A1I,1,0,0,0,-0.6666666865,inner_train
1,11038,XPoY4LD-A1I$_$10,XPoY4LD-A1I,1,0,0,0,0.6666666865,inner_train
1,11039,XPoY4LD-A1I$_$12,XPoY4LD-A1I,1,0,0,0,0,inner_train
1,11040,XPoY4LD-A1I$_$1,XPoY4LD-A1I,1,0,0,0,0,inner_train
1,11041,XPoY4LD-A1I$_$2,XPoY4LD-A1I,1,0,0,0,0.6666666865,inner_train
1,11042,XPoY4LD-A1I$_$4,XPoY4LD-A1I,1,0,0,0,0,inner_train
1,11043,XPoY4LD-A1I$_$6,XPoY4LD-A1I,1,0,0,0,0,inner_train
1,11044,XPoY4LD-A1I$_$8,XPoY4LD-A1I,1,0,0,0,-0.3333333433,inner_train
1,11052,XVSDfgstFUQ$_$1,XVSDfgstFUQ,1,0,0,0,2,inner_valid
1,11053,XVSDfgstFUQ$_$0,XVSDfgstFUQ,1,0,0,0,1.666666627,inner_valid
1,11054,XVSDfgstFUQ$_$3,XVSDfgstFUQ,1,0,0,0,2.666666746,inner_valid
1,11055,XVSDfgstFUQ$_$2,XVSDfgstFUQ,1,0,0,0,1.666666627,inner_valid
1,11056,XVSDfgstFUQ$_$5,XVSDfgstFUQ,1,0,0,0,2,inner_valid
1,11057,XVSDfgstFUQ$_$4,XVSDfgstFUQ,1,0,0,0,2.666666746,inner_valid
1,11074,XbolrpSc0KU$_$1,XbolrpSc0KU,1,0,0,0,0.3333333433,inner_valid
1,11075,XbolrpSc0KU$_$0,XbolrpSc0KU,1,0,0,0,0,inner_valid
1,11076,XbolrpSc0KU$_$3,XbolrpSc0KU,1,0,0,0,-0.6666666865,inner_valid
1,11077,XbolrpSc0KU$_$2,XbolrpSc0KU,1,0,0,0,0,inner_valid
1,11078,XbolrpSc0KU$_$5,XbolrpSc0KU,1,0,0,0,-0.6666666865,inner_valid
1,11079,XbolrpSc0KU$_$4,XbolrpSc0KU,1,0,0,0,0,inner_valid
1,11080,XcHLB-qfv5M$_$0,XcHLB-qfv5M,1,1,0,0,0,inner_train
1,11081,XcHLB-qfv5M$_$3,XcHLB-qfv5M,1,1,0,0,0,inner_train
1,11099,XsEPZydHWdo$_$4,XsEPZydHWdo,1,1,0,0,1.333333373,outer
1,11100,XsEPZydHWdo$_$6,XsEPZydHWdo,1,1,0,0,0,outer
1,11104,Xx7Y2YIbleA$_$13,Xx7Y2YIbleA,1,0,0,0,-0.3333333433,inner_train
1,11105,Xx7Y2YIbleA$_$14,Xx7Y2YIbleA,1,0,0,0,0,inner_train
1,11106,Xx7Y2YIbleA$_$16,Xx7Y2YIbleA,1,0,0,0,1,inner_train
1,11107,Xx7Y2YIbleA$_$1,Xx7Y2YIbleA,1,0,0,0,0.6666666865,inner_train
1,11108,Xx7Y2YIbleA$_$5,Xx7Y2YIbleA,1,0,0,0,0.3333333433,inner_train
1,11109,Xx7Y2YIbleA$_$4,Xx7Y2YIbleA,1,0,0,0,0.3333333433,inner_train
1,11110,Xx7Y2YIbleA$_$6,Xx7Y2YIbleA,1,0,0,0,0,inner_train
1,11111,Xx7Y2YIbleA$_$9,Xx7Y2YIbleA,1,0,0,0,1.666666627,inner_train
1,11112,Xx7Y2YIbleA$_$8,Xx7Y2YIbleA,1,0,0,0,0,inner_train
1,11136,Y4izAQYtGEw$_$1,Y4izAQYtGEw,1,1,0,0,0.3333333433,inner_valid
1,11137,Y4izAQYtGEw$_$0,Y4izAQYtGEw,1,1,0,0,0.3333333433,inner_valid
1,11138,Y4izAQYtGEw$_$3,Y4izAQYtGEw,1,1,0,0,1.333333373,inner_valid
1,11139,Y4izAQYtGEw$_$5,Y4izAQYtGEw,1,1,0,0,0.6666666865,inner_valid
1,11140,Y4izAQYtGEw$_$6,Y4izAQYtGEw,1,1,0,0,-1.333333373,inner_valid
1,11145,Y6zyM1nDhN0$_$1,Y6zyM1nDhN0,1,0,0,1,0.3333333433,outer
1,11146,Y6zyM1nDhN0$_$0,Y6zyM1nDhN0,1,0,0,1,0,outer
1,11147,Y6zyM1nDhN0$_$3,Y6zyM1nDhN0,1,0,0,1,0,outer
1,11148,Y6zyM1nDhN0$_$2,Y6zyM1nDhN0,1,0,0,1,-1,outer
1,11149,Y6zyM1nDhN0$_$5,Y6zyM1nDhN0,1,0,0,1,0.3333333433,outer
1,11150,Y6zyM1nDhN0$_$4,Y6zyM1nDhN0,1,0,0,1,0,outer
1,11151,Y9fvHRNz2Bs$_$8,Y9fvHRNz2Bs,1,1,0,0,0.3333333433,inner_train
1,11152,Y9fvHRNz2Bs$_$12,Y9fvHRNz2Bs,1,1,0,0,0.3333333433,inner_train
1,11153,Y9fvHRNz2Bs$_$15,Y9fvHRNz2Bs,1,1,0,0,0.6666666865,inner_train
1,11154,Y9fvHRNz2Bs$_$16,Y9fvHRNz2Bs,1,1,0,0,0.6666666865,inner_train
1,11166,YEOU4KFDjZo$_$0,YEOU4KFDjZo,1,0,0,0,0,inner_train
1,11167,YEOU4KFDjZo$_$2,YEOU4KFDjZo,1,0,0,0,0.6666666865,inner_train
1,11168,YEOU4KFDjZo$_$5,YEOU4KFDjZo,1,0,0,0,0,inner_train
1,11176,YGeVGXXK3ao$_$1,YGeVGXXK3ao,1,0,0,1,0,inner_valid
1,11177,YGeVGXXK3ao$_$2,YGeVGXXK3ao,1,0,0,1,0,inner_valid
1,11178,YGeVGXXK3ao$_$4,YGeVGXXK3ao,1,0,0,1,0,inner_valid
1,11179,YITXOmhQhYE$_$15,YITXOmhQhYE,1,1,1,0,0,inner_valid
1,11180,YITXOmhQhYE$_$16,YITXOmhQhYE,1,1,1,0,2,inner_valid
1,11181,YITXOmhQhYE$_$0,YITXOmhQhYE,1,1,1,0,1.666666627,inner_valid
1,11182,YITXOmhQhYE$_$3,YITXOmhQhYE,1,1,1,0,1,inner_valid
1,11183,YITXOmhQhYE$_$2,YITXOmhQhYE,1,1,1,0,-1.666666627,inner_valid
1,11184,YITXOmhQhYE$_$5,YITXOmhQhYE,1,1,1,0,2,inner_valid
1,11185,YITXOmhQhYE$_$4,YITXOmhQhYE,1,1,1,0,2,inner_valid
1,11186,YITXOmhQhYE$_$7,YITXOmhQhYE,1,1,1,0,0.3333333433,inner_valid
1,11187,YITXOmhQhYE$_$6,YITXOmhQhYE,1,1,1,0,0.3333333433,inner_valid
1,11188,YITXOmhQhYE$_$9,YITXOmhQhYE,1,1,1,0,1,inner_valid
1,11189,YJJoYkFPmds$_$11,YJJoYkFPmds,1,0,0,0,0,inner_train
1,11190,YJJoYkFPmds$_$10,YJJoYkFPmds,1,0,0,0,0.6666666865,inner_train
1,11191,YJJoYkFPmds$_$13,YJJoYkFPmds,1,0,0,0,0.3333333433,inner_train
1,11192,YJJoYkFPmds$_$12,YJJoYkFPmds,1,0,0,0,1.333333373,inner_train
1,11193,YJJoYkFPmds$_$1,YJJoYkFPmds,1,0,0,0,0,inner_train
1,11194,YJJoYkFPmds$_$3,YJJoYkFPmds,1,0,0,0,2,inner_train
1,11195,YJJoYkFPmds$_$2,YJJoYkFPmds,1,0,0,0,0,inner_train
1,11196,YJJoYkFPmds$_$5,YJJoYkFPmds,1,0,0,0,0.3333333433,inner_train
1,11197,YJJoYkFPmds$_$7,YJJoYkFPmds,1,0,0,0,0.3333333433,inner_train
1,11198,YJJoYkFPmds$_$6,YJJoYkFPmds,1,0,0,0,0,inner_train
1,11199,YJJoYkFPmds$_$9,YJJoYkFPmds,1,0,0,0,-0.3333333433,inner_train
1,11200,YJJoYkFPmds$_$8,YJJoYkFPmds,1,0,0,0,-0.6666666865,inner_train
1,11217,YRbtXb9fWmI$_$1,YRbtXb9fWmI,1,0,0,0,0,inner_train
1,11218,YRbtXb9fWmI$_$3,YRbtXb9fWmI,1,0,0,0,0,inner_train
1,11219,YRbtXb9fWmI$_$2,YRbtXb9fWmI,1,0,0,0,0.6666666865,inner_train
1,11220,YRbtXb9fWmI$_$5,YRbtXb9fWmI,1,0,0,0,-2,inner_train
1,11221,YRbtXb9fWmI$_$7,YRbtXb9fWmI,1,0,0,0,-1.333333373,inner_train
1,11222,YRbtXb9fWmI$_$6,YRbtXb9fWmI,1,0,0,0,-1,inner_train
1,11223,YRbtXb9fWmI$_$8,YRbtXb9fWmI,1,0,0,0,-1.666666627,inner_train
1,11224,YRmjALBdTdE$_$0,YRmjALBdTdE,1,0,0,0,0,outer
1,11225,YRmjALBdTdE$_$3,YRmjALBdTdE,1,0,0,0,0,outer
1,11226,YRmjALBdTdE$_$2,YRmjALBdTdE,1,0,0,0,0.3333333433,outer
1,11227,YRmjALBdTdE$_$5,YRmjALBdTdE,1,0,0,0,1,outer
1,11228,YRmjALBdTdE$_$4,YRmjALBdTdE,1,0,0,0,0.3333333433,outer
1,11229,YRmjALBdTdE$_$7,YRmjALBdTdE,1,0,0,0,-1,outer
1,11230,YRmjALBdTdE$_$6,YRmjALBdTdE,1,0,0,0,0.3333333433,outer
1,11231,YVBsDJtAbk4$_$10,YVBsDJtAbk4,1,0,0,0,-0.3333333433,outer
1,11232,YVBsDJtAbk4$_$3,YVBsDJtAbk4,1,0,0,0,-0.6666666865,outer
1,11233,YVBsDJtAbk4$_$7,YVBsDJtAbk4,1,0,0,0,-0.6666666865,outer
1,11234,YVBsDJtAbk4$_$8,YVBsDJtAbk4,1,0,0,0,0.6666666865,outer
1,11250,YWxvIFmYnNU$_$11,YWxvIFmYnNU,1,0,0,0,-0.3333333433,outer
1,11251,YWxvIFmYnNU$_$24,YWxvIFmYnNU,1,0,0,0,0,outer
1,11252,YWxvIFmYnNU$_$13,YWxvIFmYnNU,1,0,0,0,0,outer
1,11253,YWxvIFmYnNU$_$27,YWxvIFmYnNU,1,0,0,0,0.3333333433,outer
1,11254,YWxvIFmYnNU$_$20,YWxvIFmYnNU,1,0,0,0,0,outer
1,11255,YWxvIFmYnNU$_$14,YWxvIFmYnNU,1,0,0,0,0.6666666865,outer
1,11256,YWxvIFmYnNU$_$22,YWxvIFmYnNU,1,0,0,0,2,outer
1,11257,YWxvIFmYnNU$_$19,YWxvIFmYnNU,1,0,0,0,-0.6666666865,outer
1,11258,YWxvIFmYnNU$_$31,YWxvIFmYnNU,1,0,0,0,1.666666627,outer
1,11259,YWxvIFmYnNU$_$30,YWxvIFmYnNU,1,0,0,0,-0.6666666865,outer
1,11260,YWxvIFmYnNU$_$37,YWxvIFmYnNU,1,0,0,0,1,outer
1,11261,YWxvIFmYnNU$_$26,YWxvIFmYnNU,1,0,0,0,0.6666666865,outer
1,11262,YWxvIFmYnNU$_$35,YWxvIFmYnNU,1,0,0,0,0.6666666865,outer
1,11263,YWxvIFmYnNU$_$29,YWxvIFmYnNU,1,0,0,0,1.333333373,outer
1,11264,YWxvIFmYnNU$_$17,YWxvIFmYnNU,1,0,0,0,1.333333373,outer
1,11265,YWxvIFmYnNU$_$7,YWxvIFmYnNU,1,0,0,0,0.6666666865,outer
1,11266,YWxvIFmYnNU$_$6,YWxvIFmYnNU,1,0,0,0,1.666666627,outer
1,11267,YWxvIFmYnNU$_$9,YWxvIFmYnNU,1,0,0,0,0,outer
1,11268,YWxvIFmYnNU$_$44,YWxvIFmYnNU,1,0,0,0,2.666666746,outer
1,11269,YWxvIFmYnNU$_$48,YWxvIFmYnNU,1,0,0,0,0.6666666865,outer
1,11270,YY2yjEEoB3U$_$1,YY2yjEEoB3U,1,0,0,0,0.3333333433,inner_train
1,11271,YY2yjEEoB3U$_$3,YY2yjEEoB3U,1,0,0,0,1,inner_train
1,11272,YY2yjEEoB3U$_$5,YY2yjEEoB3U,1,0,0,0,1,inner_train
1,11273,YY2yjEEoB3U$_$4,YY2yjEEoB3U,1,0,0,0,0.6666666865,inner_train
1,11274,YcJ5RJYUr7Y$_$25,YcJ5RJYUr7Y,1,0,0,1,0.6666666865,inner_valid
1,11275,YcJ5RJYUr7Y$_$27,YcJ5RJYUr7Y,1,0,0,1,2,inner_valid
1,11276,YcJ5RJYUr7Y$_$21,YcJ5RJYUr7Y,1,0,0,1,1,inner_valid
1,11277,YcJ5RJYUr7Y$_$17,YcJ5RJYUr7Y,1,0,0,1,2.333333254,inner_valid
1,11278,YcJ5RJYUr7Y$_$23,YcJ5RJYUr7Y,1,0,0,1,0.6666666865,inner_valid
1,11279,YcJ5RJYUr7Y$_$19,YcJ5RJYUr7Y,1,0,0,1,1.666666627,inner_valid
1,11280,YcJ5RJYUr7Y$_$42,YcJ5RJYUr7Y,1,0,0,1,0.3333333433,inner_valid
1,11281,YcJ5RJYUr7Y$_$44,YcJ5RJYUr7Y,1,0,0,1,-0.6666666865,inner_valid
1,11282,YcJ5RJYUr7Y$_$48,YcJ5RJYUr7Y,1,0,0,1,2.333333254,inner_valid
1,11283,YcJ5RJYUr7Y$_$28,YcJ5RJYUr7Y,1,0,0,1,0,inner_valid
1,11284,YcJ5RJYUr7Y$_$29,YcJ5RJYUr7Y,1,0,0,1,0.3333333433,inner_valid
1,11285,YcJ5RJYUr7Y$_$35,YcJ5RJYUr7Y,1,0,0,1,-0.3333333433,inner_valid
1,11286,YcJ5RJYUr7Y$_$3,YcJ5RJYUr7Y,1,0,0,1,0.3333333433,inner_valid
1,11287,YcJ5RJYUr7Y$_$2,YcJ5RJYUr7Y,1,0,0,1,0.3333333433,inner_valid
1,11288,YcJ5RJYUr7Y$_$6,YcJ5RJYUr7Y,1,0,0,1,0,inner_valid
1,11289,YcJ5RJYUr7Y$_$8,YcJ5RJYUr7Y,1,0,0,1,0.6666666865,inner_valid
1,11302,YgyqX4aZ4tE$_$13,YgyqX4aZ4tE,1,0,0,0,0,inner_train
1,11303,YgyqX4aZ4tE$_$12,YgyqX4aZ4tE,1,0,0,0,-0.3333333433,inner_train
1,11304,YgyqX4aZ4tE$_$16,YgyqX4aZ4tE,1,0,0,0,-1,inner_train
1,11305,YgyqX4aZ4tE$_$18,YgyqX4aZ4tE,1,0,0,0,0,inner_train
1,11306,YgyqX4aZ4tE$_$23,YgyqX4aZ4tE,1,0,0,0,1,inner_train
1,11307,YgyqX4aZ4tE$_$3,YgyqX4aZ4tE,1,0,0,0,0,inner_train
1,11308,YgyqX4aZ4tE$_$2,YgyqX4aZ4tE,1,0,0,0,0,inner_train
1,11309,YgyqX4aZ4tE$_$4,YgyqX4aZ4tE,1,0,0,0,0,inner_train
1,11310,YgyqX4aZ4tE$_$8,YgyqX4aZ4tE,1,0,0,0,0,inner_train
1,11311,Yi6Qyn4X8is$_$10,Yi6Qyn4X8is,1,1,0,0,0.3333333433,inner_train
1,11312,Yi6Qyn4X8is$_$13,Yi6Qyn4X8is,1,1,0,0,0.3333333433,inner_train
1,11313,Yi6Qyn4X8is$_$12,Yi6Qyn4X8is,1,1,0,0,0.3333333433,inner_train
1,11314,Yi6Qyn4X8is$_$16,Yi6Qyn4X8is,1,1,0,0,-0.6666666865,inner_train
1,11315,Yi6Qyn4X8is$_$3,Yi6Qyn4X8is,1,1,0,0,0,inner_train
1,11316,Yi6Qyn4X8is$_$5,Yi6Qyn4X8is,1,1,0,0,-2.333333254,inner_train
1,11317,Yi6Qyn4X8is$_$4,Yi6Qyn4X8is,1,1,0,0,-0.6666666865,inner_train
1,11318,Yi6Qyn4X8is$_$7,Yi6Qyn4X8is,1,1,0,0,-2,inner_train
1,11319,Yi6Qyn4X8is$_$8,Yi6Qyn4X8is,1,1,0,0,0.6666666865,inner_train
1,11320,YjNYBBs1AZw$_$6,YjNYBBs1AZw,1,1,0,1,0.6666666865,inner_train
1,11321,YmGfjU5PGyE$_$15,YmGfjU5PGyE,1,0,0,0,0.3333333433,outer
1,11322,YmGfjU5PGyE$_$5,YmGfjU5PGyE,1,0,0,0,0.3333333433,outer
1,11338,YqHEmUKUy-E$_$3,YqHEmUKUy-E,1,1,0,0,1.333333373,inner_train
1,11339,YqHEmUKUy-E$_$2,YqHEmUKUy-E,1,1,0,0,1,inner_train
1,11363,ZJGzEeDXbyM$_$1,ZJGzEeDXbyM,1,1,0,0,1.666666627,outer
1,11364,ZJGzEeDXbyM$_$0,ZJGzEeDXbyM,1,1,0,0,0.6666666865,outer
1,11367,ZMAoUt0SD7E$_$1,ZMAoUt0SD7E,1,1,0,1,0,inner_train
1,11370,ZQuGizjoCTY$_$1,ZQuGizjoCTY,1,0,0,0,0,inner_train
1,11371,ZQuGizjoCTY$_$3,ZQuGizjoCTY,1,0,0,0,0.6666666865,inner_train
1,11372,ZQuGizjoCTY$_$2,ZQuGizjoCTY,1,0,0,0,0,inner_train
1,11373,ZQuGizjoCTY$_$4,ZQuGizjoCTY,1,0,0,0,-0.3333333433,inner_train
1,11374,ZQuGizjoCTY$_$7,ZQuGizjoCTY,1,0,0,0,-0.6666666865,inner_train
1,11375,ZQuGizjoCTY$_$6,ZQuGizjoCTY,1,0,0,0,1.333333373,inner_train
1,11376,ZQuGizjoCTY$_$8,ZQuGizjoCTY,1,0,0,0,2,inner_train
1,11377,ZRic9ygn9f8$_$1,ZRic9ygn9f8,1,0,0,0,0.3333333433,inner_train
1,11378,ZRic9ygn9f8$_$3,ZRic9ygn9f8,1,0,0,0,1.666666627,inner_train
1,11379,ZRic9ygn9f8$_$4,ZRic9ygn9f8,1,0,0,0,-0.3333333433,inner_train
1,11389,ZUqTWOx9jYU$_$3,ZUqTWOx9jYU,1,1,0,0,0.3333333433,inner_train
1,11390,ZUqTWOx9jYU$_$5,ZUqTWOx9jYU,1,1,0,0,1,inner_train
1,11391,ZUqTWOx9jYU$_$4,ZUqTWOx9jYU,1,1,0,0,-0.3333333433,inner_train
1,11392,ZUqTWOx9jYU$_$7,ZUqTWOx9jYU,1,1,0,0,0.3333333433,inner_train
1,11393,ZUqTWOx9jYU$_$6,ZUqTWOx9jYU,1,1,0,0,0.3333333433,inner_train
1,11394,ZUqTWOx9jYU$_$8,ZUqTWOx9jYU,1,1,0,0,0.3333333433,inner_train
1,11395,ZW4Oe_fKJM0$_$1,ZW4Oe_fKJM0,1,0,0,0,-0.3333333433,outer
1,11396,ZW4Oe_fKJM0$_$0,ZW4Oe_fKJM0,1,0,0,0,1.666666627,outer
1,11397,ZW4Oe_fKJM0$_$5,ZW4Oe_fKJM0,1,0,0,0,2.333333254,outer
1,11398,ZW4Oe_fKJM0$_$4,ZW4Oe_fKJM0,1,0,0,0,1.666666627,outer
1,11399,ZW4Oe_fKJM0$_$7,ZW4Oe_fKJM0,1,0,0,0,1,outer
1,11400,ZW4Oe_fKJM0$_$6,ZW4Oe_fKJM0,1,0,0,0,1.666666627,outer
1,11401,ZW4Oe_fKJM0$_$8,ZW4Oe_fKJM0,1,0,0,0,1,outer
1,11402,ZXHX_e6HCI0$_$1,ZXHX_e6HCI0,1,1,0,0,0.6666666865,outer
1,11403,ZXHX_e6HCI0$_$0,ZXHX_e6HCI0,1,1,0,0,0.6666666865,outer
1,11404,ZXHX_e6HCI0$_$3,ZXHX_e6HCI0,1,1,0,0,0.6666666865,outer
1,11405,ZXHX_e6HCI0$_$2,ZXHX_e6HCI0,1,1,0,0,0.6666666865,outer
1,11419,ZbVa-a2tNFM$_$0,ZbVa-a2tNFM,1,1,0,0,0.6666666865,inner_train
1,11420,ZbVa-a2tNFM$_$3,ZbVa-a2tNFM,1,1,0,0,-0.3333333433,inner_train
1,11421,ZbVa-a2tNFM$_$2,ZbVa-a2tNFM,1,1,0,0,0,inner_train
1,11422,ZdX9sUd3bAI$_$1,ZdX9sUd3bAI,1,0,1,0,2.666666746,inner_train
1,11423,ZdX9sUd3bAI$_$3,ZdX9sUd3bAI,1,0,1,0,1.666666627,inner_train
1,11424,ZdX9sUd3bAI$_$2,ZdX9sUd3bAI,1,0,1,0,1.333333373,inner_train
1,11425,ZdX9sUd3bAI$_$4,ZdX9sUd3bAI,1,0,1,0,2.333333254,inner_train
1,11426,ZfQYEa2fHGo$_$0,ZfQYEa2fHGo,1,1,0,1,0.6666666865,inner_train
1,11427,ZfQYEa2fHGo$_$2,ZfQYEa2fHGo,1,1,0,1,0.6666666865,inner_train
1,11428,ZfQYEa2fHGo$_$4,ZfQYEa2fHGo,1,1,0,1,0,inner_train
1,11431,ZiM_gkdFGJk$_$10,ZiM_gkdFGJk,1,0,0,0,1,inner_train
1,11432,ZiM_gkdFGJk$_$4,ZiM_gkdFGJk,1,0,0,0,0.3333333433,inner_train
1,11433,Zj_4YmbMWtg$_$10,Zj_4YmbMWtg,1,1,0,0,1,inner_train
1,11434,Zj_4YmbMWtg$_$3,Zj_4YmbMWtg,1,1,0,0,-2.333333254,inner_train
1,11435,Zj_4YmbMWtg$_$5,Zj_4YmbMWtg,1,1,0,0,-2.666666746,inner_train
1,11436,Zj_4YmbMWtg$_$6,Zj_4YmbMWtg,1,1,0,0,-1.333333373,inner_train
1,11448,ZltpfWh2aIw$_$0,ZltpfWh2aIw,1,1,0,1,1.666666627,inner_valid
1,11452,Zo8jCDGMWjw$_$0,Zo8jCDGMWjw,1,1,0,1,0.6666666865,inner_train
1,11453,Zr3psuFQoDY$_$8,Zr3psuFQoDY,1,0,1,0,-0.6666666865,outer
1,11474,_26JmJnPKfM$_$24,_26JmJnPKfM,1,0,0,0,1.333333373,inner_train
1,11475,_26JmJnPKfM$_$20,_26JmJnPKfM,1,0,0,0,-1,inner_train
1,11476,_26JmJnPKfM$_$21,_26JmJnPKfM,1,0,0,0,1.333333373,inner_train
1,11477,_26JmJnPKfM$_$22,_26JmJnPKfM,1,0,0,0,1,inner_train
1,11478,_26JmJnPKfM$_$23,_26JmJnPKfM,1,0,0,0,1.333333373,inner_train
1,11479,_26JmJnPKfM$_$1,_26JmJnPKfM,1,0,0,0,2,inner_train
1,11480,_26JmJnPKfM$_$0,_26JmJnPKfM,1,0,0,0,1.333333373,inner_train
1,11481,_26JmJnPKfM$_$3,_26JmJnPKfM,1,0,0,0,1.333333373,inner_train
1,11482,_26JmJnPKfM$_$2,_26JmJnPKfM,1,0,0,0,0.3333333433,inner_train
1,11483,_26JmJnPKfM$_$5,_26JmJnPKfM,1,0,0,0,1.333333373,inner_train
1,11484,_26JmJnPKfM$_$4,_26JmJnPKfM,1,0,0,0,1,inner_train
1,11485,_26JmJnPKfM$_$7,_26JmJnPKfM,1,0,0,0,0.6666666865,inner_train
1,11486,_26JmJnPKfM$_$6,_26JmJnPKfM,1,0,0,0,1,inner_train
1,11487,_26JmJnPKfM$_$8,_26JmJnPKfM,1,0,0,0,1,inner_train
1,11488,_26JmJnPKfM$_$11,_26JmJnPKfM,1,0,0,0,1.666666627,inner_train
1,11489,_26JmJnPKfM$_$10,_26JmJnPKfM,1,0,0,0,1.333333373,inner_train
1,11490,_26JmJnPKfM$_$13,_26JmJnPKfM,1,0,0,0,1,inner_train
1,11491,_26JmJnPKfM$_$12,_26JmJnPKfM,1,0,0,0,1.333333373,inner_train
1,11492,_26JmJnPKfM$_$15,_26JmJnPKfM,1,0,0,0,0,inner_train
1,11493,_26JmJnPKfM$_$14,_26JmJnPKfM,1,0,0,0,0,inner_train
1,11494,_26JmJnPKfM$_$17,_26JmJnPKfM,1,0,0,0,1,inner_train
1,11495,_26JmJnPKfM$_$16,_26JmJnPKfM,1,0,0,0,1.333333373,inner_train
1,11496,_26JmJnPKfM$_$19,_26JmJnPKfM,1,0,0,0,-1.333333373,inner_train
1,11497,_26JmJnPKfM$_$18,_26JmJnPKfM,1,0,0,0,0.6666666865,inner_train
1,11498,_2u0MkRqpjA$_$3,_2u0MkRqpjA,1,0,0,1,0.3333333433,outer
1,11499,_4K620KW_Is$_$2,_4K620KW_Is,1,1,0,0,-0.3333333433,inner_train
1,11500,_4K620KW_Is$_$4,_4K620KW_Is,1,1,0,0,0.3333333433,inner_train
1,11501,_4K620KW_Is$_$6,_4K620KW_Is,1,1,0,0,-0.3333333433,inner_train
1,11502,_4PNh8dIILI$_$3,_4PNh8dIILI,1,1,0,0,2,outer
1,11503,_4PNh8dIILI$_$2,_4PNh8dIILI,1,1,0,0,1.333333373,outer
1,11530,_HabvL0VnrQ$_$11,_HabvL0VnrQ,1,1,0,0,-0.6666666865,inner_train
1,11531,_HabvL0VnrQ$_$24,_HabvL0VnrQ,1,1,0,0,-0.3333333433,inner_train
1,11532,_HabvL0VnrQ$_$19,_HabvL0VnrQ,1,1,0,0,0,inner_train
1,11533,_HabvL0VnrQ$_$31,_HabvL0VnrQ,1,1,0,0,0.3333333433,inner_train
1,11534,_HabvL0VnrQ$_$0,_HabvL0VnrQ,1,1,0,0,0,inner_train
1,11535,_HabvL0VnrQ$_$7,_HabvL0VnrQ,1,1,0,0,0.3333333433,inner_train
1,11536,_HabvL0VnrQ$_$6,_HabvL0VnrQ,1,1,0,0,0,inner_train
1,11537,_HabvL0VnrQ$_$9,_HabvL0VnrQ,1,1,0,0,-0.3333333433,inner_train
1,11538,_HabvL0VnrQ$_$8,_HabvL0VnrQ,1,1,0,0,0.6666666865,inner_train
1,11548,_JcML8u5Wes$_$1,_JcML8u5Wes,1,1,0,0,0.6666666865,inner_train
1,11549,_JcML8u5Wes$_$3,_JcML8u5Wes,1,1,0,0,1.666666627,inner_train
1,11550,_JcML8u5Wes$_$2,_JcML8u5Wes,1,1,0,0,0.6666666865,inner_train
1,11553,_KGd7IpX3B4$_$1,_KGd7IpX3B4,1,1,0,1,1,inner_train
1,11569,_UNQDdiAbWI$_$0,_UNQDdiAbWI,1,0,0,0,0,inner_train
1,11570,_UNQDdiAbWI$_$4,_UNQDdiAbWI,1,0,0,0,1,inner_train
1,11571,_UNQDdiAbWI$_$7,_UNQDdiAbWI,1,0,0,0,0,inner_train
1,11572,_UNQDdiAbWI$_$6,_UNQDdiAbWI,1,0,0,0,0.6666666865,inner_train
1,11579,_XWUKMkxa-Q$_$4,_XWUKMkxa-Q,1,1,1,1,1,inner_train
1,11580,_YzIvwvyIq4$_$5,_YzIvwvyIq4,1,0,0,1,1,inner_train
1,11589,_iRAn6feOmw$_$24,_iRAn6feOmw,1,1,0,0,1,outer
1,11590,_iRAn6feOmw$_$25,_iRAn6feOmw,1,1,0,0,0,outer
1,11591,_iRAn6feOmw$_$15,_iRAn6feOmw,1,1,0,0,0.3333333433,outer
1,11592,_iRAn6feOmw$_$14,_iRAn6feOmw,1,1,0,0,0.3333333433,outer
1,11593,_iRAn6feOmw$_$17,_iRAn6feOmw,1,1,0,0,0.6666666865,outer
1,11612,_tBaGXNwlp0$_$1,_tBaGXNwlp0,1,0,0,1,0.3333333433,inner_valid
1,11613,_tBaGXNwlp0$_$0,_tBaGXNwlp0,1,0,0,1,0,inner_valid
1,11614,_tBaGXNwlp0$_$3,_tBaGXNwlp0,1,0,0,1,0,inner_valid
1,11615,_tBaGXNwlp0$_$5,_tBaGXNwlp0,1,0,0,1,-1,inner_valid
1,11616,_tBaGXNwlp0$_$4,_tBaGXNwlp0,1,0,0,1,-1,inner_valid
1,11617,_tBaGXNwlp0$_$6,_tBaGXNwlp0,1,0,0,1,0,inner_valid
1,11618,_v8c7iWkYz0$_$3,_v8c7iWkYz0,1,1,0,0,0.6666666865,inner_train
1,11619,_v8c7iWkYz0$_$2,_v8c7iWkYz0,1,1,0,0,0.6666666865,inner_train
1,11620,_v8c7iWkYz0$_$4,_v8c7iWkYz0,1,1,0,0,0,inner_train
1,11621,_v8c7iWkYz0$_$7,_v8c7iWkYz0,1,1,0,0,2,inner_train
1,11622,_v8c7iWkYz0$_$6,_v8c7iWkYz0,1,1,0,0,1.666666627,inner_train
1,11623,_v8c7iWkYz0$_$8,_v8c7iWkYz0,1,1,0,0,1.333333373,inner_train
1,11630,a4vRa-_nuJw$_$11,a4vRa-_nuJw,1,0,0,0,-1.333333373,inner_train
1,11631,a4vRa-_nuJw$_$10,a4vRa-_nuJw,1,0,0,0,1,inner_train
1,11632,a4vRa-_nuJw$_$1,a4vRa-_nuJw,1,0,0,0,0,inner_train
1,11633,a4vRa-_nuJw$_$0,a4vRa-_nuJw,1,0,0,0,1.333333373,inner_train
1,11634,a4vRa-_nuJw$_$3,a4vRa-_nuJw,1,0,0,0,1,inner_train
1,11635,a4vRa-_nuJw$_$4,a4vRa-_nuJw,1,0,0,0,0.6666666865,inner_train
1,11649,a7HHg_JygJo$_$14,a7HHg_JygJo,1,0,0,0,0,inner_train
1,11650,a7HHg_JygJo$_$18,a7HHg_JygJo,1,0,0,0,0,inner_train
1,11651,a7HHg_JygJo$_$1,a7HHg_JygJo,1,0,0,0,0.6666666865,inner_train
1,11652,a7HHg_JygJo$_$5,a7HHg_JygJo,1,0,0,0,0.3333333433,inner_train
1,11653,a7HHg_JygJo$_$4,a7HHg_JygJo,1,0,0,0,0.6666666865,inner_train
1,11654,a7HHg_JygJo$_$7,a7HHg_JygJo,1,0,0,0,0.6666666865,inner_train
1,11655,a7HHg_JygJo$_$6,a7HHg_JygJo,1,0,0,0,0.6666666865,inner_train
1,11656,a8WV5KEMKSw$_$1,a8WV5KEMKSw,1,1,0,0,-1.666666627,inner_train
1,11657,a8WV5KEMKSw$_$0,a8WV5KEMKSw,1,1,0,0,-1,inner_train
1,11658,a8WV5KEMKSw$_$3,a8WV5KEMKSw,1,1,0,0,0,inner_train
1,11659,a8WV5KEMKSw$_$2,a8WV5KEMKSw,1,1,0,0,-0.3333333433,inner_train
1,11660,a8WV5KEMKSw$_$4,a8WV5KEMKSw,1,1,0,0,0,inner_train
1,11661,aCwLQrJz4Bo$_$1,aCwLQrJz4Bo,1,1,0,0,1.666666627,inner_train
1,11662,aCwLQrJz4Bo$_$0,aCwLQrJz4Bo,1,1,0,0,1.333333373,inner_train
1,11663,aCwLQrJz4Bo$_$3,aCwLQrJz4Bo,1,1,0,0,0.6666666865,inner_train
1,11664,aCwLQrJz4Bo$_$12,aCwLQrJz4Bo,1,1,0,0,0,inner_train
1,11665,aCwLQrJz4Bo$_$7,aCwLQrJz4Bo,1,1,0,0,0.6666666865,inner_train
1,11666,aDvgbBqTWWE$_$11,aDvgbBqTWWE,1,1,0,0,0.3333333433,inner_train
1,11667,aDvgbBqTWWE$_$10,aDvgbBqTWWE,1,1,0,0,0,inner_train
1,11668,aDvgbBqTWWE$_$27,aDvgbBqTWWE,1,1,0,0,0,inner_train
1,11669,aDvgbBqTWWE$_$23,aDvgbBqTWWE,1,1,0,0,-0.3333333433,inner_train
1,11670,aDvgbBqTWWE$_$30,aDvgbBqTWWE,1,1,0,0,1.666666627,inner_train
1,11671,aDvgbBqTWWE$_$2,aDvgbBqTWWE,1,1,0,0,0.3333333433,inner_train
1,11675,aE7sckIAWuw$_$1,aE7sckIAWuw,1,0,0,0,-1.333333373,inner_train
1,11676,aE7sckIAWuw$_$3,aE7sckIAWuw,1,0,0,0,-2.666666746,inner_train
1,11677,aE7sckIAWuw$_$5,aE7sckIAWuw,1,0,0,0,-1,inner_train
1,11678,aE7sckIAWuw$_$4,aE7sckIAWuw,1,0,0,0,-0.6666666865,inner_train
1,11679,aE7sckIAWuw$_$6,aE7sckIAWuw,1,0,0,0,-0.3333333433,inner_train
1,11680,aE7sckIAWuw$_$8,aE7sckIAWuw,1,0,0,0,0.6666666865,inner_train
1,11706,aI1tdJPHz2I$_$1,aI1tdJPHz2I,1,0,0,0,0,inner_train
1,11707,aI1tdJPHz2I$_$0,aI1tdJPHz2I,1,0,0,0,0,inner_train
1,11708,aI1tdJPHz2I$_$3,aI1tdJPHz2I,1,0,0,0,0.3333333433,inner_train
1,11709,aI1tdJPHz2I$_$2,aI1tdJPHz2I,1,0,0,0,-1.333333373,inner_train
1,11710,aIUF3QJJOF4$_$11,aIUF3QJJOF4,1,1,0,1,0.6666666865,inner_train
1,11711,aIUF3QJJOF4$_$12,aIUF3QJJOF4,1,1,0,1,1,inner_train
1,11712,aIUF3QJJOF4$_$0,aIUF3QJJOF4,1,1,0,1,1,inner_train
1,11713,aIUF3QJJOF4$_$3,aIUF3QJJOF4,1,1,0,1,0.3333333433,inner_train
1,11714,aIUF3QJJOF4$_$2,aIUF3QJJOF4,1,1,0,1,0.3333333433,inner_train
1,11715,aIUF3QJJOF4$_$5,aIUF3QJJOF4,1,1,0,1,0,inner_train
1,11716,aIUF3QJJOF4$_$7,aIUF3QJJOF4,1,1,0,1,0,inner_train
1,11717,aIUF3QJJOF4$_$6,aIUF3QJJOF4,1,1,0,1,0.3333333433,inner_train
1,11718,aIUF3QJJOF4$_$9,aIUF3QJJOF4,1,1,0,1,0,inner_train
1,11719,aKPfbyW-Qxw$_$11,aKPfbyW-Qxw,1,1,0,0,1.666666627,outer
1,11720,aKPfbyW-Qxw$_$12,aKPfbyW-Qxw,1,1,0,0,1.666666627,outer
1,11721,aKPfbyW-Qxw$_$1,aKPfbyW-Qxw,1,1,0,0,0.3333333433,outer
1,11722,aKPfbyW-Qxw$_$0,aKPfbyW-Qxw,1,1,0,0,2,outer
1,11723,aKPfbyW-Qxw$_$3,aKPfbyW-Qxw,1,1,0,0,1,outer
1,11724,aKPfbyW-Qxw$_$2,aKPfbyW-Qxw,1,1,0,0,0.3333333433,outer
1,11725,aKPfbyW-Qxw$_$4,aKPfbyW-Qxw,1,1,0,0,0,outer
1,11726,aKPfbyW-Qxw$_$6,aKPfbyW-Qxw,1,1,0,0,0.3333333433,outer
1,11727,aKPfbyW-Qxw$_$8,aKPfbyW-Qxw,1,1,0,0,0,outer
1,11728,aMtFBGh2wKI$_$11,aMtFBGh2wKI,1,0,0,0,0.3333333433,inner_train
1,11729,aMtFBGh2wKI$_$10,aMtFBGh2wKI,1,0,0,0,-1,inner_train
1,11730,aMtFBGh2wKI$_$12,aMtFBGh2wKI,1,0,0,0,1,inner_train
1,11731,aMtFBGh2wKI$_$3,aMtFBGh2wKI,1,0,0,0,1,inner_train
1,11732,aMtFBGh2wKI$_$4,aMtFBGh2wKI,1,0,0,0,0.6666666865,inner_train
1,11733,aMtFBGh2wKI$_$7,aMtFBGh2wKI,1,0,0,0,0,inner_train
1,11734,aNOuoSVlunM$_$1,aNOuoSVlunM,1,0,0,0,-0.3333333433,inner_train
1,11735,aNOuoSVlunM$_$9,aNOuoSVlunM,1,0,0,0,-1.333333373,inner_train
1,11736,aNOuoSVlunM$_$5,aNOuoSVlunM,1,0,0,0,0.6666666865,inner_train
1,11737,aNOuoSVlunM$_$8,aNOuoSVlunM,1,0,0,0,-1,inner_train
1,11738,aNOuoSVlunM$_$0,aNOuoSVlunM,1,0,0,0,0,inner_train
1,11739,aWwjhcYLbRw$_$1,aWwjhcYLbRw,1,0,0,0,1.666666627,inner_train
1,11740,aWwjhcYLbRw$_$3,aWwjhcYLbRw,1,0,0,0,0.6666666865,inner_train
1,11741,aWwjhcYLbRw$_$4,aWwjhcYLbRw,1,0,0,0,0.6666666865,inner_train
1,11748,aZjCq_hv2Pk$_$11,aZjCq_hv2Pk,1,1,1,0,0,inner_valid
1,11749,aZjCq_hv2Pk$_$12,aZjCq_hv2Pk,1,1,1,0,0,inner_valid
1,11750,aZjCq_hv2Pk$_$5,aZjCq_hv2Pk,1,1,1,0,0.3333333433,inner_valid
1,11751,afCsKTHteg4$_$1,afCsKTHteg4,1,0,0,1,0.3333333433,inner_train
1,11752,afCsKTHteg4$_$0,afCsKTHteg4,1,0,0,1,1.666666627,inner_train
1,11753,afCsKTHteg4$_$3,afCsKTHteg4,1,0,0,1,1.666666627,inner_train
1,11754,afCsKTHteg4$_$5,afCsKTHteg4,1,0,0,1,2.333333254,inner_train
1,11762,aiUq5xksJy0$_$1,aiUq5xksJy0,1,0,0,0,0,outer
1,11763,aiUq5xksJy0$_$3,aiUq5xksJy0,1,0,0,0,0.6666666865,outer
1,11764,aiUq5xksJy0$_$2,aiUq5xksJy0,1,0,0,0,1,outer
1,11765,aiUq5xksJy0$_$5,aiUq5xksJy0,1,0,0,0,0,outer
1,11766,aiUq5xksJy0$_$4,aiUq5xksJy0,1,0,0,0,0.6666666865,outer
1,11767,aiUq5xksJy0$_$7,aiUq5xksJy0,1,0,0,0,0,outer
1,11768,aiUq5xksJy0$_$6,aiUq5xksJy0,1,0,0,0,-0.3333333433,outer
1,11769,aiUq5xksJy0$_$8,aiUq5xksJy0,1,0,0,0,0,outer
1,11785,ap465Tlzf88$_$1,ap465Tlzf88,1,0,0,0,0.3333333433,inner_train
1,11786,ap465Tlzf88$_$3,ap465Tlzf88,1,0,0,0,0.6666666865,inner_train
1,11787,aqmRPNfeOy8$_$0,aqmRPNfeOy8,1,1,0,0,0.3333333433,inner_train
1,11788,aqmRPNfeOy8$_$2,aqmRPNfeOy8,1,1,0,0,0.6666666865,inner_train
1,11789,aqmRPNfeOy8$_$5,aqmRPNfeOy8,1,1,0,0,0,inner_train
1,11790,aqmRPNfeOy8$_$6,aqmRPNfeOy8,1,1,0,0,1,inner_train
1,11801,assx_NKo-L8$_$11,assx_NKo-L8,1,1,0,0,0,inner_train
1,11802,assx_NKo-L8$_$10,assx_NKo-L8,1,1,0,0,0.3333333433,inner_train
1,11803,assx_NKo-L8$_$13,assx_NKo-L8,1,1,0,0,0,inner_train
1,11804,assx_NKo-L8$_$12,assx_NKo-L8,1,1,0,0,0,inner_train
1,11805,assx_NKo-L8$_$15,assx_NKo-L8,1,1,0,0,0,inner_train
1,11806,assx_NKo-L8$_$14,assx_NKo-L8,1,1,0,0,0,inner_train
1,11807,assx_NKo-L8$_$17,assx_NKo-L8,1,1,0,0,1,inner_train
1,11808,assx_NKo-L8$_$16,assx_NKo-L8,1,1,0,0,0.3333333433,inner_train
1,11809,assx_NKo-L8$_$19,assx_NKo-L8,1,1,0,0,0.3333333433,inner_train
1,11810,assx_NKo-L8$_$18,assx_NKo-L8,1,1,0,0,0,inner_train
1,11811,assx_NKo-L8$_$1,assx_NKo-L8,1,1,0,0,0.3333333433,inner_train
1,11812,assx_NKo-L8$_$0,assx_NKo-L8,1,1,0,0,0.3333333433,inner_train
1,11813,assx_NKo-L8$_$3,assx_NKo-L8,1,1,0,0,0,inner_train
1,11814,assx_NKo-L8$_$2,assx_NKo-L8,1,1,0,0,0,inner_train
1,11815,assx_NKo-L8$_$5,assx_NKo-L8,1,1,0,0,0.3333333433,inner_train
1,11816,assx_NKo-L8$_$4,assx_NKo-L8,1,1,0,0,-0.3333333433,inner_train
1,11817,assx_NKo-L8$_$7,assx_NKo-L8,1,1,0,0,0.6666666865,inner_train
1,11818,assx_NKo-L8$_$6,assx_NKo-L8,1,1,0,0,0,inner_train
1,11819,assx_NKo-L8$_$9,assx_NKo-L8,1,1,0,0,-1.333333373,inner_train
1,11820,assx_NKo-L8$_$20,assx_NKo-L8,1,1,0,0,-0.3333333433,inner_train
1,11821,assx_NKo-L8$_$8,assx_NKo-L8,1,1,0,0,0,inner_train
1,11822,atxoi7pB5TM$_$10,atxoi7pB5TM,1,1,0,0,0,inner_train
1,11823,atxoi7pB5TM$_$2,atxoi7pB5TM,1,1,0,0,0,inner_train
1,11824,atxoi7pB5TM$_$8,atxoi7pB5TM,1,1,0,0,0,inner_train
1,11843,b7DK08bWU6c$_$2,b7DK08bWU6c,1,1,1,0,0.3333333433,inner_train
1,11844,b8xmgi4VV0M$_$11,b8xmgi4VV0M,1,0,0,0,1,inner_train
1,11845,b8xmgi4VV0M$_$10,b8xmgi4VV0M,1,0,0,0,0.6666666865,inner_train
1,11846,b8xmgi4VV0M$_$1,b8xmgi4VV0M,1,0,0,0,0.6666666865,inner_train
1,11847,b8xmgi4VV0M$_$3,b8xmgi4VV0M,1,0,0,0,0,inner_train
1,11848,b8xmgi4VV0M$_$2,b8xmgi4VV0M,1,0,0,0,0,inner_train
1,11849,b8xmgi4VV0M$_$4,b8xmgi4VV0M,1,0,0,0,1,inner_train
1,11850,b8xmgi4VV0M$_$7,b8xmgi4VV0M,1,0,0,0,1,inner_train
1,11851,b8xmgi4VV0M$_$6,b8xmgi4VV0M,1,0,0,0,-0.3333333433,inner_train
1,11852,b8xmgi4VV0M$_$9,b8xmgi4VV0M,1,0,0,0,1,inner_train
1,11875,bCDfIJ12oqM$_$0,bCDfIJ12oqM,1,1,0,0,1,outer
1,11876,bCDfIJ12oqM$_$3,bCDfIJ12oqM,1,1,0,0,0.3333333433,outer
1,11884,bEXCrGIOoWU$_$11,bEXCrGIOoWU,1,0,1,0,1.333333373,inner_train
1,11885,bEXCrGIOoWU$_$1,bEXCrGIOoWU,1,0,1,0,1,inner_train
1,11886,bEXCrGIOoWU$_$12,bEXCrGIOoWU,1,0,1,0,1.666666627,inner_train
1,11887,bI3DTH2yTbM$_$5,bI3DTH2yTbM,1,1,0,1,-0.3333333433,outer
1,11888,bI3DTH2yTbM$_$6,bI3DTH2yTbM,1,1,0,1,-0.3333333433,outer
1,11889,bJI7-LnKPH4$_$12,bJI7-LnKPH4,1,0,0,0,0.6666666865,inner_train
1,11890,bJI7-LnKPH4$_$0,bJI7-LnKPH4,1,0,0,0,-0.3333333433,inner_train
1,11891,bJI7-LnKPH4$_$3,bJI7-LnKPH4,1,0,0,0,-0.6666666865,inner_train
1,11892,bJI7-LnKPH4$_$2,bJI7-LnKPH4,1,0,0,0,-1.333333373,inner_train
1,11893,bJI7-LnKPH4$_$7,bJI7-LnKPH4,1,0,0,0,1.333333373,inner_train
1,11894,bJI7-LnKPH4$_$6,bJI7-LnKPH4,1,0,0,0,-0.6666666865,inner_train
1,11896,bQcJVJcpgAs$_$1,bQcJVJcpgAs,1,1,0,0,1,inner_train
1,11897,bQcJVJcpgAs$_$0,bQcJVJcpgAs,1,1,0,0,2,inner_train
1,11898,bQcJVJcpgAs$_$3,bQcJVJcpgAs,1,1,0,0,2.333333254,inner_train
1,11899,bQcJVJcpgAs$_$4,bQcJVJcpgAs,1,1,0,0,1.333333373,inner_train
1,11900,bU6CgE_kMRY$_$1,bU6CgE_kMRY,1,0,0,0,-0.3333333433,outer
1,11901,bU6CgE_kMRY$_$3,bU6CgE_kMRY,1,0,0,0,0,outer
1,11902,bU6CgE_kMRY$_$5,bU6CgE_kMRY,1,0,0,0,2,outer
1,11903,bU6CgE_kMRY$_$4,bU6CgE_kMRY,1,0,0,0,0,outer
1,11926,bZ2ytqPtyK4$_$14,bZ2ytqPtyK4,1,0,0,0,2,inner_train
1,11927,b_SffSbPVJM$_$10,b_SffSbPVJM,1,1,0,0,-1.666666627,inner_train
1,11928,b_SffSbPVJM$_$3,b_SffSbPVJM,1,1,0,0,-0.3333333433,inner_train
1,11929,b_SffSbPVJM$_$2,b_SffSbPVJM,1,1,0,0,-1.666666627,inner_train
1,11930,b_SffSbPVJM$_$5,b_SffSbPVJM,1,1,0,0,-0.3333333433,inner_train
1,11931,b_SffSbPVJM$_$9,b_SffSbPVJM,1,1,0,0,0.3333333433,inner_train
1,11932,b_SffSbPVJM$_$8,b_SffSbPVJM,1,1,0,0,-0.3333333433,inner_train
1,11933,babuyKl7EAw$_$11,babuyKl7EAw,1,0,0,0,1.666666627,inner_valid
1,11934,babuyKl7EAw$_$10,babuyKl7EAw,1,0,0,0,0.6666666865,inner_valid
1,11935,babuyKl7EAw$_$1,babuyKl7EAw,1,0,0,0,0.3333333433,inner_valid
1,11936,babuyKl7EAw$_$0,babuyKl7EAw,1,0,0,0,0.6666666865,inner_valid
1,11937,babuyKl7EAw$_$3,babuyKl7EAw,1,0,0,0,0,inner_valid
1,11938,babuyKl7EAw$_$2,babuyKl7EAw,1,0,0,0,0,inner_valid
1,11939,babuyKl7EAw$_$5,babuyKl7EAw,1,0,0,0,0,inner_valid
1,11940,babuyKl7EAw$_$4,babuyKl7EAw,1,0,0,0,1.333333373,inner_valid
1,11941,babuyKl7EAw$_$7,babuyKl7EAw,1,0,0,0,0.6666666865,inner_valid
1,11942,babuyKl7EAw$_$6,babuyKl7EAw,1,0,0,0,0,inner_valid
1,11943,babuyKl7EAw$_$9,babuyKl7EAw,1,0,0,0,0,inner_valid
1,11944,babuyKl7EAw$_$8,babuyKl7EAw,1,0,0,0,0.3333333433,inner_valid
1,11945,badtXoOJaf8$_$0,badtXoOJaf8,1,0,1,0,-1.333333373,inner_train
1,11946,badtXoOJaf8$_$2,badtXoOJaf8,1,0,1,0,1,inner_train
1,11947,badtXoOJaf8$_$5,badtXoOJaf8,1,0,1,0,-2.333333254,inner_train
1,11948,badtXoOJaf8$_$7,badtXoOJaf8,1,0,1,0,0,inner_train
1,11949,badtXoOJaf8$_$6,badtXoOJaf8,1,0,1,0,-1.333333373,inner_train
1,11969,bge5PUG3G4A$_$1,bge5PUG3G4A,1,1,0,0,0.3333333433,inner_train
1,11970,bge5PUG3G4A$_$2,bge5PUG3G4A,1,1,0,0,0,inner_train
1,11971,bge5PUG3G4A$_$5,bge5PUG3G4A,1,1,0,0,2.333333254,inner_train
1,11972,bge5PUG3G4A$_$4,bge5PUG3G4A,1,1,0,0,1.333333373,inner_train
1,11974,bhFK-xy76U4$_$1,bhFK-xy76U4,1,0,0,0,0.6666666865,inner_train
1,11975,bhFK-xy76U4$_$2,bhFK-xy76U4,1,0,0,0,0.3333333433,inner_train
1,11976,bhPB19tr-JY$_$1,bhPB19tr-JY,1,0,0,0,1.666666627,outer
1,11977,bhPB19tr-JY$_$0,bhPB19tr-JY,1,0,0,0,2,outer
1,11978,bhPB19tr-JY$_$2,bhPB19tr-JY,1,0,0,0,0.3333333433,outer
1,11979,bhPB19tr-JY$_$4,bhPB19tr-JY,1,0,0,0,0.6666666865,outer
1,11980,bhPB19tr-JY$_$7,bhPB19tr-JY,1,0,0,0,1,outer
1,11981,bhPB19tr-JY$_$6,bhPB19tr-JY,1,0,0,0,0.6666666865,outer
1,11982,bkP-BNW4oMg$_$1,bkP-BNW4oMg,1,1,0,0,0.6666666865,inner_train
1,11983,bkP-BNW4oMg$_$0,bkP-BNW4oMg,1,1,0,0,1.333333373,inner_train
1,11984,bkP-BNW4oMg$_$3,bkP-BNW4oMg,1,1,0,0,0,inner_train
1,11985,bkP-BNW4oMg$_$5,bkP-BNW4oMg,1,1,0,0,0,inner_train
1,11986,bkP-BNW4oMg$_$4,bkP-BNW4oMg,1,1,0,0,-0.3333333433,inner_train
1,11987,bkP-BNW4oMg$_$6,bkP-BNW4oMg,1,1,0,0,0.6666666865,inner_train
1,12013,c7xUcM68IFE$_$11,c7xUcM68IFE,1,0,0,0,-0.3333333433,outer
1,12014,c7xUcM68IFE$_$13,c7xUcM68IFE,1,0,0,0,1,outer
1,12015,c7xUcM68IFE$_$12,c7xUcM68IFE,1,0,0,0,-1,outer
1,12016,c7xUcM68IFE$_$2,c7xUcM68IFE,1,0,0,0,0.6666666865,outer
1,12017,c7xUcM68IFE$_$5,c7xUcM68IFE,1,0,0,0,0.6666666865,outer
1,12018,c7xUcM68IFE$_$4,c7xUcM68IFE,1,0,0,0,1.333333373,outer
1,12019,c7xUcM68IFE$_$9,c7xUcM68IFE,1,0,0,0,1,outer
1,12020,c7xUcM68IFE$_$8,c7xUcM68IFE,1,0,0,0,0.6666666865,outer
1,12021,c805Td8A_Ek$_$15,c805Td8A_Ek,1,0,0,0,1,inner_train
1,12022,c805Td8A_Ek$_$22,c805Td8A_Ek,1,0,0,0,1.333333373,inner_train
1,12023,c805Td8A_Ek$_$17,c805Td8A_Ek,1,0,0,0,0.3333333433,inner_train
1,12024,c805Td8A_Ek$_$16,c805Td8A_Ek,1,0,0,0,0.6666666865,inner_train
1,12025,c805Td8A_Ek$_$19,c805Td8A_Ek,1,0,0,0,1,inner_train
1,12026,c805Td8A_Ek$_$18,c805Td8A_Ek,1,0,0,0,1.333333373,inner_train
1,12027,c805Td8A_Ek$_$3,c805Td8A_Ek,1,0,0,0,-0.3333333433,inner_train
1,12028,c805Td8A_Ek$_$2,c805Td8A_Ek,1,0,0,0,0.3333333433,inner_train
1,12029,c805Td8A_Ek$_$20,c805Td8A_Ek,1,0,0,0,1,inner_train
1,12037,cAA2mONG98w$_$0,cAA2mONG98w,1,0,1,1,0.6666666865,inner_train
1,12038,cAA2mONG98w$_$2,cAA2mONG98w,1,0,1,1,0.3333333433,inner_train
1,12044,cHBRDdSXLtU$_$0,cHBRDdSXLtU,1,1,0,0,-1.666666627,inner_train
1,12045,cHBRDdSXLtU$_$3,cHBRDdSXLtU,1,1,0,0,-0.3333333433,inner_train
1,12046,cHrOisasWLU$_$1,cHrOisasWLU,1,1,1,0,-0.3333333433,inner_train
1,12047,cHrOisasWLU$_$3,cHrOisasWLU,1,1,1,0,-1,inner_train
1,12048,cHrOisasWLU$_$4,cHrOisasWLU,1,1,1,0,-0.3333333433,inner_train
1,12049,cKUPgzZu-Fk$_$11,cKUPgzZu-Fk,1,1,0,0,0.3333333433,inner_train
1,12050,cKUPgzZu-Fk$_$4,cKUPgzZu-Fk,1,1,0,0,1.333333373,inner_train
1,12051,cKUPgzZu-Fk$_$7,cKUPgzZu-Fk,1,1,0,0,0,inner_train
1,12052,cKldvZeyRDA$_$2,cKldvZeyRDA,1,1,0,0,-1.333333373,inner_valid
1,12055,cM1Zuji24dI$_$3,cM1Zuji24dI,1,1,0,0,0,inner_train
1,12056,cM1Zuji24dI$_$2,cM1Zuji24dI,1,1,0,0,0,inner_train
1,12058,cMsTvqU_-rc$_$0,cMsTvqU_-rc,1,0,0,0,2,outer
1,12059,cMsTvqU_-rc$_$2,cMsTvqU_-rc,1,0,0,0,2,outer
1,12060,cOcNe3L4VAg$_$11,cOcNe3L4VAg,1,1,0,0,1,inner_valid
1,12061,cOcNe3L4VAg$_$10,cOcNe3L4VAg,1,1,0,0,2,inner_valid
1,12062,cOcNe3L4VAg$_$13,cOcNe3L4VAg,1,1,0,0,0,inner_valid
1,12063,cOcNe3L4VAg$_$12,cOcNe3L4VAg,1,1,0,0,1.333333373,inner_valid
1,12064,cOcNe3L4VAg$_$15,cOcNe3L4VAg,1,1,0,0,1.333333373,inner_valid
1,12065,cOcNe3L4VAg$_$14,cOcNe3L4VAg,1,1,0,0,1.666666627,inner_valid
1,12066,cOcNe3L4VAg$_$1,cOcNe3L4VAg,1,1,0,0,1.333333373,inner_valid
1,12067,cOcNe3L4VAg$_$0,cOcNe3L4VAg,1,1,0,0,1.333333373,inner_valid
1,12068,cOcNe3L4VAg$_$3,cOcNe3L4VAg,1,1,0,0,1.333333373,inner_valid
1,12069,cOcNe3L4VAg$_$2,cOcNe3L4VAg,1,1,0,0,1.333333373,inner_valid
1,12070,cOcNe3L4VAg$_$5,cOcNe3L4VAg,1,1,0,0,1,inner_valid
1,12071,cOcNe3L4VAg$_$4,cOcNe3L4VAg,1,1,0,0,0.6666666865,inner_valid
1,12072,cOcNe3L4VAg$_$7,cOcNe3L4VAg,1,1,0,0,0.3333333433,inner_valid
1,12073,cOcNe3L4VAg$_$6,cOcNe3L4VAg,1,1,0,0,1,inner_valid
1,12074,cOcNe3L4VAg$_$9,cOcNe3L4VAg,1,1,0,0,1,inner_valid
1,12075,cOcNe3L4VAg$_$8,cOcNe3L4VAg,1,1,0,0,0.6666666865,inner_valid
1,12076,cRFiXLzcCOA$_$0,cRFiXLzcCOA,1,0,0,0,1.666666627,inner_train
1,12077,cRFiXLzcCOA$_$3,cRFiXLzcCOA,1,0,0,0,2,inner_train
1,12078,cRFiXLzcCOA$_$2,cRFiXLzcCOA,1,0,0,0,0.3333333433,inner_train
1,12079,cRFiXLzcCOA$_$4,cRFiXLzcCOA,1,0,0,0,1.666666627,inner_train
1,12080,cR_KQlNhoNE$_$11,cR_KQlNhoNE,1,1,1,0,0.6666666865,outer
1,12081,cR_KQlNhoNE$_$25,cR_KQlNhoNE,1,1,1,0,1.333333373,outer
1,12082,cR_KQlNhoNE$_$26,cR_KQlNhoNE,1,1,1,0,0.6666666865,outer
1,12083,cR_KQlNhoNE$_$15,cR_KQlNhoNE,1,1,1,0,0.3333333433,outer
1,12084,cR_KQlNhoNE$_$21,cR_KQlNhoNE,1,1,1,0,0.6666666865,outer
1,12085,cR_KQlNhoNE$_$22,cR_KQlNhoNE,1,1,1,0,-0.3333333433,outer
1,12086,cR_KQlNhoNE$_$23,cR_KQlNhoNE,1,1,1,0,-0.6666666865,outer
1,12087,cR_KQlNhoNE$_$3,cR_KQlNhoNE,1,1,1,0,0,outer
1,12088,cR_KQlNhoNE$_$4,cR_KQlNhoNE,1,1,1,0,-0.6666666865,outer
1,12089,cR_KQlNhoNE$_$14,cR_KQlNhoNE,1,1,1,0,0.6666666865,outer
1,12090,cS3BDGNDu_8$_$10,cS3BDGNDu_8,1,1,0,0,-1.333333373,inner_train
1,12091,cS3BDGNDu_8$_$2,cS3BDGNDu_8,1,1,0,0,-0.6666666865,inner_train
1,12092,cSrM5mHACmA$_$1,cSrM5mHACmA,1,0,0,0,1,inner_valid
1,12093,cSrM5mHACmA$_$8,cSrM5mHACmA,1,0,0,0,0,inner_valid
1,12094,cSrM5mHACmA$_$4,cSrM5mHACmA,1,0,0,0,0.6666666865,inner_valid
1,12103,cWN1bibicHc$_$10,cWN1bibicHc,1,1,0,0,0.6666666865,inner_train
1,12104,cWN1bibicHc$_$2,cWN1bibicHc,1,1,0,0,0,inner_train
1,12105,cXu56oK462o$_$14,cXu56oK462o,1,0,0,0,0.3333333433,inner_train
1,12106,cXu56oK462o$_$7,cXu56oK462o,1,0,0,0,0,inner_train
1,12138,c_FJuhSte8Q$_$11,c_FJuhSte8Q,1,0,0,0,0.6666666865,inner_train
1,12139,c_FJuhSte8Q$_$10,c_FJuhSte8Q,1,0,0,0,1.666666627,inner_train
1,12140,c_FJuhSte8Q$_$12,c_FJuhSte8Q,1,0,0,0,2.333333254,inner_train
1,12141,c_FJuhSte8Q$_$1,c_FJuhSte8Q,1,0,0,0,1.666666627,inner_train
1,12142,c_FJuhSte8Q$_$3,c_FJuhSte8Q,1,0,0,0,0.3333333433,inner_train
1,12143,c_FJuhSte8Q$_$2,c_FJuhSte8Q,1,0,0,0,2.333333254,inner_train
1,12144,c_FJuhSte8Q$_$5,c_FJuhSte8Q,1,0,0,0,-0.3333333433,inner_train
1,12145,c_FJuhSte8Q$_$7,c_FJuhSte8Q,1,0,0,0,1.333333373,inner_train
1,12146,c_FJuhSte8Q$_$6,c_FJuhSte8Q,1,0,0,0,-0.3333333433,inner_train
1,12147,c_FJuhSte8Q$_$9,c_FJuhSte8Q,1,0,0,0,1.333333373,inner_train
1,12148,c_FJuhSte8Q$_$8,c_FJuhSte8Q,1,0,0,0,2,inner_train
1,12178,cmJW6mkspkI$_$1,cmJW6mkspkI,1,1,0,0,1.333333373,inner_train
1,12179,cmJW6mkspkI$_$0,cmJW6mkspkI,1,1,0,0,2.333333254,inner_train
1,12180,cnllFPRyBFs$_$0,cnllFPRyBFs,1,1,0,0,0,inner_train
1,12181,cnllFPRyBFs$_$5,cnllFPRyBFs,1,1,0,0,0,inner_train
1,12182,cnllFPRyBFs$_$4,cnllFPRyBFs,1,1,0,0,0,inner_train
1,12183,ctMCSUT2LlQ$_$1,ctMCSUT2LlQ,1,1,0,0,-0.6666666865,outer
1,12184,ctMCSUT2LlQ$_$0,ctMCSUT2LlQ,1,1,0,0,-0.6666666865,outer
1,12185,ctMCSUT2LlQ$_$2,ctMCSUT2LlQ,1,1,0,0,-0.6666666865,outer
1,12186,ctMCSUT2LlQ$_$5,ctMCSUT2LlQ,1,1,0,0,-0.6666666865,outer
1,12187,ctMCSUT2LlQ$_$4,ctMCSUT2LlQ,1,1,0,0,0,outer
1,12188,ctMCSUT2LlQ$_$7,ctMCSUT2LlQ,1,1,0,0,0,outer
1,12189,ctMCSUT2LlQ$_$6,ctMCSUT2LlQ,1,1,0,0,0.6666666865,outer
1,12190,ctMCSUT2LlQ$_$8,ctMCSUT2LlQ,1,1,0,0,-0.6666666865,outer
1,12191,cyOSDKOxb1o$_$4,cyOSDKOxb1o,1,0,0,0,0.6666666865,inner_train
1,12192,cyOSDKOxb1o$_$7,cyOSDKOxb1o,1,0,0,0,1.666666627,inner_train
1,12193,cyOSDKOxb1o$_$6,cyOSDKOxb1o,1,0,0,0,0,inner_train
1,12194,cyu1HhakSaQ$_$1,cyu1HhakSaQ,1,1,0,0,1.666666627,outer
1,12217,d38u9n5GOLM$_$11,d38u9n5GOLM,1,1,0,1,2,inner_train
1,12218,d38u9n5GOLM$_$10,d38u9n5GOLM,1,1,0,1,1,inner_train
1,12219,d38u9n5GOLM$_$26,d38u9n5GOLM,1,1,0,1,1.666666627,inner_train
1,12220,d38u9n5GOLM$_$27,d38u9n5GOLM,1,1,0,1,0.3333333433,inner_train
1,12221,d38u9n5GOLM$_$15,d38u9n5GOLM,1,1,0,1,2.666666746,inner_train
1,12222,d38u9n5GOLM$_$14,d38u9n5GOLM,1,1,0,1,2,inner_train
1,12223,d38u9n5GOLM$_$22,d38u9n5GOLM,1,1,0,1,1,inner_train
1,12224,d38u9n5GOLM$_$18,d38u9n5GOLM,1,1,0,1,1.666666627,inner_train
1,12225,d38u9n5GOLM$_$30,d38u9n5GOLM,1,1,0,1,2.333333254,inner_train
1,12226,d38u9n5GOLM$_$28,d38u9n5GOLM,1,1,0,1,1.333333373,inner_train
1,12227,d38u9n5GOLM$_$29,d38u9n5GOLM,1,1,0,1,1.333333373,inner_train
1,12228,d38u9n5GOLM$_$1,d38u9n5GOLM,1,1,0,1,2.666666746,inner_train
1,12229,d38u9n5GOLM$_$3,d38u9n5GOLM,1,1,0,1,2.333333254,inner_train
1,12230,d38u9n5GOLM$_$4,d38u9n5GOLM,1,1,0,1,2.666666746,inner_train
1,12231,d38u9n5GOLM$_$6,d38u9n5GOLM,1,1,0,1,2.333333254,inner_train
1,12232,d3EeIRaMbbk$_$11,d3EeIRaMbbk,1,1,0,0,0,outer
1,12233,d3EeIRaMbbk$_$4,d3EeIRaMbbk,1,1,0,0,0,outer
1,12254,d99mfGIenCo$_$11,d99mfGIenCo,1,0,0,0,1,inner_valid
1,12255,d99mfGIenCo$_$10,d99mfGIenCo,1,0,0,0,-0.6666666865,inner_valid
1,12256,d99mfGIenCo$_$13,d99mfGIenCo,1,0,0,0,0,inner_valid
1,12257,d99mfGIenCo$_$12,d99mfGIenCo,1,0,0,0,1,inner_valid
1,12258,d99mfGIenCo$_$15,d99mfGIenCo,1,0,0,0,0.6666666865,inner_valid
1,12259,d99mfGIenCo$_$14,d99mfGIenCo,1,0,0,0,0.3333333433,inner_valid
1,12260,d99mfGIenCo$_$17,d99mfGIenCo,1,0,0,0,1,inner_valid
1,12261,d99mfGIenCo$_$16,d99mfGIenCo,1,0,0,0,1,inner_valid
1,12262,d99mfGIenCo$_$1,d99mfGIenCo,1,0,0,0,0.6666666865,inner_valid
1,12263,d99mfGIenCo$_$0,d99mfGIenCo,1,0,0,0,1,inner_valid
1,12264,d99mfGIenCo$_$3,d99mfGIenCo,1,0,0,0,1,inner_valid
1,12265,d99mfGIenCo$_$2,d99mfGIenCo,1,0,0,0,2,inner_valid
1,12266,d99mfGIenCo$_$5,d99mfGIenCo,1,0,0,0,1.333333373,inner_valid
1,12267,d99mfGIenCo$_$4,d99mfGIenCo,1,0,0,0,1,inner_valid
1,12268,d99mfGIenCo$_$6,d99mfGIenCo,1,0,0,0,1,inner_valid
1,12269,d99mfGIenCo$_$8,d99mfGIenCo,1,0,0,0,0,inner_valid
1,12270,dCDAcBR505Q$_$14,dCDAcBR505Q,1,0,0,0,0,outer
1,12271,dCDAcBR505Q$_$22,dCDAcBR505Q,1,0,0,0,-0.3333333433,outer
1,12272,dCDAcBR505Q$_$16,dCDAcBR505Q,1,0,0,0,0,outer
1,12280,dH0FmwvOzs0$_$3,dH0FmwvOzs0,1,1,0,0,0,inner_train
1,12281,dH0FmwvOzs0$_$2,dH0FmwvOzs0,1,1,0,0,0.3333333433,inner_train
1,12282,dJ5MXl66-UQ$_$1,dJ5MXl66-UQ,1,0,0,0,0.6666666865,inner_train
1,12283,dJ5MXl66-UQ$_$0,dJ5MXl66-UQ,1,0,0,0,0.6666666865,inner_train
1,12284,dJ5MXl66-UQ$_$3,dJ5MXl66-UQ,1,0,0,0,0,inner_train
1,12285,dJ5MXl66-UQ$_$6,dJ5MXl66-UQ,1,0,0,0,1.333333373,inner_train
1,12289,dOSyvhYsfFo$_$2,dOSyvhYsfFo,1,1,0,0,1,inner_valid
1,12294,dSax_7klbfE$_$17,dSax_7klbfE,1,1,1,0,0.3333333433,inner_train
1,12295,dSax_7klbfE$_$16,dSax_7klbfE,1,1,1,0,0,inner_train
1,12296,dSax_7klbfE$_$18,dSax_7klbfE,1,1,1,0,0.3333333433,inner_train
1,12297,dSax_7klbfE$_$1,dSax_7klbfE,1,1,1,0,-0.3333333433,inner_train
1,12298,dSax_7klbfE$_$0,dSax_7klbfE,1,1,1,0,0.6666666865,inner_train
1,12299,dSax_7klbfE$_$5,dSax_7klbfE,1,1,1,0,0,inner_train
1,12300,dSax_7klbfE$_$4,dSax_7klbfE,1,1,1,0,0.3333333433,inner_train
1,12314,dYyg91d7zjY$_$1,dYyg91d7zjY,1,1,0,1,-1.666666627,inner_valid
1,12315,dYyg91d7zjY$_$2,dYyg91d7zjY,1,1,0,1,-0.3333333433,inner_valid
1,12316,dZK01jhM27k$_$0,dZK01jhM27k,1,0,0,0,0.6666666865,inner_train
1,12317,dZK01jhM27k$_$3,dZK01jhM27k,1,0,0,0,0.6666666865,inner_train
1,12318,dZK01jhM27k$_$5,dZK01jhM27k,1,0,0,0,-0.6666666865,inner_train
1,12320,damyXH7mBic$_$11,damyXH7mBic,1,1,0,0,0.6666666865,inner_train
1,12321,damyXH7mBic$_$4,damyXH7mBic,1,1,0,0,0,inner_train
1,12323,dbpGH5iP0GE$_$2,dbpGH5iP0GE,1,0,0,0,0.3333333433,outer
1,12324,dbpGH5iP0GE$_$3,dbpGH5iP0GE,1,0,0,0,0,outer
1,12325,dbpGH5iP0GE$_$4,dbpGH5iP0GE,1,0,0,0,0,outer
1,12326,dcUlt6zk_S0$_$2,dcUlt6zk_S0,1,0,0,0,0.6666666865,outer
1,12327,dcUlt6zk_S0$_$5,dcUlt6zk_S0,1,0,0,0,0.3333333433,outer
1,12328,dcUlt6zk_S0$_$6,dcUlt6zk_S0,1,0,0,0,1.333333373,outer
1,12329,ddix4XuaUlY$_$4,ddix4XuaUlY,1,0,1,0,0.6666666865,inner_train
1,12330,dqragS38hCk$_$10,dqragS38hCk,1,0,0,1,0,outer
1,12331,dqragS38hCk$_$1,dqragS38hCk,1,0,0,1,-1.666666627,outer
1,12332,dqragS38hCk$_$3,dqragS38hCk,1,0,0,1,0,outer
1,12333,dqragS38hCk$_$2,dqragS38hCk,1,0,0,1,-0.6666666865,outer
1,12334,dqragS38hCk$_$5,dqragS38hCk,1,0,0,1,0.3333333433,outer
1,12335,dqragS38hCk$_$7,dqragS38hCk,1,0,0,1,1,outer
1,12336,dqragS38hCk$_$6,dqragS38hCk,1,0,0,1,1,outer
1,12337,dqragS38hCk$_$9,dqragS38hCk,1,0,0,1,0,outer
1,12338,dqragS38hCk$_$8,dqragS38hCk,1,0,0,1,-0.3333333433,outer
1,12339,dsob2MgUPpA$_$11,dsob2MgUPpA,1,1,0,0,2.333333254,outer
1,12340,dsob2MgUPpA$_$13,dsob2MgUPpA,1,1,0,0,2.666666746,outer
1,12341,dsob2MgUPpA$_$12,dsob2MgUPpA,1,1,0,0,1,outer
1,12342,dsob2MgUPpA$_$15,dsob2MgUPpA,1,1,0,0,0.6666666865,outer
1,12343,dsob2MgUPpA$_$14,dsob2MgUPpA,1,1,0,0,3,outer
1,12344,dsob2MgUPpA$_$16,dsob2MgUPpA,1,1,0,0,1.666666627,outer
1,12345,dsob2MgUPpA$_$19,dsob2MgUPpA,1,1,0,0,1,outer
1,12346,dsob2MgUPpA$_$18,dsob2MgUPpA,1,1,0,0,2.333333254,outer
1,12347,dsob2MgUPpA$_$1,dsob2MgUPpA,1,1,0,0,2.666666746,outer
1,12348,dsob2MgUPpA$_$0,dsob2MgUPpA,1,1,0,0,1.333333373,outer
1,12349,dsob2MgUPpA$_$3,dsob2MgUPpA,1,1,0,0,2.333333254,outer
1,12350,dsob2MgUPpA$_$2,dsob2MgUPpA,1,1,0,0,2.333333254,outer
1,12351,dsob2MgUPpA$_$5,dsob2MgUPpA,1,1,0,0,2,outer
1,12352,dsob2MgUPpA$_$7,dsob2MgUPpA,1,1,0,0,2.666666746,outer
1,12353,dsob2MgUPpA$_$6,dsob2MgUPpA,1,1,0,0,1.333333373,outer
1,12354,dsob2MgUPpA$_$9,dsob2MgUPpA,1,1,0,0,2.666666746,outer
1,12369,e0ltF8zpEcw$_$1,e0ltF8zpEcw,1,0,1,0,-1.333333373,inner_train
1,12370,e0ltF8zpEcw$_$0,e0ltF8zpEcw,1,0,1,0,-0.6666666865,inner_train
1,12371,e0ltF8zpEcw$_$3,e0ltF8zpEcw,1,0,1,0,0.6666666865,inner_train
1,12372,e0ltF8zpEcw$_$2,e0ltF8zpEcw,1,0,1,0,0,inner_train
1,12373,e0ltF8zpEcw$_$5,e0ltF8zpEcw,1,0,1,0,0.3333333433,inner_train
1,12374,e0ltF8zpEcw$_$4,e0ltF8zpEcw,1,0,1,0,0.3333333433,inner_train
1,12375,e0ltF8zpEcw$_$6,e0ltF8zpEcw,1,0,1,0,0,inner_train
1,12376,e0ltF8zpEcw$_$9,e0ltF8zpEcw,1,0,1,0,0.6666666865,inner_train
1,12377,e0ltF8zpEcw$_$8,e0ltF8zpEcw,1,0,1,0,0,inner_train
1,12385,e7_2U4lm6TE$_$24,e7_2U4lm6TE,1,1,0,0,-1.666666627,inner_train
1,12386,e7_2U4lm6TE$_$10,e7_2U4lm6TE,1,1,0,0,2,inner_train
1,12387,e7_2U4lm6TE$_$38,e7_2U4lm6TE,1,1,0,0,0,inner_train
1,12388,e7_2U4lm6TE$_$22,e7_2U4lm6TE,1,1,0,0,-2,inner_train
1,12389,e7_2U4lm6TE$_$17,e7_2U4lm6TE,1,1,0,0,-1,inner_train
1,12390,e7_2U4lm6TE$_$33,e7_2U4lm6TE,1,1,0,0,0,inner_train
1,12391,e7_2U4lm6TE$_$28,e7_2U4lm6TE,1,1,0,0,-1.333333373,inner_train
1,12392,e7_2U4lm6TE$_$29,e7_2U4lm6TE,1,1,0,0,0,inner_train
1,12393,e7_2U4lm6TE$_$34,e7_2U4lm6TE,1,1,0,0,-0.3333333433,inner_train
1,12394,e7_2U4lm6TE$_$0,e7_2U4lm6TE,1,1,0,0,2,inner_train
1,12395,e7_2U4lm6TE$_$3,e7_2U4lm6TE,1,1,0,0,0.3333333433,inner_train
1,12396,e7_2U4lm6TE$_$2,e7_2U4lm6TE,1,1,0,0,0.6666666865,inner_train
1,12397,e7_2U4lm6TE$_$5,e7_2U4lm6TE,1,1,0,0,0.6666666865,inner_train
1,12398,e7_2U4lm6TE$_$4,e7_2U4lm6TE,1,1,0,0,1.666666627,inner_train
1,12399,e7_2U4lm6TE$_$7,e7_2U4lm6TE,1,1,0,0,1.333333373,inner_train
1,12400,e7_2U4lm6TE$_$11,e7_2U4lm6TE,1,1,0,0,1,inner_train
1,12401,e7_2U4lm6TE$_$12,e7_2U4lm6TE,1,1,0,0,0.3333333433,inner_train
1,12402,e7_2U4lm6TE$_$14,e7_2U4lm6TE,1,1,0,0,1.333333373,inner_train
1,12403,eJwZfdtlks8$_$3,eJwZfdtlks8,1,0,0,0,0.3333333433,inner_train
1,12404,eJwZfdtlks8$_$15,eJwZfdtlks8,1,0,0,0,0.6666666865,inner_train
1,12406,eOU_40p9RpA$_$0,eOU_40p9RpA,1,1,0,0,1.333333373,inner_train
1,12407,eOU_40p9RpA$_$5,eOU_40p9RpA,1,1,0,0,1.666666627,inner_train
1,12408,eOU_40p9RpA$_$4,eOU_40p9RpA,1,1,0,0,0.6666666865,inner_train
1,12409,ePiz4zU6crI$_$0,ePiz4zU6crI,1,0,1,1,2,inner_train
1,12410,ePiz4zU6crI$_$3,ePiz4zU6crI,1,0,1,1,2,inner_train
1,12418,eSHOcLD5T58$_$10,eSHOcLD5T58,1,0,0,0,0,inner_valid
1,12419,eSHOcLD5T58$_$13,eSHOcLD5T58,1,0,0,0,-0.6666666865,inner_valid
1,12420,eSHOcLD5T58$_$17,eSHOcLD5T58,1,0,0,0,0.6666666865,inner_valid
1,12421,eSHOcLD5T58$_$16,eSHOcLD5T58,1,0,0,0,1.333333373,inner_valid
1,12422,eSHOcLD5T58$_$3,eSHOcLD5T58,1,0,0,0,0,inner_valid
1,12423,eSHOcLD5T58$_$7,eSHOcLD5T58,1,0,0,0,-0.3333333433,inner_valid
1,12424,eSHOcLD5T58$_$6,eSHOcLD5T58,1,0,0,0,0,inner_valid
1,12425,eSHOcLD5T58$_$9,eSHOcLD5T58,1,0,0,0,1.666666627,inner_valid
1,12444,eW1vgHE6FRM$_$11,eW1vgHE6FRM,1,1,0,0,0,inner_valid
1,12445,eW1vgHE6FRM$_$14,eW1vgHE6FRM,1,1,0,0,1.666666627,inner_valid
1,12446,eW1vgHE6FRM$_$17,eW1vgHE6FRM,1,1,0,0,0.6666666865,inner_valid
1,12447,eW1vgHE6FRM$_$16,eW1vgHE6FRM,1,1,0,0,0,inner_valid
1,12448,eW1vgHE6FRM$_$1,eW1vgHE6FRM,1,1,0,0,0.3333333433,inner_valid
1,12449,eW1vgHE6FRM$_$0,eW1vgHE6FRM,1,1,0,0,0,inner_valid
1,12450,eW1vgHE6FRM$_$3,eW1vgHE6FRM,1,1,0,0,0.3333333433,inner_valid
1,12451,eW1vgHE6FRM$_$4,eW1vgHE6FRM,1,1,0,0,0.6666666865,inner_valid
1,12465,eeN7l4R3nPc$_$10,eeN7l4R3nPc,1,1,0,0,0.3333333433,inner_train
1,12466,eeN7l4R3nPc$_$5,eeN7l4R3nPc,1,1,0,0,0.6666666865,inner_train
1,12467,eeN7l4R3nPc$_$4,eeN7l4R3nPc,1,1,0,0,1,inner_train
1,12468,eeN7l4R3nPc$_$7,eeN7l4R3nPc,1,1,0,0,0.3333333433,inner_train
1,12481,ejDe6hQWZOk$_$1,ejDe6hQWZOk,1,1,0,0,0,inner_train
1,12482,ejDe6hQWZOk$_$4,ejDe6hQWZOk,1,1,0,0,0,inner_train
1,12483,ejDe6hQWZOk$_$7,ejDe6hQWZOk,1,1,0,0,1,inner_train
1,12487,eo8L7lCTjDQ$_$0,eo8L7lCTjDQ,1,1,0,0,1.333333373,inner_valid
1,12488,eo8L7lCTjDQ$_$2,eo8L7lCTjDQ,1,1,0,0,0.3333333433,inner_valid
1,12489,eo8L7lCTjDQ$_$4,eo8L7lCTjDQ,1,1,0,0,1.333333373,inner_valid
1,12490,ep3IasggD3k$_$10,ep3IasggD3k,1,0,0,0,0.3333333433,inner_train
1,12491,ep3IasggD3k$_$3,ep3IasggD3k,1,0,0,0,1,inner_train
1,12492,ep3IasggD3k$_$2,ep3IasggD3k,1,0,0,0,0.3333333433,inner_train
1,12493,ep3IasggD3k$_$5,ep3IasggD3k,1,0,0,0,1.666666627,inner_train
1,12494,ep3IasggD3k$_$6,ep3IasggD3k,1,0,0,0,-0.3333333433,inner_train
1,12495,ep3IasggD3k$_$9,ep3IasggD3k,1,0,0,0,0.6666666865,inner_train
1,12496,ep3IasggD3k$_$8,ep3IasggD3k,1,0,0,0,0,inner_train
1,12498,esR-tOjT6KM$_$1,esR-tOjT6KM,1,0,1,0,1.666666627,outer
1,12499,esR-tOjT6KM$_$0,esR-tOjT6KM,1,0,1,0,0.6666666865,outer
1,12500,esR-tOjT6KM$_$3,esR-tOjT6KM,1,0,1,0,2,outer
1,12501,esR-tOjT6KM$_$2,esR-tOjT6KM,1,0,1,0,0.6666666865,outer
1,12502,esR-tOjT6KM$_$5,esR-tOjT6KM,1,0,1,0,0,outer
1,12503,esR-tOjT6KM$_$4,esR-tOjT6KM,1,0,1,0,1.666666627,outer
1,12504,esR-tOjT6KM$_$6,esR-tOjT6KM,1,0,1,0,2,outer
1,12505,esnOE1LefKA$_$1,esnOE1LefKA,1,1,0,0,0.3333333433,inner_train
1,12506,esnOE1LefKA$_$2,esnOE1LefKA,1,1,0,0,2,inner_train
1,12517,f47bnEUrOvA$_$4,f47bnEUrOvA,1,1,0,0,1,inner_train
1,12524,f5k5cF80aUE$_$2,f5k5cF80aUE,1,1,0,0,1.666666627,inner_train
1,12525,f5k5cF80aUE$_$5,f5k5cF80aUE,1,1,0,0,0.3333333433,inner_train
1,12526,f5k5cF80aUE$_$4,f5k5cF80aUE,1,1,0,0,0.3333333433,inner_train
1,12527,f5k5cF80aUE$_$6,f5k5cF80aUE,1,1,0,0,1,inner_train
1,12539,fB816aeHRFk$_$0,fB816aeHRFk,1,1,0,0,0,inner_train
1,12540,fDYZINwIs_A$_$13,fDYZINwIs_A,1,1,0,0,1,inner_train
1,12541,fEm9AdLNrjk$_$1,fEm9AdLNrjk,1,1,0,0,0.6666666865,inner_train
1,12542,fEm9AdLNrjk$_$4,fEm9AdLNrjk,1,1,0,0,0.6666666865,inner_train
1,12543,fEm9AdLNrjk$_$7,fEm9AdLNrjk,1,1,0,0,1.333333373,inner_train
1,12551,fOxg1NstCHA$_$4,fOxg1NstCHA,1,0,1,0,0,inner_train
1,12559,fTNOAssiTYk$_$1,fTNOAssiTYk,1,1,0,1,0,inner_train
1,12560,fTNOAssiTYk$_$0,fTNOAssiTYk,1,1,0,1,0.3333333433,inner_train
1,12561,fTNOAssiTYk$_$3,fTNOAssiTYk,1,1,0,1,1,inner_train
1,12562,fTNOAssiTYk$_$4,fTNOAssiTYk,1,1,0,1,0.3333333433,inner_train
1,12563,fTNOAssiTYk$_$7,fTNOAssiTYk,1,1,0,1,-0.3333333433,inner_train
1,12564,fTNOAssiTYk$_$6,fTNOAssiTYk,1,1,0,1,0.3333333433,inner_train
1,12565,fW1pK2L6RgM$_$3,fW1pK2L6RgM,1,1,0,0,0.3333333433,inner_train
1,12566,fW1pK2L6RgM$_$2,fW1pK2L6RgM,1,1,0,0,0.3333333433,inner_train
1,12567,fW1pK2L6RgM$_$5,fW1pK2L6RgM,1,1,0,0,0.3333333433,inner_train
1,12568,fW1pK2L6RgM$_$4,fW1pK2L6RgM,1,1,0,0,0,inner_train
1,12569,fW1pK2L6RgM$_$7,fW1pK2L6RgM,1,1,0,0,0.6666666865,inner_train
1,12570,fW1pK2L6RgM$_$6,fW1pK2L6RgM,1,1,0,0,0,inner_train
1,12571,fW1pK2L6RgM$_$9,fW1pK2L6RgM,1,1,0,0,0.6666666865,inner_train
1,12572,fW1pK2L6RgM$_$8,fW1pK2L6RgM,1,1,0,0,0.6666666865,inner_train
1,12573,faMq0C_wTpU$_$5,faMq0C_wTpU,1,1,0,0,0,inner_train
1,12602,fbSxct2JcKU$_$8,fbSxct2JcKU,1,1,0,0,0,inner_train
1,12603,fbSxct2JcKU$_$3,fbSxct2JcKU,1,1,0,0,0.6666666865,inner_train
1,12604,fbSxct2JcKU$_$2,fbSxct2JcKU,1,1,0,0,0.3333333433,inner_train
1,12605,fbSxct2JcKU$_$5,fbSxct2JcKU,1,1,0,0,0.6666666865,inner_train
1,12606,fbSxct2JcKU$_$6,fbSxct2JcKU,1,1,0,0,1,inner_train
1,12611,fhY2vbnjuWY$_$0,fhY2vbnjuWY,1,0,1,0,0,inner_train
1,12612,fhY2vbnjuWY$_$2,fhY2vbnjuWY,1,0,1,0,0.3333333433,inner_train
1,12613,fhY2vbnjuWY$_$7,fhY2vbnjuWY,1,0,1,0,1,inner_train
1,12614,fhY2vbnjuWY$_$6,fhY2vbnjuWY,1,0,1,0,0,inner_train
1,12632,flGZteJUNYU$_$12,flGZteJUNYU,1,0,0,1,0.6666666865,inner_train
1,12661,g8NBNtY3cpU$_$1,g8NBNtY3cpU,1,0,0,0,0,inner_train
1,12662,g99kISQbyuI$_$11,g99kISQbyuI,1,1,0,0,0.3333333433,inner_valid
1,12663,g99kISQbyuI$_$0,g99kISQbyuI,1,1,0,0,-0.3333333433,inner_valid
1,12664,g99kISQbyuI$_$3,g99kISQbyuI,1,1,0,0,0.6666666865,inner_valid
1,12665,g99kISQbyuI$_$2,g99kISQbyuI,1,1,0,0,-1.333333373,inner_valid
1,12666,g99kISQbyuI$_$5,g99kISQbyuI,1,1,0,0,-0.6666666865,inner_valid
1,12667,g99kISQbyuI$_$4,g99kISQbyuI,1,1,0,0,1.333333373,inner_valid
1,12668,g99kISQbyuI$_$7,g99kISQbyuI,1,1,0,0,-0.6666666865,inner_valid
1,12669,g99kISQbyuI$_$6,g99kISQbyuI,1,1,0,0,0.3333333433,inner_valid
1,12670,g99kISQbyuI$_$9,g99kISQbyuI,1,1,0,0,2,inner_valid
1,12677,gAMbkJk6gnE$_$0,gAMbkJk6gnE,1,1,0,0,1.666666627,outer
1,12678,gAMbkJk6gnE$_$3,gAMbkJk6gnE,1,1,0,0,0.3333333433,outer
1,12679,gAMbkJk6gnE$_$2,gAMbkJk6gnE,1,1,0,0,0.3333333433,outer
1,12680,gAMbkJk6gnE$_$5,gAMbkJk6gnE,1,1,0,0,1.333333373,outer
1,12681,gAMbkJk6gnE$_$4,gAMbkJk6gnE,1,1,0,0,1.333333373,outer
1,12682,gC_wF3uKFW0$_$1,gC_wF3uKFW0,1,0,0,0,2.333333254,inner_train
1,12683,gC_wF3uKFW0$_$0,gC_wF3uKFW0,1,0,0,0,1.333333373,inner_train
1,12684,gC_wF3uKFW0$_$3,gC_wF3uKFW0,1,0,0,0,1.666666627,inner_train
1,12685,gC_wF3uKFW0$_$2,gC_wF3uKFW0,1,0,0,0,-0.3333333433,inner_train
1,12686,gC_wF3uKFW0$_$5,gC_wF3uKFW0,1,0,0,0,2,inner_train
1,12687,gC_wF3uKFW0$_$4,gC_wF3uKFW0,1,0,0,0,2,inner_train
1,12744,gRAmIaSlm80$_$0,gRAmIaSlm80,1,0,0,0,0.6666666865,inner_valid
1,12745,gU7McujYYPY$_$1,gU7McujYYPY,1,0,0,0,2,inner_train
1,12746,gU7McujYYPY$_$0,gU7McujYYPY,1,0,0,0,-1,inner_train
1,12747,gU7McujYYPY$_$3,gU7McujYYPY,1,0,0,0,0.3333333433,inner_train
1,12748,gU7McujYYPY$_$2,gU7McujYYPY,1,0,0,0,0.6666666865,inner_train
1,12749,gU7McujYYPY$_$5,gU7McujYYPY,1,0,0,0,1.333333373,inner_train
1,12750,gU7McujYYPY$_$7,gU7McujYYPY,1,0,0,0,1,inner_train
1,12751,gU7McujYYPY$_$8,gU7McujYYPY,1,0,0,0,0.3333333433,inner_train
1,12752,gXDRWhJbfFU$_$10,gXDRWhJbfFU,1,1,0,0,1,outer
1,12753,gXDRWhJbfFU$_$1,gXDRWhJbfFU,1,1,0,0,1.5,outer
1,12754,gXDRWhJbfFU$_$0,gXDRWhJbfFU,1,1,0,0,2.333333254,outer
1,12755,gXDRWhJbfFU$_$3,gXDRWhJbfFU,1,1,0,0,0.5,outer
1,12756,gXDRWhJbfFU$_$2,gXDRWhJbfFU,1,1,0,0,1,outer
1,12757,gXDRWhJbfFU$_$5,gXDRWhJbfFU,1,1,0,0,1.333333373,outer
1,12758,gXDRWhJbfFU$_$4,gXDRWhJbfFU,1,1,0,0,0.6666666865,outer
1,12759,gXDRWhJbfFU$_$7,gXDRWhJbfFU,1,1,0,0,1,outer
1,12760,gXDRWhJbfFU$_$6,gXDRWhJbfFU,1,1,0,0,1,outer
1,12761,gXDRWhJbfFU$_$9,gXDRWhJbfFU,1,1,0,0,0.1666666716,outer
1,12762,gXDRWhJbfFU$_$8,gXDRWhJbfFU,1,1,0,0,1.166666627,outer
1,12763,gXuiIWRxrw4$_$11,gXuiIWRxrw4,1,1,0,0,1.333333373,inner_train
1,12764,gXuiIWRxrw4$_$10,gXuiIWRxrw4,1,1,0,0,1,inner_train
1,12765,gXuiIWRxrw4$_$13,gXuiIWRxrw4,1,1,0,0,1,inner_train
1,12766,gXuiIWRxrw4$_$12,gXuiIWRxrw4,1,1,0,0,0.3333333433,inner_train
1,12767,gXuiIWRxrw4$_$15,gXuiIWRxrw4,1,1,0,0,0.6666666865,inner_train
1,12768,gXuiIWRxrw4$_$14,gXuiIWRxrw4,1,1,0,0,1,inner_train
1,12769,gXuiIWRxrw4$_$17,gXuiIWRxrw4,1,1,0,0,0.3333333433,inner_train
1,12770,gXuiIWRxrw4$_$16,gXuiIWRxrw4,1,1,0,0,0.3333333433,inner_train
1,12771,gXuiIWRxrw4$_$19,gXuiIWRxrw4,1,1,0,0,1,inner_train
1,12772,gXuiIWRxrw4$_$18,gXuiIWRxrw4,1,1,0,0,1.333333373,inner_train
1,12773,gXuiIWRxrw4$_$1,gXuiIWRxrw4,1,1,0,0,1.333333373,inner_train
1,12774,gXuiIWRxrw4$_$0,gXuiIWRxrw4,1,1,0,0,0.6666666865,inner_train
1,12775,gXuiIWRxrw4$_$3,gXuiIWRxrw4,1,1,0,0,1.333333373,inner_train
1,12776,gXuiIWRxrw4$_$2,gXuiIWRxrw4,1,1,0,0,0,inner_train
1,12777,gXuiIWRxrw4$_$5,gXuiIWRxrw4,1,1,0,0,0.6666666865,inner_train
1,12778,gXuiIWRxrw4$_$4,gXuiIWRxrw4,1,1,0,0,0.3333333433,inner_train
1,12779,gXuiIWRxrw4$_$7,gXuiIWRxrw4,1,1,0,0,1.333333373,inner_train
1,12780,gXuiIWRxrw4$_$6,gXuiIWRxrw4,1,1,0,0,0.3333333433,inner_train
1,12781,gXuiIWRxrw4$_$9,gXuiIWRxrw4,1,1,0,0,0.6666666865,inner_train
1,12782,gXuiIWRxrw4$_$8,gXuiIWRxrw4,1,1,0,0,0,inner_train
1,12798,gZF-YNQHqwI$_$11,gZF-YNQHqwI,1,0,1,0,0.3333333433,inner_train
1,12799,gZF-YNQHqwI$_$10,gZF-YNQHqwI,1,0,1,0,1.333333373,inner_train
1,12800,gZF-YNQHqwI$_$13,gZF-YNQHqwI,1,0,1,0,0,inner_train
1,12801,gZF-YNQHqwI$_$12,gZF-YNQHqwI,1,0,1,0,0.3333333433,inner_train
1,12802,gZF-YNQHqwI$_$1,gZF-YNQHqwI,1,0,1,0,0.6666666865,inner_train
1,12803,gZF-YNQHqwI$_$0,gZF-YNQHqwI,1,0,1,0,0,inner_train
1,12804,gZF-YNQHqwI$_$4,gZF-YNQHqwI,1,0,1,0,0,inner_train
1,12805,gZF-YNQHqwI$_$7,gZF-YNQHqwI,1,0,1,0,0.3333333433,inner_train
1,12806,gZF-YNQHqwI$_$6,gZF-YNQHqwI,1,0,1,0,0.3333333433,inner_train
1,12807,gZF-YNQHqwI$_$9,gZF-YNQHqwI,1,0,1,0,2.666666746,inner_train
1,12808,gZF-YNQHqwI$_$8,gZF-YNQHqwI,1,0,1,0,1.666666627,inner_train
1,12813,gcpsSao7kHM$_$10,gcpsSao7kHM,1,1,1,0,1,inner_train
1,12814,gcpsSao7kHM$_$1,gcpsSao7kHM,1,1,1,0,0,inner_train
1,12815,gcpsSao7kHM$_$2,gcpsSao7kHM,1,1,1,0,1.666666627,inner_train
1,12816,gcpsSao7kHM$_$5,gcpsSao7kHM,1,1,1,0,1.333333373,inner_train
1,12817,gcpsSao7kHM$_$7,gcpsSao7kHM,1,1,1,0,1.333333373,inner_train
1,12818,gcpsSao7kHM$_$8,gcpsSao7kHM,1,1,1,0,1,inner_train
1,12819,ge071m9bGeY$_$1,ge071m9bGeY,1,1,1,0,0.3333333433,inner_train
1,12820,ge071m9bGeY$_$0,ge071m9bGeY,1,1,1,0,0.3333333433,inner_train
1,12821,ge071m9bGeY$_$3,ge071m9bGeY,1,1,1,0,0,inner_train
1,12822,ge071m9bGeY$_$2,ge071m9bGeY,1,1,1,0,0,inner_train
1,12823,ge071m9bGeY$_$5,ge071m9bGeY,1,1,1,0,0.6666666865,inner_train
1,12824,ge071m9bGeY$_$4,ge071m9bGeY,1,1,1,0,0,inner_train
1,12825,ge071m9bGeY$_$7,ge071m9bGeY,1,1,1,0,-0.6666666865,inner_train
1,12826,ge071m9bGeY$_$6,ge071m9bGeY,1,1,1,0,0,inner_train
1,12827,ge071m9bGeY$_$8,ge071m9bGeY,1,1,1,0,0.6666666865,inner_train
1,12828,gfHrSg3BwiQ$_$1,gfHrSg3BwiQ,1,1,0,0,2,inner_train
1,12829,gfHrSg3BwiQ$_$0,gfHrSg3BwiQ,1,1,0,0,0.6666666865,inner_train
1,12830,gfHrSg3BwiQ$_$4,gfHrSg3BwiQ,1,1,0,0,-1,inner_train
1,12863,gjGL6YY6oMs$_$1,gjGL6YY6oMs,1,1,0,0,0,outer
1,12864,gjGL6YY6oMs$_$0,gjGL6YY6oMs,1,1,0,0,0,outer
1,12865,gjGL6YY6oMs$_$3,gjGL6YY6oMs,1,1,0,0,0,outer
1,12866,gjGL6YY6oMs$_$2,gjGL6YY6oMs,1,1,0,0,0,outer
1,12867,gjGL6YY6oMs$_$5,gjGL6YY6oMs,1,1,0,0,0,outer
1,12868,gjGL6YY6oMs$_$6,gjGL6YY6oMs,1,1,0,0,-1,outer
1,12879,gr8mzv2xZ2s$_$0,gr8mzv2xZ2s,1,1,0,0,-0.6666666865,inner_train
1,12887,guRD0zQC6Q0$_$0,guRD0zQC6Q0,1,0,1,0,1.333333373,inner_train
1,12888,guRD0zQC6Q0$_$5,guRD0zQC6Q0,1,0,1,0,0.3333333433,inner_train
1,12889,guRD0zQC6Q0$_$7,guRD0zQC6Q0,1,0,1,0,1.333333373,inner_train
1,12890,guRD0zQC6Q0$_$6,guRD0zQC6Q0,1,0,1,0,1.333333373,inner_train
1,12891,gv43BPYYxKQ$_$3,gv43BPYYxKQ,1,1,1,0,-1.666666627,inner_train
1,12892,gv43BPYYxKQ$_$2,gv43BPYYxKQ,1,1,1,0,-0.3333333433,inner_train
1,12893,gvjQ1XfMA_g$_$2,gvjQ1XfMA_g,1,1,0,0,0.3333333433,inner_train
1,12894,gvjQ1XfMA_g$_$5,gvjQ1XfMA_g,1,1,0,0,0.3333333433,inner_train
1,12895,gvjQ1XfMA_g$_$4,gvjQ1XfMA_g,1,1,0,0,0.3333333433,inner_train
1,12896,gvjQ1XfMA_g$_$6,gvjQ1XfMA_g,1,1,0,0,0.3333333433,inner_train
1,12900,h4LrwMn94ss$_$9,h4LrwMn94ss,1,1,0,0,0,inner_train
1,12901,h4LrwMn94ss$_$0,h4LrwMn94ss,1,1,0,0,0,inner_train
1,12902,h4LrwMn94ss$_$3,h4LrwMn94ss,1,1,0,0,0.3333333433,inner_train
1,12903,h4LrwMn94ss$_$4,h4LrwMn94ss,1,1,0,0,0,inner_train
1,12904,h7p5URoookk$_$24,h7p5URoookk,1,1,0,0,0.3333333433,inner_train
1,12905,h7p5URoookk$_$27,h7p5URoookk,1,1,0,0,0.3333333433,inner_train
1,12906,h7p5URoookk$_$21,h7p5URoookk,1,1,0,0,-0.3333333433,inner_train
1,12907,h7p5URoookk$_$22,h7p5URoookk,1,1,0,0,0,inner_train
1,12908,h7p5URoookk$_$23,h7p5URoookk,1,1,0,0,1,inner_train
1,12909,h7p5URoookk$_$28,h7p5URoookk,1,1,0,0,0,inner_train
1,12910,h7p5URoookk$_$29,h7p5URoookk,1,1,0,0,0.3333333433,inner_train
1,12911,h7p5URoookk$_$1,h7p5URoookk,1,1,0,0,1,inner_train
1,12912,h7p5URoookk$_$0,h7p5URoookk,1,1,0,0,0,inner_train
1,12913,h7p5URoookk$_$3,h7p5URoookk,1,1,0,0,-1.333333373,inner_train
1,12914,h7p5URoookk$_$2,h7p5URoookk,1,1,0,0,1.333333373,inner_train
1,12915,h7p5URoookk$_$5,h7p5URoookk,1,1,0,0,-1,inner_train
1,12916,h7p5URoookk$_$4,h7p5URoookk,1,1,0,0,-0.6666666865,inner_train
1,12917,h7p5URoookk$_$7,h7p5URoookk,1,1,0,0,1,inner_train
1,12918,h7p5URoookk$_$6,h7p5URoookk,1,1,0,0,-1,inner_train
1,12919,h7p5URoookk$_$9,h7p5URoookk,1,1,0,0,0.3333333433,inner_train
1,12920,h7p5URoookk$_$8,h7p5URoookk,1,1,0,0,1.666666627,inner_train
1,12921,h7p5URoookk$_$11,h7p5URoookk,1,1,0,0,0,inner_train
1,12922,h7p5URoookk$_$10,h7p5URoookk,1,1,0,0,1,inner_train
1,12923,h7p5URoookk$_$13,h7p5URoookk,1,1,0,0,1,inner_train
1,12924,h7p5URoookk$_$12,h7p5URoookk,1,1,0,0,0.6666666865,inner_train
1,12925,h7p5URoookk$_$15,h7p5URoookk,1,1,0,0,0.3333333433,inner_train
1,12926,h7p5URoookk$_$14,h7p5URoookk,1,1,0,0,0.6666666865,inner_train
1,12927,h7p5URoookk$_$17,h7p5URoookk,1,1,0,0,0,inner_train
1,12928,h7p5URoookk$_$16,h7p5URoookk,1,1,0,0,1,inner_train
1,12929,h7p5URoookk$_$18,h7p5URoookk,1,1,0,0,0.6666666865,inner_train
1,12930,h7p5URoookk$_$31,h7p5URoookk,1,1,0,0,2,inner_train
1,12931,h7p5URoookk$_$30,h7p5URoookk,1,1,0,0,0,inner_train
1,12932,h7p5URoookk$_$32,h7p5URoookk,1,1,0,0,0.3333333433,inner_train
1,12933,hASTLbFHrEs$_$1,hASTLbFHrEs,1,0,0,0,0.6666666865,inner_valid
1,12934,hASTLbFHrEs$_$0,hASTLbFHrEs,1,0,0,0,-1.666666627,inner_valid
1,12935,hASTLbFHrEs$_$3,hASTLbFHrEs,1,0,0,0,0.3333333433,inner_valid
1,12936,hASTLbFHrEs$_$2,hASTLbFHrEs,1,0,0,0,-0.6666666865,inner_valid
1,12937,hASTLbFHrEs$_$5,hASTLbFHrEs,1,0,0,0,1.666666627,inner_valid
1,12938,hASTLbFHrEs$_$4,hASTLbFHrEs,1,0,0,0,0,inner_valid
1,12939,hASTLbFHrEs$_$7,hASTLbFHrEs,1,0,0,0,2.333333254,inner_valid
1,12940,hASTLbFHrEs$_$6,hASTLbFHrEs,1,0,0,0,1.333333373,inner_valid
1,12941,hASTLbFHrEs$_$8,hASTLbFHrEs,1,0,0,0,0.6666666865,inner_valid
1,12942,hCFV5VLgS0A$_$11,hCFV5VLgS0A,1,0,0,0,-2,outer
1,12943,hCFV5VLgS0A$_$10,hCFV5VLgS0A,1,0,0,0,-2.333333254,outer
1,12944,hCFV5VLgS0A$_$12,hCFV5VLgS0A,1,0,0,0,-1.333333373,outer
1,12945,hCFV5VLgS0A$_$0,hCFV5VLgS0A,1,0,0,0,-1,outer
1,12946,hCFV5VLgS0A$_$2,hCFV5VLgS0A,1,0,0,0,-1,outer
1,12947,hCFV5VLgS0A$_$5,hCFV5VLgS0A,1,0,0,0,-0.6666666865,outer
1,12948,hCFV5VLgS0A$_$7,hCFV5VLgS0A,1,0,0,0,-1.333333373,outer
1,12949,hCFV5VLgS0A$_$9,hCFV5VLgS0A,1,0,0,0,-1.333333373,outer
1,12950,hCFV5VLgS0A$_$8,hCFV5VLgS0A,1,0,0,0,-0.6666666865,outer
1,12951,hF6kFQPdBjY$_$10,hF6kFQPdBjY,1,1,0,1,0.3333333433,inner_train
1,12952,hF6kFQPdBjY$_$13,hF6kFQPdBjY,1,1,0,1,0.3333333433,inner_train
1,12953,hF6kFQPdBjY$_$14,hF6kFQPdBjY,1,1,0,1,-0.6666666865,inner_train
1,12954,hF6kFQPdBjY$_$3,hF6kFQPdBjY,1,1,0,1,0,inner_train
1,12955,hF6kFQPdBjY$_$2,hF6kFQPdBjY,1,1,0,1,-0.6666666865,inner_train
1,12956,hF6kFQPdBjY$_$5,hF6kFQPdBjY,1,1,0,1,0,inner_train
1,12957,hF6kFQPdBjY$_$4,hF6kFQPdBjY,1,1,0,1,0,inner_train
1,12958,hF6kFQPdBjY$_$9,hF6kFQPdBjY,1,1,0,1,0,inner_train
1,12959,hGRRlXfH0BY$_$11,hGRRlXfH0BY,1,0,0,0,-0.6666666865,inner_train
1,12960,hGRRlXfH0BY$_$10,hGRRlXfH0BY,1,0,0,0,-0.3333333433,inner_train
1,12961,hGRRlXfH0BY$_$1,hGRRlXfH0BY,1,0,0,0,-0.6666666865,inner_train
1,12962,hGRRlXfH0BY$_$2,hGRRlXfH0BY,1,0,0,0,0.3333333433,inner_train
1,12963,hGRRlXfH0BY$_$4,hGRRlXfH0BY,1,0,0,0,0,inner_train
1,12964,hGRRlXfH0BY$_$7,hGRRlXfH0BY,1,0,0,0,-1,inner_train
1,12965,hGRRlXfH0BY$_$6,hGRRlXfH0BY,1,0,0,0,-2,inner_train
1,12966,hGRRlXfH0BY$_$9,hGRRlXfH0BY,1,0,0,0,-1,inner_train
1,12967,hGRRlXfH0BY$_$8,hGRRlXfH0BY,1,0,0,0,-2,inner_train
1,12973,hOp6I4jGvu4$_$1,hOp6I4jGvu4,1,1,0,0,0,inner_valid
1,12974,hOp6I4jGvu4$_$2,hOp6I4jGvu4,1,1,0,0,0.6666666865,inner_valid
1,12975,hOp6I4jGvu4$_$5,hOp6I4jGvu4,1,1,0,0,0.6666666865,inner_valid
1,12976,hOp6I4jGvu4$_$4,hOp6I4jGvu4,1,1,0,0,1.666666627,inner_valid
1,12977,hOp6I4jGvu4$_$6,hOp6I4jGvu4,1,1,0,0,0,inner_valid
1,12991,hUBQrLjm4M4$_$0,hUBQrLjm4M4,1,0,0,0,1.333333373,inner_train
1,12992,hUBQrLjm4M4$_$3,hUBQrLjm4M4,1,0,0,0,1,inner_train
1,12999,he475nnmMi0$_$13,he475nnmMi0,1,0,0,0,1,outer
1,13000,he475nnmMi0$_$12,he475nnmMi0,1,0,0,0,0,outer
1,13001,he475nnmMi0$_$14,he475nnmMi0,1,0,0,0,-0.3333333433,outer
1,13002,he475nnmMi0$_$16,he475nnmMi0,1,0,0,0,1,outer
1,13003,he475nnmMi0$_$19,he475nnmMi0,1,0,0,0,1.333333373,outer
1,13004,he475nnmMi0$_$18,he475nnmMi0,1,0,0,0,-0.3333333433,outer
1,13005,he475nnmMi0$_$1,he475nnmMi0,1,0,0,0,0.6666666865,outer
1,13006,he475nnmMi0$_$0,he475nnmMi0,1,0,0,0,0,outer
1,13007,he475nnmMi0$_$2,he475nnmMi0,1,0,0,0,0,outer
1,13008,he475nnmMi0$_$4,he475nnmMi0,1,0,0,0,0.3333333433,outer
1,13009,he475nnmMi0$_$7,he475nnmMi0,1,0,0,0,0.3333333433,outer
1,13010,he475nnmMi0$_$9,he475nnmMi0,1,0,0,0,0.3333333433,outer
1,13011,hfK8QtTd7fo$_$6,hfK8QtTd7fo,1,1,0,1,1.666666627,inner_train
1,13032,hhK7q30p0Jk$_$1,hhK7q30p0Jk,1,0,0,0,1.666666627,outer
1,13033,hhK7q30p0Jk$_$0,hhK7q30p0Jk,1,0,0,0,0.3333333433,outer
1,13034,hhK7q30p0Jk$_$2,hhK7q30p0Jk,1,0,0,0,1.333333373,outer
1,13035,hj1ph17-0jE$_$2,hj1ph17-0jE,1,1,1,0,-1.333333373,inner_train
1,13061,hlYDicOj2m0$_$2,hlYDicOj2m0,1,0,0,0,0.3333333433,inner_valid
1,13062,hlYDicOj2m0$_$5,hlYDicOj2m0,1,0,0,0,1,inner_valid
1,13063,hlYDicOj2m0$_$7,hlYDicOj2m0,1,0,0,0,-1.333333373,inner_valid
1,13064,hlYDicOj2m0$_$6,hlYDicOj2m0,1,0,0,0,-0.3333333433,inner_valid
1,13067,hnSdAbnHDy4$_$9,hnSdAbnHDy4,1,0,0,0,0.3333333433,inner_valid
1,13068,hnSdAbnHDy4$_$8,hnSdAbnHDy4,1,0,0,0,0,inner_valid
1,13069,hnSdAbnHDy4$_$3,hnSdAbnHDy4,1,0,0,0,-0.6666666865,inner_valid
1,13070,hnSdAbnHDy4$_$2,hnSdAbnHDy4,1,0,0,0,0,inner_valid
1,13071,hntnelpiyl8$_$11,hntnelpiyl8,1,0,0,0,1.333333373,inner_train
1,13072,hntnelpiyl8$_$13,hntnelpiyl8,1,0,0,0,0,inner_train
1,13073,hntnelpiyl8$_$5,hntnelpiyl8,1,0,0,0,0.3333333433,inner_train
1,13074,hntnelpiyl8$_$4,hntnelpiyl8,1,0,0,0,1,inner_train
1,13075,hntnelpiyl8$_$7,hntnelpiyl8,1,0,0,0,0.6666666865,inner_train
1,13076,hp3nsb_eIc0$_$13,hp3nsb_eIc0,1,0,0,0,0,inner_train
1,13077,hp3nsb_eIc0$_$12,hp3nsb_eIc0,1,0,0,0,-1,inner_train
1,13078,hp3nsb_eIc0$_$18,hp3nsb_eIc0,1,0,0,0,0,inner_train
1,13079,hp3nsb_eIc0$_$1,hp3nsb_eIc0,1,0,0,0,0,inner_train
1,13080,hp3nsb_eIc0$_$5,hp3nsb_eIc0,1,0,0,0,0,inner_train
1,13081,hp3nsb_eIc0$_$7,hp3nsb_eIc0,1,0,0,0,0.3333333433,inner_train
1,13082,hp3nsb_eIc0$_$9,hp3nsb_eIc0,1,0,0,0,0,inner_train
1,13124,i714Xt6eb1Y$_$19,i714Xt6eb1Y,1,0,0,0,0,outer
1,13125,i714Xt6eb1Y$_$0,i714Xt6eb1Y,1,0,0,0,1.666666627,outer
1,13126,i714Xt6eb1Y$_$13,i714Xt6eb1Y,1,0,0,0,0,outer
1,13127,i714Xt6eb1Y$_$5,i714Xt6eb1Y,1,0,0,0,0.3333333433,outer
1,13128,i714Xt6eb1Y$_$17,i714Xt6eb1Y,1,0,0,0,0.3333333433,outer
1,13143,iFj9wJaJSPE$_$11,iFj9wJaJSPE,1,0,0,0,0.3333333433,outer
1,13144,iFj9wJaJSPE$_$10,iFj9wJaJSPE,1,0,0,0,1.333333373,outer
1,13145,iFj9wJaJSPE$_$14,iFj9wJaJSPE,1,0,0,0,0.3333333433,outer
1,13146,iFj9wJaJSPE$_$17,iFj9wJaJSPE,1,0,0,0,1.333333373,outer
1,13147,iFj9wJaJSPE$_$16,iFj9wJaJSPE,1,0,0,0,1,outer
1,13148,iFj9wJaJSPE$_$1,iFj9wJaJSPE,1,0,0,0,1.333333373,outer
1,13149,iFj9wJaJSPE$_$3,iFj9wJaJSPE,1,0,0,0,2.333333254,outer
1,13150,iFj9wJaJSPE$_$2,iFj9wJaJSPE,1,0,0,0,1.666666627,outer
1,13151,iFj9wJaJSPE$_$7,iFj9wJaJSPE,1,0,0,0,2,outer
1,13152,iFj9wJaJSPE$_$6,iFj9wJaJSPE,1,0,0,0,1,outer
1,13153,iFj9wJaJSPE$_$9,iFj9wJaJSPE,1,0,0,0,1,outer
1,13154,iFj9wJaJSPE$_$8,iFj9wJaJSPE,1,0,0,0,1,outer
1,13155,iH04VOkbof0$_$1,iH04VOkbof0,1,0,0,0,0,inner_train
1,13156,iH04VOkbof0$_$3,iH04VOkbof0,1,0,0,0,0.6666666865,inner_train
1,13157,iH04VOkbof0$_$2,iH04VOkbof0,1,0,0,0,0.6666666865,inner_train
1,13158,iH04VOkbof0$_$5,iH04VOkbof0,1,0,0,0,0.6666666865,inner_train
1,13159,iH04VOkbof0$_$4,iH04VOkbof0,1,0,0,0,-0.6666666865,inner_train
1,13160,iM3wSwoAtwk$_$1,iM3wSwoAtwk,1,1,0,0,0,inner_train
1,13161,iM3wSwoAtwk$_$3,iM3wSwoAtwk,1,1,0,0,0.3333333433,inner_train
1,13162,iMG962Rj3Vw$_$1,iMG962Rj3Vw,1,0,0,0,2,outer
1,13163,iMG962Rj3Vw$_$3,iMG962Rj3Vw,1,0,0,0,2.666666746,outer
1,13164,iMG962Rj3Vw$_$2,iMG962Rj3Vw,1,0,0,0,1,outer
1,13165,iMG962Rj3Vw$_$4,iMG962Rj3Vw,1,0,0,0,2,outer
1,13183,iREkcXde5ds$_$11,iREkcXde5ds,1,0,1,0,-0.6666666865,inner_train
1,13184,iREkcXde5ds$_$10,iREkcXde5ds,1,0,1,0,0.6666666865,inner_train
1,13185,iREkcXde5ds$_$1,iREkcXde5ds,1,0,1,0,-0.3333333433,inner_train
1,13186,iREkcXde5ds$_$0,iREkcXde5ds,1,0,1,0,0,inner_train
1,13187,iREkcXde5ds$_$3,iREkcXde5ds,1,0,1,0,-0.3333333433,inner_train
1,13188,iREkcXde5ds$_$5,iREkcXde5ds,1,0,1,0,0,inner_train
1,13189,iREkcXde5ds$_$4,iREkcXde5ds,1,0,1,0,0,inner_train
1,13190,iREkcXde5ds$_$7,iREkcXde5ds,1,0,1,0,0,inner_train
1,13191,iREkcXde5ds$_$6,iREkcXde5ds,1,0,1,0,0,inner_train
1,13192,iREkcXde5ds$_$8,iREkcXde5ds,1,0,1,0,-0.3333333433,inner_train
1,13202,iYtD_ArCdKw$_$11,iYtD_ArCdKw,1,0,0,0,1.666666627,inner_train
1,13203,iYtD_ArCdKw$_$10,iYtD_ArCdKw,1,0,0,0,0,inner_train
1,13204,iYtD_ArCdKw$_$12,iYtD_ArCdKw,1,0,0,0,1,inner_train
1,13205,iYtD_ArCdKw$_$1,iYtD_ArCdKw,1,0,0,0,1.666666627,inner_train
1,13206,iYtD_ArCdKw$_$0,iYtD_ArCdKw,1,0,0,0,0.6666666865,inner_train
1,13207,iYtD_ArCdKw$_$3,iYtD_ArCdKw,1,0,0,0,0,inner_train
1,13208,iYtD_ArCdKw$_$2,iYtD_ArCdKw,1,0,0,0,0.3333333433,inner_train
1,13209,iYtD_ArCdKw$_$5,iYtD_ArCdKw,1,0,0,0,2,inner_train
1,13210,iYtD_ArCdKw$_$4,iYtD_ArCdKw,1,0,0,0,0.6666666865,inner_train
1,13211,iYtD_ArCdKw$_$7,iYtD_ArCdKw,1,0,0,0,0.6666666865,inner_train
1,13212,iYtD_ArCdKw$_$6,iYtD_ArCdKw,1,0,0,0,0.6666666865,inner_train
1,13213,iYtD_ArCdKw$_$9,iYtD_ArCdKw,1,0,0,0,0.3333333433,inner_train
1,13214,iYtD_ArCdKw$_$8,iYtD_ArCdKw,1,0,0,0,1,inner_train
1,13215,icIS9VfbzMw$_$11,icIS9VfbzMw,1,1,1,0,0,inner_train
1,13216,icIS9VfbzMw$_$25,icIS9VfbzMw,1,1,1,0,-0.3333333433,inner_train
1,13217,icIS9VfbzMw$_$13,icIS9VfbzMw,1,1,1,0,-1,inner_train
1,13218,icIS9VfbzMw$_$27,icIS9VfbzMw,1,1,1,0,1.333333373,inner_train
1,13219,icIS9VfbzMw$_$15,icIS9VfbzMw,1,1,1,0,1.333333373,inner_train
1,13220,icIS9VfbzMw$_$14,icIS9VfbzMw,1,1,1,0,0,inner_train
1,13221,icIS9VfbzMw$_$17,icIS9VfbzMw,1,1,1,0,1.333333373,inner_train
1,13222,icIS9VfbzMw$_$16,icIS9VfbzMw,1,1,1,0,0.6666666865,inner_train
1,13223,icIS9VfbzMw$_$19,icIS9VfbzMw,1,1,1,0,-2.333333254,inner_train
1,13224,icIS9VfbzMw$_$29,icIS9VfbzMw,1,1,1,0,2,inner_train
1,13225,icIS9VfbzMw$_$1,icIS9VfbzMw,1,1,1,0,-1.333333373,inner_train
1,13226,icIS9VfbzMw$_$3,icIS9VfbzMw,1,1,1,0,0.3333333433,inner_train
1,13227,icIS9VfbzMw$_$12,icIS9VfbzMw,1,1,1,0,1.666666627,inner_train
1,13228,icIS9VfbzMw$_$5,icIS9VfbzMw,1,1,1,0,0.3333333433,inner_train
1,13229,icIS9VfbzMw$_$20,icIS9VfbzMw,1,1,1,0,-1,inner_train
1,13230,iceSGs0MXaA$_$9,iceSGs0MXaA,1,0,0,0,1.333333373,inner_train
1,13231,iceSGs0MXaA$_$1,iceSGs0MXaA,1,0,0,0,1,inner_train
1,13232,iceSGs0MXaA$_$2,iceSGs0MXaA,1,0,0,0,1.333333373,inner_train
1,13233,iceSGs0MXaA$_$5,iceSGs0MXaA,1,0,0,0,2.666666746,inner_train
1,13234,iceSGs0MXaA$_$6,iceSGs0MXaA,1,0,0,0,1,inner_train
1,13235,icehEYAiimM$_$0,icehEYAiimM,1,0,1,0,0.6666666865,inner_train
1,13236,icehEYAiimM$_$3,icehEYAiimM,1,0,1,0,0.6666666865,inner_train
1,13237,icehEYAiimM$_$2,icehEYAiimM,1,0,1,0,2.333333254,inner_train
1,13238,icehEYAiimM$_$5,icehEYAiimM,1,0,1,0,2.333333254,inner_train
1,13239,ieWQdiQAh4M$_$5,ieWQdiQAh4M,1,0,0,0,1,inner_train
1,13240,ieWQdiQAh4M$_$4,ieWQdiQAh4M,1,0,0,0,0.3333333433,inner_train
1,13241,iex7I7iVnLk$_$3,iex7I7iVnLk,1,0,1,0,0.6666666865,inner_train
1,13242,iex7I7iVnLk$_$2,iex7I7iVnLk,1,0,1,0,0,inner_train
1,13243,ihuGFUrzD30$_$8,ihuGFUrzD30,1,0,0,0,0.6666666865,inner_train
1,13246,ipLoS44xfO4$_$10,ipLoS44xfO4,1,0,0,0,1.333333373,inner_train
1,13247,ipLoS44xfO4$_$1,ipLoS44xfO4,1,0,0,0,0.3333333433,inner_train
1,13248,ipLoS44xfO4$_$0,ipLoS44xfO4,1,0,0,0,-1.333333373,inner_train
1,13249,ipLoS44xfO4$_$3,ipLoS44xfO4,1,0,0,0,-1.333333373,inner_train
1,13250,ipLoS44xfO4$_$2,ipLoS44xfO4,1,0,0,0,0,inner_train
1,13251,ipLoS44xfO4$_$5,ipLoS44xfO4,1,0,0,0,-1,inner_train
1,13252,ipLoS44xfO4$_$4,ipLoS44xfO4,1,0,0,0,-1.333333373,inner_train
1,13253,ipLoS44xfO4$_$6,ipLoS44xfO4,1,0,0,0,-0.3333333433,inner_train
1,13254,ipLoS44xfO4$_$9,ipLoS44xfO4,1,0,0,0,0.3333333433,inner_train
1,13255,ipLoS44xfO4$_$8,ipLoS44xfO4,1,0,0,0,0.3333333433,inner_train
1,13256,ixQbCXLUUj8$_$1,ixQbCXLUUj8,1,1,0,0,0.3333333433,outer
1,13257,ixQbCXLUUj8$_$0,ixQbCXLUUj8,1,1,0,0,0.6666666865,outer
1,13258,ixQbCXLUUj8$_$5,ixQbCXLUUj8,1,1,0,0,0.3333333433,outer
1,13259,ixZAEncExWI$_$1,ixZAEncExWI,1,1,0,0,-0.3333333433,inner_train
1,13260,ixZAEncExWI$_$3,ixZAEncExWI,1,1,0,0,1,inner_train
1,13261,ixZAEncExWI$_$2,ixZAEncExWI,1,1,0,0,0.3333333433,inner_train
1,13262,ixZAEncExWI$_$5,ixZAEncExWI,1,1,0,0,-0.3333333433,inner_train
1,13275,j7fRIGphgtk$_$1,j7fRIGphgtk,1,0,0,0,1.666666627,outer
1,13276,j7fRIGphgtk$_$0,j7fRIGphgtk,1,0,0,0,0,outer
1,13277,j7fRIGphgtk$_$5,j7fRIGphgtk,1,0,0,0,1.666666627,outer
1,13278,j7fRIGphgtk$_$4,j7fRIGphgtk,1,0,0,0,-0.3333333433,outer
1,13281,jD3iIEsc_K4$_$2,jD3iIEsc_K4,1,1,0,0,1.666666627,inner_train
1,13282,jEQoBvc7V1o$_$1,jEQoBvc7V1o,1,1,0,0,0.3333333433,inner_train
1,13283,jEQoBvc7V1o$_$12,jEQoBvc7V1o,1,1,0,0,1,inner_train
1,13284,jEQoBvc7V1o$_$2,jEQoBvc7V1o,1,1,0,0,0,inner_train
1,13285,jEQoBvc7V1o$_$5,jEQoBvc7V1o,1,1,0,0,0.3333333433,inner_train
1,13286,jEQoBvc7V1o$_$4,jEQoBvc7V1o,1,1,0,0,-1,inner_train
1,13287,jFNgOznarMo$_$9,jFNgOznarMo,1,0,1,0,-1,inner_train
1,13288,jFNgOznarMo$_$10,jFNgOznarMo,1,0,1,0,0,inner_train
1,13289,jFNgOznarMo$_$13,jFNgOznarMo,1,0,1,0,0,inner_train
1,13290,jFNgOznarMo$_$14,jFNgOznarMo,1,0,1,0,1.333333373,inner_train
1,13291,jFpRdhl3fgw$_$1,jFpRdhl3fgw,1,0,0,0,-1.333333373,inner_train
1,13292,jFpRdhl3fgw$_$3,jFpRdhl3fgw,1,0,0,0,-1.333333373,inner_train
1,13293,jFpRdhl3fgw$_$2,jFpRdhl3fgw,1,0,0,0,0.3333333433,inner_train
1,13294,jFpRdhl3fgw$_$5,jFpRdhl3fgw,1,0,0,0,2.666666746,inner_train
1,13305,jPf0LjZAS14$_$1,jPf0LjZAS14,1,0,0,0,0.3333333433,outer
1,13306,jPf0LjZAS14$_$0,jPf0LjZAS14,1,0,0,0,0.6666666865,outer
1,13307,jPf0LjZAS14$_$3,jPf0LjZAS14,1,0,0,0,-1.666666627,outer
1,13308,jPf0LjZAS14$_$2,jPf0LjZAS14,1,0,0,0,0.3333333433,outer
1,13309,jPf0LjZAS14$_$5,jPf0LjZAS14,1,0,0,0,0.6666666865,outer
1,13310,jPf0LjZAS14$_$4,jPf0LjZAS14,1,0,0,0,0.3333333433,outer
1,13311,jPf0LjZAS14$_$7,jPf0LjZAS14,1,0,0,0,1,outer
1,13312,jPf0LjZAS14$_$6,jPf0LjZAS14,1,0,0,0,1.666666627,outer
1,13313,jQ3EmbRIe58$_$10,jQ3EmbRIe58,1,1,0,0,0.3333333433,inner_train
1,13314,jQ3EmbRIe58$_$14,jQ3EmbRIe58,1,1,0,0,2,inner_train
1,13315,jQ3EmbRIe58$_$3,jQ3EmbRIe58,1,1,0,0,1.666666627,inner_train
1,13316,jQ3EmbRIe58$_$5,jQ3EmbRIe58,1,1,0,0,3,inner_train
1,13317,jQ3EmbRIe58$_$4,jQ3EmbRIe58,1,1,0,0,0.3333333433,inner_train
1,13318,jQ3EmbRIe58$_$6,jQ3EmbRIe58,1,1,0,0,1.666666627,inner_train
1,13319,jQ3EmbRIe58$_$9,jQ3EmbRIe58,1,1,0,0,1,inner_train
1,13320,jT3FSTBA8Us$_$1,jT3FSTBA8Us,1,1,0,0,0,outer
1,13321,jT3FSTBA8Us$_$0,jT3FSTBA8Us,1,1,0,0,1.333333373,outer
1,13322,jT3FSTBA8Us$_$3,jT3FSTBA8Us,1,1,0,0,0,outer
1,13323,jT3FSTBA8Us$_$2,jT3FSTBA8Us,1,1,0,0,0,outer
1,13324,jT3FSTBA8Us$_$5,jT3FSTBA8Us,1,1,0,0,-0.6666666865,outer
1,13325,jT3FSTBA8Us$_$6,jT3FSTBA8Us,1,1,0,0,2.333333254,outer
1,13326,jT3FSTBA8Us$_$8,jT3FSTBA8Us,1,1,0,0,0,outer
1,13327,jUKH63mltLE$_$10,jUKH63mltLE,1,1,0,0,0,inner_train
1,13335,jVayR0VClxQ$_$11,jVayR0VClxQ,1,1,0,0,0,inner_train
1,13336,jVayR0VClxQ$_$10,jVayR0VClxQ,1,1,0,0,1,inner_train
1,13337,jVayR0VClxQ$_$12,jVayR0VClxQ,1,1,0,0,1.666666627,inner_train
1,13338,jVayR0VClxQ$_$0,jVayR0VClxQ,1,1,0,0,-0.6666666865,inner_train
1,13339,jVayR0VClxQ$_$3,jVayR0VClxQ,1,1,0,0,0,inner_train
1,13340,jVayR0VClxQ$_$5,jVayR0VClxQ,1,1,0,0,0,inner_train
1,13341,jVayR0VClxQ$_$6,jVayR0VClxQ,1,1,0,0,-0.6666666865,inner_train
1,13342,jVayR0VClxQ$_$9,jVayR0VClxQ,1,1,0,0,1,inner_train
1,13345,jYT3-RQFy1U$_$11,jYT3-RQFy1U,1,0,1,1,-2.333333254,inner_train
1,13346,jYT3-RQFy1U$_$10,jYT3-RQFy1U,1,0,1,1,0,inner_train
1,13347,jYT3-RQFy1U$_$1,jYT3-RQFy1U,1,0,1,1,-1.666666627,inner_train
1,13348,jYT3-RQFy1U$_$3,jYT3-RQFy1U,1,0,1,1,-1.333333373,inner_train
1,13349,jYT3-RQFy1U$_$2,jYT3-RQFy1U,1,0,1,1,-0.6666666865,inner_train
1,13350,jYT3-RQFy1U$_$5,jYT3-RQFy1U,1,0,1,1,-2,inner_train
1,13351,jYT3-RQFy1U$_$4,jYT3-RQFy1U,1,0,1,1,-1.666666627,inner_train
1,13352,jYT3-RQFy1U$_$7,jYT3-RQFy1U,1,0,1,1,-2,inner_train
1,13353,jZTe5cbwwEE$_$10,jZTe5cbwwEE,1,1,0,0,0.6666666865,inner_train
1,13354,jZnFr-Mzj9M$_$1,jZnFr-Mzj9M,1,0,0,0,1.333333373,inner_train
1,13355,jZnFr-Mzj9M$_$3,jZnFr-Mzj9M,1,0,0,0,0.6666666865,inner_train
1,13356,jZnFr-Mzj9M$_$2,jZnFr-Mzj9M,1,0,0,0,1.333333373,inner_train
1,13357,jakiZQd4boM$_$0,jakiZQd4boM,1,1,0,0,0.6666666865,inner_train
1,13358,jakiZQd4boM$_$3,jakiZQd4boM,1,1,0,0,0.6666666865,inner_train
1,13359,jakiZQd4boM$_$4,jakiZQd4boM,1,1,0,0,0.3333333433,inner_train
1,13360,jakiZQd4boM$_$6,jakiZQd4boM,1,1,0,0,-0.6666666865,inner_train
1,13362,jbKDW9URnvM$_$18,jbKDW9URnvM,1,1,0,0,0.3333333433,inner_train
1,13363,jbKDW9URnvM$_$0,jbKDW9URnvM,1,1,0,0,0.6666666865,inner_train
1,13364,jbKDW9URnvM$_$14,jbKDW9URnvM,1,1,0,0,-0.3333333433,inner_train
1,13365,jbKDW9URnvM$_$8,jbKDW9URnvM,1,1,0,0,0,inner_train
1,13366,jcQi90n008o$_$24,jcQi90n008o,1,1,0,0,0.6666666865,inner_train
1,13367,jcQi90n008o$_$25,jcQi90n008o,1,1,0,0,1.666666627,inner_train
1,13368,jcQi90n008o$_$20,jcQi90n008o,1,1,0,0,1.333333373,inner_train
1,13369,jcQi90n008o$_$21,jcQi90n008o,1,1,0,0,1,inner_train
1,13370,jcQi90n008o$_$22,jcQi90n008o,1,1,0,0,2.666666746,inner_train
1,13371,jcQi90n008o$_$23,jcQi90n008o,1,1,0,0,1.666666627,inner_train
1,13372,jcQi90n008o$_$1,jcQi90n008o,1,1,0,0,1,inner_train
1,13373,jcQi90n008o$_$0,jcQi90n008o,1,1,0,0,1,inner_train
1,13374,jcQi90n008o$_$3,jcQi90n008o,1,1,0,0,0.6666666865,inner_train
1,13375,jcQi90n008o$_$2,jcQi90n008o,1,1,0,0,0,inner_train
1,13376,jcQi90n008o$_$5,jcQi90n008o,1,1,0,0,0.6666666865,inner_train
1,13377,jcQi90n008o$_$4,jcQi90n008o,1,1,0,0,0,inner_train
1,13378,jcQi90n008o$_$7,jcQi90n008o,1,1,0,0,1,inner_train
1,13379,jcQi90n008o$_$6,jcQi90n008o,1,1,0,0,0.6666666865,inner_train
1,13380,jcQi90n008o$_$9,jcQi90n008o,1,1,0,0,0.6666666865,inner_train
1,13381,jcQi90n008o$_$8,jcQi90n008o,1,1,0,0,1,inner_train
1,13382,jcQi90n008o$_$11,jcQi90n008o,1,1,0,0,1,inner_train
1,13383,jcQi90n008o$_$10,jcQi90n008o,1,1,0,0,1,inner_train
1,13384,jcQi90n008o$_$13,jcQi90n008o,1,1,0,0,0.6666666865,inner_train
1,13385,jcQi90n008o$_$12,jcQi90n008o,1,1,0,0,1.666666627,inner_train
1,13386,jcQi90n008o$_$15,jcQi90n008o,1,1,0,0,1.666666627,inner_train
1,13387,jcQi90n008o$_$14,jcQi90n008o,1,1,0,0,1.333333373,inner_train
1,13388,jcQi90n008o$_$17,jcQi90n008o,1,1,0,0,0,inner_train
1,13389,jcQi90n008o$_$16,jcQi90n008o,1,1,0,0,1.333333373,inner_train
1,13390,jcQi90n008o$_$19,jcQi90n008o,1,1,0,0,0.6666666865,inner_train
1,13391,jcQi90n008o$_$18,jcQi90n008o,1,1,0,0,0.3333333433,inner_train
1,13401,jjb1cWmkhI8$_$1,jjb1cWmkhI8,1,0,0,0,0.3333333433,inner_train
1,13402,jjb1cWmkhI8$_$0,jjb1cWmkhI8,1,0,0,0,0,inner_train
1,13403,jjb1cWmkhI8$_$3,jjb1cWmkhI8,1,0,0,0,-1.666666627,inner_train
1,13404,jjb1cWmkhI8$_$2,jjb1cWmkhI8,1,0,0,0,1.666666627,inner_train
1,13405,jjb1cWmkhI8$_$5,jjb1cWmkhI8,1,0,0,0,-0.3333333433,inner_train
1,13406,jjb1cWmkhI8$_$4,jjb1cWmkhI8,1,0,0,0,1,inner_train
1,13407,jjbOD6u7V34$_$9,jjbOD6u7V34,1,0,1,0,-0.3333333433,inner_train
1,13408,jjbOD6u7V34$_$8,jjbOD6u7V34,1,0,1,0,1.333333373,inner_train
1,13409,jjbOD6u7V34$_$3,jjbOD6u7V34,1,0,1,0,0,inner_train
1,13410,jjbOD6u7V34$_$7,jjbOD6u7V34,1,0,1,0,-2,inner_train
1,13411,jjbOD6u7V34$_$16,jjbOD6u7V34,1,0,1,0,-1.333333373,inner_train
1,13412,jlCFLG6rKKY$_$3,jlCFLG6rKKY,1,1,0,0,1.333333373,inner_train
1,13413,jlCFLG6rKKY$_$2,jlCFLG6rKKY,1,1,0,0,-0.6666666865,inner_train
1,13414,jlCFLG6rKKY$_$4,jlCFLG6rKKY,1,1,0,0,0,inner_train
1,13415,jlCFLG6rKKY$_$7,jlCFLG6rKKY,1,1,0,0,-1.333333373,inner_train
1,13416,jlCFLG6rKKY$_$6,jlCFLG6rKKY,1,1,0,0,-0.3333333433,inner_train
1,13417,jlCFLG6rKKY$_$8,jlCFLG6rKKY,1,1,0,0,-0.3333333433,inner_train
1,13418,jlW4Iep4mmE$_$2,jlW4Iep4mmE,1,0,0,0,0,inner_valid
1,13419,jnG9zog4NCs$_$1,jnG9zog4NCs,1,1,0,0,0.6666666865,inner_train
1,13420,jnG9zog4NCs$_$0,jnG9zog4NCs,1,1,0,0,0,inner_train
1,13421,jnG9zog4NCs$_$2,jnG9zog4NCs,1,1,0,0,0.6666666865,inner_train
1,13422,jnG9zog4NCs$_$5,jnG9zog4NCs,1,1,0,0,0.3333333433,inner_train
1,13423,jnG9zog4NCs$_$4,jnG9zog4NCs,1,1,0,0,-0.3333333433,inner_train
1,13424,jnG9zog4NCs$_$6,jnG9zog4NCs,1,1,0,0,0,inner_train
1,13425,jnG9zog4NCs$_$9,jnG9zog4NCs,1,1,0,0,0,inner_train
1,13426,jqKzaEniiKo$_$10,jqKzaEniiKo,1,0,1,0,0.3333333433,inner_train
1,13427,jqKzaEniiKo$_$13,jqKzaEniiKo,1,0,1,0,0.3333333433,inner_train
1,13428,jqKzaEniiKo$_$1,jqKzaEniiKo,1,0,1,0,0,inner_train
1,13429,jqKzaEniiKo$_$0,jqKzaEniiKo,1,0,1,0,0,inner_train
1,13430,jqKzaEniiKo$_$2,jqKzaEniiKo,1,0,1,0,0,inner_train
1,13431,jqKzaEniiKo$_$5,jqKzaEniiKo,1,0,1,0,1.333333373,inner_train
1,13432,jqKzaEniiKo$_$4,jqKzaEniiKo,1,0,1,0,0.6666666865,inner_train
1,13433,jqKzaEniiKo$_$7,jqKzaEniiKo,1,0,1,0,0.3333333433,inner_train
1,13434,jqKzaEniiKo$_$8,jqKzaEniiKo,1,0,1,0,0.3333333433,inner_train
1,13461,k1ca_xbhohk$_$13,k1ca_xbhohk,1,1,0,1,0.6666666865,inner_train
1,13462,k1ca_xbhohk$_$12,k1ca_xbhohk,1,1,0,1,0.3333333433,inner_train
1,13463,k1ca_xbhohk$_$14,k1ca_xbhohk,1,1,0,1,0,inner_train
1,13464,k1ca_xbhohk$_$2,k1ca_xbhohk,1,1,0,1,0,inner_train
1,13465,k1ca_xbhohk$_$7,k1ca_xbhohk,1,1,0,1,1,inner_train
1,13466,k1ca_xbhohk$_$9,k1ca_xbhohk,1,1,0,1,0.3333333433,inner_train
1,13478,k5-3KuvCFms$_$0,k5-3KuvCFms,1,0,0,0,0.6666666865,inner_train
1,13479,k5-3KuvCFms$_$7,k5-3KuvCFms,1,0,0,0,-1,inner_train
1,13480,k8NgVOCDYKM$_$11,k8NgVOCDYKM,1,0,0,0,-1.333333373,inner_train
1,13481,k8NgVOCDYKM$_$10,k8NgVOCDYKM,1,0,0,0,-0.3333333433,inner_train
1,13482,k8NgVOCDYKM$_$20,k8NgVOCDYKM,1,0,0,0,-2,inner_train
1,13483,k8NgVOCDYKM$_$21,k8NgVOCDYKM,1,0,0,0,-2.666666746,inner_train
1,13484,k8NgVOCDYKM$_$22,k8NgVOCDYKM,1,0,0,0,-0.3333333433,inner_train
1,13485,k8NgVOCDYKM$_$19,k8NgVOCDYKM,1,0,0,0,-1.666666627,inner_train
1,13486,k8NgVOCDYKM$_$2,k8NgVOCDYKM,1,0,0,0,0.3333333433,inner_train
1,13487,k8NgVOCDYKM$_$4,k8NgVOCDYKM,1,0,0,0,-2.333333254,inner_train
1,13488,k8NgVOCDYKM$_$9,k8NgVOCDYKM,1,0,0,0,-0.6666666865,inner_train
1,13489,k8NgVOCDYKM$_$15,k8NgVOCDYKM,1,0,0,0,-1.333333373,inner_train
1,13490,k8NgVOCDYKM$_$17,k8NgVOCDYKM,1,0,0,0,0,inner_train
1,13491,k8NgVOCDYKM$_$14,k8NgVOCDYKM,1,0,0,0,-3,inner_train
1,13507,kDyK9VGfLW8$_$1,kDyK9VGfLW8,1,0,0,0,0,outer
1,13508,kDyK9VGfLW8$_$8,kDyK9VGfLW8,1,0,0,0,1.333333373,outer
1,13509,kKMfsWrigTE$_$1,kKMfsWrigTE,1,0,0,0,0.3333333433,inner_valid
1,13510,kKMfsWrigTE$_$0,kKMfsWrigTE,1,0,0,0,1,inner_valid
1,13511,kKMfsWrigTE$_$2,kKMfsWrigTE,1,0,0,0,0.6666666865,inner_valid
1,13512,kKkZihSbxF4$_$1,kKkZihSbxF4,1,1,0,0,2.333333254,outer
1,13513,kKkZihSbxF4$_$0,kKkZihSbxF4,1,1,0,0,0.3333333433,outer
1,13514,kKkZihSbxF4$_$2,kKkZihSbxF4,1,1,0,0,2.333333254,outer
1,13515,kKkZihSbxF4$_$4,kKkZihSbxF4,1,1,0,0,0.3333333433,outer
1,13519,kPch8YhNfPE$_$11,kPch8YhNfPE,1,1,0,0,0.3333333433,inner_train
1,13520,kPch8YhNfPE$_$2,kPch8YhNfPE,1,1,0,0,0.3333333433,inner_train
1,13521,kPch8YhNfPE$_$4,kPch8YhNfPE,1,1,0,0,1.333333373,inner_train
1,13522,kPch8YhNfPE$_$6,kPch8YhNfPE,1,1,0,0,1,inner_train
1,13523,kPn-t6NSxfQ$_$11,kPn-t6NSxfQ,1,0,1,0,0.3333333433,inner_train
1,13524,kPn-t6NSxfQ$_$13,kPn-t6NSxfQ,1,0,1,0,0,inner_train
1,13525,kPn-t6NSxfQ$_$15,kPn-t6NSxfQ,1,0,1,0,-0.3333333433,inner_train
1,13526,kPn-t6NSxfQ$_$14,kPn-t6NSxfQ,1,0,1,0,0.3333333433,inner_train
1,13527,kPn-t6NSxfQ$_$16,kPn-t6NSxfQ,1,0,1,0,0.3333333433,inner_train
1,13528,kPn-t6NSxfQ$_$1,kPn-t6NSxfQ,1,0,1,0,0.3333333433,inner_train
1,13529,kPn-t6NSxfQ$_$0,kPn-t6NSxfQ,1,0,1,0,0.3333333433,inner_train
1,13530,kPn-t6NSxfQ$_$2,kPn-t6NSxfQ,1,0,1,0,0,inner_train
1,13531,kPn-t6NSxfQ$_$4,kPn-t6NSxfQ,1,0,1,0,-0.6666666865,inner_train
1,13532,kPn-t6NSxfQ$_$6,kPn-t6NSxfQ,1,0,1,0,0.3333333433,inner_train
1,13544,kU6YY2z7z0I$_$11,kU6YY2z7z0I,1,0,0,0,1,outer
1,13545,kU6YY2z7z0I$_$10,kU6YY2z7z0I,1,0,0,0,1,outer
1,13546,kU6YY2z7z0I$_$0,kU6YY2z7z0I,1,0,0,0,1.333333373,outer
1,13547,kU6YY2z7z0I$_$3,kU6YY2z7z0I,1,0,0,0,-1,outer
1,13548,kU6YY2z7z0I$_$2,kU6YY2z7z0I,1,0,0,0,1,outer
1,13549,kU6YY2z7z0I$_$5,kU6YY2z7z0I,1,0,0,0,-0.3333333433,outer
1,13550,kU6YY2z7z0I$_$4,kU6YY2z7z0I,1,0,0,0,-1.333333373,outer
1,13551,kU6YY2z7z0I$_$7,kU6YY2z7z0I,1,0,0,0,-0.3333333433,outer
1,13552,kU6YY2z7z0I$_$6,kU6YY2z7z0I,1,0,0,0,-0.3333333433,outer
1,13553,kU6YY2z7z0I$_$9,kU6YY2z7z0I,1,0,0,0,0,outer
1,13554,kU6YY2z7z0I$_$8,kU6YY2z7z0I,1,0,0,0,-1,outer
1,13590,kf3fZcx8nIo$_$3,kf3fZcx8nIo,1,0,0,0,0,outer
1,13591,kf3fZcx8nIo$_$2,kf3fZcx8nIo,1,0,0,0,-0.3333333433,outer
1,13607,khw3YCTFLfs$_$0,khw3YCTFLfs,1,1,0,0,2,inner_train
1,13608,kiR5zVo2zvU$_$24,kiR5zVo2zvU,1,1,0,0,1.666666627,outer
1,13609,kiR5zVo2zvU$_$25,kiR5zVo2zvU,1,1,0,0,1.666666627,outer
1,13610,kiR5zVo2zvU$_$20,kiR5zVo2zvU,1,1,0,0,1,outer
1,13611,kiR5zVo2zvU$_$21,kiR5zVo2zvU,1,1,0,0,2.333333254,outer
1,13612,kiR5zVo2zvU$_$22,kiR5zVo2zvU,1,1,0,0,2,outer
1,13613,kiR5zVo2zvU$_$23,kiR5zVo2zvU,1,1,0,0,1.666666627,outer
1,13614,kiR5zVo2zvU$_$1,kiR5zVo2zvU,1,1,0,0,1.666666627,outer
1,13615,kiR5zVo2zvU$_$0,kiR5zVo2zvU,1,1,0,0,1.666666627,outer
1,13616,kiR5zVo2zvU$_$3,kiR5zVo2zvU,1,1,0,0,1.666666627,outer
1,13617,kiR5zVo2zvU$_$2,kiR5zVo2zvU,1,1,0,0,0.6666666865,outer
1,13618,kiR5zVo2zvU$_$5,kiR5zVo2zvU,1,1,0,0,1.333333373,outer
1,13619,kiR5zVo2zvU$_$4,kiR5zVo2zvU,1,1,0,0,2.333333254,outer
1,13620,kiR5zVo2zvU$_$7,kiR5zVo2zvU,1,1,0,0,-0.6666666865,outer
1,13621,kiR5zVo2zvU$_$6,kiR5zVo2zvU,1,1,0,0,2,outer
1,13622,kiR5zVo2zvU$_$9,kiR5zVo2zvU,1,1,0,0,1.666666627,outer
1,13623,kiR5zVo2zvU$_$8,kiR5zVo2zvU,1,1,0,0,-1.666666627,outer
1,13624,kiR5zVo2zvU$_$11,kiR5zVo2zvU,1,1,0,0,1,outer
1,13625,kiR5zVo2zvU$_$10,kiR5zVo2zvU,1,1,0,0,1,outer
1,13626,kiR5zVo2zvU$_$13,kiR5zVo2zvU,1,1,0,0,0.3333333433,outer
1,13627,kiR5zVo2zvU$_$12,kiR5zVo2zvU,1,1,0,0,1,outer
1,13628,kiR5zVo2zvU$_$15,kiR5zVo2zvU,1,1,0,0,1,outer
1,13629,kiR5zVo2zvU$_$14,kiR5zVo2zvU,1,1,0,0,1,outer
1,13630,kiR5zVo2zvU$_$17,kiR5zVo2zvU,1,1,0,0,0.6666666865,outer
1,13631,kiR5zVo2zvU$_$16,kiR5zVo2zvU,1,1,0,0,1.333333373,outer
1,13632,kiR5zVo2zvU$_$19,kiR5zVo2zvU,1,1,0,0,0.3333333433,outer
1,13633,kiR5zVo2zvU$_$18,kiR5zVo2zvU,1,1,0,0,0.6666666865,outer
1,13639,kk4gr5A6_Uw$_$3,kk4gr5A6_Uw,1,0,0,0,-0.6666666865,inner_train
1,13640,kkaX3okuvjI$_$1,kkaX3okuvjI,1,1,0,0,1,inner_train
1,13641,kkaX3okuvjI$_$0,kkaX3okuvjI,1,1,0,0,0.3333333433,inner_train
1,13642,kkaX3okuvjI$_$2,kkaX3okuvjI,1,1,0,0,0,inner_train
1,13643,kkaX3okuvjI$_$5,kkaX3okuvjI,1,1,0,0,0.6666666865,inner_train
1,13644,kkaX3okuvjI$_$4,kkaX3okuvjI,1,1,0,0,0.3333333433,inner_train
1,13645,kkaX3okuvjI$_$7,kkaX3okuvjI,1,1,0,0,0.3333333433,inner_train
1,13646,kmAisuAFckw$_$3,kmAisuAFckw,1,0,0,1,-0.3333333433,outer
1,13647,kmAisuAFckw$_$2,kmAisuAFckw,1,0,0,1,-0.6666666865,outer
1,13648,kmAisuAFckw$_$4,kmAisuAFckw,1,0,0,1,-1.333333373,outer
1,13659,krHZuqfXrPU$_$24,krHZuqfXrPU,1,1,0,0,0.6666666865,inner_train
1,13660,krHZuqfXrPU$_$25,krHZuqfXrPU,1,1,0,0,0.6666666865,inner_train
1,13661,krHZuqfXrPU$_$26,krHZuqfXrPU,1,1,0,0,0.3333333433,inner_train
1,13662,krHZuqfXrPU$_$27,krHZuqfXrPU,1,1,0,0,1.333333373,inner_train
1,13663,krHZuqfXrPU$_$20,krHZuqfXrPU,1,1,0,0,-0.3333333433,inner_train
1,13664,krHZuqfXrPU$_$21,krHZuqfXrPU,1,1,0,0,0.3333333433,inner_train
1,13665,krHZuqfXrPU$_$22,krHZuqfXrPU,1,1,0,0,1.666666627,inner_train
1,13666,krHZuqfXrPU$_$23,krHZuqfXrPU,1,1,0,0,0.6666666865,inner_train
1,13667,krHZuqfXrPU$_$28,krHZuqfXrPU,1,1,0,0,2,inner_train
1,13668,krHZuqfXrPU$_$29,krHZuqfXrPU,1,1,0,0,-0.6666666865,inner_train
1,13669,krHZuqfXrPU$_$1,krHZuqfXrPU,1,1,0,0,0.6666666865,inner_train
1,13670,krHZuqfXrPU$_$0,krHZuqfXrPU,1,1,0,0,0.6666666865,inner_train
1,13671,krHZuqfXrPU$_$3,krHZuqfXrPU,1,1,0,0,1,inner_train
1,13672,krHZuqfXrPU$_$2,krHZuqfXrPU,1,1,0,0,-1.666666627,inner_train
1,13673,krHZuqfXrPU$_$5,krHZuqfXrPU,1,1,0,0,0.3333333433,inner_train
1,13674,krHZuqfXrPU$_$4,krHZuqfXrPU,1,1,0,0,0.6666666865,inner_train
1,13675,krHZuqfXrPU$_$7,krHZuqfXrPU,1,1,0,0,0,inner_train
1,13676,krHZuqfXrPU$_$6,krHZuqfXrPU,1,1,0,0,0.3333333433,inner_train
1,13677,krHZuqfXrPU$_$9,krHZuqfXrPU,1,1,0,0,0,inner_train
1,13678,krHZuqfXrPU$_$8,krHZuqfXrPU,1,1,0,0,1,inner_train
1,13679,krHZuqfXrPU$_$11,krHZuqfXrPU,1,1,0,0,-0.3333333433,inner_train
1,13680,krHZuqfXrPU$_$10,krHZuqfXrPU,1,1,0,0,0.3333333433,inner_train
1,13681,krHZuqfXrPU$_$13,krHZuqfXrPU,1,1,0,0,0,inner_train
1,13682,krHZuqfXrPU$_$12,krHZuqfXrPU,1,1,0,0,-1.333333373,inner_train
1,13683,krHZuqfXrPU$_$15,krHZuqfXrPU,1,1,0,0,0.6666666865,inner_train
1,13684,krHZuqfXrPU$_$14,krHZuqfXrPU,1,1,0,0,1.333333373,inner_train
1,13685,krHZuqfXrPU$_$16,krHZuqfXrPU,1,1,0,0,0,inner_train
1,13686,krHZuqfXrPU$_$19,krHZuqfXrPU,1,1,0,0,0.6666666865,inner_train
1,13687,krHZuqfXrPU$_$18,krHZuqfXrPU,1,1,0,0,1.333333373,inner_train
1,13688,krHZuqfXrPU$_$30,krHZuqfXrPU,1,1,0,0,0.6666666865,inner_train
1,13691,kuQWPuhnlHs$_$3,kuQWPuhnlHs,1,0,1,0,0.6666666865,inner_train
1,13692,kuQWPuhnlHs$_$5,kuQWPuhnlHs,1,0,1,0,1.333333373,inner_train
1,13693,kuQWPuhnlHs$_$4,kuQWPuhnlHs,1,0,1,0,1,inner_train
1,13694,kuQWPuhnlHs$_$6,kuQWPuhnlHs,1,0,1,0,1,inner_train
1,13695,kwkhYpCHWPw$_$11,kwkhYpCHWPw,1,0,0,0,0.3333333433,outer
1,13696,kwkhYpCHWPw$_$13,kwkhYpCHWPw,1,0,0,0,1.666666627,outer
1,13697,kwkhYpCHWPw$_$16,kwkhYpCHWPw,1,0,0,0,1.333333373,outer
1,13698,kwkhYpCHWPw$_$0,kwkhYpCHWPw,1,0,0,0,0.6666666865,outer
1,13699,kwkhYpCHWPw$_$3,kwkhYpCHWPw,1,0,0,0,0.6666666865,outer
1,13700,kwkhYpCHWPw$_$7,kwkhYpCHWPw,1,0,0,0,0.3333333433,outer
1,13701,kwkhYpCHWPw$_$6,kwkhYpCHWPw,1,0,0,0,0.6666666865,outer
1,13702,kwkhYpCHWPw$_$8,kwkhYpCHWPw,1,0,0,0,-0.3333333433,outer
1,13705,kxcCxbsKx3w$_$1,kxcCxbsKx3w,1,1,0,0,1,inner_train
1,13706,kxcCxbsKx3w$_$0,kxcCxbsKx3w,1,1,0,0,1.666666627,inner_train
1,13707,kxcCxbsKx3w$_$3,kxcCxbsKx3w,1,1,0,0,2,inner_train
1,13708,kxcCxbsKx3w$_$2,kxcCxbsKx3w,1,1,0,0,1,inner_train
1,13709,kxcCxbsKx3w$_$5,kxcCxbsKx3w,1,1,0,0,-1.666666627,inner_train
1,13710,kxcCxbsKx3w$_$4,kxcCxbsKx3w,1,1,0,0,2,inner_train
1,13711,kxcCxbsKx3w$_$7,kxcCxbsKx3w,1,1,0,0,0,inner_train
1,13712,kxcCxbsKx3w$_$6,kxcCxbsKx3w,1,1,0,0,-0.6666666865,inner_train
1,13713,kxcCxbsKx3w$_$8,kxcCxbsKx3w,1,1,0,0,1,inner_train
1,13720,kz7ahNfXFsk$_$9,kz7ahNfXFsk,1,1,0,0,1.333333373,inner_train
1,13758,lEsFI5YJGDo$_$11,lEsFI5YJGDo,1,0,0,1,0.6666666865,inner_train
1,13759,lEsFI5YJGDo$_$10,lEsFI5YJGDo,1,0,0,1,0.3333333433,inner_train
1,13760,lEsFI5YJGDo$_$13,lEsFI5YJGDo,1,0,0,1,0.6666666865,inner_train
1,13761,lEsFI5YJGDo$_$12,lEsFI5YJGDo,1,0,0,1,2,inner_train
1,13762,lEsFI5YJGDo$_$1,lEsFI5YJGDo,1,0,0,1,0.3333333433,inner_train
1,13763,lEsFI5YJGDo$_$0,lEsFI5YJGDo,1,0,0,1,1.333333373,inner_train
1,13764,lEsFI5YJGDo$_$3,lEsFI5YJGDo,1,0,0,1,2.666666746,inner_train
1,13765,lEsFI5YJGDo$_$2,lEsFI5YJGDo,1,0,0,1,1.333333373,inner_train
1,13766,lEsFI5YJGDo$_$5,lEsFI5YJGDo,1,0,0,1,2,inner_train
1,13767,lEsFI5YJGDo$_$4,lEsFI5YJGDo,1,0,0,1,1.333333373,inner_train
1,13768,lEsFI5YJGDo$_$7,lEsFI5YJGDo,1,0,0,1,1.333333373,inner_train
1,13769,lEsFI5YJGDo$_$6,lEsFI5YJGDo,1,0,0,1,2.333333254,inner_train
1,13770,lEsFI5YJGDo$_$9,lEsFI5YJGDo,1,0,0,1,2,inner_train
1,13771,lEsFI5YJGDo$_$8,lEsFI5YJGDo,1,0,0,1,2.333333254,inner_train
1,13772,lKTeLK8nq8w$_$11,lKTeLK8nq8w,1,0,1,0,0.6666666865,outer
1,13773,lKTeLK8nq8w$_$10,lKTeLK8nq8w,1,0,1,0,1,outer
1,13774,lKTeLK8nq8w$_$12,lKTeLK8nq8w,1,0,1,0,-0.3333333433,outer
1,13775,lKTeLK8nq8w$_$3,lKTeLK8nq8w,1,0,1,0,1.333333373,outer
1,13776,lKTeLK8nq8w$_$2,lKTeLK8nq8w,1,0,1,0,0,outer
1,13777,lKTeLK8nq8w$_$5,lKTeLK8nq8w,1,0,1,0,0.3333333433,outer
1,13778,lKTeLK8nq8w$_$6,lKTeLK8nq8w,1,0,1,0,0.6666666865,outer
1,13779,lKTeLK8nq8w$_$9,lKTeLK8nq8w,1,0,1,0,1,outer
1,13780,lKTeLK8nq8w$_$8,lKTeLK8nq8w,1,0,1,0,0.6666666865,outer
1,13781,lTfsqoo-jKg$_$11,lTfsqoo-jKg,1,1,0,1,0.6666666865,inner_train
1,13782,lTfsqoo-jKg$_$10,lTfsqoo-jKg,1,1,0,1,-0.3333333433,inner_train
1,13783,lTfsqoo-jKg$_$1,lTfsqoo-jKg,1,1,0,1,-0.3333333433,inner_train
1,13784,lTfsqoo-jKg$_$3,lTfsqoo-jKg,1,1,0,1,-2.666666746,inner_train
1,13785,lTfsqoo-jKg$_$2,lTfsqoo-jKg,1,1,0,1,-1,inner_train
1,13786,lTfsqoo-jKg$_$4,lTfsqoo-jKg,1,1,0,1,-2.333333254,inner_train
1,13787,lTfsqoo-jKg$_$7,lTfsqoo-jKg,1,1,0,1,0,inner_train
1,13788,lTfsqoo-jKg$_$6,lTfsqoo-jKg,1,1,0,1,1,inner_train
1,13789,lTfsqoo-jKg$_$9,lTfsqoo-jKg,1,1,0,1,0,inner_train
1,13790,lTfsqoo-jKg$_$8,lTfsqoo-jKg,1,1,0,1,0,inner_train
1,13791,lUNNDDsm7R8$_$1,lUNNDDsm7R8,1,1,0,1,0.6666666865,inner_train
1,13792,lUNNDDsm7R8$_$3,lUNNDDsm7R8,1,1,0,1,1.333333373,inner_train
1,13793,lUNNDDsm7R8$_$7,lUNNDDsm7R8,1,1,0,1,1.333333373,inner_train
1,13794,lUNNDDsm7R8$_$6,lUNNDDsm7R8,1,1,0,1,1.666666627,inner_train
1,13795,lVj6ZdyW9pI$_$1,lVj6ZdyW9pI,1,0,0,0,-0.6666666865,inner_train
1,13796,lVj6ZdyW9pI$_$2,lVj6ZdyW9pI,1,0,0,0,1,inner_train
1,13797,lWXjdWvB0VI$_$2,lWXjdWvB0VI,1,0,0,0,2.333333254,inner_train
1,13803,lbx3eu8LUl8$_$1,lbx3eu8LUl8,1,0,0,0,0.3333333433,inner_valid
1,13804,lbx3eu8LUl8$_$4,lbx3eu8LUl8,1,0,0,0,0,inner_valid
1,13805,liJO1yIFsJs$_$7,liJO1yIFsJs,1,1,0,0,0,inner_valid
1,13806,lksy-At0vxc$_$9,lksy-At0vxc,1,0,1,0,0.6666666865,inner_valid
1,13807,lksy-At0vxc$_$8,lksy-At0vxc,1,0,1,0,0.6666666865,inner_valid
1,13808,lksy-At0vxc$_$2,lksy-At0vxc,1,0,1,0,0.3333333433,inner_valid
1,13809,lksy-At0vxc$_$7,lksy-At0vxc,1,0,1,0,0.6666666865,inner_valid
1,13810,lksy-At0vxc$_$11,lksy-At0vxc,1,0,1,0,1.666666627,inner_valid
1,13811,ll10nEjTvGE$_$9,ll10nEjTvGE,1,1,0,0,1,inner_train
1,13812,ll10nEjTvGE$_$8,ll10nEjTvGE,1,1,0,0,-1.666666627,inner_train
1,13813,ll10nEjTvGE$_$13,ll10nEjTvGE,1,1,0,0,1.666666627,inner_train
1,13814,ll10nEjTvGE$_$3,ll10nEjTvGE,1,1,0,0,1.666666627,inner_train
1,13815,ll10nEjTvGE$_$10,ll10nEjTvGE,1,1,0,0,0,inner_train
1,13847,ltA1VF_DUSc$_$19,ltA1VF_DUSc,1,1,0,0,0,inner_train
1,13869,lzVA--tIse0$_$1,lzVA--tIse0,1,1,0,0,1.333333373,inner_valid
1,13870,lzVA--tIse0$_$0,lzVA--tIse0,1,1,0,0,1.666666627,inner_valid
1,13871,lzVA--tIse0$_$2,lzVA--tIse0,1,1,0,0,2,inner_valid
1,13881,m8tzdtrgFUA$_$11,m8tzdtrgFUA,1,1,0,0,0,inner_train
1,13882,m8tzdtrgFUA$_$12,m8tzdtrgFUA,1,1,0,0,0.3333333433,inner_train
1,13883,m8tzdtrgFUA$_$1,m8tzdtrgFUA,1,1,0,0,0.6666666865,inner_train
1,13884,m8tzdtrgFUA$_$0,m8tzdtrgFUA,1,1,0,0,1,inner_train
1,13885,m8tzdtrgFUA$_$3,m8tzdtrgFUA,1,1,0,0,1,inner_train
1,13886,m8tzdtrgFUA$_$2,m8tzdtrgFUA,1,1,0,0,0.3333333433,inner_train
1,13887,m8tzdtrgFUA$_$5,m8tzdtrgFUA,1,1,0,0,1.333333373,inner_train
1,13888,m8tzdtrgFUA$_$7,m8tzdtrgFUA,1,1,0,0,0,inner_train
1,13889,m8tzdtrgFUA$_$6,m8tzdtrgFUA,1,1,0,0,1.333333373,inner_train
1,13890,m8tzdtrgFUA$_$8,m8tzdtrgFUA,1,1,0,0,0.3333333433,inner_train
1,13893,mHIvH6Nnrls$_$1,mHIvH6Nnrls,1,1,0,0,0,inner_train
1,13894,mHIvH6Nnrls$_$0,mHIvH6Nnrls,1,1,0,0,0.3333333433,inner_train
1,13895,mHIvH6Nnrls$_$3,mHIvH6Nnrls,1,1,0,0,0.3333333433,inner_train
1,13896,mHIvH6Nnrls$_$2,mHIvH6Nnrls,1,1,0,0,1,inner_train
1,13897,mHIvH6Nnrls$_$5,mHIvH6Nnrls,1,1,0,0,0.3333333433,inner_train
1,13898,mHIvH6Nnrls$_$4,mHIvH6Nnrls,1,1,0,0,0,inner_train
1,13899,mHIvH6Nnrls$_$7,mHIvH6Nnrls,1,1,0,0,1.333333373,inner_train
1,13912,mL2v-sODUZ8$_$11,mL2v-sODUZ8,1,1,0,1,0,inner_train
1,13913,mL2v-sODUZ8$_$10,mL2v-sODUZ8,1,1,0,1,0,inner_train
1,13914,mL2v-sODUZ8$_$12,mL2v-sODUZ8,1,1,0,1,0,inner_train
1,13915,mL2v-sODUZ8$_$5,mL2v-sODUZ8,1,1,0,1,0.3333333433,inner_train
1,13919,mN1Z5xEOy10$_$1,mN1Z5xEOy10,1,0,1,1,0,inner_valid
1,13920,mN1Z5xEOy10$_$0,mN1Z5xEOy10,1,0,1,1,-1.333333373,inner_valid
1,13921,mN1Z5xEOy10$_$3,mN1Z5xEOy10,1,0,1,1,0,inner_valid
1,13922,mN1Z5xEOy10$_$2,mN1Z5xEOy10,1,0,1,1,0,inner_valid
1,13923,mN1Z5xEOy10$_$4,mN1Z5xEOy10,1,0,1,1,-0.6666666865,inner_valid
1,13925,mO4H5S_Q7aU$_$0,mO4H5S_Q7aU,1,1,0,1,1,inner_train
1,13928,mQTaEIrNxnQ$_$11,mQTaEIrNxnQ,1,0,1,0,0.6666666865,inner_train
1,13929,mQTaEIrNxnQ$_$10,mQTaEIrNxnQ,1,0,1,0,1.333333373,inner_train
1,13930,mQTaEIrNxnQ$_$3,mQTaEIrNxnQ,1,0,1,0,0,inner_train
1,13931,mQTaEIrNxnQ$_$2,mQTaEIrNxnQ,1,0,1,0,-0.6666666865,inner_train
1,13932,mQTaEIrNxnQ$_$5,mQTaEIrNxnQ,1,0,1,0,0,inner_train
1,13933,mQTaEIrNxnQ$_$4,mQTaEIrNxnQ,1,0,1,0,0.6666666865,inner_train
1,13934,mQTaEIrNxnQ$_$8,mQTaEIrNxnQ,1,0,1,0,0,inner_train
1,13942,mRnEJOLkhp8$_$24,mRnEJOLkhp8,1,1,0,0,0,inner_train
1,13943,mRnEJOLkhp8$_$26,mRnEJOLkhp8,1,1,0,0,0,inner_train
1,13944,mRnEJOLkhp8$_$12,mRnEJOLkhp8,1,1,0,0,-0.3333333433,inner_train
1,13945,mRnEJOLkhp8$_$15,mRnEJOLkhp8,1,1,0,0,-0.3333333433,inner_train
1,13946,mRnEJOLkhp8$_$21,mRnEJOLkhp8,1,1,0,0,0,inner_train
1,13947,mRnEJOLkhp8$_$10,mRnEJOLkhp8,1,1,0,0,-1,inner_train
1,13948,mRnEJOLkhp8$_$18,mRnEJOLkhp8,1,1,0,0,-0.3333333433,inner_train
1,13949,mRnEJOLkhp8$_$0,mRnEJOLkhp8,1,1,0,0,0,inner_train
1,13950,mRnEJOLkhp8$_$3,mRnEJOLkhp8,1,1,0,0,0,inner_train
1,13951,mRnEJOLkhp8$_$6,mRnEJOLkhp8,1,1,0,0,0,inner_train
1,13952,mRnEJOLkhp8$_$2,mRnEJOLkhp8,1,1,0,0,0.6666666865,inner_train
1,13965,maO6KmmgcB8$_$5,maO6KmmgcB8,1,1,0,0,-0.3333333433,inner_train
1,13966,maO6KmmgcB8$_$4,maO6KmmgcB8,1,1,0,0,-0.6666666865,inner_train
1,13967,mgovo8VYtvk$_$24,mgovo8VYtvk,1,1,0,0,2,inner_valid
1,13968,mgovo8VYtvk$_$25,mgovo8VYtvk,1,1,0,0,1.666666627,inner_valid
1,13969,mgovo8VYtvk$_$26,mgovo8VYtvk,1,1,0,0,1.333333373,inner_valid
1,13970,mgovo8VYtvk$_$27,mgovo8VYtvk,1,1,0,0,1,inner_valid
1,13971,mgovo8VYtvk$_$20,mgovo8VYtvk,1,1,0,0,1.666666627,inner_valid
1,13972,mgovo8VYtvk$_$22,mgovo8VYtvk,1,1,0,0,0.6666666865,inner_valid
1,13973,mgovo8VYtvk$_$23,mgovo8VYtvk,1,1,0,0,1.333333373,inner_valid
1,13974,mgovo8VYtvk$_$28,mgovo8VYtvk,1,1,0,0,2.666666746,inner_valid
1,13975,mgovo8VYtvk$_$29,mgovo8VYtvk,1,1,0,0,1.666666627,inner_valid
1,13976,mgovo8VYtvk$_$1,mgovo8VYtvk,1,1,0,0,0.3333333433,inner_valid
1,13977,mgovo8VYtvk$_$0,mgovo8VYtvk,1,1,0,0,1.666666627,inner_valid
1,13978,mgovo8VYtvk$_$3,mgovo8VYtvk,1,1,0,0,1.333333373,inner_valid
1,13979,mgovo8VYtvk$_$2,mgovo8VYtvk,1,1,0,0,2.333333254,inner_valid
1,13980,mgovo8VYtvk$_$5,mgovo8VYtvk,1,1,0,0,2.333333254,inner_valid
1,13981,mgovo8VYtvk$_$4,mgovo8VYtvk,1,1,0,0,1,inner_valid
1,13982,mgovo8VYtvk$_$7,mgovo8VYtvk,1,1,0,0,0,inner_valid
1,13983,mgovo8VYtvk$_$6,mgovo8VYtvk,1,1,0,0,1.666666627,inner_valid
1,13984,mgovo8VYtvk$_$9,mgovo8VYtvk,1,1,0,0,2,inner_valid
1,13985,mgovo8VYtvk$_$8,mgovo8VYtvk,1,1,0,0,2,inner_valid
1,13986,mgovo8VYtvk$_$38,mgovo8VYtvk,1,1,0,0,1.666666627,inner_valid
1,13987,mgovo8VYtvk$_$10,mgovo8VYtvk,1,1,0,0,0.6666666865,inner_valid
1,13988,mgovo8VYtvk$_$13,mgovo8VYtvk,1,1,0,0,0.6666666865,inner_valid
1,13989,mgovo8VYtvk$_$12,mgovo8VYtvk,1,1,0,0,2.333333254,inner_valid
1,13990,mgovo8VYtvk$_$15,mgovo8VYtvk,1,1,0,0,1.666666627,inner_valid
1,13991,mgovo8VYtvk$_$14,mgovo8VYtvk,1,1,0,0,1.666666627,inner_valid
1,13992,mgovo8VYtvk$_$17,mgovo8VYtvk,1,1,0,0,1,inner_valid
1,13993,mgovo8VYtvk$_$16,mgovo8VYtvk,1,1,0,0,0.6666666865,inner_valid
1,13994,mgovo8VYtvk$_$19,mgovo8VYtvk,1,1,0,0,1.666666627,inner_valid
1,13995,mgovo8VYtvk$_$18,mgovo8VYtvk,1,1,0,0,1,inner_valid
1,13996,mgovo8VYtvk$_$31,mgovo8VYtvk,1,1,0,0,1.666666627,inner_valid
1,13997,mgovo8VYtvk$_$30,mgovo8VYtvk,1,1,0,0,2.666666746,inner_valid
1,13998,mgovo8VYtvk$_$37,mgovo8VYtvk,1,1,0,0,1.666666627,inner_valid
1,13999,mgovo8VYtvk$_$36,mgovo8VYtvk,1,1,0,0,2,inner_valid
1,14000,mgovo8VYtvk$_$35,mgovo8VYtvk,1,1,0,0,1.666666627,inner_valid
1,14001,mgovo8VYtvk$_$34,mgovo8VYtvk,1,1,0,0,0.6666666865,inner_valid
1,14002,mgovo8VYtvk$_$33,mgovo8VYtvk,1,1,0,0,1.333333373,inner_valid
1,14003,mgovo8VYtvk$_$32,mgovo8VYtvk,1,1,0,0,0.3333333433,inner_valid
1,14026,mkkoJ2iVbGs$_$1,mkkoJ2iVbGs,1,1,0,0,0,inner_train
1,14027,mkkoJ2iVbGs$_$0,mkkoJ2iVbGs,1,1,0,0,0.6666666865,inner_train
1,14028,mkkoJ2iVbGs$_$3,mkkoJ2iVbGs,1,1,0,0,0,inner_train
1,14029,mkkoJ2iVbGs$_$2,mkkoJ2iVbGs,1,1,0,0,0.3333333433,inner_train
1,14030,mkkoJ2iVbGs$_$5,mkkoJ2iVbGs,1,1,0,0,0,inner_train
1,14031,mkkoJ2iVbGs$_$4,mkkoJ2iVbGs,1,1,0,0,1.333333373,inner_train
1,14032,mkkoJ2iVbGs$_$7,mkkoJ2iVbGs,1,1,0,0,0.3333333433,inner_train
1,14033,mkkoJ2iVbGs$_$6,mkkoJ2iVbGs,1,1,0,0,0,inner_train
1,14034,mkkoJ2iVbGs$_$8,mkkoJ2iVbGs,1,1,0,0,0.6666666865,inner_train
1,14035,mn8_HvzbN5c$_$0,mn8_HvzbN5c,1,0,0,0,0.3333333433,inner_train
1,14036,mn8_HvzbN5c$_$3,mn8_HvzbN5c,1,0,0,0,0,inner_train
1,14037,mn8_HvzbN5c$_$5,mn8_HvzbN5c,1,0,0,0,0,inner_train
1,14038,mpfSRGHFY0g$_$1,mpfSRGHFY0g,1,0,0,0,0.3333333433,inner_train
1,14039,mpfSRGHFY0g$_$3,mpfSRGHFY0g,1,0,0,0,-0.3333333433,inner_train
1,14062,mw_ZwML0SbY$_$0,mw_ZwML0SbY,1,1,0,0,0,outer
1,14063,mw_ZwML0SbY$_$2,mw_ZwML0SbY,1,1,0,0,0.3333333433,outer
1,14094,n-sgVVTE9Io$_$9,n-sgVVTE9Io,1,0,0,0,1,inner_train
1,14095,n-sgVVTE9Io$_$0,n-sgVVTE9Io,1,0,0,0,0.3333333433,inner_train
1,14096,n-sgVVTE9Io$_$1,n-sgVVTE9Io,1,0,0,0,-0.6666666865,inner_train
1,14097,n-sgVVTE9Io$_$2,n-sgVVTE9Io,1,0,0,0,0.3333333433,inner_train
1,14135,nD1R4UedEDo$_$11,nD1R4UedEDo,1,1,0,0,0.3333333433,inner_train
1,14136,nD1R4UedEDo$_$10,nD1R4UedEDo,1,1,0,0,0.6666666865,inner_train
1,14137,nD1R4UedEDo$_$13,nD1R4UedEDo,1,1,0,0,0.6666666865,inner_train
1,14138,nD1R4UedEDo$_$12,nD1R4UedEDo,1,1,0,0,1.333333373,inner_train
1,14139,nD1R4UedEDo$_$15,nD1R4UedEDo,1,1,0,0,2.666666746,inner_train
1,14140,nD1R4UedEDo$_$14,nD1R4UedEDo,1,1,0,0,2.333333254,inner_train
1,14141,nD1R4UedEDo$_$1,nD1R4UedEDo,1,1,0,0,-1,inner_train
1,14142,nD1R4UedEDo$_$0,nD1R4UedEDo,1,1,0,0,0,inner_train
1,14143,nD1R4UedEDo$_$3,nD1R4UedEDo,1,1,0,0,0,inner_train
1,14144,nD1R4UedEDo$_$2,nD1R4UedEDo,1,1,0,0,1.333333373,inner_train
1,14145,nD1R4UedEDo$_$5,nD1R4UedEDo,1,1,0,0,-0.6666666865,inner_train
1,14146,nD1R4UedEDo$_$4,nD1R4UedEDo,1,1,0,0,0.3333333433,inner_train
1,14147,nD1R4UedEDo$_$6,nD1R4UedEDo,1,1,0,0,-0.3333333433,inner_train
1,14148,nD1R4UedEDo$_$9,nD1R4UedEDo,1,1,0,0,-0.6666666865,inner_train
1,14157,nGah7qST1dI$_$1,nGah7qST1dI,1,0,1,0,0.3333333433,outer
1,14158,nGah7qST1dI$_$8,nGah7qST1dI,1,0,1,0,-1,outer
1,14159,nGah7qST1dI$_$3,nGah7qST1dI,1,0,1,0,0,outer
1,14160,nGah7qST1dI$_$4,nGah7qST1dI,1,0,1,0,0,outer
1,14161,nGah7qST1dI$_$7,nGah7qST1dI,1,0,1,0,0.6666666865,outer
1,14162,nHMHePX9WoU$_$0,nHMHePX9WoU,1,0,0,0,0.6666666865,inner_train
1,14163,nHMHePX9WoU$_$2,nHMHePX9WoU,1,0,0,0,-1,inner_train
1,14164,nHMHePX9WoU$_$4,nHMHePX9WoU,1,0,0,0,0,inner_train
1,14165,nHP7l5zAwGA$_$9,nHP7l5zAwGA,1,0,0,0,1,inner_valid
1,14166,nHP7l5zAwGA$_$0,nHP7l5zAwGA,1,0,0,0,1.666666627,inner_valid
1,14167,nHP7l5zAwGA$_$8,nHP7l5zAwGA,1,0,0,0,-1.333333373,inner_valid
1,14168,nHP7l5zAwGA$_$11,nHP7l5zAwGA,1,0,0,0,0.3333333433,inner_valid
1,14169,nISNBD3I95A$_$0,nISNBD3I95A,1,0,0,0,0.6666666865,inner_train
1,14170,nKiC9sEP2vM$_$11,nKiC9sEP2vM,1,1,0,0,1,inner_train
1,14171,nKiC9sEP2vM$_$10,nKiC9sEP2vM,1,1,0,0,0.6666666865,inner_train
1,14172,nKiC9sEP2vM$_$12,nKiC9sEP2vM,1,1,0,0,0,inner_train
1,14173,nKiC9sEP2vM$_$15,nKiC9sEP2vM,1,1,0,0,0,inner_train
1,14174,nKiC9sEP2vM$_$21,nKiC9sEP2vM,1,1,0,0,0.3333333433,inner_train
1,14175,nKiC9sEP2vM$_$17,nKiC9sEP2vM,1,1,0,0,0,inner_train
1,14176,nKiC9sEP2vM$_$19,nKiC9sEP2vM,1,1,0,0,1,inner_train
1,14177,nKiC9sEP2vM$_$22,nKiC9sEP2vM,1,1,0,0,1.333333373,inner_train
1,14178,nKiC9sEP2vM$_$1,nKiC9sEP2vM,1,1,0,0,0,inner_train
1,14179,nKiC9sEP2vM$_$0,nKiC9sEP2vM,1,1,0,0,1,inner_train
1,14180,nKiC9sEP2vM$_$2,nKiC9sEP2vM,1,1,0,0,0.6666666865,inner_train
1,14181,nKiC9sEP2vM$_$5,nKiC9sEP2vM,1,1,0,0,0.3333333433,inner_train
1,14182,nKiC9sEP2vM$_$4,nKiC9sEP2vM,1,1,0,0,-0.3333333433,inner_train
1,14183,nKiC9sEP2vM$_$7,nKiC9sEP2vM,1,1,0,0,0.3333333433,inner_train
1,14184,nM5S3xxNOlQ$_$10,nM5S3xxNOlQ,1,0,0,0,1.666666627,inner_train
1,14185,nM5S3xxNOlQ$_$1,nM5S3xxNOlQ,1,0,0,0,0.6666666865,inner_train
1,14186,nM5S3xxNOlQ$_$0,nM5S3xxNOlQ,1,0,0,0,0,inner_train
1,14187,nM5S3xxNOlQ$_$3,nM5S3xxNOlQ,1,0,0,0,0.3333333433,inner_train
1,14188,nM5S3xxNOlQ$_$2,nM5S3xxNOlQ,1,0,0,0,1,inner_train
1,14189,nM5S3xxNOlQ$_$5,nM5S3xxNOlQ,1,0,0,0,0,inner_train
1,14190,nM5S3xxNOlQ$_$4,nM5S3xxNOlQ,1,0,0,0,0,inner_train
1,14191,nM5S3xxNOlQ$_$7,nM5S3xxNOlQ,1,0,0,0,0.3333333433,inner_train
1,14192,nM5S3xxNOlQ$_$6,nM5S3xxNOlQ,1,0,0,0,0.6666666865,inner_train
1,14193,nM5S3xxNOlQ$_$9,nM5S3xxNOlQ,1,0,0,0,0,inner_train
1,14194,nNFDj9fRAqE$_$0,nNFDj9fRAqE,1,1,0,0,1.666666627,inner_train
1,14197,nTBKtwqPIYw$_$11,nTBKtwqPIYw,1,0,0,0,-0.6666666865,inner_train
1,14198,nTBKtwqPIYw$_$10,nTBKtwqPIYw,1,0,0,0,0.6666666865,inner_train
1,14199,nTBKtwqPIYw$_$1,nTBKtwqPIYw,1,0,0,0,0.3333333433,inner_train
1,14200,nTBKtwqPIYw$_$3,nTBKtwqPIYw,1,0,0,0,1,inner_train
1,14201,nTBKtwqPIYw$_$2,nTBKtwqPIYw,1,0,0,0,0.6666666865,inner_train
1,14202,nTBKtwqPIYw$_$7,nTBKtwqPIYw,1,0,0,0,0,inner_train
1,14203,nTBKtwqPIYw$_$9,nTBKtwqPIYw,1,0,0,0,0.3333333433,inner_train
1,14204,nZEPf7a8GbI$_$3,nZEPf7a8GbI,1,0,0,0,-1,outer
1,14205,nZEPf7a8GbI$_$4,nZEPf7a8GbI,1,0,0,0,-0.6666666865,outer
1,14206,ngp7s5Wvde0$_$11,ngp7s5Wvde0,1,0,0,0,2,inner_train
1,14207,ngp7s5Wvde0$_$1,ngp7s5Wvde0,1,0,0,0,0.6666666865,inner_train
1,14208,ngp7s5Wvde0$_$3,ngp7s5Wvde0,1,0,0,0,1.333333373,inner_train
1,14209,ngp7s5Wvde0$_$10,ngp7s5Wvde0,1,0,0,0,1.666666627,inner_train
1,14210,ngp7s5Wvde0$_$8,ngp7s5Wvde0,1,0,0,0,2,inner_train
1,14211,nhD9WSEIspQ$_$14,nhD9WSEIspQ,1,1,0,0,0.3333333433,inner_train
1,14212,nhD9WSEIspQ$_$17,nhD9WSEIspQ,1,1,0,0,0.3333333433,inner_train
1,14213,nhD9WSEIspQ$_$19,nhD9WSEIspQ,1,1,0,0,1,inner_train
1,14214,nhD9WSEIspQ$_$1,nhD9WSEIspQ,1,1,0,0,1,inner_train
1,14215,nhD9WSEIspQ$_$0,nhD9WSEIspQ,1,1,0,0,1,inner_train
1,14216,nhD9WSEIspQ$_$9,nhD9WSEIspQ,1,1,0,0,1.333333373,inner_train
1,14217,niX_m3aMxhQ$_$0,niX_m3aMxhQ,1,0,0,0,-0.6666666865,outer
1,14218,niX_m3aMxhQ$_$3,niX_m3aMxhQ,1,0,0,0,0.6666666865,outer
1,14219,niX_m3aMxhQ$_$2,niX_m3aMxhQ,1,0,0,0,-0.3333333433,outer
1,14220,niX_m3aMxhQ$_$4,niX_m3aMxhQ,1,0,0,0,0.6666666865,outer
1,14221,nmWplIQhvoA$_$1,nmWplIQhvoA,1,0,0,1,0.3333333433,inner_train
1,14222,nmWplIQhvoA$_$0,nmWplIQhvoA,1,0,0,1,2,inner_train
1,14223,nmWplIQhvoA$_$3,nmWplIQhvoA,1,0,0,1,1.666666627,inner_train
1,14224,nmWplIQhvoA$_$2,nmWplIQhvoA,1,0,0,1,1,inner_train
1,14236,nsLACXjD4KU$_$3,nsLACXjD4KU,1,0,0,0,-0.6666666865,inner_train
1,14237,nsLACXjD4KU$_$2,nsLACXjD4KU,1,0,0,0,0,inner_train
1,14238,nsLACXjD4KU$_$5,nsLACXjD4KU,1,0,0,0,-0.6666666865,inner_train
1,14239,nsLACXjD4KU$_$4,nsLACXjD4KU,1,0,0,0,-2.333333254,inner_train
1,14275,nz2vkMyqfeE$_$15,nz2vkMyqfeE,1,1,0,0,0.3333333433,inner_train
1,14276,nz2vkMyqfeE$_$14,nz2vkMyqfeE,1,1,0,0,0,inner_train
1,14277,nz2vkMyqfeE$_$16,nz2vkMyqfeE,1,1,0,0,1,inner_train
1,14278,nz2vkMyqfeE$_$18,nz2vkMyqfeE,1,1,0,0,1.333333373,inner_train
1,14279,nz2vkMyqfeE$_$2,nz2vkMyqfeE,1,1,0,0,0.3333333433,inner_train
1,14280,nz2vkMyqfeE$_$4,nz2vkMyqfeE,1,1,0,0,1.333333373,inner_train
1,14286,o2miCpS7Hwo$_$1,o2miCpS7Hwo,1,0,0,0,1.666666627,inner_train
1,14287,o2miCpS7Hwo$_$5,o2miCpS7Hwo,1,0,0,0,1,inner_train
1,14288,o2miCpS7Hwo$_$6,o2miCpS7Hwo,1,0,0,0,1.333333373,inner_train
1,14289,o4b7hjQwpv0$_$1,o4b7hjQwpv0,1,1,0,0,0,inner_valid
1,14290,o4b7hjQwpv0$_$0,o4b7hjQwpv0,1,1,0,0,0.3333333433,inner_valid
1,14291,o4b7hjQwpv0$_$3,o4b7hjQwpv0,1,1,0,0,0,inner_valid
1,14292,o4b7hjQwpv0$_$2,o4b7hjQwpv0,1,1,0,0,1,inner_valid
1,14293,o4b7hjQwpv0$_$5,o4b7hjQwpv0,1,1,0,0,0.3333333433,inner_valid
1,14294,o4b7hjQwpv0$_$4,o4b7hjQwpv0,1,1,0,0,0.3333333433,inner_valid
1,14295,o4b7hjQwpv0$_$7,o4b7hjQwpv0,1,1,0,0,0.3333333433,inner_valid
1,14296,o4b7hjQwpv0$_$6,o4b7hjQwpv0,1,1,0,0,0,inner_valid
1,14297,o4b7hjQwpv0$_$9,o4b7hjQwpv0,1,1,0,0,0.6666666865,inner_valid
1,14298,o4b7hjQwpv0$_$8,o4b7hjQwpv0,1,1,0,0,0.6666666865,inner_valid
1,14309,o8OZGBDPD8M$_$11,o8OZGBDPD8M,1,1,0,0,-0.3333333433,outer
1,14310,o8OZGBDPD8M$_$10,o8OZGBDPD8M,1,1,0,0,-2,outer
1,14311,o8OZGBDPD8M$_$12,o8OZGBDPD8M,1,1,0,0,1,outer
1,14312,o8OZGBDPD8M$_$16,o8OZGBDPD8M,1,1,0,0,-0.3333333433,outer
1,14313,o8OZGBDPD8M$_$0,o8OZGBDPD8M,1,1,0,0,0,outer
1,14314,o8OZGBDPD8M$_$5,o8OZGBDPD8M,1,1,0,0,-1.666666627,outer
1,14315,o8OZGBDPD8M$_$8,o8OZGBDPD8M,1,1,0,0,-0.3333333433,outer
1,14316,oANUXY3xXKM$_$1,oANUXY3xXKM,1,0,0,0,-1,inner_train
1,14317,oANUXY3xXKM$_$3,oANUXY3xXKM,1,0,0,0,1.333333373,inner_train
1,14318,oANUXY3xXKM$_$2,oANUXY3xXKM,1,0,0,0,-1,inner_train
1,14319,oANUXY3xXKM$_$5,oANUXY3xXKM,1,0,0,0,1,inner_train
1,14320,oANUXY3xXKM$_$4,oANUXY3xXKM,1,0,0,0,-1.666666627,inner_train
1,14321,oANUXY3xXKM$_$7,oANUXY3xXKM,1,0,0,0,0,inner_train
1,14322,oANUXY3xXKM$_$6,oANUXY3xXKM,1,0,0,0,0,inner_train
1,14323,oANUXY3xXKM$_$8,oANUXY3xXKM,1,0,0,0,0.6666666865,inner_train
1,14324,oCsrnIomHos$_$11,oCsrnIomHos,1,1,1,1,-0.3333333433,inner_valid
1,14325,oCsrnIomHos$_$19,oCsrnIomHos,1,1,1,1,0.6666666865,inner_valid
1,14326,oCsrnIomHos$_$9,oCsrnIomHos,1,1,1,1,1.333333373,inner_valid
1,14327,oCsrnIomHos$_$15,oCsrnIomHos,1,1,1,1,0,inner_valid
1,14328,oCsrnIomHos$_$5,oCsrnIomHos,1,1,1,1,-1.333333373,inner_valid
1,14329,oDznO5w3v0U$_$10,oDznO5w3v0U,1,0,0,0,1,inner_train
1,14330,oDznO5w3v0U$_$3,oDznO5w3v0U,1,0,0,0,0,inner_train
1,14331,oDznO5w3v0U$_$6,oDznO5w3v0U,1,0,0,0,1,inner_train
1,14332,oGnKsroR0R0$_$13,oGnKsroR0R0,1,1,0,0,-2,inner_train
1,14333,oGnKsroR0R0$_$12,oGnKsroR0R0,1,1,0,0,0.3333333433,inner_train
1,14334,oGnKsroR0R0$_$15,oGnKsroR0R0,1,1,0,0,1,inner_train
1,14335,oGnKsroR0R0$_$14,oGnKsroR0R0,1,1,0,0,0,inner_train
1,14336,oGnKsroR0R0$_$17,oGnKsroR0R0,1,1,0,0,-2,inner_train
1,14337,oGnKsroR0R0$_$16,oGnKsroR0R0,1,1,0,0,2.333333254,inner_train
1,14338,oGnKsroR0R0$_$18,oGnKsroR0R0,1,1,0,0,-2.333333254,inner_train
1,14339,oGnKsroR0R0$_$1,oGnKsroR0R0,1,1,0,0,0,inner_train
1,14340,oGnKsroR0R0$_$0,oGnKsroR0R0,1,1,0,0,2,inner_train
1,14341,oGnKsroR0R0$_$3,oGnKsroR0R0,1,1,0,0,1,inner_train
1,14342,oGnKsroR0R0$_$5,oGnKsroR0R0,1,1,0,0,1,inner_train
1,14343,oGnKsroR0R0$_$4,oGnKsroR0R0,1,1,0,0,-0.6666666865,inner_train
1,14344,oGnKsroR0R0$_$7,oGnKsroR0R0,1,1,0,0,-0.3333333433,inner_train
1,14345,oGnKsroR0R0$_$6,oGnKsroR0R0,1,1,0,0,-1.333333373,inner_train
1,14346,oGnKsroR0R0$_$9,oGnKsroR0R0,1,1,0,0,-1.333333373,inner_train
1,14347,oGnKsroR0R0$_$20,oGnKsroR0R0,1,1,0,0,1.666666627,inner_train
1,14348,oGnKsroR0R0$_$8,oGnKsroR0R0,1,1,0,0,0.3333333433,inner_train
1,14349,oGnKsroR0R0$_$21,oGnKsroR0R0,1,1,0,0,-0.3333333433,inner_train
1,14350,oHV99Y_EWfI$_$10,oHV99Y_EWfI,1,0,0,1,1.333333373,inner_train
1,14351,oHV99Y_EWfI$_$26,oHV99Y_EWfI,1,0,0,1,2,inner_train
1,14352,oHV99Y_EWfI$_$12,oHV99Y_EWfI,1,0,0,1,1,inner_train
1,14353,oHV99Y_EWfI$_$15,oHV99Y_EWfI,1,0,0,1,0.3333333433,inner_train
1,14354,oHV99Y_EWfI$_$17,oHV99Y_EWfI,1,0,0,1,0.6666666865,inner_train
1,14355,oHV99Y_EWfI$_$25,oHV99Y_EWfI,1,0,0,1,2,inner_train
1,14356,oHV99Y_EWfI$_$19,oHV99Y_EWfI,1,0,0,1,0.6666666865,inner_train
1,14357,oHV99Y_EWfI$_$13,oHV99Y_EWfI,1,0,0,1,0,inner_train
1,14358,oHV99Y_EWfI$_$0,oHV99Y_EWfI,1,0,0,1,0.6666666865,inner_train
1,14359,oHV99Y_EWfI$_$3,oHV99Y_EWfI,1,0,0,1,0.6666666865,inner_train
1,14360,oHV99Y_EWfI$_$5,oHV99Y_EWfI,1,0,0,1,0,inner_train
1,14361,oHV99Y_EWfI$_$4,oHV99Y_EWfI,1,0,0,1,2.666666746,inner_train
1,14362,oHV99Y_EWfI$_$7,oHV99Y_EWfI,1,0,0,1,0,inner_train
1,14363,oHV99Y_EWfI$_$6,oHV99Y_EWfI,1,0,0,1,0.6666666865,inner_train
1,14365,oNCvb0F-c88$_$6,oNCvb0F-c88,1,1,0,0,0,outer
1,14369,oOhxCwkZsUI$_$1,oOhxCwkZsUI,1,1,0,0,0,inner_train
1,14370,oOhxCwkZsUI$_$0,oOhxCwkZsUI,1,1,0,0,0,inner_train
1,14371,oPvUDLhTrjI$_$11,oPvUDLhTrjI,1,1,0,0,1,inner_train
1,14372,oPvUDLhTrjI$_$10,oPvUDLhTrjI,1,1,0,0,2,inner_train
1,14373,oPvUDLhTrjI$_$13,oPvUDLhTrjI,1,1,0,0,2.333333254,inner_train
1,14374,oPvUDLhTrjI$_$15,oPvUDLhTrjI,1,1,0,0,2.333333254,inner_train
1,14375,oPvUDLhTrjI$_$14,oPvUDLhTrjI,1,1,0,0,1.333333373,inner_train
1,14376,oPvUDLhTrjI$_$0,oPvUDLhTrjI,1,1,0,0,1,inner_train
1,14377,oPvUDLhTrjI$_$3,oPvUDLhTrjI,1,1,0,0,-0.3333333433,inner_train
1,14378,oPvUDLhTrjI$_$2,oPvUDLhTrjI,1,1,0,0,0.3333333433,inner_train
1,14379,oPvUDLhTrjI$_$7,oPvUDLhTrjI,1,1,0,0,0,inner_train
1,14380,oPvUDLhTrjI$_$9,oPvUDLhTrjI,1,1,0,0,1.333333373,inner_train
1,14381,oPvUDLhTrjI$_$8,oPvUDLhTrjI,1,1,0,0,1,inner_train
1,14382,oVqBUyKvgdU$_$10,oVqBUyKvgdU,1,1,0,0,0.6666666865,inner_train
1,14383,oVqBUyKvgdU$_$1,oVqBUyKvgdU,1,1,0,0,1,inner_train
1,14384,oVqBUyKvgdU$_$0,oVqBUyKvgdU,1,1,0,0,0.6666666865,inner_train
1,14385,oVqBUyKvgdU$_$3,oVqBUyKvgdU,1,1,0,0,0.6666666865,inner_train
1,14386,oVqBUyKvgdU$_$7,oVqBUyKvgdU,1,1,0,0,-0.3333333433,inner_train
1,14387,oVqBUyKvgdU$_$9,oVqBUyKvgdU,1,1,0,0,0,inner_train
1,14391,oWAyEzyp2xQ$_$10,oWAyEzyp2xQ,1,1,1,0,0.6666666865,inner_train
1,14392,oWAyEzyp2xQ$_$13,oWAyEzyp2xQ,1,1,1,0,-1.333333373,inner_train
1,14393,oWAyEzyp2xQ$_$12,oWAyEzyp2xQ,1,1,1,0,-0.6666666865,inner_train
1,14394,oWAyEzyp2xQ$_$15,oWAyEzyp2xQ,1,1,1,0,-1.666666627,inner_train
1,14395,oWAyEzyp2xQ$_$16,oWAyEzyp2xQ,1,1,1,0,1.333333373,inner_train
1,14396,oWAyEzyp2xQ$_$19,oWAyEzyp2xQ,1,1,1,0,-0.3333333433,inner_train
1,14397,oWAyEzyp2xQ$_$1,oWAyEzyp2xQ,1,1,1,0,-0.3333333433,inner_train
1,14398,oWAyEzyp2xQ$_$2,oWAyEzyp2xQ,1,1,1,0,-1,inner_train
1,14399,oWAyEzyp2xQ$_$7,oWAyEzyp2xQ,1,1,1,0,0,inner_train
1,14400,oWAyEzyp2xQ$_$8,oWAyEzyp2xQ,1,1,1,0,-1.666666627,inner_train
1,14401,oWAyEzyp2xQ$_$9,oWAyEzyp2xQ,1,1,1,0,-0.6666666865,inner_train
1,14402,oWAyEzyp2xQ$_$20,oWAyEzyp2xQ,1,1,1,0,0,inner_train
1,14416,oecQ9yDtfx0$_$0,oecQ9yDtfx0,1,1,0,0,0,inner_valid
1,14417,oecQ9yDtfx0$_$2,oecQ9yDtfx0,1,1,0,0,1.333333373,inner_valid
1,14418,oecQ9yDtfx0$_$5,oecQ9yDtfx0,1,1,0,0,1,inner_valid
1,14419,ogGweZUAVtU$_$51,ogGweZUAVtU,1,0,0,0,0,inner_train
1,14420,ogGweZUAVtU$_$22,ogGweZUAVtU,1,0,0,0,0,inner_train
1,14421,ogGweZUAVtU$_$43,ogGweZUAVtU,1,0,0,0,0.6666666865,inner_train
1,14422,ogGweZUAVtU$_$53,ogGweZUAVtU,1,0,0,0,0.3333333433,inner_train
1,14423,ogGweZUAVtU$_$52,ogGweZUAVtU,1,0,0,0,0,inner_train
1,14424,ogGweZUAVtU$_$23,ogGweZUAVtU,1,0,0,0,0,inner_train
1,14425,ogGweZUAVtU$_$24,ogGweZUAVtU,1,0,0,0,0,inner_train
1,14426,ogGweZUAVtU$_$25,ogGweZUAVtU,1,0,0,0,0,inner_train
1,14427,ogGweZUAVtU$_$26,ogGweZUAVtU,1,0,0,0,1,inner_train
1,14428,ogGweZUAVtU$_$27,ogGweZUAVtU,1,0,0,0,0.6666666865,inner_train
1,14429,ogGweZUAVtU$_$20,ogGweZUAVtU,1,0,0,0,0.3333333433,inner_train
1,14430,ogGweZUAVtU$_$21,ogGweZUAVtU,1,0,0,0,0.3333333433,inner_train
1,14431,ogGweZUAVtU$_$48,ogGweZUAVtU,1,0,0,0,0.6666666865,inner_train
1,14432,ogGweZUAVtU$_$49,ogGweZUAVtU,1,0,0,0,0.3333333433,inner_train
1,14433,ogGweZUAVtU$_$46,ogGweZUAVtU,1,0,0,0,-0.3333333433,inner_train
1,14434,ogGweZUAVtU$_$47,ogGweZUAVtU,1,0,0,0,0.3333333433,inner_train
1,14435,ogGweZUAVtU$_$44,ogGweZUAVtU,1,0,0,0,0,inner_train
1,14436,ogGweZUAVtU$_$45,ogGweZUAVtU,1,0,0,0,0.3333333433,inner_train
1,14437,ogGweZUAVtU$_$28,ogGweZUAVtU,1,0,0,0,0.3333333433,inner_train
1,14438,ogGweZUAVtU$_$29,ogGweZUAVtU,1,0,0,0,-0.3333333433,inner_train
1,14439,ogGweZUAVtU$_$40,ogGweZUAVtU,1,0,0,0,0,inner_train
1,14440,ogGweZUAVtU$_$41,ogGweZUAVtU,1,0,0,0,0,inner_train
1,14441,ogGweZUAVtU$_$1,ogGweZUAVtU,1,0,0,0,1.666666627,inner_train
1,14442,ogGweZUAVtU$_$0,ogGweZUAVtU,1,0,0,0,1,inner_train
1,14443,ogGweZUAVtU$_$3,ogGweZUAVtU,1,0,0,0,0,inner_train
1,14444,ogGweZUAVtU$_$2,ogGweZUAVtU,1,0,0,0,0,inner_train
1,14445,ogGweZUAVtU$_$5,ogGweZUAVtU,1,0,0,0,0.3333333433,inner_train
1,14446,ogGweZUAVtU$_$4,ogGweZUAVtU,1,0,0,0,0.3333333433,inner_train
1,14447,ogGweZUAVtU$_$7,ogGweZUAVtU,1,0,0,0,0.6666666865,inner_train
1,14448,ogGweZUAVtU$_$6,ogGweZUAVtU,1,0,0,0,0.6666666865,inner_train
1,14449,ogGweZUAVtU$_$9,ogGweZUAVtU,1,0,0,0,0,inner_train
1,14450,ogGweZUAVtU$_$8,ogGweZUAVtU,1,0,0,0,0.6666666865,inner_train
1,14451,ogGweZUAVtU$_$39,ogGweZUAVtU,1,0,0,0,0.3333333433,inner_train
1,14452,ogGweZUAVtU$_$38,ogGweZUAVtU,1,0,0,0,1,inner_train
1,14453,ogGweZUAVtU$_$11,ogGweZUAVtU,1,0,0,0,0.3333333433,inner_train
1,14454,ogGweZUAVtU$_$10,ogGweZUAVtU,1,0,0,0,0,inner_train
1,14455,ogGweZUAVtU$_$13,ogGweZUAVtU,1,0,0,0,0.3333333433,inner_train
1,14456,ogGweZUAVtU$_$12,ogGweZUAVtU,1,0,0,0,1.666666627,inner_train
1,14457,ogGweZUAVtU$_$15,ogGweZUAVtU,1,0,0,0,0.3333333433,inner_train
1,14458,ogGweZUAVtU$_$14,ogGweZUAVtU,1,0,0,0,0,inner_train
1,14459,ogGweZUAVtU$_$17,ogGweZUAVtU,1,0,0,0,0,inner_train
1,14460,ogGweZUAVtU$_$16,ogGweZUAVtU,1,0,0,0,0.6666666865,inner_train
1,14461,ogGweZUAVtU$_$19,ogGweZUAVtU,1,0,0,0,0,inner_train
1,14462,ogGweZUAVtU$_$18,ogGweZUAVtU,1,0,0,0,0,inner_train
1,14463,ogGweZUAVtU$_$31,ogGweZUAVtU,1,0,0,0,0.3333333433,inner_train
1,14464,ogGweZUAVtU$_$30,ogGweZUAVtU,1,0,0,0,0,inner_train
1,14465,ogGweZUAVtU$_$37,ogGweZUAVtU,1,0,0,0,-0.3333333433,inner_train
1,14466,ogGweZUAVtU$_$36,ogGweZUAVtU,1,0,0,0,-0.3333333433,inner_train
1,14467,ogGweZUAVtU$_$35,ogGweZUAVtU,1,0,0,0,0.3333333433,inner_train
1,14468,ogGweZUAVtU$_$34,ogGweZUAVtU,1,0,0,0,0.3333333433,inner_train
1,14469,ogGweZUAVtU$_$33,ogGweZUAVtU,1,0,0,0,0,inner_train
1,14470,ogGweZUAVtU$_$32,ogGweZUAVtU,1,0,0,0,0.6666666865,inner_train
1,14471,oj7A8mpuBeQ$_$11,oj7A8mpuBeQ,1,1,0,0,0.3333333433,inner_train
1,14472,oj7A8mpuBeQ$_$10,oj7A8mpuBeQ,1,1,0,0,0.3333333433,inner_train
1,14473,oj7A8mpuBeQ$_$12,oj7A8mpuBeQ,1,1,0,0,-0.3333333433,inner_train
1,14474,oj7A8mpuBeQ$_$1,oj7A8mpuBeQ,1,1,0,0,0.6666666865,inner_train
1,14475,oj7A8mpuBeQ$_$0,oj7A8mpuBeQ,1,1,0,0,0.3333333433,inner_train
1,14476,oj7A8mpuBeQ$_$3,oj7A8mpuBeQ,1,1,0,0,-1,inner_train
1,14477,oj7A8mpuBeQ$_$2,oj7A8mpuBeQ,1,1,0,0,0,inner_train
1,14478,oj7A8mpuBeQ$_$5,oj7A8mpuBeQ,1,1,0,0,0.6666666865,inner_train
1,14479,oj7A8mpuBeQ$_$4,oj7A8mpuBeQ,1,1,0,0,1,inner_train
1,14480,oj7A8mpuBeQ$_$7,oj7A8mpuBeQ,1,1,0,0,0.6666666865,inner_train
1,14481,oj7A8mpuBeQ$_$6,oj7A8mpuBeQ,1,1,0,0,0.3333333433,inner_train
1,14482,oj7A8mpuBeQ$_$9,oj7A8mpuBeQ,1,1,0,0,0.3333333433,inner_train
1,14483,oj7A8mpuBeQ$_$8,oj7A8mpuBeQ,1,1,0,0,1.333333373,inner_train
1,14484,olVQZV_1rdA$_$1,olVQZV_1rdA,1,0,0,0,0.3333333433,inner_train
1,14485,olVQZV_1rdA$_$0,olVQZV_1rdA,1,0,0,0,0.6666666865,inner_train
1,14486,olcPEN9x5VY$_$1,olcPEN9x5VY,1,1,1,0,0.3333333433,inner_valid
1,14487,olcPEN9x5VY$_$0,olcPEN9x5VY,1,1,1,0,0.6666666865,inner_valid
1,14488,olcPEN9x5VY$_$3,olcPEN9x5VY,1,1,1,0,1.333333373,inner_valid
1,14489,olcPEN9x5VY$_$2,olcPEN9x5VY,1,1,1,0,0.3333333433,inner_valid
1,14490,olcPEN9x5VY$_$5,olcPEN9x5VY,1,1,1,0,1,inner_valid
1,14491,olcPEN9x5VY$_$4,olcPEN9x5VY,1,1,1,0,0.3333333433,inner_valid
1,14492,olcPEN9x5VY$_$7,olcPEN9x5VY,1,1,1,0,1,inner_valid
1,14493,olcPEN9x5VY$_$6,olcPEN9x5VY,1,1,1,0,0.3333333433,inner_valid
1,14494,olcPEN9x5VY$_$9,olcPEN9x5VY,1,1,1,0,2.333333254,inner_valid
1,14495,olcPEN9x5VY$_$8,olcPEN9x5VY,1,1,1,0,1,inner_valid
1,14510,omHQ68k50XY$_$13,omHQ68k50XY,1,0,0,1,0.3333333433,outer
1,14511,omHQ68k50XY$_$14,omHQ68k50XY,1,0,0,1,1,outer
1,14512,omHQ68k50XY$_$17,omHQ68k50XY,1,0,0,1,0,outer
1,14513,omHQ68k50XY$_$19,omHQ68k50XY,1,0,0,1,0.6666666865,outer
1,14514,omHQ68k50XY$_$18,omHQ68k50XY,1,0,0,1,0.3333333433,outer
1,14515,omHQ68k50XY$_$3,omHQ68k50XY,1,0,0,1,0.6666666865,outer
1,14516,omHQ68k50XY$_$2,omHQ68k50XY,1,0,0,1,0.6666666865,outer
1,14517,omHQ68k50XY$_$8,omHQ68k50XY,1,0,0,1,-1.333333373,outer
1,14527,ou6S6fbfBWU$_$8,ou6S6fbfBWU,1,0,0,0,0,inner_train
1,14528,ou6S6fbfBWU$_$0,ou6S6fbfBWU,1,0,0,0,0,inner_train
1,14550,p4IeTRNcxc4$_$9,p4IeTRNcxc4,1,1,0,0,0,inner_train
1,14551,p4IeTRNcxc4$_$5,p4IeTRNcxc4,1,1,0,0,0.6666666865,inner_train
1,14552,p4IeTRNcxc4$_$6,p4IeTRNcxc4,1,1,0,0,0,inner_train
1,14553,p5LEk2u8tXk$_$11,p5LEk2u8tXk,1,0,0,0,1,inner_valid
1,14554,p5LEk2u8tXk$_$13,p5LEk2u8tXk,1,0,0,0,1.666666627,inner_valid
1,14555,p5LEk2u8tXk$_$15,p5LEk2u8tXk,1,0,0,0,1,inner_valid
1,14556,p5LEk2u8tXk$_$16,p5LEk2u8tXk,1,0,0,0,1.333333373,inner_valid
1,14557,p5LEk2u8tXk$_$3,p5LEk2u8tXk,1,0,0,0,0.6666666865,inner_valid
1,14558,p5LEk2u8tXk$_$4,p5LEk2u8tXk,1,0,0,0,0.6666666865,inner_valid
1,14559,p5LEk2u8tXk$_$8,p5LEk2u8tXk,1,0,0,0,1,inner_valid
1,14572,pC0zFF8CXXk$_$2,pC0zFF8CXXk,1,1,1,0,1.333333373,inner_valid
1,14573,pC0zFF8CXXk$_$4,pC0zFF8CXXk,1,1,1,0,0.6666666865,inner_valid
1,14590,pI5Kng_GuLE$_$5,pI5Kng_GuLE,1,1,0,1,0.3333333433,inner_valid
1,14608,pVzHaakhKAw$_$0,pVzHaakhKAw,1,0,0,0,0.3333333433,inner_train
1,14609,pVzHaakhKAw$_$5,pVzHaakhKAw,1,0,0,0,-0.3333333433,inner_train
1,14613,pYUTSG9frAk$_$11,pYUTSG9frAk,1,0,1,0,1.333333373,inner_train
1,14614,pYUTSG9frAk$_$3,pYUTSG9frAk,1,0,1,0,0,inner_train
1,14615,pYUTSG9frAk$_$2,pYUTSG9frAk,1,0,1,0,0.3333333433,inner_train
1,14616,pYUTSG9frAk$_$4,pYUTSG9frAk,1,0,1,0,0.6666666865,inner_train
1,14617,pbFwuNCQlH8$_$13,pbFwuNCQlH8,1,1,0,0,0,inner_train
1,14618,pbFwuNCQlH8$_$12,pbFwuNCQlH8,1,1,0,0,0.3333333433,inner_train
1,14619,pbFwuNCQlH8$_$14,pbFwuNCQlH8,1,1,0,0,0,inner_train
1,14620,pbFwuNCQlH8$_$3,pbFwuNCQlH8,1,1,0,0,0,inner_train
1,14621,pbFwuNCQlH8$_$2,pbFwuNCQlH8,1,1,0,0,0,inner_train
1,14622,pbFwuNCQlH8$_$5,pbFwuNCQlH8,1,1,0,0,0.6666666865,inner_train
1,14623,pbFwuNCQlH8$_$7,pbFwuNCQlH8,1,1,0,0,0,inner_train
1,14624,pbFwuNCQlH8$_$6,pbFwuNCQlH8,1,1,0,0,-0.6666666865,inner_train
1,14625,pbFwuNCQlH8$_$9,pbFwuNCQlH8,1,1,0,0,0,inner_train
1,14645,pfCPogxnUfw$_$24,pfCPogxnUfw,1,0,0,0,-0.3333333433,inner_train
1,14646,pfCPogxnUfw$_$26,pfCPogxnUfw,1,0,0,0,1,inner_train
1,14647,pfCPogxnUfw$_$27,pfCPogxnUfw,1,0,0,0,1.666666627,inner_train
1,14648,pfCPogxnUfw$_$20,pfCPogxnUfw,1,0,0,0,0.6666666865,inner_train
1,14649,pfCPogxnUfw$_$22,pfCPogxnUfw,1,0,0,0,-0.3333333433,inner_train
1,14650,pfCPogxnUfw$_$17,pfCPogxnUfw,1,0,0,0,0.6666666865,inner_train
1,14651,pfCPogxnUfw$_$16,pfCPogxnUfw,1,0,0,0,0.6666666865,inner_train
1,14652,pfCPogxnUfw$_$19,pfCPogxnUfw,1,0,0,0,-1.333333373,inner_train
1,14653,pfCPogxnUfw$_$32,pfCPogxnUfw,1,0,0,0,1.333333373,inner_train
1,14654,pfCPogxnUfw$_$1,pfCPogxnUfw,1,0,0,0,-2,inner_train
1,14655,pfCPogxnUfw$_$0,pfCPogxnUfw,1,0,0,0,-1.666666627,inner_train
1,14656,pfCPogxnUfw$_$5,pfCPogxnUfw,1,0,0,0,0,inner_train
1,14657,pfCPogxnUfw$_$4,pfCPogxnUfw,1,0,0,0,-1,inner_train
1,14658,pfCPogxnUfw$_$6,pfCPogxnUfw,1,0,0,0,-0.6666666865,inner_train
1,14659,pfCPogxnUfw$_$8,pfCPogxnUfw,1,0,0,0,0,inner_train
1,14660,pfCPogxnUfw$_$21,pfCPogxnUfw,1,0,0,0,0.6666666865,inner_train
1,14661,pjWLxORDDP4$_$2,pjWLxORDDP4,1,0,1,0,2.333333254,outer
1,14663,plsot5mFAtQ$_$4,plsot5mFAtQ,1,0,0,0,0.3333333433,inner_train
1,14664,plsot5mFAtQ$_$7,plsot5mFAtQ,1,0,0,0,0.3333333433,inner_train
1,14665,plsot5mFAtQ$_$6,plsot5mFAtQ,1,0,0,0,0.3333333433,inner_train
1,14673,po5jCjnxW1w$_$4,po5jCjnxW1w,1,0,0,0,0,inner_train
1,14674,pqAGD3ijMPw$_$9,pqAGD3ijMPw,1,1,0,0,-1,inner_train
1,14675,pqAGD3ijMPw$_$8,pqAGD3ijMPw,1,1,0,0,-0.6666666865,inner_train
1,14678,pttwIaJmfcU$_$3,pttwIaJmfcU,1,0,0,0,0.3333333433,inner_train
1,14679,pttwIaJmfcU$_$2,pttwIaJmfcU,1,0,0,0,0,inner_train
1,14680,pttwIaJmfcU$_$4,pttwIaJmfcU,1,0,0,0,0,inner_train
1,14681,pu1C7tmYHxI$_$1,pu1C7tmYHxI,1,0,0,0,1.333333373,inner_train
1,14682,pu1C7tmYHxI$_$0,pu1C7tmYHxI,1,0,0,0,0.6666666865,inner_train
1,14683,pu1C7tmYHxI$_$2,pu1C7tmYHxI,1,0,0,0,1,inner_train
1,14703,pvlmYjQdRmA$_$0,pvlmYjQdRmA,1,1,0,0,0,inner_valid
1,14704,pwj9YeMJC08$_$14,pwj9YeMJC08,1,1,0,0,-0.3333333433,inner_train
1,14705,pwj9YeMJC08$_$17,pwj9YeMJC08,1,1,0,0,0.3333333433,inner_train
1,14706,pwj9YeMJC08$_$13,pwj9YeMJC08,1,1,0,0,0,inner_train
1,14707,pwj9YeMJC08$_$15,pwj9YeMJC08,1,1,0,0,-1,inner_train
1,14708,pwj9YeMJC08$_$5,pwj9YeMJC08,1,1,0,0,0,inner_train
1,14709,pwj9YeMJC08$_$6,pwj9YeMJC08,1,1,0,0,0,inner_train
1,14710,pwj9YeMJC08$_$9,pwj9YeMJC08,1,1,0,0,0,inner_train
1,14711,pwj9YeMJC08$_$8,pwj9YeMJC08,1,1,0,0,-0.6666666865,inner_train
1,14712,pzUplbeH_fg$_$0,pzUplbeH_fg,1,0,0,0,0,inner_valid
1,14713,q-0gu48ClF4$_$1,q-0gu48ClF4,1,0,0,1,-0.6666666865,inner_train
1,14714,q-0gu48ClF4$_$0,q-0gu48ClF4,1,0,0,1,-1,inner_train
1,14715,q-0gu48ClF4$_$2,q-0gu48ClF4,1,0,0,1,0.3333333433,inner_train
1,14716,q-0gu48ClF4$_$4,q-0gu48ClF4,1,0,0,1,2,inner_train
1,14717,q1_knonj0Lw$_$11,q1_knonj0Lw,1,1,0,0,0.6666666865,inner_train
1,14718,q1_knonj0Lw$_$26,q1_knonj0Lw,1,1,0,0,1.666666627,inner_train
1,14719,q1_knonj0Lw$_$12,q1_knonj0Lw,1,1,0,0,0,inner_train
1,14720,q1_knonj0Lw$_$15,q1_knonj0Lw,1,1,0,0,1.333333373,inner_train
1,14721,q1_knonj0Lw$_$22,q1_knonj0Lw,1,1,0,0,0.6666666865,inner_train
1,14722,q1_knonj0Lw$_$17,q1_knonj0Lw,1,1,0,0,-0.6666666865,inner_train
1,14723,q1_knonj0Lw$_$16,q1_knonj0Lw,1,1,0,0,1.333333373,inner_train
1,14724,q1_knonj0Lw$_$18,q1_knonj0Lw,1,1,0,0,0.3333333433,inner_train
1,14725,q1_knonj0Lw$_$23,q1_knonj0Lw,1,1,0,0,0.3333333433,inner_train
1,14726,q1_knonj0Lw$_$0,q1_knonj0Lw,1,1,0,0,0,inner_train
1,14727,q1_knonj0Lw$_$3,q1_knonj0Lw,1,1,0,0,-0.6666666865,inner_train
1,14728,q1_knonj0Lw$_$2,q1_knonj0Lw,1,1,0,0,0,inner_train
1,14729,q1_knonj0Lw$_$5,q1_knonj0Lw,1,1,0,0,0.3333333433,inner_train
1,14730,q1_knonj0Lw$_$4,q1_knonj0Lw,1,1,0,0,0.3333333433,inner_train
1,14731,q1_knonj0Lw$_$7,q1_knonj0Lw,1,1,0,0,1,inner_train
1,14738,qDIh6YNbIMU$_$1,qDIh6YNbIMU,1,1,0,0,0,inner_valid
1,14739,qDIh6YNbIMU$_$0,qDIh6YNbIMU,1,1,0,0,0,inner_valid
1,14740,qDIh6YNbIMU$_$3,qDIh6YNbIMU,1,1,0,0,0,inner_valid
1,14741,qDIh6YNbIMU$_$2,qDIh6YNbIMU,1,1,0,0,0,inner_valid
1,14742,qDIh6YNbIMU$_$5,qDIh6YNbIMU,1,1,0,0,-0.3333333433,inner_valid
1,14743,qDIh6YNbIMU$_$4,qDIh6YNbIMU,1,1,0,0,0.3333333433,inner_valid
1,14744,qDIh6YNbIMU$_$7,qDIh6YNbIMU,1,1,0,0,0,inner_valid
1,14745,qDIh6YNbIMU$_$6,qDIh6YNbIMU,1,1,0,0,0,inner_valid
1,14746,qDIh6YNbIMU$_$9,qDIh6YNbIMU,1,1,0,0,0,inner_valid
1,14747,qDIh6YNbIMU$_$8,qDIh6YNbIMU,1,1,0,0,0,inner_valid
1,14748,qEkFReBuwxc$_$25,qEkFReBuwxc,1,1,0,0,1.666666627,outer
1,14749,qEkFReBuwxc$_$12,qEkFReBuwxc,1,1,0,0,0,outer
1,14750,qEkFReBuwxc$_$20,qEkFReBuwxc,1,1,0,0,1.666666627,outer
1,14751,qEkFReBuwxc$_$21,qEkFReBuwxc,1,1,0,0,0.6666666865,outer
1,14752,qEkFReBuwxc$_$19,qEkFReBuwxc,1,1,0,0,2.666666746,outer
1,14753,qEkFReBuwxc$_$18,qEkFReBuwxc,1,1,0,0,0.6666666865,outer
1,14754,qEkFReBuwxc$_$1,qEkFReBuwxc,1,1,0,0,1,outer
1,14755,qEkFReBuwxc$_$0,qEkFReBuwxc,1,1,0,0,0.6666666865,outer
1,14756,qEkFReBuwxc$_$3,qEkFReBuwxc,1,1,0,0,-0.6666666865,outer
1,14757,qEkFReBuwxc$_$2,qEkFReBuwxc,1,1,0,0,2,outer
1,14758,qEkFReBuwxc$_$5,qEkFReBuwxc,1,1,0,0,0,outer
1,14759,qEkFReBuwxc$_$7,qEkFReBuwxc,1,1,0,0,-1.333333373,outer
1,14760,qEkFReBuwxc$_$9,qEkFReBuwxc,1,1,0,0,0.6666666865,outer
1,14761,qEkFReBuwxc$_$8,qEkFReBuwxc,1,1,0,0,1,outer
1,14770,qFsGMA75-oQ$_$1,qFsGMA75-oQ,1,0,0,0,0.3333333433,inner_train
1,14771,qFsGMA75-oQ$_$3,qFsGMA75-oQ,1,0,0,0,1.666666627,inner_train
1,14772,qFsGMA75-oQ$_$2,qFsGMA75-oQ,1,0,0,0,2.333333254,inner_train
1,14773,qFsGMA75-oQ$_$5,qFsGMA75-oQ,1,0,0,0,0.3333333433,inner_train
1,14798,qJh6x4wmmh8$_$0,qJh6x4wmmh8,1,0,0,0,-0.3333333433,inner_train
1,14799,qJh6x4wmmh8$_$3,qJh6x4wmmh8,1,0,0,0,1.666666627,inner_train
1,14800,qJh6x4wmmh8$_$2,qJh6x4wmmh8,1,0,0,0,-1,inner_train
1,14801,qJh6x4wmmh8$_$4,qJh6x4wmmh8,1,0,0,0,1.333333373,inner_train
1,14813,qaoSn1eEyq0$_$7,qaoSn1eEyq0,1,1,0,0,0.3333333433,outer
1,14827,qdeQg5dZb2E$_$1,qdeQg5dZb2E,1,0,0,0,0.6666666865,inner_valid
1,14828,qdeQg5dZb2E$_$0,qdeQg5dZb2E,1,0,0,0,-0.6666666865,inner_valid
1,14829,qdeQg5dZb2E$_$2,qdeQg5dZb2E,1,0,0,0,0.6666666865,inner_valid
1,14830,qed3medhsj4$_$1,qed3medhsj4,1,1,0,0,-0.3333333433,inner_train
1,14831,qed3medhsj4$_$0,qed3medhsj4,1,1,0,0,0.6666666865,inner_train
1,14832,qed3medhsj4$_$3,qed3medhsj4,1,1,0,0,0.6666666865,inner_train
1,14833,qed3medhsj4$_$2,qed3medhsj4,1,1,0,0,0.3333333433,inner_train
1,14834,qed3medhsj4$_$5,qed3medhsj4,1,1,0,0,1.666666627,inner_train
1,14835,qjMyjLSORY4$_$11,qjMyjLSORY4,1,1,0,1,0.3333333433,inner_train
1,14836,qjMyjLSORY4$_$13,qjMyjLSORY4,1,1,0,1,0,inner_train
1,14837,qjMyjLSORY4$_$20,qjMyjLSORY4,1,1,0,1,2.333333254,inner_train
1,14838,qjMyjLSORY4$_$22,qjMyjLSORY4,1,1,0,1,2,inner_train
1,14839,qjMyjLSORY4$_$19,qjMyjLSORY4,1,1,0,1,1,inner_train
1,14840,qjMyjLSORY4$_$32,qjMyjLSORY4,1,1,0,1,0.6666666865,inner_train
1,14841,qjMyjLSORY4$_$31,qjMyjLSORY4,1,1,0,1,1.333333373,inner_train
1,14842,qjMyjLSORY4$_$6,qjMyjLSORY4,1,1,0,1,1,inner_train
1,14843,qjMyjLSORY4$_$28,qjMyjLSORY4,1,1,0,1,0.6666666865,inner_train
1,14844,qjMyjLSORY4$_$29,qjMyjLSORY4,1,1,0,1,0.3333333433,inner_train
1,14845,qjMyjLSORY4$_$35,qjMyjLSORY4,1,1,0,1,1.666666627,inner_train
1,14846,qjMyjLSORY4$_$15,qjMyjLSORY4,1,1,0,1,0.6666666865,inner_train
1,14847,qjMyjLSORY4$_$1,qjMyjLSORY4,1,1,0,1,2,inner_train
1,14848,qjMyjLSORY4$_$33,qjMyjLSORY4,1,1,0,1,1,inner_train
1,14849,qjMyjLSORY4$_$3,qjMyjLSORY4,1,1,0,1,2.333333254,inner_train
1,14850,qjMyjLSORY4$_$2,qjMyjLSORY4,1,1,0,1,2.333333254,inner_train
1,14851,qjMyjLSORY4$_$5,qjMyjLSORY4,1,1,0,1,0,inner_train
1,14852,qjMyjLSORY4$_$7,qjMyjLSORY4,1,1,0,1,0.3333333433,inner_train
1,14853,qjMyjLSORY4$_$18,qjMyjLSORY4,1,1,0,1,0.6666666865,inner_train
1,14854,qjMyjLSORY4$_$8,qjMyjLSORY4,1,1,0,1,0.6666666865,inner_train
1,14862,qlDT-bmIzQI$_$0,qlDT-bmIzQI,1,1,0,1,0.3333333433,inner_train
1,14863,qlDT-bmIzQI$_$3,qlDT-bmIzQI,1,1,0,1,1.333333373,inner_train
1,14864,qlDT-bmIzQI$_$2,qlDT-bmIzQI,1,1,0,1,0.6666666865,inner_train
1,14865,qlDT-bmIzQI$_$5,qlDT-bmIzQI,1,1,0,1,1.666666627,inner_train
1,14866,qlDT-bmIzQI$_$4,qlDT-bmIzQI,1,1,0,1,3,inner_train
1,14867,qlDiE1d45Bc$_$14,qlDiE1d45Bc,1,0,0,0,0,inner_train
1,14868,qlDiE1d45Bc$_$17,qlDiE1d45Bc,1,0,0,0,-0.6666666865,inner_train
1,14869,qlDiE1d45Bc$_$19,qlDiE1d45Bc,1,0,0,0,1,inner_train
1,14870,qlDiE1d45Bc$_$18,qlDiE1d45Bc,1,0,0,0,-0.3333333433,inner_train
1,14871,qlDiE1d45Bc$_$2,qlDiE1d45Bc,1,0,0,0,0.3333333433,inner_train
1,14872,qlDiE1d45Bc$_$5,qlDiE1d45Bc,1,0,0,0,0.3333333433,inner_train
1,14873,qmx0nQZYHIo$_$5,qmx0nQZYHIo,1,1,1,0,-0.3333333433,inner_train
1,14874,qmx0nQZYHIo$_$4,qmx0nQZYHIo,1,1,1,0,0.6666666865,inner_train
1,14881,qrI7XCKRFNk$_$1,qrI7XCKRFNk,1,0,0,0,0.3333333433,inner_train
1,14882,qrI7XCKRFNk$_$0,qrI7XCKRFNk,1,0,0,0,-0.3333333433,inner_train
1,14883,qrI7XCKRFNk$_$3,qrI7XCKRFNk,1,0,0,0,0,inner_train
1,14884,qrI7XCKRFNk$_$2,qrI7XCKRFNk,1,0,0,0,0,inner_train
1,14885,qrI7XCKRFNk$_$5,qrI7XCKRFNk,1,0,0,0,-0.3333333433,inner_train
1,14886,qrI7XCKRFNk$_$4,qrI7XCKRFNk,1,0,0,0,0,inner_train
1,14900,qyJiDgtj6YE$_$10,qyJiDgtj6YE,1,0,0,0,-0.3333333433,inner_train
1,14901,qyJiDgtj6YE$_$13,qyJiDgtj6YE,1,0,0,0,0.3333333433,inner_train
1,14902,qyJiDgtj6YE$_$12,qyJiDgtj6YE,1,0,0,0,0,inner_train
1,14903,qyJiDgtj6YE$_$17,qyJiDgtj6YE,1,0,0,0,-0.6666666865,inner_train
1,14904,qyJiDgtj6YE$_$3,qyJiDgtj6YE,1,0,0,0,0,inner_train
1,14905,qyJiDgtj6YE$_$4,qyJiDgtj6YE,1,0,0,0,1,inner_train
1,14906,qyJiDgtj6YE$_$6,qyJiDgtj6YE,1,0,0,0,0,inner_train
1,14914,r4ul1wl_1T8$_$11,r4ul1wl_1T8,1,0,0,0,0,inner_valid
1,14915,r4ul1wl_1T8$_$12,r4ul1wl_1T8,1,0,0,0,0.6666666865,inner_valid
1,14916,r4ul1wl_1T8$_$15,r4ul1wl_1T8,1,0,0,0,-0.3333333433,inner_valid
1,14917,r4ul1wl_1T8$_$5,r4ul1wl_1T8,1,0,0,0,0.3333333433,inner_valid
1,14918,r4ul1wl_1T8$_$6,r4ul1wl_1T8,1,0,0,0,0.3333333433,inner_valid
1,14919,r4ul1wl_1T8$_$9,r4ul1wl_1T8,1,0,0,0,0,inner_valid
1,14923,r917wP1qsL4$_$18,r917wP1qsL4,1,1,0,0,0,outer
1,14924,r917wP1qsL4$_$21,r917wP1qsL4,1,1,0,0,0.6666666865,outer
1,14925,r917wP1qsL4$_$6,r917wP1qsL4,1,1,0,0,0.3333333433,outer
1,14927,rB6WmWvvyxg$_$1,rB6WmWvvyxg,1,1,0,0,-0.6666666865,inner_train
1,14928,rB6WmWvvyxg$_$0,rB6WmWvvyxg,1,1,0,0,-0.3333333433,inner_train
1,14929,rB6WmWvvyxg$_$3,rB6WmWvvyxg,1,1,0,0,0,inner_train
1,14930,rB6WmWvvyxg$_$2,rB6WmWvvyxg,1,1,0,0,0,inner_train
1,14931,rB6WmWvvyxg$_$5,rB6WmWvvyxg,1,1,0,0,0.6666666865,inner_train
1,14932,rB6WmWvvyxg$_$4,rB6WmWvvyxg,1,1,0,0,-0.3333333433,inner_train
1,14933,rB6WmWvvyxg$_$7,rB6WmWvvyxg,1,1,0,0,-0.6666666865,inner_train
1,14934,rB6WmWvvyxg$_$8,rB6WmWvvyxg,1,1,0,0,-0.3333333433,inner_train
1,14935,rBWeo_rEdcU$_$11,rBWeo_rEdcU,1,0,0,0,0,inner_train
1,14936,rBWeo_rEdcU$_$10,rBWeo_rEdcU,1,0,0,0,-0.3333333433,inner_train
1,14937,rBWeo_rEdcU$_$13,rBWeo_rEdcU,1,0,0,0,0,inner_train
1,14938,rBWeo_rEdcU$_$15,rBWeo_rEdcU,1,0,0,0,0,inner_train
1,14939,rBWeo_rEdcU$_$21,rBWeo_rEdcU,1,0,0,0,0.6666666865,inner_train
1,14940,rBWeo_rEdcU$_$22,rBWeo_rEdcU,1,0,0,0,0.3333333433,inner_train
1,14941,rBWeo_rEdcU$_$3,rBWeo_rEdcU,1,0,0,0,0.3333333433,inner_train
1,14942,rBWeo_rEdcU$_$4,rBWeo_rEdcU,1,0,0,0,0,inner_train
1,14943,rBWeo_rEdcU$_$6,rBWeo_rEdcU,1,0,0,0,0.3333333433,inner_train
1,14944,rBWeo_rEdcU$_$8,rBWeo_rEdcU,1,0,0,0,0,inner_train
1,14945,rBWeo_rEdcU$_$17,rBWeo_rEdcU,1,0,0,0,0.3333333433,inner_train
1,14946,rBWeo_rEdcU$_$14,rBWeo_rEdcU,1,0,0,0,0.3333333433,inner_train
1,14979,rVG8gOAY0JE$_$3,rVG8gOAY0JE,1,0,0,0,0.6666666865,outer
1,14982,rZqWAnrJ1Nc$_$1,rZqWAnrJ1Nc,1,1,0,0,0.6666666865,inner_valid
1,14983,r_vjlTcrI-U$_$3,r_vjlTcrI-U,1,0,0,0,1.333333373,inner_train
1,14984,r_vjlTcrI-U$_$2,r_vjlTcrI-U,1,0,0,0,-0.3333333433,inner_train
1,14985,r_vjlTcrI-U$_$4,r_vjlTcrI-U,1,0,0,0,-0.3333333433,inner_train
1,14986,raQ9Pcgo-II$_$1,raQ9Pcgo-II,1,0,0,0,0,inner_train
1,14987,raQ9Pcgo-II$_$0,raQ9Pcgo-II,1,0,0,0,0,inner_train
1,14988,raQ9Pcgo-II$_$3,raQ9Pcgo-II,1,0,0,0,-1.333333373,inner_train
1,14989,raQ9Pcgo-II$_$4,raQ9Pcgo-II,1,0,0,0,0.3333333433,inner_train
1,14990,rexJoy4RMdY$_$1,rexJoy4RMdY,1,0,0,0,0,outer
1,14991,rexJoy4RMdY$_$0,rexJoy4RMdY,1,0,0,0,0,outer
1,14992,rexJoy4RMdY$_$3,rexJoy4RMdY,1,0,0,0,-1,outer
1,14993,rexJoy4RMdY$_$4,rexJoy4RMdY,1,0,0,0,0,outer
1,14994,rsQRiALH5FU$_$11,rsQRiALH5FU,1,1,0,0,0.6666666865,outer
1,14995,rsQRiALH5FU$_$10,rsQRiALH5FU,1,1,0,0,0.6666666865,outer
1,14996,rsQRiALH5FU$_$2,rsQRiALH5FU,1,1,0,0,0,outer
1,14997,rsQRiALH5FU$_$4,rsQRiALH5FU,1,1,0,0,2,outer
1,14998,rv1gp0wEhI0$_$9,rv1gp0wEhI0,1,0,0,0,0.6666666865,inner_train
1,15010,rwe-hBNpzH8$_$1,rwe-hBNpzH8,1,0,1,0,-0.3333333433,inner_train
1,15011,rwe-hBNpzH8$_$0,rwe-hBNpzH8,1,0,1,0,0,inner_train
1,15012,rwe-hBNpzH8$_$2,rwe-hBNpzH8,1,0,1,0,-1.333333373,inner_train
1,15013,rz4Ax6xfZHQ$_$15,rz4Ax6xfZHQ,1,0,0,0,2,inner_train
1,15014,rz4Ax6xfZHQ$_$17,rz4Ax6xfZHQ,1,0,0,0,0.6666666865,inner_train
1,15015,rz4Ax6xfZHQ$_$18,rz4Ax6xfZHQ,1,0,0,0,0.3333333433,inner_train
1,15016,rz4Ax6xfZHQ$_$1,rz4Ax6xfZHQ,1,0,0,0,1,inner_train
1,15017,rz4Ax6xfZHQ$_$2,rz4Ax6xfZHQ,1,0,0,0,-0.6666666865,inner_train
1,15018,rz4Ax6xfZHQ$_$5,rz4Ax6xfZHQ,1,0,0,0,0.3333333433,inner_train
1,15019,rz4Ax6xfZHQ$_$4,rz4Ax6xfZHQ,1,0,0,0,1,inner_train
1,15020,rz4Ax6xfZHQ$_$7,rz4Ax6xfZHQ,1,0,0,0,1,inner_train
1,15021,rz4Ax6xfZHQ$_$8,rz4Ax6xfZHQ,1,0,0,0,2,inner_train
1,15022,rzsk_IvI7bQ$_$1,rzsk_IvI7bQ,1,1,0,0,0.3333333433,inner_train
1,15034,s2oX3zxWuEI$_$8,s2oX3zxWuEI,1,0,0,0,0.6666666865,inner_train
1,15038,sC1NvtirijU$_$20,sC1NvtirijU,1,1,0,0,0.8333333135,inner_valid
1,15039,sC1NvtirijU$_$21,sC1NvtirijU,1,1,0,0,1.833333373,inner_valid
1,15040,sC1NvtirijU$_$22,sC1NvtirijU,1,1,0,0,2.333333254,inner_valid
1,15041,sC1NvtirijU$_$1,sC1NvtirijU,1,1,0,0,0.6666666865,inner_valid
1,15042,sC1NvtirijU$_$0,sC1NvtirijU,1,1,0,0,1.666666627,inner_valid
1,15043,sC1NvtirijU$_$3,sC1NvtirijU,1,1,0,0,0.3333333433,inner_valid
1,15044,sC1NvtirijU$_$2,sC1NvtirijU,1,1,0,0,2,inner_valid
1,15045,sC1NvtirijU$_$5,sC1NvtirijU,1,1,0,0,1.333333373,inner_valid
1,15046,sC1NvtirijU$_$4,sC1NvtirijU,1,1,0,0,1.333333373,inner_valid
1,15047,sC1NvtirijU$_$7,sC1NvtirijU,1,1,0,0,0.3333333433,inner_valid
1,15048,sC1NvtirijU$_$6,sC1NvtirijU,1,1,0,0,1.5,inner_valid
1,15049,sC1NvtirijU$_$9,sC1NvtirijU,1,1,0,0,0.6666666865,inner_valid
1,15050,sC1NvtirijU$_$8,sC1NvtirijU,1,1,0,0,0.5,inner_valid
1,15051,sC1NvtirijU$_$11,sC1NvtirijU,1,1,0,0,1.333333373,inner_valid
1,15052,sC1NvtirijU$_$10,sC1NvtirijU,1,1,0,0,-0.5,inner_valid
1,15053,sC1NvtirijU$_$13,sC1NvtirijU,1,1,0,0,1.166666627,inner_valid
1,15054,sC1NvtirijU$_$12,sC1NvtirijU,1,1,0,0,0.5,inner_valid
1,15055,sC1NvtirijU$_$15,sC1NvtirijU,1,1,0,0,0.8333333135,inner_valid
1,15056,sC1NvtirijU$_$14,sC1NvtirijU,1,1,0,0,1,inner_valid
1,15057,sC1NvtirijU$_$17,sC1NvtirijU,1,1,0,0,0.6666666865,inner_valid
1,15058,sC1NvtirijU$_$16,sC1NvtirijU,1,1,0,0,0.6666666865,inner_valid
1,15059,sC1NvtirijU$_$19,sC1NvtirijU,1,1,0,0,0.6666666865,inner_valid
1,15070,sIGAq2J4KKI$_$1,sIGAq2J4KKI,1,1,1,0,0.3333333433,inner_valid
1,15071,sIGAq2J4KKI$_$0,sIGAq2J4KKI,1,1,1,0,1.666666627,inner_valid
1,15072,sIGAq2J4KKI$_$5,sIGAq2J4KKI,1,1,1,0,2.333333254,inner_valid
1,15073,sK9_de5Jx4U$_$1,sK9_de5Jx4U,1,1,0,0,0.3333333433,inner_valid
1,15074,sKwPCpFtUUI$_$8,sKwPCpFtUUI,1,1,0,1,2,outer
1,15075,sKwPCpFtUUI$_$2,sKwPCpFtUUI,1,1,0,1,0.3333333433,outer
1,15076,sKwPCpFtUUI$_$6,sKwPCpFtUUI,1,1,0,1,0,outer
1,15077,sLaTZtL0ZIk$_$5,sLaTZtL0ZIk,1,1,0,1,0.3333333433,inner_train
1,15078,sLaTZtL0ZIk$_$4,sLaTZtL0ZIk,1,1,0,1,0,inner_train
1,15079,sMnbpyFqrlE$_$13,sMnbpyFqrlE,1,1,0,0,-0.3333333433,inner_train
1,15080,sMnbpyFqrlE$_$15,sMnbpyFqrlE,1,1,0,0,2.333333254,inner_train
1,15081,sMnbpyFqrlE$_$17,sMnbpyFqrlE,1,1,0,0,-0.3333333433,inner_train
1,15082,sMnbpyFqrlE$_$16,sMnbpyFqrlE,1,1,0,0,-0.3333333433,inner_train
1,15083,sMnbpyFqrlE$_$1,sMnbpyFqrlE,1,1,0,0,-0.3333333433,inner_train
1,15084,sMnbpyFqrlE$_$0,sMnbpyFqrlE,1,1,0,0,0.6666666865,inner_train
1,15085,sMnbpyFqrlE$_$4,sMnbpyFqrlE,1,1,0,0,-1,inner_train
1,15086,sMnbpyFqrlE$_$7,sMnbpyFqrlE,1,1,0,0,0,inner_train
1,15087,sMnbpyFqrlE$_$9,sMnbpyFqrlE,1,1,0,0,-0.6666666865,inner_train
1,15088,sMnbpyFqrlE$_$8,sMnbpyFqrlE,1,1,0,0,0.3333333433,inner_train
1,15101,sWsDAG6x9n0$_$1,sWsDAG6x9n0,1,0,1,0,2.333333254,outer
1,15102,sWsDAG6x9n0$_$0,sWsDAG6x9n0,1,0,1,0,2,outer
1,15103,sWsDAG6x9n0$_$3,sWsDAG6x9n0,1,0,1,0,2.666666746,outer
1,15104,sjoArVtU8-o$_$1,sjoArVtU8-o,1,1,0,0,1.333333373,outer
1,15105,sjoArVtU8-o$_$0,sjoArVtU8-o,1,1,0,0,0.6666666865,outer
1,15106,sjoArVtU8-o$_$3,sjoArVtU8-o,1,1,0,0,2.333333254,outer
1,15107,sjoArVtU8-o$_$2,sjoArVtU8-o,1,1,0,0,1.333333373,outer
1,15108,sjoArVtU8-o$_$5,sjoArVtU8-o,1,1,0,0,1,outer
1,15109,sjoArVtU8-o$_$4,sjoArVtU8-o,1,1,0,0,1.666666627,outer
1,15110,sjoArVtU8-o$_$7,sjoArVtU8-o,1,1,0,0,0.6666666865,outer
1,15111,sjoArVtU8-o$_$6,sjoArVtU8-o,1,1,0,0,1,outer
1,15112,sjoArVtU8-o$_$8,sjoArVtU8-o,1,1,0,0,1.666666627,outer
1,15113,skp_SpnIOCM$_$1,skp_SpnIOCM,1,1,1,0,1.333333373,outer
1,15114,skp_SpnIOCM$_$2,skp_SpnIOCM,1,1,1,0,0.6666666865,outer
1,15115,skp_SpnIOCM$_$4,skp_SpnIOCM,1,1,1,0,0.6666666865,outer
1,15116,slLRsFFiiRc$_$1,slLRsFFiiRc,1,0,0,1,0,inner_train
1,15117,slLRsFFiiRc$_$5,slLRsFFiiRc,1,0,0,1,0.3333333433,inner_train
1,15118,slLRsFFiiRc$_$4,slLRsFFiiRc,1,0,0,1,0,inner_train
1,15119,slLRsFFiiRc$_$7,slLRsFFiiRc,1,0,0,1,0,inner_train
1,15120,sn1fEo72gJM$_$2,sn1fEo72gJM,1,1,0,0,0.3333333433,inner_train
1,15121,sn1fEo72gJM$_$12,sn1fEo72gJM,1,1,0,0,0,inner_train
1,15122,sn1fEo72gJM$_$5,sn1fEo72gJM,1,1,0,0,0.3333333433,inner_train
1,15123,sn1fEo72gJM$_$7,sn1fEo72gJM,1,1,0,0,0.6666666865,inner_train
1,15124,sn1fEo72gJM$_$6,sn1fEo72gJM,1,1,0,0,0.3333333433,inner_train
1,15128,soqnBdPOwoo$_$1,soqnBdPOwoo,1,1,0,1,0,inner_train
1,15129,soqnBdPOwoo$_$3,soqnBdPOwoo,1,1,0,1,0,inner_train
1,15130,soqnBdPOwoo$_$2,soqnBdPOwoo,1,1,0,1,0,inner_train
1,15131,soqnBdPOwoo$_$5,soqnBdPOwoo,1,1,0,1,0.6666666865,inner_train
1,15132,soqnBdPOwoo$_$4,soqnBdPOwoo,1,1,0,1,0,inner_train
1,15133,soqnBdPOwoo$_$7,soqnBdPOwoo,1,1,0,1,1.333333373,inner_train
1,15134,soqnBdPOwoo$_$6,soqnBdPOwoo,1,1,0,1,1,inner_train
1,15135,soqnBdPOwoo$_$8,soqnBdPOwoo,1,1,0,1,1.333333373,inner_train
1,15137,srbrWyZRMCI$_$11,srbrWyZRMCI,1,0,0,0,1,inner_valid
1,15138,srbrWyZRMCI$_$10,srbrWyZRMCI,1,0,0,0,1,inner_valid
1,15139,srbrWyZRMCI$_$1,srbrWyZRMCI,1,0,0,0,0.3333333433,inner_valid
1,15140,srbrWyZRMCI$_$0,srbrWyZRMCI,1,0,0,0,0.6666666865,inner_valid
1,15141,srbrWyZRMCI$_$3,srbrWyZRMCI,1,0,0,0,1.333333373,inner_valid
1,15142,srbrWyZRMCI$_$2,srbrWyZRMCI,1,0,0,0,0.6666666865,inner_valid
1,15143,srbrWyZRMCI$_$5,srbrWyZRMCI,1,0,0,0,1,inner_valid
1,15144,srbrWyZRMCI$_$4,srbrWyZRMCI,1,0,0,0,2,inner_valid
1,15145,srbrWyZRMCI$_$7,srbrWyZRMCI,1,0,0,0,0.6666666865,inner_valid
1,15146,srbrWyZRMCI$_$6,srbrWyZRMCI,1,0,0,0,1.333333373,inner_valid
1,15147,srbrWyZRMCI$_$9,srbrWyZRMCI,1,0,0,0,1,inner_valid
1,15148,srbrWyZRMCI$_$8,srbrWyZRMCI,1,0,0,0,1.333333373,inner_valid
1,15162,t0Wi5Nb6kbI$_$10,t0Wi5Nb6kbI,1,1,0,0,-1.333333373,inner_train
1,15163,t0Wi5Nb6kbI$_$3,t0Wi5Nb6kbI,1,1,0,0,0,inner_train
1,15164,t0Wi5Nb6kbI$_$12,t0Wi5Nb6kbI,1,1,0,0,0.3333333433,inner_train
1,15165,t0Wi5Nb6kbI$_$7,t0Wi5Nb6kbI,1,1,0,0,0,inner_train
1,15177,t80DGfWJ3fI$_$0,t80DGfWJ3fI,1,1,0,0,0.3333333433,inner_valid
1,15182,tQk-eoA7JyE$_$5,tQk-eoA7JyE,1,1,0,0,0.3333333433,inner_train
1,15183,tQk-eoA7JyE$_$6,tQk-eoA7JyE,1,1,0,0,0.3333333433,inner_train
1,15189,tXQQ0joMq1Q$_$3,tXQQ0joMq1Q,1,1,0,0,0,inner_train
1,15190,tXxXhGD1aMo$_$1,tXxXhGD1aMo,1,1,0,0,1.666666627,inner_train
1,15191,tXxXhGD1aMo$_$11,tXxXhGD1aMo,1,1,0,0,1,inner_train
1,15192,tXxXhGD1aMo$_$3,tXxXhGD1aMo,1,1,0,0,0.6666666865,inner_train
1,15193,tXxXhGD1aMo$_$2,tXxXhGD1aMo,1,1,0,0,1.666666627,inner_train
1,15194,tXxXhGD1aMo$_$6,tXxXhGD1aMo,1,1,0,0,2.333333254,inner_train
1,15195,tXxf6-CilNI$_$20,tXxf6-CilNI,1,1,0,1,0,inner_train
1,15196,tXxf6-CilNI$_$21,tXxf6-CilNI,1,1,0,1,-0.3333333433,inner_train
1,15197,tXxf6-CilNI$_$23,tXxf6-CilNI,1,1,0,1,0,inner_train
1,15198,tXxf6-CilNI$_$18,tXxf6-CilNI,1,1,0,1,0,inner_train
1,15199,tXxf6-CilNI$_$1,tXxf6-CilNI,1,1,0,1,-0.6666666865,inner_train
1,15200,tXxf6-CilNI$_$0,tXxf6-CilNI,1,1,0,1,0.3333333433,inner_train
1,15201,tXxf6-CilNI$_$6,tXxf6-CilNI,1,1,0,1,0,inner_train
1,15202,tXxf6-CilNI$_$9,tXxf6-CilNI,1,1,0,1,0,inner_train
1,15203,tXxf6-CilNI$_$8,tXxf6-CilNI,1,1,0,1,0,inner_train
1,15204,ta26Z2YEVMQ$_$0,ta26Z2YEVMQ,1,0,0,0,1.333333373,inner_train
1,15205,ta26Z2YEVMQ$_$3,ta26Z2YEVMQ,1,0,0,0,-2.333333254,inner_train
1,15206,ta26Z2YEVMQ$_$2,ta26Z2YEVMQ,1,0,0,0,-0.6666666865,inner_train
1,15207,ta26Z2YEVMQ$_$4,ta26Z2YEVMQ,1,0,0,0,0,inner_train
1,15209,taGs3-SMoYM$_$1,taGs3-SMoYM,1,0,0,0,1.333333373,inner_valid
1,15210,taGs3-SMoYM$_$0,taGs3-SMoYM,1,0,0,0,0.6666666865,inner_valid
1,15211,taGs3-SMoYM$_$3,taGs3-SMoYM,1,0,0,0,1,inner_valid
1,15212,taGs3-SMoYM$_$2,taGs3-SMoYM,1,0,0,0,1,inner_valid
1,15213,taGs3-SMoYM$_$5,taGs3-SMoYM,1,0,0,0,1,inner_valid
1,15214,taGs3-SMoYM$_$4,taGs3-SMoYM,1,0,0,0,1.333333373,inner_valid
1,15221,tgrxA3CiBv0$_$11,tgrxA3CiBv0,1,0,0,0,0.6666666865,outer
1,15222,tgrxA3CiBv0$_$12,tgrxA3CiBv0,1,0,0,0,1,outer
1,15223,tgrxA3CiBv0$_$15,tgrxA3CiBv0,1,0,0,0,0.6666666865,outer
1,15224,tgrxA3CiBv0$_$16,tgrxA3CiBv0,1,0,0,0,0.3333333433,outer
1,15225,tgrxA3CiBv0$_$3,tgrxA3CiBv0,1,0,0,0,2.333333254,outer
1,15226,tgrxA3CiBv0$_$2,tgrxA3CiBv0,1,0,0,0,1.333333373,outer
1,15227,tgrxA3CiBv0$_$7,tgrxA3CiBv0,1,0,0,0,0,outer
1,15228,tgrxA3CiBv0$_$6,tgrxA3CiBv0,1,0,0,0,0.6666666865,outer
1,15229,tgrxA3CiBv0$_$9,tgrxA3CiBv0,1,0,0,0,-0.6666666865,outer
1,15230,tgrxA3CiBv0$_$8,tgrxA3CiBv0,1,0,0,0,0.6666666865,outer
1,15264,txjqbr6FoZs$_$10,txjqbr6FoZs,1,0,0,0,0,inner_train
1,15265,txjqbr6FoZs$_$3,txjqbr6FoZs,1,0,0,0,0.6666666865,inner_train
1,15266,txjqbr6FoZs$_$5,txjqbr6FoZs,1,0,0,0,0.3333333433,inner_train
1,15267,txjqbr6FoZs$_$4,txjqbr6FoZs,1,0,0,0,1.666666627,inner_train
1,15268,txjqbr6FoZs$_$7,txjqbr6FoZs,1,0,0,0,1,inner_train
1,15269,txjqbr6FoZs$_$6,txjqbr6FoZs,1,0,0,0,0.3333333433,inner_train
1,15270,txjqbr6FoZs$_$9,txjqbr6FoZs,1,0,0,0,1,inner_train
1,15271,txjqbr6FoZs$_$8,txjqbr6FoZs,1,0,0,0,1.333333373,inner_train
1,15272,u6H0sVuY1ac$_$1,u6H0sVuY1ac,1,0,0,1,1,inner_train
1,15273,u6H0sVuY1ac$_$3,u6H0sVuY1ac,1,0,0,1,0.3333333433,inner_train
1,15285,uAExKaLeOl8$_$13,uAExKaLeOl8,1,1,0,0,0.6666666865,inner_train
1,15286,uAExKaLeOl8$_$14,uAExKaLeOl8,1,1,0,0,0.3333333433,inner_train
1,15287,uAExKaLeOl8$_$0,uAExKaLeOl8,1,1,0,0,0,inner_train
1,15288,uAExKaLeOl8$_$2,uAExKaLeOl8,1,1,0,0,0,inner_train
1,15289,uAExKaLeOl8$_$5,uAExKaLeOl8,1,1,0,0,1,inner_train
1,15290,uAExKaLeOl8$_$4,uAExKaLeOl8,1,1,0,0,0.6666666865,inner_train
1,15291,uAExKaLeOl8$_$9,uAExKaLeOl8,1,1,0,0,0.6666666865,inner_train
1,15292,uAExKaLeOl8$_$8,uAExKaLeOl8,1,1,0,0,0,inner_train
1,15304,uN0d3ZOkDp8$_$1,uN0d3ZOkDp8,1,1,0,0,1.333333373,inner_train
1,15305,uN0d3ZOkDp8$_$3,uN0d3ZOkDp8,1,1,0,0,2.333333254,inner_train
1,15306,uN0d3ZOkDp8$_$2,uN0d3ZOkDp8,1,1,0,0,1,inner_train
1,15307,uN0d3ZOkDp8$_$4,uN0d3ZOkDp8,1,1,0,0,2,inner_train
1,15309,uTWeng4h5eM$_$1,uTWeng4h5eM,1,1,0,0,0.3333333433,inner_train
1,15310,uTWeng4h5eM$_$8,uTWeng4h5eM,1,1,0,0,0,inner_train
1,15311,uTWeng4h5eM$_$9,uTWeng4h5eM,1,1,0,0,0,inner_train
1,15312,uTWeng4h5eM$_$5,uTWeng4h5eM,1,1,0,0,0.3333333433,inner_train
1,15313,uTWeng4h5eM$_$4,uTWeng4h5eM,1,1,0,0,0.3333333433,inner_train
1,15367,ueCWy7aTmyo$_$11,ueCWy7aTmyo,1,1,0,1,-1.333333373,inner_train
1,15368,ueCWy7aTmyo$_$10,ueCWy7aTmyo,1,1,0,1,0.6666666865,inner_train
1,15369,ueCWy7aTmyo$_$13,ueCWy7aTmyo,1,1,0,1,0.3333333433,inner_train
1,15370,ueCWy7aTmyo$_$12,ueCWy7aTmyo,1,1,0,1,0,inner_train
1,15371,ueCWy7aTmyo$_$15,ueCWy7aTmyo,1,1,0,1,0.6666666865,inner_train
1,15372,ueCWy7aTmyo$_$14,ueCWy7aTmyo,1,1,0,1,-0.6666666865,inner_train
1,15373,ueCWy7aTmyo$_$17,ueCWy7aTmyo,1,1,0,1,0.6666666865,inner_train
1,15374,ueCWy7aTmyo$_$16,ueCWy7aTmyo,1,1,0,1,0.6666666865,inner_train
1,15375,ueCWy7aTmyo$_$19,ueCWy7aTmyo,1,1,0,1,1.666666627,inner_train
1,15376,ueCWy7aTmyo$_$18,ueCWy7aTmyo,1,1,0,1,0.3333333433,inner_train
1,15377,ueCWy7aTmyo$_$1,ueCWy7aTmyo,1,1,0,1,0,inner_train
1,15378,ueCWy7aTmyo$_$0,ueCWy7aTmyo,1,1,0,1,0,inner_train
1,15379,ueCWy7aTmyo$_$3,ueCWy7aTmyo,1,1,0,1,0.6666666865,inner_train
1,15380,ueCWy7aTmyo$_$2,ueCWy7aTmyo,1,1,0,1,0.6666666865,inner_train
1,15381,ueCWy7aTmyo$_$5,ueCWy7aTmyo,1,1,0,1,0.3333333433,inner_train
1,15382,ueCWy7aTmyo$_$4,ueCWy7aTmyo,1,1,0,1,0,inner_train
1,15383,ueCWy7aTmyo$_$7,ueCWy7aTmyo,1,1,0,1,0,inner_train
1,15384,ueCWy7aTmyo$_$6,ueCWy7aTmyo,1,1,0,1,0.6666666865,inner_train
1,15385,ueCWy7aTmyo$_$9,ueCWy7aTmyo,1,1,0,1,0,inner_train
1,15386,ueCWy7aTmyo$_$8,ueCWy7aTmyo,1,1,0,1,0.6666666865,inner_train
1,15403,uyOrVTq8Tjk$_$0,uyOrVTq8Tjk,1,0,0,0,1,inner_train
1,15404,uyOrVTq8Tjk$_$3,uyOrVTq8Tjk,1,0,0,0,0.3333333433,inner_train
1,15405,uyOrVTq8Tjk$_$5,uyOrVTq8Tjk,1,0,0,0,0.6666666865,inner_train
1,15406,uyOrVTq8Tjk$_$7,uyOrVTq8Tjk,1,0,0,0,1,inner_train
1,15407,uyOrVTq8Tjk$_$8,uyOrVTq8Tjk,1,0,0,0,2.666666746,inner_train
1,15408,uyeQsv2tq44$_$1,uyeQsv2tq44,1,0,0,0,0.6666666865,inner_valid
1,15409,v0a8N7Y-Vfc$_$13,v0a8N7Y-Vfc,1,1,0,0,1,inner_train
1,15410,v0a8N7Y-Vfc$_$4,v0a8N7Y-Vfc,1,1,0,0,1.333333373,inner_train
1,15411,v0a8N7Y-Vfc$_$14,v0a8N7Y-Vfc,1,1,0,0,0.6666666865,inner_train
1,15412,v1GKBjohgHc$_$1,v1GKBjohgHc,1,1,0,0,-1.333333373,inner_train
1,15413,v1GKBjohgHc$_$3,v1GKBjohgHc,1,1,0,0,-2,inner_train
1,15414,v1GKBjohgHc$_$2,v1GKBjohgHc,1,1,0,0,-1.333333373,inner_train
1,15415,v1GKBjohgHc$_$5,v1GKBjohgHc,1,1,0,0,2,inner_train
1,15416,v1GKBjohgHc$_$4,v1GKBjohgHc,1,1,0,0,2.333333254,inner_train
1,15438,v9GshyXtiWg$_$10,v9GshyXtiWg,1,1,0,0,0.6666666865,inner_train
1,15439,v9GshyXtiWg$_$12,v9GshyXtiWg,1,1,0,0,1,inner_train
1,15440,v9GshyXtiWg$_$0,v9GshyXtiWg,1,1,0,0,0.6666666865,inner_train
1,15441,v9GshyXtiWg$_$3,v9GshyXtiWg,1,1,0,0,0.3333333433,inner_train
1,15442,v9GshyXtiWg$_$2,v9GshyXtiWg,1,1,0,0,0.3333333433,inner_train
1,15443,v9GshyXtiWg$_$7,v9GshyXtiWg,1,1,0,0,-0.3333333433,inner_train
1,15444,v9GshyXtiWg$_$6,v9GshyXtiWg,1,1,0,0,0.6666666865,inner_train
1,15445,v9GshyXtiWg$_$9,v9GshyXtiWg,1,1,0,0,1.666666627,inner_train
1,15446,v9GshyXtiWg$_$8,v9GshyXtiWg,1,1,0,0,1.333333373,inner_train
1,15449,vCWpKubBbcw$_$1,vCWpKubBbcw,1,0,0,0,0.6666666865,inner_train
1,15450,vCWpKubBbcw$_$2,vCWpKubBbcw,1,0,0,0,0.6666666865,inner_train
1,15451,vM3YB7LmMq4$_$42,vM3YB7LmMq4,1,1,0,0,1.333333373,outer
1,15452,vM3YB7LmMq4$_$43,vM3YB7LmMq4,1,1,0,0,0.6666666865,outer
1,15453,vM3YB7LmMq4$_$52,vM3YB7LmMq4,1,1,0,0,0.3333333433,outer
1,15454,vM3YB7LmMq4$_$23,vM3YB7LmMq4,1,1,0,0,0.3333333433,outer
1,15455,vM3YB7LmMq4$_$24,vM3YB7LmMq4,1,1,0,0,0.6666666865,outer
1,15456,vM3YB7LmMq4$_$26,vM3YB7LmMq4,1,1,0,0,0.6666666865,outer
1,15457,vM3YB7LmMq4$_$27,vM3YB7LmMq4,1,1,0,0,0.3333333433,outer
1,15458,vM3YB7LmMq4$_$21,vM3YB7LmMq4,1,1,0,0,1.333333373,outer
1,15459,vM3YB7LmMq4$_$22,vM3YB7LmMq4,1,1,0,0,0,outer
1,15460,vM3YB7LmMq4$_$49,vM3YB7LmMq4,1,1,0,0,2,outer
1,15461,vM3YB7LmMq4$_$47,vM3YB7LmMq4,1,1,0,0,0.6666666865,outer
1,15462,vM3YB7LmMq4$_$44,vM3YB7LmMq4,1,1,0,0,0.6666666865,outer
1,15463,vM3YB7LmMq4$_$45,vM3YB7LmMq4,1,1,0,0,0.6666666865,outer
1,15464,vM3YB7LmMq4$_$28,vM3YB7LmMq4,1,1,0,0,0.3333333433,outer
1,15465,vM3YB7LmMq4$_$29,vM3YB7LmMq4,1,1,0,0,0,outer
1,15466,vM3YB7LmMq4$_$40,vM3YB7LmMq4,1,1,0,0,1,outer
1,15467,vM3YB7LmMq4$_$41,vM3YB7LmMq4,1,1,0,0,0.3333333433,outer
1,15468,vM3YB7LmMq4$_$1,vM3YB7LmMq4,1,1,0,0,1,outer
1,15469,vM3YB7LmMq4$_$0,vM3YB7LmMq4,1,1,0,0,1.333333373,outer
1,15470,vM3YB7LmMq4$_$3,vM3YB7LmMq4,1,1,0,0,2,outer
1,15471,vM3YB7LmMq4$_$2,vM3YB7LmMq4,1,1,0,0,2,outer
1,15472,vM3YB7LmMq4$_$5,vM3YB7LmMq4,1,1,0,0,1,outer
1,15473,vM3YB7LmMq4$_$4,vM3YB7LmMq4,1,1,0,0,2.333333254,outer
1,15474,vM3YB7LmMq4$_$7,vM3YB7LmMq4,1,1,0,0,1,outer
1,15475,vM3YB7LmMq4$_$6,vM3YB7LmMq4,1,1,0,0,0.3333333433,outer
1,15476,vM3YB7LmMq4$_$9,vM3YB7LmMq4,1,1,0,0,2.333333254,outer
1,15477,vM3YB7LmMq4$_$8,vM3YB7LmMq4,1,1,0,0,1,outer
1,15478,vM3YB7LmMq4$_$39,vM3YB7LmMq4,1,1,0,0,0.3333333433,outer
1,15479,vM3YB7LmMq4$_$38,vM3YB7LmMq4,1,1,0,0,0.3333333433,outer
1,15480,vM3YB7LmMq4$_$11,vM3YB7LmMq4,1,1,0,0,0.3333333433,outer
1,15481,vM3YB7LmMq4$_$10,vM3YB7LmMq4,1,1,0,0,1.666666627,outer
1,15482,vM3YB7LmMq4$_$13,vM3YB7LmMq4,1,1,0,0,0,outer
1,15483,vM3YB7LmMq4$_$12,vM3YB7LmMq4,1,1,0,0,0,outer
1,15484,vM3YB7LmMq4$_$15,vM3YB7LmMq4,1,1,0,0,1.333333373,outer
1,15485,vM3YB7LmMq4$_$14,vM3YB7LmMq4,1,1,0,0,0.3333333433,outer
1,15486,vM3YB7LmMq4$_$17,vM3YB7LmMq4,1,1,0,0,0.3333333433,outer
1,15487,vM3YB7LmMq4$_$16,vM3YB7LmMq4,1,1,0,0,0,outer
1,15488,vM3YB7LmMq4$_$19,vM3YB7LmMq4,1,1,0,0,1,outer
1,15489,vM3YB7LmMq4$_$32,vM3YB7LmMq4,1,1,0,0,0,outer
1,15490,vM3YB7LmMq4$_$31,vM3YB7LmMq4,1,1,0,0,0,outer
1,15491,vM3YB7LmMq4$_$30,vM3YB7LmMq4,1,1,0,0,0.6666666865,outer
1,15492,vM3YB7LmMq4$_$51,vM3YB7LmMq4,1,1,0,0,1.333333373,outer
1,15493,vM3YB7LmMq4$_$36,vM3YB7LmMq4,1,1,0,0,0.3333333433,outer
1,15494,vM3YB7LmMq4$_$35,vM3YB7LmMq4,1,1,0,0,0.6666666865,outer
1,15495,vM3YB7LmMq4$_$34,vM3YB7LmMq4,1,1,0,0,1,outer
1,15496,vM3YB7LmMq4$_$33,vM3YB7LmMq4,1,1,0,0,2,outer
1,15497,vM3YB7LmMq4$_$37,vM3YB7LmMq4,1,1,0,0,1,outer
1,15498,vM3YB7LmMq4$_$54,vM3YB7LmMq4,1,1,0,0,0,outer
1,15499,vM3YB7LmMq4$_$50,vM3YB7LmMq4,1,1,0,0,0.6666666865,outer
1,15512,vNID-RVhWcQ$_$1,vNID-RVhWcQ,1,0,0,0,2.666666746,inner_train
1,15513,vNID-RVhWcQ$_$3,vNID-RVhWcQ,1,0,0,0,1,inner_train
1,15514,vNID-RVhWcQ$_$2,vNID-RVhWcQ,1,0,0,0,-0.6666666865,inner_train
1,15535,vYOr36tdcpc$_$1,vYOr36tdcpc,1,0,1,1,0.6666666865,inner_train
1,15536,vYOr36tdcpc$_$0,vYOr36tdcpc,1,0,1,1,1.333333373,inner_train
1,15537,vYOr36tdcpc$_$3,vYOr36tdcpc,1,0,1,1,0,inner_train
1,15541,veHYwR7ge6Y$_$0,veHYwR7ge6Y,1,1,1,0,2.333333254,inner_valid
1,15557,vttEPA6Xffk$_$1,vttEPA6Xffk,1,1,0,0,1.333333373,inner_train
1,15558,vttEPA6Xffk$_$0,vttEPA6Xffk,1,1,0,0,0,inner_train
1,15559,vttEPA6Xffk$_$3,vttEPA6Xffk,1,1,0,0,0.3333333433,inner_train
1,15560,vttEPA6Xffk$_$2,vttEPA6Xffk,1,1,0,0,-0.3333333433,inner_train
1,15561,vttEPA6Xffk$_$4,vttEPA6Xffk,1,1,0,0,-0.6666666865,inner_train
1,15587,w1MxXu5D7ho$_$1,w1MxXu5D7ho,1,1,0,0,1.333333373,inner_train
1,15588,w1MxXu5D7ho$_$0,w1MxXu5D7ho,1,1,0,0,2,inner_train
1,15589,w1MxXu5D7ho$_$2,w1MxXu5D7ho,1,1,0,0,-1.333333373,inner_train
1,15596,w8TXP0iz29A$_$1,w8TXP0iz29A,1,1,0,0,0,inner_train
1,15597,w8TXP0iz29A$_$0,w8TXP0iz29A,1,1,0,0,0,inner_train
1,15598,w8TXP0iz29A$_$3,w8TXP0iz29A,1,1,0,0,-0.3333333433,inner_train
1,15599,w8TXP0iz29A$_$4,w8TXP0iz29A,1,1,0,0,-0.3333333433,inner_train
1,15600,wCbQxI_-GKU$_$0,wCbQxI_-GKU,1,0,0,0,0.6666666865,inner_train
1,15601,wCtZdAdoIm8$_$0,wCtZdAdoIm8,1,1,0,0,0.3333333433,inner_train
1,15602,wCtZdAdoIm8$_$2,wCtZdAdoIm8,1,1,0,0,0,inner_train
1,15608,wHQYmMZzyJY$_$24,wHQYmMZzyJY,1,0,0,0,1,inner_train
1,15609,wHQYmMZzyJY$_$10,wHQYmMZzyJY,1,0,0,0,2,inner_train
1,15610,wHQYmMZzyJY$_$20,wHQYmMZzyJY,1,0,0,0,1,inner_train
1,15611,wHQYmMZzyJY$_$21,wHQYmMZzyJY,1,0,0,0,0,inner_train
1,15612,wHQYmMZzyJY$_$23,wHQYmMZzyJY,1,0,0,0,0.6666666865,inner_train
1,15613,wHQYmMZzyJY$_$19,wHQYmMZzyJY,1,0,0,0,1,inner_train
1,15614,wHQYmMZzyJY$_$18,wHQYmMZzyJY,1,0,0,0,0.6666666865,inner_train
1,15615,wHQYmMZzyJY$_$16,wHQYmMZzyJY,1,0,0,0,0,inner_train
1,15616,wHQYmMZzyJY$_$2,wHQYmMZzyJY,1,0,0,0,1,inner_train
1,15617,wHQYmMZzyJY$_$8,wHQYmMZzyJY,1,0,0,0,1.333333373,inner_train
1,15618,wHQYmMZzyJY$_$14,wHQYmMZzyJY,1,0,0,0,1,inner_train
1,15626,wLJohZMqR-g$_$8,wLJohZMqR-g,1,0,0,0,0,inner_train
1,15627,wLJohZMqR-g$_$4,wLJohZMqR-g,1,0,0,0,0,inner_train
1,15661,wOKWTFYYMuk$_$9,wOKWTFYYMuk,1,0,0,0,1,inner_train
1,15662,wOKWTFYYMuk$_$2,wOKWTFYYMuk,1,0,0,0,0,inner_train
1,15663,wOKWTFYYMuk$_$5,wOKWTFYYMuk,1,0,0,0,0.3333333433,inner_train
1,15664,wOKWTFYYMuk$_$4,wOKWTFYYMuk,1,0,0,0,1,inner_train
1,15665,wOjnqud5GBA$_$1,wOjnqud5GBA,1,0,0,0,0,inner_train
1,15666,wOjnqud5GBA$_$0,wOjnqud5GBA,1,0,0,0,0,inner_train
1,15667,wOjnqud5GBA$_$3,wOjnqud5GBA,1,0,0,0,1,inner_train
1,15668,wOjnqud5GBA$_$5,wOjnqud5GBA,1,0,0,0,0,inner_train
1,15669,wOjnqud5GBA$_$4,wOjnqud5GBA,1,0,0,0,0.3333333433,inner_train
1,15670,wOjnqud5GBA$_$7,wOjnqud5GBA,1,0,0,0,0,inner_train
1,15671,wOjnqud5GBA$_$6,wOjnqud5GBA,1,0,0,0,0.6666666865,inner_train
1,15672,wQkNqbrAlB4$_$1,wQkNqbrAlB4,1,0,1,0,0,inner_train
1,15673,wR3zalLV_6c$_$25,wR3zalLV_6c,1,0,0,0,1,inner_train
1,15674,wR3zalLV_6c$_$15,wR3zalLV_6c,1,0,0,0,-1,inner_train
1,15675,wR3zalLV_6c$_$21,wR3zalLV_6c,1,0,0,0,-0.3333333433,inner_train
1,15676,wR3zalLV_6c$_$22,wR3zalLV_6c,1,0,0,0,-0.3333333433,inner_train
1,15677,wR3zalLV_6c$_$16,wR3zalLV_6c,1,0,0,0,1,inner_train
1,15678,wR3zalLV_6c$_$18,wR3zalLV_6c,1,0,0,0,0.6666666865,inner_train
1,15679,wR3zalLV_6c$_$10,wR3zalLV_6c,1,0,0,0,1.333333373,inner_train
1,15680,wR3zalLV_6c$_$1,wR3zalLV_6c,1,0,0,0,-0.3333333433,inner_train
1,15681,wR3zalLV_6c$_$5,wR3zalLV_6c,1,0,0,0,-1,inner_train
1,15682,wR3zalLV_6c$_$4,wR3zalLV_6c,1,0,0,0,-1,inner_train
1,15683,wR3zalLV_6c$_$7,wR3zalLV_6c,1,0,0,0,0,inner_train
1,15684,wR3zalLV_6c$_$6,wR3zalLV_6c,1,0,0,0,-0.3333333433,inner_train
1,15685,wR3zalLV_6c$_$9,wR3zalLV_6c,1,0,0,0,-0.3333333433,inner_train
1,15686,wR3zalLV_6c$_$17,wR3zalLV_6c,1,0,0,0,1.333333373,inner_train
1,15687,wR3zalLV_6c$_$14,wR3zalLV_6c,1,0,0,0,1.333333373,inner_train
1,15705,wUf6AvCMHbQ$_$0,wUf6AvCMHbQ,1,0,0,0,1,inner_train
1,15712,wXuBJvzeC1Q$_$1,wXuBJvzeC1Q,1,1,0,0,0,inner_train
1,15713,wXuBJvzeC1Q$_$0,wXuBJvzeC1Q,1,1,0,0,0,inner_train
1,15714,wXuBJvzeC1Q$_$3,wXuBJvzeC1Q,1,1,0,0,0.6666666865,inner_train
1,15715,wXuBJvzeC1Q$_$2,wXuBJvzeC1Q,1,1,0,0,1,inner_train
1,15718,w_qYZSVx2dM$_$13,w_qYZSVx2dM,1,1,0,0,0.6666666865,inner_train
1,15719,w_qYZSVx2dM$_$12,w_qYZSVx2dM,1,1,0,0,0.3333333433,inner_train
1,15720,w_qYZSVx2dM$_$17,w_qYZSVx2dM,1,1,0,0,0,inner_train
1,15721,w_qYZSVx2dM$_$2,w_qYZSVx2dM,1,1,0,0,1.333333373,inner_train
1,15722,w_qYZSVx2dM$_$4,w_qYZSVx2dM,1,1,0,0,0.3333333433,inner_train
1,15723,w_qYZSVx2dM$_$9,w_qYZSVx2dM,1,1,0,0,2,inner_train
1,15724,w_qYZSVx2dM$_$8,w_qYZSVx2dM,1,1,0,0,0.6666666865,inner_train
1,15726,wd-LTpCtAzw$_$10,wd-LTpCtAzw,1,1,1,0,-0.6666666865,inner_train
1,15727,wd-LTpCtAzw$_$12,wd-LTpCtAzw,1,1,1,0,1.333333373,inner_train
1,15728,wd-LTpCtAzw$_$14,wd-LTpCtAzw,1,1,1,0,1.666666627,inner_train
1,15729,wd-LTpCtAzw$_$1,wd-LTpCtAzw,1,1,1,0,2.333333254,inner_train
1,15730,wd-LTpCtAzw$_$0,wd-LTpCtAzw,1,1,1,0,2,inner_train
1,15731,wd-LTpCtAzw$_$3,wd-LTpCtAzw,1,1,1,0,0,inner_train
1,15732,wd-LTpCtAzw$_$5,wd-LTpCtAzw,1,1,1,0,1.666666627,inner_train
1,15733,wd-LTpCtAzw$_$4,wd-LTpCtAzw,1,1,1,0,0,inner_train
1,15734,wd-LTpCtAzw$_$9,wd-LTpCtAzw,1,1,1,0,1,inner_train
1,15737,werKCgZ5dFE$_$8,werKCgZ5dFE,1,1,0,0,-0.3333333433,inner_train
1,15738,werKCgZ5dFE$_$16,werKCgZ5dFE,1,1,0,0,0.6666666865,inner_train
1,15739,werKCgZ5dFE$_$12,werKCgZ5dFE,1,1,0,0,1,inner_train
1,15740,werKCgZ5dFE$_$14,werKCgZ5dFE,1,1,0,0,-0.6666666865,inner_train
1,15741,werKCgZ5dFE$_$10,werKCgZ5dFE,1,1,0,0,-1.333333373,inner_train
1,15742,wfLrS6CdFs4$_$1,wfLrS6CdFs4,1,1,0,0,0.3333333433,inner_train
1,15743,wfLrS6CdFs4$_$0,wfLrS6CdFs4,1,1,0,0,1,inner_train
1,15744,wgCSuviySwg$_$1,wgCSuviySwg,1,0,0,1,1,inner_valid
1,15745,wgCSuviySwg$_$0,wgCSuviySwg,1,0,0,1,1.666666627,inner_valid
1,15746,wj3ur4fsiN4$_$24,wj3ur4fsiN4,1,0,0,0,0.3333333433,inner_train
1,15747,wj3ur4fsiN4$_$25,wj3ur4fsiN4,1,0,0,0,0,inner_train
1,15748,wj3ur4fsiN4$_$26,wj3ur4fsiN4,1,0,0,0,1,inner_train
1,15749,wj3ur4fsiN4$_$20,wj3ur4fsiN4,1,0,0,0,0,inner_train
1,15750,wj3ur4fsiN4$_$21,wj3ur4fsiN4,1,0,0,0,0.6666666865,inner_train
1,15751,wj3ur4fsiN4$_$22,wj3ur4fsiN4,1,0,0,0,1,inner_train
1,15752,wj3ur4fsiN4$_$23,wj3ur4fsiN4,1,0,0,0,0,inner_train
1,15753,wj3ur4fsiN4$_$1,wj3ur4fsiN4,1,0,0,0,0,inner_train
1,15754,wj3ur4fsiN4$_$3,wj3ur4fsiN4,1,0,0,0,0.3333333433,inner_train
1,15755,wj3ur4fsiN4$_$2,wj3ur4fsiN4,1,0,0,0,0.3333333433,inner_train
1,15756,wj3ur4fsiN4$_$5,wj3ur4fsiN4,1,0,0,0,0.6666666865,inner_train
1,15757,wj3ur4fsiN4$_$4,wj3ur4fsiN4,1,0,0,0,0,inner_train
1,15758,wj3ur4fsiN4$_$7,wj3ur4fsiN4,1,0,0,0,1.666666627,inner_train
1,15759,wj3ur4fsiN4$_$6,wj3ur4fsiN4,1,0,0,0,0,inner_train
1,15760,wj3ur4fsiN4$_$9,wj3ur4fsiN4,1,0,0,0,0,inner_train
1,15761,wj3ur4fsiN4$_$8,wj3ur4fsiN4,1,0,0,0,0,inner_train
1,15762,wj3ur4fsiN4$_$11,wj3ur4fsiN4,1,0,0,0,0,inner_train
1,15763,wj3ur4fsiN4$_$10,wj3ur4fsiN4,1,0,0,0,0.3333333433,inner_train
1,15764,wj3ur4fsiN4$_$13,wj3ur4fsiN4,1,0,0,0,0,inner_train
1,15765,wj3ur4fsiN4$_$12,wj3ur4fsiN4,1,0,0,0,0,inner_train
1,15766,wj3ur4fsiN4$_$15,wj3ur4fsiN4,1,0,0,0,-0.3333333433,inner_train
1,15767,wj3ur4fsiN4$_$14,wj3ur4fsiN4,1,0,0,0,1,inner_train
1,15768,wj3ur4fsiN4$_$17,wj3ur4fsiN4,1,0,0,0,0.6666666865,inner_train
1,15769,wj3ur4fsiN4$_$16,wj3ur4fsiN4,1,0,0,0,0,inner_train
1,15770,wj3ur4fsiN4$_$19,wj3ur4fsiN4,1,0,0,0,0,inner_train
1,15771,wj3ur4fsiN4$_$18,wj3ur4fsiN4,1,0,0,0,0,inner_train
1,15776,wlrb0HyIs-Q$_$1,wlrb0HyIs-Q,1,0,0,0,-0.3333333433,outer
1,15777,wlrb0HyIs-Q$_$0,wlrb0HyIs-Q,1,0,0,0,0.3333333433,outer
1,15778,wlrb0HyIs-Q$_$2,wlrb0HyIs-Q,1,0,0,0,0.3333333433,outer
1,15796,wtCKzu8eVJ0$_$1,wtCKzu8eVJ0,1,0,0,0,0.3333333433,inner_valid
1,15797,wvMA0r3esw8$_$1,wvMA0r3esw8,1,1,0,0,-1,inner_valid
1,15798,wvMA0r3esw8$_$0,wvMA0r3esw8,1,1,0,0,-0.3333333433,inner_valid
1,15799,wvMA0r3esw8$_$3,wvMA0r3esw8,1,1,0,0,0.6666666865,inner_valid
1,15800,wvMA0r3esw8$_$2,wvMA0r3esw8,1,1,0,0,-0.3333333433,inner_valid
1,15801,wvMA0r3esw8$_$4,wvMA0r3esw8,1,1,0,0,-1.666666627,inner_valid
1,15802,wxxqXK9x-64$_$0,wxxqXK9x-64,1,0,0,0,-0.3333333433,inner_valid
1,15803,wxxqXK9x-64$_$2,wxxqXK9x-64,1,0,0,0,0,inner_valid
1,15804,wxxqXK9x-64$_$5,wxxqXK9x-64,1,0,0,0,0,inner_valid
1,15805,wxxqXK9x-64$_$4,wxxqXK9x-64,1,0,0,0,0.6666666865,inner_valid
1,15806,wxxqXK9x-64$_$6,wxxqXK9x-64,1,0,0,0,0.3333333433,inner_valid
1,15807,wz3nVBPVgIA$_$1,wz3nVBPVgIA,1,0,0,0,1.666666627,inner_train
1,15808,wz3nVBPVgIA$_$0,wz3nVBPVgIA,1,0,0,0,3,inner_train
1,15809,wz3nVBPVgIA$_$3,wz3nVBPVgIA,1,0,0,0,1,inner_train
1,15810,wz3nVBPVgIA$_$2,wz3nVBPVgIA,1,0,0,0,2,inner_train
1,15811,wz3nVBPVgIA$_$5,wz3nVBPVgIA,1,0,0,0,2.333333254,inner_train
1,15812,wz3nVBPVgIA$_$4,wz3nVBPVgIA,1,0,0,0,0.3333333433,inner_train
1,15813,wz3nVBPVgIA$_$7,wz3nVBPVgIA,1,0,0,0,1,inner_train
1,15814,wz3nVBPVgIA$_$6,wz3nVBPVgIA,1,0,0,0,1,inner_train
1,15815,wz3nVBPVgIA$_$9,wz3nVBPVgIA,1,0,0,0,0.3333333433,inner_train
1,15816,wz3nVBPVgIA$_$8,wz3nVBPVgIA,1,0,0,0,2.666666746,inner_train
1,15817,x5xF4yu9Bos$_$11,x5xF4yu9Bos,1,1,0,0,0,inner_valid
1,15818,x5xF4yu9Bos$_$10,x5xF4yu9Bos,1,1,0,0,1.333333373,inner_valid
1,15819,x5xF4yu9Bos$_$1,x5xF4yu9Bos,1,1,0,0,0.6666666865,inner_valid
1,15820,x5xF4yu9Bos$_$0,x5xF4yu9Bos,1,1,0,0,0.3333333433,inner_valid
1,15821,x5xF4yu9Bos$_$3,x5xF4yu9Bos,1,1,0,0,0.6666666865,inner_valid
1,15822,x5xF4yu9Bos$_$5,x5xF4yu9Bos,1,1,0,0,0.6666666865,inner_valid
1,15823,x5xF4yu9Bos$_$4,x5xF4yu9Bos,1,1,0,0,-0.3333333433,inner_valid
1,15824,x5xF4yu9Bos$_$7,x5xF4yu9Bos,1,1,0,0,-0.3333333433,inner_valid
1,15825,x5xF4yu9Bos$_$9,x5xF4yu9Bos,1,1,0,0,1.333333373,inner_valid
1,15826,x5xF4yu9Bos$_$8,x5xF4yu9Bos,1,1,0,0,0,inner_valid
1,15833,x9E8yaFCX0Y$_$1,x9E8yaFCX0Y,1,1,0,0,0.3333333433,inner_train
1,15834,x9E8yaFCX0Y$_$0,x9E8yaFCX0Y,1,1,0,0,-1.333333373,inner_train
1,15835,x9E8yaFCX0Y$_$3,x9E8yaFCX0Y,1,1,0,0,0.3333333433,inner_train
1,15836,x9E8yaFCX0Y$_$5,x9E8yaFCX0Y,1,1,0,0,0.6666666865,inner_train
1,15837,x9E8yaFCX0Y$_$4,x9E8yaFCX0Y,1,1,0,0,1,inner_train
1,15838,x9E8yaFCX0Y$_$7,x9E8yaFCX0Y,1,1,0,0,0.6666666865,inner_train
1,15839,x9E8yaFCX0Y$_$6,x9E8yaFCX0Y,1,1,0,0,0.3333333433,inner_train
1,15840,x9E8yaFCX0Y$_$9,x9E8yaFCX0Y,1,1,0,0,1,inner_train
1,15841,x9E8yaFCX0Y$_$8,x9E8yaFCX0Y,1,1,0,0,0.3333333433,inner_train
1,15850,xNYsfeSgDCQ$_$1,xNYsfeSgDCQ,1,1,0,0,1.333333373,inner_train
1,15851,xNYsfeSgDCQ$_$0,xNYsfeSgDCQ,1,1,0,0,1.333333373,inner_train
1,15852,xNYsfeSgDCQ$_$2,xNYsfeSgDCQ,1,1,0,0,1.333333373,inner_train
1,15853,xNYsfeSgDCQ$_$4,xNYsfeSgDCQ,1,1,0,0,1,inner_train
1,15865,xPhlDO-2Foc$_$0,xPhlDO-2Foc,1,0,0,0,1,inner_train
1,15866,xPhlDO-2Foc$_$3,xPhlDO-2Foc,1,0,0,0,1,inner_train
1,15867,xPhlDO-2Foc$_$2,xPhlDO-2Foc,1,0,0,0,-0.3333333433,inner_train
1,15868,xPhlDO-2Foc$_$5,xPhlDO-2Foc,1,0,0,0,0,inner_train
1,15869,xPhlDO-2Foc$_$4,xPhlDO-2Foc,1,0,0,0,-0.6666666865,inner_train
1,15870,xPhlDO-2Foc$_$6,xPhlDO-2Foc,1,0,0,0,0,inner_train
1,15895,xXGEkDhu94E$_$9,xXGEkDhu94E,1,0,0,0,1,inner_train
1,15896,xXGEkDhu94E$_$8,xXGEkDhu94E,1,0,0,0,1,inner_train
1,15897,xXGEkDhu94E$_$2,xXGEkDhu94E,1,0,0,0,-0.6666666865,inner_train
1,15898,xXGEkDhu94E$_$5,xXGEkDhu94E,1,0,0,0,-0.6666666865,inner_train
1,15899,xXGEkDhu94E$_$10,xXGEkDhu94E,1,0,0,0,1,inner_train
1,15900,xXIq7YPkdUQ$_$1,xXIq7YPkdUQ,1,1,0,0,0.3333333433,outer
1,15901,xXIq7YPkdUQ$_$2,xXIq7YPkdUQ,1,1,0,0,0.3333333433,outer
1,15902,xXIq7YPkdUQ$_$4,xXIq7YPkdUQ,1,1,0,0,1.666666627,outer
1,15911,xZ1FrxU6hcg$_$15,xZ1FrxU6hcg,1,1,0,0,1,inner_train
1,15912,xZ1FrxU6hcg$_$23,xZ1FrxU6hcg,1,1,0,0,0.3333333433,inner_train
1,15913,xZ1FrxU6hcg$_$18,xZ1FrxU6hcg,1,1,0,0,0,inner_train
1,15914,xZ1FrxU6hcg$_$0,xZ1FrxU6hcg,1,1,0,0,0.3333333433,inner_train
1,15915,xZ1FrxU6hcg$_$6,xZ1FrxU6hcg,1,1,0,0,0.3333333433,inner_train
1,15916,xZ1FrxU6hcg$_$8,xZ1FrxU6hcg,1,1,0,0,1,inner_train
1,15936,xfeASyC6PPg$_$0,xfeASyC6PPg,1,1,0,0,0,inner_train
1,15937,xfeASyC6PPg$_$3,xfeASyC6PPg,1,1,0,0,1.333333373,inner_train
1,15938,xfeASyC6PPg$_$2,xfeASyC6PPg,1,1,0,0,1,inner_train
1,15939,xfeASyC6PPg$_$4,xfeASyC6PPg,1,1,0,0,0.3333333433,inner_train
1,15945,xge9aYTxxOA$_$0,xge9aYTxxOA,1,0,0,0,-1.333333373,outer
1,15946,xge9aYTxxOA$_$3,xge9aYTxxOA,1,0,0,0,-1.333333373,outer
1,15947,xge9aYTxxOA$_$12,xge9aYTxxOA,1,0,0,0,0,outer
1,15948,xge9aYTxxOA$_$10,xge9aYTxxOA,1,0,0,0,-1.666666627,outer
1,15951,xk4C4p5vHDk$_$10,xk4C4p5vHDk,1,1,0,0,1,inner_train
1,15952,xk4C4p5vHDk$_$12,xk4C4p5vHDk,1,1,0,0,1.333333373,inner_train
1,15953,xk4C4p5vHDk$_$1,xk4C4p5vHDk,1,1,0,0,2,inner_train
1,15954,xk4C4p5vHDk$_$0,xk4C4p5vHDk,1,1,0,0,1.333333373,inner_train
1,15955,xk4C4p5vHDk$_$3,xk4C4p5vHDk,1,1,0,0,3,inner_train
1,15956,xk4C4p5vHDk$_$2,xk4C4p5vHDk,1,1,0,0,1.333333373,inner_train
1,15957,xk4C4p5vHDk$_$7,xk4C4p5vHDk,1,1,0,0,1,inner_train
1,15958,xk4C4p5vHDk$_$6,xk4C4p5vHDk,1,1,0,0,0.3333333433,inner_train
1,15959,xk4C4p5vHDk$_$9,xk4C4p5vHDk,1,1,0,0,2,inner_train
1,15960,xk4C4p5vHDk$_$8,xk4C4p5vHDk,1,1,0,0,0,inner_train
1,15961,xlNDpmKgSIc$_$2,xlNDpmKgSIc,1,0,0,0,0,inner_train
1,16002,xqcqieV0Rn8$_$1,xqcqieV0Rn8,1,0,0,0,0.3333333433,outer
1,16003,xqcqieV0Rn8$_$0,xqcqieV0Rn8,1,0,0,0,0,outer
1,16004,xqcqieV0Rn8$_$3,xqcqieV0Rn8,1,0,0,0,1.666666627,outer
1,16005,xqcqieV0Rn8$_$2,xqcqieV0Rn8,1,0,0,0,1,outer
1,16006,xqcqieV0Rn8$_$4,xqcqieV0Rn8,1,0,0,0,0.6666666865,outer
1,16007,xsiHAO0gq74$_$2,xsiHAO0gq74,1,0,1,0,1,inner_train
1,16017,xvnFF0FiyS4$_$11,xvnFF0FiyS4,1,0,0,0,-0.3333333433,inner_train
1,16018,xvnFF0FiyS4$_$10,xvnFF0FiyS4,1,0,0,0,-0.3333333433,inner_train
1,16019,xvnFF0FiyS4$_$12,xvnFF0FiyS4,1,0,0,0,1,inner_train
1,16020,xvnFF0FiyS4$_$1,xvnFF0FiyS4,1,0,0,0,0,inner_train
1,16021,xvnFF0FiyS4$_$0,xvnFF0FiyS4,1,0,0,0,-0.6666666865,inner_train
1,16022,xvnFF0FiyS4$_$5,xvnFF0FiyS4,1,0,0,0,0,inner_train
1,16023,xvnFF0FiyS4$_$7,xvnFF0FiyS4,1,0,0,0,0.6666666865,inner_train
1,16024,xvnFF0FiyS4$_$6,xvnFF0FiyS4,1,0,0,0,0,inner_train
1,16025,xvnFF0FiyS4$_$9,xvnFF0FiyS4,1,0,0,0,-1,inner_train
1,16026,xvnFF0FiyS4$_$8,xvnFF0FiyS4,1,0,0,0,1,inner_train
1,16036,y-nEcwAyQos$_$11,y-nEcwAyQos,1,1,1,0,1,inner_train
1,16037,y-nEcwAyQos$_$1,y-nEcwAyQos,1,1,1,0,1.333333373,inner_train
1,16038,y-nEcwAyQos$_$3,y-nEcwAyQos,1,1,1,0,0.6666666865,inner_train
1,16039,y-nEcwAyQos$_$4,y-nEcwAyQos,1,1,1,0,-0.3333333433,inner_train
1,16050,yDIFWzOBjXc$_$24,yDIFWzOBjXc,1,1,0,0,0.3333333433,inner_train
1,16051,yDIFWzOBjXc$_$26,yDIFWzOBjXc,1,1,0,0,0.6666666865,inner_train
1,16052,yDIFWzOBjXc$_$27,yDIFWzOBjXc,1,1,0,0,0.3333333433,inner_train
1,16053,yDIFWzOBjXc$_$21,yDIFWzOBjXc,1,1,0,0,0.6666666865,inner_train
1,16054,yDIFWzOBjXc$_$22,yDIFWzOBjXc,1,1,0,0,0.6666666865,inner_train
1,16055,yDIFWzOBjXc$_$23,yDIFWzOBjXc,1,1,0,0,0,inner_train
1,16056,yDIFWzOBjXc$_$29,yDIFWzOBjXc,1,1,0,0,0.3333333433,inner_train
1,16057,yDIFWzOBjXc$_$40,yDIFWzOBjXc,1,1,0,0,1,inner_train
1,16058,yDIFWzOBjXc$_$2,yDIFWzOBjXc,1,1,0,0,1,inner_train
1,16059,yDIFWzOBjXc$_$5,yDIFWzOBjXc,1,1,0,0,1.333333373,inner_train
1,16060,yDIFWzOBjXc$_$4,yDIFWzOBjXc,1,1,0,0,2,inner_train
1,16061,yDIFWzOBjXc$_$7,yDIFWzOBjXc,1,1,0,0,0.6666666865,inner_train
1,16062,yDIFWzOBjXc$_$9,yDIFWzOBjXc,1,1,0,0,1,inner_train
1,16063,yDIFWzOBjXc$_$13,yDIFWzOBjXc,1,1,0,0,0.3333333433,inner_train
1,16064,yDIFWzOBjXc$_$10,yDIFWzOBjXc,1,1,0,0,0.6666666865,inner_train
1,16065,yDIFWzOBjXc$_$39,yDIFWzOBjXc,1,1,0,0,1.333333373,inner_train
1,16066,yDIFWzOBjXc$_$38,yDIFWzOBjXc,1,1,0,0,1.666666627,inner_train
1,16067,yDIFWzOBjXc$_$15,yDIFWzOBjXc,1,1,0,0,0,inner_train
1,16068,yDIFWzOBjXc$_$14,yDIFWzOBjXc,1,1,0,0,0,inner_train
1,16069,yDIFWzOBjXc$_$17,yDIFWzOBjXc,1,1,0,0,0.6666666865,inner_train
1,16070,yDIFWzOBjXc$_$19,yDIFWzOBjXc,1,1,0,0,0.3333333433,inner_train
1,16071,yDIFWzOBjXc$_$32,yDIFWzOBjXc,1,1,0,0,-0.3333333433,inner_train
1,16072,yDIFWzOBjXc$_$30,yDIFWzOBjXc,1,1,0,0,0,inner_train
1,16073,yEtfjJOMMCs$_$20,yEtfjJOMMCs,1,1,0,1,0.3333333433,inner_train
1,16074,yEtfjJOMMCs$_$21,yEtfjJOMMCs,1,1,0,1,0.6666666865,inner_train
1,16075,yEtfjJOMMCs$_$22,yEtfjJOMMCs,1,1,0,1,0,inner_train
1,16076,yEtfjJOMMCs$_$1,yEtfjJOMMCs,1,1,0,1,0.6666666865,inner_train
1,16077,yEtfjJOMMCs$_$0,yEtfjJOMMCs,1,1,0,1,0,inner_train
1,16078,yEtfjJOMMCs$_$3,yEtfjJOMMCs,1,1,0,1,-0.3333333433,inner_train
1,16079,yEtfjJOMMCs$_$2,yEtfjJOMMCs,1,1,0,1,0.3333333433,inner_train
1,16080,yEtfjJOMMCs$_$5,yEtfjJOMMCs,1,1,0,1,0.3333333433,inner_train
1,16081,yEtfjJOMMCs$_$4,yEtfjJOMMCs,1,1,0,1,-0.3333333433,inner_train
1,16082,yEtfjJOMMCs$_$7,yEtfjJOMMCs,1,1,0,1,0.3333333433,inner_train
1,16083,yEtfjJOMMCs$_$6,yEtfjJOMMCs,1,1,0,1,0,inner_train
1,16084,yEtfjJOMMCs$_$9,yEtfjJOMMCs,1,1,0,1,-1,inner_train
1,16085,yEtfjJOMMCs$_$8,yEtfjJOMMCs,1,1,0,1,0,inner_train
1,16086,yEtfjJOMMCs$_$11,yEtfjJOMMCs,1,1,0,1,0.6666666865,inner_train
1,16087,yEtfjJOMMCs$_$10,yEtfjJOMMCs,1,1,0,1,0,inner_train
1,16088,yEtfjJOMMCs$_$13,yEtfjJOMMCs,1,1,0,1,0,inner_train
1,16089,yEtfjJOMMCs$_$12,yEtfjJOMMCs,1,1,0,1,0.3333333433,inner_train
1,16090,yEtfjJOMMCs$_$15,yEtfjJOMMCs,1,1,0,1,0.3333333433,inner_train
1,16091,yEtfjJOMMCs$_$14,yEtfjJOMMCs,1,1,0,1,0,inner_train
1,16092,yEtfjJOMMCs$_$17,yEtfjJOMMCs,1,1,0,1,0.3333333433,inner_train
1,16093,yEtfjJOMMCs$_$16,yEtfjJOMMCs,1,1,0,1,0,inner_train
1,16094,yEtfjJOMMCs$_$19,yEtfjJOMMCs,1,1,0,1,0.6666666865,inner_train
1,16095,yEtfjJOMMCs$_$18,yEtfjJOMMCs,1,1,0,1,0,inner_train
1,16096,yG3wpvLUQcg$_$9,yG3wpvLUQcg,1,0,0,0,1.666666627,inner_train
1,16097,yG3wpvLUQcg$_$8,yG3wpvLUQcg,1,0,0,0,0,inner_train
1,16098,yG3wpvLUQcg$_$6,yG3wpvLUQcg,1,0,0,0,0.3333333433,inner_train
1,16099,yHtR71rx16I$_$13,yHtR71rx16I,1,0,0,0,-1.666666627,inner_valid
1,16100,yHtR71rx16I$_$12,yHtR71rx16I,1,0,0,0,0.3333333433,inner_valid
1,16101,yHtR71rx16I$_$14,yHtR71rx16I,1,0,0,0,0,inner_valid
1,16102,yHtR71rx16I$_$22,yHtR71rx16I,1,0,0,0,2,inner_valid
1,16103,yHtR71rx16I$_$16,yHtR71rx16I,1,0,0,0,0,inner_valid
1,16104,yHtR71rx16I$_$0,yHtR71rx16I,1,0,0,0,0.6666666865,inner_valid
1,16105,yHtR71rx16I$_$3,yHtR71rx16I,1,0,0,0,0,inner_valid
1,16106,yKdIZR5xfcc$_$11,yKdIZR5xfcc,1,1,0,0,1,inner_train
1,16107,yKdIZR5xfcc$_$10,yKdIZR5xfcc,1,1,0,0,1.666666627,inner_train
1,16108,yKdIZR5xfcc$_$13,yKdIZR5xfcc,1,1,0,0,1,inner_train
1,16109,yKdIZR5xfcc$_$12,yKdIZR5xfcc,1,1,0,0,2,inner_train
1,16110,yKdIZR5xfcc$_$1,yKdIZR5xfcc,1,1,0,0,1,inner_train
1,16111,yKdIZR5xfcc$_$3,yKdIZR5xfcc,1,1,0,0,0,inner_train
1,16112,yKdIZR5xfcc$_$2,yKdIZR5xfcc,1,1,0,0,1.333333373,inner_train
1,16113,yKdIZR5xfcc$_$5,yKdIZR5xfcc,1,1,0,0,0,inner_train
1,16114,yKdIZR5xfcc$_$4,yKdIZR5xfcc,1,1,0,0,-0.6666666865,inner_train
1,16115,yKdIZR5xfcc$_$7,yKdIZR5xfcc,1,1,0,0,0,inner_train
1,16116,yKdIZR5xfcc$_$6,yKdIZR5xfcc,1,1,0,0,0.3333333433,inner_train
1,16117,yKdIZR5xfcc$_$9,yKdIZR5xfcc,1,1,0,0,0.6666666865,inner_train
1,16118,yKdIZR5xfcc$_$8,yKdIZR5xfcc,1,1,0,0,1,inner_train
1,16122,yOQHOiswVjc$_$11,yOQHOiswVjc,1,1,0,0,0.3333333433,outer
1,16123,yOQHOiswVjc$_$10,yOQHOiswVjc,1,1,0,0,0,outer
1,16124,yOQHOiswVjc$_$13,yOQHOiswVjc,1,1,0,0,0.6666666865,outer
1,16125,yOQHOiswVjc$_$12,yOQHOiswVjc,1,1,0,0,0.6666666865,outer
1,16126,yOQHOiswVjc$_$15,yOQHOiswVjc,1,1,0,0,2,outer
1,16127,yOQHOiswVjc$_$14,yOQHOiswVjc,1,1,0,0,0,outer
1,16128,yOQHOiswVjc$_$16,yOQHOiswVjc,1,1,0,0,1,outer
1,16129,yOQHOiswVjc$_$1,yOQHOiswVjc,1,1,0,0,0.3333333433,outer
1,16130,yOQHOiswVjc$_$2,yOQHOiswVjc,1,1,0,0,-0.3333333433,outer
1,16131,yOQHOiswVjc$_$4,yOQHOiswVjc,1,1,0,0,0,outer
1,16132,yOQHOiswVjc$_$6,yOQHOiswVjc,1,1,0,0,-0.3333333433,outer
1,16133,yOQHOiswVjc$_$8,yOQHOiswVjc,1,1,0,0,2,outer
1,16141,ygb8Cfxghbs$_$11,ygb8Cfxghbs,1,0,0,0,0.6666666865,inner_train
1,16142,ygb8Cfxghbs$_$10,ygb8Cfxghbs,1,0,0,0,1.666666627,inner_train
1,16143,ygb8Cfxghbs$_$15,ygb8Cfxghbs,1,0,0,0,0.6666666865,inner_train
1,16144,ygb8Cfxghbs$_$14,ygb8Cfxghbs,1,0,0,0,0.3333333433,inner_train
1,16145,ygb8Cfxghbs$_$16,ygb8Cfxghbs,1,0,0,0,0,inner_train
1,16146,ygb8Cfxghbs$_$0,ygb8Cfxghbs,1,0,0,0,1,inner_train
1,16147,ygb8Cfxghbs$_$2,ygb8Cfxghbs,1,0,0,0,0.3333333433,inner_train
1,16148,ygb8Cfxghbs$_$4,ygb8Cfxghbs,1,0,0,0,0,inner_train
1,16149,ygb8Cfxghbs$_$7,ygb8Cfxghbs,1,0,0,0,0,inner_train
1,16150,ygb8Cfxghbs$_$6,ygb8Cfxghbs,1,0,0,0,0.6666666865,inner_train
1,16151,ygb8Cfxghbs$_$9,ygb8Cfxghbs,1,0,0,0,1.333333373,inner_train
1,16152,ygb8Cfxghbs$_$8,ygb8Cfxghbs,1,0,0,0,1,inner_train
1,16153,ymPQOY2O_nw$_$0,ymPQOY2O_nw,1,1,0,0,0,inner_valid
1,16154,ymPQOY2O_nw$_$4,ymPQOY2O_nw,1,1,0,0,0,inner_valid
1,16155,ymPQOY2O_nw$_$7,ymPQOY2O_nw,1,1,0,0,0,inner_valid
1,16156,ymPQOY2O_nw$_$6,ymPQOY2O_nw,1,1,0,0,0,inner_valid
1,16157,yp6Gd2NPwOU$_$11,yp6Gd2NPwOU,1,0,0,1,2.333333254,inner_train
1,16158,yp6Gd2NPwOU$_$10,yp6Gd2NPwOU,1,0,0,1,0.6666666865,inner_train
1,16159,yp6Gd2NPwOU$_$3,yp6Gd2NPwOU,1,0,0,1,1,inner_train
1,16160,yp6Gd2NPwOU$_$5,yp6Gd2NPwOU,1,0,0,1,1.333333373,inner_train
1,16161,yp6Gd2NPwOU$_$4,yp6Gd2NPwOU,1,0,0,1,2,inner_train
1,16162,yp6Gd2NPwOU$_$7,yp6Gd2NPwOU,1,0,0,1,1.333333373,inner_train
1,16163,yp6Gd2NPwOU$_$6,yp6Gd2NPwOU,1,0,0,1,0.3333333433,inner_train
1,16164,yp6Gd2NPwOU$_$9,yp6Gd2NPwOU,1,0,0,1,1.333333373,inner_train
1,16165,ypZhKsR-9iI$_$9,ypZhKsR-9iI,1,1,0,0,-0.6666666865,inner_train
1,16166,ypZhKsR-9iI$_$23,ypZhKsR-9iI,1,1,0,0,0.6666666865,inner_train
1,16167,ypZhKsR-9iI$_$12,ypZhKsR-9iI,1,1,0,0,0.3333333433,inner_train
1,16168,ypZhKsR-9iI$_$16,ypZhKsR-9iI,1,1,0,0,0.6666666865,inner_train
1,16175,ysGFcG_PI5I$_$1,ysGFcG_PI5I,1,0,0,0,-1,inner_train
1,16176,ysGFcG_PI5I$_$2,ysGFcG_PI5I,1,0,0,0,-1,inner_train
1,16177,ysGFcG_PI5I$_$4,ysGFcG_PI5I,1,0,0,0,0.3333333433,inner_train
1,16179,ytXVSpPfKwA$_$9,ytXVSpPfKwA,1,1,0,0,0,inner_train
1,16180,ytXVSpPfKwA$_$8,ytXVSpPfKwA,1,1,0,0,2.333333254,inner_train
1,16181,ytXVSpPfKwA$_$5,ytXVSpPfKwA,1,1,0,0,2.333333254,inner_train
1,16182,ytXVSpPfKwA$_$4,ytXVSpPfKwA,1,1,0,0,2.333333254,inner_train
1,16195,z6E-ocntPo4$_$1,z6E-ocntPo4,1,0,0,0,1,inner_train
1,16196,z6E-ocntPo4$_$0,z6E-ocntPo4,1,0,0,0,1.333333373,inner_train
1,16197,z6E-ocntPo4$_$3,z6E-ocntPo4,1,0,0,0,1.666666627,inner_train
1,16198,z6E-ocntPo4$_$2,z6E-ocntPo4,1,0,0,0,1.333333373,inner_train
1,16199,z6E-ocntPo4$_$5,z6E-ocntPo4,1,0,0,0,0.6666666865,inner_train
1,16200,z6E-ocntPo4$_$4,z6E-ocntPo4,1,0,0,0,2,inner_train
1,16201,z6E-ocntPo4$_$6,z6E-ocntPo4,1,0,0,0,0.3333333433,inner_train
1,16202,z6E-ocntPo4$_$9,z6E-ocntPo4,1,0,0,0,1.333333373,inner_train
1,16203,z6E-ocntPo4$_$8,z6E-ocntPo4,1,0,0,0,0,inner_train
1,16212,z8bWG2z-bMM$_$1,z8bWG2z-bMM,1,0,0,0,0.6666666865,outer
1,16213,z8bWG2z-bMM$_$0,z8bWG2z-bMM,1,0,0,0,1.333333373,outer
1,16214,z8bWG2z-bMM$_$3,z8bWG2z-bMM,1,0,0,0,0.3333333433,outer
1,16215,z8bWG2z-bMM$_$2,z8bWG2z-bMM,1,0,0,0,-0.6666666865,outer
1,16216,z8bWG2z-bMM$_$5,z8bWG2z-bMM,1,0,0,0,0,outer
1,16217,z8bWG2z-bMM$_$4,z8bWG2z-bMM,1,0,0,0,0.3333333433,outer
1,16218,z8bWG2z-bMM$_$6,z8bWG2z-bMM,1,0,0,0,0.3333333433,outer
1,16234,zJWmmDk9fCE$_$0,zJWmmDk9fCE,1,0,0,0,0,inner_train
1,16235,zJWmmDk9fCE$_$10,zJWmmDk9fCE,1,0,0,0,0.3333333433,inner_train
1,16239,zPskvGHHQtE$_$1,zPskvGHHQtE,1,1,0,0,0.3333333433,inner_train
1,16240,zPskvGHHQtE$_$0,zPskvGHHQtE,1,1,0,0,0.3333333433,inner_train
1,16241,zPskvGHHQtE$_$5,zPskvGHHQtE,1,1,0,0,0,inner_train
1,16242,zPskvGHHQtE$_$4,zPskvGHHQtE,1,1,0,0,0,inner_train
1,16243,zPskvGHHQtE$_$6,zPskvGHHQtE,1,1,0,0,1.666666627,inner_train
1,16250,zU2_X9lIcUM$_$0,zU2_X9lIcUM,1,1,0,0,-0.6666666865,outer
1,16251,zU2_X9lIcUM$_$2,zU2_X9lIcUM,1,1,0,0,0.3333333433,outer
1,16252,zU2_X9lIcUM$_$5,zU2_X9lIcUM,1,1,0,0,0,outer
1,16253,zU2_X9lIcUM$_$4,zU2_X9lIcUM,1,1,0,0,0.6666666865,outer
1,16254,zURYO3k8lW0$_$3,zURYO3k8lW0,1,1,0,0,1,inner_train
1,16255,zURYO3k8lW0$_$13,zURYO3k8lW0,1,1,0,0,0.3333333433,inner_train
1,16256,zURYO3k8lW0$_$7,zURYO3k8lW0,1,1,0,0,0.3333333433,inner_train
1,16258,zaTyjiyrHnk$_$1,zaTyjiyrHnk,1,0,0,0,-0.6666666865,inner_valid
1,16259,zaTyjiyrHnk$_$3,zaTyjiyrHnk,1,0,0,0,1.666666627,inner_valid
1,16260,zaTyjiyrHnk$_$5,zaTyjiyrHnk,1,0,0,0,0,inner_valid
1,16261,zaTyjiyrHnk$_$4,zaTyjiyrHnk,1,0,0,0,0.3333333433,inner_valid
1,16262,zaTyjiyrHnk$_$6,zaTyjiyrHnk,1,0,0,0,1.666666627,inner_valid
1,16263,zcG0ms7CdBE$_$0,zcG0ms7CdBE,1,1,0,0,0.6666666865,inner_train
1,16264,zcG0ms7CdBE$_$3,zcG0ms7CdBE,1,1,0,0,-0.3333333433,inner_train
1,16265,zeQKU2L173M$_$10,zeQKU2L173M,1,0,0,0,0.3333333433,inner_train
1,16266,zeQKU2L173M$_$3,zeQKU2L173M,1,0,0,0,1,inner_train
1,16267,zeQKU2L173M$_$2,zeQKU2L173M,1,0,0,0,0,inner_train
1,16268,zeQKU2L173M$_$5,zeQKU2L173M,1,0,0,0,0,inner_train
1,16269,zeQKU2L173M$_$4,zeQKU2L173M,1,0,0,0,0,inner_train
1,16270,zeQKU2L173M$_$9,zeQKU2L173M,1,0,0,0,1.666666627,inner_train
1,16271,zeQKU2L173M$_$8,zeQKU2L173M,1,0,0,0,1.333333373,inner_train
1,16272,zg-ZIxVsBbQ$_$0,zg-ZIxVsBbQ,1,1,0,0,0.3333333433,inner_train
1,16273,zi0a6r52ZlY$_$5,zi0a6r52ZlY,1,0,0,0,0.6666666865,inner_train
1,16274,zi0a6r52ZlY$_$6,zi0a6r52ZlY,1,0,0,0,0.6666666865,inner_train
1,16275,zj4PzGtFwJM$_$1,zj4PzGtFwJM,1,0,0,0,0,inner_train
1,16276,zj4PzGtFwJM$_$3,zj4PzGtFwJM,1,0,0,0,0.6666666865,inner_train
1,16277,zj4PzGtFwJM$_$2,zj4PzGtFwJM,1,0,0,0,2.333333254,inner_train
1,16278,zj4PzGtFwJM$_$4,zj4PzGtFwJM,1,0,0,0,0,inner_train
1,16279,zj4PzGtFwJM$_$7,zj4PzGtFwJM,1,0,0,0,1.666666627,inner_train
1,16280,zknhrUs7-lI$_$9,zknhrUs7-lI,1,0,0,0,1.333333373,inner_train
1,16281,zknhrUs7-lI$_$11,zknhrUs7-lI,1,0,0,0,0.3333333433,inner_train
1,16282,zknhrUs7-lI$_$1,zknhrUs7-lI,1,0,0,0,0.6666666865,inner_train
1,16283,zknhrUs7-lI$_$4,zknhrUs7-lI,1,0,0,0,-0.6666666865,inner_train
1,16284,znNt--6itO4$_$1,znNt--6itO4,1,0,0,0,0,inner_valid
1,16285,znNt--6itO4$_$0,znNt--6itO4,1,0,0,0,1,inner_valid
1,16286,znNt--6itO4$_$3,znNt--6itO4,1,0,0,0,0,inner_valid
1,16287,znNt--6itO4$_$2,znNt--6itO4,1,0,0,0,0.6666666865,inner_valid
1,16288,znNt--6itO4$_$4,znNt--6itO4,1,0,0,0,0,inner_valid
1,16289,znNt--6itO4$_$8,znNt--6itO4,1,0,0,0,0.6666666865,inner_valid
1,16291,zqkawTdHN5s$_$1,zqkawTdHN5s,1,1,0,0,1,inner_valid
1,16292,zqkawTdHN5s$_$0,zqkawTdHN5s,1,1,0,0,-0.6666666865,inner_valid
1,16293,zrFZAofNGi4$_$10,zrFZAofNGi4,1,1,0,0,-2.333333254,inner_train
1,16294,zrFZAofNGi4$_$13,zrFZAofNGi4,1,1,0,0,-1.666666627,inner_train
1,16295,zrFZAofNGi4$_$14,zrFZAofNGi4,1,1,0,0,0.6666666865,inner_train
1,16296,zrFZAofNGi4$_$1,zrFZAofNGi4,1,1,0,0,-2.333333254,inner_train
1,16297,zrFZAofNGi4$_$0,zrFZAofNGi4,1,1,0,0,-3,inner_train
1,16298,zrFZAofNGi4$_$2,zrFZAofNGi4,1,1,0,0,-2,inner_train
1,16299,zrFZAofNGi4$_$5,zrFZAofNGi4,1,1,0,0,-1,inner_train
1,16300,zrFZAofNGi4$_$9,zrFZAofNGi4,1,1,0,0,-2.666666746,inner_train
1,16307,zwRBZisdpQ0$_$11,zwRBZisdpQ0,1,0,0,0,0.6666666865,inner_valid
1,16308,zwRBZisdpQ0$_$0,zwRBZisdpQ0,1,0,0,0,1.333333373,inner_valid
1,16309,zwRBZisdpQ0$_$12,zwRBZisdpQ0,1,0,0,0,2.333333254,inner_valid
1,16310,zwRBZisdpQ0$_$9,zwRBZisdpQ0,1,0,0,0,1,inner_valid
1,16311,zwRBZisdpQ0$_$4,zwRBZisdpQ0,1,0,0,0,0,inner_valid
1,16325,zx4W0Vuus-I$_$1,zx4W0Vuus-I,1,1,0,0,1,inner_valid
