checkpoint_fold,video_id,sample_count,label_mean,label_bin,size_bin,stratum,self_risk_role
0,-3g5yACwYnA,6,0.5555555622,3,1,3_1,inner_valid
0,-3nNcZdcdvU,3,0.4444444478,3,0,3_0,inner_valid
0,-NFrJFQijFE,4,0.1666666716,3,1,3_1,outer
0,-THoVjtIkeU,8,1.54166666,4,2,4_2,inner_train
0,-UuX1xuaiiE,10,0.9999999941,3,2,3_2,inner_train
0,-ZgjBOA1Yhw,6,-0.1111111144,1,1,1_1,inner_train
0,-a55Q6RWvTA,1,0.6666666865,3,0,3_0,outer
0,-egA8-b7-3M,17,0.5882353046,3,3,3_3,inner_train
0,-iRBcNs9oI8,10,0.8666666716,3,2,3_2,inner_train
0,-lqc32Zpr7M,4,-0.2500000074,1,1,1_1,inner_train
0,-mqbVkbCndg,3,0.1111111144,3,0,3_0,inner_train
0,-t217m2on-s,2,0,2,0,2_0,inner_train
0,-tPCytz4rww,6,0,2,1,2_1,inner_train
0,-wny0OAz3g8,9,0.07407407298,2,2,2_2,inner_train
0,03X1FwF6udc,7,0.3333333433,3,2,3_2,inner_train
0,08d4NTXkSxw,4,0.08333333582,2,1,2_1,inner_train
0,0AA-wmk8WdA,2,0.6666666717,3,0,3_0,inner_train
0,0AkGtPzl7D8,1,0.6666666865,3,0,3_0,inner_train
0,0BVed2nBq1g,7,-1.428569961e-11,2,2,2_2,inner_train
0,0DBfvvIVmqY,11,0.8484848575,3,3,3_3,inner_train
0,0EAAfLCQabY,3,-0.5555555721,1,0,1_0,outer
0,0FA32bEZ6xI,29,0.1494252908,3,3,3_3,inner_train
0,0OC3wf9x3zQ,11,0.4545454519,3,3,3_3,inner_train
0,0OXeN3MhFeA,7,0.6666666695,3,2,3_2,inner_train
0,0WIwQgH4lKg,6,1.055555547,4,1,4_1,inner_train
0,0bsTzavb-AE,4,0.3333333433,3,1,3_1,inner_train
0,0cBmQ_ItVUc,11,0.1818181764,3,3,3_3,inner_train
0,0hCOCt6fWas,6,0.1666666716,3,2,3_2,inner_train
0,0hCihQ5Kep0,3,1.333333314,4,0,4_0,inner_train
0,0jtdrsmVzYQ,2,-0.1666666716,1,0,1_0,inner_train
0,0nJrksJ7azM,6,1.111111114,4,2,4_2,outer
0,0vXaXWx7Rvo,6,0.9444444626,3,2,3_2,inner_train
0,0zl_GDVzykw,2,-0.3333333433,1,0,1_0,outer
0,102168,5,0.06666666866,2,1,2_1,inner_train
0,102184,14,-1.190476209,0,3,0_3,inner_train
0,106514,18,-0.8888888839,1,3,1_3,inner_train
0,106941,13,-0.9230769139,1,3,1_3,outer
0,107551,15,-0.9777777831,1,3,1_3,inner_train
0,110203,10,-0.9666666716,1,2,1_2,outer
0,110754,12,-0.5277777662,1,3,1_3,inner_train
0,112148,14,-0.5476190427,1,3,1_3,inner_valid
0,112169,14,-1.000000009,0,3,0_3,inner_train
0,112223,12,-0.7500000025,1,3,1_3,inner_valid
0,112631,10,-0.2666666597,1,2,1_2,inner_train
0,112903,7,-0.6190476162,1,2,1_2,inner_train
0,114624,14,-0.4761904819,1,3,1_3,inner_train
0,11650,25,-0.8533333254,1,3,1_3,inner_train
0,119348,13,-0.7179487187,1,3,1_3,inner_train
0,121358,23,0.3188405827,3,3,3_3,outer
0,122439,10,0.4333333373,3,2,3_2,inner_train
0,122602,19,-0.5614035114,1,3,1_3,outer
0,122842,13,0.9487179449,3,3,3_3,inner_train
0,125845,11,0.4545454573,3,3,3_3,inner_train
0,126542,18,-0.9629629536,1,3,1_3,inner_train
0,126831,18,-1.481481458,0,3,0_3,outer
0,127539,10,-0.7000000089,1,2,1_2,inner_train
0,128258,15,-0.9111111223,1,3,1_3,inner_train
0,128949,9,-0.4074074195,1,2,1_2,inner_train
0,129733,12,-0.9444444428,1,3,1_3,inner_train
0,131871,9,-0.4444444444,1,2,1_2,inner_train
0,136205,16,-0.5416666772,1,3,1_3,outer
0,136215,15,0.1555555602,3,3,3_3,inner_train
0,137827,7,-1.190476183,0,2,0_2,inner_train
0,139032,18,-1.703703697,0,3,0_3,inner_train
0,13JpsLvddoY,4,1.416666649,4,1,4_1,outer
0,140293,8,-0.1249999926,1,2,1_2,inner_train
0,140317,13,-0.07692307235,2,3,2_3,inner_train
0,15837,14,0.8333333156,3,3,3_3,inner_valid
0,186631,13,1.051282051,4,3,4_3,inner_train
0,188122,17,0.509803921,3,3,3_3,inner_train
0,189966,26,-0.6794871665,1,3,1_3,inner_train
0,18JTkk8JbeU,5,5.960000005e-09,2,1,2_1,inner_train
0,190740,15,-1.200000016,0,3,0_3,outer
0,192799,18,-1.037037023,0,3,0_3,inner_train
0,194625,19,-0.6666666521,1,3,1_3,outer
0,197778,17,1.039215694,4,3,4_3,outer
0,1A-aRhYx-GQ,17,0.9999999965,3,3,3_3,inner_train
0,1A7dqFxx8wU,7,0.28571429,3,2,3_2,inner_valid
0,1ESU5ONMMxs,12,-0.1111111119,1,3,1_3,inner_valid
0,1JQ9UCBEmCU,6,0.1666666716,3,2,3_2,inner_valid
0,1RBT_QoSkIU,1,-0.3333333433,1,0,1_0,outer
0,1RxliidxXyQ,2,1,3,0,3_0,inner_train
0,1YEgMQ1xxzQ,3,-0.3333333234,1,0,1_0,inner_train
0,1ZjIX9AK860,3,0.7777777712,3,0,3_0,inner_train
0,1bzS0YF5hfs,1,0.6666666865,3,0,3_0,inner_train
0,1k7br8xXMSU,11,0.09090909362,2,3,2_3,inner_train
0,1o8Gy4J6WSs,3,0.7777777712,3,0,3_0,inner_train
0,1olbQVO_C-8,3,0.2222222288,3,0,3_0,inner_train
0,1pvK0_9SQns,4,0.08333333582,2,1,2_1,inner_valid
0,1sJjdaXXuJg,3,1.555555582,4,0,4_0,inner_train
0,2-5hH_k2VFk,6,-0.05555553242,2,2,2_2,inner_train
0,201582,13,-2.292307711e-09,2,3,2_3,inner_train
0,202431,7,-0.3333333262,1,2,1_2,inner_train
0,202810,14,-0.7142857122,1,3,1_3,inner_train
0,202990,17,-0.9215686251,1,3,1_3,inner_train
0,206049,5,-0.8666666567,1,1,1_1,inner_train
0,206376,10,-0.6333333314,1,2,1_2,inner_train
0,208148,12,-0.8888888806,1,3,1_3,outer
0,208299,11,-1.757575753,0,3,0_3,inner_train
0,210238,18,-0.5,1,3,1_3,inner_train
0,21137,11,1.727272727,4,3,4_3,inner_train
0,212532,11,-1.090909096,0,3,0_3,inner_train
0,213619,12,-0.08333333333,2,3,2_3,outer
0,215259,12,0,2,3,2_3,inner_train
0,216857,22,-0.3939394016,1,3,1_3,inner_train
0,218708,20,-0.3666666672,1,3,1_3,inner_train
0,219775,9,-0.6296296219,1,2,1_2,outer
0,220548,24,-0.9027777836,1,3,1_3,inner_train
0,221740,9,-1.037037022,0,2,0_2,inner_valid
0,222116,9,3.300000026e-09,2,2,2_2,inner_train
0,224599,13,-2.284615403e-09,2,3,2_3,inner_train
0,224772,15,-1.08888889,0,3,0_3,inner_train
0,224817,1,0,2,0,2_0,outer
0,224869,16,-0.7083333172,1,3,1_3,inner_train
0,227173,17,-0.9411764636,1,3,1_3,inner_train
0,227426,20,-0.499999997,1,3,1_3,inner_train
0,22821,19,0.7894736873,3,3,3_3,inner_train
0,229903,7,-1.000000017,0,2,0_2,outer
0,229967,11,-0.8484848521,1,3,1_3,outer
0,231025,18,-8.266666703e-09,2,3,2_3,outer
0,233171,8,-1.125000004,0,2,0_2,inner_train
0,233366,8,-0.7916666679,1,2,1_2,inner_train
0,233389,7,0.2857142857,3,2,3_2,inner_train
0,234053,27,0.7654321061,3,3,3_3,outer
0,234587,22,0.7121212076,3,3,3_3,inner_train
0,236399,13,-0.4358974283,1,3,1_3,inner_valid
0,238060,19,-0.7894736826,1,3,1_3,inner_train
0,238100,11,-1.21212121,0,3,0_3,inner_valid
0,238683,5,-0.2,1,1,1_1,inner_train
0,239235,16,1.062500004,4,3,4_3,outer
0,239572,10,1.13333334,4,2,4_2,inner_train
0,240915,9,-0.9629629685,1,2,1_2,inner_train
0,241638,7,-0.9999999958,1,2,1_2,inner_train
0,243338,27,-1.432098771,0,3,0_3,inner_train
0,244180,22,-0.2272727219,1,3,1_3,inner_train
0,244623,29,-0.5862069027,1,3,1_3,inner_valid
0,245322,7,-0.71428571,1,2,1_2,inner_train
0,247382,22,-0.1060606052,1,3,1_3,inner_train
0,248837,14,-1.166666663,0,3,0_3,inner_train
0,24xayGF5yYA,35,1.409523796,4,3,4_3,inner_valid
0,250430,13,-0.8205128175,1,3,1_3,inner_valid
0,251417,8,-0.4583333284,1,2,1_2,inner_train
0,251839,18,-0.5740740746,1,3,1_3,inner_train
0,252177,11,0.1212121383,3,3,3_3,outer
0,25271,13,-0.5641025603,1,3,1_3,inner_train
0,254298,16,-1.479166646,0,3,0_3,inner_train
0,255226,16,-0.5208333247,1,3,1_3,inner_train
0,255338,12,-1.222222202,0,3,0_3,inner_train
0,256935,22,-1.166666665,0,3,0_3,inner_train
0,256976,15,-0.622222211,1,3,1_3,inner_train
0,257771,16,-0.4791666623,1,3,1_3,inner_valid
0,260011,21,0.03174604119,2,3,2_3,inner_train
0,261267,20,-0.9333333403,1,3,1_3,inner_train
0,261902,32,-0.2812500019,1,3,1_3,inner_train
0,262226,21,-2.126984132,0,3,0_3,outer
0,264418,16,-0.9999999944,1,3,1_3,inner_train
0,265959,17,-1.647058817,0,3,0_3,outer
0,266366,19,-1.350877186,0,3,0_3,inner_train
0,266396,98,-1.387755104,0,3,0_3,outer
0,266938,55,-1.418181824,0,3,0_3,inner_train
0,267255,20,-0.4666666642,1,3,1_3,inner_train
0,267278,24,-0.8611111082,1,3,1_3,outer
0,267799,20,-0.7166666567,1,3,1_3,outer
0,268836,40,-1.108333331,0,3,0_3,inner_valid
0,270416,14,-0.952380951,1,3,1_3,outer
0,270444,9,-1.07407406,0,2,0_2,inner_train
0,270449,12,-0.5277777786,1,3,1_3,inner_train
0,270628,36,-0.8425925887,1,3,1_3,inner_train
0,272375,20,-0.35,1,3,1_3,outer
0,273171,17,-0.2352941246,1,3,1_3,inner_train
0,273237,27,-2.074074065,0,3,0_3,inner_train
0,273314,9,-0.7037036949,1,2,1_2,inner_train
0,274219,12,-0.9722222214,1,3,1_3,inner_train
0,276217,42,-0.1507936503,1,3,1_3,inner_train
0,27798,15,-0.7555555503,1,3,1_3,inner_train
0,278474,10,-1.499999973,0,2,0_2,inner_train
0,283495,8,-0.9166666753,1,2,1_2,inner_train
0,288714,20,-1.549999994,0,3,0_3,inner_train
0,291121,13,-0.8205128266,1,3,1_3,inner_valid
0,294178,20,-0.6666666746,1,3,1_3,inner_valid
0,298736,34,-0.07843137751,2,3,2_3,inner_train
0,298774,19,1.350877188,4,3,4_3,inner_train
0,2Crezdbre6I,2,0.3333333433,3,0,3_0,inner_train
0,2HP4KedfmSc,10,0.9833333388,3,2,3_2,outer
0,2JY5HXBWO84,8,1.116250001e-08,2,2,2_2,inner_train
0,2LpVvLemgvw,10,1.400000006,4,2,4_2,inner_valid
0,2PgJok07td4,1,0.6666666865,3,0,3_0,outer
0,2RC_DXV_dPQ,3,0.2222222288,3,0,3_0,inner_train
0,2RDubrUjI-k,4,1.916666627,4,1,4_1,inner_train
0,2Vtv2gPzM7w,2,0.9999999851,3,0,3_0,inner_train
0,2Wo-0trLBjU,6,0.1111111144,3,2,3_2,inner_train
0,2YwgSmmLibs,5,0.06666666866,2,1,2_1,inner_train
0,2Zx4huY-KN8,2,-0.3333333284,1,0,1_0,inner_train
0,2ahFSMFvs_c,9,-0.6296296484,1,2,1_2,inner_train
0,2cwNG0YuwtQ,11,0.3636363663,3,3,3_3,inner_train
0,2w7rpDe-HoA,5,-0.2666666627,1,1,1_1,inner_train
0,30162,12,0.1388888856,3,3,3_3,outer
0,30763,17,1.098039213,4,3,4_3,inner_train
0,31197,5,-0.4000000059,1,1,1_1,inner_valid
0,31tcuDMQ_H8,9,0.3333333333,3,2,3_2,inner_train
0,327283,18,1.240740763,4,3,4_3,inner_train
0,33312,15,-0.9333333115,1,3,1_3,inner_train
0,33439,12,0.138888898,3,3,3_3,inner_train
0,33ueXDUn3mA,7,0.3333333305,3,2,3_2,inner_train
0,34346,21,0.1746031755,3,3,3_3,inner_train
0,367506,17,1.215686263,4,3,4_3,inner_train
0,367576,17,0.05882352766,2,3,2_3,inner_train
0,37117,13,-0.7435897382,1,3,1_3,inner_train
0,37459,8,-1.166666675,0,2,0_2,outer
0,39lcRCFvV-s,45,0.9703703702,3,3,3_3,inner_train
0,3DOrdP4H8SA,12,-0.7777777737,1,3,1_3,inner_train
0,3FpmKxZgihw,9,0.2222222288,3,2,3_2,inner_valid
0,3J3Thmd_vks,1,0.3333333433,3,0,3_0,outer
0,3QcqpwQiiLs,3,1.666666667,4,0,4_0,outer
0,3VsrcbjPwZY,4,0.1666666716,3,1,3_1,inner_train
0,3ZmLhK_YHl8,4,-0.08333333582,2,1,2_1,inner_valid
0,3aD0xAgxxyw,7,0.333333339,3,2,3_2,inner_train
0,3fhCxePBuZY,15,0.06666666668,2,3,2_3,inner_train
0,3gA34VxBijI,2,0.1666666716,3,0,3_0,inner_train
0,3n44IP3tCVE,12,1.444444438,4,3,4_3,inner_train
0,3ocpWAmSNUE,4,-1.58333338,0,1,0_1,inner_train
0,3sDL7mwosP0,2,2,4,0,4_0,inner_train
0,3u_Joh0WJdw,1,0.3333333433,3,0,3_0,inner_valid
0,3w9I5SBhHNc,4,0.8333333507,3,1,3_1,inner_train
0,3y2YInNUmHY,4,1.583333313,4,1,4_1,inner_valid
0,40260,28,0.03571428572,2,3,2_3,inner_train
0,41692,9,1.111109969e-11,2,2,2_2,inner_valid
0,424vOT3Nnyk,5,1.4,4,1,4_1,outer
0,44780,10,9.999978623e-12,2,2,2_2,inner_train
0,44MVdpDEQJs,4,-0.4166666791,1,1,1_1,inner_train
0,45184,6,-1.500000005,0,2,0_2,inner_train
0,45186,15,-1.533333325,0,3,0_3,inner_valid
0,45676,9,0.03703703484,2,2,2_2,inner_train
0,46497,5,-1.533333349,0,1,0_1,inner_valid
0,46604,9,-1.111111121,0,2,0_2,outer
0,47472,16,-0.520833334,1,3,1_3,inner_train
0,48nifdN2vSI,1,0.6666666865,3,0,3_0,inner_valid
0,48u68AzcWvE,1,0,2,0,2_0,inner_valid
0,4BoE-woHtwA,11,0.3636363474,3,3,3_3,inner_train
0,4EEru3cZwXo,4,-0.25,1,1,1_1,inner_train
0,4GYfmpEEtl4,6,0.4444444527,3,2,3_2,inner_valid
0,4HAC00EAdno,10,0.4333333462,3,2,3_2,inner_valid
0,4HazSkYihtw,1,1,3,0,3_0,inner_train
0,4Q7OkrJLzAc,5,0.4,3,1,3_1,inner_valid
0,4WTVL5bNybU,3,-0.2222222288,1,1,1_1,inner_train
0,4Yxe1_ohz7Y,1,0.3333333433,3,0,3_0,inner_train
0,4hEWns7JBg0,26,0.9743589839,3,3,3_3,inner_train
0,4iG0ffmnCOw,11,1.151515161,4,3,4_3,inner_train
0,4jTUcNlxlYA,9,0.3703703715,3,2,3_2,inner_train
0,4kF0U8kIMp4,7,0.6190476375,3,2,3_2,outer
0,4lKz4xyCmkk,12,0.1111111144,3,3,3_3,inner_train
0,4lro65JwQdc,2,0.1666666716,3,0,3_0,inner_train
0,4oeKDFIaL7o,4,-0.1666666642,1,1,1_1,inner_train
0,4poXF3xo6Z8,13,1.025641024,4,3,4_3,inner_train
0,4qoB5a6dR3w,4,1.416666672,4,1,4_1,inner_train
0,4wdeBJ39Cuw,5,-1.000000012,0,1,0_1,outer
0,4wuug3-5cWo,13,0.7692307807,3,3,3_3,inner_valid
0,50453,13,-0.3589743445,1,3,1_3,inner_train
0,51224,10,-0.4333333403,1,2,1_2,inner_valid
0,53742,12,-0.5000000025,1,3,1_3,outer
0,54CM1_GA-uw,2,0.3333333433,3,0,3_0,inner_train
0,55T4QNcdpOk,3,-0.2222222288,1,1,1_1,inner_valid
0,56006,13,-0.4358974283,1,3,1_3,inner_train
0,56276,16,-1.812500004,0,3,0_3,inner_train
0,57618,17,-1.274509781,0,3,0_3,inner_train
0,59333,20,-0.4666666657,1,3,1_3,outer
0,5FbzKjx3Lho,3,0.4444444478,3,1,3_1,inner_train
0,5HjbZAbB-Lg,3,0.5555555423,3,1,3_1,inner_valid
0,5JMpMKAO-Mk,3,0.5555555721,3,1,3_1,inner_train
0,5OLO6zEbrVw,4,-0.1666666716,1,1,1_1,inner_train
0,5PqwxUYIe3c,4,0.8333333284,3,1,3_1,inner_train
0,5VKMctXBN9M,4,-0.1666666716,1,1,1_1,inner_valid
0,5XX0csik6VQ,5,0.2666666746,3,1,3_1,inner_train
0,5hXC8JbiLd8,2,0.8333333135,3,0,3_0,inner_train
0,5qxZFmIaynE,21,0.1111111144,3,3,3_3,inner_train
0,5sDBK-lP8Pg,2,0.6666666717,3,0,3_0,inner_train
0,6-0bcijTR8k,1,2.666666746,4,0,4_0,inner_train
0,60037,17,1.313725494,4,3,4_3,inner_train
0,65kkuNV921k,16,-0.4583333395,1,3,1_3,inner_train
0,663uRzFOfrg,2,0,2,0,2_0,inner_train
0,6MYUY5tC2Us,7,0.28571429,3,2,3_2,inner_train
0,6T1GHj7qwYs,3,1.444444458,4,1,4_1,outer
0,6_k3cw9_k-Y,1,-1,0,0,0_0,inner_train
0,6aoTjlvo0js,4,0,2,1,2_1,inner_train
0,6ng8CZ0ULK4,12,0.7777777885,3,3,3_3,outer
0,6qPjYvdZiLA,1,-0.3333333433,1,0,1_0,inner_valid
0,6slq62RwH3Q,11,1.757575756,4,3,4_3,outer
0,6xvVFYR5di0,8,0.4166666716,3,2,3_2,inner_train
0,6zjv1TLqfF0,12,0.250000005,3,3,3_3,inner_train
0,70420,19,-0.03508771877,2,3,2_3,inner_train
0,72385,24,-1.041666659,0,3,0_3,inner_train
0,73449,15,-0.4888889034,1,3,1_3,outer
0,74101,9,-0.7037037114,1,2,1_2,inner_train
0,76sN4tvbPGk,5,1.999997945e-11,2,1,2_1,inner_train
0,78577,14,-0.1428571386,1,3,1_3,inner_valid
0,78Ncka6CY70,1,1.333333373,4,0,4_0,inner_valid
0,79644,6,-1.111111104,0,2,0_2,inner_train
0,79935,20,-1.900000009,0,3,0_3,outer
0,7EWOMjaKlus,14,1.023809533,4,3,4_3,inner_train
0,7R70kKqtGh0,3,1.444444458,4,1,4_1,inner_train
0,7SsmaZZ7mz0,4,1.50000003,4,1,4_1,outer
0,7UlSX-syPeo,21,0.9523809538,3,3,3_3,inner_train
0,7ZzbemE4QEE,39,0.3504273586,3,3,3_3,outer
0,7eJqqvvziQo,8,0.8750000037,3,2,3_2,inner_train
0,7ifnoHhrMtA,7,0.1904761876,3,2,3_2,inner_train
0,7pZPQbMKGkY,7,0.4285714371,3,2,3_2,inner_train
0,7sgAWvbLtiM,8,0.5000000037,3,2,3_2,inner_train
0,7wiaDbpiAQ8,1,0.6666666865,3,0,3_0,inner_train
0,8-Hi9NmF4rM,2,1.666666627,4,0,4_0,inner_valid
0,80620,11,-1.090909088,0,3,0_3,inner_train
0,80914,9,-0.07407407627,2,2,2_2,outer
0,81406,8,-0.416666653,1,2,1_2,outer
0,81615,8,-0.4999999963,1,2,1_2,outer
0,83310,3,-0.4444444577,1,1,1_1,inner_valid
0,8404,14,1.69047619,4,3,4_3,outer
0,84176,11,0.03030304203,2,3,2_3,inner_valid
0,87400,18,0.03703704474,2,3,2_3,inner_train
0,87MsiC3E2-w,1,0,2,0,2_0,inner_valid
0,88245,8,-1.04166666,0,2,0_2,inner_train
0,88797,14,-0.5714285587,1,3,1_3,inner_train
0,89787,21,-0.5238095238,1,3,1_3,inner_train
0,89951,16,-0.25,1,3,1_3,inner_valid
0,8Lmqsakmw3M,11,0.6666666676,3,3,3_3,inner_valid
0,8M0AlvtMrv8,3,0.6666666766,3,1,3_1,inner_train
0,8P0zm2oYDyY,5,0.3999999762,3,1,3_1,outer
0,8UH0aPUf7sQ,1,2,4,0,4_0,inner_train
0,8VB6pdJTpX4,2,0.5000000149,3,0,3_0,inner_train
0,8X5tGQLBqPo,12,0.4444444428,3,3,3_3,inner_train
0,8ovb-GaZ3QE,7,-0.09523809807,2,2,2_2,inner_train
0,8qCNtqjygW8,13,0.4615384707,3,3,3_3,inner_train
0,8u5aet7s9_w,10,0.5333333314,3,2,3_2,inner_train
0,8xfW_azeNPk,16,1.083333334,4,3,4_3,inner_valid
0,9-K1CXCXui4,17,0.5686274644,3,3,3_3,inner_train
0,91276,13,-0.6153846131,1,3,1_3,inner_train
0,92tWNUhG9DY,7,-0.5714285884,1,2,1_2,inner_train
0,94215,13,-0.4358974305,1,3,1_3,inner_train
0,94ULum9MYX0,5,0.06666666864,2,1,2_1,outer
0,96099,13,-0.8717948588,1,3,1_3,inner_train
0,96194,15,-1.288888878,0,3,0_3,inner_train
0,96350,15,-1.577777791,0,3,0_3,inner_train
0,96361,18,-0.2407407462,1,3,1_3,inner_train
0,97992,11,0.7878787924,3,3,3_3,inner_train
0,9JqwFRCTKOM,1,0.6666666865,3,0,3_0,outer
0,9Jyr5laC8mg,1,0,2,0,2_0,inner_valid
0,9K5mYSaoBL4,8,-0.04166666791,2,2,2_2,inner_train
0,9bAgEmihzLs,4,-0.1666666716,1,1,1_1,inner_train
0,9cxlcpbmrH0,12,0.7500000174,3,3,3_3,inner_train
0,9dFEGb_RfwE,1,0,2,0,2_0,inner_train
0,9pdyTplXwM4,7,0.5714285757,3,2,3_2,inner_valid
0,9sAoeFTKILY,1,0.3333333433,3,0,3_0,inner_train
0,9tX18DNC74w,5,0.6666666746,3,1,3_1,inner_train
0,9zBj8VkRBpE,5,0.8,3,1,3_1,outer
0,9zWeMrfr-l0,5,0.200000006,3,1,3_1,inner_train
0,A4dzxgHDhF0,1,0,2,0,2_0,outer
0,A6R6J8SJtBc,3,1.444444438,4,1,4_1,inner_train
0,A8c7q_P4jQg,3,-0.3333333333,1,1,1_1,inner_train
0,A8plGi4rbxM,6,-1.611111095,0,2,0_2,inner_train
0,ABSC1JNdpTw,5,0.200000006,3,1,3_1,inner_train
0,ACOlIiRdDyE,1,0.3333333433,3,0,3_0,inner_valid
0,AGFgaKPzjMQ,7,-0.2380952409,1,2,1_2,inner_train
0,AHU3PUztC_M,1,0,2,0,2_0,inner_train
0,APYv5s4ucd0,3,0.2222222288,3,1,3_1,inner_train
0,ATfnMuJJDkk,9,1.555555542,4,2,4_2,inner_train
0,AepwIhSbAws,5,-0.9333333433,1,1,1_1,inner_train
0,AggyS1coOb8,3,0.8888888856,3,1,3_1,inner_train
0,AlmUwZgY6bs,2,0,2,0,2_0,inner_train
0,AsrhHuCfvF4,3,-0.444444418,1,1,1_1,outer
0,AuPCZlKBzq8,5,1.133333349,4,1,4_1,inner_train
0,Az3e1Opu0LE,7,0.4285714371,3,2,3_2,inner_valid
0,B1PzCwfgXyU,2,-0.5000000149,1,0,1_0,inner_train
0,BAi3ZJo5Vwg,5,0.200000006,3,1,3_1,inner_train
0,BBoe8-HWPSw,8,1.416666653,4,2,4_2,inner_valid
0,BDCFV4EqHjY,2,0.6666666717,3,0,3_0,inner_train
0,BXqnWuDA3H4,3,0.4444444577,3,1,3_1,inner_valid
0,Bf5owLv3X98,5,0.6000000119,3,1,3_1,inner_train
0,Bg-PA5KTjNs,10,0.6000000059,3,2,3_2,inner_train
0,BmDybDBTe7o,6,-0.5,1,2,1_2,outer
0,Bo5IDtP8_Fk,7,0.6190476035,3,2,3_2,inner_valid
0,BuPhjBayua8,4,0,2,1,2_1,outer
0,C-UUQju3bXo,2,1.833333313,4,0,4_0,outer
0,C03473pYcRM,10,0.8333333343,3,2,3_2,inner_train
0,C8Fhlk-eczU,4,0.6666666642,3,1,3_1,inner_train
0,CBYQDIqucxE,2,1,3,0,3_0,inner_train
0,CHh6hWo1AFE,8,-0.3749999963,1,2,1_2,inner_train
0,CL4hDu95Eqw,6,1.111111134,4,2,4_2,inner_train
0,CLkTjujFVKU,6,1.722222239,4,2,4_2,inner_train
0,CZVmxwrWv34,4,0.3333333433,3,1,3_1,inner_train
0,CZigX1ntOsI,15,0.9333333393,3,3,3_3,inner_train
0,Cb8ay6WtJuM,10,1.200000012,4,2,4_2,outer
0,Ceu9AkIjuLY,10,-0.5333333284,1,2,1_2,outer
0,Cj7R36s4dbM,8,0.1250000037,3,2,3_2,inner_train
0,CuF-UOcAFG8,3,1.666666647,4,1,4_1,inner_train
0,CvW0Mh1EWFA,8,0.5,3,2,3_2,inner_train
0,CzstrpOTtgo,6,0.8333333333,3,2,3_2,inner_train
0,D1I-Z8jaby8,2,0.5000000149,3,0,3_0,inner_train
0,D5cQWqYcBAE,3,0.4444444577,3,1,3_1,inner_train
0,DEFDuYyc-Xw,8,0.1666666716,3,2,3_2,inner_train
0,DGeBPk1op3E,8,0.833333347,3,2,3_2,inner_train
0,DNzA2UIkRZk,1,1.666666627,4,0,4_0,inner_train
0,DQ7QKE3hzVg,3,0.6666666766,3,1,3_1,inner_train
0,DR9Hhpy8aA8,3,0,2,1,2_1,inner_train
0,DVvJoMt9o80,2,1.166666657,4,0,4_0,inner_train
0,DZBpdzrMelA,3,0.8888888757,3,1,3_1,inner_train
0,DZIFCYOhosQ,10,-0.0333333373,2,2,2_2,inner_train
0,DatH-ra0VKY,10,1.166666666,4,2,4_2,outer
0,DbAppk7xT0Y,7,-0.1904761749,1,2,1_2,outer
0,DhXBaBOB4E8,1,0.6666666865,3,0,3_0,inner_train
0,Dnhxm6sHQpc,5,0.4000000119,3,1,3_1,inner_train
0,Dq7V30WhOJQ,2,0,2,0,2_0,inner_train
0,Drhrzj1yhVs,4,0.08333332837,2,1,2_1,inner_train
0,Dws8ZrzF7xQ,6,0.5000000099,3,2,3_2,inner_train
0,E05bA058vts,1,1.666666627,4,0,4_0,inner_train
0,E0g6nae4Ae4,31,0.7526881848,3,3,3_3,inner_valid
0,EEUGfVTyTQM,7,0.7142857228,3,2,3_2,inner_valid
0,EK2bnbzmJs4,2,1.99999994,4,0,4_0,inner_valid
0,ELtbrO8FbuI,1,0.6666666865,3,0,3_0,outer
0,E_ocLuUw-1I,5,0.7666666687,3,1,3_1,inner_train
0,EoC83JhkCAw,11,1.393939398,4,3,4_3,inner_train
0,F2M7WbPXRps,4,0.08333333582,2,1,2_1,inner_train
0,F59hwsm4Ld0,46,0.8550724666,3,3,3_3,inner_train
0,F6Ci45lP5aA,3,0.8888888955,3,1,3_1,inner_train
0,F8KE2ZhoUe4,14,0.8571428614,3,3,3_3,inner_train
0,F9NruwaEmA8,2,0.6666666717,3,0,3_0,outer
0,FJgO-FICHlA,2,1.166666657,4,0,4_0,inner_train
0,FMif4HMBZjo,1,0.3333333433,3,0,3_0,inner_train
0,FNbULlE9RKg,4,0.2500000075,3,1,3_1,inner_train
0,FR0B64ID-hA,2,0.3333333433,3,0,3_0,outer
0,FRKwvmrwrZA,12,0.3888888905,3,3,3_3,inner_train
0,FSGL5K2EEdo,2,0.6666666717,3,0,3_0,inner_train
0,FWBCTZiijEM,3,0.6666666766,3,1,3_1,inner_valid
0,FX87sfrE47w,3,0.5555555423,3,1,3_1,inner_train
0,FaHosBIr0xY,3,9.933333341e-09,2,1,2_1,inner_train
0,FcAgbLF6__s,1,0.3333333433,3,0,3_0,inner_train
0,FfavRdRKsAQ,10,1.000000009,4,2,4_2,inner_train
0,FmE9BtTmxnE,1,0.6666666865,3,0,3_0,inner_train
0,FmIS69vB12I,12,0.1388888906,3,3,3_3,inner_valid
0,FphtHpVV-7w,4,0.1666666716,3,1,3_1,inner_train
0,FvoZgWvc3gc,5,0.5333333313,3,1,3_1,inner_train
0,G38DwNDQ8Cc,20,-0.7666666672,1,3,1_3,outer
0,G8aL3bM39co,6,0.8888888856,3,2,3_2,inner_train
0,GAY5ICoVnA8,10,0.7666666657,3,2,3_2,inner_valid
0,GCOFujDHDx0,7,0.1428571471,3,2,3_2,outer
0,GICVzJMDfv0,2,0.5,3,0,3_0,inner_train
0,GJyzeK-Cn-0,1,0.6666666865,3,0,3_0,outer
0,GMHW6XEO1ms,5,0,2,1,2_1,inner_train
0,GMjQUrlMa50,4,0.3333333433,3,1,3_1,inner_train
0,GOj7TBcEA8E,17,0.7450980509,3,3,3_3,inner_train
0,GRFXnnrQaB4,6,-0.3888888856,1,2,1_2,outer
0,GSnt_fW8qjI,7,0.8571428656,3,2,3_2,inner_train
0,GTGtVdAuyRc,9,0.8148148126,3,2,3_2,inner_train
0,Gbg8qiKQkhM,1,0.3333333433,3,0,3_0,inner_train
0,GdFP_p4eQX0,5,0.1333333373,3,1,3_1,inner_train
0,GeSTiDe1hG0,1,0.6666666865,3,0,3_0,inner_train
0,Gljee9uq_Rc,14,-0.2619047591,1,3,1_3,inner_train
0,Gmhi58erY6k,7,-0.3333333433,1,2,1_2,inner_valid
0,Gvg_80PlAAs,1,-0.6666666865,1,0,1_0,inner_train
0,GxcOSmJAyYQ,3,-0.1111111144,1,1,1_1,inner_train
0,H-AJ-grXvgQ,4,0.5000000074,3,1,3_1,inner_valid
0,H4RysMUSQD8,8,0.8333333433,3,2,3_2,outer
0,H9zVQlzit8Y,1,0.6666666865,3,0,3_0,inner_train
0,HAid0IEUoFQ,3,0.2222222289,3,1,3_1,inner_train
0,HByf7qiO-Kg,12,0.2777777836,3,3,3_3,inner_train
0,HD17J-FvROQ,3,0.8888888757,3,1,3_1,inner_train
0,HObh42PhOfw,4,0.08333333582,2,1,2_1,outer
0,HQ9NnDQcxD4,2,1.666666687,4,0,4_0,inner_train
0,HUH9BXVmAig,2,0.8333333433,3,0,3_0,inner_train
0,HUOMbK1x7MI,11,0.3030303121,3,3,3_3,inner_train
0,HWLpH3NMtFs,3,9.933333341e-09,2,1,2_1,outer
0,HXuRR2eBHHQ,4,2.416666687,4,1,4_1,inner_train
0,HqtvFTa29L8,1,0.6666666865,3,0,3_0,inner_valid
0,HxyfY7hsjOg,5,1.933333325,4,1,4_1,inner_train
0,I--8nRKCkJI,8,0.958333347,3,2,3_2,inner_train
0,I3SPlbTGuNc,16,0.7291666716,3,3,3_3,inner_train
0,I5cS_TlV5B8,6,0.7222222189,3,2,3_2,inner_train
0,IAmZ5iWHxw4,3,0.7777777513,3,1,3_1,inner_train
0,IAubgwEiCcY,6,0.4444444527,3,2,3_2,outer
0,ICeSewdyf34,5,1.599999976,4,1,4_1,inner_train
0,IDVbPEket6U,3,0.4444444577,3,1,3_1,inner_train
0,IKXWSNf4m2k,2,-0.5,1,0,1_0,inner_train
0,ITQTVfk9Iqo,12,0.0277777786,2,3,2_3,inner_train
0,IW7IssCKgmI,9,0.9259259535,3,2,3_2,inner_valid
0,I_r2CP56toU,1,0.3333333433,3,0,3_0,inner_train
0,IiX1k0oYW_w,2,1.833333313,4,0,4_0,inner_valid
0,IkvL4IAiZog,2,0.3333333433,3,0,3_0,outer
0,IsAtAzltJNM,6,0.7777777811,3,2,3_2,inner_train
0,J6zbBfzW7a0,2,1.166666687,4,0,4_0,inner_train
0,J7UduuBfnrE,9,-0.3333333466,1,2,1_2,inner_valid
0,JAbFsRxxnFo,4,1.250000015,4,1,4_1,inner_train
0,JF-5nlUNx_g,23,0.8115942115,3,3,3_3,outer
0,JGEEA_JVriE,1,1,3,0,3_0,inner_valid
0,JLqBVj6f5gI,15,1.422222217,4,3,4_3,inner_valid
0,JMb18N7lQ0A,2,-0.1666666716,1,0,1_0,inner_train
0,JSlTJsUulH0,2,-0.3333333433,1,0,1_0,inner_train
0,JW3OfSCZlhc,3,0.1111111144,3,1,3_1,inner_train
0,JYdfUNjyYxo,3,0.4444444378,3,1,3_1,inner_train
0,Ja7phs8EbWk,10,0.1333333403,3,2,3_2,outer
0,JcmqmLaL_MQ,1,0.3333333433,3,0,3_0,inner_train
0,Jh1uDYOJMwk,3,0.1111111442,3,1,3_1,inner_train
0,JlmpDdm1A1Y,5,1.066666669,4,1,4_1,inner_train
0,JvLMNXW7B10,2,0.3333333433,3,0,3_0,inner_train
0,JvgofTcCSEc,7,0.4761904861,3,2,3_2,inner_valid
0,JzydLJw6y6o,13,0.9487179426,3,3,3_3,inner_train
0,K7FiMf-Dmwo,2,1.333333299,4,0,4_0,outer
0,K9faaGel838,4,-0.8333333433,1,1,1_1,outer
0,KD0w4BrNXQg,6,0.1111111144,3,2,3_2,inner_valid
0,KLy4aBLqwCk,9,0.1481481493,3,2,3_2,inner_train
0,KR4MpF0YtgE,2,0.5,3,0,3_0,outer
0,Kep_mLLXsqk,4,7.450000006e-09,2,1,2_1,inner_valid
0,KmYG8zaRmOA,2,0.3333333433,3,0,3_0,inner_train
0,L0WUuWYNeCo,31,0.3548387183,3,3,3_3,inner_train
0,L382XZ6iZmM,6,-0.1666666667,1,2,1_2,inner_train
0,L6pg3DQKoH4,9,0.7037037081,3,2,3_2,inner_train
0,L8VjQM9HQfs,4,-0.1666666716,1,1,1_1,inner_valid
0,LKAEv8x9jKI,3,0.2222222288,3,1,3_1,inner_train
0,LL02UFLfQKo,1,-0.3333333433,1,0,1_0,inner_train
0,LQnXVd-PR_Y,2,0.5,3,0,3_0,inner_train
0,LUKIYWa0UGA,7,1.761904755,4,2,4_2,outer
0,LUf9vbe0TcQ,4,1.166666672,4,1,4_1,inner_train
0,LZl9Sj1safM,6,0.0555555721,2,2,2_2,inner_train
0,L_XttWZBKss,2,0.3333333433,3,0,3_0,inner_train
0,LityRNuQihc,7,-0.1428571429,1,2,1_2,inner_train
0,LpbSYaPRTqI,6,0.2777777786,3,2,3_2,inner_train
0,MCRCXXPqFOI,10,0.1666666716,3,2,3_2,inner_train
0,MFXQH7ZlBJI,1,1.666666627,4,0,4_0,inner_train
0,MOfEl_1dh-g,6,-0.6666666568,1,2,1_2,inner_train
0,MPRqaQqrd9Y,3,0,2,1,2_1,outer
0,MRU65o1odI4,5,1.000000012,4,1,4_1,outer
0,MTU_thei3-c,3,-0.5555555622,1,1,1_1,outer
0,MmJD4KBT0nk,5,0.1333333194,3,1,3_1,outer
0,MpuWcGn2Lcg,5,-0.8000000119,1,1,1_1,inner_train
0,MroQfGehC84,11,0.6363636391,3,3,3_3,inner_train
0,MyDLelMxt-A,2,0.1666666716,3,0,3_0,outer
0,N3vSaV8Ztrg,2,0.6666666717,3,0,3_0,inner_train
0,N4WOBzpZtWM,4,1.583333328,4,1,4_1,outer
0,N7IerkWUClI,2,0.3333333433,3,0,3_0,inner_train
0,NG7QLq4XlWo,16,0.9375000037,3,3,3_3,outer
0,NOl0v54DaXo,12,0.2222222264,3,3,3_3,inner_train
0,NSihgq4R8Z0,3,0,2,1,2_1,inner_train
0,NYuY6HVjMZQ,3,0.7777777811,3,1,3_1,inner_train
0,N_dNuV-4iAo,3,0.3333333433,3,1,3_1,outer
0,Na6170hd8po,5,0.8000000119,3,1,3_1,outer
0,NkbRuTJaj_M,2,0.9999999851,3,0,3_0,inner_train
0,Nmd50Uzyybs,2,0,2,0,2_0,inner_train
0,O0Nn-5UkfoA,2,0,2,0,2_0,inner_train
0,OAV6KKf60bQ,12,-0.0277777786,2,3,2_3,inner_valid
0,OEOkmrKvTUo,4,0.6666666865,3,1,3_1,inner_valid
0,OKSx1zxHGpQ,28,0.8452381045,3,3,3_3,inner_valid
0,OPXmk49KyiU,2,0.5,3,0,3_0,inner_train
0,OUjzDchhkIA,6,0.1111111144,3,2,3_2,inner_train
0,OcqJx_cRc3Y,2,-0.3333333433,1,0,1_0,inner_train
0,OiMkqEH5WeE,4,-0.3333333433,1,1,1_1,inner_train
0,Oj3XwBBrzXc,2,0.3333333433,3,0,3_0,inner_train
0,Op3CnqRLD9w,6,1.555555552,4,2,4_2,inner_train
0,OxyQSJMvWBo,14,0.04761905116,2,3,2_3,inner_train
0,P0WaXnH37uI,6,0.2777777811,3,2,3_2,inner_train
0,P3QEOJWxXI8,6,0.500000005,3,2,3_2,inner_train
0,P4qxfjZlIrY,5,1.266666687,4,1,4_1,inner_train
0,PANWQeBKStk,4,0.6666666716,3,1,3_1,inner_train
0,PHJ8eybXJdw,6,0.7222222239,3,2,3_2,inner_train
0,PJlDO21zl88,1,0.3333333433,3,0,3_0,inner_train
0,PMH4mdJeojE,3,0.3333333333,3,1,3_1,outer
0,PQYmOknHA4c,12,0.500000005,3,3,3_3,inner_train
0,PRZ4VhESz1A,8,0.6250000037,3,2,3_2,inner_train
0,PUIsiLk8etk,8,-7.437500033e-09,2,2,2_2,outer
0,PmemTgQHagk,8,1.833333343,4,2,4_2,inner_train
0,PoKZEKOf1dA,7,0.333333339,3,2,3_2,inner_train
0,PohW-isYMK0,19,0.350877194,3,3,3_3,inner_train
0,PtH_8O__EAY,1,1.666666627,4,0,4_0,inner_valid
0,PybuzkS31J4,5,0.4666666627,3,1,3_1,inner_train
0,Q2uHXKA8cq8,6,-0.3888888856,1,2,1_2,inner_train
0,Q5YU2sLKVL4,2,0,2,0,2_0,outer
0,Q5uYByRyswI,3,0.6666666865,3,1,3_1,inner_train
0,Q7nhtfkIPN4,11,0.1515151479,3,3,3_3,inner_valid
0,QDRtKv8PvFs,5,1.266666669,4,1,4_1,inner_train
0,QE0pAVSPsKQ,13,0.7948718025,3,3,3_3,outer
0,QEG_hkJsaYc,1,1,3,0,3_0,inner_train
0,QJCDZCllSYQ,3,0.2222222288,3,1,3_1,inner_valid
0,QMAztkqnvws,2,0.3333333433,3,0,3_0,inner_train
0,QOxIdbNwpx0,6,0.6666666766,3,2,3_2,inner_train
0,QWaUvAL-yiA,3,0.6666666667,3,1,3_1,outer
0,QWzIJuhLLrc,2,-0.1666666716,1,0,1_0,outer
0,QbJiphIpzYc,3,1.222222229,4,1,4_1,inner_valid
0,Qe4AT670hq4,1,-0.6666666865,1,0,1_0,inner_train
0,QkMTYY69JYQ,10,0.5000000149,3,2,3_2,outer
0,QzdEjKQFisQ,8,-0.3750000075,1,2,1_2,inner_train
0,R-17BoOk4kc,1,2.333333254,4,0,4_0,inner_train
0,R8leu0tEJ4o,6,-0.222222214,1,2,1_2,inner_train
0,RAiO_rChmdU,3,0.2222222289,3,1,3_1,outer
0,RE-LIPOFnrE,6,-0.1666666716,1,2,1_2,inner_train
0,REkPZ77s3Vc,5,0.200000006,3,1,3_1,inner_valid
0,RRKez9BR-94,7,0.5714285799,3,2,3_2,inner_train
0,RTzDzj4NxIM,8,0.5833333321,3,2,3_2,inner_train
0,RXcI6PK37lM,6,0.4444444378,3,2,3_2,inner_train
0,RaTQZrdICKo,1,0,2,0,2_0,inner_train
0,RadU51t1kL0,8,-0.3750000037,1,2,1_2,inner_valid
0,Rdf0Psjyrwc,4,1.75000003,4,1,4_1,inner_train
0,RgubFcmvgDE,7,-0.8571428699,1,2,1_2,inner_valid
0,Rt9rN1ntS3E,12,1.166666674,4,3,4_3,inner_train
0,Rugd2NMu4bA,6,0.4444444527,3,2,3_2,inner_train
0,RvIohowRPAk,8,-0.7083333321,1,2,1_2,inner_train
0,Ry2NJPd4N3s,7,0.4285714328,3,2,3_2,inner_train
0,S0ecaAi_CJo,2,1.166666672,4,0,4_0,inner_train
0,S21ApRNQ9Ko,6,0.4444444626,3,2,3_2,outer
0,SCXp4l0CO4s,1,0,2,0,2_0,inner_train
0,SGsiGz2fdpo,31,0.5913978594,3,3,3_3,inner_train
0,SH0wXyhsx9s,3,-3.333329908e-11,2,1,2_1,inner_train
0,SMr2DprlLu4,1,2,4,0,4_0,inner_train
0,SNBqe_JpZC4,1,-0.3333333433,1,0,1_0,inner_train
0,SWHmteF5Rlk,8,0.2500000037,3,2,3_2,inner_train
0,SYnygYs-fAg,16,0.9166666772,3,3,3_3,outer
0,SZRxuS6fn9s,4,-1.333333328,0,1,0_1,inner_train
0,Sir2QeCh4B0,8,0.2500000037,3,2,3_2,inner_train
0,SqtZGF_f63s,1,1,3,0,3_0,inner_train
0,StgqrTr0JqU,13,0.256410264,3,3,3_3,inner_train
0,SxbTZjZD0vU,6,-0.5555555671,1,2,1_2,inner_valid
0,SzJf6viBWBg,6,0.3888888906,3,2,3_2,outer
0,T-8TvJcS78w,7,1.523809535,4,2,4_2,outer
0,TBwetweXRb4,3,0,2,1,2_1,inner_train
0,TJelZLbfT2A,11,0.8181818263,3,3,3_3,inner_train
0,TM7cHOHfF70,10,0.03333334028,2,2,2_2,inner_train
0,TSDC7CCyeGY,6,-0.5,1,2,1_2,inner_train
0,TUzD45ghy4k,1,1.666666627,4,0,4_0,inner_train
0,TVhXqAI9gyA,5,0.1333333314,3,1,3_1,inner_train
0,TWMFQED1Myk,10,0.8333333462,3,2,3_2,inner_train
0,TWf0XFpXwfs,5,0.200000006,3,1,3_1,outer
0,Ta_IgA3XJ3s,6,0.500000005,3,2,3_2,inner_train
0,TbZPa_keawc,6,-0.2222222239,1,2,1_2,inner_train
0,Te-vgmYgGM4,1,2,4,0,4_0,inner_train
0,TfBVq9oWBmM,2,0.6666666865,3,0,3_0,inner_train
0,TksWzxo81Mk,8,1.20833334,4,2,4_2,inner_train
0,TxJjAK0WrOY,2,0.1666666716,3,0,3_0,inner_train
0,U4-u5NZLA_w,2,-0.3333333284,1,0,1_0,inner_train
0,U8Ewftg_8CI,8,0.2083333358,3,2,3_2,inner_valid
0,UK_IXtJ2BqI,18,0.5370370414,3,3,3_3,inner_train
0,ULkFbie8g-I,3,-0.4444444577,1,1,1_1,inner_train
0,UPghCarcnMc,7,0.04761904904,2,2,2_2,inner_train
0,UTNP1roJV3I,5,-0.3333333433,1,1,1_1,inner_train
0,Uc-0G7RRxoY,3,0.4444444478,3,1,3_1,inner_train
0,UtuTyW9pUN8,8,-0.04166666791,2,2,2_2,outer
0,UuR4Rw38v_U,3,-0.3333333333,1,1,1_1,inner_train
0,Uw1nWfSuyo8,2,0.5000000149,3,0,3_0,outer
0,VA6lVHlj5d0,7,0.666666678,3,2,3_2,inner_valid
0,VAr7gJydnys,18,0.01851851743,2,3,2_3,outer
0,VDjnKdFxuBE,1,2.666666746,4,0,4_0,inner_train
0,VN1IPN1TL3Q,3,-0.8888888856,1,1,1_1,inner_train
0,VUrTT7xsrec,3,0.6666666766,3,1,3_1,inner_train
0,VVZLA2neYyw,3,0.5555555622,3,1,3_1,inner_train
0,VWik5oKP6IU,9,-0.4444444511,1,2,1_2,inner_train
0,Va54WZgPTdY,5,-1.466666681,0,1,0_1,inner_train
0,VbSsGRXIwjc,2,1.99999994,4,0,4_0,inner_train
0,VcZffwwL0bw,7,0.9523809552,3,2,3_2,inner_train
0,Ve-mmCM8TI0,10,-0.06666666567,2,2,2_2,inner_train
0,VhKJm_jiciU,6,0.4444444577,3,2,3_2,inner_train
0,VugBIVwSmaI,1,0,2,0,2_0,inner_train
0,Vw4-ae-ucHE,4,0,2,1,2_1,inner_train
0,Vx8npmcFxak,7,1.476190448,4,2,4_2,inner_valid
0,W-pA0lOGLR0,7,0.6190476332,3,2,3_2,inner_train
0,W-q9bPlMIVI,15,0.5555555642,3,3,3_3,inner_train
0,W40BaML7mzc,3,1.555555542,4,1,4_1,inner_train
0,WAXJRnJXmOA,8,0.08333333582,2,2,2_2,outer
0,WGfGxoI05ew,2,2.166666627,4,0,4_0,inner_train
0,WHUHTmtBJWU,3,0.2222222288,3,1,3_1,outer
0,WMzvDL7b4sM,5,-0.06666666864,2,1,2_1,inner_train
0,WSjlhBDxNW8,6,1.222222234,4,2,4_2,inner_train
0,WUeSV0Z23Kg,2,-0.5000000149,1,0,1_0,inner_train
0,WXKgBIiP8IA,11,0.2727272781,3,3,3_3,inner_train
0,We5nTulz1Vs,4,-0.5000000149,1,1,1_1,inner_train
0,Wfn7XvSEwUA,8,0.1666666828,3,2,3_2,inner_train
0,Wh6sht7xwqQ,12,0.1944444502,3,3,3_3,inner_train
0,Wn8nz8GPKkI,3,0.3333333333,3,1,3_1,inner_train
0,Wnw1IAEDwDM,3,0.4444444577,3,1,3_1,outer
0,Wo1RxRjXyYw,7,0.5714285757,3,2,3_2,inner_valid
0,WtiBpLt2wuA,1,0,2,0,2_0,inner_train
0,Wx9nThz5z_Y,3,0.3333333333,3,1,3_1,outer
0,WygyVNL_qdE,6,1.055555547,4,2,4_2,outer
0,X0jMZoxUL2A,11,0.7878787924,3,3,3_3,inner_train
0,X2leyjuolDM,7,0.9523809595,3,2,3_2,inner_train
0,XAT2IfFFAU0,6,0.2222222189,3,2,3_2,inner_train
0,XAgD-xoil40,6,0.05555555722,2,2,2_2,inner_train
0,XCyngF93SmU,6,0,2,2,2_2,inner_train
0,XDVkhOziCkg,3,1.777777751,4,1,4_1,inner_train
0,XFJQJb0yaKY,2,0.5,3,0,3_0,inner_train
0,XQOUZhWI1B0,5,-2.266666675,0,1,0_1,inner_train
0,XQxnAPleuCE,2,0.3333333433,3,0,3_0,inner_train
0,XXvSLz8QmGk,11,1.151515151,4,3,4_3,inner_train
0,XblL7mcdDdg,5,-0.2000000059,1,1,1_1,inner_train
0,Xe-keAcLge0,2,0,2,0,2_0,inner_train
0,XgT2WWcXip4,4,0.1666666716,3,1,3_1,inner_train
0,Xo6-V2RlWss,4,1.75000003,4,1,4_1,inner_train
0,Xq7zLxYHxd8,7,-0.09523810233,2,2,2_2,inner_train
0,XwOdPYlyqXA,3,0.2222222288,3,1,3_1,inner_train
0,XyBU_gZtU0M,21,-0.01587301634,2,3,2_3,inner_train
0,XzhRYIeczg4,2,0.6666666717,3,0,3_0,inner_valid
0,Y6s_vuUUsJM,4,0.5000000074,3,1,3_1,inner_train
0,YAYfMkxhRiQ,5,-0.7333333492,1,1,1_1,inner_train
0,YB9EUgrzCCo,4,-0.7499999925,1,1,1_1,inner_valid
0,YD5vqR15nco,2,0.5,3,0,3_0,inner_train
0,YF3mDOuF46M,7,0.7619047676,3,2,3_2,inner_valid
0,YLA7h1RTa9w,11,-0.303030312,1,3,1_3,inner_train
0,YQUutkMdLj0,4,-0.4166666493,1,1,1_1,inner_train
0,YQanVofsHoE,1,0.6666666865,3,0,3_0,inner_valid
0,YVHJpAROBvQ,4,0.5833333507,3,1,3_1,inner_train
0,YWjTWl0oNLk,11,0.2424242388,3,3,3_3,inner_valid
0,YcyHQQXGXWA,6,1.444444438,4,2,4_2,inner_train
0,YfxtwXXkCmc,6,0.2222222288,3,2,3_2,inner_train
0,Yn8vNC41UMg,3,0.777777791,3,1,3_1,inner_train
0,YodtMIsjM0c,12,0.05555555721,2,3,2_3,outer
0,YrPXbGBvqGo,4,0.3333333358,3,1,3_1,inner_valid
0,Z-26eyME6Co,7,-0.2857142942,1,2,1_2,inner_train
0,Z3fcd1wdzr0,8,0.6666666754,3,2,3_2,inner_train
0,ZDz8Qr-sJ3E,4,-0.3333333433,1,1,1_1,inner_valid
0,ZLCK8WX6qFQ,2,0.5,3,0,3_0,inner_train
0,ZQaGGpcIPHM,2,1.333333299,4,0,4_0,inner_train
0,ZSBoSJaD2tQ,9,-0.03703703814,2,2,2_2,inner_train
0,ZZ1IyZaMTWQ,5,1.333333337,4,1,4_1,inner_train
0,ZZzdvUdOTww,6,-0.05555554233,2,2,2_2,inner_train
0,Zae-zQ3VBpY,2,1,3,0,3_0,inner_train
0,Zg9DKOHJdw8,2,0.5000000149,3,0,3_0,outer
0,ZjsQqd6KZIg,11,0.3636363528,3,3,3_3,inner_valid
0,ZmAIDJ_gcXM,3,0.3333333433,3,1,3_1,inner_train
0,Zs8x712Y-CM,12,0.2222222214,3,3,3_3,inner_train
0,ZtuTCuh9C1M,6,0.499999995,3,2,3_2,inner_train
0,ZzL2sHtTWRc,2,0.1666666716,3,0,3_0,inner_train
0,_8pvMpMdGM4,21,0.3015873077,3,3,3_3,inner_train
0,_BMdEKNF5Js,1,0.6666666865,3,0,3_0,inner_train
0,_BXmhCPTQmA,2,1.333333313,4,0,4_0,inner_train
0,_BtdwH6mfWg,2,1.5,4,0,4_0,inner_valid
0,_HanACduNJk,9,-0.407407403,1,2,1_2,inner_train
0,_K0okiLaF9I,2,-1.49999997,0,0,0_0,inner_train
0,_MGd6t9eZP8,1,-0.3333333433,1,0,1_0,inner_train
0,_PJ26YwqRJE,6,0.5555555671,3,2,3_2,inner_train
0,_PKP676ez2c,8,0.3750000075,3,2,3_2,inner_train
0,_Vp4SDp_knI,2,0,2,0,2_0,outer
0,_WkXQNVLQXs,4,1.250000015,4,1,4_1,inner_train
0,_ZlF5Q9W1DM,2,0.5000000149,3,0,3_0,inner_train
0,_bIJOxiIJFk,6,0.6666666816,3,2,3_2,outer
0,_iy7ftq27xE,12,7.44166669e-09,2,3,2_3,inner_train
0,_qVgNLJCYdA,5,0.06666666866,2,1,2_1,inner_train
0,_t8ETpf2LnM,1,0,2,0,2_0,inner_train
0,_xjBqNfiEY4,6,1.222222229,4,2,4_2,inner_train
0,a5CSKvCAhbs,10,0.1333333373,3,3,3_3,inner_train
0,a5FKWiI90hk,3,0.3333333433,3,1,3_1,inner_train
0,aE-X_QdDaqQ,3,0.8888888955,3,1,3_1,inner_train
0,aEaM_LOI-BM,6,0.1666666716,3,2,3_2,inner_train
0,aFZIvp3SgHY,4,0.5833333507,3,1,3_1,inner_train
0,aFhT0px8AMw,2,2.333333254,4,0,4_0,outer
0,aFjMWlR1QAY,13,-0.4871794925,1,3,1_3,inner_train
0,aXla94xd_AQ,4,1.249999985,4,1,4_1,inner_train
0,aYdMtEO0cbI,2,1.00000003,4,0,4_0,outer
0,afDJvn5nmtY,1,0,2,0,2_0,inner_valid
0,ahcAFnY6iAY,2,0.1666666716,3,0,3_0,inner_train
0,ai7G98thPpk,3,-0.8888888757,1,1,1_1,inner_valid
0,aiJg0jtIHOM,1,0,2,0,2_0,inner_train
0,ak7N0BqMluI,9,-0.1481481559,1,2,1_2,outer
0,amem5EmRG3s,6,1.833333294,4,2,4_2,inner_train
0,asWraTfIqq0,10,0.599999997,3,3,3_3,inner_train
0,auTpzciNgls,5,1.066666669,4,1,4_1,inner_train
0,avW2m6VHTyg,8,1.958333328,4,2,4_2,inner_train
0,axQ5CDRawO0,2,0,2,0,2_0,outer
0,b1Il3Nf6BrU,3,0.1111111243,3,1,3_1,inner_valid
0,bBJ0BxmIocQ,22,0.9090909118,3,3,3_3,inner_train
0,bD0FqMn1KXw,7,1.04761907,4,2,4_2,inner_train
0,bMuoPr5-Yt4,1,-1.333333373,0,0,0_0,outer
0,bUFAN2TgPaU,9,1.148148153,4,2,4_2,inner_valid
0,bVhWpCvpSs4,8,1.416666664,4,2,4_2,inner_train
0,bYt4wybVLRQ,5,0.7999999881,3,1,3_1,inner_train
0,bcns0Gu66D8,5,-0.6000000179,1,1,1_1,inner_train
0,bdtwQxwySN0,9,-0.481481476,1,2,1_2,inner_valid
0,bfy28AlY-TQ,5,-0.600000006,1,1,1_1,inner_train
0,bh4_Kd4hhd4,1,0.6666666865,3,0,3_0,inner_train
0,bzPFUVGPS3c,5,0.8666666746,3,1,3_1,inner_valid
0,c5-L8vC6_sk,5,0.3333333373,3,1,3_1,inner_valid
0,c5AJbOd794U,7,0.619047629,3,2,3_2,inner_train
0,c6wuh0NRG1s,8,0.5833333395,3,2,3_2,inner_train
0,c9jD33baJ60,7,0.28571429,3,2,3_2,inner_train
0,cEXJ2zFbC9I,5,-0.6666666687,1,1,1_1,inner_train
0,cKxNJY7sA8s,2,0.3333333433,3,0,3_0,inner_valid
0,cMUS4nhcKCQ,1,1,3,0,3_0,inner_valid
0,cSraseCDilY,2,-0.1666666716,1,0,1_0,inner_train
0,cUm0TN3vXRc,6,0.05555555722,2,2,2_2,outer
0,cZDAM6NjBzE,4,1.000000015,4,1,4_1,inner_train
0,cZVM4svwE90,27,0.7160493919,3,3,3_3,outer
0,caLWajc18Y4,11,0.7272727273,3,3,3_3,inner_valid
0,ce1ObTPlI38,2,0.5000000149,3,0,3_0,inner_valid
0,cfX_iuhCbRY,6,0.3888889005,3,2,3_2,inner_train
0,cjgq9d8Zn9g,7,0.6190476332,3,2,3_2,outer
0,cl1DNRGX578,3,-0.7777778009,1,1,1_1,outer
0,d0QNH2vcDgU,22,1.333333335,4,3,4_3,inner_valid
0,d3I7Ug-_3L0,11,0.181818171,3,3,3_3,inner_train
0,d7Dz34-cZ74,3,0.3333333433,3,1,3_1,inner_train
0,d89Z_olwc2Y,6,0.1666666716,3,2,3_2,outer
0,dDFyJp_OkeA,5,1.466666651,4,1,4_1,inner_valid
0,dEBug0QYayY,1,1,3,0,3_0,inner_train
0,dEXSb0CfodU,1,0,2,0,2_0,inner_train
0,dLmtsRyRH4s,1,0.3333333433,3,0,3_0,inner_train
0,dLzsNc_hzkQ,2,-0.1666666716,1,0,1_0,outer
0,dQ56b0bqmc8,4,0.4166666716,3,1,3_1,inner_train
0,dWfgSGnd9zM,6,0.8333333383,3,2,3_2,inner_train
0,dXMAS2tIknw,7,0.1904761961,3,2,3_2,inner_valid
0,dZolFNqR-hA,1,0,2,0,2_0,inner_train
0,dbH51F5Zqi4,1,1,3,0,3_0,inner_valid
0,dyZdiWNflko,10,0.7333333433,3,3,3_3,inner_valid
0,dzSv6GwfF-0,1,-0.3333333433,1,0,1_0,inner_train
0,e-2QlzFeyNU,2,0.5000000149,3,0,3_0,inner_train
0,e0hYEr848TE,1,0.6666666865,3,0,3_0,inner_train
0,e1E5W_ZefmY,7,0.09523809381,2,2,2_2,inner_train
0,eMa6gbD7id0,1,1,3,0,3_0,inner_train
0,ePtlUYCdrNM,7,0.4761904861,3,2,3_2,inner_train
0,eTCnM472-cQ,4,0.6666666493,3,1,3_1,inner_train
0,eTn2P4wmFr4,14,-0.4285714286,1,3,1_3,inner_valid
0,eY64P27khzk,5,-0.3333333433,1,1,1_1,inner_train
0,eYCiRWf2NHE,2,1.333333373,4,0,4_0,inner_train
0,eZVcshSUD3Q,4,0.3333333433,3,1,3_1,outer
0,eaXDCknxPrU,2,0.8333333433,3,0,3_0,inner_train
0,efLrpnuLwyU,12,-0.4722222239,1,3,1_3,inner_train
0,emtvrtk-jsU,3,0.2222222288,3,1,3_1,inner_train
0,erBIIKA6r5Y,1,0,2,0,2_0,inner_train
0,etPDgRjrnJ8,4,0.5,3,1,3_1,inner_train
0,f-ZNjqLlrm4,6,1.222222219,4,2,4_2,inner_train
0,f49boM5fb8U,6,0.3333333433,3,2,3_2,inner_train
0,f6S2XNPIiFk,11,1.030303047,4,3,4_3,inner_train
0,fGYbbP8RDLQ,3,0.1111111144,3,1,3_1,inner_train
0,fI9KptYFZeg,4,-0.9999999851,1,1,1_1,inner_train
0,fSOVk2cS-sY,5,0.7333333552,3,1,3_1,inner_valid
0,fTKe7E_4OCQ,2,1.166666687,4,0,4_0,inner_train
0,faXGVcVcVsE,16,0.7708333433,3,3,3_3,inner_train
0,fbHlBmq7Ipo,12,-0.1944444403,1,3,1_3,inner_train
0,fdK_tsvBXJ8,4,1.166666679,4,1,4_1,inner_valid
0,fi7g4GoK-z4,2,0.3333333433,3,0,3_0,inner_train
0,fjE2EZKgQm8,7,0.9523809382,3,2,3_2,inner_train
0,flBtk736di4,8,1.083333358,4,2,4_2,inner_train
0,fnFoRPqkQeo,3,-0.1111111144,1,1,1_1,inner_train
0,frNJdG0GkYw,2,0.8333333135,3,0,3_0,inner_valid
0,fzuTEKwNS94,23,1.695652153,4,3,4_3,outer
0,g9rNhtFG9aU,6,0.4444444577,3,2,3_2,inner_train
0,gEgcpVY8WK4,32,0.2083333367,3,3,3_3,inner_train
0,gFAOKuqpUq4,6,0.3333333433,3,2,3_2,inner_train
0,gJdSxPhf85M,4,0.4166666716,3,1,3_1,inner_train
0,gLdRUsLw4CA,4,1.166666672,4,1,4_1,inner_valid
0,gPWyANEm0eE,10,-0.03333333729,2,3,2_3,inner_train
0,gZDyk95Xob4,15,1.155555558,4,3,4_3,inner_train
0,gcGZp9JX_qE,4,1.25,4,1,4_1,inner_train
0,ggbV7YeSl7k,3,-0.1111111144,1,1,1_1,outer
0,gjEYmdWrBLM,29,1.172413799,4,3,4_3,inner_train
0,gjSyl6evrWk,8,1.583333343,4,2,4_2,inner_valid
0,gm4l099casQ,2,-0.6666666865,1,0,1_0,outer
0,gr9YU-UTJzQ,2,0,2,0,2_0,inner_train
0,grePRQ8zonA,5,1.199999988,4,1,4_1,inner_train
0,gvrfI9e5xHQ,1,-0.3333333433,1,0,1_0,inner_train
0,gzZ8NTeTzRs,2,0.3333333433,3,0,3_0,outer
0,hIQhkTjNaQc,5,0.2666666746,3,1,3_1,inner_valid
0,hSEfYcIjIr4,2,0.8333333433,3,0,3_0,inner_train
0,hSgKOKK3L8M,8,0.6250000186,3,2,3_2,inner_train
0,hThsntvCk2s,3,0.8888889054,3,1,3_1,outer
0,hawztAtYHCE,4,0.8333333507,3,1,3_1,inner_train
0,hdLC4Ro977Q,2,0.4999999702,3,0,3_0,inner_valid
0,hfVXx8hfKak,9,-0.9259259204,1,2,1_2,inner_train
0,hfvmQuhqMmY,8,2.083333299,4,2,4_2,inner_train
0,hh04W3xXa5s,3,0.5555555522,3,1,3_1,inner_train
0,hjBQmIWiWgw,11,0.3636363663,3,3,3_3,inner_train
0,hkGN5q3OOCE,2,0,2,0,2_0,inner_valid
0,hlBOP5NskhM,12,1.138888891,4,3,4_3,inner_train
0,hmjfBZGGZR8,2,1.833333373,4,0,4_0,inner_train
0,hyazktfsZew,34,0.2254901993,3,3,3_3,inner_valid
0,i5bmKlHv-SA,2,0.6666666865,3,0,3_0,inner_train
0,i5of7ZTkyfw,4,0.25,3,1,3_1,inner_train
0,i6UngvEEuNs,1,-1.333333373,0,0,0_0,inner_train
0,iEOBNT0HFtU,13,0.5384615339,3,3,3_3,outer
0,iFGoQUh81as,1,0.3333333433,3,0,3_0,inner_train
0,iMss8xBhFiI,9,0.5555555589,3,2,3_2,inner_train
0,iO34hER47xA,5,1.333333331,4,1,4_1,inner_train
0,iR1Os7FVGHs,3,-0.3333333433,1,1,1_1,inner_valid
0,iS91daVpH2E,7,0.8571428572,3,2,3_2,inner_train
0,iWBx0CP9JqA,2,0.6666666717,3,0,3_0,inner_train
0,io85pRFj_dw,2,0.8333333433,3,0,3_0,inner_train
0,izFBeXMTgds,7,0.09523809381,2,2,2_2,inner_valid
0,j4MpQ6CKoDE,1,1,3,0,3_0,inner_valid
0,j6R1NTrosuM,4,1.250000022,4,1,4_1,inner_valid
0,j9mRv472dq0,2,0,2,0,2_0,inner_train
0,jNdvceZ4etc,9,1.592592604,4,2,4_2,inner_train
0,jPGDFrQLD4I,1,-1,0,0,0_0,inner_train
0,jV6qzF2YROc,7,0.9047619104,3,2,3_2,outer
0,jXp595jj734,2,1.00000003,4,0,4_0,inner_train
0,jbJF3aphcP0,1,1.666666627,4,0,4_0,inner_train
0,jfSGWBfVNBI,2,0.1666666716,3,0,3_0,outer
0,jgNu58Da9cs,6,0.3333333383,3,2,3_2,inner_train
0,jhb6SV2dQzg,1,-1,0,0,0_0,inner_train
0,juI9KoLA87A,14,1.07142858,4,3,4_3,inner_train
0,jzNIU-w0MVo,11,0.06060605969,2,3,2_3,inner_train
0,k0cGUNUHuyY,1,-1.333333373,0,0,0_0,outer
0,k4T6GaDrcjs,11,0.2121212184,3,3,3_3,inner_train
0,kCQqLNiO0mk,15,-0.1111111065,1,3,1_3,inner_train
0,kM6wo2bb3nw,3,0.4444444477,3,1,3_1,inner_valid
0,kRs39SO-neY,4,-0.0833333358,2,1,2_1,inner_train
0,kRsA87VU6EQ,1,0,2,0,2_0,inner_train
0,kSooCdVTI6E,6,0.1666666667,3,2,3_2,inner_train
0,kY64gXOapYk,5,0.4000000119,3,1,3_1,inner_train
0,kZfcQ4a0kx4,14,1.357142855,4,3,4_3,outer
0,kcIGTPHEsNo,12,1.944444428,4,3,4_3,inner_train
0,kddCewAsxfA,4,7.450000006e-09,2,1,2_1,inner_train
0,kh6eynD9OIk,15,-1.044444446,0,3,0_3,inner_valid
0,kj63uF0RhW8,2,0,2,0,2_0,outer
0,kjQAkrdbREk,3,0.333333373,3,1,3_1,inner_train
0,kqXpf26EL-s,10,0.0666666746,2,3,2_3,inner_valid
0,ku-dtUqCm2o,2,-0.3333333433,1,0,1_0,inner_train
0,kx544gnOZB0,2,-0.3333333433,1,0,1_0,inner_valid
0,ky7Q5onqxGw,3,-0.3333333432,1,1,1_1,outer
0,kyPepNmxaj8,3,-0.6666666865,1,1,1_1,inner_train
0,kzmaKnujN64,7,0.5714285842,3,2,3_2,inner_train
0,l-nM_U1qpko,6,0.5555555473,3,2,3_2,outer
0,l5_DDqck4Rs,1,0.3333333433,3,0,3_0,inner_train
0,l8LTcZJ-_8k,23,0.8550724737,3,3,3_3,inner_train
0,lWvaIexY2WU,4,-0.4166666567,1,1,1_1,inner_train
0,laxadgca3Fo,1,0.6666666865,3,0,3_0,outer
0,lo0R1mvjDT8,6,0.3333333433,3,2,3_2,inner_train
0,lp9vkkimXqg,21,0.7142857242,3,3,3_3,outer
0,lpF-yBYou0s,4,-0.5833333284,1,1,1_1,outer
0,luQfWSfb1s0,21,1.031746037,4,3,4_3,inner_train
0,lzyVWNrkgbQ,3,-0.1111111144,1,1,1_1,inner_train
0,m0-DH0k115I,2,1.00000003,4,0,4_0,inner_train
0,m7SJs73SF8w,4,0.5833333507,3,1,3_1,inner_train
0,mHEtr7PHxoA,2,0.6666666717,3,0,3_0,inner_train
0,mI50zj8cTNw,5,0.2666666746,3,1,3_1,inner_train
0,mKP6TVuixWg,7,0.2380952452,3,2,3_2,inner_train
0,mMeGgB9-hSE,3,0.6666666865,3,1,3_1,outer
0,mNurUl_Q2UY,1,0,2,0,2_0,inner_train
0,mOnyMWhb5Ac,2,0.5000000149,3,0,3_0,outer
0,mRPIse3OO74,7,-0.09523809807,2,2,2_2,inner_train
0,mSWwz7dXUP8,1,2.333333254,4,0,4_0,inner_valid
0,mW8eL4e7Wrg,9,0.1481481492,3,2,3_2,outer
0,mXdvCxLbpuY,2,0.6666666717,3,0,3_0,inner_train
0,mgpoY1-110U,7,0.09523809384,2,2,2_2,inner_train
0,mjQfQx2K__8,13,-0.2820512905,1,3,1_3,inner_train
0,mjYeEikLR8I,2,0,2,0,2_0,inner_train
0,mrQIrm6hYMQ,3,1.111111114,4,1,4_1,inner_train
0,muOYAxkG-Zo,11,0.2727272727,3,3,3_3,inner_train
0,mud6tEqFiEM,8,0.2916666642,3,2,3_2,outer
0,mxFU6TrHChY,11,-0.7575757531,1,3,1_3,inner_train
0,mxa4KXSz9rw,12,-0.2222222239,1,3,1_3,inner_train
0,mzTHW2dtbs4,4,0.4166666791,3,1,3_1,inner_train
0,mziQcFSsdRI,3,0.7777777712,3,1,3_1,inner_train
0,n2BuwHbdilY,4,0.5000000075,3,1,3_1,inner_train
0,n4xRx0J3rYQ,14,0.5238095309,3,3,3_3,inner_train
0,n5J1ZkGUGnU,5,1.133333355,4,1,4_1,inner_train
0,n5MU2-GFjo8,5,-0.1333333373,1,1,1_1,outer
0,n7K5SpMrQt0,7,0.04761904903,2,2,2_2,inner_train
0,nAhn8-kZpM8,2,0.9999999851,3,0,3_0,inner_train
0,nDXKvarLEOM,4,-0.2499999926,1,1,1_1,inner_train
0,nErOMpqvcRg,3,1.444444458,4,1,4_1,outer
0,nF0AMbTH4VM,1,-0.3333333433,1,0,1_0,inner_train
0,nQ7txb1MtG0,2,0.8333333581,3,0,3_0,inner_train
0,npIVLL_fTf0,11,-1.272727294,0,3,0_3,inner_train
0,nw6Kf3AtCz4,33,0.9898989995,3,3,3_3,inner_train
0,nxksB2kDJ6o,2,0.3333333433,3,0,3_0,inner_train
0,o1cRmT9qnOc,1,0.3333333433,3,0,3_0,inner_train
0,o2bNnLOEEC0,4,-1.5,0,1,0_1,inner_train
0,o63doZKEIds,9,0.07407407297,2,2,2_2,inner_valid
0,o7vcTMAX9fQ,1,0.3333333433,3,0,3_0,outer
0,oK951Y2N_k0,1,-0.3333333433,1,0,1_0,inner_train
0,oO61Ma17tRA,3,-0.8888888955,1,1,1_1,inner_train
0,oW1OEsP7Dds,3,0,2,1,2_1,outer
0,oZkWWCQw2Js,3,0.2222222288,3,1,3_1,inner_train
0,oaC1UATdtAg,5,0.5333333492,3,1,3_1,inner_valid
0,obnOnuzb-Xw,5,0.2000000059,3,1,3_1,inner_train
0,omBcvw7izuM,14,0.5714285863,3,3,3_3,outer
0,ooGB4BLK9PM,1,0,2,0,2_0,inner_valid
0,opHUZsc2WO8,2,0.5000000149,3,0,3_0,inner_valid
0,otna1VHHCow,6,1.00000001,4,2,4_2,inner_train
0,ouhCx4TgHlE,3,-0.7777777811,1,1,1_1,inner_train
0,owT0_Xfu8a0,2,0.8333333581,3,0,3_0,inner_valid
0,oyHKiX5YGDE,11,0.3333333378,3,3,3_3,inner_train
0,p18PVgfxook,1,0,2,0,2_0,outer
0,p19Hsjx2xgI,4,0.5833333507,3,1,3_1,outer
0,pAclBdj20ZU,12,0.7500000025,3,3,3_3,inner_train
0,pFh-SLxltms,16,0.7083333302,3,3,3_3,inner_train
0,pIMByitigYI,12,0.3333333408,3,3,3_3,inner_train
0,pKXaKinzTmY,4,0.08333333582,2,1,2_1,inner_valid
0,pU-MjERGTUk,1,1,3,0,3_0,inner_train
0,pY4ovojS4rk,3,0,2,1,2_1,inner_train
0,pf-78LF4ORE,18,0.7407407446,3,3,3_3,inner_train
0,pf6HYOOwfGE,1,0,2,0,2_0,inner_train
0,pkH2TfFN-6s,1,2,4,0,4_0,outer
0,pnSRLB6anIM,7,0.666666678,3,2,3_2,outer
0,ptgBkE_e5js,2,-0.1666666567,1,0,1_0,inner_valid
0,puum3vabpb4,19,0.3333333401,3,3,3_3,outer
0,q3QUybiOYeU,1,0.3333333433,3,0,3_0,inner_train
0,q4hP2j7oewo,2,0,2,0,2_0,inner_train
0,q7BxnIM2_z0,1,2,4,0,4_0,inner_train
0,qCUg4ek1PPE,2,0.5000000149,3,0,3_0,inner_train
0,qFppeQvdfxI,8,1.041666668,4,2,4_2,inner_train
0,qJBQH14qtHc,8,0.9583333209,3,2,3_2,inner_train
0,qJZlp9uxoTU,16,0.1041666567,3,3,3_3,inner_valid
0,qP4uuMI-JSk,6,0.777777791,3,2,3_2,inner_train
0,qXisb7w9LjM,3,0.3333333333,3,1,3_1,outer
0,qYJtbgLqizk,2,1.500000045,4,0,4_0,inner_train
0,qbIajpM7U3Y,4,0.5000000149,3,1,3_1,inner_train
0,qd6YuFGcBGk,9,0.8148148159,3,2,3_2,inner_train
0,qkWdc-E6jGI,7,-0.04761905329,2,2,2_2,inner_valid
0,qo2reupzUE0,4,-0.4166666568,1,1,1_1,inner_train
0,qpht9L3s9G4,2,0.3333333433,3,0,3_0,inner_train
0,qrSW93EtuMc,2,1.166666657,4,0,4_0,outer
0,qszy_WSRFUM,7,0.4285714413,3,2,3_2,inner_train
0,qtI3CB1jslQ,1,0.3333333433,3,0,3_0,inner_valid
0,qvIhzmujTi8,3,-0.2222222288,1,1,1_1,inner_train
0,r1erb5PSm1A,7,0.7142857228,3,2,3_2,inner_train
0,r8OPmbZZlpE,3,0.8888889054,3,1,3_1,inner_valid
0,rApOTQgFW6Y,1,0.6666666865,3,0,3_0,outer
0,rC7qKZMKa0U,1,0.3333333433,3,0,3_0,inner_valid
0,rCQYq4T8SEI,5,-0.8666666627,1,1,1_1,inner_train
0,rEWQW_ibDwg,8,0.08333332839,2,2,2_2,inner_valid
0,rFHIApgUtoI,6,0.277777786,3,2,3_2,outer
0,rLHJ_ebXCHQ,8,0.2500000037,3,2,3_2,outer
0,rNXM3avNBKk,4,0.1666666419,3,1,3_1,inner_valid
0,rWjPSlzUc-8,2,2.333333373,4,0,4_0,inner_train
0,rvQ2cRnroOU,11,0.1515151587,3,3,3_3,inner_train
0,s0PUurm1ONo,1,0.6666666865,3,0,3_0,inner_train
0,s1Yo_MCiMPc,8,-0.04166666791,2,2,2_2,inner_valid
0,s1tVE8g6JBc,2,-1,0,0,0_0,inner_valid
0,s53UAEi7JEY,3,0.1111111144,3,1,3_1,inner_train
0,sFLTjqVS7AE,4,0.9166666642,3,1,3_1,inner_train
0,sFxUNO2HOKY,6,0.5000000099,3,2,3_2,inner_train
0,sPxoGNvnVzg,5,1.400000036,4,1,4_1,outer
0,sRMdbZVjhis,2,-0.3333333135,1,0,1_0,inner_train
0,sRex0-9yFFc,3,0,2,1,2_1,inner_train
0,sU40irMa-so,2,0.1666666716,3,0,3_0,inner_train
0,snVkfJKvjwk,3,-0.8888888856,1,1,1_1,inner_train
0,sqADHmnM164,1,0,2,0,2_0,inner_train
0,ssH8WQF4eN0,2,0.1666666716,3,0,3_0,inner_train
0,sw-smuVRByI,8,-0.1666666716,1,2,1_2,inner_train
0,t-wXEPHHtME,3,0.2222222289,3,1,3_1,inner_train
0,t2U7w3K2qac,2,1.00000003,4,0,4_0,inner_train
0,t4-ZulW5np4,5,0.9999999881,3,1,3_1,inner_train
0,t7a3zECpT4k,4,-0.4166666716,1,1,1_1,outer
0,tL8RzwWSmAE,4,0.1666666642,3,1,3_1,inner_train
0,tRSPfPlNbMU,4,0.08333334327,2,1,2_1,inner_valid
0,tUTf9R5u6r0,1,1.666666627,4,0,4_0,inner_train
0,taCchyi5h68,1,0.3333333433,3,0,3_0,outer
0,tdIZZ9v0IGA,6,0.2222222239,3,2,3_2,outer
0,tnhRxo-g3Xw,1,-0.3333333433,1,0,1_0,inner_train
0,trQLgl6ncmk,5,-0.1333333373,1,1,1_1,outer
0,tv8IhQZQuJI,11,0.3030303093,3,3,3_3,inner_train
0,tvE_DucE0_k,5,0.6666666806,3,1,3_1,inner_train
0,tw2xFbfgV4U,11,0.2727272808,3,3,3_3,inner_train
0,u8ViR4L2cVk,3,0.2222222288,3,1,3_1,inner_train
0,u94VPxEIJPg,8,-0.4583333433,1,2,1_2,inner_train
0,uBgRo9tnv-I,8,0.04166666791,2,2,2_2,inner_train
0,uITHY4LORDs,3,-0.4444444577,1,1,1_1,inner_train
0,uQds2dN1AiM,1,1,3,0,3_0,inner_train
0,uU_3tbZ1zG8,12,0.8333333284,3,3,3_3,outer
0,uWW1ejwFURI,1,0,2,0,2_0,inner_train
0,uXYAfpQUYVE,10,0.2666666657,3,3,3_3,inner_valid
0,uYzZB4ccG1Q,30,0.7111111105,3,3,3_3,inner_train
0,uea5xJZygsc,2,1.166666657,4,0,4_0,outer
0,uxHBEfIhY-E,7,-4.27142856e-09,2,2,2_2,inner_train
0,uy9MGhVqCp8,7,0.6190476332,3,2,3_2,outer
0,v2DFe9X-jCY,9,0.8148148258,3,2,3_2,inner_train
0,v3l56fl6aJM,3,0.3333333432,3,1,3_1,inner_train
0,v45zoIrjoTo,2,0.1666666716,3,0,3_0,inner_train
0,v5AAvrZuR2U,5,0.200000006,3,1,3_1,inner_train
0,v73dbqOUoXQ,2,0.8333333581,3,0,3_0,inner_train
0,vA68fTqDars,2,0,2,0,2_0,outer
0,vM7m581tHn0,9,0,2,2,2_2,outer
0,vM9AH4EqCaA,3,0.6666666766,3,1,3_1,inner_train
0,vRhj2bLo1ho,8,-0.04166667164,2,2,2_2,inner_train
0,vRydHjRzDX0,6,0.3888888955,3,2,3_2,inner_train
0,vXABB4tBBUU,6,0.5,3,2,3_2,inner_train
0,vbVLgaP5IYU,3,-0.3333333432,1,1,1_1,inner_train
0,vlnKSMw5v1o,6,0.3333333433,3,2,3_2,inner_train
0,vop7tN_K64I,6,0.1666666716,3,2,3_2,outer
0,vqBRkjHWjXM,1,0,2,0,2_0,inner_train
0,vrgwwihTxVQ,2,0,2,0,2_0,inner_train
0,vwUBtNvjrU4,14,0.1190476226,3,3,3_3,inner_train
0,vx8j_4DMqh4,2,0.1666666716,3,0,3_0,outer
0,w-PFjo89Dpw,9,0.1111111144,3,2,3_2,inner_train
0,w44JDB1NmqM,4,0.3333333358,3,1,3_1,outer
0,w4xIyGs-3wc,2,-1.333333313,0,0,0_0,inner_train
0,wEs7pJH2mqQ,5,-0.4000000119,1,1,1_1,inner_train
0,wI7DDCRh4Nw,7,0.4285714243,3,2,3_2,inner_train
0,wLj_gnNON7A,21,-0.8095238152,1,3,1_3,inner_train
0,wLrgvSYLPUI,5,1.399999982,4,1,4_1,inner_train
0,wMggOhhVouA,2,0,2,0,2_0,inner_train
0,wNx1ZnQ0MDQ,5,0.6666666865,3,1,3_1,outer
0,wRKVNiABc0w,17,0.03921568394,2,3,2_3,outer
0,wVdoIjg3ZFQ,6,0.2222222437,3,2,3_2,inner_train
0,wY8JbFOsp5E,2,0.5,3,0,3_0,inner_train
0,wb7CfuiIZFQ,1,1.333333373,4,0,4_0,inner_train
0,wdU-0bttAkc,2,0.1666666716,3,0,3_0,inner_train
0,wj4snKbUWZA,4,-1.083333358,0,1,0_1,outer
0,wrQVnClcNPM,17,0.686274511,3,3,3_3,inner_train
0,x7ZR70cTa84,2,1.5,4,0,4_0,outer
0,x92920ole0w,4,0.2500000075,3,1,3_1,outer
0,xAApNMTj3as,1,-0.3333333433,1,0,1_0,inner_train
0,xBsrNFxnnuY,7,0.5238095181,3,2,3_2,inner_train
0,xP81rX2ATLI,9,-0.07407407629,2,2,2_2,inner_train
0,xPN38lYBQv4,2,1.166666672,4,0,4_0,inner_train
0,xRJXYUZVdas,5,1.266666651,4,1,4_1,inner_train
0,xTBBDx3DkXQ,7,1.047619053,4,2,4_2,inner_train
0,xUz5cCA-oTo,12,-0.388888898,1,3,1_3,inner_train
0,xYtNgq9eTlg,8,0.2083333395,3,2,3_2,inner_valid
0,xaSf1d13WoY,10,0.3666666687,3,3,3_3,outer
0,xbl7bU5PGBs,3,1.333333314,4,1,4_1,inner_train
0,xfP0bm6Z-7E,6,0.1666666716,3,2,3_2,inner_valid
0,xgAwddSkrOo,5,-0.06666666866,2,1,2_1,inner_train
0,xiRUWSUrGSg,2,-0.1666666716,1,0,1_0,inner_valid
0,xn9_4n4NpEw,11,0.2727272781,3,3,3_3,inner_valid
0,xnNZyfhusAk,4,0.0833333284,2,1,2_1,inner_train
0,xomMHflvVDw,25,0.1200000024,3,3,3_3,inner_train
0,xu53lk4dhSc,9,0.4074074096,3,2,3_2,outer
0,xw-Blnej8EA,1,1,3,0,3_0,outer
0,xwNQ7QuXaps,6,0.7222222388,3,2,3_2,inner_train
0,xyOa9ivNrg4,2,0.5,3,0,3_0,inner_train
0,y1gL_MuokI8,2,-0.3333333433,1,0,1_0,inner_train
0,y5JdqGL5DRc,2,1.166666657,4,0,4_0,inner_train
0,yALhl-lMBxk,2,1.666666627,4,0,4_0,inner_train
0,yBGuxyO-ElM,4,0.8333333358,3,1,3_1,inner_train
0,yNiJGh7JpLM,3,0.2222222288,3,1,3_1,inner_train
0,ySfHPyaDbqY,4,0.4166666791,3,1,3_1,inner_train
0,yZWH2P-h0jo,3,1.888888836,4,1,4_1,inner_valid
0,yrIXBklJ5YQ,6,0.0555555473,2,2,2_2,inner_train
0,yt9GpittX4U,1,1,3,0,3_0,inner_train
0,yuwvVTnsDjc,6,0.3333333433,3,2,3_2,inner_train
0,yxZydS2qHzs,2,-0.3333333433,1,0,1_0,outer
0,yyToAEoUuek,3,0.7777777811,3,1,3_1,inner_train
0,z-bupzylxEc,1,0.6666666865,3,0,3_0,inner_valid
0,z7FicxE_pMU,8,0.3750000112,3,2,3_2,inner_valid
0,zFTuwjr3xq0,6,0.0555555572,2,2,2_2,outer
0,zFuRNvfC4So,9,0.2222222189,3,2,3_2,inner_train
0,zKNAu2CCeRs,1,1,3,0,3_0,inner_train
0,zOHZDq2BvGo,2,0.5000000149,3,0,3_0,inner_train
0,zR-kKDaSDmE,1,-0.3333333433,1,0,1_0,inner_valid
0,zR62DCEMWgs,5,0.7999999881,3,1,3_1,inner_train
0,zWfDRPy4lXQ,1,0.6666666865,3,0,3_0,inner_train
0,zoPOeViAdOo,1,-0.6666666865,1,0,1_0,inner_train
0,zsRTbbKlsEg,1,0.3333333433,3,0,3_0,inner_valid
0,zuc7vUhZNfY,2,1,3,0,3_0,inner_train
0,zv0Jl4TIQDc,3,1.222222199,4,1,4_1,inner_train
0,zwTrXwi54us,13,0.4615384661,3,3,3_3,inner_valid
1,-HwX2H8Z4hY,10,-0.4666666627,1,3,1_3,inner_train
1,-WXXTNIJcVM,5,1.59999997,4,1,4_1,inner_train
1,-aNfi7CP8vM,2,0,2,0,2_0,inner_train
1,-aqamKhZ1Ec,3,-1.00000001,0,0,0_0,inner_train
1,-dxfTGcXJoc,8,1.25,4,2,4_2,inner_train
1,-lzEya4AM_4,5,-0.1333333373,1,1,1_1,inner_train
1,-mJ2ud6oKI8,9,0.1481481526,3,2,3_2,inner_train
1,-tANM6ETl_M,3,3.333329908e-11,2,0,2_0,inner_train
1,-vxjVxOeScU,3,1.00000002,4,0,4_0,inner_train
1,-wMB_hJL-3o,4,0.8333333507,3,1,3_1,inner_train
1,07Z16yRBFUQ,3,0.2222222288,3,0,3_0,outer
1,0EphpADwdPg,6,0.6666666667,3,2,3_2,inner_train
1,0JuRmhhgMw8,8,0.5000000112,3,2,3_2,inner_train
1,0SfejBuLgFo,8,-1.117500001e-08,2,2,2_2,inner_train
1,0Svu5BldR5A,2,0.8333333135,3,0,3_0,inner_train
1,0W4WsjhDgUI,1,0,2,0,2_0,inner_train
1,0Xs8wJrAmxs,4,-0.5833333284,1,1,1_1,inner_train
1,0YdYFtVdlWE,22,0.2121212144,3,3,3_3,outer
1,0mXv97u2OCM,2,0.1666666716,3,0,3_0,outer
1,0p9XKC_J3hU,1,0.3333333433,3,0,3_0,inner_train
1,0r8KVXUCV6c,4,-1.166666664,0,1,0_1,inner_train
1,0rE8jEvQW_I,9,1.555555539,4,2,4_2,inner_train
1,0tkWa2skSmA,2,0,2,0,2_0,outer
1,100499,7,-0.8571428614,1,2,1_2,inner_train
1,101851,21,-0.4444444492,1,3,1_3,outer
1,10223,10,-0.4666666687,1,3,1_3,inner_train
1,106077,15,-0.5555555522,1,3,1_3,inner_train
1,108793,19,0.2982456104,3,3,3_3,inner_train
1,110766,10,8.930000039e-09,2,3,2_3,inner_train
1,110788,7,-0.4761904776,1,2,1_2,inner_train
1,112604,5,0.06666666866,2,1,2_1,inner_train
1,113265,10,-2.099999988,0,3,0_3,inner_train
1,120vnZnmhq4,1,1.666666627,4,0,4_0,inner_train
1,125708,1,0,2,0,2_0,inner_train
1,125730,16,0.6041666586,3,3,3_3,outer
1,125895,10,1.266666669,4,3,4_3,inner_valid
1,127470,13,-0.6923076946,1,3,1_3,outer
1,12812,7,1.761904751,4,2,4_2,inner_train
1,128752,17,-0.5490196067,1,3,1_3,inner_train
1,130149,7,-0.3809523753,1,2,1_2,inner_train
1,130426,9,-1.444444444,0,2,0_2,inner_train
1,130448,10,-0.400000003,1,3,1_3,inner_train
1,130633,11,1.121212119,4,3,4_3,inner_train
1,131650,11,-0.7272727354,1,3,1_3,inner_train
1,131936,8,-0.4166666753,1,2,1_2,inner_train
1,134252,10,-0.7999999821,1,3,1_3,inner_train
1,136211,8,1.249999993,4,2,4_2,inner_train
1,139006,13,-0.5128205098,1,3,1_3,outer
1,154449,14,-1.428571429,0,3,0_3,outer
1,15Wu4U2VPLw,8,0.08333333582,2,2,2_2,inner_train
1,15ktF-6wutk,7,0.619047629,3,2,3_2,outer
1,180923,15,-0.3777777712,1,3,1_3,inner_train
1,184784,7,-0.1428571471,1,2,1_2,inner_train
1,18QjfdhJEM4,19,-0.5789473762,1,3,1_3,inner_train
1,193291,4,-0.9166666791,1,1,1_1,inner_train
1,19k6sEC7814,6,0.6111111293,3,2,3_2,inner_train
1,1CjUHNYzW1E,6,1.5,4,2,4_2,inner_train
1,1F0qH0EEBfo,25,0.6000000012,3,3,3_3,inner_train
1,1J9Fa995Ojs,1,1,3,0,3_0,inner_train
1,1W38PnuWIkM,8,-0.1666666716,1,2,1_2,inner_train
1,1cyUKHOvdYY,4,0.2500000075,3,1,3_1,inner_train
1,1dWsw38VDjY,5,0.6666666687,3,1,3_1,inner_train
1,1fqNb8cfLFE,2,0.6666666865,3,0,3_0,inner_train
1,1mHjMNZZvFo,7,0.9523809425,3,2,3_2,inner_train
1,1rVly2oeBJg,1,0.6666666865,3,0,3_0,inner_train
1,1tQOvm5eQOA,10,-0.2333333314,1,3,1_3,inner_train
1,1tuMFJnlXJc,11,0.4545454546,3,3,3_3,inner_train
1,1x7kf9vArjU,3,1,3,0,3_0,inner_train
1,2-4autDbHVQ,20,1.249999999,4,3,4_3,inner_train
1,2-EJz4RG4g4,1,1.666666627,4,0,4_0,outer
1,206051,16,-1.208333328,0,3,0_3,inner_train
1,206507,14,-0.9285714222,1,3,1_3,inner_train
1,206606,11,-0.8181818209,1,3,1_3,inner_valid
1,207812,10,1.366666666,4,3,4_3,inner_train
1,208416,17,1.176470585,4,3,4_3,inner_train
1,209354,12,1.444444443,4,3,4_3,inner_train
1,209775,11,-1.363636334,0,3,0_3,inner_valid
1,210618,18,0.8703703682,3,3,3_3,inner_train
1,214095,15,-1.088888884,0,3,0_3,inner_train
1,216007,32,-0.6458333284,1,3,1_3,inner_train
1,21638,7,0.5714285672,3,2,3_2,inner_train
1,219310,11,-0.9999999973,1,3,1_3,inner_valid
1,21Kxt5L9OBE,2,0.6666666865,3,0,3_0,inner_valid
1,220134,27,-0.7160493842,1,3,1_3,inner_train
1,220200,14,-0.9761904712,1,3,1_3,outer
1,223926,9,-0.6296296517,1,2,1_2,inner_train
1,225343,17,-0.09803921509,2,3,2_3,inner_train
1,225416,17,-0.6470588288,1,3,1_3,inner_train
1,225768,17,-0.7843137121,1,3,1_3,inner_train
1,227416,13,0.7179487096,3,3,3_3,inner_train
1,22880,11,0.212121213,3,3,3_3,inner_train
1,229090,23,-0.9275362323,1,3,1_3,inner_train
1,230252,15,-0.4888889014,1,3,1_3,inner_train
1,233356,12,0.0277777786,2,3,2_3,inner_train
1,236696,16,-1.395833345,0,3,0_3,inner_train
1,238023,39,-0.8974358913,1,3,1_3,inner_train
1,238039,13,-0.1282051343,1,3,1_3,outer
1,238645,24,-0.7361111057,1,3,1_3,inner_valid
1,238889,12,-0.361111107,1,3,1_3,inner_valid
1,23YlZoucbyM,7,-1.09523809,0,2,0_2,inner_train
1,241164,13,0.820512822,3,3,3_3,outer
1,241172,8,-0.4166666716,1,2,1_2,inner_train
1,24202,12,-2.083333351,0,3,0_3,inner_train
1,243341,37,-1.990990992,0,3,0_3,inner_train
1,244261,26,0.6666666567,3,3,3_3,inner_train
1,244817,10,-0.7666666686,1,3,1_3,inner_train
1,244829,11,-0.3030303175,1,3,1_3,inner_train
1,244836,11,-0.7575757504,1,3,1_3,inner_train
1,245243,5,2.000000018,4,1,4_1,outer
1,245276,17,-1.823529405,0,3,0_3,outer
1,245497,6,-0.999999995,1,2,1_2,inner_valid
1,251646,14,0.2619047655,3,3,3_3,inner_train
1,251826,10,-1.166666654,0,3,0_3,inner_train
1,25522,6,-0.6666666617,1,2,1_2,inner_valid
1,255224,11,-1.363636366,0,3,0_3,outer
1,255343,13,-0.9999999909,1,3,1_3,outer
1,255852,11,-0.4545454518,1,3,1_3,inner_train
1,256174,16,-0.6041666642,1,3,1_3,inner_valid
1,257045,14,-0.1904761855,1,3,1_3,outer
1,257531,19,-0.5263157895,1,3,1_3,inner_train
1,259260,40,-0.5083333336,1,3,1_3,inner_train
1,25t8nrkUfRY,2,0.5000000149,3,0,3_0,inner_train
1,261326,4,-0.4166666791,1,1,1_1,inner_train
1,261900,45,-0.3703703688,1,3,1_3,outer
1,262165,27,-0.5925926036,1,3,1_3,inner_train
1,264446,50,-0.5133333385,1,3,1_3,inner_train
1,266852,28,-0.3214285778,1,3,1_3,inner_valid
1,267252,19,-0.4736842043,1,3,1_3,inner_train
1,26WrTHLJJIU,2,1.00000003,4,0,4_0,inner_valid
1,270665,34,-1.156862752,0,3,0_3,inner_train
1,270956,18,-1.129629629,0,3,0_3,inner_train
1,271366,47,-1.354609938,0,3,0_3,inner_train
1,271594,42,-1.150793654,0,3,0_3,inner_train
1,271598,35,-0.9904761911,1,3,1_3,inner_train
1,273531,22,-1.106060602,0,3,0_3,inner_train
1,275248,1,-2,0,0,0_0,inner_train
1,275620,25,-0.5866666686,1,3,1_3,inner_train
1,277991,8,-0.7916666716,1,2,1_2,inner_train
1,27ubp7CLLKQ,6,1.388888871,4,2,4_2,outer
1,282560,20,-0.4666666686,1,3,1_3,inner_valid
1,282586,29,-0.7356321781,1,3,1_3,outer
1,284673,19,-0.8947368421,1,3,1_3,inner_train
1,288766,24,-0.1805555522,1,3,1_3,inner_train
1,290088,13,-0.7435897474,1,3,1_3,inner_train
1,29044,16,-0.8333333265,1,3,1_3,inner_valid
1,292277,11,-0.9090909091,1,3,1_3,inner_train
1,295793,18,-0.5555555572,1,3,1_3,outer
1,2HmBM3GGTlg,11,0.8181818182,3,3,3_3,inner_train
1,2OLVF-KEaZU,3,0.3333333432,3,0,3_0,inner_train
1,2QOf2wSu0j0,2,1,3,0,3_0,inner_valid
1,2c2fhh_Dsoo,4,7.47499998e-09,2,1,2_1,inner_train
1,2c6Gb73nx4E,3,0,2,0,2_0,inner_train
1,2f6ZHqJ76EU,8,0.3333333284,3,2,3_2,inner_train
1,2h9VVQUZjK0,13,0.333333341,3,3,3_3,inner_train
1,2iukwQJjGHE,1,0,2,0,2_0,inner_train
1,2lj0BaPsJpM,4,-0.4166666642,1,1,1_1,inner_train
1,2mWPHvbKzL8,15,0.7555555741,3,3,3_3,inner_train
1,2qKajMu7Vhc,5,1.266666657,4,1,4_1,outer
1,2vX-ZRQQDwo,7,0.5238095267,3,2,3_2,inner_train
1,32j1yMF37hA,3,-0.1111111144,1,0,1_0,inner_train
1,34-ogj6rh6w,9,0.3703703814,3,2,3_2,inner_train
1,36098,11,-1.121212109,0,3,0_3,inner_train
1,36o2cux9kfQ,2,0.1666666716,3,0,3_0,inner_train
1,38019,12,-0.5833333308,1,3,1_3,inner_train
1,38374,10,-0.1666666597,1,3,1_3,inner_valid
1,3B1zIUj-k3o,7,-0.7142857143,1,2,1_2,inner_train
1,3DgOMTs3A1E,29,0.425287368,3,3,3_3,inner_train
1,3GyEnzE1NTQ,10,0.5333333254,3,3,3_3,inner_valid
1,3HRnhUin-5g,7,-0.2857142815,1,2,1_2,outer
1,3OMgvtWNHp4,8,-0.4999999963,1,2,1_2,inner_train
1,3OuNMjZo5wg,3,1,3,0,3_0,inner_train
1,3Wi0if_L6Ug,12,0.777777796,3,3,3_3,inner_train
1,3aIQUQgawaI,8,3.700000015e-09,2,2,2_2,inner_train
1,3f6xCzKx9CA,4,7.450000006e-09,2,1,2_1,inner_valid
1,3kNPvhdF1NA,2,0.1666666716,3,0,3_0,inner_train
1,3lkn8MS3n8Q,16,0.270833334,3,3,3_3,inner_train
1,3oHPsYc8bmw,3,0.7777777712,3,0,3_0,inner_valid
1,3paDwuRQP1w,4,-0.1666666716,1,1,1_1,inner_valid
1,3sUS8vXbRwg,5,1.266666663,4,1,4_1,inner_train
1,40181,23,-0.5072463699,1,3,1_3,inner_train
1,43371,11,-0.4848484776,1,3,1_3,inner_train
1,43456,11,-1.000000008,0,3,0_3,inner_train
1,45175,10,-0.2666666716,1,3,1_3,inner_train
1,45c3QQzGakM,2,0.3333333433,3,0,3_0,inner_valid
1,46618,9,-1.481481509,0,2,0_2,outer
1,48BD8qjClfE,1,1.666666627,4,0,4_0,inner_train
1,49358,14,-0.4761904776,1,3,1_3,inner_train
1,4AQC7_uCuEE,22,0.2727272768,3,3,3_3,outer
1,4CKhrjuuofk,9,-0.1851851808,1,2,1_2,inner_train
1,4Fw9TbWIVJI,1,0.3333333433,3,0,3_0,inner_train
1,4H9RfQuqsvg,5,0.5333333373,3,1,3_1,inner_train
1,4Kh5N9W-Jr4,11,1.000000016,4,3,4_3,inner_train
1,4Q95Lg3Icho,25,0.9999999833,3,3,3_3,inner_train
1,4Ry6M_ZfJQc,2,-1.333333373,0,0,0_0,outer
1,4VA4kqMnEqA,9,0.5185185141,3,2,3_2,outer
1,4Vl6AeEkAg4,2,0,2,0,2_0,inner_valid
1,4Z47qIrVil4,2,0.1666666716,3,0,3_0,inner_train
1,4ZhIx2ozUIE,4,0.7500000149,3,1,3_1,inner_valid
1,4iw1jTY-X3A,10,-0.1999999911,1,3,1_3,inner_train
1,4qVvLLFEYnk,1,0.3333333433,3,0,3_0,outer
1,4qjz4BQCZyM,2,0.8333333581,3,0,3_0,inner_train
1,52068,22,0.2878787965,3,3,3_3,outer
1,52839,14,0.6190476247,3,3,3_3,inner_train
1,55156,13,-0.5384615339,1,3,1_3,outer
1,5F-KEGK9eXo,2,0.8333333433,3,0,3_0,inner_train
1,5Fs_7A_V2kA,5,0.800000006,3,1,3_1,inner_valid
1,5IhAgV0Bf_4,3,0.7777777811,3,0,3_0,inner_train
1,5OXuBO5buF8,3,1.444444438,4,0,4_0,inner_valid
1,5QXHyL3BMto,2,0.8333333433,3,0,3_0,outer
1,5R5fDxZUL8M,8,1.333333325,4,2,4_2,inner_train
1,5RVF_3YBUVI,1,0.6666666865,3,0,3_0,inner_train
1,5Tqu1IXJjGY,5,-0.6000000119,1,1,1_1,inner_valid
1,5YnYGjrhzF4,10,-0.5666666776,1,3,1_3,inner_valid
1,5eA5HpyFsIk,2,0.3333333433,3,0,3_0,outer
1,5oEuiBPUTYc,6,0.5000000099,3,2,3_2,inner_train
1,5qQs9Cfydo4,6,0.0555555572,2,2,2_2,inner_train
1,5tV5rZZJDCE,5,0.4000000119,3,1,3_1,inner_train
1,5wpCKY2U1NE,8,-1.249998716e-11,2,2,2_2,inner_train
1,60Qw70Rd9Yg,3,-3.333329908e-11,2,1,2_1,outer
1,69707,8,-1.125,0,2,0_2,inner_train
1,69NtV79qgOg,5,0.4000000119,3,1,3_1,inner_train
1,6E-yr6nPxGA,4,-0.08333334325,2,1,2_1,outer
1,6G8JJ69aN6o,7,0.952380968,3,2,3_2,inner_valid
1,6IUj6jyoTl0,3,-0.4444444378,1,1,1_1,inner_train
1,6J_yzh1LNAE,2,0.6666666717,3,0,3_0,inner_train
1,6MloL1gIccs,11,0.5757575821,3,3,3_3,inner_valid
1,6PLlauWxF5E,2,1.00000003,4,0,4_0,inner_train
1,6TDXQtGUNEs,12,0.4722222165,3,3,3_3,inner_valid
1,6TKaGMkO69E,3,-0.7777777513,1,1,1_1,inner_valid
1,6UV6ktwbLoo,4,0,2,1,2_1,inner_train
1,6Vg10LxmWUY,5,0.2666666687,3,1,3_1,inner_valid
1,6WDchK7TuL8,3,0.6666666865,3,1,3_1,inner_valid
1,6YNAmRjpxlA,4,0.08333333582,2,1,2_1,outer
1,6c7vAwDSVGc,2,0.5000000149,3,0,3_0,inner_train
1,6hp1SGhVYfY,2,1.500000045,4,0,4_0,inner_train
1,6q5uKCgairk,14,0.6666666695,3,3,3_3,outer
1,6qmReTSoz0E,1,0,2,0,2_0,inner_train
1,6rkV4QRcVnk,7,0.4285714328,3,2,3_2,inner_train
1,6vbd4o5rIjM,7,0.4761904649,3,2,3_2,inner_train
1,70710,4,0.2500000075,3,1,3_1,inner_train
1,708sewcSXVY,3,0.5555555721,3,1,3_1,inner_train
1,72017,14,-0.6428571365,1,3,1_3,inner_valid
1,72tXTrSXoMk,9,0.8888888922,3,2,3_2,inner_train
1,73447,18,-1.499999987,0,3,0_3,inner_train
1,74184,13,-0.2051282067,1,3,1_3,inner_train
1,74870,12,-0.2222222288,1,3,1_3,inner_train
1,75938,10,-0.7666666746,1,3,1_3,outer
1,76124,11,-0.3333333351,1,3,1_3,inner_train
1,79934,7,-0.5238095181,1,2,1_2,inner_train
1,7CLe7PZtna4,2,0.1666666716,3,0,3_0,inner_train
1,7U_z0JfleAw,5,0.200000006,3,1,3_1,inner_valid
1,7Vp6Lvin1rA,5,0.06666666268,2,1,2_1,inner_train
1,7eWclVCXOtk,8,0.2500000037,3,2,3_2,inner_valid
1,7fPYpqzw1iY,2,0.6666666717,3,0,3_0,outer
1,7hSWYI99-24,5,0.5333333433,3,1,3_1,inner_train
1,7oFimEZJQ_A,4,-1.500000015,0,1,0_1,inner_train
1,7rMLN0KKE5k,29,-0.2068965548,1,3,1_3,inner_train
1,7vJy1zbopJ8,1,0.6666666865,3,0,3_0,outer
1,7xiu1tAJ2d8,12,0.3611111095,3,3,3_3,inner_train
1,80627,14,-0.7142857207,1,3,1_3,inner_train
1,80866,17,-0.2549019544,1,3,1_3,inner_train
1,81538,12,-0.8888889005,1,3,1_3,inner_valid
1,81668,9,-1.518518484,0,2,0_2,outer
1,83859,38,1.245614049,4,3,4_3,inner_train
1,83_N43pvgHI,2,0.3333333284,3,0,3_0,inner_train
1,84133,24,-0.1805555622,1,3,1_3,inner_train
1,856LGms_0s0,3,0.8888888856,3,1,3_1,inner_valid
1,87161,15,-0.7777777712,1,3,1_3,inner_train
1,88119,7,-0.3333333305,1,2,1_2,inner_train
1,88888,11,-0.3333333568,1,3,1_3,inner_train
1,88S1BjwMfdw,5,0.06666666864,2,1,2_1,inner_train
1,88oSn21TFcA,7,-0.5714285672,1,2,1_2,outer
1,89747,10,1.200000006,4,3,4_3,outer
1,8Cp8c-eQELQ,13,0.7435897474,3,3,3_3,inner_train
1,8EHEEXex5D8,13,1.102564099,4,3,4_3,inner_valid
1,8F1mj-XT6KA,3,0.1111111144,3,1,3_1,inner_train
1,8VP1qxX9mh4,2,1.333333313,4,0,4_0,outer
1,8XODJwsvBa0,1,1.333333373,4,0,4_0,inner_train
1,8YsIvz4qnk4,2,2.333333373,4,0,4_0,inner_train
1,8aZbX-xMdgI,1,-0.6666666865,1,0,1_0,inner_train
1,8f_lBxZgDb0,2,0.5000000149,3,0,3_0,inner_train
1,8wdxczYf1jI,2,0.5000000149,3,0,3_0,inner_train
1,8x81fzwcJko,3,0.5555555423,3,1,3_1,outer
1,9-EO2oCAGA4,13,0.3333333364,3,3,3_3,inner_train
1,90172,15,-0.5999999881,1,3,1_3,inner_train
1,90wZz0thye4,10,1.099999997,4,3,4_3,inner_train
1,91y7nPEWdmQ,1,-0.6666666865,1,0,1_0,inner_train
1,92221,19,0.07017543912,2,3,2_3,inner_valid
1,92331,26,-1.423076927,0,3,0_3,inner_train
1,92521,10,-1.166666642,0,3,0_3,inner_valid
1,92533,11,-2.030303039,0,3,0_3,inner_valid
1,93821,17,-0.352941166,1,3,1_3,outer
1,93839,13,-0.7948717888,1,3,1_3,inner_train
1,94983,14,-0.9047618934,1,3,1_3,inner_train
1,95mDHiLeDCM,4,1.416666694,4,1,4_1,inner_valid
1,96179,17,-0.8823529394,1,3,1_3,inner_train
1,96o9hxy64wI,2,1.666666627,4,0,4_0,inner_train
1,97095,38,1.149122806,4,3,4_3,inner_train
1,98187,15,-0.06666665477,2,3,2_3,inner_valid
1,98442,11,-1.090909088,0,3,0_3,outer
1,984VkHzXl8w,6,0.6111111293,3,2,3_2,inner_train
1,9BceQC_SdTM,3,0,2,1,2_1,inner_train
1,9K4aWWoXuyU,2,2.166666687,4,0,4_0,inner_train
1,9Nhoi1jfDbY,3,0.5555555522,3,1,3_1,inner_train
1,9Un1O2ypJmI,4,1.333333321,4,1,4_1,inner_train
1,9VZ4cpoTFbo,4,1.25,4,1,4_1,inner_train
1,9XCmrHbU-rU,1,-1,0,0,0_0,outer
1,9cSJglGi9Pg,14,0.5238095224,3,3,3_3,outer
1,9ceYD_OzPz8,1,0.3333333433,3,0,3_0,outer
1,9f6A3ucYArQ,4,-1.24999997,0,1,0_1,inner_valid
1,9pzn93kdP_g,10,0.5,3,3,3_3,inner_train
1,A0aE2Gzym-M,1,0.6666666865,3,0,3_0,outer
1,A2E78CGi5TU,9,0.3703703781,3,2,3_2,inner_train
1,ADYia28RrFU,8,0.4583333284,3,2,3_2,inner_train
1,AGM-hNupJik,1,0.3333333433,3,0,3_0,inner_train
1,AIPqRuTjI4E,5,0.3999999941,3,1,3_1,inner_train
1,AKofHsmxa1I,4,1.499999993,4,1,4_1,outer
1,ALlKbGE6BH0,2,1.666666716,4,0,4_0,inner_train
1,ARNWtLCbfW4,6,0.8888888856,3,2,3_2,inner_train
1,AVScVfLgNmw,7,0,2,2,2_2,inner_train
1,AjgDuPEp9sI,2,0.8333333433,3,0,3_0,outer
1,AmGocfFQfVE,9,-1.185185174,0,2,0_2,inner_valid
1,B1B71X_SmwY,19,1.087719306,4,3,4_3,inner_train
1,BBSVLGf7zPI,3,-0.1111111144,1,1,1_1,outer
1,BB_VwJSg3AI,3,-0.3333333433,1,1,1_1,inner_train
1,BLFUj7_uy_0,13,0.1794871825,3,3,3_3,inner_train
1,BMhG11CXgww,5,0.4666666508,3,1,3_1,inner_valid
1,BNaRO9g8ugQ,1,1.333333373,4,0,4_0,inner_train
1,BRdw-_dbJXc,9,0.2962963018,3,2,3_2,inner_valid
1,BRzjQHYWbSs,15,0.6000000079,3,3,3_3,inner_valid
1,BZOB3r5AoKE,4,0.6666666493,3,1,3_1,outer
1,BaX10vbFhuU,3,-0.1111111144,1,1,1_1,inner_train
1,BdqoZ5qpz0E,16,0.5208333395,3,3,3_3,inner_train
1,BnWvk0YRgE4,1,-0.6666666865,1,0,1_0,inner_train
1,BseI8-TYWm8,4,0.75,3,1,3_1,outer
1,BvvttuYysvg,1,0.6666666865,3,0,3_0,inner_train
1,C2xNDBU2Z0s,3,0.8888889153,3,1,3_1,inner_train
1,C3lDRFu1ZcI,7,0.1904761962,3,2,3_2,inner_train
1,C74-of1rjg4,2,-0.3333333433,1,0,1_0,inner_train
1,CE9yV4SearE,8,-0.08333333209,2,2,2_2,inner_train
1,CIqRibqChDQ,4,-0.3333333358,1,1,1_1,inner_train
1,CK31s0kfp-k,6,0.6111111144,3,2,3_2,inner_train
1,CQnwOZRgQXs,2,0.5000000149,3,0,3_0,inner_train
1,CT7QOWbhfv4,1,2,4,0,4_0,inner_train
1,CVx494kExvc,13,0.5897436027,3,3,3_3,inner_train
1,CXojk-oSaEw,4,-0.08333334327,2,1,2_1,inner_train
1,CbQxC1iPyS8,6,0.8888889005,3,2,3_2,outer
1,Cd0JH1AreDw,6,-0.1666666716,1,2,1_2,inner_train
1,CdB8QBhFccs,8,-0.4583333358,1,2,1_2,outer
1,CfWxp5bRt2A,5,0.3333333373,3,1,3_1,outer
1,CqFt3_uka14,5,0.200000006,3,1,3_1,inner_train
1,Ctc23Icfzvg,6,0.6111111144,3,2,3_2,inner_valid
1,CuFLRnu4FQ8,3,-0.3333333333,1,1,1_1,outer
1,D-DqVICJXBU,1,-1.333333373,0,0,0_0,inner_train
1,D02PT0bl88A,5,0.2666666746,3,1,3_1,inner_valid
1,DXQGngge7vU,6,0.8888888707,3,2,3_2,outer
1,DaXkixKFEvE,3,0.6666666766,3,1,3_1,inner_train
1,DfTMoqwMHVE,7,0.09523809809,2,2,2_2,inner_valid
1,DgO5O-oDeX8,3,0.8888888757,3,1,3_1,inner_train
1,DiOw-w5LDJ0,6,0.6111111194,3,2,3_2,inner_train
1,DtwbwyfajnI,4,0.9999999926,3,1,3_1,outer
1,E7ZLz3tSwNM,4,0.08333333582,2,1,2_1,inner_train
1,E8L1Z71vKG8,3,-0.2222222189,1,1,1_1,outer
1,EGA6iulTr00,4,0.4166666716,3,1,3_1,outer
1,EHbZ2EeVags,1,1.333333373,4,0,4_0,inner_train
1,EJT25p7JahU,5,0.06666666866,2,1,2_1,inner_train
1,EO_SN04Xef0,5,1.733333337,4,1,4_1,inner_train
1,EOkdFMw0pmk,10,0.1333333343,3,3,3_3,outer
1,ERnYvxojeu0,6,0.2777777811,3,2,3_2,inner_train
1,EULEL3QhKD0,4,0.8333333358,3,1,3_1,inner_valid
1,EZkOWskJl20,2,0.5000000149,3,0,3_0,inner_train
1,E_oqbJatW3E,2,1.333333343,4,0,4_0,inner_train
1,Ea_Huc2-lwo,3,1.666666667,4,1,4_1,inner_train
1,EfQoSpEZa0o,4,1.000000007,4,1,4_1,inner_train
1,EiG3r8hAVeY,8,0.5416666605,3,2,3_2,inner_train
1,Emi9cw9xa00,11,0.6666666649,3,3,3_3,inner_train
1,Emjv2cDzW1E,3,0.8888888658,3,1,3_1,inner_train
1,EpadyoYlAjQ,7,0.9047619104,3,2,3_2,inner_train
1,ExDLNkDVsxY,9,0.1851851907,3,2,3_2,inner_train
1,F4OhXQTMOEc,7,-0.2380952452,1,2,1_2,outer
1,F5SGdvSRJmo,11,0.8484848521,3,3,3_3,inner_train
1,FCMbWx2JpZ0,2,1.666666627,4,0,4_0,inner_train
1,FGnHDWGYsA8,2,2.333333373,4,0,4_0,inner_train
1,FHlzZ2VxuGQ,8,-0.1250000112,1,2,1_2,inner_train
1,FLyWn2DCci4,3,0.2222222289,3,1,3_1,inner_train
1,FMW6diQ9rMo,8,0.1666666679,3,2,3_2,inner_train
1,FOMXt3lStco,3,0.2222222289,3,1,3_1,inner_train
1,FP3o75bpi8k,3,0.2222222289,3,1,3_1,inner_train
1,FX-YgVKC1AI,3,0.7777778009,3,1,3_1,inner_train
1,FdTczBnXtYU,4,0.4166666791,3,1,3_1,inner_train
1,Fmwc7wkIc4Q,15,0.06666666668,2,3,2_3,outer
1,FsmNLTdE2p0,2,0.9999999851,3,0,3_0,inner_train
1,FylhSeozvG8,13,0.2564102595,3,3,3_3,inner_train
1,G1Z_JUTgZqo,3,0.1111111144,3,1,3_1,inner_train
1,G3RPgs_7l3U,3,0.4444444478,3,1,3_1,outer
1,G4HMKRdIva0,17,0.2549019649,3,3,3_3,outer
1,G8p4QMjLUXI,9,0.6296296451,3,2,3_2,inner_train
1,GMnoxaqqReQ,2,-0.1666666716,1,0,1_0,inner_train
1,GUffC7vu9zA,7,0.6190476247,3,2,3_2,inner_train
1,G_M3lYn6hAA,3,0.9999999802,3,1,3_1,inner_train
1,GcfETVXgtg0,4,1.083333343,4,1,4_1,inner_train
1,Gg9ZcRlwnbc,12,0.6388888856,3,3,3_3,inner_train
1,GjCUDqWSI6c,2,0,2,0,2_0,inner_valid
1,GkoBk5K-FH0,15,0.0666666746,2,3,2_3,inner_train
1,GpRDC-S88dM,28,1.011904768,4,3,4_3,inner_train
1,GtRxTvuF6J0,6,1.277777806,4,2,4_2,inner_train
1,Gv0kKbfwPpI,3,0.6666666667,3,1,3_1,inner_train
1,GxWLhv-Vt78,2,0.3333333433,3,0,3_0,outer
1,H26MMmrHTlQ,10,0.3000000059,3,3,3_3,inner_train
1,H4w9mU8B3Mc,4,0.5833333507,3,1,3_1,inner_valid
1,HIsJqphLCyw,3,0,2,1,2_1,inner_train
1,HLFaW4oVP9E,7,0.5238095309,3,2,3_2,inner_train
1,HOCsiS0pmf0,5,0.8666666627,3,1,3_1,inner_train
1,HQ2LwfRcrVc,8,0.5416666567,3,2,3_2,inner_train
1,HS-2vVP95u8,2,0,2,0,2_0,inner_train
1,HVksxaUzv9Y,5,5.960000005e-09,2,1,2_1,inner_train
1,Ha7DMd_iKyM,2,0.1666666716,3,0,3_0,inner_train
1,HfLVQZLvcH8,1,0,2,0,2_0,outer
1,HgDdU_RB9UA,7,0.3809523753,3,2,3_2,inner_train
1,HhpziYYP2Vg,14,0.4523809552,3,3,3_3,inner_valid
1,HjLpXXFoAQw,2,0.5000000149,3,0,3_0,inner_valid
1,Hkt_kncJGVM,3,1.222222229,4,1,4_1,inner_train
1,I8MM8y1XVjs,4,0.3333333358,3,1,3_1,inner_valid
1,IB0lGIxP8YY,7,-0.4285714371,1,2,1_2,inner_train
1,IHv_yBn83P8,2,1.166666687,4,0,4_0,inner_train
1,IawsOlEKRf0,9,0.2962962919,3,2,3_2,inner_train
1,IgenXuE4qIM,2,1,3,0,3_0,inner_train
1,IiGzuoblKSM,1,1.666666627,4,0,4_0,inner_train
1,IlgnbEdOhmI,3,1.00000002,4,1,4_1,inner_train
1,It6xg0WcqJ0,1,1,3,0,3_0,inner_train
1,ItnyexqXR_U,3,-0.6666666766,1,1,1_1,inner_train
1,Itqbc2TBXWY,26,0.6153846245,3,3,3_3,outer
1,IwQWibE8EOM,7,1.571428554,4,2,4_2,outer
1,Iz_PDdyXr-8,5,0.4000000119,3,1,3_1,inner_train
1,J3-NEG8uoiE,15,0.7777777771,3,3,3_3,inner_valid
1,J3JU1zBQ4RM,6,1.50000002,4,2,4_2,inner_train
1,JCg26b8EO48,10,1.499999997,4,3,4_3,inner_train
1,JDgqyOkzXHw,10,0.6333333462,3,3,3_3,inner_train
1,JGZb_ygtB0g,2,-0.6666666419,1,0,1_0,inner_valid
1,JHW3nD6flgU,8,1.291666679,4,2,4_2,inner_train
1,JMzilFvwNXE,3,0.3333333432,3,1,3_1,inner_train
1,JP95Fby6qLE,9,1.333333317,4,2,4_2,inner_train
1,JW2HHfQiGVs,6,0.277777786,3,2,3_2,inner_valid
1,JWG_MUy7EWQ,3,0.2222222289,3,1,3_1,inner_train
1,JX-mwjSw0dk,4,-0.4166666791,1,1,1_1,inner_train
1,JY-krIuEUm4,1,1.333333373,4,0,4_0,outer
1,JYsAacFmXEo,7,0.9523809637,3,2,3_2,inner_train
1,J_DtcW86D9c,5,0.06666666866,2,1,2_1,inner_train
1,JdFaSggG58c,8,-0.2916666716,1,2,1_2,inner_train
1,Jg2okZn6Ut8,1,0,2,0,2_0,inner_train
1,JkHxzOWOLfs,1,-0.6666666865,1,0,1_0,inner_valid
1,JwzxqrD8tIo,5,0.4666666746,3,1,3_1,inner_train
1,Jz9nlw15QZo,2,1.166666687,4,0,4_0,inner_train
1,K1VeXZxR24U,4,-0.4166666791,1,1,1_1,outer
1,K5cGfs3i-tk,11,0.5757575821,3,3,3_3,inner_valid
1,K62NK2KYhws,12,0.8333333309,3,3,3_3,inner_train
1,K7KEtrgBkz4,3,0.4444444478,3,1,3_1,inner_train
1,K9-KyChw8RM,7,0.7619047378,3,2,3_2,inner_train
1,K9U2TAF9DDY,5,0.06666666866,2,1,2_1,inner_train
1,KEUVzxC7T3E,4,-0.1666666716,1,1,1_1,inner_valid
1,KF5wgQPp2yc,2,-0.3333333433,1,0,1_0,inner_train
1,KI2sU-mhM44,9,0.1851851808,3,2,3_2,inner_train
1,KJyz9fCt7Is,4,-0.6666666642,1,1,1_1,inner_train
1,KPeos6f4HuQ,7,0.6190476247,3,2,3_2,inner_train
1,KQ86HmgwUns,5,0.2,3,1,3_1,inner_train
1,KSyX-lejDcc,7,-0.04761904477,2,2,2_2,outer
1,KUVGWCTT5DU,3,0.3333333433,3,1,3_1,inner_train
1,K_5u2Wh_wGk,8,0.25,3,2,3_2,inner_train
1,K_K3wpxkRc8,4,0.3333333433,3,1,3_1,inner_train
1,KgXuILFtgJQ,5,0.200000006,3,1,3_1,inner_train
1,Kmtib-wZ0jM,3,-0.8888888856,1,1,1_1,inner_train
1,Kpe5fISxRTg,2,0.3333333433,3,0,3_0,inner_train
1,L1gXZVU6AE4,2,0.9999999851,3,0,3_0,inner_train
1,L2uC4_Co9uw,1,2,4,0,4_0,inner_train
1,L3b9wwZ8vRQ,1,-1,0,0,0_0,inner_train
1,L5a2ijeWpUI,5,-0.4666666806,1,1,1_1,inner_valid
1,LAj3rqJvS3s,1,-0.3333333433,1,0,1_0,inner_train
1,LHC7ZKJy4Zw,4,0.4999999851,3,1,3_1,outer
1,LX2rT5C3sJs,2,0.9999999851,3,0,3_0,inner_train
1,LppEvM60-xo,4,1.583333313,4,1,4_1,inner_train
1,Lxs_6Tvq12E,2,1.333333343,4,0,4_0,inner_train
1,M2Pb2kx77ww,5,-0.1333333314,1,1,1_1,inner_train
1,MBDZbACupsc,9,-0.5925926036,1,2,1_2,inner_train
1,MFrwi-RibUk,13,0.8717948794,3,3,3_3,inner_train
1,MIuJDn_0yVU,9,0.5555555688,3,2,3_2,inner_train
1,MJnc4GUhUuY,6,0.9444444577,3,2,3_2,inner_train
1,MKShLlJ7X7g,4,1.5,4,1,4_1,inner_train
1,MMaEsDdBsvM,1,2,4,0,4_0,inner_train
1,MNLG4-diuYM,7,0.6190476247,3,2,3_2,inner_valid
1,MNXBOeiPhec,6,0.2222222239,3,2,3_2,inner_train
1,MSmTFZ_-THM,5,1.466666675,4,1,4_1,inner_train
1,MWCNzYUCys0,3,-0.3333333333,1,1,1_1,inner_valid
1,MZoLQD83R-4,3,-0.5555555622,1,1,1_1,inner_train
1,MbpPBLUjpV4,12,0.7777777712,3,3,3_3,inner_train
1,McnbZjgCPLw,4,0.3333333358,3,1,3_1,inner_valid
1,MhojeOmmjC8,2,0.3333333284,3,0,3_0,inner_train
1,MnFRVJtHAeo,4,0.6666666865,3,1,3_1,inner_valid
1,MsjnLoTKAXo,6,0.5555555721,3,2,3_2,inner_train
1,MvFFYObY9A8,2,-0.1666666865,1,0,1_0,outer
1,Mw4EZYZAd9c,4,0.6666666791,3,1,3_1,inner_train
1,MyfRrTjglm8,7,0.6190476332,3,2,3_2,inner_train
1,N0GhVkCwrqw,4,0.4166666791,3,1,3_1,inner_train
1,N0Y7x_fJ0Nw,6,0.5000000099,3,2,3_2,inner_valid
1,N0pKIn6VhOw,3,1.00000002,4,1,4_1,outer
1,N188QSyfmeQ,6,0.1666666716,3,2,3_2,inner_train
1,N3QuD26DuCI,6,0.2222222239,3,2,3_2,inner_train
1,N7tS7A0WWpM,9,0.5925926069,3,2,3_2,outer
1,NCJTV5KaJJc,8,0.2500000037,3,2,3_2,outer
1,NDMAVMZyISM,5,-0.1999999881,1,1,1_1,inner_train
1,NKindd5Xn3s,6,0.05555555722,2,2,2_2,inner_train
1,NZtIGzAzJZM,3,-0.1111111144,1,1,1_1,inner_train
1,Nd55vByy2F8,4,0.8333333284,3,1,3_1,inner_train
1,Ns_h5IVcZ9k,7,0.28571429,3,2,3_2,inner_train
1,NuRvTWhELqs,4,0.5,3,1,3_1,inner_train
1,Nzh2KkaGwrE,3,0.2222222288,3,1,3_1,inner_train
1,NzpymNJaFjo,2,0.5000000149,3,0,3_0,outer
1,O2CEvvYWWbU,9,0.7407407463,3,2,3_2,inner_train
1,O3whFU2lAAk,5,0.9333333314,3,1,3_1,inner_train
1,O8IJh_L0EfM,7,0.8095238124,3,2,3_2,inner_train
1,OBaMn1-x7jQ,5,1.200000012,4,1,4_1,inner_valid
1,OEMSGahoCmM,1,1,3,0,3_0,inner_train
1,OEesmAnTpeA,4,-7.47499998e-09,2,1,2_1,inner_train
1,OFBc3z99bIc,14,0.9761904734,3,3,3_3,inner_train
1,OGXUtVG0Y9w,2,2,4,0,4_0,inner_valid
1,OHWyYVux-yw,12,0.9166666741,3,3,3_3,inner_train
1,OIJr0voCvVQ,1,-1.333333373,0,0,0_0,inner_train
1,OJwO6g01qO8,2,-0.5000000149,1,0,1_0,inner_train
1,OOh1_ffKOKk,5,0.4666666686,3,2,3_2,inner_train
1,OSyKmOye5Uo,3,0.4444444577,3,1,3_1,inner_train
1,O_fTDhCtAhw,4,0.08333333582,2,1,2_1,inner_train
1,Ob8vPQCPDX0,6,1.00000002,4,2,4_2,inner_train
1,OdKp0hYomgs,10,1,3,3,3_3,inner_train
1,Olx-sTx7HTk,4,0.08333333582,2,1,2_1,inner_train
1,OoOD_VBL0i0,1,0,2,0,2_0,outer
1,Or-9Nc_GAq8,1,0.3333333433,3,0,3_0,inner_train
1,OwYfPi9St0w,1,0,2,0,2_0,outer
1,P35dyIit1yM,5,1.466666651,4,2,4_2,inner_train
1,PGBrZLC15yA,3,1.777777811,4,1,4_1,inner_valid
1,PN3ApHIGopo,2,0,2,0,2_0,inner_train
1,PYylJk8R9Ak,4,1.666666657,4,1,4_1,inner_valid
1,PbyI-sUzLZY,4,-0.1666666716,1,1,1_1,inner_train
1,PtdK-TLOuD0,2,-0.6666666717,1,0,1_0,inner_train
1,Q5fZk_jPjBI,5,1.199999988,4,2,4_2,outer
1,Q7OvlYjNt9w,2,0,2,0,2_0,inner_train
1,Q8naC1qriIU,4,0.3333333433,3,1,3_1,outer
1,QI-TTqj0KnA,3,0.3333333433,3,1,3_1,inner_valid
1,QLEOYF7Mju0,11,0.6060606214,3,3,3_3,inner_train
1,QMEgjkpyVzQ,4,1.166666694,4,1,4_1,outer
1,QNxiqu1y1N0,2,0.1666666716,3,0,3_0,inner_train
1,QP2CjKap818,2,0.8333333581,3,0,3_0,inner_valid
1,QQVRIGEUa_Q,1,0.3333333433,3,0,3_0,inner_train
1,QUpI5kMw_nA,6,0.1111111293,3,2,3_2,inner_valid
1,QXPOQW2tRBs,1,1.333333373,4,0,4_0,inner_valid
1,QYp0lGhyL6A,9,-0.2962962886,1,2,1_2,inner_train
1,Q_py5n2fQXw,3,0.2222221991,3,1,3_1,inner_train
1,QoIsjc4-GIg,10,1.000000083e-11,2,3,2_3,inner_train
1,R-HKj8Yn06k,1,0.6666666865,3,0,3_0,inner_train
1,R0o37yJ1PP0,6,0.2222222288,3,2,3_2,inner_train
1,R0uRDh-engU,3,0.3333333333,3,1,3_1,inner_valid
1,R5a3TP-l_n4,4,1.25,4,1,4_1,inner_train
1,R8Kw_4Y9E0s,1,0.6666666865,3,0,3_0,inner_train
1,R9ypacCuEZo,6,0.6111111243,3,2,3_2,inner_train
1,RIAEgUKtzxw,4,0.6666666939,3,1,3_1,inner_train
1,RImmdklTOW0,16,0.7708333395,3,3,3_3,inner_train
1,RKP6j28FCWE,3,0.5555555622,3,1,3_1,inner_train
1,RLHZ6xtIWSM,8,-0.3750000074,1,2,1_2,outer
1,RS5WM3q2ZZQ,18,0.3333333416,3,3,3_3,inner_train
1,RST6PgpsLws,8,0.958333321,3,2,3_2,inner_train
1,RdExUaEIWIk,6,-0.05555555722,2,2,2_2,inner_train
1,RdOc70IrjJo,2,0.3333333433,3,0,3_0,outer
1,RfKxYiFd-fs,2,0.5,3,0,3_0,inner_valid
1,RqOgkJbqFXg,4,-0.0833333358,2,1,2_1,outer
1,Rse6laKf1i8,9,1.407407377,4,2,4_2,inner_valid
1,Rw2pzFGosmw,7,0.8571428657,3,2,3_2,inner_train
1,RwcTz-tOIeo,4,-0.4166666568,1,1,1_1,inner_train
1,S2znq3iRPwE,9,1.40740741,4,2,4_2,inner_train
1,S6S2XL0-ZpM,1,0,2,0,2_0,outer
1,S8yP6lBOdKo,1,-1.333333373,0,0,0_0,outer
1,S9PDgK7fpJI,12,-1.055555575,0,3,0_3,inner_train
1,SI39azgVUR8,7,0.1904761876,3,2,3_2,inner_train
1,SLi2gT5H6m8,10,1.488000004e-08,2,3,2_3,inner_train
1,SMzV26l6iA0,2,0.5,3,0,3_0,inner_valid
1,SRP5FYP71Ng,1,1,3,0,3_0,inner_train
1,SSNrLu-eZiM,1,1,3,0,3_0,inner_train
1,STeqtJLakQQ,7,-0.666666678,1,2,1_2,inner_valid
1,SWhfaL7AdEc,9,0.8148148225,3,2,3_2,inner_train
1,S_ISgjJR1bc,1,0,2,0,2_0,inner_train
1,S_mxvk4LEh0,6,0.500000005,3,2,3_2,outer
1,S_tGoxSEh5Y,1,0,2,0,2_0,outer
1,SaNXCez-9iQ,2,0.1666666716,3,0,3_0,inner_valid
1,Sb2xMPwNKPo,5,0.3999999941,3,2,3_2,inner_train
1,Sglx7douG_4,2,0.3333333433,3,0,3_0,outer
1,ShgrdU9WAJE,13,0.6410256372,3,3,3_3,inner_train
1,SmftC-VAfYQ,5,1.066666669,4,2,4_2,inner_train
1,So3bPzg2bq0,7,0.04761904904,2,2,2_2,inner_valid
1,SrMN3rwvCsE,7,1.428569961e-11,2,2,2_2,inner_valid
1,SuKnUzid-1g,2,1.666666627,4,0,4_0,inner_train
1,T-vqHR989bM,2,0.6666666567,3,0,3_0,inner_train
1,T1icdxz0TNs,2,1.00000003,4,0,4_0,outer
1,T4e4Ba1sRg0,7,-1.000000017,0,2,0_2,inner_train
1,TBCjKGYBNIo,22,0.2121212225,3,3,3_3,inner_train
1,TFKgo5JlPro,2,-0.1666666716,1,0,1_0,inner_valid
1,TNwwVWA-oAE,6,1.111111095,4,2,4_2,inner_train
1,TO5HjoK8Iu8,11,1.242424271,4,3,4_3,inner_train
1,TUY83eDK5jc,9,1.148148149,4,2,4_2,inner_train
1,TZXcQemh8n8,2,-0.1666666716,1,0,1_0,inner_train
1,TahiuVpcROM,1,0.6666666865,3,0,3_0,inner_train
1,Tdw0fJt0lco,2,0.5000000149,3,0,3_0,inner_train
1,Tiq67-bAV3M,6,0.6111111293,3,2,3_2,inner_valid
1,TwTLsgfpKvA,10,0.4000000089,3,3,3_3,inner_train
1,TxRS6vJ9ak0,7,1.571428563,4,2,4_2,inner_train
1,U2Ydtq6qvL0,5,0.600000006,3,2,3_2,outer
1,UF9OlX-QNHU,2,1.166666687,4,0,4_0,inner_train
1,UKVwc6I06x8,3,1.333333333,4,1,4_1,inner_train
1,ULtBuI6nMaY,6,0.4444444478,3,2,3_2,inner_train
1,URP2YlSNuZ4,2,0,2,0,2_0,inner_valid
1,UUukBV82P9A,12,0.3611111144,3,3,3_3,inner_train
1,UXvMaHD9kmA,15,0.7555555661,3,3,3_3,inner_train
1,Ua4g9q0r-dI,17,0.09803921861,2,3,2_3,inner_train
1,UeOIb6s0pVM,11,1.575757563,4,3,4_3,inner_train
1,UfLMdSGGQVw,10,1.7,4,3,4_3,inner_train
1,UgTM9y2rD38,3,1.888888915,4,1,4_1,inner_train
1,Uiq0lf9ibF8,1,0,2,0,2_0,inner_train
1,UjT8pHMN8Q8,2,0.1666666716,3,0,3_0,inner_train
1,UkqTwAuA8jI,4,0,2,1,2_1,inner_train
1,UmB5c_QqUPs,13,-0.3333333295,1,3,1_3,outer
1,UtjenieM1Ak,3,0.3333333333,3,1,3_1,inner_train
1,V5lfNohNlEg,1,1,3,0,3_0,inner_train
1,VAFdgtqZz4g,3,0.777777791,3,1,3_1,inner_train
1,VCIe-4p0xoM,1,0,2,0,2_0,inner_train
1,VZqkWIPmH6w,10,0.1,2,3,2_3,outer
1,VbmSzYg_lmg,1,2.333333254,4,0,4_0,inner_train
1,VgqI1KRnDSw,4,0.5000000149,3,1,3_1,inner_train
1,VjAvqFXEmmk,8,0.7083333358,3,2,3_2,outer
1,VoETCD8fBLI,2,0.8333333433,3,0,3_0,inner_train
1,Vv2DTPyyw90,6,0.5555555473,3,2,3_2,inner_train
1,VybXjsmsjAY,9,0.518518524,3,2,3_2,inner_valid
1,VzDXgBOe5iI,4,0.75,3,1,3_1,inner_train
1,W-ptEZFARVo,11,0.6969696907,3,3,3_3,inner_valid
1,W53uRqITk2I,9,0.8518518673,3,2,3_2,inner_valid
1,WANirpnKa4w,5,0.3333333433,3,2,3_2,outer
1,WBCRTcMJZZc,4,0.2500000075,3,1,3_1,inner_train
1,WJ2QF4Kw9Y8,3,-0.1111111144,1,1,1_1,inner_train
1,WTF9xgqLIvI,10,0.2666666627,3,3,3_3,inner_train
1,WYSomBHdl4c,1,1.666666627,4,0,4_0,inner_train
1,WZVfvgTeFPo,3,0.7777778009,3,1,3_1,inner_train
1,WaaSYRPwQBw,2,0.1666666716,3,0,3_0,inner_train
1,WovurMxG2Aw,5,-0.0666666627,2,2,2_2,outer
1,WxYb2x_irTM,2,0.8333333581,3,0,3_0,inner_train
1,X3p50qqFW_w,6,0.6111111244,3,2,3_2,outer
1,X6-jJO00DMg,3,0,2,1,2_1,inner_train
1,X7-Gbk8gAD0,7,0.7619047718,3,2,3_2,outer
1,XAazxiP6tP0,7,0.2857142942,3,2,3_2,inner_train
1,XEZ7e4pf1xE,11,-0.5757575794,1,3,1_3,inner_train
1,XFGHTk_3hGg,4,0.4166666791,3,1,3_1,inner_train
1,XPoY4LD-A1I,8,0.0416666679,2,2,2_2,inner_train
1,XVSDfgstFUQ,6,2.111111124,4,2,4_2,inner_valid
1,XbolrpSc0KU,6,-0.1666666716,1,2,1_2,inner_valid
1,XcHLB-qfv5M,2,0,2,0,2_0,inner_train
1,XsEPZydHWdo,2,0.6666666865,3,0,3_0,outer
1,Xx7Y2YIbleA,9,0.4074074063,3,2,3_2,inner_train
1,Y4izAQYtGEw,5,0.2666666746,3,2,3_2,inner_valid
1,Y6zyM1nDhN0,6,-0.05555555223,2,2,2_2,outer
1,Y9fvHRNz2Bs,4,0.5000000149,3,1,3_1,inner_train
1,YEOU4KFDjZo,3,0.2222222288,3,1,3_1,inner_train
1,YGeVGXXK3ao,3,0,2,1,2_1,inner_valid
1,YITXOmhQhYE,10,0.8666666687,3,3,3_3,inner_valid
1,YJJoYkFPmds,12,0.3333333383,3,3,3_3,inner_train
1,YRbtXb9fWmI,7,-0.7619047591,1,2,1_2,inner_train
1,YRmjALBdTdE,7,0.1428571471,3,2,3_2,outer
1,YVBsDJtAbk4,4,-0.2500000075,1,1,1_1,outer
1,YWxvIFmYnNU,20,0.6833333403,3,3,3_3,outer
1,YY2yjEEoB3U,4,0.7500000075,3,1,3_1,inner_train
1,YcJ5RJYUr7Y,16,0.7291666586,3,3,3_3,inner_valid
1,YgyqX4aZ4tE,9,-0.03703703814,2,2,2_2,inner_train
1,Yi6Qyn4X8is,9,-0.4444444345,1,2,1_2,inner_train
1,YjNYBBs1AZw,1,0.6666666865,3,0,3_0,inner_train
1,YmGfjU5PGyE,2,0.3333333433,3,0,3_0,outer
1,YqHEmUKUy-E,2,1.166666687,4,0,4_0,inner_train
1,ZJGzEeDXbyM,2,1.166666657,4,0,4_0,outer
1,ZMAoUt0SD7E,1,0,2,0,2_0,inner_train
1,ZQuGizjoCTY,7,0.4285714328,3,2,3_2,inner_train
1,ZRic9ygn9f8,3,0.5555555423,3,1,3_1,inner_train
1,ZUqTWOx9jYU,6,0.3333333383,3,2,3_2,inner_train
1,ZW4Oe_fKJM0,7,1.285714256,4,2,4_2,outer
1,ZXHX_e6HCI0,4,0.6666666865,3,1,3_1,outer
1,ZbVa-a2tNFM,3,0.1111111144,3,1,3_1,inner_train
1,ZdX9sUd3bAI,4,2,4,1,4_1,inner_train
1,ZfQYEa2fHGo,3,0.4444444577,3,1,3_1,inner_train
1,ZiM_gkdFGJk,2,0.6666666717,3,0,3_0,inner_train
1,Zj_4YmbMWtg,4,-1.333333343,0,1,0_1,inner_train
1,ZltpfWh2aIw,1,1.666666627,4,0,4_0,inner_valid
1,Zo8jCDGMWjw,1,0.6666666865,3,0,3_0,inner_train
1,Zr3psuFQoDY,1,-0.6666666865,1,0,1_0,outer
1,_26JmJnPKfM,24,0.8750000136,3,3,3_3,inner_train
1,_2u0MkRqpjA,1,0.3333333433,3,0,3_0,outer
1,_4K620KW_Is,3,-0.1111111144,1,1,1_1,inner_train
1,_4PNh8dIILI,2,1.666666687,4,0,4_0,outer
1,_HabvL0VnrQ,9,0,2,2,2_2,inner_train
1,_JcML8u5Wes,3,1,3,1,3_1,inner_train
1,_KGd7IpX3B4,1,1,3,0,3_0,inner_train
1,_UNQDdiAbWI,4,0.4166666716,3,1,3_1,inner_train
1,_XWUKMkxa-Q,1,1,3,0,3_0,inner_train
1,_YzIvwvyIq4,1,1,3,0,3_0,inner_train
1,_iRAn6feOmw,5,0.4666666746,3,2,3_2,outer
1,_tBaGXNwlp0,6,-0.2777777761,1,2,1_2,inner_valid
1,_v8c7iWkYz0,6,1.055555562,4,2,4_2,inner_train
1,a4vRa-_nuJw,6,0.4444444478,3,2,3_2,inner_train
1,a7HHg_JygJo,7,0.4285714413,3,2,3_2,inner_train
1,a8WV5KEMKSw,5,-0.5999999941,1,2,1_2,inner_train
1,aCwLQrJz4Bo,5,0.8666666746,3,2,3_2,inner_train
1,aDvgbBqTWWE,6,0.3333333284,3,2,3_2,inner_train
1,aE7sckIAWuw,6,-0.8888889104,1,2,1_2,inner_train
1,aI1tdJPHz2I,4,-0.2500000074,1,1,1_1,inner_train
1,aIUF3QJJOF4,9,0.4074074129,3,2,3_2,inner_train
1,aKPfbyW-Qxw,9,0.8148148093,3,2,3_2,outer
1,aMtFBGh2wKI,6,0.3333333383,3,2,3_2,inner_train
1,aNOuoSVlunM,5,-0.400000006,1,2,1_2,inner_train
1,aWwjhcYLbRw,3,1,3,1,3_1,inner_train
1,aZjCq_hv2Pk,3,0.1111111144,3,1,3_1,inner_valid
1,afCsKTHteg4,4,1.499999963,4,1,4_1,inner_train
1,aiUq5xksJy0,8,0.2500000037,3,2,3_2,outer
1,ap465Tlzf88,2,0.5000000149,3,0,3_0,inner_train
1,aqmRPNfeOy8,4,0.5000000074,3,1,3_1,inner_train
1,assx_NKo-L8,21,0.07936508032,2,3,2_3,inner_train
1,atxoi7pB5TM,3,0,2,1,2_1,inner_train
1,b7DK08bWU6c,1,0.3333333433,3,0,3_0,inner_train
1,b8xmgi4VV0M,9,0.5555555589,3,2,3_2,inner_train
1,bCDfIJ12oqM,2,0.6666666717,3,0,3_0,outer
1,bEXCrGIOoWU,3,1.333333333,4,1,4_1,inner_train
1,bI3DTH2yTbM,2,-0.3333333433,1,0,1_0,outer
1,bJI7-LnKPH4,6,-0.1666666716,1,2,1_2,inner_train
1,bQcJVJcpgAs,4,1.666666657,4,1,4_1,inner_train
1,bU6CgE_kMRY,4,0.4166666642,3,1,3_1,outer
1,bZ2ytqPtyK4,1,2,4,0,4_0,inner_train
1,b_SffSbPVJM,6,-0.6666666568,1,2,1_2,inner_train
1,babuyKl7EAw,12,0.4722222288,3,3,3_3,inner_valid
1,badtXoOJaf8,5,-0.8,1,2,1_2,inner_train
1,bge5PUG3G4A,4,0.9999999926,3,1,3_1,inner_train
1,bhFK-xy76U4,2,0.5000000149,3,0,3_0,inner_train
1,bhPB19tr-JY,6,1.055555557,4,2,4_2,outer
1,bkP-BNW4oMg,6,0.3888889005,3,2,3_2,inner_train
1,c7xUcM68IFE,8,0.5000000112,3,2,3_2,outer
1,c805Td8A_Ek,9,0.7407407529,3,2,3_2,inner_train
1,cAA2mONG98w,2,0.5000000149,3,0,3_0,inner_train
1,cHBRDdSXLtU,2,-0.9999999851,1,0,1_0,inner_train
1,cHrOisasWLU,3,-0.5555555622,1,1,1_1,inner_train
1,cKUPgzZu-Fk,3,0.5555555721,3,1,3_1,inner_train
1,cKldvZeyRDA,1,-1.333333373,0,0,0_0,inner_valid
1,cM1Zuji24dI,2,0,2,0,2_0,inner_train
1,cMsTvqU_-rc,2,2,4,0,4_0,outer
1,cOcNe3L4VAg,16,1.083333349,4,3,4_3,inner_valid
1,cRFiXLzcCOA,4,1.416666649,4,1,4_1,inner_train
1,cR_KQlNhoNE,10,0.2666666746,3,3,3_3,outer
1,cS3BDGNDu_8,2,-1.00000003,0,0,0_0,inner_train
1,cSrM5mHACmA,3,0.5555555622,3,1,3_1,inner_valid
1,cWN1bibicHc,2,0.3333333433,3,0,3_0,inner_train
1,cXu56oK462o,2,0.1666666716,3,0,3_0,inner_train
1,c_FJuhSte8Q,11,1.181818168,4,3,4_3,inner_train
1,cmJW6mkspkI,2,1.833333313,4,0,4_0,inner_train
1,cnllFPRyBFs,3,0,2,1,2_1,inner_train
1,ctMCSUT2LlQ,8,-0.3333333433,1,2,1_2,outer
1,cyOSDKOxb1o,3,0.7777777712,3,1,3_1,inner_train
1,cyu1HhakSaQ,1,1.666666627,4,0,4_0,outer
1,d38u9n5GOLM,15,1.822222223,4,3,4_3,inner_train
1,d3EeIRaMbbk,2,0,2,0,2_0,outer
1,d99mfGIenCo,16,0.7708333377,3,3,3_3,inner_valid
1,dCDAcBR505Q,3,-0.1111111144,1,1,1_1,outer
1,dH0FmwvOzs0,2,0.1666666716,3,0,3_0,inner_train
1,dJ5MXl66-UQ,4,0.6666666865,3,1,3_1,inner_train
1,dOSyvhYsfFo,1,1,3,0,3_0,inner_valid
1,dSax_7klbfE,7,0.1904761962,3,2,3_2,inner_train
1,dYyg91d7zjY,2,-0.9999999851,1,0,1_0,inner_valid
1,dZK01jhM27k,3,0.2222222288,3,1,3_1,inner_train
1,damyXH7mBic,2,0.3333333433,3,0,3_0,inner_train
1,dbpGH5iP0GE,3,0.1111111144,3,1,3_1,outer
1,dcUlt6zk_S0,3,0.7777778009,3,1,3_1,outer
1,ddix4XuaUlY,1,0.6666666865,3,0,3_0,inner_train
1,dqragS38hCk,9,-0.03703703483,2,2,2_2,outer
1,dsob2MgUPpA,16,2.000000004,4,3,4_3,outer
1,e0ltF8zpEcw,9,1.111109969e-11,2,2,2_2,inner_train
1,e7_2U4lm6TE,18,0.2777777827,3,3,3_3,inner_train
1,eJwZfdtlks8,2,0.5000000149,3,0,3_0,inner_train
1,eOU_40p9RpA,3,1.222222229,4,1,4_1,inner_train
1,ePiz4zU6crI,2,2,4,0,4_0,inner_train
1,eSHOcLD5T58,8,0.3333333321,3,2,3_2,inner_valid
1,eW1vgHE6FRM,8,0.4583333358,3,2,3_2,inner_valid
1,eeN7l4R3nPc,4,0.5833333433,3,1,3_1,inner_train
1,ejDe6hQWZOk,3,0.3333333333,3,1,3_1,inner_train
1,eo8L7lCTjDQ,3,1.00000003,4,1,4_1,inner_valid
1,ep3IasggD3k,7,0.5238095224,3,2,3_2,inner_train
1,esR-tOjT6KM,7,1.238095232,4,2,4_2,outer
1,esnOE1LefKA,2,1.166666672,4,0,4_0,inner_train
1,f47bnEUrOvA,1,1,3,0,3_0,inner_train
1,f5k5cF80aUE,4,0.8333333284,3,1,3_1,inner_train
1,fB816aeHRFk,1,0,2,0,2_0,inner_train
1,fDYZINwIs_A,1,1,3,0,3_0,inner_train
1,fEm9AdLNrjk,3,0.8888889153,3,1,3_1,inner_train
1,fOxg1NstCHA,1,0,2,0,2_0,inner_train
1,fTNOAssiTYk,6,0.2777777811,3,2,3_2,inner_train
1,fW1pK2L6RgM,8,0.3750000112,3,2,3_2,inner_train
1,faMq0C_wTpU,1,0,2,0,2_0,inner_train
1,fbSxct2JcKU,5,0.5333333433,3,2,3_2,inner_train
1,fhY2vbnjuWY,4,0.3333333358,3,1,3_1,inner_train
1,flGZteJUNYU,1,0.6666666865,3,0,3_0,inner_train
1,g8NBNtY3cpU,1,0,2,0,2_0,inner_train
1,g99kISQbyuI,9,0.1851851841,3,2,3_2,inner_valid
1,gAMbkJk6gnE,5,1.000000012,4,2,4_2,outer
1,gC_wF3uKFW0,6,1.499999985,4,2,4_2,inner_train
1,gRAmIaSlm80,1,0.6666666865,3,0,3_0,inner_valid
1,gU7McujYYPY,7,0.666666678,3,2,3_2,inner_train
1,gXDRWhJbfFU,11,1.060606056,4,3,4_3,outer
1,gXuiIWRxrw4,20,0.7500000164,3,3,3_3,inner_train
1,gZF-YNQHqwI,11,0.6969697096,3,3,3_3,inner_train
1,gcpsSao7kHM,6,1.055555562,4,2,4_2,inner_train
1,ge071m9bGeY,9,0.1481481526,3,2,3_2,inner_train
1,gfHrSg3BwiQ,3,0.5555555622,3,1,3_1,inner_train
1,gjGL6YY6oMs,6,-0.1666666667,1,2,1_2,outer
1,gr8mzv2xZ2s,1,-0.6666666865,1,0,1_0,inner_train
1,guRD0zQC6Q0,4,1.083333366,4,1,4_1,inner_train
1,gv43BPYYxKQ,2,-0.9999999851,1,0,1_0,inner_train
1,gvjQ1XfMA_g,4,0.3333333433,3,1,3_1,inner_train
1,h4LrwMn94ss,4,0.08333333582,2,1,2_1,inner_train
1,h7p5URoookk,29,0.3678160937,3,3,3_3,inner_train
1,hASTLbFHrEs,9,0.5185185174,3,2,3_2,inner_valid
1,hCFV5VLgS0A,9,-1.296296305,0,3,0_3,outer
1,hF6kFQPdBjY,8,-0.0833333358,2,2,2_2,inner_train
1,hGRRlXfH0BY,9,-0.8148148192,1,3,1_3,inner_train
1,hOp6I4jGvu4,5,0.6,3,2,3_2,inner_valid
1,hUBQrLjm4M4,2,1.166666687,4,0,4_0,inner_train
1,he475nnmMi0,12,0.3611111169,3,3,3_3,outer
1,hfK8QtTd7fo,1,1.666666627,4,0,4_0,inner_train
1,hhK7q30p0Jk,3,1.111111114,4,1,4_1,outer
1,hj1ph17-0jE,1,-1.333333373,0,0,0_0,inner_train
1,hlYDicOj2m0,4,-0.08333334325,2,1,2_1,inner_valid
1,hnSdAbnHDy4,4,-0.0833333358,2,1,2_1,inner_valid
1,hntnelpiyl8,5,0.6666666806,3,2,3_2,inner_train
1,hp3nsb_eIc0,7,-0.09523809381,2,2,2_2,inner_train
1,i714Xt6eb1Y,5,0.4666666627,3,2,3_2,outer
1,iFj9wJaJSPE,12,1.222222224,4,3,4_3,outer
1,iH04VOkbof0,5,0.2666666746,3,2,3_2,inner_train
1,iM3wSwoAtwk,2,0.1666666716,3,0,3_0,inner_train
1,iMG962Rj3Vw,4,1.916666687,4,1,4_1,outer
1,iREkcXde5ds,10,-0.100000003,1,3,1_3,inner_train
1,iYtD_ArCdKw,13,0.820512822,3,3,3_3,inner_train
1,icIS9VfbzMw,15,0.2000000099,3,3,3_3,inner_train
1,iceSGs0MXaA,5,1.466666698,4,2,4_2,inner_train
1,icehEYAiimM,4,1.49999997,4,1,4_1,inner_train
1,ieWQdiQAh4M,2,0.6666666717,3,0,3_0,inner_train
1,iex7I7iVnLk,2,0.3333333433,3,0,3_0,inner_train
1,ihuGFUrzD30,1,0.6666666865,3,0,3_0,inner_train
1,ipLoS44xfO4,10,-0.3000000059,1,3,1_3,inner_train
1,ixQbCXLUUj8,3,0.4444444577,3,1,3_1,outer
1,ixZAEncExWI,4,0.1666666642,3,1,3_1,inner_train
1,j7fRIGphgtk,4,0.7499999777,3,1,3_1,outer
1,jD3iIEsc_K4,1,1.666666627,4,0,4_0,inner_train
1,jEQoBvc7V1o,5,0.1333333373,3,2,3_2,inner_train
1,jFNgOznarMo,4,0.08333334325,2,1,2_1,inner_train
1,jFpRdhl3fgw,4,0.08333333583,2,1,2_1,inner_train
1,jPf0LjZAS14,8,0.4166666754,3,2,3_2,outer
1,jQ3EmbRIe58,7,1.42857142,4,2,4_2,inner_train
1,jT3FSTBA8Us,7,0.4285714201,3,2,3_2,outer
1,jUKH63mltLE,1,0,2,0,2_0,inner_train
1,jVayR0VClxQ,8,0.2916666567,3,2,3_2,inner_train
1,jYT3-RQFy1U,8,-1.458333321,0,2,0_2,inner_train
1,jZTe5cbwwEE,1,0.6666666865,3,0,3_0,inner_train
1,jZnFr-Mzj9M,3,1.111111144,4,1,4_1,inner_train
1,jakiZQd4boM,4,0.2500000075,3,1,3_1,inner_train
1,jbKDW9URnvM,4,0.1666666716,3,1,3_1,inner_train
1,jcQi90n008o,26,0.9743589816,3,3,3_3,inner_train
1,jjb1cWmkhI8,6,0.1666666667,3,2,3_2,inner_train
1,jjbOD6u7V34,5,-0.4666666687,1,2,1_2,inner_train
1,jlCFLG6rKKY,6,-0.2222222288,1,2,1_2,inner_train
1,jlW4Iep4mmE,1,0,2,0,2_0,inner_valid
1,jnG9zog4NCs,7,0.1904761961,3,2,3_2,inner_train
1,jqKzaEniiKo,9,0.3703703814,3,3,3_3,inner_train
1,k1ca_xbhohk,6,0.3888888955,3,2,3_2,inner_train
1,k5-3KuvCFms,2,-0.1666666567,1,0,1_0,inner_train
1,k8NgVOCDYKM,12,-1.277777784,0,3,0_3,inner_train
1,kDyK9VGfLW8,2,0.6666666865,3,0,3_0,outer
1,kKMfsWrigTE,3,0.6666666766,3,1,3_1,inner_valid
1,kKkZihSbxF4,4,1.333333299,4,1,4_1,outer
1,kPch8YhNfPE,4,0.7500000149,3,1,3_1,inner_train
1,kPn-t6NSxfQ,10,0.100000003,3,3,3_3,inner_train
1,kU6YY2z7z0I,11,-2.718181821e-09,2,3,2_3,outer
1,kf3fZcx8nIo,2,-0.1666666716,1,0,1_0,outer
1,khw3YCTFLfs,1,2,4,0,4_0,inner_train
1,kiR5zVo2zvU,26,1.128205118,4,3,4_3,outer
1,kk4gr5A6_Uw,1,-0.6666666865,1,0,1_0,inner_train
1,kkaX3okuvjI,6,0.4444444527,3,2,3_2,inner_train
1,kmAisuAFckw,3,-0.7777778009,1,1,1_1,outer
1,krHZuqfXrPU,30,0.4333333423,3,3,3_3,inner_train
1,kuQWPuhnlHs,4,1.000000015,4,1,4_1,inner_train
1,kwkhYpCHWPw,8,0.6666666754,3,2,3_2,outer
1,kxcCxbsKx3w,9,0.7037037015,3,3,3_3,inner_train
1,kz7ahNfXFsk,1,1.333333373,4,0,4_0,inner_train
1,lEsFI5YJGDo,14,1.476190486,4,3,4_3,inner_train
1,lKTeLK8nq8w,9,0.5925926036,3,3,3_3,outer
1,lTfsqoo-jKg,10,-0.5,1,3,1_3,inner_train
1,lUNNDDsm7R8,4,1.250000015,4,1,4_1,inner_train
1,lVj6ZdyW9pI,2,0.1666666567,3,0,3_0,inner_train
1,lWXjdWvB0VI,1,2.333333254,4,0,4_0,inner_train
1,lbx3eu8LUl8,2,0.1666666716,3,0,3_0,inner_valid
1,liJO1yIFsJs,1,0,2,0,2_0,inner_valid
1,lksy-At0vxc,5,0.800000006,3,2,3_2,inner_valid
1,ll10nEjTvGE,5,0.5333333254,3,2,3_2,inner_train
1,ltA1VF_DUSc,1,0,2,0,2_0,inner_train
1,lzVA--tIse0,3,1.666666667,4,1,4_1,inner_valid
1,m8tzdtrgFUA,10,0.6333333462,3,3,3_3,inner_train
1,mHIvH6Nnrls,7,0.4761904861,3,2,3_2,inner_train
1,mL2v-sODUZ8,4,0.08333333582,2,1,2_1,inner_train
1,mN1Z5xEOy10,5,-0.4000000119,1,2,1_2,inner_valid
1,mO4H5S_Q7aU,1,1,3,0,3_0,inner_train
1,mQTaEIrNxnQ,7,0.2857142942,3,2,3_2,inner_train
1,mRnEJOLkhp8,11,-0.1212121221,1,3,1_3,inner_train
1,maO6KmmgcB8,2,-0.5000000149,1,0,1_0,inner_train
1,mgovo8VYtvk,37,1.450450443,4,3,4_3,inner_valid
1,mkkoJ2iVbGs,9,0.3703703814,3,3,3_3,inner_train
1,mn8_HvzbN5c,3,0.1111111144,3,1,3_1,inner_train
1,mpfSRGHFY0g,2,0,2,0,2_0,inner_train
1,mw_ZwML0SbY,2,0.1666666716,3,0,3_0,outer
1,n-sgVVTE9Io,4,0.25,3,1,3_1,inner_train
1,nD1R4UedEDo,14,0.5000000064,3,3,3_3,inner_train
1,nGah7qST1dI,5,5.960000005e-09,2,2,2_2,outer
1,nHMHePX9WoU,3,-0.1111111045,1,1,1_1,inner_train
1,nHP7l5zAwGA,4,0.4166666493,3,1,3_1,inner_valid
1,nISNBD3I95A,1,0.6666666865,3,0,3_0,inner_train
1,nKiC9sEP2vM,14,0.4523809595,3,3,3_3,inner_train
1,nM5S3xxNOlQ,10,0.4666666687,3,3,3_3,inner_train
1,nNFDj9fRAqE,1,1.666666627,4,0,4_0,inner_train
1,nTBKtwqPIYw,7,0.333333339,3,2,3_2,inner_train
1,nZEPf7a8GbI,2,-0.8333333433,1,0,1_0,outer
1,ngp7s5Wvde0,5,1.533333337,4,2,4_2,inner_train
1,nhD9WSEIspQ,6,0.8333333433,3,2,3_2,inner_train
1,niX_m3aMxhQ,4,0.0833333358,2,1,2_1,outer
1,nmWplIQhvoA,4,1.249999993,4,1,4_1,inner_train
1,nsLACXjD4KU,4,-0.9166666567,1,1,1_1,inner_train
1,nz2vkMyqfeE,6,0.7222222388,3,2,3_2,inner_train
1,o2miCpS7Hwo,3,1.333333333,4,1,4_1,inner_train
1,o4b7hjQwpv0,10,0.3666666746,3,3,3_3,inner_valid
1,o8OZGBDPD8M,7,-0.5238095224,1,2,1_2,outer
1,oANUXY3xXKM,8,-0.08333332094,2,2,2_2,inner_train
1,oCsrnIomHos,5,0.06666666864,2,2,2_2,inner_valid
1,oDznO5w3v0U,3,0.6666666667,3,1,3_1,inner_train
1,oGnKsroR0R0,18,-0.03703704475,2,3,2_3,inner_train
1,oHV99Y_EWfI,14,0.9047619211,3,3,3_3,inner_train
1,oNCvb0F-c88,1,0,2,0,2_0,outer
1,oOhxCwkZsUI,2,0,2,0,2_0,inner_train
1,oPvUDLhTrjI,11,1.121212114,4,3,4_3,inner_train
1,oVqBUyKvgdU,6,0.4444444527,3,2,3_2,inner_train
1,oWAyEzyp2xQ,12,-0.4722222189,1,3,1_3,inner_train
1,oecQ9yDtfx0,3,0.777777791,3,1,3_1,inner_valid
1,ogGweZUAVtU,52,0.3012820551,3,3,3_3,inner_train
1,oj7A8mpuBeQ,13,0.3589743697,3,3,3_3,inner_train
1,olVQZV_1rdA,2,0.5000000149,3,0,3_0,inner_train
1,olcPEN9x5VY,10,0.8666666687,3,3,3_3,inner_valid
1,omHQ68k50XY,8,0.2916666716,3,2,3_2,outer
1,ou6S6fbfBWU,2,0,2,0,2_0,inner_train
1,p4IeTRNcxc4,3,0.2222222288,3,1,3_1,inner_train
1,p5LEk2u8tXk,7,1.047619053,4,2,4_2,inner_valid
1,pC0zFF8CXXk,2,1.00000003,4,0,4_0,inner_valid
1,pI5Kng_GuLE,1,0.3333333433,3,0,3_0,inner_valid
1,pVzHaakhKAw,2,0,2,0,2_0,inner_train
1,pYUTSG9frAk,4,0.5833333507,3,1,3_1,inner_train
1,pbFwuNCQlH8,9,0.03703703814,2,3,2_3,inner_train
1,pfCPogxnUfw,16,-0.04166666419,2,3,2_3,inner_train
1,pjWLxORDDP4,1,2.333333254,4,0,4_0,outer
1,plsot5mFAtQ,3,0.3333333433,3,1,3_1,inner_train
1,po5jCjnxW1w,1,0,2,0,2_0,inner_train
1,pqAGD3ijMPw,2,-0.8333333433,1,0,1_0,inner_train
1,pttwIaJmfcU,3,0.1111111144,3,1,3_1,inner_train
1,pu1C7tmYHxI,3,1.00000002,4,1,4_1,inner_train
1,pvlmYjQdRmA,1,0,2,0,2_0,inner_valid
1,pwj9YeMJC08,8,-0.2083333358,1,2,1_2,inner_train
1,pzUplbeH_fg,1,0,2,0,2_0,inner_valid
1,q-0gu48ClF4,4,0.1666666642,3,1,3_1,inner_train
1,q1_knonj0Lw,15,0.4444444497,3,3,3_3,inner_train
1,qDIh6YNbIMU,10,0,2,3,2_3,inner_valid
1,qEkFReBuwxc,14,0.7619047633,3,3,3_3,outer
1,qFsGMA75-oQ,4,1.166666642,4,1,4_1,inner_train
1,qJh6x4wmmh8,4,0.4166666642,3,1,3_1,inner_train
1,qaoSn1eEyq0,1,0.3333333433,3,0,3_0,outer
1,qdeQg5dZb2E,3,0.2222222288,3,1,3_1,inner_valid
1,qed3medhsj4,5,0.6,3,2,3_2,inner_train
1,qjMyjLSORY4,20,1.066666661,4,3,4_3,inner_train
1,qlDT-bmIzQI,5,1.400000006,4,2,4_2,inner_train
1,qlDiE1d45Bc,6,0.1111111095,3,2,3_2,inner_train
1,qmx0nQZYHIo,2,0.1666666716,3,0,3_0,inner_train
1,qrI7XCKRFNk,6,-0.05555555722,2,2,2_2,inner_train
1,qyJiDgtj6YE,7,0.04761904479,2,2,2_2,inner_train
1,r4ul1wl_1T8,6,0.1666666716,3,2,3_2,inner_valid
1,r917wP1qsL4,3,0.3333333433,3,1,3_1,outer
1,rB6WmWvvyxg,8,-0.2083333395,1,2,1_2,inner_train
1,rBWeo_rEdcU,12,0.1666666716,3,3,3_3,inner_train
1,rVG8gOAY0JE,1,0.6666666865,3,0,3_0,outer
1,rZqWAnrJ1Nc,1,0.6666666865,3,0,3_0,inner_valid
1,r_vjlTcrI-U,3,0.2222222288,3,1,3_1,inner_train
1,raQ9Pcgo-II,4,-0.2500000074,1,1,1_1,inner_train
1,rexJoy4RMdY,4,-0.25,1,1,1_1,outer
1,rsQRiALH5FU,4,0.8333333433,3,1,3_1,outer
1,rv1gp0wEhI0,1,0.6666666865,3,0,3_0,inner_train
1,rwe-hBNpzH8,3,-0.5555555721,1,1,1_1,inner_train
1,rz4Ax6xfZHQ,9,0.8518518541,3,3,3_3,inner_train
1,rzsk_IvI7bQ,1,0.3333333433,3,0,3_0,inner_train
1,s2oX3zxWuEI,1,0.6666666865,3,0,3_0,inner_train
1,sC1NvtirijU,22,0.9848484885,3,3,3_3,inner_valid
1,sIGAq2J4KKI,3,1.444444408,4,1,4_1,inner_valid
1,sK9_de5Jx4U,1,0.3333333433,3,0,3_0,inner_valid
1,sKwPCpFtUUI,3,0.7777777811,3,1,3_1,outer
1,sLaTZtL0ZIk,2,0.1666666716,3,0,3_0,inner_train
1,sMnbpyFqrlE,10,0.03333332241,2,3,2_3,inner_train
1,sWsDAG6x9n0,3,2.333333333,4,1,4_1,outer
1,sjoArVtU8-o,9,1.296296292,4,3,4_3,outer
1,skp_SpnIOCM,3,0.8888889153,3,1,3_1,outer
1,slLRsFFiiRc,4,0.08333333582,2,1,2_1,inner_train
1,sn1fEo72gJM,5,0.3333333433,3,2,3_2,inner_train
1,soqnBdPOwoo,8,0.5416666791,3,2,3_2,inner_train
1,srbrWyZRMCI,12,1.027777793,4,3,4_3,inner_valid
1,t0Wi5Nb6kbI,4,-0.2500000074,1,1,1_1,inner_train
1,t80DGfWJ3fI,1,0.3333333433,3,0,3_0,inner_valid
1,tQk-eoA7JyE,2,0.3333333433,3,0,3_0,inner_train
1,tXQQ0joMq1Q,1,0,2,0,2_0,inner_train
1,tXxXhGD1aMo,5,1.466666639,4,2,4_2,inner_train
1,tXxf6-CilNI,9,-0.07407407628,2,3,2_3,inner_train
1,ta26Z2YEVMQ,4,-0.4166666419,1,1,1_1,inner_train
1,taGs3-SMoYM,6,1.055555572,4,2,4_2,inner_valid
1,tgrxA3CiBv0,10,0.700000003,3,3,3_3,outer
1,txjqbr6FoZs,8,0.7916666716,3,2,3_2,inner_train
1,u6H0sVuY1ac,2,0.6666666717,3,0,3_0,inner_train
1,uAExKaLeOl8,8,0.4166666754,3,2,3_2,inner_train
1,uN0d3ZOkDp8,4,1.666666657,4,1,4_1,inner_train
1,uTWeng4h5eM,5,0.200000006,3,2,3_2,inner_train
1,ueCWy7aTmyo,20,0.3000000045,3,3,3_3,inner_train
1,uyOrVTq8Tjk,5,1.133333355,4,2,4_2,inner_train
1,uyeQsv2tq44,1,0.6666666865,3,0,3_0,inner_valid
1,v0a8N7Y-Vfc,3,1.00000002,4,1,4_1,inner_train
1,v1GKBjohgHc,5,-0.0666666984,2,2,2_2,inner_train
1,v9GshyXtiWg,9,0.7037037114,3,3,3_3,inner_train
1,vCWpKubBbcw,2,0.6666666865,3,0,3_0,inner_train
1,vM3YB7LmMq4,49,0.7959183734,3,3,3_3,outer
1,vNID-RVhWcQ,3,1.00000002,4,1,4_1,inner_train
1,vYOr36tdcpc,3,0.6666666865,3,1,3_1,inner_train
1,veHYwR7ge6Y,1,2.333333254,4,0,4_0,inner_valid
1,vttEPA6Xffk,5,0.1333333373,3,2,3_2,inner_train
1,w1MxXu5D7ho,3,0.6666666667,3,1,3_1,inner_train
1,w8TXP0iz29A,4,-0.1666666716,1,1,1_1,inner_train
1,wCbQxI_-GKU,1,0.6666666865,3,0,3_0,inner_train
1,wCtZdAdoIm8,2,0.1666666716,3,0,3_0,inner_train
1,wHQYmMZzyJY,11,0.878787886,3,3,3_3,inner_train
1,wLJohZMqR-g,2,0,2,0,2_0,inner_train
1,wOKWTFYYMuk,4,0.5833333358,3,1,3_1,inner_train
1,wOjnqud5GBA,7,0.28571429,3,2,3_2,inner_train
1,wQkNqbrAlB4,1,0,2,0,2_0,inner_train
1,wR3zalLV_6c,15,0.1333333393,3,3,3_3,inner_train
1,wUf6AvCMHbQ,1,1,3,0,3_0,inner_train
1,wXuBJvzeC1Q,4,0.4166666716,3,1,3_1,inner_train
1,w_qYZSVx2dM,7,0.7619047761,3,2,3_2,inner_train
1,wd-LTpCtAzw,9,1.037037022,4,3,4_3,inner_train
1,werKCgZ5dFE,5,-0.1333333433,1,2,1_2,inner_train
1,wfLrS6CdFs4,2,0.6666666717,3,0,3_0,inner_train
1,wgCSuviySwg,2,1.333333313,4,0,4_0,inner_valid
1,wj3ur4fsiN4,26,0.2948717968,3,3,3_3,inner_train
1,wlrb0HyIs-Q,3,0.1111111144,3,1,3_1,outer
1,wtCKzu8eVJ0,1,0.3333333433,3,0,3_0,inner_valid
1,wvMA0r3esw8,5,-0.5333333254,1,2,1_2,inner_valid
1,wxxqXK9x-64,5,0.1333333373,3,2,3_2,inner_valid
1,wz3nVBPVgIA,10,1.533333331,4,3,4_3,inner_train
1,x5xF4yu9Bos,10,0.4333333462,3,3,3_3,inner_valid
1,x9E8yaFCX0Y,9,0.3703703748,3,3,3_3,inner_train
1,xNYsfeSgDCQ,4,1.25000003,4,1,4_1,inner_train
1,xPhlDO-2Foc,6,0.1666666617,3,2,3_2,inner_train
1,xXGEkDhu94E,5,0.3333333254,3,2,3_2,inner_train
1,xXIq7YPkdUQ,3,0.7777777712,3,1,3_1,outer
1,xZ1FrxU6hcg,6,0.500000005,3,2,3_2,inner_train
1,xfeASyC6PPg,4,0.6666666791,3,1,3_1,inner_train
1,xge9aYTxxOA,4,-1.083333343,0,1,0_1,outer
1,xk4C4p5vHDk,10,1.333333346,4,3,4_3,inner_train
1,xlNDpmKgSIc,1,0,2,0,2_0,inner_train
1,xqcqieV0Rn8,5,0.7333333314,3,2,3_2,outer
1,xsiHAO0gq74,1,1,3,0,3_0,inner_train
1,xvnFF0FiyS4,10,0.03333333134,2,3,2_3,inner_train
1,y-nEcwAyQos,4,0.666666679,3,1,3_1,inner_train
1,yDIFWzOBjXc,23,0.6376811681,3,3,3_3,inner_train
1,yEtfjJOMMCs,23,0.1449275418,3,3,3_3,inner_train
1,yG3wpvLUQcg,3,0.6666666568,3,1,3_1,inner_train
1,yHtR71rx16I,7,0.1904762004,3,2,3_2,inner_valid
1,yKdIZR5xfcc,13,0.7179487187,3,3,3_3,inner_train
1,yOQHOiswVjc,12,0.5277777811,3,3,3_3,outer
1,ygb8Cfxghbs,12,0.6388888955,3,3,3_3,inner_train
1,ymPQOY2O_nw,4,0,2,1,2_1,inner_valid
1,yp6Gd2NPwOU,8,1.291666675,4,2,4_2,inner_train
1,ypZhKsR-9iI,4,0.2500000075,3,1,3_1,inner_train
1,ysGFcG_PI5I,3,-0.5555555522,1,1,1_1,inner_train
1,ytXVSpPfKwA,4,1.74999994,4,1,4_1,inner_train
1,z6E-ocntPo4,9,1.074074086,4,3,4_3,inner_train
1,z8bWG2z-bMM,7,0.3333333433,3,2,3_2,outer
1,zJWmmDk9fCE,2,0.1666666716,3,0,3_0,inner_train
1,zPskvGHHQtE,5,0.4666666627,3,2,3_2,inner_train
1,zU2_X9lIcUM,4,0.08333333582,2,1,2_1,outer
1,zURYO3k8lW0,3,0.5555555622,3,1,3_1,inner_train
1,zaTyjiyrHnk,5,0.5999999822,3,2,3_2,inner_valid
1,zcG0ms7CdBE,2,0.1666666716,3,0,3_0,inner_train
1,zeQKU2L173M,7,0.6190476205,3,2,3_2,inner_train
1,zg-ZIxVsBbQ,1,0.3333333433,3,0,3_0,inner_train
1,zi0a6r52ZlY,2,0.6666666865,3,0,3_0,inner_train
1,zj4PzGtFwJM,5,0.9333333135,3,2,3_2,inner_train
1,zknhrUs7-lI,4,0.4166666791,3,1,3_1,inner_train
1,znNt--6itO4,6,0.3888888955,3,2,3_2,inner_valid
1,zqkawTdHN5s,2,0.1666666567,3,0,3_0,inner_valid
1,zrFZAofNGi4,8,-1.791666649,0,2,0_2,inner_train
1,zwRBZisdpQ0,5,1.066666663,4,2,4_2,inner_valid
1,zx4W0Vuus-I,1,1,3,0,3_0,inner_valid
