path	bytes	sha256
result/expert_self_risk_v1/mosei/analysis/checkpoint_identity_audit.tsv	1448	ffe787adf9d8e976a8c75b48b32d35139f9fc090cfd491217aaae1435984c397
result/expert_self_risk_v1/mosei/analysis/confident_wrong_analysis.tsv	18368	af18fe6c6d03f25fc98560e094bb5ecdcf670ef9f5348eb31fb4e9fb485f0170
result/expert_self_risk_v1/mosei/analysis/cross_expert_comparability.tsv	671	2c780ad770d69b6e536294a58b0ea2321388616822c5acc4faedcd173ad580b5
result/expert_self_risk_v1/mosei/analysis/expert_summary.tsv	472	01e633064f9be9d490d227b79e0748e12845bf005114fe7b4d08f587f281bb66
result/expert_self_risk_v1/mosei/analysis/individual_proxy_metrics.tsv	26863	03c66b0d6a19dd9a3a01707785cde6738c53223232ca11069c007b54afb9f8ea
result/expert_self_risk_v1/mosei/analysis/negative_controls.tsv	60687	4cb0b4d91519370bc7b289273c3b8cf2a1159af9935a964abc0ad1906c3a230e
result/expert_self_risk_v1/mosei/analysis/per_expert_mode_metrics.tsv	86969	dd0788c986a30a691c95fa25699b105dd5cd0a874323b63c0d51bd3f62da3cf6
result/expert_self_risk_v1/mosei/analysis/per_mode_metrics.tsv	8396	30daaa89fa3a38439080a50f1ac3463be427f27e0f74c4c78414f997c9aa0559
result/expert_self_risk_v1/mosei/analysis/phase1_gate.json	1257	78c900915aed73b249c634712e5b0b11f918a7ba54a2ff4a896c2f96e1494e15
result/expert_self_risk_v1/mosei/analysis/phase1_gate.tsv	200	718c2289e6200348d340268783b72a10296ea5666d46a9ef8ccb71afdb015032
result/expert_self_risk_v1/mosei/analysis/probe_capacity_audit.tsv	2796	1decdc610d2e441df1d982f6f79a838ee317f4ca1a09bf7660930ca32cd5e49e
result/expert_self_risk_v1/mosei/analysis/quantile_calibration.tsv	9501	bf12d44f4b9ee617c4e78eec2c947760f31d4ad00e16182564e376a4e1f9cc9a
result/expert_self_risk_v1/mosei/analysis/replication_summary.tsv	937	2f92ff741c7877f856508b76bf5b70a88b27e4b9d9f55800c10eb1f7b5127880
result/expert_self_risk_v1/mosei/analysis/risk_coverage_curves.tsv	251636	78f8ccec63cd17e99d4acb2cf2b5d364cf7ac975cbc646a37a8e9c5433cbffc9
result/expert_self_risk_v1/mosei/analysis/risk_coverage_gate.tsv	173	0904984198bee451510032fb7d3b5a0c0913a441a50844afaef12adeb6f2fb71
result/expert_self_risk_v1/mosei/analysis/risk_coverage_summary.tsv	43979	4ba05f7e968309755c0cd6aff42535533e98c0565ce70ce7fd887ad3fce89ef4
result/expert_self_risk_v1/mosei/analysis/stage23d_a_self_risk_audit.json	2247	c8b9136715a76d3fa6d078ee548da5ba376a6b1f5252b028ddec0246fc517a7a
result/expert_self_risk_v1/mosei/analysis/stage23d_a_self_risk_audit.md	4035	6cf5a85eb453654071996af9912df376ffaa203e8f51188e1301eb7546902070
result/expert_self_risk_v1/mosei/audit/checkpoint_audit.tsv	8816	c77675d979ccf550cc5baf55f3c1cb1dc175dbb53b3f9b529ec4ec7af824cd4c
result/expert_self_risk_v1/mosei/audit/feature_extraction_audit.json	367	7379477b84e93416607c9ebb52ce44e6113a141eb7f1ff5baee3eacae1f8d652
result/expert_self_risk_v1/mosei/audit/feature_extraction_audit.tsv	1052	04e60e40060c218b67c6dc68d120ea5caa8c6653e4f00413cd8ffc243421b982
result/expert_self_risk_v1/mosei/audit/oof_hierarchical_binding_audit.tsv	185	c05332326c93746235de6b121baf4125fbc7f0e7e004e24eaa64309da9e5d84f
result/expert_self_risk_v1/mosei/audit/prediction_replay_audit.tsv	480	eaa31f94896580e396ef50b857f5e5792b51507ccdfa2e393762d4b81425631c
result/expert_self_risk_v1/mosei/features/checkpoint_fold0/cfcompat_seed1111/development_risk_labels_L.csv.gz	325477	41eb594c64caad0453092288527c4a6a6a3ec22b864b165eb4556210e0fb8b47
result/expert_self_risk_v1/mosei/features/checkpoint_fold0/cfcompat_seed1111/development_risk_labels_LA.csv.gz	325622	6b8aa3d1e22fb2503cf343aa025e64fd6962066352a665f2e9f443f56c622309
result/expert_self_risk_v1/mosei/features/checkpoint_fold0/cfcompat_seed1111/development_risk_labels_LAV.csv.gz	326048	78920dc8b02532c8a4f2636fb0d0a7727f703d36e2b085a7da4e2deb66312086
result/expert_self_risk_v1/mosei/features/checkpoint_fold0/cfcompat_seed1111/development_risk_labels_LV.csv.gz	325594	7001869b61feb724181f9476ece750698bbb5cf666425c897c5040fdce8c660a
result/expert_self_risk_v1/mosei/features/checkpoint_fold0/cfcompat_seed1111/extraction_manifest.json	6337	e4c085b25d96d6258c5607bc434ad6c67319dae3c363e4595af415b41f664181
result/expert_self_risk_v1/mosei/features/checkpoint_fold0/cfcompat_seed1111/feature_binding_ledger.csv.gz	1761322	085b6e98e0804f3b1f026fd90c05a223c61784f715b4d7452be9cb78a03c94c5
result/expert_self_risk_v1/mosei/features/checkpoint_fold0/cfcompat_seed1111/raw_internal_vectors_L.npz	26783594	3a3d9864978bab9d38080a21c7ff47c4e271bff8c319ba04ec2de85a611da67b
result/expert_self_risk_v1/mosei/features/checkpoint_fold0/cfcompat_seed1111/raw_internal_vectors_LA.npz	181529104	fd10f49ddc5a7d9aa1baac13f4687c392aa74bab1e5e10a33b1df7f2a41ea8d3
result/expert_self_risk_v1/mosei/features/checkpoint_fold0/cfcompat_seed1111/raw_internal_vectors_LAV.npz	335778527	f23193485b1d38767896ec66d587cca052bcddf2198a82f4ac20c3667701f9bf
result/expert_self_risk_v1/mosei/features/checkpoint_fold0/cfcompat_seed1111/raw_internal_vectors_LV.npz	181416408	07f7734e26e1d36de2cdb9db3aa364e50d25ffa374a6c80702b86e793d3cc474
result/expert_self_risk_v1/mosei/features/checkpoint_fold0/cfcompat_seed1111/sealed_outer_labels/outer_labels_L.csv.gz	70311	c2e785857b627dfb13eb9573af76b4b6fa7fec0e0fc3c89743cd7ab336f2b667
result/expert_self_risk_v1/mosei/features/checkpoint_fold0/cfcompat_seed1111/sealed_outer_labels/outer_labels_LA.csv.gz	70362	dd7e729ae4db4e3b481ee09e75f2047c9b853436e6fc488a8bc31ac5980106a9
result/expert_self_risk_v1/mosei/features/checkpoint_fold0/cfcompat_seed1111/sealed_outer_labels/outer_labels_LAV.csv.gz	70541	9cfe95d505331ada702334ff188e9108f74ed0bdbbb13583d99658f6043217ec
result/expert_self_risk_v1/mosei/features/checkpoint_fold0/cfcompat_seed1111/sealed_outer_labels/outer_labels_LV.csv.gz	70466	cf1a090423f4b901c7fdaae4028de6dcb2e72b2e384d35bc47db2c0ae140fa4f
result/expert_self_risk_v1/mosei/features/checkpoint_fold0/cfcompat_seed1111/static_internal_features_L.csv.gz	3118683	4e4c907d451923cbb74df1a017d7b600dc02bfecf21bee45a3e526006b7f8a22
result/expert_self_risk_v1/mosei/features/checkpoint_fold0/cfcompat_seed1111/static_internal_features_LA.csv.gz	5246645	7c77e43639ec0cd9410b17c68d56656deeb5f76700aff5d387398195fa564c23
result/expert_self_risk_v1/mosei/features/checkpoint_fold0/cfcompat_seed1111/static_internal_features_LAV.csv.gz	7351151	a26aec27de35207550ecd5654ecc3777031524c0097dbef7aa294b1a28127aec
result/expert_self_risk_v1/mosei/features/checkpoint_fold0/cfcompat_seed1111/static_internal_features_LV.csv.gz	5249369	3ea8803d19831950da4e64b4014211ac55ade6e6a2838723df2f4e69e45b6abe
result/expert_self_risk_v1/mosei/features/checkpoint_fold0/cfcompat_seed1114/development_risk_labels_L.csv.gz	325615	8ab216f6d82b8afee6f30250d5c5d87bd8364e78e692f38243bf54e0e7d30488
result/expert_self_risk_v1/mosei/features/checkpoint_fold0/cfcompat_seed1114/development_risk_labels_LA.csv.gz	325644	2999ea87ad1e80fb83c766aa76dfa0d6844481767adf2605d396f792b2d70ea1
result/expert_self_risk_v1/mosei/features/checkpoint_fold0/cfcompat_seed1114/development_risk_labels_LAV.csv.gz	326084	c5480bc9eec2dc4c4235aacaa29307f8dcb1892c975fe5d4b061b6ba04f12204
result/expert_self_risk_v1/mosei/features/checkpoint_fold0/cfcompat_seed1114/development_risk_labels_LV.csv.gz	325712	5e36229a7866df9541383deda2cbb575d83b0ce39bdddcb7cbb570b27782a914
result/expert_self_risk_v1/mosei/features/checkpoint_fold0/cfcompat_seed1114/extraction_manifest.json	6337	06d69cd3bded2577e8929dbc4064bf933548ebc5865144507462fd69212c1b55
result/expert_self_risk_v1/mosei/features/checkpoint_fold0/cfcompat_seed1114/feature_binding_ledger.csv.gz	1767460	c8163881811c39f413a6541bb8315b8caa7e70443294d0705290064f43242494
result/expert_self_risk_v1/mosei/features/checkpoint_fold0/cfcompat_seed1114/raw_internal_vectors_L.npz	26798592	852c6896ecf98ff55685ec39e08a4d436394a62dfdc45c9aafad855860c27d21
result/expert_self_risk_v1/mosei/features/checkpoint_fold0/cfcompat_seed1114/raw_internal_vectors_LA.npz	181246066	459500919cf8072c48ed2219fc150d4f337fe4f6fcb698933ac7f59febf5478a
result/expert_self_risk_v1/mosei/features/checkpoint_fold0/cfcompat_seed1114/raw_internal_vectors_LAV.npz	335428670	22ea2ee7d03685179936cd43e9ac7f43f3e1f9278d82a754515695768c42440a
result/expert_self_risk_v1/mosei/features/checkpoint_fold0/cfcompat_seed1114/raw_internal_vectors_LV.npz	181394165	4e931444d153322738407d121542b148e4c220245889c7e8820cfc066e4a82b2
result/expert_self_risk_v1/mosei/features/checkpoint_fold0/cfcompat_seed1114/sealed_outer_labels/outer_labels_L.csv.gz	70307	66f4f25688981d147734f6a16a19e1fb416dc4d5c89927b8b7acdc165131aee1
result/expert_self_risk_v1/mosei/features/checkpoint_fold0/cfcompat_seed1114/sealed_outer_labels/outer_labels_LA.csv.gz	70345	7b1378814b075397571289cb99ffce6bfed0ffe96ee72a3bbc0a27e35089d217
result/expert_self_risk_v1/mosei/features/checkpoint_fold0/cfcompat_seed1114/sealed_outer_labels/outer_labels_LAV.csv.gz	70602	aa6949fcf9286639cf9d76e3b060c4206dff38dd3f7d861ff8fa07e5d1763c76
result/expert_self_risk_v1/mosei/features/checkpoint_fold0/cfcompat_seed1114/sealed_outer_labels/outer_labels_LV.csv.gz	70474	9454a47e5a8c3725cb4df861ca5b6464eac46ddcc95189ac364b70dca64c354b
result/expert_self_risk_v1/mosei/features/checkpoint_fold0/cfcompat_seed1114/static_internal_features_L.csv.gz	3129619	c33ee9c4e0404cffab55dfbecfa0f8f6e1c509923e98f2d22800c2d75ded474f
result/expert_self_risk_v1/mosei/features/checkpoint_fold0/cfcompat_seed1114/static_internal_features_LA.csv.gz	5238601	3e0543257ce55e6deed30d165cd9a9d3dadac1b54ccef004635af81b0e1efefd
result/expert_self_risk_v1/mosei/features/checkpoint_fold0/cfcompat_seed1114/static_internal_features_LAV.csv.gz	7325172	d6e5e712ef8f0b8d2663a94f183369c97614fdcaf9c0e321be219f3b5567021c
result/expert_self_risk_v1/mosei/features/checkpoint_fold0/cfcompat_seed1114/static_internal_features_LV.csv.gz	5252999	0efd12e00b56a000ec2e72e0b4e870793f44a6f6b7b89c318d76503e416deec0
result/expert_self_risk_v1/mosei/features/checkpoint_fold0/moddrop_seed1111/development_risk_labels_L.csv.gz	325458	8c5a87bc5071f5eba167cfc8e8e061f325f85e2f1c44bbbc28538bf76bfffeb0
result/expert_self_risk_v1/mosei/features/checkpoint_fold0/moddrop_seed1111/development_risk_labels_LA.csv.gz	325614	fb08ea9eae495dc5b6af92996c5367ed93cf04f229c67bd6e0c646eb1ea84137
result/expert_self_risk_v1/mosei/features/checkpoint_fold0/moddrop_seed1111/development_risk_labels_LAV.csv.gz	326124	f1f8f08b834b108eec5946c842d1db00bf24c1cfe2bc913ff3836311a783914f
result/expert_self_risk_v1/mosei/features/checkpoint_fold0/moddrop_seed1111/development_risk_labels_LV.csv.gz	325736	c856d6d27a3bb78894cc5c476297f9ca6cfd7931319408ceccab59005b7c8d57
result/expert_self_risk_v1/mosei/features/checkpoint_fold0/moddrop_seed1111/extraction_manifest.json	6318	cc2c961096bfd06d6cdf6e9b71a6a232b819a2ca318e6b30762bc3d82aaef0e2
result/expert_self_risk_v1/mosei/features/checkpoint_fold0/moddrop_seed1111/feature_binding_ledger.csv.gz	1763725	177caae40e39ab002bd9019d12071585be25e61ab164af542b97a56e7af14094
result/expert_self_risk_v1/mosei/features/checkpoint_fold0/moddrop_seed1111/raw_internal_vectors_L.npz	26766974	fbe4f52d8e5ea9cc2619045f51b41109be19f648cf2be3f5e9fe08249ece5951
result/expert_self_risk_v1/mosei/features/checkpoint_fold0/moddrop_seed1111/raw_internal_vectors_LA.npz	181657602	8288dd8363298fdc44d388287216583803606da75372ca335d82255d182ee0b7
result/expert_self_risk_v1/mosei/features/checkpoint_fold0/moddrop_seed1111/raw_internal_vectors_LAV.npz	336014094	3b293996ce17457c519ff7efb417b04a797fc245e672e24127b3dfa1fde7efd5
result/expert_self_risk_v1/mosei/features/checkpoint_fold0/moddrop_seed1111/raw_internal_vectors_LV.npz	181507316	ca7394514227c40b4506723b3a17e07e949f2d34d7e452159afc01c8db7a9d79
result/expert_self_risk_v1/mosei/features/checkpoint_fold0/moddrop_seed1111/sealed_outer_labels/outer_labels_L.csv.gz	70343	444f6bf0c75f17aadf9afcb7261ad8e4656e9a24d2ebaa9f1e1d215cd31c4479
result/expert_self_risk_v1/mosei/features/checkpoint_fold0/moddrop_seed1111/sealed_outer_labels/outer_labels_LA.csv.gz	70469	95c5cdf98c4d75dc4d8949b1de3de1e1faae24ba80d916b06c9f845daa2f5eb3
result/expert_self_risk_v1/mosei/features/checkpoint_fold0/moddrop_seed1111/sealed_outer_labels/outer_labels_LAV.csv.gz	70590	e5e5c9811ab425df0b25c1d3ee0896108c3cbc1c03c30eff086c6277795e3a66
result/expert_self_risk_v1/mosei/features/checkpoint_fold0/moddrop_seed1111/sealed_outer_labels/outer_labels_LV.csv.gz	70440	6e91f6cf6c2ac80a1436d0e00953a31b6c71cc25227bb57d4382a9bb05c72c9f
result/expert_self_risk_v1/mosei/features/checkpoint_fold0/moddrop_seed1111/static_internal_features_L.csv.gz	3120632	2ca517f7ee8f7d63a52c572fa91a66d4af36158ae60ad9246f9dfb6cd4c3ff8e
result/expert_self_risk_v1/mosei/features/checkpoint_fold0/moddrop_seed1111/static_internal_features_LA.csv.gz	5250731	1a702bdafdc59f0d0c57874a53a8fbff4e6a64a62f4116066dfcb03fce67c713
result/expert_self_risk_v1/mosei/features/checkpoint_fold0/moddrop_seed1111/static_internal_features_LAV.csv.gz	7353111	04b8a8b522c990d7b97135606f998da0b6cc0c1df29b98dcb23ffb2c334c0d9c
result/expert_self_risk_v1/mosei/features/checkpoint_fold0/moddrop_seed1111/static_internal_features_LV.csv.gz	5256436	48f84ac17e581f34862dd61aa2f353cea77b1f02fcba15c189b6e5a4d6f618dc
result/expert_self_risk_v1/mosei/features/checkpoint_fold0/moddrop_seed1114/development_risk_labels_L.csv.gz	325428	2876c58dbce214fc5fc941180a6a71b698ea9979903cc0979947472aa9d8dd62
result/expert_self_risk_v1/mosei/features/checkpoint_fold0/moddrop_seed1114/development_risk_labels_LA.csv.gz	325662	5efa376374bb0ad563de130ecb6a4db19992d12ab9e01fd7bdccefa21fa54ba5
result/expert_self_risk_v1/mosei/features/checkpoint_fold0/moddrop_seed1114/development_risk_labels_LAV.csv.gz	326222	dbc9b49e7a7202a5885251a0d3bacf524910681471fc5eb334e6e4dec76a30c6
result/expert_self_risk_v1/mosei/features/checkpoint_fold0/moddrop_seed1114/development_risk_labels_LV.csv.gz	325734	2eb0dde5463a6ef829c78efe93cd79497087d4f822b2322a77fc28c3b42d87d4
result/expert_self_risk_v1/mosei/features/checkpoint_fold0/moddrop_seed1114/extraction_manifest.json	6318	a37084e8ece39683d0c3346d1a79796a629c2dcd1d6daa8cc549fba095c542ff
result/expert_self_risk_v1/mosei/features/checkpoint_fold0/moddrop_seed1114/feature_binding_ledger.csv.gz	1765502	5d3062f993e400c992f049e7a46b4e15e5006aa192ed82436ef86cb9414115bf
result/expert_self_risk_v1/mosei/features/checkpoint_fold0/moddrop_seed1114/raw_internal_vectors_L.npz	26782791	272730f7be44efb9dc2ef319ee16f266583125fdc87e5f7705f218232b3cae49
result/expert_self_risk_v1/mosei/features/checkpoint_fold0/moddrop_seed1114/raw_internal_vectors_LA.npz	181437991	e09afaa7898da8a30c74f036d4f41d41e9dd6cfa2371cb41946f4dac15de5773
result/expert_self_risk_v1/mosei/features/checkpoint_fold0/moddrop_seed1114/raw_internal_vectors_LAV.npz	335872526	51e12021967b44eee790ef59424f003a5e04479fd91b58c2d1675d467c70a90c
result/expert_self_risk_v1/mosei/features/checkpoint_fold0/moddrop_seed1114/raw_internal_vectors_LV.npz	181603360	68e254cc093987ee9ba67b0d2e33be02e6135315869e664d19d6f04894df6549
result/expert_self_risk_v1/mosei/features/checkpoint_fold0/moddrop_seed1114/sealed_outer_labels/outer_labels_L.csv.gz	70311	72866339418b6b083a59e1ee8db41885ffefbaea7054de8f4688fc063126f0eb
result/expert_self_risk_v1/mosei/features/checkpoint_fold0/moddrop_seed1114/sealed_outer_labels/outer_labels_LA.csv.gz	70433	c48375b1efcce96edec921ff3487d26426656a2e138f619c7aa0f1abd2e0ff43
result/expert_self_risk_v1/mosei/features/checkpoint_fold0/moddrop_seed1114/sealed_outer_labels/outer_labels_LAV.csv.gz	70579	2a7eb43cec1a2c0bd3fc3c40bb1bb7e693b36655158e0b36368dc5561c2785d6
result/expert_self_risk_v1/mosei/features/checkpoint_fold0/moddrop_seed1114/sealed_outer_labels/outer_labels_LV.csv.gz	70421	c6f808d87f039cc8be57ff3c43ee0ed0c49710d5f87c978f81e22476094051a1
result/expert_self_risk_v1/mosei/features/checkpoint_fold0/moddrop_seed1114/static_internal_features_L.csv.gz	3129887	37ac4d9028529565cf81dd5f2d96a2548dc6ee6b9cba3eae5f1407e89319baa6
result/expert_self_risk_v1/mosei/features/checkpoint_fold0/moddrop_seed1114/static_internal_features_LA.csv.gz	5229077	c940fbd53ca241469957ead01eb6ac8b75ac9823581ef635acd1563ed796dd7d
result/expert_self_risk_v1/mosei/features/checkpoint_fold0/moddrop_seed1114/static_internal_features_LAV.csv.gz	7326855	35c0fb10db3dc224d3adf49bf353b9ee934f1c61cf1d40994b0868fef457c7df
result/expert_self_risk_v1/mosei/features/checkpoint_fold0/moddrop_seed1114/static_internal_features_LV.csv.gz	5257794	7fea9bad1294715eee3e88701fb950cd9920ff8ef4d5809e0c84d612b92392ac
result/expert_self_risk_v1/mosei/features/checkpoint_fold0/uniform_kd_seed1111/development_risk_labels_L.csv.gz	325341	75a6e959af18bddce5aeffa3955a20496a57e7d3b9813d4a904c8b68fe721a7d
result/expert_self_risk_v1/mosei/features/checkpoint_fold0/uniform_kd_seed1111/development_risk_labels_LA.csv.gz	325676	63fd384bab56ad47da4e18b59f399efe19cf8011c9c9d296272b8546b7d7d79a
result/expert_self_risk_v1/mosei/features/checkpoint_fold0/uniform_kd_seed1111/development_risk_labels_LAV.csv.gz	326207	8ac2e9a43f631d0cf4aaea8c2cea8db49754e94325355fe8d7b65a2c097c82f5
result/expert_self_risk_v1/mosei/features/checkpoint_fold0/uniform_kd_seed1111/development_risk_labels_LV.csv.gz	325701	d18a2cc21e8038cf93a106b2baca549b01b7c5349f21d85b6bfa30a5911e2ede
result/expert_self_risk_v1/mosei/features/checkpoint_fold0/uniform_kd_seed1111/extraction_manifest.json	6375	b6e4b11b5659464cc28780232b3df1c05361c902932054fd398568ada23fe184
result/expert_self_risk_v1/mosei/features/checkpoint_fold0/uniform_kd_seed1111/feature_binding_ledger.csv.gz	1766448	15f2a58d4e0bf88918d563b7b1ec8c32905c4b75789797ab2ad71c164f9d5b33
result/expert_self_risk_v1/mosei/features/checkpoint_fold0/uniform_kd_seed1111/raw_internal_vectors_L.npz	26761362	141a11758097ac50ff42e17df673d8061b6aa14d4d88db81746a4f5ffe157de0
result/expert_self_risk_v1/mosei/features/checkpoint_fold0/uniform_kd_seed1111/raw_internal_vectors_LA.npz	181674778	d7449edf9962917a1f5470281eb96547e4339c3a1dd1e9c845a43ab5db8f6f3d
result/expert_self_risk_v1/mosei/features/checkpoint_fold0/uniform_kd_seed1111/raw_internal_vectors_LAV.npz	336029093	6c9e59a71a572fde21ca776f0ba85cf027879e27e8925e9694f5fabfa77ec77c
result/expert_self_risk_v1/mosei/features/checkpoint_fold0/uniform_kd_seed1111/raw_internal_vectors_LV.npz	181495295	8d426e5f4ba2e98d78ae9a9b074e63fff18dc93c3bb1be77c7ed3c06d74b7847
result/expert_self_risk_v1/mosei/features/checkpoint_fold0/uniform_kd_seed1111/sealed_outer_labels/outer_labels_L.csv.gz	70250	e1c390a2fe5e604bbc2c2111782af920dce2667ccb27d10aa0dae5ee1da549cd
result/expert_self_risk_v1/mosei/features/checkpoint_fold0/uniform_kd_seed1111/sealed_outer_labels/outer_labels_LA.csv.gz	70431	cb336914b10475111d58ba2da86698d6ef388943dc85cec9b1cdff64b967af36
result/expert_self_risk_v1/mosei/features/checkpoint_fold0/uniform_kd_seed1111/sealed_outer_labels/outer_labels_LAV.csv.gz	70595	cdd85019df938a09313505d0ebbd92f102119f5202e21c22e837b000878fb465
result/expert_self_risk_v1/mosei/features/checkpoint_fold0/uniform_kd_seed1111/sealed_outer_labels/outer_labels_LV.csv.gz	70329	8e2bb6207432150ae5247096e1e38cebb389baaa2309c57819b7e5bc561ef74d
result/expert_self_risk_v1/mosei/features/checkpoint_fold0/uniform_kd_seed1111/static_internal_features_L.csv.gz	3125918	c17c40abe0f44f671072498304bbc11c2811ae81ab9b79e0b7079666aecafbc9
result/expert_self_risk_v1/mosei/features/checkpoint_fold0/uniform_kd_seed1111/static_internal_features_LA.csv.gz	5257816	cfa5bde5a86e5f3a8779dc1522dcede8fc0a41a4187c4eacc7d6976403a2f786
result/expert_self_risk_v1/mosei/features/checkpoint_fold0/uniform_kd_seed1111/static_internal_features_LAV.csv.gz	7355775	ffe863ddc41d42293be284f939a882671b7f1128e2d0ed89f7016df215675146
result/expert_self_risk_v1/mosei/features/checkpoint_fold0/uniform_kd_seed1111/static_internal_features_LV.csv.gz	5259848	24fc1894df569e4bd440e1f4ccafceb1d73658973be4b5de763d5b51e5dcbef7
result/expert_self_risk_v1/mosei/features/checkpoint_fold1/cfcompat_seed1111/development_risk_labels_L.csv.gz	303041	4f33ca5ee5b97488aa9b04bb188350d009d3a1bf10aa24f39a43ba32ddaad519
result/expert_self_risk_v1/mosei/features/checkpoint_fold1/cfcompat_seed1111/development_risk_labels_LA.csv.gz	303061	236449f8866c066c7f787451fd7fad6fb63c470b7557cd7ec7cee44567d98407
result/expert_self_risk_v1/mosei/features/checkpoint_fold1/cfcompat_seed1111/development_risk_labels_LAV.csv.gz	303501	4746063291a30b500ba956092927e0468fcf68a3b740cc8728a6822b8bd9cdc1
result/expert_self_risk_v1/mosei/features/checkpoint_fold1/cfcompat_seed1111/development_risk_labels_LV.csv.gz	303159	9c0217939c29fb1c6eb9d8a94cad859e0b362a3939be0d3d5684a49eb3cff92d
result/expert_self_risk_v1/mosei/features/checkpoint_fold1/cfcompat_seed1111/extraction_manifest.json	6337	032242d2eb5ad2ae1674c48ea11cbb61eea7ea84f7b06eb2bd99db2e98cec951
result/expert_self_risk_v1/mosei/features/checkpoint_fold1/cfcompat_seed1111/feature_binding_ledger.csv.gz	1615823	4010a6c08d2678eb10d30b4cbca79ef2fecc2f08b957ae02f6ce7547ae52a4aa
result/expert_self_risk_v1/mosei/features/checkpoint_fold1/cfcompat_seed1111/raw_internal_vectors_L.npz	24426018	3737f39cd1decd821bcb04d6f28891a1093323fd9114158e928c8d71882c5d66
result/expert_self_risk_v1/mosei/features/checkpoint_fold1/cfcompat_seed1111/raw_internal_vectors_LA.npz	165615515	0ba02161ab2081b541797dedf9349255641aaae46eb6d4e9042e90232b3d5fad
result/expert_self_risk_v1/mosei/features/checkpoint_fold1/cfcompat_seed1111/raw_internal_vectors_LAV.npz	306624220	f53263a69902f8d751e56b4d8a691e649beba9ca90e5da95bbe52a0808b62903
result/expert_self_risk_v1/mosei/features/checkpoint_fold1/cfcompat_seed1111/raw_internal_vectors_LV.npz	165758190	134c16043526a5edf78875c6d0bf779c715476b250dacfb28f07281cb1f16137
result/expert_self_risk_v1/mosei/features/checkpoint_fold1/cfcompat_seed1111/sealed_outer_labels/outer_labels_L.csv.gz	60064	a4d18b9fa7607fd1a9b9dbe8529da31ee59e5b8955c48db640f9f81700955cb1
result/expert_self_risk_v1/mosei/features/checkpoint_fold1/cfcompat_seed1111/sealed_outer_labels/outer_labels_LA.csv.gz	60125	e75d0e5da2500f7f127b3a40daaf648b4f6c57b8e0160a5914595f629e68b958
result/expert_self_risk_v1/mosei/features/checkpoint_fold1/cfcompat_seed1111/sealed_outer_labels/outer_labels_LAV.csv.gz	60322	d4b1892305fe20aac1894c989d45413b669d909d5906baa079612212df9efde4
result/expert_self_risk_v1/mosei/features/checkpoint_fold1/cfcompat_seed1111/sealed_outer_labels/outer_labels_LV.csv.gz	60144	edfc5afe8f226dd799403103d4aba94caa679b1a0bebf74128166ef128298af0
result/expert_self_risk_v1/mosei/features/checkpoint_fold1/cfcompat_seed1111/static_internal_features_L.csv.gz	2844186	7f5efcdfed2ca0c9e80fed3efa41001959c3c589c1a10ce1ee1f2f8c5cc14e91
result/expert_self_risk_v1/mosei/features/checkpoint_fold1/cfcompat_seed1111/static_internal_features_LA.csv.gz	4796432	e54942f77e24ac944bf59b47e57d08692197e51eab40180e41879c15ff2302c1
result/expert_self_risk_v1/mosei/features/checkpoint_fold1/cfcompat_seed1111/static_internal_features_LAV.csv.gz	6721288	41a7dbf6ba1a6329c8d8e7ac70aee060638258da6a5d2a1104bb2c345c2a0274
result/expert_self_risk_v1/mosei/features/checkpoint_fold1/cfcompat_seed1111/static_internal_features_LV.csv.gz	4797422	3ee4371106929b870ca48537a927eb1360194ae2a8e49557a984480eb0896fb8
result/expert_self_risk_v1/mosei/features/checkpoint_fold1/cfcompat_seed1114/development_risk_labels_L.csv.gz	302893	c7312d1a22050c6383264bc1d1be868d423a2f023177fb9bb77eb7942aab7875
result/expert_self_risk_v1/mosei/features/checkpoint_fold1/cfcompat_seed1114/development_risk_labels_LA.csv.gz	303088	6a2820a72c42145c46c487462a19804338e6269b4f6b1e406c11473626de9f39
result/expert_self_risk_v1/mosei/features/checkpoint_fold1/cfcompat_seed1114/development_risk_labels_LAV.csv.gz	303598	4b3d3a98160e51a65aaf51c87169d13712d5ad5aeaff4026fa525502062f31f0
result/expert_self_risk_v1/mosei/features/checkpoint_fold1/cfcompat_seed1114/development_risk_labels_LV.csv.gz	303135	773afdad26212e63f874610611281ce584eafc50178c737d5b12455ad557496e
result/expert_self_risk_v1/mosei/features/checkpoint_fold1/cfcompat_seed1114/extraction_manifest.json	6337	f258f2b3130bc911f62eda1379cce3f7aa54e6e55319e81c3da623f1af626bda
result/expert_self_risk_v1/mosei/features/checkpoint_fold1/cfcompat_seed1114/feature_binding_ledger.csv.gz	1617968	ed7f0d59aacdcb2558ff5da559784f412798ffa6acabc59373a3f53ec5505b42
result/expert_self_risk_v1/mosei/features/checkpoint_fold1/cfcompat_seed1114/raw_internal_vectors_L.npz	24424681	c38da6427cdd6d64c66c42a722f40357a4ef7897289504bb0bb557fa82bf420d
result/expert_self_risk_v1/mosei/features/checkpoint_fold1/cfcompat_seed1114/raw_internal_vectors_LA.npz	165744155	8df1d7c49c87f513daa018c1eb505553c5c2674f46a045ba863e72a8e86df279
result/expert_self_risk_v1/mosei/features/checkpoint_fold1/cfcompat_seed1114/raw_internal_vectors_LAV.npz	306864811	b274585f6e2dce501a0ce67ce2a06920f5ed359c40ace1cdcbc5d051234b8f33
result/expert_self_risk_v1/mosei/features/checkpoint_fold1/cfcompat_seed1114/raw_internal_vectors_LV.npz	165908086	c3a4222b36b209db8c6a1be909a938a4f7accde692ce18e8a2b65359fb900a5d
result/expert_self_risk_v1/mosei/features/checkpoint_fold1/cfcompat_seed1114/sealed_outer_labels/outer_labels_L.csv.gz	59996	0ecb936b7b1b74ed862ecca80df8efff9bde8cb525e912e9f2dfbfb42ca3b5d1
result/expert_self_risk_v1/mosei/features/checkpoint_fold1/cfcompat_seed1114/sealed_outer_labels/outer_labels_LA.csv.gz	60202	b7eff6320b1714a7d4f7b06d1916838937101107f8dbe37600c7daa471868157
result/expert_self_risk_v1/mosei/features/checkpoint_fold1/cfcompat_seed1114/sealed_outer_labels/outer_labels_LAV.csv.gz	60299	904eee16d0544c5349702a449e4d1ff37bf94a7414a447f649be7735a2a4a7d8
result/expert_self_risk_v1/mosei/features/checkpoint_fold1/cfcompat_seed1114/sealed_outer_labels/outer_labels_LV.csv.gz	60138	bc11f8322130b0b080ad9d4e166d06b6838683e1d1ac366038eec9c84d4ea391
result/expert_self_risk_v1/mosei/features/checkpoint_fold1/cfcompat_seed1114/static_internal_features_L.csv.gz	2859456	f3b6a855a17c7ddb5bf3997a9179936d638ee469f98f87c45ac44cd4ad24d865
result/expert_self_risk_v1/mosei/features/checkpoint_fold1/cfcompat_seed1114/static_internal_features_LA.csv.gz	4782833	86a1196f274a0b3b3f0769129f986bb21c17e41a70fa67c9507e9022126e7882
result/expert_self_risk_v1/mosei/features/checkpoint_fold1/cfcompat_seed1114/static_internal_features_LAV.csv.gz	6695512	d3efa7f79c08916082ab733851c5418bd912cbf57a87559a285a82569d58c895
result/expert_self_risk_v1/mosei/features/checkpoint_fold1/cfcompat_seed1114/static_internal_features_LV.csv.gz	4802427	57cb57eab2bd284164b0670db7792ff0937fc045637146d5bb2a3208f9173048
result/expert_self_risk_v1/mosei/features/checkpoint_fold1/moddrop_seed1111/development_risk_labels_L.csv.gz	302958	d6ec004f728666e11e060b06e1b38196dea89ccb54b956a890cf1bb287741237
result/expert_self_risk_v1/mosei/features/checkpoint_fold1/moddrop_seed1111/development_risk_labels_LA.csv.gz	303048	32c45b2330dd5d75c23f42a7866414fbe9c6668cb92c025e1eebe6fd175700fd
result/expert_self_risk_v1/mosei/features/checkpoint_fold1/moddrop_seed1111/development_risk_labels_LAV.csv.gz	303678	66d54537309e743d34b25661bb0c63a2715e2295b4af24d9f2135dcea0e304c7
result/expert_self_risk_v1/mosei/features/checkpoint_fold1/moddrop_seed1111/development_risk_labels_LV.csv.gz	303153	ba64775637ad1cadeeb0a3a812d496d1c70c03ddaddbd96851ee0127061dbe4b
result/expert_self_risk_v1/mosei/features/checkpoint_fold1/moddrop_seed1111/extraction_manifest.json	6318	4887309d0f360b05c2425b05e34db62d4d380e27eb2563318204c21ee7069174
result/expert_self_risk_v1/mosei/features/checkpoint_fold1/moddrop_seed1111/feature_binding_ledger.csv.gz	1614529	1ab38f8f231104cac693e5e041ac74d754720842afb61a063edbe0c937af2d3c
result/expert_self_risk_v1/mosei/features/checkpoint_fold1/moddrop_seed1111/raw_internal_vectors_L.npz	24423196	6a59c48c4bfdc8c0764611bee36ca0d9fd401ef7b02b100439dd2a71b73f22fd
result/expert_self_risk_v1/mosei/features/checkpoint_fold1/moddrop_seed1111/raw_internal_vectors_LA.npz	165534138	7be19f84ffb4cc7a749fbf0721876a4f0fba79634704e6766baed9cd22b0a340
result/expert_self_risk_v1/mosei/features/checkpoint_fold1/moddrop_seed1111/raw_internal_vectors_LAV.npz	306398431	1e1aba4782512e061a291fdd5c2cb797672c8e27a2f58418b55eb26f15aa944a
result/expert_self_risk_v1/mosei/features/checkpoint_fold1/moddrop_seed1111/raw_internal_vectors_LV.npz	165609507	ba6d0ba9a92ca3e39bc702e1d15b22e8695363c049cae92ff83f1daf5521d9bf
result/expert_self_risk_v1/mosei/features/checkpoint_fold1/moddrop_seed1111/sealed_outer_labels/outer_labels_L.csv.gz	60065	1a85fcf476a839b7502279ac0c4e05d56fdc9cfcf2f792150d6598e471f08c0b
result/expert_self_risk_v1/mosei/features/checkpoint_fold1/moddrop_seed1111/sealed_outer_labels/outer_labels_LA.csv.gz	60178	c67edc1cd40fc3d00c3fd7a73f1d2e56c3de6f6bd79562c8f6ae13fe662a9ee0
result/expert_self_risk_v1/mosei/features/checkpoint_fold1/moddrop_seed1111/sealed_outer_labels/outer_labels_LAV.csv.gz	60276	c2b8b30f3abbb81f48ca45f44a95b37af6870ad4364be79dc8749636c2f5f910
result/expert_self_risk_v1/mosei/features/checkpoint_fold1/moddrop_seed1111/sealed_outer_labels/outer_labels_LV.csv.gz	60156	e6cab4d4dd328e5f53e756ac8f890fed36e56c48c6c4a85738c04ef5dbdfc747
result/expert_self_risk_v1/mosei/features/checkpoint_fold1/moddrop_seed1111/static_internal_features_L.csv.gz	2842998	8cdc784361a5ad7c6aa801f61cf341feff87113fb500398d8a62957d44c45a6e
result/expert_self_risk_v1/mosei/features/checkpoint_fold1/moddrop_seed1111/static_internal_features_LA.csv.gz	4794684	169db10df0951037ef6d037b53133b7b6fbaa09c4f258a22dae4aaedf568f7e7
result/expert_self_risk_v1/mosei/features/checkpoint_fold1/moddrop_seed1111/static_internal_features_LAV.csv.gz	6719166	04ddc505cfc7597543812d88ef39cf003f55c6cb38c6046861f3c199f0b126ac
result/expert_self_risk_v1/mosei/features/checkpoint_fold1/moddrop_seed1111/static_internal_features_LV.csv.gz	4793572	72c1576a809ac218402dcfa7675c338b183b7d5072f5f68b035aecccc3f8eba2
result/expert_self_risk_v1/mosei/features/checkpoint_fold1/moddrop_seed1114/development_risk_labels_L.csv.gz	302970	26ac50c2ec4c0da5714f6443c266aac2ed7f11438b4a6060a0e4515b782aa73c
result/expert_self_risk_v1/mosei/features/checkpoint_fold1/moddrop_seed1114/development_risk_labels_LA.csv.gz	303171	f099d718fc410457aa291458d69e5a65f94fb74792ee838af39739f7e59056e3
result/expert_self_risk_v1/mosei/features/checkpoint_fold1/moddrop_seed1114/development_risk_labels_LAV.csv.gz	303679	063c77471fa9e7338d66531c8bd979a74d8682787910f321a88bcd347e1a4bc0
result/expert_self_risk_v1/mosei/features/checkpoint_fold1/moddrop_seed1114/development_risk_labels_LV.csv.gz	303103	77aa5f656d084a807e57ae78fff3e962b95169c04ad152fe5e891a9ca328f57e
result/expert_self_risk_v1/mosei/features/checkpoint_fold1/moddrop_seed1114/extraction_manifest.json	6318	dff9c2416d5fa09cd91a7ba7a190f5be42033fb10dabc0505fc45afd4ffa1c96
result/expert_self_risk_v1/mosei/features/checkpoint_fold1/moddrop_seed1114/feature_binding_ledger.csv.gz	1615588	6ebb49726778cf6c5c64adea81519b2a7b4a98adee58f434bc0e74cea196a8ee
result/expert_self_risk_v1/mosei/features/checkpoint_fold1/moddrop_seed1114/raw_internal_vectors_L.npz	24440991	aaa758936fd3374a9b477082b1fb96e050373a7901eea273ad4dd5cee55adce0
result/expert_self_risk_v1/mosei/features/checkpoint_fold1/moddrop_seed1114/raw_internal_vectors_LA.npz	165508974	279fe8a537c05464b56cb42b735bf3d2a37a9e4f4da98b315a81b45dab9b68fe
result/expert_self_risk_v1/mosei/features/checkpoint_fold1/moddrop_seed1114/raw_internal_vectors_LAV.npz	306314756	372c3408f485575a05c7b950bc6da5904eecb952e016208dbd664e96589b42aa
result/expert_self_risk_v1/mosei/features/checkpoint_fold1/moddrop_seed1114/raw_internal_vectors_LV.npz	165625214	019bafe904f8a65a4cdfbe33608b5bd5c1bf1ba54e9e5ce792a10c6af26c13f8
result/expert_self_risk_v1/mosei/features/checkpoint_fold1/moddrop_seed1114/sealed_outer_labels/outer_labels_L.csv.gz	60106	c04973af3d6feeba72927181375a17d039579e1ba58031eda001d274e20e4d28
result/expert_self_risk_v1/mosei/features/checkpoint_fold1/moddrop_seed1114/sealed_outer_labels/outer_labels_LA.csv.gz	60220	4ee33d29d5c0f21e3e479788ae60f1b14fffba6fd26b749adae3315b420b6f3f
result/expert_self_risk_v1/mosei/features/checkpoint_fold1/moddrop_seed1114/sealed_outer_labels/outer_labels_LAV.csv.gz	60306	a8fe6907cb73435bf8c592332981f4f62e1ad3a2e5919da16b85787bdd21e15c
result/expert_self_risk_v1/mosei/features/checkpoint_fold1/moddrop_seed1114/sealed_outer_labels/outer_labels_LV.csv.gz	60199	ccddc2fd5ebf66512d083138b627b13184d3f029f47667cbee2153750dd45882
result/expert_self_risk_v1/mosei/features/checkpoint_fold1/moddrop_seed1114/static_internal_features_L.csv.gz	2861646	87fbdb1cbacc45db5da433602cddbc0373868affe1d09e5efdaf2e1f3ae558c3
result/expert_self_risk_v1/mosei/features/checkpoint_fold1/moddrop_seed1114/static_internal_features_LA.csv.gz	4799596	6036d6a511999e72fa289dc789594286d57a8f946ac16c070193ab068e602d69
result/expert_self_risk_v1/mosei/features/checkpoint_fold1/moddrop_seed1114/static_internal_features_LAV.csv.gz	6703995	bd69db5824270ac451ac1361d0b18c427b4fdafcbe47da099afcb8cf871c8c67
result/expert_self_risk_v1/mosei/features/checkpoint_fold1/moddrop_seed1114/static_internal_features_LV.csv.gz	4805577	a8ddf4567ee3c2cff473e91b34a0e5f83ed37a1be2aedb99a6c23d6de6f23ee9
result/expert_self_risk_v1/mosei/features/checkpoint_fold1/uniform_kd_seed1111/development_risk_labels_L.csv.gz	302944	548b0496fa681e8b4becb861cc4283f52fa1a3db0abdd1236fd0b6c8d68c12b6
result/expert_self_risk_v1/mosei/features/checkpoint_fold1/uniform_kd_seed1111/development_risk_labels_LA.csv.gz	303073	3373765a83e70efa1f6168f522896a10fac5d09c697564cc88370f4dfda4abb5
result/expert_self_risk_v1/mosei/features/checkpoint_fold1/uniform_kd_seed1111/development_risk_labels_LAV.csv.gz	303570	bc426db881492c50d1dda87e015dc6ac7ff81e247d19fe9282056971a4e76732
result/expert_self_risk_v1/mosei/features/checkpoint_fold1/uniform_kd_seed1111/development_risk_labels_LV.csv.gz	303169	c92e15e66f7a8c224f00bd6d205a42c15d891655426bd7bb3db5429447c40e66
result/expert_self_risk_v1/mosei/features/checkpoint_fold1/uniform_kd_seed1111/extraction_manifest.json	6375	45eb4709c37a457aec39836f6627feb99307c0cda10070e853312397b5ecf9fd
result/expert_self_risk_v1/mosei/features/checkpoint_fold1/uniform_kd_seed1111/feature_binding_ledger.csv.gz	1617090	4a7838177d97d9ed93775dda89cf4ffcbc64d578e5f60a3bfd8b763fedd8cb58
result/expert_self_risk_v1/mosei/features/checkpoint_fold1/uniform_kd_seed1111/raw_internal_vectors_L.npz	24428853	8db33b244676bb672a499a91414ce31110f6af76afb70fbf10e0fb22e3fe7783
result/expert_self_risk_v1/mosei/features/checkpoint_fold1/uniform_kd_seed1111/raw_internal_vectors_LA.npz	165604485	bbd4446cf8f3b8061b8ca935ca7098449564a1484c194c22b9e2c5e2dd6e386b
result/expert_self_risk_v1/mosei/features/checkpoint_fold1/uniform_kd_seed1111/raw_internal_vectors_LAV.npz	306530226	191a3f5d1a13976fcd024cf6660d68113c0138a5b673f49bc64ab9995436bac3
result/expert_self_risk_v1/mosei/features/checkpoint_fold1/uniform_kd_seed1111/raw_internal_vectors_LV.npz	165691525	9f112b9b47879df455c4128f15801c250f3b62a40fb1cd061aa3e7963b101785
result/expert_self_risk_v1/mosei/features/checkpoint_fold1/uniform_kd_seed1111/sealed_outer_labels/outer_labels_L.csv.gz	60028	ba3f23fbdab6f5ece9591e637c27ac7d364b34f3f4a1be696a3326848c84fcbd
result/expert_self_risk_v1/mosei/features/checkpoint_fold1/uniform_kd_seed1111/sealed_outer_labels/outer_labels_LA.csv.gz	60145	adc7222b9b775b334d46aa423ef61db9336e770423c623bf743775b459d51725
result/expert_self_risk_v1/mosei/features/checkpoint_fold1/uniform_kd_seed1111/sealed_outer_labels/outer_labels_LAV.csv.gz	60228	55bf08cb6a15320f0711c7ad0d95affb8dca39cff64081e9d1c408100dd21a8b
result/expert_self_risk_v1/mosei/features/checkpoint_fold1/uniform_kd_seed1111/sealed_outer_labels/outer_labels_LV.csv.gz	60183	115ea24bbd0ae4c7dbc3dab7c8b3b92bceba4802ee3cae67923ccc796ce7d1df
result/expert_self_risk_v1/mosei/features/checkpoint_fold1/uniform_kd_seed1111/static_internal_features_L.csv.gz	2848260	63fe2802d4b0df6ad0bd59c6626ca7d2c6a9cdf09303812a26fc5e26ab8569c7
result/expert_self_risk_v1/mosei/features/checkpoint_fold1/uniform_kd_seed1111/static_internal_features_LA.csv.gz	4803336	022ab6631638741535dafb1140791d5da5795ffb236a7782904c5b404ca41a3b
result/expert_self_risk_v1/mosei/features/checkpoint_fold1/uniform_kd_seed1111/static_internal_features_LAV.csv.gz	6725022	ebd55edcd178cb61b24a9d930bf1c982574d524b32fa86a4b783462588244af3
result/expert_self_risk_v1/mosei/features/checkpoint_fold1/uniform_kd_seed1111/static_internal_features_LV.csv.gz	4800433	8096b8d6f408620a38e130ea91ac2f6a20bfdd8e82447f7da4f6b79cc157b2ca
result/expert_self_risk_v1/mosei/final/OFFICIAL_VALID_TEST_LOCK_STATUS.json	170	43e135d27604416a67093c74d4021caa4212ee84aa9c5f6b134163916d76b17c
result/expert_self_risk_v1/mosei/final/TEST_LOCK_STATUS.json	506	694f99cf3271b1a861f67347e9b3b5d5287d8b206608796ade31530e6d4f697e
result/expert_self_risk_v1/mosei/final/artifact_sha256_manifest.tsv	107474	13c59e1f2bbfdd7aaa47e3d073ef9f92d97946c88b2b74bea42caa199a7ec281
result/expert_self_risk_v1/mosei/final/artifact_sha_verification.json	151	a8fac62eb42aa1cbea6da06b6e043d7ba07634a6939de07bdfe0a28043460dc3
result/expert_self_risk_v1/mosei/final/git_diff.patch	1021	e00e269683306b49506dc98a59e5e4a4585b8173af66a5e113475c255788eca8
result/expert_self_risk_v1/mosei/final/git_diff_at_aggregation.patch	0	e3b0c44298fc1c149afbf4c8996fb92427ae41e4649b934ca495991b7852b855
result/expert_self_risk_v1/mosei/final/integrity_audit.json	855	d24d1a13807f12fc60f39f50f5999985216b941fa7260e46208087416f5a67d4
result/expert_self_risk_v1/mosei/final/plain_language_answers.md	4035	6cf5a85eb453654071996af9912df376ffaa203e8f51188e1301eb7546902070
result/expert_self_risk_v1/mosei/final/reproducible_commands.sh	771	3f3ee9c5e29bfe9b9e050f700187347f1b5faa96469d6c656b33e6cfa1a0877e
result/expert_self_risk_v1/mosei/final/runtime_gpu_report.json	1351	8a2e75cff7b465cb7cbfe113d0e967fcbc42202e0b98788504a70c25c9683c10
result/expert_self_risk_v1/mosei/phase1/checkpoint_fold0/cfcompat_seed1111/L/bad20_candidates.tsv	209	b8795d8c861cc18a82a1abeecb6a54dd62077eace457bf83e4076ac4ddc500ec
result/expert_self_risk_v1/mosei/phase1/checkpoint_fold0/cfcompat_seed1111/L/confident_wrong_candidates.tsv	208	cc27eec2fb32765ac5563e21d3c1f552a809caec9a9965d32f3cce9748dc9a12
result/expert_self_risk_v1/mosei/phase1/checkpoint_fold0/cfcompat_seed1111/L/frozen_probe_bundle.joblib	1504717	9b1d33be974e4e5aa57d19fa10733af203ec4c80194e7813095c3db6821bf62f
result/expert_self_risk_v1/mosei/phase1/checkpoint_fold0/cfcompat_seed1111/L/frozen_static_probe_features_label_free.csv.gz	6789066	98cc2ffbfbffaf199e3d887a932ab5443c0f83846bf578ceb13d9db03b44fc86
result/expert_self_risk_v1/mosei/phase1/checkpoint_fold0/cfcompat_seed1111/L/outer_risk_predictions_label_free.csv.gz	374978	4464fdba7358df8d93a85c0ba11299f1d73170f70c83e6dccf32599aed9347ca
result/expert_self_risk_v1/mosei/phase1/checkpoint_fold0/cfcompat_seed1111/L/regression_candidates.tsv	569	ad3e0096d52567e7692964861c7026cfb8cd4fa8fc7846f3fcc7a1032513952d
result/expert_self_risk_v1/mosei/phase1/checkpoint_fold0/cfcompat_seed1111/L/risk_label_thresholds.tsv	256	e7561323124a760721926617c9b4fdf458d0ebc31b852a024a4f99115d96b043
result/expert_self_risk_v1/mosei/phase1/checkpoint_fold0/cfcompat_seed1111/LA/bad20_candidates.tsv	209	7686bbcf7203d03160fcbadb0621b9a4bf6fb4c5421807b66c01eafb3a7ec597
result/expert_self_risk_v1/mosei/phase1/checkpoint_fold0/cfcompat_seed1111/LA/confident_wrong_candidates.tsv	208	d566e5a38191384a22df36c0594fcbf37bb519286de1bb5a9dc0da88c8d18326
result/expert_self_risk_v1/mosei/phase1/checkpoint_fold0/cfcompat_seed1111/LA/frozen_probe_bundle.joblib	1492237	50d84d7a5bd7a21caa70af73519f9111af57150b8fca3941b08c1bffd98f5ab2
result/expert_self_risk_v1/mosei/phase1/checkpoint_fold0/cfcompat_seed1111/LA/frozen_static_probe_features_label_free.csv.gz	8884786	cd8e8ecb1a3292ed6fafc5c02db52245d1bd30f3a9bc44b90ca1033157cfc1ca
result/expert_self_risk_v1/mosei/phase1/checkpoint_fold0/cfcompat_seed1111/LA/outer_risk_predictions_label_free.csv.gz	386427	7e8e0884f71d990b092f8b6408e76a0adc15211e0e83c7145cfd28eaf5c646e5
result/expert_self_risk_v1/mosei/phase1/checkpoint_fold0/cfcompat_seed1111/LA/regression_candidates.tsv	581	e1216b95f0e3b47bf1af8c8ee756926b1561d24d8b26a72e9c2dea3a0a2c5390
result/expert_self_risk_v1/mosei/phase1/checkpoint_fold0/cfcompat_seed1111/LA/risk_label_thresholds.tsv	256	9c14900946fa36d71d579603bc7a32fb00fd621a55dcf2db8be3b088fbdea35b
result/expert_self_risk_v1/mosei/phase1/checkpoint_fold0/cfcompat_seed1111/LAV/bad20_candidates.tsv	209	85238449effea3d21ea926056c41e63b8966fccbb38ef8e78f08f461d133ba35
result/expert_self_risk_v1/mosei/phase1/checkpoint_fold0/cfcompat_seed1111/LAV/confident_wrong_candidates.tsv	208	f1d686ff2098fcc138f31c97909ab0f737a26d840722dae49f3d5c53a5f87ca9
result/expert_self_risk_v1/mosei/phase1/checkpoint_fold0/cfcompat_seed1111/LAV/frozen_probe_bundle.joblib	1714029	ddd79b5f65cd7eef4155205b57948a9de318f1b6db3a688245282d3e561670f1
result/expert_self_risk_v1/mosei/phase1/checkpoint_fold0/cfcompat_seed1111/LAV/frozen_static_probe_features_label_free.csv.gz	10960911	fd51a89e313509e95276af558d52b0b97f05b87633867650b7bcfda3e58c0335
result/expert_self_risk_v1/mosei/phase1/checkpoint_fold0/cfcompat_seed1111/LAV/outer_risk_predictions_label_free.csv.gz	386230	a6b1b61acdc951e43671fabd09391638314cc922b44e0ecf06a91b9ba32b6d82
result/expert_self_risk_v1/mosei/phase1/checkpoint_fold0/cfcompat_seed1111/LAV/regression_candidates.tsv	592	4afbe4af6b6ad675ca69415bf163b3776c31b0e5750bcb9d5dc1c8d81a9f4888
result/expert_self_risk_v1/mosei/phase1/checkpoint_fold0/cfcompat_seed1111/LAV/risk_label_thresholds.tsv	258	7b62bce744d54bb63192f39362bef3c7bd8623af6c727c134443c210e9881b48
result/expert_self_risk_v1/mosei/phase1/checkpoint_fold0/cfcompat_seed1111/LV/bad20_candidates.tsv	210	44eb27be046ff4214fdb341409863a4befe948fe0ec3de417207889f70d8106e
result/expert_self_risk_v1/mosei/phase1/checkpoint_fold0/cfcompat_seed1111/LV/confident_wrong_candidates.tsv	210	3464c154646f0c48982013e004491ea3130a9fb75463696563ada6f3164c63e3
result/expert_self_risk_v1/mosei/phase1/checkpoint_fold0/cfcompat_seed1111/LV/frozen_probe_bundle.joblib	1913197	7da8365de4323dab158d0bf84d416790a5ecce173b2e00359858b51a4751f817
result/expert_self_risk_v1/mosei/phase1/checkpoint_fold0/cfcompat_seed1111/LV/frozen_static_probe_features_label_free.csv.gz	8882076	89166802f457777e08876797892e0acf9b4d68c29fec7322297b9d81c99809ca
result/expert_self_risk_v1/mosei/phase1/checkpoint_fold0/cfcompat_seed1111/LV/outer_risk_predictions_label_free.csv.gz	385343	10a4ae42160a21647d0bf25ead5f840b14e4d436a71194d1ebd4deefcff2b795
result/expert_self_risk_v1/mosei/phase1/checkpoint_fold0/cfcompat_seed1111/LV/regression_candidates.tsv	580	c60d0eb4f3d916e33da5e17f52853e9be0275d64d137d7dec5fee80b937cd230
result/expert_self_risk_v1/mosei/phase1/checkpoint_fold0/cfcompat_seed1111/LV/risk_label_thresholds.tsv	255	b65beb335f8c2f8aa71b10418227a9fa61fbb597c8d96b2a18c7c476db8a12b9
result/expert_self_risk_v1/mosei/phase1/checkpoint_fold0/cfcompat_seed1111/confident_wrong_sensitivity.tsv	1969	71f8bf2817c56eccfcd7a93c0dd186e5176b4efcb2eb8c28fca26ba01e4d6319
result/expert_self_risk_v1/mosei/phase1/checkpoint_fold0/cfcompat_seed1111/frozen_inner_valid_selection.json	9870	c192634cefce42103d35f46d2e94d1274c02cb440f166abf992a0a2f5467ac17
result/expert_self_risk_v1/mosei/phase1/checkpoint_fold0/cfcompat_seed1111/individual_proxy_metrics.tsv	2776	756358f7f4ada1e22bb4207112537c846cb6e0ebdea0e2acb2f27ec0c78f9126
result/expert_self_risk_v1/mosei/phase1/checkpoint_fold0/cfcompat_seed1111/outer_diagnostic_ledger.csv.gz	227746	2b118b0174751bbd05163b9dd472d8d33fa68d17246ff9207b0498bd0e801063
result/expert_self_risk_v1/mosei/phase1/checkpoint_fold0/cfcompat_seed1111/outer_evaluation_access_lock.json	257	f990595f21fe39ed29018d17fed7060c390c023162eb60676c1cfbdc73afbc97
result/expert_self_risk_v1/mosei/phase1/checkpoint_fold0/cfcompat_seed1111/outer_evaluation_manifest.json	1628	a0d90dc9e8ac723fb5af83e6785bb080aba13b8319f3cabb12aa2399a2015d77
result/expert_self_risk_v1/mosei/phase1/checkpoint_fold0/cfcompat_seed1111/outer_metrics.tsv	9527	9b77dc23c74f50706fc0519f09748c8857da6fdc5ad6896c30d5e8a462c5760e
result/expert_self_risk_v1/mosei/phase1/checkpoint_fold0/cfcompat_seed1111/quantile_calibration.tsv	1070	b8d6d264807bdcfea2642f0e4fe8de37a06e7ac0830c9a5119f924b2c5d80781
result/expert_self_risk_v1/mosei/phase1/checkpoint_fold0/cfcompat_seed1111/risk_coverage.tsv	25219	943d2b788fee6ee93036055be41a768c84f7534757abf52a7967576efcc17685
result/expert_self_risk_v1/mosei/phase1/checkpoint_fold0/cfcompat_seed1114/L/bad20_candidates.tsv	208	ef85a442cfd8e88107cede806e66332aa65f5902e98410fc6096f2e5bc81ac8b
result/expert_self_risk_v1/mosei/phase1/checkpoint_fold0/cfcompat_seed1114/L/confident_wrong_candidates.tsv	209	e5c214e76e3cc2affc0099bef8391f66ecc3e8921c26bad2436e2b32f163797a
result/expert_self_risk_v1/mosei/phase1/checkpoint_fold0/cfcompat_seed1114/L/frozen_probe_bundle.joblib	1287693	c88c4bb154fa51f19dd23a8f47c373485ae5456909b9fc77d8415fbbacf1bc34
result/expert_self_risk_v1/mosei/phase1/checkpoint_fold0/cfcompat_seed1114/L/frozen_static_probe_features_label_free.csv.gz	4273172	cc764c5d15d3ea9a50bd45a1189aa6008d52bc6b47533f266a8486a137c27552
result/expert_self_risk_v1/mosei/phase1/checkpoint_fold0/cfcompat_seed1114/L/outer_risk_predictions_label_free.csv.gz	374101	53f18e784f16d758345d726eae00a5920c357f636945ea1fe74607710e9fee80
result/expert_self_risk_v1/mosei/phase1/checkpoint_fold0/cfcompat_seed1114/L/regression_candidates.tsv	568	39cce39c618c570ae7f61a4268bcfae3a8d7c395dc9af509842a21c940305311
result/expert_self_risk_v1/mosei/phase1/checkpoint_fold0/cfcompat_seed1114/L/risk_label_thresholds.tsv	255	bd9a0c82bfd1a6d03b0685827ea230137491d3822cb8b1bd244e2664da6214ae
result/expert_self_risk_v1/mosei/phase1/checkpoint_fold0/cfcompat_seed1114/LA/bad20_candidates.tsv	209	f469be07adc3b340b5c50552e8a9130d1063d5468cf1b8429a105286292b01ce
result/expert_self_risk_v1/mosei/phase1/checkpoint_fold0/cfcompat_seed1114/LA/confident_wrong_candidates.tsv	210	70445220df57c1fe69e46967760e123546bf349fd39fa09066d5746075bd6a5f
result/expert_self_risk_v1/mosei/phase1/checkpoint_fold0/cfcompat_seed1114/LA/frozen_probe_bundle.joblib	1702589	ae37f30470c8032bf9e54de8c8190398d36ca10824f01ecfd6103678b5be4013
result/expert_self_risk_v1/mosei/phase1/checkpoint_fold0/cfcompat_seed1114/LA/frozen_static_probe_features_label_free.csv.gz	7188414	2beb75d279cb19fd1e010fc2416fe9ad943a8014ee7fb68f8cbc6d2654e4de32
result/expert_self_risk_v1/mosei/phase1/checkpoint_fold0/cfcompat_seed1114/LA/outer_risk_predictions_label_free.csv.gz	384621	d48145519592bfd315b3707f290a3073888ba62d39b49995a6452d5ce4bfebd5
result/expert_self_risk_v1/mosei/phase1/checkpoint_fold0/cfcompat_seed1114/LA/regression_candidates.tsv	579	ad155094df70b65c4770506f427906951d914a4ec467f04032750c64659f71a0
result/expert_self_risk_v1/mosei/phase1/checkpoint_fold0/cfcompat_seed1114/LA/risk_label_thresholds.tsv	257	03d9c7ede061da0aaa1234a08303bbd024ab8aad5bfa31e2d468af2adf600c90
result/expert_self_risk_v1/mosei/phase1/checkpoint_fold0/cfcompat_seed1114/LAV/bad20_candidates.tsv	210	f7f8775dca32835724ac3e43926e506b1f2df01d99b990474edc456a13acfc9d
result/expert_self_risk_v1/mosei/phase1/checkpoint_fold0/cfcompat_seed1114/LAV/confident_wrong_candidates.tsv	208	b0bf51b63b37a5d599553f88d75cd404b004a80a9540c80ea583c8854b724160
result/expert_self_risk_v1/mosei/phase1/checkpoint_fold0/cfcompat_seed1114/LAV/frozen_probe_bundle.joblib	2018413	76930c69e8b4b60b536ca259cf1b897582d972bab477b46f053ea15f97bf10cb
result/expert_self_risk_v1/mosei/phase1/checkpoint_fold0/cfcompat_seed1114/LAV/frozen_static_probe_features_label_free.csv.gz	9262410	ecf37b351e4aaa083ef6179fdc3e41ad5c5ed3f26895faa756f7e321d00478f7
result/expert_self_risk_v1/mosei/phase1/checkpoint_fold0/cfcompat_seed1114/LAV/outer_risk_predictions_label_free.csv.gz	384451	9fe0b3d6597aeb7da5bdfa3c547a70c0767cf1c78379161f644c13008e0817da
result/expert_self_risk_v1/mosei/phase1/checkpoint_fold0/cfcompat_seed1114/LAV/regression_candidates.tsv	594	42718c44a19770f3de9bf071f3e7dd584968984b13b3573c9adccf76a9cfe140
result/expert_self_risk_v1/mosei/phase1/checkpoint_fold0/cfcompat_seed1114/LAV/risk_label_thresholds.tsv	257	cd4cb9227b516fefd738df1280e80bdc544521fc8b1c9dabf3a85bafb98d923a
result/expert_self_risk_v1/mosei/phase1/checkpoint_fold0/cfcompat_seed1114/LV/bad20_candidates.tsv	209	bbdce6821420a5c0f210479d20687ccee5a16b1852d171baa208d51dca215504
result/expert_self_risk_v1/mosei/phase1/checkpoint_fold0/cfcompat_seed1114/LV/confident_wrong_candidates.tsv	209	a71b0738271845e12b690b3dcd2cea3d367ec274111066db26ed545c4b47d57e
result/expert_self_risk_v1/mosei/phase1/checkpoint_fold0/cfcompat_seed1114/LV/frozen_probe_bundle.joblib	1919309	6418831f645da3d98eb5789eb49eb4529a7b8cdffbe204f2767efeaa564e2321
result/expert_self_risk_v1/mosei/phase1/checkpoint_fold0/cfcompat_seed1114/LV/frozen_static_probe_features_label_free.csv.gz	8870348	64c06eaad0689531d4863c3962eeaf011e50da9c96b335756b8ad3af192f29fc
result/expert_self_risk_v1/mosei/phase1/checkpoint_fold0/cfcompat_seed1114/LV/outer_risk_predictions_label_free.csv.gz	384872	26f43b9e7db7a96c12ba360b1cd73e5945123472dd88a10fd4a60817fc8ae7bf
result/expert_self_risk_v1/mosei/phase1/checkpoint_fold0/cfcompat_seed1114/LV/regression_candidates.tsv	583	c7a988230f52f23b430da96481357afdcfb88d87c07c7a7b7d20e857cdb50f91
result/expert_self_risk_v1/mosei/phase1/checkpoint_fold0/cfcompat_seed1114/LV/risk_label_thresholds.tsv	257	f3858ce9c4410bf6a1e0833af93c3f1a26e355de799320eb6152c1313fb243e7
result/expert_self_risk_v1/mosei/phase1/checkpoint_fold0/cfcompat_seed1114/confident_wrong_sensitivity.tsv	1925	9885ab0590336890dd09cfd0d869786104302b8a6a88ffc74ab2173d98774dfb
result/expert_self_risk_v1/mosei/phase1/checkpoint_fold0/cfcompat_seed1114/frozen_inner_valid_selection.json	9861	ed1ee32233a46712a7376e12f215f3f489888117642d8bcd4052e9c3b377fe54
result/expert_self_risk_v1/mosei/phase1/checkpoint_fold0/cfcompat_seed1114/individual_proxy_metrics.tsv	2781	ebda331d6e1ad0b75f1e677d771c067965929ba3e3d40de75a92cd3482bd9957
result/expert_self_risk_v1/mosei/phase1/checkpoint_fold0/cfcompat_seed1114/outer_diagnostic_ledger.csv.gz	227861	b993b28a09bd331a10c51a586a799ec9fc4594c0dd5bf601653167eaaa23b6eb
result/expert_self_risk_v1/mosei/phase1/checkpoint_fold0/cfcompat_seed1114/outer_evaluation_access_lock.json	257	5d28c73e4e1bb56e17879a62942d73a28534a374066b8a2262af61ffaeadd1d3
result/expert_self_risk_v1/mosei/phase1/checkpoint_fold0/cfcompat_seed1114/outer_evaluation_manifest.json	1628	99401a2024d9ebd00956612fb3c68512d0af4e41e6f842b3339003f677ec4190
result/expert_self_risk_v1/mosei/phase1/checkpoint_fold0/cfcompat_seed1114/outer_metrics.tsv	9472	6610782688221d2273c233215a7044de34af52e2519bd1d73a9926beeb2c7657
result/expert_self_risk_v1/mosei/phase1/checkpoint_fold0/cfcompat_seed1114/quantile_calibration.tsv	1071	d88ca40b984a439d5c22eb201cebaec26324d4a68f823afbd1ece1655c01ebc0
result/expert_self_risk_v1/mosei/phase1/checkpoint_fold0/cfcompat_seed1114/risk_coverage.tsv	25109	127a125c53993ab0f735f55bff172717546e2357b4f3a469d066a8562149c068
result/expert_self_risk_v1/mosei/phase1/checkpoint_fold0/moddrop_seed1111/L/bad20_candidates.tsv	208	ade106890dc481513ed0fc5216e98a764cb35eecc7cee97332e1b35333f79e16
result/expert_self_risk_v1/mosei/phase1/checkpoint_fold0/moddrop_seed1111/L/confident_wrong_candidates.tsv	210	45779ba3bd194b36ce2f0ae5b2562a7912a3e789a4f87e632a322f97b4e6266d
result/expert_self_risk_v1/mosei/phase1/checkpoint_fold0/moddrop_seed1111/L/frozen_probe_bundle.joblib	800701	c2e0df99dbf5d16229819170642e92fc76bbf49aa14549f0d819b17505291acd
result/expert_self_risk_v1/mosei/phase1/checkpoint_fold0/moddrop_seed1111/L/frozen_static_probe_features_label_free.csv.gz	6783745	17a622c98f40476c718691bd81cdf4606b469f5629e8d50751abf66c3011bb05
result/expert_self_risk_v1/mosei/phase1/checkpoint_fold0/moddrop_seed1111/L/outer_risk_predictions_label_free.csv.gz	374099	433cb26d75e7e5fbdef8de132ddecfbe8f4fcfc2ee32e813ea0f1de35c064174
result/expert_self_risk_v1/mosei/phase1/checkpoint_fold0/moddrop_seed1111/L/regression_candidates.tsv	567	1f5f87eaf1f274d681e8a1acd60bb3eef02a7e4e2d33cf6ae93e9362a6a127b3
result/expert_self_risk_v1/mosei/phase1/checkpoint_fold0/moddrop_seed1111/L/risk_label_thresholds.tsv	256	e8496ba0f827c504437528b77f833456a49824fbdeaea67b0c0c9c719ebddd57
result/expert_self_risk_v1/mosei/phase1/checkpoint_fold0/moddrop_seed1111/LA/bad20_candidates.tsv	208	9bddf5f80a9e3c2d787c0d2c3c8483b27b41d385dd02f8e0eedba7823f6480b5
result/expert_self_risk_v1/mosei/phase1/checkpoint_fold0/moddrop_seed1111/LA/confident_wrong_candidates.tsv	209	fd12aecdcdac20b0f52566b38e4b7ba9357bcc63ce76ec97ba2f6e33aa1fe7e8
result/expert_self_risk_v1/mosei/phase1/checkpoint_fold0/moddrop_seed1111/LA/frozen_probe_bundle.joblib	1341101	1f8dbae15f27757a56663b3af76de03e7659ef42659cec991a1c056c0a1ccecc
result/expert_self_risk_v1/mosei/phase1/checkpoint_fold0/moddrop_seed1111/LA/frozen_static_probe_features_label_free.csv.gz	7202676	a73331c510d6cca0f85543743fcd19a0c56ca9248929b852fd75c38a29175427
result/expert_self_risk_v1/mosei/phase1/checkpoint_fold0/moddrop_seed1111/LA/outer_risk_predictions_label_free.csv.gz	384426	0f1775d509aa26b634f69229eb79bb96c116703bb31a55d9648c5c517b605b0b
result/expert_self_risk_v1/mosei/phase1/checkpoint_fold0/moddrop_seed1111/LA/regression_candidates.tsv	576	f238b58d6d987006886f6d8f7dfb2dad77f788503d97dd7a847ce6845955189e
result/expert_self_risk_v1/mosei/phase1/checkpoint_fold0/moddrop_seed1111/LA/risk_label_thresholds.tsv	256	5bcfb7108e3fbce991a680da8e2a66123fd28aa57a198a60e8e8542f690123c6
result/expert_self_risk_v1/mosei/phase1/checkpoint_fold0/moddrop_seed1111/LAV/bad20_candidates.tsv	210	cb358a15fe7551e1062a15b0eb872f629f97a095232d77719ef7a7ed8ad88086
result/expert_self_risk_v1/mosei/phase1/checkpoint_fold0/moddrop_seed1111/LAV/confident_wrong_candidates.tsv	208	7bd9902d1525c9a875ee91f816ded26204b9c339b1b83b80a99aece1d8dfd8bf
result/expert_self_risk_v1/mosei/phase1/checkpoint_fold0/moddrop_seed1111/LAV/frozen_probe_bundle.joblib	1798781	ef39c923c3847e2b2845b55b6a4ea6105dc1c600adf222e3545346c3ba509ee9
result/expert_self_risk_v1/mosei/phase1/checkpoint_fold0/moddrop_seed1111/LAV/frozen_static_probe_features_label_free.csv.gz	8466488	89fc8b64b06463287cc8e3fb1aee7dc02445db5784182eab6e4d1267e638545b
result/expert_self_risk_v1/mosei/phase1/checkpoint_fold0/moddrop_seed1111/LAV/outer_risk_predictions_label_free.csv.gz	384243	6b8f5840acf7d5a0a9cda48f1c055ac3b37856f3824623467ca1e5b014a4b8e5
result/expert_self_risk_v1/mosei/phase1/checkpoint_fold0/moddrop_seed1111/LAV/regression_candidates.tsv	592	fba3cfa897169b2ce5b625c2934d8dad12092de3ed6045c1677730169073a5a5
result/expert_self_risk_v1/mosei/phase1/checkpoint_fold0/moddrop_seed1111/LAV/risk_label_thresholds.tsv	258	93872f30e22ad522d5acc97619e338fa154645a8178d359903f3e71cef137e54
result/expert_self_risk_v1/mosei/phase1/checkpoint_fold0/moddrop_seed1111/LV/bad20_candidates.tsv	210	937e9ea052bf1861e583af09e6d1b382d92c6838ade4af0a1621f51756e58a0b
result/expert_self_risk_v1/mosei/phase1/checkpoint_fold0/moddrop_seed1111/LV/confident_wrong_candidates.tsv	208	bda4673e641e83773ccb7747e60d03e27be200947a3f5f8e020cbf7341fb9a75
result/expert_self_risk_v1/mosei/phase1/checkpoint_fold0/moddrop_seed1111/LV/frozen_probe_bundle.joblib	1478429	17a1443ddec0da5b494823d5e5af540ce0ed006ee37678dd8dca6335ddc2a74d
result/expert_self_risk_v1/mosei/phase1/checkpoint_fold0/moddrop_seed1111/LV/frozen_static_probe_features_label_free.csv.gz	8882203	3290bca849cd1e1440540a0f5d6b38e6d54ed80dcb5b1ac47b124a1009dd8522
result/expert_self_risk_v1/mosei/phase1/checkpoint_fold0/moddrop_seed1111/LV/outer_risk_predictions_label_free.csv.gz	384409	3196e3163b015efded22701e0e87c45e98e4815856d6beccc9723b04a238b31a
result/expert_self_risk_v1/mosei/phase1/checkpoint_fold0/moddrop_seed1111/LV/regression_candidates.tsv	581	0a5013bbda8463abf28f3d5ba395cbf42c7d42e2c2d92b5ab637d0aae3b8ab59
result/expert_self_risk_v1/mosei/phase1/checkpoint_fold0/moddrop_seed1111/LV/risk_label_thresholds.tsv	253	fe451f83be3f9db896938f47d0f890d0d94353e0d4ac6c650a83a14ded3e2d0d
result/expert_self_risk_v1/mosei/phase1/checkpoint_fold0/moddrop_seed1111/confident_wrong_sensitivity.tsv	1945	569c2cba4ca0cd24bc7dcb43a02b554f10a684b6133d1e6eae195f71ddaf9b89
result/expert_self_risk_v1/mosei/phase1/checkpoint_fold0/moddrop_seed1111/frozen_inner_valid_selection.json	9852	689ec7ef54f7fcb4bfae954bf73b8b92aaa5ce50b460662a905e8af423b59c89
result/expert_self_risk_v1/mosei/phase1/checkpoint_fold0/moddrop_seed1111/individual_proxy_metrics.tsv	2748	791a09597cfcf3a825c002aedba02f80d30dab5569f4425efb706152f09d0e68
result/expert_self_risk_v1/mosei/phase1/checkpoint_fold0/moddrop_seed1111/outer_diagnostic_ledger.csv.gz	225957	db7aef830549f7023dded162fa0c2b96a7d6dc0f50e6048bd39b112575089670
result/expert_self_risk_v1/mosei/phase1/checkpoint_fold0/moddrop_seed1111/outer_evaluation_access_lock.json	256	3996f85e6457dde57aa1b88f414314f9caac7b2a0e2130ba7f02b850ea403ae2
result/expert_self_risk_v1/mosei/phase1/checkpoint_fold0/moddrop_seed1111/outer_evaluation_manifest.json	1624	7233cbfe98e6fe0fa0598d396aa62da3d372d7b4d3fda2f32320dfa72942489c
result/expert_self_risk_v1/mosei/phase1/checkpoint_fold0/moddrop_seed1111/outer_metrics.tsv	9485	3da57ea758e9ff1903ab73942f85c6a7115a960c7b3ff43ae8081da43eacbf65
result/expert_self_risk_v1/mosei/phase1/checkpoint_fold0/moddrop_seed1111/quantile_calibration.tsv	1057	e9c6c47a49d01416ca2c483f285d6c2e4f841bef349febdedf4fbfed896c33a7
result/expert_self_risk_v1/mosei/phase1/checkpoint_fold0/moddrop_seed1111/risk_coverage.tsv	24922	2d2c2912b7a8f697d38cb5047ec74d417e54bd61b1f2d1a9ebfbf952eff301d8
result/expert_self_risk_v1/mosei/phase1/checkpoint_fold0/moddrop_seed1114/L/bad20_candidates.tsv	210	0e5fecb38bce35c5c78b63db64872021450b496c5325003079820ecd8b1739a9
result/expert_self_risk_v1/mosei/phase1/checkpoint_fold0/moddrop_seed1114/L/confident_wrong_candidates.tsv	208	eaa355a117f5049f39bce6efb5f9303e86801f44242a4ef0373d18601abd061e
result/expert_self_risk_v1/mosei/phase1/checkpoint_fold0/moddrop_seed1114/L/frozen_probe_bundle.joblib	557181	70a0f92e1b50b4f8fed718e1404fc49532d430934d7b2fdf8e83b345ddd4d43c
result/expert_self_risk_v1/mosei/phase1/checkpoint_fold0/moddrop_seed1114/L/frozen_static_probe_features_label_free.csv.gz	4272788	794f022ac11d4f9a581609632f917cf4a4c8aafd086b71f224cc87bfcb3da598
result/expert_self_risk_v1/mosei/phase1/checkpoint_fold0/moddrop_seed1114/L/outer_risk_predictions_label_free.csv.gz	371945	0ff9f1422d464bb57f3257b50d608e2c65b6bd946a335645025204e894ae23e9
result/expert_self_risk_v1/mosei/phase1/checkpoint_fold0/moddrop_seed1114/L/regression_candidates.tsv	568	e8d353ac6c03a96f2a24b1e4846e8aec632cba1fa43bce60d7fd2ca85c426dae
result/expert_self_risk_v1/mosei/phase1/checkpoint_fold0/moddrop_seed1114/L/risk_label_thresholds.tsv	255	901d57f6ef86e273519798252f1a5f5c724dbe5e756eedd9d639bad4a03cb82f
result/expert_self_risk_v1/mosei/phase1/checkpoint_fold0/moddrop_seed1114/LA/bad20_candidates.tsv	210	52d04235c390be15591c0fc45ae0a1b31fabacba9ec905304149e2932fecb168
result/expert_self_risk_v1/mosei/phase1/checkpoint_fold0/moddrop_seed1114/LA/confident_wrong_candidates.tsv	210	b08ac82ee54e1b304707c888247e9d8360bb68719626ea49c5e9c68e4a83c54c
result/expert_self_risk_v1/mosei/phase1/checkpoint_fold0/moddrop_seed1114/LA/frozen_probe_bundle.joblib	1584237	4cb3b3fd0ce7a9328e2390d53f53875f5464b56037f5dc6ccb29b08cdb2094b0
result/expert_self_risk_v1/mosei/phase1/checkpoint_fold0/moddrop_seed1114/LA/frozen_static_probe_features_label_free.csv.gz	7178562	8c835db488b60fe90c81e3491869bdd82888af7c28978dbb2adc243d97b53aec
result/expert_self_risk_v1/mosei/phase1/checkpoint_fold0/moddrop_seed1114/LA/outer_risk_predictions_label_free.csv.gz	384715	346360aea5020752dd84fde699205b75e3b619bc7800ee82472549ea0eb46df0
result/expert_self_risk_v1/mosei/phase1/checkpoint_fold0/moddrop_seed1114/LA/regression_candidates.tsv	576	315b6d43e56daf046b1eff9e5967d91589f97f9640b5860a0a3506fea2aa2cd7
result/expert_self_risk_v1/mosei/phase1/checkpoint_fold0/moddrop_seed1114/LA/risk_label_thresholds.tsv	257	d59ed7a7639eba0cad4e3ac8e0f26cf6599d117756942ea9e347e18e174dc974
result/expert_self_risk_v1/mosei/phase1/checkpoint_fold0/moddrop_seed1114/LAV/bad20_candidates.tsv	208	206c519b10e0e5d8dc1b031bc76891625e1737c509614d81db640d46445ef322
result/expert_self_risk_v1/mosei/phase1/checkpoint_fold0/moddrop_seed1114/LAV/confident_wrong_candidates.tsv	208	c99f929c9033471882cee8c172affbf48680caf1e2e05892a123de821b83074c
result/expert_self_risk_v1/mosei/phase1/checkpoint_fold0/moddrop_seed1114/LAV/frozen_probe_bundle.joblib	953533	93a59a8a94c9c1fac21d8ec9177963afbd180d070e003d196430267692a723df
result/expert_self_risk_v1/mosei/phase1/checkpoint_fold0/moddrop_seed1114/LAV/frozen_static_probe_features_label_free.csv.gz	8439038	8abfc1843f2151c1f1767c019c4134a29d0dbc2190747da331343c3cd81cd587
result/expert_self_risk_v1/mosei/phase1/checkpoint_fold0/moddrop_seed1114/LAV/outer_risk_predictions_label_free.csv.gz	384414	de9437c206cf63f86f5c57415f459c824b59a18fc3385750f89e5815f81643e5
result/expert_self_risk_v1/mosei/phase1/checkpoint_fold0/moddrop_seed1114/LAV/regression_candidates.tsv	592	1c7936c3fc60cd6e83b038038a194fda36d0da3ba1de65142123123da7ce4380
result/expert_self_risk_v1/mosei/phase1/checkpoint_fold0/moddrop_seed1114/LAV/risk_label_thresholds.tsv	257	1862c4027255e2537ded03873177d4a3019a3e9dd7479c6fd69df566e1e10562
result/expert_self_risk_v1/mosei/phase1/checkpoint_fold0/moddrop_seed1114/LV/bad20_candidates.tsv	210	4c2c99c20b602c9f051e5fcb38b7115cd3adcc74f89d79c5c9c4712f57f8ba42
result/expert_self_risk_v1/mosei/phase1/checkpoint_fold0/moddrop_seed1114/LV/confident_wrong_candidates.tsv	208	2f7ce6d72cb00822aa487e069369f8abf46c01e02455210afeba0f19470b582a
result/expert_self_risk_v1/mosei/phase1/checkpoint_fold0/moddrop_seed1114/LV/frozen_probe_bundle.joblib	857021	c0e2add7b9b5d5ef57ccb14ae2fc72c15c22f0063b9e1e2e8b64827d5d012bc5
result/expert_self_risk_v1/mosei/phase1/checkpoint_fold0/moddrop_seed1114/LV/frozen_static_probe_features_label_free.csv.gz	7205238	042f203430bfd90d8574bba3eb3ab4b80435621c3c81d4c270a912e45dec6012
result/expert_self_risk_v1/mosei/phase1/checkpoint_fold0/moddrop_seed1114/LV/outer_risk_predictions_label_free.csv.gz	384548	afa39d534dffe3cea5315bcffdda45306dfe442f08c5892fbfb684c7882a9ca3
result/expert_self_risk_v1/mosei/phase1/checkpoint_fold0/moddrop_seed1114/LV/regression_candidates.tsv	580	7165efaae51eb9216b9356f5ba5fc22d715ba72d7cc1a9fdafd679fada18fde9
result/expert_self_risk_v1/mosei/phase1/checkpoint_fold0/moddrop_seed1114/LV/risk_label_thresholds.tsv	256	13dd64948938089598b84a617e6db3d05ce5b272285aa52d3e86d5b33c692c98
result/expert_self_risk_v1/mosei/phase1/checkpoint_fold0/moddrop_seed1114/confident_wrong_sensitivity.tsv	1966	bf37fb754ee91fb8ad68e4b03573a56de3f04a8807917fd64215ef1e2fc88386
result/expert_self_risk_v1/mosei/phase1/checkpoint_fold0/moddrop_seed1114/frozen_inner_valid_selection.json	9852	ecffb087e5d2499b0441e7f272466c6b26e78b204ad6cd1e44fd208daa443243
result/expert_self_risk_v1/mosei/phase1/checkpoint_fold0/moddrop_seed1114/individual_proxy_metrics.tsv	2756	e2dc357272136463416a6d665b83894ae0b599dbf70353137048eb025f6de50a
result/expert_self_risk_v1/mosei/phase1/checkpoint_fold0/moddrop_seed1114/outer_diagnostic_ledger.csv.gz	228525	7b71e5565b2ba8062aa26b6fc65cdb7aab9cc87f4ddc6ad5875d8ae6a75aa76c
result/expert_self_risk_v1/mosei/phase1/checkpoint_fold0/moddrop_seed1114/outer_evaluation_access_lock.json	256	aa7a0fdbb7fa26e39c68a75a5292bbdf2443eeaa6f0ad9e817eb0dfa12ee3a20
result/expert_self_risk_v1/mosei/phase1/checkpoint_fold0/moddrop_seed1114/outer_evaluation_manifest.json	1624	2d9e0be55673dce1d19640ecab4830b15c242cafd0159f2ae3dd80ebef32812e
result/expert_self_risk_v1/mosei/phase1/checkpoint_fold0/moddrop_seed1114/outer_metrics.tsv	9448	b6a11b28afd2de01a405971729656bd40ad589331823297e31e7ee54d3bf3ef7
result/expert_self_risk_v1/mosei/phase1/checkpoint_fold0/moddrop_seed1114/quantile_calibration.tsv	1052	c117b31ad6de4ceb7a0448ad72c8deec5c7886165e28c76e6d9df6924e8e1eb0
result/expert_self_risk_v1/mosei/phase1/checkpoint_fold0/moddrop_seed1114/risk_coverage.tsv	25186	aaabe380aa91040ee83f5a26d0bbc026524ff9c8df269c0f4c47726825dc7cc2
result/expert_self_risk_v1/mosei/phase1/checkpoint_fold0/uniform_kd_seed1111/L/bad20_candidates.tsv	209	a136f60e59232d09d6aab523f14c0d5d4afe6aeffd5b2a9b2a02c88c39d80677
result/expert_self_risk_v1/mosei/phase1/checkpoint_fold0/uniform_kd_seed1111/L/confident_wrong_candidates.tsv	209	7eff33561be892e356b681ac4c988e588b74ca35309a56f9e3d2b60174a4325f
result/expert_self_risk_v1/mosei/phase1/checkpoint_fold0/uniform_kd_seed1111/L/frozen_probe_bundle.joblib	1110781	ab4582bffcfd5e5c3fb53528f28acada509f36157044b12f0fc9af5a15f405a8
result/expert_self_risk_v1/mosei/phase1/checkpoint_fold0/uniform_kd_seed1111/L/frozen_static_probe_features_label_free.csv.gz	5116186	127d5abe34b893acf248de5591f536cf998022d102dd1c716c186abca659e672
result/expert_self_risk_v1/mosei/phase1/checkpoint_fold0/uniform_kd_seed1111/L/outer_risk_predictions_label_free.csv.gz	373331	9728e3d572427a59d221bb4887c36a142c374f2e08360b1b93c9c72e6590b870
result/expert_self_risk_v1/mosei/phase1/checkpoint_fold0/uniform_kd_seed1111/L/regression_candidates.tsv	571	794871ae72eadb54c1e650cc728df99af8378180fdedd14515af993bf6195aa1
result/expert_self_risk_v1/mosei/phase1/checkpoint_fold0/uniform_kd_seed1111/L/risk_label_thresholds.tsv	256	059b969e08112a9fe12b16501aa07272d89b71387b0abb0650f42660220b52af
result/expert_self_risk_v1/mosei/phase1/checkpoint_fold0/uniform_kd_seed1111/LA/bad20_candidates.tsv	209	584ea1403d55be8d926fcf819f408b17ae5e11cb25e9a70253a566370e599b80
result/expert_self_risk_v1/mosei/phase1/checkpoint_fold0/uniform_kd_seed1111/LA/confident_wrong_candidates.tsv	210	fe90857093e4e3b41bd23d173f77bd7517a928eeec76840f65472dd25c8c4c63
result/expert_self_risk_v1/mosei/phase1/checkpoint_fold0/uniform_kd_seed1111/LA/frozen_probe_bundle.joblib	1151661	81fb9edd8c185191d25e48011a6c264c3468116aedd9133326752137911ec09b
result/expert_self_risk_v1/mosei/phase1/checkpoint_fold0/uniform_kd_seed1111/LA/frozen_static_probe_features_label_free.csv.gz	6375905	e90a5e05e689137f693a209257fe870410fbaafd31b9d0aa465fb39fa7338d61
result/expert_self_risk_v1/mosei/phase1/checkpoint_fold0/uniform_kd_seed1111/LA/outer_risk_predictions_label_free.csv.gz	385190	86424300d97afb9c6a580b4aa9de81ef559a64dd64443a304eeffbc6d318c7f2
result/expert_self_risk_v1/mosei/phase1/checkpoint_fold0/uniform_kd_seed1111/LA/regression_candidates.tsv	576	00ce23464403a45d0b22ebe0ddc9e3994000a561d6fa8c9c3ae97b7e5b033a11
result/expert_self_risk_v1/mosei/phase1/checkpoint_fold0/uniform_kd_seed1111/LA/risk_label_thresholds.tsv	256	0d25b64dcaacd7e0c68b1fada6709267cceb6505173506e9ceca14ca44fb9101
result/expert_self_risk_v1/mosei/phase1/checkpoint_fold0/uniform_kd_seed1111/LAV/bad20_candidates.tsv	208	08e1231e0580eabf2326e9b5d71240ff0844e098c1084e09e99952080a18dd49
result/expert_self_risk_v1/mosei/phase1/checkpoint_fold0/uniform_kd_seed1111/LAV/confident_wrong_candidates.tsv	209	c6f0ff9138edfd84a1d7138bc85f6e8e374ef80cf11bafbd0a5e48e09b667b73
result/expert_self_risk_v1/mosei/phase1/checkpoint_fold0/uniform_kd_seed1111/LAV/frozen_probe_bundle.joblib	1793869	bbbb349e66325c3c9f3aab0e32b850165dea892212827e9f1947d35806611d64
result/expert_self_risk_v1/mosei/phase1/checkpoint_fold0/uniform_kd_seed1111/LAV/frozen_static_probe_features_label_free.csv.gz	8467481	dfafe69cad5d4f276fbc383401014cc60e537ee5ad07fc3a76c7f55d6b8dec86
result/expert_self_risk_v1/mosei/phase1/checkpoint_fold0/uniform_kd_seed1111/LAV/outer_risk_predictions_label_free.csv.gz	383055	7372933349de99569abca24f2062809cd1a9c585276c4504ee6ef0afc8125c1d
result/expert_self_risk_v1/mosei/phase1/checkpoint_fold0/uniform_kd_seed1111/LAV/regression_candidates.tsv	592	266bb2ead4ffb3a35e8f8d8c036bacc4c1336cf7e110723f50f811b6cdddfe5e
result/expert_self_risk_v1/mosei/phase1/checkpoint_fold0/uniform_kd_seed1111/LAV/risk_label_thresholds.tsv	257	004fc98e049cd58ec031fc96cb35597a108f084724c55399149346b7190c4aaf
result/expert_self_risk_v1/mosei/phase1/checkpoint_fold0/uniform_kd_seed1111/LV/bad20_candidates.tsv	209	975beab736a86a11ce9513327e252f231679966691bc0861c2e25c45a56f3a01
result/expert_self_risk_v1/mosei/phase1/checkpoint_fold0/uniform_kd_seed1111/LV/confident_wrong_candidates.tsv	210	d953385987a6d07ef66f95d88ae2054a08d2c41ae8274928ad7b28d6bb8b878e
result/expert_self_risk_v1/mosei/phase1/checkpoint_fold0/uniform_kd_seed1111/LV/frozen_probe_bundle.joblib	1918061	e4f7619f51f6e5993c80f5589809086c32b7dca6af1e3954b7b9b540ab5de24b
result/expert_self_risk_v1/mosei/phase1/checkpoint_fold0/uniform_kd_seed1111/LV/frozen_static_probe_features_label_free.csv.gz	8883880	83cb51b5e0a8aebf9e7b60ca31568ccd9bb1974728101733398747a289179c5a
result/expert_self_risk_v1/mosei/phase1/checkpoint_fold0/uniform_kd_seed1111/LV/outer_risk_predictions_label_free.csv.gz	385344	b0af0cefd7cc8f58ab3c6211c227e521e2017571aa85d7915edb552bd4e0a0f2
result/expert_self_risk_v1/mosei/phase1/checkpoint_fold0/uniform_kd_seed1111/LV/regression_candidates.tsv	580	f853a3c1f146c9877beb8494e9059acd8b3161604d1e9e9224a3e8612b0b53ea
result/expert_self_risk_v1/mosei/phase1/checkpoint_fold0/uniform_kd_seed1111/LV/risk_label_thresholds.tsv	256	60d4b04ab0f60ae042c1fb5d9fc4d85385bf47522352a2c65b496ff4df1f98b3
result/expert_self_risk_v1/mosei/phase1/checkpoint_fold0/uniform_kd_seed1111/confident_wrong_sensitivity.tsv	1981	b953adebccd1144e24d0bbdee4c766a819dbb578a6879f2c02c0bbfb8f02647d
result/expert_self_risk_v1/mosei/phase1/checkpoint_fold0/uniform_kd_seed1111/frozen_inner_valid_selection.json	9885	8c157772731f6632b53f5fe8924df8055d65f0c493053719ebada61ca3c25793
result/expert_self_risk_v1/mosei/phase1/checkpoint_fold0/uniform_kd_seed1111/individual_proxy_metrics.tsv	2835	4cfda1a5678d2174d68b80a8a98fec633e0b598ef7092b57db5c3caff536d88e
result/expert_self_risk_v1/mosei/phase1/checkpoint_fold0/uniform_kd_seed1111/outer_diagnostic_ledger.csv.gz	224829	3f887dcda583ebdd5a299819c75167dda43f9237395880a47ca2d40fe20b2edf
result/expert_self_risk_v1/mosei/phase1/checkpoint_fold0/uniform_kd_seed1111/outer_evaluation_access_lock.json	259	cb6efe1935a1656496263151fa19c0697f14056eaca9401b47f01baccdbe7e5d
result/expert_self_risk_v1/mosei/phase1/checkpoint_fold0/uniform_kd_seed1111/outer_evaluation_manifest.json	1636	4ac71da237d2358c241683adf269bb67fe15a25a8e6659cbdad2600baa9d74b7
result/expert_self_risk_v1/mosei/phase1/checkpoint_fold0/uniform_kd_seed1111/outer_metrics.tsv	9613	6afe9565b12bbebca8cb3baed59023d3879fd525a832fbae5d0eba4bb7ee5299
result/expert_self_risk_v1/mosei/phase1/checkpoint_fold0/uniform_kd_seed1111/quantile_calibration.tsv	1084	b747e2f539caccec232f8afe3650caa9fd042ff61985fdc69bfc82d0f15a2353
result/expert_self_risk_v1/mosei/phase1/checkpoint_fold0/uniform_kd_seed1111/risk_coverage.tsv	26004	bfb1fa3c5f3e2e60551cbd4da8996a113eaf89c9f6e933524f5d5441707124c2
result/expert_self_risk_v1/mosei/phase1/checkpoint_fold1/cfcompat_seed1111/L/bad20_candidates.tsv	210	6e8ac5a428ed5499b3c09dbd070b5a6644068cf7957d1df697e5b0aab13df90e
result/expert_self_risk_v1/mosei/phase1/checkpoint_fold1/cfcompat_seed1111/L/confident_wrong_candidates.tsv	210	48c213ea7e5bc4f2d6f5c487e87dd49999b1c1393afccb62c5e60d2b882276c0
result/expert_self_risk_v1/mosei/phase1/checkpoint_fold1/cfcompat_seed1111/L/frozen_probe_bundle.joblib	1616237	61c8a1197cc09c90c71e9150cbcefdcdce731cbdc1c343607c9ec993b438a8de
result/expert_self_risk_v1/mosei/phase1/checkpoint_fold1/cfcompat_seed1111/L/frozen_static_probe_features_label_free.csv.gz	6185640	75734311b8c8aceca3902cd333f89d6e053c01d8dc2e6ef30987f7ccff0321cb
result/expert_self_risk_v1/mosei/phase1/checkpoint_fold1/cfcompat_seed1111/L/outer_risk_predictions_label_free.csv.gz	316442	93268bf0e7143efdad5c9ac081fec484ddd3096ea457913598f32046e713d21b
result/expert_self_risk_v1/mosei/phase1/checkpoint_fold1/cfcompat_seed1111/L/regression_candidates.tsv	570	e3e656ebcd7ec60dd556d08959fcf2848c0a20b5a09ac1e2b7bb3991d57cf5c1
result/expert_self_risk_v1/mosei/phase1/checkpoint_fold1/cfcompat_seed1111/L/risk_label_thresholds.tsv	256	7aef340efb8ad6a566692270dbe41623c0b22f9f5048e18a3803ab019de11ac3
result/expert_self_risk_v1/mosei/phase1/checkpoint_fold1/cfcompat_seed1111/LA/bad20_candidates.tsv	208	092070fb7d6dc93b65a77687bb49ff4c18c2d46b4d8fa981322d58a215c17772
result/expert_self_risk_v1/mosei/phase1/checkpoint_fold1/cfcompat_seed1111/LA/confident_wrong_candidates.tsv	209	7630f9fafb7c4608a8e5aaff0a39aa9071c7b1f9100c9ada66c35ccd602327bc
result/expert_self_risk_v1/mosei/phase1/checkpoint_fold1/cfcompat_seed1111/LA/frozen_probe_bundle.joblib	1345373	1133b2e4f856e0e2425f2cb7205d665bafe346ea9fd51def817a275e01a9ce1d
result/expert_self_risk_v1/mosei/phase1/checkpoint_fold1/cfcompat_seed1111/LA/frozen_static_probe_features_label_free.csv.gz	6579401	abf3be98d35f1f89ecbd5f5539b4c8c7314782be9dcad8a1d007b9d3439bf78d
result/expert_self_risk_v1/mosei/phase1/checkpoint_fold1/cfcompat_seed1111/LA/outer_risk_predictions_label_free.csv.gz	327688	a9b87d4e047850c961ded6427879699b4593b382512d6ab7e1de52317192e3a9
result/expert_self_risk_v1/mosei/phase1/checkpoint_fold1/cfcompat_seed1111/LA/regression_candidates.tsv	583	fc0f040e2ecb187d2effc5a494a0ef5147d5ea2be11e78c123fe5dc579029e2d
result/expert_self_risk_v1/mosei/phase1/checkpoint_fold1/cfcompat_seed1111/LA/risk_label_thresholds.tsv	255	154e54110c38b2fa5e2d529cd6e124a53c3510f189f8a1c13a266d879429c605
result/expert_self_risk_v1/mosei/phase1/checkpoint_fold1/cfcompat_seed1111/LAV/bad20_candidates.tsv	210	7435b6c6fa8dd56442abe08c925a87f9035756d4f741626394863309c09e7306
result/expert_self_risk_v1/mosei/phase1/checkpoint_fold1/cfcompat_seed1111/LAV/confident_wrong_candidates.tsv	209	3057befac17d2f3065d82521caddab4ae1d16f16bea80e6dfa6f66684ba3c35f
result/expert_self_risk_v1/mosei/phase1/checkpoint_fold1/cfcompat_seed1111/LAV/frozen_probe_bundle.joblib	1493773	53650ad241b40e3fdebd9df5b02993a68bae6472b89e2f120e9265625cb8ca81
result/expert_self_risk_v1/mosei/phase1/checkpoint_fold1/cfcompat_seed1111/LAV/frozen_static_probe_features_label_free.csv.gz	7739748	f182d4da236e6f764c11d009398bcc467bcbbe955187ecf8be22a7583b4170b9
result/expert_self_risk_v1/mosei/phase1/checkpoint_fold1/cfcompat_seed1111/LAV/outer_risk_predictions_label_free.csv.gz	327620	5bf9d4455cb060d9c32dccfbaa3d95f4318892fe35af646d844c344ed1efc06a
result/expert_self_risk_v1/mosei/phase1/checkpoint_fold1/cfcompat_seed1111/LAV/regression_candidates.tsv	590	574aafd33cf7e0290475db8dbf35bf63ee126846db36f95a00b06ddb82614f49
result/expert_self_risk_v1/mosei/phase1/checkpoint_fold1/cfcompat_seed1111/LAV/risk_label_thresholds.tsv	258	2202148bfe2ff45a2898f4b03fc9a642a5cb7bafe45da37c3cefe3ad382ba4f9
result/expert_self_risk_v1/mosei/phase1/checkpoint_fold1/cfcompat_seed1111/LV/bad20_candidates.tsv	209	0a16de4e5d25bb72c4f177348551f2bd03e58f6c81c12b623a56d85896c22e8c
result/expert_self_risk_v1/mosei/phase1/checkpoint_fold1/cfcompat_seed1111/LV/confident_wrong_candidates.tsv	209	e0e9f6b2f06577d27ca771cafafa884bc6f7fb00493c3d4bc04571580a2505a7
result/expert_self_risk_v1/mosei/phase1/checkpoint_fold1/cfcompat_seed1111/LV/frozen_probe_bundle.joblib	1343277	7405fd44667407c9b38a85935236abb282aee8eb013693a3d2ca3f2238683d69
result/expert_self_risk_v1/mosei/phase1/checkpoint_fold1/cfcompat_seed1111/LV/frozen_static_probe_features_label_free.csv.gz	6581193	5d1e40196219889cf1ca4fa67fc9d0cf06bcb514f708d4e2cd5ca2579c109179
result/expert_self_risk_v1/mosei/phase1/checkpoint_fold1/cfcompat_seed1111/LV/outer_risk_predictions_label_free.csv.gz	327871	167d7e2b40d8198ebdabe8f02c12dfa5694deffc56802b0427404104a011827f
result/expert_self_risk_v1/mosei/phase1/checkpoint_fold1/cfcompat_seed1111/LV/regression_candidates.tsv	579	5636856b9dbdb55b5dd9f7076c0c0f0e02ff91d4bdc637b6d7fd19fbcc62e874
result/expert_self_risk_v1/mosei/phase1/checkpoint_fold1/cfcompat_seed1111/LV/risk_label_thresholds.tsv	256	fcc6deb34b34316f7db83404db9476d18afc0fd58f15914978c979e75a2e0826
result/expert_self_risk_v1/mosei/phase1/checkpoint_fold1/cfcompat_seed1111/confident_wrong_sensitivity.tsv	2039	a45036a4874fd8a4d6e36a0fcc11f3c343ce939edcece37c29973cf234c18b5e
result/expert_self_risk_v1/mosei/phase1/checkpoint_fold1/cfcompat_seed1111/frozen_inner_valid_selection.json	9867	bebf10ca0de2037c22d97146a9cc91cf0f900539ccc675181a918e6ae0e0f921
result/expert_self_risk_v1/mosei/phase1/checkpoint_fold1/cfcompat_seed1111/individual_proxy_metrics.tsv	2784	8a148d015153cec9f7c64eb82db6299a428a520ee4ba529a5091c0c473566e71
result/expert_self_risk_v1/mosei/phase1/checkpoint_fold1/cfcompat_seed1111/outer_diagnostic_ledger.csv.gz	195337	eb89f3cee5f12658fa1cd632e4abfcc38dde5e803e5f7ea7c19e8acaf83943e0
result/expert_self_risk_v1/mosei/phase1/checkpoint_fold1/cfcompat_seed1111/outer_evaluation_access_lock.json	257	6ff0c2a729531b61801c65ce8abc19d240e1f2fcd0658e71155961ad635da163
result/expert_self_risk_v1/mosei/phase1/checkpoint_fold1/cfcompat_seed1111/outer_evaluation_manifest.json	1628	dc75bac12d3b27dc124d6ec35c6af6554f10701d02bc33ab638cd095f07dac7d
result/expert_self_risk_v1/mosei/phase1/checkpoint_fold1/cfcompat_seed1111/outer_metrics.tsv	9566	df50c55bcdbe7ff8eb8876758fe754d8984d5a022ba57a7eac9b4a8f7d784fe5
result/expert_self_risk_v1/mosei/phase1/checkpoint_fold1/cfcompat_seed1111/quantile_calibration.tsv	1063	e41dd1d3f1a042c40c33c3e4408abdd4dbb1e221ce7cc96025f1266cfd851a25
result/expert_self_risk_v1/mosei/phase1/checkpoint_fold1/cfcompat_seed1111/risk_coverage.tsv	25130	db43ce848a346b9c8e48dae4c26a674b375cc97ec8b384ddc540f59baee1f9c4
result/expert_self_risk_v1/mosei/phase1/checkpoint_fold1/cfcompat_seed1114/L/bad20_candidates.tsv	209	18e016bc4d27089540713d50149ade73b53fd078751d5efd77cdba02248ce5ed
result/expert_self_risk_v1/mosei/phase1/checkpoint_fold1/cfcompat_seed1114/L/confident_wrong_candidates.tsv	209	142b5eb4b81c2e42140299dc646d744f0396cddc124de82211b446a7fdb566b0
result/expert_self_risk_v1/mosei/phase1/checkpoint_fold1/cfcompat_seed1114/L/frozen_probe_bundle.joblib	564029	c898479ea4b01c89b38e48c29713d9d7772338c4da256ad1921910f6e679fe48
result/expert_self_risk_v1/mosei/phase1/checkpoint_fold1/cfcompat_seed1114/L/frozen_static_probe_features_label_free.csv.gz	4664605	f15bcc7efa66f562cb461b4667b1cf261d41f13dfc6d280f22dbbcd147cc902e
result/expert_self_risk_v1/mosei/phase1/checkpoint_fold1/cfcompat_seed1114/L/outer_risk_predictions_label_free.csv.gz	316270	513806ddcea48029c1cfa528031169d7329e3d63dc09a245c244dc3df40d1d2f
result/expert_self_risk_v1/mosei/phase1/checkpoint_fold1/cfcompat_seed1114/L/regression_candidates.tsv	570	c0506291237a4aa560782ff149c015a16622a87fe41386c294fa8d227678da98
result/expert_self_risk_v1/mosei/phase1/checkpoint_fold1/cfcompat_seed1114/L/risk_label_thresholds.tsv	256	2aee749280e967b9b99dc4659556b2db0854b1cc3d1a53e811a737bf0a56b1a3
result/expert_self_risk_v1/mosei/phase1/checkpoint_fold1/cfcompat_seed1114/LA/bad20_candidates.tsv	209	8c75bee950ce778d8417ca4c2a3d4eb37dc60628f05974b5be9731a32f6d4d48
result/expert_self_risk_v1/mosei/phase1/checkpoint_fold1/cfcompat_seed1114/LA/confident_wrong_candidates.tsv	210	7a381ac7d81052385ef46b6d0d7e44f81994fc7fd76d727a8dc7c8552a5d6da3
result/expert_self_risk_v1/mosei/phase1/checkpoint_fold1/cfcompat_seed1114/LA/frozen_probe_bundle.joblib	1266077	482cc94da118b0e0589fbe3df34ea0e95dcd65016f124418e00595eeab7f5311
result/expert_self_risk_v1/mosei/phase1/checkpoint_fold1/cfcompat_seed1114/LA/frozen_static_probe_features_label_free.csv.gz	5804968	aa6e44ce7a43b8e20b16f9ae579b2bc6561f862d25f2b6069da05a9e83833f19
result/expert_self_risk_v1/mosei/phase1/checkpoint_fold1/cfcompat_seed1114/LA/outer_risk_predictions_label_free.csv.gz	326956	8fcab8e643656305fa9c808106009ddde9853ee79955103372c4f4cf860080c5
result/expert_self_risk_v1/mosei/phase1/checkpoint_fold1/cfcompat_seed1114/LA/regression_candidates.tsv	581	fff842f4419da11bc6a2cde80aaad41b45512a61cfe6a14a89caa485655e16a6
result/expert_self_risk_v1/mosei/phase1/checkpoint_fold1/cfcompat_seed1114/LA/risk_label_thresholds.tsv	257	26bde2c77353dfc6dd254e2edb1637ccbae04a2b923e240e70eebe484f37224c
result/expert_self_risk_v1/mosei/phase1/checkpoint_fold1/cfcompat_seed1114/LAV/bad20_candidates.tsv	210	5a16e342fe91be7120ac3dd72fe58e75baf3a64e6f75fec000f5efe1d038a5eb
result/expert_self_risk_v1/mosei/phase1/checkpoint_fold1/cfcompat_seed1114/LAV/confident_wrong_candidates.tsv	209	efc7770db08b823f8230a00dba26963a026089698198fe390ff26949daa995eb
result/expert_self_risk_v1/mosei/phase1/checkpoint_fold1/cfcompat_seed1114/LAV/frozen_probe_bundle.joblib	1188989	925852e84f2c7972d557dbcc2a10e848b654292fc613fe8b78186be1926f52b9
result/expert_self_risk_v1/mosei/phase1/checkpoint_fold1/cfcompat_seed1114/LAV/frozen_static_probe_features_label_free.csv.gz	9982961	32079ab38e2037a7b9a9bdddd90bbbfc3b55886eb0741cf80303f4610512d923
result/expert_self_risk_v1/mosei/phase1/checkpoint_fold1/cfcompat_seed1114/LAV/outer_risk_predictions_label_free.csv.gz	327442	7feffe49a0c582d74687b34e52c020ee4855dada780cfb129ac11799ec5627a0
result/expert_self_risk_v1/mosei/phase1/checkpoint_fold1/cfcompat_seed1114/LAV/regression_candidates.tsv	593	8002e42a932812cfde63599f8a1a0919e78f8754f9ddfbb3ec39414740f1162a
result/expert_self_risk_v1/mosei/phase1/checkpoint_fold1/cfcompat_seed1114/LAV/risk_label_thresholds.tsv	258	73018ff4122989cec348acddc51c3d1977fe34f65ef675d08d62e167a6b51211
result/expert_self_risk_v1/mosei/phase1/checkpoint_fold1/cfcompat_seed1114/LV/bad20_candidates.tsv	209	316c0dd199037a6476b700d769c6139fd80c8e792c6fa31992e0141b494b76ec
result/expert_self_risk_v1/mosei/phase1/checkpoint_fold1/cfcompat_seed1114/LV/confident_wrong_candidates.tsv	209	448ec6fb169293dd3bc49b5c91f75c6aa95082ac59e8363c26165e082eae9490
result/expert_self_risk_v1/mosei/phase1/checkpoint_fold1/cfcompat_seed1114/LV/frozen_probe_bundle.joblib	1259853	aceb92a10d2f229773d40280bc1bb681b785267fa90ed41f52f9952591a4d94b
result/expert_self_risk_v1/mosei/phase1/checkpoint_fold1/cfcompat_seed1114/LV/frozen_static_probe_features_label_free.csv.gz	5823987	dadcc8d823a9203666f889a42aefac36dac097a0469ca16bb0115c967c86fa17
result/expert_self_risk_v1/mosei/phase1/checkpoint_fold1/cfcompat_seed1114/LV/outer_risk_predictions_label_free.csv.gz	326622	207597e6eeb6320cd3faefe3401924784a9cb04e02573e3dd31233623dd4bf8d
result/expert_self_risk_v1/mosei/phase1/checkpoint_fold1/cfcompat_seed1114/LV/regression_candidates.tsv	581	33ff25d93973acb4ba1581748f98e8b0c196a77dd9f2e34103d01ce8cc383348
result/expert_self_risk_v1/mosei/phase1/checkpoint_fold1/cfcompat_seed1114/LV/risk_label_thresholds.tsv	256	fd0ff4390daa341c5b0d2aeabab92caafdaf2e9a419307b4950ef1e19b6c6c8e
result/expert_self_risk_v1/mosei/phase1/checkpoint_fold1/cfcompat_seed1114/confident_wrong_sensitivity.tsv	1922	6d2cff799d3b3e3757e440f5e34fc52cba2cb8728d49fcd4c33ed92f930c5c80
result/expert_self_risk_v1/mosei/phase1/checkpoint_fold1/cfcompat_seed1114/frozen_inner_valid_selection.json	9859	0fb04a782baae20302218ccde1de23c36c037d6011f41b58256b604da9ec986b
result/expert_self_risk_v1/mosei/phase1/checkpoint_fold1/cfcompat_seed1114/individual_proxy_metrics.tsv	2793	2f1ca932b045181b0f4a76daf7e43aa1aa0930dbfde5238ce270db107fac9945
result/expert_self_risk_v1/mosei/phase1/checkpoint_fold1/cfcompat_seed1114/outer_diagnostic_ledger.csv.gz	196669	e032f218424296c56d11c6ea32bb0c798c9759944ebb5dc8a4b32df1bff33da7
result/expert_self_risk_v1/mosei/phase1/checkpoint_fold1/cfcompat_seed1114/outer_evaluation_access_lock.json	257	79860fd9d320f8aa1e188e1b89035875abdd437a7f4d5f32f2739017c6832991
result/expert_self_risk_v1/mosei/phase1/checkpoint_fold1/cfcompat_seed1114/outer_evaluation_manifest.json	1628	81612eba155b63029b07bbf3bd2b5b7d171e8fd6af05dc53c50db3a91cda09ef
result/expert_self_risk_v1/mosei/phase1/checkpoint_fold1/cfcompat_seed1114/outer_metrics.tsv	9540	a7a258dc5e9976ae789d274ae10520abea845c8552c32ddad86949d5a40c6313
result/expert_self_risk_v1/mosei/phase1/checkpoint_fold1/cfcompat_seed1114/quantile_calibration.tsv	1073	7ad33c2352e152fc396e6a1783bd369eee2caffd0ca4c9d097e1bdf1341fbcfb
result/expert_self_risk_v1/mosei/phase1/checkpoint_fold1/cfcompat_seed1114/risk_coverage.tsv	25280	d8702e15aedf6bf95b099e3bee080ad14116380bbfd0304ef155c73472d73e09
result/expert_self_risk_v1/mosei/phase1/checkpoint_fold1/moddrop_seed1111/L/bad20_candidates.tsv	210	3d0bb8f8e1993e75726349085cae5cdf333e0f34cb0975b320805d938cbe43a4
result/expert_self_risk_v1/mosei/phase1/checkpoint_fold1/moddrop_seed1111/L/confident_wrong_candidates.tsv	210	f31f6c1246d5d10750695a17199306371cb0722d478824d8f80bdf17701ea0e7
result/expert_self_risk_v1/mosei/phase1/checkpoint_fold1/moddrop_seed1111/L/frozen_probe_bundle.joblib	441501	77784b314f10f71f3364fbbdd83fba3f9300800caaca15bd0e547e2281fcb52a
result/expert_self_risk_v1/mosei/phase1/checkpoint_fold1/moddrop_seed1111/L/frozen_static_probe_features_label_free.csv.gz	3890679	5df8e63a9478c6cdcbc7f7b230236d71e5ab48567357344e4aca24e63b2496ae
result/expert_self_risk_v1/mosei/phase1/checkpoint_fold1/moddrop_seed1111/L/outer_risk_predictions_label_free.csv.gz	315200	5fd7713cc8cab36cbb2e306d092c7633529720a43582f5c1a9f3dfbb61329d7d
result/expert_self_risk_v1/mosei/phase1/checkpoint_fold1/moddrop_seed1111/L/regression_candidates.tsv	568	8f8519a4742dc705b685d607747cf53b6d251dbd39dd04bb545dee9801f7f0f7
result/expert_self_risk_v1/mosei/phase1/checkpoint_fold1/moddrop_seed1111/L/risk_label_thresholds.tsv	256	8b327008e294257c42f26a64229b1626bc61701c8fdc240bac0b955895b27f5c
result/expert_self_risk_v1/mosei/phase1/checkpoint_fold1/moddrop_seed1111/LA/bad20_candidates.tsv	210	e112485d84a30f0f275f2880ca0868e5f90accea189732ada91aad4a746aa6b7
result/expert_self_risk_v1/mosei/phase1/checkpoint_fold1/moddrop_seed1111/LA/confident_wrong_candidates.tsv	210	f928d0402b09324fa92208dabf2fbd458cc515ca443c5019ad37957a2b70f2ee
result/expert_self_risk_v1/mosei/phase1/checkpoint_fold1/moddrop_seed1111/LA/frozen_probe_bundle.joblib	808893	c5d987ad7e533156668635027977f77210b5c1757f8e29042f8e42ba81f1c76f
result/expert_self_risk_v1/mosei/phase1/checkpoint_fold1/moddrop_seed1111/LA/frozen_static_probe_features_label_free.csv.gz	5818921	24f470642fb03f1a501f0de363048cd465732b866e7f2238a9c4d26584df588e
result/expert_self_risk_v1/mosei/phase1/checkpoint_fold1/moddrop_seed1111/LA/outer_risk_predictions_label_free.csv.gz	326825	904f18447eab00c2666d77dd8e642cfba02f3276d5505ea0f68448592075962e
result/expert_self_risk_v1/mosei/phase1/checkpoint_fold1/moddrop_seed1111/LA/regression_candidates.tsv	580	df8616a2cd1b8996a4ddda4bac513d13c27eba008f1f7a6ae0c55cebafcda267
result/expert_self_risk_v1/mosei/phase1/checkpoint_fold1/moddrop_seed1111/LA/risk_label_thresholds.tsv	256	5f27861cd65269c38762392a9f18db57c5d54fd3ecaf4aa449f1f021c128dc4b
result/expert_self_risk_v1/mosei/phase1/checkpoint_fold1/moddrop_seed1111/LAV/bad20_candidates.tsv	209	47d2a1e461ea342987fad51d9cf495d5cae4bc50cc15fc05a08128d5886971aa
result/expert_self_risk_v1/mosei/phase1/checkpoint_fold1/moddrop_seed1111/LAV/confident_wrong_candidates.tsv	210	21b17e17d3e858b86b36a0b66857baeba9b42ef4f41de041faec4dec5abc488a
result/expert_self_risk_v1/mosei/phase1/checkpoint_fold1/moddrop_seed1111/LAV/frozen_probe_bundle.joblib	1109805	ad15dd44615491ba34582ea923e1c61ee599f13c5f5321be6ff63b85dd189ae4
result/expert_self_risk_v1/mosei/phase1/checkpoint_fold1/moddrop_seed1111/LAV/frozen_static_probe_features_label_free.csv.gz	8491621	4489f05571ad3c30b1875290a6429694e584d7b8a6c150c8cb2ed7d8cc64ef94
result/expert_self_risk_v1/mosei/phase1/checkpoint_fold1/moddrop_seed1111/LAV/outer_risk_predictions_label_free.csv.gz	327571	0b8ca9297580ecaf5d01eb4b3e09522f622a9c49bbc7e8c2aa9ecc1644afacc3
result/expert_self_risk_v1/mosei/phase1/checkpoint_fold1/moddrop_seed1111/LAV/regression_candidates.tsv	591	49bfa50c3b97223dda7f1b5549ab53fe9c511a5b86e62e3095c4b05fb9421414
result/expert_self_risk_v1/mosei/phase1/checkpoint_fold1/moddrop_seed1111/LAV/risk_label_thresholds.tsv	255	164c876fe371a764eb9bdf2b361086cb8574bb86cf0748516218c6e592aaeb1b
result/expert_self_risk_v1/mosei/phase1/checkpoint_fold1/moddrop_seed1111/LV/bad20_candidates.tsv	208	9ff27cf0b0ddb6ceae91bdb44dd262abde22fa08db6c585d612878b7346426ef
result/expert_self_risk_v1/mosei/phase1/checkpoint_fold1/moddrop_seed1111/LV/confident_wrong_candidates.tsv	209	9b21f3baca62fb73adc5017b182eae50f0157b98d71443266b44e3d48e75de2d
result/expert_self_risk_v1/mosei/phase1/checkpoint_fold1/moddrop_seed1111/LV/frozen_probe_bundle.joblib	496893	b90c8ca8e71c078bab63574eedd28f96bb0ae07d633a00ef7b982f516f92d991
result/expert_self_risk_v1/mosei/phase1/checkpoint_fold1/moddrop_seed1111/LV/frozen_static_probe_features_label_free.csv.gz	6577177	4e60339fce88846ebfe2f725a2f3a8049b903c00aba511e311fd7eb9f7120910
result/expert_self_risk_v1/mosei/phase1/checkpoint_fold1/moddrop_seed1111/LV/outer_risk_predictions_label_free.csv.gz	327683	675151501a8b04181d920388d1a21022e58380039e96be4388c6138bc2f672d2
result/expert_self_risk_v1/mosei/phase1/checkpoint_fold1/moddrop_seed1111/LV/regression_candidates.tsv	581	65534593a0fd47424dcfe784d9be57dedb375dd10ab382c8c532ceccbc1fefbf
result/expert_self_risk_v1/mosei/phase1/checkpoint_fold1/moddrop_seed1111/LV/risk_label_thresholds.tsv	257	5e6da6ca7134cc5dd984db9cc42580ff1a347430a725d9c0be4ca58c42acd872
result/expert_self_risk_v1/mosei/phase1/checkpoint_fold1/moddrop_seed1111/confident_wrong_sensitivity.tsv	1905	0bd709a5ff87e37e102a9fde25e7b03ab3ec8999b40813002f331bd093bfd81c
result/expert_self_risk_v1/mosei/phase1/checkpoint_fold1/moddrop_seed1111/frozen_inner_valid_selection.json	9847	13545f4b828e79d5bd9df7a49cfa2d6df3a39d08ab8375cdd0048c9081a4a283
result/expert_self_risk_v1/mosei/phase1/checkpoint_fold1/moddrop_seed1111/individual_proxy_metrics.tsv	2774	fc5bb3ecfa76d8bb57072874914b3c436bb8028cd467cee8abbe0417a5090c9d
result/expert_self_risk_v1/mosei/phase1/checkpoint_fold1/moddrop_seed1111/outer_diagnostic_ledger.csv.gz	194017	2bbd2dc5b3a633e5f8c863938bd9eb33795fe44314c75786dba696de04bbc6f0
result/expert_self_risk_v1/mosei/phase1/checkpoint_fold1/moddrop_seed1111/outer_evaluation_access_lock.json	256	882e000c87c8b41fc8e95df60e0fc700aa65f6f00e44ce9af3dbfd0370f97497
result/expert_self_risk_v1/mosei/phase1/checkpoint_fold1/moddrop_seed1111/outer_evaluation_manifest.json	1624	d659b6b0da42d1a32d7bd616578be57d0b2a333a3198246c3872e8ee34d2b7be
result/expert_self_risk_v1/mosei/phase1/checkpoint_fold1/moddrop_seed1111/outer_metrics.tsv	9430	ce950557ca65c6f4e9aed32be1939911f7e033acfec89d2ec85911add2c70624
result/expert_self_risk_v1/mosei/phase1/checkpoint_fold1/moddrop_seed1111/quantile_calibration.tsv	1052	875bd6bc43a9a13d1bfb01464d25ba7a13dac5d4d86770a2f5f1c7d28d7c6bff
result/expert_self_risk_v1/mosei/phase1/checkpoint_fold1/moddrop_seed1111/risk_coverage.tsv	25193	a057d7e88ca4baacf7a1c5be328be9a57dafaf9631d38d7e6fce417104f34272
result/expert_self_risk_v1/mosei/phase1/checkpoint_fold1/moddrop_seed1114/L/bad20_candidates.tsv	210	2375c59704cbe7a7bc59796b7b82af948c30d6699775ed9a5439f8024ce75497
result/expert_self_risk_v1/mosei/phase1/checkpoint_fold1/moddrop_seed1114/L/confident_wrong_candidates.tsv	208	077fb5ff81fa468d1071646bb3f263bb29d00c26f209de27f10c3e238245cf17
result/expert_self_risk_v1/mosei/phase1/checkpoint_fold1/moddrop_seed1114/L/frozen_probe_bundle.joblib	1039853	335104086af435580a9e06b847e55190b78324a8ddb92a5f72203e0cb51297ed
result/expert_self_risk_v1/mosei/phase1/checkpoint_fold1/moddrop_seed1114/L/frozen_static_probe_features_label_free.csv.gz	3906919	d5fb1544bac725cb4c8510d2025083430817b8595e87601e64762cba946702ed
result/expert_self_risk_v1/mosei/phase1/checkpoint_fold1/moddrop_seed1114/L/outer_risk_predictions_label_free.csv.gz	314662	a330b5c6dbd57e9e0cd6e49aabcd0ea8097a7aa54cc4d8018d5d9d0dd894bb85
result/expert_self_risk_v1/mosei/phase1/checkpoint_fold1/moddrop_seed1114/L/regression_candidates.tsv	566	f1b42659629a26707be68c452c6f12be27b4dccaa96e99f5b06411be2c22b9bd
result/expert_self_risk_v1/mosei/phase1/checkpoint_fold1/moddrop_seed1114/L/risk_label_thresholds.tsv	252	7183bbaa097a9214b386772cc522fff6fe578dadf56c07a7f85928437f0f554b
result/expert_self_risk_v1/mosei/phase1/checkpoint_fold1/moddrop_seed1114/LA/bad20_candidates.tsv	209	592c27291ecfac227107cae65412f87a61b00817691cca93f9fadc31df20fcf9
result/expert_self_risk_v1/mosei/phase1/checkpoint_fold1/moddrop_seed1114/LA/confident_wrong_candidates.tsv	209	7ce652f15702ea3070e21c2731d99e65d67f3c8f8cf00065345493e8c07c5f5a
result/expert_self_risk_v1/mosei/phase1/checkpoint_fold1/moddrop_seed1114/LA/frozen_probe_bundle.joblib	1913101	f646b910eec3a23070867b4b2b97e8221ace66502c8380af383e124d17d7e416
result/expert_self_risk_v1/mosei/phase1/checkpoint_fold1/moddrop_seed1114/LA/frozen_static_probe_features_label_free.csv.gz	8113818	3992a4ae4af528a7f11a6bfae9019f564c6a11094e86ce40625134e4bae815f8
result/expert_self_risk_v1/mosei/phase1/checkpoint_fold1/moddrop_seed1114/LA/outer_risk_predictions_label_free.csv.gz	327287	13ac5a4f00ec5b9f2c58e39773286d768c5fa8f0678ee11c096ca9ca772b5076
result/expert_self_risk_v1/mosei/phase1/checkpoint_fold1/moddrop_seed1114/LA/regression_candidates.tsv	580	e7102991aae046fcd01b40b45cf2c3df6bed9e58d7b0e791f812b2d49e2c3af2
result/expert_self_risk_v1/mosei/phase1/checkpoint_fold1/moddrop_seed1114/LA/risk_label_thresholds.tsv	257	488de48dbb569779d193b065992cefeca09c073008dbe56a327e93056469695c
result/expert_self_risk_v1/mosei/phase1/checkpoint_fold1/moddrop_seed1114/LAV/bad20_candidates.tsv	208	727292dc08e9155b14aa4eaff7fca2180522143c2b83180a12595b3a37379cd2
result/expert_self_risk_v1/mosei/phase1/checkpoint_fold1/moddrop_seed1114/LAV/confident_wrong_candidates.tsv	209	c6849ca00ea9b721650a8106501bcda9cbf9d55c07d1891e1ad7fe414019a3c8
result/expert_self_risk_v1/mosei/phase1/checkpoint_fold1/moddrop_seed1114/LAV/frozen_probe_bundle.joblib	1563485	9e3905e731df027a9b53eb040e4169d6be351391cdceda53d4b366b59bc22ed4
result/expert_self_risk_v1/mosei/phase1/checkpoint_fold1/moddrop_seed1114/LAV/frozen_static_probe_features_label_free.csv.gz	8473600	7606ebd9f49ce111843c8fcbf780b1101186e428322d8189aaf3898a31e17dbe
result/expert_self_risk_v1/mosei/phase1/checkpoint_fold1/moddrop_seed1114/LAV/outer_risk_predictions_label_free.csv.gz	327056	7430ff7953b9f557bca2721e25e5b4c65623b430efa6a9122fe1c89970c579c1
result/expert_self_risk_v1/mosei/phase1/checkpoint_fold1/moddrop_seed1114/LAV/regression_candidates.tsv	595	88d35f630481b6dc6851386d06e9eff583f35193cd936162f946c32dd4353712
result/expert_self_risk_v1/mosei/phase1/checkpoint_fold1/moddrop_seed1114/LAV/risk_label_thresholds.tsv	257	266c4c1fbb8cb7e449e2f102f65ad9924140864dd1831917c9730d6b48cc8efe
result/expert_self_risk_v1/mosei/phase1/checkpoint_fold1/moddrop_seed1114/LV/bad20_candidates.tsv	208	5105f16a424a84664638a8ca2678c0bfadf4c7fe512f6217490f1250700f9699
result/expert_self_risk_v1/mosei/phase1/checkpoint_fold1/moddrop_seed1114/LV/confident_wrong_candidates.tsv	209	0e2b10b0a2ec878b3f9a28bd49bbe130710daeda4ac817360755a560d81ee739
result/expert_self_risk_v1/mosei/phase1/checkpoint_fold1/moddrop_seed1114/LV/frozen_probe_bundle.joblib	1586157	fa87c32d968ea44df549ddf6538747fa74d18f129a574383c43036d43341406b
result/expert_self_risk_v1/mosei/phase1/checkpoint_fold1/moddrop_seed1114/LV/frozen_static_probe_features_label_free.csv.gz	5828555	d88bd0540d4b9dbe816eed73fea13af354ee48e2f3c7118527e112f84a74b7a8
result/expert_self_risk_v1/mosei/phase1/checkpoint_fold1/moddrop_seed1114/LV/outer_risk_predictions_label_free.csv.gz	326613	afb5c366198212853f1d26e4380176284c3a02b7a44aee623331c379a28aaeb7
result/expert_self_risk_v1/mosei/phase1/checkpoint_fold1/moddrop_seed1114/LV/regression_candidates.tsv	578	f398ab551c125a132a119e17d1145a36f9a7af5331eb73eac5999bfcea7910b7
result/expert_self_risk_v1/mosei/phase1/checkpoint_fold1/moddrop_seed1114/LV/risk_label_thresholds.tsv	257	2fff1f204ca3fb963c9da4a25bfe83918faf2ca49422e5ebbe29fefc7d2ca1f5
result/expert_self_risk_v1/mosei/phase1/checkpoint_fold1/moddrop_seed1114/confident_wrong_sensitivity.tsv	2009	af2f9c18365e334cca8937546aa8289d3197ef35ea1fc8cd4d6400695bf03280
result/expert_self_risk_v1/mosei/phase1/checkpoint_fold1/moddrop_seed1114/frozen_inner_valid_selection.json	9839	9c36a2147cbff14da000cb1aa04479b2a0bf9085337770e63481e6ce595042b7
result/expert_self_risk_v1/mosei/phase1/checkpoint_fold1/moddrop_seed1114/individual_proxy_metrics.tsv	2772	4bcaf4db9defb08ffc77e39e74aac840c8fb7ea6c739abb595f0715689f8e80e
result/expert_self_risk_v1/mosei/phase1/checkpoint_fold1/moddrop_seed1114/outer_diagnostic_ledger.csv.gz	192711	1808b01607d09c9d9323904d378a8a6d98e55af8eb250043095c9f7b0a2435f0
result/expert_self_risk_v1/mosei/phase1/checkpoint_fold1/moddrop_seed1114/outer_evaluation_access_lock.json	256	17e3aeac4e06c4fc018152d6c195803fdba6cc1231050b0f8d0c408f71d41f30
result/expert_self_risk_v1/mosei/phase1/checkpoint_fold1/moddrop_seed1114/outer_evaluation_manifest.json	1624	c814ec1560b3be2628b05cd42420d1e601a1d253355d61a3045a2df823d5fd87
result/expert_self_risk_v1/mosei/phase1/checkpoint_fold1/moddrop_seed1114/outer_metrics.tsv	9464	d591bee0aa36d404724cd52c47a6e792e04ccca10e0551b5f6c30655015c0766
result/expert_self_risk_v1/mosei/phase1/checkpoint_fold1/moddrop_seed1114/quantile_calibration.tsv	1057	17e727ae2be112a61c2c099de214d27c5b8235dae51105fa889fa8eddb2d62d0
result/expert_self_risk_v1/mosei/phase1/checkpoint_fold1/moddrop_seed1114/risk_coverage.tsv	25181	0a046b5e898351377a175dee5123dad6db182735e1851399c3c09dbc490c62c0
result/expert_self_risk_v1/mosei/phase1/checkpoint_fold1/uniform_kd_seed1111/L/bad20_candidates.tsv	210	d5e9a992b16028bb4349cdc68fe838e8a727e42832ab0c6c601d7e1d60b850f4
result/expert_self_risk_v1/mosei/phase1/checkpoint_fold1/uniform_kd_seed1111/L/confident_wrong_candidates.tsv	210	3e422fd0d723a4e57c4772c2a27f121e2c6b65d6ba2e5c4ebf03109a28c04c97
result/expert_self_risk_v1/mosei/phase1/checkpoint_fold1/uniform_kd_seed1111/L/frozen_probe_bundle.joblib	794925	b73bd11bb7cfa97801b203a13d4d77a2ff687eee2a40a77c01ded9c2d9bb6b3e
result/expert_self_risk_v1/mosei/phase1/checkpoint_fold1/uniform_kd_seed1111/L/frozen_static_probe_features_label_free.csv.gz	3895446	1b6f99270ca94ee3023e7786c8fcc89893878b18e94b7caf427c09fa96be01a2
result/expert_self_risk_v1/mosei/phase1/checkpoint_fold1/uniform_kd_seed1111/L/outer_risk_predictions_label_free.csv.gz	315818	026b5ba7aa339dd3dd9aa4781d9f2426fdfe486d421c1b507809f4c974f23223
result/expert_self_risk_v1/mosei/phase1/checkpoint_fold1/uniform_kd_seed1111/L/regression_candidates.tsv	565	ca9f668847586f062ffa12c0e9e7cac3d7762df516c97de517dfe1282e99bf35
result/expert_self_risk_v1/mosei/phase1/checkpoint_fold1/uniform_kd_seed1111/L/risk_label_thresholds.tsv	254	c04b39d94edba10673794fc9dcad81dbfd5f40225f4c10e42c4fcf89e6cbfc69
result/expert_self_risk_v1/mosei/phase1/checkpoint_fold1/uniform_kd_seed1111/LA/bad20_candidates.tsv	208	91aade61cac81b5b15519e72d515d5a198b16d351ed1787a82fb751b3e551e11
result/expert_self_risk_v1/mosei/phase1/checkpoint_fold1/uniform_kd_seed1111/LA/confident_wrong_candidates.tsv	208	e12679eb4a13954b9ab4dd66dbc637839bdda0ec36693463df3421fde0bb0b3d
result/expert_self_risk_v1/mosei/phase1/checkpoint_fold1/uniform_kd_seed1111/LA/frozen_probe_bundle.joblib	1051789	d59f14d8137e3cdf61270eccbb4e139e4ba7d24b25c083cb7be9219c1df232a6
result/expert_self_risk_v1/mosei/phase1/checkpoint_fold1/uniform_kd_seed1111/LA/frozen_static_probe_features_label_free.csv.gz	8116337	5a4dbffd03bb302bd79e7288e535bca9eee0cf563648cc0db2c1b6c5450c4a74
result/expert_self_risk_v1/mosei/phase1/checkpoint_fold1/uniform_kd_seed1111/LA/outer_risk_predictions_label_free.csv.gz	327629	7a8ffa08da4c53c5132cd13b1e36324ffe0e5273fdd1d6148020204595db0115
result/expert_self_risk_v1/mosei/phase1/checkpoint_fold1/uniform_kd_seed1111/LA/regression_candidates.tsv	579	d476334d72b2ef586b2a95f4e65611d6e355a0b3b7d7ddc21f5fc5fc6b89e335
result/expert_self_risk_v1/mosei/phase1/checkpoint_fold1/uniform_kd_seed1111/LA/risk_label_thresholds.tsv	256	86dd0c3f753c171b3566311ec4407c532bb52d3933d3c320d12e9863d6e05bd0
result/expert_self_risk_v1/mosei/phase1/checkpoint_fold1/uniform_kd_seed1111/LAV/bad20_candidates.tsv	210	4cf2dff1b9ceaaa41d7a5a15df6ffa968f788259938d015b89d6bc02fed31807
result/expert_self_risk_v1/mosei/phase1/checkpoint_fold1/uniform_kd_seed1111/LAV/confident_wrong_candidates.tsv	209	3ac6cbb66ac637664d380f9bdacb36e47ff27e1cfbf8461be1916b38c4734be1
result/expert_self_risk_v1/mosei/phase1/checkpoint_fold1/uniform_kd_seed1111/LAV/frozen_probe_bundle.joblib	1083805	eda1ce0c26c3515f52df363893c94e80b1bcf531f12f659757078d92f04dd981
result/expert_self_risk_v1/mosei/phase1/checkpoint_fold1/uniform_kd_seed1111/LAV/frozen_static_probe_features_label_free.csv.gz	7741546	2ce0d8593dad357b0f8c7870f00fbf0af0672e83d0f7e1d1a848c9ebca54a3e7
result/expert_self_risk_v1/mosei/phase1/checkpoint_fold1/uniform_kd_seed1111/LAV/outer_risk_predictions_label_free.csv.gz	327623	af58e319be4a5236211128544fb4507b827ff50bd5ed4b851d3f63e3251a76f7
result/expert_self_risk_v1/mosei/phase1/checkpoint_fold1/uniform_kd_seed1111/LAV/regression_candidates.tsv	591	1392ba9f398d4abe9ccfe8ef7d068be62d376062cc6faa120de4d85521c6bde1
result/expert_self_risk_v1/mosei/phase1/checkpoint_fold1/uniform_kd_seed1111/LAV/risk_label_thresholds.tsv	258	e9bc4e07b28aebe2c55c66a2ce148530ac1a08f4d352245b054462fd87e97a4d
result/expert_self_risk_v1/mosei/phase1/checkpoint_fold1/uniform_kd_seed1111/LV/bad20_candidates.tsv	209	15ddee045851893eb3f56bef8bf12724fa9cf7106ca66c319618674bcbbd440b
result/expert_self_risk_v1/mosei/phase1/checkpoint_fold1/uniform_kd_seed1111/LV/confident_wrong_candidates.tsv	210	b4de8d666deac823ea86416688b4f54532a8b7a92df4d71e16784117d0c452aa
result/expert_self_risk_v1/mosei/phase1/checkpoint_fold1/uniform_kd_seed1111/LV/frozen_probe_bundle.joblib	927357	978b0ec810e4c37dcafd7e2c19899732d346a5068ee2dacda13f78372556efe5
result/expert_self_risk_v1/mosei/phase1/checkpoint_fold1/uniform_kd_seed1111/LV/frozen_static_probe_features_label_free.csv.gz	5824720	beccc0c0c3edfcf4c6a40b752d1f1c479d06eb08bdef15582d1fc753bd38dffd
result/expert_self_risk_v1/mosei/phase1/checkpoint_fold1/uniform_kd_seed1111/LV/outer_risk_predictions_label_free.csv.gz	326736	2b39e1761a1aab91bd2fdd13e60c3de68188f0ce44b7fc5d0ebbfe7d9453570d
result/expert_self_risk_v1/mosei/phase1/checkpoint_fold1/uniform_kd_seed1111/LV/regression_candidates.tsv	582	ca9fb4c60e65cae87f549a08b10e195d0d0c9cecf297c03895e09c040e830fae
result/expert_self_risk_v1/mosei/phase1/checkpoint_fold1/uniform_kd_seed1111/LV/risk_label_thresholds.tsv	257	2f2a7fec14dc97d44d876e76f638e60cd16672bcd547cc8eaf8040f6c26fdb96
result/expert_self_risk_v1/mosei/phase1/checkpoint_fold1/uniform_kd_seed1111/confident_wrong_sensitivity.tsv	2048	3cdce8924fb857df36c7e5f27266a3ac5364358f3fd7220fe5b2fadd1acd47f7
result/expert_self_risk_v1/mosei/phase1/checkpoint_fold1/uniform_kd_seed1111/frozen_inner_valid_selection.json	9895	08efc24ddd64b225ff5f5a414c13c0ad052dc5c36d56bce8736ca3f010a83fa7
result/expert_self_risk_v1/mosei/phase1/checkpoint_fold1/uniform_kd_seed1111/individual_proxy_metrics.tsv	2852	a09c09db1ddcbf845d30adc2c15484b9130327a5e0c8bdb50cb2d65b6f60ece6
result/expert_self_risk_v1/mosei/phase1/checkpoint_fold1/uniform_kd_seed1111/outer_diagnostic_ledger.csv.gz	195052	236ae3229621e67248e5dd2919709530316a05fdea5bd499427e4ae59abb84bc
result/expert_self_risk_v1/mosei/phase1/checkpoint_fold1/uniform_kd_seed1111/outer_evaluation_access_lock.json	259	061cf7ded433cfb3b66f8baf463e64482fce5d3cd994db4a2fd62bfa83a73076
result/expert_self_risk_v1/mosei/phase1/checkpoint_fold1/uniform_kd_seed1111/outer_evaluation_manifest.json	1636	ce12ec09b5ead9d49c4cc2ef7b27d9a77c7bea15543796ac6ccfc5b9b193edbc
result/expert_self_risk_v1/mosei/phase1/checkpoint_fold1/uniform_kd_seed1111/outer_metrics.tsv	9611	ae9a471e9d5c1d9b8a5414bb3da6899a76d229341ec59b29bb96da37117de566
result/expert_self_risk_v1/mosei/phase1/checkpoint_fold1/uniform_kd_seed1111/quantile_calibration.tsv	1092	479162f25066562531f2b9ac1e95c279a34d3b2304635feff4cd512f95ff51fa
result/expert_self_risk_v1/mosei/phase1/checkpoint_fold1/uniform_kd_seed1111/risk_coverage.tsv	25717	99f3fece9d21b7bdb46957cfee949e85241b4a12d76d671b324746cd0a9e6b2e
result/expert_self_risk_v1/mosei/protocol/candidate_table.json	1483	5c34b99394d8e08032ea86ddaf44dc3b712d83375c753daa93b8cd409b287252
result/expert_self_risk_v1/mosei/protocol/concurrent_execution_schema.json	709	29f88711f7320cdaf4cd8792cd4cb3d28b9032dbe8fcd8b0894f45fbf2013461
result/expert_self_risk_v1/mosei/protocol/frozen_protocol_manifest.json	3456	8dbab9336dd3f1d6d70ee58256eccff04571100d91171fbef839721230eb153b
result/expert_self_risk_v1/mosei/protocol/gate_operationalization.json	3301	e225ce25bf9a6c1ea5adf63aeb969b4b33381c9d69a8a8496a5baea363450757
result/expert_self_risk_v1/mosei/protocol/hook_schema.json	820	2b7e593e3b0e14219f2e93e222c335e646dd607dd7fc0d19a19f610d8dfa4743
result/expert_self_risk_v1/mosei/protocol/metric_evaluation_schema.json	914	ed1a0bff5c4f367ac774e1ffd69dc4884ac7057e83a83fc010af08454f2a1fc4
result/expert_self_risk_v1/mosei/protocol/pca_input_schema.json	1030	131dd872bce9a34be8ef84cec7d720f69443f2f931da3a2958e7b509370ab53c
result/expert_self_risk_v1/mosei/protocol/sample_split_manifest.csv	977443	1cde51ede2d0b2fd70a80378e09f4de714b2a4472c2edb1661df71e7d0aabff0
result/expert_self_risk_v1/mosei/protocol/source_split_manifest.csv	104716	cf5981550d48323b5ae8cd1684c363a67e0012961161ab091b5b4bba872e0490
result/expert_self_risk_v1/mosei/protocol/source_split_summary.tsv	334	c94e9ece5451805e90ea8c62ae5bc31bf4234371e5ba0b3f77b19ae5110353b4
result/expert_self_risk_v1/mosei/smoke/checkpoint_fold0/uniform_kd_seed1111/development_risk_labels_L.csv.gz	302	af2b23f74940b30aff14e850a053e792f2dc9f2ccf9cba63530cead357ba480a
result/expert_self_risk_v1/mosei/smoke/checkpoint_fold0/uniform_kd_seed1111/development_risk_labels_LA.csv.gz	306	8af434e7d0b010ffd024782a4da4717968b7a2620ae5adcc9c1c96d45dbf9f18
result/expert_self_risk_v1/mosei/smoke/checkpoint_fold0/uniform_kd_seed1111/development_risk_labels_LAV.csv.gz	308	99be32c4dd364ac0c8bc348245cc03755eed618eaa345d54c402f0e20c8e1c06
result/expert_self_risk_v1/mosei/smoke/checkpoint_fold0/uniform_kd_seed1111/development_risk_labels_LV.csv.gz	308	9d040bc938834bcce17922fb743440a7bef2fb23da75aa938e3487ed43f24f6e
result/expert_self_risk_v1/mosei/smoke/checkpoint_fold0/uniform_kd_seed1111/extraction_manifest.json	6257	f7476e0aa82ca3f9561f2fb49c8d9d9d546fa97cd4f32057a648fa19ed41f807
result/expert_self_risk_v1/mosei/smoke/checkpoint_fold0/uniform_kd_seed1111/feature_binding_ledger.csv.gz	970	98089afd541f1c130901f87d0badcd04421ef32f78b6f7bc065b129ef0981d91
result/expert_self_risk_v1/mosei/smoke/checkpoint_fold0/uniform_kd_seed1111/raw_internal_vectors_L.npz	9018	67a47305ed6869459a0431743d6300acd00e38638f026063e54437aa05b5942e
result/expert_self_risk_v1/mosei/smoke/checkpoint_fold0/uniform_kd_seed1111/raw_internal_vectors_LA.npz	10533	a9c54152ec7fd8de39f0a39ab195fb9e93e0b4a2e386f82688279d58c912cc4f
result/expert_self_risk_v1/mosei/smoke/checkpoint_fold0/uniform_kd_seed1111/raw_internal_vectors_LAV.npz	12013	37f53471f3bb3a7cee5e85a241661de0447e5d50f59e948e6223ac136141c2a0
result/expert_self_risk_v1/mosei/smoke/checkpoint_fold0/uniform_kd_seed1111/raw_internal_vectors_LV.npz	10514	72fd902390f9792726d1638ff16a763ea559b33cd4623a237c2f95cc32fe37fd
result/expert_self_risk_v1/mosei/smoke/checkpoint_fold0/uniform_kd_seed1111/sealed_outer_labels/outer_labels_L.csv.gz	73	dd459721cb21f8266a53c0316ed0cf35ea79c99680e0b527e12a583dd4ca1109
result/expert_self_risk_v1/mosei/smoke/checkpoint_fold0/uniform_kd_seed1111/sealed_outer_labels/outer_labels_LA.csv.gz	73	dd459721cb21f8266a53c0316ed0cf35ea79c99680e0b527e12a583dd4ca1109
result/expert_self_risk_v1/mosei/smoke/checkpoint_fold0/uniform_kd_seed1111/sealed_outer_labels/outer_labels_LAV.csv.gz	73	dd459721cb21f8266a53c0316ed0cf35ea79c99680e0b527e12a583dd4ca1109
result/expert_self_risk_v1/mosei/smoke/checkpoint_fold0/uniform_kd_seed1111/sealed_outer_labels/outer_labels_LV.csv.gz	73	dd459721cb21f8266a53c0316ed0cf35ea79c99680e0b527e12a583dd4ca1109
result/expert_self_risk_v1/mosei/smoke/checkpoint_fold0/uniform_kd_seed1111/static_internal_features_L.csv.gz	1914	58a91828a96459bedc551ee75c1187d275c617e3db999c7e3bc1ad95f51ec3f5
result/expert_self_risk_v1/mosei/smoke/checkpoint_fold0/uniform_kd_seed1111/static_internal_features_LA.csv.gz	2642	7a74375c4e082f72d7ecb762393cf13a1437cc8be83340d6608228ba4bdf8022
result/expert_self_risk_v1/mosei/smoke/checkpoint_fold0/uniform_kd_seed1111/static_internal_features_LAV.csv.gz	3335	356505c115e324d410e23484b4990cc402d6e1747ca57290e9ccafc77fddaef1
result/expert_self_risk_v1/mosei/smoke/checkpoint_fold0/uniform_kd_seed1111/static_internal_features_LV.csv.gz	2634	bfaefa455b152f4090a515ffa3ed48528da866ea650e0271755c7b4cddcccadb
result/expert_self_risk_v1/mosei/smoke/cpu_smoke_report.json	1554	7e486291a5c1eb5c107ba4a63b745350b700dde9f1f777ddd494978660793c97
