SplitSeed	Comparison	Iteration	DeltaJ
2101	P1_minus_P0	0	0.003765400837554722
2101	P1_minus_P0	1	0.0034605526033628653
2101	P1_minus_P0	2	0.003573678030123373
2101	P1_minus_P0	3	0.004226964761571472
2101	P1_minus_P0	4	0.0038255327668310635
2101	P1_minus_P0	5	0.0031650565777103234
2101	P1_minus_P0	6	0.003101810358669188
2101	P1_minus_P0	7	0.004743731874306822
2101	P1_minus_P0	8	0.0033780360848613133
2101	P1_minus_P0	9	0.0045829257126907
2101	P1_minus_P0	10	0.003279877250265628
2101	P1_minus_P0	11	0.005102737759579479
2101	P1_minus_P0	12	0.0033041250954949086
2101	P1_minus_P0	13	0.005102217008110255
2101	P1_minus_P0	14	0.004315108219866359
2101	P1_minus_P0	15	0.003991814761057699
2101	P1_minus_P0	16	0.0038811786449112207
2101	P1_minus_P0	17	0.004481395716727232
2101	P1_minus_P0	18	0.004852717417281105
2101	P1_minus_P0	19	0.004484134454067368
2101	P1_minus_P0	20	0.004482055709696009
2101	P1_minus_P0	21	0.0032181795065482355
2101	P1_minus_P0	22	0.0042375102887809435
2101	P1_minus_P0	23	0.0031538648268010228
2101	P1_minus_P0	24	0.0030584203571939472
2101	P1_minus_P0	25	0.0037262688226477048
2101	P1_minus_P0	26	0.0029815046230947106
2101	P1_minus_P0	27	0.004760296587828394
2101	P1_minus_P0	28	0.004321333887397583
2101	P1_minus_P0	29	0.0038509785356565795
2101	P1_minus_P0	30	0.0031796343478540656
2101	P1_minus_P0	31	0.004197429776554851
2101	P1_minus_P0	32	0.0026365677251435904
2101	P1_minus_P0	33	0.003935379902163694
2101	P1_minus_P0	34	0.003730029449136474
2101	P1_minus_P0	35	0.0046328288770878245
2101	P1_minus_P0	36	0.0019267538148983743
2101	P1_minus_P0	37	0.0038718258550346496
2101	P1_minus_P0	38	0.002826038862363933
2101	P1_minus_P0	39	0.004904082553448652
2101	P1_minus_P0	40	0.004234604824965349
2101	P1_minus_P0	41	0.003901727793166332
2101	P1_minus_P0	42	0.0031237971258990527
2101	P1_minus_P0	43	0.0035003629218984256
2101	P1_minus_P0	44	0.003953762385450865
2101	P1_minus_P0	45	0.003990924875252544
2101	P1_minus_P0	46	0.00445108351889878
2101	P1_minus_P0	47	0.004622198249422116
2101	P1_minus_P0	48	0.0036799191829051114
2101	P1_minus_P0	49	0.0038710062469060613
2101	P1_minus_P0	50	0.004494716775545582
2101	P1_minus_P0	51	0.00492529581542217
2101	P1_minus_P0	52	0.0028729814324793823
2101	P1_minus_P0	53	0.003471886474627539
2101	P1_minus_P0	54	0.004701351351249883
2101	P1_minus_P0	55	0.0032412734901480778
2101	P1_minus_P0	56	0.004534170513202818
2101	P1_minus_P0	57	0.0045525759638054275
2101	P1_minus_P0	58	0.004577025563742787
2101	P1_minus_P0	59	0.004608275774783399
2101	P1_minus_P0	60	0.004256459603638851
2101	P1_minus_P0	61	0.004573577420800001
2101	P1_minus_P0	62	0.0032812343411693368
2101	P1_minus_P0	63	0.0034618834270966903
2101	P1_minus_P0	64	0.004005845714164957
2101	P1_minus_P0	65	0.0035936287417107637
2101	P1_minus_P0	66	0.003701761175265328
2101	P1_minus_P0	67	0.0038063754484728984
2101	P1_minus_P0	68	0.004354793015207525
2101	P1_minus_P0	69	0.0027727339319830735
2101	P1_minus_P0	70	0.0035153317431658726
2101	P1_minus_P0	71	0.00419414525305406
2101	P1_minus_P0	72	0.0020399793226988927
2101	P1_minus_P0	73	0.0036832762021338783
2101	P1_minus_P0	74	0.00391810184151864
2101	P1_minus_P0	75	0.003306093403260435
2101	P1_minus_P0	76	0.0048826259016860885
2101	P1_minus_P0	77	0.005350506101170327
2101	P1_minus_P0	78	0.00366541713104912
2101	P1_minus_P0	79	0.0025103050928595994
2101	P1_minus_P0	80	0.003890550604542853
2101	P1_minus_P0	81	0.0030622394416254806
2101	P1_minus_P0	82	0.005298073176640772
2101	P1_minus_P0	83	0.004225827565532081
2101	P1_minus_P0	84	0.0041482244396851
2101	P1_minus_P0	85	0.0046329537012610444
2101	P1_minus_P0	86	0.004191635947322636
2101	P1_minus_P0	87	0.002936877364375867
2101	P1_minus_P0	88	0.0036835029207724634
2101	P1_minus_P0	89	0.0036102994941731303
2101	P1_minus_P0	90	0.004551603533916371
2101	P1_minus_P0	91	0.003931075278182317
2101	P1_minus_P0	92	0.003753113259777119
2101	P1_minus_P0	93	0.0037409119488850395
2101	P1_minus_P0	94	0.003205666929076867
2101	P1_minus_P0	95	0.00331073266837123
2101	P1_minus_P0	96	0.004340133127163859
2101	P1_minus_P0	97	0.003866338561934912
2101	P1_minus_P0	98	0.0036974636131930083
2101	P1_minus_P0	99	0.00424289081758078
2101	P1_minus_P0	100	0.003633036800797962
2101	P1_minus_P0	101	0.0036563486294878267
2101	P1_minus_P0	102	0.005215039738964977
2101	P1_minus_P0	103	0.005195720646303359
2101	P1_minus_P0	104	0.004574373054798853
2101	P1_minus_P0	105	0.004073427609051827
2101	P1_minus_P0	106	0.003939471890740787
2101	P1_minus_P0	107	0.003580713187358142
2101	P1_minus_P0	108	0.002606871873078842
2101	P1_minus_P0	109	0.004229157881088297
2101	P1_minus_P0	110	0.004125104333153717
2101	P1_minus_P0	111	0.004487355199736309
2101	P1_minus_P0	112	0.004651695019595392
2101	P1_minus_P0	113	0.004054854143462294
2101	P1_minus_P0	114	0.0040766175558838436
2101	P1_minus_P0	115	0.004316359723152752
2101	P1_minus_P0	116	0.003919940213796824
2101	P1_minus_P0	117	0.004063122704121069
2101	P1_minus_P0	118	0.0037186914621177847
2101	P1_minus_P0	119	0.0023112449754517372
2101	P1_minus_P0	120	0.0042097546908680394
2101	P1_minus_P0	121	0.004008968187998063
2101	P1_minus_P0	122	0.0044651427060561355
2101	P1_minus_P0	123	0.0038075222641189566
2101	P1_minus_P0	124	0.004530820435628247
2101	P1_minus_P0	125	0.00555610791594735
2101	P1_minus_P0	126	0.005482025634508392
2101	P1_minus_P0	127	0.004470302739252419
2101	P1_minus_P0	128	0.005214140040282977
2101	P1_minus_P0	129	0.003845039469821565
2101	P1_minus_P0	130	0.0027150110897226076
2101	P1_minus_P0	131	0.004324817800320513
2101	P1_minus_P0	132	0.004863356893842541
2101	P1_minus_P0	133	0.003254323676719295
2101	P1_minus_P0	134	0.0034040737267173604
2101	P1_minus_P0	135	0.0035487223704946946
2101	P1_minus_P0	136	0.004415512455329118
2101	P1_minus_P0	137	0.005299932647026828
2101	P1_minus_P0	138	0.004554425881753588
2101	P1_minus_P0	139	0.0035571082092422657
2101	P1_minus_P0	140	0.004159173785953929
2101	P1_minus_P0	141	0.0049061426958375565
2101	P1_minus_P0	142	0.004954265749017472
2101	P1_minus_P0	143	0.005986572320361594
2101	P1_minus_P0	144	0.004569576011371201
2101	P1_minus_P0	145	0.0029305890331975393
2101	P1_minus_P0	146	0.004461826240705569
2101	P1_minus_P0	147	0.003782346202842013
2101	P1_minus_P0	148	0.0051594631449155826
2101	P1_minus_P0	149	0.0036320409999111014
2101	P1_minus_P0	150	0.00431225899645632
2101	P1_minus_P0	151	0.004526457352814928
2101	P1_minus_P0	152	0.0037869549859077534
2101	P1_minus_P0	153	0.0036946728059318867
2101	P1_minus_P0	154	0.004090999820407393
2101	P1_minus_P0	155	0.0046167513683469386
2101	P1_minus_P0	156	0.0038137584491987897
2101	P1_minus_P0	157	0.0041165035886064905
2101	P1_minus_P0	158	0.0033862233515593587
2101	P1_minus_P0	159	0.003696244135958815
2101	P1_minus_P0	160	0.0038312069641786572
2101	P1_minus_P0	161	0.0029714465826464753
2101	P1_minus_P0	162	0.003715540548728191
2101	P1_minus_P0	163	0.0029961198172969716
2101	P1_minus_P0	164	0.0045434365830651635
2101	P1_minus_P0	165	0.003124375638245025
2101	P1_minus_P0	166	0.003938497527519735
2101	P1_minus_P0	167	0.0038792647627803323
2101	P1_minus_P0	168	0.004275880518790132
2101	P1_minus_P0	169	0.0034744289422387054
2101	P1_minus_P0	170	0.001968171582680922
2101	P1_minus_P0	171	0.003925640828233878
2101	P1_minus_P0	172	0.0046126024810833055
2101	P1_minus_P0	173	0.004159161006513257
2101	P1_minus_P0	174	0.004296696119152343
2101	P1_minus_P0	175	0.0038205076175015784
2101	P1_minus_P0	176	0.0038203147321707043
2101	P1_minus_P0	177	0.004296496971839425
2101	P1_minus_P0	178	0.004634520618890248
2101	P1_minus_P0	179	0.003707653737205996
2101	P1_minus_P0	180	0.0029069321448094154
2101	P1_minus_P0	181	0.0034418304949836442
2101	P1_minus_P0	182	0.0035967526662388227
2101	P1_minus_P0	183	0.0020270719270234494
2101	P1_minus_P0	184	0.0038165949092802687
2101	P1_minus_P0	185	0.0033981961201476896
2101	P1_minus_P0	186	0.004602210670516249
2101	P1_minus_P0	187	0.004613351477764566
2101	P1_minus_P0	188	0.003900947491463802
2101	P1_minus_P0	189	0.0031275533684938517
2101	P1_minus_P0	190	0.0024401316950826146
2101	P1_minus_P0	191	0.004429544985900202
2101	P1_minus_P0	192	0.0039027582786719806
2101	P1_minus_P0	193	0.005530655637421333
2101	P1_minus_P0	194	0.0026647833163108148
2101	P1_minus_P0	195	0.0034546429737828954
2101	P1_minus_P0	196	0.0026444233782995097
2101	P1_minus_P0	197	0.003992760620689928
2101	P1_minus_P0	198	0.0033531500355369337
2101	P1_minus_P0	199	0.0056241731889105084
2101	P1_minus_P0	200	0.0045334255517656685
2101	P1_minus_P0	201	0.004386542326838994
2101	P1_minus_P0	202	0.005077376661211552
2101	P1_minus_P0	203	0.0047007206287214
2101	P1_minus_P0	204	0.005387106821959753
2101	P1_minus_P0	205	0.0027983145712433544
2101	P1_minus_P0	206	0.003795920891714877
2101	P1_minus_P0	207	0.0036565951452659506
2101	P1_minus_P0	208	0.0038483917128272482
2101	P1_minus_P0	209	0.004496246757929534
2101	P1_minus_P0	210	0.004652387935466407
2101	P1_minus_P0	211	0.004022017187358173
2101	P1_minus_P0	212	0.0030539533374533967
2101	P1_minus_P0	213	0.003139741828489917
2101	P1_minus_P0	214	0.004099523074485911
2101	P1_minus_P0	215	0.003193178702579458
2101	P1_minus_P0	216	0.002947256785555241
2101	P1_minus_P0	217	0.0047234340893193005
2101	P1_minus_P0	218	0.003790170598253262
2101	P1_minus_P0	219	0.0034344211424149895
2101	P1_minus_P0	220	0.004997445611254037
2101	P1_minus_P0	221	0.004399918068865749
2101	P1_minus_P0	222	0.004822860995740141
2101	P1_minus_P0	223	0.004000795213068564
2101	P1_minus_P0	224	0.003317960123678243
2101	P1_minus_P0	225	0.004267321844293015
2101	P1_minus_P0	226	0.0036239265376381002
2101	P1_minus_P0	227	0.005091278976814662
2101	P1_minus_P0	228	0.0033302040822467682
2101	P1_minus_P0	229	0.0034688400255850627
2101	P1_minus_P0	230	0.0034460705215884624
2101	P1_minus_P0	231	0.0036717460429147586
2101	P1_minus_P0	232	0.004674181150959689
2101	P1_minus_P0	233	0.0037866124649553745
2101	P1_minus_P0	234	0.004581851067916254
2101	P1_minus_P0	235	0.005081804217354213
2101	P1_minus_P0	236	0.005972355892388259
2101	P1_minus_P0	237	0.0029915156195518544
2101	P1_minus_P0	238	0.003907496709160685
2101	P1_minus_P0	239	0.004362717873389543
2101	P1_minus_P0	240	0.0037312347736497276
2101	P1_minus_P0	241	0.0023876092546096794
2101	P1_minus_P0	242	0.0031971050616423913
2101	P1_minus_P0	243	0.0040017332551370854
2101	P1_minus_P0	244	0.003721948583693624
2101	P1_minus_P0	245	0.003586697318083809
2101	P1_minus_P0	246	0.003121497444619814
2101	P1_minus_P0	247	0.004289354446891269
2101	P1_minus_P0	248	0.003661658397315526
2101	P1_minus_P0	249	0.0030491366759170524
2101	P1_minus_P0	250	0.004959471793102965
2101	P1_minus_P0	251	0.004126906043026846
2101	P1_minus_P0	252	0.003942314932524615
2101	P1_minus_P0	253	0.003927475148521098
2101	P1_minus_P0	254	0.003920982487631952
2101	P1_minus_P0	255	0.003901406292729892
2101	P1_minus_P0	256	0.0037279373977502916
2101	P1_minus_P0	257	0.0033424431476569705
2101	P1_minus_P0	258	0.004014343314827917
2101	P1_minus_P0	259	0.0038894781342095897
2101	P1_minus_P0	260	0.0035760474870478176
2101	P1_minus_P0	261	0.002863955874395918
2101	P1_minus_P0	262	0.0037844951129885063
2101	P1_minus_P0	263	0.003166620654085739
2101	P1_minus_P0	264	0.003962491005011226
2101	P1_minus_P0	265	0.0028900508546104986
2101	P1_minus_P0	266	0.00347665081540105
2101	P1_minus_P0	267	0.003934653561011914
2101	P1_minus_P0	268	0.00497961686239623
2101	P1_minus_P0	269	0.0033369733057151407
2101	P1_minus_P0	270	0.004203616199270843
2101	P1_minus_P0	271	0.003868164008518138
2101	P1_minus_P0	272	0.005079937625485698
2101	P1_minus_P0	273	0.004133531121033374
2101	P1_minus_P0	274	0.0036985732173494545
2101	P1_minus_P0	275	0.0038546145138874666
2101	P1_minus_P0	276	0.005282451624152307
2101	P1_minus_P0	277	0.003894967031666363
2101	P1_minus_P0	278	0.004903848073440575
2101	P1_minus_P0	279	0.0036162565132572544
2101	P1_minus_P0	280	0.0036180192364190233
2101	P1_minus_P0	281	0.004497634223533498
2101	P1_minus_P0	282	0.0036229264240945636
2101	P1_minus_P0	283	0.004206521372722816
2101	P1_minus_P0	284	0.004490315619755603
2101	P1_minus_P0	285	0.002981673021651088
2101	P1_minus_P0	286	0.00479781193155876
2101	P1_minus_P0	287	0.004161629373331033
2101	P1_minus_P0	288	0.0031072866629162643
2101	P1_minus_P0	289	0.004296198607647073
2101	P1_minus_P0	290	0.0037334120883092403
2101	P1_minus_P0	291	0.0036308572311543053
2101	P1_minus_P0	292	0.002832449420861971
2101	P1_minus_P0	293	0.0046354684910980826
2101	P1_minus_P0	294	0.004851848033544659
2101	P1_minus_P0	295	0.004861692576718701
2101	P1_minus_P0	296	0.00339380293718361
2101	P1_minus_P0	297	0.0028995107432563394
2101	P1_minus_P0	298	0.004075271441971728
2101	P1_minus_P0	299	0.0044666457517653635
2101	P1_minus_P0	300	0.0036530256197393474
2101	P1_minus_P0	301	0.00563226507569875
2101	P1_minus_P0	302	0.004216329412995101
2101	P1_minus_P0	303	0.0036830026130779125
2101	P1_minus_P0	304	0.003084441048686104
2101	P1_minus_P0	305	0.0035959483207790854
2101	P1_minus_P0	306	0.004327033457344642
2101	P1_minus_P0	307	0.003983269157162461
2101	P1_minus_P0	308	0.004469014739241051
2101	P1_minus_P0	309	0.002646291652854904
2101	P1_minus_P0	310	0.005370028157778317
2101	P1_minus_P0	311	0.004117871072394252
2101	P1_minus_P0	312	0.0034362700933271983
2101	P1_minus_P0	313	0.00426355196197481
2101	P1_minus_P0	314	0.004470720255202509
2101	P1_minus_P0	315	0.004842192280979318
2101	P1_minus_P0	316	0.0034983036711586646
2101	P1_minus_P0	317	0.004333751852225287
2101	P1_minus_P0	318	0.003860983898211545
2101	P1_minus_P0	319	0.0034389561118697842
2101	P1_minus_P0	320	0.0041641124543991825
2101	P1_minus_P0	321	0.004636288796318
2101	P1_minus_P0	322	0.003844927129918241
2101	P1_minus_P0	323	0.0038649435393341425
2101	P1_minus_P0	324	0.004913310809635529
2101	P1_minus_P0	325	0.004097229750092857
2101	P1_minus_P0	326	0.0035971332857163696
2101	P1_minus_P0	327	0.004991729531233724
2101	P1_minus_P0	328	0.0024968732938630556
2101	P1_minus_P0	329	0.004759786523113041
2101	P1_minus_P0	330	0.004766210126579129
2101	P1_minus_P0	331	0.004089028841529563
2101	P1_minus_P0	332	0.004382546082573657
2101	P1_minus_P0	333	0.004439717713542457
2101	P1_minus_P0	334	0.0035814268628441837
2101	P1_minus_P0	335	0.0037889940263654553
2101	P1_minus_P0	336	0.0031337523233792575
2101	P1_minus_P0	337	0.003286363608326015
2101	P1_minus_P0	338	0.004657409389441813
2101	P1_minus_P0	339	0.004142681437086321
2101	P1_minus_P0	340	0.004541325448996936
2101	P1_minus_P0	341	0.0032754980571775283
2101	P1_minus_P0	342	0.003959024162631386
2101	P1_minus_P0	343	0.004512688417235289
2101	P1_minus_P0	344	0.0034401538289605127
2101	P1_minus_P0	345	0.0043332319602094604
2101	P1_minus_P0	346	0.003188361257614458
2101	P1_minus_P0	347	0.003178992396285829
2101	P1_minus_P0	348	0.004395778165658004
2101	P1_minus_P0	349	0.004459952573503567
2101	P1_minus_P0	350	0.003491385637514388
2101	P1_minus_P0	351	0.004517346356908869
2101	P1_minus_P0	352	0.0026413352278841784
2101	P1_minus_P0	353	0.003880521049642649
2101	P1_minus_P0	354	0.00490127011027186
2101	P1_minus_P0	355	0.004331544884335792
2101	P1_minus_P0	356	0.0038942500692523696
2101	P1_minus_P0	357	0.003963997549497611
2101	P1_minus_P0	358	0.003184574346018265
2101	P1_minus_P0	359	0.0035358866404135436
2101	P1_minus_P0	360	0.0025227647018992716
2101	P1_minus_P0	361	0.00411764173001844
2101	P1_minus_P0	362	0.00252950789931905
2101	P1_minus_P0	363	0.003939429900963076
2101	P1_minus_P0	364	0.003949943213209073
2101	P1_minus_P0	365	0.004260792759457677
2101	P1_minus_P0	366	0.0034765467448578113
2101	P1_minus_P0	367	0.004513964743408816
2101	P1_minus_P0	368	0.0034257001655874086
2101	P1_minus_P0	369	0.004320074348398872
2101	P1_minus_P0	370	0.0034622155387745712
2101	P1_minus_P0	371	0.004037693270981801
2101	P1_minus_P0	372	0.003332451801203562
2101	P1_minus_P0	373	0.003945375457697464
2101	P1_minus_P0	374	0.004076666175740318
2101	P1_minus_P0	375	0.004068599742619139
2101	P1_minus_P0	376	0.004211578616793943
2101	P1_minus_P0	377	0.003143733670545684
2101	P1_minus_P0	378	0.00494241816619212
2101	P1_minus_P0	379	0.00441121996492444
2101	P1_minus_P0	380	0.004785745659189544
2101	P1_minus_P0	381	0.004698936651994168
2101	P1_minus_P0	382	0.0025695960393620765
2101	P1_minus_P0	383	0.003129042186566622
2101	P1_minus_P0	384	0.004528366113067062
2101	P1_minus_P0	385	0.003753397073345488
2101	P1_minus_P0	386	0.0046695812311887686
2101	P1_minus_P0	387	0.004145328993047093
2101	P1_minus_P0	388	0.004169141308406954
2101	P1_minus_P0	389	0.002825465122266224
2101	P1_minus_P0	390	0.003281051410433722
2101	P1_minus_P0	391	0.0048444512177445165
2101	P1_minus_P0	392	0.0038809665869768972
2101	P1_minus_P0	393	0.00395212961896102
2101	P1_minus_P0	394	0.004228193168496208
2101	P1_minus_P0	395	0.004576756046421215
2101	P1_minus_P0	396	0.005628453320530524
2101	P1_minus_P0	397	0.004515909791598716
2101	P1_minus_P0	398	0.004218032475606148
2101	P1_minus_P0	399	0.004374542059246755
2101	P1_minus_P0	400	0.0040239178002683396
2101	P1_minus_P0	401	0.003255420791397512
2101	P1_minus_P0	402	0.00431391479314569
2101	P1_minus_P0	403	0.0032074169580695866
2101	P1_minus_P0	404	0.0045471559794975636
2101	P1_minus_P0	405	0.003190088286120052
2101	P1_minus_P0	406	0.004693211810607334
2101	P1_minus_P0	407	0.003332316483385056
2101	P1_minus_P0	408	0.002865686013769242
2101	P1_minus_P0	409	0.0037692183084739317
2101	P1_minus_P0	410	0.004046834493701301
2101	P1_minus_P0	411	0.004776242654462137
2101	P1_minus_P0	412	0.0019443481235775217
2101	P1_minus_P0	413	0.0030881598722044545
2101	P1_minus_P0	414	0.00396104705236483
2101	P1_minus_P0	415	0.0038177225436364925
2101	P1_minus_P0	416	0.004126538549684089
2101	P1_minus_P0	417	0.0029442557299025895
2101	P1_minus_P0	418	0.003762474490373091
2101	P1_minus_P0	419	0.004674937644000399
2101	P1_minus_P0	420	0.003628205570532117
2101	P1_minus_P0	421	0.003951818180236821
2101	P1_minus_P0	422	0.0035352862717835665
2101	P1_minus_P0	423	0.004001987435042764
2101	P1_minus_P0	424	0.003361885165543921
2101	P1_minus_P0	425	0.0034254111096175266
2101	P1_minus_P0	426	0.004546451258405582
2101	P1_minus_P0	427	0.0036819528523973633
2101	P1_minus_P0	428	0.00270566453675114
2101	P1_minus_P0	429	0.0035489077136563463
2101	P1_minus_P0	430	0.004701147471825151
2101	P1_minus_P0	431	0.003228477481830083
2101	P1_minus_P0	432	0.004402778096830984
2101	P1_minus_P0	433	0.004898866519646827
2101	P1_minus_P0	434	0.003800699401032892
2101	P1_minus_P0	435	0.003907425782080143
2101	P1_minus_P0	436	0.002542722330582059
2101	P1_minus_P0	437	0.003213022873536975
2101	P1_minus_P0	438	0.003874692234297372
2101	P1_minus_P0	439	0.0035874826767397505
2101	P1_minus_P0	440	0.004444452765803741
2101	P1_minus_P0	441	0.004761377981496007
2101	P1_minus_P0	442	0.004293407020173112
2101	P1_minus_P0	443	0.004189386043844334
2101	P1_minus_P0	444	0.004142378933994939
2101	P1_minus_P0	445	0.0033619466478580495
2101	P1_minus_P0	446	0.004660386887082257
2101	P1_minus_P0	447	0.004225599996887486
2101	P1_minus_P0	448	0.0038510001615528755
2101	P1_minus_P0	449	0.004057815192086145
2101	P1_minus_P0	450	0.0035350084142169447
2101	P1_minus_P0	451	0.0041811890752548875
2101	P1_minus_P0	452	0.004431441214024667
2101	P1_minus_P0	453	0.0030489107417468464
2101	P1_minus_P0	454	0.0041477550973967325
2101	P1_minus_P0	455	0.004546857615284672
2101	P1_minus_P0	456	0.0031539825210958883
2101	P1_minus_P0	457	0.004067939793114983
2101	P1_minus_P0	458	0.00527833681286366
2101	P1_minus_P0	459	0.003757561748387317
2101	P1_minus_P0	460	0.004130964827517902
2101	P1_minus_P0	461	0.0040119650952955555
2101	P1_minus_P0	462	0.004897990402248642
2101	P1_minus_P0	463	0.004828560264144577
2101	P1_minus_P0	464	0.003387511846283775
2101	P1_minus_P0	465	0.005025721325554844
2101	P1_minus_P0	466	0.003756099697424742
2101	P1_minus_P0	467	0.005235183916247055
2101	P1_minus_P0	468	0.0029286157437332094
2101	P1_minus_P0	469	0.00398802356537975
2101	P1_minus_P0	470	0.0029557245913970354
2101	P1_minus_P0	471	0.0038923195393691934
2101	P1_minus_P0	472	0.0029920570324254436
2101	P1_minus_P0	473	0.003071000867188589
2101	P1_minus_P0	474	0.003223742479498748
2101	P1_minus_P0	475	0.003568927140649436
2101	P1_minus_P0	476	0.0027387058822151145
2101	P1_minus_P0	477	0.0036967898509973063
2101	P1_minus_P0	478	0.003711487189920759
2101	P1_minus_P0	479	0.0026716874944528735
2101	P1_minus_P0	480	0.003367372257906953
2101	P1_minus_P0	481	0.003798900621455936
2101	P1_minus_P0	482	0.004203770869635248
2101	P1_minus_P0	483	0.003838565724475329
2101	P1_minus_P0	484	0.003750353900014436
2101	P1_minus_P0	485	0.0035752808406462333
2101	P1_minus_P0	486	0.003202783714397861
2101	P1_minus_P0	487	0.004003580747676094
2101	P1_minus_P0	488	0.0029532627739501383
2101	P1_minus_P0	489	0.003682943338660205
2101	P1_minus_P0	490	0.0027941741835667555
2101	P1_minus_P0	491	0.004192698813779483
2101	P1_minus_P0	492	0.0038398589577810505
2101	P1_minus_P0	493	0.006035542979654751
2101	P1_minus_P0	494	0.0036850276312216934
2101	P1_minus_P0	495	0.0033449537820929853
2101	P1_minus_P0	496	0.0041770634514453064
2101	P1_minus_P0	497	0.002389378280737653
2101	P1_minus_P0	498	0.0044038487586364194
2101	P1_minus_P0	499	0.0042581808562843215
2101	P1_minus_P0	500	0.0034568305211258865
2101	P1_minus_P0	501	0.003912128148239269
2101	P1_minus_P0	502	0.003961525752382955
2101	P1_minus_P0	503	0.00435907615188974
2101	P1_minus_P0	504	0.004395349270357507
2101	P1_minus_P0	505	0.0036693940771864164
2101	P1_minus_P0	506	0.003667783415802428
2101	P1_minus_P0	507	0.004093669955240908
2101	P1_minus_P0	508	0.004303927396646812
2101	P1_minus_P0	509	0.0028281771754681273
2101	P1_minus_P0	510	0.002167864697618982
2101	P1_minus_P0	511	0.003417962325489299
2101	P1_minus_P0	512	0.004759669504482422
2101	P1_minus_P0	513	0.002797911903208994
2101	P1_minus_P0	514	0.0027926126594050027
2101	P1_minus_P0	515	0.0034997839910268502
2101	P1_minus_P0	516	0.003835006209003289
2101	P1_minus_P0	517	0.0038614899997835295
2101	P1_minus_P0	518	0.0026728645024455266
2101	P1_minus_P0	519	0.0030036659096498997
2101	P1_minus_P0	520	0.004435613277413875
2101	P1_minus_P0	521	0.004089668266515134
2101	P1_minus_P0	522	0.004669681550068416
2101	P1_minus_P0	523	0.004586715488187981
2101	P1_minus_P0	524	0.0034502074847614916
2101	P1_minus_P0	525	0.004084256886740301
2101	P1_minus_P0	526	0.003076236457189019
2101	P1_minus_P0	527	0.004415524430004536
2101	P1_minus_P0	528	0.0038859309000165987
2101	P1_minus_P0	529	0.0016722646011587683
2101	P1_minus_P0	530	0.004372137422986033
2101	P1_minus_P0	531	0.0048901786296299266
2101	P1_minus_P0	532	0.0035376019779531087
2101	P1_minus_P0	533	0.004233278096005405
2101	P1_minus_P0	534	0.003164423976541264
2101	P1_minus_P0	535	0.0036643645495700317
2101	P1_minus_P0	536	0.0033735639429215425
2101	P1_minus_P0	537	0.004119945697238392
2101	P1_minus_P0	538	0.003152194813170306
2101	P1_minus_P0	539	0.005082262314822894
2101	P1_minus_P0	540	0.004379700611625126
2101	P1_minus_P0	541	0.0035323109317497714
2101	P1_minus_P0	542	0.004870338354740267
2101	P1_minus_P0	543	0.003484602471353182
2101	P1_minus_P0	544	0.0039106023499814735
2101	P1_minus_P0	545	0.004846942241895247
2101	P1_minus_P0	546	0.003970270166091527
2101	P1_minus_P0	547	0.004294983101839844
2101	P1_minus_P0	548	0.003515614408474532
2101	P1_minus_P0	549	0.004609558654253276
2101	P1_minus_P0	550	0.003544146127027026
2101	P1_minus_P0	551	0.0035083342280036733
2101	P1_minus_P0	552	0.003505365152393136
2101	P1_minus_P0	553	0.004324517165769315
2101	P1_minus_P0	554	0.0035744871968654834
2101	P1_minus_P0	555	0.004371985669222811
2101	P1_minus_P0	556	0.0031360302717761135
2101	P1_minus_P0	557	0.004999581288627819
2101	P1_minus_P0	558	0.002760388159361027
2101	P1_minus_P0	559	0.004219904424977328
2101	P1_minus_P0	560	0.002947994048803415
2101	P1_minus_P0	561	0.005217834306467772
2101	P1_minus_P0	562	0.0037252845928700817
2101	P1_minus_P0	563	0.005318531840984297
2101	P1_minus_P0	564	0.0041456949447473135
2101	P1_minus_P0	565	0.003873702048368788
2101	P1_minus_P0	566	0.004161755113311405
2101	P1_minus_P0	567	0.003947895086167774
2101	P1_minus_P0	568	0.0040057411544678345
2101	P1_minus_P0	569	0.003768505583648052
2101	P1_minus_P0	570	0.003591892565670607
2101	P1_minus_P0	571	0.004946232673840423
2101	P1_minus_P0	572	0.002900136962508626
2101	P1_minus_P0	573	0.002464129001227444
2101	P1_minus_P0	574	0.004498914221612804
2101	P1_minus_P0	575	0.005115211647920448
2101	P1_minus_P0	576	0.004212015954548676
2101	P1_minus_P0	577	0.0037867895658275086
2101	P1_minus_P0	578	0.0039655157146952225
2101	P1_minus_P0	579	0.003431516543051877
2101	P1_minus_P0	580	0.0037830718139189035
2101	P1_minus_P0	581	0.0029468447113869534
2101	P1_minus_P0	582	0.003313057509345241
2101	P1_minus_P0	583	0.00395711211755817
2101	P1_minus_P0	584	0.004410013994405437
2101	P1_minus_P0	585	0.004728718653379982
2101	P1_minus_P0	586	0.004991732191597764
2101	P1_minus_P0	587	0.0034949555597666437
2101	P1_minus_P0	588	0.0035678283561755286
2101	P1_minus_P0	589	0.003975714343215864
2101	P1_minus_P0	590	0.0046725771307996045
2101	P1_minus_P0	591	0.005059862074886956
2101	P1_minus_P0	592	0.0029104371704471443
2101	P1_minus_P0	593	0.003428541156978715
2101	P1_minus_P0	594	0.0038956161129509725
2101	P1_minus_P0	595	0.00363490262679822
2101	P1_minus_P0	596	0.004933092418948015
2101	P1_minus_P0	597	0.002899073201899305
2101	P1_minus_P0	598	0.004196191594933507
2101	P1_minus_P0	599	0.0042060150038263355
2101	P1_minus_P0	600	0.0033571981163410536
2101	P1_minus_P0	601	0.00465175034497628
2101	P1_minus_P0	602	0.0033495990331790515
2101	P1_minus_P0	603	0.004663811759189618
2101	P1_minus_P0	604	0.0048807564229478295
2101	P1_minus_P0	605	0.004630019997748869
2101	P1_minus_P0	606	0.0042608997817789596
2101	P1_minus_P0	607	0.004388614721256734
2101	P1_minus_P0	608	0.0035394565778192333
2101	P1_minus_P0	609	0.003351577609589429
2101	P1_minus_P0	610	0.004045055279246423
2101	P1_minus_P0	611	0.004231430023964977
2101	P1_minus_P0	612	0.0059279068911402555
2101	P1_minus_P0	613	0.0032608433190802755
2101	P1_minus_P0	614	0.0045808360514277835
2101	P1_minus_P0	615	0.004007938341030415
2101	P1_minus_P0	616	0.004049064755845433
2101	P1_minus_P0	617	0.003992867535957345
2101	P1_minus_P0	618	0.0047200131984994065
2101	P1_minus_P0	619	0.0021139515320349744
2101	P1_minus_P0	620	0.004437178075110848
2101	P1_minus_P0	621	0.004501861211299252
2101	P1_minus_P0	622	0.0032349767479026292
2101	P1_minus_P0	623	0.003995250763147107
2101	P1_minus_P0	624	0.004831902245032327
2101	P1_minus_P0	625	0.0031485225495664904
2101	P1_minus_P0	626	0.0037536730084190006
2101	P1_minus_P0	627	0.004566005770833104
2101	P1_minus_P0	628	0.004682262286780814
2101	P1_minus_P0	629	0.0045630749012678384
2101	P1_minus_P0	630	0.002255105125957113
2101	P1_minus_P0	631	0.0050186509307304505
2101	P1_minus_P0	632	0.003555546040953539
2101	P1_minus_P0	633	0.00451092638079581
2101	P1_minus_P0	634	0.0032587686962566864
2101	P1_minus_P0	635	0.0023670842408418657
2101	P1_minus_P0	636	0.0028414302124539215
2101	P1_minus_P0	637	0.00439490686461963
2101	P1_minus_P0	638	0.004255200440564655
2101	P1_minus_P0	639	0.004738665657166186
2101	P1_minus_P0	640	0.003387764603163923
2101	P1_minus_P0	641	0.005132217259403604
2101	P1_minus_P0	642	0.003591981252320575
2101	P1_minus_P0	643	0.0034865688902316894
2101	P1_minus_P0	644	0.004891092436976274
2101	P1_minus_P0	645	0.005482643613485716
2101	P1_minus_P0	646	0.0032110265657969705
2101	P1_minus_P0	647	0.004318526865420502
2101	P1_minus_P0	648	0.004640645429678569
2101	P1_minus_P0	649	0.003970482655246632
2101	P1_minus_P0	650	0.0042841427282518385
2101	P1_minus_P0	651	0.002836555240761318
2101	P1_minus_P0	652	0.0031562197395818004
2101	P1_minus_P0	653	0.00446463120234325
2101	P1_minus_P0	654	0.004240145091216951
2101	P1_minus_P0	655	0.004229318878889776
2101	P1_minus_P0	656	0.005290588842040589
2101	P1_minus_P0	657	0.0032036176318780973
2101	P1_minus_P0	658	0.003213826603308767
2101	P1_minus_P0	659	0.0038538736202367585
2101	P1_minus_P0	660	0.003070730162598234
2101	P1_minus_P0	661	0.0032134603814794604
2101	P1_minus_P0	662	0.00412709361515784
2101	P1_minus_P0	663	0.0030459561529667667
2101	P1_minus_P0	664	0.002918756357239427
2101	P1_minus_P0	665	0.004270340717757726
2101	P1_minus_P0	666	0.004865506093677641
2101	P1_minus_P0	667	0.004381574872592664
2101	P1_minus_P0	668	0.004227301365815395
2101	P1_minus_P0	669	0.004496525353906766
2101	P1_minus_P0	670	0.004723395674597175
2101	P1_minus_P0	671	0.004112014089886373
2101	P1_minus_P0	672	0.005705947782535414
2101	P1_minus_P0	673	0.002484320260858486
2101	P1_minus_P0	674	0.0037433187430038206
2101	P1_minus_P0	675	0.0028441475182796605
2101	P1_minus_P0	676	0.00535000106252892
2101	P1_minus_P0	677	0.00329724611328186
2101	P1_minus_P0	678	0.004083792463758618
2101	P1_minus_P0	679	0.004308450913527717
2101	P1_minus_P0	680	0.0042197749060339795
2101	P1_minus_P0	681	0.0028826317893501097
2101	P1_minus_P0	682	0.00365326502447616
2101	P1_minus_P0	683	0.004104291360697121
2101	P1_minus_P0	684	0.002558286263142362
2101	P1_minus_P0	685	0.004439549851448121
2101	P1_minus_P0	686	0.0038941096370990747
2101	P1_minus_P0	687	0.004769993566969555
2101	P1_minus_P0	688	0.004537515663897873
2101	P1_minus_P0	689	0.004060222799514235
2101	P1_minus_P0	690	0.004050145976066455
2101	P1_minus_P0	691	0.004171643364482447
2101	P1_minus_P0	692	0.00468857786549276
2101	P1_minus_P0	693	0.004517663269364369
2101	P1_minus_P0	694	0.0030105224192107927
2101	P1_minus_P0	695	0.0042915701462333256
2101	P1_minus_P0	696	0.004054526944896553
2101	P1_minus_P0	697	0.00405408786115502
2101	P1_minus_P0	698	0.004498242195427493
2101	P1_minus_P0	699	0.004508960223328751
2101	P1_minus_P0	700	0.004450567021937746
2101	P1_minus_P0	701	0.004553849480758987
2101	P1_minus_P0	702	0.004177246409332591
2101	P1_minus_P0	703	0.004510899976729155
2101	P1_minus_P0	704	0.005295850549145997
2101	P1_minus_P0	705	0.003930137678705703
2101	P1_minus_P0	706	0.0038744123414033993
2101	P1_minus_P0	707	0.003790085213791261
2101	P1_minus_P0	708	0.004574656655517206
2101	P1_minus_P0	709	0.004115775875523003
2101	P1_minus_P0	710	0.0043811538870321964
2101	P1_minus_P0	711	0.0029783755242852594
2101	P1_minus_P0	712	0.005836500427254476
2101	P1_minus_P0	713	0.003527657452071953
2101	P1_minus_P0	714	0.004402713586375007
2101	P1_minus_P0	715	0.003917775656301137
2101	P1_minus_P0	716	0.0032015107551169875
2101	P1_minus_P0	717	0.004037169236467519
2101	P1_minus_P0	718	0.003591792392550419
2101	P1_minus_P0	719	0.00440516690092041
2101	P1_minus_P0	720	0.005305129664055663
2101	P1_minus_P0	721	0.0038366460274648073
2101	P1_minus_P0	722	0.004410101606948158
2101	P1_minus_P0	723	0.004608240440485578
2101	P1_minus_P0	724	0.0032052178996134773
2101	P1_minus_P0	725	0.004626334464698456
2101	P1_minus_P0	726	0.002903641273968305
2101	P1_minus_P0	727	0.005356817818122306
2101	P1_minus_P0	728	0.005257544886448362
2101	P1_minus_P0	729	0.004375241906649674
2101	P1_minus_P0	730	0.0040069138362003875
2101	P1_minus_P0	731	0.004659602496710269
2101	P1_minus_P0	732	0.003301241664089516
2101	P1_minus_P0	733	0.004629208873501378
2101	P1_minus_P0	734	0.004241693717540906
2101	P1_minus_P0	735	0.0035625754144184563
2101	P1_minus_P0	736	0.00599880800942082
2101	P1_minus_P0	737	0.0034785333313910316
2101	P1_minus_P0	738	0.0027680290221808734
2101	P1_minus_P0	739	0.0032309952065707193
2101	P1_minus_P0	740	0.00471602059973153
2101	P1_minus_P0	741	0.003295152395186185
2101	P1_minus_P0	742	0.004453167759660093
2101	P1_minus_P0	743	0.003383838882726642
2101	P1_minus_P0	744	0.0036142466186994127
2101	P1_minus_P0	745	0.003692184508581886
2101	P1_minus_P0	746	0.002616498478219653
2101	P1_minus_P0	747	0.004347471313090379
2101	P1_minus_P0	748	0.002970700391415504
2101	P1_minus_P0	749	0.003878580363974593
2101	P1_minus_P0	750	0.0028861883882303485
2101	P1_minus_P0	751	0.004060250504940022
2101	P1_minus_P0	752	0.004425284160910925
2101	P1_minus_P0	753	0.0028540194344766068
2101	P1_minus_P0	754	0.004019643349074675
2101	P1_minus_P0	755	0.0016110011782775047
2101	P1_minus_P0	756	0.0032649989753240627
2101	P1_minus_P0	757	0.004276966285576722
2101	P1_minus_P0	758	0.0053971184579986176
2101	P1_minus_P0	759	0.004709433191454615
2101	P1_minus_P0	760	0.004345678367141614
2101	P1_minus_P0	761	0.00450278196766174
2101	P1_minus_P0	762	0.0051670121278092895
2101	P1_minus_P0	763	0.003458986299397726
2101	P1_minus_P0	764	0.004641549558114133
2101	P1_minus_P0	765	0.0043942901112294375
2101	P1_minus_P0	766	0.003343332813747324
2101	P1_minus_P0	767	0.0035869007578827605
2101	P1_minus_P0	768	0.002648094832529868
2101	P1_minus_P0	769	0.004243780511015038
2101	P1_minus_P0	770	0.003934998127713085
2101	P1_minus_P0	771	0.003684212613228599
2101	P1_minus_P0	772	0.004786563604483762
2101	P1_minus_P0	773	0.00392467633519239
2101	P1_minus_P0	774	0.002099873441772482
2101	P1_minus_P0	775	0.004884065462071097
2101	P1_minus_P0	776	0.004426994145533658
2101	P1_minus_P0	777	0.005481569392670804
2101	P1_minus_P0	778	0.0035807398850437044
2101	P1_minus_P0	779	0.004529385235085059
2101	P1_minus_P0	780	0.003034776590190136
2101	P1_minus_P0	781	0.0025351201628592834
2101	P1_minus_P0	782	0.003271755899069473
2101	P1_minus_P0	783	0.0034758606485839616
2101	P1_minus_P0	784	0.0032399826374930885
2101	P1_minus_P0	785	0.004837217246150216
2101	P1_minus_P0	786	0.0037968257567546626
2101	P1_minus_P0	787	0.004860576975260544
2101	P1_minus_P0	788	0.003994459974818343
2101	P1_minus_P0	789	0.005440909259208482
2101	P1_minus_P0	790	0.004639459132099399
2101	P1_minus_P0	791	0.0036773519719507375
2101	P1_minus_P0	792	0.0032161193628272855
2101	P1_minus_P0	793	0.0031035572241648324
2101	P1_minus_P0	794	0.005277992251304431
2101	P1_minus_P0	795	0.004474978550063624
2101	P1_minus_P0	796	0.004321321348249307
2101	P1_minus_P0	797	0.0042741499050986675
2101	P1_minus_P0	798	0.003999704257287406
2101	P1_minus_P0	799	0.00506400337187124
2101	P1_minus_P0	800	0.004566305500354972
2101	P1_minus_P0	801	0.004199710350060171
2101	P1_minus_P0	802	0.004985869129099929
2101	P1_minus_P0	803	0.0030168648038652046
2101	P1_minus_P0	804	0.0054656706822887036
2101	P1_minus_P0	805	0.004073228827308095
2101	P1_minus_P0	806	0.003965574019354268
2101	P1_minus_P0	807	0.00480079543413775
2101	P1_minus_P0	808	0.004366741327202217
2101	P1_minus_P0	809	0.004407381934132815
2101	P1_minus_P0	810	0.0030458370066396845
2101	P1_minus_P0	811	0.004991116882680169
2101	P1_minus_P0	812	0.00454770994362097
2101	P1_minus_P0	813	0.004382974121454497
2101	P1_minus_P0	814	0.0036648101981279213
2101	P1_minus_P0	815	0.002389028828940043
2101	P1_minus_P0	816	0.004229953608201054
2101	P1_minus_P0	817	0.0034883506708820455
2101	P1_minus_P0	818	0.005255915244674836
2101	P1_minus_P0	819	0.0042852204854326725
2101	P1_minus_P0	820	0.0027477389405906605
2101	P1_minus_P0	821	0.004455788202494593
2101	P1_minus_P0	822	0.0025031645919468826
2101	P1_minus_P0	823	0.0030885598432001116
2101	P1_minus_P0	824	0.0039003656686858457
2101	P1_minus_P0	825	0.003965291819721162
2101	P1_minus_P0	826	0.00363016002042299
2101	P1_minus_P0	827	0.0030928192856959358
2101	P1_minus_P0	828	0.0038643320968955175
2101	P1_minus_P0	829	0.0045952948135962735
2101	P1_minus_P0	830	0.004405230995855047
2101	P1_minus_P0	831	0.0035078334463022887
2101	P1_minus_P0	832	0.0030619415229362623
2101	P1_minus_P0	833	0.0038169384718351185
2101	P1_minus_P0	834	0.003695063735482007
2101	P1_minus_P0	835	0.003560828823624518
2101	P1_minus_P0	836	0.003815219313278717
2101	P1_minus_P0	837	0.0041034388862621896
2101	P1_minus_P0	838	0.004515430104135465
2101	P1_minus_P0	839	0.003968724213261943
2101	P1_minus_P0	840	0.0045200724447687635
2101	P1_minus_P0	841	0.005491990641612043
2101	P1_minus_P0	842	0.005059092609159155
2101	P1_minus_P0	843	0.0034373183270726693
2101	P1_minus_P0	844	0.0033332892051631258
2101	P1_minus_P0	845	0.004285228363814286
2101	P1_minus_P0	846	0.003810348173170941
2101	P1_minus_P0	847	0.00412159185678318
2101	P1_minus_P0	848	0.00404932998356311
2101	P1_minus_P0	849	0.00435334821274358
2101	P1_minus_P0	850	0.0034466279697446534
2101	P1_minus_P0	851	0.004354773379094734
2101	P1_minus_P0	852	0.0031261409763527204
2101	P1_minus_P0	853	0.0027504059531828773
2101	P1_minus_P0	854	0.0018388796178963052
2101	P1_minus_P0	855	0.0048699988370307645
2101	P1_minus_P0	856	0.0030300910123345903
2101	P1_minus_P0	857	0.004106655230938228
2101	P1_minus_P0	858	0.0034585669309543654
2101	P1_minus_P0	859	0.003098924225672761
2101	P1_minus_P0	860	0.004630450320359025
2101	P1_minus_P0	861	0.0038126369013549155
2101	P1_minus_P0	862	0.003526714991708313
2101	P1_minus_P0	863	0.0033827235647583276
2101	P1_minus_P0	864	0.0031056694703049392
2101	P1_minus_P0	865	0.003276053689662578
2101	P1_minus_P0	866	0.003595374767283055
2101	P1_minus_P0	867	0.0023670331795219157
2101	P1_minus_P0	868	0.0037734201290808844
2101	P1_minus_P0	869	0.0040833458675010315
2101	P1_minus_P0	870	0.00489617182861013
2101	P1_minus_P0	871	0.004097786626591882
2101	P1_minus_P0	872	0.004077623651537743
2101	P1_minus_P0	873	0.004111819622304336
2101	P1_minus_P0	874	0.0035207871313933103
2101	P1_minus_P0	875	0.004091969950490271
2101	P1_minus_P0	876	0.00397874707744561
2101	P1_minus_P0	877	0.004645265938592491
2101	P1_minus_P0	878	0.004581915727031816
2101	P1_minus_P0	879	0.0046335452958333745
2101	P1_minus_P0	880	0.003097304871594153
2101	P1_minus_P0	881	0.004189197782551557
2101	P1_minus_P0	882	0.0030258343175314506
2101	P1_minus_P0	883	0.004564334340638299
2101	P1_minus_P0	884	0.004584744430126242
2101	P1_minus_P0	885	0.0029974599769837518
2101	P1_minus_P0	886	0.0032306370239521542
2101	P1_minus_P0	887	0.00436093256619885
2101	P1_minus_P0	888	0.005238941674270747
2101	P1_minus_P0	889	0.004318258398904984
2101	P1_minus_P0	890	0.003220683356930598
2101	P1_minus_P0	891	0.0037478476742705547
2101	P1_minus_P0	892	0.0042807704809629255
2101	P1_minus_P0	893	0.003242307408874434
2101	P1_minus_P0	894	0.0036787172168262217
2101	P1_minus_P0	895	0.0031419524964094725
2101	P1_minus_P0	896	0.0036675441455811253
2101	P1_minus_P0	897	0.002607382857810342
2101	P1_minus_P0	898	0.004487995956651447
2101	P1_minus_P0	899	0.0038594212967217323
2101	P1_minus_P0	900	0.0038469676173795153
2101	P1_minus_P0	901	0.0031516591569451524
2101	P1_minus_P0	902	0.004745246906308176
2101	P1_minus_P0	903	0.005732797386368449
2101	P1_minus_P0	904	0.004141180403077871
2101	P1_minus_P0	905	0.0028317418510291903
2101	P1_minus_P0	906	0.0036233990172058195
2101	P1_minus_P0	907	0.004132102877324351
2101	P1_minus_P0	908	0.0033323074271079944
2101	P1_minus_P0	909	0.003958954845788676
2101	P1_minus_P0	910	0.003853003633765617
2101	P1_minus_P0	911	0.004014701335890214
2101	P1_minus_P0	912	0.0053938874504836365
2101	P1_minus_P0	913	0.0035025164870260417
2101	P1_minus_P0	914	0.002453141370719558
2101	P1_minus_P0	915	0.003811554357766589
2101	P1_minus_P0	916	0.004652019993669487
2101	P1_minus_P0	917	0.005667850720208589
2101	P1_minus_P0	918	0.004287405976685532
2101	P1_minus_P0	919	0.004513654629357766
2101	P1_minus_P0	920	0.003805764817030488
2101	P1_minus_P0	921	0.003693030115405005
2101	P1_minus_P0	922	0.0038702411716130536
2101	P1_minus_P0	923	0.003523778435488345
2101	P1_minus_P0	924	0.0032780494784284686
2101	P1_minus_P0	925	0.004683347669487692
2101	P1_minus_P0	926	0.0019790792658723744
2101	P1_minus_P0	927	0.0041295860195220135
2101	P1_minus_P0	928	0.004685287792410009
2101	P1_minus_P0	929	0.00429922228284052
2101	P1_minus_P0	930	0.004835660318816326
2101	P1_minus_P0	931	0.0039249203202916805
2101	P1_minus_P0	932	0.0029807500316521574
2101	P1_minus_P0	933	0.004759193261639816
2101	P1_minus_P0	934	0.004007214612518517
2101	P1_minus_P0	935	0.003398985478304084
2101	P1_minus_P0	936	0.002596847478126829
2101	P1_minus_P0	937	0.004032655714164668
2101	P1_minus_P0	938	0.005025979410638148
2101	P1_minus_P0	939	0.004723200791709847
2101	P1_minus_P0	940	0.004781598325573677
2101	P1_minus_P0	941	0.004416751766575855
2101	P1_minus_P0	942	0.003989240028876906
2101	P1_minus_P0	943	0.0034861529936947022
2101	P1_minus_P0	944	0.004197700015376782
2101	P1_minus_P0	945	0.003989009124820531
2101	P1_minus_P0	946	0.004448810448665519
2101	P1_minus_P0	947	0.002658034728256431
2101	P1_minus_P0	948	0.0034807484665904664
2101	P1_minus_P0	949	0.0035779033081870804
2101	P1_minus_P0	950	0.0035613875307290432
2101	P1_minus_P0	951	0.004426851960985134
2101	P1_minus_P0	952	0.0052728723787831555
2101	P1_minus_P0	953	0.003768492185042549
2101	P1_minus_P0	954	0.0058123848909934495
2101	P1_minus_P0	955	0.00420580195966086
2101	P1_minus_P0	956	0.0035058191044909925
2101	P1_minus_P0	957	0.003762826852316492
2101	P1_minus_P0	958	0.004154263221896104
2101	P1_minus_P0	959	0.0037718986746037575
2101	P1_minus_P0	960	0.003793604556730501
2101	P1_minus_P0	961	0.002972284776304568
2101	P1_minus_P0	962	0.0032121409289619374
2101	P1_minus_P0	963	0.004608741287451146
2101	P1_minus_P0	964	0.0034554786959333783
2101	P1_minus_P0	965	0.004749337548801413
2101	P1_minus_P0	966	0.004236384927821885
2101	P1_minus_P0	967	0.004410862288385331
2101	P1_minus_P0	968	0.0034938724372014507
2101	P1_minus_P0	969	0.003748901328315124
2101	P1_minus_P0	970	0.003327851526935044
2101	P1_minus_P0	971	0.004296039455268186
2101	P1_minus_P0	972	0.004020955781912416
2101	P1_minus_P0	973	0.004214285667626938
2101	P1_minus_P0	974	0.004311757663703675
2101	P1_minus_P0	975	0.0028907465629658957
2101	P1_minus_P0	976	0.0030851684860087047
2101	P1_minus_P0	977	0.0028844679993870193
2101	P1_minus_P0	978	0.004533574347541647
2101	P1_minus_P0	979	0.004073830265519107
2101	P1_minus_P0	980	0.003210696380800182
2101	P1_minus_P0	981	0.0037150470335828856
2101	P1_minus_P0	982	0.005584894827642628
2101	P1_minus_P0	983	0.004738391534201858
2101	P1_minus_P0	984	0.004055934332206801
2101	P1_minus_P0	985	0.0035446821401017292
2101	P1_minus_P0	986	0.0039006972904349624
2101	P1_minus_P0	987	0.0026284950222955072
2101	P1_minus_P0	988	0.002985832186188475
2101	P1_minus_P0	989	0.00448190223000744
2101	P1_minus_P0	990	0.0036326124683631056
2101	P1_minus_P0	991	0.004700530798725122
2101	P1_minus_P0	992	0.0041657309160758604
2101	P1_minus_P0	993	0.0024578440165516358
2101	P1_minus_P0	994	0.0028369388251525685
2101	P1_minus_P0	995	0.00528485537937845
2101	P1_minus_P0	996	0.004561481897774444
2101	P1_minus_P0	997	0.004176435363140774
2101	P1_minus_P0	998	0.0038126156607442008
2101	P1_minus_P0	999	0.005072673758799606
2101	P1_minus_P0	1000	0.0046112769828050015
2101	P1_minus_P0	1001	0.00402825744967783
2101	P1_minus_P0	1002	0.0027054762162030954
2101	P1_minus_P0	1003	0.004554654634559729
2101	P1_minus_P0	1004	0.003650015235649673
2101	P1_minus_P0	1005	0.003524410947363249
2101	P1_minus_P0	1006	0.004242168186805617
2101	P1_minus_P0	1007	0.005605875768031954
2101	P1_minus_P0	1008	0.005200799070252005
2101	P1_minus_P0	1009	0.003646344684262004
2101	P1_minus_P0	1010	0.0037408040241771467
2101	P1_minus_P0	1011	0.004289712214905539
2101	P1_minus_P0	1012	0.004654097528412948
2101	P1_minus_P0	1013	0.004206111611623986
2101	P1_minus_P0	1014	0.004748302015194716
2101	P1_minus_P0	1015	0.0036845791958105556
2101	P1_minus_P0	1016	0.004448713387461889
2101	P1_minus_P0	1017	0.005088581643389878
2101	P1_minus_P0	1018	0.004960695942949622
2101	P1_minus_P0	1019	0.004474050217781689
2101	P1_minus_P0	1020	0.003645990546721656
2101	P1_minus_P0	1021	0.004384494430790031
2101	P1_minus_P0	1022	0.002824598360349928
2101	P1_minus_P0	1023	0.0035288941620429948
2101	P1_minus_P0	1024	0.002449916465817381
2101	P1_minus_P0	1025	0.004411274723806757
2101	P1_minus_P0	1026	0.004193770745219483
2101	P1_minus_P0	1027	0.004768507950886597
2101	P1_minus_P0	1028	0.0057826450046933875
2101	P1_minus_P0	1029	0.0038631505550378864
2101	P1_minus_P0	1030	0.003048832182569128
2101	P1_minus_P0	1031	0.003996556412973806
2101	P1_minus_P0	1032	0.003851167082076612
2101	P1_minus_P0	1033	0.004229023296903556
2101	P1_minus_P0	1034	0.0029260000413115217
2101	P1_minus_P0	1035	0.004352762288005907
2101	P1_minus_P0	1036	0.0051202595774264
2101	P1_minus_P0	1037	0.003840700851194534
2101	P1_minus_P0	1038	0.00381903913051429
2101	P1_minus_P0	1039	0.0028166623840209515
2101	P1_minus_P0	1040	0.004341550628203739
2101	P1_minus_P0	1041	0.003790016678473229
2101	P1_minus_P0	1042	0.0038182183716380935
2101	P1_minus_P0	1043	0.00504947274468015
2101	P1_minus_P0	1044	0.004314571126346423
2101	P1_minus_P0	1045	0.003690810299521008
2101	P1_minus_P0	1046	0.004235617142562542
2101	P1_minus_P0	1047	0.0030940004397023713
2101	P1_minus_P0	1048	0.003337214226505514
2101	P1_minus_P0	1049	0.0033313370387936247
2101	P1_minus_P0	1050	0.004615318000387281
2101	P1_minus_P0	1051	0.004717959242138248
2101	P1_minus_P0	1052	0.005057597635308109
2101	P1_minus_P0	1053	0.004412381557331313
2101	P1_minus_P0	1054	0.003756136699224366
2101	P1_minus_P0	1055	0.004372513112515686
2101	P1_minus_P0	1056	0.0027965107367995956
2101	P1_minus_P0	1057	0.00399035245116075
2101	P1_minus_P0	1058	0.004134449849818755
2101	P1_minus_P0	1059	0.0036851894810066566
2101	P1_minus_P0	1060	0.002467214957573294
2101	P1_minus_P0	1061	0.0038555678120386627
2101	P1_minus_P0	1062	0.0041193916364747896
2101	P1_minus_P0	1063	0.003530320460315206
2101	P1_minus_P0	1064	0.003460194480638723
2101	P1_minus_P0	1065	0.0038907712446416
2101	P1_minus_P0	1066	0.0029376920134787654
2101	P1_minus_P0	1067	0.00465809828701047
2101	P1_minus_P0	1068	0.0041879567635093595
2101	P1_minus_P0	1069	0.003414504619917602
2101	P1_minus_P0	1070	0.0032277278063093107
2101	P1_minus_P0	1071	0.005757903701607003
2101	P1_minus_P0	1072	0.004392683711495038
2101	P1_minus_P0	1073	0.00346343939950694
2101	P1_minus_P0	1074	0.004245780041884917
2101	P1_minus_P0	1075	0.004195894170626657
2101	P1_minus_P0	1076	0.003883058651564908
2101	P1_minus_P0	1077	0.00327978646290783
2101	P1_minus_P0	1078	0.005210905704024771
2101	P1_minus_P0	1079	0.004560710137526791
2101	P1_minus_P0	1080	0.004898339203958824
2101	P1_minus_P0	1081	0.003839429296706942
2101	P1_minus_P0	1082	0.0021083468429997643
2101	P1_minus_P0	1083	0.004628503913422621
2101	P1_minus_P0	1084	0.005080828658640957
2101	P1_minus_P0	1085	0.0029588613301144706
2101	P1_minus_P0	1086	0.0036320386463335463
2101	P1_minus_P0	1087	0.0032802052716035535
2101	P1_minus_P0	1088	0.004122030409598243
2101	P1_minus_P0	1089	0.004962853478950868
2101	P1_minus_P0	1090	0.0028078880061331857
2101	P1_minus_P0	1091	0.0030007349153119423
2101	P1_minus_P0	1092	0.004629539945774086
2101	P1_minus_P0	1093	0.0023988594405173758
2101	P1_minus_P0	1094	0.004973201798282589
2101	P1_minus_P0	1095	0.0038651639215326328
2101	P1_minus_P0	1096	0.0029140759236624403
2101	P1_minus_P0	1097	0.003992039078402176
2101	P1_minus_P0	1098	0.003947510335113147
2101	P1_minus_P0	1099	0.0034518730441145395
2101	P1_minus_P0	1100	0.00316909203592447
2101	P1_minus_P0	1101	0.0033907481392513317
2101	P1_minus_P0	1102	0.003638189550316029
2101	P1_minus_P0	1103	0.0037023962020723555
2101	P1_minus_P0	1104	0.004431583856267851
2101	P1_minus_P0	1105	0.00442220947919425
2101	P1_minus_P0	1106	0.0038778647601139804
2101	P1_minus_P0	1107	0.004182737418661153
2101	P1_minus_P0	1108	0.003820980239249594
2101	P1_minus_P0	1109	0.00397919283285858
2101	P1_minus_P0	1110	0.0025963839060477722
2101	P1_minus_P0	1111	0.004952420937450019
2101	P1_minus_P0	1112	0.004345939179878133
2101	P1_minus_P0	1113	0.003577857745726609
2101	P1_minus_P0	1114	0.0035442252953133413
2101	P1_minus_P0	1115	0.0031514349070058123
2101	P1_minus_P0	1116	0.003872748381293367
2101	P1_minus_P0	1117	0.004515582561425202
2101	P1_minus_P0	1118	0.0038476995326987007
2101	P1_minus_P0	1119	0.004355587827723828
2101	P1_minus_P0	1120	0.003990802955571859
2101	P1_minus_P0	1121	0.0037648023778920903
2101	P1_minus_P0	1122	0.0036620116835725525
2101	P1_minus_P0	1123	0.005294800936110122
2101	P1_minus_P0	1124	0.004202757991290773
2101	P1_minus_P0	1125	0.0038958468622651843
2101	P1_minus_P0	1126	0.0034477128006777935
2101	P1_minus_P0	1127	0.004740322004304631
2101	P1_minus_P0	1128	0.003923537662539833
2101	P1_minus_P0	1129	0.003747847511505531
2101	P1_minus_P0	1130	0.003981806932690346
2101	P1_minus_P0	1131	0.00321885356616064
2101	P1_minus_P0	1132	0.0028932939533714563
2101	P1_minus_P0	1133	0.005698072670772714
2101	P1_minus_P0	1134	0.0032562074087910675
2101	P1_minus_P0	1135	0.004029095572411212
2101	P1_minus_P0	1136	0.0044145504417696935
2101	P1_minus_P0	1137	0.004501333337371127
2101	P1_minus_P0	1138	0.0031999856335077626
2101	P1_minus_P0	1139	0.003518089624590215
2101	P1_minus_P0	1140	0.0031035687258640365
2101	P1_minus_P0	1141	0.004097661836745481
2101	P1_minus_P0	1142	0.004660604478956776
2101	P1_minus_P0	1143	0.0021858342817843157
2101	P1_minus_P0	1144	0.004419753643923996
2101	P1_minus_P0	1145	0.004158358058276912
2101	P1_minus_P0	1146	0.0038215526550790524
2101	P1_minus_P0	1147	0.004245038488078556
2101	P1_minus_P0	1148	0.004396137199831063
2101	P1_minus_P0	1149	0.0024387844516634005
2101	P1_minus_P0	1150	0.0044908576862522365
2101	P1_minus_P0	1151	0.004106574578967237
2101	P1_minus_P0	1152	0.004001645781334717
2101	P1_minus_P0	1153	0.0021131545154213227
2101	P1_minus_P0	1154	0.004639234553969529
2101	P1_minus_P0	1155	0.004385325355542924
2101	P1_minus_P0	1156	0.004846962219658635
2101	P1_minus_P0	1157	0.0026449463329470957
2101	P1_minus_P0	1158	0.003533807414773882
2101	P1_minus_P0	1159	0.004552072573658139
2101	P1_minus_P0	1160	0.0036996326222485387
2101	P1_minus_P0	1161	0.0039041691506365717
2101	P1_minus_P0	1162	0.00388436609941345
2101	P1_minus_P0	1163	0.0049047481318389985
2101	P1_minus_P0	1164	0.005784513411672854
2101	P1_minus_P0	1165	0.004027554047721593
2101	P1_minus_P0	1166	0.0038970519190128505
2101	P1_minus_P0	1167	0.004076449400345239
2101	P1_minus_P0	1168	0.0036989413973040897
2101	P1_minus_P0	1169	0.004091942285048944
2101	P1_minus_P0	1170	0.003382638422767703
2101	P1_minus_P0	1171	0.0041368698663938885
2101	P1_minus_P0	1172	0.004088874730915459
2101	P1_minus_P0	1173	0.003890941627822553
2101	P1_minus_P0	1174	0.004752263148619762
2101	P1_minus_P0	1175	0.0032555707652702215
2101	P1_minus_P0	1176	0.004890810757210873
2101	P1_minus_P0	1177	0.0026814753370347777
2101	P1_minus_P0	1178	0.0030265379426910877
2101	P1_minus_P0	1179	0.004696676356612417
2101	P1_minus_P0	1180	0.004161894987696035
2101	P1_minus_P0	1181	0.0029377849402414946
2101	P1_minus_P0	1182	0.0038738659433996125
2101	P1_minus_P0	1183	0.004636226626182627
2101	P1_minus_P0	1184	0.0036072292569008235
2101	P1_minus_P0	1185	0.004636571325636385
2101	P1_minus_P0	1186	0.0028795188805461613
2101	P1_minus_P0	1187	0.0030353672534274567
2101	P1_minus_P0	1188	0.0040755318655912864
2101	P1_minus_P0	1189	0.003677704804611437
2101	P1_minus_P0	1190	0.0034506583049688233
2101	P1_minus_P0	1191	0.0028453172518112246
2101	P1_minus_P0	1192	0.0027890942124752516
2101	P1_minus_P0	1193	0.0037746471363054868
2101	P1_minus_P0	1194	0.0021353104221784602
2101	P1_minus_P0	1195	0.0033839326437974937
2101	P1_minus_P0	1196	0.003699091131303789
2101	P1_minus_P0	1197	0.004746396939559139
2101	P1_minus_P0	1198	0.004808783872882971
2101	P1_minus_P0	1199	0.004136777101727662
2101	P1_minus_P0	1200	0.004045587440254517
2101	P1_minus_P0	1201	0.00448038977980772
2101	P1_minus_P0	1202	0.004913584858299291
2101	P1_minus_P0	1203	0.004423958964997365
2101	P1_minus_P0	1204	0.0033494653170876854
2101	P1_minus_P0	1205	0.00590546384984475
2101	P1_minus_P0	1206	0.003859361799342098
2101	P1_minus_P0	1207	0.0038724903618083117
2101	P1_minus_P0	1208	0.004290084987326637
2101	P1_minus_P0	1209	0.0037928896168216153
2101	P1_minus_P0	1210	0.004047252414731473
2101	P1_minus_P0	1211	0.0035816854493648798
2101	P1_minus_P0	1212	0.0047411264438566025
2101	P1_minus_P0	1213	0.0034884506318375585
2101	P1_minus_P0	1214	0.0034553154462538815
2101	P1_minus_P0	1215	0.0045642432555278445
2101	P1_minus_P0	1216	0.0033790496750919496
2101	P1_minus_P0	1217	0.004531855585931555
2101	P1_minus_P0	1218	0.005001682115848227
2101	P1_minus_P0	1219	0.0029253763626668206
2101	P1_minus_P0	1220	0.005732811687952477
2101	P1_minus_P0	1221	0.004621176201113075
2101	P1_minus_P0	1222	0.0049156731495484385
2101	P1_minus_P0	1223	0.0031332443485244665
2101	P1_minus_P0	1224	0.0048458357585915435
2101	P1_minus_P0	1225	0.005734436286613853
2101	P1_minus_P0	1226	0.0031374581880295183
2101	P1_minus_P0	1227	0.00456252632657439
2101	P1_minus_P0	1228	0.002447352429047256
2101	P1_minus_P0	1229	0.003200505220734451
2101	P1_minus_P0	1230	0.004376357419510923
2101	P1_minus_P0	1231	0.003996436381295321
2101	P1_minus_P0	1232	0.0041929051083812174
2101	P1_minus_P0	1233	0.004279874831450314
2101	P1_minus_P0	1234	0.003940958467374522
2101	P1_minus_P0	1235	0.004147622116273952
2101	P1_minus_P0	1236	0.004010040586800601
2101	P1_minus_P0	1237	0.0037562989599883023
2101	P1_minus_P0	1238	0.0047455591984948975
2101	P1_minus_P0	1239	0.004147809000537794
2101	P1_minus_P0	1240	0.004466329477402775
2101	P1_minus_P0	1241	0.004004785856741522
2101	P1_minus_P0	1242	0.0035209272473246123
2101	P1_minus_P0	1243	0.004344951786421969
2101	P1_minus_P0	1244	0.0034356530362106286
2101	P1_minus_P0	1245	0.0043323959107063326
2101	P1_minus_P0	1246	0.004641492027813832
2101	P1_minus_P0	1247	0.002797759477401962
2101	P1_minus_P0	1248	0.0038637666137403825
2101	P1_minus_P0	1249	0.003694987285932816
2101	P1_minus_P0	1250	0.0037068305619788466
2101	P1_minus_P0	1251	0.0033485520338809582
2101	P1_minus_P0	1252	0.0040770222949348955
2101	P1_minus_P0	1253	0.0055617410078504514
2101	P1_minus_P0	1254	0.003958539409080197
2101	P1_minus_P0	1255	0.0041121120577642944
2101	P1_minus_P0	1256	0.004361310378494576
2101	P1_minus_P0	1257	0.0041662719318834585
2101	P1_minus_P0	1258	0.0028582418618192107
2101	P1_minus_P0	1259	0.003996044711130131
2101	P1_minus_P0	1260	0.0022325413980052167
2101	P1_minus_P0	1261	0.0038469323341577266
2101	P1_minus_P0	1262	0.0039061362139847233
2101	P1_minus_P0	1263	0.0035848225682180157
2101	P1_minus_P0	1264	0.005243725621063677
2101	P1_minus_P0	1265	0.004282627379002701
2101	P1_minus_P0	1266	0.003945261348003715
2101	P1_minus_P0	1267	0.004495164466238433
2101	P1_minus_P0	1268	0.0039837313721881595
2101	P1_minus_P0	1269	0.0042831370042489825
2101	P1_minus_P0	1270	0.0037381075190376367
2101	P1_minus_P0	1271	0.00472649354200938
2101	P1_minus_P0	1272	0.003975254830369812
2101	P1_minus_P0	1273	0.002653859673493242
2101	P1_minus_P0	1274	0.004430217781628498
2101	P1_minus_P0	1275	0.005608910615970075
2101	P1_minus_P0	1276	0.0035182018407546867
2101	P1_minus_P0	1277	0.004405468530862766
2101	P1_minus_P0	1278	0.004164248679311033
2101	P1_minus_P0	1279	0.0030838994760572502
2101	P1_minus_P0	1280	0.003154034500733871
2101	P1_minus_P0	1281	0.0031321777224199154
2101	P1_minus_P0	1282	0.003332249290333489
2101	P1_minus_P0	1283	0.004438751555788434
2101	P1_minus_P0	1284	0.004533731756041548
2101	P1_minus_P0	1285	0.0037062221660966177
2101	P1_minus_P0	1286	0.0037563222014853626
2101	P1_minus_P0	1287	0.004027632830816197
2101	P1_minus_P0	1288	0.003530127683348483
2101	P1_minus_P0	1289	0.005223624456750953
2101	P1_minus_P0	1290	0.004867317864692855
2101	P1_minus_P0	1291	0.0030069832209866365
2101	P1_minus_P0	1292	0.0038475220491114293
2101	P1_minus_P0	1293	0.0033977381818766084
2101	P1_minus_P0	1294	0.004629862838983145
2101	P1_minus_P0	1295	0.00380296846519812
2101	P1_minus_P0	1296	0.004678406593729756
2101	P1_minus_P0	1297	0.003754502322580816
2101	P1_minus_P0	1298	0.0034399650764329603
2101	P1_minus_P0	1299	0.004703401770076221
2101	P1_minus_P0	1300	0.00398236170041838
2101	P1_minus_P0	1301	0.0032929217021083756
2101	P1_minus_P0	1302	0.00421167692547042
2101	P1_minus_P0	1303	0.0031258082460817738
2101	P1_minus_P0	1304	0.0036605319419938387
2101	P1_minus_P0	1305	0.0042264195682927275
2101	P1_minus_P0	1306	0.0037037948718181
2101	P1_minus_P0	1307	0.0037796455358848347
2101	P1_minus_P0	1308	0.004754435135155111
2101	P1_minus_P0	1309	0.004303980223846482
2101	P1_minus_P0	1310	0.003561877795957624
2101	P1_minus_P0	1311	0.005181237656582016
2101	P1_minus_P0	1312	0.004411871345424312
2101	P1_minus_P0	1313	0.004362546109073717
2101	P1_minus_P0	1314	0.003927893463910426
2101	P1_minus_P0	1315	0.0036148320676736567
2101	P1_minus_P0	1316	0.003989801788306546
2101	P1_minus_P0	1317	0.0034716816604343226
2101	P1_minus_P0	1318	0.00460810942442752
2101	P1_minus_P0	1319	0.004199978882079902
2101	P1_minus_P0	1320	0.003446624545623056
2101	P1_minus_P0	1321	0.003545625415805609
2101	P1_minus_P0	1322	0.0034251305595752735
2101	P1_minus_P0	1323	0.004284621445448278
2101	P1_minus_P0	1324	0.004315291072252259
2101	P1_minus_P0	1325	0.004883742178231731
2101	P1_minus_P0	1326	0.003354420742583686
2101	P1_minus_P0	1327	0.00267975315357033
2101	P1_minus_P0	1328	0.0030731952668013873
2101	P1_minus_P0	1329	0.004170920971233727
2101	P1_minus_P0	1330	0.0044699790133768125
2101	P1_minus_P0	1331	0.0043444428182043415
2101	P1_minus_P0	1332	0.004254122406216698
2101	P1_minus_P0	1333	0.003873945101608156
2101	P1_minus_P0	1334	0.005481213982242106
2101	P1_minus_P0	1335	0.00422564266080333
2101	P1_minus_P0	1336	0.004731777008838145
2101	P1_minus_P0	1337	0.004387710086220298
2101	P1_minus_P0	1338	0.005968527955332648
2101	P1_minus_P0	1339	0.004257094702287745
2101	P1_minus_P0	1340	0.0036291624072438133
2101	P1_minus_P0	1341	0.003807994897687128
2101	P1_minus_P0	1342	0.00464776224211827
2101	P1_minus_P0	1343	0.0022129868847473033
2101	P1_minus_P0	1344	0.004337639491320711
2101	P1_minus_P0	1345	0.003641569094700481
2101	P1_minus_P0	1346	0.003313915477152818
2101	P1_minus_P0	1347	0.0034636872900579707
2101	P1_minus_P0	1348	0.002974998872195156
2101	P1_minus_P0	1349	0.0035397161626019025
2101	P1_minus_P0	1350	0.004627236399761148
2101	P1_minus_P0	1351	0.003956205518244826
2101	P1_minus_P0	1352	0.004054149892763315
2101	P1_minus_P0	1353	0.0031431254543704545
2101	P1_minus_P0	1354	0.004644905815350875
2101	P1_minus_P0	1355	0.004766441108429165
2101	P1_minus_P0	1356	0.0033976793489524093
2101	P1_minus_P0	1357	0.004205378494929357
2101	P1_minus_P0	1358	0.005021712635382536
2101	P1_minus_P0	1359	0.0037548295227285977
2101	P1_minus_P0	1360	0.0028497462685374564
2101	P1_minus_P0	1361	0.0029933931468085206
2101	P1_minus_P0	1362	0.005271712676608309
2101	P1_minus_P0	1363	0.003427215510725057
2101	P1_minus_P0	1364	0.005404178457045383
2101	P1_minus_P0	1365	0.004260225879033852
2101	P1_minus_P0	1366	0.0025432926479657114
2101	P1_minus_P0	1367	0.004510065291159382
2101	P1_minus_P0	1368	0.003972501851772892
2101	P1_minus_P0	1369	0.0029269718258143618
2101	P1_minus_P0	1370	0.0036413969392982137
2101	P1_minus_P0	1371	0.003962498176592166
2101	P1_minus_P0	1372	0.005351222794654442
2101	P1_minus_P0	1373	0.00567359418180069
2101	P1_minus_P0	1374	0.0036731797567771673
2101	P1_minus_P0	1375	0.003295973518824935
2101	P1_minus_P0	1376	0.0035921506253713265
2101	P1_minus_P0	1377	0.004969790654853368
2101	P1_minus_P0	1378	0.004831180309896099
2101	P1_minus_P0	1379	0.004628555965829451
2101	P1_minus_P0	1380	0.004586010566463794
2101	P1_minus_P0	1381	0.0036983691088562365
2101	P1_minus_P0	1382	0.0040045027450125725
2101	P1_minus_P0	1383	0.00363824152266512
2101	P1_minus_P0	1384	0.003956366398386646
2101	P1_minus_P0	1385	0.004954078905501702
2101	P1_minus_P0	1386	0.003302248658778595
2101	P1_minus_P0	1387	0.0038330581879196524
2101	P1_minus_P0	1388	0.004050507267438608
2101	P1_minus_P0	1389	0.004334251580009718
2101	P1_minus_P0	1390	0.0035622887653511404
2101	P1_minus_P0	1391	0.004200157657864412
2101	P1_minus_P0	1392	0.0041383718058384256
2101	P1_minus_P0	1393	0.004318529709675861
2101	P1_minus_P0	1394	0.005176028812369449
2101	P1_minus_P0	1395	0.0023499482735774846
2101	P1_minus_P0	1396	0.004687077036168663
2101	P1_minus_P0	1397	0.00366320346621124
2101	P1_minus_P0	1398	0.004446381510646191
2101	P1_minus_P0	1399	0.005117087422307542
2101	P1_minus_P0	1400	0.004541027251517948
2101	P1_minus_P0	1401	0.004990853707825926
2101	P1_minus_P0	1402	0.004431952219964286
2101	P1_minus_P0	1403	0.004486902899463352
2101	P1_minus_P0	1404	0.004232540483548597
2101	P1_minus_P0	1405	0.0030667020367283193
2101	P1_minus_P0	1406	0.00410792012002259
2101	P1_minus_P0	1407	0.004642428588014669
2101	P1_minus_P0	1408	0.0033312929130130953
2101	P1_minus_P0	1409	0.00468645382876437
2101	P1_minus_P0	1410	0.004013798058612406
2101	P1_minus_P0	1411	0.0036639230030456327
2101	P1_minus_P0	1412	0.0032273320245235215
2101	P1_minus_P0	1413	0.0041006587244559745
2101	P1_minus_P0	1414	0.004280271021288584
2101	P1_minus_P0	1415	0.003975724285162241
2101	P1_minus_P0	1416	0.00459207760258884
2101	P1_minus_P0	1417	0.0034803762609860733
2101	P1_minus_P0	1418	0.005106695150877971
2101	P1_minus_P0	1419	0.003361460202634947
2101	P1_minus_P0	1420	0.0027894119699467534
2101	P1_minus_P0	1421	0.004472131611275576
2101	P1_minus_P0	1422	0.0038538943335702514
2101	P1_minus_P0	1423	0.003954758910958256
2101	P1_minus_P0	1424	0.004554360683316994
2101	P1_minus_P0	1425	0.0037357030653233925
2101	P1_minus_P0	1426	0.00473680319938885
2101	P1_minus_P0	1427	0.004301731062501757
2101	P1_minus_P0	1428	0.003981783945132378
2101	P1_minus_P0	1429	0.004403943267900112
2101	P1_minus_P0	1430	0.003828248142706825
2101	P1_minus_P0	1431	0.005001338730826033
2101	P1_minus_P0	1432	0.0030665567825719497
2101	P1_minus_P0	1433	0.0036864871643227937
2101	P1_minus_P0	1434	0.003851615511470008
2101	P1_minus_P0	1435	0.003760374343293127
2101	P1_minus_P0	1436	0.004010545859775061
2101	P1_minus_P0	1437	0.004098947651816148
2101	P1_minus_P0	1438	0.004554157012556459
2101	P1_minus_P0	1439	0.004797547617227227
2101	P1_minus_P0	1440	0.004066142695305919
2101	P1_minus_P0	1441	0.005526002884142178
2101	P1_minus_P0	1442	0.0037675071776869795
2101	P1_minus_P0	1443	0.0027298926436131743
2101	P1_minus_P0	1444	0.0039516694524270035
2101	P1_minus_P0	1445	0.0043996036909393355
2101	P1_minus_P0	1446	0.004733632165257906
2101	P1_minus_P0	1447	0.003601319989009394
2101	P1_minus_P0	1448	0.0045229710503342235
2101	P1_minus_P0	1449	0.0032007222574789718
2101	P1_minus_P0	1450	0.004928621128873822
2101	P1_minus_P0	1451	0.004357331925933794
2101	P1_minus_P0	1452	0.00425870025268682
2101	P1_minus_P0	1453	0.003501770288752426
2101	P1_minus_P0	1454	0.0037543184515814176
2101	P1_minus_P0	1455	0.0038696893631109397
2101	P1_minus_P0	1456	0.003821371173686028
2101	P1_minus_P0	1457	0.004044493288858975
2101	P1_minus_P0	1458	0.0038110104079546736
2101	P1_minus_P0	1459	0.004545560836571427
2101	P1_minus_P0	1460	0.0038710915784339606
2101	P1_minus_P0	1461	0.002892053161160979
2101	P1_minus_P0	1462	0.00469292285025058
2101	P1_minus_P0	1463	0.004329656275714855
2101	P1_minus_P0	1464	0.0040490702458499395
2101	P1_minus_P0	1465	0.004081414381714721
2101	P1_minus_P0	1466	0.00401263532807411
2101	P1_minus_P0	1467	0.004334362640722289
2101	P1_minus_P0	1468	0.0031576000503816815
2101	P1_minus_P0	1469	0.004631221933562912
2101	P1_minus_P0	1470	0.0030189379532522542
2101	P1_minus_P0	1471	0.0037825365030418334
2101	P1_minus_P0	1472	0.0037365456679306908
2101	P1_minus_P0	1473	0.005147531110351156
2101	P1_minus_P0	1474	0.003595579089037626
2101	P1_minus_P0	1475	0.003901197774800691
2101	P1_minus_P0	1476	0.00271530815987725
2101	P1_minus_P0	1477	0.004495389907884062
2101	P1_minus_P0	1478	0.0038403998059548528
2101	P1_minus_P0	1479	0.00394858920006913
2101	P1_minus_P0	1480	0.00316180341179384
2101	P1_minus_P0	1481	0.004172060633576169
2101	P1_minus_P0	1482	0.004761632697845242
2101	P1_minus_P0	1483	0.004022701892510194
2101	P1_minus_P0	1484	0.004640655624068513
2101	P1_minus_P0	1485	0.0037573230604877605
2101	P1_minus_P0	1486	0.0035991366501114674
2101	P1_minus_P0	1487	0.004268571275182986
2101	P1_minus_P0	1488	0.004193141742825812
2101	P1_minus_P0	1489	0.004104407197893123
2101	P1_minus_P0	1490	0.004364927520658923
2101	P1_minus_P0	1491	0.004307701141581799
2101	P1_minus_P0	1492	0.0037186883796819226
2101	P1_minus_P0	1493	0.003416535752373495
2101	P1_minus_P0	1494	0.003193854117996997
2101	P1_minus_P0	1495	0.0035707301027844696
2101	P1_minus_P0	1496	0.003526124705033773
2101	P1_minus_P0	1497	0.004060082432078338
2101	P1_minus_P0	1498	0.00403819424056423
2101	P1_minus_P0	1499	0.0046186329917953794
2101	P1_minus_P0	1500	0.003914077752666556
2101	P1_minus_P0	1501	0.0032520648043104505
2101	P1_minus_P0	1502	0.0036811871743687163
2101	P1_minus_P0	1503	0.00452318170617011
2101	P1_minus_P0	1504	0.0030611143614871494
2101	P1_minus_P0	1505	0.0031108892634509333
2101	P1_minus_P0	1506	0.005387136622890032
2101	P1_minus_P0	1507	0.0045095314207661
2101	P1_minus_P0	1508	0.004039487308553857
2101	P1_minus_P0	1509	0.0038969173917869915
2101	P1_minus_P0	1510	0.004750381394917735
2101	P1_minus_P0	1511	0.004540792796162041
2101	P1_minus_P0	1512	0.004007165380119471
2101	P1_minus_P0	1513	0.004143344033626928
2101	P1_minus_P0	1514	0.003981726287899889
2101	P1_minus_P0	1515	0.003326724419717597
2101	P1_minus_P0	1516	0.004314126871433399
2101	P1_minus_P0	1517	0.004591809269784808
2101	P1_minus_P0	1518	0.004656507731607418
2101	P1_minus_P0	1519	0.0037461319108681446
2101	P1_minus_P0	1520	0.0034897131469287246
2101	P1_minus_P0	1521	0.005602592574783072
2101	P1_minus_P0	1522	0.003580543826371241
2101	P1_minus_P0	1523	0.004010450766947837
2101	P1_minus_P0	1524	0.00391148508325756
2101	P1_minus_P0	1525	0.006548143081646418
2101	P1_minus_P0	1526	0.004894032831821216
2101	P1_minus_P0	1527	0.004785468788886749
2101	P1_minus_P0	1528	0.00492548986274477
2101	P1_minus_P0	1529	0.003899788049607833
2101	P1_minus_P0	1530	0.004320183393995536
2101	P1_minus_P0	1531	0.0035033741675155605
2101	P1_minus_P0	1532	0.004037693593004987
2101	P1_minus_P0	1533	0.003707036762019833
2101	P1_minus_P0	1534	0.0050992196514536015
2101	P1_minus_P0	1535	0.004444821691780898
2101	P1_minus_P0	1536	0.005210144871518829
2101	P1_minus_P0	1537	0.00384914451575602
2101	P1_minus_P0	1538	0.004078516696051193
2101	P1_minus_P0	1539	0.004569352103849955
2101	P1_minus_P0	1540	0.003950397379263781
2101	P1_minus_P0	1541	0.004931925001732451
2101	P1_minus_P0	1542	0.004624609023961279
2101	P1_minus_P0	1543	0.0034655992788245604
2101	P1_minus_P0	1544	0.0032761186732157555
2101	P1_minus_P0	1545	0.004695421218340656
2101	P1_minus_P0	1546	0.004565800246359275
2101	P1_minus_P0	1547	0.003472468609959145
2101	P1_minus_P0	1548	0.0035300580293984862
2101	P1_minus_P0	1549	0.003986150128420962
2101	P1_minus_P0	1550	0.003591013956564637
2101	P1_minus_P0	1551	0.004562170228528728
2101	P1_minus_P0	1552	0.003309351897375301
2101	P1_minus_P0	1553	0.0037272280297745986
2101	P1_minus_P0	1554	0.004575254768434123
2101	P1_minus_P0	1555	0.003780417764859434
2101	P1_minus_P0	1556	0.0035524617176856954
2101	P1_minus_P0	1557	0.002668694361770696
2101	P1_minus_P0	1558	0.004434863180805437
2101	P1_minus_P0	1559	0.004126631328632557
2101	P1_minus_P0	1560	0.004654826444928872
2101	P1_minus_P0	1561	0.0033660306744279778
2101	P1_minus_P0	1562	0.00396776259030901
2101	P1_minus_P0	1563	0.0050406813049774235
2101	P1_minus_P0	1564	0.004250001747837295
2101	P1_minus_P0	1565	0.00375078668049289
2101	P1_minus_P0	1566	0.0040237914475173
2101	P1_minus_P0	1567	0.003455104760448746
2101	P1_minus_P0	1568	0.0034556561443577216
2101	P1_minus_P0	1569	0.0035244713970940533
2101	P1_minus_P0	1570	0.003989584063137042
2101	P1_minus_P0	1571	0.003933353621531022
2101	P1_minus_P0	1572	0.0033363498688065985
2101	P1_minus_P0	1573	0.00415072543275774
2101	P1_minus_P0	1574	0.0033759081337548236
2101	P1_minus_P0	1575	0.0037987747329444876
2101	P1_minus_P0	1576	0.0040231235141841015
2101	P1_minus_P0	1577	0.003902787996255208
2101	P1_minus_P0	1578	0.0035822728467269083
2101	P1_minus_P0	1579	0.004342473514801715
2101	P1_minus_P0	1580	0.0034585743285458492
2101	P1_minus_P0	1581	0.004649739993211333
2101	P1_minus_P0	1582	0.004154911484204438
2101	P1_minus_P0	1583	0.003540863431296448
2101	P1_minus_P0	1584	0.003860798080019767
2101	P1_minus_P0	1585	0.0048009778660917934
2101	P1_minus_P0	1586	0.004158472963399995
2101	P1_minus_P0	1587	0.00436288966102405
2101	P1_minus_P0	1588	0.004489962538011705
2101	P1_minus_P0	1589	0.004200600887937167
2101	P1_minus_P0	1590	0.003443887500646614
2101	P1_minus_P0	1591	0.003545304378000158
2101	P1_minus_P0	1592	0.0031514274667425735
2101	P1_minus_P0	1593	0.0030566692663518413
2101	P1_minus_P0	1594	0.004020196584158642
2101	P1_minus_P0	1595	0.004330183099254148
2101	P1_minus_P0	1596	0.004467294567836233
2101	P1_minus_P0	1597	0.004067996358651738
2101	P1_minus_P0	1598	0.0027647331028402
2101	P1_minus_P0	1599	0.004051629893139896
2101	P1_minus_P0	1600	0.0026295242050130008
2101	P1_minus_P0	1601	0.004028719683419446
2101	P1_minus_P0	1602	0.005233681539327351
2101	P1_minus_P0	1603	0.004215916752557225
2101	P1_minus_P0	1604	0.004697632587936429
2101	P1_minus_P0	1605	0.0038640452154093397
2101	P1_minus_P0	1606	0.003624809853497113
2101	P1_minus_P0	1607	0.0035825367447738232
2101	P1_minus_P0	1608	0.004375025214366224
2101	P1_minus_P0	1609	0.004635695955591601
2101	P1_minus_P0	1610	0.003756507452333968
2101	P1_minus_P0	1611	0.004288910807867696
2101	P1_minus_P0	1612	0.0044819754861678
2101	P1_minus_P0	1613	0.002639731472355744
2101	P1_minus_P0	1614	0.004833519073324077
2101	P1_minus_P0	1615	0.0035395323226178887
2101	P1_minus_P0	1616	0.004931146119289798
2101	P1_minus_P0	1617	0.0037391574287246043
2101	P1_minus_P0	1618	0.004131040745693759
2101	P1_minus_P0	1619	0.003118619555589175
2101	P1_minus_P0	1620	0.004737995423624297
2101	P1_minus_P0	1621	0.004870977315495739
2101	P1_minus_P0	1622	0.003902419927546086
2101	P1_minus_P0	1623	0.004027273364307082
2101	P1_minus_P0	1624	0.004635918035815478
2101	P1_minus_P0	1625	0.004805552329414764
2101	P1_minus_P0	1626	0.003972115437668844
2101	P1_minus_P0	1627	0.004600556557010138
2101	P1_minus_P0	1628	0.003218997890187758
2101	P1_minus_P0	1629	0.004437945355085349
2101	P1_minus_P0	1630	0.003948497721708799
2101	P1_minus_P0	1631	0.0041610200761874605
2101	P1_minus_P0	1632	0.005212041278205404
2101	P1_minus_P0	1633	0.004021927817102922
2101	P1_minus_P0	1634	0.003630051288792513
2101	P1_minus_P0	1635	0.004939080140842544
2101	P1_minus_P0	1636	0.0044452883128184295
2101	P1_minus_P0	1637	0.003240439964781461
2101	P1_minus_P0	1638	0.0031952929675160002
2101	P1_minus_P0	1639	0.002886251493820491
2101	P1_minus_P0	1640	0.005108394182639975
2101	P1_minus_P0	1641	0.003513702994856094
2101	P1_minus_P0	1642	0.0041677866674008635
2101	P1_minus_P0	1643	0.005274498563273056
2101	P1_minus_P0	1644	0.00341389928895236
2101	P1_minus_P0	1645	0.0032615532492119015
2101	P1_minus_P0	1646	0.004624026856220043
2101	P1_minus_P0	1647	0.003783043673556863
2101	P1_minus_P0	1648	0.00451623719818417
2101	P1_minus_P0	1649	0.002135729381257667
2101	P1_minus_P0	1650	0.004053247953472838
2101	P1_minus_P0	1651	0.003340182376914469
2101	P1_minus_P0	1652	0.003565346170338324
2101	P1_minus_P0	1653	0.003731684771897059
2101	P1_minus_P0	1654	0.002551696315531149
2101	P1_minus_P0	1655	0.004483291142844237
2101	P1_minus_P0	1656	0.004522926581105924
2101	P1_minus_P0	1657	0.004123317750526323
2101	P1_minus_P0	1658	0.003642999358937249
2101	P1_minus_P0	1659	0.0036450926342431744
2101	P1_minus_P0	1660	0.00427742207047449
2101	P1_minus_P0	1661	0.004656759045439107
2101	P1_minus_P0	1662	0.003901014173558648
2101	P1_minus_P0	1663	0.004003836718895648
2101	P1_minus_P0	1664	0.0035046484302009295
2101	P1_minus_P0	1665	0.004131079009616512
2101	P1_minus_P0	1666	0.0035878595895789678
2101	P1_minus_P0	1667	0.0044661210285560915
2101	P1_minus_P0	1668	0.00450752247051911
2101	P1_minus_P0	1669	0.002746091948643281
2101	P1_minus_P0	1670	0.0037850721109891627
2101	P1_minus_P0	1671	0.0034916355998169113
2101	P1_minus_P0	1672	0.0035099542505215853
2101	P1_minus_P0	1673	0.0027700555676881677
2101	P1_minus_P0	1674	0.0034235791519236503
2101	P1_minus_P0	1675	0.004334304285659729
2101	P1_minus_P0	1676	0.002624091680657692
2101	P1_minus_P0	1677	0.004045671950202334
2101	P1_minus_P0	1678	0.0026993539775322373
2101	P1_minus_P0	1679	0.004165135010892995
2101	P1_minus_P0	1680	0.0043092875494276095
2101	P1_minus_P0	1681	0.005265541419109621
2101	P1_minus_P0	1682	0.004600272435239028
2101	P1_minus_P0	1683	0.004231984702281866
2101	P1_minus_P0	1684	0.0024376229548486172
2101	P1_minus_P0	1685	0.00455289570043349
2101	P1_minus_P0	1686	0.003936347379877414
2101	P1_minus_P0	1687	0.004259447239792269
2101	P1_minus_P0	1688	0.004123850583073185
2101	P1_minus_P0	1689	0.003245999141007816
2101	P1_minus_P0	1690	0.0038177708999985183
2101	P1_minus_P0	1691	0.004185100863686675
2101	P1_minus_P0	1692	0.004179816887062648
2101	P1_minus_P0	1693	0.004518527702036035
2101	P1_minus_P0	1694	0.0021637292250716866
2101	P1_minus_P0	1695	0.004773532144405124
2101	P1_minus_P0	1696	0.004066395979304999
2101	P1_minus_P0	1697	0.0030636372283488478
2101	P1_minus_P0	1698	0.004622518918707685
2101	P1_minus_P0	1699	0.0038459092306320497
2101	P1_minus_P0	1700	0.004341700865610143
2101	P1_minus_P0	1701	0.0033245583738876205
2101	P1_minus_P0	1702	0.002847457670653808
2101	P1_minus_P0	1703	0.0036191666928393484
2101	P1_minus_P0	1704	0.003753519588358123
2101	P1_minus_P0	1705	0.004160956046139919
2101	P1_minus_P0	1706	0.004306191715193586
2101	P1_minus_P0	1707	0.003429488266168068
2101	P1_minus_P0	1708	0.004819600651367439
2101	P1_minus_P0	1709	0.0031740121879477168
2101	P1_minus_P0	1710	0.003973895170010233
2101	P1_minus_P0	1711	0.004282409909501239
2101	P1_minus_P0	1712	0.0033806053544596093
2101	P1_minus_P0	1713	0.0031349309364090416
2101	P1_minus_P0	1714	0.0038524072103898743
2101	P1_minus_P0	1715	0.0031902762060480594
2101	P1_minus_P0	1716	0.004241592735383548
2101	P1_minus_P0	1717	0.004182769560793498
2101	P1_minus_P0	1718	0.0038359961842833745
2101	P1_minus_P0	1719	0.0045093801516069565
2101	P1_minus_P0	1720	0.004935344060031044
2101	P1_minus_P0	1721	0.0029811804583776413
2101	P1_minus_P0	1722	0.0037257848942264804
2101	P1_minus_P0	1723	0.0039274750047637585
2101	P1_minus_P0	1724	0.0029174544642404654
2101	P1_minus_P0	1725	0.004453127813082214
2101	P1_minus_P0	1726	0.004329423017288114
2101	P1_minus_P0	1727	0.005216580023248041
2101	P1_minus_P0	1728	0.0028519497691376072
2101	P1_minus_P0	1729	0.004420599004482995
2101	P1_minus_P0	1730	0.004401904051935301
2101	P1_minus_P0	1731	0.004081279270544691
2101	P1_minus_P0	1732	0.004303074771125404
2101	P1_minus_P0	1733	0.002468075934665248
2101	P1_minus_P0	1734	0.004932534879302786
2101	P1_minus_P0	1735	0.004263769212340784
2101	P1_minus_P0	1736	0.0029248432615109343
2101	P1_minus_P0	1737	0.003318594439367717
2101	P1_minus_P0	1738	0.003316473309827983
2101	P1_minus_P0	1739	0.005456177590707545
2101	P1_minus_P0	1740	0.004500418535211326
2101	P1_minus_P0	1741	0.004860986333122819
2101	P1_minus_P0	1742	0.004090309332671571
2101	P1_minus_P0	1743	0.003391322781767292
2101	P1_minus_P0	1744	0.0028843508455572153
2101	P1_minus_P0	1745	0.0037722964113168223
2101	P1_minus_P0	1746	0.004766269588291183
2101	P1_minus_P0	1747	0.0034961060377167175
2101	P1_minus_P0	1748	0.004809434658068712
2101	P1_minus_P0	1749	0.003912459764694121
2101	P1_minus_P0	1750	0.005080955430627698
2101	P1_minus_P0	1751	0.0037185993564718967
2101	P1_minus_P0	1752	0.003229330108902362
2101	P1_minus_P0	1753	0.0038671405148594795
2101	P1_minus_P0	1754	0.005171094690094302
2101	P1_minus_P0	1755	0.0032673172483879687
2101	P1_minus_P0	1756	0.004168110858565943
2101	P1_minus_P0	1757	0.0033981135363617687
2101	P1_minus_P0	1758	0.004730241777798183
2101	P1_minus_P0	1759	0.004666068534928347
2101	P1_minus_P0	1760	0.003864014088524853
2101	P1_minus_P0	1761	0.0031503122289582297
2101	P1_minus_P0	1762	0.0030398252600843945
2101	P1_minus_P0	1763	0.004355554037118736
2101	P1_minus_P0	1764	0.003749459295265878
2101	P1_minus_P0	1765	0.0027121881676989146
2101	P1_minus_P0	1766	0.0043566621912799475
2101	P1_minus_P0	1767	0.0025018026985764164
2101	P1_minus_P0	1768	0.002982466572478415
2101	P1_minus_P0	1769	0.004839113207717127
2101	P1_minus_P0	1770	0.0036192369419159043
2101	P1_minus_P0	1771	0.004919333520930935
2101	P1_minus_P0	1772	0.0035648130366852104
2101	P1_minus_P0	1773	0.004638984053285167
2101	P1_minus_P0	1774	0.005730232419520254
2101	P1_minus_P0	1775	0.003997150020373819
2101	P1_minus_P0	1776	0.004156493543830686
2101	P1_minus_P0	1777	0.004176152962658886
2101	P1_minus_P0	1778	0.004104991802318825
2101	P1_minus_P0	1779	0.00382267305452888
2101	P1_minus_P0	1780	0.004120853998154539
2101	P1_minus_P0	1781	0.0025822504071747465
2101	P1_minus_P0	1782	0.004806362499992389
2101	P1_minus_P0	1783	0.003834804981515061
2101	P1_minus_P0	1784	0.003477099152784713
2101	P1_minus_P0	1785	0.005258649818447647
2101	P1_minus_P0	1786	0.0033604953303906226
2101	P1_minus_P0	1787	0.004422336171267638
2101	P1_minus_P0	1788	0.003173211633353046
2101	P1_minus_P0	1789	0.0036694874167353952
2101	P1_minus_P0	1790	0.0037040615642981445
2101	P1_minus_P0	1791	0.00355872516612743
2101	P1_minus_P0	1792	0.004980223948110318
2101	P1_minus_P0	1793	0.004721256572842614
2101	P1_minus_P0	1794	0.004579159798047294
2101	P1_minus_P0	1795	0.003775345127981611
2101	P1_minus_P0	1796	0.004577005375574372
2101	P1_minus_P0	1797	0.004125743381437175
2101	P1_minus_P0	1798	0.0040165929497806285
2101	P1_minus_P0	1799	0.0029715984699181797
2101	P1_minus_P0	1800	0.005320019314574376
2101	P1_minus_P0	1801	0.0018865418147964719
2101	P1_minus_P0	1802	0.002520989559298026
2101	P1_minus_P0	1803	0.0031315634860267227
2101	P1_minus_P0	1804	0.003951693898668673
2101	P1_minus_P0	1805	0.004012897655901515
2101	P1_minus_P0	1806	0.0022126107781154647
2101	P1_minus_P0	1807	0.0035691407491688087
2101	P1_minus_P0	1808	0.0033832364199354314
2101	P1_minus_P0	1809	0.003173510350674258
2101	P1_minus_P0	1810	0.0027991799142982887
2101	P1_minus_P0	1811	0.004068457554519345
2101	P1_minus_P0	1812	0.003513277984824925
2101	P1_minus_P0	1813	0.0023864587251125613
2101	P1_minus_P0	1814	0.0041663808005288905
2101	P1_minus_P0	1815	0.0037891464942857445
2101	P1_minus_P0	1816	0.003514752046479108
2101	P1_minus_P0	1817	0.003089796133528666
2101	P1_minus_P0	1818	0.004092975954547384
2101	P1_minus_P0	1819	0.00485588547675353
2101	P1_minus_P0	1820	0.005409460387341469
2101	P1_minus_P0	1821	0.005010852529751086
2101	P1_minus_P0	1822	0.0020289607466626447
2101	P1_minus_P0	1823	0.0032507430597152887
2101	P1_minus_P0	1824	0.004562807262750157
2101	P1_minus_P0	1825	0.0037431275988457635
2101	P1_minus_P0	1826	0.004081170528197786
2101	P1_minus_P0	1827	0.0039284171476866026
2101	P1_minus_P0	1828	0.00411661114240075
2101	P1_minus_P0	1829	0.003900745633556746
2101	P1_minus_P0	1830	0.0028197770608879846
2101	P1_minus_P0	1831	0.0036565696462235175
2101	P1_minus_P0	1832	0.004898659915902048
2101	P1_minus_P0	1833	0.003996992059958571
2101	P1_minus_P0	1834	0.004186517410386864
2101	P1_minus_P0	1835	0.00479626717658832
2101	P1_minus_P0	1836	0.003763349694816731
2101	P1_minus_P0	1837	0.0025059137028276557
2101	P1_minus_P0	1838	0.0034627678772355397
2101	P1_minus_P0	1839	0.004995123950928049
2101	P1_minus_P0	1840	0.0038902108843266725
2101	P1_minus_P0	1841	0.004234517429574647
2101	P1_minus_P0	1842	0.004159058738561094
2101	P1_minus_P0	1843	0.0023696792199525696
2101	P1_minus_P0	1844	0.003954895715474027
2101	P1_minus_P0	1845	0.004050679078002217
2101	P1_minus_P0	1846	0.0036913839840701512
2101	P1_minus_P0	1847	0.004651164003640296
2101	P1_minus_P0	1848	0.0031736667334844315
2101	P1_minus_P0	1849	0.003822988602836863
2101	P1_minus_P0	1850	0.0024535398701557853
2101	P1_minus_P0	1851	0.0032019665219333304
2101	P1_minus_P0	1852	0.005396771302316528
2101	P1_minus_P0	1853	0.002927227939874766
2101	P1_minus_P0	1854	0.004333904521355347
2101	P1_minus_P0	1855	0.00487995388657525
2101	P1_minus_P0	1856	0.002543951484960172
2101	P1_minus_P0	1857	0.0033860272522935886
2101	P1_minus_P0	1858	0.0030341365992185843
2101	P1_minus_P0	1859	0.0020622999600540814
2101	P1_minus_P0	1860	0.004180302787988421
2101	P1_minus_P0	1861	0.003268613252705055
2101	P1_minus_P0	1862	0.004143282687602001
2101	P1_minus_P0	1863	0.003920876606648527
2101	P1_minus_P0	1864	0.004375542548863409
2101	P1_minus_P0	1865	0.004724769535972451
2101	P1_minus_P0	1866	0.004058694139692287
2101	P1_minus_P0	1867	0.0038421886645218506
2101	P1_minus_P0	1868	0.0029077229721249376
2101	P1_minus_P0	1869	0.00411985219881339
2101	P1_minus_P0	1870	0.0038130495002006715
2101	P1_minus_P0	1871	0.0028764252757425
2101	P1_minus_P0	1872	0.002839505700982514
2101	P1_minus_P0	1873	0.0044457264120632
2101	P1_minus_P0	1874	0.004691748451580935
2101	P1_minus_P0	1875	0.003190959418711503
2101	P1_minus_P0	1876	0.0047223563348117725
2101	P1_minus_P0	1877	0.004324049574268463
2101	P1_minus_P0	1878	0.0032678747021315235
2101	P1_minus_P0	1879	0.004923576026853227
2101	P1_minus_P0	1880	0.004220719946116391
2101	P1_minus_P0	1881	0.0038895687549187485
2101	P1_minus_P0	1882	0.004811667336057979
2101	P1_minus_P0	1883	0.00469265335783936
2101	P1_minus_P0	1884	0.002883757002877352
2101	P1_minus_P0	1885	0.0055054568677120885
2101	P1_minus_P0	1886	0.002821906432953547
2101	P1_minus_P0	1887	0.005653919717319489
2101	P1_minus_P0	1888	0.0045415609596093365
2101	P1_minus_P0	1889	0.0041203442815797575
2101	P1_minus_P0	1890	0.004417361450137047
2101	P1_minus_P0	1891	0.0037565197397054217
2101	P1_minus_P0	1892	0.0033002657754857556
2101	P1_minus_P0	1893	0.0027213073584114733
2101	P1_minus_P0	1894	0.004017199504119051
2101	P1_minus_P0	1895	0.004185318271277383
2101	P1_minus_P0	1896	0.004336312415401888
2101	P1_minus_P0	1897	0.0045692343602068974
2101	P1_minus_P0	1898	0.002946602997085823
2101	P1_minus_P0	1899	0.004395978152575475
2101	P1_minus_P0	1900	0.0038316128898602253
2101	P1_minus_P0	1901	0.0038732204219126265
2101	P1_minus_P0	1902	0.004342880207522493
2101	P1_minus_P0	1903	0.004932380855379337
2101	P1_minus_P0	1904	0.0031609859138941876
2101	P1_minus_P0	1905	0.004151838516166018
2101	P1_minus_P0	1906	0.0035869815686463413
2101	P1_minus_P0	1907	0.004355062740717397
2101	P1_minus_P0	1908	0.004802632383887728
2101	P1_minus_P0	1909	0.0042956434077570105
2101	P1_minus_P0	1910	0.004079113428653691
2101	P1_minus_P0	1911	0.0035333357675858545
2101	P1_minus_P0	1912	0.005002841738434016
2101	P1_minus_P0	1913	0.004978196069833296
2101	P1_minus_P0	1914	0.0033393846596383447
2101	P1_minus_P0	1915	0.0034630542408418674
2101	P1_minus_P0	1916	0.0032157461638264717
2101	P1_minus_P0	1917	0.004020361935210048
2101	P1_minus_P0	1918	0.0037391688132218937
2101	P1_minus_P0	1919	0.004064675315472166
2101	P1_minus_P0	1920	0.00484829288181321
2101	P1_minus_P0	1921	0.0035300168577434565
2101	P1_minus_P0	1922	0.0037339400773656606
2101	P1_minus_P0	1923	0.0027620531128801917
2101	P1_minus_P0	1924	0.0038990010762329774
2101	P1_minus_P0	1925	0.00518496178056288
2101	P1_minus_P0	1926	0.0034746432125138393
2101	P1_minus_P0	1927	0.003158733915277545
2101	P1_minus_P0	1928	0.005248738486981042
2101	P1_minus_P0	1929	0.003444097802339896
2101	P1_minus_P0	1930	0.004497085719855298
2101	P1_minus_P0	1931	0.0036594341987159495
2101	P1_minus_P0	1932	0.0031207526863947788
2101	P1_minus_P0	1933	0.0056368826010911866
2101	P1_minus_P0	1934	0.0038532957049842165
2101	P1_minus_P0	1935	0.0028834297800239272
2101	P1_minus_P0	1936	0.0038345471929990826
2101	P1_minus_P0	1937	0.004437153197427324
2101	P1_minus_P0	1938	0.0040781902291336936
2101	P1_minus_P0	1939	0.004255148317768742
2101	P1_minus_P0	1940	0.003909297700546599
2101	P1_minus_P0	1941	0.004036067359547091
2101	P1_minus_P0	1942	0.0037682050696252745
2101	P1_minus_P0	1943	0.0038394404574634278
2101	P1_minus_P0	1944	0.0035735884261788864
2101	P1_minus_P0	1945	0.003485448153607018
2101	P1_minus_P0	1946	0.0027766937443892137
2101	P1_minus_P0	1947	0.0029995420481318813
2101	P1_minus_P0	1948	0.00447352477252011
2101	P1_minus_P0	1949	0.004449324681345623
2101	P1_minus_P0	1950	0.0034652927447315074
2101	P1_minus_P0	1951	0.0035983421596239573
2101	P1_minus_P0	1952	0.004765873379926733
2101	P1_minus_P0	1953	0.004293107668199125
2101	P1_minus_P0	1954	0.0037879415855553433
2101	P1_minus_P0	1955	0.00446234595002587
2101	P1_minus_P0	1956	0.004704340644129612
2101	P1_minus_P0	1957	0.003971829728931953
2101	P1_minus_P0	1958	0.004724075969480046
2101	P1_minus_P0	1959	0.004165339450956651
2101	P1_minus_P0	1960	0.004705824866014896
2101	P1_minus_P0	1961	0.0034853584168605956
2101	P1_minus_P0	1962	0.004138571331871732
2101	P1_minus_P0	1963	0.00492237160729575
2101	P1_minus_P0	1964	0.00371478900771377
2101	P1_minus_P0	1965	0.0036010611073375998
2101	P1_minus_P0	1966	0.004957388508445293
2101	P1_minus_P0	1967	0.005579936489456427
2101	P1_minus_P0	1968	0.0034502735779521343
2101	P1_minus_P0	1969	0.0044377126193512195
2101	P1_minus_P0	1970	0.004803958665747232
2101	P1_minus_P0	1971	0.004048646737642547
2101	P1_minus_P0	1972	0.002529394091395243
2101	P1_minus_P0	1973	0.00476475444329838
2101	P1_minus_P0	1974	0.005104347959028921
2101	P1_minus_P0	1975	0.0031324760230899695
2101	P1_minus_P0	1976	0.004209991459406814
2101	P1_minus_P0	1977	0.0036810549280683613
2101	P1_minus_P0	1978	0.003115923157335998
2101	P1_minus_P0	1979	0.004021489544721535
2101	P1_minus_P0	1980	0.0059907786684475495
2101	P1_minus_P0	1981	0.0040113839681745755
2101	P1_minus_P0	1982	0.004676970057627794
2101	P1_minus_P0	1983	0.003441954610117537
2101	P1_minus_P0	1984	0.003232235935606731
2101	P1_minus_P0	1985	0.0032781887221173256
2101	P1_minus_P0	1986	0.0035880771699122183
2101	P1_minus_P0	1987	0.003822934660491828
2101	P1_minus_P0	1988	0.00401586815781535
2101	P1_minus_P0	1989	0.0039490544880761425
2101	P1_minus_P0	1990	0.005242431750334398
2101	P1_minus_P0	1991	0.0038309568309486397
2101	P1_minus_P0	1992	0.0011894118817016297
2101	P1_minus_P0	1993	0.0029113743438020645
2101	P1_minus_P0	1994	0.0037843068963100412
2101	P1_minus_P0	1995	0.003339212392868496
2101	P1_minus_P0	1996	0.004165445278823565
2101	P1_minus_P0	1997	0.003949621656424762
2101	P1_minus_P0	1998	0.0029021835240284344
2101	P1_minus_P0	1999	0.0040775830778777
2101	P1_minus_P2	0	-0.020298596441726102
2101	P1_minus_P2	1	-0.02119501794158618
2101	P1_minus_P2	2	-0.018576783555849907
2101	P1_minus_P2	3	-0.02343105410930102
2101	P1_minus_P2	4	-0.023771170793638496
2101	P1_minus_P2	5	-0.018185765406222132
2101	P1_minus_P2	6	-0.022795877190723624
2101	P1_minus_P2	7	-0.020620527829662616
2101	P1_minus_P2	8	-0.024858575755338785
2101	P1_minus_P2	9	-0.023840155908264715
2101	P1_minus_P2	10	-0.022225528192903354
2101	P1_minus_P2	11	-0.02192051954194063
2101	P1_minus_P2	12	-0.02344519309873283
2101	P1_minus_P2	13	-0.021373657557560488
2101	P1_minus_P2	14	-0.019191397523357634
2101	P1_minus_P2	15	-0.027784723740148287
2101	P1_minus_P2	16	-0.021640824412999415
2101	P1_minus_P2	17	-0.020701256537047297
2101	P1_minus_P2	18	-0.021170696002475786
2101	P1_minus_P2	19	-0.023578189514785186
2101	P1_minus_P2	20	-0.022490479024710686
2101	P1_minus_P2	21	-0.02292635472061516
2101	P1_minus_P2	22	-0.020907929718424034
2101	P1_minus_P2	23	-0.020488028545704917
2101	P1_minus_P2	24	-0.02068318372327571
2101	P1_minus_P2	25	-0.024653238402763566
2101	P1_minus_P2	26	-0.021983296932015062
2101	P1_minus_P2	27	-0.02022950027063697
2101	P1_minus_P2	28	-0.02097471478949986
2101	P1_minus_P2	29	-0.023109816812701023
2101	P1_minus_P2	30	-0.018855098873165888
2101	P1_minus_P2	31	-0.020825617141037145
2101	P1_minus_P2	32	-0.02122809573696055
2101	P1_minus_P2	33	-0.023756047657014612
2101	P1_minus_P2	34	-0.026338664101259235
2101	P1_minus_P2	35	-0.023602980672149276
2101	P1_minus_P2	36	-0.021805859964125207
2101	P1_minus_P2	37	-0.023824430357068993
2101	P1_minus_P2	38	-0.020244429576317335
2101	P1_minus_P2	39	-0.02593604248795689
2101	P1_minus_P2	40	-0.019356693959924842
2101	P1_minus_P2	41	-0.020295118028281045
2101	P1_minus_P2	42	-0.020748981952908307
2101	P1_minus_P2	43	-0.02358643841355712
2101	P1_minus_P2	44	-0.020662713585951398
2101	P1_minus_P2	45	-0.021567347301697015
2101	P1_minus_P2	46	-0.01777468110713626
2101	P1_minus_P2	47	-0.020161505726483397
2101	P1_minus_P2	48	-0.021754144410845333
2101	P1_minus_P2	49	-0.02075293001201889
2101	P1_minus_P2	50	-0.022687772058453237
2101	P1_minus_P2	51	-0.022745148288185746
2101	P1_minus_P2	52	-0.023303642570230654
2101	P1_minus_P2	53	-0.017027720639513855
2101	P1_minus_P2	54	-0.019790220153832916
2101	P1_minus_P2	55	-0.023887137352249455
2101	P1_minus_P2	56	-0.022166410946503567
2101	P1_minus_P2	57	-0.020174859660434807
2101	P1_minus_P2	58	-0.018290351499759716
2101	P1_minus_P2	59	-0.024282701429433118
2101	P1_minus_P2	60	-0.024101581551630225
2101	P1_minus_P2	61	-0.016123320107890304
2101	P1_minus_P2	62	-0.02312121997790051
2101	P1_minus_P2	63	-0.019617609890236642
2101	P1_minus_P2	64	-0.021885077782573426
2101	P1_minus_P2	65	-0.0190037470900124
2101	P1_minus_P2	66	-0.02444094630806093
2101	P1_minus_P2	67	-0.020667716656042834
2101	P1_minus_P2	68	-0.017612410236299114
2101	P1_minus_P2	69	-0.024280616331631866
2101	P1_minus_P2	70	-0.020347636055761842
2101	P1_minus_P2	71	-0.024269113463390946
2101	P1_minus_P2	72	-0.021852217852789846
2101	P1_minus_P2	73	-0.020612192758098613
2101	P1_minus_P2	74	-0.020811196765473883
2101	P1_minus_P2	75	-0.02311664560118526
2101	P1_minus_P2	76	-0.02118846610334091
2101	P1_minus_P2	77	-0.02004002421571166
2101	P1_minus_P2	78	-0.019588325076694446
2101	P1_minus_P2	79	-0.02153020290367169
2101	P1_minus_P2	80	-0.018958398574767388
2101	P1_minus_P2	81	-0.02390655884124676
2101	P1_minus_P2	82	-0.020663546041161218
2101	P1_minus_P2	83	-0.023480869907090196
2101	P1_minus_P2	84	-0.02136914178927435
2101	P1_minus_P2	85	-0.023117556033061704
2101	P1_minus_P2	86	-0.023657701993942515
2101	P1_minus_P2	87	-0.020021791627511276
2101	P1_minus_P2	88	-0.019584805271599115
2101	P1_minus_P2	89	-0.020440501642506437
2101	P1_minus_P2	90	-0.02234018106529173
2101	P1_minus_P2	91	-0.020731800110002363
2101	P1_minus_P2	92	-0.02427826950862022
2101	P1_minus_P2	93	-0.021422078162126823
2101	P1_minus_P2	94	-0.019658881038527753
2101	P1_minus_P2	95	-0.02538919581333282
2101	P1_minus_P2	96	-0.019539804979219477
2101	P1_minus_P2	97	-0.01986422417768352
2101	P1_minus_P2	98	-0.01993606361416267
2101	P1_minus_P2	99	-0.018073804718336528
2101	P1_minus_P2	100	-0.02250265502115334
2101	P1_minus_P2	101	-0.020319778296196356
2101	P1_minus_P2	102	-0.019652965358459562
2101	P1_minus_P2	103	-0.021018385433951847
2101	P1_minus_P2	104	-0.02114976661975332
2101	P1_minus_P2	105	-0.020337104674915896
2101	P1_minus_P2	106	-0.02253888844077906
2101	P1_minus_P2	107	-0.026242704459620292
2101	P1_minus_P2	108	-0.020620094102958397
2101	P1_minus_P2	109	-0.019549194058644026
2101	P1_minus_P2	110	-0.025287085510016183
2101	P1_minus_P2	111	-0.020710948142113272
2101	P1_minus_P2	112	-0.021217441140879978
2101	P1_minus_P2	113	-0.019783210407067264
2101	P1_minus_P2	114	-0.023793049506348418
2101	P1_minus_P2	115	-0.022896700890476407
2101	P1_minus_P2	116	-0.022897112006449172
2101	P1_minus_P2	117	-0.01980937842557584
2101	P1_minus_P2	118	-0.02177141354972989
2101	P1_minus_P2	119	-0.018158376411431698
2101	P1_minus_P2	120	-0.020340218875915528
2101	P1_minus_P2	121	-0.023434090721780154
2101	P1_minus_P2	122	-0.022124288071315446
2101	P1_minus_P2	123	-0.021192038769066224
2101	P1_minus_P2	124	-0.02031928182797743
2101	P1_minus_P2	125	-0.024390351185328563
2101	P1_minus_P2	126	-0.01837056874645626
2101	P1_minus_P2	127	-0.02239995272904244
2101	P1_minus_P2	128	-0.02288897584859889
2101	P1_minus_P2	129	-0.01816978457709073
2101	P1_minus_P2	130	-0.024934193689477135
2101	P1_minus_P2	131	-0.020150790553992548
2101	P1_minus_P2	132	-0.023069161509698066
2101	P1_minus_P2	133	-0.02043858846179125
2101	P1_minus_P2	134	-0.021839512852545484
2101	P1_minus_P2	135	-0.021804790195733392
2101	P1_minus_P2	136	-0.0208068442100664
2101	P1_minus_P2	137	-0.022704882113304237
2101	P1_minus_P2	138	-0.016371593673446927
2101	P1_minus_P2	139	-0.01632948510718424
2101	P1_minus_P2	140	-0.02153748233751529
2101	P1_minus_P2	141	-0.019441959689541932
2101	P1_minus_P2	142	-0.027799943332054544
2101	P1_minus_P2	143	-0.022604520570341846
2101	P1_minus_P2	144	-0.021941173758113885
2101	P1_minus_P2	145	-0.01722521339551719
2101	P1_minus_P2	146	-0.024290896958001074
2101	P1_minus_P2	147	-0.021944336687338917
2101	P1_minus_P2	148	-0.019740994662630684
2101	P1_minus_P2	149	-0.021194990015672766
2101	P1_minus_P2	150	-0.024521306766805306
2101	P1_minus_P2	151	-0.019082597304962534
2101	P1_minus_P2	152	-0.021655351819219848
2101	P1_minus_P2	153	-0.01900945338202531
2101	P1_minus_P2	154	-0.019446741811242063
2101	P1_minus_P2	155	-0.019284352430010532
2101	P1_minus_P2	156	-0.02126439517710088
2101	P1_minus_P2	157	-0.02483540061862538
2101	P1_minus_P2	158	-0.01991896546872668
2101	P1_minus_P2	159	-0.020135944813052198
2101	P1_minus_P2	160	-0.019154724828991276
2101	P1_minus_P2	161	-0.021280686710328567
2101	P1_minus_P2	162	-0.018194297753327315
2101	P1_minus_P2	163	-0.019967456056940336
2101	P1_minus_P2	164	-0.021906454163987066
2101	P1_minus_P2	165	-0.019202340929846184
2101	P1_minus_P2	166	-0.021717120774915222
2101	P1_minus_P2	167	-0.02076826136304788
2101	P1_minus_P2	168	-0.022365964224448365
2101	P1_minus_P2	169	-0.021111692959639494
2101	P1_minus_P2	170	-0.019812319562766856
2101	P1_minus_P2	171	-0.016988947986965097
2101	P1_minus_P2	172	-0.02159220091830849
2101	P1_minus_P2	173	-0.023806600715850113
2101	P1_minus_P2	174	-0.01995446669309131
2101	P1_minus_P2	175	-0.01996626023382031
2101	P1_minus_P2	176	-0.01754249678762787
2101	P1_minus_P2	177	-0.021460296861368022
2101	P1_minus_P2	178	-0.021776010354445763
2101	P1_minus_P2	179	-0.018614743688929458
2101	P1_minus_P2	180	-0.020852994010493564
2101	P1_minus_P2	181	-0.02087759006975326
2101	P1_minus_P2	182	-0.02170976689605153
2101	P1_minus_P2	183	-0.020750915197040976
2101	P1_minus_P2	184	-0.01976239020121523
2101	P1_minus_P2	185	-0.02237834890942436
2101	P1_minus_P2	186	-0.021126825567337304
2101	P1_minus_P2	187	-0.01996113004458222
2101	P1_minus_P2	188	-0.020998918995680127
2101	P1_minus_P2	189	-0.023170560191923817
2101	P1_minus_P2	190	-0.02245268143722312
2101	P1_minus_P2	191	-0.0178042166224186
2101	P1_minus_P2	192	-0.02268440011131545
2101	P1_minus_P2	193	-0.022068003896202115
2101	P1_minus_P2	194	-0.020411673341996284
2101	P1_minus_P2	195	-0.020986865340792304
2101	P1_minus_P2	196	-0.02073095263929814
2101	P1_minus_P2	197	-0.022891597456638935
2101	P1_minus_P2	198	-0.02047362776408912
2101	P1_minus_P2	199	-0.025851458447260556
2101	P1_minus_P2	200	-0.020399618949039078
2101	P1_minus_P2	201	-0.02122902887358169
2101	P1_minus_P2	202	-0.02041532671213475
2101	P1_minus_P2	203	-0.02365645710404818
2101	P1_minus_P2	204	-0.020770171493715184
2101	P1_minus_P2	205	-0.021303545655553313
2101	P1_minus_P2	206	-0.023784909251891584
2101	P1_minus_P2	207	-0.02156682245147501
2101	P1_minus_P2	208	-0.021210088301615027
2101	P1_minus_P2	209	-0.022523594293399007
2101	P1_minus_P2	210	-0.020248538407066752
2101	P1_minus_P2	211	-0.02230664257806575
2101	P1_minus_P2	212	-0.021125477082444055
2101	P1_minus_P2	213	-0.023331149148385022
2101	P1_minus_P2	214	-0.021350241937799497
2101	P1_minus_P2	215	-0.023592788599664516
2101	P1_minus_P2	216	-0.02288700127269172
2101	P1_minus_P2	217	-0.02152120810748867
2101	P1_minus_P2	218	-0.023649596599897127
2101	P1_minus_P2	219	-0.021484383647933314
2101	P1_minus_P2	220	-0.02333743313180381
2101	P1_minus_P2	221	-0.01930700776919464
2101	P1_minus_P2	222	-0.02006110704959202
2101	P1_minus_P2	223	-0.02148703998321233
2101	P1_minus_P2	224	-0.01859225522870256
2101	P1_minus_P2	225	-0.020635185795903177
2101	P1_minus_P2	226	-0.02234689347375557
2101	P1_minus_P2	227	-0.020667114694325833
2101	P1_minus_P2	228	-0.020537843705393355
2101	P1_minus_P2	229	-0.02095171521945094
2101	P1_minus_P2	230	-0.020900650090694417
2101	P1_minus_P2	231	-0.022870506281731928
2101	P1_minus_P2	232	-0.01583020470565849
2101	P1_minus_P2	233	-0.018920331540430102
2101	P1_minus_P2	234	-0.02251425729599621
2101	P1_minus_P2	235	-0.02372428661662762
2101	P1_minus_P2	236	-0.019477566798305923
2101	P1_minus_P2	237	-0.019682092440903187
2101	P1_minus_P2	238	-0.020736154078343783
2101	P1_minus_P2	239	-0.02342183357525085
2101	P1_minus_P2	240	-0.02546823330195741
2101	P1_minus_P2	241	-0.018512615464004845
2101	P1_minus_P2	242	-0.024636949077286807
2101	P1_minus_P2	243	-0.020741726554717455
2101	P1_minus_P2	244	-0.02407576705779041
2101	P1_minus_P2	245	-0.021304283928392342
2101	P1_minus_P2	246	-0.0204284645321694
2101	P1_minus_P2	247	-0.021631138542319017
2101	P1_minus_P2	248	-0.021044372447988957
2101	P1_minus_P2	249	-0.02056221568501998
2101	P1_minus_P2	250	-0.020167292147505456
2101	P1_minus_P2	251	-0.02276012614629236
2101	P1_minus_P2	252	-0.01929828759492136
2101	P1_minus_P2	253	-0.02255608825962363
2101	P1_minus_P2	254	-0.02130074442885438
2101	P1_minus_P2	255	-0.01937353144633841
2101	P1_minus_P2	256	-0.022499185951777967
2101	P1_minus_P2	257	-0.019285435400367645
2101	P1_minus_P2	258	-0.021101989077822902
2101	P1_minus_P2	259	-0.023938322610247365
2101	P1_minus_P2	260	-0.023350288691949994
2101	P1_minus_P2	261	-0.02328223666082202
2101	P1_minus_P2	262	-0.018780484099468753
2101	P1_minus_P2	263	-0.021062746555677025
2101	P1_minus_P2	264	-0.020644006827394923
2101	P1_minus_P2	265	-0.01872049198244219
2101	P1_minus_P2	266	-0.02090631261848286
2101	P1_minus_P2	267	-0.020990279607504436
2101	P1_minus_P2	268	-0.01908754598182938
2101	P1_minus_P2	269	-0.01888024249139436
2101	P1_minus_P2	270	-0.02462665946831538
2101	P1_minus_P2	271	-0.02198370284625617
2101	P1_minus_P2	272	-0.019424145782832802
2101	P1_minus_P2	273	-0.01993619221073123
2101	P1_minus_P2	274	-0.022647451923970108
2101	P1_minus_P2	275	-0.020704606903767797
2101	P1_minus_P2	276	-0.019686028232694275
2101	P1_minus_P2	277	-0.022710082026319522
2101	P1_minus_P2	278	-0.022144669844747333
2101	P1_minus_P2	279	-0.02216215176027464
2101	P1_minus_P2	280	-0.023232923793740257
2101	P1_minus_P2	281	-0.02065511017283822
2101	P1_minus_P2	282	-0.023425255345981832
2101	P1_minus_P2	283	-0.020083779801472024
2101	P1_minus_P2	284	-0.022899041811443588
2101	P1_minus_P2	285	-0.021758088059241343
2101	P1_minus_P2	286	-0.020062126966625793
2101	P1_minus_P2	287	-0.025352231738800857
2101	P1_minus_P2	288	-0.024591087798952693
2101	P1_minus_P2	289	-0.02502091631849912
2101	P1_minus_P2	290	-0.02034504859243097
2101	P1_minus_P2	291	-0.019948639106979527
2101	P1_minus_P2	292	-0.01918699523486439
2101	P1_minus_P2	293	-0.020972010541933983
2101	P1_minus_P2	294	-0.022039789146317823
2101	P1_minus_P2	295	-0.019216311702382805
2101	P1_minus_P2	296	-0.022438646026227582
2101	P1_minus_P2	297	-0.01797189781691344
2101	P1_minus_P2	298	-0.020849101033333817
2101	P1_minus_P2	299	-0.020636320848257617
2101	P1_minus_P2	300	-0.019706423170435805
2101	P1_minus_P2	301	-0.022655491521906157
2101	P1_minus_P2	302	-0.019036625507373284
2101	P1_minus_P2	303	-0.020721092064854396
2101	P1_minus_P2	304	-0.017781494575958345
2101	P1_minus_P2	305	-0.02030950657221281
2101	P1_minus_P2	306	-0.01874552976181587
2101	P1_minus_P2	307	-0.021713410415602485
2101	P1_minus_P2	308	-0.023086719202024153
2101	P1_minus_P2	309	-0.02340928222140909
2101	P1_minus_P2	310	-0.020756696725437507
2101	P1_minus_P2	311	-0.02234804277357738
2101	P1_minus_P2	312	-0.02122142963927326
2101	P1_minus_P2	313	-0.018457222141129936
2101	P1_minus_P2	314	-0.020065109672581793
2101	P1_minus_P2	315	-0.02381142834353972
2101	P1_minus_P2	316	-0.01699787812203496
2101	P1_minus_P2	317	-0.02247888493552569
2101	P1_minus_P2	318	-0.023043818504226155
2101	P1_minus_P2	319	-0.02285950542955667
2101	P1_minus_P2	320	-0.021788424256833416
2101	P1_minus_P2	321	-0.01941075060416364
2101	P1_minus_P2	322	-0.01867863537389175
2101	P1_minus_P2	323	-0.0264679414574851
2101	P1_minus_P2	324	-0.024028470985739236
2101	P1_minus_P2	325	-0.019889586256339853
2101	P1_minus_P2	326	-0.018594825667161363
2101	P1_minus_P2	327	-0.024243164905229264
2101	P1_minus_P2	328	-0.018304003699253724
2101	P1_minus_P2	329	-0.01897759737251531
2101	P1_minus_P2	330	-0.018207021370048093
2101	P1_minus_P2	331	-0.0221069665868453
2101	P1_minus_P2	332	-0.022814651154816512
2101	P1_minus_P2	333	-0.01877674624705905
2101	P1_minus_P2	334	-0.026081276608335313
2101	P1_minus_P2	335	-0.022074455031155515
2101	P1_minus_P2	336	-0.025875205630861542
2101	P1_minus_P2	337	-0.019163911414361856
2101	P1_minus_P2	338	-0.024566206433863758
2101	P1_minus_P2	339	-0.02184397552047207
2101	P1_minus_P2	340	-0.02025319068940945
2101	P1_minus_P2	341	-0.019938155777869615
2101	P1_minus_P2	342	-0.02322861046962621
2101	P1_minus_P2	343	-0.02090389007175064
2101	P1_minus_P2	344	-0.02435947295210683
2101	P1_minus_P2	345	-0.019448816333815344
2101	P1_minus_P2	346	-0.021329186667082833
2101	P1_minus_P2	347	-0.02161169393832746
2101	P1_minus_P2	348	-0.019684193788166104
2101	P1_minus_P2	349	-0.02179512563984154
2101	P1_minus_P2	350	-0.021036670362904908
2101	P1_minus_P2	351	-0.019355658246895446
2101	P1_minus_P2	352	-0.024585061588264234
2101	P1_minus_P2	353	-0.020288235659666642
2101	P1_minus_P2	354	-0.02227774748725886
2101	P1_minus_P2	355	-0.02057915845633851
2101	P1_minus_P2	356	-0.017184302624502767
2101	P1_minus_P2	357	-0.020853690797905
2101	P1_minus_P2	358	-0.020552221462645237
2101	P1_minus_P2	359	-0.018309383863982787
2101	P1_minus_P2	360	-0.02032470750200993
2101	P1_minus_P2	361	-0.022170427836132045
2101	P1_minus_P2	362	-0.017978387842718435
2101	P1_minus_P2	363	-0.022700025455631212
2101	P1_minus_P2	364	-0.019544682821200365
2101	P1_minus_P2	365	-0.022142481609991826
2101	P1_minus_P2	366	-0.018636588386052644
2101	P1_minus_P2	367	-0.019859982092500394
2101	P1_minus_P2	368	-0.021446916221453338
2101	P1_minus_P2	369	-0.016146494970999736
2101	P1_minus_P2	370	-0.022089730454486145
2101	P1_minus_P2	371	-0.0244678163140713
2101	P1_minus_P2	372	-0.019830779110670438
2101	P1_minus_P2	373	-0.021152675439142454
2101	P1_minus_P2	374	-0.020164174157770165
2101	P1_minus_P2	375	-0.021508806340716335
2101	P1_minus_P2	376	-0.024653414217498726
2101	P1_minus_P2	377	-0.02083167970983435
2101	P1_minus_P2	378	-0.022274774853852153
2101	P1_minus_P2	379	-0.017305449768180825
2101	P1_minus_P2	380	-0.02489251061245934
2101	P1_minus_P2	381	-0.019638227446437395
2101	P1_minus_P2	382	-0.02116307079260582
2101	P1_minus_P2	383	-0.02041199099411406
2101	P1_minus_P2	384	-0.02103629914590832
2101	P1_minus_P2	385	-0.024605667912283247
2101	P1_minus_P2	386	-0.02447846523950975
2101	P1_minus_P2	387	-0.0224078537296028
2101	P1_minus_P2	388	-0.017636727685613973
2101	P1_minus_P2	389	-0.018987082325282678
2101	P1_minus_P2	390	-0.02241894688320667
2101	P1_minus_P2	391	-0.02263329643627643
2101	P1_minus_P2	392	-0.020957879654229628
2101	P1_minus_P2	393	-0.01822929051782407
2101	P1_minus_P2	394	-0.023135202575388758
2101	P1_minus_P2	395	-0.0216264836747041
2101	P1_minus_P2	396	-0.02032397795196017
2101	P1_minus_P2	397	-0.019695233914313992
2101	P1_minus_P2	398	-0.024732359734302767
2101	P1_minus_P2	399	-0.021522494611192378
2101	P1_minus_P2	400	-0.02047202119624736
2101	P1_minus_P2	401	-0.019265432618173817
2101	P1_minus_P2	402	-0.018331890073586765
2101	P1_minus_P2	403	-0.019253140957321002
2101	P1_minus_P2	404	-0.022542734311187307
2101	P1_minus_P2	405	-0.018710624587542746
2101	P1_minus_P2	406	-0.019749353923044055
2101	P1_minus_P2	407	-0.017183706904823126
2101	P1_minus_P2	408	-0.022350941053983386
2101	P1_minus_P2	409	-0.021580023938278514
2101	P1_minus_P2	410	-0.02447700634648975
2101	P1_minus_P2	411	-0.017865893648573827
2101	P1_minus_P2	412	-0.020362503563017442
2101	P1_minus_P2	413	-0.021099949597164436
2101	P1_minus_P2	414	-0.02239771216059272
2101	P1_minus_P2	415	-0.016531356120943252
2101	P1_minus_P2	416	-0.022119689908722873
2101	P1_minus_P2	417	-0.020511180809530127
2101	P1_minus_P2	418	-0.01917371133258783
2101	P1_minus_P2	419	-0.020199816639264956
2101	P1_minus_P2	420	-0.022098109021779555
2101	P1_minus_P2	421	-0.02371755664067937
2101	P1_minus_P2	422	-0.020956375255480164
2101	P1_minus_P2	423	-0.0221104289844965
2101	P1_minus_P2	424	-0.0209000250044607
2101	P1_minus_P2	425	-0.023118998886648312
2101	P1_minus_P2	426	-0.021937380738922596
2101	P1_minus_P2	427	-0.019139309234600332
2101	P1_minus_P2	428	-0.018257406216356298
2101	P1_minus_P2	429	-0.020911422185470374
2101	P1_minus_P2	430	-0.02279132735555589
2101	P1_minus_P2	431	-0.02046999560493923
2101	P1_minus_P2	432	-0.024308559638021032
2101	P1_minus_P2	433	-0.021829743303272975
2101	P1_minus_P2	434	-0.022626717115380612
2101	P1_minus_P2	435	-0.019667403351975365
2101	P1_minus_P2	436	-0.024745230844748112
2101	P1_minus_P2	437	-0.01899728603969042
2101	P1_minus_P2	438	-0.022328814247925377
2101	P1_minus_P2	439	-0.019282396989536765
2101	P1_minus_P2	440	-0.01893080730456076
2101	P1_minus_P2	441	-0.02100051048258439
2101	P1_minus_P2	442	-0.021140378303460772
2101	P1_minus_P2	443	-0.020253235468421504
2101	P1_minus_P2	444	-0.019008599641529622
2101	P1_minus_P2	445	-0.02262917248636287
2101	P1_minus_P2	446	-0.02406796060362143
2101	P1_minus_P2	447	-0.020102097090908044
2101	P1_minus_P2	448	-0.021460544297208672
2101	P1_minus_P2	449	-0.021947206253864482
2101	P1_minus_P2	450	-0.022059823330938255
2101	P1_minus_P2	451	-0.01971074382033744
2101	P1_minus_P2	452	-0.01722851918034629
2101	P1_minus_P2	453	-0.019756706554433567
2101	P1_minus_P2	454	-0.020005541062146637
2101	P1_minus_P2	455	-0.019157528450926498
2101	P1_minus_P2	456	-0.019019882616756523
2101	P1_minus_P2	457	-0.018687148640094797
2101	P1_minus_P2	458	-0.02094859533740745
2101	P1_minus_P2	459	-0.022004721417789253
2101	P1_minus_P2	460	-0.020063762980945143
2101	P1_minus_P2	461	-0.02343661974708755
2101	P1_minus_P2	462	-0.02099595635828372
2101	P1_minus_P2	463	-0.021084372480203672
2101	P1_minus_P2	464	-0.021116399130270025
2101	P1_minus_P2	465	-0.01788688977924463
2101	P1_minus_P2	466	-0.02223038654326731
2101	P1_minus_P2	467	-0.0206001932855025
2101	P1_minus_P2	468	-0.01842580450584219
2101	P1_minus_P2	469	-0.021658859195311797
2101	P1_minus_P2	470	-0.021603931424573952
2101	P1_minus_P2	471	-0.02159374054440566
2101	P1_minus_P2	472	-0.023176203867927236
2101	P1_minus_P2	473	-0.0218586561719758
2101	P1_minus_P2	474	-0.02270734879037517
2101	P1_minus_P2	475	-0.021488341996912075
2101	P1_minus_P2	476	-0.019852211154806343
2101	P1_minus_P2	477	-0.02143780316027355
2101	P1_minus_P2	478	-0.02257159923557156
2101	P1_minus_P2	479	-0.021183132492632373
2101	P1_minus_P2	480	-0.024783753463954394
2101	P1_minus_P2	481	-0.02068999290780199
2101	P1_minus_P2	482	-0.024011623536056015
2101	P1_minus_P2	483	-0.02274121145780683
2101	P1_minus_P2	484	-0.020404147861341315
2101	P1_minus_P2	485	-0.021102269930547757
2101	P1_minus_P2	486	-0.01992068033943789
2101	P1_minus_P2	487	-0.022718973171931278
2101	P1_minus_P2	488	-0.022158263783287335
2101	P1_minus_P2	489	-0.022263082359166797
2101	P1_minus_P2	490	-0.020111064886028596
2101	P1_minus_P2	491	-0.020137026458717455
2101	P1_minus_P2	492	-0.019810651170098392
2101	P1_minus_P2	493	-0.024201400965322917
2101	P1_minus_P2	494	-0.023853977111166658
2101	P1_minus_P2	495	-0.020977810129291008
2101	P1_minus_P2	496	-0.021098763961398703
2101	P1_minus_P2	497	-0.02287563514448765
2101	P1_minus_P2	498	-0.019824970313077617
2101	P1_minus_P2	499	-0.025286288890067177
2101	P1_minus_P2	500	-0.021715016557741273
2101	P1_minus_P2	501	-0.019278637122756292
2101	P1_minus_P2	502	-0.01851582012183145
2101	P1_minus_P2	503	-0.0205147081476299
2101	P1_minus_P2	504	-0.02294444357961911
2101	P1_minus_P2	505	-0.017401920332311027
2101	P1_minus_P2	506	-0.019506256215395312
2101	P1_minus_P2	507	-0.021187252136801282
2101	P1_minus_P2	508	-0.020463704354979184
2101	P1_minus_P2	509	-0.01952757201406119
2101	P1_minus_P2	510	-0.021242262870676876
2101	P1_minus_P2	511	-0.021822606971138747
2101	P1_minus_P2	512	-0.020098010448504566
2101	P1_minus_P2	513	-0.02038468903150381
2101	P1_minus_P2	514	-0.022503750726634575
2101	P1_minus_P2	515	-0.020770291854069423
2101	P1_minus_P2	516	-0.02413411808999577
2101	P1_minus_P2	517	-0.022854118625506847
2101	P1_minus_P2	518	-0.02071327041355342
2101	P1_minus_P2	519	-0.018080839371184876
2101	P1_minus_P2	520	-0.023053939173227456
2101	P1_minus_P2	521	-0.021659563710617558
2101	P1_minus_P2	522	-0.019342992208414844
2101	P1_minus_P2	523	-0.020378083428230886
2101	P1_minus_P2	524	-0.022552622863633798
2101	P1_minus_P2	525	-0.02357820544025313
2101	P1_minus_P2	526	-0.021908912700852712
2101	P1_minus_P2	527	-0.01781793178675406
2101	P1_minus_P2	528	-0.02213571233711642
2101	P1_minus_P2	529	-0.02016419872645353
2101	P1_minus_P2	530	-0.023335342668530767
2101	P1_minus_P2	531	-0.019439801559357872
2101	P1_minus_P2	532	-0.02303450288311998
2101	P1_minus_P2	533	-0.018668531197056304
2101	P1_minus_P2	534	-0.022663047285902516
2101	P1_minus_P2	535	-0.021422298519235605
2101	P1_minus_P2	536	-0.02234230401874754
2101	P1_minus_P2	537	-0.021464402209836364
2101	P1_minus_P2	538	-0.021085186447517112
2101	P1_minus_P2	539	-0.02205809290626426
2101	P1_minus_P2	540	-0.02089709288359004
2101	P1_minus_P2	541	-0.021417732727584293
2101	P1_minus_P2	542	-0.022040721585544376
2101	P1_minus_P2	543	-0.023193734465811355
2101	P1_minus_P2	544	-0.02310606890376732
2101	P1_minus_P2	545	-0.02485862914217557
2101	P1_minus_P2	546	-0.018640739034967713
2101	P1_minus_P2	547	-0.01891629354665325
2101	P1_minus_P2	548	-0.023348998461857895
2101	P1_minus_P2	549	-0.020193786075215825
2101	P1_minus_P2	550	-0.019877160916377312
2101	P1_minus_P2	551	-0.023163096338857325
2101	P1_minus_P2	552	-0.02069195789248557
2101	P1_minus_P2	553	-0.01866974468423921
2101	P1_minus_P2	554	-0.021199187508798845
2101	P1_minus_P2	555	-0.021078393670854956
2101	P1_minus_P2	556	-0.01940586582077125
2101	P1_minus_P2	557	-0.022552084479212087
2101	P1_minus_P2	558	-0.017530627341080407
2101	P1_minus_P2	559	-0.02130888033442413
2101	P1_minus_P2	560	-0.022735686537146804
2101	P1_minus_P2	561	-0.018467549050114607
2101	P1_minus_P2	562	-0.0240592647365116
2101	P1_minus_P2	563	-0.018392498620170894
2101	P1_minus_P2	564	-0.018528850342558523
2101	P1_minus_P2	565	-0.0193667302094917
2101	P1_minus_P2	566	-0.018224370829328596
2101	P1_minus_P2	567	-0.02205426101808078
2101	P1_minus_P2	568	-0.022960073712160523
2101	P1_minus_P2	569	-0.018866439728405626
2101	P1_minus_P2	570	-0.019374061052319314
2101	P1_minus_P2	571	-0.02630795486039811
2101	P1_minus_P2	572	-0.01982922310131474
2101	P1_minus_P2	573	-0.021783336946858745
2101	P1_minus_P2	574	-0.02299068365026552
2101	P1_minus_P2	575	-0.022294293247519525
2101	P1_minus_P2	576	-0.02215344950966286
2101	P1_minus_P2	577	-0.0176148507959627
2101	P1_minus_P2	578	-0.023270989021455912
2101	P1_minus_P2	579	-0.020988627559526907
2101	P1_minus_P2	580	-0.018374068687072587
2101	P1_minus_P2	581	-0.015580616412432247
2101	P1_minus_P2	582	-0.021045486551058867
2101	P1_minus_P2	583	-0.020929909249346457
2101	P1_minus_P2	584	-0.02271323359857924
2101	P1_minus_P2	585	-0.02163380004454296
2101	P1_minus_P2	586	-0.021345306733135616
2101	P1_minus_P2	587	-0.023086608760395144
2101	P1_minus_P2	588	-0.019078181389444726
2101	P1_minus_P2	589	-0.019925341063872837
2101	P1_minus_P2	590	-0.01855327902175563
2101	P1_minus_P2	591	-0.02020071751180469
2101	P1_minus_P2	592	-0.023830359304708337
2101	P1_minus_P2	593	-0.026307119175180138
2101	P1_minus_P2	594	-0.022882814370770554
2101	P1_minus_P2	595	-0.019470067934232838
2101	P1_minus_P2	596	-0.02046146298481538
2101	P1_minus_P2	597	-0.021419875987994108
2101	P1_minus_P2	598	-0.020815021824411417
2101	P1_minus_P2	599	-0.01916894389191237
2101	P1_minus_P2	600	-0.021090674002328003
2101	P1_minus_P2	601	-0.02036071858854177
2101	P1_minus_P2	602	-0.021566880615498052
2101	P1_minus_P2	603	-0.018728867856148357
2101	P1_minus_P2	604	-0.019908316493587375
2101	P1_minus_P2	605	-0.024163976092446027
2101	P1_minus_P2	606	-0.02257923185644828
2101	P1_minus_P2	607	-0.02281366292239234
2101	P1_minus_P2	608	-0.02132042610524887
2101	P1_minus_P2	609	-0.02428367175336099
2101	P1_minus_P2	610	-0.018360146498326013
2101	P1_minus_P2	611	-0.022933957141997863
2101	P1_minus_P2	612	-0.019606368097223548
2101	P1_minus_P2	613	-0.0205603685049201
2101	P1_minus_P2	614	-0.02055042835523979
2101	P1_minus_P2	615	-0.016339014438903898
2101	P1_minus_P2	616	-0.02158637038124328
2101	P1_minus_P2	617	-0.022924751510948194
2101	P1_minus_P2	618	-0.025307623325642847
2101	P1_minus_P2	619	-0.020774415150596193
2101	P1_minus_P2	620	-0.02362644329762109
2101	P1_minus_P2	621	-0.020872171321150157
2101	P1_minus_P2	622	-0.020663173841810267
2101	P1_minus_P2	623	-0.019117436566961632
2101	P1_minus_P2	624	-0.024205412471571985
2101	P1_minus_P2	625	-0.024238950735413045
2101	P1_minus_P2	626	-0.022484659879576097
2101	P1_minus_P2	627	-0.017336964686454903
2101	P1_minus_P2	628	-0.02129934264551786
2101	P1_minus_P2	629	-0.02248939319115456
2101	P1_minus_P2	630	-0.022733076285173515
2101	P1_minus_P2	631	-0.02062262787577629
2101	P1_minus_P2	632	-0.024105587809445272
2101	P1_minus_P2	633	-0.023575360723796124
2101	P1_minus_P2	634	-0.020682672000804536
2101	P1_minus_P2	635	-0.02268827993612732
2101	P1_minus_P2	636	-0.023785726747587
2101	P1_minus_P2	637	-0.023165851743286836
2101	P1_minus_P2	638	-0.022225088036098017
2101	P1_minus_P2	639	-0.01983461257895014
2101	P1_minus_P2	640	-0.02281034636452639
2101	P1_minus_P2	641	-0.021343839358135774
2101	P1_minus_P2	642	-0.018557046690707235
2101	P1_minus_P2	643	-0.022664944605822412
2101	P1_minus_P2	644	-0.022029348403516447
2101	P1_minus_P2	645	-0.022934406977934862
2101	P1_minus_P2	646	-0.021614505917286697
2101	P1_minus_P2	647	-0.020196245247708355
2101	P1_minus_P2	648	-0.022870696168988458
2101	P1_minus_P2	649	-0.02313544162921477
2101	P1_minus_P2	650	-0.021806804833649496
2101	P1_minus_P2	651	-0.021535425014945653
2101	P1_minus_P2	652	-0.02483633919604128
2101	P1_minus_P2	653	-0.023295370471565213
2101	P1_minus_P2	654	-0.024510997481354935
2101	P1_minus_P2	655	-0.02080735013139512
2101	P1_minus_P2	656	-0.020776389850547528
2101	P1_minus_P2	657	-0.021811132874790085
2101	P1_minus_P2	658	-0.02121432568259979
2101	P1_minus_P2	659	-0.02086073877988559
2101	P1_minus_P2	660	-0.0179866514830731
2101	P1_minus_P2	661	-0.0260545604014516
2101	P1_minus_P2	662	-0.017869160998450928
2101	P1_minus_P2	663	-0.01876248179293971
2101	P1_minus_P2	664	-0.020851117882066172
2101	P1_minus_P2	665	-0.019975996409017927
2101	P1_minus_P2	666	-0.018011711266242125
2101	P1_minus_P2	667	-0.020947677136517018
2101	P1_minus_P2	668	-0.018508857444718974
2101	P1_minus_P2	669	-0.021665475778598453
2101	P1_minus_P2	670	-0.021051789564655532
2101	P1_minus_P2	671	-0.02450279226614871
2101	P1_minus_P2	672	-0.019594433197470784
2101	P1_minus_P2	673	-0.016640338860674564
2101	P1_minus_P2	674	-0.02045528457318735
2101	P1_minus_P2	675	-0.021126714738637642
2101	P1_minus_P2	676	-0.020254863733798423
2101	P1_minus_P2	677	-0.020840877511990485
2101	P1_minus_P2	678	-0.018989672560644877
2101	P1_minus_P2	679	-0.023378278644037076
2101	P1_minus_P2	680	-0.019932284269914224
2101	P1_minus_P2	681	-0.022240372562711108
2101	P1_minus_P2	682	-0.020483628807840715
2101	P1_minus_P2	683	-0.022569551437731872
2101	P1_minus_P2	684	-0.02032046736091181
2101	P1_minus_P2	685	-0.01863740531550878
2101	P1_minus_P2	686	-0.01903252903075736
2101	P1_minus_P2	687	-0.02193964998223391
2101	P1_minus_P2	688	-0.021756609158494533
2101	P1_minus_P2	689	-0.025338423720870418
2101	P1_minus_P2	690	-0.019240297873377443
2101	P1_minus_P2	691	-0.018807780101349703
2101	P1_minus_P2	692	-0.024094432701984247
2101	P1_minus_P2	693	-0.01896631692098183
2101	P1_minus_P2	694	-0.019673431227861693
2101	P1_minus_P2	695	-0.023256855193678982
2101	P1_minus_P2	696	-0.019178136220540543
2101	P1_minus_P2	697	-0.01967869041011211
2101	P1_minus_P2	698	-0.02286926698261471
2101	P1_minus_P2	699	-0.017267548835811497
2101	P1_minus_P2	700	-0.018059815670527835
2101	P1_minus_P2	701	-0.019372715479787528
2101	P1_minus_P2	702	-0.021031810689263186
2101	P1_minus_P2	703	-0.022546193053496144
2101	P1_minus_P2	704	-0.021943775759408812
2101	P1_minus_P2	705	-0.023223676837254514
2101	P1_minus_P2	706	-0.020926618775444217
2101	P1_minus_P2	707	-0.018117951239680297
2101	P1_minus_P2	708	-0.023951969090326652
2101	P1_minus_P2	709	-0.017744166187452504
2101	P1_minus_P2	710	-0.026116563373341894
2101	P1_minus_P2	711	-0.020764325809412232
2101	P1_minus_P2	712	-0.01875202115153085
2101	P1_minus_P2	713	-0.020776318548976547
2101	P1_minus_P2	714	-0.02072189284569592
2101	P1_minus_P2	715	-0.021066107857972804
2101	P1_minus_P2	716	-0.02396850722650834
2101	P1_minus_P2	717	-0.020702180389454483
2101	P1_minus_P2	718	-0.021002400569297586
2101	P1_minus_P2	719	-0.02010103665883045
2101	P1_minus_P2	720	-0.021074050754290363
2101	P1_minus_P2	721	-0.019536519558043586
2101	P1_minus_P2	722	-0.02405541004696532
2101	P1_minus_P2	723	-0.023672682229862185
2101	P1_minus_P2	724	-0.021121054270614836
2101	P1_minus_P2	725	-0.021567958626609596
2101	P1_minus_P2	726	-0.01982682585650014
2101	P1_minus_P2	727	-0.021358683314249838
2101	P1_minus_P2	728	-0.023486608415464905
2101	P1_minus_P2	729	-0.021217512495161017
2101	P1_minus_P2	730	-0.021168090761349845
2101	P1_minus_P2	731	-0.02097391487336836
2101	P1_minus_P2	732	-0.016927704225455642
2101	P1_minus_P2	733	-0.02011477616420776
2101	P1_minus_P2	734	-0.0210926206396973
2101	P1_minus_P2	735	-0.02369728362325818
2101	P1_minus_P2	736	-0.020556950757227244
2101	P1_minus_P2	737	-0.020924490445453747
2101	P1_minus_P2	738	-0.019420926802758864
2101	P1_minus_P2	739	-0.01997239422549385
2101	P1_minus_P2	740	-0.02123722380970927
2101	P1_minus_P2	741	-0.02491480081911701
2101	P1_minus_P2	742	-0.021780338534735877
2101	P1_minus_P2	743	-0.023154542882440843
2101	P1_minus_P2	744	-0.020014256052638013
2101	P1_minus_P2	745	-0.020641667235520245
2101	P1_minus_P2	746	-0.021440924513222104
2101	P1_minus_P2	747	-0.021254140309817537
2101	P1_minus_P2	748	-0.022523216906878862
2101	P1_minus_P2	749	-0.020390224469010954
2101	P1_minus_P2	750	-0.020372421799741414
2101	P1_minus_P2	751	-0.025000819722286405
2101	P1_minus_P2	752	-0.0203542266338414
2101	P1_minus_P2	753	-0.02105662063748348
2101	P1_minus_P2	754	-0.019110644138061184
2101	P1_minus_P2	755	-0.021879853502706603
2101	P1_minus_P2	756	-0.023425254942444684
2101	P1_minus_P2	757	-0.023439054220356637
2101	P1_minus_P2	758	-0.019494921810885413
2101	P1_minus_P2	759	-0.02379177381318015
2101	P1_minus_P2	760	-0.023509146296980088
2101	P1_minus_P2	761	-0.01756579636357869
2101	P1_minus_P2	762	-0.020233762452861292
2101	P1_minus_P2	763	-0.01891472189784882
2101	P1_minus_P2	764	-0.019828106682125257
2101	P1_minus_P2	765	-0.015544826050111538
2101	P1_minus_P2	766	-0.021029184876899754
2101	P1_minus_P2	767	-0.02024424397187874
2101	P1_minus_P2	768	-0.021487443543739437
2101	P1_minus_P2	769	-0.020447622778544283
2101	P1_minus_P2	770	-0.022352451771672666
2101	P1_minus_P2	771	-0.015936656211342437
2101	P1_minus_P2	772	-0.019428659319982333
2101	P1_minus_P2	773	-0.019567673603219427
2101	P1_minus_P2	774	-0.02231864517908072
2101	P1_minus_P2	775	-0.024405433825085254
2101	P1_minus_P2	776	-0.023663351138662025
2101	P1_minus_P2	777	-0.020173874730908203
2101	P1_minus_P2	778	-0.021019975601519802
2101	P1_minus_P2	779	-0.021174947787106713
2101	P1_minus_P2	780	-0.0236687582720021
2101	P1_minus_P2	781	-0.022238957685117577
2101	P1_minus_P2	782	-0.018855070836499177
2101	P1_minus_P2	783	-0.02070595530000041
2101	P1_minus_P2	784	-0.02184182424846315
2101	P1_minus_P2	785	-0.020797880634432553
2101	P1_minus_P2	786	-0.017554934917533238
2101	P1_minus_P2	787	-0.022327830858470787
2101	P1_minus_P2	788	-0.0210157184297477
2101	P1_minus_P2	789	-0.020102338782191587
2101	P1_minus_P2	790	-0.020843369274029577
2101	P1_minus_P2	791	-0.021468326777645985
2101	P1_minus_P2	792	-0.01983343394440179
2101	P1_minus_P2	793	-0.023137277691571256
2101	P1_minus_P2	794	-0.02507311000317808
2101	P1_minus_P2	795	-0.02269348934921328
2101	P1_minus_P2	796	-0.016746163948893944
2101	P1_minus_P2	797	-0.01972967326631503
2101	P1_minus_P2	798	-0.021761772716068828
2101	P1_minus_P2	799	-0.02110812757411512
2101	P1_minus_P2	800	-0.017422101418668567
2101	P1_minus_P2	801	-0.02018014704994342
2101	P1_minus_P2	802	-0.02063941602616226
2101	P1_minus_P2	803	-0.023095476751575306
2101	P1_minus_P2	804	-0.020423548736979713
2101	P1_minus_P2	805	-0.022938464974644412
2101	P1_minus_P2	806	-0.01941422369602047
2101	P1_minus_P2	807	-0.0237036815835851
2101	P1_minus_P2	808	-0.022112151977594308
2101	P1_minus_P2	809	-0.019083231708662718
2101	P1_minus_P2	810	-0.022950089201634494
2101	P1_minus_P2	811	-0.01899572055149823
2101	P1_minus_P2	812	-0.021076384719692476
2101	P1_minus_P2	813	-0.021730327836339935
2101	P1_minus_P2	814	-0.02093499748271005
2101	P1_minus_P2	815	-0.01905135439883532
2101	P1_minus_P2	816	-0.01841634149823751
2101	P1_minus_P2	817	-0.022109318298121516
2101	P1_minus_P2	818	-0.01922682188446395
2101	P1_minus_P2	819	-0.016860540344701802
2101	P1_minus_P2	820	-0.024473858075864774
2101	P1_minus_P2	821	-0.0208142883408286
2101	P1_minus_P2	822	-0.01960853338672186
2101	P1_minus_P2	823	-0.020707874482856936
2101	P1_minus_P2	824	-0.018775146699837042
2101	P1_minus_P2	825	-0.02338543524110459
2101	P1_minus_P2	826	-0.020382459590900126
2101	P1_minus_P2	827	-0.01930342195942847
2101	P1_minus_P2	828	-0.020185140827158166
2101	P1_minus_P2	829	-0.019812714804942733
2101	P1_minus_P2	830	-0.021284694623799227
2101	P1_minus_P2	831	-0.0242163554495326
2101	P1_minus_P2	832	-0.02127464728248074
2101	P1_minus_P2	833	-0.02069179045296282
2101	P1_minus_P2	834	-0.024019180985991373
2101	P1_minus_P2	835	-0.020772315515486472
2101	P1_minus_P2	836	-0.02359704707940724
2101	P1_minus_P2	837	-0.02127559553431696
2101	P1_minus_P2	838	-0.021309633054712118
2101	P1_minus_P2	839	-0.02088698722162391
2101	P1_minus_P2	840	-0.02292359476054917
2101	P1_minus_P2	841	-0.023424425941629023
2101	P1_minus_P2	842	-0.020087869071966413
2101	P1_minus_P2	843	-0.022551571744226617
2101	P1_minus_P2	844	-0.02086846445645152
2101	P1_minus_P2	845	-0.020495787807928156
2101	P1_minus_P2	846	-0.022206794018601372
2101	P1_minus_P2	847	-0.02168975877772128
2101	P1_minus_P2	848	-0.02222176536596976
2101	P1_minus_P2	849	-0.023914695382467044
2101	P1_minus_P2	850	-0.021319125978241926
2101	P1_minus_P2	851	-0.022494101952066914
2101	P1_minus_P2	852	-0.023394514448476622
2101	P1_minus_P2	853	-0.018105024410026482
2101	P1_minus_P2	854	-0.02615248667615011
2101	P1_minus_P2	855	-0.02217425621230351
2101	P1_minus_P2	856	-0.01994800645208461
2101	P1_minus_P2	857	-0.02230890514060352
2101	P1_minus_P2	858	-0.02139923761706436
2101	P1_minus_P2	859	-0.023158543313802904
2101	P1_minus_P2	860	-0.020691184821785502
2101	P1_minus_P2	861	-0.025411775769254685
2101	P1_minus_P2	862	-0.020173038614591188
2101	P1_minus_P2	863	-0.020386073263702453
2101	P1_minus_P2	864	-0.022480024804496068
2101	P1_minus_P2	865	-0.017157556739404112
2101	P1_minus_P2	866	-0.024261820024110592
2101	P1_minus_P2	867	-0.021926050072440806
2101	P1_minus_P2	868	-0.02060358434261933
2101	P1_minus_P2	869	-0.020746401247169033
2101	P1_minus_P2	870	-0.021716779318014856
2101	P1_minus_P2	871	-0.021613606714312228
2101	P1_minus_P2	872	-0.018594988199439222
2101	P1_minus_P2	873	-0.020398175976825583
2101	P1_minus_P2	874	-0.02162066912561733
2101	P1_minus_P2	875	-0.02251484170673823
2101	P1_minus_P2	876	-0.027221378405107577
2101	P1_minus_P2	877	-0.02235028688495444
2101	P1_minus_P2	878	-0.020402204901289966
2101	P1_minus_P2	879	-0.022632945983292685
2101	P1_minus_P2	880	-0.022179624569674317
2101	P1_minus_P2	881	-0.020813290524066275
2101	P1_minus_P2	882	-0.01959177304489662
2101	P1_minus_P2	883	-0.02273753186273597
2101	P1_minus_P2	884	-0.017042555104151702
2101	P1_minus_P2	885	-0.023734177915850807
2101	P1_minus_P2	886	-0.022305993143210134
2101	P1_minus_P2	887	-0.01956682289415257
2101	P1_minus_P2	888	-0.022611697297964806
2101	P1_minus_P2	889	-0.018382761680897253
2101	P1_minus_P2	890	-0.016945790260345817
2101	P1_minus_P2	891	-0.018892251797791193
2101	P1_minus_P2	892	-0.02012581022310539
2101	P1_minus_P2	893	-0.02179819099729141
2101	P1_minus_P2	894	-0.02548996746972676
2101	P1_minus_P2	895	-0.016536687046551257
2101	P1_minus_P2	896	-0.02088033382042731
2101	P1_minus_P2	897	-0.01947654255667819
2101	P1_minus_P2	898	-0.021508162926642482
2101	P1_minus_P2	899	-0.022054566621725002
2101	P1_minus_P2	900	-0.022495594986523426
2101	P1_minus_P2	901	-0.02202309420617815
2101	P1_minus_P2	902	-0.028035662130476258
2101	P1_minus_P2	903	-0.02185601692198824
2101	P1_minus_P2	904	-0.01831646044660007
2101	P1_minus_P2	905	-0.018205055531503755
2101	P1_minus_P2	906	-0.02124554818797386
2101	P1_minus_P2	907	-0.02103495269021205
2101	P1_minus_P2	908	-0.02159502663934565
2101	P1_minus_P2	909	-0.019413460617472622
2101	P1_minus_P2	910	-0.01870151625781341
2101	P1_minus_P2	911	-0.02318231826877737
2101	P1_minus_P2	912	-0.01844098053457316
2101	P1_minus_P2	913	-0.02112387969454066
2101	P1_minus_P2	914	-0.020193686375574726
2101	P1_minus_P2	915	-0.020609417125861396
2101	P1_minus_P2	916	-0.020569513526358385
2101	P1_minus_P2	917	-0.022567913740482226
2101	P1_minus_P2	918	-0.02011332660074522
2101	P1_minus_P2	919	-0.022306702012704183
2101	P1_minus_P2	920	-0.022675972029680302
2101	P1_minus_P2	921	-0.023151088233809902
2101	P1_minus_P2	922	-0.021263122758808373
2101	P1_minus_P2	923	-0.021458471139753965
2101	P1_minus_P2	924	-0.02180745839744669
2101	P1_minus_P2	925	-0.02165265310287845
2101	P1_minus_P2	926	-0.021086328067144722
2101	P1_minus_P2	927	-0.020792744861223456
2101	P1_minus_P2	928	-0.021088111677200483
2101	P1_minus_P2	929	-0.018088555135072792
2101	P1_minus_P2	930	-0.0193368503300429
2101	P1_minus_P2	931	-0.022415209026488636
2101	P1_minus_P2	932	-0.022308877581757147
2101	P1_minus_P2	933	-0.020590985021546437
2101	P1_minus_P2	934	-0.01790576536908489
2101	P1_minus_P2	935	-0.021743128172064696
2101	P1_minus_P2	936	-0.017764661473862575
2101	P1_minus_P2	937	-0.021462221094951217
2101	P1_minus_P2	938	-0.021502648889127396
2101	P1_minus_P2	939	-0.01873650245388414
2101	P1_minus_P2	940	-0.023447636268532412
2101	P1_minus_P2	941	-0.017608473456951657
2101	P1_minus_P2	942	-0.018544321731428837
2101	P1_minus_P2	943	-0.01747271021803759
2101	P1_minus_P2	944	-0.01987299282791244
2101	P1_minus_P2	945	-0.02101559573741446
2101	P1_minus_P2	946	-0.0186435500966593
2101	P1_minus_P2	947	-0.02204257822828415
2101	P1_minus_P2	948	-0.02126222516673154
2101	P1_minus_P2	949	-0.022433104578305663
2101	P1_minus_P2	950	-0.024067820101997595
2101	P1_minus_P2	951	-0.019421725367833376
2101	P1_minus_P2	952	-0.020715253251361254
2101	P1_minus_P2	953	-0.019446358319284207
2101	P1_minus_P2	954	-0.01943184217395727
2101	P1_minus_P2	955	-0.016665992521776363
2101	P1_minus_P2	956	-0.018055526948773992
2101	P1_minus_P2	957	-0.0245312035913563
2101	P1_minus_P2	958	-0.02348474889450014
2101	P1_minus_P2	959	-0.022922503904073355
2101	P1_minus_P2	960	-0.02354979926834816
2101	P1_minus_P2	961	-0.022095558905040225
2101	P1_minus_P2	962	-0.021824111526606682
2101	P1_minus_P2	963	-0.018588968666456707
2101	P1_minus_P2	964	-0.023041497504505126
2101	P1_minus_P2	965	-0.02160225376700997
2101	P1_minus_P2	966	-0.0217515262925157
2101	P1_minus_P2	967	-0.0237968616267189
2101	P1_minus_P2	968	-0.023477463724794423
2101	P1_minus_P2	969	-0.021102479576883604
2101	P1_minus_P2	970	-0.022534851055500793
2101	P1_minus_P2	971	-0.020878648636251995
2101	P1_minus_P2	972	-0.016849755210546213
2101	P1_minus_P2	973	-0.020066156759269538
2101	P1_minus_P2	974	-0.022145599601852917
2101	P1_minus_P2	975	-0.023297127517128646
2101	P1_minus_P2	976	-0.021124914648969206
2101	P1_minus_P2	977	-0.01987128670327848
2101	P1_minus_P2	978	-0.022543264052826972
2101	P1_minus_P2	979	-0.022822548598871117
2101	P1_minus_P2	980	-0.020218127062605507
2101	P1_minus_P2	981	-0.019986251485535123
2101	P1_minus_P2	982	-0.02184338992373769
2101	P1_minus_P2	983	-0.02034238886523354
2101	P1_minus_P2	984	-0.018793544958023545
2101	P1_minus_P2	985	-0.017353443748540087
2101	P1_minus_P2	986	-0.020050273506651062
2101	P1_minus_P2	987	-0.022127450320249598
2101	P1_minus_P2	988	-0.02007817879621493
2101	P1_minus_P2	989	-0.020252365363567393
2101	P1_minus_P2	990	-0.02153520340492099
2101	P1_minus_P2	991	-0.02195485906006267
2101	P1_minus_P2	992	-0.02190256693436407
2101	P1_minus_P2	993	-0.021778863884438726
2101	P1_minus_P2	994	-0.017776811122431957
2101	P1_minus_P2	995	-0.022513077621558852
2101	P1_minus_P2	996	-0.019742663897338197
2101	P1_minus_P2	997	-0.02348602385606202
2101	P1_minus_P2	998	-0.022174015655875456
2101	P1_minus_P2	999	-0.023047505546074487
2101	P1_minus_P2	1000	-0.019132135304644637
2101	P1_minus_P2	1001	-0.01964821978182052
2101	P1_minus_P2	1002	-0.01881480152439796
2101	P1_minus_P2	1003	-0.01888298246749348
2101	P1_minus_P2	1004	-0.022952661305408684
2101	P1_minus_P2	1005	-0.026441813624266952
2101	P1_minus_P2	1006	-0.022342944045640967
2101	P1_minus_P2	1007	-0.021560809135868664
2101	P1_minus_P2	1008	-0.023801604867002113
2101	P1_minus_P2	1009	-0.022079711902679433
2101	P1_minus_P2	1010	-0.02806006653148463
2101	P1_minus_P2	1011	-0.023835627798713843
2101	P1_minus_P2	1012	-0.025246105371790117
2101	P1_minus_P2	1013	-0.01801995202232476
2101	P1_minus_P2	1014	-0.021936844559264257
2101	P1_minus_P2	1015	-0.02038906837358112
2101	P1_minus_P2	1016	-0.02146243202752751
2101	P1_minus_P2	1017	-0.02096452660826531
2101	P1_minus_P2	1018	-0.02061904601513803
2101	P1_minus_P2	1019	-0.021738621542009784
2101	P1_minus_P2	1020	-0.02209221339448819
2101	P1_minus_P2	1021	-0.019888554181653362
2101	P1_minus_P2	1022	-0.023366996238651516
2101	P1_minus_P2	1023	-0.024447193211831808
2101	P1_minus_P2	1024	-0.021926417743947768
2101	P1_minus_P2	1025	-0.02512007690416268
2101	P1_minus_P2	1026	-0.020955982285933206
2101	P1_minus_P2	1027	-0.021977502891063483
2101	P1_minus_P2	1028	-0.01941782224697891
2101	P1_minus_P2	1029	-0.0206148569102923
2101	P1_minus_P2	1030	-0.019398821112307674
2101	P1_minus_P2	1031	-0.025235137541491925
2101	P1_minus_P2	1032	-0.020629437896660607
2101	P1_minus_P2	1033	-0.02075748438947811
2101	P1_minus_P2	1034	-0.02489181600074819
2101	P1_minus_P2	1035	-0.02052584242569594
2101	P1_minus_P2	1036	-0.017204945930550553
2101	P1_minus_P2	1037	-0.021795226152336478
2101	P1_minus_P2	1038	-0.01798408502229032
2101	P1_minus_P2	1039	-0.019794648064676124
2101	P1_minus_P2	1040	-0.023918693633516175
2101	P1_minus_P2	1041	-0.020315662752772523
2101	P1_minus_P2	1042	-0.01636709302702216
2101	P1_minus_P2	1043	-0.017644768168615543
2101	P1_minus_P2	1044	-0.01964329719937441
2101	P1_minus_P2	1045	-0.0204735192895919
2101	P1_minus_P2	1046	-0.02260063063840695
2101	P1_minus_P2	1047	-0.020075816111539746
2101	P1_minus_P2	1048	-0.02127793822457258
2101	P1_minus_P2	1049	-0.02212754993760918
2101	P1_minus_P2	1050	-0.021800512281754947
2101	P1_minus_P2	1051	-0.024127037134412832
2101	P1_minus_P2	1052	-0.019515414536317055
2101	P1_minus_P2	1053	-0.01918582442134742
2101	P1_minus_P2	1054	-0.020875561832284284
2101	P1_minus_P2	1055	-0.020957302519025223
2101	P1_minus_P2	1056	-0.023667983784373348
2101	P1_minus_P2	1057	-0.024131959366528677
2101	P1_minus_P2	1058	-0.019835489733772804
2101	P1_minus_P2	1059	-0.02053124059428668
2101	P1_minus_P2	1060	-0.022322472273906824
2101	P1_minus_P2	1061	-0.0176339240021125
2101	P1_minus_P2	1062	-0.02068125574703361
2101	P1_minus_P2	1063	-0.01876464033464237
2101	P1_minus_P2	1064	-0.02027208485420745
2101	P1_minus_P2	1065	-0.023291589727376216
2101	P1_minus_P2	1066	-0.02053818620725789
2101	P1_minus_P2	1067	-0.02032923375647766
2101	P1_minus_P2	1068	-0.01700055556574187
2101	P1_minus_P2	1069	-0.0220926030487541
2101	P1_minus_P2	1070	-0.021184143994405213
2101	P1_minus_P2	1071	-0.021596788600895367
2101	P1_minus_P2	1072	-0.02474544028497122
2101	P1_minus_P2	1073	-0.021853164641576273
2101	P1_minus_P2	1074	-0.022655623319091656
2101	P1_minus_P2	1075	-0.018212346543656943
2101	P1_minus_P2	1076	-0.02100307096105347
2101	P1_minus_P2	1077	-0.019140945588582203
2101	P1_minus_P2	1078	-0.020227778630692694
2101	P1_minus_P2	1079	-0.020415388429587233
2101	P1_minus_P2	1080	-0.021078905080512134
2101	P1_minus_P2	1081	-0.021028370157665843
2101	P1_minus_P2	1082	-0.0188771658740553
2101	P1_minus_P2	1083	-0.022592734087103328
2101	P1_minus_P2	1084	-0.021119394551733672
2101	P1_minus_P2	1085	-0.02489180067891955
2101	P1_minus_P2	1086	-0.020486326398335586
2101	P1_minus_P2	1087	-0.01976662087479575
2101	P1_minus_P2	1088	-0.02214070717907768
2101	P1_minus_P2	1089	-0.020021544085870147
2101	P1_minus_P2	1090	-0.01922620126011204
2101	P1_minus_P2	1091	-0.019888943296164197
2101	P1_minus_P2	1092	-0.01701488571453269
2101	P1_minus_P2	1093	-0.02283360485049063
2101	P1_minus_P2	1094	-0.021793666151638746
2101	P1_minus_P2	1095	-0.023968904667607815
2101	P1_minus_P2	1096	-0.021236812099075575
2101	P1_minus_P2	1097	-0.019879978697928957
2101	P1_minus_P2	1098	-0.020129170740985858
2101	P1_minus_P2	1099	-0.019089920244865333
2101	P1_minus_P2	1100	-0.017639023808589394
2101	P1_minus_P2	1101	-0.021359809733847213
2101	P1_minus_P2	1102	-0.021809619324352325
2101	P1_minus_P2	1103	-0.02505785529454646
2101	P1_minus_P2	1104	-0.018361503201277163
2101	P1_minus_P2	1105	-0.017934828150103388
2101	P1_minus_P2	1106	-0.020307059119545112
2101	P1_minus_P2	1107	-0.022937848927345628
2101	P1_minus_P2	1108	-0.0214762308981985
2101	P1_minus_P2	1109	-0.020200612077837354
2101	P1_minus_P2	1110	-0.021587352229766155
2101	P1_minus_P2	1111	-0.019579706831400867
2101	P1_minus_P2	1112	-0.01674450675168193
2101	P1_minus_P2	1113	-0.022920665274832552
2101	P1_minus_P2	1114	-0.018609564300609116
2101	P1_minus_P2	1115	-0.01892100931245344
2101	P1_minus_P2	1116	-0.023648903481108874
2101	P1_minus_P2	1117	-0.022363373149312027
2101	P1_minus_P2	1118	-0.02094238737873
2101	P1_minus_P2	1119	-0.019000654761420765
2101	P1_minus_P2	1120	-0.025690606579672703
2101	P1_minus_P2	1121	-0.0223028346608104
2101	P1_minus_P2	1122	-0.024259848634815118
2101	P1_minus_P2	1123	-0.021828675449874435
2101	P1_minus_P2	1124	-0.02151979462926118
2101	P1_minus_P2	1125	-0.02574215508266059
2101	P1_minus_P2	1126	-0.02182449994679192
2101	P1_minus_P2	1127	-0.02103104706849457
2101	P1_minus_P2	1128	-0.022526514717332025
2101	P1_minus_P2	1129	-0.022031152229632478
2101	P1_minus_P2	1130	-0.021101484433593887
2101	P1_minus_P2	1131	-0.0180893334725028
2101	P1_minus_P2	1132	-0.020913054453644886
2101	P1_minus_P2	1133	-0.021684177959143236
2101	P1_minus_P2	1134	-0.020115318753894385
2101	P1_minus_P2	1135	-0.021357448792248213
2101	P1_minus_P2	1136	-0.019828101142597587
2101	P1_minus_P2	1137	-0.016941069013111876
2101	P1_minus_P2	1138	-0.022505248762316465
2101	P1_minus_P2	1139	-0.02273069590702892
2101	P1_minus_P2	1140	-0.020772699039158182
2101	P1_minus_P2	1141	-0.0219074956308144
2101	P1_minus_P2	1142	-0.018714875952177856
2101	P1_minus_P2	1143	-0.019599736569581694
2101	P1_minus_P2	1144	-0.018297241197086755
2101	P1_minus_P2	1145	-0.020866558142488112
2101	P1_minus_P2	1146	-0.022698279195670523
2101	P1_minus_P2	1147	-0.020699471972202454
2101	P1_minus_P2	1148	-0.021605097562748976
2101	P1_minus_P2	1149	-0.019414185659974326
2101	P1_minus_P2	1150	-0.01909607831293686
2101	P1_minus_P2	1151	-0.026188383232297052
2101	P1_minus_P2	1152	-0.02040526769416362
2101	P1_minus_P2	1153	-0.023248637890491752
2101	P1_minus_P2	1154	-0.020288641012980946
2101	P1_minus_P2	1155	-0.02139558890173776
2101	P1_minus_P2	1156	-0.024926101398002165
2101	P1_minus_P2	1157	-0.022378750112136636
2101	P1_minus_P2	1158	-0.02086647249719009
2101	P1_minus_P2	1159	-0.022210810536945624
2101	P1_minus_P2	1160	-0.020353733235771554
2101	P1_minus_P2	1161	-0.024654892293948127
2101	P1_minus_P2	1162	-0.020775742472605663
2101	P1_minus_P2	1163	-0.019020817120939393
2101	P1_minus_P2	1164	-0.020456348454956585
2101	P1_minus_P2	1165	-0.024792743736629097
2101	P1_minus_P2	1166	-0.02530599169666614
2101	P1_minus_P2	1167	-0.0211518906965405
2101	P1_minus_P2	1168	-0.01990452493538042
2101	P1_minus_P2	1169	-0.022891697090407226
2101	P1_minus_P2	1170	-0.019661676392667193
2101	P1_minus_P2	1171	-0.020054592130906934
2101	P1_minus_P2	1172	-0.023945344236361576
2101	P1_minus_P2	1173	-0.021899698276498958
2101	P1_minus_P2	1174	-0.01929967856368192
2101	P1_minus_P2	1175	-0.019046262454196827
2101	P1_minus_P2	1176	-0.02035320199570856
2101	P1_minus_P2	1177	-0.021731492335786806
2101	P1_minus_P2	1178	-0.023543247770867692
2101	P1_minus_P2	1179	-0.016342101798704878
2101	P1_minus_P2	1180	-0.01917098360352959
2101	P1_minus_P2	1181	-0.022398550920783522
2101	P1_minus_P2	1182	-0.019995532346468614
2101	P1_minus_P2	1183	-0.021434053098244477
2101	P1_minus_P2	1184	-0.022087832150574527
2101	P1_minus_P2	1185	-0.0236536158314955
2101	P1_minus_P2	1186	-0.022027416916073683
2101	P1_minus_P2	1187	-0.022672125028097456
2101	P1_minus_P2	1188	-0.018613108483424567
2101	P1_minus_P2	1189	-0.02440558166613177
2101	P1_minus_P2	1190	-0.019671188967553155
2101	P1_minus_P2	1191	-0.021265974996299786
2101	P1_minus_P2	1192	-0.019665143394972717
2101	P1_minus_P2	1193	-0.02227121430360013
2101	P1_minus_P2	1194	-0.017245001454330444
2101	P1_minus_P2	1195	-0.019820288116002116
2101	P1_minus_P2	1196	-0.019793426252692148
2101	P1_minus_P2	1197	-0.023111961149203386
2101	P1_minus_P2	1198	-0.023619792624251512
2101	P1_minus_P2	1199	-0.021253798684633174
2101	P1_minus_P2	1200	-0.022975874998436396
2101	P1_minus_P2	1201	-0.02074636568615884
2101	P1_minus_P2	1202	-0.021177923265554788
2101	P1_minus_P2	1203	-0.02128820523811259
2101	P1_minus_P2	1204	-0.021636508759701023
2101	P1_minus_P2	1205	-0.022676488663758265
2101	P1_minus_P2	1206	-0.019281214642798028
2101	P1_minus_P2	1207	-0.01860412332889172
2101	P1_minus_P2	1208	-0.02059261753053121
2101	P1_minus_P2	1209	-0.02254562982725372
2101	P1_minus_P2	1210	-0.02023660697970875
2101	P1_minus_P2	1211	-0.022154582811534707
2101	P1_minus_P2	1212	-0.0202891721327792
2101	P1_minus_P2	1213	-0.02079289297221909
2101	P1_minus_P2	1214	-0.01740059523872456
2101	P1_minus_P2	1215	-0.02258975668836327
2101	P1_minus_P2	1216	-0.020811847263892624
2101	P1_minus_P2	1217	-0.02046013973359334
2101	P1_minus_P2	1218	-0.020331058239784094
2101	P1_minus_P2	1219	-0.021812227178162502
2101	P1_minus_P2	1220	-0.02045893623097328
2101	P1_minus_P2	1221	-0.023488393989802236
2101	P1_minus_P2	1222	-0.0193067688459152
2101	P1_minus_P2	1223	-0.022188448929090665
2101	P1_minus_P2	1224	-0.021239016218648432
2101	P1_minus_P2	1225	-0.024605795395411856
2101	P1_minus_P2	1226	-0.02400867835845283
2101	P1_minus_P2	1227	-0.018967278166068857
2101	P1_minus_P2	1228	-0.021207867676049597
2101	P1_minus_P2	1229	-0.020635624638113415
2101	P1_minus_P2	1230	-0.021081802539090644
2101	P1_minus_P2	1231	-0.01861201427913417
2101	P1_minus_P2	1232	-0.02210953086408901
2101	P1_minus_P2	1233	-0.02197022002014981
2101	P1_minus_P2	1234	-0.019226456659588442
2101	P1_minus_P2	1235	-0.024376064093052374
2101	P1_minus_P2	1236	-0.02119725639994796
2101	P1_minus_P2	1237	-0.021488940154276825
2101	P1_minus_P2	1238	-0.02519021991985937
2101	P1_minus_P2	1239	-0.01994859886593081
2101	P1_minus_P2	1240	-0.022604206661836657
2101	P1_minus_P2	1241	-0.025055900918035612
2101	P1_minus_P2	1242	-0.024150103938978096
2101	P1_minus_P2	1243	-0.020945410575445855
2101	P1_minus_P2	1244	-0.020279027804344874
2101	P1_minus_P2	1245	-0.021844072614889742
2101	P1_minus_P2	1246	-0.019648182770358513
2101	P1_minus_P2	1247	-0.021928985726993366
2101	P1_minus_P2	1248	-0.02209720854629532
2101	P1_minus_P2	1249	-0.02491656783373175
2101	P1_minus_P2	1250	-0.01700420313840867
2101	P1_minus_P2	1251	-0.02228129034694626
2101	P1_minus_P2	1252	-0.01977064055838107
2101	P1_minus_P2	1253	-0.022219679806235237
2101	P1_minus_P2	1254	-0.021418589898586526
2101	P1_minus_P2	1255	-0.01746036041163096
2101	P1_minus_P2	1256	-0.019839606385500863
2101	P1_minus_P2	1257	-0.019533166056556084
2101	P1_minus_P2	1258	-0.025178229970665822
2101	P1_minus_P2	1259	-0.020120680818005887
2101	P1_minus_P2	1260	-0.020192460507487353
2101	P1_minus_P2	1261	-0.020485008114394576
2101	P1_minus_P2	1262	-0.021605824970185483
2101	P1_minus_P2	1263	-0.023713218233698152
2101	P1_minus_P2	1264	-0.02167097871050372
2101	P1_minus_P2	1265	-0.01738516771025117
2101	P1_minus_P2	1266	-0.019292890444710054
2101	P1_minus_P2	1267	-0.022392654700477577
2101	P1_minus_P2	1268	-0.018846854712572914
2101	P1_minus_P2	1269	-0.019524818819525502
2101	P1_minus_P2	1270	-0.022257820076230006
2101	P1_minus_P2	1271	-0.024334949274248174
2101	P1_minus_P2	1272	-0.020653945041010924
2101	P1_minus_P2	1273	-0.019685195531688682
2101	P1_minus_P2	1274	-0.02336736369755804
2101	P1_minus_P2	1275	-0.023183014709707683
2101	P1_minus_P2	1276	-0.020386219827139063
2101	P1_minus_P2	1277	-0.02154598306364186
2101	P1_minus_P2	1278	-0.022165015610494943
2101	P1_minus_P2	1279	-0.019606599959288873
2101	P1_minus_P2	1280	-0.020160284735330325
2101	P1_minus_P2	1281	-0.018373089769167406
2101	P1_minus_P2	1282	-0.02087829741945907
2101	P1_minus_P2	1283	-0.020922845849414562
2101	P1_minus_P2	1284	-0.019330732470846435
2101	P1_minus_P2	1285	-0.02012367957295791
2101	P1_minus_P2	1286	-0.020365004508934303
2101	P1_minus_P2	1287	-0.0221785831897629
2101	P1_minus_P2	1288	-0.020730019905158104
2101	P1_minus_P2	1289	-0.01975110816251191
2101	P1_minus_P2	1290	-0.022614001335677036
2101	P1_minus_P2	1291	-0.024218921835690632
2101	P1_minus_P2	1292	-0.024057705796720563
2101	P1_minus_P2	1293	-0.02269092793284494
2101	P1_minus_P2	1294	-0.0204678973728859
2101	P1_minus_P2	1295	-0.020334330761899944
2101	P1_minus_P2	1296	-0.022018700043699546
2101	P1_minus_P2	1297	-0.023879637635217166
2101	P1_minus_P2	1298	-0.024425736428257072
2101	P1_minus_P2	1299	-0.02667656545664765
2101	P1_minus_P2	1300	-0.018956407027176825
2101	P1_minus_P2	1301	-0.01990635416437514
2101	P1_minus_P2	1302	-0.026213311232263448
2101	P1_minus_P2	1303	-0.018557303724398844
2101	P1_minus_P2	1304	-0.023766184947554225
2101	P1_minus_P2	1305	-0.024187713750296713
2101	P1_minus_P2	1306	-0.02039626006649553
2101	P1_minus_P2	1307	-0.023459643738905467
2101	P1_minus_P2	1308	-0.02144316756902126
2101	P1_minus_P2	1309	-0.018312379731185824
2101	P1_minus_P2	1310	-0.02335330683980491
2101	P1_minus_P2	1311	-0.019980583494178084
2101	P1_minus_P2	1312	-0.02085645982654294
2101	P1_minus_P2	1313	-0.02256320834739378
2101	P1_minus_P2	1314	-0.01964713498608306
2101	P1_minus_P2	1315	-0.0210951133829389
2101	P1_minus_P2	1316	-0.021669094217873386
2101	P1_minus_P2	1317	-0.02058560813521826
2101	P1_minus_P2	1318	-0.018250594339733306
2101	P1_minus_P2	1319	-0.024640795206171906
2101	P1_minus_P2	1320	-0.0201609807141947
2101	P1_minus_P2	1321	-0.020626498621284017
2101	P1_minus_P2	1322	-0.01925296094937262
2101	P1_minus_P2	1323	-0.023488980471471188
2101	P1_minus_P2	1324	-0.021988939120888118
2101	P1_minus_P2	1325	-0.019730729056265106
2101	P1_minus_P2	1326	-0.022634220880172973
2101	P1_minus_P2	1327	-0.021438054374173898
2101	P1_minus_P2	1328	-0.019709118626112465
2101	P1_minus_P2	1329	-0.02390802463849312
2101	P1_minus_P2	1330	-0.02259347444332327
2101	P1_minus_P2	1331	-0.019576348738449323
2101	P1_minus_P2	1332	-0.020818686055605773
2101	P1_minus_P2	1333	-0.01951463557602262
2101	P1_minus_P2	1334	-0.01859811632040631
2101	P1_minus_P2	1335	-0.01845858658010302
2101	P1_minus_P2	1336	-0.021157223515607892
2101	P1_minus_P2	1337	-0.0210739595785579
2101	P1_minus_P2	1338	-0.022701350136024034
2101	P1_minus_P2	1339	-0.01991313693019603
2101	P1_minus_P2	1340	-0.01981243296507129
2101	P1_minus_P2	1341	-0.02179702308535325
2101	P1_minus_P2	1342	-0.019078058762071415
2101	P1_minus_P2	1343	-0.02081024140035248
2101	P1_minus_P2	1344	-0.02328838776101988
2101	P1_minus_P2	1345	-0.01994326765259652
2101	P1_minus_P2	1346	-0.01860545464338026
2101	P1_minus_P2	1347	-0.018882536666332495
2101	P1_minus_P2	1348	-0.0226303878647951
2101	P1_minus_P2	1349	-0.022686242570083448
2101	P1_minus_P2	1350	-0.02219431459377591
2101	P1_minus_P2	1351	-0.020198718722384268
2101	P1_minus_P2	1352	-0.023822593692415905
2101	P1_minus_P2	1353	-0.020576385405556064
2101	P1_minus_P2	1354	-0.02312586583521442
2101	P1_minus_P2	1355	-0.020577252090530462
2101	P1_minus_P2	1356	-0.02084725201532439
2101	P1_minus_P2	1357	-0.019369185533080924
2101	P1_minus_P2	1358	-0.023424358099921938
2101	P1_minus_P2	1359	-0.024262302245942724
2101	P1_minus_P2	1360	-0.021269345478591717
2101	P1_minus_P2	1361	-0.022668932320559387
2101	P1_minus_P2	1362	-0.021288329790529192
2101	P1_minus_P2	1363	-0.018881743258868322
2101	P1_minus_P2	1364	-0.020581692325822576
2101	P1_minus_P2	1365	-0.021082236151345635
2101	P1_minus_P2	1366	-0.02249183393510068
2101	P1_minus_P2	1367	-0.020461230966911825
2101	P1_minus_P2	1368	-0.025836670523708305
2101	P1_minus_P2	1369	-0.021032878456283433
2101	P1_minus_P2	1370	-0.023729730277326277
2101	P1_minus_P2	1371	-0.022992629110078322
2101	P1_minus_P2	1372	-0.018077018172586445
2101	P1_minus_P2	1373	-0.019446207713601615
2101	P1_minus_P2	1374	-0.026783816747210698
2101	P1_minus_P2	1375	-0.017549663612149102
2101	P1_minus_P2	1376	-0.020725262660703847
2101	P1_minus_P2	1377	-0.023186263754519487
2101	P1_minus_P2	1378	-0.021224693225736335
2101	P1_minus_P2	1379	-0.021299962809699424
2101	P1_minus_P2	1380	-0.018393337641486485
2101	P1_minus_P2	1381	-0.02019887806153442
2101	P1_minus_P2	1382	-0.020163056426008685
2101	P1_minus_P2	1383	-0.02374035069692848
2101	P1_minus_P2	1384	-0.0239156289342628
2101	P1_minus_P2	1385	-0.02125062359836083
2101	P1_minus_P2	1386	-0.02059147423378971
2101	P1_minus_P2	1387	-0.02262285542255371
2101	P1_minus_P2	1388	-0.020154484113916626
2101	P1_minus_P2	1389	-0.01836556966659786
2101	P1_minus_P2	1390	-0.022400250628436646
2101	P1_minus_P2	1391	-0.018654478238319172
2101	P1_minus_P2	1392	-0.0216508415216094
2101	P1_minus_P2	1393	-0.022454414974582115
2101	P1_minus_P2	1394	-0.018447062105567513
2101	P1_minus_P2	1395	-0.021233246795261285
2101	P1_minus_P2	1396	-0.023888385816351887
2101	P1_minus_P2	1397	-0.02235757406351374
2101	P1_minus_P2	1398	-0.024460076675942632
2101	P1_minus_P2	1399	-0.02417203288662273
2101	P1_minus_P2	1400	-0.022873369248002096
2101	P1_minus_P2	1401	-0.020064445182670698
2101	P1_minus_P2	1402	-0.023749614638651884
2101	P1_minus_P2	1403	-0.026134811767875243
2101	P1_minus_P2	1404	-0.017531716423823895
2101	P1_minus_P2	1405	-0.0215350225645084
2101	P1_minus_P2	1406	-0.02034541552273722
2101	P1_minus_P2	1407	-0.020735512834601844
2101	P1_minus_P2	1408	-0.01896617205094897
2101	P1_minus_P2	1409	-0.02245023040073091
2101	P1_minus_P2	1410	-0.01960630815755393
2101	P1_minus_P2	1411	-0.02454474196020623
2101	P1_minus_P2	1412	-0.021340206394552697
2101	P1_minus_P2	1413	-0.021289244320143896
2101	P1_minus_P2	1414	-0.018900786406731873
2101	P1_minus_P2	1415	-0.023749406396407824
2101	P1_minus_P2	1416	-0.024056350428895534
2101	P1_minus_P2	1417	-0.016825218855006985
2101	P1_minus_P2	1418	-0.02257822650198804
2101	P1_minus_P2	1419	-0.020846435337667946
2101	P1_minus_P2	1420	-0.020080549600168474
2101	P1_minus_P2	1421	-0.025194279338507264
2101	P1_minus_P2	1422	-0.01960364569069739
2101	P1_minus_P2	1423	-0.02255891796015258
2101	P1_minus_P2	1424	-0.023402570969469516
2101	P1_minus_P2	1425	-0.024974575387905484
2101	P1_minus_P2	1426	-0.018425003810649376
2101	P1_minus_P2	1427	-0.023111808442357662
2101	P1_minus_P2	1428	-0.018780052115979995
2101	P1_minus_P2	1429	-0.0231248764083149
2101	P1_minus_P2	1430	-0.02106174768100566
2101	P1_minus_P2	1431	-0.021737997146516252
2101	P1_minus_P2	1432	-0.020425173107455785
2101	P1_minus_P2	1433	-0.019669745246491566
2101	P1_minus_P2	1434	-0.02323013792417289
2101	P1_minus_P2	1435	-0.019704638369990368
2101	P1_minus_P2	1436	-0.021135976621342534
2101	P1_minus_P2	1437	-0.0226548614119908
2101	P1_minus_P2	1438	-0.022043192184313998
2101	P1_minus_P2	1439	-0.020952303559112206
2101	P1_minus_P2	1440	-0.02028919630793702
2101	P1_minus_P2	1441	-0.020898922105534012
2101	P1_minus_P2	1442	-0.01898850737497998
2101	P1_minus_P2	1443	-0.02131256524479208
2101	P1_minus_P2	1444	-0.0229207484774675
2101	P1_minus_P2	1445	-0.022644583122425455
2101	P1_minus_P2	1446	-0.01889793159922948
2101	P1_minus_P2	1447	-0.02126158603087469
2101	P1_minus_P2	1448	-0.023442820771840123
2101	P1_minus_P2	1449	-0.023095570734104398
2101	P1_minus_P2	1450	-0.02075507595084164
2101	P1_minus_P2	1451	-0.019371752227819283
2101	P1_minus_P2	1452	-0.018164204735750922
2101	P1_minus_P2	1453	-0.02281519840074181
2101	P1_minus_P2	1454	-0.019127440437913368
2101	P1_minus_P2	1455	-0.02280029774497161
2101	P1_minus_P2	1456	-0.021654212783438653
2101	P1_minus_P2	1457	-0.02289204889392288
2101	P1_minus_P2	1458	-0.019167889481154665
2101	P1_minus_P2	1459	-0.023161623806323473
2101	P1_minus_P2	1460	-0.0199183873738204
2101	P1_minus_P2	1461	-0.02221900726843018
2101	P1_minus_P2	1462	-0.022683797587674914
2101	P1_minus_P2	1463	-0.024296759280781066
2101	P1_minus_P2	1464	-0.021838761946722907
2101	P1_minus_P2	1465	-0.023621119747982422
2101	P1_minus_P2	1466	-0.02377959704603272
2101	P1_minus_P2	1467	-0.021126512632828442
2101	P1_minus_P2	1468	-0.022844347364789908
2101	P1_minus_P2	1469	-0.025065305472833366
2101	P1_minus_P2	1470	-0.02438949123831713
2101	P1_minus_P2	1471	-0.020120026774417488
2101	P1_minus_P2	1472	-0.021400610222203853
2101	P1_minus_P2	1473	-0.0209340167556909
2101	P1_minus_P2	1474	-0.021657295267672905
2101	P1_minus_P2	1475	-0.023831111673941918
2101	P1_minus_P2	1476	-0.02163194723371553
2101	P1_minus_P2	1477	-0.02275754645242717
2101	P1_minus_P2	1478	-0.02561365875093341
2101	P1_minus_P2	1479	-0.021423376597638655
2101	P1_minus_P2	1480	-0.02194617447661734
2101	P1_minus_P2	1481	-0.022261598468615973
2101	P1_minus_P2	1482	-0.02156959430070471
2101	P1_minus_P2	1483	-0.019719867499611687
2101	P1_minus_P2	1484	-0.0229653032955367
2101	P1_minus_P2	1485	-0.0229546914439952
2101	P1_minus_P2	1486	-0.020018812453540036
2101	P1_minus_P2	1487	-0.02281758230903863
2101	P1_minus_P2	1488	-0.02247571955382255
2101	P1_minus_P2	1489	-0.023395915938853984
2101	P1_minus_P2	1490	-0.021388695226504717
2101	P1_minus_P2	1491	-0.02229825019994436
2101	P1_minus_P2	1492	-0.02283285702876081
2101	P1_minus_P2	1493	-0.02009544759221993
2101	P1_minus_P2	1494	-0.02055887274145063
2101	P1_minus_P2	1495	-0.019345309141890754
2101	P1_minus_P2	1496	-0.022653207416640286
2101	P1_minus_P2	1497	-0.02158276962174105
2101	P1_minus_P2	1498	-0.023697709044808724
2101	P1_minus_P2	1499	-0.0248065088974585
2101	P1_minus_P2	1500	-0.019631609078943457
2101	P1_minus_P2	1501	-0.02466302389229602
2101	P1_minus_P2	1502	-0.02130748731325499
2101	P1_minus_P2	1503	-0.020601458362582925
2101	P1_minus_P2	1504	-0.01975192200153697
2101	P1_minus_P2	1505	-0.02317559992837437
2101	P1_minus_P2	1506	-0.01842168822137258
2101	P1_minus_P2	1507	-0.02241577178948012
2101	P1_minus_P2	1508	-0.020081517226797685
2101	P1_minus_P2	1509	-0.02213939625670769
2101	P1_minus_P2	1510	-0.022936966758267674
2101	P1_minus_P2	1511	-0.021043535036415317
2101	P1_minus_P2	1512	-0.021466030012172566
2101	P1_minus_P2	1513	-0.025170486114003132
2101	P1_minus_P2	1514	-0.021008345417798502
2101	P1_minus_P2	1515	-0.02465336219215636
2101	P1_minus_P2	1516	-0.022558781044422715
2101	P1_minus_P2	1517	-0.023398690114563747
2101	P1_minus_P2	1518	-0.018096141695203072
2101	P1_minus_P2	1519	-0.02535658493907955
2101	P1_minus_P2	1520	-0.023315757608573795
2101	P1_minus_P2	1521	-0.020519643763691475
2101	P1_minus_P2	1522	-0.021089549755647696
2101	P1_minus_P2	1523	-0.022135701040973677
2101	P1_minus_P2	1524	-0.015838278886377455
2101	P1_minus_P2	1525	-0.01566386266639941
2101	P1_minus_P2	1526	-0.023868724888739923
2101	P1_minus_P2	1527	-0.018405750463506843
2101	P1_minus_P2	1528	-0.015935119961413946
2101	P1_minus_P2	1529	-0.022060325074221954
2101	P1_minus_P2	1530	-0.0205344259823933
2101	P1_minus_P2	1531	-0.021681126149082464
2101	P1_minus_P2	1532	-0.022784192628108546
2101	P1_minus_P2	1533	-0.020083266818723355
2101	P1_minus_P2	1534	-0.020047159591961294
2101	P1_minus_P2	1535	-0.018283609173097792
2101	P1_minus_P2	1536	-0.02057740687708204
2101	P1_minus_P2	1537	-0.02154451032748772
2101	P1_minus_P2	1538	-0.018024122955644872
2101	P1_minus_P2	1539	-0.020645231550276533
2101	P1_minus_P2	1540	-0.025978746924530283
2101	P1_minus_P2	1541	-0.01725871432928172
2101	P1_minus_P2	1542	-0.022388008269636883
2101	P1_minus_P2	1543	-0.022062597494060088
2101	P1_minus_P2	1544	-0.023305449998625605
2101	P1_minus_P2	1545	-0.01821272364616111
2101	P1_minus_P2	1546	-0.020742337695051516
2101	P1_minus_P2	1547	-0.020014574987829326
2101	P1_minus_P2	1548	-0.023473923825356957
2101	P1_minus_P2	1549	-0.02302584284463738
2101	P1_minus_P2	1550	-0.02331555114513495
2101	P1_minus_P2	1551	-0.022471601065090108
2101	P1_minus_P2	1552	-0.022600887904190625
2101	P1_minus_P2	1553	-0.022061053440411538
2101	P1_minus_P2	1554	-0.020586429863062694
2101	P1_minus_P2	1555	-0.02449071079005849
2101	P1_minus_P2	1556	-0.020558709550226317
2101	P1_minus_P2	1557	-0.019972574963595502
2101	P1_minus_P2	1558	-0.018894998102307214
2101	P1_minus_P2	1559	-0.02016086345413004
2101	P1_minus_P2	1560	-0.02142137981169323
2101	P1_minus_P2	1561	-0.02411052396725344
2101	P1_minus_P2	1562	-0.018262247850445723
2101	P1_minus_P2	1563	-0.019340766690996547
2101	P1_minus_P2	1564	-0.020974208546859496
2101	P1_minus_P2	1565	-0.022891440623904635
2101	P1_minus_P2	1566	-0.023376050572228135
2101	P1_minus_P2	1567	-0.021843197164832795
2101	P1_minus_P2	1568	-0.0191528121490267
2101	P1_minus_P2	1569	-0.021061433275710806
2101	P1_minus_P2	1570	-0.024475288555785124
2101	P1_minus_P2	1571	-0.02571316239790311
2101	P1_minus_P2	1572	-0.019844505083248642
2101	P1_minus_P2	1573	-0.0195904717784825
2101	P1_minus_P2	1574	-0.022517688567546656
2101	P1_minus_P2	1575	-0.020701077808106316
2101	P1_minus_P2	1576	-0.024008320625227675
2101	P1_minus_P2	1577	-0.02147373291717658
2101	P1_minus_P2	1578	-0.025367522258217146
2101	P1_minus_P2	1579	-0.022499195736644606
2101	P1_minus_P2	1580	-0.02101458882973728
2101	P1_minus_P2	1581	-0.019911137722886718
2101	P1_minus_P2	1582	-0.02244701777196001
2101	P1_minus_P2	1583	-0.02175976972593391
2101	P1_minus_P2	1584	-0.02128044199848883
2101	P1_minus_P2	1585	-0.01895138714771538
2101	P1_minus_P2	1586	-0.022679992364792068
2101	P1_minus_P2	1587	-0.021226964109505364
2101	P1_minus_P2	1588	-0.022851102351709396
2101	P1_minus_P2	1589	-0.02184158716783946
2101	P1_minus_P2	1590	-0.02049320633647883
2101	P1_minus_P2	1591	-0.02315288475244137
2101	P1_minus_P2	1592	-0.020880073840070734
2101	P1_minus_P2	1593	-0.01931197713880828
2101	P1_minus_P2	1594	-0.023774701854393343
2101	P1_minus_P2	1595	-0.018653009039870383
2101	P1_minus_P2	1596	-0.020451306081464893
2101	P1_minus_P2	1597	-0.018932478403574926
2101	P1_minus_P2	1598	-0.020508517616053157
2101	P1_minus_P2	1599	-0.022612173641608335
2101	P1_minus_P2	1600	-0.021254264595252592
2101	P1_minus_P2	1601	-0.019651540525491895
2101	P1_minus_P2	1602	-0.020456306664706825
2101	P1_minus_P2	1603	-0.021463462314031123
2101	P1_minus_P2	1604	-0.02162798140210037
2101	P1_minus_P2	1605	-0.021717682353882217
2101	P1_minus_P2	1606	-0.023414941889752128
2101	P1_minus_P2	1607	-0.021557764965504045
2101	P1_minus_P2	1608	-0.02364617150358761
2101	P1_minus_P2	1609	-0.020279056380395566
2101	P1_minus_P2	1610	-0.022370444876060436
2101	P1_minus_P2	1611	-0.020100423554411773
2101	P1_minus_P2	1612	-0.020796362824077375
2101	P1_minus_P2	1613	-0.02010466402287986
2101	P1_minus_P2	1614	-0.020980801761511736
2101	P1_minus_P2	1615	-0.02019592981265278
2101	P1_minus_P2	1616	-0.020230551951151088
2101	P1_minus_P2	1617	-0.017086403719702492
2101	P1_minus_P2	1618	-0.02168264828060501
2101	P1_minus_P2	1619	-0.021128608039843955
2101	P1_minus_P2	1620	-0.01988762568015351
2101	P1_minus_P2	1621	-0.018618732302200347
2101	P1_minus_P2	1622	-0.022576710815434442
2101	P1_minus_P2	1623	-0.02163556695907476
2101	P1_minus_P2	1624	-0.019028053682639323
2101	P1_minus_P2	1625	-0.020359505124809663
2101	P1_minus_P2	1626	-0.021232059519164126
2101	P1_minus_P2	1627	-0.020216268358137668
2101	P1_minus_P2	1628	-0.019062916463391255
2101	P1_minus_P2	1629	-0.02309215244593993
2101	P1_minus_P2	1630	-0.017581852511245943
2101	P1_minus_P2	1631	-0.02150518451839467
2101	P1_minus_P2	1632	-0.021247018169164633
2101	P1_minus_P2	1633	-0.023070401566595955
2101	P1_minus_P2	1634	-0.02075188619477597
2101	P1_minus_P2	1635	-0.02076557352983599
2101	P1_minus_P2	1636	-0.025040672712642986
2101	P1_minus_P2	1637	-0.017853140702517978
2101	P1_minus_P2	1638	-0.0233925766713986
2101	P1_minus_P2	1639	-0.02277602021132119
2101	P1_minus_P2	1640	-0.02329453224657624
2101	P1_minus_P2	1641	-0.018594812889355605
2101	P1_minus_P2	1642	-0.02132892872628922
2101	P1_minus_P2	1643	-0.01929024132463708
2101	P1_minus_P2	1644	-0.014589718678708563
2101	P1_minus_P2	1645	-0.02131630855767286
2101	P1_minus_P2	1646	-0.024362946963602472
2101	P1_minus_P2	1647	-0.0188782465886273
2101	P1_minus_P2	1648	-0.020353358853645254
2101	P1_minus_P2	1649	-0.019618897404027058
2101	P1_minus_P2	1650	-0.02170158636704922
2101	P1_minus_P2	1651	-0.020432372826088896
2101	P1_minus_P2	1652	-0.01911721290020063
2101	P1_minus_P2	1653	-0.021534194519501337
2101	P1_minus_P2	1654	-0.018639971711534975
2101	P1_minus_P2	1655	-0.019637820121544913
2101	P1_minus_P2	1656	-0.02024102901458119
2101	P1_minus_P2	1657	-0.022416377132771392
2101	P1_minus_P2	1658	-0.02498062066448159
2101	P1_minus_P2	1659	-0.01973926782930774
2101	P1_minus_P2	1660	-0.022673507622963607
2101	P1_minus_P2	1661	-0.01922954255249426
2101	P1_minus_P2	1662	-0.023613819194855667
2101	P1_minus_P2	1663	-0.017939121473814768
2101	P1_minus_P2	1664	-0.022630116727427374
2101	P1_minus_P2	1665	-0.019831024742537617
2101	P1_minus_P2	1666	-0.01963879964995724
2101	P1_minus_P2	1667	-0.022013636106665402
2101	P1_minus_P2	1668	-0.021886247251968804
2101	P1_minus_P2	1669	-0.01619695589520398
2101	P1_minus_P2	1670	-0.018073640123731194
2101	P1_minus_P2	1671	-0.020612236955214414
2101	P1_minus_P2	1672	-0.024290016248875224
2101	P1_minus_P2	1673	-0.022560992705389138
2101	P1_minus_P2	1674	-0.022845800077975265
2101	P1_minus_P2	1675	-0.02066898193102934
2101	P1_minus_P2	1676	-0.020894994811908096
2101	P1_minus_P2	1677	-0.02157458073306756
2101	P1_minus_P2	1678	-0.020843412668130834
2101	P1_minus_P2	1679	-0.018660388863739275
2101	P1_minus_P2	1680	-0.01860893735840019
2101	P1_minus_P2	1681	-0.024054429984194714
2101	P1_minus_P2	1682	-0.019089932950553223
2101	P1_minus_P2	1683	-0.021710083908112743
2101	P1_minus_P2	1684	-0.018242231976400625
2101	P1_minus_P2	1685	-0.021479690855615685
2101	P1_minus_P2	1686	-0.022635305380604098
2101	P1_minus_P2	1687	-0.023548610322160435
2101	P1_minus_P2	1688	-0.023177117862165697
2101	P1_minus_P2	1689	-0.01863929523724056
2101	P1_minus_P2	1690	-0.017594565673816343
2101	P1_minus_P2	1691	-0.017311821685920603
2101	P1_minus_P2	1692	-0.019781356687687435
2101	P1_minus_P2	1693	-0.021662387124655125
2101	P1_minus_P2	1694	-0.02054689324137965
2101	P1_minus_P2	1695	-0.020045076303005005
2101	P1_minus_P2	1696	-0.02143162194589493
2101	P1_minus_P2	1697	-0.021416435706643755
2101	P1_minus_P2	1698	-0.0182989162827627
2101	P1_minus_P2	1699	-0.019404134794359984
2101	P1_minus_P2	1700	-0.019856610636871386
2101	P1_minus_P2	1701	-0.024640945806751025
2101	P1_minus_P2	1702	-0.019217650382310048
2101	P1_minus_P2	1703	-0.020107921604675838
2101	P1_minus_P2	1704	-0.02027213479981399
2101	P1_minus_P2	1705	-0.02161996728301152
2101	P1_minus_P2	1706	-0.019081687462603802
2101	P1_minus_P2	1707	-0.022264881662700797
2101	P1_minus_P2	1708	-0.019842583433606564
2101	P1_minus_P2	1709	-0.019181100516694416
2101	P1_minus_P2	1710	-0.019741004561094844
2101	P1_minus_P2	1711	-0.019019900511152987
2101	P1_minus_P2	1712	-0.019465814166890416
2101	P1_minus_P2	1713	-0.021843403175282827
2101	P1_minus_P2	1714	-0.024887302823571822
2101	P1_minus_P2	1715	-0.023281118697286718
2101	P1_minus_P2	1716	-0.024400047847153883
2101	P1_minus_P2	1717	-0.022786442875021184
2101	P1_minus_P2	1718	-0.018220729306963834
2101	P1_minus_P2	1719	-0.020272697923290173
2101	P1_minus_P2	1720	-0.02167830193728404
2101	P1_minus_P2	1721	-0.01873906152957644
2101	P1_minus_P2	1722	-0.024634962591568832
2101	P1_minus_P2	1723	-0.019272293161160525
2101	P1_minus_P2	1724	-0.02099906614549857
2101	P1_minus_P2	1725	-0.02087368904436887
2101	P1_minus_P2	1726	-0.019498806654010048
2101	P1_minus_P2	1727	-0.019119491999258942
2101	P1_minus_P2	1728	-0.022781316389917206
2101	P1_minus_P2	1729	-0.02459961300577118
2101	P1_minus_P2	1730	-0.021657242736690674
2101	P1_minus_P2	1731	-0.020836492105133886
2101	P1_minus_P2	1732	-0.018955584841227835
2101	P1_minus_P2	1733	-0.02016752349740708
2101	P1_minus_P2	1734	-0.017564351402924172
2101	P1_minus_P2	1735	-0.024982158338048843
2101	P1_minus_P2	1736	-0.02166194118545267
2101	P1_minus_P2	1737	-0.024080515274914283
2101	P1_minus_P2	1738	-0.020274476728638857
2101	P1_minus_P2	1739	-0.01686703125511957
2101	P1_minus_P2	1740	-0.023127572195465795
2101	P1_minus_P2	1741	-0.020154463314141502
2101	P1_minus_P2	1742	-0.021957249541824042
2101	P1_minus_P2	1743	-0.020354672644145144
2101	P1_minus_P2	1744	-0.01844287117812221
2101	P1_minus_P2	1745	-0.022455325832923867
2101	P1_minus_P2	1746	-0.024504477628635057
2101	P1_minus_P2	1747	-0.021463276905310358
2101	P1_minus_P2	1748	-0.02364637011707188
2101	P1_minus_P2	1749	-0.018691107434242016
2101	P1_minus_P2	1750	-0.02207501008486379
2101	P1_minus_P2	1751	-0.020179275449485834
2101	P1_minus_P2	1752	-0.021106259972904606
2101	P1_minus_P2	1753	-0.02591433817238148
2101	P1_minus_P2	1754	-0.020615710189505754
2101	P1_minus_P2	1755	-0.021070599063723494
2101	P1_minus_P2	1756	-0.0202690075573862
2101	P1_minus_P2	1757	-0.020590149042418515
2101	P1_minus_P2	1758	-0.02080082761690971
2101	P1_minus_P2	1759	-0.01994549636903714
2101	P1_minus_P2	1760	-0.02286192357986555
2101	P1_minus_P2	1761	-0.022946566738148988
2101	P1_minus_P2	1762	-0.020312805099414022
2101	P1_minus_P2	1763	-0.023318279320859003
2101	P1_minus_P2	1764	-0.01868721336515311
2101	P1_minus_P2	1765	-0.021715026003711335
2101	P1_minus_P2	1766	-0.022015497358175873
2101	P1_minus_P2	1767	-0.018094747378638754
2101	P1_minus_P2	1768	-0.02134759889306681
2101	P1_minus_P2	1769	-0.022043754811080896
2101	P1_minus_P2	1770	-0.019488079097291167
2101	P1_minus_P2	1771	-0.019007693401839554
2101	P1_minus_P2	1772	-0.02129755330131511
2101	P1_minus_P2	1773	-0.022906442722381293
2101	P1_minus_P2	1774	-0.019316983511762698
2101	P1_minus_P2	1775	-0.021664991552209356
2101	P1_minus_P2	1776	-0.02384281345290845
2101	P1_minus_P2	1777	-0.018812779196488272
2101	P1_minus_P2	1778	-0.024066431821619272
2101	P1_minus_P2	1779	-0.02504757535610913
2101	P1_minus_P2	1780	-0.021398037130761716
2101	P1_minus_P2	1781	-0.01849456388115195
2101	P1_minus_P2	1782	-0.01947644606105786
2101	P1_minus_P2	1783	-0.018419014134418377
2101	P1_minus_P2	1784	-0.02183834621668257
2101	P1_minus_P2	1785	-0.025343416147102282
2101	P1_minus_P2	1786	-0.0190850529362685
2101	P1_minus_P2	1787	-0.02085395851901156
2101	P1_minus_P2	1788	-0.022409244128254846
2101	P1_minus_P2	1789	-0.021436812034877406
2101	P1_minus_P2	1790	-0.022699990573339324
2101	P1_minus_P2	1791	-0.022801936160487868
2101	P1_minus_P2	1792	-0.022657011509474523
2101	P1_minus_P2	1793	-0.02052472100029379
2101	P1_minus_P2	1794	-0.02342954856072077
2101	P1_minus_P2	1795	-0.019666084590305943
2101	P1_minus_P2	1796	-0.01580329351395282
2101	P1_minus_P2	1797	-0.021037717876640327
2101	P1_minus_P2	1798	-0.023690329252147424
2101	P1_minus_P2	1799	-0.021254796225181116
2101	P1_minus_P2	1800	-0.021046564532835432
2101	P1_minus_P2	1801	-0.02261822415843112
2101	P1_minus_P2	1802	-0.023452367655339867
2101	P1_minus_P2	1803	-0.023632814849220973
2101	P1_minus_P2	1804	-0.021106919227335763
2101	P1_minus_P2	1805	-0.023937151737662865
2101	P1_minus_P2	1806	-0.019884357129135805
2101	P1_minus_P2	1807	-0.02028780118945206
2101	P1_minus_P2	1808	-0.019794819044485323
2101	P1_minus_P2	1809	-0.022040300497916387
2101	P1_minus_P2	1810	-0.020305995052610104
2101	P1_minus_P2	1811	-0.01635937405353438
2101	P1_minus_P2	1812	-0.020216485613874235
2101	P1_minus_P2	1813	-0.021357875049086428
2101	P1_minus_P2	1814	-0.018994258512739393
2101	P1_minus_P2	1815	-0.01954964886165822
2101	P1_minus_P2	1816	-0.02334451885125144
2101	P1_minus_P2	1817	-0.02276671594988372
2101	P1_minus_P2	1818	-0.01855312932215053
2101	P1_minus_P2	1819	-0.019831846469497705
2101	P1_minus_P2	1820	-0.025088452933871297
2101	P1_minus_P2	1821	-0.020116703729784136
2101	P1_minus_P2	1822	-0.022113553689373178
2101	P1_minus_P2	1823	-0.018137191803630714
2101	P1_minus_P2	1824	-0.017276706954721055
2101	P1_minus_P2	1825	-0.02091351428150745
2101	P1_minus_P2	1826	-0.02142822575100617
2101	P1_minus_P2	1827	-0.017709408408600746
2101	P1_minus_P2	1828	-0.019464788970901592
2101	P1_minus_P2	1829	-0.020429964346605767
2101	P1_minus_P2	1830	-0.02349260186930674
2101	P1_minus_P2	1831	-0.0192830139010422
2101	P1_minus_P2	1832	-0.021553324397602325
2101	P1_minus_P2	1833	-0.019537933140608754
2101	P1_minus_P2	1834	-0.020605973911407616
2101	P1_minus_P2	1835	-0.01759237556028942
2101	P1_minus_P2	1836	-0.019226894949609996
2101	P1_minus_P2	1837	-0.022262065776693374
2101	P1_minus_P2	1838	-0.021492497752932715
2101	P1_minus_P2	1839	-0.017594464530922393
2101	P1_minus_P2	1840	-0.019727607183324114
2101	P1_minus_P2	1841	-0.021011447232908875
2101	P1_minus_P2	1842	-0.022102615808829273
2101	P1_minus_P2	1843	-0.02211042119486073
2101	P1_minus_P2	1844	-0.023748557570401063
2101	P1_minus_P2	1845	-0.021003859140087067
2101	P1_minus_P2	1846	-0.021374918733159942
2101	P1_minus_P2	1847	-0.019534973431037828
2101	P1_minus_P2	1848	-0.019140026260711318
2101	P1_minus_P2	1849	-0.017943186736014916
2101	P1_minus_P2	1850	-0.023725699445397375
2101	P1_minus_P2	1851	-0.018604374056432116
2101	P1_minus_P2	1852	-0.023230760182920807
2101	P1_minus_P2	1853	-0.0172924822152567
2101	P1_minus_P2	1854	-0.022902334349184705
2101	P1_minus_P2	1855	-0.02249846517218318
2101	P1_minus_P2	1856	-0.020562128146433212
2101	P1_minus_P2	1857	-0.02362306428251032
2101	P1_minus_P2	1858	-0.02346629462183708
2101	P1_minus_P2	1859	-0.02337065529926441
2101	P1_minus_P2	1860	-0.022048107305429054
2101	P1_minus_P2	1861	-0.025837659395456403
2101	P1_minus_P2	1862	-0.02277659401476334
2101	P1_minus_P2	1863	-0.02279696755504701
2101	P1_minus_P2	1864	-0.020988150724112253
2101	P1_minus_P2	1865	-0.024490629534728414
2101	P1_minus_P2	1866	-0.019868907412446735
2101	P1_minus_P2	1867	-0.021621331191827048
2101	P1_minus_P2	1868	-0.022190941442837342
2101	P1_minus_P2	1869	-0.022057976036141236
2101	P1_minus_P2	1870	-0.020060402601272564
2101	P1_minus_P2	1871	-0.02339857050206451
2101	P1_minus_P2	1872	-0.01910702034794387
2101	P1_minus_P2	1873	-0.01986327087530254
2101	P1_minus_P2	1874	-0.02019720774751077
2101	P1_minus_P2	1875	-0.019055420155187797
2101	P1_minus_P2	1876	-0.021853297475160127
2101	P1_minus_P2	1877	-0.022446901298554367
2101	P1_minus_P2	1878	-0.017716223189228608
2101	P1_minus_P2	1879	-0.019163310454098248
2101	P1_minus_P2	1880	-0.022277847366253878
2101	P1_minus_P2	1881	-0.020008664678398902
2101	P1_minus_P2	1882	-0.024491648638579222
2101	P1_minus_P2	1883	-0.02233761068368778
2101	P1_minus_P2	1884	-0.0206559227303606
2101	P1_minus_P2	1885	-0.019819214206668823
2101	P1_minus_P2	1886	-0.023414720802905076
2101	P1_minus_P2	1887	-0.020657538902255024
2101	P1_minus_P2	1888	-0.025228737766036513
2101	P1_minus_P2	1889	-0.022048339993142818
2101	P1_minus_P2	1890	-0.02177723112074703
2101	P1_minus_P2	1891	-0.018522593955608402
2101	P1_minus_P2	1892	-0.022333397863778193
2101	P1_minus_P2	1893	-0.019662445495435055
2101	P1_minus_P2	1894	-0.02312184332077505
2101	P1_minus_P2	1895	-0.023148634847234284
2101	P1_minus_P2	1896	-0.021218318438851247
2101	P1_minus_P2	1897	-0.02306999252987907
2101	P1_minus_P2	1898	-0.02223717373800449
2101	P1_minus_P2	1899	-0.02093048559956079
2101	P1_minus_P2	1900	-0.02025660518362099
2101	P1_minus_P2	1901	-0.020730908162314265
2101	P1_minus_P2	1902	-0.024448841074781957
2101	P1_minus_P2	1903	-0.018594307708635127
2101	P1_minus_P2	1904	-0.021215411555038033
2101	P1_minus_P2	1905	-0.022968694742604767
2101	P1_minus_P2	1906	-0.019895336624833337
2101	P1_minus_P2	1907	-0.022116182627490544
2101	P1_minus_P2	1908	-0.021812948517455633
2101	P1_minus_P2	1909	-0.021263003327425534
2101	P1_minus_P2	1910	-0.01848640764388715
2101	P1_minus_P2	1911	-0.018065480723617133
2101	P1_minus_P2	1912	-0.025069746669491688
2101	P1_minus_P2	1913	-0.018331768887604183
2101	P1_minus_P2	1914	-0.02135706217495953
2101	P1_minus_P2	1915	-0.02198444384515147
2101	P1_minus_P2	1916	-0.022030888871279075
2101	P1_minus_P2	1917	-0.018438818745896646
2101	P1_minus_P2	1918	-0.020815640660105106
2101	P1_minus_P2	1919	-0.020737236554975946
2101	P1_minus_P2	1920	-0.023082320760945796
2101	P1_minus_P2	1921	-0.022093589344253317
2101	P1_minus_P2	1922	-0.022158309845115187
2101	P1_minus_P2	1923	-0.024903186366179886
2101	P1_minus_P2	1924	-0.020250361836151032
2101	P1_minus_P2	1925	-0.01917433212286912
2101	P1_minus_P2	1926	-0.019266423649442865
2101	P1_minus_P2	1927	-0.020263586050487947
2101	P1_minus_P2	1928	-0.0224700229561704
2101	P1_minus_P2	1929	-0.022375869507845314
2101	P1_minus_P2	1930	-0.021997049153047177
2101	P1_minus_P2	1931	-0.020280119544301256
2101	P1_minus_P2	1932	-0.019134836616622353
2101	P1_minus_P2	1933	-0.017902961567529296
2101	P1_minus_P2	1934	-0.022510504063009307
2101	P1_minus_P2	1935	-0.018142404266161427
2101	P1_minus_P2	1936	-0.02173775507178982
2101	P1_minus_P2	1937	-0.02024497589587937
2101	P1_minus_P2	1938	-0.021127288690273527
2101	P1_minus_P2	1939	-0.024542125527326014
2101	P1_minus_P2	1940	-0.020264089501488725
2101	P1_minus_P2	1941	-0.020267007684692917
2101	P1_minus_P2	1942	-0.025662654882613323
2101	P1_minus_P2	1943	-0.021737127043912396
2101	P1_minus_P2	1944	-0.021739197902064966
2101	P1_minus_P2	1945	-0.022752818983499734
2101	P1_minus_P2	1946	-0.021173498363267484
2101	P1_minus_P2	1947	-0.02099477260225413
2101	P1_minus_P2	1948	-0.022865981651158773
2101	P1_minus_P2	1949	-0.017360617709892723
2101	P1_minus_P2	1950	-0.02218284999753911
2101	P1_minus_P2	1951	-0.026730139185934865
2101	P1_minus_P2	1952	-0.019981354187159905
2101	P1_minus_P2	1953	-0.021827677376250798
2101	P1_minus_P2	1954	-0.024034727774947307
2101	P1_minus_P2	1955	-0.02211786287571471
2101	P1_minus_P2	1956	-0.02221288236157859
2101	P1_minus_P2	1957	-0.021669064188684306
2101	P1_minus_P2	1958	-0.02036198478947643
2101	P1_minus_P2	1959	-0.020978890910638204
2101	P1_minus_P2	1960	-0.02007246816859276
2101	P1_minus_P2	1961	-0.021336090307197964
2101	P1_minus_P2	1962	-0.02101774344482865
2101	P1_minus_P2	1963	-0.021305565238011526
2101	P1_minus_P2	1964	-0.02337133863120766
2101	P1_minus_P2	1965	-0.022936547081752134
2101	P1_minus_P2	1966	-0.02063266181597967
2101	P1_minus_P2	1967	-0.018200906813306605
2101	P1_minus_P2	1968	-0.02696272459889515
2101	P1_minus_P2	1969	-0.021540591544040588
2101	P1_minus_P2	1970	-0.020670162730208608
2101	P1_minus_P2	1971	-0.02148881545147341
2101	P1_minus_P2	1972	-0.02327940309806753
2101	P1_minus_P2	1973	-0.0218645820952606
2101	P1_minus_P2	1974	-0.020716286469196876
2101	P1_minus_P2	1975	-0.02129890114526295
2101	P1_minus_P2	1976	-0.023653789156578398
2101	P1_minus_P2	1977	-0.019934187484846155
2101	P1_minus_P2	1978	-0.02124749245083951
2101	P1_minus_P2	1979	-0.02262600012917859
2101	P1_minus_P2	1980	-0.023171348837352557
2101	P1_minus_P2	1981	-0.02326342645670887
2101	P1_minus_P2	1982	-0.016730348787269866
2101	P1_minus_P2	1983	-0.02262591722390528
2101	P1_minus_P2	1984	-0.01949428174478629
2101	P1_minus_P2	1985	-0.022089179228810374
2101	P1_minus_P2	1986	-0.0195078831046121
2101	P1_minus_P2	1987	-0.021128911137844653
2101	P1_minus_P2	1988	-0.02004631109062527
2101	P1_minus_P2	1989	-0.019535339030685606
2101	P1_minus_P2	1990	-0.019243149874897003
2101	P1_minus_P2	1991	-0.022339544135702327
2101	P1_minus_P2	1992	-0.019197589344633115
2101	P1_minus_P2	1993	-0.01897823474867788
2101	P1_minus_P2	1994	-0.02235149223541627
2101	P1_minus_P2	1995	-0.02649004812496475
2101	P1_minus_P2	1996	-0.020721543585638602
2101	P1_minus_P2	1997	-0.024057956365370947
2101	P1_minus_P2	1998	-0.021058581565690737
2101	P1_minus_P2	1999	-0.02211550585055666
2101	P1_minus_P3	0	-0.0026610683455868256
2101	P1_minus_P3	1	-0.0029167091085233188
2101	P1_minus_P3	2	-0.0022709047085311407
2101	P1_minus_P3	3	-0.0012748859989530348
2101	P1_minus_P3	4	-0.002356480598126265
2101	P1_minus_P3	5	-0.002172605582078102
2101	P1_minus_P3	6	-0.004865798863206594
2101	P1_minus_P3	7	-0.000673408244635687
2101	P1_minus_P3	8	-0.0040833569277825554
2101	P1_minus_P3	9	-0.003053461092395904
2101	P1_minus_P3	10	-0.0018443927230579749
2101	P1_minus_P3	11	-0.0026876802076328254
2101	P1_minus_P3	12	-0.001808868982897338
2101	P1_minus_P3	13	-0.004943205208823687
2101	P1_minus_P3	14	-0.002884521193549594
2101	P1_minus_P3	15	-0.0025605867408996508
2101	P1_minus_P3	16	-0.0038950775366526913
2101	P1_minus_P3	17	-0.00277013708872087
2101	P1_minus_P3	18	-0.0034167629029673297
2101	P1_minus_P3	19	-0.0015826625723407428
2101	P1_minus_P3	20	0.0004314807790939401
2101	P1_minus_P3	21	-0.002774449471790952
2101	P1_minus_P3	22	-0.0020226072563180875
2101	P1_minus_P3	23	-0.006267008484526881
2101	P1_minus_P3	24	-0.0027735795176886957
2101	P1_minus_P3	25	-0.004177370803718827
2101	P1_minus_P3	26	-0.004426835353537106
2101	P1_minus_P3	27	-0.004218567924835437
2101	P1_minus_P3	28	-0.002293348762643088
2101	P1_minus_P3	29	-0.0028545269100571646
2101	P1_minus_P3	30	-0.005067210201514127
2101	P1_minus_P3	31	-0.0017866550330387643
2101	P1_minus_P3	32	-0.004591703862023733
2101	P1_minus_P3	33	0.0008575000990076465
2101	P1_minus_P3	34	-0.0017185084651131222
2101	P1_minus_P3	35	-0.005131148955272002
2101	P1_minus_P3	36	-0.0042945327367645
2101	P1_minus_P3	37	-0.0035174975851159362
2101	P1_minus_P3	38	-0.0016968759302638525
2101	P1_minus_P3	39	-0.0037142810655016456
2101	P1_minus_P3	40	-0.004240363223420973
2101	P1_minus_P3	41	-0.0018973956354980115
2101	P1_minus_P3	42	-0.0034216069077561695
2101	P1_minus_P3	43	-0.002129203587551476
2101	P1_minus_P3	44	-0.004174333644207939
2101	P1_minus_P3	45	-0.0028640063349032463
2101	P1_minus_P3	46	-0.002756177857182407
2101	P1_minus_P3	47	-0.004264359908454196
2101	P1_minus_P3	48	-0.004708361240648495
2101	P1_minus_P3	49	-0.003192866319106258
2101	P1_minus_P3	50	-0.0037139926068215923
2101	P1_minus_P3	51	-0.002695339240826433
2101	P1_minus_P3	52	-0.0012017847318220864
2101	P1_minus_P3	53	-0.0012330381388174771
2101	P1_minus_P3	54	-0.003038958944277692
2101	P1_minus_P3	55	-0.004111245081202974
2101	P1_minus_P3	56	-0.00477884714319482
2101	P1_minus_P3	57	-0.004518844689671231
2101	P1_minus_P3	58	-0.0029362147326534305
2101	P1_minus_P3	59	-0.005483788481907559
2101	P1_minus_P3	60	-0.0038252570914210637
2101	P1_minus_P3	61	-0.002534266988414857
2101	P1_minus_P3	62	-0.0022259578013725245
2101	P1_minus_P3	63	-0.0022279970423708106
2101	P1_minus_P3	64	-0.001780436484204062
2101	P1_minus_P3	65	-0.003553612470594769
2101	P1_minus_P3	66	-0.0038603558401451576
2101	P1_minus_P3	67	-0.007245630512014101
2101	P1_minus_P3	68	-0.003318851881221385
2101	P1_minus_P3	69	-0.005470863252808489
2101	P1_minus_P3	70	-0.003924261764670367
2101	P1_minus_P3	71	-0.00272236505441098
2101	P1_minus_P3	72	-0.0031348180442802853
2101	P1_minus_P3	73	-0.0033318415004450763
2101	P1_minus_P3	74	-0.003098223848445769
2101	P1_minus_P3	75	-0.0006486316525952662
2101	P1_minus_P3	76	-0.0012095057384967633
2101	P1_minus_P3	77	-0.0017726540798634338
2101	P1_minus_P3	78	-0.003776624023650532
2101	P1_minus_P3	79	-0.00391950428467025
2101	P1_minus_P3	80	-0.002046810263848453
2101	P1_minus_P3	81	-0.004095309681777293
2101	P1_minus_P3	82	-0.0011790060097969235
2101	P1_minus_P3	83	-0.004801022179598435
2101	P1_minus_P3	84	-0.0009529728215403321
2101	P1_minus_P3	85	-0.0012250189791495059
2101	P1_minus_P3	86	-0.003600884632860124
2101	P1_minus_P3	87	-0.0038678251953544462
2101	P1_minus_P3	88	-0.004449852100478768
2101	P1_minus_P3	89	-0.0015771526960535742
2101	P1_minus_P3	90	-0.0025223910381651504
2101	P1_minus_P3	91	-0.0032547256714123285
2101	P1_minus_P3	92	-0.00543452594836058
2101	P1_minus_P3	93	-0.001262475299454835
2101	P1_minus_P3	94	-0.0025834142584210684
2101	P1_minus_P3	95	-0.00029342590986292105
2101	P1_minus_P3	96	-0.004346719106292696
2101	P1_minus_P3	97	-0.004230199595934958
2101	P1_minus_P3	98	-0.0031861505784123167
2101	P1_minus_P3	99	-0.003303178375406335
2101	P1_minus_P3	100	-0.001334326200902125
2101	P1_minus_P3	101	-0.002571580485701719
2101	P1_minus_P3	102	-0.006070660855729826
2101	P1_minus_P3	103	-0.0009075441952171581
2101	P1_minus_P3	104	0.0011111616918421108
2101	P1_minus_P3	105	-0.0027456044787980693
2101	P1_minus_P3	106	-0.0020572286246965388
2101	P1_minus_P3	107	-0.003238479375406722
2101	P1_minus_P3	108	-0.0010441189963228403
2101	P1_minus_P3	109	-0.0053711918368697376
2101	P1_minus_P3	110	-0.0015690267554119286
2101	P1_minus_P3	111	-0.0027012608782193692
2101	P1_minus_P3	112	-0.0013705896958882136
2101	P1_minus_P3	113	-0.0004085746578267324
2101	P1_minus_P3	114	-0.0026085795287416613
2101	P1_minus_P3	115	-0.003544729089902887
2101	P1_minus_P3	116	-0.002714845617781847
2101	P1_minus_P3	117	-0.0030584291914983464
2101	P1_minus_P3	118	-0.004363010089082686
2101	P1_minus_P3	119	-0.00359872904290498
2101	P1_minus_P3	120	-0.0020018453069197695
2101	P1_minus_P3	121	-0.0021852031423121865
2101	P1_minus_P3	122	-0.0011069562824727042
2101	P1_minus_P3	123	-0.002182002556525564
2101	P1_minus_P3	124	-0.007245882260440872
2101	P1_minus_P3	125	-0.0038294601592819832
2101	P1_minus_P3	126	-0.003146993214079352
2101	P1_minus_P3	127	-0.0026497892354021557
2101	P1_minus_P3	128	-0.0033775379616186596
2101	P1_minus_P3	129	-0.003314470558074434
2101	P1_minus_P3	130	-0.0017041624359993013
2101	P1_minus_P3	131	-0.0034283084559717514
2101	P1_minus_P3	132	-0.004254097909650478
2101	P1_minus_P3	133	-0.0044037230750411105
2101	P1_minus_P3	134	-0.0027251604434381793
2101	P1_minus_P3	135	-0.003671293418296251
2101	P1_minus_P3	136	-0.0019514388777969738
2101	P1_minus_P3	137	-0.00011917895406043932
2101	P1_minus_P3	138	-0.0049671713812900475
2101	P1_minus_P3	139	-0.004210081462288906
2101	P1_minus_P3	140	-0.00308794320816691
2101	P1_minus_P3	141	-0.003422281990617837
2101	P1_minus_P3	142	-0.0033499350109707504
2101	P1_minus_P3	143	-0.004367293595895327
2101	P1_minus_P3	144	-0.001520983402750864
2101	P1_minus_P3	145	-0.005241077586145226
2101	P1_minus_P3	146	-0.0034352687427178785
2101	P1_minus_P3	147	-0.0026734600266088426
2101	P1_minus_P3	148	-0.0023396021285569946
2101	P1_minus_P3	149	-0.000576024881671966
2101	P1_minus_P3	150	-0.0017517986584083545
2101	P1_minus_P3	151	-0.006027667505631995
2101	P1_minus_P3	152	-0.0035968566137002944
2101	P1_minus_P3	153	-0.0033905625296344333
2101	P1_minus_P3	154	-0.0010992842037092498
2101	P1_minus_P3	155	-0.0055601212453003646
2101	P1_minus_P3	156	-0.004677283066613469
2101	P1_minus_P3	157	-0.004411242945934646
2101	P1_minus_P3	158	-0.002990421410116628
2101	P1_minus_P3	159	-0.0035888409721831493
2101	P1_minus_P3	160	-0.0051375528782329205
2101	P1_minus_P3	161	-0.004519091134260356
2101	P1_minus_P3	162	-0.002020998996695389
2101	P1_minus_P3	163	-0.0035265579610718745
2101	P1_minus_P3	164	-0.003332674157004223
2101	P1_minus_P3	165	-0.004660595603250162
2101	P1_minus_P3	166	-0.001869236345690417
2101	P1_minus_P3	167	-0.0026268589847383006
2101	P1_minus_P3	168	-0.003950084959039646
2101	P1_minus_P3	169	-0.0039353689799043745
2101	P1_minus_P3	170	-0.004817731936738956
2101	P1_minus_P3	171	-0.0032759990909666525
2101	P1_minus_P3	172	-0.005329003687015499
2101	P1_minus_P3	173	0.0016409838968395873
2101	P1_minus_P3	174	-0.0020025446877855457
2101	P1_minus_P3	175	-0.0029608972084389507
2101	P1_minus_P3	176	-0.005727774480206671
2101	P1_minus_P3	177	-0.002812004198949336
2101	P1_minus_P3	178	-0.005341615872193062
2101	P1_minus_P3	179	-0.0030306602843922503
2101	P1_minus_P3	180	-0.0038856778180574314
2101	P1_minus_P3	181	-0.004221206091022611
2101	P1_minus_P3	182	-0.005363620895326382
2101	P1_minus_P3	183	-0.004384845536833992
2101	P1_minus_P3	184	-0.004823025092277944
2101	P1_minus_P3	185	0.00017661819862513362
2101	P1_minus_P3	186	-0.002472288726026839
2101	P1_minus_P3	187	-0.004141354187122803
2101	P1_minus_P3	188	-0.0014210178620557845
2101	P1_minus_P3	189	2.1104012344452805e-05
2101	P1_minus_P3	190	-0.005218096326091215
2101	P1_minus_P3	191	-0.0031014221236737582
2101	P1_minus_P3	192	-0.0019449370569554203
2101	P1_minus_P3	193	-0.0019349584862363711
2101	P1_minus_P3	194	-0.0027541323727662825
2101	P1_minus_P3	195	-0.00024693562565547555
2101	P1_minus_P3	196	-0.00434188989546086
2101	P1_minus_P3	197	-0.004505947497477347
2101	P1_minus_P3	198	-0.00373210052024886
2101	P1_minus_P3	199	-0.001453407033999543
2101	P1_minus_P3	200	-0.0017983707602842736
2101	P1_minus_P3	201	-0.0007182906583802495
2101	P1_minus_P3	202	-0.0015983541267428625
2101	P1_minus_P3	203	-0.003065101083999988
2101	P1_minus_P3	204	-0.0019362862446880569
2101	P1_minus_P3	205	-0.005930506986567552
2101	P1_minus_P3	206	-0.004004268007418321
2101	P1_minus_P3	207	-0.0018350469401079428
2101	P1_minus_P3	208	-0.0029614643921435646
2101	P1_minus_P3	209	-0.0024837540794078183
2101	P1_minus_P3	210	-0.003354818039201679
2101	P1_minus_P3	211	-0.004375676591290234
2101	P1_minus_P3	212	-0.0028260068714200393
2101	P1_minus_P3	213	-0.0031353522077636198
2101	P1_minus_P3	214	-0.006048616120620576
2101	P1_minus_P3	215	-0.001998700510318585
2101	P1_minus_P3	216	-0.0026616202696205238
2101	P1_minus_P3	217	-0.0022136079103050044
2101	P1_minus_P3	218	-0.0015166726849087375
2101	P1_minus_P3	219	-0.0019489934774155615
2101	P1_minus_P3	220	-0.003194667728905587
2101	P1_minus_P3	221	-0.004779595138436954
2101	P1_minus_P3	222	-0.004583010851468228
2101	P1_minus_P3	223	-0.000942766454258892
2101	P1_minus_P3	224	-0.0037473625984896786
2101	P1_minus_P3	225	-0.002203329714336788
2101	P1_minus_P3	226	-0.002720230830466186
2101	P1_minus_P3	227	-0.0048613664196694995
2101	P1_minus_P3	228	-0.007659044269058779
2101	P1_minus_P3	229	-0.002747414114546598
2101	P1_minus_P3	230	-0.0035552655726656113
2101	P1_minus_P3	231	-0.0029923558681905216
2101	P1_minus_P3	232	-0.0024911446769088075
2101	P1_minus_P3	233	-0.0036595347705961068
2101	P1_minus_P3	234	-0.0050286866737668245
2101	P1_minus_P3	235	-0.0030426205617022917
2101	P1_minus_P3	236	-0.003294428317057174
2101	P1_minus_P3	237	-0.002383441087477345
2101	P1_minus_P3	238	-0.001040094000528291
2101	P1_minus_P3	239	-0.0008260209806663088
2101	P1_minus_P3	240	-0.001556604273779072
2101	P1_minus_P3	241	-0.00047229669422621523
2101	P1_minus_P3	242	-0.002115325774321941
2101	P1_minus_P3	243	-0.004242314532834468
2101	P1_minus_P3	244	-0.005466243834452711
2101	P1_minus_P3	245	-0.004451423182484482
2101	P1_minus_P3	246	-0.0003587746857610097
2101	P1_minus_P3	247	-0.0028182669889387224
2101	P1_minus_P3	248	-0.00257965107254432
2101	P1_minus_P3	249	-0.0008022223099933279
2101	P1_minus_P3	250	-0.0035963580732631395
2101	P1_minus_P3	251	-0.0012145554306424167
2101	P1_minus_P3	252	-0.003095861589704485
2101	P1_minus_P3	253	-0.0028604727400904917
2101	P1_minus_P3	254	-0.0025317413297155644
2101	P1_minus_P3	255	-0.001464990630383467
2101	P1_minus_P3	256	-0.0003371453809951075
2101	P1_minus_P3	257	-0.0035466625681799813
2101	P1_minus_P3	258	-0.0013834017873650684
2101	P1_minus_P3	259	-0.004514666242538434
2101	P1_minus_P3	260	-0.0011406708927230724
2101	P1_minus_P3	261	-0.0024248606558224806
2101	P1_minus_P3	262	-0.003930384620271926
2101	P1_minus_P3	263	-0.004315849851842524
2101	P1_minus_P3	264	-0.004450706400267179
2101	P1_minus_P3	265	-0.004435403804660343
2101	P1_minus_P3	266	-0.005925901549906909
2101	P1_minus_P3	267	-0.003859164165730178
2101	P1_minus_P3	268	-0.0031562660169860424
2101	P1_minus_P3	269	-0.0037900407142557047
2101	P1_minus_P3	270	-0.002105313516186147
2101	P1_minus_P3	271	-0.0023970810400845144
2101	P1_minus_P3	272	-0.0044487269644264416
2101	P1_minus_P3	273	-0.006351558876429908
2101	P1_minus_P3	274	-0.003461105171064016
2101	P1_minus_P3	275	-0.004937209329733239
2101	P1_minus_P3	276	-0.004200074205843729
2101	P1_minus_P3	277	-0.004839465218704209
2101	P1_minus_P3	278	-0.0043004746593570675
2101	P1_minus_P3	279	-0.002611187002546367
2101	P1_minus_P3	280	-0.005617614555748218
2101	P1_minus_P3	281	-0.0037124230620823595
2101	P1_minus_P3	282	-0.002118708483264675
2101	P1_minus_P3	283	-0.0039057576284293183
2101	P1_minus_P3	284	-0.006518313767597539
2101	P1_minus_P3	285	-0.0038216542956055477
2101	P1_minus_P3	286	-0.002825231994184385
2101	P1_minus_P3	287	-0.0029808759874105917
2101	P1_minus_P3	288	-0.004108469488875388
2101	P1_minus_P3	289	-0.003906603396092001
2101	P1_minus_P3	290	-0.0012739011629149255
2101	P1_minus_P3	291	-0.002376010601239431
2101	P1_minus_P3	292	-0.0028494476201600394
2101	P1_minus_P3	293	-0.0044599164629655075
2101	P1_minus_P3	294	-0.004998611833793576
2101	P1_minus_P3	295	-0.0025420706356000244
2101	P1_minus_P3	296	-0.0048589187207892515
2101	P1_minus_P3	297	-0.005297885253777723
2101	P1_minus_P3	298	-0.004059695227522697
2101	P1_minus_P3	299	0.00296527855653389
2101	P1_minus_P3	300	-0.0008884732694807718
2101	P1_minus_P3	301	-0.004443432269714276
2101	P1_minus_P3	302	-0.002840536588116005
2101	P1_minus_P3	303	-0.001593102999160434
2101	P1_minus_P3	304	-0.0036626983584629458
2101	P1_minus_P3	305	-0.002403060074512464
2101	P1_minus_P3	306	-0.004869819765734529
2101	P1_minus_P3	307	-0.00391915216337646
2101	P1_minus_P3	308	-0.00501916253689344
2101	P1_minus_P3	309	-0.00556690512766056
2101	P1_minus_P3	310	-0.0017751191188962734
2101	P1_minus_P3	311	-0.003623444874558457
2101	P1_minus_P3	312	-0.0033137198467633744
2101	P1_minus_P3	313	-0.0023109754938442917
2101	P1_minus_P3	314	-0.0007258633992520691
2101	P1_minus_P3	315	-0.0019185662134771908
2101	P1_minus_P3	316	-0.005556372752190286
2101	P1_minus_P3	317	-0.003420156721247347
2101	P1_minus_P3	318	-0.0015246996493055165
2101	P1_minus_P3	319	-0.0035375399907628946
2101	P1_minus_P3	320	-0.003839858574216759
2101	P1_minus_P3	321	-0.006070164370307163
2101	P1_minus_P3	322	-0.003612206298504339
2101	P1_minus_P3	323	-0.0020668302478695777
2101	P1_minus_P3	324	-0.0007238009740376805
2101	P1_minus_P3	325	-0.005800985711612028
2101	P1_minus_P3	326	0.00043410574280150493
2101	P1_minus_P3	327	-0.004239113132897154
2101	P1_minus_P3	328	-0.001585046152064562
2101	P1_minus_P3	329	-0.0014374957544466826
2101	P1_minus_P3	330	-0.004536158570338955
2101	P1_minus_P3	331	-0.0027539312320739584
2101	P1_minus_P3	332	-0.0030932517902830803
2101	P1_minus_P3	333	0.0009038597373469126
2101	P1_minus_P3	334	-0.0017576978653069397
2101	P1_minus_P3	335	-0.00276349969254025
2101	P1_minus_P3	336	7.530006639505649e-05
2101	P1_minus_P3	337	-0.0064002613995584046
2101	P1_minus_P3	338	-0.002458332064517177
2101	P1_minus_P3	339	-0.005461312463990398
2101	P1_minus_P3	340	-0.002947264011006312
2101	P1_minus_P3	341	-0.0022734504040136105
2101	P1_minus_P3	342	-0.0016467306500003165
2101	P1_minus_P3	343	-0.0036392436540096385
2101	P1_minus_P3	344	-0.0045726898150970086
2101	P1_minus_P3	345	-0.0008244272476648495
2101	P1_minus_P3	346	-0.003159398689486892
2101	P1_minus_P3	347	-0.0030942361213747716
2101	P1_minus_P3	348	-0.005986538990217449
2101	P1_minus_P3	349	-0.0012526492231678676
2101	P1_minus_P3	350	-0.0033605474313435635
2101	P1_minus_P3	351	-0.001131847443240741
2101	P1_minus_P3	352	-0.002785384953481407
2101	P1_minus_P3	353	-0.004169875254524058
2101	P1_minus_P3	354	-0.004912219836163356
2101	P1_minus_P3	355	-0.002022349902238152
2101	P1_minus_P3	356	-0.003912093381776893
2101	P1_minus_P3	357	-0.002905663376654266
2101	P1_minus_P3	358	-0.001429675158043986
2101	P1_minus_P3	359	-0.001702876042182
2101	P1_minus_P3	360	-0.0021601351412633973
2101	P1_minus_P3	361	-0.005209011616642889
2101	P1_minus_P3	362	-0.0028857668156476723
2101	P1_minus_P3	363	-0.005440821671633178
2101	P1_minus_P3	364	-0.0042503766233208395
2101	P1_minus_P3	365	-0.0035341827191255892
2101	P1_minus_P3	366	-0.0022265321997856358
2101	P1_minus_P3	367	-0.0033061249623726474
2101	P1_minus_P3	368	-0.0030337365541801553
2101	P1_minus_P3	369	-0.004639935817349061
2101	P1_minus_P3	370	-0.003907449017904352
2101	P1_minus_P3	371	-0.0033716844859922324
2101	P1_minus_P3	372	-0.002878016433836894
2101	P1_minus_P3	373	-0.005637870133660294
2101	P1_minus_P3	374	-0.004341987124114488
2101	P1_minus_P3	375	-0.0017860157118379516
2101	P1_minus_P3	376	-0.003924105383552701
2101	P1_minus_P3	377	-0.002806684511669655
2101	P1_minus_P3	378	-0.0007305869875097182
2101	P1_minus_P3	379	-0.0029770992160749743
2101	P1_minus_P3	380	-0.0036873629108398753
2101	P1_minus_P3	381	-0.0032063035387168703
2101	P1_minus_P3	382	-0.005597001120367817
2101	P1_minus_P3	383	-0.004127814920810713
2101	P1_minus_P3	384	-0.0032414011538168808
2101	P1_minus_P3	385	-0.003985268383830398
2101	P1_minus_P3	386	-0.001314560373396667
2101	P1_minus_P3	387	-0.004781811595252428
2101	P1_minus_P3	388	-0.0022151023486882693
2101	P1_minus_P3	389	-0.002473386526627097
2101	P1_minus_P3	390	-0.0009622952294058296
2101	P1_minus_P3	391	-0.0038474191605670782
2101	P1_minus_P3	392	-0.004151392311093238
2101	P1_minus_P3	393	-0.00448878490387028
2101	P1_minus_P3	394	-0.0007838482583581441
2101	P1_minus_P3	395	-0.0025727204302607443
2101	P1_minus_P3	396	-0.003957035486479521
2101	P1_minus_P3	397	-0.0010517517929840015
2101	P1_minus_P3	398	-0.003829500001846897
2101	P1_minus_P3	399	-0.002313680331311019
2101	P1_minus_P3	400	-0.0021011678879553353
2101	P1_minus_P3	401	-0.004679619655491629
2101	P1_minus_P3	402	-0.007768833445843004
2101	P1_minus_P3	403	-0.001834781987573142
2101	P1_minus_P3	404	-0.0021210369635954462
2101	P1_minus_P3	405	-0.002557666329961572
2101	P1_minus_P3	406	-0.004647346462913982
2101	P1_minus_P3	407	-0.003667892478456114
2101	P1_minus_P3	408	-0.0016271787686709671
2101	P1_minus_P3	409	-0.003365632377592298
2101	P1_minus_P3	410	-0.003279389928912746
2101	P1_minus_P3	411	-0.0003200238908013242
2101	P1_minus_P3	412	-0.00025492478248456685
2101	P1_minus_P3	413	-0.003668469947469055
2101	P1_minus_P3	414	-0.0033807026463767986
2101	P1_minus_P3	415	-0.005338309672261565
2101	P1_minus_P3	416	-0.0054521127128117075
2101	P1_minus_P3	417	-0.0021057848671691137
2101	P1_minus_P3	418	-0.0050975577779175385
2101	P1_minus_P3	419	-0.0009585146749259144
2101	P1_minus_P3	420	-0.002407661868544131
2101	P1_minus_P3	421	-0.003994722346863933
2101	P1_minus_P3	422	-0.0015738343676584554
2101	P1_minus_P3	423	-0.003936589874866447
2101	P1_minus_P3	424	-0.004090014646536522
2101	P1_minus_P3	425	-0.004178120917416539
2101	P1_minus_P3	426	-0.004279552599344649
2101	P1_minus_P3	427	-0.0003951360095352796
2101	P1_minus_P3	428	-0.006629137023091758
2101	P1_minus_P3	429	-0.0009555858590797328
2101	P1_minus_P3	430	0.0003969443074576251
2101	P1_minus_P3	431	-0.004199156369877111
2101	P1_minus_P3	432	-0.0023116702724593208
2101	P1_minus_P3	433	-0.004288738451960927
2101	P1_minus_P3	434	-0.004773308477563187
2101	P1_minus_P3	435	-0.001861233462609635
2101	P1_minus_P3	436	-0.0016845216937928509
2101	P1_minus_P3	437	-0.0006266822074171841
2101	P1_minus_P3	438	-0.003264862903967658
2101	P1_minus_P3	439	-0.00400413002949862
2101	P1_minus_P3	440	-0.0027158974872900643
2101	P1_minus_P3	441	-0.0027061477477970386
2101	P1_minus_P3	442	-0.0028675692128939945
2101	P1_minus_P3	443	0.00021808085400715216
2101	P1_minus_P3	444	-0.004189884622536666
2101	P1_minus_P3	445	-0.0058679994961294835
2101	P1_minus_P3	446	-0.003943508349670832
2101	P1_minus_P3	447	-0.0032134196305446117
2101	P1_minus_P3	448	-0.004805889139709807
2101	P1_minus_P3	449	-0.0025418141055275068
2101	P1_minus_P3	450	-0.0040103215374236445
2101	P1_minus_P3	451	-0.005183437645343347
2101	P1_minus_P3	452	-0.0019779776702590346
2101	P1_minus_P3	453	-0.0022349707816102793
2101	P1_minus_P3	454	-0.003776046591270843
2101	P1_minus_P3	455	-0.0035222074156097127
2101	P1_minus_P3	456	-0.0014689703799091736
2101	P1_minus_P3	457	-0.0016398018656446633
2101	P1_minus_P3	458	-0.004669504442839534
2101	P1_minus_P3	459	-0.004419034963989987
2101	P1_minus_P3	460	-0.0034880812562665953
2101	P1_minus_P3	461	-0.0026839243932280654
2101	P1_minus_P3	462	-0.003428378735980009
2101	P1_minus_P3	463	-0.0015422379795475005
2101	P1_minus_P3	464	-0.0067847140395779215
2101	P1_minus_P3	465	-0.003406824413812015
2101	P1_minus_P3	466	-0.006352252323827079
2101	P1_minus_P3	467	-0.003668309492913635
2101	P1_minus_P3	468	-0.0011495569077676904
2101	P1_minus_P3	469	-0.001181663933510546
2101	P1_minus_P3	470	0.0006580458188197302
2101	P1_minus_P3	471	-0.0013966816298111029
2101	P1_minus_P3	472	-0.0022597814526197357
2101	P1_minus_P3	473	-0.001193557120957922
2101	P1_minus_P3	474	-0.005396949217636116
2101	P1_minus_P3	475	0.00045819901207067026
2101	P1_minus_P3	476	-0.005073389359552982
2101	P1_minus_P3	477	-0.005082706474699494
2101	P1_minus_P3	478	-0.00042759090385580123
2101	P1_minus_P3	479	-0.0046365466721352
2101	P1_minus_P3	480	-0.0035946987815031473
2101	P1_minus_P3	481	-0.0018122614282793381
2101	P1_minus_P3	482	-0.00032225231266641563
2101	P1_minus_P3	483	-0.001971255074814493
2101	P1_minus_P3	484	-0.0028611010490533495
2101	P1_minus_P3	485	-0.003881362148855483
2101	P1_minus_P3	486	-0.0018721911111689304
2101	P1_minus_P3	487	-0.0024404517734105124
2101	P1_minus_P3	488	-0.004959508669143853
2101	P1_minus_P3	489	-0.005616123366344372
2101	P1_minus_P3	490	-0.004241946451295608
2101	P1_minus_P3	491	-0.005655308169609963
2101	P1_minus_P3	492	-0.0007336639378736076
2101	P1_minus_P3	493	-0.002596223078872084
2101	P1_minus_P3	494	-0.001480978461636362
2101	P1_minus_P3	495	5.524444556409547e-05
2101	P1_minus_P3	496	-0.0030468689123407944
2101	P1_minus_P3	497	-0.002039638477320249
2101	P1_minus_P3	498	-0.006252170648425981
2101	P1_minus_P3	499	-0.003093378699771554
2101	P1_minus_P3	500	-0.0032135146323634123
2101	P1_minus_P3	501	-0.003826565957806949
2101	P1_minus_P3	502	-0.005010708643782169
2101	P1_minus_P3	503	-0.004359378042768536
2101	P1_minus_P3	504	-0.005472570948037825
2101	P1_minus_P3	505	-0.00256027253504032
2101	P1_minus_P3	506	-0.004540597736484908
2101	P1_minus_P3	507	-0.004085516798405409
2101	P1_minus_P3	508	-0.003287093375385519
2101	P1_minus_P3	509	-0.0043543837313936296
2101	P1_minus_P3	510	-0.0028624735328390827
2101	P1_minus_P3	511	-0.0027294862235708317
2101	P1_minus_P3	512	-0.0019511539796249755
2101	P1_minus_P3	513	-0.002857436393675694
2101	P1_minus_P3	514	-0.004354919454357675
2101	P1_minus_P3	515	-0.005147772573496523
2101	P1_minus_P3	516	-0.0033589286038038235
2101	P1_minus_P3	517	-0.001535740650874473
2101	P1_minus_P3	518	-0.0036739714670803725
2101	P1_minus_P3	519	-0.004002978269923685
2101	P1_minus_P3	520	-0.0019472795551188637
2101	P1_minus_P3	521	-0.0019126120666805857
2101	P1_minus_P3	522	-0.00028261394045436816
2101	P1_minus_P3	523	-0.005644321597050472
2101	P1_minus_P3	524	-0.001395509053020938
2101	P1_minus_P3	525	-0.0030077330611923414
2101	P1_minus_P3	526	-0.005725232600811814
2101	P1_minus_P3	527	-0.002329011817160498
2101	P1_minus_P3	528	-0.0036660444421809935
2101	P1_minus_P3	529	-0.004009493953982646
2101	P1_minus_P3	530	-0.004296446162991185
2101	P1_minus_P3	531	-0.0005411508628577755
2101	P1_minus_P3	532	-0.0024229618445651413
2101	P1_minus_P3	533	-0.005496261110057243
2101	P1_minus_P3	534	0.00026338952633331303
2101	P1_minus_P3	535	-0.002135103927383364
2101	P1_minus_P3	536	-0.0021854787594892122
2101	P1_minus_P3	537	-0.0006877397399966401
2101	P1_minus_P3	538	-0.0043570871063392524
2101	P1_minus_P3	539	-0.0015184121741200207
2101	P1_minus_P3	540	-0.0029689418086950026
2101	P1_minus_P3	541	-0.0027355946332523473
2101	P1_minus_P3	542	-0.0025618756164162426
2101	P1_minus_P3	543	-0.0037938408527161682
2101	P1_minus_P3	544	-0.004228081640999082
2101	P1_minus_P3	545	-0.004988111043686294
2101	P1_minus_P3	546	-0.0031220081223181095
2101	P1_minus_P3	547	-0.002167860060047322
2101	P1_minus_P3	548	-0.0036762457380814517
2101	P1_minus_P3	549	-0.004191753385213159
2101	P1_minus_P3	550	-0.00448746143202805
2101	P1_minus_P3	551	-0.0024220412645908906
2101	P1_minus_P3	552	-0.0034321550882205343
2101	P1_minus_P3	553	-0.0035105593205025376
2101	P1_minus_P3	554	-0.002244588945699566
2101	P1_minus_P3	555	-0.004967015390197449
2101	P1_minus_P3	556	-0.0010546581309796577
2101	P1_minus_P3	557	-0.0030143427684395374
2101	P1_minus_P3	558	-0.005619702436728435
2101	P1_minus_P3	559	-0.004529472123506628
2101	P1_minus_P3	560	-0.003239436418281172
2101	P1_minus_P3	561	-0.005825336601143649
2101	P1_minus_P3	562	-0.003740654298533208
2101	P1_minus_P3	563	-0.0028999748400153624
2101	P1_minus_P3	564	-0.002532430550746423
2101	P1_minus_P3	565	-0.0021434340883070835
2101	P1_minus_P3	566	-0.0011923708526746513
2101	P1_minus_P3	567	-0.0016453689217109102
2101	P1_minus_P3	568	-0.003824186836514254
2101	P1_minus_P3	569	-0.0028135931083606014
2101	P1_minus_P3	570	-0.002297313776682519
2101	P1_minus_P3	571	-0.003553753525915526
2101	P1_minus_P3	572	-0.0007388074333864458
2101	P1_minus_P3	573	-0.0026982968913573657
2101	P1_minus_P3	574	-0.0007433293136031027
2101	P1_minus_P3	575	-0.002172885621093801
2101	P1_minus_P3	576	-0.004131009252645923
2101	P1_minus_P3	577	-0.004024443793423593
2101	P1_minus_P3	578	-0.0033884305744394383
2101	P1_minus_P3	579	-0.003482521712591502
2101	P1_minus_P3	580	-0.004337517307997862
2101	P1_minus_P3	581	-0.0008503318514880287
2101	P1_minus_P3	582	-0.0019962327355228515
2101	P1_minus_P3	583	-0.0029639897477928834
2101	P1_minus_P3	584	-0.00108030384062352
2101	P1_minus_P3	585	-0.0016369230455989259
2101	P1_minus_P3	586	-0.003966867838863575
2101	P1_minus_P3	587	-0.004043811209468173
2101	P1_minus_P3	588	-0.0032935141728563933
2101	P1_minus_P3	589	-0.004572444597909453
2101	P1_minus_P3	590	-0.002038328979276416
2101	P1_minus_P3	591	-0.004014170029031705
2101	P1_minus_P3	592	-0.005124459974491347
2101	P1_minus_P3	593	-0.0020147155991885324
2101	P1_minus_P3	594	-0.0034413554153943093
2101	P1_minus_P3	595	-0.0033492549584501763
2101	P1_minus_P3	596	-0.003077738611408809
2101	P1_minus_P3	597	-0.0024756297597417487
2101	P1_minus_P3	598	-0.0027243083953353286
2101	P1_minus_P3	599	-0.0017618776354632049
2101	P1_minus_P3	600	-0.0022202582746963517
2101	P1_minus_P3	601	-0.0027422235951855
2101	P1_minus_P3	602	-0.004754861940329702
2101	P1_minus_P3	603	-0.0011357526196446033
2101	P1_minus_P3	604	-0.002207876086032623
2101	P1_minus_P3	605	-0.003360468806662631
2101	P1_minus_P3	606	-0.0038278647826064383
2101	P1_minus_P3	607	-0.0021607111265954937
2101	P1_minus_P3	608	-0.0031020921190738626
2101	P1_minus_P3	609	-0.004274333425768662
2101	P1_minus_P3	610	-0.004762907162586927
2101	P1_minus_P3	611	-0.0033743766470720193
2101	P1_minus_P3	612	-0.0037732985112492456
2101	P1_minus_P3	613	-0.0028805966813857387
2101	P1_minus_P3	614	-0.002874335037991671
2101	P1_minus_P3	615	-0.004789827105138422
2101	P1_minus_P3	616	-0.004324595291359534
2101	P1_minus_P3	617	-0.002989489421906688
2101	P1_minus_P3	618	-0.0029427413488993803
2101	P1_minus_P3	619	-0.0038801749077260195
2101	P1_minus_P3	620	-0.0032734424809515716
2101	P1_minus_P3	621	-0.0044239003519659925
2101	P1_minus_P3	622	-0.0039620123424227716
2101	P1_minus_P3	623	-0.005665282008196493
2101	P1_minus_P3	624	-0.0027206119529742945
2101	P1_minus_P3	625	-0.003854813133391033
2101	P1_minus_P3	626	-0.005764504416434613
2101	P1_minus_P3	627	-0.002178923831534396
2101	P1_minus_P3	628	-0.004170634692046149
2101	P1_minus_P3	629	-0.0027964604691209094
2101	P1_minus_P3	630	-0.0036260731023017856
2101	P1_minus_P3	631	-0.003442408033695221
2101	P1_minus_P3	632	-0.00570600035555191
2101	P1_minus_P3	633	-0.0051665364714525985
2101	P1_minus_P3	634	-0.004522000191944486
2101	P1_minus_P3	635	-0.0022177836785571836
2101	P1_minus_P3	636	-0.002606380263898145
2101	P1_minus_P3	637	-0.005604882267922273
2101	P1_minus_P3	638	-0.002801494915408431
2101	P1_minus_P3	639	-0.004144866113248713
2101	P1_minus_P3	640	-0.0028283858335698686
2101	P1_minus_P3	641	-0.0023097763399759774
2101	P1_minus_P3	642	-0.002771301240914792
2101	P1_minus_P3	643	-0.0029150574099228166
2101	P1_minus_P3	644	-0.0015986410885994173
2101	P1_minus_P3	645	-0.004173830086003361
2101	P1_minus_P3	646	-0.004927438703888842
2101	P1_minus_P3	647	-0.0034944414068239227
2101	P1_minus_P3	648	-0.002999560947073765
2101	P1_minus_P3	649	-0.003975856959679225
2101	P1_minus_P3	650	-0.0003348995931451437
2101	P1_minus_P3	651	-0.0017552043974088383
2101	P1_minus_P3	652	-0.00515356568943931
2101	P1_minus_P3	653	-0.0014335096379278767
2101	P1_minus_P3	654	-0.0040369405290930915
2101	P1_minus_P3	655	-0.004325725476062914
2101	P1_minus_P3	656	-0.005510709847556583
2101	P1_minus_P3	657	-0.0025846726646970297
2101	P1_minus_P3	658	-0.004051088973656636
2101	P1_minus_P3	659	-0.0014792159627654566
2101	P1_minus_P3	660	-0.004254376167727059
2101	P1_minus_P3	661	-0.0038154342868113034
2101	P1_minus_P3	662	-0.0009329813693063072
2101	P1_minus_P3	663	-0.00140476914145371
2101	P1_minus_P3	664	-0.0017507099863237063
2101	P1_minus_P3	665	-0.0037062470813642445
2101	P1_minus_P3	666	-0.0034587913406745607
2101	P1_minus_P3	667	-0.004648063521877077
2101	P1_minus_P3	668	-0.0027364377287743546
2101	P1_minus_P3	669	-0.002700515807662618
2101	P1_minus_P3	670	-0.0026134538200138224
2101	P1_minus_P3	671	-0.0028736104230284165
2101	P1_minus_P3	672	-0.002628719286401071
2101	P1_minus_P3	673	-0.003515999252595492
2101	P1_minus_P3	674	-0.004006423144441107
2101	P1_minus_P3	675	-0.004623660382507333
2101	P1_minus_P3	676	-0.001194301491763916
2101	P1_minus_P3	677	-0.003578541506964794
2101	P1_minus_P3	678	-0.0012134342395707653
2101	P1_minus_P3	679	0.0002902104449783449
2101	P1_minus_P3	680	-0.0016323474516798941
2101	P1_minus_P3	681	-0.0041874172962921286
2101	P1_minus_P3	682	-0.003215604059994548
2101	P1_minus_P3	683	-0.003701243781547625
2101	P1_minus_P3	684	-0.003927115145147209
2101	P1_minus_P3	685	-0.0013863471060495125
2101	P1_minus_P3	686	1.949692831204608e-05
2101	P1_minus_P3	687	-0.0019995362087788515
2101	P1_minus_P3	688	0.0001559878670527315
2101	P1_minus_P3	689	-0.0037072283273390516
2101	P1_minus_P3	690	-0.004395414347667936
2101	P1_minus_P3	691	-0.0011448566008600003
2101	P1_minus_P3	692	-0.0031162097065110528
2101	P1_minus_P3	693	-0.00335421890758969
2101	P1_minus_P3	694	-0.0037562597038645062
2101	P1_minus_P3	695	-0.004499963249984362
2101	P1_minus_P3	696	-0.004826327912624939
2101	P1_minus_P3	697	-0.002421305993844658
2101	P1_minus_P3	698	-0.00227861869252477
2101	P1_minus_P3	699	-0.004170937961549659
2101	P1_minus_P3	700	-0.003477512796942528
2101	P1_minus_P3	701	-0.0005128410502220349
2101	P1_minus_P3	702	-0.0030703822143083315
2101	P1_minus_P3	703	-0.004318106054021442
2101	P1_minus_P3	704	-0.004904793142137875
2101	P1_minus_P3	705	-0.0007065070171055066
2101	P1_minus_P3	706	-0.0030247450229911044
2101	P1_minus_P3	707	-0.003010902738177612
2101	P1_minus_P3	708	-0.0034854058265929577
2101	P1_minus_P3	709	-0.0021101551428608922
2101	P1_minus_P3	710	-0.0019234466277532891
2101	P1_minus_P3	711	-0.005909710076827168
2101	P1_minus_P3	712	-0.0013218619890569272
2101	P1_minus_P3	713	-0.0023833087908767814
2101	P1_minus_P3	714	-0.003756282888499274
2101	P1_minus_P3	715	-0.005780689778289605
2101	P1_minus_P3	716	-0.0034110826966369245
2101	P1_minus_P3	717	-0.00413949516545753
2101	P1_minus_P3	718	-0.0015024269609681395
2101	P1_minus_P3	719	-0.0036486873220000215
2101	P1_minus_P3	720	-0.0009591366587092809
2101	P1_minus_P3	721	-0.004858678163537855
2101	P1_minus_P3	722	-0.0027832417194189607
2101	P1_minus_P3	723	-0.003949455603596053
2101	P1_minus_P3	724	-0.0020810972417131257
2101	P1_minus_P3	725	-0.001425148095189066
2101	P1_minus_P3	726	-0.0017171084622468191
2101	P1_minus_P3	727	0.0002632263485103925
2101	P1_minus_P3	728	-0.0005124594137708716
2101	P1_minus_P3	729	-0.0052247815436445855
2101	P1_minus_P3	730	-0.005299510480892944
2101	P1_minus_P3	731	-0.0038164969729649334
2101	P1_minus_P3	732	-0.002363234471360942
2101	P1_minus_P3	733	-0.0020011675743070167
2101	P1_minus_P3	734	-0.003717199141553662
2101	P1_minus_P3	735	-0.0015278440259096637
2101	P1_minus_P3	736	-0.0038542781245028412
2101	P1_minus_P3	737	-0.0031612981398186912
2101	P1_minus_P3	738	-0.001862008435718654
2101	P1_minus_P3	739	-0.001767371738614909
2101	P1_minus_P3	740	-0.003039736375153368
2101	P1_minus_P3	741	-0.004480998529305169
2101	P1_minus_P3	742	-0.0034264956621850584
2101	P1_minus_P3	743	-0.0033029061890818556
2101	P1_minus_P3	744	-0.00276895426141055
2101	P1_minus_P3	745	-0.0021329541662701845
2101	P1_minus_P3	746	-0.0019767513394615688
2101	P1_minus_P3	747	-0.0044454039641453336
2101	P1_minus_P3	748	-0.0012035698469869405
2101	P1_minus_P3	749	-0.0011237183561441655
2101	P1_minus_P3	750	-0.002861462848300911
2101	P1_minus_P3	751	-0.005217677122121178
2101	P1_minus_P3	752	-0.003020896936426487
2101	P1_minus_P3	753	-0.0017848632359295236
2101	P1_minus_P3	754	-0.0013523834325300799
2101	P1_minus_P3	755	-9.035273083723983e-05
2101	P1_minus_P3	756	-0.002558597999400003
2101	P1_minus_P3	757	-0.004290282069218332
2101	P1_minus_P3	758	-0.0014406628292168433
2101	P1_minus_P3	759	-0.0078264249568758
2101	P1_minus_P3	760	-0.003097825548567079
2101	P1_minus_P3	761	-0.0035277590378331447
2101	P1_minus_P3	762	-0.0016146416146355924
2101	P1_minus_P3	763	-0.002124193829082466
2101	P1_minus_P3	764	-0.0010097907337506262
2101	P1_minus_P3	765	-0.0018452279195761978
2101	P1_minus_P3	766	-0.001756400342023956
2101	P1_minus_P3	767	-0.005391035672949074
2101	P1_minus_P3	768	-0.00199777472583218
2101	P1_minus_P3	769	0.00017372627222583814
2101	P1_minus_P3	770	-0.0029159456614119006
2101	P1_minus_P3	771	-0.0025288626486364985
2101	P1_minus_P3	772	-0.0021452122931212014
2101	P1_minus_P3	773	-0.002810626121205362
2101	P1_minus_P3	774	-0.001486924126030409
2101	P1_minus_P3	775	-0.0004989280797774165
2101	P1_minus_P3	776	-0.0032844990723592815
2101	P1_minus_P3	777	-0.004079672299132198
2101	P1_minus_P3	778	-0.0021928147667457654
2101	P1_minus_P3	779	-0.001240571224150333
2101	P1_minus_P3	780	-0.0021663805051131413
2101	P1_minus_P3	781	-0.002720434767245261
2101	P1_minus_P3	782	-0.00333858639110185
2101	P1_minus_P3	783	-0.005817606635287242
2101	P1_minus_P3	784	-0.003387681778147189
2101	P1_minus_P3	785	-0.0019079556782478635
2101	P1_minus_P3	786	-0.0009830378462149514
2101	P1_minus_P3	787	-0.0036010187701004392
2101	P1_minus_P3	788	-0.0046316578639110095
2101	P1_minus_P3	789	-0.0036778205054511237
2101	P1_minus_P3	790	0.00030385128433818576
2101	P1_minus_P3	791	-0.005219661998657088
2101	P1_minus_P3	792	-0.0032839268933332333
2101	P1_minus_P3	793	-0.003116905368831191
2101	P1_minus_P3	794	-0.0034691534504338595
2101	P1_minus_P3	795	-0.002399460929149333
2101	P1_minus_P3	796	-0.0028877782715389655
2101	P1_minus_P3	797	-0.0026847096788115143
2101	P1_minus_P3	798	-0.0034782397966739986
2101	P1_minus_P3	799	-0.001134318129174472
2101	P1_minus_P3	800	-0.005175878288142477
2101	P1_minus_P3	801	-0.003837539938974066
2101	P1_minus_P3	802	-0.0012946496773110772
2101	P1_minus_P3	803	-0.0008839332681784828
2101	P1_minus_P3	804	-0.0007022320707984475
2101	P1_minus_P3	805	-0.0022132951878595097
2101	P1_minus_P3	806	-0.003189713845993758
2101	P1_minus_P3	807	-0.005503539992300854
2101	P1_minus_P3	808	-0.0004214749368145476
2101	P1_minus_P3	809	-0.0013797418473686651
2101	P1_minus_P3	810	-0.0027854689347787676
2101	P1_minus_P3	811	-0.0005886914531830212
2101	P1_minus_P3	812	-0.001354718097571539
2101	P1_minus_P3	813	-0.004806369791863219
2101	P1_minus_P3	814	-0.0007727985102971568
2101	P1_minus_P3	815	-0.004465606237854525
2101	P1_minus_P3	816	-0.0010548180666404838
2101	P1_minus_P3	817	-0.0068439144025138066
2101	P1_minus_P3	818	-0.004632728653432394
2101	P1_minus_P3	819	-0.003231628910001949
2101	P1_minus_P3	820	-0.003953245245623349
2101	P1_minus_P3	821	-0.003168761363899597
2101	P1_minus_P3	822	-0.004053108993269994
2101	P1_minus_P3	823	-0.0077843024352606816
2101	P1_minus_P3	824	-0.0017760158042481322
2101	P1_minus_P3	825	-0.0006848747895686347
2101	P1_minus_P3	826	-0.004951984937946796
2101	P1_minus_P3	827	-0.0022342461501805855
2101	P1_minus_P3	828	-0.0032229622741669073
2101	P1_minus_P3	829	-0.0011553475712463013
2101	P1_minus_P3	830	-0.00123869806503768
2101	P1_minus_P3	831	-0.003477504316131974
2101	P1_minus_P3	832	-0.0051578719097918335
2101	P1_minus_P3	833	-0.0048031298562830615
2101	P1_minus_P3	834	-0.003113715480290713
2101	P1_minus_P3	835	-0.001978715718359836
2101	P1_minus_P3	836	-0.002748929990928406
2101	P1_minus_P3	837	-0.002731723653046081
2101	P1_minus_P3	838	-0.0033593471690749888
2101	P1_minus_P3	839	-0.002114554725078932
2101	P1_minus_P3	840	-0.006187434622316856
2101	P1_minus_P3	841	-0.0029304959312747014
2101	P1_minus_P3	842	-0.0030967073689259217
2101	P1_minus_P3	843	-0.00048296210378573345
2101	P1_minus_P3	844	-0.007060119549122612
2101	P1_minus_P3	845	-0.006103463829516154
2101	P1_minus_P3	846	-0.001958526104961944
2101	P1_minus_P3	847	-0.0038017325997184437
2101	P1_minus_P3	848	-0.0006822571084978968
2101	P1_minus_P3	849	-0.002727606412930128
2101	P1_minus_P3	850	-0.0027883416169235398
2101	P1_minus_P3	851	-0.004308870854307922
2101	P1_minus_P3	852	-0.004604574413359486
2101	P1_minus_P3	853	-0.004771309167591609
2101	P1_minus_P3	854	-0.0036596018628063387
2101	P1_minus_P3	855	-0.0037485628443472696
2101	P1_minus_P3	856	-0.0026114609617235995
2101	P1_minus_P3	857	-0.003894025086989661
2101	P1_minus_P3	858	-0.0030498442072153242
2101	P1_minus_P3	859	0.0013518526975957457
2101	P1_minus_P3	860	-0.0024564587085087464
2101	P1_minus_P3	861	-0.000877686956109236
2101	P1_minus_P3	862	-0.0043817389512718075
2101	P1_minus_P3	863	-0.0006860001086781975
2101	P1_minus_P3	864	-0.0034037603300974273
2101	P1_minus_P3	865	-0.002158759187819881
2101	P1_minus_P3	866	-0.0030291175401404025
2101	P1_minus_P3	867	-0.002044132986974978
2101	P1_minus_P3	868	-0.0043306157800713785
2101	P1_minus_P3	869	-0.003804052117007073
2101	P1_minus_P3	870	-0.002618860478624363
2101	P1_minus_P3	871	-0.007534261250865204
2101	P1_minus_P3	872	-0.005822719961805445
2101	P1_minus_P3	873	-0.00496097035077514
2101	P1_minus_P3	874	-0.0016983766655478405
2101	P1_minus_P3	875	-0.004478605238034894
2101	P1_minus_P3	876	-0.006074125773277705
2101	P1_minus_P3	877	-0.0023332751490028336
2101	P1_minus_P3	878	-0.0031665992732163306
2101	P1_minus_P3	879	-0.0010937463893652133
2101	P1_minus_P3	880	-0.00487001267146181
2101	P1_minus_P3	881	-0.004653962328446504
2101	P1_minus_P3	882	-0.0008852700627667298
2101	P1_minus_P3	883	-0.001478308326539779
2101	P1_minus_P3	884	-0.005242876942465335
2101	P1_minus_P3	885	-0.0004953307843497123
2101	P1_minus_P3	886	-0.0035062399541706535
2101	P1_minus_P3	887	-0.0033724787815712642
2101	P1_minus_P3	888	-0.00030006636317614355
2101	P1_minus_P3	889	-0.0031317828139363346
2101	P1_minus_P3	890	-0.0031257201685703784
2101	P1_minus_P3	891	-0.0016500776382120108
2101	P1_minus_P3	892	-0.0033499126876892493
2101	P1_minus_P3	893	-0.00401829904741996
2101	P1_minus_P3	894	-0.0034631529140851103
2101	P1_minus_P3	895	-0.001841957669122929
2101	P1_minus_P3	896	-0.0020599789881133868
2101	P1_minus_P3	897	-0.0027563597198473344
2101	P1_minus_P3	898	-0.0023407210714780913
2101	P1_minus_P3	899	-0.004931870020229323
2101	P1_minus_P3	900	-0.002553848203459552
2101	P1_minus_P3	901	-0.0006040783250302884
2101	P1_minus_P3	902	-0.0025493664576171082
2101	P1_minus_P3	903	-0.0008369816870115176
2101	P1_minus_P3	904	-0.005037819546972799
2101	P1_minus_P3	905	-0.004280864732804646
2101	P1_minus_P3	906	-0.0035691889069635607
2101	P1_minus_P3	907	-0.006152003672040496
2101	P1_minus_P3	908	-0.004114396656157648
2101	P1_minus_P3	909	-0.004018455844343571
2101	P1_minus_P3	910	-0.0010371713960863338
2101	P1_minus_P3	911	-0.003943797526851589
2101	P1_minus_P3	912	-0.0022122901923115057
2101	P1_minus_P3	913	-0.004809387035378476
2101	P1_minus_P3	914	-0.003304496430643178
2101	P1_minus_P3	915	-0.0036467600155070112
2101	P1_minus_P3	916	-0.0023773342921268314
2101	P1_minus_P3	917	-0.002456244263669638
2101	P1_minus_P3	918	-0.0008639958572458362
2101	P1_minus_P3	919	-0.0017827860864841893
2101	P1_minus_P3	920	-0.004383348431934331
2101	P1_minus_P3	921	-0.004298618537698862
2101	P1_minus_P3	922	-0.004385576803227376
2101	P1_minus_P3	923	-0.0037953058189040823
2101	P1_minus_P3	924	-0.0020152607280681245
2101	P1_minus_P3	925	-0.003640830926828764
2101	P1_minus_P3	926	0.0008386217423087539
2101	P1_minus_P3	927	-0.0006812777127157554
2101	P1_minus_P3	928	-0.0012781649244077986
2101	P1_minus_P3	929	-0.0037261484942440193
2101	P1_minus_P3	930	-0.00025512515819858805
2101	P1_minus_P3	931	-0.0018880887596288698
2101	P1_minus_P3	932	-0.0013258991517411944
2101	P1_minus_P3	933	-0.004166133816146611
2101	P1_minus_P3	934	-0.004039172576018379
2101	P1_minus_P3	935	-0.001035014939790413
2101	P1_minus_P3	936	-0.003722841026043755
2101	P1_minus_P3	937	-0.0032327713708259487
2101	P1_minus_P3	938	-0.002858539937018678
2101	P1_minus_P3	939	-0.0022137002060844124
2101	P1_minus_P3	940	-0.0038292601867723763
2101	P1_minus_P3	941	-0.0023674168602266232
2101	P1_minus_P3	942	-0.001907307164473182
2101	P1_minus_P3	943	-0.0014933371855802569
2101	P1_minus_P3	944	-0.0025419744748294004
2101	P1_minus_P3	945	-0.0012658272028749362
2101	P1_minus_P3	946	-0.00498427965404441
2101	P1_minus_P3	947	-0.0029906219265320444
2101	P1_minus_P3	948	-0.006195576963523797
2101	P1_minus_P3	949	-0.0016498356889365628
2101	P1_minus_P3	950	-0.0010843148597708407
2101	P1_minus_P3	951	-0.0022175786722565816
2101	P1_minus_P3	952	-0.002778881290609936
2101	P1_minus_P3	953	-0.002458454567019097
2101	P1_minus_P3	954	-0.003970397255195435
2101	P1_minus_P3	955	-0.00399168216755974
2101	P1_minus_P3	956	-0.0015026616528668324
2101	P1_minus_P3	957	-0.0026854311180259938
2101	P1_minus_P3	958	-0.003074543323912604
2101	P1_minus_P3	959	-0.0016319465094222219
2101	P1_minus_P3	960	-0.0029019860062332037
2101	P1_minus_P3	961	-0.0025260364404816604
2101	P1_minus_P3	962	-0.001948945701646554
2101	P1_minus_P3	963	-0.0005219574485751388
2101	P1_minus_P3	964	-0.0005769412229156834
2101	P1_minus_P3	965	-0.0013681397080952395
2101	P1_minus_P3	966	-0.004671755801742172
2101	P1_minus_P3	967	-0.0020988026671854842
2101	P1_minus_P3	968	-0.003474566207135932
2101	P1_minus_P3	969	-0.003218553730718554
2101	P1_minus_P3	970	-0.004310704492245465
2101	P1_minus_P3	971	-0.002265005163273215
2101	P1_minus_P3	972	-0.004382140751158559
2101	P1_minus_P3	973	-0.0025164156258054016
2101	P1_minus_P3	974	-0.0031559354043756427
2101	P1_minus_P3	975	-0.003282178766063626
2101	P1_minus_P3	976	-0.0062086662820183824
2101	P1_minus_P3	977	-0.0028619824239660696
2101	P1_minus_P3	978	-0.002012942756580094
2101	P1_minus_P3	979	-0.002714987660436319
2101	P1_minus_P3	980	-0.0018387124020486922
2101	P1_minus_P3	981	-0.00574122692358503
2101	P1_minus_P3	982	-0.0005697420642087336
2101	P1_minus_P3	983	-0.00365702004566687
2101	P1_minus_P3	984	-0.0032481457339820774
2101	P1_minus_P3	985	-0.005238986926171196
2101	P1_minus_P3	986	-0.0002975960377868403
2101	P1_minus_P3	987	-0.001829051933492587
2101	P1_minus_P3	988	-0.0031228114496334447
2101	P1_minus_P3	989	-0.006693862683635032
2101	P1_minus_P3	990	-0.0043867449127966696
2101	P1_minus_P3	991	-0.0033238771823085322
2101	P1_minus_P3	992	-0.0029671553511012028
2101	P1_minus_P3	993	-0.006337682037772185
2101	P1_minus_P3	994	-0.0030154941286559267
2101	P1_minus_P3	995	-0.002982982435599413
2101	P1_minus_P3	996	-0.0018673660300644324
2101	P1_minus_P3	997	-0.0019273434634045072
2101	P1_minus_P3	998	-0.0018119117247680783
2101	P1_minus_P3	999	-0.0026622700223255524
2101	P1_minus_P3	1000	-0.004644516756148742
2101	P1_minus_P3	1001	-0.004579313053579448
2101	P1_minus_P3	1002	-0.006179440561069116
2101	P1_minus_P3	1003	-0.0014338729933079941
2101	P1_minus_P3	1004	-0.0025905889607937826
2101	P1_minus_P3	1005	-0.0022308061716094785
2101	P1_minus_P3	1006	-0.003807303466772771
2101	P1_minus_P3	1007	-0.00166927619077889
2101	P1_minus_P3	1008	-0.0018133562922255653
2101	P1_minus_P3	1009	-0.003262682557259533
2101	P1_minus_P3	1010	-0.006199400786872478
2101	P1_minus_P3	1011	-0.0029794050233288294
2101	P1_minus_P3	1012	-0.007130611683614896
2101	P1_minus_P3	1013	-0.0009746168764893648
2101	P1_minus_P3	1014	-0.004685581568712016
2101	P1_minus_P3	1015	-0.0051850728735080565
2101	P1_minus_P3	1016	-0.003972186280537082
2101	P1_minus_P3	1017	-0.0003861816247588967
2101	P1_minus_P3	1018	-0.0031093680071563323
2101	P1_minus_P3	1019	0.002552921508989725
2101	P1_minus_P3	1020	-0.0018708031078423781
2101	P1_minus_P3	1021	-0.0021834636524559747
2101	P1_minus_P3	1022	-0.0005378061600966322
2101	P1_minus_P3	1023	-0.004615418503235547
2101	P1_minus_P3	1024	-0.005718427930288039
2101	P1_minus_P3	1025	-0.0021886366836578186
2101	P1_minus_P3	1026	-0.004872715636737024
2101	P1_minus_P3	1027	-0.004888992085215038
2101	P1_minus_P3	1028	-0.0024946240740632564
2101	P1_minus_P3	1029	-0.004167077708839784
2101	P1_minus_P3	1030	-0.003936529480693507
2101	P1_minus_P3	1031	-0.003781203892475604
2101	P1_minus_P3	1032	-0.0038288326333194567
2101	P1_minus_P3	1033	-0.0035377094551712895
2101	P1_minus_P3	1034	-0.002899784897790858
2101	P1_minus_P3	1035	-0.002526209944782476
2101	P1_minus_P3	1036	-0.0023913475613493995
2101	P1_minus_P3	1037	-0.003873261909191794
2101	P1_minus_P3	1038	-0.0006508012513295469
2101	P1_minus_P3	1039	-0.0018286084543556735
2101	P1_minus_P3	1040	-0.005297069456784431
2101	P1_minus_P3	1041	-0.003940328990644892
2101	P1_minus_P3	1042	-0.0009311243487707399
2101	P1_minus_P3	1043	-0.0016231755193454322
2101	P1_minus_P3	1044	-0.0033004000685881163
2101	P1_minus_P3	1045	-0.002560232122508943
2101	P1_minus_P3	1046	-0.0024750710906648044
2101	P1_minus_P3	1047	-0.0023883238412012453
2101	P1_minus_P3	1048	-0.00372092101103505
2101	P1_minus_P3	1049	-0.0037379036278857303
2101	P1_minus_P3	1050	-0.0007152568946610649
2101	P1_minus_P3	1051	-0.0015409589894445075
2101	P1_minus_P3	1052	-0.005647328028145382
2101	P1_minus_P3	1053	-0.0032474579538454007
2101	P1_minus_P3	1054	-0.0009211751742476126
2101	P1_minus_P3	1055	-0.004689433997921544
2101	P1_minus_P3	1056	-0.002137570603111205
2101	P1_minus_P3	1057	-0.0031548727795988607
2101	P1_minus_P3	1058	-0.0018592775302930242
2101	P1_minus_P3	1059	-0.003986011910736387
2101	P1_minus_P3	1060	-0.002790513051195931
2101	P1_minus_P3	1061	-0.0031109755001487716
2101	P1_minus_P3	1062	-0.003545041364193313
2101	P1_minus_P3	1063	-0.0058666156722756435
2101	P1_minus_P3	1064	-0.0036356170691654865
2101	P1_minus_P3	1065	-0.0026678766407457477
2101	P1_minus_P3	1066	-0.0061240608036022826
2101	P1_minus_P3	1067	-0.0006566903258790058
2101	P1_minus_P3	1068	-0.0056088348925531495
2101	P1_minus_P3	1069	0.00033523858214312696
2101	P1_minus_P3	1070	-0.0016026990234860872
2101	P1_minus_P3	1071	-0.0019070328293959715
2101	P1_minus_P3	1072	-0.0017777141217636405
2101	P1_minus_P3	1073	-0.0036449479546241115
2101	P1_minus_P3	1074	-0.0035001888622811506
2101	P1_minus_P3	1075	-0.0024611877564228446
2101	P1_minus_P3	1076	-0.004199949921871282
2101	P1_minus_P3	1077	-0.0028174002555395594
2101	P1_minus_P3	1078	-0.0049804549654663965
2101	P1_minus_P3	1079	-0.002902853266730787
2101	P1_minus_P3	1080	-0.0012928014796481646
2101	P1_minus_P3	1081	-0.0036883157774633135
2101	P1_minus_P3	1082	-0.0034134541532678253
2101	P1_minus_P3	1083	-0.004425735701934219
2101	P1_minus_P3	1084	-0.004843880985550775
2101	P1_minus_P3	1085	-0.004649200887178573
2101	P1_minus_P3	1086	-0.000267981411258833
2101	P1_minus_P3	1087	-0.00178266307944136
2101	P1_minus_P3	1088	-0.0058597987994433165
2101	P1_minus_P3	1089	-0.0029254124774707457
2101	P1_minus_P3	1090	-0.005811410564452835
2101	P1_minus_P3	1091	-0.004597813220621805
2101	P1_minus_P3	1092	-0.001004393451654706
2101	P1_minus_P3	1093	-0.003494809083325945
2101	P1_minus_P3	1094	-0.004927584301661236
2101	P1_minus_P3	1095	-0.00015508330000674198
2101	P1_minus_P3	1096	-0.005915374203895207
2101	P1_minus_P3	1097	-0.0036352512791778535
2101	P1_minus_P3	1098	-0.001625048059502865
2101	P1_minus_P3	1099	-0.0031852448612218476
2101	P1_minus_P3	1100	-0.004595820763906189
2101	P1_minus_P3	1101	-0.0027269145920364446
2101	P1_minus_P3	1102	-0.005060717807121806
2101	P1_minus_P3	1103	-0.004618446233566775
2101	P1_minus_P3	1104	-0.0017178201137944549
2101	P1_minus_P3	1105	-0.0053648363134516375
2101	P1_minus_P3	1106	-0.0042060789769183815
2101	P1_minus_P3	1107	-0.002699833183846978
2101	P1_minus_P3	1108	-0.0017090815358871692
2101	P1_minus_P3	1109	-0.0010893991378713719
2101	P1_minus_P3	1110	-0.0055393302600672545
2101	P1_minus_P3	1111	-0.0050632879971944655
2101	P1_minus_P3	1112	-0.004460728730869001
2101	P1_minus_P3	1113	-0.0033769021518328945
2101	P1_minus_P3	1114	-0.003063604804983411
2101	P1_minus_P3	1115	-0.00187108079992937
2101	P1_minus_P3	1116	-0.004149838730268085
2101	P1_minus_P3	1117	-0.005176781324670199
2101	P1_minus_P3	1118	-0.004328166404927669
2101	P1_minus_P3	1119	-0.0032653569175882247
2101	P1_minus_P3	1120	-0.005746242727329265
2101	P1_minus_P3	1121	-0.0013243410078838114
2101	P1_minus_P3	1122	-0.0038201776742269322
2101	P1_minus_P3	1123	-0.004013630317710626
2101	P1_minus_P3	1124	-0.003477130762598646
2101	P1_minus_P3	1125	-0.0010202383465721665
2101	P1_minus_P3	1126	-0.003346150181865404
2101	P1_minus_P3	1127	-0.004804425827351855
2101	P1_minus_P3	1128	-0.004035169777803049
2101	P1_minus_P3	1129	-0.004047511869532283
2101	P1_minus_P3	1130	-0.0050830017301728425
2101	P1_minus_P3	1131	-0.003370779079136188
2101	P1_minus_P3	1132	-0.0039768389329746245
2101	P1_minus_P3	1133	-0.0031998856310064827
2101	P1_minus_P3	1134	-0.00256321475168364
2101	P1_minus_P3	1135	-0.003797074155075242
2101	P1_minus_P3	1136	-0.004352376898315469
2101	P1_minus_P3	1137	-0.003969484277185076
2101	P1_minus_P3	1138	-0.0030508236037078973
2101	P1_minus_P3	1139	-0.0041059002267059275
2101	P1_minus_P3	1140	-0.004510934831524982
2101	P1_minus_P3	1141	-0.002743942722018944
2101	P1_minus_P3	1142	-0.003240246140723657
2101	P1_minus_P3	1143	0.0013293434259366577
2101	P1_minus_P3	1144	-0.006968728249628464
2101	P1_minus_P3	1145	-0.0033880148522384967
2101	P1_minus_P3	1146	-0.0034619482060593842
2101	P1_minus_P3	1147	-0.002762682420570095
2101	P1_minus_P3	1148	-0.0026472533581776148
2101	P1_minus_P3	1149	-0.003676492654055563
2101	P1_minus_P3	1150	-0.002546178890784123
2101	P1_minus_P3	1151	-0.0038831247589597995
2101	P1_minus_P3	1152	-0.005051426072514298
2101	P1_minus_P3	1153	-0.005830404728232486
2101	P1_minus_P3	1154	-0.004684552156918931
2101	P1_minus_P3	1155	-0.00036313051452341316
2101	P1_minus_P3	1156	-0.0042716626465914564
2101	P1_minus_P3	1157	-0.004255604953547654
2101	P1_minus_P3	1158	-0.0020566115941643703
2101	P1_minus_P3	1159	-0.004175983621531765
2101	P1_minus_P3	1160	-0.0023676432704055617
2101	P1_minus_P3	1161	-0.002295973088697334
2101	P1_minus_P3	1162	-0.005322348421355594
2101	P1_minus_P3	1163	0.0005126169510251133
2101	P1_minus_P3	1164	-0.0027872339340331287
2101	P1_minus_P3	1165	-0.0024697919064273766
2101	P1_minus_P3	1166	-0.004660515168462553
2101	P1_minus_P3	1167	-0.004727792925726004
2101	P1_minus_P3	1168	-0.0027973385221392033
2101	P1_minus_P3	1169	-0.0016513110621284577
2101	P1_minus_P3	1170	-0.0032030743377215454
2101	P1_minus_P3	1171	-0.003894466908697103
2101	P1_minus_P3	1172	-0.003995859978249583
2101	P1_minus_P3	1173	-0.005458719175997551
2101	P1_minus_P3	1174	-0.0030994878012115534
2101	P1_minus_P3	1175	-0.004366869671260765
2101	P1_minus_P3	1176	-0.0007763266266062607
2101	P1_minus_P3	1177	-0.0015886546162131032
2101	P1_minus_P3	1178	-0.002384696017393717
2101	P1_minus_P3	1179	-0.0025816577351875647
2101	P1_minus_P3	1180	-0.004963735709695771
2101	P1_minus_P3	1181	-0.002194381105334653
2101	P1_minus_P3	1182	-0.002224327843392382
2101	P1_minus_P3	1183	-0.004690047875200054
2101	P1_minus_P3	1184	-0.0026934257216461033
2101	P1_minus_P3	1185	-0.002018307751827597
2101	P1_minus_P3	1186	-0.0033588263441749477
2101	P1_minus_P3	1187	-0.0042216158939324955
2101	P1_minus_P3	1188	-0.006037718179642604
2101	P1_minus_P3	1189	-0.003356507462241476
2101	P1_minus_P3	1190	-0.0032386589565891466
2101	P1_minus_P3	1191	-0.0040891285864890214
2101	P1_minus_P3	1192	-0.006658592205540215
2101	P1_minus_P3	1193	-0.0028747314785240174
2101	P1_minus_P3	1194	-0.0034217612947261
2101	P1_minus_P3	1195	-0.002269749172006452
2101	P1_minus_P3	1196	-0.002238162534813626
2101	P1_minus_P3	1197	-0.004386193715502806
2101	P1_minus_P3	1198	-0.00384165573928541
2101	P1_minus_P3	1199	-0.00477366317813388
2101	P1_minus_P3	1200	-0.0028587868099242963
2101	P1_minus_P3	1201	-0.0003510202980770427
2101	P1_minus_P3	1202	-0.004712720878978616
2101	P1_minus_P3	1203	-0.003520027542403825
2101	P1_minus_P3	1204	-0.004637760393252477
2101	P1_minus_P3	1205	-0.0009933916584961566
2101	P1_minus_P3	1206	-0.003957764030917299
2101	P1_minus_P3	1207	-0.004107842963562591
2101	P1_minus_P3	1208	-0.003623411560687184
2101	P1_minus_P3	1209	-0.003984923406630814
2101	P1_minus_P3	1210	0.0004543951452866679
2101	P1_minus_P3	1211	4.928819826216513e-05
2101	P1_minus_P3	1212	-0.005196557316511696
2101	P1_minus_P3	1213	-0.0040572050308557706
2101	P1_minus_P3	1214	-0.0015297720379301438
2101	P1_minus_P3	1215	-0.003756406626289177
2101	P1_minus_P3	1216	-0.0028172597061320026
2101	P1_minus_P3	1217	-0.0015132961323391925
2101	P1_minus_P3	1218	-0.0021372785429535357
2101	P1_minus_P3	1219	-0.004322592813254478
2101	P1_minus_P3	1220	-0.004176254518436284
2101	P1_minus_P3	1221	-0.004294286866837471
2101	P1_minus_P3	1222	-0.004231718939385731
2101	P1_minus_P3	1223	-0.0016788019285000066
2101	P1_minus_P3	1224	-0.003952600192536737
2101	P1_minus_P3	1225	-0.003264452023692188
2101	P1_minus_P3	1226	-0.002184342731505695
2101	P1_minus_P3	1227	-0.002998706640208848
2101	P1_minus_P3	1228	-0.0021552394033201305
2101	P1_minus_P3	1229	-0.002875615097984119
2101	P1_minus_P3	1230	-0.004640941697957646
2101	P1_minus_P3	1231	-0.0032701813283966263
2101	P1_minus_P3	1232	-0.005732188546691663
2101	P1_minus_P3	1233	-0.002834306054486979
2101	P1_minus_P3	1234	-0.001373969655497187
2101	P1_minus_P3	1235	-0.0016630160491255541
2101	P1_minus_P3	1236	-0.0008889784517894794
2101	P1_minus_P3	1237	-0.003230418898441223
2101	P1_minus_P3	1238	-0.005299431618293993
2101	P1_minus_P3	1239	-0.0033532045923366782
2101	P1_minus_P3	1240	-0.0037171078791483625
2101	P1_minus_P3	1241	-0.004814660312365215
2101	P1_minus_P3	1242	-0.006026942993995643
2101	P1_minus_P3	1243	-0.003713002983804059
2101	P1_minus_P3	1244	-0.0025504490328155383
2101	P1_minus_P3	1245	-0.0035315244440121685
2101	P1_minus_P3	1246	-0.003299438076518779
2101	P1_minus_P3	1247	-0.0032355130098524754
2101	P1_minus_P3	1248	-0.0041302208758132175
2101	P1_minus_P3	1249	-0.0018612031911134919
2101	P1_minus_P3	1250	-0.003808065548284112
2101	P1_minus_P3	1251	-0.004843533213623574
2101	P1_minus_P3	1252	-0.0035516275533710173
2101	P1_minus_P3	1253	-0.002094457832308827
2101	P1_minus_P3	1254	-0.002975226171425649
2101	P1_minus_P3	1255	-0.0022066933344236372
2101	P1_minus_P3	1256	-0.0016942589627680915
2101	P1_minus_P3	1257	-0.004636793791755522
2101	P1_minus_P3	1258	-0.0020795597184515846
2101	P1_minus_P3	1259	-0.0036469908847816535
2101	P1_minus_P3	1260	0.0004896693233390481
2101	P1_minus_P3	1261	-0.0036702953447899644
2101	P1_minus_P3	1262	-0.0007709641296390624
2101	P1_minus_P3	1263	-0.003395115900885981
2101	P1_minus_P3	1264	-0.0013915770654959192
2101	P1_minus_P3	1265	-0.003183368795984687
2101	P1_minus_P3	1266	-0.0011166450950135243
2101	P1_minus_P3	1267	-0.004002846271166982
2101	P1_minus_P3	1268	-0.0016920151182148735
2101	P1_minus_P3	1269	-0.0006991340801016932
2101	P1_minus_P3	1270	-0.0008015196902113608
2101	P1_minus_P3	1271	-0.005069357162796828
2101	P1_minus_P3	1272	-0.0038235969719562224
2101	P1_minus_P3	1273	-0.0030751151787899444
2101	P1_minus_P3	1274	-0.0015354872777156858
2101	P1_minus_P3	1275	-0.0016527959005429027
2101	P1_minus_P3	1276	-0.005193215579375188
2101	P1_minus_P3	1277	-0.0035850528232304057
2101	P1_minus_P3	1278	-0.0012308606135427724
2101	P1_minus_P3	1279	-0.001132989241809934
2101	P1_minus_P3	1280	-0.00392265039038886
2101	P1_minus_P3	1281	-0.002676893788804424
2101	P1_minus_P3	1282	-0.0034533042125465263
2101	P1_minus_P3	1283	-0.002437387852462558
2101	P1_minus_P3	1284	-0.005909213307133454
2101	P1_minus_P3	1285	-0.0045101558868946845
2101	P1_minus_P3	1286	-0.004418591940887673
2101	P1_minus_P3	1287	-0.0026456859621062367
2101	P1_minus_P3	1288	1.7445211082212086e-05
2101	P1_minus_P3	1289	-0.0062517901381710095
2101	P1_minus_P3	1290	-0.0013602336161694928
2101	P1_minus_P3	1291	-0.001071191394803661
2101	P1_minus_P3	1292	-0.00437339542076115
2101	P1_minus_P3	1293	-0.004387633271806857
2101	P1_minus_P3	1294	-0.000618548516425621
2101	P1_minus_P3	1295	-0.0056851024881084955
2101	P1_minus_P3	1296	-0.00036731033146941705
2101	P1_minus_P3	1297	-0.0030634842149139807
2101	P1_minus_P3	1298	-0.003680331215915711
2101	P1_minus_P3	1299	-0.003829148074712796
2101	P1_minus_P3	1300	-0.00204427331142365
2101	P1_minus_P3	1301	-0.003815858635874192
2101	P1_minus_P3	1302	-0.0032126770919964076
2101	P1_minus_P3	1303	-0.00321520207871695
2101	P1_minus_P3	1304	-0.000313845943613944
2101	P1_minus_P3	1305	-0.0025282542083670534
2101	P1_minus_P3	1306	-0.0025615289673417974
2101	P1_minus_P3	1307	-0.0008440234262942492
2101	P1_minus_P3	1308	-0.003755994084838399
2101	P1_minus_P3	1309	-0.0010570112780942664
2101	P1_minus_P3	1310	2.3201423223762063e-06
2101	P1_minus_P3	1311	-0.0044433411298590575
2101	P1_minus_P3	1312	-0.0037102705827032345
2101	P1_minus_P3	1313	-0.0004568971136506006
2101	P1_minus_P3	1314	-0.0033793096612929063
2101	P1_minus_P3	1315	-0.005671921238919908
2101	P1_minus_P3	1316	-0.000379418836165879
2101	P1_minus_P3	1317	-0.002697952461264752
2101	P1_minus_P3	1318	-0.0034964408781849587
2101	P1_minus_P3	1319	-0.0019690652197549285
2101	P1_minus_P3	1320	-0.0035414935350937538
2101	P1_minus_P3	1321	-0.0032297404044887568
2101	P1_minus_P3	1322	-0.002665653700925641
2101	P1_minus_P3	1323	-0.0031242013485683895
2101	P1_minus_P3	1324	-0.0028292650976443623
2101	P1_minus_P3	1325	-0.007542099022279425
2101	P1_minus_P3	1326	-0.002190453130125336
2101	P1_minus_P3	1327	-0.0021739593305650784
2101	P1_minus_P3	1328	0.00031448980271447935
2101	P1_minus_P3	1329	-0.001393029396850376
2101	P1_minus_P3	1330	-0.003770466179410903
2101	P1_minus_P3	1331	-0.005001470456042545
2101	P1_minus_P3	1332	-0.002873710532874052
2101	P1_minus_P3	1333	-0.0037741522181524156
2101	P1_minus_P3	1334	-0.003533611066223963
2101	P1_minus_P3	1335	-0.005074736320585194
2101	P1_minus_P3	1336	-0.0006166290681898223
2101	P1_minus_P3	1337	-0.0044888306161970926
2101	P1_minus_P3	1338	-0.004028700085809911
2101	P1_minus_P3	1339	-0.004277900499979337
2101	P1_minus_P3	1340	-0.004392756479035476
2101	P1_minus_P3	1341	-0.0027350524510711405
2101	P1_minus_P3	1342	-0.005243931927709999
2101	P1_minus_P3	1343	-0.0048411708664398145
2101	P1_minus_P3	1344	-0.001145612058138512
2101	P1_minus_P3	1345	-0.001410146485203323
2101	P1_minus_P3	1346	-0.003030764939236097
2101	P1_minus_P3	1347	-0.003142933779903656
2101	P1_minus_P3	1348	-0.0009154315401744273
2101	P1_minus_P3	1349	-0.001022595613945687
2101	P1_minus_P3	1350	0.00111650406981334
2101	P1_minus_P3	1351	1.971402174211212e-05
2101	P1_minus_P3	1352	-0.000835461562137263
2101	P1_minus_P3	1353	-0.001568764855224336
2101	P1_minus_P3	1354	-0.002225810928756289
2101	P1_minus_P3	1355	-0.004220150102870801
2101	P1_minus_P3	1356	-0.0041918997460926866
2101	P1_minus_P3	1357	-0.004447628169421403
2101	P1_minus_P3	1358	-0.005836269224896717
2101	P1_minus_P3	1359	-0.0046531068460188285
2101	P1_minus_P3	1360	-0.004993442942759108
2101	P1_minus_P3	1361	-0.0040119408832040016
2101	P1_minus_P3	1362	-0.0031667390124057726
2101	P1_minus_P3	1363	-0.0037551345894157873
2101	P1_minus_P3	1364	-0.0019014665868394287
2101	P1_minus_P3	1365	-0.002355126925267015
2101	P1_minus_P3	1366	-0.004083385196984146
2101	P1_minus_P3	1367	-0.0014295465025848109
2101	P1_minus_P3	1368	-0.00535862454672692
2101	P1_minus_P3	1369	-0.006662259993463204
2101	P1_minus_P3	1370	-0.002209067518428587
2101	P1_minus_P3	1371	-0.0028873678698652094
2101	P1_minus_P3	1372	-0.0033106549865816737
2101	P1_minus_P3	1373	-0.0019368561865149014
2101	P1_minus_P3	1374	-0.003951526796445504
2101	P1_minus_P3	1375	-0.004547331277552136
2101	P1_minus_P3	1376	-0.0037319816035674136
2101	P1_minus_P3	1377	-0.003647245125065368
2101	P1_minus_P3	1378	-0.0030522984317510327
2101	P1_minus_P3	1379	-0.002812497926493851
2101	P1_minus_P3	1380	-0.003929778419256735
2101	P1_minus_P3	1381	-0.002937989687360476
2101	P1_minus_P3	1382	-0.002606241902339046
2101	P1_minus_P3	1383	0.00027632131810340077
2101	P1_minus_P3	1384	-0.005025373220806706
2101	P1_minus_P3	1385	-0.003826032637758936
2101	P1_minus_P3	1386	-0.0030218601510791365
2101	P1_minus_P3	1387	-0.0036665779714473157
2101	P1_minus_P3	1388	-0.0024579220517988443
2101	P1_minus_P3	1389	-0.0030719230171644685
2101	P1_minus_P3	1390	-0.0020552850925761312
2101	P1_minus_P3	1391	-0.0031241986050377646
2101	P1_minus_P3	1392	-0.004841303284461307
2101	P1_minus_P3	1393	-0.004141607918378365
2101	P1_minus_P3	1394	-0.002661988731468945
2101	P1_minus_P3	1395	-0.0037718865835095206
2101	P1_minus_P3	1396	-0.0050524582632089365
2101	P1_minus_P3	1397	-0.0025188495484936846
2101	P1_minus_P3	1398	-0.0038945890154313823
2101	P1_minus_P3	1399	-0.0021907512078135905
2101	P1_minus_P3	1400	-0.005144594121212931
2101	P1_minus_P3	1401	-0.0020271139180682574
2101	P1_minus_P3	1402	-0.0031122474017785118
2101	P1_minus_P3	1403	-0.0010685553966605088
2101	P1_minus_P3	1404	-0.0006788331613355458
2101	P1_minus_P3	1405	-0.0024561935488425224
2101	P1_minus_P3	1406	-0.0005381572228235765
2101	P1_minus_P3	1407	-0.003870803410207513
2101	P1_minus_P3	1408	-0.003299706513942957
2101	P1_minus_P3	1409	-0.0015974326283023088
2101	P1_minus_P3	1410	-0.002347285964068968
2101	P1_minus_P3	1411	-0.004533815015681952
2101	P1_minus_P3	1412	-0.0018703127315082835
2101	P1_minus_P3	1413	-0.0010936171953808138
2101	P1_minus_P3	1414	-0.004132390821165122
2101	P1_minus_P3	1415	-0.0038870745951675723
2101	P1_minus_P3	1416	-0.003418397613951296
2101	P1_minus_P3	1417	-0.0051601717922372115
2101	P1_minus_P3	1418	-0.002655395041868458
2101	P1_minus_P3	1419	-0.0035859913309849722
2101	P1_minus_P3	1420	-0.006658477975692634
2101	P1_minus_P3	1421	-0.0015195083476153837
2101	P1_minus_P3	1422	-0.00626860290943021
2101	P1_minus_P3	1423	-0.002471262746430114
2101	P1_minus_P3	1424	-0.0018912587157322025
2101	P1_minus_P3	1425	-0.004572378144559963
2101	P1_minus_P3	1426	-0.002336723071454272
2101	P1_minus_P3	1427	-0.001377359927051569
2101	P1_minus_P3	1428	-0.002014200392590537
2101	P1_minus_P3	1429	-0.0032498045102061224
2101	P1_minus_P3	1430	-0.002895613474030223
2101	P1_minus_P3	1431	-0.0024917554593474334
2101	P1_minus_P3	1432	-0.0038280423124632534
2101	P1_minus_P3	1433	-0.001907633633120076
2101	P1_minus_P3	1434	-0.0064069122969901415
2101	P1_minus_P3	1435	-0.00291529175762012
2101	P1_minus_P3	1436	-0.005006855798079579
2101	P1_minus_P3	1437	-0.0051474033367845395
2101	P1_minus_P3	1438	-0.0020462117184574247
2101	P1_minus_P3	1439	-0.0014571663686221425
2101	P1_minus_P3	1440	-0.0029317557722580156
2101	P1_minus_P3	1441	-0.0009872445705590427
2101	P1_minus_P3	1442	-0.0019391329864965057
2101	P1_minus_P3	1443	-0.004001049131742873
2101	P1_minus_P3	1444	-0.0029123387184512017
2101	P1_minus_P3	1445	-0.0028741657792460407
2101	P1_minus_P3	1446	-0.0016431097883293777
2101	P1_minus_P3	1447	-0.005303074411037945
2101	P1_minus_P3	1448	-0.007752901998574369
2101	P1_minus_P3	1449	-0.0009387975661953041
2101	P1_minus_P3	1450	-0.0034272265155567694
2101	P1_minus_P3	1451	-0.002006322876093758
2101	P1_minus_P3	1452	-0.0015467845162392413
2101	P1_minus_P3	1453	-0.0034751983388603414
2101	P1_minus_P3	1454	-0.0030685701545346555
2101	P1_minus_P3	1455	-0.004452733985382762
2101	P1_minus_P3	1456	-0.0033402207912183735
2101	P1_minus_P3	1457	-0.004709974658956728
2101	P1_minus_P3	1458	-0.0019102070141141514
2101	P1_minus_P3	1459	-0.004917179571311381
2101	P1_minus_P3	1460	-0.004532063782844542
2101	P1_minus_P3	1461	-0.003959786249733255
2101	P1_minus_P3	1462	-0.004702558013762348
2101	P1_minus_P3	1463	-0.0013522073607843965
2101	P1_minus_P3	1464	-0.002325718410815414
2101	P1_minus_P3	1465	-0.005112840304916655
2101	P1_minus_P3	1466	-0.00275570656052726
2101	P1_minus_P3	1467	-0.0033592676408620847
2101	P1_minus_P3	1468	-0.0021204953671035143
2101	P1_minus_P3	1469	-0.0031589364821780763
2101	P1_minus_P3	1470	-0.003727398916444802
2101	P1_minus_P3	1471	-0.0006847440677111294
2101	P1_minus_P3	1472	-0.003917506865969256
2101	P1_minus_P3	1473	-0.0023622086975605416
2101	P1_minus_P3	1474	-0.004011430645455227
2101	P1_minus_P3	1475	-0.002535913393319378
2101	P1_minus_P3	1476	-0.0029027456499436943
2101	P1_minus_P3	1477	-0.00022461701717124694
2101	P1_minus_P3	1478	-0.0032188732555178956
2101	P1_minus_P3	1479	-0.0029162794683193494
2101	P1_minus_P3	1480	-0.003889540581495432
2101	P1_minus_P3	1481	-0.0019080352950305302
2101	P1_minus_P3	1482	-0.004804250130919729
2101	P1_minus_P3	1483	-0.0015013341656890944
2101	P1_minus_P3	1484	-0.005596284496876047
2101	P1_minus_P3	1485	-0.003307697597732917
2101	P1_minus_P3	1486	-0.0038198644498301793
2101	P1_minus_P3	1487	-0.004101197834433468
2101	P1_minus_P3	1488	-0.0008665360763282504
2101	P1_minus_P3	1489	-0.0026127196581836043
2101	P1_minus_P3	1490	-0.003016619884129268
2101	P1_minus_P3	1491	-0.002776381233954295
2101	P1_minus_P3	1492	-0.0022920270727394
2101	P1_minus_P3	1493	-0.003529869517235329
2101	P1_minus_P3	1494	-3.187620562056237e-05
2101	P1_minus_P3	1495	-0.004597747660728901
2101	P1_minus_P3	1496	-0.005911026994861457
2101	P1_minus_P3	1497	-0.0030620662451671388
2101	P1_minus_P3	1498	-0.004070183329404037
2101	P1_minus_P3	1499	-0.0022005080063229876
2101	P1_minus_P3	1500	-0.0024918937510574057
2101	P1_minus_P3	1501	-0.004338651580894914
2101	P1_minus_P3	1502	-0.00288563181777729
2101	P1_minus_P3	1503	-0.005042786865782689
2101	P1_minus_P3	1504	-0.002078090515998221
2101	P1_minus_P3	1505	-0.0011111604493079241
2101	P1_minus_P3	1506	-0.0012763527108374806
2101	P1_minus_P3	1507	-0.004419274951430352
2101	P1_minus_P3	1508	-0.0023814868817406687
2101	P1_minus_P3	1509	-0.004533375131756667
2101	P1_minus_P3	1510	-0.002880050214821517
2101	P1_minus_P3	1511	-0.005185267331118404
2101	P1_minus_P3	1512	-0.0032845255742441903
2101	P1_minus_P3	1513	-0.00490857113210641
2101	P1_minus_P3	1514	-0.0027864817043262713
2101	P1_minus_P3	1515	-0.004961220463881477
2101	P1_minus_P3	1516	-0.0040934261790490645
2101	P1_minus_P3	1517	-0.0017541153248797348
2101	P1_minus_P3	1518	-0.003174019208434742
2101	P1_minus_P3	1519	-0.0035833409683990736
2101	P1_minus_P3	1520	-0.0031050149098413304
2101	P1_minus_P3	1521	-0.0010335454221854778
2101	P1_minus_P3	1522	-0.0033121473582025107
2101	P1_minus_P3	1523	-0.0026290196547230082
2101	P1_minus_P3	1524	-0.002330369345567962
2101	P1_minus_P3	1525	-0.00533231161194081
2101	P1_minus_P3	1526	-0.003045314549897038
2101	P1_minus_P3	1527	-0.007398717118751508
2101	P1_minus_P3	1528	-0.0057231501559683595
2101	P1_minus_P3	1529	-0.0026518262095137635
2101	P1_minus_P3	1530	-0.0028305128925017464
2101	P1_minus_P3	1531	-0.002322820715155216
2101	P1_minus_P3	1532	-0.0038155443349869866
2101	P1_minus_P3	1533	-0.0033764458790362384
2101	P1_minus_P3	1534	-0.003253598619774367
2101	P1_minus_P3	1535	-0.0020230309676072533
2101	P1_minus_P3	1536	-0.002288148956368974
2101	P1_minus_P3	1537	-0.0035987196593491033
2101	P1_minus_P3	1538	-0.0034729979396021515
2101	P1_minus_P3	1539	-0.0017405138126120878
2101	P1_minus_P3	1540	-0.004080459028492911
2101	P1_minus_P3	1541	-0.0006929575238593944
2101	P1_minus_P3	1542	-0.00291196118075715
2101	P1_minus_P3	1543	-0.0046305851227313455
2101	P1_minus_P3	1544	-0.004219651648502187
2101	P1_minus_P3	1545	-0.002036340429585337
2101	P1_minus_P3	1546	-0.002642616015124666
2101	P1_minus_P3	1547	-0.0035167467448697365
2101	P1_minus_P3	1548	-0.003210916550941245
2101	P1_minus_P3	1549	-0.004105880518966432
2101	P1_minus_P3	1550	-0.000961522135111692
2101	P1_minus_P3	1551	-0.004504046214048152
2101	P1_minus_P3	1552	-0.0029546776334136715
2101	P1_minus_P3	1553	-0.0022852111820018117
2101	P1_minus_P3	1554	-0.0001654438001650882
2101	P1_minus_P3	1555	-0.0021056445112181965
2101	P1_minus_P3	1556	-0.0018647571488005221
2101	P1_minus_P3	1557	-0.003841706539570555
2101	P1_minus_P3	1558	-0.0030595955624470594
2101	P1_minus_P3	1559	-0.0024913103347380394
2101	P1_minus_P3	1560	-0.004424898672321875
2101	P1_minus_P3	1561	-0.004747061056035173
2101	P1_minus_P3	1562	-0.000509521442366212
2101	P1_minus_P3	1563	0.0010777374827853903
2101	P1_minus_P3	1564	-0.002324490882398944
2101	P1_minus_P3	1565	-0.005106414563869621
2101	P1_minus_P3	1566	-0.004222332965457154
2101	P1_minus_P3	1567	-0.0008106672412853677
2101	P1_minus_P3	1568	-0.0023734239413221725
2101	P1_minus_P3	1569	-0.0005325799398296915
2101	P1_minus_P3	1570	-0.003821274477043779
2101	P1_minus_P3	1571	-0.0034835537616610956
2101	P1_minus_P3	1572	-0.00304925602917977
2101	P1_minus_P3	1573	-0.00482672847059934
2101	P1_minus_P3	1574	-0.006045535735741292
2101	P1_minus_P3	1575	-0.002425430283482355
2101	P1_minus_P3	1576	-0.0031574601254644175
2101	P1_minus_P3	1577	-0.0034124467636364453
2101	P1_minus_P3	1578	-0.00644569251413879
2101	P1_minus_P3	1579	-0.00206666452710913
2101	P1_minus_P3	1580	-0.0016763801227600017
2101	P1_minus_P3	1581	-0.0036068460708948424
2101	P1_minus_P3	1582	-0.002274887374454526
2101	P1_minus_P3	1583	-0.0026594191520952215
2101	P1_minus_P3	1584	-0.0037182398261373373
2101	P1_minus_P3	1585	-0.0034128390032716616
2101	P1_minus_P3	1586	-0.005246068175295271
2101	P1_minus_P3	1587	-0.002746489152741116
2101	P1_minus_P3	1588	-0.0031077502330717766
2101	P1_minus_P3	1589	-0.0026472988279964693
2101	P1_minus_P3	1590	-0.0017936243879183023
2101	P1_minus_P3	1591	-0.0018631598311553699
2101	P1_minus_P3	1592	-0.002775961938589422
2101	P1_minus_P3	1593	-0.0036604269522292343
2101	P1_minus_P3	1594	-0.0018493351040181905
2101	P1_minus_P3	1595	-0.0036514214428576275
2101	P1_minus_P3	1596	-0.0028940904805494494
2101	P1_minus_P3	1597	-0.0020879283614964605
2101	P1_minus_P3	1598	-0.0035902178670452756
2101	P1_minus_P3	1599	-0.00369993221568099
2101	P1_minus_P3	1600	-0.005879325027540405
2101	P1_minus_P3	1601	-0.0033347081747372442
2101	P1_minus_P3	1602	-0.0051403693687349095
2101	P1_minus_P3	1603	-0.004768077472783461
2101	P1_minus_P3	1604	0.00012261173855554475
2101	P1_minus_P3	1605	-0.005224097747021983
2101	P1_minus_P3	1606	-0.003304367690994514
2101	P1_minus_P3	1607	-0.00374977297496093
2101	P1_minus_P3	1608	-0.0009570076136351524
2101	P1_minus_P3	1609	-0.004600089340721425
2101	P1_minus_P3	1610	-0.0039055845415839063
2101	P1_minus_P3	1611	-0.0016389373893055947
2101	P1_minus_P3	1612	-0.003992721028760082
2101	P1_minus_P3	1613	-0.0038421010520642285
2101	P1_minus_P3	1614	-0.002286350268237758
2101	P1_minus_P3	1615	-0.0009521591085258074
2101	P1_minus_P3	1616	-0.004184114983637688
2101	P1_minus_P3	1617	-0.0029344045344300573
2101	P1_minus_P3	1618	-0.004082183423099461
2101	P1_minus_P3	1619	-0.002262535393458831
2101	P1_minus_P3	1620	-0.0014430896947900118
2101	P1_minus_P3	1621	-0.0028569709492755058
2101	P1_minus_P3	1622	-0.004702396024931277
2101	P1_minus_P3	1623	-0.003447311494773009
2101	P1_minus_P3	1624	-0.0032784043961192055
2101	P1_minus_P3	1625	-0.0013793500543229364
2101	P1_minus_P3	1626	-0.0029207410249028065
2101	P1_minus_P3	1627	-0.0008786596548397974
2101	P1_minus_P3	1628	-0.004620635112869698
2101	P1_minus_P3	1629	-0.0029698180914574657
2101	P1_minus_P3	1630	-0.0022383943423480712
2101	P1_minus_P3	1631	-0.006260582781507595
2101	P1_minus_P3	1632	-0.0031750440236596456
2101	P1_minus_P3	1633	-0.00232012678429272
2101	P1_minus_P3	1634	-0.0006598994351340037
2101	P1_minus_P3	1635	-0.001974065491405108
2101	P1_minus_P3	1636	-0.0059985785613766995
2101	P1_minus_P3	1637	-0.0022574680226957744
2101	P1_minus_P3	1638	-0.002384052301696582
2101	P1_minus_P3	1639	-0.0029476433116650824
2101	P1_minus_P3	1640	-0.002995960259969066
2101	P1_minus_P3	1641	-0.004119608565257171
2101	P1_minus_P3	1642	-0.0033337095841034503
2101	P1_minus_P3	1643	-0.0037606897348080315
2101	P1_minus_P3	1644	-0.0023855767428161423
2101	P1_minus_P3	1645	-0.00442560650874585
2101	P1_minus_P3	1646	-0.00404791263082771
2101	P1_minus_P3	1647	-0.0014790393770871546
2101	P1_minus_P3	1648	-0.0027849620022666333
2101	P1_minus_P3	1649	-0.005143923623590285
2101	P1_minus_P3	1650	-0.0038842827508394073
2101	P1_minus_P3	1651	-0.0053655121601767775
2101	P1_minus_P3	1652	-0.002851169452603719
2101	P1_minus_P3	1653	-0.006401032538944029
2101	P1_minus_P3	1654	-0.003546126313830056
2101	P1_minus_P3	1655	-0.004494016818129443
2101	P1_minus_P3	1656	-0.003417429400446703
2101	P1_minus_P3	1657	-0.003653677119863974
2101	P1_minus_P3	1658	-0.0022725745837459677
2101	P1_minus_P3	1659	-0.0046705321367789265
2101	P1_minus_P3	1660	-0.002157459127219874
2101	P1_minus_P3	1661	-0.005400116296621793
2101	P1_minus_P3	1662	-0.0009956340969271005
2101	P1_minus_P3	1663	-6.226856898255972e-05
2101	P1_minus_P3	1664	-0.0028396209409747852
2101	P1_minus_P3	1665	-0.002447916199530664
2101	P1_minus_P3	1666	-0.0038872447764681795
2101	P1_minus_P3	1667	-0.0031699537176695936
2101	P1_minus_P3	1668	-0.003234734968128483
2101	P1_minus_P3	1669	-0.002323830666006499
2101	P1_minus_P3	1670	-0.0031717215681230093
2101	P1_minus_P3	1671	-0.004210682520087494
2101	P1_minus_P3	1672	-0.0038948083114448973
2101	P1_minus_P3	1673	0.00010187389537663627
2101	P1_minus_P3	1674	-0.004248071433164469
2101	P1_minus_P3	1675	0.0006923375268261256
2101	P1_minus_P3	1676	-0.0018750407395676794
2101	P1_minus_P3	1677	-0.003396071549106039
2101	P1_minus_P3	1678	-0.0026304138741393146
2101	P1_minus_P3	1679	-0.003905753472714879
2101	P1_minus_P3	1680	-0.005363586973155421
2101	P1_minus_P3	1681	-0.0039538207065951125
2101	P1_minus_P3	1682	-0.0021901620671532784
2101	P1_minus_P3	1683	-0.0018178165938046442
2101	P1_minus_P3	1684	-0.0030543195821527425
2101	P1_minus_P3	1685	-0.0032371343073612224
2101	P1_minus_P3	1686	-0.0016800750283408328
2101	P1_minus_P3	1687	-0.004910529399285601
2101	P1_minus_P3	1688	-0.002498197289037274
2101	P1_minus_P3	1689	-0.0038236341512911665
2101	P1_minus_P3	1690	-0.004156751633025313
2101	P1_minus_P3	1691	-0.002087808067630814
2101	P1_minus_P3	1692	-0.005330445719801458
2101	P1_minus_P3	1693	-0.002935352594535534
2101	P1_minus_P3	1694	-0.002632524137351544
2101	P1_minus_P3	1695	-0.002091378024086321
2101	P1_minus_P3	1696	-0.0005224555093162886
2101	P1_minus_P3	1697	-0.003647154528402141
2101	P1_minus_P3	1698	-0.00414505586977032
2101	P1_minus_P3	1699	-0.004726638019260654
2101	P1_minus_P3	1700	-0.0011363259820283411
2101	P1_minus_P3	1701	-0.0037981830122272298
2101	P1_minus_P3	1702	-0.00214246085425579
2101	P1_minus_P3	1703	-0.000775099904344434
2101	P1_minus_P3	1704	-0.004356285216960409
2101	P1_minus_P3	1705	-0.004816761559269855
2101	P1_minus_P3	1706	-0.001898849161891869
2101	P1_minus_P3	1707	-0.0034658136254533956
2101	P1_minus_P3	1708	-0.0031820258794058587
2101	P1_minus_P3	1709	-0.004536631032649507
2101	P1_minus_P3	1710	-0.004156371258460578
2101	P1_minus_P3	1711	-0.003411032479755327
2101	P1_minus_P3	1712	-0.003771371060716011
2101	P1_minus_P3	1713	-0.004178393071032183
2101	P1_minus_P3	1714	-0.0017199772361362609
2101	P1_minus_P3	1715	-0.0045786940654049535
2101	P1_minus_P3	1716	-0.0014530278041842148
2101	P1_minus_P3	1717	-0.0006190668209894445
2101	P1_minus_P3	1718	-0.003958115897618741
2101	P1_minus_P3	1719	-0.001346490650506127
2101	P1_minus_P3	1720	-0.0022670114228118265
2101	P1_minus_P3	1721	-3.517456301627142e-05
2101	P1_minus_P3	1722	-0.0018928106108279663
2101	P1_minus_P3	1723	-0.002596855823118638
2101	P1_minus_P3	1724	-0.00243761162071221
2101	P1_minus_P3	1725	-0.003913869438088524
2101	P1_minus_P3	1726	-0.004022798629520041
2101	P1_minus_P3	1727	-0.0026568047529643146
2101	P1_minus_P3	1728	-0.003964585462013004
2101	P1_minus_P3	1729	-0.0026087591514249997
2101	P1_minus_P3	1730	-0.0023728595058583046
2101	P1_minus_P3	1731	-0.002353560206434291
2101	P1_minus_P3	1732	-0.004200138701325462
2101	P1_minus_P3	1733	-0.002737929864195854
2101	P1_minus_P3	1734	-0.0017920955072366351
2101	P1_minus_P3	1735	-1.1318074803479128e-06
2101	P1_minus_P3	1736	-0.0008627715097222488
2101	P1_minus_P3	1737	-0.0018035521344432204
2101	P1_minus_P3	1738	-0.005306461379308736
2101	P1_minus_P3	1739	-0.0019094617181090179
2101	P1_minus_P3	1740	-0.00304933358491688
2101	P1_minus_P3	1741	-0.002020216353626647
2101	P1_minus_P3	1742	-0.0026364746849183995
2101	P1_minus_P3	1743	-0.002937652403904867
2101	P1_minus_P3	1744	-0.004320974061815752
2101	P1_minus_P3	1745	-0.00392911900494175
2101	P1_minus_P3	1746	-0.0020986790175638315
2101	P1_minus_P3	1747	-0.003688071859824893
2101	P1_minus_P3	1748	-0.0029844513155133923
2101	P1_minus_P3	1749	-0.005197122430729451
2101	P1_minus_P3	1750	-0.0064605115748992414
2101	P1_minus_P3	1751	-0.003220804633466523
2101	P1_minus_P3	1752	-0.0024895027417797255
2101	P1_minus_P3	1753	-0.000492120731492296
2101	P1_minus_P3	1754	-0.0025292687906249833
2101	P1_minus_P3	1755	-0.003198123865817415
2101	P1_minus_P3	1756	-0.0013559892803071683
2101	P1_minus_P3	1757	-0.004726458169653114
2101	P1_minus_P3	1758	-0.002137048712293921
2101	P1_minus_P3	1759	0.00010236537358876419
2101	P1_minus_P3	1760	-0.001969515848120218
2101	P1_minus_P3	1761	-0.0037783588294716397
2101	P1_minus_P3	1762	-0.005605577914501114
2101	P1_minus_P3	1763	-0.0014846810725477333
2101	P1_minus_P3	1764	-0.005588003633382188
2101	P1_minus_P3	1765	-0.0004864453025829052
2101	P1_minus_P3	1766	-0.003589548118397512
2101	P1_minus_P3	1767	-0.003392949685894986
2101	P1_minus_P3	1768	-0.0029825065257716443
2101	P1_minus_P3	1769	-0.004104988127543452
2101	P1_minus_P3	1770	-0.0033120593339025506
2101	P1_minus_P3	1771	-0.003856961158766381
2101	P1_minus_P3	1772	-0.002128963704276954
2101	P1_minus_P3	1773	-0.002664668773958989
2101	P1_minus_P3	1774	-0.0020601787496793977
2101	P1_minus_P3	1775	-0.002258746535417022
2101	P1_minus_P3	1776	-0.0021286526788512616
2101	P1_minus_P3	1777	-0.005079104709092563
2101	P1_minus_P3	1778	-0.00250044692031115
2101	P1_minus_P3	1779	-0.0022193625214174117
2101	P1_minus_P3	1780	-0.0019565715029489783
2101	P1_minus_P3	1781	-0.00034452319272465504
2101	P1_minus_P3	1782	-0.0030484042779188036
2101	P1_minus_P3	1783	-0.0036322191108758006
2101	P1_minus_P3	1784	-0.005081405461550226
2101	P1_minus_P3	1785	0.0006968155964963696
2101	P1_minus_P3	1786	-0.004152012895943191
2101	P1_minus_P3	1787	-0.0037939198123604356
2101	P1_minus_P3	1788	-0.005430495170790306
2101	P1_minus_P3	1789	-0.0072320511717713365
2101	P1_minus_P3	1790	-0.004294250581667658
2101	P1_minus_P3	1791	-0.0049529251500397
2101	P1_minus_P3	1792	-0.0011402278208195726
2101	P1_minus_P3	1793	-0.00452137765221633
2101	P1_minus_P3	1794	-0.003238030359953792
2101	P1_minus_P3	1795	-0.0019359685136937088
2101	P1_minus_P3	1796	-0.0023348436859674804
2101	P1_minus_P3	1797	-0.005028368986660314
2101	P1_minus_P3	1798	-0.00259586171151871
2101	P1_minus_P3	1799	-0.00463839309106906
2101	P1_minus_P3	1800	-0.002261274643072131
2101	P1_minus_P3	1801	-2.8869115412166746e-05
2101	P1_minus_P3	1802	-0.0016193297338211177
2101	P1_minus_P3	1803	-0.0020018546501922585
2101	P1_minus_P3	1804	-0.005538040688260637
2101	P1_minus_P3	1805	-0.0021432733193887943
2101	P1_minus_P3	1806	-0.007113273183232793
2101	P1_minus_P3	1807	-0.0018773133124540542
2101	P1_minus_P3	1808	-0.0004901272664412648
2101	P1_minus_P3	1809	-0.0011395376179879069
2101	P1_minus_P3	1810	-0.002854082211587672
2101	P1_minus_P3	1811	-0.00022590189273707928
2101	P1_minus_P3	1812	-0.0044634383329166805
2101	P1_minus_P3	1813	-0.005386710145910856
2101	P1_minus_P3	1814	-0.004850789991574178
2101	P1_minus_P3	1815	-0.0010810894810526772
2101	P1_minus_P3	1816	-0.0034237883699900773
2101	P1_minus_P3	1817	-0.006513083334685921
2101	P1_minus_P3	1818	-0.004928116796603543
2101	P1_minus_P3	1819	-0.002755611024780641
2101	P1_minus_P3	1820	-0.000888505025239239
2101	P1_minus_P3	1821	-0.005942187726144521
2101	P1_minus_P3	1822	-0.002113738766212292
2101	P1_minus_P3	1823	-0.004323938028007623
2101	P1_minus_P3	1824	-0.0042418341453216435
2101	P1_minus_P3	1825	-0.00350743901024142
2101	P1_minus_P3	1826	-0.004913881089741168
2101	P1_minus_P3	1827	-0.005818537959839443
2101	P1_minus_P3	1828	-0.0040368443297998935
2101	P1_minus_P3	1829	-0.0047948674560425175
2101	P1_minus_P3	1830	-0.0010207066397698306
2101	P1_minus_P3	1831	-0.0013060305926754223
2101	P1_minus_P3	1832	-0.0018893982296128708
2101	P1_minus_P3	1833	-0.004276234623544373
2101	P1_minus_P3	1834	-0.0023117662934154515
2101	P1_minus_P3	1835	-0.0034260377784630647
2101	P1_minus_P3	1836	-0.0035170296252818867
2101	P1_minus_P3	1837	-0.0019307895335453074
2101	P1_minus_P3	1838	-0.0030161222089336026
2101	P1_minus_P3	1839	-0.0023876997447232484
2101	P1_minus_P3	1840	-0.0016320786818526667
2101	P1_minus_P3	1841	-0.003120766792240992
2101	P1_minus_P3	1842	-0.0027789270731845006
2101	P1_minus_P3	1843	-0.003715522856127529
2101	P1_minus_P3	1844	-0.0066958799547081616
2101	P1_minus_P3	1845	-0.002322385700682439
2101	P1_minus_P3	1846	-0.002835630507891096
2101	P1_minus_P3	1847	-0.0011537705970390277
2101	P1_minus_P3	1848	-0.004747168167789584
2101	P1_minus_P3	1849	-0.0004842768316543067
2101	P1_minus_P3	1850	-0.0016254080353278466
2101	P1_minus_P3	1851	-0.0014825367489237906
2101	P1_minus_P3	1852	-0.0009580977668177115
2101	P1_minus_P3	1853	-0.002278289598422245
2101	P1_minus_P3	1854	-0.0019290256417162643
2101	P1_minus_P3	1855	-0.002542732893775823
2101	P1_minus_P3	1856	-0.0055163863639447475
2101	P1_minus_P3	1857	-0.0010422561603082303
2101	P1_minus_P3	1858	-0.0034318773980405726
2101	P1_minus_P3	1859	-0.0043725429395437
2101	P1_minus_P3	1860	-0.0031479384773577257
2101	P1_minus_P3	1861	-0.006406186287468141
2101	P1_minus_P3	1862	-0.003543933079671324
2101	P1_minus_P3	1863	-0.004579381214255884
2101	P1_minus_P3	1864	-0.006132199269371474
2101	P1_minus_P3	1865	-0.0028710858739476874
2101	P1_minus_P3	1866	-0.0022545243502635204
2101	P1_minus_P3	1867	-0.005597029191882652
2101	P1_minus_P3	1868	-0.0023431305693428772
2101	P1_minus_P3	1869	-0.0057591511987555855
2101	P1_minus_P3	1870	-0.0028159385446999696
2101	P1_minus_P3	1871	-0.003039324735721438
2101	P1_minus_P3	1872	-0.003803272341230901
2101	P1_minus_P3	1873	-0.003324572483163868
2101	P1_minus_P3	1874	-0.002205289452472614
2101	P1_minus_P3	1875	-0.0036893639904068687
2101	P1_minus_P3	1876	-0.0032906264742364466
2101	P1_minus_P3	1877	-0.0038763653640498386
2101	P1_minus_P3	1878	-0.0025532843279784667
2101	P1_minus_P3	1879	-0.0017896677774690284
2101	P1_minus_P3	1880	-0.0031762492118133645
2101	P1_minus_P3	1881	-0.0037233854102495245
2101	P1_minus_P3	1882	-0.005815716516243796
2101	P1_minus_P3	1883	-0.003978917031569773
2101	P1_minus_P3	1884	-0.003909168335439306
2101	P1_minus_P3	1885	-0.002470348731734351
2101	P1_minus_P3	1886	-0.0034352190699921126
2101	P1_minus_P3	1887	-0.0041967089216426445
2101	P1_minus_P3	1888	0.0003729574987457185
2101	P1_minus_P3	1889	-0.004372648276452451
2101	P1_minus_P3	1890	-0.0028412772556840604
2101	P1_minus_P3	1891	-0.004055023998126461
2101	P1_minus_P3	1892	-0.0018155703732111728
2101	P1_minus_P3	1893	-0.002240954078769619
2101	P1_minus_P3	1894	-0.006296899824536462
2101	P1_minus_P3	1895	-0.0021228209654823305
2101	P1_minus_P3	1896	-0.0032092059225069525
2101	P1_minus_P3	1897	-0.003492247663346826
2101	P1_minus_P3	1898	-0.002413662159157781
2101	P1_minus_P3	1899	-0.0045436521674254715
2101	P1_minus_P3	1900	-0.0026705021337274926
2101	P1_minus_P3	1901	-0.0024504592964204597
2101	P1_minus_P3	1902	-0.0033240826630751563
2101	P1_minus_P3	1903	-0.003386004838389689
2101	P1_minus_P3	1904	-0.0015609352802201104
2101	P1_minus_P3	1905	-0.003455841670886861
2101	P1_minus_P3	1906	-0.0020524603346750436
2101	P1_minus_P3	1907	-0.003879927737503397
2101	P1_minus_P3	1908	-0.003536056026986173
2101	P1_minus_P3	1909	-0.0013235507578233663
2101	P1_minus_P3	1910	-0.0008476246195692205
2101	P1_minus_P3	1911	-0.002949674451501183
2101	P1_minus_P3	1912	-0.003594360737833202
2101	P1_minus_P3	1913	-0.0010518339885540184
2101	P1_minus_P3	1914	-0.000935783627062925
2101	P1_minus_P3	1915	-0.001950459512074676
2101	P1_minus_P3	1916	-0.00268520166816244
2101	P1_minus_P3	1917	-0.0020182700294703593
2101	P1_minus_P3	1918	-0.0028713819289082343
2101	P1_minus_P3	1919	-0.0019055245109794727
2101	P1_minus_P3	1920	-0.00398133193278849
2101	P1_minus_P3	1921	-0.002175233657013831
2101	P1_minus_P3	1922	-0.0038684987547128458
2101	P1_minus_P3	1923	-0.0028173983537088665
2101	P1_minus_P3	1924	-0.0038535677858126394
2101	P1_minus_P3	1925	-0.0032426245397425557
2101	P1_minus_P3	1926	-0.004296075960165957
2101	P1_minus_P3	1927	-0.003008121449500023
2101	P1_minus_P3	1928	-0.00216261451293831
2101	P1_minus_P3	1929	-0.00300622738055506
2101	P1_minus_P3	1930	-0.0020819607338462554
2101	P1_minus_P3	1931	-0.005296115149919345
2101	P1_minus_P3	1932	-0.0027358363786897377
2101	P1_minus_P3	1933	-0.0034781432826948566
2101	P1_minus_P3	1934	-0.0022541740450683356
2101	P1_minus_P3	1935	-0.001977416594208914
2101	P1_minus_P3	1936	-0.0023143008838635293
2101	P1_minus_P3	1937	-0.0041242137403562085
2101	P1_minus_P3	1938	-0.0028762484391195997
2101	P1_minus_P3	1939	-0.004601298736220616
2101	P1_minus_P3	1940	-0.0015136122319849843
2101	P1_minus_P3	1941	-0.0012670697552408239
2101	P1_minus_P3	1942	-0.0019333650981990802
2101	P1_minus_P3	1943	-0.0031669919496088994
2101	P1_minus_P3	1944	-0.0009272327756002507
2101	P1_minus_P3	1945	-0.0003177230553055854
2101	P1_minus_P3	1946	-0.002506634853310097
2101	P1_minus_P3	1947	-0.0022004663091285126
2101	P1_minus_P3	1948	-0.004052286252164139
2101	P1_minus_P3	1949	-0.0021435521759869403
2101	P1_minus_P3	1950	-0.004079435420749455
2101	P1_minus_P3	1951	-0.0031525456513343264
2101	P1_minus_P3	1952	-0.0021333524171207596
2101	P1_minus_P3	1953	0.00037748429169087716
2101	P1_minus_P3	1954	-0.0013590772401942397
2101	P1_minus_P3	1955	-0.00574654374850414
2101	P1_minus_P3	1956	-0.00521817370517097
2101	P1_minus_P3	1957	-0.006302993191274364
2101	P1_minus_P3	1958	-0.0018019540170087778
2101	P1_minus_P3	1959	-0.00408179882508275
2101	P1_minus_P3	1960	-0.0036134185132032925
2101	P1_minus_P3	1961	-0.00015650769052782953
2101	P1_minus_P3	1962	-0.00428216402067344
2101	P1_minus_P3	1963	-0.0023073704650051763
2101	P1_minus_P3	1964	-0.00639811010133029
2101	P1_minus_P3	1965	-0.0010610934380803627
2101	P1_minus_P3	1966	-0.004899115357094919
2101	P1_minus_P3	1967	-0.0037004273348079653
2101	P1_minus_P3	1968	-0.0008890329018458321
2101	P1_minus_P3	1969	-0.0030738116667066717
2101	P1_minus_P3	1970	-0.003142241567253734
2101	P1_minus_P3	1971	-0.001718100324772709
2101	P1_minus_P3	1972	-0.001815973160940565
2101	P1_minus_P3	1973	-0.002018842482653882
2101	P1_minus_P3	1974	-0.0013715419307274712
2101	P1_minus_P3	1975	-0.006860540104857982
2101	P1_minus_P3	1976	-0.0056294490164368605
2101	P1_minus_P3	1977	-0.004589904688330482
2101	P1_minus_P3	1978	-0.003768730949468002
2101	P1_minus_P3	1979	-0.003676218456957925
2101	P1_minus_P3	1980	-0.0028827672677213534
2101	P1_minus_P3	1981	-0.0039019711720904016
2101	P1_minus_P3	1982	-0.0022418679812508113
2101	P1_minus_P3	1983	-0.0010282847921480043
2101	P1_minus_P3	1984	-0.005261469751341341
2101	P1_minus_P3	1985	-0.004413253973348019
2101	P1_minus_P3	1986	-0.00599952501037071
2101	P1_minus_P3	1987	-0.0010970355214044436
2101	P1_minus_P3	1988	-0.001280978807824018
2101	P1_minus_P3	1989	-0.006740816488141954
2101	P1_minus_P3	1990	-0.0016770816139459188
2101	P1_minus_P3	1991	-0.003542942555424533
2101	P1_minus_P3	1992	-0.000924620275732646
2101	P1_minus_P3	1993	-0.0020200376435450806
2101	P1_minus_P3	1994	-0.0006975916517095171
2101	P1_minus_P3	1995	-0.002635165577030807
2101	P1_minus_P3	1996	-0.003987466174194598
2101	P1_minus_P3	1997	-0.004246010324210403
2101	P1_minus_P3	1998	-0.0025122307646803232
2101	P1_minus_P3	1999	-0.003329406128148582
2102	P1_minus_P0	0	0.0032645179794261736
2102	P1_minus_P0	1	0.004685120082135841
2102	P1_minus_P0	2	0.0047605222444006
2102	P1_minus_P0	3	0.0034693116793711454
2102	P1_minus_P0	4	0.003975539512975579
2102	P1_minus_P0	5	0.0024506256269438698
2102	P1_minus_P0	6	0.002957504263591537
2102	P1_minus_P0	7	0.003582445170689341
2102	P1_minus_P0	8	0.002437974345095739
2102	P1_minus_P0	9	0.0028757177742804174
2102	P1_minus_P0	10	0.0038250669038800145
2102	P1_minus_P0	11	0.004359091261092157
2102	P1_minus_P0	12	0.003755278212505375
2102	P1_minus_P0	13	0.004722816024194998
2102	P1_minus_P0	14	0.004478580642653995
2102	P1_minus_P0	15	0.002430733748000069
2102	P1_minus_P0	16	0.004174091943222102
2102	P1_minus_P0	17	0.0042915157147900285
2102	P1_minus_P0	18	0.0039111008690734805
2102	P1_minus_P0	19	0.0037724629301083556
2102	P1_minus_P0	20	0.00380351266982637
2102	P1_minus_P0	21	0.0041042598012434595
2102	P1_minus_P0	22	0.004029198826096536
2102	P1_minus_P0	23	0.0004806155106271137
2102	P1_minus_P0	24	0.0032440971677308306
2102	P1_minus_P0	25	0.003243414139349754
2102	P1_minus_P0	26	0.00402724855069464
2102	P1_minus_P0	27	0.002606252234412687
2102	P1_minus_P0	28	0.002956826296478421
2102	P1_minus_P0	29	0.004114686299376946
2102	P1_minus_P0	30	0.003888175016234785
2102	P1_minus_P0	31	0.00476571870162934
2102	P1_minus_P0	32	0.001990702919999643
2102	P1_minus_P0	33	0.0029017273789754827
2102	P1_minus_P0	34	0.0038041431023354
2102	P1_minus_P0	35	0.00274683413646426
2102	P1_minus_P0	36	0.0034335444908084045
2102	P1_minus_P0	37	0.0028750950073890835
2102	P1_minus_P0	38	0.0040855788722619635
2102	P1_minus_P0	39	0.0036518944504710937
2102	P1_minus_P0	40	0.004097856644533604
2102	P1_minus_P0	41	0.0034030854028889723
2102	P1_minus_P0	42	0.002346600140596511
2102	P1_minus_P0	43	0.0033835167326360382
2102	P1_minus_P0	44	0.003131915950041475
2102	P1_minus_P0	45	0.004611893420647772
2102	P1_minus_P0	46	0.003404618585264363
2102	P1_minus_P0	47	0.0038323926112642237
2102	P1_minus_P0	48	0.0040808790958710706
2102	P1_minus_P0	49	0.004254127123983542
2102	P1_minus_P0	50	0.0033063251205220356
2102	P1_minus_P0	51	0.005266979947484762
2102	P1_minus_P0	52	0.0037692941261506796
2102	P1_minus_P0	53	0.004106190237937124
2102	P1_minus_P0	54	0.00505773305374474
2102	P1_minus_P0	55	0.002540815928121387
2102	P1_minus_P0	56	0.0029839872784205856
2102	P1_minus_P0	57	0.005340181390630305
2102	P1_minus_P0	58	0.003827156616994787
2102	P1_minus_P0	59	0.0031778794449370817
2102	P1_minus_P0	60	0.0038298274618796535
2102	P1_minus_P0	61	0.0020891515778242997
2102	P1_minus_P0	62	0.005308723465333731
2102	P1_minus_P0	63	0.003001562582633066
2102	P1_minus_P0	64	0.0051635085258971425
2102	P1_minus_P0	65	0.0031693759723810944
2102	P1_minus_P0	66	0.0040748133991507784
2102	P1_minus_P0	67	0.002830461374046911
2102	P1_minus_P0	68	0.001402883146481071
2102	P1_minus_P0	69	0.002947336646867471
2102	P1_minus_P0	70	0.003938693245168212
2102	P1_minus_P0	71	0.00407480921786979
2102	P1_minus_P0	72	0.004499974896916448
2102	P1_minus_P0	73	0.003309808184706553
2102	P1_minus_P0	74	0.004821311529041972
2102	P1_minus_P0	75	0.0030070192467946955
2102	P1_minus_P0	76	0.005111529132310777
2102	P1_minus_P0	77	0.002481554090563942
2102	P1_minus_P0	78	0.004207992037908892
2102	P1_minus_P0	79	0.0034247111963058297
2102	P1_minus_P0	80	0.004002363977625711
2102	P1_minus_P0	81	0.003734027217731861
2102	P1_minus_P0	82	0.0023624542006396854
2102	P1_minus_P0	83	0.003076697675280904
2102	P1_minus_P0	84	0.0033599987411494503
2102	P1_minus_P0	85	0.003627034337889412
2102	P1_minus_P0	86	0.00560854576683395
2102	P1_minus_P0	87	0.003884329368151196
2102	P1_minus_P0	88	0.0038216062753886337
2102	P1_minus_P0	89	0.0035105663757507566
2102	P1_minus_P0	90	0.00348886562587708
2102	P1_minus_P0	91	0.0033905791370579808
2102	P1_minus_P0	92	0.003472871661506449
2102	P1_minus_P0	93	0.004010523244400599
2102	P1_minus_P0	94	0.0037568473913691114
2102	P1_minus_P0	95	0.003896656859206149
2102	P1_minus_P0	96	0.0039057482570480917
2102	P1_minus_P0	97	0.003906352017459702
2102	P1_minus_P0	98	0.0026035891746765127
2102	P1_minus_P0	99	0.003918999669025536
2102	P1_minus_P0	100	0.003211442756892724
2102	P1_minus_P0	101	0.0029163425368857188
2102	P1_minus_P0	102	0.0032491274302666184
2102	P1_minus_P0	103	0.003547037417867549
2102	P1_minus_P0	104	0.0045719176030167286
2102	P1_minus_P0	105	0.004919046666631455
2102	P1_minus_P0	106	0.002229817750297014
2102	P1_minus_P0	107	0.0039990809132831595
2102	P1_minus_P0	108	0.004318913713978356
2102	P1_minus_P0	109	0.00375000455415897
2102	P1_minus_P0	110	0.005444725661095384
2102	P1_minus_P0	111	0.0025480191549714926
2102	P1_minus_P0	112	0.00516575670085706
2102	P1_minus_P0	113	0.004299118746154518
2102	P1_minus_P0	114	0.0029692831605875325
2102	P1_minus_P0	115	0.004073207116469857
2102	P1_minus_P0	116	0.003514859211720789
2102	P1_minus_P0	117	0.0045213745034731745
2102	P1_minus_P0	118	0.003026005898326911
2102	P1_minus_P0	119	0.0033496989055952775
2102	P1_minus_P0	120	0.003416501841599806
2102	P1_minus_P0	121	0.003899153741274086
2102	P1_minus_P0	122	0.003743949479858788
2102	P1_minus_P0	123	0.00298793485064619
2102	P1_minus_P0	124	0.0045418752260270034
2102	P1_minus_P0	125	0.003446003529865682
2102	P1_minus_P0	126	0.003236056299288914
2102	P1_minus_P0	127	0.003725765091986688
2102	P1_minus_P0	128	0.004649363089221592
2102	P1_minus_P0	129	0.0030544443430399193
2102	P1_minus_P0	130	0.003316187381356861
2102	P1_minus_P0	131	0.0030207305038473242
2102	P1_minus_P0	132	0.0039021458773015327
2102	P1_minus_P0	133	0.0033281202133589316
2102	P1_minus_P0	134	0.004072881298509412
2102	P1_minus_P0	135	0.0053434900749003145
2102	P1_minus_P0	136	0.0023304162605652934
2102	P1_minus_P0	137	0.0036509196587055093
2102	P1_minus_P0	138	0.0035148365242880786
2102	P1_minus_P0	139	0.004343180029142302
2102	P1_minus_P0	140	0.005253736248205854
2102	P1_minus_P0	141	0.004600763522526696
2102	P1_minus_P0	142	0.0034466425975817616
2102	P1_minus_P0	143	0.0036714179538412384
2102	P1_minus_P0	144	0.003138745285956923
2102	P1_minus_P0	145	0.004082304902604694
2102	P1_minus_P0	146	0.004537631350759352
2102	P1_minus_P0	147	0.002753687561381668
2102	P1_minus_P0	148	0.002625224620346589
2102	P1_minus_P0	149	0.004570777283538274
2102	P1_minus_P0	150	0.003348766040840556
2102	P1_minus_P0	151	0.0021452704507146647
2102	P1_minus_P0	152	0.0029473777812318303
2102	P1_minus_P0	153	0.0035938428782975596
2102	P1_minus_P0	154	0.0027238047841274815
2102	P1_minus_P0	155	0.003448309950344397
2102	P1_minus_P0	156	0.00477660619463971
2102	P1_minus_P0	157	0.00242552030180071
2102	P1_minus_P0	158	0.004367315146602158
2102	P1_minus_P0	159	0.004632574931160871
2102	P1_minus_P0	160	0.003845612681200594
2102	P1_minus_P0	161	0.003500313468455807
2102	P1_minus_P0	162	0.003255532849949838
2102	P1_minus_P0	163	0.003818867551636629
2102	P1_minus_P0	164	0.0037725477960646736
2102	P1_minus_P0	165	0.003828310184724071
2102	P1_minus_P0	166	0.004017698391237334
2102	P1_minus_P0	167	0.004073452829870705
2102	P1_minus_P0	168	0.003786158059442435
2102	P1_minus_P0	169	0.003514655005321554
2102	P1_minus_P0	170	0.003735436095882949
2102	P1_minus_P0	171	0.0045836980995785925
2102	P1_minus_P0	172	0.004458613949497758
2102	P1_minus_P0	173	0.0035553958469717872
2102	P1_minus_P0	174	0.004352156760156434
2102	P1_minus_P0	175	0.00387141375594513
2102	P1_minus_P0	176	0.003520739556778174
2102	P1_minus_P0	177	0.0032585458275303236
2102	P1_minus_P0	178	0.002978879478010066
2102	P1_minus_P0	179	0.004209984598791516
2102	P1_minus_P0	180	0.002598000226095354
2102	P1_minus_P0	181	0.00520700914880079
2102	P1_minus_P0	182	0.0034415174295928663
2102	P1_minus_P0	183	0.0029486293446479017
2102	P1_minus_P0	184	0.004239404283415182
2102	P1_minus_P0	185	0.003681917008108493
2102	P1_minus_P0	186	0.0042258684047732364
2102	P1_minus_P0	187	0.0033740034498409566
2102	P1_minus_P0	188	0.0032180508399126673
2102	P1_minus_P0	189	0.003499683160822553
2102	P1_minus_P0	190	0.003697825361501317
2102	P1_minus_P0	191	0.003422650194351451
2102	P1_minus_P0	192	0.0019803887228477257
2102	P1_minus_P0	193	0.002330465880046817
2102	P1_minus_P0	194	0.003236829931673957
2102	P1_minus_P0	195	0.0033149501777802737
2102	P1_minus_P0	196	0.0037551410055011725
2102	P1_minus_P0	197	0.003851438601404633
2102	P1_minus_P0	198	0.0033304008763963555
2102	P1_minus_P0	199	0.002806646858127093
2102	P1_minus_P0	200	0.0017380771488438862
2102	P1_minus_P0	201	0.003317011186022123
2102	P1_minus_P0	202	0.003412186874988843
2102	P1_minus_P0	203	0.002904172002828498
2102	P1_minus_P0	204	0.004941781503447373
2102	P1_minus_P0	205	0.003464311458060032
2102	P1_minus_P0	206	0.0024402830270672804
2102	P1_minus_P0	207	0.004330105829151165
2102	P1_minus_P0	208	0.0030671172834103033
2102	P1_minus_P0	209	0.003976518947860053
2102	P1_minus_P0	210	0.003154484276728431
2102	P1_minus_P0	211	0.0037450197943946772
2102	P1_minus_P0	212	0.004313029769317578
2102	P1_minus_P0	213	0.0038087945209400176
2102	P1_minus_P0	214	0.004935966584193874
2102	P1_minus_P0	215	0.003337397967938527
2102	P1_minus_P0	216	0.003184446690903675
2102	P1_minus_P0	217	0.0031131385662573896
2102	P1_minus_P0	218	0.004403495269348412
2102	P1_minus_P0	219	0.002721383728762905
2102	P1_minus_P0	220	0.003202076212014515
2102	P1_minus_P0	221	0.003094088794962535
2102	P1_minus_P0	222	0.003233681992887538
2102	P1_minus_P0	223	0.003993163828460378
2102	P1_minus_P0	224	0.0043494663657452914
2102	P1_minus_P0	225	0.004482133055767057
2102	P1_minus_P0	226	0.004439941980828976
2102	P1_minus_P0	227	0.004218634414848044
2102	P1_minus_P0	228	0.0024649666210263543
2102	P1_minus_P0	229	0.0030122325408964423
2102	P1_minus_P0	230	0.0034182890131542187
2102	P1_minus_P0	231	0.003041077940682979
2102	P1_minus_P0	232	0.0033696053806187565
2102	P1_minus_P0	233	0.0034926780995350737
2102	P1_minus_P0	234	0.0032403859590581785
2102	P1_minus_P0	235	0.0038413053990165036
2102	P1_minus_P0	236	0.004213769821664992
2102	P1_minus_P0	237	0.004452089343865984
2102	P1_minus_P0	238	0.0028001140351068265
2102	P1_minus_P0	239	0.004481253546571362
2102	P1_minus_P0	240	0.003126909232689712
2102	P1_minus_P0	241	0.003985805915484142
2102	P1_minus_P0	242	0.003903974632682772
2102	P1_minus_P0	243	0.00419212866687807
2102	P1_minus_P0	244	0.0025268907562261966
2102	P1_minus_P0	245	0.003148976217236865
2102	P1_minus_P0	246	0.0035123792021089506
2102	P1_minus_P0	247	0.004951435597039977
2102	P1_minus_P0	248	0.004112848157740379
2102	P1_minus_P0	249	0.003745052215598732
2102	P1_minus_P0	250	0.002993429779879986
2102	P1_minus_P0	251	0.004749584497434234
2102	P1_minus_P0	252	0.002664964783847479
2102	P1_minus_P0	253	0.003287654937457807
2102	P1_minus_P0	254	0.0036000614668104114
2102	P1_minus_P0	255	0.004421603683735731
2102	P1_minus_P0	256	0.004028680979250132
2102	P1_minus_P0	257	0.0036494941813680626
2102	P1_minus_P0	258	0.004009983000119954
2102	P1_minus_P0	259	0.002307868759528542
2102	P1_minus_P0	260	0.003708722918118801
2102	P1_minus_P0	261	0.002956930716902617
2102	P1_minus_P0	262	0.004091267878204186
2102	P1_minus_P0	263	0.004189314255236054
2102	P1_minus_P0	264	0.0034774978811689117
2102	P1_minus_P0	265	0.0028187285745565616
2102	P1_minus_P0	266	0.004796436696598794
2102	P1_minus_P0	267	0.0030186034707477827
2102	P1_minus_P0	268	0.003099873453732971
2102	P1_minus_P0	269	0.0032598099380505285
2102	P1_minus_P0	270	0.00420423411498988
2102	P1_minus_P0	271	0.002744056424674568
2102	P1_minus_P0	272	0.004709949399090141
2102	P1_minus_P0	273	0.004160644216443299
2102	P1_minus_P0	274	0.0034898032267255408
2102	P1_minus_P0	275	0.0027366147019499687
2102	P1_minus_P0	276	0.003399880483765827
2102	P1_minus_P0	277	0.0033030563732813767
2102	P1_minus_P0	278	0.003368768285897994
2102	P1_minus_P0	279	0.00449434099181667
2102	P1_minus_P0	280	0.001897703773274917
2102	P1_minus_P0	281	0.004173580309072666
2102	P1_minus_P0	282	0.005037961129525981
2102	P1_minus_P0	283	0.002940851885772089
2102	P1_minus_P0	284	0.0035499318108658806
2102	P1_minus_P0	285	0.003361041220536265
2102	P1_minus_P0	286	0.003818989679177043
2102	P1_minus_P0	287	0.0045120328218068995
2102	P1_minus_P0	288	0.005120214190924177
2102	P1_minus_P0	289	0.0035412771044487368
2102	P1_minus_P0	290	0.00413188188372654
2102	P1_minus_P0	291	0.0029776228560425833
2102	P1_minus_P0	292	0.0022812588794238753
2102	P1_minus_P0	293	0.003591386904691851
2102	P1_minus_P0	294	0.004143755131665761
2102	P1_minus_P0	295	0.0034025025045364976
2102	P1_minus_P0	296	0.004518840805764757
2102	P1_minus_P0	297	0.004671998446278913
2102	P1_minus_P0	298	0.005696599591679563
2102	P1_minus_P0	299	0.003915122326578313
2102	P1_minus_P0	300	0.0016509950011884822
2102	P1_minus_P0	301	0.003214912707709905
2102	P1_minus_P0	302	0.002321411273243479
2102	P1_minus_P0	303	0.0036581757645805513
2102	P1_minus_P0	304	0.0038866289024308553
2102	P1_minus_P0	305	0.0033409431671919676
2102	P1_minus_P0	306	0.003520659381013591
2102	P1_minus_P0	307	0.0023576118053759143
2102	P1_minus_P0	308	0.0037776119850604917
2102	P1_minus_P0	309	0.00424691660629678
2102	P1_minus_P0	310	0.0037725074462356956
2102	P1_minus_P0	311	0.002530590828025703
2102	P1_minus_P0	312	0.0040340085578086105
2102	P1_minus_P0	313	0.0033397909784418367
2102	P1_minus_P0	314	0.004196593207086874
2102	P1_minus_P0	315	0.004885692754057369
2102	P1_minus_P0	316	0.0031350425889484224
2102	P1_minus_P0	317	0.0032240766680685096
2102	P1_minus_P0	318	0.005478354983042832
2102	P1_minus_P0	319	0.0028907948956804486
2102	P1_minus_P0	320	0.003183033405346203
2102	P1_minus_P0	321	0.004302382114051317
2102	P1_minus_P0	322	0.003920354831257633
2102	P1_minus_P0	323	0.004644046207364083
2102	P1_minus_P0	324	0.0048604801793245
2102	P1_minus_P0	325	0.003346235552051602
2102	P1_minus_P0	326	0.0038176791196659066
2102	P1_minus_P0	327	0.004828331165469102
2102	P1_minus_P0	328	0.0036213646565875224
2102	P1_minus_P0	329	0.0044158012533915825
2102	P1_minus_P0	330	0.0040277952181214105
2102	P1_minus_P0	331	0.003357987531921125
2102	P1_minus_P0	332	0.004376547114414042
2102	P1_minus_P0	333	0.004796121915641494
2102	P1_minus_P0	334	0.005066693046425652
2102	P1_minus_P0	335	0.0028110189458021573
2102	P1_minus_P0	336	0.0040191901048455825
2102	P1_minus_P0	337	0.0031935636237861442
2102	P1_minus_P0	338	0.003985871529204266
2102	P1_minus_P0	339	0.0030664091781914538
2102	P1_minus_P0	340	0.0033696806685070135
2102	P1_minus_P0	341	0.004942998654497988
2102	P1_minus_P0	342	0.0036588401226545497
2102	P1_minus_P0	343	0.002868934418543967
2102	P1_minus_P0	344	0.003468334472640111
2102	P1_minus_P0	345	0.0031327670228434856
2102	P1_minus_P0	346	0.0035311174482770546
2102	P1_minus_P0	347	0.002264567349348101
2102	P1_minus_P0	348	0.003974040916863597
2102	P1_minus_P0	349	0.004072065065738872
2102	P1_minus_P0	350	0.004260137405777964
2102	P1_minus_P0	351	0.0036600587648911165
2102	P1_minus_P0	352	0.0029100274066163334
2102	P1_minus_P0	353	0.004056667249593304
2102	P1_minus_P0	354	0.004305197954017015
2102	P1_minus_P0	355	0.0033911012842961497
2102	P1_minus_P0	356	0.0027678342381972643
2102	P1_minus_P0	357	0.004362685886233508
2102	P1_minus_P0	358	0.005095020939786865
2102	P1_minus_P0	359	0.004931023680735502
2102	P1_minus_P0	360	0.005392259256846832
2102	P1_minus_P0	361	0.0037325189459672115
2102	P1_minus_P0	362	0.0043037149515899875
2102	P1_minus_P0	363	0.004728680189344248
2102	P1_minus_P0	364	0.002966232149142267
2102	P1_minus_P0	365	0.0033038775816431887
2102	P1_minus_P0	366	0.0030657094974484433
2102	P1_minus_P0	367	0.0026115533511269495
2102	P1_minus_P0	368	0.0022815837179176457
2102	P1_minus_P0	369	0.004072002574089351
2102	P1_minus_P0	370	0.002493303931492996
2102	P1_minus_P0	371	0.0018146511910631657
2102	P1_minus_P0	372	0.0033221020362629305
2102	P1_minus_P0	373	0.003162539367686845
2102	P1_minus_P0	374	0.003318138507699686
2102	P1_minus_P0	375	0.003817146951192618
2102	P1_minus_P0	376	0.0039468494495880635
2102	P1_minus_P0	377	0.0037991935177803526
2102	P1_minus_P0	378	0.0037220634150884058
2102	P1_minus_P0	379	0.0036881180957615833
2102	P1_minus_P0	380	0.0044504138794188575
2102	P1_minus_P0	381	0.0032156468527413384
2102	P1_minus_P0	382	0.003038991910504163
2102	P1_minus_P0	383	0.0027972715571019657
2102	P1_minus_P0	384	0.003462496974321827
2102	P1_minus_P0	385	0.003229356317757004
2102	P1_minus_P0	386	0.0051660274536431405
2102	P1_minus_P0	387	0.004333669923975103
2102	P1_minus_P0	388	0.003595112014288415
2102	P1_minus_P0	389	0.00317909050557591
2102	P1_minus_P0	390	0.0032177910596445924
2102	P1_minus_P0	391	0.004636244432048797
2102	P1_minus_P0	392	0.003355415384022953
2102	P1_minus_P0	393	0.0023750146627788404
2102	P1_minus_P0	394	0.003534813508991208
2102	P1_minus_P0	395	0.0039059853207494832
2102	P1_minus_P0	396	0.003922618930954691
2102	P1_minus_P0	397	0.0029819723311845237
2102	P1_minus_P0	398	0.002526022155651897
2102	P1_minus_P0	399	0.003964131714918162
2102	P1_minus_P0	400	0.004727632941226356
2102	P1_minus_P0	401	0.003596780571710756
2102	P1_minus_P0	402	0.00402382586774086
2102	P1_minus_P0	403	0.0036859745684437173
2102	P1_minus_P0	404	0.004123822182235726
2102	P1_minus_P0	405	0.003827190062165031
2102	P1_minus_P0	406	0.0040226584908344964
2102	P1_minus_P0	407	0.002715434451611487
2102	P1_minus_P0	408	0.0034797681258201263
2102	P1_minus_P0	409	0.0037384158894176456
2102	P1_minus_P0	410	0.003469059511334638
2102	P1_minus_P0	411	0.004132581704088367
2102	P1_minus_P0	412	0.005307438944061993
2102	P1_minus_P0	413	0.003908401861436539
2102	P1_minus_P0	414	0.0031375070795326976
2102	P1_minus_P0	415	0.004789171206756537
2102	P1_minus_P0	416	0.003712312498578285
2102	P1_minus_P0	417	0.0033489420996384855
2102	P1_minus_P0	418	0.0039247181452899405
2102	P1_minus_P0	419	0.0038150592777899117
2102	P1_minus_P0	420	0.004446222916244746
2102	P1_minus_P0	421	0.003228173454847272
2102	P1_minus_P0	422	0.0028423180394065994
2102	P1_minus_P0	423	0.004121523111918823
2102	P1_minus_P0	424	0.0030893825684157328
2102	P1_minus_P0	425	0.004774438034476858
2102	P1_minus_P0	426	0.0027442757092878134
2102	P1_minus_P0	427	0.0037728503034283323
2102	P1_minus_P0	428	0.0030794045708710804
2102	P1_minus_P0	429	0.003323286640843248
2102	P1_minus_P0	430	0.0033046357180095964
2102	P1_minus_P0	431	0.0047240042793254
2102	P1_minus_P0	432	0.0027474379427567808
2102	P1_minus_P0	433	0.004323528807421151
2102	P1_minus_P0	434	0.0032491238217448593
2102	P1_minus_P0	435	0.0036599494715423564
2102	P1_minus_P0	436	0.0035999573198177703
2102	P1_minus_P0	437	0.003962779617905532
2102	P1_minus_P0	438	0.003319249952355663
2102	P1_minus_P0	439	0.0050171664280965755
2102	P1_minus_P0	440	0.0037609025303309007
2102	P1_minus_P0	441	0.0035647926219191106
2102	P1_minus_P0	442	0.00488947266974793
2102	P1_minus_P0	443	0.004406058046812156
2102	P1_minus_P0	444	0.004186373811708943
2102	P1_minus_P0	445	0.004779604265181703
2102	P1_minus_P0	446	0.0034591012243729846
2102	P1_minus_P0	447	0.0037248126518303892
2102	P1_minus_P0	448	0.003414671405962577
2102	P1_minus_P0	449	0.0036992835079363573
2102	P1_minus_P0	450	0.0030410833343009758
2102	P1_minus_P0	451	0.004247889970526719
2102	P1_minus_P0	452	0.0035721814027649956
2102	P1_minus_P0	453	0.0042857985422352085
2102	P1_minus_P0	454	0.004816913090825381
2102	P1_minus_P0	455	0.0037887410760960583
2102	P1_minus_P0	456	0.00375230270842819
2102	P1_minus_P0	457	0.003852484452715188
2102	P1_minus_P0	458	0.0038009113675945283
2102	P1_minus_P0	459	0.003001153717063887
2102	P1_minus_P0	460	0.002712624072797709
2102	P1_minus_P0	461	0.004674482907969346
2102	P1_minus_P0	462	0.0038511981169112586
2102	P1_minus_P0	463	0.003880221001573536
2102	P1_minus_P0	464	0.004694447514793143
2102	P1_minus_P0	465	0.0028351360723863905
2102	P1_minus_P0	466	0.002701575463429362
2102	P1_minus_P0	467	0.005144016961286746
2102	P1_minus_P0	468	0.0029430793552146506
2102	P1_minus_P0	469	0.004199684263153924
2102	P1_minus_P0	470	0.0025653746904032437
2102	P1_minus_P0	471	0.002860596714507224
2102	P1_minus_P0	472	0.0037995081098251005
2102	P1_minus_P0	473	0.004001323119293687
2102	P1_minus_P0	474	0.003072872323926723
2102	P1_minus_P0	475	0.004768467749226235
2102	P1_minus_P0	476	0.00332599582689741
2102	P1_minus_P0	477	0.004395606101546545
2102	P1_minus_P0	478	0.0028248153083931804
2102	P1_minus_P0	479	0.0038934887674504925
2102	P1_minus_P0	480	0.003853384660882253
2102	P1_minus_P0	481	0.003221025436520364
2102	P1_minus_P0	482	0.0032705811976919685
2102	P1_minus_P0	483	0.0038840322952171102
2102	P1_minus_P0	484	0.002540661295383273
2102	P1_minus_P0	485	0.0031725608942084205
2102	P1_minus_P0	486	0.003949475134776836
2102	P1_minus_P0	487	0.0028616505292006766
2102	P1_minus_P0	488	0.0023052185936718317
2102	P1_minus_P0	489	0.002215841413441
2102	P1_minus_P0	490	0.0036694737086216955
2102	P1_minus_P0	491	0.004985702168824546
2102	P1_minus_P0	492	0.003593007924738767
2102	P1_minus_P0	493	0.004013115955910973
2102	P1_minus_P0	494	0.003788775114592302
2102	P1_minus_P0	495	0.003517340755471998
2102	P1_minus_P0	496	0.0031759025871120894
2102	P1_minus_P0	497	0.004777699823655945
2102	P1_minus_P0	498	0.003967389943898336
2102	P1_minus_P0	499	0.0026309316852156095
2102	P1_minus_P0	500	0.003110338861044115
2102	P1_minus_P0	501	0.005723162799524173
2102	P1_minus_P0	502	0.0044273192735668765
2102	P1_minus_P0	503	0.004806216244283901
2102	P1_minus_P0	504	0.003428720478673708
2102	P1_minus_P0	505	0.004495411254875903
2102	P1_minus_P0	506	0.00221840300073034
2102	P1_minus_P0	507	0.005247554178726355
2102	P1_minus_P0	508	0.002660520024148294
2102	P1_minus_P0	509	0.004637540632849324
2102	P1_minus_P0	510	0.0035552067232003104
2102	P1_minus_P0	511	0.003912118473908877
2102	P1_minus_P0	512	0.0029750565083656033
2102	P1_minus_P0	513	0.002254221850903404
2102	P1_minus_P0	514	0.0036311131720320744
2102	P1_minus_P0	515	0.0031950967976406286
2102	P1_minus_P0	516	0.0015566932596104421
2102	P1_minus_P0	517	0.004523791564377322
2102	P1_minus_P0	518	0.0031384135528192414
2102	P1_minus_P0	519	0.0035430566859174784
2102	P1_minus_P0	520	0.00451760728979167
2102	P1_minus_P0	521	0.003317470955128188
2102	P1_minus_P0	522	0.0030080809099546357
2102	P1_minus_P0	523	0.004219034478472383
2102	P1_minus_P0	524	0.0028645739793249914
2102	P1_minus_P0	525	0.0021441997969807725
2102	P1_minus_P0	526	0.003452459227571092
2102	P1_minus_P0	527	0.002963295431116564
2102	P1_minus_P0	528	0.00312373541308425
2102	P1_minus_P0	529	0.00373522242861668
2102	P1_minus_P0	530	0.0036706616864802255
2102	P1_minus_P0	531	0.00458608233902752
2102	P1_minus_P0	532	0.003311402952092979
2102	P1_minus_P0	533	0.004518396945550784
2102	P1_minus_P0	534	0.004210719475136571
2102	P1_minus_P0	535	0.003669670254027313
2102	P1_minus_P0	536	0.003293560268097906
2102	P1_minus_P0	537	0.0035416144899891866
2102	P1_minus_P0	538	0.003971353724226356
2102	P1_minus_P0	539	0.003993084052571594
2102	P1_minus_P0	540	0.004767816333458796
2102	P1_minus_P0	541	0.0031547791558651506
2102	P1_minus_P0	542	0.002451779413724098
2102	P1_minus_P0	543	0.004451812162070745
2102	P1_minus_P0	544	0.004837495064602071
2102	P1_minus_P0	545	0.002305586648857161
2102	P1_minus_P0	546	0.003454316890152853
2102	P1_minus_P0	547	0.0017693320599909135
2102	P1_minus_P0	548	0.002723920022631221
2102	P1_minus_P0	549	0.0049385127230608394
2102	P1_minus_P0	550	0.0029453868229502023
2102	P1_minus_P0	551	0.002713897536033294
2102	P1_minus_P0	552	0.004181636466336569
2102	P1_minus_P0	553	0.0037683484616591323
2102	P1_minus_P0	554	0.0033036733243412275
2102	P1_minus_P0	555	0.004678390411998579
2102	P1_minus_P0	556	0.0038327474770357695
2102	P1_minus_P0	557	0.003848438498396667
2102	P1_minus_P0	558	0.0034488153767360807
2102	P1_minus_P0	559	0.004163309378434565
2102	P1_minus_P0	560	0.003928262739881283
2102	P1_minus_P0	561	0.004763211778394616
2102	P1_minus_P0	562	0.005057252496203368
2102	P1_minus_P0	563	0.0051406410718035644
2102	P1_minus_P0	564	0.002465336374962046
2102	P1_minus_P0	565	0.004664796755437628
2102	P1_minus_P0	566	0.0038829142773430525
2102	P1_minus_P0	567	0.0020908748965274837
2102	P1_minus_P0	568	0.003739315169477786
2102	P1_minus_P0	569	0.003030463599818456
2102	P1_minus_P0	570	0.0034797690602573206
2102	P1_minus_P0	571	0.004254200213472281
2102	P1_minus_P0	572	0.0038918237406623257
2102	P1_minus_P0	573	0.002776862221768872
2102	P1_minus_P0	574	0.0032057263638154976
2102	P1_minus_P0	575	0.0020404497133996724
2102	P1_minus_P0	576	0.0038296380396706797
2102	P1_minus_P0	577	0.004073662669783984
2102	P1_minus_P0	578	0.003258526563672537
2102	P1_minus_P0	579	0.003916172261259954
2102	P1_minus_P0	580	0.003608775181504764
2102	P1_minus_P0	581	0.004311791288090894
2102	P1_minus_P0	582	0.005012936482080954
2102	P1_minus_P0	583	0.004011993407049719
2102	P1_minus_P0	584	0.002617058289439589
2102	P1_minus_P0	585	0.004696281102929467
2102	P1_minus_P0	586	0.004056485179253222
2102	P1_minus_P0	587	0.0036180918110541027
2102	P1_minus_P0	588	0.003956239980159815
2102	P1_minus_P0	589	0.00337243920894037
2102	P1_minus_P0	590	0.00325500239346449
2102	P1_minus_P0	591	0.002534831191318032
2102	P1_minus_P0	592	0.00360517321276127
2102	P1_minus_P0	593	0.004260934874335653
2102	P1_minus_P0	594	0.0035084776706100773
2102	P1_minus_P0	595	0.0023341665587695015
2102	P1_minus_P0	596	0.0031909746253648286
2102	P1_minus_P0	597	0.0027182006591620067
2102	P1_minus_P0	598	0.0038520609419744334
2102	P1_minus_P0	599	0.004382215123027444
2102	P1_minus_P0	600	0.002455033150231656
2102	P1_minus_P0	601	0.0038543359490207374
2102	P1_minus_P0	602	0.0028551363901771487
2102	P1_minus_P0	603	0.0038375849419790553
2102	P1_minus_P0	604	0.0027718426264791707
2102	P1_minus_P0	605	0.003920908157650893
2102	P1_minus_P0	606	0.0042232252147940685
2102	P1_minus_P0	607	0.0027818888841187883
2102	P1_minus_P0	608	0.003206110789879646
2102	P1_minus_P0	609	0.003887628610482474
2102	P1_minus_P0	610	0.002503417821988929
2102	P1_minus_P0	611	0.0034447551930428255
2102	P1_minus_P0	612	0.0038492392281853083
2102	P1_minus_P0	613	0.003609138197053663
2102	P1_minus_P0	614	0.003876714901905276
2102	P1_minus_P0	615	0.003492869535054288
2102	P1_minus_P0	616	0.005090817483715981
2102	P1_minus_P0	617	0.003377577551915145
2102	P1_minus_P0	618	0.005219060075050852
2102	P1_minus_P0	619	0.0046896999952117935
2102	P1_minus_P0	620	0.0036414173396530636
2102	P1_minus_P0	621	0.00417399993159423
2102	P1_minus_P0	622	0.004023427517621692
2102	P1_minus_P0	623	0.0030506476769771584
2102	P1_minus_P0	624	0.004378378598418109
2102	P1_minus_P0	625	0.0029804878901502074
2102	P1_minus_P0	626	0.003174450235331694
2102	P1_minus_P0	627	0.0035671130512810456
2102	P1_minus_P0	628	0.0034437049347800786
2102	P1_minus_P0	629	0.0025395134775023087
2102	P1_minus_P0	630	0.0033893211568605253
2102	P1_minus_P0	631	0.003335606009237768
2102	P1_minus_P0	632	0.003069933750150966
2102	P1_minus_P0	633	0.003441540245783581
2102	P1_minus_P0	634	0.0036431474727760538
2102	P1_minus_P0	635	0.0028226591540056467
2102	P1_minus_P0	636	0.0020789220517668516
2102	P1_minus_P0	637	0.003372346986492858
2102	P1_minus_P0	638	0.0024241369000261304
2102	P1_minus_P0	639	0.003048595790031805
2102	P1_minus_P0	640	0.004526655102917054
2102	P1_minus_P0	641	0.0033873274697777678
2102	P1_minus_P0	642	0.0039785592059257135
2102	P1_minus_P0	643	0.003987725297101952
2102	P1_minus_P0	644	0.004026737203311204
2102	P1_minus_P0	645	0.0032869058634945603
2102	P1_minus_P0	646	0.0032256783364587593
2102	P1_minus_P0	647	0.0031249640308688154
2102	P1_minus_P0	648	0.0032905635116736165
2102	P1_minus_P0	649	0.002607313088238139
2102	P1_minus_P0	650	0.0019060216364802929
2102	P1_minus_P0	651	0.00403348730683345
2102	P1_minus_P0	652	0.0042346062427676134
2102	P1_minus_P0	653	0.0039522947333642255
2102	P1_minus_P0	654	0.0036324770817844354
2102	P1_minus_P0	655	0.004254756276549976
2102	P1_minus_P0	656	0.002315056044442154
2102	P1_minus_P0	657	0.004734784058184394
2102	P1_minus_P0	658	0.0036105691669831574
2102	P1_minus_P0	659	0.005144735656091415
2102	P1_minus_P0	660	0.003628609920719006
2102	P1_minus_P0	661	0.003202018790811334
2102	P1_minus_P0	662	0.0036176363525207145
2102	P1_minus_P0	663	0.003764172773934815
2102	P1_minus_P0	664	0.0032519650789008536
2102	P1_minus_P0	665	0.0033661373475543654
2102	P1_minus_P0	666	0.004067513614932627
2102	P1_minus_P0	667	0.0039199552524119
2102	P1_minus_P0	668	0.0037783923740620784
2102	P1_minus_P0	669	0.0032671128570987418
2102	P1_minus_P0	670	0.0039066049994951335
2102	P1_minus_P0	671	0.004502069971533351
2102	P1_minus_P0	672	0.004673023704893364
2102	P1_minus_P0	673	0.002627309404704792
2102	P1_minus_P0	674	0.0033909647805520637
2102	P1_minus_P0	675	0.004639804481281984
2102	P1_minus_P0	676	0.002984475335940817
2102	P1_minus_P0	677	0.0024655016189531476
2102	P1_minus_P0	678	0.004796470388348351
2102	P1_minus_P0	679	0.004307463938797662
2102	P1_minus_P0	680	0.004131339686813951
2102	P1_minus_P0	681	0.002938799890164434
2102	P1_minus_P0	682	0.0035234644573424734
2102	P1_minus_P0	683	0.004563496552847268
2102	P1_minus_P0	684	0.0038527318609404837
2102	P1_minus_P0	685	0.004914151638109043
2102	P1_minus_P0	686	0.003062652525566978
2102	P1_minus_P0	687	0.003531771405855977
2102	P1_minus_P0	688	0.0047023112112646315
2102	P1_minus_P0	689	0.005008073003242963
2102	P1_minus_P0	690	0.0036075705497330968
2102	P1_minus_P0	691	0.0044347381145609654
2102	P1_minus_P0	692	0.003224542914892048
2102	P1_minus_P0	693	0.004007395635939548
2102	P1_minus_P0	694	0.0035017857597131608
2102	P1_minus_P0	695	0.005070045737378737
2102	P1_minus_P0	696	0.004041710371002649
2102	P1_minus_P0	697	0.003641613728457671
2102	P1_minus_P0	698	0.0033077942268921467
2102	P1_minus_P0	699	0.0029461709531403146
2102	P1_minus_P0	700	0.004333579628620188
2102	P1_minus_P0	701	0.004888033323278529
2102	P1_minus_P0	702	0.00343540457708702
2102	P1_minus_P0	703	0.0022962126649529457
2102	P1_minus_P0	704	0.003981993413194773
2102	P1_minus_P0	705	0.0033941905809860007
2102	P1_minus_P0	706	0.005110128423772231
2102	P1_minus_P0	707	0.004231336711539524
2102	P1_minus_P0	708	0.003656846783047285
2102	P1_minus_P0	709	0.004578384566733706
2102	P1_minus_P0	710	0.0034323951900422367
2102	P1_minus_P0	711	0.0029305115127382098
2102	P1_minus_P0	712	0.0031331064296158395
2102	P1_minus_P0	713	0.004930640839876821
2102	P1_minus_P0	714	0.0035554697861242546
2102	P1_minus_P0	715	0.0038779356567501533
2102	P1_minus_P0	716	0.004179690219329069
2102	P1_minus_P0	717	0.0039969653980457265
2102	P1_minus_P0	718	0.0051331724321119765
2102	P1_minus_P0	719	0.003589392026488558
2102	P1_minus_P0	720	0.0022727006845918996
2102	P1_minus_P0	721	0.0037270616380410404
2102	P1_minus_P0	722	0.004033723834533709
2102	P1_minus_P0	723	0.0035818078217896288
2102	P1_minus_P0	724	0.0030234844579645204
2102	P1_minus_P0	725	0.003017549609483805
2102	P1_minus_P0	726	0.004363850174906925
2102	P1_minus_P0	727	0.005553289164479169
2102	P1_minus_P0	728	0.003735520357531441
2102	P1_minus_P0	729	0.004135197883171904
2102	P1_minus_P0	730	0.005153154895727319
2102	P1_minus_P0	731	0.002952979576175574
2102	P1_minus_P0	732	0.004498253798078111
2102	P1_minus_P0	733	0.003001440486841256
2102	P1_minus_P0	734	0.004775713060549025
2102	P1_minus_P0	735	0.004426064409159214
2102	P1_minus_P0	736	0.003071354996098119
2102	P1_minus_P0	737	0.00481166548520473
2102	P1_minus_P0	738	0.00414329570818367
2102	P1_minus_P0	739	0.0034823741966543698
2102	P1_minus_P0	740	0.005205388261017019
2102	P1_minus_P0	741	0.0029170302756104105
2102	P1_minus_P0	742	0.004787153156089574
2102	P1_minus_P0	743	0.0030272153164435656
2102	P1_minus_P0	744	0.0035542465900779696
2102	P1_minus_P0	745	0.0026875816173491107
2102	P1_minus_P0	746	0.004237235011352536
2102	P1_minus_P0	747	0.0037931300175168547
2102	P1_minus_P0	748	0.004236590608615587
2102	P1_minus_P0	749	0.002432792671099304
2102	P1_minus_P0	750	0.003264891356499211
2102	P1_minus_P0	751	0.0029944089185055534
2102	P1_minus_P0	752	0.004161592372444178
2102	P1_minus_P0	753	0.004679549357119284
2102	P1_minus_P0	754	0.00472861521366591
2102	P1_minus_P0	755	0.0037808229500169155
2102	P1_minus_P0	756	0.0033656498770159304
2102	P1_minus_P0	757	0.0032890016082852136
2102	P1_minus_P0	758	0.0038753640695025626
2102	P1_minus_P0	759	0.0031605899496825463
2102	P1_minus_P0	760	0.0025484684799863544
2102	P1_minus_P0	761	0.004446081468899132
2102	P1_minus_P0	762	0.003103534552475251
2102	P1_minus_P0	763	0.004369333889022553
2102	P1_minus_P0	764	0.0026543635499409746
2102	P1_minus_P0	765	0.00380462639749779
2102	P1_minus_P0	766	0.002771830781039153
2102	P1_minus_P0	767	0.002294063477016106
2102	P1_minus_P0	768	0.0039004957755794933
2102	P1_minus_P0	769	0.0045257294133784765
2102	P1_minus_P0	770	0.003969376199375069
2102	P1_minus_P0	771	0.004392908831171161
2102	P1_minus_P0	772	0.00290595630256002
2102	P1_minus_P0	773	0.003972428069955403
2102	P1_minus_P0	774	0.00506936540921521
2102	P1_minus_P0	775	0.003976218696645106
2102	P1_minus_P0	776	0.004444156093886931
2102	P1_minus_P0	777	0.003310612163309523
2102	P1_minus_P0	778	0.004194733023713315
2102	P1_minus_P0	779	0.00412464873401136
2102	P1_minus_P0	780	0.0040409569540657
2102	P1_minus_P0	781	0.004245741127152813
2102	P1_minus_P0	782	0.0033026597780748124
2102	P1_minus_P0	783	0.005276121561669789
2102	P1_minus_P0	784	0.0034666233635390897
2102	P1_minus_P0	785	0.003523813135500875
2102	P1_minus_P0	786	0.0033080964330486906
2102	P1_minus_P0	787	0.003513545409100982
2102	P1_minus_P0	788	0.004745505840930531
2102	P1_minus_P0	789	0.0032962499327449657
2102	P1_minus_P0	790	0.002576536909154714
2102	P1_minus_P0	791	0.0038233144528924123
2102	P1_minus_P0	792	0.0033491990965764384
2102	P1_minus_P0	793	0.001967529676016322
2102	P1_minus_P0	794	0.002199328874046058
2102	P1_minus_P0	795	0.00409726022947865
2102	P1_minus_P0	796	0.0027769673025031527
2102	P1_minus_P0	797	0.0031808737201290405
2102	P1_minus_P0	798	0.0029933377957425678
2102	P1_minus_P0	799	0.0026234369679601355
2102	P1_minus_P0	800	0.0037293515713116565
2102	P1_minus_P0	801	0.005781598535133603
2102	P1_minus_P0	802	0.003780516375303189
2102	P1_minus_P0	803	0.004647522027230289
2102	P1_minus_P0	804	0.0035910611368422662
2102	P1_minus_P0	805	0.004141421588023164
2102	P1_minus_P0	806	0.0028157506351385586
2102	P1_minus_P0	807	0.004956428007577618
2102	P1_minus_P0	808	0.004019250014641651
2102	P1_minus_P0	809	0.002430322057982992
2102	P1_minus_P0	810	0.003924338394953153
2102	P1_minus_P0	811	0.0030346555649432005
2102	P1_minus_P0	812	0.002698839153535859
2102	P1_minus_P0	813	0.0042939003075421756
2102	P1_minus_P0	814	0.004036694231992488
2102	P1_minus_P0	815	0.0027746543346613417
2102	P1_minus_P0	816	0.004449852739115356
2102	P1_minus_P0	817	0.00278395654405017
2102	P1_minus_P0	818	0.0015152948872773075
2102	P1_minus_P0	819	0.005116114008890116
2102	P1_minus_P0	820	0.003881190725489758
2102	P1_minus_P0	821	0.003973299482301573
2102	P1_minus_P0	822	0.0046267693166544555
2102	P1_minus_P0	823	0.002879551035864625
2102	P1_minus_P0	824	0.003047358954511026
2102	P1_minus_P0	825	0.004653837803312466
2102	P1_minus_P0	826	0.0025516933835781908
2102	P1_minus_P0	827	0.004955159707581869
2102	P1_minus_P0	828	0.003196384489974946
2102	P1_minus_P0	829	0.003051051806871208
2102	P1_minus_P0	830	0.00384253229231607
2102	P1_minus_P0	831	0.002901323107301179
2102	P1_minus_P0	832	0.00415023415277771
2102	P1_minus_P0	833	0.004707930309240549
2102	P1_minus_P0	834	0.003051072563355295
2102	P1_minus_P0	835	0.004295169637769325
2102	P1_minus_P0	836	0.003975976735280384
2102	P1_minus_P0	837	0.004760272127849519
2102	P1_minus_P0	838	0.003597278740673504
2102	P1_minus_P0	839	0.0032099491987485074
2102	P1_minus_P0	840	0.004165800821384458
2102	P1_minus_P0	841	0.0032057813153712478
2102	P1_minus_P0	842	0.003319335152875802
2102	P1_minus_P0	843	0.0039452593809470304
2102	P1_minus_P0	844	0.003611757301149876
2102	P1_minus_P0	845	0.004178885054799464
2102	P1_minus_P0	846	0.003450645469512459
2102	P1_minus_P0	847	0.004235806254209384
2102	P1_minus_P0	848	0.002797248709694111
2102	P1_minus_P0	849	0.0036226697119147167
2102	P1_minus_P0	850	0.003690312186239386
2102	P1_minus_P0	851	0.003304222215317232
2102	P1_minus_P0	852	0.0034956353230704007
2102	P1_minus_P0	853	0.0032561392301158065
2102	P1_minus_P0	854	0.006171955197311563
2102	P1_minus_P0	855	0.0036284849838589817
2102	P1_minus_P0	856	0.0037133427226686555
2102	P1_minus_P0	857	0.003207058047266509
2102	P1_minus_P0	858	0.003854558210755088
2102	P1_minus_P0	859	0.004908356479167597
2102	P1_minus_P0	860	0.0030281937078907584
2102	P1_minus_P0	861	0.004002919031273922
2102	P1_minus_P0	862	0.0035738226779296056
2102	P1_minus_P0	863	0.004845480885346143
2102	P1_minus_P0	864	0.0038103352024352333
2102	P1_minus_P0	865	0.0038690967006657084
2102	P1_minus_P0	866	0.004718040350587149
2102	P1_minus_P0	867	0.0034107216683439967
2102	P1_minus_P0	868	0.003656391980444318
2102	P1_minus_P0	869	0.004831973684183866
2102	P1_minus_P0	870	0.0031082218996575928
2102	P1_minus_P0	871	0.0031645272819664783
2102	P1_minus_P0	872	0.004805806521360645
2102	P1_minus_P0	873	0.0021633561430429715
2102	P1_minus_P0	874	0.004513130686974842
2102	P1_minus_P0	875	0.00376546099107844
2102	P1_minus_P0	876	0.003977444991675738
2102	P1_minus_P0	877	0.0037639172363228
2102	P1_minus_P0	878	0.0029743427101601716
2102	P1_minus_P0	879	0.0036717751572049595
2102	P1_minus_P0	880	0.0041020793957793344
2102	P1_minus_P0	881	0.0028025212022940726
2102	P1_minus_P0	882	0.003918743028356819
2102	P1_minus_P0	883	0.003316262608136944
2102	P1_minus_P0	884	0.0033939930185611367
2102	P1_minus_P0	885	0.003543705140890474
2102	P1_minus_P0	886	0.0035220930709772835
2102	P1_minus_P0	887	0.003978975447192723
2102	P1_minus_P0	888	0.0037019828735058713
2102	P1_minus_P0	889	0.0045346184055659045
2102	P1_minus_P0	890	0.0032940991475681747
2102	P1_minus_P0	891	0.0023152595630208106
2102	P1_minus_P0	892	0.003155000990703649
2102	P1_minus_P0	893	0.0018903940372972383
2102	P1_minus_P0	894	0.0030876131595908296
2102	P1_minus_P0	895	0.0032650782348306873
2102	P1_minus_P0	896	0.003673460632582337
2102	P1_minus_P0	897	0.0033618886354337407
2102	P1_minus_P0	898	0.003719696404253847
2102	P1_minus_P0	899	0.0022450096389665664
2102	P1_minus_P0	900	0.0029803316135588176
2102	P1_minus_P0	901	0.003128319605368135
2102	P1_minus_P0	902	0.003318481697957787
2102	P1_minus_P0	903	0.0030881434999489588
2102	P1_minus_P0	904	0.00311899339925098
2102	P1_minus_P0	905	0.0018210194733709884
2102	P1_minus_P0	906	0.0041579759582213716
2102	P1_minus_P0	907	0.0044478640215497856
2102	P1_minus_P0	908	0.003679986158566184
2102	P1_minus_P0	909	0.0037269930971957077
2102	P1_minus_P0	910	0.0033828179384375323
2102	P1_minus_P0	911	0.0022127496898424193
2102	P1_minus_P0	912	0.00484731522946058
2102	P1_minus_P0	913	0.004267047687526393
2102	P1_minus_P0	914	0.004372099751051517
2102	P1_minus_P0	915	0.00456211856157851
2102	P1_minus_P0	916	0.003923729875203952
2102	P1_minus_P0	917	0.004207878995693581
2102	P1_minus_P0	918	0.0033784066891814346
2102	P1_minus_P0	919	0.0043929286304141835
2102	P1_minus_P0	920	0.00535517481392328
2102	P1_minus_P0	921	0.003591988461162654
2102	P1_minus_P0	922	0.0026331300609273023
2102	P1_minus_P0	923	0.003938479538818207
2102	P1_minus_P0	924	0.0046498194062616904
2102	P1_minus_P0	925	0.004710998546194556
2102	P1_minus_P0	926	0.0034697887418837503
2102	P1_minus_P0	927	0.003902425888410277
2102	P1_minus_P0	928	0.0030766571181304325
2102	P1_minus_P0	929	0.004235828260521268
2102	P1_minus_P0	930	0.00396950898465831
2102	P1_minus_P0	931	0.0024929727434398474
2102	P1_minus_P0	932	0.004769527677447649
2102	P1_minus_P0	933	0.003319025450847002
2102	P1_minus_P0	934	0.0022622852334169274
2102	P1_minus_P0	935	0.0038886957442315073
2102	P1_minus_P0	936	0.0035819476657418803
2102	P1_minus_P0	937	0.0049398798371529384
2102	P1_minus_P0	938	0.003392381014237833
2102	P1_minus_P0	939	0.002684815924184847
2102	P1_minus_P0	940	0.004885089413909249
2102	P1_minus_P0	941	0.003506409008507738
2102	P1_minus_P0	942	0.0043650632439266035
2102	P1_minus_P0	943	0.004120939447887495
2102	P1_minus_P0	944	0.0033871219444238654
2102	P1_minus_P0	945	0.003810053103619482
2102	P1_minus_P0	946	0.0038707432021747867
2102	P1_minus_P0	947	0.004527106671359804
2102	P1_minus_P0	948	0.003257711450801226
2102	P1_minus_P0	949	0.003643586200854476
2102	P1_minus_P0	950	0.005327983950261295
2102	P1_minus_P0	951	0.00364365317838794
2102	P1_minus_P0	952	0.0025062485654799294
2102	P1_minus_P0	953	0.00408323324305554
2102	P1_minus_P0	954	0.004263392358053786
2102	P1_minus_P0	955	0.004606569636256497
2102	P1_minus_P0	956	0.003440415194438662
2102	P1_minus_P0	957	0.0031299327532697263
2102	P1_minus_P0	958	0.0038661148359838138
2102	P1_minus_P0	959	0.002363106578878449
2102	P1_minus_P0	960	0.003339920134154406
2102	P1_minus_P0	961	0.0037616389780718573
2102	P1_minus_P0	962	0.002355843582531658
2102	P1_minus_P0	963	0.003838596850494369
2102	P1_minus_P0	964	0.003435141493895788
2102	P1_minus_P0	965	0.0019014314876297234
2102	P1_minus_P0	966	0.0032991625175284867
2102	P1_minus_P0	967	0.003891638022741395
2102	P1_minus_P0	968	0.002970996180291452
2102	P1_minus_P0	969	0.0019274221538114755
2102	P1_minus_P0	970	0.0022973665759937756
2102	P1_minus_P0	971	0.0037538519413690685
2102	P1_minus_P0	972	0.0034271358488390247
2102	P1_minus_P0	973	0.0036309098975398912
2102	P1_minus_P0	974	0.0034857028593589523
2102	P1_minus_P0	975	0.004286833128206657
2102	P1_minus_P0	976	0.004316731498097304
2102	P1_minus_P0	977	0.004151851042037358
2102	P1_minus_P0	978	0.003996533646535516
2102	P1_minus_P0	979	0.0038704003955624122
2102	P1_minus_P0	980	0.005252072404712926
2102	P1_minus_P0	981	0.003915030949015297
2102	P1_minus_P0	982	0.003203960155922836
2102	P1_minus_P0	983	0.004857921247951036
2102	P1_minus_P0	984	0.0037853620301450674
2102	P1_minus_P0	985	0.002845381925290824
2102	P1_minus_P0	986	0.0035456825909183087
2102	P1_minus_P0	987	0.0036993656004859488
2102	P1_minus_P0	988	0.006254150829054561
2102	P1_minus_P0	989	0.004974015917654062
2102	P1_minus_P0	990	0.0037245784889703426
2102	P1_minus_P0	991	0.0036083389147395506
2102	P1_minus_P0	992	0.004249511609323964
2102	P1_minus_P0	993	0.0016945591940926708
2102	P1_minus_P0	994	0.0037583187011683283
2102	P1_minus_P0	995	0.004313164946424808
2102	P1_minus_P0	996	0.0038001717579667083
2102	P1_minus_P0	997	0.003523174276317431
2102	P1_minus_P0	998	0.0049622892259548745
2102	P1_minus_P0	999	0.004490081966962045
2102	P1_minus_P0	1000	0.004339074446909397
2102	P1_minus_P0	1001	0.0026198533370899724
2102	P1_minus_P0	1002	0.004631610656151197
2102	P1_minus_P0	1003	0.0034568929731893516
2102	P1_minus_P0	1004	0.003614943310530694
2102	P1_minus_P0	1005	0.003742097440436465
2102	P1_minus_P0	1006	0.002738496974467708
2102	P1_minus_P0	1007	0.003293392445414489
2102	P1_minus_P0	1008	0.003426025434535185
2102	P1_minus_P0	1009	0.0036372345278304907
2102	P1_minus_P0	1010	0.005381772852268207
2102	P1_minus_P0	1011	0.0035859067700123592
2102	P1_minus_P0	1012	0.002771900347599554
2102	P1_minus_P0	1013	0.0025474188250977914
2102	P1_minus_P0	1014	0.0046094926091174715
2102	P1_minus_P0	1015	0.0035287880720023534
2102	P1_minus_P0	1016	0.003894699573065097
2102	P1_minus_P0	1017	0.004457044344216343
2102	P1_minus_P0	1018	0.004598863922902485
2102	P1_minus_P0	1019	0.0042597704371652445
2102	P1_minus_P0	1020	0.0031552409627703115
2102	P1_minus_P0	1021	0.0028129849542961605
2102	P1_minus_P0	1022	0.00389011506149628
2102	P1_minus_P0	1023	0.00417634922902449
2102	P1_minus_P0	1024	0.005384892181868883
2102	P1_minus_P0	1025	0.0024180226324722054
2102	P1_minus_P0	1026	0.004247651779203276
2102	P1_minus_P0	1027	0.004008153993166119
2102	P1_minus_P0	1028	0.00180945128014387
2102	P1_minus_P0	1029	0.005029850022673754
2102	P1_minus_P0	1030	0.003279999326503469
2102	P1_minus_P0	1031	0.004020593819034801
2102	P1_minus_P0	1032	0.003458090021839666
2102	P1_minus_P0	1033	0.002950038842797431
2102	P1_minus_P0	1034	0.0034571098969726766
2102	P1_minus_P0	1035	0.0037622221917292253
2102	P1_minus_P0	1036	0.0037945090156766836
2102	P1_minus_P0	1037	0.0038135446501014747
2102	P1_minus_P0	1038	0.0042721186387612575
2102	P1_minus_P0	1039	0.0034433256509506793
2102	P1_minus_P0	1040	0.004165893123302844
2102	P1_minus_P0	1041	0.0031798055385864887
2102	P1_minus_P0	1042	0.0035077777252600084
2102	P1_minus_P0	1043	0.0031910825234079954
2102	P1_minus_P0	1044	0.003596632775909603
2102	P1_minus_P0	1045	0.0056385286517958155
2102	P1_minus_P0	1046	0.0028033756050805936
2102	P1_minus_P0	1047	0.00158988057352083
2102	P1_minus_P0	1048	0.004249657022954045
2102	P1_minus_P0	1049	0.003383335454226588
2102	P1_minus_P0	1050	0.004912254389913662
2102	P1_minus_P0	1051	0.003146765096723292
2102	P1_minus_P0	1052	0.002716054484656283
2102	P1_minus_P0	1053	0.004017189287952194
2102	P1_minus_P0	1054	0.003774056539904036
2102	P1_minus_P0	1055	0.0038332168655147436
2102	P1_minus_P0	1056	0.003951746193780192
2102	P1_minus_P0	1057	0.0037274472554918447
2102	P1_minus_P0	1058	0.003721219000192566
2102	P1_minus_P0	1059	0.0037124280341753746
2102	P1_minus_P0	1060	0.003296860756433928
2102	P1_minus_P0	1061	0.004337751326242922
2102	P1_minus_P0	1062	0.004467005401327495
2102	P1_minus_P0	1063	0.0033298105586828664
2102	P1_minus_P0	1064	0.0021532831749075942
2102	P1_minus_P0	1065	0.003967215802869906
2102	P1_minus_P0	1066	0.006227271591051076
2102	P1_minus_P0	1067	0.004959703477518507
2102	P1_minus_P0	1068	0.002330632492049678
2102	P1_minus_P0	1069	0.0038679770750071896
2102	P1_minus_P0	1070	0.0040924983922069336
2102	P1_minus_P0	1071	0.005246493143940101
2102	P1_minus_P0	1072	0.003649289031425862
2102	P1_minus_P0	1073	0.003928605222813963
2102	P1_minus_P0	1074	0.003541878684601152
2102	P1_minus_P0	1075	0.0034673755822109964
2102	P1_minus_P0	1076	0.002591950856097869
2102	P1_minus_P0	1077	0.0031473056160364887
2102	P1_minus_P0	1078	0.004643257779956611
2102	P1_minus_P0	1079	0.0030738309798221675
2102	P1_minus_P0	1080	0.0029071352995999056
2102	P1_minus_P0	1081	0.0029239757495221896
2102	P1_minus_P0	1082	0.004889509343320775
2102	P1_minus_P0	1083	0.003611473657495423
2102	P1_minus_P0	1084	0.0033624192477258452
2102	P1_minus_P0	1085	0.002741635923262098
2102	P1_minus_P0	1086	0.0036716936567521286
2102	P1_minus_P0	1087	0.00564245289684695
2102	P1_minus_P0	1088	0.0037700464922050814
2102	P1_minus_P0	1089	0.0027970389154113873
2102	P1_minus_P0	1090	0.003929132585450967
2102	P1_minus_P0	1091	0.003075331241104373
2102	P1_minus_P0	1092	0.0043479509202888345
2102	P1_minus_P0	1093	0.0033220901664328117
2102	P1_minus_P0	1094	0.005749359570406787
2102	P1_minus_P0	1095	0.0042721686438175754
2102	P1_minus_P0	1096	0.00486660221348062
2102	P1_minus_P0	1097	0.003989677234174427
2102	P1_minus_P0	1098	0.0025300281313686
2102	P1_minus_P0	1099	0.004172967265379857
2102	P1_minus_P0	1100	0.0028265484204538782
2102	P1_minus_P0	1101	0.0027508200196114663
2102	P1_minus_P0	1102	0.003266678309794546
2102	P1_minus_P0	1103	0.0028637147978781696
2102	P1_minus_P0	1104	0.0035364939002955342
2102	P1_minus_P0	1105	0.004101727430749935
2102	P1_minus_P0	1106	0.0037193069515073507
2102	P1_minus_P0	1107	0.0038672058682851507
2102	P1_minus_P0	1108	0.00357951939013168
2102	P1_minus_P0	1109	0.003516078571554726
2102	P1_minus_P0	1110	0.0028139253617823767
2102	P1_minus_P0	1111	0.005342539348989206
2102	P1_minus_P0	1112	0.004857134008743325
2102	P1_minus_P0	1113	0.00445557634727034
2102	P1_minus_P0	1114	0.002702385932285889
2102	P1_minus_P0	1115	0.0050409803101054695
2102	P1_minus_P0	1116	0.0045919892849947685
2102	P1_minus_P0	1117	0.004021101299623242
2102	P1_minus_P0	1118	0.003198627005528032
2102	P1_minus_P0	1119	0.002464332937376801
2102	P1_minus_P0	1120	0.0030427688011827603
2102	P1_minus_P0	1121	0.00257156571753403
2102	P1_minus_P0	1122	0.005095327996039456
2102	P1_minus_P0	1123	0.0034648521333418003
2102	P1_minus_P0	1124	0.005226143147440909
2102	P1_minus_P0	1125	0.002396752487761611
2102	P1_minus_P0	1126	0.0046934407844416715
2102	P1_minus_P0	1127	0.002721027945899235
2102	P1_minus_P0	1128	0.0045839709659750705
2102	P1_minus_P0	1129	0.0023168677102750057
2102	P1_minus_P0	1130	0.0014118795541822604
2102	P1_minus_P0	1131	0.004212078690815246
2102	P1_minus_P0	1132	0.0019166905127064315
2102	P1_minus_P0	1133	0.002867797865928279
2102	P1_minus_P0	1134	0.0029902474249123845
2102	P1_minus_P0	1135	0.004405932784919464
2102	P1_minus_P0	1136	0.0027148050646735866
2102	P1_minus_P0	1137	0.0035884858243308004
2102	P1_minus_P0	1138	0.003910711016597179
2102	P1_minus_P0	1139	0.004853357216316578
2102	P1_minus_P0	1140	0.004052963297320633
2102	P1_minus_P0	1141	0.004126908859098721
2102	P1_minus_P0	1142	0.004007758890453794
2102	P1_minus_P0	1143	0.004803340161627145
2102	P1_minus_P0	1144	0.004034303575223053
2102	P1_minus_P0	1145	0.004451358073519873
2102	P1_minus_P0	1146	0.004073669675367875
2102	P1_minus_P0	1147	0.004419259153660149
2102	P1_minus_P0	1148	0.004300767907418679
2102	P1_minus_P0	1149	0.0037745172636215463
2102	P1_minus_P0	1150	0.0032937317695983515
2102	P1_minus_P0	1151	0.004070041207419495
2102	P1_minus_P0	1152	0.003936897199878886
2102	P1_minus_P0	1153	0.004370407488863581
2102	P1_minus_P0	1154	0.004282988617045236
2102	P1_minus_P0	1155	0.002951428055787242
2102	P1_minus_P0	1156	0.00380163217062246
2102	P1_minus_P0	1157	0.0032758275053188513
2102	P1_minus_P0	1158	0.0030268769255570316
2102	P1_minus_P0	1159	0.003113141830979549
2102	P1_minus_P0	1160	0.003959036249908676
2102	P1_minus_P0	1161	0.002916468624301838
2102	P1_minus_P0	1162	0.004583042414010308
2102	P1_minus_P0	1163	0.00459124586637677
2102	P1_minus_P0	1164	0.0032876984839549928
2102	P1_minus_P0	1165	0.004208743120585279
2102	P1_minus_P0	1166	0.0048149273748440136
2102	P1_minus_P0	1167	0.0024569360524357986
2102	P1_minus_P0	1168	0.0031121462085794693
2102	P1_minus_P0	1169	0.0033342847740078785
2102	P1_minus_P0	1170	0.0038961570486680253
2102	P1_minus_P0	1171	0.004393191071078384
2102	P1_minus_P0	1172	0.003910114292681899
2102	P1_minus_P0	1173	0.004513517520407073
2102	P1_minus_P0	1174	0.0034680657090752076
2102	P1_minus_P0	1175	0.0009642270709024903
2102	P1_minus_P0	1176	0.003987758735543023
2102	P1_minus_P0	1177	0.004558177160960963
2102	P1_minus_P0	1178	0.0025898983750861637
2102	P1_minus_P0	1179	0.003481164831718675
2102	P1_minus_P0	1180	0.003708699930574877
2102	P1_minus_P0	1181	0.004358410562499915
2102	P1_minus_P0	1182	0.00312533856296926
2102	P1_minus_P0	1183	0.003173654521330893
2102	P1_minus_P0	1184	0.003122800537244508
2102	P1_minus_P0	1185	0.0023696581377001813
2102	P1_minus_P0	1186	0.003371584683713902
2102	P1_minus_P0	1187	0.0030616007412425095
2102	P1_minus_P0	1188	0.004426623987200895
2102	P1_minus_P0	1189	0.004439805782144035
2102	P1_minus_P0	1190	0.0045711132258627885
2102	P1_minus_P0	1191	0.0030830891313698428
2102	P1_minus_P0	1192	0.003581985091296369
2102	P1_minus_P0	1193	0.0032972544325412523
2102	P1_minus_P0	1194	0.003557575179732597
2102	P1_minus_P0	1195	0.002072969418030479
2102	P1_minus_P0	1196	0.003708016754389476
2102	P1_minus_P0	1197	0.004287338141164054
2102	P1_minus_P0	1198	0.003085984532450403
2102	P1_minus_P0	1199	0.0029912920851773994
2102	P1_minus_P0	1200	0.004121189031727146
2102	P1_minus_P0	1201	0.003569296807490463
2102	P1_minus_P0	1202	0.003147114022906794
2102	P1_minus_P0	1203	0.0038168026170407043
2102	P1_minus_P0	1204	0.004341661858747847
2102	P1_minus_P0	1205	0.003414780789895988
2102	P1_minus_P0	1206	0.0038656010293633414
2102	P1_minus_P0	1207	0.0037520580181403806
2102	P1_minus_P0	1208	0.0036221856991410784
2102	P1_minus_P0	1209	0.0035390540940292148
2102	P1_minus_P0	1210	0.0037663509637531067
2102	P1_minus_P0	1211	0.004014157063110091
2102	P1_minus_P0	1212	0.0030147427164918805
2102	P1_minus_P0	1213	0.0034414116095370373
2102	P1_minus_P0	1214	0.002610642817592268
2102	P1_minus_P0	1215	0.003592225032968188
2102	P1_minus_P0	1216	0.0036638150922879142
2102	P1_minus_P0	1217	0.0039662558545729976
2102	P1_minus_P0	1218	0.003764353475898874
2102	P1_minus_P0	1219	0.0035625676991989375
2102	P1_minus_P0	1220	0.003085916602115768
2102	P1_minus_P0	1221	0.004137482458589914
2102	P1_minus_P0	1222	0.004770465726884332
2102	P1_minus_P0	1223	0.003443350359008168
2102	P1_minus_P0	1224	0.004883677162958955
2102	P1_minus_P0	1225	0.0027461835498536757
2102	P1_minus_P0	1226	0.00443972566139883
2102	P1_minus_P0	1227	0.004251856523626973
2102	P1_minus_P0	1228	0.004706285989819259
2102	P1_minus_P0	1229	0.0029111488017780074
2102	P1_minus_P0	1230	0.003265026546701466
2102	P1_minus_P0	1231	0.0028665177493839566
2102	P1_minus_P0	1232	0.0034258107517533554
2102	P1_minus_P0	1233	0.0019524653753763
2102	P1_minus_P0	1234	0.0029767015122105778
2102	P1_minus_P0	1235	0.0035955406320083982
2102	P1_minus_P0	1236	0.0034759633456752925
2102	P1_minus_P0	1237	0.0034785491403110935
2102	P1_minus_P0	1238	0.005068473021016484
2102	P1_minus_P0	1239	0.0030460145878514755
2102	P1_minus_P0	1240	0.0037258307868577867
2102	P1_minus_P0	1241	0.003989497148305821
2102	P1_minus_P0	1242	0.0026682760887734025
2102	P1_minus_P0	1243	0.004046257330805214
2102	P1_minus_P0	1244	0.003489081545807682
2102	P1_minus_P0	1245	0.004834795270053371
2102	P1_minus_P0	1246	0.004060427499181951
2102	P1_minus_P0	1247	0.003089805464341233
2102	P1_minus_P0	1248	0.003534166094126767
2102	P1_minus_P0	1249	0.004536715875063102
2102	P1_minus_P0	1250	0.003632563786155396
2102	P1_minus_P0	1251	0.003990357854650184
2102	P1_minus_P0	1252	0.003943938162145333
2102	P1_minus_P0	1253	0.0035403134708403283
2102	P1_minus_P0	1254	0.003386882056759022
2102	P1_minus_P0	1255	0.004743973049398054
2102	P1_minus_P0	1256	0.004163102164104426
2102	P1_minus_P0	1257	0.0037730707385223994
2102	P1_minus_P0	1258	0.0030554190338589193
2102	P1_minus_P0	1259	0.004191458740375409
2102	P1_minus_P0	1260	0.004546905542286761
2102	P1_minus_P0	1261	0.0032319675536080505
2102	P1_minus_P0	1262	0.003908675805427364
2102	P1_minus_P0	1263	0.002672933587689663
2102	P1_minus_P0	1264	0.004036444898618152
2102	P1_minus_P0	1265	0.0023203468133177196
2102	P1_minus_P0	1266	0.0038484938522155843
2102	P1_minus_P0	1267	0.004398694554900773
2102	P1_minus_P0	1268	0.003634631375354136
2102	P1_minus_P0	1269	0.0033403033964349294
2102	P1_minus_P0	1270	0.002493538645317872
2102	P1_minus_P0	1271	0.0038637835385542108
2102	P1_minus_P0	1272	0.004407792025084956
2102	P1_minus_P0	1273	0.0026215769004175327
2102	P1_minus_P0	1274	0.0032936584613919573
2102	P1_minus_P0	1275	0.003652264649407655
2102	P1_minus_P0	1276	0.004462848725249491
2102	P1_minus_P0	1277	0.00321530249774421
2102	P1_minus_P0	1278	0.00261531896535927
2102	P1_minus_P0	1279	0.00296183788405191
2102	P1_minus_P0	1280	0.003877201593534052
2102	P1_minus_P0	1281	0.004260573430649894
2102	P1_minus_P0	1282	0.003833560586487761
2102	P1_minus_P0	1283	0.0038864429757210495
2102	P1_minus_P0	1284	0.002919099611373488
2102	P1_minus_P0	1285	0.0029432329419371017
2102	P1_minus_P0	1286	0.0048111576264655564
2102	P1_minus_P0	1287	0.004874786596421654
2102	P1_minus_P0	1288	0.005617406791005197
2102	P1_minus_P0	1289	0.00508436311538929
2102	P1_minus_P0	1290	0.004584393697778966
2102	P1_minus_P0	1291	0.002978514365449436
2102	P1_minus_P0	1292	0.0038992940813670773
2102	P1_minus_P0	1293	0.004036154576823825
2102	P1_minus_P0	1294	0.0035746800220823882
2102	P1_minus_P0	1295	0.0034250603559011217
2102	P1_minus_P0	1296	0.0022875785160123563
2102	P1_minus_P0	1297	0.0028931499237694336
2102	P1_minus_P0	1298	0.004189595627219267
2102	P1_minus_P0	1299	0.0035890755674067853
2102	P1_minus_P0	1300	0.0029597532248401004
2102	P1_minus_P0	1301	0.0035033798087801826
2102	P1_minus_P0	1302	0.004050359552862148
2102	P1_minus_P0	1303	0.004695916785389276
2102	P1_minus_P0	1304	0.0033870887482374545
2102	P1_minus_P0	1305	0.0034156838758630514
2102	P1_minus_P0	1306	0.0030335102288569504
2102	P1_minus_P0	1307	0.004289080120632893
2102	P1_minus_P0	1308	0.004421144029391866
2102	P1_minus_P0	1309	0.0034930693383135036
2102	P1_minus_P0	1310	0.004215991513326411
2102	P1_minus_P0	1311	0.0026987226222309757
2102	P1_minus_P0	1312	0.003662802331775239
2102	P1_minus_P0	1313	0.00485390069779823
2102	P1_minus_P0	1314	0.002966714394160963
2102	P1_minus_P0	1315	0.0037817313845976974
2102	P1_minus_P0	1316	0.0046257473074559075
2102	P1_minus_P0	1317	0.0036117531394614377
2102	P1_minus_P0	1318	0.004194744135995854
2102	P1_minus_P0	1319	0.0025782691847188177
2102	P1_minus_P0	1320	0.004592786034696594
2102	P1_minus_P0	1321	0.0030610750099144823
2102	P1_minus_P0	1322	0.0026456283108047263
2102	P1_minus_P0	1323	0.004124208236499616
2102	P1_minus_P0	1324	0.0043214490180340515
2102	P1_minus_P0	1325	0.0037562530488532975
2102	P1_minus_P0	1326	0.003347221766768216
2102	P1_minus_P0	1327	0.003196865896173462
2102	P1_minus_P0	1328	0.004084306364417811
2102	P1_minus_P0	1329	0.004342346295912514
2102	P1_minus_P0	1330	0.003859582448284271
2102	P1_minus_P0	1331	0.003402608187779932
2102	P1_minus_P0	1332	0.0017733345910778686
2102	P1_minus_P0	1333	0.003748860126795428
2102	P1_minus_P0	1334	0.004348891920067988
2102	P1_minus_P0	1335	0.0033153393709421386
2102	P1_minus_P0	1336	0.00372127261898314
2102	P1_minus_P0	1337	0.0040921343652605136
2102	P1_minus_P0	1338	0.0056716176703003884
2102	P1_minus_P0	1339	0.0040462722030365494
2102	P1_minus_P0	1340	0.003805834294367816
2102	P1_minus_P0	1341	0.0054866453351773425
2102	P1_minus_P0	1342	0.0030348360667626917
2102	P1_minus_P0	1343	0.004071579941856529
2102	P1_minus_P0	1344	0.0036503176174450536
2102	P1_minus_P0	1345	0.004294454692048366
2102	P1_minus_P0	1346	0.0038411180647258125
2102	P1_minus_P0	1347	0.0036781021134148495
2102	P1_minus_P0	1348	0.004001712845540406
2102	P1_minus_P0	1349	0.00512993401606443
2102	P1_minus_P0	1350	0.0044656439648609325
2102	P1_minus_P0	1351	0.0019800871790849883
2102	P1_minus_P0	1352	0.004941446006922312
2102	P1_minus_P0	1353	0.004440750757931822
2102	P1_minus_P0	1354	0.0029193861575827484
2102	P1_minus_P0	1355	0.001619516360804707
2102	P1_minus_P0	1356	0.003068360227649336
2102	P1_minus_P0	1357	0.0024631788797470078
2102	P1_minus_P0	1358	0.0015257052014858719
2102	P1_minus_P0	1359	0.005811591984769882
2102	P1_minus_P0	1360	0.004170111568104817
2102	P1_minus_P0	1361	0.0014052382514959105
2102	P1_minus_P0	1362	0.0039194718792433525
2102	P1_minus_P0	1363	0.0029703194177175263
2102	P1_minus_P0	1364	0.0034160001711088794
2102	P1_minus_P0	1365	0.004122301403887474
2102	P1_minus_P0	1366	0.0025193326055125143
2102	P1_minus_P0	1367	0.00397651068702265
2102	P1_minus_P0	1368	0.004825390244374506
2102	P1_minus_P0	1369	0.00399589634956421
2102	P1_minus_P0	1370	0.003492214315678921
2102	P1_minus_P0	1371	0.004179788866327083
2102	P1_minus_P0	1372	0.002408601360219642
2102	P1_minus_P0	1373	0.0034306610438674112
2102	P1_minus_P0	1374	0.003730619217037212
2102	P1_minus_P0	1375	0.0036834531982418706
2102	P1_minus_P0	1376	0.004357235366284518
2102	P1_minus_P0	1377	0.004046816838068068
2102	P1_minus_P0	1378	0.0038528896443767446
2102	P1_minus_P0	1379	0.005689484360015706
2102	P1_minus_P0	1380	0.003730365884160758
2102	P1_minus_P0	1381	0.004039739910622786
2102	P1_minus_P0	1382	0.0018929068631121648
2102	P1_minus_P0	1383	0.004019404035364993
2102	P1_minus_P0	1384	0.0034578870765215597
2102	P1_minus_P0	1385	0.0033364285014232387
2102	P1_minus_P0	1386	0.005268359551625745
2102	P1_minus_P0	1387	0.0019320356451457688
2102	P1_minus_P0	1388	0.00241566386089892
2102	P1_minus_P0	1389	0.004288158566994937
2102	P1_minus_P0	1390	0.004244987653769128
2102	P1_minus_P0	1391	0.0034943012392321116
2102	P1_minus_P0	1392	0.0019868916814043125
2102	P1_minus_P0	1393	0.003842317250127625
2102	P1_minus_P0	1394	0.001879176459781029
2102	P1_minus_P0	1395	0.0028790807705545984
2102	P1_minus_P0	1396	0.004992753456419141
2102	P1_minus_P0	1397	0.0032317105785188427
2102	P1_minus_P0	1398	0.0026311213263534583
2102	P1_minus_P0	1399	0.00396547135507469
2102	P1_minus_P0	1400	0.0031987229191176025
2102	P1_minus_P0	1401	0.0026457385833748015
2102	P1_minus_P0	1402	0.0038483370106294768
2102	P1_minus_P0	1403	0.0035860158388788532
2102	P1_minus_P0	1404	0.0030689999129935863
2102	P1_minus_P0	1405	0.0030740818545629822
2102	P1_minus_P0	1406	0.0036576255236644983
2102	P1_minus_P0	1407	0.0036478360044595037
2102	P1_minus_P0	1408	0.0050022669155890265
2102	P1_minus_P0	1409	0.0032053666782954626
2102	P1_minus_P0	1410	0.004253838008694721
2102	P1_minus_P0	1411	0.003328867744829156
2102	P1_minus_P0	1412	0.003359432892592551
2102	P1_minus_P0	1413	0.003852714997590323
2102	P1_minus_P0	1414	0.0032680871287345536
2102	P1_minus_P0	1415	0.004620350579148613
2102	P1_minus_P0	1416	0.0037842809533572552
2102	P1_minus_P0	1417	0.0027720923211723147
2102	P1_minus_P0	1418	0.00321792300932211
2102	P1_minus_P0	1419	0.00375206210386525
2102	P1_minus_P0	1420	0.0035217159521448993
2102	P1_minus_P0	1421	0.0030804978920173642
2102	P1_minus_P0	1422	0.004305697360704186
2102	P1_minus_P0	1423	0.004087648187854287
2102	P1_minus_P0	1424	0.0028382619791988972
2102	P1_minus_P0	1425	0.0021344732776760744
2102	P1_minus_P0	1426	0.004188294480020782
2102	P1_minus_P0	1427	0.0021802071664100975
2102	P1_minus_P0	1428	0.003878378906013391
2102	P1_minus_P0	1429	0.00327529153295264
2102	P1_minus_P0	1430	0.0029456105082265593
2102	P1_minus_P0	1431	0.002524198529732846
2102	P1_minus_P0	1432	0.0042612669368508604
2102	P1_minus_P0	1433	0.0036847631065268227
2102	P1_minus_P0	1434	0.004752157651523814
2102	P1_minus_P0	1435	0.003673756239745918
2102	P1_minus_P0	1436	0.0027627886237732158
2102	P1_minus_P0	1437	0.0043323946901033805
2102	P1_minus_P0	1438	0.004617980875509409
2102	P1_minus_P0	1439	0.0033951886164135248
2102	P1_minus_P0	1440	0.005366688782016016
2102	P1_minus_P0	1441	0.003754222693112097
2102	P1_minus_P0	1442	0.0035960598634706686
2102	P1_minus_P0	1443	0.005000920921962304
2102	P1_minus_P0	1444	0.0034090438020484837
2102	P1_minus_P0	1445	0.004225760692042724
2102	P1_minus_P0	1446	0.0031470354679085655
2102	P1_minus_P0	1447	0.0030673453610531864
2102	P1_minus_P0	1448	0.003589363481384722
2102	P1_minus_P0	1449	0.004352345040518457
2102	P1_minus_P0	1450	0.0033857461509783082
2102	P1_minus_P0	1451	0.0035566725535686183
2102	P1_minus_P0	1452	0.003624725121578909
2102	P1_minus_P0	1453	0.0045532442376344795
2102	P1_minus_P0	1454	0.0037735647962525154
2102	P1_minus_P0	1455	0.0030320256520406375
2102	P1_minus_P0	1456	0.003156119867237628
2102	P1_minus_P0	1457	0.003803858881658073
2102	P1_minus_P0	1458	0.004687969833895855
2102	P1_minus_P0	1459	0.00400761543549244
2102	P1_minus_P0	1460	0.004948387692986611
2102	P1_minus_P0	1461	0.0030300150308625318
2102	P1_minus_P0	1462	0.0035337373955233176
2102	P1_minus_P0	1463	0.0038450866419575125
2102	P1_minus_P0	1464	0.0033025638028725823
2102	P1_minus_P0	1465	0.002679354050834193
2102	P1_minus_P0	1466	0.004265123284233341
2102	P1_minus_P0	1467	0.0020507847990413053
2102	P1_minus_P0	1468	0.004047259128096892
2102	P1_minus_P0	1469	0.0026188581067601024
2102	P1_minus_P0	1470	0.0037814453248094515
2102	P1_minus_P0	1471	0.004516963174261812
2102	P1_minus_P0	1472	0.00371843902729746
2102	P1_minus_P0	1473	0.0032394917090086683
2102	P1_minus_P0	1474	0.00408709961186271
2102	P1_minus_P0	1475	0.003413417969102439
2102	P1_minus_P0	1476	0.001295516412671116
2102	P1_minus_P0	1477	0.0026274435720450295
2102	P1_minus_P0	1478	0.004041228148662479
2102	P1_minus_P0	1479	0.0030024266663827293
2102	P1_minus_P0	1480	0.0036166267207780045
2102	P1_minus_P0	1481	0.0027663231596298243
2102	P1_minus_P0	1482	0.0038636827204795443
2102	P1_minus_P0	1483	0.00433844831730168
2102	P1_minus_P0	1484	0.0034773363450233963
2102	P1_minus_P0	1485	0.004013591729288557
2102	P1_minus_P0	1486	0.003134072531010057
2102	P1_minus_P0	1487	0.002931862548139541
2102	P1_minus_P0	1488	0.005780711440284136
2102	P1_minus_P0	1489	0.002009713977340233
2102	P1_minus_P0	1490	0.0039492914771044885
2102	P1_minus_P0	1491	0.0035277850083130224
2102	P1_minus_P0	1492	0.003152254873045407
2102	P1_minus_P0	1493	0.004384891766441856
2102	P1_minus_P0	1494	0.004320475561764459
2102	P1_minus_P0	1495	0.004967318115781105
2102	P1_minus_P0	1496	0.0023418888950972327
2102	P1_minus_P0	1497	0.0039892932641422685
2102	P1_minus_P0	1498	0.0038089680565370765
2102	P1_minus_P0	1499	0.003972879194942436
2102	P1_minus_P0	1500	0.003528880354995323
2102	P1_minus_P0	1501	0.003436276753739198
2102	P1_minus_P0	1502	0.0042124400831504705
2102	P1_minus_P0	1503	0.0034825689640408664
2102	P1_minus_P0	1504	0.0036049578565868767
2102	P1_minus_P0	1505	0.00365498760366767
2102	P1_minus_P0	1506	0.0032556832480924447
2102	P1_minus_P0	1507	0.004514237604156479
2102	P1_minus_P0	1508	0.003218240403080719
2102	P1_minus_P0	1509	0.0036480254883541896
2102	P1_minus_P0	1510	0.0025781306430535667
2102	P1_minus_P0	1511	0.003542321742712573
2102	P1_minus_P0	1512	0.0031105497075124555
2102	P1_minus_P0	1513	0.004015569882996561
2102	P1_minus_P0	1514	0.0035521221896160915
2102	P1_minus_P0	1515	0.0036521658565752957
2102	P1_minus_P0	1516	0.0041489057187177325
2102	P1_minus_P0	1517	0.0034372652813686733
2102	P1_minus_P0	1518	0.005210906589749265
2102	P1_minus_P0	1519	0.0036226245310885252
2102	P1_minus_P0	1520	0.002830924457447176
2102	P1_minus_P0	1521	0.003304696746372404
2102	P1_minus_P0	1522	0.0038406329570132014
2102	P1_minus_P0	1523	0.002833468888039037
2102	P1_minus_P0	1524	0.0047370979203532615
2102	P1_minus_P0	1525	0.0030468075220020374
2102	P1_minus_P0	1526	0.004457108546664923
2102	P1_minus_P0	1527	0.0026460613365149044
2102	P1_minus_P0	1528	0.003950078380502375
2102	P1_minus_P0	1529	0.003962328215426247
2102	P1_minus_P0	1530	0.0038513533224545093
2102	P1_minus_P0	1531	0.0036170049171987406
2102	P1_minus_P0	1532	0.004287643017352405
2102	P1_minus_P0	1533	0.003410722213061157
2102	P1_minus_P0	1534	0.003235248189801254
2102	P1_minus_P0	1535	0.0037511901225075195
2102	P1_minus_P0	1536	0.0032206443367255866
2102	P1_minus_P0	1537	0.003883428558530133
2102	P1_minus_P0	1538	0.005088193930070761
2102	P1_minus_P0	1539	0.003874686486271206
2102	P1_minus_P0	1540	0.003643477570507092
2102	P1_minus_P0	1541	0.0033324217313109306
2102	P1_minus_P0	1542	0.004090642982499837
2102	P1_minus_P0	1543	0.0040503610387200295
2102	P1_minus_P0	1544	0.003458954937541281
2102	P1_minus_P0	1545	0.003045389483676164
2102	P1_minus_P0	1546	0.003505679837304876
2102	P1_minus_P0	1547	0.004412371975996643
2102	P1_minus_P0	1548	0.004119123694251936
2102	P1_minus_P0	1549	0.003684867030550598
2102	P1_minus_P0	1550	0.004584933853190143
2102	P1_minus_P0	1551	0.002815514928558027
2102	P1_minus_P0	1552	0.0035151556017797847
2102	P1_minus_P0	1553	0.0024229792497355573
2102	P1_minus_P0	1554	0.002555191046930805
2102	P1_minus_P0	1555	0.0043655047505444244
2102	P1_minus_P0	1556	0.0051317387105774825
2102	P1_minus_P0	1557	0.004606147638107128
2102	P1_minus_P0	1558	0.00353301589027355
2102	P1_minus_P0	1559	0.00438457993046093
2102	P1_minus_P0	1560	0.004320678938825817
2102	P1_minus_P0	1561	0.0038335943479280155
2102	P1_minus_P0	1562	0.0028801326625341184
2102	P1_minus_P0	1563	0.003961833446898377
2102	P1_minus_P0	1564	0.0035914593470701694
2102	P1_minus_P0	1565	0.004580967420010518
2102	P1_minus_P0	1566	0.0014386211247688907
2102	P1_minus_P0	1567	0.002292654788303261
2102	P1_minus_P0	1568	0.003812986375157229
2102	P1_minus_P0	1569	0.0036216827572160826
2102	P1_minus_P0	1570	0.005108724765647277
2102	P1_minus_P0	1571	0.003350866073622727
2102	P1_minus_P0	1572	0.004773506311215758
2102	P1_minus_P0	1573	0.002574719608536724
2102	P1_minus_P0	1574	0.003979170917672636
2102	P1_minus_P0	1575	0.004255821184137976
2102	P1_minus_P0	1576	0.003581865394542416
2102	P1_minus_P0	1577	0.0027859200699754116
2102	P1_minus_P0	1578	0.0041210865535689645
2102	P1_minus_P0	1579	0.003265092009809345
2102	P1_minus_P0	1580	0.003892261018251131
2102	P1_minus_P0	1581	0.0037767969757512843
2102	P1_minus_P0	1582	0.0038864256977523826
2102	P1_minus_P0	1583	0.003151798874701739
2102	P1_minus_P0	1584	0.0022296713246303668
2102	P1_minus_P0	1585	0.0025301117099428283
2102	P1_minus_P0	1586	0.004412424099222156
2102	P1_minus_P0	1587	0.0032097009555230316
2102	P1_minus_P0	1588	0.003371577750921284
2102	P1_minus_P0	1589	0.00375141359333353
2102	P1_minus_P0	1590	0.004269243401465395
2102	P1_minus_P0	1591	0.004568490656535085
2102	P1_minus_P0	1592	0.0034873831964610247
2102	P1_minus_P0	1593	0.0027155999421726307
2102	P1_minus_P0	1594	0.002794116082682707
2102	P1_minus_P0	1595	0.002718760231198769
2102	P1_minus_P0	1596	0.002404826158893536
2102	P1_minus_P0	1597	0.0028688242771567896
2102	P1_minus_P0	1598	0.0033550665427165005
2102	P1_minus_P0	1599	0.003454295924472217
2102	P1_minus_P0	1600	0.0028351800668947047
2102	P1_minus_P0	1601	0.0024520490760309155
2102	P1_minus_P0	1602	0.0031167197090741228
2102	P1_minus_P0	1603	0.0026585265655119095
2102	P1_minus_P0	1604	0.0029457375294029142
2102	P1_minus_P0	1605	0.002422947074805948
2102	P1_minus_P0	1606	0.005044052182057168
2102	P1_minus_P0	1607	0.0044173026236207225
2102	P1_minus_P0	1608	0.004369636988133863
2102	P1_minus_P0	1609	0.0036734374494122313
2102	P1_minus_P0	1610	0.004419081493873989
2102	P1_minus_P0	1611	0.0017298136817465726
2102	P1_minus_P0	1612	0.0028782154469532695
2102	P1_minus_P0	1613	0.003940323714338445
2102	P1_minus_P0	1614	0.0024367901968784245
2102	P1_minus_P0	1615	0.004436594054151588
2102	P1_minus_P0	1616	0.0034257866749523025
2102	P1_minus_P0	1617	0.0032346356006380805
2102	P1_minus_P0	1618	0.0044949570871571365
2102	P1_minus_P0	1619	0.0038343871904671367
2102	P1_minus_P0	1620	0.0036364183217053037
2102	P1_minus_P0	1621	0.0028757046374526807
2102	P1_minus_P0	1622	0.0030196893559553684
2102	P1_minus_P0	1623	0.0027631300541597348
2102	P1_minus_P0	1624	0.003421471477800697
2102	P1_minus_P0	1625	0.004171779296571032
2102	P1_minus_P0	1626	0.0027887287367219793
2102	P1_minus_P0	1627	0.002707856829985311
2102	P1_minus_P0	1628	0.003617432437724888
2102	P1_minus_P0	1629	0.0026383551415967155
2102	P1_minus_P0	1630	0.004061597664322014
2102	P1_minus_P0	1631	0.0037570046121060963
2102	P1_minus_P0	1632	0.0033167821141927845
2102	P1_minus_P0	1633	0.002454305497919085
2102	P1_minus_P0	1634	0.004191433751530971
2102	P1_minus_P0	1635	0.004117447862424184
2102	P1_minus_P0	1636	0.0032123285909398946
2102	P1_minus_P0	1637	0.0037560069409456887
2102	P1_minus_P0	1638	0.0035571220363099787
2102	P1_minus_P0	1639	0.004434462070794454
2102	P1_minus_P0	1640	0.003295909464651914
2102	P1_minus_P0	1641	0.004785587841905414
2102	P1_minus_P0	1642	0.003897790518524624
2102	P1_minus_P0	1643	0.0036370420077724286
2102	P1_minus_P0	1644	0.0029843040905017104
2102	P1_minus_P0	1645	0.003288223455646888
2102	P1_minus_P0	1646	0.002968933288337361
2102	P1_minus_P0	1647	0.003718298493177341
2102	P1_minus_P0	1648	0.0016112417441006555
2102	P1_minus_P0	1649	0.004436216956407502
2102	P1_minus_P0	1650	0.0038519873371444247
2102	P1_minus_P0	1651	0.0035274722211654508
2102	P1_minus_P0	1652	0.0038699823537858835
2102	P1_minus_P0	1653	0.00379925554798044
2102	P1_minus_P0	1654	0.004097851562642085
2102	P1_minus_P0	1655	0.004071055147863711
2102	P1_minus_P0	1656	0.003114488225228196
2102	P1_minus_P0	1657	0.0042642525565168565
2102	P1_minus_P0	1658	0.002740213808662184
2102	P1_minus_P0	1659	0.0024415386416292706
2102	P1_minus_P0	1660	0.0037196879697403706
2102	P1_minus_P0	1661	0.004138587441784303
2102	P1_minus_P0	1662	0.004015040491570976
2102	P1_minus_P0	1663	0.00286240929605458
2102	P1_minus_P0	1664	0.0027479011497439365
2102	P1_minus_P0	1665	0.004424608292361021
2102	P1_minus_P0	1666	0.002246227075909546
2102	P1_minus_P0	1667	0.003306308538288172
2102	P1_minus_P0	1668	0.005529975863690195
2102	P1_minus_P0	1669	0.0034999176828391376
2102	P1_minus_P0	1670	0.004417390392560616
2102	P1_minus_P0	1671	0.005820407547264983
2102	P1_minus_P0	1672	0.0023693270605102956
2102	P1_minus_P0	1673	0.004984181276846744
2102	P1_minus_P0	1674	0.004610766779021558
2102	P1_minus_P0	1675	0.0035972420949355044
2102	P1_minus_P0	1676	0.004781135127327474
2102	P1_minus_P0	1677	0.004502331028097939
2102	P1_minus_P0	1678	0.00404323190069511
2102	P1_minus_P0	1679	0.004060991176985718
2102	P1_minus_P0	1680	0.00441890466171474
2102	P1_minus_P0	1681	0.002534468038718818
2102	P1_minus_P0	1682	0.0019277336173433857
2102	P1_minus_P0	1683	0.004033184819707547
2102	P1_minus_P0	1684	0.003121955669687204
2102	P1_minus_P0	1685	0.0023090130802270736
2102	P1_minus_P0	1686	0.004191815142729816
2102	P1_minus_P0	1687	0.0034925824140517037
2102	P1_minus_P0	1688	0.004845994540066179
2102	P1_minus_P0	1689	0.0034437292216653592
2102	P1_minus_P0	1690	0.0024073061441192145
2102	P1_minus_P0	1691	0.0044137354818967744
2102	P1_minus_P0	1692	0.0047918087952502075
2102	P1_minus_P0	1693	0.003793656679138613
2102	P1_minus_P0	1694	0.0032301552451974302
2102	P1_minus_P0	1695	0.0019202002279343766
2102	P1_minus_P0	1696	0.003668581766570922
2102	P1_minus_P0	1697	0.004433321551019609
2102	P1_minus_P0	1698	0.0038536420414436723
2102	P1_minus_P0	1699	0.0035882036622517655
2102	P1_minus_P0	1700	0.003729898703490331
2102	P1_minus_P0	1701	0.004125421598343226
2102	P1_minus_P0	1702	0.004492552195023203
2102	P1_minus_P0	1703	0.004252544372035483
2102	P1_minus_P0	1704	0.004515357586782676
2102	P1_minus_P0	1705	0.00539248226630229
2102	P1_minus_P0	1706	0.003110106911742294
2102	P1_minus_P0	1707	0.004419666438124137
2102	P1_minus_P0	1708	0.0028048449407136467
2102	P1_minus_P0	1709	0.003977405783090526
2102	P1_minus_P0	1710	0.003787743364162266
2102	P1_minus_P0	1711	0.0038919433675868587
2102	P1_minus_P0	1712	0.004292363819278222
2102	P1_minus_P0	1713	0.0036894650419492248
2102	P1_minus_P0	1714	0.002496303483039808
2102	P1_minus_P0	1715	0.0037170945867722183
2102	P1_minus_P0	1716	0.003387803090176389
2102	P1_minus_P0	1717	0.004567275343663746
2102	P1_minus_P0	1718	0.003747489551740979
2102	P1_minus_P0	1719	0.004018693513576643
2102	P1_minus_P0	1720	0.003087396117022023
2102	P1_minus_P0	1721	0.003388619094047529
2102	P1_minus_P0	1722	0.0035887946069436127
2102	P1_minus_P0	1723	0.005060217794019217
2102	P1_minus_P0	1724	0.004685914018924098
2102	P1_minus_P0	1725	0.004441798505837036
2102	P1_minus_P0	1726	0.0037952462322582425
2102	P1_minus_P0	1727	0.0036687184020266494
2102	P1_minus_P0	1728	0.0027177317921423527
2102	P1_minus_P0	1729	0.002103142288901072
2102	P1_minus_P0	1730	0.004313318896778551
2102	P1_minus_P0	1731	0.0037942962843978134
2102	P1_minus_P0	1732	0.0035990553575322437
2102	P1_minus_P0	1733	0.004666296868068021
2102	P1_minus_P0	1734	0.003408229432906862
2102	P1_minus_P0	1735	0.004632385351657109
2102	P1_minus_P0	1736	0.0030574796948867333
2102	P1_minus_P0	1737	0.0026852441972145535
2102	P1_minus_P0	1738	0.0037977542813095733
2102	P1_minus_P0	1739	0.004781497103923338
2102	P1_minus_P0	1740	0.0036123973564312073
2102	P1_minus_P0	1741	0.003107451388447924
2102	P1_minus_P0	1742	0.00432929565361162
2102	P1_minus_P0	1743	0.0033499241584067363
2102	P1_minus_P0	1744	0.0029144650461301325
2102	P1_minus_P0	1745	0.0035896220359720177
2102	P1_minus_P0	1746	0.0035342643901651316
2102	P1_minus_P0	1747	0.002933532934016103
2102	P1_minus_P0	1748	0.003181631438730681
2102	P1_minus_P0	1749	0.0030423792461127253
2102	P1_minus_P0	1750	0.004220991043275724
2102	P1_minus_P0	1751	0.0031928576539024256
2102	P1_minus_P0	1752	0.002089442609445713
2102	P1_minus_P0	1753	0.0021309367640239274
2102	P1_minus_P0	1754	0.004731220916803225
2102	P1_minus_P0	1755	0.0027730975984948114
2102	P1_minus_P0	1756	0.005238824521582586
2102	P1_minus_P0	1757	0.003400253916192808
2102	P1_minus_P0	1758	0.0035056945403789674
2102	P1_minus_P0	1759	0.0028723550124283292
2102	P1_minus_P0	1760	0.0034072992990910045
2102	P1_minus_P0	1761	0.0036716285456076525
2102	P1_minus_P0	1762	0.004720725108962154
2102	P1_minus_P0	1763	0.0043252035891734875
2102	P1_minus_P0	1764	0.0033562232645634182
2102	P1_minus_P0	1765	0.0038521347637276993
2102	P1_minus_P0	1766	0.0032878268560544988
2102	P1_minus_P0	1767	0.0026920713079784386
2102	P1_minus_P0	1768	0.0038147920807878877
2102	P1_minus_P0	1769	0.004155151432652215
2102	P1_minus_P0	1770	0.003452173444338791
2102	P1_minus_P0	1771	0.004525643797068046
2102	P1_minus_P0	1772	0.004040112410387542
2102	P1_minus_P0	1773	0.0035043833130947166
2102	P1_minus_P0	1774	0.0038812245930484046
2102	P1_minus_P0	1775	0.00478385127051939
2102	P1_minus_P0	1776	0.005054545644025965
2102	P1_minus_P0	1777	0.0041170835928867056
2102	P1_minus_P0	1778	0.0037875543775117704
2102	P1_minus_P0	1779	0.0037388737474030043
2102	P1_minus_P0	1780	0.0031817464916956695
2102	P1_minus_P0	1781	0.003674859494613547
2102	P1_minus_P0	1782	0.003999044617324088
2102	P1_minus_P0	1783	0.0041813293241586
2102	P1_minus_P0	1784	0.003390925298663805
2102	P1_minus_P0	1785	0.0034589857368639843
2102	P1_minus_P0	1786	0.0031913019698691647
2102	P1_minus_P0	1787	0.003941723085594595
2102	P1_minus_P0	1788	0.00269226677483847
2102	P1_minus_P0	1789	0.0028120217747877874
2102	P1_minus_P0	1790	0.004037683378409984
2102	P1_minus_P0	1791	0.0049453250768291546
2102	P1_minus_P0	1792	0.005328099682719578
2102	P1_minus_P0	1793	0.0037350311983350704
2102	P1_minus_P0	1794	0.0024639057173715395
2102	P1_minus_P0	1795	0.004706562562910688
2102	P1_minus_P0	1796	0.0034864517069352896
2102	P1_minus_P0	1797	0.003720932638571095
2102	P1_minus_P0	1798	0.003967538127731429
2102	P1_minus_P0	1799	0.002404512976219131
2102	P1_minus_P0	1800	0.0046511268185498444
2102	P1_minus_P0	1801	0.004081400729600171
2102	P1_minus_P0	1802	0.004813903751041848
2102	P1_minus_P0	1803	0.003107656311215512
2102	P1_minus_P0	1804	0.0029436747669349117
2102	P1_minus_P0	1805	0.00416894368131826
2102	P1_minus_P0	1806	0.003361582781720218
2102	P1_minus_P0	1807	0.004276543616805184
2102	P1_minus_P0	1808	0.003725465981567533
2102	P1_minus_P0	1809	0.002638300769647439
2102	P1_minus_P0	1810	0.0034624838822910897
2102	P1_minus_P0	1811	0.0031168306864211015
2102	P1_minus_P0	1812	0.003193291480613536
2102	P1_minus_P0	1813	0.00268698544477447
2102	P1_minus_P0	1814	0.003938483855427666
2102	P1_minus_P0	1815	0.002611235658323996
2102	P1_minus_P0	1816	0.003345321090932718
2102	P1_minus_P0	1817	0.004257849521577428
2102	P1_minus_P0	1818	0.0032974085984667223
2102	P1_minus_P0	1819	0.004275144596197933
2102	P1_minus_P0	1820	0.0032675444399553055
2102	P1_minus_P0	1821	0.005266922021562703
2102	P1_minus_P0	1822	0.0036253517758797482
2102	P1_minus_P0	1823	0.002786212125463261
2102	P1_minus_P0	1824	0.003153116491406427
2102	P1_minus_P0	1825	0.0027455015746302713
2102	P1_minus_P0	1826	0.00447881295130842
2102	P1_minus_P0	1827	0.0036294061014287005
2102	P1_minus_P0	1828	0.0050850049177537104
2102	P1_minus_P0	1829	0.002811844089724347
2102	P1_minus_P0	1830	0.0034573119075106407
2102	P1_minus_P0	1831	0.0034889525314997227
2102	P1_minus_P0	1832	0.003905579268481174
2102	P1_minus_P0	1833	0.002233140213747209
2102	P1_minus_P0	1834	0.004206404550153642
2102	P1_minus_P0	1835	0.0036312024082590377
2102	P1_minus_P0	1836	0.002371686440981069
2102	P1_minus_P0	1837	0.004715746587647951
2102	P1_minus_P0	1838	0.002711463472347797
2102	P1_minus_P0	1839	0.004467913366823284
2102	P1_minus_P0	1840	0.002952066722554214
2102	P1_minus_P0	1841	0.0028261103003393018
2102	P1_minus_P0	1842	0.00455510441358839
2102	P1_minus_P0	1843	0.0016997649074368404
2102	P1_minus_P0	1844	0.004692926897715721
2102	P1_minus_P0	1845	0.0026033102355192406
2102	P1_minus_P0	1846	0.0038185481268996346
2102	P1_minus_P0	1847	0.004724827895274619
2102	P1_minus_P0	1848	0.0042561855754432165
2102	P1_minus_P0	1849	0.0038560703757939407
2102	P1_minus_P0	1850	0.0032823527122335383
2102	P1_minus_P0	1851	0.004827792726490587
2102	P1_minus_P0	1852	0.002918802834811385
2102	P1_minus_P0	1853	0.00375319611700059
2102	P1_minus_P0	1854	0.0023326868272155743
2102	P1_minus_P0	1855	0.003509332519395114
2102	P1_minus_P0	1856	0.0037131959672295767
2102	P1_minus_P0	1857	0.0030272520405441594
2102	P1_minus_P0	1858	0.0019088442140706707
2102	P1_minus_P0	1859	0.003320757468472879
2102	P1_minus_P0	1860	0.002610628653096969
2102	P1_minus_P0	1861	0.0034427614334903156
2102	P1_minus_P0	1862	0.00399539949971639
2102	P1_minus_P0	1863	0.003597385074400661
2102	P1_minus_P0	1864	0.002315852899658466
2102	P1_minus_P0	1865	0.0031434284339070806
2102	P1_minus_P0	1866	0.0018648390025066686
2102	P1_minus_P0	1867	0.0034955928748927056
2102	P1_minus_P0	1868	0.003744729457643925
2102	P1_minus_P0	1869	0.004454697538503138
2102	P1_minus_P0	1870	0.004136807235455842
2102	P1_minus_P0	1871	0.0028474261171173576
2102	P1_minus_P0	1872	0.0016536770745941287
2102	P1_minus_P0	1873	0.0038049562304867113
2102	P1_minus_P0	1874	0.005082534768037328
2102	P1_minus_P0	1875	0.004405157981245966
2102	P1_minus_P0	1876	0.0032235536738901005
2102	P1_minus_P0	1877	0.004030039028573185
2102	P1_minus_P0	1878	0.0036553288558694996
2102	P1_minus_P0	1879	0.003591072717764987
2102	P1_minus_P0	1880	0.0030656182116013397
2102	P1_minus_P0	1881	0.0033745026559438007
2102	P1_minus_P0	1882	0.004397430940627667
2102	P1_minus_P0	1883	0.003937077252412768
2102	P1_minus_P0	1884	0.0016954757342425575
2102	P1_minus_P0	1885	0.0037364389429588862
2102	P1_minus_P0	1886	0.0043806979742727625
2102	P1_minus_P0	1887	0.003129234952699511
2102	P1_minus_P0	1888	0.004498371574073068
2102	P1_minus_P0	1889	0.0035285397084858783
2102	P1_minus_P0	1890	0.0046366464974021415
2102	P1_minus_P0	1891	0.0034063406886363223
2102	P1_minus_P0	1892	0.004087845560783898
2102	P1_minus_P0	1893	0.004015645131575429
2102	P1_minus_P0	1894	0.002833280593268539
2102	P1_minus_P0	1895	0.0034165703789810764
2102	P1_minus_P0	1896	0.004259747544806569
2102	P1_minus_P0	1897	0.0029079918422107442
2102	P1_minus_P0	1898	0.0038195342880879
2102	P1_minus_P0	1899	0.0040131091097820315
2102	P1_minus_P0	1900	0.00299946511287158
2102	P1_minus_P0	1901	0.0032368696864693014
2102	P1_minus_P0	1902	0.003496939971540103
2102	P1_minus_P0	1903	0.004121462250574137
2102	P1_minus_P0	1904	0.0031850559241325405
2102	P1_minus_P0	1905	0.003616111928826382
2102	P1_minus_P0	1906	0.0032654366403875867
2102	P1_minus_P0	1907	0.004726084343049219
2102	P1_minus_P0	1908	0.003109596766751155
2102	P1_minus_P0	1909	0.003654535779280099
2102	P1_minus_P0	1910	0.003735315339835399
2102	P1_minus_P0	1911	0.003662698107762763
2102	P1_minus_P0	1912	0.0034879079102345667
2102	P1_minus_P0	1913	0.004327903946422296
2102	P1_minus_P0	1914	0.004576049050989073
2102	P1_minus_P0	1915	0.0041759192301846215
2102	P1_minus_P0	1916	0.0019173030792128953
2102	P1_minus_P0	1917	0.002301361943511493
2102	P1_minus_P0	1918	0.0026835135221139894
2102	P1_minus_P0	1919	0.0032731236027631616
2102	P1_minus_P0	1920	0.0036760518875401105
2102	P1_minus_P0	1921	0.004755891433084192
2102	P1_minus_P0	1922	0.0032155461346135006
2102	P1_minus_P0	1923	0.00461487153341511
2102	P1_minus_P0	1924	0.0038126466300409945
2102	P1_minus_P0	1925	0.003909518046337768
2102	P1_minus_P0	1926	0.0036635402857043697
2102	P1_minus_P0	1927	0.0028448401907271714
2102	P1_minus_P0	1928	0.003213974106360984
2102	P1_minus_P0	1929	0.002995449414594731
2102	P1_minus_P0	1930	0.0041748132999785414
2102	P1_minus_P0	1931	0.0020762949903073147
2102	P1_minus_P0	1932	0.004009000060868073
2102	P1_minus_P0	1933	0.0032319250354048146
2102	P1_minus_P0	1934	0.0033049567400528224
2102	P1_minus_P0	1935	0.005471175333005063
2102	P1_minus_P0	1936	0.0040824916074620465
2102	P1_minus_P0	1937	0.003278410898148787
2102	P1_minus_P0	1938	0.0037922982869970645
2102	P1_minus_P0	1939	0.0030120569301941846
2102	P1_minus_P0	1940	0.002773843703394896
2102	P1_minus_P0	1941	0.004511490723052458
2102	P1_minus_P0	1942	0.0041490790343960415
2102	P1_minus_P0	1943	0.004746035773356527
2102	P1_minus_P0	1944	0.0028417553707316134
2102	P1_minus_P0	1945	0.0030665021383334823
2102	P1_minus_P0	1946	0.003911193040900152
2102	P1_minus_P0	1947	0.0028134169107552065
2102	P1_minus_P0	1948	0.0028772269597045486
2102	P1_minus_P0	1949	0.003555609133365223
2102	P1_minus_P0	1950	0.004856248968580612
2102	P1_minus_P0	1951	0.0029273035164071315
2102	P1_minus_P0	1952	0.003954298646752119
2102	P1_minus_P0	1953	0.004105362145767122
2102	P1_minus_P0	1954	0.004233799446291431
2102	P1_minus_P0	1955	0.0030238275993865193
2102	P1_minus_P0	1956	0.004064669806311594
2102	P1_minus_P0	1957	0.0032105181465995614
2102	P1_minus_P0	1958	0.0030553634017227993
2102	P1_minus_P0	1959	0.003781716094569565
2102	P1_minus_P0	1960	0.004106597821796787
2102	P1_minus_P0	1961	0.0036719747043628126
2102	P1_minus_P0	1962	0.0026144525986546707
2102	P1_minus_P0	1963	0.0037035067896714624
2102	P1_minus_P0	1964	0.00444924342280284
2102	P1_minus_P0	1965	0.0028473171349656656
2102	P1_minus_P0	1966	0.003886749208539264
2102	P1_minus_P0	1967	0.004072545728956989
2102	P1_minus_P0	1968	0.004214976915861923
2102	P1_minus_P0	1969	0.003564038408000958
2102	P1_minus_P0	1970	0.0046226298419902445
2102	P1_minus_P0	1971	0.004010828711051906
2102	P1_minus_P0	1972	0.002693713809166498
2102	P1_minus_P0	1973	0.0031680873861102965
2102	P1_minus_P0	1974	0.004472284523933889
2102	P1_minus_P0	1975	0.004590597568965238
2102	P1_minus_P0	1976	0.002920835854127224
2102	P1_minus_P0	1977	0.0025379580535814794
2102	P1_minus_P0	1978	0.002760970479957603
2102	P1_minus_P0	1979	0.002874273411653472
2102	P1_minus_P0	1980	0.003811480134159162
2102	P1_minus_P0	1981	0.0044769556169558244
2102	P1_minus_P0	1982	0.005532682698456914
2102	P1_minus_P0	1983	0.003749094708132672
2102	P1_minus_P0	1984	0.004111979598858839
2102	P1_minus_P0	1985	0.0037627406253550877
2102	P1_minus_P0	1986	0.003699324509312818
2102	P1_minus_P0	1987	0.004219819371289124
2102	P1_minus_P0	1988	0.0028815409125808045
2102	P1_minus_P0	1989	0.002604071259057872
2102	P1_minus_P0	1990	0.003276744968384926
2102	P1_minus_P0	1991	0.0046380345416985325
2102	P1_minus_P0	1992	0.0053785715777416865
2102	P1_minus_P0	1993	0.0033472354490377554
2102	P1_minus_P0	1994	0.0045154780117822035
2102	P1_minus_P0	1995	0.004362500287007798
2102	P1_minus_P0	1996	0.004565955399337074
2102	P1_minus_P0	1997	0.0033997848303469747
2102	P1_minus_P0	1998	0.0032776267826754024
2102	P1_minus_P0	1999	0.0039763384778203625
2102	P1_minus_P2	0	-0.008066746600026264
2102	P1_minus_P2	1	-0.00911346570388355
2102	P1_minus_P2	2	-0.004829211224627539
2102	P1_minus_P2	3	-0.005682568331803917
2102	P1_minus_P2	4	-0.005177948865238868
2102	P1_minus_P2	5	-0.007798362388632019
2102	P1_minus_P2	6	-0.008869765867868307
2102	P1_minus_P2	7	-0.00903213568939859
2102	P1_minus_P2	8	-0.007236679332147444
2102	P1_minus_P2	9	-0.008233521734629823
2102	P1_minus_P2	10	-0.007300847842644176
2102	P1_minus_P2	11	-0.008911925591033598
2102	P1_minus_P2	12	-0.010127169830708826
2102	P1_minus_P2	13	-0.006949654565032937
2102	P1_minus_P2	14	-0.010970658303337877
2102	P1_minus_P2	15	-0.00596530244202903
2102	P1_minus_P2	16	-0.007551839996478682
2102	P1_minus_P2	17	-0.007391113946632832
2102	P1_minus_P2	18	-0.007856618844622687
2102	P1_minus_P2	19	-0.007016440690467751
2102	P1_minus_P2	20	-0.00805089785480867
2102	P1_minus_P2	21	-0.005794516990704768
2102	P1_minus_P2	22	-0.0061523783401968846
2102	P1_minus_P2	23	-0.008428029861726583
2102	P1_minus_P2	24	-0.007371433767934643
2102	P1_minus_P2	25	-0.00881641956996293
2102	P1_minus_P2	26	-0.005664179301638261
2102	P1_minus_P2	27	-0.005516610528669641
2102	P1_minus_P2	28	-0.008029410605194354
2102	P1_minus_P2	29	-0.004366029186908871
2102	P1_minus_P2	30	-0.007233639017780125
2102	P1_minus_P2	31	-0.010040778922432936
2102	P1_minus_P2	32	-0.006870789278992984
2102	P1_minus_P2	33	-0.008079093411145932
2102	P1_minus_P2	34	-0.009444376336166793
2102	P1_minus_P2	35	-0.007424666782780309
2102	P1_minus_P2	36	-0.006415804859463081
2102	P1_minus_P2	37	-0.009430663693827501
2102	P1_minus_P2	38	-0.0072720137311027555
2102	P1_minus_P2	39	-0.00684068251104869
2102	P1_minus_P2	40	-0.007434914739269272
2102	P1_minus_P2	41	-0.007602532798004158
2102	P1_minus_P2	42	-0.006704645777147189
2102	P1_minus_P2	43	-0.010940974345002408
2102	P1_minus_P2	44	-0.006745846626448004
2102	P1_minus_P2	45	-0.008709362839030343
2102	P1_minus_P2	46	-0.008080145266209482
2102	P1_minus_P2	47	-0.005942557701039131
2102	P1_minus_P2	48	-0.008797199234164943
2102	P1_minus_P2	49	-0.003768089365098315
2102	P1_minus_P2	50	-0.008707016037465154
2102	P1_minus_P2	51	-0.011327309638893557
2102	P1_minus_P2	52	-0.007145155839049511
2102	P1_minus_P2	53	-0.008589605701631864
2102	P1_minus_P2	54	-0.005733690697733607
2102	P1_minus_P2	55	-0.008318858776673654
2102	P1_minus_P2	56	-0.008686990429593255
2102	P1_minus_P2	57	-0.006860197081932362
2102	P1_minus_P2	58	-0.009022768472584819
2102	P1_minus_P2	59	-0.0068178588177632005
2102	P1_minus_P2	60	-0.006200896025365332
2102	P1_minus_P2	61	-0.00855149586238696
2102	P1_minus_P2	62	-0.004953984244204457
2102	P1_minus_P2	63	-0.006274037115427289
2102	P1_minus_P2	64	-0.007448994248724583
2102	P1_minus_P2	65	-0.011518298310013775
2102	P1_minus_P2	66	-0.006063117905033444
2102	P1_minus_P2	67	-0.006758194837631237
2102	P1_minus_P2	68	-0.007217388101703248
2102	P1_minus_P2	69	-0.008772159058010098
2102	P1_minus_P2	70	-0.006847261073420485
2102	P1_minus_P2	71	-0.007997577450000959
2102	P1_minus_P2	72	-0.010396287574308327
2102	P1_minus_P2	73	-0.009356641572269009
2102	P1_minus_P2	74	-0.0066172920930103185
2102	P1_minus_P2	75	-0.009035231344517336
2102	P1_minus_P2	76	-0.008655662719508073
2102	P1_minus_P2	77	-0.008026025698833594
2102	P1_minus_P2	78	-0.013022122412998494
2102	P1_minus_P2	79	-0.007329299151486335
2102	P1_minus_P2	80	-0.007058591203830289
2102	P1_minus_P2	81	-0.00539971768328773
2102	P1_minus_P2	82	-0.006807858293227942
2102	P1_minus_P2	83	-0.011413048829470918
2102	P1_minus_P2	84	-0.0049119392592964495
2102	P1_minus_P2	85	-0.006610920007615206
2102	P1_minus_P2	86	-0.010366815700499965
2102	P1_minus_P2	87	-0.008222621515585116
2102	P1_minus_P2	88	-0.00925293106421371
2102	P1_minus_P2	89	-0.006701211923164474
2102	P1_minus_P2	90	-0.004998247677679923
2102	P1_minus_P2	91	-0.004132981534091307
2102	P1_minus_P2	92	-0.007306496877500235
2102	P1_minus_P2	93	-0.0077215654500670805
2102	P1_minus_P2	94	-0.008631632301556114
2102	P1_minus_P2	95	-0.007193914667071644
2102	P1_minus_P2	96	-0.00810519621160144
2102	P1_minus_P2	97	-0.006683152480108923
2102	P1_minus_P2	98	-0.009651911414231329
2102	P1_minus_P2	99	-0.009419429962158499
2102	P1_minus_P2	100	-0.007937479644780199
2102	P1_minus_P2	101	-0.008657110751114028
2102	P1_minus_P2	102	-0.007891737795515219
2102	P1_minus_P2	103	-0.010972624596335523
2102	P1_minus_P2	104	-0.009366232401091912
2102	P1_minus_P2	105	-0.004753468078843803
2102	P1_minus_P2	106	-0.007708290721019417
2102	P1_minus_P2	107	-0.007840693282405498
2102	P1_minus_P2	108	-0.005553063505447431
2102	P1_minus_P2	109	-0.005033450614924995
2102	P1_minus_P2	110	-0.008829708654766621
2102	P1_minus_P2	111	-0.0073229126446209825
2102	P1_minus_P2	112	-0.008719441365715008
2102	P1_minus_P2	113	-0.007446279218732754
2102	P1_minus_P2	114	-0.008459368063937156
2102	P1_minus_P2	115	-0.008560978586956813
2102	P1_minus_P2	116	-0.009464852594818218
2102	P1_minus_P2	117	-0.008250405159738516
2102	P1_minus_P2	118	-0.0062014019251802055
2102	P1_minus_P2	119	-0.007033115341828822
2102	P1_minus_P2	120	-0.008199011325401573
2102	P1_minus_P2	121	-0.010470281017844918
2102	P1_minus_P2	122	-0.008127374902296536
2102	P1_minus_P2	123	-0.008324032797715042
2102	P1_minus_P2	124	-0.008780877066373316
2102	P1_minus_P2	125	-0.010405241324396353
2102	P1_minus_P2	126	-0.005438969616142431
2102	P1_minus_P2	127	-0.01030919013403686
2102	P1_minus_P2	128	-0.007527800124994433
2102	P1_minus_P2	129	-0.009915598558720151
2102	P1_minus_P2	130	-0.010048187097974393
2102	P1_minus_P2	131	-0.005292696020697429
2102	P1_minus_P2	132	-0.005336294767469496
2102	P1_minus_P2	133	-0.009515331925887494
2102	P1_minus_P2	134	-0.009129763606126384
2102	P1_minus_P2	135	-0.0095643635473604
2102	P1_minus_P2	136	-0.0053177443194594165
2102	P1_minus_P2	137	-0.004985944797252118
2102	P1_minus_P2	138	-0.0069530059278293255
2102	P1_minus_P2	139	-0.00914358396018583
2102	P1_minus_P2	140	-0.01214605706284988
2102	P1_minus_P2	141	-0.008724191331774822
2102	P1_minus_P2	142	-0.00866817620692284
2102	P1_minus_P2	143	-0.007915597613755043
2102	P1_minus_P2	144	-0.008398286147478895
2102	P1_minus_P2	145	-0.00869808396924221
2102	P1_minus_P2	146	-0.00784803933593281
2102	P1_minus_P2	147	-0.00735604652157662
2102	P1_minus_P2	148	-0.00973802657514422
2102	P1_minus_P2	149	-0.013664022934170572
2102	P1_minus_P2	150	-0.010017414024641569
2102	P1_minus_P2	151	-0.006895278700082441
2102	P1_minus_P2	152	-0.007033681550358661
2102	P1_minus_P2	153	-0.009507200746866173
2102	P1_minus_P2	154	-0.010360086292540038
2102	P1_minus_P2	155	-0.0063564236430246335
2102	P1_minus_P2	156	-0.011067573928515484
2102	P1_minus_P2	157	-0.009355595186486376
2102	P1_minus_P2	158	-0.006373117349534052
2102	P1_minus_P2	159	-0.008033475785538036
2102	P1_minus_P2	160	-0.0071428147504060124
2102	P1_minus_P2	161	-0.0074248897071856335
2102	P1_minus_P2	162	-0.008669364433843363
2102	P1_minus_P2	163	-0.008511270654278646
2102	P1_minus_P2	164	-0.009433166329078757
2102	P1_minus_P2	165	-0.007199610320174021
2102	P1_minus_P2	166	-0.010879108680926508
2102	P1_minus_P2	167	-0.00731806288979947
2102	P1_minus_P2	168	-0.0054822247876255
2102	P1_minus_P2	169	-0.011491401290417813
2102	P1_minus_P2	170	-0.009164595479658477
2102	P1_minus_P2	171	-0.008912143170510978
2102	P1_minus_P2	172	-0.01028254342616064
2102	P1_minus_P2	173	-0.007803987192182227
2102	P1_minus_P2	174	-0.00696606463598598
2102	P1_minus_P2	175	-0.010322600896516931
2102	P1_minus_P2	176	-0.00847496524999325
2102	P1_minus_P2	177	-0.0053320490445986635
2102	P1_minus_P2	178	-0.0045929683883234595
2102	P1_minus_P2	179	-0.008257499657254752
2102	P1_minus_P2	180	-0.005207336882745661
2102	P1_minus_P2	181	-0.008776585849622487
2102	P1_minus_P2	182	-0.008842016317619716
2102	P1_minus_P2	183	-0.009264791810467854
2102	P1_minus_P2	184	-0.010828038345197133
2102	P1_minus_P2	185	-0.005153857794437999
2102	P1_minus_P2	186	-0.007662929840802635
2102	P1_minus_P2	187	-0.009235810457278282
2102	P1_minus_P2	188	-0.00766851858941775
2102	P1_minus_P2	189	-0.008321381570334019
2102	P1_minus_P2	190	-0.005911629982124245
2102	P1_minus_P2	191	-0.007947126300035579
2102	P1_minus_P2	192	-0.006749497689995387
2102	P1_minus_P2	193	-0.009459212264317673
2102	P1_minus_P2	194	-0.006750629354303206
2102	P1_minus_P2	195	-0.006988061969292914
2102	P1_minus_P2	196	-0.008193873107228966
2102	P1_minus_P2	197	-0.006250459590980861
2102	P1_minus_P2	198	-0.005120084517829859
2102	P1_minus_P2	199	-0.007566337610914964
2102	P1_minus_P2	200	-0.012745956932989189
2102	P1_minus_P2	201	-0.011599276132156333
2102	P1_minus_P2	202	-0.010420621029895882
2102	P1_minus_P2	203	-0.011995808648527728
2102	P1_minus_P2	204	-0.0035295516633030433
2102	P1_minus_P2	205	-0.0055979091701851
2102	P1_minus_P2	206	-0.009562100432406628
2102	P1_minus_P2	207	-0.006720979730814869
2102	P1_minus_P2	208	-0.007298438415774655
2102	P1_minus_P2	209	-0.00558950259890173
2102	P1_minus_P2	210	-0.006788278257224445
2102	P1_minus_P2	211	-0.006450257985879226
2102	P1_minus_P2	212	-0.00788412014337414
2102	P1_minus_P2	213	-0.005582558435119678
2102	P1_minus_P2	214	-0.007551848407438944
2102	P1_minus_P2	215	-0.009702533778103595
2102	P1_minus_P2	216	-0.01006265483034624
2102	P1_minus_P2	217	-0.008810266810303946
2102	P1_minus_P2	218	-0.01015229675233209
2102	P1_minus_P2	219	-0.00802489319575489
2102	P1_minus_P2	220	-0.00749324729685219
2102	P1_minus_P2	221	-0.010734045060114217
2102	P1_minus_P2	222	-0.008595310601101969
2102	P1_minus_P2	223	-0.010853215378561765
2102	P1_minus_P2	224	-0.00921703328687462
2102	P1_minus_P2	225	-0.007581862182491683
2102	P1_minus_P2	226	-0.006623909939743711
2102	P1_minus_P2	227	-0.0063465465265140075
2102	P1_minus_P2	228	-0.006537010712114877
2102	P1_minus_P2	229	-0.007233541533042898
2102	P1_minus_P2	230	-0.0079371590992523
2102	P1_minus_P2	231	-0.009081186241071293
2102	P1_minus_P2	232	-0.005972814475159405
2102	P1_minus_P2	233	-0.005128082001323753
2102	P1_minus_P2	234	-0.007923166856992236
2102	P1_minus_P2	235	-0.009026833100280462
2102	P1_minus_P2	236	-0.005657265602466155
2102	P1_minus_P2	237	-0.008306884147098459
2102	P1_minus_P2	238	-0.008933318503407062
2102	P1_minus_P2	239	-0.006549794758268279
2102	P1_minus_P2	240	-0.0077949130390779775
2102	P1_minus_P2	241	-0.010210610672741705
2102	P1_minus_P2	242	-0.007848126760267582
2102	P1_minus_P2	243	-0.008459772334311721
2102	P1_minus_P2	244	-0.010092497488186969
2102	P1_minus_P2	245	-0.008945277874399304
2102	P1_minus_P2	246	-0.008575082609575513
2102	P1_minus_P2	247	-0.007598571892944106
2102	P1_minus_P2	248	-0.007504672644924493
2102	P1_minus_P2	249	-0.009066671974533702
2102	P1_minus_P2	250	-0.005669639158934925
2102	P1_minus_P2	251	-0.008199406852446078
2102	P1_minus_P2	252	-0.007133958645530736
2102	P1_minus_P2	253	-0.008609140897129386
2102	P1_minus_P2	254	-0.004851069604001779
2102	P1_minus_P2	255	-0.009255655387289285
2102	P1_minus_P2	256	-0.0067341547567113524
2102	P1_minus_P2	257	-0.009626045324981791
2102	P1_minus_P2	258	-0.010648184808451311
2102	P1_minus_P2	259	-0.006929599042743484
2102	P1_minus_P2	260	-0.010471533584211656
2102	P1_minus_P2	261	-0.009910396050543557
2102	P1_minus_P2	262	-0.00763112462326343
2102	P1_minus_P2	263	-0.005866393746210896
2102	P1_minus_P2	264	-0.006999576114665063
2102	P1_minus_P2	265	-0.009548446859374615
2102	P1_minus_P2	266	-0.0087932797735783
2102	P1_minus_P2	267	-0.00826809433311998
2102	P1_minus_P2	268	-0.008958595206527531
2102	P1_minus_P2	269	-0.008949074789436018
2102	P1_minus_P2	270	-0.006593850646501864
2102	P1_minus_P2	271	-0.007055755396272567
2102	P1_minus_P2	272	-0.007313188764980272
2102	P1_minus_P2	273	-0.007154119455685115
2102	P1_minus_P2	274	-0.010093797277326011
2102	P1_minus_P2	275	-0.0075337276321914
2102	P1_minus_P2	276	-0.006431585496822101
2102	P1_minus_P2	277	-0.008263192777310413
2102	P1_minus_P2	278	-0.011671550135143482
2102	P1_minus_P2	279	-0.007829068280550522
2102	P1_minus_P2	280	-0.007182931867253939
2102	P1_minus_P2	281	-0.008500286155456005
2102	P1_minus_P2	282	-0.009949300395701077
2102	P1_minus_P2	283	-0.009010022971437603
2102	P1_minus_P2	284	-0.0085097995458836
2102	P1_minus_P2	285	-0.006054657255215035
2102	P1_minus_P2	286	-0.005920163321268435
2102	P1_minus_P2	287	-0.008457394648191174
2102	P1_minus_P2	288	-0.010178132766844261
2102	P1_minus_P2	289	-0.011431136031952616
2102	P1_minus_P2	290	-0.003938226935435218
2102	P1_minus_P2	291	-0.005701372679723482
2102	P1_minus_P2	292	-0.007568388687900662
2102	P1_minus_P2	293	-0.00668139872769391
2102	P1_minus_P2	294	-0.011229776331723784
2102	P1_minus_P2	295	-0.009676684914218414
2102	P1_minus_P2	296	-0.006061289629915423
2102	P1_minus_P2	297	-0.008839055229386439
2102	P1_minus_P2	298	-0.007732191970550584
2102	P1_minus_P2	299	-0.006594063405096884
2102	P1_minus_P2	300	-0.006068729255940264
2102	P1_minus_P2	301	-0.012483120822069538
2102	P1_minus_P2	302	-0.011387831313154628
2102	P1_minus_P2	303	-0.0068893618312151905
2102	P1_minus_P2	304	-0.010930114735574536
2102	P1_minus_P2	305	-0.007974217911855486
2102	P1_minus_P2	306	-0.00851642237305339
2102	P1_minus_P2	307	-0.006295502170716949
2102	P1_minus_P2	308	-0.007571979309796639
2102	P1_minus_P2	309	-0.008554517237387649
2102	P1_minus_P2	310	-0.008781253491076835
2102	P1_minus_P2	311	-0.005009888928937167
2102	P1_minus_P2	312	-0.006169776002499183
2102	P1_minus_P2	313	-0.009222618154310802
2102	P1_minus_P2	314	-0.014390350560967158
2102	P1_minus_P2	315	-0.004216724861994647
2102	P1_minus_P2	316	-0.007325671139189305
2102	P1_minus_P2	317	-0.006734355402914283
2102	P1_minus_P2	318	-0.00687331236233063
2102	P1_minus_P2	319	-0.007352789621576483
2102	P1_minus_P2	320	-0.008699599420271709
2102	P1_minus_P2	321	-0.006836315804327531
2102	P1_minus_P2	322	-0.007291939651527413
2102	P1_minus_P2	323	-0.007525986482585678
2102	P1_minus_P2	324	-0.00790997822848416
2102	P1_minus_P2	325	-0.008914849824317228
2102	P1_minus_P2	326	-0.006631360285813237
2102	P1_minus_P2	327	-0.007803640116129995
2102	P1_minus_P2	328	-0.01102688376859623
2102	P1_minus_P2	329	-0.0082842684866416
2102	P1_minus_P2	330	-0.007911977788458924
2102	P1_minus_P2	331	-0.008269429508025838
2102	P1_minus_P2	332	-0.006409077520519613
2102	P1_minus_P2	333	-0.009486534688584514
2102	P1_minus_P2	334	-0.005662431827304082
2102	P1_minus_P2	335	-0.011694352947596631
2102	P1_minus_P2	336	-0.006338725040244464
2102	P1_minus_P2	337	-0.010569431308544208
2102	P1_minus_P2	338	-0.00684473865142099
2102	P1_minus_P2	339	-0.006399318634134676
2102	P1_minus_P2	340	-0.007193917879114775
2102	P1_minus_P2	341	-0.0077167152991095556
2102	P1_minus_P2	342	-0.01057547051319313
2102	P1_minus_P2	343	-0.00996855565518745
2102	P1_minus_P2	344	-0.006513029689034167
2102	P1_minus_P2	345	-0.006889118803109107
2102	P1_minus_P2	346	-0.009591973147843824
2102	P1_minus_P2	347	-0.00844231140955376
2102	P1_minus_P2	348	-0.006014363709360038
2102	P1_minus_P2	349	-0.008881790732048422
2102	P1_minus_P2	350	-0.006376302101238074
2102	P1_minus_P2	351	-0.010006522276228114
2102	P1_minus_P2	352	-0.013297015709868965
2102	P1_minus_P2	353	-0.007931381332885179
2102	P1_minus_P2	354	-0.007757313804284627
2102	P1_minus_P2	355	-0.004319902622135385
2102	P1_minus_P2	356	-0.007708975226862591
2102	P1_minus_P2	357	-0.005857454273536122
2102	P1_minus_P2	358	-0.008869408553774716
2102	P1_minus_P2	359	-0.006253305860044189
2102	P1_minus_P2	360	-0.0069127417513136225
2102	P1_minus_P2	361	-0.008833120496889724
2102	P1_minus_P2	362	-0.007977053159496705
2102	P1_minus_P2	363	-0.0058566689946085715
2102	P1_minus_P2	364	-0.010631812967611065
2102	P1_minus_P2	365	-0.005903524030036189
2102	P1_minus_P2	366	-0.007493971999153415
2102	P1_minus_P2	367	-0.006536729386534601
2102	P1_minus_P2	368	-0.008775963787464702
2102	P1_minus_P2	369	-0.006745439270184117
2102	P1_minus_P2	370	-0.008793860857063684
2102	P1_minus_P2	371	-0.007467917061451057
2102	P1_minus_P2	372	-0.007666451462384316
2102	P1_minus_P2	373	-0.0037422281652707556
2102	P1_minus_P2	374	-0.009776640837153516
2102	P1_minus_P2	375	-0.006614115627473327
2102	P1_minus_P2	376	-0.009858351628221573
2102	P1_minus_P2	377	-0.00704863032032188
2102	P1_minus_P2	378	-0.005597394738410422
2102	P1_minus_P2	379	-0.007839614070770828
2102	P1_minus_P2	380	-0.010811746821138613
2102	P1_minus_P2	381	-0.010495650300239023
2102	P1_minus_P2	382	-0.007113935023878859
2102	P1_minus_P2	383	-0.00872769607984758
2102	P1_minus_P2	384	-0.007333735224040849
2102	P1_minus_P2	385	-0.00925221799132192
2102	P1_minus_P2	386	-0.01094320017055117
2102	P1_minus_P2	387	-0.007065358991353243
2102	P1_minus_P2	388	-0.007337639753481062
2102	P1_minus_P2	389	-0.00390270144829713
2102	P1_minus_P2	390	-0.0056047099948440815
2102	P1_minus_P2	391	-0.008270349506591446
2102	P1_minus_P2	392	-0.006320427363860959
2102	P1_minus_P2	393	-0.009913437136753744
2102	P1_minus_P2	394	-0.008562961450584883
2102	P1_minus_P2	395	-0.00898304268980138
2102	P1_minus_P2	396	-0.00860153810528419
2102	P1_minus_P2	397	-0.00674255338356633
2102	P1_minus_P2	398	-0.012435728115609168
2102	P1_minus_P2	399	-0.007398575452738254
2102	P1_minus_P2	400	-0.0077273993170595134
2102	P1_minus_P2	401	-0.008314556148270869
2102	P1_minus_P2	402	-0.0069970920394458735
2102	P1_minus_P2	403	-0.006991418792769544
2102	P1_minus_P2	404	-0.00570751411748982
2102	P1_minus_P2	405	-0.0037029806681223576
2102	P1_minus_P2	406	-0.004688692446699894
2102	P1_minus_P2	407	-0.004222901324308359
2102	P1_minus_P2	408	-0.004371335691657929
2102	P1_minus_P2	409	-0.0039836884951482965
2102	P1_minus_P2	410	-0.005147137043188921
2102	P1_minus_P2	411	-0.008657713847877613
2102	P1_minus_P2	412	-0.00961742088416978
2102	P1_minus_P2	413	-0.007164396661480499
2102	P1_minus_P2	414	-0.005283172886570486
2102	P1_minus_P2	415	-0.008219167123618365
2102	P1_minus_P2	416	-0.008812409177029079
2102	P1_minus_P2	417	-0.008920244965731572
2102	P1_minus_P2	418	-0.00913681954537926
2102	P1_minus_P2	419	-0.008059378177895815
2102	P1_minus_P2	420	-0.005585267881635547
2102	P1_minus_P2	421	-0.00558595368380399
2102	P1_minus_P2	422	-0.008686856506165852
2102	P1_minus_P2	423	-0.0045095663378571516
2102	P1_minus_P2	424	-0.009370128492852459
2102	P1_minus_P2	425	-0.007571169508761577
2102	P1_minus_P2	426	-0.007034138578158711
2102	P1_minus_P2	427	-0.008565592081432982
2102	P1_minus_P2	428	-0.00795365466975051
2102	P1_minus_P2	429	-0.009477685187721352
2102	P1_minus_P2	430	-0.0075565520087751414
2102	P1_minus_P2	431	-0.010570136030752297
2102	P1_minus_P2	432	-0.008997238861611856
2102	P1_minus_P2	433	-0.010923351885334887
2102	P1_minus_P2	434	-0.008410108012145145
2102	P1_minus_P2	435	-0.011351819746102998
2102	P1_minus_P2	436	-0.005541456903326636
2102	P1_minus_P2	437	-0.00861438959498545
2102	P1_minus_P2	438	-0.007202708873014163
2102	P1_minus_P2	439	-0.006743676937039644
2102	P1_minus_P2	440	-0.008677129786409499
2102	P1_minus_P2	441	-0.006609128476492421
2102	P1_minus_P2	442	-0.005908221097449595
2102	P1_minus_P2	443	-0.008243461757537762
2102	P1_minus_P2	444	-0.0091818430249202
2102	P1_minus_P2	445	-0.011595224551191052
2102	P1_minus_P2	446	-0.009012344007344963
2102	P1_minus_P2	447	-0.010348320193787564
2102	P1_minus_P2	448	-0.00777654249951798
2102	P1_minus_P2	449	-0.008767627220915841
2102	P1_minus_P2	450	-0.006998068917070277
2102	P1_minus_P2	451	-0.00798991633211421
2102	P1_minus_P2	452	-0.00404586540798102
2102	P1_minus_P2	453	-0.010247049975366185
2102	P1_minus_P2	454	-0.007515673097410691
2102	P1_minus_P2	455	-0.008643844754609276
2102	P1_minus_P2	456	-0.009150971055285284
2102	P1_minus_P2	457	-0.011249672873376915
2102	P1_minus_P2	458	-0.007749261404935204
2102	P1_minus_P2	459	-0.0036414782042761273
2102	P1_minus_P2	460	-0.007313772690710596
2102	P1_minus_P2	461	-0.0079179144655942
2102	P1_minus_P2	462	-0.006564268012346219
2102	P1_minus_P2	463	-0.007634370897437126
2102	P1_minus_P2	464	-0.007683032523134847
2102	P1_minus_P2	465	-0.008947388069208084
2102	P1_minus_P2	466	-0.007334291195337239
2102	P1_minus_P2	467	-0.005512571993076032
2102	P1_minus_P2	468	-0.009552227343416153
2102	P1_minus_P2	469	-0.012154634522415386
2102	P1_minus_P2	470	-0.007602753419302943
2102	P1_minus_P2	471	-0.011052861585841178
2102	P1_minus_P2	472	-0.005540389800948731
2102	P1_minus_P2	473	-0.005001233677308203
2102	P1_minus_P2	474	-0.007177686649172288
2102	P1_minus_P2	475	-0.00474722699894603
2102	P1_minus_P2	476	-0.007836348947414418
2102	P1_minus_P2	477	-0.009069165949829816
2102	P1_minus_P2	478	-0.008181302015243974
2102	P1_minus_P2	479	-0.008384693437000768
2102	P1_minus_P2	480	-0.006999835004274757
2102	P1_minus_P2	481	-0.0102104069093365
2102	P1_minus_P2	482	-0.0056529894594142815
2102	P1_minus_P2	483	-0.0082877845792807
2102	P1_minus_P2	484	-0.007844476271811063
2102	P1_minus_P2	485	-0.00926389154793017
2102	P1_minus_P2	486	-0.008215478431248924
2102	P1_minus_P2	487	-0.009017209100284529
2102	P1_minus_P2	488	-0.009058264634110191
2102	P1_minus_P2	489	-0.006894948473899931
2102	P1_minus_P2	490	-0.00910309606108406
2102	P1_minus_P2	491	-0.007586434590829194
2102	P1_minus_P2	492	-0.007194660933324659
2102	P1_minus_P2	493	-0.0062235323574441614
2102	P1_minus_P2	494	-0.010763181023807578
2102	P1_minus_P2	495	-0.009416989566396916
2102	P1_minus_P2	496	-0.009425702160439864
2102	P1_minus_P2	497	-0.004543182913710253
2102	P1_minus_P2	498	-0.007978039865036146
2102	P1_minus_P2	499	-0.007668808532194316
2102	P1_minus_P2	500	-0.01001986315041764
2102	P1_minus_P2	501	-0.010066856492624232
2102	P1_minus_P2	502	-0.010589351129157099
2102	P1_minus_P2	503	-0.0054791243640934795
2102	P1_minus_P2	504	-0.0073694668732200985
2102	P1_minus_P2	505	-0.009056752758315245
2102	P1_minus_P2	506	-0.005776058682202434
2102	P1_minus_P2	507	-0.005469649918852959
2102	P1_minus_P2	508	-0.006996352406546669
2102	P1_minus_P2	509	-0.008003457321018037
2102	P1_minus_P2	510	-0.006912017128942016
2102	P1_minus_P2	511	-0.010188629863025767
2102	P1_minus_P2	512	-0.005321269214906887
2102	P1_minus_P2	513	-0.006455823597043164
2102	P1_minus_P2	514	-0.008468533379322574
2102	P1_minus_P2	515	-0.009813082041690346
2102	P1_minus_P2	516	-0.009488249981046804
2102	P1_minus_P2	517	-0.008027108279891726
2102	P1_minus_P2	518	-0.007122207388610691
2102	P1_minus_P2	519	-0.010253435754283391
2102	P1_minus_P2	520	-0.008728009247271684
2102	P1_minus_P2	521	-0.009937297404578382
2102	P1_minus_P2	522	-0.007820128603705345
2102	P1_minus_P2	523	-0.009880705786317612
2102	P1_minus_P2	524	-0.006400426792465552
2102	P1_minus_P2	525	-0.004916360547801146
2102	P1_minus_P2	526	-0.00894747124693207
2102	P1_minus_P2	527	-0.004700097425475835
2102	P1_minus_P2	528	-0.010575755963572242
2102	P1_minus_P2	529	-0.006942551874105585
2102	P1_minus_P2	530	-0.008971136077263187
2102	P1_minus_P2	531	-0.006079756198208663
2102	P1_minus_P2	532	-0.009372715894836459
2102	P1_minus_P2	533	-0.006486647714205818
2102	P1_minus_P2	534	-0.010427348169154915
2102	P1_minus_P2	535	-0.004968461119009171
2102	P1_minus_P2	536	-0.007595537939248054
2102	P1_minus_P2	537	-0.006520102014294149
2102	P1_minus_P2	538	-0.00421844669525373
2102	P1_minus_P2	539	-0.0044957655608624525
2102	P1_minus_P2	540	-0.007874035723160366
2102	P1_minus_P2	541	-0.008304464927131383
2102	P1_minus_P2	542	-0.004106995881529074
2102	P1_minus_P2	543	-0.0075563075810191616
2102	P1_minus_P2	544	-0.007134122374739149
2102	P1_minus_P2	545	-0.010629054142159866
2102	P1_minus_P2	546	-0.007452397039886316
2102	P1_minus_P2	547	-0.008056999210666604
2102	P1_minus_P2	548	-0.008791838810707775
2102	P1_minus_P2	549	-0.006407351348574064
2102	P1_minus_P2	550	-0.00720423969708317
2102	P1_minus_P2	551	-0.007746753464092149
2102	P1_minus_P2	552	-0.00755958305354093
2102	P1_minus_P2	553	-0.004908612344457608
2102	P1_minus_P2	554	-0.011787306225957639
2102	P1_minus_P2	555	-0.009430426455186214
2102	P1_minus_P2	556	-0.008208570871564624
2102	P1_minus_P2	557	-0.008385616763591952
2102	P1_minus_P2	558	-0.007820835176359398
2102	P1_minus_P2	559	-0.004829095140424178
2102	P1_minus_P2	560	-0.009065370993472488
2102	P1_minus_P2	561	-0.004733920115078116
2102	P1_minus_P2	562	-0.013088668595821584
2102	P1_minus_P2	563	-0.009349103270884007
2102	P1_minus_P2	564	-0.006012395395088355
2102	P1_minus_P2	565	-0.007739923340048471
2102	P1_minus_P2	566	-0.007781603299578332
2102	P1_minus_P2	567	-0.0053287607987821395
2102	P1_minus_P2	568	-0.008409673155093167
2102	P1_minus_P2	569	-0.007035933505954162
2102	P1_minus_P2	570	-0.008022379707555816
2102	P1_minus_P2	571	-0.00578016794027103
2102	P1_minus_P2	572	-0.00959459007238983
2102	P1_minus_P2	573	-0.01243985379474194
2102	P1_minus_P2	574	-0.006265820267197519
2102	P1_minus_P2	575	-0.008467632044021178
2102	P1_minus_P2	576	-0.007678155960220312
2102	P1_minus_P2	577	-0.00868948529010416
2102	P1_minus_P2	578	-0.007568968774922025
2102	P1_minus_P2	579	-0.011084031068535172
2102	P1_minus_P2	580	-0.009949871890766016
2102	P1_minus_P2	581	-0.007172302567367839
2102	P1_minus_P2	582	-0.0073763586177120755
2102	P1_minus_P2	583	-0.00764815324821333
2102	P1_minus_P2	584	-0.0072223250966563235
2102	P1_minus_P2	585	-0.00879466145675789
2102	P1_minus_P2	586	-0.004549238664245725
2102	P1_minus_P2	587	-0.008988705310992162
2102	P1_minus_P2	588	-0.009096042348563815
2102	P1_minus_P2	589	-0.004482274830839517
2102	P1_minus_P2	590	-0.0075475501595184125
2102	P1_minus_P2	591	-0.00962351951236945
2102	P1_minus_P2	592	-0.0044647497355082555
2102	P1_minus_P2	593	-0.008727389995060397
2102	P1_minus_P2	594	-0.006383782769477375
2102	P1_minus_P2	595	-0.005420820770066337
2102	P1_minus_P2	596	-0.008559865884628204
2102	P1_minus_P2	597	-0.008184275010413744
2102	P1_minus_P2	598	-0.007042272019952389
2102	P1_minus_P2	599	-0.00931361307333245
2102	P1_minus_P2	600	-0.004992593826989633
2102	P1_minus_P2	601	-0.005596485986880229
2102	P1_minus_P2	602	-0.005668066952200235
2102	P1_minus_P2	603	-0.01040982619498998
2102	P1_minus_P2	604	-0.008965241736049845
2102	P1_minus_P2	605	-0.008887052373290016
2102	P1_minus_P2	606	-0.010102254549005152
2102	P1_minus_P2	607	-0.00972487538454514
2102	P1_minus_P2	608	-0.00662755618950589
2102	P1_minus_P2	609	-0.006831043687616167
2102	P1_minus_P2	610	-0.004830762195240035
2102	P1_minus_P2	611	-0.007417039920474877
2102	P1_minus_P2	612	-0.007378626842764913
2102	P1_minus_P2	613	-0.008118182419565745
2102	P1_minus_P2	614	-0.006826112770375703
2102	P1_minus_P2	615	-0.006752816999800071
2102	P1_minus_P2	616	-0.00854594722690516
2102	P1_minus_P2	617	-0.006546156313576246
2102	P1_minus_P2	618	-0.010176157471633862
2102	P1_minus_P2	619	-0.006784109175217323
2102	P1_minus_P2	620	-0.007400944845286972
2102	P1_minus_P2	621	-0.008045798528105053
2102	P1_minus_P2	622	-0.008075851730741657
2102	P1_minus_P2	623	-0.01170741207605469
2102	P1_minus_P2	624	-0.00844038607876857
2102	P1_minus_P2	625	-0.007953951477319587
2102	P1_minus_P2	626	-0.0060347349164106
2102	P1_minus_P2	627	-0.008930571474854154
2102	P1_minus_P2	628	-0.006390232707924104
2102	P1_minus_P2	629	-0.011004149685644893
2102	P1_minus_P2	630	-0.006372119684755262
2102	P1_minus_P2	631	-0.0050622548876484985
2102	P1_minus_P2	632	-0.006639358501121517
2102	P1_minus_P2	633	-0.007247879548138159
2102	P1_minus_P2	634	-0.006040198249652573
2102	P1_minus_P2	635	-0.0086773753343376
2102	P1_minus_P2	636	-0.00933401421709229
2102	P1_minus_P2	637	-0.008277192839404979
2102	P1_minus_P2	638	-0.005654268709814003
2102	P1_minus_P2	639	-0.0051168184299250075
2102	P1_minus_P2	640	-0.007161070339139042
2102	P1_minus_P2	641	-0.00786987525538052
2102	P1_minus_P2	642	-0.008217971950425285
2102	P1_minus_P2	643	-0.008987521714140356
2102	P1_minus_P2	644	-0.010083913228786323
2102	P1_minus_P2	645	-0.010013958369181286
2102	P1_minus_P2	646	-0.008159495023793761
2102	P1_minus_P2	647	-0.009015806302991258
2102	P1_minus_P2	648	-0.009215854712153526
2102	P1_minus_P2	649	-0.00972899928726395
2102	P1_minus_P2	650	-0.009685097967673917
2102	P1_minus_P2	651	-0.0076803481688000885
2102	P1_minus_P2	652	-0.006800589424590386
2102	P1_minus_P2	653	-0.005066717068422821
2102	P1_minus_P2	654	-0.005477144805049572
2102	P1_minus_P2	655	-0.009832713025468509
2102	P1_minus_P2	656	-0.007792330985852469
2102	P1_minus_P2	657	-0.00742654738186993
2102	P1_minus_P2	658	-0.010376946225243433
2102	P1_minus_P2	659	-0.008821827935952764
2102	P1_minus_P2	660	-0.00735108624184877
2102	P1_minus_P2	661	-0.006775964306103832
2102	P1_minus_P2	662	-0.008069631396844579
2102	P1_minus_P2	663	-0.005757225920434483
2102	P1_minus_P2	664	-0.009078285316477586
2102	P1_minus_P2	665	-0.00823245004696338
2102	P1_minus_P2	666	-0.005505101570668802
2102	P1_minus_P2	667	-0.010340150279226301
2102	P1_minus_P2	668	-0.01162530718431859
2102	P1_minus_P2	669	-0.007989406712753666
2102	P1_minus_P2	670	-0.005714756917302777
2102	P1_minus_P2	671	-0.009454305092159221
2102	P1_minus_P2	672	-0.007006957375935541
2102	P1_minus_P2	673	-0.00502046929821931
2102	P1_minus_P2	674	-0.004296156225112313
2102	P1_minus_P2	675	-0.00691950975471789
2102	P1_minus_P2	676	-0.0058377221486382025
2102	P1_minus_P2	677	-0.008319196593447487
2102	P1_minus_P2	678	-0.009867255990759882
2102	P1_minus_P2	679	-0.006570851536418176
2102	P1_minus_P2	680	-0.007477742889279548
2102	P1_minus_P2	681	-0.0058957811249849
2102	P1_minus_P2	682	-0.005892777955757156
2102	P1_minus_P2	683	-0.006636971295127303
2102	P1_minus_P2	684	-0.004547063741679236
2102	P1_minus_P2	685	-0.00850291871245129
2102	P1_minus_P2	686	-0.00793938632371649
2102	P1_minus_P2	687	-0.010990355199363144
2102	P1_minus_P2	688	-0.006038056010031045
2102	P1_minus_P2	689	-0.009782966880912791
2102	P1_minus_P2	690	-0.010629107074061728
2102	P1_minus_P2	691	-0.0049377561458370245
2102	P1_minus_P2	692	-0.006276536163133839
2102	P1_minus_P2	693	-0.00658792045324752
2102	P1_minus_P2	694	-0.007876621834764896
2102	P1_minus_P2	695	-0.006843905229737435
2102	P1_minus_P2	696	-0.010376803852187755
2102	P1_minus_P2	697	-0.006314802567467914
2102	P1_minus_P2	698	-0.00895694531022534
2102	P1_minus_P2	699	-0.006843399104163539
2102	P1_minus_P2	700	-0.009995591445460916
2102	P1_minus_P2	701	-0.006851748170556837
2102	P1_minus_P2	702	-0.008748636753580952
2102	P1_minus_P2	703	-0.005108000662653378
2102	P1_minus_P2	704	-0.006114010467381303
2102	P1_minus_P2	705	-0.007852827438517118
2102	P1_minus_P2	706	-0.006466221426129348
2102	P1_minus_P2	707	-0.009874746113619215
2102	P1_minus_P2	708	-0.005454390262972064
2102	P1_minus_P2	709	-0.007932376604129043
2102	P1_minus_P2	710	-0.007597216401957263
2102	P1_minus_P2	711	-0.009663128682287692
2102	P1_minus_P2	712	-0.008865299644319702
2102	P1_minus_P2	713	-0.008442784901514011
2102	P1_minus_P2	714	-0.004302808849577844
2102	P1_minus_P2	715	-0.011424038933205982
2102	P1_minus_P2	716	-0.009906340672356462
2102	P1_minus_P2	717	-0.007895000191540325
2102	P1_minus_P2	718	-0.009572891940669015
2102	P1_minus_P2	719	-0.0040251079464811435
2102	P1_minus_P2	720	-0.007097633971357986
2102	P1_minus_P2	721	-0.01051706150836157
2102	P1_minus_P2	722	-0.007208315019525013
2102	P1_minus_P2	723	-0.009368959989320913
2102	P1_minus_P2	724	-0.008100213214520369
2102	P1_minus_P2	725	-0.00846598697946016
2102	P1_minus_P2	726	-0.0059365598982733525
2102	P1_minus_P2	727	-0.009187651709612221
2102	P1_minus_P2	728	-0.008645019679287436
2102	P1_minus_P2	729	-0.008334362409098739
2102	P1_minus_P2	730	-0.009974627790976076
2102	P1_minus_P2	731	-0.007650828954168465
2102	P1_minus_P2	732	-0.006623427586302411
2102	P1_minus_P2	733	-0.00928801320852879
2102	P1_minus_P2	734	-0.003385437969765037
2102	P1_minus_P2	735	-0.007969654132818915
2102	P1_minus_P2	736	-0.007570339266730897
2102	P1_minus_P2	737	-0.009159687105260383
2102	P1_minus_P2	738	-0.009239413818390219
2102	P1_minus_P2	739	-0.007867352366287661
2102	P1_minus_P2	740	-0.010231979418269366
2102	P1_minus_P2	741	-0.006189893732103158
2102	P1_minus_P2	742	-0.010230435885009492
2102	P1_minus_P2	743	-0.0065947677693052875
2102	P1_minus_P2	744	-0.009191731742644482
2102	P1_minus_P2	745	-0.008269920043497803
2102	P1_minus_P2	746	-0.00989583025241425
2102	P1_minus_P2	747	-0.006304876163523043
2102	P1_minus_P2	748	-0.005546479495645684
2102	P1_minus_P2	749	-0.007688811160004971
2102	P1_minus_P2	750	-0.009495493152470336
2102	P1_minus_P2	751	-0.010017706315760266
2102	P1_minus_P2	752	-0.010907353325630587
2102	P1_minus_P2	753	-0.008177411671085655
2102	P1_minus_P2	754	-0.009144994605537748
2102	P1_minus_P2	755	-0.006769870177445569
2102	P1_minus_P2	756	-0.00865869766603522
2102	P1_minus_P2	757	-0.011145969854058912
2102	P1_minus_P2	758	-0.007671500048110125
2102	P1_minus_P2	759	-0.009633783527064788
2102	P1_minus_P2	760	-0.010300204240278665
2102	P1_minus_P2	761	-0.009876335831126015
2102	P1_minus_P2	762	-0.009441314627256836
2102	P1_minus_P2	763	-0.007626789046988103
2102	P1_minus_P2	764	-0.010370836980115872
2102	P1_minus_P2	765	-0.007961063899701137
2102	P1_minus_P2	766	-0.007867435364676933
2102	P1_minus_P2	767	-0.008053187009843865
2102	P1_minus_P2	768	-0.011483615451620077
2102	P1_minus_P2	769	-0.010928124847982112
2102	P1_minus_P2	770	-0.00610554901483179
2102	P1_minus_P2	771	-0.007859471565811182
2102	P1_minus_P2	772	-0.008118091413489348
2102	P1_minus_P2	773	-0.0053862404581723755
2102	P1_minus_P2	774	-0.007929855628146132
2102	P1_minus_P2	775	-0.006654514381598753
2102	P1_minus_P2	776	-0.005589328364397739
2102	P1_minus_P2	777	-0.006250875610810169
2102	P1_minus_P2	778	-0.008991825740162718
2102	P1_minus_P2	779	-0.011181106230861326
2102	P1_minus_P2	780	-0.010964192853297416
2102	P1_minus_P2	781	-0.011288626391461776
2102	P1_minus_P2	782	-0.004995377574363746
2102	P1_minus_P2	783	-0.007362124549939841
2102	P1_minus_P2	784	-0.006136278992476263
2102	P1_minus_P2	785	-0.007025443927561548
2102	P1_minus_P2	786	-0.006258223650558226
2102	P1_minus_P2	787	-0.004383848401709578
2102	P1_minus_P2	788	-0.006263225176300513
2102	P1_minus_P2	789	-0.009269560207113836
2102	P1_minus_P2	790	-0.00574146918955043
2102	P1_minus_P2	791	-0.008961246485115204
2102	P1_minus_P2	792	-0.009531118025728702
2102	P1_minus_P2	793	-0.006837916467938354
2102	P1_minus_P2	794	-0.006627704519568067
2102	P1_minus_P2	795	-0.009827794266949963
2102	P1_minus_P2	796	-0.008501450798990562
2102	P1_minus_P2	797	-0.008176415651517388
2102	P1_minus_P2	798	-0.009115995429388346
2102	P1_minus_P2	799	-0.006252982975605503
2102	P1_minus_P2	800	-0.004281767724506336
2102	P1_minus_P2	801	-0.010034495360221163
2102	P1_minus_P2	802	-0.008890098654527445
2102	P1_minus_P2	803	-0.006700145122245593
2102	P1_minus_P2	804	-0.006035608303835427
2102	P1_minus_P2	805	-0.006343365290652991
2102	P1_minus_P2	806	-0.006678983953691597
2102	P1_minus_P2	807	-0.008199395009879429
2102	P1_minus_P2	808	-0.00776262809557926
2102	P1_minus_P2	809	-0.01149134052870393
2102	P1_minus_P2	810	-0.007326475109776465
2102	P1_minus_P2	811	-0.008896703239965054
2102	P1_minus_P2	812	-0.006687216484700498
2102	P1_minus_P2	813	-0.006936154495437885
2102	P1_minus_P2	814	-0.007082725525832334
2102	P1_minus_P2	815	-0.008645356804817761
2102	P1_minus_P2	816	-0.008414124371101506
2102	P1_minus_P2	817	-0.005144847181064671
2102	P1_minus_P2	818	-0.00920572435944933
2102	P1_minus_P2	819	-0.006457781916625882
2102	P1_minus_P2	820	-0.008038527786293881
2102	P1_minus_P2	821	-0.006447833251769675
2102	P1_minus_P2	822	-0.009763878131390513
2102	P1_minus_P2	823	-0.0035699597206303446
2102	P1_minus_P2	824	-0.008614309977908075
2102	P1_minus_P2	825	-0.008512108732958212
2102	P1_minus_P2	826	-0.006645608616306697
2102	P1_minus_P2	827	-0.0060702855441430725
2102	P1_minus_P2	828	-0.010259173375409825
2102	P1_minus_P2	829	-0.007779028063633009
2102	P1_minus_P2	830	-0.005374891117489733
2102	P1_minus_P2	831	-0.009758041860560784
2102	P1_minus_P2	832	-0.0041716849229719855
2102	P1_minus_P2	833	-0.008475071283900348
2102	P1_minus_P2	834	-0.009019714542182533
2102	P1_minus_P2	835	-0.007828928393329826
2102	P1_minus_P2	836	-0.007144210953590635
2102	P1_minus_P2	837	-0.006840090262749676
2102	P1_minus_P2	838	-0.006641447584412208
2102	P1_minus_P2	839	-0.009837520301779534
2102	P1_minus_P2	840	-0.010274176427161219
2102	P1_minus_P2	841	-0.008557596365640352
2102	P1_minus_P2	842	-0.008023704908313611
2102	P1_minus_P2	843	-0.011242419340886517
2102	P1_minus_P2	844	-0.0064127381631183256
2102	P1_minus_P2	845	-0.008224800681620514
2102	P1_minus_P2	846	-0.008129095349254711
2102	P1_minus_P2	847	-0.009723543061901485
2102	P1_minus_P2	848	-0.00887442355829432
2102	P1_minus_P2	849	-0.00989744549288707
2102	P1_minus_P2	850	-0.007793004078450738
2102	P1_minus_P2	851	-0.004746472548186664
2102	P1_minus_P2	852	-0.012141007546292382
2102	P1_minus_P2	853	-0.008055924688957328
2102	P1_minus_P2	854	-0.004938595978583926
2102	P1_minus_P2	855	-0.004481233070790236
2102	P1_minus_P2	856	-0.006523362687440248
2102	P1_minus_P2	857	-0.007143386922052408
2102	P1_minus_P2	858	-0.00407417758676748
2102	P1_minus_P2	859	-0.0071303023692455
2102	P1_minus_P2	860	-0.006662517931973588
2102	P1_minus_P2	861	-0.0075047062433251654
2102	P1_minus_P2	862	-0.00788670282706766
2102	P1_minus_P2	863	-0.007046314698690048
2102	P1_minus_P2	864	-0.0061707837136179
2102	P1_minus_P2	865	-0.00547913933647759
2102	P1_minus_P2	866	-0.008307132665405448
2102	P1_minus_P2	867	-0.006293956643365073
2102	P1_minus_P2	868	-0.0068272054699837215
2102	P1_minus_P2	869	-0.00957089053693111
2102	P1_minus_P2	870	-0.012643412748688299
2102	P1_minus_P2	871	-0.006076021891996131
2102	P1_minus_P2	872	-0.008228958124611052
2102	P1_minus_P2	873	-0.00982195800579827
2102	P1_minus_P2	874	-0.00599694729929795
2102	P1_minus_P2	875	-0.006362160213773005
2102	P1_minus_P2	876	-0.007586081551986257
2102	P1_minus_P2	877	-0.006652466448953953
2102	P1_minus_P2	878	-0.007905148271079021
2102	P1_minus_P2	879	-0.008995102093235563
2102	P1_minus_P2	880	-0.007533717268511708
2102	P1_minus_P2	881	-0.005595368561356562
2102	P1_minus_P2	882	-0.007148714789655952
2102	P1_minus_P2	883	-0.009171937773000516
2102	P1_minus_P2	884	-0.013772625902766678
2102	P1_minus_P2	885	-0.007813828421736058
2102	P1_minus_P2	886	-0.006299529056280839
2102	P1_minus_P2	887	-0.010924526520872724
2102	P1_minus_P2	888	-0.009675473702556336
2102	P1_minus_P2	889	-0.008226143968884658
2102	P1_minus_P2	890	-0.0067134856452719105
2102	P1_minus_P2	891	-0.008154323333719238
2102	P1_minus_P2	892	-0.009667226200696932
2102	P1_minus_P2	893	-0.008994138073126157
2102	P1_minus_P2	894	-0.00873577817831267
2102	P1_minus_P2	895	-0.008120277011963384
2102	P1_minus_P2	896	-0.008529250770407115
2102	P1_minus_P2	897	-0.005321438642617138
2102	P1_minus_P2	898	-0.007743054929998161
2102	P1_minus_P2	899	-0.008962352037977905
2102	P1_minus_P2	900	-0.008703216846200346
2102	P1_minus_P2	901	-0.007676996575581574
2102	P1_minus_P2	902	-0.008297362723509172
2102	P1_minus_P2	903	-0.006075950781592454
2102	P1_minus_P2	904	-0.006284628729030406
2102	P1_minus_P2	905	-0.010817871165506698
2102	P1_minus_P2	906	-0.009373503688109408
2102	P1_minus_P2	907	-0.005082778687629186
2102	P1_minus_P2	908	-0.010037136069058261
2102	P1_minus_P2	909	-0.008506477531150802
2102	P1_minus_P2	910	-0.005259592943714031
2102	P1_minus_P2	911	-0.011207682441647382
2102	P1_minus_P2	912	-0.006606236689422285
2102	P1_minus_P2	913	-0.006800293966710169
2102	P1_minus_P2	914	-0.00826431934275823
2102	P1_minus_P2	915	-0.008781464362781488
2102	P1_minus_P2	916	-0.0060250116949054355
2102	P1_minus_P2	917	-0.008703773864848552
2102	P1_minus_P2	918	-0.00666568623884406
2102	P1_minus_P2	919	-0.0065426087372790764
2102	P1_minus_P2	920	-0.009463280604814717
2102	P1_minus_P2	921	-0.012113605225186674
2102	P1_minus_P2	922	-0.006603206216350188
2102	P1_minus_P2	923	-0.007956000637913685
2102	P1_minus_P2	924	-0.008087601121158972
2102	P1_minus_P2	925	-0.002267729286061171
2102	P1_minus_P2	926	-0.00877554365283778
2102	P1_minus_P2	927	-0.009862537489779166
2102	P1_minus_P2	928	-0.009086899596090603
2102	P1_minus_P2	929	-0.003754817044048342
2102	P1_minus_P2	930	-0.005364198646223062
2102	P1_minus_P2	931	-0.008350452668442754
2102	P1_minus_P2	932	-0.006559093251557069
2102	P1_minus_P2	933	-0.0053126002979693165
2102	P1_minus_P2	934	-0.005487286352201193
2102	P1_minus_P2	935	-0.01019900817937569
2102	P1_minus_P2	936	-0.007882827737746512
2102	P1_minus_P2	937	-0.0061488412670044346
2102	P1_minus_P2	938	-0.009859161838964348
2102	P1_minus_P2	939	-0.008080016248056154
2102	P1_minus_P2	940	-0.009699555094028312
2102	P1_minus_P2	941	-0.005601528837341052
2102	P1_minus_P2	942	-0.007370413577708457
2102	P1_minus_P2	943	-0.00982165707783933
2102	P1_minus_P2	944	-0.009659062065489332
2102	P1_minus_P2	945	-0.010291106434892006
2102	P1_minus_P2	946	-0.011017126995903626
2102	P1_minus_P2	947	-0.006570044495632865
2102	P1_minus_P2	948	-0.010239442765370033
2102	P1_minus_P2	949	-0.006800983189158172
2102	P1_minus_P2	950	-0.010563070858333967
2102	P1_minus_P2	951	-0.00815682723936173
2102	P1_minus_P2	952	-0.00966054886865575
2102	P1_minus_P2	953	-0.010512301493198928
2102	P1_minus_P2	954	-0.0088379646263681
2102	P1_minus_P2	955	-0.004206928620997252
2102	P1_minus_P2	956	-0.008400217600039062
2102	P1_minus_P2	957	-0.0073696479154806704
2102	P1_minus_P2	958	-0.009287274632851006
2102	P1_minus_P2	959	-0.006493609180107884
2102	P1_minus_P2	960	-0.007305150984582398
2102	P1_minus_P2	961	-0.007535971442305167
2102	P1_minus_P2	962	-0.007720938005677136
2102	P1_minus_P2	963	-0.008164687162775297
2102	P1_minus_P2	964	-0.005190221422245178
2102	P1_minus_P2	965	-0.006874662199554626
2102	P1_minus_P2	966	-0.006725585245512422
2102	P1_minus_P2	967	-0.0067332215186439726
2102	P1_minus_P2	968	-0.006644352266857556
2102	P1_minus_P2	969	-0.005872696925276366
2102	P1_minus_P2	970	-0.006239386245878387
2102	P1_minus_P2	971	-0.007800442417603581
2102	P1_minus_P2	972	-0.005896531514526793
2102	P1_minus_P2	973	-0.007097367755219186
2102	P1_minus_P2	974	-0.007916888441833747
2102	P1_minus_P2	975	-0.010651119851926238
2102	P1_minus_P2	976	-0.007008432138361276
2102	P1_minus_P2	977	-0.011359939019414123
2102	P1_minus_P2	978	-0.008106081995147174
2102	P1_minus_P2	979	-0.007721016395678126
2102	P1_minus_P2	980	-0.003388107055086187
2102	P1_minus_P2	981	-0.006569531088742309
2102	P1_minus_P2	982	-0.0046343386745224535
2102	P1_minus_P2	983	-0.007651007339055993
2102	P1_minus_P2	984	-0.008642654681611961
2102	P1_minus_P2	985	-0.007457307866185925
2102	P1_minus_P2	986	-0.005475379157284965
2102	P1_minus_P2	987	-0.005451704879184671
2102	P1_minus_P2	988	-0.009039715649443725
2102	P1_minus_P2	989	-0.0077095577119549175
2102	P1_minus_P2	990	-0.008644938229123156
2102	P1_minus_P2	991	-0.01004965382413936
2102	P1_minus_P2	992	-0.004878461531775846
2102	P1_minus_P2	993	-0.00809843033092339
2102	P1_minus_P2	994	-0.010920967333926002
2102	P1_minus_P2	995	-0.005048165935852
2102	P1_minus_P2	996	-0.008107877302161948
2102	P1_minus_P2	997	-0.011899577991316357
2102	P1_minus_P2	998	-0.008880138193649856
2102	P1_minus_P2	999	-0.008525488706687678
2102	P1_minus_P2	1000	-0.006782656412662014
2102	P1_minus_P2	1001	-0.009714474716040478
2102	P1_minus_P2	1002	-0.009349375243163482
2102	P1_minus_P2	1003	-0.008947697331696147
2102	P1_minus_P2	1004	-0.006654908732849296
2102	P1_minus_P2	1005	-0.006088440300084708
2102	P1_minus_P2	1006	-0.008303668146132037
2102	P1_minus_P2	1007	-0.00600906153289793
2102	P1_minus_P2	1008	-0.007639919216637925
2102	P1_minus_P2	1009	-0.00965227156314541
2102	P1_minus_P2	1010	-0.009703084884508106
2102	P1_minus_P2	1011	-0.011991963266398509
2102	P1_minus_P2	1012	-0.005811945441883071
2102	P1_minus_P2	1013	-0.008926478729902931
2102	P1_minus_P2	1014	-0.006598561628865851
2102	P1_minus_P2	1015	-0.008097336189065274
2102	P1_minus_P2	1016	-0.0037045902332153435
2102	P1_minus_P2	1017	-0.009252746911247611
2102	P1_minus_P2	1018	-0.007934366553300376
2102	P1_minus_P2	1019	-0.008259179003559103
2102	P1_minus_P2	1020	-0.011836484613179321
2102	P1_minus_P2	1021	-0.00770803664598585
2102	P1_minus_P2	1022	-0.004997342516860626
2102	P1_minus_P2	1023	-0.009174024023183458
2102	P1_minus_P2	1024	-0.008416287061027317
2102	P1_minus_P2	1025	-0.011005251127681692
2102	P1_minus_P2	1026	-0.005994621302162384
2102	P1_minus_P2	1027	-0.008050335015426235
2102	P1_minus_P2	1028	-0.010650402405678272
2102	P1_minus_P2	1029	-0.007311393416700729
2102	P1_minus_P2	1030	-0.007143246518704793
2102	P1_minus_P2	1031	-0.008217888671189943
2102	P1_minus_P2	1032	-0.00652979515587393
2102	P1_minus_P2	1033	-0.011331774507615466
2102	P1_minus_P2	1034	-0.009919356331673734
2102	P1_minus_P2	1035	-0.007042636478393871
2102	P1_minus_P2	1036	-0.005524957991313695
2102	P1_minus_P2	1037	-0.007799466803066757
2102	P1_minus_P2	1038	-0.009351860458880812
2102	P1_minus_P2	1039	-0.006326978003668549
2102	P1_minus_P2	1040	-0.007642139859130703
2102	P1_minus_P2	1041	-0.011009433188006956
2102	P1_minus_P2	1042	-0.00732658105817835
2102	P1_minus_P2	1043	-0.0073862695448058124
2102	P1_minus_P2	1044	-0.010063409486989527
2102	P1_minus_P2	1045	-0.009107829169360981
2102	P1_minus_P2	1046	-0.0063453913402106155
2102	P1_minus_P2	1047	-0.008700586503567087
2102	P1_minus_P2	1048	-0.011674912962353512
2102	P1_minus_P2	1049	-0.006555123336499824
2102	P1_minus_P2	1050	-0.005112165265627522
2102	P1_minus_P2	1051	-0.010508566075276005
2102	P1_minus_P2	1052	-0.007881518596025372
2102	P1_minus_P2	1053	-0.009484879368564847
2102	P1_minus_P2	1054	-0.008632747199101454
2102	P1_minus_P2	1055	-0.0074862286863418
2102	P1_minus_P2	1056	-0.008268750685899384
2102	P1_minus_P2	1057	-0.008038048971453216
2102	P1_minus_P2	1058	-0.007636664881559951
2102	P1_minus_P2	1059	-0.008893173904088225
2102	P1_minus_P2	1060	-0.004407772420715217
2102	P1_minus_P2	1061	-0.009928779184464775
2102	P1_minus_P2	1062	-0.00984412542432489
2102	P1_minus_P2	1063	-0.008555302597108905
2102	P1_minus_P2	1064	-0.008257288394802498
2102	P1_minus_P2	1065	-0.010629312925475753
2102	P1_minus_P2	1066	-0.009347648351764493
2102	P1_minus_P2	1067	-0.006856269846391871
2102	P1_minus_P2	1068	-0.009522913097380292
2102	P1_minus_P2	1069	-0.008896870073363372
2102	P1_minus_P2	1070	-0.006298380893441258
2102	P1_minus_P2	1071	-0.007479070383522524
2102	P1_minus_P2	1072	-0.009359028734386876
2102	P1_minus_P2	1073	-0.006662016387689984
2102	P1_minus_P2	1074	-0.004800842614132661
2102	P1_minus_P2	1075	-0.004900277723282942
2102	P1_minus_P2	1076	-0.01021151331438247
2102	P1_minus_P2	1077	-0.005601569667705308
2102	P1_minus_P2	1078	-0.011511373131353198
2102	P1_minus_P2	1079	-0.007800001214926411
2102	P1_minus_P2	1080	-0.008324773479621184
2102	P1_minus_P2	1081	-0.009245907224259164
2102	P1_minus_P2	1082	-0.01266567558552456
2102	P1_minus_P2	1083	-0.00836831447893499
2102	P1_minus_P2	1084	-0.008058981729420545
2102	P1_minus_P2	1085	-0.009996683446155119
2102	P1_minus_P2	1086	-0.008608207564698378
2102	P1_minus_P2	1087	-0.009893288671642964
2102	P1_minus_P2	1088	-0.008539385556713575
2102	P1_minus_P2	1089	-0.007613551286562492
2102	P1_minus_P2	1090	-0.011023275568726731
2102	P1_minus_P2	1091	-0.0074897489556156605
2102	P1_minus_P2	1092	-0.008807115058158121
2102	P1_minus_P2	1093	-0.010756942282267812
2102	P1_minus_P2	1094	-0.007444033965354868
2102	P1_minus_P2	1095	-0.005984864137034307
2102	P1_minus_P2	1096	-0.010084915473877687
2102	P1_minus_P2	1097	-0.008722927173265949
2102	P1_minus_P2	1098	-0.01079888297640147
2102	P1_minus_P2	1099	-0.012671947477601586
2102	P1_minus_P2	1100	-0.005837505946106658
2102	P1_minus_P2	1101	-0.008419670642461574
2102	P1_minus_P2	1102	-0.00645633845317467
2102	P1_minus_P2	1103	-0.00959798103359677
2102	P1_minus_P2	1104	-0.0054161775519838695
2102	P1_minus_P2	1105	-0.006526704166265329
2102	P1_minus_P2	1106	-0.006092930659033546
2102	P1_minus_P2	1107	-0.008263349865187175
2102	P1_minus_P2	1108	-0.0056775058385237775
2102	P1_minus_P2	1109	-0.007338991296702568
2102	P1_minus_P2	1110	-0.010108711516702729
2102	P1_minus_P2	1111	-0.008049299959686729
2102	P1_minus_P2	1112	-0.00858382915952527
2102	P1_minus_P2	1113	-0.0075022838216162735
2102	P1_minus_P2	1114	-0.009406472821589129
2102	P1_minus_P2	1115	-0.009837028100907141
2102	P1_minus_P2	1116	-0.008633672827736916
2102	P1_minus_P2	1117	-0.00661313509054412
2102	P1_minus_P2	1118	-0.006567639790018176
2102	P1_minus_P2	1119	-0.007448155499442111
2102	P1_minus_P2	1120	-0.007819920830223204
2102	P1_minus_P2	1121	-0.007182987300488108
2102	P1_minus_P2	1122	-0.007128965233958784
2102	P1_minus_P2	1123	-0.007538358161968017
2102	P1_minus_P2	1124	-0.011796864294795317
2102	P1_minus_P2	1125	-0.009683522877787232
2102	P1_minus_P2	1126	-0.007125230089289003
2102	P1_minus_P2	1127	-0.0073624324900208316
2102	P1_minus_P2	1128	-0.0073360899181320605
2102	P1_minus_P2	1129	-0.009051360570657085
2102	P1_minus_P2	1130	-0.008963773105724993
2102	P1_minus_P2	1131	-0.007005838605937342
2102	P1_minus_P2	1132	-0.009765839850850222
2102	P1_minus_P2	1133	-0.009685824336217286
2102	P1_minus_P2	1134	-0.008027981137148033
2102	P1_minus_P2	1135	-0.006617106043455723
2102	P1_minus_P2	1136	-0.00879140391789801
2102	P1_minus_P2	1137	-0.006565362163645672
2102	P1_minus_P2	1138	-0.007200568947075492
2102	P1_minus_P2	1139	-0.00927153378757517
2102	P1_minus_P2	1140	-0.005902788508831636
2102	P1_minus_P2	1141	-0.0069117026160856465
2102	P1_minus_P2	1142	-0.0061608468560011564
2102	P1_minus_P2	1143	-0.006943019262773853
2102	P1_minus_P2	1144	-0.010062674315233666
2102	P1_minus_P2	1145	-0.005457587707174305
2102	P1_minus_P2	1146	-0.006547988651315784
2102	P1_minus_P2	1147	-0.007223631364675631
2102	P1_minus_P2	1148	-0.006318574046043024
2102	P1_minus_P2	1149	-0.005950455958132039
2102	P1_minus_P2	1150	-0.0046156665261690155
2102	P1_minus_P2	1151	-0.0063891220711566055
2102	P1_minus_P2	1152	-0.007747749002525783
2102	P1_minus_P2	1153	-0.008575543375504258
2102	P1_minus_P2	1154	-0.00782892339863095
2102	P1_minus_P2	1155	-0.006739298827184603
2102	P1_minus_P2	1156	-0.009356921009977204
2102	P1_minus_P2	1157	-0.005242395418209478
2102	P1_minus_P2	1158	-0.00850346201568819
2102	P1_minus_P2	1159	-0.007455447535316018
2102	P1_minus_P2	1160	-0.011578803075250554
2102	P1_minus_P2	1161	-0.006532951738173753
2102	P1_minus_P2	1162	-0.0060095564591095
2102	P1_minus_P2	1163	-0.007149030880869767
2102	P1_minus_P2	1164	-0.008935376896625269
2102	P1_minus_P2	1165	-0.0074481924660301235
2102	P1_minus_P2	1166	-0.00880446229664067
2102	P1_minus_P2	1167	-0.007374046734696826
2102	P1_minus_P2	1168	-0.005032762862150153
2102	P1_minus_P2	1169	-0.0075786567203332544
2102	P1_minus_P2	1170	-0.012374400103065175
2102	P1_minus_P2	1171	-0.005534870758462596
2102	P1_minus_P2	1172	-0.007449376853484846
2102	P1_minus_P2	1173	-0.008328762844287962
2102	P1_minus_P2	1174	-0.008520409340579738
2102	P1_minus_P2	1175	-0.006889673855629663
2102	P1_minus_P2	1176	-0.007227947172476101
2102	P1_minus_P2	1177	-0.0067512235198562975
2102	P1_minus_P2	1178	-0.006685903172567675
2102	P1_minus_P2	1179	-0.01000311839799467
2102	P1_minus_P2	1180	-0.005957645061150707
2102	P1_minus_P2	1181	-0.010213718180036913
2102	P1_minus_P2	1182	-0.00836869246650801
2102	P1_minus_P2	1183	-0.009514600317546473
2102	P1_minus_P2	1184	-0.005237227669296407
2102	P1_minus_P2	1185	-0.010453693764406524
2102	P1_minus_P2	1186	-0.0070385904873029315
2102	P1_minus_P2	1187	-0.007928577417266991
2102	P1_minus_P2	1188	-0.006424068783810577
2102	P1_minus_P2	1189	-0.010877134898722995
2102	P1_minus_P2	1190	-0.007381018805229234
2102	P1_minus_P2	1191	-0.00902804873924079
2102	P1_minus_P2	1192	-0.006514782005521469
2102	P1_minus_P2	1193	-0.008700517245575412
2102	P1_minus_P2	1194	-0.006406983657404108
2102	P1_minus_P2	1195	-0.008316744925900232
2102	P1_minus_P2	1196	-0.0049734483612710045
2102	P1_minus_P2	1197	-0.008768572959778231
2102	P1_minus_P2	1198	-0.009132492937918402
2102	P1_minus_P2	1199	-0.007577191753185997
2102	P1_minus_P2	1200	-0.006412709933935279
2102	P1_minus_P2	1201	-0.006551097979488385
2102	P1_minus_P2	1202	-0.006758952798616269
2102	P1_minus_P2	1203	-0.00669493855691039
2102	P1_minus_P2	1204	-0.006766267663287251
2102	P1_minus_P2	1205	-0.005905940601866
2102	P1_minus_P2	1206	-0.008118702299823477
2102	P1_minus_P2	1207	-0.00600802844993259
2102	P1_minus_P2	1208	-0.008614838726372809
2102	P1_minus_P2	1209	-0.009756734752844776
2102	P1_minus_P2	1210	-0.009057480340599944
2102	P1_minus_P2	1211	-0.005165553540034951
2102	P1_minus_P2	1212	-0.008667816801533001
2102	P1_minus_P2	1213	-0.004216051116643638
2102	P1_minus_P2	1214	-0.005994242735102351
2102	P1_minus_P2	1215	-0.010533305526510273
2102	P1_minus_P2	1216	-0.00550798131483865
2102	P1_minus_P2	1217	-0.006474832933668018
2102	P1_minus_P2	1218	-0.01073228199749704
2102	P1_minus_P2	1219	-0.006572359263354699
2102	P1_minus_P2	1220	-0.007458119771270644
2102	P1_minus_P2	1221	-0.008273684049804997
2102	P1_minus_P2	1222	-0.006072331010628096
2102	P1_minus_P2	1223	-0.005076911753521651
2102	P1_minus_P2	1224	-0.007482673436749021
2102	P1_minus_P2	1225	-0.004774116776872839
2102	P1_minus_P2	1226	-0.007610987770313049
2102	P1_minus_P2	1227	-0.010487202463583645
2102	P1_minus_P2	1228	-0.009342737752410402
2102	P1_minus_P2	1229	-0.008319918703126372
2102	P1_minus_P2	1230	-0.007108896174463086
2102	P1_minus_P2	1231	-0.010963639267932368
2102	P1_minus_P2	1232	-0.00798153000635815
2102	P1_minus_P2	1233	-0.007832420845650834
2102	P1_minus_P2	1234	-0.011306951564386492
2102	P1_minus_P2	1235	-0.007196664795496244
2102	P1_minus_P2	1236	-0.008276572625516343
2102	P1_minus_P2	1237	-0.01058525889461076
2102	P1_minus_P2	1238	-0.011226726283224131
2102	P1_minus_P2	1239	-0.008783428943955784
2102	P1_minus_P2	1240	-0.006982190527185739
2102	P1_minus_P2	1241	-0.005650915754266184
2102	P1_minus_P2	1242	-0.006294169302267949
2102	P1_minus_P2	1243	-0.0064624014583024025
2102	P1_minus_P2	1244	-0.008252354530552841
2102	P1_minus_P2	1245	-0.006203037040506398
2102	P1_minus_P2	1246	-0.00777300410814491
2102	P1_minus_P2	1247	-0.0076562265930325
2102	P1_minus_P2	1248	-0.0061328515031457975
2102	P1_minus_P2	1249	-0.006203961885183462
2102	P1_minus_P2	1250	-0.008981644973781844
2102	P1_minus_P2	1251	-0.008371887474796391
2102	P1_minus_P2	1252	-0.007980911422977077
2102	P1_minus_P2	1253	-0.006431728472983955
2102	P1_minus_P2	1254	-0.009444656045171529
2102	P1_minus_P2	1255	-0.006934775674887261
2102	P1_minus_P2	1256	-0.005737286327923252
2102	P1_minus_P2	1257	-0.009096504641768366
2102	P1_minus_P2	1258	-0.006192909788154233
2102	P1_minus_P2	1259	-0.006666100902220529
2102	P1_minus_P2	1260	-0.006741936366025547
2102	P1_minus_P2	1261	-0.009596048256957757
2102	P1_minus_P2	1262	-0.009507128338909376
2102	P1_minus_P2	1263	-0.010391832800935197
2102	P1_minus_P2	1264	-0.003848183904658964
2102	P1_minus_P2	1265	-0.0064659148560093915
2102	P1_minus_P2	1266	-0.005692008526852366
2102	P1_minus_P2	1267	-0.008176426337273224
2102	P1_minus_P2	1268	-0.008519569486756917
2102	P1_minus_P2	1269	-0.0072969091853589685
2102	P1_minus_P2	1270	-0.007964278872889863
2102	P1_minus_P2	1271	-0.00731814847765222
2102	P1_minus_P2	1272	-0.0055608336310910556
2102	P1_minus_P2	1273	-0.009520949624947317
2102	P1_minus_P2	1274	-0.00985555313237002
2102	P1_minus_P2	1275	-0.007002652199552095
2102	P1_minus_P2	1276	-0.0054556382826931316
2102	P1_minus_P2	1277	-0.006910473559252672
2102	P1_minus_P2	1278	-0.007525973809160258
2102	P1_minus_P2	1279	-0.006801075810122625
2102	P1_minus_P2	1280	-0.008007404478466484
2102	P1_minus_P2	1281	-0.009082950568182313
2102	P1_minus_P2	1282	-0.011809724626950735
2102	P1_minus_P2	1283	-0.006849991909695263
2102	P1_minus_P2	1284	-0.005822654601840338
2102	P1_minus_P2	1285	-0.010393221152378396
2102	P1_minus_P2	1286	-0.0084314176769682
2102	P1_minus_P2	1287	-0.007544479009035432
2102	P1_minus_P2	1288	-0.00871948847208398
2102	P1_minus_P2	1289	-0.011269712376247742
2102	P1_minus_P2	1290	-0.01131844464927284
2102	P1_minus_P2	1291	-0.005587393447578415
2102	P1_minus_P2	1292	-0.008083291107117696
2102	P1_minus_P2	1293	-0.005734380154646335
2102	P1_minus_P2	1294	-0.0060019845831971175
2102	P1_minus_P2	1295	-0.007531732388186052
2102	P1_minus_P2	1296	-0.008596746792656151
2102	P1_minus_P2	1297	-0.006414302548664819
2102	P1_minus_P2	1298	-0.008336512468978319
2102	P1_minus_P2	1299	-0.0072541347198472605
2102	P1_minus_P2	1300	-0.006218900583394749
2102	P1_minus_P2	1301	-0.007569693485044882
2102	P1_minus_P2	1302	-0.009679800574209307
2102	P1_minus_P2	1303	-0.0063081333644833815
2102	P1_minus_P2	1304	-0.008228829207130639
2102	P1_minus_P2	1305	-0.009502590414982581
2102	P1_minus_P2	1306	-0.007422213378797671
2102	P1_minus_P2	1307	-0.010948271189643755
2102	P1_minus_P2	1308	-0.00507272888127186
2102	P1_minus_P2	1309	-0.007755294176054084
2102	P1_minus_P2	1310	-0.006610794273556153
2102	P1_minus_P2	1311	-0.0073889506510976255
2102	P1_minus_P2	1312	-0.010534415037997125
2102	P1_minus_P2	1313	-0.010609575339057153
2102	P1_minus_P2	1314	-0.005216913383198907
2102	P1_minus_P2	1315	-0.013013766646766955
2102	P1_minus_P2	1316	-0.0060661332142961655
2102	P1_minus_P2	1317	-0.011205087798761004
2102	P1_minus_P2	1318	-0.007942247994965401
2102	P1_minus_P2	1319	-0.004481647274266698
2102	P1_minus_P2	1320	-0.010097696131484923
2102	P1_minus_P2	1321	-0.009833044556621873
2102	P1_minus_P2	1322	-0.009584919535701897
2102	P1_minus_P2	1323	-0.0066447114038680755
2102	P1_minus_P2	1324	-0.0062180915249768764
2102	P1_minus_P2	1325	-0.008102068930859463
2102	P1_minus_P2	1326	-0.00918816925313587
2102	P1_minus_P2	1327	-0.007424750402617253
2102	P1_minus_P2	1328	-0.005338826248493245
2102	P1_minus_P2	1329	-0.00924577490878431
2102	P1_minus_P2	1330	-0.012377388808471224
2102	P1_minus_P2	1331	-0.010534227205494795
2102	P1_minus_P2	1332	-0.007912773371286264
2102	P1_minus_P2	1333	-0.005606276640146457
2102	P1_minus_P2	1334	-0.01006111974313395
2102	P1_minus_P2	1335	-0.005054171774060312
2102	P1_minus_P2	1336	-0.005471584789503936
2102	P1_minus_P2	1337	-0.0073091647361999135
2102	P1_minus_P2	1338	-0.00688617203782127
2102	P1_minus_P2	1339	-0.009535713220049313
2102	P1_minus_P2	1340	-0.009162567771426322
2102	P1_minus_P2	1341	-0.005930427500422608
2102	P1_minus_P2	1342	-0.00656100054746056
2102	P1_minus_P2	1343	-0.005133590192784698
2102	P1_minus_P2	1344	-0.008714572641988771
2102	P1_minus_P2	1345	-0.008544239233919004
2102	P1_minus_P2	1346	-0.00708846851227396
2102	P1_minus_P2	1347	-0.00668510186594784
2102	P1_minus_P2	1348	-0.008734985359875658
2102	P1_minus_P2	1349	-0.007163311413342255
2102	P1_minus_P2	1350	-0.009133059507842323
2102	P1_minus_P2	1351	-0.006893582472547122
2102	P1_minus_P2	1352	-0.0067084034496184275
2102	P1_minus_P2	1353	-0.006437571604571424
2102	P1_minus_P2	1354	-0.006124899346955481
2102	P1_minus_P2	1355	-0.009789955703977948
2102	P1_minus_P2	1356	-0.009625145094007137
2102	P1_minus_P2	1357	-0.006125949785471041
2102	P1_minus_P2	1358	-0.006283972114737191
2102	P1_minus_P2	1359	-0.0070357477803032475
2102	P1_minus_P2	1360	-0.007130353678837298
2102	P1_minus_P2	1361	-0.011474716855787437
2102	P1_minus_P2	1362	-0.0068592656972337185
2102	P1_minus_P2	1363	-0.009533030669617859
2102	P1_minus_P2	1364	-0.005795567253484513
2102	P1_minus_P2	1365	-0.009798905015239667
2102	P1_minus_P2	1366	-0.008382691574135848
2102	P1_minus_P2	1367	-0.005763615594985283
2102	P1_minus_P2	1368	-0.007170834325980757
2102	P1_minus_P2	1369	-0.010460491125381444
2102	P1_minus_P2	1370	-0.007112166243173512
2102	P1_minus_P2	1371	-0.009234198414765638
2102	P1_minus_P2	1372	-0.006122524912525684
2102	P1_minus_P2	1373	-0.007804111467002661
2102	P1_minus_P2	1374	-0.006321127705395391
2102	P1_minus_P2	1375	-0.010182271618169703
2102	P1_minus_P2	1376	-0.00441656880646496
2102	P1_minus_P2	1377	-0.007902735254564475
2102	P1_minus_P2	1378	-0.006133401044636444
2102	P1_minus_P2	1379	-0.006034687389867122
2102	P1_minus_P2	1380	-0.008543816713427188
2102	P1_minus_P2	1381	-0.009773922187971018
2102	P1_minus_P2	1382	-0.010502573036287932
2102	P1_minus_P2	1383	-0.008524451084283013
2102	P1_minus_P2	1384	-0.006883076176483038
2102	P1_minus_P2	1385	-0.008642684373608545
2102	P1_minus_P2	1386	-0.008068199481355454
2102	P1_minus_P2	1387	-0.009385721328031282
2102	P1_minus_P2	1388	-0.0053485299790350105
2102	P1_minus_P2	1389	-0.003883623839097794
2102	P1_minus_P2	1390	-0.009935715272177348
2102	P1_minus_P2	1391	-0.007970480590190565
2102	P1_minus_P2	1392	-0.009063184270078073
2102	P1_minus_P2	1393	-0.0035379517722111675
2102	P1_minus_P2	1394	-0.007330156630306561
2102	P1_minus_P2	1395	-0.007880418267198652
2102	P1_minus_P2	1396	-0.007995370961244141
2102	P1_minus_P2	1397	-0.007618139111080224
2102	P1_minus_P2	1398	-0.012121456492536431
2102	P1_minus_P2	1399	-0.008603741184103009
2102	P1_minus_P2	1400	-0.008231107344738309
2102	P1_minus_P2	1401	-0.008573022863325341
2102	P1_minus_P2	1402	-0.008673717425214611
2102	P1_minus_P2	1403	-0.010848618865530402
2102	P1_minus_P2	1404	-0.008718550819019844
2102	P1_minus_P2	1405	-0.005949948079348566
2102	P1_minus_P2	1406	-0.00895773476586692
2102	P1_minus_P2	1407	-0.010533374725376576
2102	P1_minus_P2	1408	-0.008404547659024986
2102	P1_minus_P2	1409	-0.007286097260240876
2102	P1_minus_P2	1410	-0.0048212037262935215
2102	P1_minus_P2	1411	-0.005802457333348998
2102	P1_minus_P2	1412	-0.009375004437705337
2102	P1_minus_P2	1413	-0.007262520465971867
2102	P1_minus_P2	1414	-0.0064423723911010145
2102	P1_minus_P2	1415	-0.002747441328191269
2102	P1_minus_P2	1416	-0.007737799741380613
2102	P1_minus_P2	1417	-0.007229761123385137
2102	P1_minus_P2	1418	-0.007235224327061307
2102	P1_minus_P2	1419	-0.010958201475920248
2102	P1_minus_P2	1420	-0.008153385111715483
2102	P1_minus_P2	1421	-0.008860243234725007
2102	P1_minus_P2	1422	-0.00915327647709252
2102	P1_minus_P2	1423	-0.00972885701916354
2102	P1_minus_P2	1424	-0.011650951947965504
2102	P1_minus_P2	1425	-0.007336635235035083
2102	P1_minus_P2	1426	-0.006705200588428828
2102	P1_minus_P2	1427	-0.0094588589609379
2102	P1_minus_P2	1428	-0.006251678172775332
2102	P1_minus_P2	1429	-0.008677542970242924
2102	P1_minus_P2	1430	-0.008695176699459073
2102	P1_minus_P2	1431	-0.00857900150999269
2102	P1_minus_P2	1432	-0.0076139255584608545
2102	P1_minus_P2	1433	-0.005694165825539221
2102	P1_minus_P2	1434	-0.006333776883015285
2102	P1_minus_P2	1435	-0.007183426569246365
2102	P1_minus_P2	1436	-0.008667608876426092
2102	P1_minus_P2	1437	-0.009226581388296906
2102	P1_minus_P2	1438	-0.006298178502850527
2102	P1_minus_P2	1439	-0.011205871578053972
2102	P1_minus_P2	1440	-0.00766718121242399
2102	P1_minus_P2	1441	-0.006910171282255739
2102	P1_minus_P2	1442	-0.008288172058063481
2102	P1_minus_P2	1443	-0.00940134378117774
2102	P1_minus_P2	1444	-0.01055432270812695
2102	P1_minus_P2	1445	-0.0068025014841740505
2102	P1_minus_P2	1446	-0.002710132134329135
2102	P1_minus_P2	1447	-0.008149157005540753
2102	P1_minus_P2	1448	-0.007572865028808939
2102	P1_minus_P2	1449	-0.008323505728955183
2102	P1_minus_P2	1450	-0.010078507144782756
2102	P1_minus_P2	1451	-0.010909309823048607
2102	P1_minus_P2	1452	-0.006377880590870133
2102	P1_minus_P2	1453	-0.00937997798712753
2102	P1_minus_P2	1454	-0.008370126930078714
2102	P1_minus_P2	1455	-0.004894284220103962
2102	P1_minus_P2	1456	-0.008006837433745417
2102	P1_minus_P2	1457	-0.00786628734369671
2102	P1_minus_P2	1458	-0.009584030368532948
2102	P1_minus_P2	1459	-0.005566361295365585
2102	P1_minus_P2	1460	-0.009200294458840963
2102	P1_minus_P2	1461	-0.01023734343040994
2102	P1_minus_P2	1462	-0.010543508297580384
2102	P1_minus_P2	1463	-0.00613036997007127
2102	P1_minus_P2	1464	-0.006811966249646528
2102	P1_minus_P2	1465	-0.004098100317301512
2102	P1_minus_P2	1466	-0.007510132985157847
2102	P1_minus_P2	1467	-0.00908040265424137
2102	P1_minus_P2	1468	-0.007201393771152198
2102	P1_minus_P2	1469	-0.005520613375573413
2102	P1_minus_P2	1470	-0.0083617341332064
2102	P1_minus_P2	1471	-0.009853290682064753
2102	P1_minus_P2	1472	-0.009472641720028152
2102	P1_minus_P2	1473	-0.006366668310574641
2102	P1_minus_P2	1474	-0.004749506126456804
2102	P1_minus_P2	1475	-0.003947262742833246
2102	P1_minus_P2	1476	-0.008000018771893713
2102	P1_minus_P2	1477	-0.014010148537898615
2102	P1_minus_P2	1478	-0.005284262441723364
2102	P1_minus_P2	1479	-0.007244758098256421
2102	P1_minus_P2	1480	-0.00745200159484849
2102	P1_minus_P2	1481	-0.00843958135329298
2102	P1_minus_P2	1482	-0.009478637217256836
2102	P1_minus_P2	1483	-0.005146448882065002
2102	P1_minus_P2	1484	-0.005446106022126085
2102	P1_minus_P2	1485	-0.005664092685084998
2102	P1_minus_P2	1486	-0.005966195164915478
2102	P1_minus_P2	1487	-0.009150955003683625
2102	P1_minus_P2	1488	-0.00810871753933512
2102	P1_minus_P2	1489	-0.009568263814180078
2102	P1_minus_P2	1490	-0.011129980499684722
2102	P1_minus_P2	1491	-0.006731274868667481
2102	P1_minus_P2	1492	-0.005226665737548708
2102	P1_minus_P2	1493	-0.00879196388780179
2102	P1_minus_P2	1494	-0.009772320847552307
2102	P1_minus_P2	1495	-0.009530469113751383
2102	P1_minus_P2	1496	-0.008570680044046652
2102	P1_minus_P2	1497	-0.006626122131454859
2102	P1_minus_P2	1498	-0.008890038949203594
2102	P1_minus_P2	1499	-0.00822505690126496
2102	P1_minus_P2	1500	-0.009615211700993331
2102	P1_minus_P2	1501	-0.006341498048048622
2102	P1_minus_P2	1502	-0.00728333290808969
2102	P1_minus_P2	1503	-0.006109065218315224
2102	P1_minus_P2	1504	-0.006370520983146666
2102	P1_minus_P2	1505	-0.006038302124136252
2102	P1_minus_P2	1506	-0.007215970088163992
2102	P1_minus_P2	1507	-0.009015397891248889
2102	P1_minus_P2	1508	-0.007553483314765241
2102	P1_minus_P2	1509	-0.007357090162174895
2102	P1_minus_P2	1510	-0.006492701419274105
2102	P1_minus_P2	1511	-0.008460028029427413
2102	P1_minus_P2	1512	-0.0044605591031991465
2102	P1_minus_P2	1513	-0.007576009978023934
2102	P1_minus_P2	1514	-0.008974546446119391
2102	P1_minus_P2	1515	-0.007994074577439059
2102	P1_minus_P2	1516	-0.006573127966040593
2102	P1_minus_P2	1517	-0.008425166283961505
2102	P1_minus_P2	1518	-0.007240790470759428
2102	P1_minus_P2	1519	-0.007167941399087163
2102	P1_minus_P2	1520	-0.008239364368003044
2102	P1_minus_P2	1521	-0.007930475950936433
2102	P1_minus_P2	1522	-0.01148563976753153
2102	P1_minus_P2	1523	-0.008153251627440183
2102	P1_minus_P2	1524	-0.007916275276701856
2102	P1_minus_P2	1525	-0.008857949151933164
2102	P1_minus_P2	1526	-0.006443842887256079
2102	P1_minus_P2	1527	-0.005928999919590505
2102	P1_minus_P2	1528	-0.005701959139136015
2102	P1_minus_P2	1529	-0.008735765441376608
2102	P1_minus_P2	1530	-0.00891322830041369
2102	P1_minus_P2	1531	-0.006828194442605295
2102	P1_minus_P2	1532	-0.007431256169277645
2102	P1_minus_P2	1533	-0.005846615013388123
2102	P1_minus_P2	1534	-0.007364640776510167
2102	P1_minus_P2	1535	-0.008510015471213439
2102	P1_minus_P2	1536	-0.009320675687503222
2102	P1_minus_P2	1537	-0.005958240219492594
2102	P1_minus_P2	1538	-0.009545243788646574
2102	P1_minus_P2	1539	-0.005454950316352403
2102	P1_minus_P2	1540	-0.006884903350948435
2102	P1_minus_P2	1541	-0.011387860477530931
2102	P1_minus_P2	1542	-0.00609418684124452
2102	P1_minus_P2	1543	-0.010768912120469487
2102	P1_minus_P2	1544	-0.008336530829714639
2102	P1_minus_P2	1545	-0.007856070451570718
2102	P1_minus_P2	1546	-0.011174860375760876
2102	P1_minus_P2	1547	-0.00667235341906558
2102	P1_minus_P2	1548	-0.008544834352643915
2102	P1_minus_P2	1549	-0.010845055786904645
2102	P1_minus_P2	1550	-0.009135619929541317
2102	P1_minus_P2	1551	-0.006436583527486328
2102	P1_minus_P2	1552	-0.007625043548435073
2102	P1_minus_P2	1553	-0.00835829076238892
2102	P1_minus_P2	1554	-0.006537611013079592
2102	P1_minus_P2	1555	-0.007763292085475271
2102	P1_minus_P2	1556	-0.007986933032613552
2102	P1_minus_P2	1557	-0.007711560504917114
2102	P1_minus_P2	1558	-0.0101891607597826
2102	P1_minus_P2	1559	-0.008435675572375678
2102	P1_minus_P2	1560	-0.00710967182615152
2102	P1_minus_P2	1561	-0.00851886035424454
2102	P1_minus_P2	1562	-0.005874450863509628
2102	P1_minus_P2	1563	-0.005757617911395618
2102	P1_minus_P2	1564	-0.0065712515646346725
2102	P1_minus_P2	1565	-0.007070811461394877
2102	P1_minus_P2	1566	-0.008697680939320052
2102	P1_minus_P2	1567	-0.00909656894104549
2102	P1_minus_P2	1568	-0.007869577575206399
2102	P1_minus_P2	1569	-0.008063121642710502
2102	P1_minus_P2	1570	-0.0056372354953851955
2102	P1_minus_P2	1571	-0.004999313236099645
2102	P1_minus_P2	1572	-0.010975733628179218
2102	P1_minus_P2	1573	-0.005565244058567287
2102	P1_minus_P2	1574	-0.00819802457895602
2102	P1_minus_P2	1575	-0.007326871066079377
2102	P1_minus_P2	1576	-0.008644205803128302
2102	P1_minus_P2	1577	-0.00809917240360003
2102	P1_minus_P2	1578	-0.006443175400918544
2102	P1_minus_P2	1579	-0.008072962704963715
2102	P1_minus_P2	1580	-0.010885578211608626
2102	P1_minus_P2	1581	-0.004070076082017371
2102	P1_minus_P2	1582	-0.006906256789578236
2102	P1_minus_P2	1583	-0.00784806284013273
2102	P1_minus_P2	1584	-0.008815027114097262
2102	P1_minus_P2	1585	-0.01199948496149883
2102	P1_minus_P2	1586	-0.008041360695944966
2102	P1_minus_P2	1587	-0.007133237997465236
2102	P1_minus_P2	1588	-0.008904699947876238
2102	P1_minus_P2	1589	-0.009943156496990846
2102	P1_minus_P2	1590	-0.00781827918050182
2102	P1_minus_P2	1591	-0.006578733207952214
2102	P1_minus_P2	1592	-0.009151059344988666
2102	P1_minus_P2	1593	-0.007628163794201337
2102	P1_minus_P2	1594	-0.007332731721126362
2102	P1_minus_P2	1595	-0.004571013193564899
2102	P1_minus_P2	1596	-0.008904258834667167
2102	P1_minus_P2	1597	-0.0069509115164351765
2102	P1_minus_P2	1598	-0.007077646818974437
2102	P1_minus_P2	1599	-0.005961523490765341
2102	P1_minus_P2	1600	-0.004584510431205502
2102	P1_minus_P2	1601	-0.007604164968486704
2102	P1_minus_P2	1602	-0.004487730134582646
2102	P1_minus_P2	1603	-0.010259104275970488
2102	P1_minus_P2	1604	-0.008687384197669845
2102	P1_minus_P2	1605	-0.009889295467921833
2102	P1_minus_P2	1606	-0.00654106254944592
2102	P1_minus_P2	1607	-0.005220477720391414
2102	P1_minus_P2	1608	-0.005047171651849425
2102	P1_minus_P2	1609	-0.010156015622511061
2102	P1_minus_P2	1610	-0.006962062190576712
2102	P1_minus_P2	1611	-0.008474767110123849
2102	P1_minus_P2	1612	-0.008981368585597505
2102	P1_minus_P2	1613	-0.010274901299565986
2102	P1_minus_P2	1614	-0.009325387505487726
2102	P1_minus_P2	1615	-0.008933940697125942
2102	P1_minus_P2	1616	-0.006596860654942249
2102	P1_minus_P2	1617	-0.009673515456497694
2102	P1_minus_P2	1618	-0.00604610365962599
2102	P1_minus_P2	1619	-0.004668144557144593
2102	P1_minus_P2	1620	-0.011689565115608147
2102	P1_minus_P2	1621	-0.010665829626398837
2102	P1_minus_P2	1622	-0.010032042519743267
2102	P1_minus_P2	1623	-0.007965035929144215
2102	P1_minus_P2	1624	-0.006880575986657533
2102	P1_minus_P2	1625	-0.007224321962685298
2102	P1_minus_P2	1626	-0.00728305092187187
2102	P1_minus_P2	1627	-0.009996282887142272
2102	P1_minus_P2	1628	-0.006728465204981882
2102	P1_minus_P2	1629	-0.0073866534661014005
2102	P1_minus_P2	1630	-0.009457815387069413
2102	P1_minus_P2	1631	-0.010108966252068141
2102	P1_minus_P2	1632	-0.0072309931351565715
2102	P1_minus_P2	1633	-0.008218315729600634
2102	P1_minus_P2	1634	-0.007105286701480695
2102	P1_minus_P2	1635	-0.007354551632183015
2102	P1_minus_P2	1636	-0.00965822563742047
2102	P1_minus_P2	1637	-0.008234943662078886
2102	P1_minus_P2	1638	-0.005651887848302006
2102	P1_minus_P2	1639	-0.01012000932797047
2102	P1_minus_P2	1640	-0.006015741495687066
2102	P1_minus_P2	1641	-0.007872432568883925
2102	P1_minus_P2	1642	-0.004081022873904494
2102	P1_minus_P2	1643	-0.006814088246633543
2102	P1_minus_P2	1644	-0.004033194089613612
2102	P1_minus_P2	1645	-0.005211682039276855
2102	P1_minus_P2	1646	-0.007922313729366914
2102	P1_minus_P2	1647	-0.006952867815185171
2102	P1_minus_P2	1648	-0.006985901376741155
2102	P1_minus_P2	1649	-0.008284734270983751
2102	P1_minus_P2	1650	-0.007803599127541305
2102	P1_minus_P2	1651	-0.008315249108223954
2102	P1_minus_P2	1652	-0.008394473730010898
2102	P1_minus_P2	1653	-0.007455734095036193
2102	P1_minus_P2	1654	-0.008159894202706908
2102	P1_minus_P2	1655	-0.008728304905663897
2102	P1_minus_P2	1656	-0.00957077776462345
2102	P1_minus_P2	1657	-0.01058601251972563
2102	P1_minus_P2	1658	-0.005339874447786386
2102	P1_minus_P2	1659	-0.007584578113987384
2102	P1_minus_P2	1660	-0.007620185909017696
2102	P1_minus_P2	1661	-0.008584452756164318
2102	P1_minus_P2	1662	-0.00821021128942695
2102	P1_minus_P2	1663	-0.008304524224457599
2102	P1_minus_P2	1664	-0.008705384798142979
2102	P1_minus_P2	1665	-0.009472301501208091
2102	P1_minus_P2	1666	-0.010302460458326057
2102	P1_minus_P2	1667	-0.008184989849541524
2102	P1_minus_P2	1668	-0.01005072307112087
2102	P1_minus_P2	1669	-0.009856840956900426
2102	P1_minus_P2	1670	-0.007452778109004132
2102	P1_minus_P2	1671	-0.010376500515677844
2102	P1_minus_P2	1672	-0.008382670389434355
2102	P1_minus_P2	1673	-0.007453190812470589
2102	P1_minus_P2	1674	-0.010778739643931279
2102	P1_minus_P2	1675	-0.009732670188613568
2102	P1_minus_P2	1676	-0.0075869060961758494
2102	P1_minus_P2	1677	-0.008492659008619674
2102	P1_minus_P2	1678	-0.010129846339637871
2102	P1_minus_P2	1679	-0.010615364121727255
2102	P1_minus_P2	1680	-0.009069369508208802
2102	P1_minus_P2	1681	-0.007464578103658137
2102	P1_minus_P2	1682	-0.004770674636785599
2102	P1_minus_P2	1683	-0.0032592700424697307
2102	P1_minus_P2	1684	-0.008358460039723792
2102	P1_minus_P2	1685	-0.008525159423145356
2102	P1_minus_P2	1686	-0.008542935428478837
2102	P1_minus_P2	1687	-0.008558871491226583
2102	P1_minus_P2	1688	-0.0062968581685299285
2102	P1_minus_P2	1689	-0.006338434356799261
2102	P1_minus_P2	1690	-0.00811035746651484
2102	P1_minus_P2	1691	-0.008617070513362801
2102	P1_minus_P2	1692	-0.004633649055500566
2102	P1_minus_P2	1693	-0.007935694363241208
2102	P1_minus_P2	1694	-0.00797879610953417
2102	P1_minus_P2	1695	-0.009722438910156228
2102	P1_minus_P2	1696	-0.008179009121392244
2102	P1_minus_P2	1697	-0.008499771366257347
2102	P1_minus_P2	1698	-0.009867779465436266
2102	P1_minus_P2	1699	-0.005592543193093769
2102	P1_minus_P2	1700	-0.0108173687606683
2102	P1_minus_P2	1701	-0.0058350458313025655
2102	P1_minus_P2	1702	-0.008926671273510323
2102	P1_minus_P2	1703	-0.012854470176863086
2102	P1_minus_P2	1704	-0.0076859764572349
2102	P1_minus_P2	1705	-0.006557536376764317
2102	P1_minus_P2	1706	-0.007372084962961767
2102	P1_minus_P2	1707	-0.007261380509101523
2102	P1_minus_P2	1708	-0.006770097850179679
2102	P1_minus_P2	1709	-0.00824612125277363
2102	P1_minus_P2	1710	-0.011128610048773135
2102	P1_minus_P2	1711	-0.0055174597632173805
2102	P1_minus_P2	1712	-0.008170616506171957
2102	P1_minus_P2	1713	-0.00680178561278133
2102	P1_minus_P2	1714	-0.010949424071407199
2102	P1_minus_P2	1715	-0.00936924039634418
2102	P1_minus_P2	1716	-0.006484625692722401
2102	P1_minus_P2	1717	-0.008192282926349936
2102	P1_minus_P2	1718	-0.009376339184852867
2102	P1_minus_P2	1719	-0.007539212663823069
2102	P1_minus_P2	1720	-0.011008304644557876
2102	P1_minus_P2	1721	-0.005771704150843604
2102	P1_minus_P2	1722	-0.007391774283297736
2102	P1_minus_P2	1723	-0.00670726779159192
2102	P1_minus_P2	1724	-0.007204023566692808
2102	P1_minus_P2	1725	-0.008054962705253577
2102	P1_minus_P2	1726	-0.009072889488490887
2102	P1_minus_P2	1727	-0.012568752730597432
2102	P1_minus_P2	1728	-0.006907247427339058
2102	P1_minus_P2	1729	-0.009449587266098458
2102	P1_minus_P2	1730	-0.007342954476530883
2102	P1_minus_P2	1731	-0.007469737587071146
2102	P1_minus_P2	1732	-0.008190456414662983
2102	P1_minus_P2	1733	-0.007628477889219165
2102	P1_minus_P2	1734	-0.006392014098931753
2102	P1_minus_P2	1735	-0.007264634203834164
2102	P1_minus_P2	1736	-0.008616687925164568
2102	P1_minus_P2	1737	-0.007523788208846249
2102	P1_minus_P2	1738	-0.0060791780605733425
2102	P1_minus_P2	1739	-0.007832059367040345
2102	P1_minus_P2	1740	-0.0053353799804850555
2102	P1_minus_P2	1741	-0.00856106645660637
2102	P1_minus_P2	1742	-0.006298732657561257
2102	P1_minus_P2	1743	-0.007274495381192125
2102	P1_minus_P2	1744	-0.007132189229783759
2102	P1_minus_P2	1745	-0.011881777092714874
2102	P1_minus_P2	1746	-0.011791327287491327
2102	P1_minus_P2	1747	-0.008005744134100878
2102	P1_minus_P2	1748	-0.007414952592161517
2102	P1_minus_P2	1749	-0.009369869390060515
2102	P1_minus_P2	1750	-0.007200519603814515
2102	P1_minus_P2	1751	-0.008822246080152918
2102	P1_minus_P2	1752	-0.005382572067056612
2102	P1_minus_P2	1753	-0.008209333434730404
2102	P1_minus_P2	1754	-0.008541630575448045
2102	P1_minus_P2	1755	-0.009971770234683153
2102	P1_minus_P2	1756	-0.0092819959181204
2102	P1_minus_P2	1757	-0.003934830795273125
2102	P1_minus_P2	1758	-0.00580658917049276
2102	P1_minus_P2	1759	-0.005997115997088576
2102	P1_minus_P2	1760	-0.00493000582645664
2102	P1_minus_P2	1761	-0.010191940879511918
2102	P1_minus_P2	1762	-0.010031875796961076
2102	P1_minus_P2	1763	-0.008345890518381971
2102	P1_minus_P2	1764	-0.00807477444917748
2102	P1_minus_P2	1765	-0.006363799748113075
2102	P1_minus_P2	1766	-0.008980342467561686
2102	P1_minus_P2	1767	-0.007829970229028205
2102	P1_minus_P2	1768	-0.006960524335002549
2102	P1_minus_P2	1769	-0.008040291930962673
2102	P1_minus_P2	1770	-0.00640173632341845
2102	P1_minus_P2	1771	-0.005480778905358585
2102	P1_minus_P2	1772	-0.007627695836037285
2102	P1_minus_P2	1773	-0.0088278965436554
2102	P1_minus_P2	1774	-0.009596243760893297
2102	P1_minus_P2	1775	-0.008044673061131657
2102	P1_minus_P2	1776	-0.007169047196056377
2102	P1_minus_P2	1777	-0.007440961523656586
2102	P1_minus_P2	1778	-0.010001798035883525
2102	P1_minus_P2	1779	-0.010436351658566712
2102	P1_minus_P2	1780	-0.0076746862903226964
2102	P1_minus_P2	1781	-0.007613933701624331
2102	P1_minus_P2	1782	-0.00930987484682727
2102	P1_minus_P2	1783	-0.007301202917349758
2102	P1_minus_P2	1784	-0.011540029056136436
2102	P1_minus_P2	1785	-0.008257763972994825
2102	P1_minus_P2	1786	-0.006465929262027825
2102	P1_minus_P2	1787	-0.010534740595676606
2102	P1_minus_P2	1788	-0.009372906302651918
2102	P1_minus_P2	1789	-0.005722613573526214
2102	P1_minus_P2	1790	-0.007042562764648097
2102	P1_minus_P2	1791	-0.012072135565499686
2102	P1_minus_P2	1792	-0.006467010816481877
2102	P1_minus_P2	1793	-0.005706968465052087
2102	P1_minus_P2	1794	-0.007706715262457031
2102	P1_minus_P2	1795	-0.008217775476837552
2102	P1_minus_P2	1796	-0.008000221197266733
2102	P1_minus_P2	1797	-0.006390507976818172
2102	P1_minus_P2	1798	-0.00700938125942796
2102	P1_minus_P2	1799	-0.005977530545066612
2102	P1_minus_P2	1800	-0.0074717850628724936
2102	P1_minus_P2	1801	-0.005507569703382509
2102	P1_minus_P2	1802	-0.00576888752371818
2102	P1_minus_P2	1803	-0.003665082715377188
2102	P1_minus_P2	1804	-0.009057932810107805
2102	P1_minus_P2	1805	-0.00856739058852174
2102	P1_minus_P2	1806	-0.00690707800482776
2102	P1_minus_P2	1807	-0.00784660750361077
2102	P1_minus_P2	1808	-0.007742574882883657
2102	P1_minus_P2	1809	-0.007375276213895887
2102	P1_minus_P2	1810	-0.006925358830835782
2102	P1_minus_P2	1811	-0.006262766402720832
2102	P1_minus_P2	1812	-0.008963659148326253
2102	P1_minus_P2	1813	-0.008229969482211663
2102	P1_minus_P2	1814	-0.008654960765845932
2102	P1_minus_P2	1815	-0.009366703056310377
2102	P1_minus_P2	1816	-0.007764745064115008
2102	P1_minus_P2	1817	-0.011757230387010154
2102	P1_minus_P2	1818	-0.008533151107775916
2102	P1_minus_P2	1819	-0.008674135134493055
2102	P1_minus_P2	1820	-0.0066653177825138354
2102	P1_minus_P2	1821	-0.005001354505926869
2102	P1_minus_P2	1822	-0.007683266055859561
2102	P1_minus_P2	1823	-0.008760866894335806
2102	P1_minus_P2	1824	-0.007157173774546721
2102	P1_minus_P2	1825	-0.004923497421182699
2102	P1_minus_P2	1826	-0.0062969479770142445
2102	P1_minus_P2	1827	-0.009317845733955055
2102	P1_minus_P2	1828	-0.007615754150377407
2102	P1_minus_P2	1829	-0.007175079570864384
2102	P1_minus_P2	1830	-0.0055391996684590605
2102	P1_minus_P2	1831	-0.007892270945621838
2102	P1_minus_P2	1832	-0.007578697559078418
2102	P1_minus_P2	1833	-0.006935893225653134
2102	P1_minus_P2	1834	-0.007774443742546933
2102	P1_minus_P2	1835	-0.0048005804440685584
2102	P1_minus_P2	1836	-0.008732503783299927
2102	P1_minus_P2	1837	-0.00894557076909347
2102	P1_minus_P2	1838	-0.009499051471317244
2102	P1_minus_P2	1839	-0.0077956896785355
2102	P1_minus_P2	1840	-0.008434097540954477
2102	P1_minus_P2	1841	-0.010218960443442948
2102	P1_minus_P2	1842	-0.00677995282984406
2102	P1_minus_P2	1843	-0.0075432054487429845
2102	P1_minus_P2	1844	-0.006924116667807456
2102	P1_minus_P2	1845	-0.010196134792984535
2102	P1_minus_P2	1846	-0.0050704826562692484
2102	P1_minus_P2	1847	-0.011476052592905406
2102	P1_minus_P2	1848	-0.009491505964705438
2102	P1_minus_P2	1849	-0.0066045180491844935
2102	P1_minus_P2	1850	-0.009828967563487667
2102	P1_minus_P2	1851	-0.0071296042427382855
2102	P1_minus_P2	1852	-0.0041103321198268095
2102	P1_minus_P2	1853	-0.008881360894567703
2102	P1_minus_P2	1854	-0.007568358846870182
2102	P1_minus_P2	1855	-0.008670875734962724
2102	P1_minus_P2	1856	-0.010349758782007223
2102	P1_minus_P2	1857	-0.009628073576778529
2102	P1_minus_P2	1858	-0.005641593867456551
2102	P1_minus_P2	1859	-0.007509545336780721
2102	P1_minus_P2	1860	-0.00982768832749814
2102	P1_minus_P2	1861	-0.005058512015492012
2102	P1_minus_P2	1862	-0.005523612855595994
2102	P1_minus_P2	1863	-0.008982091049737795
2102	P1_minus_P2	1864	-0.007178782529097594
2102	P1_minus_P2	1865	-0.008762512375807108
2102	P1_minus_P2	1866	-0.005761464623141976
2102	P1_minus_P2	1867	-0.009294753782450094
2102	P1_minus_P2	1868	-0.0059291744074692065
2102	P1_minus_P2	1869	-0.006731157478877037
2102	P1_minus_P2	1870	-0.004816686769905487
2102	P1_minus_P2	1871	-0.009526107298693298
2102	P1_minus_P2	1872	-0.00885842069335685
2102	P1_minus_P2	1873	-0.0055332140194167545
2102	P1_minus_P2	1874	-0.009374828940636237
2102	P1_minus_P2	1875	-0.012130761150539848
2102	P1_minus_P2	1876	-0.011798223717648992
2102	P1_minus_P2	1877	-0.005862652086982445
2102	P1_minus_P2	1878	-0.006642689198226082
2102	P1_minus_P2	1879	-0.006002891633339724
2102	P1_minus_P2	1880	-0.00872545873538444
2102	P1_minus_P2	1881	-0.00935106598356078
2102	P1_minus_P2	1882	-0.008379687029913097
2102	P1_minus_P2	1883	-0.010156841783098391
2102	P1_minus_P2	1884	-0.007082609040917065
2102	P1_minus_P2	1885	-0.010364494047071793
2102	P1_minus_P2	1886	-0.008435209571664992
2102	P1_minus_P2	1887	-0.011602106747069518
2102	P1_minus_P2	1888	-0.01192235191072305
2102	P1_minus_P2	1889	-0.009397074392837657
2102	P1_minus_P2	1890	-0.006824556984533936
2102	P1_minus_P2	1891	-0.011179903806393943
2102	P1_minus_P2	1892	-0.006215886442377416
2102	P1_minus_P2	1893	-0.006672037365710093
2102	P1_minus_P2	1894	-0.0059913266012114885
2102	P1_minus_P2	1895	-0.006721181305106683
2102	P1_minus_P2	1896	-0.007550033275250945
2102	P1_minus_P2	1897	-0.011576842549834376
2102	P1_minus_P2	1898	-0.009183374583519366
2102	P1_minus_P2	1899	-0.00684683282944748
2102	P1_minus_P2	1900	-0.01004085375883268
2102	P1_minus_P2	1901	-0.008678114971999995
2102	P1_minus_P2	1902	-0.008599692350245991
2102	P1_minus_P2	1903	-0.006916467191103337
2102	P1_minus_P2	1904	-0.007071519383193614
2102	P1_minus_P2	1905	-0.00926937802573835
2102	P1_minus_P2	1906	-0.007785567117061409
2102	P1_minus_P2	1907	-0.008687191554570317
2102	P1_minus_P2	1908	-0.006977690105306689
2102	P1_minus_P2	1909	-0.006923834631155479
2102	P1_minus_P2	1910	-0.007507512191393895
2102	P1_minus_P2	1911	-0.00697827962517128
2102	P1_minus_P2	1912	-0.00809624757936167
2102	P1_minus_P2	1913	-0.008138145044156775
2102	P1_minus_P2	1914	-0.00842195919474431
2102	P1_minus_P2	1915	-0.0071084645282806225
2102	P1_minus_P2	1916	-0.005218010886727409
2102	P1_minus_P2	1917	-0.006031558179722285
2102	P1_minus_P2	1918	-0.008928005906433611
2102	P1_minus_P2	1919	-0.0063129042534907365
2102	P1_minus_P2	1920	-0.009077371641116105
2102	P1_minus_P2	1921	-0.009244189416233561
2102	P1_minus_P2	1922	-0.011448878943853824
2102	P1_minus_P2	1923	-0.005694989263077488
2102	P1_minus_P2	1924	-0.009616157816797533
2102	P1_minus_P2	1925	-0.011024817450512037
2102	P1_minus_P2	1926	-0.0048883512625235714
2102	P1_minus_P2	1927	-0.008574263081947364
2102	P1_minus_P2	1928	-0.005181693649286223
2102	P1_minus_P2	1929	-0.00904201565731827
2102	P1_minus_P2	1930	-0.009992756365723998
2102	P1_minus_P2	1931	-0.005522429456933486
2102	P1_minus_P2	1932	-0.007539687839179021
2102	P1_minus_P2	1933	-0.007917277394813738
2102	P1_minus_P2	1934	-0.006943150206434712
2102	P1_minus_P2	1935	-0.007283491206837467
2102	P1_minus_P2	1936	-0.00823858712677672
2102	P1_minus_P2	1937	-0.007495723583548997
2102	P1_minus_P2	1938	-0.0050484056208347505
2102	P1_minus_P2	1939	-0.006311102804445745
2102	P1_minus_P2	1940	-0.006823485830834586
2102	P1_minus_P2	1941	-0.008295075900788484
2102	P1_minus_P2	1942	-0.00730018993351178
2102	P1_minus_P2	1943	-0.007959864724630561
2102	P1_minus_P2	1944	-0.010851170222473339
2102	P1_minus_P2	1945	-0.007163895297996881
2102	P1_minus_P2	1946	-0.007452202548199671
2102	P1_minus_P2	1947	-0.007027092628389631
2102	P1_minus_P2	1948	-0.00869473404091392
2102	P1_minus_P2	1949	-0.006578180599141392
2102	P1_minus_P2	1950	-0.00886074219464672
2102	P1_minus_P2	1951	-0.007641833024846056
2102	P1_minus_P2	1952	-0.009020360429486285
2102	P1_minus_P2	1953	-0.005968725545850706
2102	P1_minus_P2	1954	-0.007677204844222962
2102	P1_minus_P2	1955	-0.007267078634829671
2102	P1_minus_P2	1956	-0.010249723629171648
2102	P1_minus_P2	1957	-0.009157338616850197
2102	P1_minus_P2	1958	-0.008412164864155913
2102	P1_minus_P2	1959	-0.006990938974083649
2102	P1_minus_P2	1960	-0.005229099054266828
2102	P1_minus_P2	1961	-0.007773190159402421
2102	P1_minus_P2	1962	-0.004955970121618192
2102	P1_minus_P2	1963	-0.009510008172617712
2102	P1_minus_P2	1964	-0.010303473018169196
2102	P1_minus_P2	1965	-0.008249265850956866
2102	P1_minus_P2	1966	-0.008802910539369047
2102	P1_minus_P2	1967	-0.009236030941846163
2102	P1_minus_P2	1968	-0.009672760525727686
2102	P1_minus_P2	1969	-0.00664845806222214
2102	P1_minus_P2	1970	-0.0037930097494339177
2102	P1_minus_P2	1971	-0.007492183618112325
2102	P1_minus_P2	1972	-0.011302479400993048
2102	P1_minus_P2	1973	-0.007191172232619003
2102	P1_minus_P2	1974	-0.006987704562732011
2102	P1_minus_P2	1975	-0.009344195398727995
2102	P1_minus_P2	1976	-0.008598457144879279
2102	P1_minus_P2	1977	-0.009639788828807061
2102	P1_minus_P2	1978	-0.006121834194363074
2102	P1_minus_P2	1979	-0.006195970756405433
2102	P1_minus_P2	1980	-0.007077715734189083
2102	P1_minus_P2	1981	-0.005361811647358716
2102	P1_minus_P2	1982	-0.008113120517465044
2102	P1_minus_P2	1983	-0.007791941822089921
2102	P1_minus_P2	1984	-0.006497186458103654
2102	P1_minus_P2	1985	-0.006946847325367322
2102	P1_minus_P2	1986	-0.012833865986229709
2102	P1_minus_P2	1987	-0.006638282787656213
2102	P1_minus_P2	1988	-0.00692279682271546
2102	P1_minus_P2	1989	-0.0065767012815565185
2102	P1_minus_P2	1990	-0.006660201423054457
2102	P1_minus_P2	1991	-0.005528304504569315
2102	P1_minus_P2	1992	-0.007539935968964184
2102	P1_minus_P2	1993	-0.007380411642781359
2102	P1_minus_P2	1994	-0.010511421074177796
2102	P1_minus_P2	1995	-0.0038194774507794294
2102	P1_minus_P2	1996	-0.011079823254813381
2102	P1_minus_P2	1997	-0.008287927700832531
2102	P1_minus_P2	1998	-0.007584755699055645
2102	P1_minus_P2	1999	-0.011483888706234013
2102	P1_minus_P3	0	-0.015763222698748247
2102	P1_minus_P3	1	-0.013193118719907027
2102	P1_minus_P3	2	-0.014765745319736068
2102	P1_minus_P3	3	-0.0164145869242186
2102	P1_minus_P3	4	-0.01915759689283486
2102	P1_minus_P3	5	-0.016545113043233917
2102	P1_minus_P3	6	-0.0140037046597008
2102	P1_minus_P3	7	-0.014931916108259391
2102	P1_minus_P3	8	-0.013662040563924283
2102	P1_minus_P3	9	-0.019434546991581703
2102	P1_minus_P3	10	-0.013948683796997763
2102	P1_minus_P3	11	-0.018537971430867106
2102	P1_minus_P3	12	-0.014217900937852856
2102	P1_minus_P3	13	-0.01309717286362938
2102	P1_minus_P3	14	-0.009621711196044103
2102	P1_minus_P3	15	-0.015125846396684961
2102	P1_minus_P3	16	-0.017902709407738526
2102	P1_minus_P3	17	-0.02021408925490381
2102	P1_minus_P3	18	-0.018671880526598517
2102	P1_minus_P3	19	-0.013500593367500535
2102	P1_minus_P3	20	-0.015652472690154295
2102	P1_minus_P3	21	-0.016341625981444896
2102	P1_minus_P3	22	-0.01379361337510765
2102	P1_minus_P3	23	-0.014749331581420944
2102	P1_minus_P3	24	-0.018585366457552377
2102	P1_minus_P3	25	-0.013835332526860755
2102	P1_minus_P3	26	-0.015882265407123286
2102	P1_minus_P3	27	-0.016316822005818576
2102	P1_minus_P3	28	-0.013647723007857215
2102	P1_minus_P3	29	-0.016317590523551195
2102	P1_minus_P3	30	-0.017220870939217536
2102	P1_minus_P3	31	-0.016643272440742762
2102	P1_minus_P3	32	-0.013801431941106335
2102	P1_minus_P3	33	-0.016655585200266332
2102	P1_minus_P3	34	-0.01928206780342634
2102	P1_minus_P3	35	-0.018942705653145264
2102	P1_minus_P3	36	-0.01533009213838843
2102	P1_minus_P3	37	-0.015268328012295329
2102	P1_minus_P3	38	-0.01852332537226653
2102	P1_minus_P3	39	-0.015962955838727644
2102	P1_minus_P3	40	-0.014994676731906742
2102	P1_minus_P3	41	-0.013755320900564416
2102	P1_minus_P3	42	-0.013307695225234617
2102	P1_minus_P3	43	-0.015022112061632342
2102	P1_minus_P3	44	-0.014080389178798502
2102	P1_minus_P3	45	-0.01706325624263394
2102	P1_minus_P3	46	-0.015091738674454125
2102	P1_minus_P3	47	-0.013929725247629865
2102	P1_minus_P3	48	-0.01593441789747685
2102	P1_minus_P3	49	-0.016257320442827128
2102	P1_minus_P3	50	-0.014141165351693852
2102	P1_minus_P3	51	-0.017676512200286987
2102	P1_minus_P3	52	-0.0129962932735051
2102	P1_minus_P3	53	-0.014440295913617951
2102	P1_minus_P3	54	-0.01479547858221486
2102	P1_minus_P3	55	-0.015687908319811428
2102	P1_minus_P3	56	-0.013802032178084178
2102	P1_minus_P3	57	-0.013681399117683846
2102	P1_minus_P3	58	-0.014711474187917295
2102	P1_minus_P3	59	-0.015327469839472752
2102	P1_minus_P3	60	-0.015134932224091013
2102	P1_minus_P3	61	-0.013181707854020064
2102	P1_minus_P3	62	-0.016299933521494836
2102	P1_minus_P3	63	-0.010998379354246413
2102	P1_minus_P3	64	-0.014121789859622036
2102	P1_minus_P3	65	-0.01960913330440006
2102	P1_minus_P3	66	-0.018265187599135757
2102	P1_minus_P3	67	-0.0152708356911887
2102	P1_minus_P3	68	-0.014402933916518257
2102	P1_minus_P3	69	-0.015430646457075925
2102	P1_minus_P3	70	-0.01577247321860986
2102	P1_minus_P3	71	-0.01633473600686547
2102	P1_minus_P3	72	-0.01318950108529171
2102	P1_minus_P3	73	-0.017262376331257767
2102	P1_minus_P3	74	-0.018353667028212672
2102	P1_minus_P3	75	-0.013592955426718512
2102	P1_minus_P3	76	-0.015433654496324
2102	P1_minus_P3	77	-0.015721108133187556
2102	P1_minus_P3	78	-0.013055328535846678
2102	P1_minus_P3	79	-0.016106089240231103
2102	P1_minus_P3	80	-0.016355654797763575
2102	P1_minus_P3	81	-0.015995707182771712
2102	P1_minus_P3	82	-0.018115069114918392
2102	P1_minus_P3	83	-0.014718899174117006
2102	P1_minus_P3	84	-0.01727007604062908
2102	P1_minus_P3	85	-0.014292260306578985
2102	P1_minus_P3	86	-0.013724807775869319
2102	P1_minus_P3	87	-0.016867718587334102
2102	P1_minus_P3	88	-0.014706760494586801
2102	P1_minus_P3	89	-0.013903152616522252
2102	P1_minus_P3	90	-0.015479108186558843
2102	P1_minus_P3	91	-0.0180522443085695
2102	P1_minus_P3	92	-0.01794297086534452
2102	P1_minus_P3	93	-0.016341678887148103
2102	P1_minus_P3	94	-0.015430603626304773
2102	P1_minus_P3	95	-0.014521790164650716
2102	P1_minus_P3	96	-0.01629752962351899
2102	P1_minus_P3	97	-0.018026701107772325
2102	P1_minus_P3	98	-0.01712971649266337
2102	P1_minus_P3	99	-0.013611014463753124
2102	P1_minus_P3	100	-0.014469220134371907
2102	P1_minus_P3	101	-0.014298695676391526
2102	P1_minus_P3	102	-0.013400554865671932
2102	P1_minus_P3	103	-0.015803394549078642
2102	P1_minus_P3	104	-0.010471153008295764
2102	P1_minus_P3	105	-0.018277599708165837
2102	P1_minus_P3	106	-0.014333854630231346
2102	P1_minus_P3	107	-0.02000902621738959
2102	P1_minus_P3	108	-0.014553563663057878
2102	P1_minus_P3	109	-0.013561788743554182
2102	P1_minus_P3	110	-0.016738408812896455
2102	P1_minus_P3	111	-0.014233834764665665
2102	P1_minus_P3	112	-0.01570178095450797
2102	P1_minus_P3	113	-0.013426642709391645
2102	P1_minus_P3	114	-0.017998093545910032
2102	P1_minus_P3	115	-0.01656920423814151
2102	P1_minus_P3	116	-0.015514550805464045
2102	P1_minus_P3	117	-0.012036481473547966
2102	P1_minus_P3	118	-0.015923530588134893
2102	P1_minus_P3	119	-0.01288083013333341
2102	P1_minus_P3	120	-0.014353994792263514
2102	P1_minus_P3	121	-0.01841658189922135
2102	P1_minus_P3	122	-0.012924963031713699
2102	P1_minus_P3	123	-0.017391494109754824
2102	P1_minus_P3	124	-0.01718706658220548
2102	P1_minus_P3	125	-0.016698246157340058
2102	P1_minus_P3	126	-0.013753414881930603
2102	P1_minus_P3	127	-0.015749252371921985
2102	P1_minus_P3	128	-0.017430086941316036
2102	P1_minus_P3	129	-0.014979100213547036
2102	P1_minus_P3	130	-0.014549142788118252
2102	P1_minus_P3	131	-0.012394053650897852
2102	P1_minus_P3	132	-0.017209170983367605
2102	P1_minus_P3	133	-0.016476449823615902
2102	P1_minus_P3	134	-0.013700025825401807
2102	P1_minus_P3	135	-0.015052107233194056
2102	P1_minus_P3	136	-0.015345324994172738
2102	P1_minus_P3	137	-0.010380818257601176
2102	P1_minus_P3	138	-0.01807732756109215
2102	P1_minus_P3	139	-0.02036580064149729
2102	P1_minus_P3	140	-0.014848288451935587
2102	P1_minus_P3	141	-0.01976141745676907
2102	P1_minus_P3	142	-0.016902204318822445
2102	P1_minus_P3	143	-0.01720504908387238
2102	P1_minus_P3	144	-0.016455609087333456
2102	P1_minus_P3	145	-0.014120575756788323
2102	P1_minus_P3	146	-0.016167340839572275
2102	P1_minus_P3	147	-0.01809805414362442
2102	P1_minus_P3	148	-0.01911454178379335
2102	P1_minus_P3	149	-0.013378401046764243
2102	P1_minus_P3	150	-0.015203078474106457
2102	P1_minus_P3	151	-0.017919953848436254
2102	P1_minus_P3	152	-0.01649676050391058
2102	P1_minus_P3	153	-0.012236133869034549
2102	P1_minus_P3	154	-0.01978979461396635
2102	P1_minus_P3	155	-0.01641042240599294
2102	P1_minus_P3	156	-0.01573157280209292
2102	P1_minus_P3	157	-0.015338319352950602
2102	P1_minus_P3	158	-0.01873548400087799
2102	P1_minus_P3	159	-0.017080951329734306
2102	P1_minus_P3	160	-0.01640731579561394
2102	P1_minus_P3	161	-0.015413921440112888
2102	P1_minus_P3	162	-0.01581256568672984
2102	P1_minus_P3	163	-0.015738136902783917
2102	P1_minus_P3	164	-0.018386362449408056
2102	P1_minus_P3	165	-0.015745913524130906
2102	P1_minus_P3	166	-0.01564158625174522
2102	P1_minus_P3	167	-0.0200152271407828
2102	P1_minus_P3	168	-0.013680662092158014
2102	P1_minus_P3	169	-0.01647841530856492
2102	P1_minus_P3	170	-0.014891357907725111
2102	P1_minus_P3	171	-0.017019672854286683
2102	P1_minus_P3	172	-0.018605401258767418
2102	P1_minus_P3	173	-0.015908264118515092
2102	P1_minus_P3	174	-0.0199046482876451
2102	P1_minus_P3	175	-0.01452166677885064
2102	P1_minus_P3	176	-0.018978113531058716
2102	P1_minus_P3	177	-0.022163402100230933
2102	P1_minus_P3	178	-0.015670138024630964
2102	P1_minus_P3	179	-0.012984745965444466
2102	P1_minus_P3	180	-0.017097668316843895
2102	P1_minus_P3	181	-0.016448709055460253
2102	P1_minus_P3	182	-0.012555931352030536
2102	P1_minus_P3	183	-0.01647998256381078
2102	P1_minus_P3	184	-0.01755236123747239
2102	P1_minus_P3	185	-0.016841234179323705
2102	P1_minus_P3	186	-0.01629081447678221
2102	P1_minus_P3	187	-0.014989366652452096
2102	P1_minus_P3	188	-0.010978682545205842
2102	P1_minus_P3	189	-0.015907430236197895
2102	P1_minus_P3	190	-0.019349994002798965
2102	P1_minus_P3	191	-0.012597910651375499
2102	P1_minus_P3	192	-0.015195826057217365
2102	P1_minus_P3	193	-0.01651729798705659
2102	P1_minus_P3	194	-0.018025088980404835
2102	P1_minus_P3	195	-0.013437561882506555
2102	P1_minus_P3	196	-0.02032852876115465
2102	P1_minus_P3	197	-0.013318853171186307
2102	P1_minus_P3	198	-0.018531679424795944
2102	P1_minus_P3	199	-0.012020188719509828
2102	P1_minus_P3	200	-0.01566500420714123
2102	P1_minus_P3	201	-0.01613268258019629
2102	P1_minus_P3	202	-0.014829036873536705
2102	P1_minus_P3	203	-0.014665524467023516
2102	P1_minus_P3	204	-0.016983927972701263
2102	P1_minus_P3	205	-0.016681647152915202
2102	P1_minus_P3	206	-0.014060038726725399
2102	P1_minus_P3	207	-0.01834727678737541
2102	P1_minus_P3	208	-0.009782966565809403
2102	P1_minus_P3	209	-0.015462011677934151
2102	P1_minus_P3	210	-0.019527022072112266
2102	P1_minus_P3	211	-0.017640666006577266
2102	P1_minus_P3	212	-0.011660141510012045
2102	P1_minus_P3	213	-0.014858255805623555
2102	P1_minus_P3	214	-0.016019886089917723
2102	P1_minus_P3	215	-0.013581497109057372
2102	P1_minus_P3	216	-0.01795046209238299
2102	P1_minus_P3	217	-0.01620394421572724
2102	P1_minus_P3	218	-0.014208176847023635
2102	P1_minus_P3	219	-0.015339800041111129
2102	P1_minus_P3	220	-0.018210885991103543
2102	P1_minus_P3	221	-0.01976475105525044
2102	P1_minus_P3	222	-0.01586080661697198
2102	P1_minus_P3	223	-0.016043241369582406
2102	P1_minus_P3	224	-0.01888885009648955
2102	P1_minus_P3	225	-0.01943567448373834
2102	P1_minus_P3	226	-0.014025614140107612
2102	P1_minus_P3	227	-0.018403997947355477
2102	P1_minus_P3	228	-0.016412717010411915
2102	P1_minus_P3	229	-0.01685992085209098
2102	P1_minus_P3	230	-0.01762764756979701
2102	P1_minus_P3	231	-0.015415267604807159
2102	P1_minus_P3	232	-0.01561145909007089
2102	P1_minus_P3	233	-0.013524574855983407
2102	P1_minus_P3	234	-0.015471346137181596
2102	P1_minus_P3	235	-0.016167951507744138
2102	P1_minus_P3	236	-0.011723610825219943
2102	P1_minus_P3	237	-0.015002900691444498
2102	P1_minus_P3	238	-0.01582410403454254
2102	P1_minus_P3	239	-0.01788349659630456
2102	P1_minus_P3	240	-0.01595189197413438
2102	P1_minus_P3	241	-0.01506683902508843
2102	P1_minus_P3	242	-0.014909490889906063
2102	P1_minus_P3	243	-0.017106308463902042
2102	P1_minus_P3	244	-0.018423999462508778
2102	P1_minus_P3	245	-0.015705416494454227
2102	P1_minus_P3	246	-0.013556275004373786
2102	P1_minus_P3	247	-0.01426876215184536
2102	P1_minus_P3	248	-0.01688857191768356
2102	P1_minus_P3	249	-0.014118273937284487
2102	P1_minus_P3	250	-0.01892414839212264
2102	P1_minus_P3	251	-0.016719725661619333
2102	P1_minus_P3	252	-0.012790373107583353
2102	P1_minus_P3	253	-0.015822711069825857
2102	P1_minus_P3	254	-0.014666119259780341
2102	P1_minus_P3	255	-0.014646872308129444
2102	P1_minus_P3	256	-0.019641394869691187
2102	P1_minus_P3	257	-0.01473624839494958
2102	P1_minus_P3	258	-0.016252399734179412
2102	P1_minus_P3	259	-0.018207710796723342
2102	P1_minus_P3	260	-0.01514827681499531
2102	P1_minus_P3	261	-0.015711853567496936
2102	P1_minus_P3	262	-0.015458507082423079
2102	P1_minus_P3	263	-0.014413207665050387
2102	P1_minus_P3	264	-0.015883710704982623
2102	P1_minus_P3	265	-0.013114183643443189
2102	P1_minus_P3	266	-0.017174292463933316
2102	P1_minus_P3	267	-0.015289357897976918
2102	P1_minus_P3	268	-0.014838056910052744
2102	P1_minus_P3	269	-0.01898713318370565
2102	P1_minus_P3	270	-0.012766900061354836
2102	P1_minus_P3	271	-0.013879548241974848
2102	P1_minus_P3	272	-0.01804386657535978
2102	P1_minus_P3	273	-0.017347211290485887
2102	P1_minus_P3	274	-0.019093565174600258
2102	P1_minus_P3	275	-0.015505502574343355
2102	P1_minus_P3	276	-0.013073398472185416
2102	P1_minus_P3	277	-0.015291117290761824
2102	P1_minus_P3	278	-0.011899460847620558
2102	P1_minus_P3	279	-0.013486311897306036
2102	P1_minus_P3	280	-0.01577983998558341
2102	P1_minus_P3	281	-0.01581641434219405
2102	P1_minus_P3	282	-0.016498687772146026
2102	P1_minus_P3	283	-0.016957482946753033
2102	P1_minus_P3	284	-0.015402472519684463
2102	P1_minus_P3	285	-0.0123017227440404
2102	P1_minus_P3	286	-0.015173288464069012
2102	P1_minus_P3	287	-0.0169328438345418
2102	P1_minus_P3	288	-0.013999044531035676
2102	P1_minus_P3	289	-0.014340675904173983
2102	P1_minus_P3	290	-0.01628808379654484
2102	P1_minus_P3	291	-0.017887341868234985
2102	P1_minus_P3	292	-0.014780302092277653
2102	P1_minus_P3	293	-0.01416895281090813
2102	P1_minus_P3	294	-0.012679161914716408
2102	P1_minus_P3	295	-0.014855798549594401
2102	P1_minus_P3	296	-0.018252182227435854
2102	P1_minus_P3	297	-0.012576904317782689
2102	P1_minus_P3	298	-0.015152323033170101
2102	P1_minus_P3	299	-0.01505861668089914
2102	P1_minus_P3	300	-0.021188456178080572
2102	P1_minus_P3	301	-0.016204079981205988
2102	P1_minus_P3	302	-0.01386272272700173
2102	P1_minus_P3	303	-0.014020653685598239
2102	P1_minus_P3	304	-0.014580055647767931
2102	P1_minus_P3	305	-0.0160328962296038
2102	P1_minus_P3	306	-0.016652485761442848
2102	P1_minus_P3	307	-0.015640571907539536
2102	P1_minus_P3	308	-0.01115535960201286
2102	P1_minus_P3	309	-0.016658904614981873
2102	P1_minus_P3	310	-0.017616435180852597
2102	P1_minus_P3	311	-0.014014862082437352
2102	P1_minus_P3	312	-0.015829808318457927
2102	P1_minus_P3	313	-0.011880193963359986
2102	P1_minus_P3	314	-0.013930046917488947
2102	P1_minus_P3	315	-0.016900892015603408
2102	P1_minus_P3	316	-0.014508799021734409
2102	P1_minus_P3	317	-0.014823712818384571
2102	P1_minus_P3	318	-0.015393562012780804
2102	P1_minus_P3	319	-0.015355661358382677
2102	P1_minus_P3	320	-0.01757922720150612
2102	P1_minus_P3	321	-0.019531057463391677
2102	P1_minus_P3	322	-0.0199014838148594
2102	P1_minus_P3	323	-0.014619561510962109
2102	P1_minus_P3	324	-0.015107195680429064
2102	P1_minus_P3	325	-0.013683558840392629
2102	P1_minus_P3	326	-0.01607893198349919
2102	P1_minus_P3	327	-0.01689000537434271
2102	P1_minus_P3	328	-0.01538906983243582
2102	P1_minus_P3	329	-0.013935586054877325
2102	P1_minus_P3	330	-0.013839446393807076
2102	P1_minus_P3	331	-0.01720535807014012
2102	P1_minus_P3	332	-0.015641285806878402
2102	P1_minus_P3	333	-0.01337938032905811
2102	P1_minus_P3	334	-0.016063809576057464
2102	P1_minus_P3	335	-0.015495322401300471
2102	P1_minus_P3	336	-0.01474142064721834
2102	P1_minus_P3	337	-0.01722046924286863
2102	P1_minus_P3	338	-0.013961807813554161
2102	P1_minus_P3	339	-0.011599243578362672
2102	P1_minus_P3	340	-0.016101528580612645
2102	P1_minus_P3	341	-0.014676974774373908
2102	P1_minus_P3	342	-0.014457529473339559
2102	P1_minus_P3	343	-0.016294247932733097
2102	P1_minus_P3	344	-0.01325246976084793
2102	P1_minus_P3	345	-0.015023882349991302
2102	P1_minus_P3	346	-0.016577892095318014
2102	P1_minus_P3	347	-0.018697385789143206
2102	P1_minus_P3	348	-0.014780838197461788
2102	P1_minus_P3	349	-0.01677303015812326
2102	P1_minus_P3	350	-0.012305653425893626
2102	P1_minus_P3	351	-0.015478337899866745
2102	P1_minus_P3	352	-0.01808832060806831
2102	P1_minus_P3	353	-0.017294896871276777
2102	P1_minus_P3	354	-0.015006155351513784
2102	P1_minus_P3	355	-0.015468521604789065
2102	P1_minus_P3	356	-0.012990811534212443
2102	P1_minus_P3	357	-0.01600167924930035
2102	P1_minus_P3	358	-0.01431591733803228
2102	P1_minus_P3	359	-0.018000131878135706
2102	P1_minus_P3	360	-0.01717472140913079
2102	P1_minus_P3	361	-0.016555249572929365
2102	P1_minus_P3	362	-0.01576594657835395
2102	P1_minus_P3	363	-0.014586131966533522
2102	P1_minus_P3	364	-0.018347734631924073
2102	P1_minus_P3	365	-0.014960575379384944
2102	P1_minus_P3	366	-0.013341494493596617
2102	P1_minus_P3	367	-0.01376349728654025
2102	P1_minus_P3	368	-0.017975887493743736
2102	P1_minus_P3	369	-0.018416085821417683
2102	P1_minus_P3	370	-0.0145488169161761
2102	P1_minus_P3	371	-0.012322554713040001
2102	P1_minus_P3	372	-0.016581381058391576
2102	P1_minus_P3	373	-0.011627631655270365
2102	P1_minus_P3	374	-0.014983028268631682
2102	P1_minus_P3	375	-0.017274364739896353
2102	P1_minus_P3	376	-0.015008044669686915
2102	P1_minus_P3	377	-0.013619084704464601
2102	P1_minus_P3	378	-0.010591282242478517
2102	P1_minus_P3	379	-0.013621555855275025
2102	P1_minus_P3	380	-0.013547632556970779
2102	P1_minus_P3	381	-0.015600527569673062
2102	P1_minus_P3	382	-0.01680192776815015
2102	P1_minus_P3	383	-0.01644506567067311
2102	P1_minus_P3	384	-0.01670411726115112
2102	P1_minus_P3	385	-0.015439171695915022
2102	P1_minus_P3	386	-0.014217562029875563
2102	P1_minus_P3	387	-0.014022648471815558
2102	P1_minus_P3	388	-0.012432385471664475
2102	P1_minus_P3	389	-0.01553998745523344
2102	P1_minus_P3	390	-0.015371030661914697
2102	P1_minus_P3	391	-0.015848217880527704
2102	P1_minus_P3	392	-0.015239213238471772
2102	P1_minus_P3	393	-0.016145750721542562
2102	P1_minus_P3	394	-0.015523969647228353
2102	P1_minus_P3	395	-0.01654757495975412
2102	P1_minus_P3	396	-0.020303414901689798
2102	P1_minus_P3	397	-0.014446401427805455
2102	P1_minus_P3	398	-0.016045623735842784
2102	P1_minus_P3	399	-0.01345074416180747
2102	P1_minus_P3	400	-0.015800270237660674
2102	P1_minus_P3	401	-0.01388073704688042
2102	P1_minus_P3	402	-0.018293357400038568
2102	P1_minus_P3	403	-0.014286757747390078
2102	P1_minus_P3	404	-0.01843467577978758
2102	P1_minus_P3	405	-0.01728859112410175
2102	P1_minus_P3	406	-0.01833719243378834
2102	P1_minus_P3	407	-0.017200940638817386
2102	P1_minus_P3	408	-0.014828323527216358
2102	P1_minus_P3	409	-0.016666048866411987
2102	P1_minus_P3	410	-0.019462434575273302
2102	P1_minus_P3	411	-0.01591071974295033
2102	P1_minus_P3	412	-0.014726823147967028
2102	P1_minus_P3	413	-0.01843793581998021
2102	P1_minus_P3	414	-0.018110315174432623
2102	P1_minus_P3	415	-0.01709571055526843
2102	P1_minus_P3	416	-0.014769921050569845
2102	P1_minus_P3	417	-0.013888418164678784
2102	P1_minus_P3	418	-0.016045641409899447
2102	P1_minus_P3	419	-0.01562217917747788
2102	P1_minus_P3	420	-0.014255454170542192
2102	P1_minus_P3	421	-0.017147598081470428
2102	P1_minus_P3	422	-0.016115999167154116
2102	P1_minus_P3	423	-0.01690967782322278
2102	P1_minus_P3	424	-0.015153741593402992
2102	P1_minus_P3	425	-0.016816300026289754
2102	P1_minus_P3	426	-0.011865741496478288
2102	P1_minus_P3	427	-0.017213709375476283
2102	P1_minus_P3	428	-0.018986194752642016
2102	P1_minus_P3	429	-0.01718609892336226
2102	P1_minus_P3	430	-0.017365735417728012
2102	P1_minus_P3	431	-0.013635605229096792
2102	P1_minus_P3	432	-0.018429325624258697
2102	P1_minus_P3	433	-0.016615639019276207
2102	P1_minus_P3	434	-0.017831494504468415
2102	P1_minus_P3	435	-0.015787186373762807
2102	P1_minus_P3	436	-0.017453690577141412
2102	P1_minus_P3	437	-0.014581421368985437
2102	P1_minus_P3	438	-0.012266674185028581
2102	P1_minus_P3	439	-0.012679078175275027
2102	P1_minus_P3	440	-0.013393353969500699
2102	P1_minus_P3	441	-0.012376926026169022
2102	P1_minus_P3	442	-0.021278246159890712
2102	P1_minus_P3	443	-0.014901442179560187
2102	P1_minus_P3	444	-0.01617375935025661
2102	P1_minus_P3	445	-0.012968691110044395
2102	P1_minus_P3	446	-0.01369673005964045
2102	P1_minus_P3	447	-0.015028243496612081
2102	P1_minus_P3	448	-0.017768909671668942
2102	P1_minus_P3	449	-0.017943746067641098
2102	P1_minus_P3	450	-0.01658042487443151
2102	P1_minus_P3	451	-0.01746470778760356
2102	P1_minus_P3	452	-0.012074596735851206
2102	P1_minus_P3	453	-0.01625535299052927
2102	P1_minus_P3	454	-0.014643296250869908
2102	P1_minus_P3	455	-0.017541183338148802
2102	P1_minus_P3	456	-0.017646544965871203
2102	P1_minus_P3	457	-0.014896461029246244
2102	P1_minus_P3	458	-0.01549263221516084
2102	P1_minus_P3	459	-0.016831845606635365
2102	P1_minus_P3	460	-0.01723585002776773
2102	P1_minus_P3	461	-0.015304627233355683
2102	P1_minus_P3	462	-0.015085310409286401
2102	P1_minus_P3	463	-0.015620528770149744
2102	P1_minus_P3	464	-0.014897010365060304
2102	P1_minus_P3	465	-0.015567773323772405
2102	P1_minus_P3	466	-0.016531071383713458
2102	P1_minus_P3	467	-0.018934216015070504
2102	P1_minus_P3	468	-0.013722384389343922
2102	P1_minus_P3	469	-0.015975930218109724
2102	P1_minus_P3	470	-0.017744914559221725
2102	P1_minus_P3	471	-0.02135511890854036
2102	P1_minus_P3	472	-0.013036229708038971
2102	P1_minus_P3	473	-0.015605185008170874
2102	P1_minus_P3	474	-0.013848667494989364
2102	P1_minus_P3	475	-0.01357194601063999
2102	P1_minus_P3	476	-0.014607979080486222
2102	P1_minus_P3	477	-0.014333952969022512
2102	P1_minus_P3	478	-0.01629969593451186
2102	P1_minus_P3	479	-0.013424396621244061
2102	P1_minus_P3	480	-0.014094918941609635
2102	P1_minus_P3	481	-0.014210391703087244
2102	P1_minus_P3	482	-0.014429958767343154
2102	P1_minus_P3	483	-0.01748413000735749
2102	P1_minus_P3	484	-0.014586988820597002
2102	P1_minus_P3	485	-0.014166337019340003
2102	P1_minus_P3	486	-0.012832297815913662
2102	P1_minus_P3	487	-0.015845747044071434
2102	P1_minus_P3	488	-0.012667377469075758
2102	P1_minus_P3	489	-0.017843769774081808
2102	P1_minus_P3	490	-0.015877847528356637
2102	P1_minus_P3	491	-0.01564855056609532
2102	P1_minus_P3	492	-0.015262111674730017
2102	P1_minus_P3	493	-0.017436627155238027
2102	P1_minus_P3	494	-0.013623023972099912
2102	P1_minus_P3	495	-0.0112818380017502
2102	P1_minus_P3	496	-0.015857788231912195
2102	P1_minus_P3	497	-0.0125196894181408
2102	P1_minus_P3	498	-0.014535738769133055
2102	P1_minus_P3	499	-0.019301023707668452
2102	P1_minus_P3	500	-0.015873869204569346
2102	P1_minus_P3	501	-0.01487845245463676
2102	P1_minus_P3	502	-0.01722751875542511
2102	P1_minus_P3	503	-0.01534037371759478
2102	P1_minus_P3	504	-0.015325095144886003
2102	P1_minus_P3	505	-0.01373036127727173
2102	P1_minus_P3	506	-0.013798786845888367
2102	P1_minus_P3	507	-0.015377463350009835
2102	P1_minus_P3	508	-0.018946543437442065
2102	P1_minus_P3	509	-0.01501077251740568
2102	P1_minus_P3	510	-0.015645817347776814
2102	P1_minus_P3	511	-0.020164135206727885
2102	P1_minus_P3	512	-0.014058610373611946
2102	P1_minus_P3	513	-0.0170621242799594
2102	P1_minus_P3	514	-0.014248858912473017
2102	P1_minus_P3	515	-0.014998186857758666
2102	P1_minus_P3	516	-0.014999530885866474
2102	P1_minus_P3	517	-0.016034952797779556
2102	P1_minus_P3	518	-0.018258935162524914
2102	P1_minus_P3	519	-0.01758279643428623
2102	P1_minus_P3	520	-0.015632023444660248
2102	P1_minus_P3	521	-0.009988972774699179
2102	P1_minus_P3	522	-0.012311264392066257
2102	P1_minus_P3	523	-0.013713200293452021
2102	P1_minus_P3	524	-0.018091042015718373
2102	P1_minus_P3	525	-0.017203892641516505
2102	P1_minus_P3	526	-0.014704507920183796
2102	P1_minus_P3	527	-0.013692181027361194
2102	P1_minus_P3	528	-0.01917388206626408
2102	P1_minus_P3	529	-0.014815793864659699
2102	P1_minus_P3	530	-0.01673316973659955
2102	P1_minus_P3	531	-0.011051192464804738
2102	P1_minus_P3	532	-0.014039300705860458
2102	P1_minus_P3	533	-0.014998870624042149
2102	P1_minus_P3	534	-0.018737144361342994
2102	P1_minus_P3	535	-0.019782748260022187
2102	P1_minus_P3	536	-0.015677328994193385
2102	P1_minus_P3	537	-0.01627594114872616
2102	P1_minus_P3	538	-0.017467442677594924
2102	P1_minus_P3	539	-0.015302481510734711
2102	P1_minus_P3	540	-0.015967432492353995
2102	P1_minus_P3	541	-0.018892622312568108
2102	P1_minus_P3	542	-0.013482430425333813
2102	P1_minus_P3	543	-0.015786486289524226
2102	P1_minus_P3	544	-0.015541269652850909
2102	P1_minus_P3	545	-0.01250709207799594
2102	P1_minus_P3	546	-0.017842203083139163
2102	P1_minus_P3	547	-0.013957199446412438
2102	P1_minus_P3	548	-0.013980655140233778
2102	P1_minus_P3	549	-0.018404072037388586
2102	P1_minus_P3	550	-0.01860056097094942
2102	P1_minus_P3	551	-0.014000927436073174
2102	P1_minus_P3	552	-0.019257621519396084
2102	P1_minus_P3	553	-0.014800814970473863
2102	P1_minus_P3	554	-0.016457056767204825
2102	P1_minus_P3	555	-0.015933448311694076
2102	P1_minus_P3	556	-0.010711917757176836
2102	P1_minus_P3	557	-0.014834914986701087
2102	P1_minus_P3	558	-0.014831650065159407
2102	P1_minus_P3	559	-0.016684906509444875
2102	P1_minus_P3	560	-0.015221840931041397
2102	P1_minus_P3	561	-0.013718272879016946
2102	P1_minus_P3	562	-0.01613713159532071
2102	P1_minus_P3	563	-0.01548482986553179
2102	P1_minus_P3	564	-0.011153179280353642
2102	P1_minus_P3	565	-0.012345039456813478
2102	P1_minus_P3	566	-0.0167127544756272
2102	P1_minus_P3	567	-0.01953750256793768
2102	P1_minus_P3	568	-0.01689616554087303
2102	P1_minus_P3	569	-0.02009046878993309
2102	P1_minus_P3	570	-0.018205401366490126
2102	P1_minus_P3	571	-0.016729385886892878
2102	P1_minus_P3	572	-0.013875391156040195
2102	P1_minus_P3	573	-0.02076914850914724
2102	P1_minus_P3	574	-0.013822444633477815
2102	P1_minus_P3	575	-0.015836634472624733
2102	P1_minus_P3	576	-0.017657383181988506
2102	P1_minus_P3	577	-0.013698828985330591
2102	P1_minus_P3	578	-0.014922558928655738
2102	P1_minus_P3	579	-0.01406436302023012
2102	P1_minus_P3	580	-0.013873549917687578
2102	P1_minus_P3	581	-0.01749810680174646
2102	P1_minus_P3	582	-0.013342909867027741
2102	P1_minus_P3	583	-0.01520758885648843
2102	P1_minus_P3	584	-0.018390641666908403
2102	P1_minus_P3	585	-0.013416675308103754
2102	P1_minus_P3	586	-0.016097140399380427
2102	P1_minus_P3	587	-0.019320730412794973
2102	P1_minus_P3	588	-0.01747053793056963
2102	P1_minus_P3	589	-0.017939190188781484
2102	P1_minus_P3	590	-0.01718286947221076
2102	P1_minus_P3	591	-0.015598435595350346
2102	P1_minus_P3	592	-0.01321422305998049
2102	P1_minus_P3	593	-0.015616441047746621
2102	P1_minus_P3	594	-0.017919505686118498
2102	P1_minus_P3	595	-0.017206892853103894
2102	P1_minus_P3	596	-0.014988008692067678
2102	P1_minus_P3	597	-0.012947463401041415
2102	P1_minus_P3	598	-0.014541757945392142
2102	P1_minus_P3	599	-0.015830549798276694
2102	P1_minus_P3	600	-0.015540202978267637
2102	P1_minus_P3	601	-0.018025219505424905
2102	P1_minus_P3	602	-0.017278378443678744
2102	P1_minus_P3	603	-0.014170497468182275
2102	P1_minus_P3	604	-0.014288630683053416
2102	P1_minus_P3	605	-0.01390670724171389
2102	P1_minus_P3	606	-0.012122650081624553
2102	P1_minus_P3	607	-0.010785782482579331
2102	P1_minus_P3	608	-0.014080167154909007
2102	P1_minus_P3	609	-0.014852824317257873
2102	P1_minus_P3	610	-0.01693603485871209
2102	P1_minus_P3	611	-0.014391677256291091
2102	P1_minus_P3	612	-0.011978503564227971
2102	P1_minus_P3	613	-0.015345705136891263
2102	P1_minus_P3	614	-0.016077154216571687
2102	P1_minus_P3	615	-0.017111883611163337
2102	P1_minus_P3	616	-0.015040755455489607
2102	P1_minus_P3	617	-0.015037214566420154
2102	P1_minus_P3	618	-0.013670539958569539
2102	P1_minus_P3	619	-0.01415796959959964
2102	P1_minus_P3	620	-0.017731433299882193
2102	P1_minus_P3	621	-0.01757830468321392
2102	P1_minus_P3	622	-0.01669247381349559
2102	P1_minus_P3	623	-0.0124414974707025
2102	P1_minus_P3	624	-0.014881366274795582
2102	P1_minus_P3	625	-0.014560368350248654
2102	P1_minus_P3	626	-0.015014343490785897
2102	P1_minus_P3	627	-0.016389181836719002
2102	P1_minus_P3	628	-0.010941335585049672
2102	P1_minus_P3	629	-0.01864093711416176
2102	P1_minus_P3	630	-0.019088462395579375
2102	P1_minus_P3	631	-0.012995775111369512
2102	P1_minus_P3	632	-0.017595852375327126
2102	P1_minus_P3	633	-0.015761541129239887
2102	P1_minus_P3	634	-0.016197801241513377
2102	P1_minus_P3	635	-0.015200122499893609
2102	P1_minus_P3	636	-0.016169384892422423
2102	P1_minus_P3	637	-0.014991156939261896
2102	P1_minus_P3	638	-0.016583959515595603
2102	P1_minus_P3	639	-0.014248329898085665
2102	P1_minus_P3	640	-0.017580086108366144
2102	P1_minus_P3	641	-0.014476847673729754
2102	P1_minus_P3	642	-0.013827410582572641
2102	P1_minus_P3	643	-0.019844118485162987
2102	P1_minus_P3	644	-0.023072795988885453
2102	P1_minus_P3	645	-0.015454011905105647
2102	P1_minus_P3	646	-0.0152974499210633
2102	P1_minus_P3	647	-0.018294007144313007
2102	P1_minus_P3	648	-0.013935773792039585
2102	P1_minus_P3	649	-0.017382368170011098
2102	P1_minus_P3	650	-0.015372585414341278
2102	P1_minus_P3	651	-0.015406800285481137
2102	P1_minus_P3	652	-0.014113189484514288
2102	P1_minus_P3	653	-0.014472047526637777
2102	P1_minus_P3	654	-0.017351068718005513
2102	P1_minus_P3	655	-0.012257425043716352
2102	P1_minus_P3	656	-0.012580777625177342
2102	P1_minus_P3	657	-0.015681201559837876
2102	P1_minus_P3	658	-0.014318572366060933
2102	P1_minus_P3	659	-0.015511692322391135
2102	P1_minus_P3	660	-0.014044095493948305
2102	P1_minus_P3	661	-0.013762598669426473
2102	P1_minus_P3	662	-0.014457285665005537
2102	P1_minus_P3	663	-0.013794212691587648
2102	P1_minus_P3	664	-0.016710718797683544
2102	P1_minus_P3	665	-0.0165130617222915
2102	P1_minus_P3	666	-0.01679624450058126
2102	P1_minus_P3	667	-0.015042659762011634
2102	P1_minus_P3	668	-0.016048634561822317
2102	P1_minus_P3	669	-0.014207659447444398
2102	P1_minus_P3	670	-0.016724366249300626
2102	P1_minus_P3	671	-0.0139049080062697
2102	P1_minus_P3	672	-0.0185257549148089
2102	P1_minus_P3	673	-0.01781040649620169
2102	P1_minus_P3	674	-0.015053014376801399
2102	P1_minus_P3	675	-0.016123001075107557
2102	P1_minus_P3	676	-0.010896239907932537
2102	P1_minus_P3	677	-0.010294968005524652
2102	P1_minus_P3	678	-0.013379207592303044
2102	P1_minus_P3	679	-0.013673995063730682
2102	P1_minus_P3	680	-0.016171462022271488
2102	P1_minus_P3	681	-0.013485647381563881
2102	P1_minus_P3	682	-0.020406781925537465
2102	P1_minus_P3	683	-0.015342220730686362
2102	P1_minus_P3	684	-0.01592310115900425
2102	P1_minus_P3	685	-0.016442975302437324
2102	P1_minus_P3	686	-0.017330288902821955
2102	P1_minus_P3	687	-0.01644368363012516
2102	P1_minus_P3	688	-0.013619379993939307
2102	P1_minus_P3	689	-0.01553344793030692
2102	P1_minus_P3	690	-0.01713644120658242
2102	P1_minus_P3	691	-0.013778629241178064
2102	P1_minus_P3	692	-0.017491294203183738
2102	P1_minus_P3	693	-0.016512483000127975
2102	P1_minus_P3	694	-0.012545216751758737
2102	P1_minus_P3	695	-0.014806542824841784
2102	P1_minus_P3	696	-0.014090578808368892
2102	P1_minus_P3	697	-0.016405329527790835
2102	P1_minus_P3	698	-0.01500542812819361
2102	P1_minus_P3	699	-0.013711620008428238
2102	P1_minus_P3	700	-0.017773589741688967
2102	P1_minus_P3	701	-0.015490362046509887
2102	P1_minus_P3	702	-0.01658579536266752
2102	P1_minus_P3	703	-0.012311844983831755
2102	P1_minus_P3	704	-0.01177898654467896
2102	P1_minus_P3	705	-0.01797976845382815
2102	P1_minus_P3	706	-0.012638798089086023
2102	P1_minus_P3	707	-0.018126366256344506
2102	P1_minus_P3	708	-0.016166549780745998
2102	P1_minus_P3	709	-0.019641280362680258
2102	P1_minus_P3	710	-0.014165598945640179
2102	P1_minus_P3	711	-0.017806588166414117
2102	P1_minus_P3	712	-0.011760686976815649
2102	P1_minus_P3	713	-0.018266207078928565
2102	P1_minus_P3	714	-0.01604580681717338
2102	P1_minus_P3	715	-0.01507265067040281
2102	P1_minus_P3	716	-0.0189996016153976
2102	P1_minus_P3	717	-0.017296003458371734
2102	P1_minus_P3	718	-0.019260662147857543
2102	P1_minus_P3	719	-0.017037119422556313
2102	P1_minus_P3	720	-0.016797307990973342
2102	P1_minus_P3	721	-0.015477762808779216
2102	P1_minus_P3	722	-0.013802375517356358
2102	P1_minus_P3	723	-0.014739753479398376
2102	P1_minus_P3	724	-0.01277538710166215
2102	P1_minus_P3	725	-0.010409471917549429
2102	P1_minus_P3	726	-0.014453839637110777
2102	P1_minus_P3	727	-0.0167130212375306
2102	P1_minus_P3	728	-0.01291117622737481
2102	P1_minus_P3	729	-0.017821540339874875
2102	P1_minus_P3	730	-0.008782953707606678
2102	P1_minus_P3	731	-0.01769478130459179
2102	P1_minus_P3	732	-0.013690766963555423
2102	P1_minus_P3	733	-0.016566690872109713
2102	P1_minus_P3	734	-0.015297863313795401
2102	P1_minus_P3	735	-0.017358210095097415
2102	P1_minus_P3	736	-0.014052945865636823
2102	P1_minus_P3	737	-0.014721735870094177
2102	P1_minus_P3	738	-0.018197770372852473
2102	P1_minus_P3	739	-0.012702070700897905
2102	P1_minus_P3	740	-0.014543543895150779
2102	P1_minus_P3	741	-0.01587114184742333
2102	P1_minus_P3	742	-0.016406483503461466
2102	P1_minus_P3	743	-0.01787863607481177
2102	P1_minus_P3	744	-0.01640766102986213
2102	P1_minus_P3	745	-0.012059665070498937
2102	P1_minus_P3	746	-0.017377954526399675
2102	P1_minus_P3	747	-0.013566682424966559
2102	P1_minus_P3	748	-0.01540926112846941
2102	P1_minus_P3	749	-0.013752583272463259
2102	P1_minus_P3	750	-0.016724193360995787
2102	P1_minus_P3	751	-0.015749701800551852
2102	P1_minus_P3	752	-0.01092093549022155
2102	P1_minus_P3	753	-0.017838247248551542
2102	P1_minus_P3	754	-0.01527261468091401
2102	P1_minus_P3	755	-0.014092825362887695
2102	P1_minus_P3	756	-0.016022932733161244
2102	P1_minus_P3	757	-0.016786369825886938
2102	P1_minus_P3	758	-0.015046694025741436
2102	P1_minus_P3	759	-0.013170802719729868
2102	P1_minus_P3	760	-0.018603536253650854
2102	P1_minus_P3	761	-0.015835678258418806
2102	P1_minus_P3	762	-0.01852641302194341
2102	P1_minus_P3	763	-0.012788438827621484
2102	P1_minus_P3	764	-0.011581101146053596
2102	P1_minus_P3	765	-0.013873780029216132
2102	P1_minus_P3	766	-0.013474637488295749
2102	P1_minus_P3	767	-0.016657563595949276
2102	P1_minus_P3	768	-0.017044261659940996
2102	P1_minus_P3	769	-0.01136194540639035
2102	P1_minus_P3	770	-0.01628324091026112
2102	P1_minus_P3	771	-0.015661490004340584
2102	P1_minus_P3	772	-0.01746478072880414
2102	P1_minus_P3	773	-0.014360696965766473
2102	P1_minus_P3	774	-0.01218540288441372
2102	P1_minus_P3	775	-0.014423844314206846
2102	P1_minus_P3	776	-0.02047213408113907
2102	P1_minus_P3	777	-0.013766973819600792
2102	P1_minus_P3	778	-0.013168303984590124
2102	P1_minus_P3	779	-0.016970761787223232
2102	P1_minus_P3	780	-0.014659744936608265
2102	P1_minus_P3	781	-0.017731491311588243
2102	P1_minus_P3	782	-0.014711588115876473
2102	P1_minus_P3	783	-0.016792203495516578
2102	P1_minus_P3	784	-0.018538413359732164
2102	P1_minus_P3	785	-0.013585754158244034
2102	P1_minus_P3	786	-0.01749076754833523
2102	P1_minus_P3	787	-0.018609277563403914
2102	P1_minus_P3	788	-0.014169874460591425
2102	P1_minus_P3	789	-0.016992752933627397
2102	P1_minus_P3	790	-0.015035996585130107
2102	P1_minus_P3	791	-0.015144280857078307
2102	P1_minus_P3	792	-0.01632777319344436
2102	P1_minus_P3	793	-0.015850546003291943
2102	P1_minus_P3	794	-0.012404608397422745
2102	P1_minus_P3	795	-0.013939175301389883
2102	P1_minus_P3	796	-0.012882794226141248
2102	P1_minus_P3	797	-0.015479736140136646
2102	P1_minus_P3	798	-0.017769998239563156
2102	P1_minus_P3	799	-0.016295185661689693
2102	P1_minus_P3	800	-0.013833608363363392
2102	P1_minus_P3	801	-0.016101093121229704
2102	P1_minus_P3	802	-0.01358421200322757
2102	P1_minus_P3	803	-0.019016143449085754
2102	P1_minus_P3	804	-0.017030372305610997
2102	P1_minus_P3	805	-0.014627656448024884
2102	P1_minus_P3	806	-0.017351443954245205
2102	P1_minus_P3	807	-0.017351149063865867
2102	P1_minus_P3	808	-0.019323055536344613
2102	P1_minus_P3	809	-0.017306449008739788
2102	P1_minus_P3	810	-0.01637320258407654
2102	P1_minus_P3	811	-0.017014557268115293
2102	P1_minus_P3	812	-0.01488603234062208
2102	P1_minus_P3	813	-0.017092725682725685
2102	P1_minus_P3	814	-0.012087658178716265
2102	P1_minus_P3	815	-0.015639427359838476
2102	P1_minus_P3	816	-0.015250895022689337
2102	P1_minus_P3	817	-0.014859922842583473
2102	P1_minus_P3	818	-0.014565386576026185
2102	P1_minus_P3	819	-0.016590224677265064
2102	P1_minus_P3	820	-0.01515398488879316
2102	P1_minus_P3	821	-0.020860085540985507
2102	P1_minus_P3	822	-0.014530292501885422
2102	P1_minus_P3	823	-0.01677391655723659
2102	P1_minus_P3	824	-0.015609909124528587
2102	P1_minus_P3	825	-0.018008595547933604
2102	P1_minus_P3	826	-0.014976611922134286
2102	P1_minus_P3	827	-0.016974136680852514
2102	P1_minus_P3	828	-0.01482973683104799
2102	P1_minus_P3	829	-0.01653910557080729
2102	P1_minus_P3	830	-0.011457552738281918
2102	P1_minus_P3	831	-0.015960112922803527
2102	P1_minus_P3	832	-0.015731203814734196
2102	P1_minus_P3	833	-0.014650625297075615
2102	P1_minus_P3	834	-0.01648640595822165
2102	P1_minus_P3	835	-0.01517771036043114
2102	P1_minus_P3	836	-0.01781293389773586
2102	P1_minus_P3	837	-0.01761139333003403
2102	P1_minus_P3	838	-0.017565613687137382
2102	P1_minus_P3	839	-0.015010398190072993
2102	P1_minus_P3	840	-0.015535603566915523
2102	P1_minus_P3	841	-0.016291367327630535
2102	P1_minus_P3	842	-0.013187962626320493
2102	P1_minus_P3	843	-0.014934067495120273
2102	P1_minus_P3	844	-0.010659376913766339
2102	P1_minus_P3	845	-0.017561410553342427
2102	P1_minus_P3	846	-0.016956549915421892
2102	P1_minus_P3	847	-0.018681452964941447
2102	P1_minus_P3	848	-0.01288110240807716
2102	P1_minus_P3	849	-0.014306296130351837
2102	P1_minus_P3	850	-0.01624066651180822
2102	P1_minus_P3	851	-0.013921832614661511
2102	P1_minus_P3	852	-0.015801196167739062
2102	P1_minus_P3	853	-0.01617218937456477
2102	P1_minus_P3	854	-0.02028274337645508
2102	P1_minus_P3	855	-0.013971887820085405
2102	P1_minus_P3	856	-0.01101301197082738
2102	P1_minus_P3	857	-0.01553444555680844
2102	P1_minus_P3	858	-0.01404524291630982
2102	P1_minus_P3	859	-0.01040628454294712
2102	P1_minus_P3	860	-0.017732462790670867
2102	P1_minus_P3	861	-0.015807821916333675
2102	P1_minus_P3	862	-0.012780315992013402
2102	P1_minus_P3	863	-0.009763502815292147
2102	P1_minus_P3	864	-0.015105617691164475
2102	P1_minus_P3	865	-0.011419804869312378
2102	P1_minus_P3	866	-0.017494294743394534
2102	P1_minus_P3	867	-0.01694447733666471
2102	P1_minus_P3	868	-0.016120171202038347
2102	P1_minus_P3	869	-0.016609442020338094
2102	P1_minus_P3	870	-0.015215792099671055
2102	P1_minus_P3	871	-0.020101395829038637
2102	P1_minus_P3	872	-0.014295691669200306
2102	P1_minus_P3	873	-0.013199381889206496
2102	P1_minus_P3	874	-0.014790308001111363
2102	P1_minus_P3	875	-0.01444118800201133
2102	P1_minus_P3	876	-0.016324209510181098
2102	P1_minus_P3	877	-0.01622840512810564
2102	P1_minus_P3	878	-0.01507508423109677
2102	P1_minus_P3	879	-0.014824662222800655
2102	P1_minus_P3	880	-0.01419642158730755
2102	P1_minus_P3	881	-0.0174467276347971
2102	P1_minus_P3	882	-0.01584266423917774
2102	P1_minus_P3	883	-0.017117302873479456
2102	P1_minus_P3	884	-0.017402320370327073
2102	P1_minus_P3	885	-0.01663240902416019
2102	P1_minus_P3	886	-0.013882622815039547
2102	P1_minus_P3	887	-0.017160143709399223
2102	P1_minus_P3	888	-0.017336064744389312
2102	P1_minus_P3	889	-0.012781250425428936
2102	P1_minus_P3	890	-0.016184936402144245
2102	P1_minus_P3	891	-0.01651995373078441
2102	P1_minus_P3	892	-0.015595666084631754
2102	P1_minus_P3	893	-0.01997587916828547
2102	P1_minus_P3	894	-0.018043160997765317
2102	P1_minus_P3	895	-0.019731795540102348
2102	P1_minus_P3	896	-0.01385747463878928
2102	P1_minus_P3	897	-0.01831786917490935
2102	P1_minus_P3	898	-0.018530997776461944
2102	P1_minus_P3	899	-0.016177191957969073
2102	P1_minus_P3	900	-0.015647551571254636
2102	P1_minus_P3	901	-0.020610901629727396
2102	P1_minus_P3	902	-0.014509074380786746
2102	P1_minus_P3	903	-0.01525703437393483
2102	P1_minus_P3	904	-0.014741627154710168
2102	P1_minus_P3	905	-0.012667551365866503
2102	P1_minus_P3	906	-0.016779981082318485
2102	P1_minus_P3	907	-0.01621138752127166
2102	P1_minus_P3	908	-0.01597154569567638
2102	P1_minus_P3	909	-0.016251493543777806
2102	P1_minus_P3	910	-0.019858478453097184
2102	P1_minus_P3	911	-0.01883680054806741
2102	P1_minus_P3	912	-0.016468997874686697
2102	P1_minus_P3	913	-0.01040644246200323
2102	P1_minus_P3	914	-0.012164030474358045
2102	P1_minus_P3	915	-0.016895004214414644
2102	P1_minus_P3	916	-0.0149388133838671
2102	P1_minus_P3	917	-0.018693106424411687
2102	P1_minus_P3	918	-0.016235102360221187
2102	P1_minus_P3	919	-0.018990522321582493
2102	P1_minus_P3	920	-0.011745757659013312
2102	P1_minus_P3	921	-0.012975138686100895
2102	P1_minus_P3	922	-0.018793667947695658
2102	P1_minus_P3	923	-0.01542633031280427
2102	P1_minus_P3	924	-0.015993349058848527
2102	P1_minus_P3	925	-0.01507923574854425
2102	P1_minus_P3	926	-0.014128877953883068
2102	P1_minus_P3	927	-0.01793354329451846
2102	P1_minus_P3	928	-0.013973594203881168
2102	P1_minus_P3	929	-0.01725610362583413
2102	P1_minus_P3	930	-0.014349347021056946
2102	P1_minus_P3	931	-0.013812374129450466
2102	P1_minus_P3	932	-0.017446463672294188
2102	P1_minus_P3	933	-0.014862783409568259
2102	P1_minus_P3	934	-0.014199075102385161
2102	P1_minus_P3	935	-0.01888253895900066
2102	P1_minus_P3	936	-0.015509733390110025
2102	P1_minus_P3	937	-0.01711478543672179
2102	P1_minus_P3	938	-0.01550891356777917
2102	P1_minus_P3	939	-0.013322885239335058
2102	P1_minus_P3	940	-0.016040666532620762
2102	P1_minus_P3	941	-0.014402114448426484
2102	P1_minus_P3	942	-0.01793131130544251
2102	P1_minus_P3	943	-0.01386831885419837
2102	P1_minus_P3	944	-0.015901736787103105
2102	P1_minus_P3	945	-0.014980448098298904
2102	P1_minus_P3	946	-0.015389896991990781
2102	P1_minus_P3	947	-0.016561250259441496
2102	P1_minus_P3	948	-0.017662369212665785
2102	P1_minus_P3	949	-0.012428539444003073
2102	P1_minus_P3	950	-0.015984030373650038
2102	P1_minus_P3	951	-0.015059799700612775
2102	P1_minus_P3	952	-0.012316668581526913
2102	P1_minus_P3	953	-0.015897737280278545
2102	P1_minus_P3	954	-0.012955703163019028
2102	P1_minus_P3	955	-0.016391128835993918
2102	P1_minus_P3	956	-0.0136253868553734
2102	P1_minus_P3	957	-0.016909553631929697
2102	P1_minus_P3	958	-0.016979483184436095
2102	P1_minus_P3	959	-0.013591282131704685
2102	P1_minus_P3	960	-0.01623079785449183
2102	P1_minus_P3	961	-0.017911107056564513
2102	P1_minus_P3	962	-0.013995441529330688
2102	P1_minus_P3	963	-0.014633632873438773
2102	P1_minus_P3	964	-0.01952177308836589
2102	P1_minus_P3	965	-0.014732794951390238
2102	P1_minus_P3	966	-0.017556680748293585
2102	P1_minus_P3	967	-0.01534325347053428
2102	P1_minus_P3	968	-0.01524083313851815
2102	P1_minus_P3	969	-0.018036618554093997
2102	P1_minus_P3	970	-0.013971163559719557
2102	P1_minus_P3	971	-0.016420869469248756
2102	P1_minus_P3	972	-0.015735740502377527
2102	P1_minus_P3	973	-0.013350283297930365
2102	P1_minus_P3	974	-0.015337265782894405
2102	P1_minus_P3	975	-0.013166054241481873
2102	P1_minus_P3	976	-0.01520510788419105
2102	P1_minus_P3	977	-0.012098923588528987
2102	P1_minus_P3	978	-0.015754016754880917
2102	P1_minus_P3	979	-0.016402924932435947
2102	P1_minus_P3	980	-0.01099925291005599
2102	P1_minus_P3	981	-0.014481577239589705
2102	P1_minus_P3	982	-0.01542424540622489
2102	P1_minus_P3	983	-0.01652079516358529
2102	P1_minus_P3	984	-0.01855372103011349
2102	P1_minus_P3	985	-0.017071733620175444
2102	P1_minus_P3	986	-0.018495349287115714
2102	P1_minus_P3	987	-0.019744391215607393
2102	P1_minus_P3	988	-0.015617259081947443
2102	P1_minus_P3	989	-0.013916553540839427
2102	P1_minus_P3	990	-0.015248873858099254
2102	P1_minus_P3	991	-0.014879425863650542
2102	P1_minus_P3	992	-0.01477469745703508
2102	P1_minus_P3	993	-0.016984134966994358
2102	P1_minus_P3	994	-0.014707087630284277
2102	P1_minus_P3	995	-0.01207170980013128
2102	P1_minus_P3	996	-0.01862526429940431
2102	P1_minus_P3	997	-0.014156542609273348
2102	P1_minus_P3	998	-0.016391613039911157
2102	P1_minus_P3	999	-0.013051352824219487
2102	P1_minus_P3	1000	-0.013832630103648214
2102	P1_minus_P3	1001	-0.013490803273014829
2102	P1_minus_P3	1002	-0.015551870159937586
2102	P1_minus_P3	1003	-0.01210684921537647
2102	P1_minus_P3	1004	-0.015636283559715913
2102	P1_minus_P3	1005	-0.01349388707159016
2102	P1_minus_P3	1006	-0.016347707981652027
2102	P1_minus_P3	1007	-0.012727493320866978
2102	P1_minus_P3	1008	-0.01487116247698217
2102	P1_minus_P3	1009	-0.015865308660796995
2102	P1_minus_P3	1010	-0.017445265696959422
2102	P1_minus_P3	1011	-0.014503098381197899
2102	P1_minus_P3	1012	-0.016913374130150927
2102	P1_minus_P3	1013	-0.015126961888489776
2102	P1_minus_P3	1014	-0.009341699421423488
2102	P1_minus_P3	1015	-0.017325414453990107
2102	P1_minus_P3	1016	-0.014066011657025312
2102	P1_minus_P3	1017	-0.015351897461394093
2102	P1_minus_P3	1018	-0.014410669966430811
2102	P1_minus_P3	1019	-0.01852953701426313
2102	P1_minus_P3	1020	-0.015815242123947748
2102	P1_minus_P3	1021	-0.01567990862994234
2102	P1_minus_P3	1022	-0.015067889647835786
2102	P1_minus_P3	1023	-0.011488823951574356
2102	P1_minus_P3	1024	-0.014950426167191999
2102	P1_minus_P3	1025	-0.016211397801924265
2102	P1_minus_P3	1026	-0.015179951164447203
2102	P1_minus_P3	1027	-0.018861380464142374
2102	P1_minus_P3	1028	-0.014699799558809845
2102	P1_minus_P3	1029	-0.01633072378397571
2102	P1_minus_P3	1030	-0.01520129527141939
2102	P1_minus_P3	1031	-0.017213099543071042
2102	P1_minus_P3	1032	-0.013505218440904243
2102	P1_minus_P3	1033	-0.020218026130581823
2102	P1_minus_P3	1034	-0.012648666960081989
2102	P1_minus_P3	1035	-0.01888761770102293
2102	P1_minus_P3	1036	-0.014085170669081604
2102	P1_minus_P3	1037	-0.014849072539501518
2102	P1_minus_P3	1038	-0.015495370186595525
2102	P1_minus_P3	1039	-0.01437271123188033
2102	P1_minus_P3	1040	-0.014683150195971106
2102	P1_minus_P3	1041	-0.011988415384652229
2102	P1_minus_P3	1042	-0.017189189333753463
2102	P1_minus_P3	1043	-0.017196588362253795
2102	P1_minus_P3	1044	-0.01830944055209771
2102	P1_minus_P3	1045	-0.014965634871145994
2102	P1_minus_P3	1046	-0.015049076000548056
2102	P1_minus_P3	1047	-0.014794811372085936
2102	P1_minus_P3	1048	-0.014331613623131179
2102	P1_minus_P3	1049	-0.015583711566770408
2102	P1_minus_P3	1050	-0.014083558518615036
2102	P1_minus_P3	1051	-0.015605255513106875
2102	P1_minus_P3	1052	-0.015352624272131632
2102	P1_minus_P3	1053	-0.02077226747273625
2102	P1_minus_P3	1054	-0.012047126934969177
2102	P1_minus_P3	1055	-0.01610523532205832
2102	P1_minus_P3	1056	-0.012555496511525599
2102	P1_minus_P3	1057	-0.015591179198714722
2102	P1_minus_P3	1058	-0.016417160123609165
2102	P1_minus_P3	1059	-0.015850677340136066
2102	P1_minus_P3	1060	-0.014547650740225293
2102	P1_minus_P3	1061	-0.01848701588010432
2102	P1_minus_P3	1062	-0.013899416871837322
2102	P1_minus_P3	1063	-0.016126378200749525
2102	P1_minus_P3	1064	-0.01769407340908391
2102	P1_minus_P3	1065	-0.016167765842754145
2102	P1_minus_P3	1066	-0.018462996059179726
2102	P1_minus_P3	1067	-0.014347932819713916
2102	P1_minus_P3	1068	-0.01652413458471469
2102	P1_minus_P3	1069	-0.015515534587187074
2102	P1_minus_P3	1070	-0.015636950166958707
2102	P1_minus_P3	1071	-0.010597841953728704
2102	P1_minus_P3	1072	-0.01624547423537842
2102	P1_minus_P3	1073	-0.01831672201269452
2102	P1_minus_P3	1074	-0.013734272670754333
2102	P1_minus_P3	1075	-0.017715444047705198
2102	P1_minus_P3	1076	-0.016680685236460713
2102	P1_minus_P3	1077	-0.01601659877786149
2102	P1_minus_P3	1078	-0.01591270992153837
2102	P1_minus_P3	1079	-0.01239898069206058
2102	P1_minus_P3	1080	-0.017729682818356796
2102	P1_minus_P3	1081	-0.01502688270943009
2102	P1_minus_P3	1082	-0.017203000398854862
2102	P1_minus_P3	1083	-0.019293092161165537
2102	P1_minus_P3	1084	-0.016273585739784213
2102	P1_minus_P3	1085	-0.015450569663664648
2102	P1_minus_P3	1086	-0.01972632193621965
2102	P1_minus_P3	1087	-0.01597410650926223
2102	P1_minus_P3	1088	-0.01327346279931041
2102	P1_minus_P3	1089	-0.01822906121701995
2102	P1_minus_P3	1090	-0.015922762252506106
2102	P1_minus_P3	1091	-0.017155889445651995
2102	P1_minus_P3	1092	-0.015595661156194984
2102	P1_minus_P3	1093	-0.01768387183783393
2102	P1_minus_P3	1094	-0.01674534500266417
2102	P1_minus_P3	1095	-0.010294352298023668
2102	P1_minus_P3	1096	-0.01678851705361173
2102	P1_minus_P3	1097	-0.01081773441849343
2102	P1_minus_P3	1098	-0.01584230712264395
2102	P1_minus_P3	1099	-0.010106038941732454
2102	P1_minus_P3	1100	-0.017935877050142324
2102	P1_minus_P3	1101	-0.017022790975353808
2102	P1_minus_P3	1102	-0.01527685671845913
2102	P1_minus_P3	1103	-0.012733516363633735
2102	P1_minus_P3	1104	-0.017880057150730044
2102	P1_minus_P3	1105	-0.014654355367745342
2102	P1_minus_P3	1106	-0.01725646022117555
2102	P1_minus_P3	1107	-0.014964637752340693
2102	P1_minus_P3	1108	-0.01836707026049078
2102	P1_minus_P3	1109	-0.013270599633293634
2102	P1_minus_P3	1110	-0.0154061916212887
2102	P1_minus_P3	1111	-0.01620914445626731
2102	P1_minus_P3	1112	-0.018162199870343176
2102	P1_minus_P3	1113	-0.013323390331507645
2102	P1_minus_P3	1114	-0.015248376026604171
2102	P1_minus_P3	1115	-0.013718021029362093
2102	P1_minus_P3	1116	-0.01335463015698407
2102	P1_minus_P3	1117	-0.014121721536307585
2102	P1_minus_P3	1118	-0.014664302191239542
2102	P1_minus_P3	1119	-0.013885492313919334
2102	P1_minus_P3	1120	-0.01784884258005537
2102	P1_minus_P3	1121	-0.01591580347915833
2102	P1_minus_P3	1122	-0.018520178746194937
2102	P1_minus_P3	1123	-0.01580815207253261
2102	P1_minus_P3	1124	-0.016595624265636877
2102	P1_minus_P3	1125	-0.015401716793935039
2102	P1_minus_P3	1126	-0.019089512853446844
2102	P1_minus_P3	1127	-0.01532257737442344
2102	P1_minus_P3	1128	-0.019658470262002736
2102	P1_minus_P3	1129	-0.01519775760202946
2102	P1_minus_P3	1130	-0.018785128318657585
2102	P1_minus_P3	1131	-0.016463797071019748
2102	P1_minus_P3	1132	-0.01654645041062286
2102	P1_minus_P3	1133	-0.01741408412116413
2102	P1_minus_P3	1134	-0.01692746512316262
2102	P1_minus_P3	1135	-0.013822292045616913
2102	P1_minus_P3	1136	-0.013093590088508744
2102	P1_minus_P3	1137	-0.017142125652011564
2102	P1_minus_P3	1138	-0.016270036228551055
2102	P1_minus_P3	1139	-0.012689116352580299
2102	P1_minus_P3	1140	-0.01816607136035342
2102	P1_minus_P3	1141	-0.019493729200829757
2102	P1_minus_P3	1142	-0.01431621591287835
2102	P1_minus_P3	1143	-0.014322754500730228
2102	P1_minus_P3	1144	-0.011683843791006066
2102	P1_minus_P3	1145	-0.011493170634047478
2102	P1_minus_P3	1146	-0.011134199161328684
2102	P1_minus_P3	1147	-0.01598273326215721
2102	P1_minus_P3	1148	-0.01624100351892266
2102	P1_minus_P3	1149	-0.017393479464417827
2102	P1_minus_P3	1150	-0.015977300546129836
2102	P1_minus_P3	1151	-0.01225688856338969
2102	P1_minus_P3	1152	-0.016966811666641102
2102	P1_minus_P3	1153	-0.014973834392384255
2102	P1_minus_P3	1154	-0.019421807119618495
2102	P1_minus_P3	1155	-0.016742410214779624
2102	P1_minus_P3	1156	-0.01444789497912341
2102	P1_minus_P3	1157	-0.012920713351055602
2102	P1_minus_P3	1158	-0.015436819323059903
2102	P1_minus_P3	1159	-0.013929634450360662
2102	P1_minus_P3	1160	-0.01523973562975528
2102	P1_minus_P3	1161	-0.013734185265493637
2102	P1_minus_P3	1162	-0.015415672167299
2102	P1_minus_P3	1163	-0.017080973337868954
2102	P1_minus_P3	1164	-0.017875937711908707
2102	P1_minus_P3	1165	-0.018334995231450935
2102	P1_minus_P3	1166	-0.014763742043724826
2102	P1_minus_P3	1167	-0.013767068116278147
2102	P1_minus_P3	1168	-0.01300223335337053
2102	P1_minus_P3	1169	-0.01511538535051199
2102	P1_minus_P3	1170	-0.015569168328841865
2102	P1_minus_P3	1171	-0.016654970846366968
2102	P1_minus_P3	1172	-0.016889110993260903
2102	P1_minus_P3	1173	-0.017033064899723283
2102	P1_minus_P3	1174	-0.01526218258840828
2102	P1_minus_P3	1175	-0.013033334937316843
2102	P1_minus_P3	1176	-0.012150574757305854
2102	P1_minus_P3	1177	-0.01764269841328192
2102	P1_minus_P3	1178	-0.015231579898846048
2102	P1_minus_P3	1179	-0.015309305157828579
2102	P1_minus_P3	1180	-0.01408262798351878
2102	P1_minus_P3	1181	-0.01909099467957981
2102	P1_minus_P3	1182	-0.010154186586318836
2102	P1_minus_P3	1183	-0.015197910118391667
2102	P1_minus_P3	1184	-0.012804783636667372
2102	P1_minus_P3	1185	-0.01652295163204287
2102	P1_minus_P3	1186	-0.01618873148051303
2102	P1_minus_P3	1187	-0.015040793289107346
2102	P1_minus_P3	1188	-0.016352418982429062
2102	P1_minus_P3	1189	-0.011866290505572197
2102	P1_minus_P3	1190	-0.01658715819973916
2102	P1_minus_P3	1191	-0.014626722896299293
2102	P1_minus_P3	1192	-0.012701945499293654
2102	P1_minus_P3	1193	-0.017358721586783588
2102	P1_minus_P3	1194	-0.02038684025966464
2102	P1_minus_P3	1195	-0.01352418592055904
2102	P1_minus_P3	1196	-0.014372954020583362
2102	P1_minus_P3	1197	-0.01950192835292386
2102	P1_minus_P3	1198	-0.01455315275238278
2102	P1_minus_P3	1199	-0.01557754822646884
2102	P1_minus_P3	1200	-0.013328260698299066
2102	P1_minus_P3	1201	-0.015437312666316927
2102	P1_minus_P3	1202	-0.012485849445414976
2102	P1_minus_P3	1203	-0.015073629232964625
2102	P1_minus_P3	1204	-0.016456678336076613
2102	P1_minus_P3	1205	-0.015441473584541898
2102	P1_minus_P3	1206	-0.01706024081592933
2102	P1_minus_P3	1207	-0.017850419785691574
2102	P1_minus_P3	1208	-0.015381527927090632
2102	P1_minus_P3	1209	-0.01660152132773779
2102	P1_minus_P3	1210	-0.014457983011793796
2102	P1_minus_P3	1211	-0.016729768494078368
2102	P1_minus_P3	1212	-0.013947174343546587
2102	P1_minus_P3	1213	-0.017248384045847942
2102	P1_minus_P3	1214	-0.01648305712079412
2102	P1_minus_P3	1215	-0.01599477080409123
2102	P1_minus_P3	1216	-0.01655199366040655
2102	P1_minus_P3	1217	-0.015691628747823594
2102	P1_minus_P3	1218	-0.01852003618172171
2102	P1_minus_P3	1219	-0.012476543149123498
2102	P1_minus_P3	1220	-0.014525913830777393
2102	P1_minus_P3	1221	-0.016069209299792386
2102	P1_minus_P3	1222	-0.013565712136403618
2102	P1_minus_P3	1223	-0.013855780540599771
2102	P1_minus_P3	1224	-0.016396376925425393
2102	P1_minus_P3	1225	-0.015222055940358414
2102	P1_minus_P3	1226	-0.016907764379322066
2102	P1_minus_P3	1227	-0.014883641291162708
2102	P1_minus_P3	1228	-0.016701858483025023
2102	P1_minus_P3	1229	-0.017661999185938304
2102	P1_minus_P3	1230	-0.015623806360464343
2102	P1_minus_P3	1231	-0.012134653321144384
2102	P1_minus_P3	1232	-0.014714645823078243
2102	P1_minus_P3	1233	-0.014505921091136298
2102	P1_minus_P3	1234	-0.01917686533576657
2102	P1_minus_P3	1235	-0.015056109580964816
2102	P1_minus_P3	1236	-0.012737131058957296
2102	P1_minus_P3	1237	-0.012741137235071365
2102	P1_minus_P3	1238	-0.015565961550658813
2102	P1_minus_P3	1239	-0.015553271561295212
2102	P1_minus_P3	1240	-0.011545221703850306
2102	P1_minus_P3	1241	-0.01408944270942103
2102	P1_minus_P3	1242	-0.018028493838240844
2102	P1_minus_P3	1243	-0.01436485449972591
2102	P1_minus_P3	1244	-0.014923017350605972
2102	P1_minus_P3	1245	-0.017127689242143862
2102	P1_minus_P3	1246	-0.016162182883760257
2102	P1_minus_P3	1247	-0.017458874712782402
2102	P1_minus_P3	1248	-0.01368953560206021
2102	P1_minus_P3	1249	-0.013679030543653659
2102	P1_minus_P3	1250	-0.018742156017640232
2102	P1_minus_P3	1251	-0.012925894520840586
2102	P1_minus_P3	1252	-0.016426623618715164
2102	P1_minus_P3	1253	-0.01327558282589758
2102	P1_minus_P3	1254	-0.018640724204937897
2102	P1_minus_P3	1255	-0.01357003457541417
2102	P1_minus_P3	1256	-0.015314409994926392
2102	P1_minus_P3	1257	-0.012142946194143134
2102	P1_minus_P3	1258	-0.013100521528825682
2102	P1_minus_P3	1259	-0.016578582899905714
2102	P1_minus_P3	1260	-0.02023724165146068
2102	P1_minus_P3	1261	-0.016193185670947963
2102	P1_minus_P3	1262	-0.013991677140284098
2102	P1_minus_P3	1263	-0.014208239679452617
2102	P1_minus_P3	1264	-0.015916143909184
2102	P1_minus_P3	1265	-0.019163716311749845
2102	P1_minus_P3	1266	-0.014327641631510346
2102	P1_minus_P3	1267	-0.016829563237149514
2102	P1_minus_P3	1268	-0.016655944093661668
2102	P1_minus_P3	1269	-0.01341502834859587
2102	P1_minus_P3	1270	-0.01740748959742744
2102	P1_minus_P3	1271	-0.015898926204279573
2102	P1_minus_P3	1272	-0.01610659323920155
2102	P1_minus_P3	1273	-0.016022369084614296
2102	P1_minus_P3	1274	-0.012837434942232273
2102	P1_minus_P3	1275	-0.014118059682081963
2102	P1_minus_P3	1276	-0.017364859414781553
2102	P1_minus_P3	1277	-0.014026588967427533
2102	P1_minus_P3	1278	-0.016227778128267367
2102	P1_minus_P3	1279	-0.012678864331002127
2102	P1_minus_P3	1280	-0.017622260059025008
2102	P1_minus_P3	1281	-0.015651621728145215
2102	P1_minus_P3	1282	-0.014806449021643076
2102	P1_minus_P3	1283	-0.017177963102812388
2102	P1_minus_P3	1284	-0.014178727986377537
2102	P1_minus_P3	1285	-0.012547783521595024
2102	P1_minus_P3	1286	-0.018115782789826507
2102	P1_minus_P3	1287	-0.01763052273229926
2102	P1_minus_P3	1288	-0.01553734330846085
2102	P1_minus_P3	1289	-0.019775029060474347
2102	P1_minus_P3	1290	-0.014565266362579599
2102	P1_minus_P3	1291	-0.016664771759625996
2102	P1_minus_P3	1292	-0.013988352749273958
2102	P1_minus_P3	1293	-0.019633391120317922
2102	P1_minus_P3	1294	-0.018740698898938035
2102	P1_minus_P3	1295	-0.014132094899460879
2102	P1_minus_P3	1296	-0.01852087467311586
2102	P1_minus_P3	1297	-0.016123432455108055
2102	P1_minus_P3	1298	-0.014083376842430273
2102	P1_minus_P3	1299	-0.016152090058612345
2102	P1_minus_P3	1300	-0.01652218587071297
2102	P1_minus_P3	1301	-0.016998544276793925
2102	P1_minus_P3	1302	-0.013970317122910303
2102	P1_minus_P3	1303	-0.009857079361941745
2102	P1_minus_P3	1304	-0.013893862007535396
2102	P1_minus_P3	1305	-0.01668891404367573
2102	P1_minus_P3	1306	-0.016054055604567186
2102	P1_minus_P3	1307	-0.016941955695058575
2102	P1_minus_P3	1308	-0.02009413391833842
2102	P1_minus_P3	1309	-0.015180290387440731
2102	P1_minus_P3	1310	-0.016277391924899187
2102	P1_minus_P3	1311	-0.017832106679329995
2102	P1_minus_P3	1312	-0.013422973695649376
2102	P1_minus_P3	1313	-0.0123079257450866
2102	P1_minus_P3	1314	-0.017305083387778808
2102	P1_minus_P3	1315	-0.018227024059444208
2102	P1_minus_P3	1316	-0.01442816747113368
2102	P1_minus_P3	1317	-0.017459122388337356
2102	P1_minus_P3	1318	-0.015812379649964514
2102	P1_minus_P3	1319	-0.018081560976291655
2102	P1_minus_P3	1320	-0.012716248650296025
2102	P1_minus_P3	1321	-0.015328872972633967
2102	P1_minus_P3	1322	-0.013485513983428843
2102	P1_minus_P3	1323	-0.014037481315659295
2102	P1_minus_P3	1324	-0.015269003658297087
2102	P1_minus_P3	1325	-0.015758030656202127
2102	P1_minus_P3	1326	-0.013958538134261678
2102	P1_minus_P3	1327	-0.015033201076027458
2102	P1_minus_P3	1328	-0.01560485596033545
2102	P1_minus_P3	1329	-0.014813953994371076
2102	P1_minus_P3	1330	-0.015908174009751197
2102	P1_minus_P3	1331	-0.01402270064907668
2102	P1_minus_P3	1332	-0.014715509589711184
2102	P1_minus_P3	1333	-0.018420378337835386
2102	P1_minus_P3	1334	-0.011531182112088367
2102	P1_minus_P3	1335	-0.01693872816470393
2102	P1_minus_P3	1336	-0.017075472165709538
2102	P1_minus_P3	1337	-0.01731843253516585
2102	P1_minus_P3	1338	-0.01664754485567277
2102	P1_minus_P3	1339	-0.016266644716685374
2102	P1_minus_P3	1340	-0.015933104688602262
2102	P1_minus_P3	1341	-0.014414544565227727
2102	P1_minus_P3	1342	-0.015473901328848794
2102	P1_minus_P3	1343	-0.017276661116486958
2102	P1_minus_P3	1344	-0.015588629321112046
2102	P1_minus_P3	1345	-0.01739263983076894
2102	P1_minus_P3	1346	-0.019192381094141897
2102	P1_minus_P3	1347	-0.014358233784691699
2102	P1_minus_P3	1348	-0.01534269076303979
2102	P1_minus_P3	1349	-0.01849246405437166
2102	P1_minus_P3	1350	-0.013818926551373123
2102	P1_minus_P3	1351	-0.015462947399632332
2102	P1_minus_P3	1352	-0.017145072267442663
2102	P1_minus_P3	1353	-0.01520694750161422
2102	P1_minus_P3	1354	-0.015366964771400204
2102	P1_minus_P3	1355	-0.014999827538028976
2102	P1_minus_P3	1356	-0.01543374429691624
2102	P1_minus_P3	1357	-0.011988919972689804
2102	P1_minus_P3	1358	-0.01516911359179296
2102	P1_minus_P3	1359	-0.016858701507969365
2102	P1_minus_P3	1360	-0.013050883434406968
2102	P1_minus_P3	1361	-0.012400218887274717
2102	P1_minus_P3	1362	-0.014522455847911231
2102	P1_minus_P3	1363	-0.01568404005545654
2102	P1_minus_P3	1364	-0.01766146179253769
2102	P1_minus_P3	1365	-0.014102308165717004
2102	P1_minus_P3	1366	-0.01583161507571762
2102	P1_minus_P3	1367	-0.014319770128574771
2102	P1_minus_P3	1368	-0.015883472499340412
2102	P1_minus_P3	1369	-0.01090804301756726
2102	P1_minus_P3	1370	-0.01514383821783749
2102	P1_minus_P3	1371	-0.013384901680909167
2102	P1_minus_P3	1372	-0.01631591389461151
2102	P1_minus_P3	1373	-0.014739516836253352
2102	P1_minus_P3	1374	-0.014480734513508009
2102	P1_minus_P3	1375	-0.015437029856756102
2102	P1_minus_P3	1376	-0.015473773652868172
2102	P1_minus_P3	1377	-0.01803706573852859
2102	P1_minus_P3	1378	-0.015927350067692747
2102	P1_minus_P3	1379	-0.014105437135776056
2102	P1_minus_P3	1380	-0.015239203946067148
2102	P1_minus_P3	1381	-0.0202834143186002
2102	P1_minus_P3	1382	-0.019128674196382534
2102	P1_minus_P3	1383	-0.012119480933122206
2102	P1_minus_P3	1384	-0.01240293948088328
2102	P1_minus_P3	1385	-0.017586938166552935
2102	P1_minus_P3	1386	-0.018029359741526474
2102	P1_minus_P3	1387	-0.016571753264167988
2102	P1_minus_P3	1388	-0.015121609709628892
2102	P1_minus_P3	1389	-0.016994647202687507
2102	P1_minus_P3	1390	-0.015879868190898427
2102	P1_minus_P3	1391	-0.015689750935240165
2102	P1_minus_P3	1392	-0.019631046365099658
2102	P1_minus_P3	1393	-0.01577050006370795
2102	P1_minus_P3	1394	-0.013773563903302977
2102	P1_minus_P3	1395	-0.0168536080797676
2102	P1_minus_P3	1396	-0.018204416779166732
2102	P1_minus_P3	1397	-0.015759374469134335
2102	P1_minus_P3	1398	-0.014470816989921587
2102	P1_minus_P3	1399	-0.015931543098427425
2102	P1_minus_P3	1400	-0.012799700628935762
2102	P1_minus_P3	1401	-0.016145617114092015
2102	P1_minus_P3	1402	-0.012978457359229312
2102	P1_minus_P3	1403	-0.011855017985947347
2102	P1_minus_P3	1404	-0.01740722701343017
2102	P1_minus_P3	1405	-0.015358288164006306
2102	P1_minus_P3	1406	-0.017195295713692216
2102	P1_minus_P3	1407	-0.016606327548035482
2102	P1_minus_P3	1408	-0.013793354046460538
2102	P1_minus_P3	1409	-0.01464031373443897
2102	P1_minus_P3	1410	-0.017176807826091323
2102	P1_minus_P3	1411	-0.016641117089385316
2102	P1_minus_P3	1412	-0.016720719473056644
2102	P1_minus_P3	1413	-0.011921835974966155
2102	P1_minus_P3	1414	-0.013230103289072814
2102	P1_minus_P3	1415	-0.01743673441762217
2102	P1_minus_P3	1416	-0.01501976265069166
2102	P1_minus_P3	1417	-0.015380086405782367
2102	P1_minus_P3	1418	-0.015538498398060374
2102	P1_minus_P3	1419	-0.01657343131992195
2102	P1_minus_P3	1420	-0.013918481610505462
2102	P1_minus_P3	1421	-0.015739139676653524
2102	P1_minus_P3	1422	-0.017415880036603548
2102	P1_minus_P3	1423	-0.014178909786810745
2102	P1_minus_P3	1424	-0.01559270781325972
2102	P1_minus_P3	1425	-0.01647203711144457
2102	P1_minus_P3	1426	-0.015859492401004094
2102	P1_minus_P3	1427	-0.018793493533058314
2102	P1_minus_P3	1428	-0.013157538112064715
2102	P1_minus_P3	1429	-0.013402188475122534
2102	P1_minus_P3	1430	-0.013593423828454854
2102	P1_minus_P3	1431	-0.015976391103744436
2102	P1_minus_P3	1432	-0.017611462489410867
2102	P1_minus_P3	1433	-0.015638121883122802
2102	P1_minus_P3	1434	-0.016386056810266558
2102	P1_minus_P3	1435	-0.015243098399129129
2102	P1_minus_P3	1436	-0.015955330415579005
2102	P1_minus_P3	1437	-0.015141181288482297
2102	P1_minus_P3	1438	-0.012769623843390643
2102	P1_minus_P3	1439	-0.016322497517799184
2102	P1_minus_P3	1440	-0.01652452946047822
2102	P1_minus_P3	1441	-0.010372070871414285
2102	P1_minus_P3	1442	-0.015447976994991619
2102	P1_minus_P3	1443	-0.015514093557115916
2102	P1_minus_P3	1444	-0.015866338886669995
2102	P1_minus_P3	1445	-0.012993005098275057
2102	P1_minus_P3	1446	-0.014292583588117469
2102	P1_minus_P3	1447	-0.015419491029596
2102	P1_minus_P3	1448	-0.01620020600590305
2102	P1_minus_P3	1449	-0.02030366229671876
2102	P1_minus_P3	1450	-0.014619127055183312
2102	P1_minus_P3	1451	-0.014712717174441392
2102	P1_minus_P3	1452	-0.013752849808181145
2102	P1_minus_P3	1453	-0.017080273922311262
2102	P1_minus_P3	1454	-0.015465083966684168
2102	P1_minus_P3	1455	-0.013503970863379178
2102	P1_minus_P3	1456	-0.017158527930829726
2102	P1_minus_P3	1457	-0.014747364318199008
2102	P1_minus_P3	1458	-0.014036159744033772
2102	P1_minus_P3	1459	-0.013955320770161428
2102	P1_minus_P3	1460	-0.015300945067462879
2102	P1_minus_P3	1461	-0.01445698670236234
2102	P1_minus_P3	1462	-0.015860561298490894
2102	P1_minus_P3	1463	-0.01603342667357255
2102	P1_minus_P3	1464	-0.01532078136285786
2102	P1_minus_P3	1465	-0.01537828718971429
2102	P1_minus_P3	1466	-0.01288676838040631
2102	P1_minus_P3	1467	-0.016046626248966744
2102	P1_minus_P3	1468	-0.014259387034142312
2102	P1_minus_P3	1469	-0.01754521764403416
2102	P1_minus_P3	1470	-0.015826499247340253
2102	P1_minus_P3	1471	-0.013906234035853116
2102	P1_minus_P3	1472	-0.016055572889748237
2102	P1_minus_P3	1473	-0.013796594774562299
2102	P1_minus_P3	1474	-0.012806863615699826
2102	P1_minus_P3	1475	-0.012911407382153794
2102	P1_minus_P3	1476	-0.01744420976360267
2102	P1_minus_P3	1477	-0.015832116551058095
2102	P1_minus_P3	1478	-0.014605003170128306
2102	P1_minus_P3	1479	-0.0158497722526737
2102	P1_minus_P3	1480	-0.015416919389244665
2102	P1_minus_P3	1481	-0.015334162867077783
2102	P1_minus_P3	1482	-0.012870879360281695
2102	P1_minus_P3	1483	-0.016071499780921317
2102	P1_minus_P3	1484	-0.012336052590268098
2102	P1_minus_P3	1485	-0.0163447914080605
2102	P1_minus_P3	1486	-0.014083762743550776
2102	P1_minus_P3	1487	-0.012143244530265718
2102	P1_minus_P3	1488	-0.01925641989066318
2102	P1_minus_P3	1489	-0.015293281990465979
2102	P1_minus_P3	1490	-0.012792238465728356
2102	P1_minus_P3	1491	-0.017292164455978254
2102	P1_minus_P3	1492	-0.014916807447288516
2102	P1_minus_P3	1493	-0.01410168216579194
2102	P1_minus_P3	1494	-0.013365152779799883
2102	P1_minus_P3	1495	-0.016828863387649773
2102	P1_minus_P3	1496	-0.014850792953231717
2102	P1_minus_P3	1497	-0.013975369561000761
2102	P1_minus_P3	1498	-0.01745937978352985
2102	P1_minus_P3	1499	-0.017728590751902473
2102	P1_minus_P3	1500	-0.014888427878513244
2102	P1_minus_P3	1501	-0.015567152674836549
2102	P1_minus_P3	1502	-0.020059996069867747
2102	P1_minus_P3	1503	-0.014710648195111697
2102	P1_minus_P3	1504	-0.01764562599096292
2102	P1_minus_P3	1505	-0.013041661955866202
2102	P1_minus_P3	1506	-0.015155587346800392
2102	P1_minus_P3	1507	-0.016638800250083685
2102	P1_minus_P3	1508	-0.01983193094839142
2102	P1_minus_P3	1509	-0.0128685670991453
2102	P1_minus_P3	1510	-0.01611903854444996
2102	P1_minus_P3	1511	-0.018274080380016988
2102	P1_minus_P3	1512	-0.015115421018082165
2102	P1_minus_P3	1513	-0.015471414235828707
2102	P1_minus_P3	1514	-0.012151239781090117
2102	P1_minus_P3	1515	-0.01675867376379314
2102	P1_minus_P3	1516	-0.015296699406063041
2102	P1_minus_P3	1517	-0.016252741242334112
2102	P1_minus_P3	1518	-0.017399475015880794
2102	P1_minus_P3	1519	-0.015036051519799143
2102	P1_minus_P3	1520	-0.015247907245449055
2102	P1_minus_P3	1521	-0.017564775777055175
2102	P1_minus_P3	1522	-0.015624365698575948
2102	P1_minus_P3	1523	-0.012778551812634764
2102	P1_minus_P3	1524	-0.017578302319965544
2102	P1_minus_P3	1525	-0.016181978578492573
2102	P1_minus_P3	1526	-0.01314203021982191
2102	P1_minus_P3	1527	-0.00963775559529323
2102	P1_minus_P3	1528	-0.01586602867763287
2102	P1_minus_P3	1529	-0.014610218844877176
2102	P1_minus_P3	1530	-0.01531409699440095
2102	P1_minus_P3	1531	-0.014937505683635888
2102	P1_minus_P3	1532	-0.015890880968789267
2102	P1_minus_P3	1533	-0.02025733542888014
2102	P1_minus_P3	1534	-0.016504300276321993
2102	P1_minus_P3	1535	-0.02000140500469061
2102	P1_minus_P3	1536	-0.015388695664591778
2102	P1_minus_P3	1537	-0.014183515351906983
2102	P1_minus_P3	1538	-0.018717537850574006
2102	P1_minus_P3	1539	-0.016071051744246223
2102	P1_minus_P3	1540	-0.015398389005014612
2102	P1_minus_P3	1541	-0.015803884651032885
2102	P1_minus_P3	1542	-0.01855585044394542
2102	P1_minus_P3	1543	-0.018001194009419852
2102	P1_minus_P3	1544	-0.014098348032351438
2102	P1_minus_P3	1545	-0.018634988188529655
2102	P1_minus_P3	1546	-0.013619895888841937
2102	P1_minus_P3	1547	-0.015320813488924279
2102	P1_minus_P3	1548	-0.014065897652219272
2102	P1_minus_P3	1549	-0.016327274022245375
2102	P1_minus_P3	1550	-0.0159312130204613
2102	P1_minus_P3	1551	-0.01646976823755797
2102	P1_minus_P3	1552	-0.017330643246484312
2102	P1_minus_P3	1553	-0.013089037597222297
2102	P1_minus_P3	1554	-0.013974026088564573
2102	P1_minus_P3	1555	-0.014971194594799897
2102	P1_minus_P3	1556	-0.017450532885319003
2102	P1_minus_P3	1557	-0.01761660744477178
2102	P1_minus_P3	1558	-0.017916222054660147
2102	P1_minus_P3	1559	-0.011892525299259105
2102	P1_minus_P3	1560	-0.01448054856685227
2102	P1_minus_P3	1561	-0.018318875262563206
2102	P1_minus_P3	1562	-0.012791382680594654
2102	P1_minus_P3	1563	-0.013899726987485317
2102	P1_minus_P3	1564	-0.014054755991572299
2102	P1_minus_P3	1565	-0.01918141015088204
2102	P1_minus_P3	1566	-0.017982797489324687
2102	P1_minus_P3	1567	-0.01232494648872351
2102	P1_minus_P3	1568	-0.013645804399916805
2102	P1_minus_P3	1569	-0.018421575592705797
2102	P1_minus_P3	1570	-0.014009296240510616
2102	P1_minus_P3	1571	-0.012444717332287691
2102	P1_minus_P3	1572	-0.013696359261485769
2102	P1_minus_P3	1573	-0.015485740686774885
2102	P1_minus_P3	1574	-0.01357793941490626
2102	P1_minus_P3	1575	-0.015163674826088436
2102	P1_minus_P3	1576	-0.01335004888092084
2102	P1_minus_P3	1577	-0.013575455873032771
2102	P1_minus_P3	1578	-0.013053402797613467
2102	P1_minus_P3	1579	-0.013535466895404302
2102	P1_minus_P3	1580	-0.01392661122928196
2102	P1_minus_P3	1581	-0.015218101143682994
2102	P1_minus_P3	1582	-0.01544487472049455
2102	P1_minus_P3	1583	-0.01158940395318242
2102	P1_minus_P3	1584	-0.013891213239510813
2102	P1_minus_P3	1585	-0.014985887622386174
2102	P1_minus_P3	1586	-0.0153003323237772
2102	P1_minus_P3	1587	-0.01576860102084754
2102	P1_minus_P3	1588	-0.015907831278149098
2102	P1_minus_P3	1589	-0.013561092791327778
2102	P1_minus_P3	1590	-0.014323535497989592
2102	P1_minus_P3	1591	-0.014552295397560755
2102	P1_minus_P3	1592	-0.015565913182741753
2102	P1_minus_P3	1593	-0.012368801894242332
2102	P1_minus_P3	1594	-0.014904595630679529
2102	P1_minus_P3	1595	-0.01654450034147431
2102	P1_minus_P3	1596	-0.014374283384849917
2102	P1_minus_P3	1597	-0.018983114194603856
2102	P1_minus_P3	1598	-0.017321429693217594
2102	P1_minus_P3	1599	-0.015896546501966757
2102	P1_minus_P3	1600	-0.013487796616414194
2102	P1_minus_P3	1601	-0.014608599385584897
2102	P1_minus_P3	1602	-0.01554681404620789
2102	P1_minus_P3	1603	-0.014997128888523115
2102	P1_minus_P3	1604	-0.012644585427649069
2102	P1_minus_P3	1605	-0.013365757799569833
2102	P1_minus_P3	1606	-0.015859616820828315
2102	P1_minus_P3	1607	-0.013406092791976965
2102	P1_minus_P3	1608	-0.015188188941482716
2102	P1_minus_P3	1609	-0.018415613760740357
2102	P1_minus_P3	1610	-0.01554540483002581
2102	P1_minus_P3	1611	-0.015311260401834004
2102	P1_minus_P3	1612	-0.014904100940221765
2102	P1_minus_P3	1613	-0.01631154254291889
2102	P1_minus_P3	1614	-0.016688027015018314
2102	P1_minus_P3	1615	-0.017236996610994704
2102	P1_minus_P3	1616	-0.019585152576570897
2102	P1_minus_P3	1617	-0.016479856544799998
2102	P1_minus_P3	1618	-0.01979143235104891
2102	P1_minus_P3	1619	-0.015336266700541057
2102	P1_minus_P3	1620	-0.015305479257354704
2102	P1_minus_P3	1621	-0.015338918502907417
2102	P1_minus_P3	1622	-0.014450396813709632
2102	P1_minus_P3	1623	-0.016264419064908053
2102	P1_minus_P3	1624	-0.018459662911494645
2102	P1_minus_P3	1625	-0.013387720173914652
2102	P1_minus_P3	1626	-0.014192773667285608
2102	P1_minus_P3	1627	-0.014491498967314831
2102	P1_minus_P3	1628	-0.017055363661351852
2102	P1_minus_P3	1629	-0.016168317096612594
2102	P1_minus_P3	1630	-0.017941236661553117
2102	P1_minus_P3	1631	-0.015842091239701428
2102	P1_minus_P3	1632	-0.014913736835700853
2102	P1_minus_P3	1633	-0.016090491110224092
2102	P1_minus_P3	1634	-0.01785388197315735
2102	P1_minus_P3	1635	-0.016745444355637296
2102	P1_minus_P3	1636	-0.013086362750331704
2102	P1_minus_P3	1637	-0.013570900529341623
2102	P1_minus_P3	1638	-0.015717256513929523
2102	P1_minus_P3	1639	-0.017110618116399245
2102	P1_minus_P3	1640	-0.01350803342725504
2102	P1_minus_P3	1641	-0.01600975232023316
2102	P1_minus_P3	1642	-0.011935368881581643
2102	P1_minus_P3	1643	-0.015842444984924375
2102	P1_minus_P3	1644	-0.012618974978898911
2102	P1_minus_P3	1645	-0.015851565488207264
2102	P1_minus_P3	1646	-0.0144112929418867
2102	P1_minus_P3	1647	-0.010169170702287122
2102	P1_minus_P3	1648	-0.01808722306619981
2102	P1_minus_P3	1649	-0.016921753814431506
2102	P1_minus_P3	1650	-0.016340713293214237
2102	P1_minus_P3	1651	-0.016667887213743293
2102	P1_minus_P3	1652	-0.016291733428797806
2102	P1_minus_P3	1653	-0.018782739204258436
2102	P1_minus_P3	1654	-0.01560455093997215
2102	P1_minus_P3	1655	-0.014168995777996074
2102	P1_minus_P3	1656	-0.017511171108022472
2102	P1_minus_P3	1657	-0.014640784104175741
2102	P1_minus_P3	1658	-0.01828438047162856
2102	P1_minus_P3	1659	-0.014233343720647218
2102	P1_minus_P3	1660	-0.016958914781437073
2102	P1_minus_P3	1661	-0.01063705103576984
2102	P1_minus_P3	1662	-0.014719877558397876
2102	P1_minus_P3	1663	-0.01724107213048398
2102	P1_minus_P3	1664	-0.017176136885333038
2102	P1_minus_P3	1665	-0.019715173442797607
2102	P1_minus_P3	1666	-0.01703816544367376
2102	P1_minus_P3	1667	-0.014081932800268204
2102	P1_minus_P3	1668	-0.014677757097358024
2102	P1_minus_P3	1669	-0.0140953852222922
2102	P1_minus_P3	1670	-0.01543693017469383
2102	P1_minus_P3	1671	-0.016411632485530903
2102	P1_minus_P3	1672	-0.018803401152927945
2102	P1_minus_P3	1673	-0.012751332831577478
2102	P1_minus_P3	1674	-0.012185791419602188
2102	P1_minus_P3	1675	-0.015577667761582314
2102	P1_minus_P3	1676	-0.017042542417391282
2102	P1_minus_P3	1677	-0.016328949000641024
2102	P1_minus_P3	1678	-0.014782673573427663
2102	P1_minus_P3	1679	-0.017282248638378628
2102	P1_minus_P3	1680	-0.014368178279549393
2102	P1_minus_P3	1681	-0.019727849960893384
2102	P1_minus_P3	1682	-0.0155483136056489
2102	P1_minus_P3	1683	-0.0211432619933678
2102	P1_minus_P3	1684	-0.013907879397938583
2102	P1_minus_P3	1685	-0.01678865621447806
2102	P1_minus_P3	1686	-0.013433850248421142
2102	P1_minus_P3	1687	-0.014592109897502148
2102	P1_minus_P3	1688	-0.013742709532177766
2102	P1_minus_P3	1689	-0.01654198632574172
2102	P1_minus_P3	1690	-0.012510288847584816
2102	P1_minus_P3	1691	-0.020034317392697343
2102	P1_minus_P3	1692	-0.01599824883841655
2102	P1_minus_P3	1693	-0.020057675253895735
2102	P1_minus_P3	1694	-0.015628007318906012
2102	P1_minus_P3	1695	-0.017897033899518355
2102	P1_minus_P3	1696	-0.016896292463945972
2102	P1_minus_P3	1697	-0.014775922155355725
2102	P1_minus_P3	1698	-0.01703408395788314
2102	P1_minus_P3	1699	-0.018562064426814406
2102	P1_minus_P3	1700	-0.012445701990082048
2102	P1_minus_P3	1701	-0.015006427846289971
2102	P1_minus_P3	1702	-0.016487577380369323
2102	P1_minus_P3	1703	-0.01467595358033913
2102	P1_minus_P3	1704	-0.012775711920137378
2102	P1_minus_P3	1705	-0.0166605225172744
2102	P1_minus_P3	1706	-0.016424566452775458
2102	P1_minus_P3	1707	-0.015799504189403846
2102	P1_minus_P3	1708	-0.017627284109334895
2102	P1_minus_P3	1709	-0.01348805830895844
2102	P1_minus_P3	1710	-0.013154398300137371
2102	P1_minus_P3	1711	-0.013829978808729881
2102	P1_minus_P3	1712	-0.01656274516953643
2102	P1_minus_P3	1713	-0.017310899338150887
2102	P1_minus_P3	1714	-0.014022525058372204
2102	P1_minus_P3	1715	-0.01376907398187166
2102	P1_minus_P3	1716	-0.013246048951292666
2102	P1_minus_P3	1717	-0.015282152020782869
2102	P1_minus_P3	1718	-0.015969166868011586
2102	P1_minus_P3	1719	-0.012599430843201476
2102	P1_minus_P3	1720	-0.015557391554190447
2102	P1_minus_P3	1721	-0.01406922782935538
2102	P1_minus_P3	1722	-0.016422658575444893
2102	P1_minus_P3	1723	-0.012721349211844979
2102	P1_minus_P3	1724	-0.02062662416537614
2102	P1_minus_P3	1725	-0.014911068756513268
2102	P1_minus_P3	1726	-0.01696368884763355
2102	P1_minus_P3	1727	-0.01181744555618297
2102	P1_minus_P3	1728	-0.014233502707977852
2102	P1_minus_P3	1729	-0.017929598712845995
2102	P1_minus_P3	1730	-0.016132414048892818
2102	P1_minus_P3	1731	-0.0172624234018951
2102	P1_minus_P3	1732	-0.01820338572394986
2102	P1_minus_P3	1733	-0.015444617491351842
2102	P1_minus_P3	1734	-0.016147003962298845
2102	P1_minus_P3	1735	-0.017782595060162054
2102	P1_minus_P3	1736	-0.018391141723391347
2102	P1_minus_P3	1737	-0.017183894735215033
2102	P1_minus_P3	1738	-0.015722029511478997
2102	P1_minus_P3	1739	-0.01641979123121179
2102	P1_minus_P3	1740	-0.01522654335704654
2102	P1_minus_P3	1741	-0.014180428664989697
2102	P1_minus_P3	1742	-0.01740235304948501
2102	P1_minus_P3	1743	-0.017221521327938527
2102	P1_minus_P3	1744	-0.013809402801808701
2102	P1_minus_P3	1745	-0.013652947438467733
2102	P1_minus_P3	1746	-0.01281982721463526
2102	P1_minus_P3	1747	-0.01726036310687412
2102	P1_minus_P3	1748	-0.016669822955084013
2102	P1_minus_P3	1749	-0.015963064446773312
2102	P1_minus_P3	1750	-0.01215950820562256
2102	P1_minus_P3	1751	-0.01278263334752372
2102	P1_minus_P3	1752	-0.015187593539253641
2102	P1_minus_P3	1753	-0.01622615528154897
2102	P1_minus_P3	1754	-0.016043067420764834
2102	P1_minus_P3	1755	-0.016089583777204652
2102	P1_minus_P3	1756	-0.020030546019938422
2102	P1_minus_P3	1757	-0.014863366576722936
2102	P1_minus_P3	1758	-0.01776515246323046
2102	P1_minus_P3	1759	-0.017306396743985708
2102	P1_minus_P3	1760	-0.015439661358480516
2102	P1_minus_P3	1761	-0.014109738025657348
2102	P1_minus_P3	1762	-0.01314361799695185
2102	P1_minus_P3	1763	-0.01376548540250383
2102	P1_minus_P3	1764	-0.015519098779484541
2102	P1_minus_P3	1765	-0.015570797234590428
2102	P1_minus_P3	1766	-0.014354328343985201
2102	P1_minus_P3	1767	-0.013301419205223985
2102	P1_minus_P3	1768	-0.01920537111779519
2102	P1_minus_P3	1769	-0.017366063458069514
2102	P1_minus_P3	1770	-0.016149409592347674
2102	P1_minus_P3	1771	-0.0176258769208244
2102	P1_minus_P3	1772	-0.013840295701670557
2102	P1_minus_P3	1773	-0.01705435294544505
2102	P1_minus_P3	1774	-0.015564825751691713
2102	P1_minus_P3	1775	-0.014602990010311956
2102	P1_minus_P3	1776	-0.0131383315772155
2102	P1_minus_P3	1777	-0.01579516715550089
2102	P1_minus_P3	1778	-0.01513127529176661
2102	P1_minus_P3	1779	-0.014180102627527225
2102	P1_minus_P3	1780	-0.0155543296411918
2102	P1_minus_P3	1781	-0.013708352459829487
2102	P1_minus_P3	1782	-0.017833842510476206
2102	P1_minus_P3	1783	-0.017998439959867718
2102	P1_minus_P3	1784	-0.01540797991930487
2102	P1_minus_P3	1785	-0.020962472063697724
2102	P1_minus_P3	1786	-0.016207331853186735
2102	P1_minus_P3	1787	-0.01522818128365433
2102	P1_minus_P3	1788	-0.015979984850716222
2102	P1_minus_P3	1789	-0.01402621778748514
2102	P1_minus_P3	1790	-0.01668162837128423
2102	P1_minus_P3	1791	-0.017622325279035067
2102	P1_minus_P3	1792	-0.0167664204827489
2102	P1_minus_P3	1793	-0.01797981767624085
2102	P1_minus_P3	1794	-0.018113724240712226
2102	P1_minus_P3	1795	-0.019187479190469814
2102	P1_minus_P3	1796	-0.013227282520608064
2102	P1_minus_P3	1797	-0.015773222556356326
2102	P1_minus_P3	1798	-0.017018690397708036
2102	P1_minus_P3	1799	-0.018324645647491533
2102	P1_minus_P3	1800	-0.014227289516639874
2102	P1_minus_P3	1801	-0.013087244318318425
2102	P1_minus_P3	1802	-0.01570126661118021
2102	P1_minus_P3	1803	-0.01581318999909087
2102	P1_minus_P3	1804	-0.01547407486801089
2102	P1_minus_P3	1805	-0.016629309256376346
2102	P1_minus_P3	1806	-0.016603376032766237
2102	P1_minus_P3	1807	-0.014094225318040388
2102	P1_minus_P3	1808	-0.011022614941307407
2102	P1_minus_P3	1809	-0.017368274790184768
2102	P1_minus_P3	1810	-0.01392984035666256
2102	P1_minus_P3	1811	-0.014337571231407054
2102	P1_minus_P3	1812	-0.013727136756451819
2102	P1_minus_P3	1813	-0.015501077529992413
2102	P1_minus_P3	1814	-0.019281358639192336
2102	P1_minus_P3	1815	-0.014662899920327765
2102	P1_minus_P3	1816	-0.016186149678120876
2102	P1_minus_P3	1817	-0.014637443339314604
2102	P1_minus_P3	1818	-0.013056925704738043
2102	P1_minus_P3	1819	-0.016582057851622922
2102	P1_minus_P3	1820	-0.016060585171314423
2102	P1_minus_P3	1821	-0.01507791212584736
2102	P1_minus_P3	1822	-0.011873796519752067
2102	P1_minus_P3	1823	-0.015014961804129867
2102	P1_minus_P3	1824	-0.012564699730346518
2102	P1_minus_P3	1825	-0.01623260023159978
2102	P1_minus_P3	1826	-0.02035464097515921
2102	P1_minus_P3	1827	-0.018606449931826308
2102	P1_minus_P3	1828	-0.015875495929429717
2102	P1_minus_P3	1829	-0.01732592852692494
2102	P1_minus_P3	1830	-0.013251321905091373
2102	P1_minus_P3	1831	-0.01379091126974541
2102	P1_minus_P3	1832	-0.01375549435067197
2102	P1_minus_P3	1833	-0.019096444264618928
2102	P1_minus_P3	1834	-0.01775942090113647
2102	P1_minus_P3	1835	-0.017910381350322746
2102	P1_minus_P3	1836	-0.014537608983276884
2102	P1_minus_P3	1837	-0.01731382169629303
2102	P1_minus_P3	1838	-0.014201571099584531
2102	P1_minus_P3	1839	-0.01690734447371489
2102	P1_minus_P3	1840	-0.015446337269646282
2102	P1_minus_P3	1841	-0.01909637071598358
2102	P1_minus_P3	1842	-0.016563520408527155
2102	P1_minus_P3	1843	-0.011684047634754668
2102	P1_minus_P3	1844	-0.01416560257520394
2102	P1_minus_P3	1845	-0.017169255880219003
2102	P1_minus_P3	1846	-0.012779825912567822
2102	P1_minus_P3	1847	-0.011643326121502429
2102	P1_minus_P3	1848	-0.013810763946257909
2102	P1_minus_P3	1849	-0.01667749891928283
2102	P1_minus_P3	1850	-0.01692838431247773
2102	P1_minus_P3	1851	-0.015928146502666052
2102	P1_minus_P3	1852	-0.01473654957283621
2102	P1_minus_P3	1853	-0.016239429939569283
2102	P1_minus_P3	1854	-0.014226982425943058
2102	P1_minus_P3	1855	-0.01569531596337015
2102	P1_minus_P3	1856	-0.018915540880474813
2102	P1_minus_P3	1857	-0.017219706418512837
2102	P1_minus_P3	1858	-0.018017161791947345
2102	P1_minus_P3	1859	-0.01633201551944502
2102	P1_minus_P3	1860	-0.018152961711055737
2102	P1_minus_P3	1861	-0.01509837097820671
2102	P1_minus_P3	1862	-0.016019969445813076
2102	P1_minus_P3	1863	-0.01797160833917477
2102	P1_minus_P3	1864	-0.01872962634969
2102	P1_minus_P3	1865	-0.016331752459716242
2102	P1_minus_P3	1866	-0.01852125495562773
2102	P1_minus_P3	1867	-0.01604872908717908
2102	P1_minus_P3	1868	-0.011726374132742134
2102	P1_minus_P3	1869	-0.01729214562404613
2102	P1_minus_P3	1870	-0.016850518482240395
2102	P1_minus_P3	1871	-0.0201421778631386
2102	P1_minus_P3	1872	-0.015672185813067507
2102	P1_minus_P3	1873	-0.013898216479998227
2102	P1_minus_P3	1874	-0.015270761364628682
2102	P1_minus_P3	1875	-0.01247862215899126
2102	P1_minus_P3	1876	-0.01326896525633725
2102	P1_minus_P3	1877	-0.011740754097466777
2102	P1_minus_P3	1878	-0.021014550416849742
2102	P1_minus_P3	1879	-0.01804726031980669
2102	P1_minus_P3	1880	-0.01547334986455251
2102	P1_minus_P3	1881	-0.01689013465657474
2102	P1_minus_P3	1882	-0.01801948335928283
2102	P1_minus_P3	1883	-0.013956934504892493
2102	P1_minus_P3	1884	-0.015311751827897457
2102	P1_minus_P3	1885	-0.01837121292467858
2102	P1_minus_P3	1886	-0.015629501260859213
2102	P1_minus_P3	1887	-0.01598044650852526
2102	P1_minus_P3	1888	-0.014242850142403896
2102	P1_minus_P3	1889	-0.016146585963790094
2102	P1_minus_P3	1890	-0.014739552218000662
2102	P1_minus_P3	1891	-0.014918933433034964
2102	P1_minus_P3	1892	-0.010903666546895674
2102	P1_minus_P3	1893	-0.012700217455225926
2102	P1_minus_P3	1894	-0.017440151645499946
2102	P1_minus_P3	1895	-0.014917589018490829
2102	P1_minus_P3	1896	-0.01590411132505909
2102	P1_minus_P3	1897	-0.01403227772800747
2102	P1_minus_P3	1898	-0.015697563184736196
2102	P1_minus_P3	1899	-0.013743032960098323
2102	P1_minus_P3	1900	-0.012964712585105564
2102	P1_minus_P3	1901	-0.015409171089154239
2102	P1_minus_P3	1902	-0.0159187106264278
2102	P1_minus_P3	1903	-0.01172967676725234
2102	P1_minus_P3	1904	-0.015610411075607511
2102	P1_minus_P3	1905	-0.013819981301565643
2102	P1_minus_P3	1906	-0.01651767942507132
2102	P1_minus_P3	1907	-0.016766970914567136
2102	P1_minus_P3	1908	-0.014264136205411337
2102	P1_minus_P3	1909	-0.018549617395934637
2102	P1_minus_P3	1910	-0.017951504711883615
2102	P1_minus_P3	1911	-0.019620148551797
2102	P1_minus_P3	1912	-0.012685267722259475
2102	P1_minus_P3	1913	-0.013729039798859255
2102	P1_minus_P3	1914	-0.016891678831166712
2102	P1_minus_P3	1915	-0.014623914217850587
2102	P1_minus_P3	1916	-0.016181772463093824
2102	P1_minus_P3	1917	-0.012529681822833927
2102	P1_minus_P3	1918	-0.01850886120533357
2102	P1_minus_P3	1919	-0.013617525844478895
2102	P1_minus_P3	1920	-0.014727431259371648
2102	P1_minus_P3	1921	-0.016919981106497117
2102	P1_minus_P3	1922	-0.010751585724487256
2102	P1_minus_P3	1923	-0.018940639401996084
2102	P1_minus_P3	1924	-0.015375881784031709
2102	P1_minus_P3	1925	-0.019309838027463
2102	P1_minus_P3	1926	-0.014698264116501769
2102	P1_minus_P3	1927	-0.018383481442514116
2102	P1_minus_P3	1928	-0.013691839953247908
2102	P1_minus_P3	1929	-0.016054144476975896
2102	P1_minus_P3	1930	-0.01650736681113102
2102	P1_minus_P3	1931	-0.01570579932470767
2102	P1_minus_P3	1932	-0.016132423179184008
2102	P1_minus_P3	1933	-0.016113368117444737
2102	P1_minus_P3	1934	-0.01357851783690367
2102	P1_minus_P3	1935	-0.014069071308009162
2102	P1_minus_P3	1936	-0.014599813433958275
2102	P1_minus_P3	1937	-0.017205825752045933
2102	P1_minus_P3	1938	-0.016650623415740307
2102	P1_minus_P3	1939	-0.017845475183643045
2102	P1_minus_P3	1940	-0.02027486566712078
2102	P1_minus_P3	1941	-0.014284364865648158
2102	P1_minus_P3	1942	-0.013469953627578024
2102	P1_minus_P3	1943	-0.015526170514961413
2102	P1_minus_P3	1944	-0.012490809193494101
2102	P1_minus_P3	1945	-0.014053633207393001
2102	P1_minus_P3	1946	-0.013984218822449046
2102	P1_minus_P3	1947	-0.010510639731687144
2102	P1_minus_P3	1948	-0.017030955569432238
2102	P1_minus_P3	1949	-0.014282723715936307
2102	P1_minus_P3	1950	-0.015527818533637494
2102	P1_minus_P3	1951	-0.01123485216307707
2102	P1_minus_P3	1952	-0.014797489138256292
2102	P1_minus_P3	1953	-0.014902471409715123
2102	P1_minus_P3	1954	-0.011574666883592266
2102	P1_minus_P3	1955	-0.012734260280824639
2102	P1_minus_P3	1956	-0.017198702079653017
2102	P1_minus_P3	1957	-0.015552830939268458
2102	P1_minus_P3	1958	-0.018950706480897583
2102	P1_minus_P3	1959	-0.016653727961669362
2102	P1_minus_P3	1960	-0.017430590498994925
2102	P1_minus_P3	1961	-0.01307460000922911
2102	P1_minus_P3	1962	-0.01448646530674591
2102	P1_minus_P3	1963	-0.014972392450956051
2102	P1_minus_P3	1964	-0.018675040484995242
2102	P1_minus_P3	1965	-0.019425039755366857
2102	P1_minus_P3	1966	-0.017157306066046263
2102	P1_minus_P3	1967	-0.012230205489501822
2102	P1_minus_P3	1968	-0.015639812701460976
2102	P1_minus_P3	1969	-0.01657527612402121
2102	P1_minus_P3	1970	-0.014538497302334807
2102	P1_minus_P3	1971	-0.017869232394715384
2102	P1_minus_P3	1972	-0.013735597382373066
2102	P1_minus_P3	1973	-0.013288699212695487
2102	P1_minus_P3	1974	-0.013046175409148875
2102	P1_minus_P3	1975	-0.014618258630873293
2102	P1_minus_P3	1976	-0.014339900422453145
2102	P1_minus_P3	1977	-0.01830368262284604
2102	P1_minus_P3	1978	-0.017012729680041305
2102	P1_minus_P3	1979	-0.018919082010369237
2102	P1_minus_P3	1980	-0.017885836467143423
2102	P1_minus_P3	1981	-0.01616177601566765
2102	P1_minus_P3	1982	-0.01358743965257303
2102	P1_minus_P3	1983	-0.014434420229525013
2102	P1_minus_P3	1984	-0.0143827635986995
2102	P1_minus_P3	1985	-0.017240693958860298
2102	P1_minus_P3	1986	-0.012099453882689293
2102	P1_minus_P3	1987	-0.018441840098030238
2102	P1_minus_P3	1988	-0.01624543174132259
2102	P1_minus_P3	1989	-0.017196010939071638
2102	P1_minus_P3	1990	-0.015514422301790842
2102	P1_minus_P3	1991	-0.01616561632856739
2102	P1_minus_P3	1992	-0.016231493027213384
2102	P1_minus_P3	1993	-0.018256155285230835
2102	P1_minus_P3	1994	-0.01669329783991519
2102	P1_minus_P3	1995	-0.016886395905038487
2102	P1_minus_P3	1996	-0.01876333601104735
2102	P1_minus_P3	1997	-0.019601309904548003
2102	P1_minus_P3	1998	-0.020291229117571974
2102	P1_minus_P3	1999	-0.011384153760189752
