video_id	clip_count	label_mean	label_median	label_std	label_mad	label_min	label_max	label_range	positive_count	negative_count	neutral_count	all_pair_count	selected_pair_count	selected_pair_weight_sum	valid_pair_count_delta_1_0	valid_pair_count_delta_0_75	valid_pair_count_delta_0_5
-3g5yACwYnA	6	0.5555555820465088	0.6666666865348816	0.4157397150993347	0.3333333134651184	0.0	1.0	1.0	4	0	2	15	4	1.0	4	4	8
-3nNcZdcdvU	3	0.4444444477558136	0.3333333432674408	0.4157397150993347	0.3333333432674408	0.0	1.0	1.0	2	0	1	3	1	1.0	1	1	2
-HwX2H8Z4hY	10	-0.46666663885116577	-0.1666666716337204	0.8192136883735657	0.5	-2.0	0.6666666865348816	2.6666667461395264	2	5	3	45	22	0.9999999999999997	22	23	32
-NFrJFQijFE	4	0.1666666716337204	0.1666666716337204	0.1666666716337204	0.1666666716337204	0.0	0.3333333432674408	0.3333333432674408	2	0	2	6	0	0.0	0	0	0
-THoVjtIkeU	8	1.5416667461395264	1.6666666269302368	0.8650224804878235	0.5	-0.3333333432674408	2.6666667461395264	3.0	7	1	0	28	13	0.9999999999999998	13	14	20
-UuX1xuaiiE	10	1.0000001192092896	1.3333332538604736	1.1352925300598145	0.6666666269302368	-1.3333333730697632	2.6666667461395264	4.0	8	2	0	45	28	0.9999999999999997	28	31	37
-WXXTNIJcVM	5	1.5999999046325684	1.6666666269302368	0.6798692345619202	0.3333333730697632	0.3333333432674408	2.3333332538604736	1.9999998807907104	5	0	0	10	4	1.0	4	4	6
-ZgjBOA1Yhw	6	-0.1111111044883728	-0.1666666716337204	0.36851388216018677	0.3333333432674408	-0.6666666865348816	0.3333333432674408	1.0	2	3	1	15	2	1.0	2	2	7
-a55Q6RWvTA	1	0.6666666865348816	0.6666666865348816	0.0	0.0	0.6666666865348816	0.6666666865348816	0.0	1	0	0	0	0	0.0	0	0	0
-aNfi7CP8vM	2	0.0	0.0	0.0	0.0	0.0	0.0	0.0	0	0	2	1	0	0.0	0	0	0
-aqamKhZ1Ec	3	-1.0	-0.6666666865348816	0.7200822830200195	0.3333333432674408	-2.0	-0.3333333432674408	1.6666666269302368	0	3	0	3	2	1.0	2	2	2
-dxfTGcXJoc	8	1.25	1.1666667461395264	0.4639803469181061	0.49999988079071045	0.6666666865348816	2.0	1.3333332538604736	8	0	0	28	4	1.0	4	8	15
-egA8-b7-3M	17	0.5882353186607361	0.3333333432674408	0.47868847846984863	0.3333333432674408	0.0	1.6666666269302368	1.6666666269302368	14	0	3	136	30	0.9999999999999999	30	34	61
-iRBcNs9oI8	10	0.8666666150093079	0.8333333730697632	0.6359595060348511	0.5	0.0	2.0	2.0	8	0	2	45	17	1.0	17	19	30
-lqc32Zpr7M	4	-0.25	-0.3333333432674408	0.4330127239227295	0.3333333432674408	-0.6666666865348816	0.3333333432674408	1.0	1	2	1	6	2	1.0	2	2	4
-lzEya4AM_4	5	-0.13333334028720856	-0.3333333432674408	0.45215535163879395	0.3333333432674408	-0.6666666865348816	0.6666666865348816	1.3333333730697632	1	3	1	10	3	1.0	3	3	5
-mJ2ud6oKI8	9	0.14814814925193787	0.0	0.4475201964378357	0.0	-0.3333333432674408	1.3333333730697632	1.6666667461395264	2	1	6	36	8	1.0	8	8	9
-mqbVkbCndg	3	0.1111111119389534	0.0	0.15713484585285187	0.0	0.0	0.3333333432674408	0.3333333432674408	1	0	2	3	0	0.0	0	0	0
-t217m2on-s	2	0.0	0.0	0.6666666865348816	0.6666666865348816	-0.6666666865348816	0.6666666865348816	1.3333333730697632	1	1	0	1	1	1.0	1	1	1
-tANM6ETl_M	3	0.0	0.3333333432674408	0.4714045226573944	0.0	-0.6666666865348816	0.3333333432674408	1.0	2	1	0	3	2	1.0	2	2	2
-tPCytz4rww	6	0.0	0.0	0.0	0.0	0.0	0.0	0.0	0	0	6	15	0	0.0	0	0	0
-vxjVxOeScU	3	1.0	1.0	0.27216553688049316	0.3333333134651184	0.6666666865348816	1.3333333730697632	0.6666666865348816	3	0	0	3	0	0.0	0	0	1
-wMB_hJL-3o	4	0.8333333730697632	0.8333333730697632	0.3726780116558075	0.3333333432674408	0.3333333432674408	1.3333333730697632	1.0	4	0	0	6	1	1.0	1	1	3
-wny0OAz3g8	9	0.07407408207654953	0.0	0.6241592168807983	0.3333333432674408	-1.3333333730697632	1.0	2.3333334922790527	4	2	3	36	13	0.9999999999999998	13	13	20
03X1FwF6udc	7	0.3333333134651184	0.3333333432674408	0.2519763112068176	0.3333333432674408	0.0	0.6666666865348816	0.6666666865348816	5	0	2	21	0	0.0	0	0	4
07Z16yRBFUQ	3	0.2222222238779068	0.0	0.31426969170570374	0.0	0.0	0.6666666865348816	0.6666666865348816	1	0	2	3	0	0.0	0	0	2
08d4NTXkSxw	4	0.0833333358168602	0.0	0.14433757960796356	0.0	0.0	0.3333333432674408	0.3333333432674408	1	0	3	6	0	0.0	0	0	0
0AA-wmk8WdA	2	0.6666666865348816	0.6666666865348816	0.3333333134651184	0.3333333134651184	0.3333333432674408	1.0	0.6666666269302368	2	0	0	1	0	0.0	0	0	1
0AkGtPzl7D8	1	0.6666666865348816	0.6666666865348816	0.0	0.0	0.6666666865348816	0.6666666865348816	0.0	1	0	0	0	0	0.0	0	0	0
0BVed2nBq1g	7	0.0	0.0	0.4714045524597168	0.3333333432674408	-0.6666666865348816	0.6666666865348816	1.3333333730697632	2	3	2	21	6	0.9999999999999999	6	6	12
0DBfvvIVmqY	11	0.8484848141670227	0.6666666865348816	0.5922672748565674	0.3333333432674408	0.3333333432674408	2.3333332538604736	1.9999998807907104	11	0	0	55	16	1.0	16	18	28
0EAAfLCQabY	3	-0.5555555820465088	-0.6666666865348816	0.15713484585285187	0.0	-0.6666666865348816	-0.3333333432674408	0.3333333432674408	0	3	0	3	0	0.0	0	0	0
0EphpADwdPg	6	0.6666666865348816	0.5	0.5443310141563416	0.3333333432674408	0.0	1.6666666269302368	1.6666666269302368	5	0	1	15	4	1.0	4	5	9
0FA32bEZ6xI	29	0.14942528307437897	0.0	0.31055760383605957	0.0	-0.6666666865348816	1.0	1.6666667461395264	10	1	18	406	28	0.9999999999999997	28	28	106
0JuRmhhgMw8	8	0.5	0.5	0.4714045524597168	0.5	0.0	1.3333333730697632	1.3333333730697632	5	0	3	28	7	0.9999999999999998	7	7	16
0OC3wf9x3zQ	11	0.4545454680919647	0.3333333432674408	0.5907148122787476	0.3333333432674408	0.0	1.6666666269302368	1.6666666269302368	7	0	4	55	18	1.0000000000000002	18	18	18
0OXeN3MhFeA	7	0.6666666269302368	0.6666666865348816	0.5634361505508423	0.3333333134651184	-0.3333333432674408	1.6666666269302368	2.0	6	1	0	21	6	0.9999999999999999	6	9	12
0SfejBuLgFo	8	-1.1175870895385742e-08	-0.1666666716337204	0.6666666865348816	0.1666666716337204	-0.6666666865348816	1.6666666269302368	2.3333332538604736	1	4	3	28	7	0.9999999999999998	7	7	10
0Svu5BldR5A	2	0.8333333134651184	0.8333333134651184	0.8333333134651184	0.8333333134651184	0.0	1.6666666269302368	1.6666666269302368	1	0	1	1	1	1.0	1	1	1
0W4WsjhDgUI	1	0.0	0.0	0.0	0.0	0.0	0.0	0.0	0	0	1	0	0	0.0	0	0	0
0WIwQgH4lKg	6	1.0555554628372192	1.1666666269302368	0.7556372284889221	0.6666666269302368	0.0	2.0	2.0	5	0	1	15	7	0.9999999999999998	7	9	10
0Xs8wJrAmxs	4	-0.5833333134651184	-0.5	0.7216877937316895	0.5	-1.6666666269302368	0.3333333432674408	2.0	1	3	0	6	3	1.0	3	4	5
0YdYFtVdlWE	22	0.21212120354175568	0.1666666716337204	0.5821021795272827	0.1666666716337204	-0.6666666865348816	2.0	2.6666667461395264	11	4	7	231	62	0.9999999999999992	62	62	116
0bsTzavb-AE	4	0.3333333432674408	0.3333333432674408	0.2357022762298584	0.1666666716337204	0.0	0.6666666865348816	0.6666666865348816	3	0	1	6	0	0.0	0	0	1
0cBmQ_ItVUc	11	0.1818181872367859	0.3333333432674408	1.2256817817687988	1.0	-2.0	2.0	4.0	6	5	0	55	38	0.9999999999999992	38	39	47
0hCOCt6fWas	6	0.1666666716337204	0.0	0.2545875310897827	0.0	0.0	0.6666666865348816	0.6666666865348816	2	0	4	15	0	0.0	0	0	4
0hCihQ5Kep0	3	1.3333333730697632	1.6666666269302368	0.471404492855072	0.0	0.6666666865348816	1.6666666269302368	0.9999999403953552	3	0	0	3	0	0.0	0	2	2
0jtdrsmVzYQ	2	-0.1666666716337204	-0.1666666716337204	0.1666666716337204	0.1666666716337204	-0.3333333432674408	0.0	0.3333333432674408	0	1	1	1	0	0.0	0	0	0
0mXv97u2OCM	2	0.1666666716337204	0.1666666716337204	0.1666666716337204	0.1666666716337204	0.0	0.3333333432674408	0.3333333432674408	1	0	1	1	0	0.0	0	0	0
0nJrksJ7azM	6	1.111111044883728	1.3333333730697632	0.5983516573905945	0.33333325386047363	0.0	1.6666666269302368	1.6666666269302368	5	0	1	15	4	1.0	4	6	9
0p9XKC_J3hU	1	0.3333333432674408	0.3333333432674408	0.0	0.0	0.3333333432674408	0.3333333432674408	0.0	1	0	0	0	0	0.0	0	0	0
0r8KVXUCV6c	4	-1.1666666269302368	-1.5	0.8975275158882141	0.3333333134651184	-2.0	0.3333333432674408	2.3333332538604736	1	3	0	6	3	1.0	3	3	4
0rE8jEvQW_I	9	1.5555554628372192	1.3333333730697632	0.6849348545074463	0.6666666269302368	0.3333333432674408	2.3333332538604736	1.9999998807907104	9	0	0	36	14	0.9999999999999997	14	20	24
0tkWa2skSmA	2	0.0	0.0	0.0	0.0	0.0	0.0	0.0	0	0	2	1	0	0.0	0	0	0
0vXaXWx7Rvo	6	0.944444477558136	0.8333333730697632	0.8480187654495239	0.3333333432674408	0.0	2.6666667461395264	2.6666667461395264	5	0	1	15	7	0.9999999999999998	7	7	10
0zl_GDVzykw	2	-0.3333333432674408	-0.3333333432674408	0.0	0.0	-0.3333333432674408	-0.3333333432674408	0.0	0	2	0	1	0	0.0	0	0	0
100499	7	-0.8571428656578064	-1.3333333730697632	0.8702698349952698	0.6666666269302368	-2.0	0.3333333432674408	2.3333332538604736	1	4	2	21	12	1.0	12	12	14
101851	21	-0.4444444179534912	-0.3333333432674408	0.8441101908683777	0.6666666865348816	-2.0	1.0	3.0	5	12	4	210	64	1.0	114	115	151
102168	5	0.06666667014360428	0.0	0.13333334028720856	0.0	0.0	0.3333333432674408	0.3333333432674408	1	0	4	10	0	0.0	0	0	0
102184	14	-1.1904762983322144	-1.5	1.2892367839813232	1.1666667461395264	-2.6666667461395264	1.0	3.6666667461395264	3	10	1	91	62	0.9999999999999992	62	64	75
10223	10	-0.46666663885116577	-0.6666666865348816	0.6531972885131836	0.5	-1.3333333730697632	0.6666666865348816	2.0	2	6	2	45	22	0.9999999999999997	22	22	29
106077	15	-0.555555522441864	-0.6666666865348816	1.0012338161468506	0.9999999403953552	-2.0	1.6666666269302368	3.6666665077209473	4	8	3	105	62	0.9999999999999992	62	65	76
106514	18	-0.8888888955116272	-0.8333333730697632	1.0943175554275513	0.8333332538604736	-2.6666667461395264	1.3333333730697632	4.0	3	14	1	153	64	1.0	89	97	120
106941	13	-0.9230769276618958	-1.0	0.7413759827613831	0.6666666269302368	-2.0	0.3333333432674408	2.3333332538604736	1	10	2	78	32	1.0	32	40	55
107551	15	-0.9777777194976807	-1.3333333730697632	0.7931808233261108	0.3333333730697632	-2.3333332538604736	0.3333333432674408	2.6666665077209473	2	11	2	105	48	1.0000000000000007	48	54	69
108793	19	0.2982456088066101	0.3333333432674408	1.075482964515686	0.6666666269302368	-1.6666666269302368	2.3333332538604736	4.0	10	5	4	171	64	1.0	104	110	133
110203	10	-0.966666579246521	-1.0	0.8359957337379456	1.0	-2.0	0.3333333432674408	2.3333332538604736	1	7	2	45	28	0.9999999999999997	28	28	34
110754	12	-0.5277777314186096	0.0	0.9275448322296143	0.0	-2.3333332538604736	0.6666666865348816	3.0	1	4	7	66	34	1.0	34	34	43
110766	10	2.3841858265427618e-08	0.5	1.2736648321151733	0.5	-2.3333332538604736	1.6666666269302368	4.0	6	3	1	45	27	0.9999999999999993	27	29	35
110788	7	-0.4761904776096344	0.0	1.0367400646209717	0.0	-3.0	0.0	3.0	0	2	5	21	6	0.9999999999999999	6	6	6
112148	14	-0.5476190447807312	-0.5	0.7726182341575623	0.5	-1.6666666269302368	1.0	2.6666665077209473	2	9	3	91	40	1.0000000000000004	40	46	65
112169	14	-0.9999999403953552	-0.6666666865348816	1.1126972436904907	0.8333333730697632	-2.6666667461395264	0.6666666865348816	3.3333334922790527	2	10	2	91	56	1.000000000000001	56	57	71
112223	12	-0.7499999403953552	0.0	1.1794930696487427	0.6666666865348816	-2.6666667461395264	1.0	3.6666667461395264	2	5	5	66	41	1.0000000000000004	41	42	47
112604	5	0.06666667759418488	0.3333333432674408	0.7423686385154724	0.3333333432674408	-1.3333333730697632	0.6666666865348816	2.0	3	1	1	10	4	1.0	4	4	6
112631	10	-0.2666666507720947	0.0	0.9752492904663086	0.6666666865348816	-2.0	1.0	3.0	4	4	2	45	26	0.9999999999999996	26	27	35
112903	7	-0.6190475821495056	-0.3333333432674408	1.5163507461547852	1.3333332538604736	-2.6666667461395264	1.6666666269302368	4.333333492279053	3	4	0	21	16	1.0	16	17	19
113265	10	-2.0999999046325684	-2.1666665077209473	0.4725815951824188	0.16666674613952637	-2.6666667461395264	-1.0	1.6666667461395264	0	10	0	45	10	0.9999999999999999	10	10	20
114624	14	-0.4761904776096344	0.0	0.6867716908454895	0.3333333432674408	-1.6666666269302368	0.3333333432674408	2.0	2	6	6	91	42	1.0000000000000007	42	43	53
11650	25	-0.8533333539962769	-1.0	0.9431861042976379	1.0	-2.3333332538604736	0.6666666865348816	3.0	4	15	6	300	64	1.0	167	173	209
119348	13	-0.7179487943649292	-0.6666666865348816	1.0029542446136475	0.6666666865348816	-2.3333332538604736	1.0	3.3333332538604736	3	8	2	78	47	1.0000000000000004	47	49	62
120vnZnmhq4	1	1.6666666269302368	1.6666666269302368	0.0	0.0	1.6666666269302368	1.6666666269302368	0.0	1	0	0	0	0	0.0	0	0	0
121358	23	0.3188405930995941	0.3333333432674408	0.7387041449546814	0.3333333432674408	-1.3333333730697632	2.0	3.3333334922790527	14	3	6	253	64	1.0	103	106	143
122439	10	0.4333333373069763	0.3333333432674408	0.49553564190864563	0.3333333432674408	0.0	1.6666666269302368	1.6666666269302368	6	0	4	45	6	0.9999999999999999	6	9	21
122602	19	-0.5614034533500671	-1.0	1.2934954166412354	1.0	-2.6666667461395264	2.0	4.6666669845581055	5	11	3	171	64	1.0	115	119	131
122842	13	0.9487180113792419	0.6666666865348816	0.9593992829322815	0.6666666865348816	0.0	3.0	3.0	8	0	5	78	43	1.0000000000000007	43	46	53
125708	1	0.0	0.0	0.0	0.0	0.0	0.0	0.0	0	0	1	0	0	0.0	0	0	0
125730	16	0.6041666865348816	0.0	1.0356073379516602	0.1666666716337204	-1.0	2.6666667461395264	3.6666667461395264	6	2	8	120	64	1.0	73	73	80
125845	11	0.45454540848731995	0.6666666865348816	0.8198635578155518	0.3333333432674408	-1.3333333730697632	1.6666666269302368	3.0	8	2	1	55	22	0.9999999999999997	22	26	38
125895	10	1.2666666507720947	1.5	0.9637888073921204	0.9999999403953552	0.0	2.6666667461395264	2.6666667461395264	8	0	2	45	26	0.9999999999999996	26	27	32
126542	18	-0.9629629850387573	-1.3333333730697632	0.8670147657394409	0.5	-2.3333332538604736	0.6666666865348816	3.0	1	12	5	153	64	1.0	79	82	101
126831	18	-1.4814814329147339	-1.6666666269302368	0.9177415370941162	0.6666666269302368	-3.0	0.3333333432674408	3.3333332538604736	1	15	2	153	64	1.0	70	83	115
127470	13	-0.692307710647583	-0.3333333432674408	0.6597272157669067	0.3333333432674408	-2.0	0.0	2.0	0	9	4	78	36	1.0000000000000002	36	36	49
127539	10	-0.7000000476837158	-0.6666666865348816	0.887568473815918	0.6666666865348816	-2.0	1.0	3.0	1	7	2	45	26	0.9999999999999996	26	26	35
12812	7	1.7619047164916992	2.0	0.8302664756774902	0.3333333730697632	0.0	2.6666667461395264	2.6666667461395264	6	0	1	21	8	1.0	8	10	14
128258	15	-0.9111111164093018	-1.6666666269302368	1.5984560251235962	1.0000001192092896	-2.6666667461395264	2.0	4.6666669845581055	5	10	0	105	64	1.0	69	70	86
128752	17	-0.5490196347236633	-0.3333333432674408	0.75788813829422	0.3333333432674408	-2.0	0.6666666865348816	2.6666667461395264	1	9	7	136	64	1.0	65	66	89
128949	9	-0.40740740299224854	-1.0	1.1944085359573364	0.6666666269302368	-1.6666666269302368	2.3333332538604736	4.0	2	6	1	36	22	0.9999999999999997	22	22	27
129733	12	-0.9444444179534912	-1.3333333730697632	0.9606453776359558	0.6666666269302368	-2.0	0.6666666865348816	2.6666667461395264	2	8	2	66	36	1.0000000000000002	36	36	45
130149	7	-0.3809523582458496	0.0	0.9499970078468323	1.0	-1.6666666269302368	1.3333333730697632	3.0	1	3	3	21	15	0.9999999999999999	15	15	16
130426	9	-1.4444445371627808	-2.0	1.1439589262008667	0.33333325386047363	-2.3333332538604736	1.6666666269302368	4.0	1	8	0	36	8	1.0	8	10	19
130448	10	-0.4000000059604645	-0.3333333432674408	1.2364823818206787	1.1666666269302368	-2.3333332538604736	1.6666666269302368	4.0	3	7	0	45	33	0.9999999999999993	33	35	38
130633	11	1.121212124824524	0.6666666865348816	1.1999387741088867	0.6666666865348816	0.0	3.0	3.0	6	0	5	55	33	0.9999999999999993	33	34	43
131650	11	-0.7272727489471436	-0.3333333432674408	1.55581796169281	1.3333333730697632	-3.0	1.6666666269302368	4.666666507720947	4	7	0	55	40	1.0000000000000004	40	41	50
131871	9	-0.4444444477558136	0.0	0.8314794301986694	0.0	-2.0	0.0	2.0	0	2	7	36	14	0.9999999999999997	14	14	14
131936	8	-0.4166666865348816	-0.3333333432674408	0.7216877937316895	0.6666666269302368	-1.3333333730697632	0.6666666865348816	2.0	2	4	2	28	14	0.9999999999999997	14	14	20
134252	10	-0.800000011920929	-0.5	0.9910712838172913	0.8333333730697632	-2.3333332538604736	0.3333333432674408	2.6666665077209473	2	5	3	45	27	0.9999999999999993	27	27	31
136205	16	-0.5416666865348816	-0.5	0.6757197976112366	0.5	-1.6666666269302368	1.0	2.6666665077209473	2	12	2	120	48	1.0000000000000007	48	51	76
136211	8	1.25	1.6666666269302368	1.0240172147750854	0.5	-0.6666666865348816	2.6666667461395264	3.3333334922790527	6	1	1	28	17	1.0	17	17	22
136215	15	0.15555553138256073	0.0	0.9338623285293579	0.6666666865348816	-2.0	2.0	4.0	7	4	4	105	56	1.000000000000001	56	56	76
137827	7	-1.1904761791229248	-1.6666666269302368	1.3669238090515137	0.6666666269302368	-2.6666667461395264	1.3333333730697632	4.0	2	5	0	21	13	0.9999999999999998	13	14	17
139006	13	-0.5128204822540283	-0.6666666865348816	1.1592466831207275	1.3333332538604736	-2.6666667461395264	0.6666666865348816	3.3333334922790527	6	7	0	78	54	0.9999999999999989	54	54	55
139032	18	-1.7037036418914795	-2.0	0.74443519115448	0.3333333730697632	-2.6666667461395264	0.3333333432674408	3.0	1	17	0	153	55	1.0000000000000002	55	63	87
13JpsLvddoY	4	1.4166666269302368	1.6666666269302368	0.6400954723358154	0.1666666865348816	0.3333333432674408	2.0	1.6666666269302368	4	0	0	6	3	1.0	3	3	3
140293	8	-0.125	0.0	1.0532686710357666	1.0	-1.6666666269302368	1.0	2.6666665077209473	3	3	2	28	19	0.9999999999999996	19	21	23
140317	13	-0.07692307233810425	0.0	0.5254846811294556	0.0	-1.6666666269302368	0.6666666865348816	2.3333332538604736	3	3	7	78	14	0.9999999999999997	14	14	25
154449	14	-1.4285714626312256	-1.6666667461395264	1.1780301332473755	1.1666666269302368	-3.0	0.3333333432674408	3.3333332538604736	2	11	1	91	55	1.0000000000000002	55	59	73
15837	14	0.8333333134651184	1.0	1.5	1.1666666269302368	-2.0	3.0	5.0	9	3	2	91	63	0.9999999999999982	63	67	78
15Wu4U2VPLw	8	0.0833333358168602	0.0	0.14433756470680237	0.0	0.0	0.3333333432674408	0.3333333432674408	2	0	6	28	0	0.0	0	0	0
15ktF-6wutk	7	0.6190476417541504	0.6666666865348816	0.4856208860874176	0.3333333432674408	0.0	1.3333333730697632	1.3333333730697632	5	0	2	21	7	0.9999999999999998	7	7	12
180923	15	-0.3777777850627899	0.0	0.6977918744087219	0.0	-2.3333332538604736	0.0	2.3333332538604736	0	5	10	105	35	1.0000000000000002	35	35	39
184784	7	-0.1428571492433548	0.0	0.5870870351791382	0.3333333432674408	-1.3333333730697632	0.3333333432674408	1.6666667461395264	3	2	2	21	8	1.0	8	8	11
186631	13	1.0512819290161133	1.0	1.0446947813034058	1.0	-0.6666666865348816	3.0	3.6666667461395264	9	1	3	78	51	1.0000000000000007	51	53	63
188122	17	0.5098038911819458	0.0	0.9641796946525574	0.0	-1.3333333730697632	2.0	3.3333334922790527	6	2	9	136	64	1.0	76	76	82
189966	26	-0.6794871687889099	0.0	1.014765977859497	0.5	-2.3333332538604736	1.3333333730697632	3.6666665077209473	3	12	11	325	64	1.0	183	183	207
18JTkk8JbeU	5	0.0	0.0	0.5577733516693115	0.3333333432674408	-1.0	0.6666666865348816	1.6666667461395264	2	1	2	10	4	1.0	4	4	6
18QjfdhJEM4	19	-0.5789474248886108	-0.6666666865348816	1.173997402191162	0.6666666865348816	-2.0	2.3333332538604736	4.3333330154418945	4	10	5	171	64	1.0	106	107	134
190740	15	-1.2000000476837158	-1.6666666269302368	1.3097922801971436	1.0000001192092896	-2.6666667461395264	1.6666666269302368	4.333333492279053	2	11	2	105	64	1.0	68	72	83
192799	18	-1.0370371341705322	-1.3333333730697632	1.1379474401474	0.9999998807907104	-2.3333332538604736	1.0	3.3333332538604736	3	11	4	153	64	1.0	85	93	105
193291	4	-0.9166666865348816	-0.8333333730697632	0.7949492931365967	0.6666666865348816	-2.0	0.0	2.0	0	3	1	6	4	1.0	4	4	5
194625	19	-0.6666666865348816	-1.0	1.4388104677200317	1.0	-2.6666667461395264	2.6666667461395264	5.333333492279053	5	11	3	171	64	1.0	119	119	134
197778	17	1.0392158031463623	0.3333333432674408	1.2570446729660034	0.6666666269302368	-1.0	3.0	4.0	10	1	6	136	64	1.0	92	92	99
19k6sEC7814	6	0.6111111044883728	0.6666666865348816	0.12422600388526917	0.0	0.3333333432674408	0.6666666865348816	0.3333333432674408	6	0	0	15	0	0.0	0	0	0
1A-aRhYx-GQ	17	1.0	1.0	0.775439977645874	0.3333333730697632	-0.3333333432674408	2.3333332538604736	2.6666665077209473	14	2	1	136	62	0.9999999999999992	62	70	90
1A7dqFxx8wU	7	0.2857142984867096	0.3333333432674408	0.5172752737998962	0.3333333432674408	-0.6666666865348816	1.0	1.6666667461395264	4	1	2	21	6	0.9999999999999999	6	6	13
1CjUHNYzW1E	6	1.5	1.3333333730697632	0.4999999701976776	0.3333333730697632	1.0	2.3333332538604736	1.3333332538604736	6	0	0	15	4	1.0	4	6	8
1ESU5ONMMxs	12	-0.1111111044883728	0.0	0.4581228792667389	0.3333333432674408	-1.0	0.6666666865348816	1.6666667461395264	3	4	5	66	15	0.9999999999999999	15	15	33
1F0qH0EEBfo	25	0.6000000238418579	0.6666666865348816	0.7944250106811523	0.6666666865348816	-1.3333333730697632	1.6666666269302368	3.0	17	4	4	300	64	1.0	132	148	205
1J9Fa995Ojs	1	1.0	1.0	0.0	0.0	1.0	1.0	0.0	1	0	0	0	0	0.0	0	0	0
1JQ9UCBEmCU	6	0.1666666716337204	0.0	0.2545875608921051	0.0	0.0	0.6666666865348816	0.6666666865348816	2	0	4	15	0	0.0	0	0	4
1RBT_QoSkIU	1	-0.3333333432674408	-0.3333333432674408	0.0	0.0	-0.3333333432674408	-0.3333333432674408	0.0	0	1	0	0	0	0.0	0	0	0
1RxliidxXyQ	2	1.0	1.0	1.0	1.0	0.0	2.0	2.0	1	0	1	1	1	1.0	1	1	1
1W38PnuWIkM	8	-0.1666666716337204	-0.6666666865348816	0.866025447845459	0.3333333432674408	-1.3333333730697632	1.3333333730697632	2.6666667461395264	3	5	0	28	15	0.9999999999999999	15	15	21
1YEgMQ1xxzQ	3	-0.3333333432674408	-0.3333333432674408	1.088662028312683	1.3333332538604736	-1.6666666269302368	1.0	2.6666665077209473	1	2	0	3	3	1.0	3	3	3
1ZjIX9AK860	3	0.7777777314186096	0.3333333432674408	0.6285393238067627	0.0	0.3333333432674408	1.6666666269302368	1.3333332538604736	3	0	0	3	2	1.0	2	2	2
1bzS0YF5hfs	1	0.6666666865348816	0.6666666865348816	0.0	0.0	0.6666666865348816	0.6666666865348816	0.0	1	0	0	0	0	0.0	0	0	0
1cyUKHOvdYY	4	0.25	0.3333333432674408	0.14433757960796356	0.0	0.0	0.3333333432674408	0.3333333432674408	3	0	1	6	0	0.0	0	0	0
1dWsw38VDjY	5	0.6666666865348816	1.0	1.3333332538604736	0.6666666269302368	-1.6666666269302368	2.3333332538604736	4.0	4	1	0	10	7	0.9999999999999998	7	8	9
1fqNb8cfLFE	2	0.6666666865348816	0.6666666865348816	0.0	0.0	0.6666666865348816	0.6666666865348816	0.0	2	0	0	1	0	0.0	0	0	0
1k7br8xXMSU	11	0.09090909361839294	0.0	0.28747981786727905	0.3333333432674408	-0.3333333432674408	0.6666666865348816	1.0	4	2	5	55	2	1.0	2	2	13
1mHjMNZZvFo	7	0.9523809552192688	1.0	0.8438116908073425	0.6666666269302368	-0.3333333432674408	2.3333332538604736	2.6666665077209473	6	1	0	21	11	1.0000000000000002	11	12	18
1o8Gy4J6WSs	3	0.7777777314186096	0.3333333432674408	0.6285393238067627	0.0	0.3333333432674408	1.6666666269302368	1.3333332538604736	3	0	0	3	2	1.0	2	2	2
1olbQVO_C-8	3	0.2222222238779068	0.0	0.31426969170570374	0.0	0.0	0.6666666865348816	0.6666666865348816	1	0	2	3	0	0.0	0	0	2
1pvK0_9SQns	4	0.0833333358168602	0.0	0.14433757960796356	0.0	0.0	0.3333333432674408	0.3333333432674408	1	0	3	6	0	0.0	0	0	0
1rVly2oeBJg	1	0.6666666865348816	0.6666666865348816	0.0	0.0	0.6666666865348816	0.6666666865348816	0.0	1	0	0	0	0	0.0	0	0	0
1sJjdaXXuJg	3	1.5555557012557983	1.3333333730697632	0.31426966190338135	0.0	1.3333333730697632	2.0	0.6666666269302368	3	0	0	3	0	0.0	0	0	2
1tQOvm5eQOA	10	-0.2333333045244217	-0.3333333432674408	0.9315459132194519	0.3333333432674408	-1.6666666269302368	1.3333333730697632	3.0	2	6	2	45	24	0.9999999999999996	24	26	32
1tuMFJnlXJc	11	0.4545454978942871	0.3333333432674408	0.7145348787307739	0.3333333432674408	-1.3333333730697632	1.6666666269302368	3.0	9	1	1	55	17	1.0	17	19	31
1x7kf9vArjU	3	1.0	1.0	0.0	0.0	1.0	1.0	0.0	3	0	0	3	0	0.0	0	0	0
2-4autDbHVQ	20	1.25	1.1666667461395264	0.9059985280036926	0.6666666269302368	-1.0	2.6666667461395264	3.6666667461395264	18	1	1	190	64	1.0	94	104	134
2-5hH_k2VFk	6	-0.055555522441864014	0.6666666865348816	1.282599687576294	0.3333333432674408	-2.0	1.3333333730697632	3.3333334922790527	4	2	0	15	8	1.0	8	8	11
2-EJz4RG4g4	1	1.6666666269302368	1.6666666269302368	0.0	0.0	1.6666666269302368	1.6666666269302368	0.0	1	0	0	0	0	0.0	0	0	0
201582	13	0.0	0.0	0.6270266771316528	0.0	-1.3333333730697632	1.3333333730697632	2.6666667461395264	2	3	8	78	31	0.9999999999999993	31	31	40
202431	7	-0.3333333134651184	0.0	0.6666666269302368	0.0	-1.6666666269302368	0.3333333432674408	2.0	1	2	4	21	10	0.9999999999999999	10	10	11
202810	14	-0.7142857909202576	-1.1666667461395264	1.118794322013855	0.49999988079071045	-2.0	2.0	4.0	3	10	1	91	51	1.0000000000000007	51	51	64
202990	17	-0.9215685725212097	-0.3333333432674408	0.911290168762207	0.3333333432674408	-2.6666667461395264	0.0	2.6666667461395264	0	12	5	136	64	1.0	75	79	89
206049	5	-0.8666666746139526	-1.3333333730697632	1.309792160987854	0.9999998807907104	-2.3333332538604736	1.0	3.3333332538604736	2	3	0	10	6	0.9999999999999999	6	7	9
206051	16	-1.2083332538604736	-1.5	1.0663737058639526	0.8333332538604736	-3.0	0.3333333432674408	3.3333332538604736	3	12	1	120	64	1.0	72	76	93
206376	10	-0.6333333253860474	-0.5	0.7371114492416382	0.5	-2.0	0.3333333432674408	2.3333332538604736	1	6	3	45	22	0.9999999999999997	22	23	31
206507	14	-0.9285714030265808	-1.0	0.7578014731407166	0.6666666269302368	-2.0	0.6666666865348816	2.6666667461395264	1	12	1	91	41	1.0000000000000004	41	45	63
206606	11	-0.8181818127632141	-1.3333333730697632	1.1314033269882202	0.6666666269302368	-2.0	1.0	3.0	3	7	1	55	33	0.9999999999999993	33	33	42
207812	10	1.366666555404663	1.5	0.9243615865707397	0.5	-0.6666666865348816	2.6666667461395264	3.3333334922790527	9	1	0	45	23	0.9999999999999996	23	25	33
208148	12	-0.8888888359069824	-0.6666666865348816	0.8425416946411133	0.6666666865348816	-2.3333332538604736	0.0	2.3333332538604736	0	8	4	66	36	1.0000000000000002	36	37	44
208299	11	-1.7575758695602417	-2.0	0.8772190809249878	0.6666666269302368	-3.0	0.3333333432674408	3.3333332538604736	1	10	0	55	24	0.9999999999999996	24	28	39
208416	17	1.1764706373214722	1.3333333730697632	1.0105175971984863	1.0	0.0	3.0	3.0	12	0	5	136	64	1.0	83	84	97
209354	12	1.4444442987442017	1.6666667461395264	1.0393493175506592	0.8333333730697632	0.0	3.0	3.0	10	0	2	66	40	1.0000000000000004	40	42	50
209775	11	-1.3636362552642822	-2.0	1.2589441537857056	0.33333325386047363	-2.3333332538604736	1.6666666269302368	4.0	2	9	0	55	31	0.9999999999999993	31	36	37
210238	18	-0.5	0.0	1.0198644399642944	0.3333333432674408	-2.6666667461395264	0.6666666865348816	3.3333334922790527	4	6	8	153	64	1.0	67	68	83
210618	18	0.8703703880310059	0.0	1.212786316871643	0.6666666865348816	-0.6666666865348816	3.0	3.6666667461395264	8	2	8	153	64	1.0	92	92	115
21137	11	1.7272727489471436	2.0	0.8142442107200623	0.6666667461395264	0.0	2.6666667461395264	2.6666667461395264	10	0	1	55	31	0.9999999999999993	31	31	37
212532	11	-1.0909091234207153	-1.3333333730697632	1.0356367826461792	0.6666666269302368	-2.6666667461395264	0.3333333432674408	3.0	2	7	2	55	34	1.0	34	34	41
213619	12	-0.083333320915699	0.0	0.8179128766059875	0.3333333432674408	-2.0	1.0	3.0	5	4	3	66	29	0.9999999999999996	29	29	42
214095	15	-1.0888888835906982	-1.0	0.9542626142501831	1.0	-2.6666667461395264	0.3333333432674408	3.0	1	11	3	105	56	1.000000000000001	56	62	80
215259	12	0.0	-0.1666666716337204	1.254621148109436	1.1666667461395264	-1.6666666269302368	2.0	3.6666665077209473	5	6	1	66	45	1.0000000000000004	45	45	52
216007	32	-0.6458333134651184	-0.8333333730697632	1.163500189781189	0.8333333730697632	-2.6666667461395264	2.0	4.6666669845581055	8	20	4	496	64	1.0	295	318	393
21638	7	0.5714285969734192	0.0	0.8109230995178223	0.0	0.0	2.0	2.0	3	0	4	21	10	0.9999999999999999	10	10	10
216857	22	-0.39393940567970276	-0.3333333432674408	0.6936681270599365	0.3333333432674408	-2.6666667461395264	0.6666666865348816	3.3333334922790527	3	12	7	231	64	1.0	77	77	125
218708	20	-0.36666664481163025	0.0	0.6489306688308716	0.3333333432674408	-2.0	0.3333333432674408	2.3333332538604736	4	9	7	190	64	1.0	68	72	108
219310	11	-1.0000001192092896	-1.3333333730697632	1.0150384902954102	0.6666666269302368	-2.3333332538604736	1.0	3.3333332538604736	2	8	1	55	30	0.9999999999999999	30	33	43
219775	9	-0.6296296119689941	-0.3333333432674408	0.9222147464752197	1.0	-1.6666666269302368	1.0	2.6666665077209473	1	5	3	36	24	0.9999999999999996	24	24	24
21Kxt5L9OBE	2	0.6666666865348816	0.6666666865348816	0.6666666865348816	0.6666666865348816	0.0	1.3333333730697632	1.3333333730697632	1	0	1	1	1	1.0	1	1	1
220134	27	-0.716049313545227	-0.6666666865348816	0.9194008708000183	0.6666666865348816	-2.6666667461395264	1.0	3.6666667461395264	3	16	8	351	64	1.0	191	199	259
220200	14	-0.976190447807312	-1.1666667461395264	1.019370198249817	0.8333331942558289	-3.0	0.6666666865348816	3.6666667461395264	2	9	3	91	54	0.9999999999999989	54	57	67
220548	24	-0.9027778506278992	-1.1666667461395264	1.140496850013733	0.8333333730697632	-2.6666667461395264	1.6666666269302368	4.333333492279053	4	16	4	276	64	1.0	166	174	216
221740	9	-1.0370371341705322	0.0	1.364853858947754	0.3333333432674408	-3.0	0.3333333432674408	3.3333332538604736	2	4	3	36	22	0.9999999999999997	22	22	25
222116	9	1.3245476715439963e-08	0.0	0.9428090453147888	0.6666666865348816	-2.0	1.3333333730697632	3.3333334922790527	4	4	1	36	21	1.0000000000000004	21	21	27
223926	9	-0.6296296715736389	0.0	1.0475655794143677	1.0	-2.6666667461395264	1.0	3.6666667461395264	1	4	4	36	27	0.9999999999999993	27	27	27
224599	13	9.16994569166718e-09	0.0	0.7734924554824829	0.0	-2.0	1.6666666269302368	3.6666665077209473	3	2	8	78	24	0.9999999999999996	24	25	41
224772	15	-1.0888888835906982	-1.3333333730697632	0.820719301700592	0.3333333730697632	-2.6666667461395264	0.0	2.6666667461395264	0	11	4	105	58	1.0000000000000007	58	58	71
224817	1	0.0	0.0	0.0	0.0	0.0	0.0	0.0	0	0	1	0	0	0.0	0	0	0
224869	16	-0.7083333134651184	-1.0	1.1357511281967163	1.0	-2.3333332538604736	1.3333333730697632	3.6666665077209473	4	10	2	120	64	1.0	77	79	98
225343	17	-0.09803920984268188	0.0	1.1246768236160278	0.6666666865348816	-1.6666666269302368	2.3333332538604736	4.0	8	8	1	136	64	1.0	80	86	101
225416	17	-0.6470587849617004	-1.3333333730697632	1.735709547996521	1.0	-3.0	2.6666667461395264	5.6666669845581055	4	11	2	136	64	1.0	100	100	110
225768	17	-0.7843136787414551	0.0	1.0093754529953003	0.6666666865348816	-2.3333332538604736	0.6666666865348816	3.0	2	8	7	136	64	1.0	76	78	93
227173	17	-0.9411764144897461	-0.6666666865348816	0.9304949045181274	0.6666666865348816	-2.3333332538604736	0.3333333432674408	2.6666665077209473	2	12	3	136	64	1.0	73	77	97
227416	13	0.7179487943649292	0.0	1.0446947813034058	0.0	0.0	2.6666667461395264	2.6666667461395264	5	0	8	78	37	0.9999999999999991	37	37	39
227426	20	-0.5	-0.1666666716337204	1.4548768997192383	0.8333333730697632	-2.6666667461395264	2.6666667461395264	5.333333492279053	4	10	6	190	64	1.0	128	128	147
22821	19	0.7894736528396606	0.6666666865348816	0.7586578130722046	0.6666666865348816	0.0	2.0	2.0	12	0	7	171	64	1.0	76	82	108
22880	11	0.21212123334407806	0.0	1.0276256799697876	0.3333333432674408	-1.6666666269302368	2.3333332538604736	4.0	4	2	5	55	36	1.0000000000000002	36	37	39
229090	23	-0.9275362491607666	-1.0	1.2470507621765137	0.6666666269302368	-3.0	2.6666667461395264	5.6666669845581055	3	18	2	253	64	1.0	144	162	198
229903	7	-1.0	0.0	1.1952285766601562	0.0	-2.6666667461395264	0.0	2.6666667461395264	0	3	4	21	14	0.9999999999999997	14	14	14
229967	11	-0.8484848141670227	-1.0	0.8331955671310425	1.0	-2.0	0.3333333432674408	2.3333332538604736	1	7	3	55	31	0.9999999999999993	31	31	38
230252	15	-0.4888888895511627	-0.6666666865348816	0.949593722820282	0.6666666865348816	-2.0	1.6666666269302368	3.6666665077209473	3	9	3	105	60	1.0000000000000013	60	60	77
231025	18	-1.6556845894299954e-09	-0.1666666716337204	1.2862040996551514	0.6666666269302368	-2.0	2.6666667461395264	4.6666669845581055	6	9	3	153	64	1.0	101	101	124
233171	8	-1.125	-1.0	0.927024781703949	0.8333333134651184	-2.6666667461395264	0.3333333432674408	3.0	1	6	1	28	19	0.9999999999999996	19	19	23
233356	12	0.027777783572673798	0.3333333432674408	1.3639425039291382	0.8333333730697632	-2.6666667461395264	1.6666666269302368	4.333333492279053	6	4	2	66	40	1.0000000000000004	40	46	56
233366	8	-0.7916666865348816	-0.8333333730697632	0.8154327273368835	0.6666666269302368	-2.0	0.3333333432674408	2.3333332538604736	2	6	0	28	15	0.9999999999999999	15	16	22
233389	7	0.2857142984867096	0.0	0.7853534817695618	0.0	-0.6666666865348816	2.0	2.6666667461395264	2	1	4	21	7	0.9999999999999998	7	7	15
234053	27	0.7654320597648621	0.3333333432674408	1.037624716758728	0.3333333432674408	-1.0	3.0	4.0	18	3	6	351	64	1.0	191	192	247
234587	22	0.7121211886405945	0.6666666865348816	0.9227508306503296	0.6666666865348816	-1.3333333730697632	2.3333332538604736	3.6666665077209473	15	2	5	231	64	1.0	115	121	160
236399	13	-0.4358974099159241	0.0	0.810029149055481	0.3333333432674408	-2.0	0.3333333432674408	2.3333332538604736	3	5	5	78	36	1.0000000000000002	36	36	42
236696	16	-1.3958333730697632	-2.0	1.1856712102890015	0.6666667461395264	-3.0	0.3333333432674408	3.3333332538604736	1	10	5	120	64	1.0	68	69	86
238023	39	-0.8974357843399048	-1.3333333730697632	1.0838199853897095	0.6666666865348816	-3.0	1.6666666269302368	4.666666507720947	4	25	10	741	64	1.0	400	447	564
238039	13	-0.12820513546466827	0.0	0.6476580500602722	0.0	-1.3333333730697632	1.0	2.3333334922790527	2	4	7	78	36	1.0000000000000002	36	36	52
238060	19	-0.7894737124443054	-0.3333333432674408	1.1456018686294556	0.3333333432674408	-2.6666667461395264	1.6666666269302368	4.333333492279053	2	11	6	171	64	1.0	96	98	117
238100	11	-1.2121212482452393	-1.0	0.7422696352005005	1.0	-2.0	0.0	2.0	0	9	2	55	32	1.0	32	33	38
238645	24	-0.7361111044883728	0.0	1.247141718864441	0.6666666865348816	-3.0	1.0	4.0	4	10	10	276	64	1.0	167	171	204
238683	5	-0.20000000298023224	0.0	0.4000000059604645	0.0	-1.0	0.0	1.0	0	1	4	10	4	1.0	4	4	4
238889	12	-0.3611111640930176	0.0	0.8867161870002747	0.6666666865348816	-2.0	0.6666666865348816	2.6666667461395264	3	5	4	66	35	1.0000000000000002	35	35	50
239235	16	1.0625	1.1666667461395264	0.8351542353630066	0.8333332538604736	0.0	2.3333332538604736	2.3333332538604736	11	0	5	120	64	1.0	65	68	88
239572	10	1.133333444595337	0.5	1.2840906381607056	0.5	0.0	3.0	3.0	6	0	4	45	26	0.9999999999999996	26	26	31
23YlZoucbyM	7	-1.0952380895614624	-1.0	0.635317325592041	0.6666666269302368	-2.0	-0.3333333432674408	1.6666666269302368	0	7	0	21	8	1.0	8	10	14
240915	9	-0.9629628658294678	0.0	1.3281793594360352	0.6666666865348816	-2.6666667461395264	0.6666666865348816	3.3333334922790527	2	4	3	36	20	1.0000000000000002	20	20	25
241164	13	0.8205127716064453	0.6666666865348816	0.9573412537574768	0.6666666865348816	0.0	2.6666667461395264	2.6666667461395264	7	0	6	78	34	1.0	34	37	57
241172	8	-0.4166666865348816	-0.3333333432674408	0.6180165410041809	0.6666666269302368	-1.3333333730697632	0.3333333432674408	1.6666667461395264	2	4	2	28	14	0.9999999999999997	14	14	17
241638	7	-1.0	-1.3333333730697632	0.8164965510368347	0.6666666269302368	-2.0	0.3333333432674408	2.3333332538604736	1	6	0	21	12	1.0	12	12	15
24202	12	-2.0833332538604736	-2.5	0.9440358877182007	0.5	-3.0	0.0	3.0	0	11	1	66	30	0.9999999999999999	30	30	41
243338	27	-1.4320989847183228	-1.3333333730697632	0.9847179055213928	0.9999998807907104	-3.0	0.0	3.0	0	22	5	351	64	1.0	187	213	258
243341	37	-1.9909911155700684	-2.3333332538604736	0.8471344113349915	0.6666666269302368	-3.0	0.0	3.0	0	35	2	666	64	1.0	294	321	445
244180	22	-0.22727270424365997	0.0	1.2159976959228516	1.0	-2.6666667461395264	2.0	4.6666669845581055	9	10	3	231	64	1.0	155	158	184
244261	26	0.6666666269302368	0.1666666716337204	1.154700517654419	0.5	-1.3333333730697632	3.0	4.333333492279053	13	6	7	325	64	1.0	176	182	229
244623	29	-0.5862069725990295	-0.6666666865348816	0.7714005708694458	0.6666666865348816	-2.0	1.3333333730697632	3.3333334922790527	2	18	9	406	64	1.0	186	194	271
244817	10	-0.7666667103767395	-0.6666666865348816	0.9893881678581238	0.6666666865348816	-2.0	1.3333333730697632	3.3333334922790527	1	7	2	45	23	0.9999999999999996	23	26	37
244829	11	-0.3030303120613098	-0.6666666865348816	1.1673551797866821	0.6666666865348816	-2.0	1.6666666269302368	3.6666665077209473	4	7	0	55	35	1.0000000000000002	35	35	47
244836	11	-0.7575757503509521	-1.3333333730697632	1.318791151046753	0.9999998807907104	-2.3333332538604736	1.6666666269302368	4.0	4	6	1	55	33	0.9999999999999993	33	35	40
245243	5	2.0	2.0	0.9189366102218628	0.6666667461395264	0.3333333432674408	3.0	2.6666667461395264	5	0	0	10	6	0.9999999999999999	6	6	8
245276	17	-1.8235293626785278	-2.0	1.067142367362976	0.33333325386047363	-3.0	1.0	4.0	1	14	2	136	53	0.9999999999999999	53	53	76
245322	7	-0.714285671710968	0.0	1.1328930854797363	0.6666666865348816	-2.0	0.6666666865348816	2.6666667461395264	2	3	2	21	12	1.0	12	12	14
245497	6	-0.9999999403953552	-1.0	0.7453559637069702	0.4999999701976776	-2.0	0.3333333432674408	2.3333332538604736	1	5	0	15	8	1.0	8	9	11
247382	22	-0.10606060177087784	0.0	0.614524245262146	0.3333333432674408	-1.0	1.0	2.0	7	8	7	231	64	1.0	97	97	137
248837	14	-1.1666667461395264	-1.0	1.0215922594070435	1.0	-2.6666667461395264	0.3333333432674408	3.0	1	10	3	91	54	0.9999999999999989	54	58	72
24xayGF5yYA	35	1.409523844718933	1.3333333730697632	0.7520794868469238	0.6666666269302368	0.0	3.0	3.0	32	0	3	595	64	1.0	207	273	405
250430	13	-0.8205128312110901	-1.3333333730697632	1.1738998889923096	0.6666666269302368	-2.6666667461395264	1.3333333730697632	4.0	3	8	2	78	49	1.0000000000000007	49	49	61
251417	8	-0.4583333432674408	-0.8333333730697632	0.8650224208831787	0.4999999701976776	-1.6666666269302368	1.0	2.6666665077209473	2	5	1	28	15	0.9999999999999999	15	16	21
251646	14	0.261904776096344	0.3333333432674408	0.8374050259590149	0.5	-2.0	1.0	3.0	9	2	3	91	40	1.0000000000000004	40	40	58
251826	10	-1.1666666269302368	-1.0	1.514742374420166	1.3333333730697632	-3.0	1.0	4.0	3	6	1	45	30	0.9999999999999999	30	30	38
251839	18	-0.5740740895271301	-0.3333333432674408	0.9987989664077759	0.3333333432674408	-3.0	1.0	4.0	3	10	5	153	64	1.0	81	84	110
252177	11	0.12121213227510452	-0.3333333432674408	1.5457515716552734	1.0	-2.0	2.6666667461395264	4.6666669845581055	5	6	0	55	41	1.0000000000000004	41	43	48
25271	13	-0.5641025304794312	0.0	1.2291656732559204	0.6666666865348816	-2.6666667461395264	1.3333333730697632	4.0	3	6	4	78	46	0.9999999999999994	46	46	62
254298	16	-1.4791665077209473	-1.6666666269302368	0.8495811223983765	0.6666666269302368	-3.0	0.0	3.0	0	15	1	120	55	1.0000000000000002	55	63	86
25522	6	-0.6666666865348816	-0.8333333730697632	0.6666666269302368	0.4999999701976776	-1.6666666269302368	0.3333333432674408	2.0	1	4	1	15	7	0.9999999999999998	7	8	11
255224	11	-1.3636363744735718	-1.3333333730697632	0.8342969417572021	0.6666666269302368	-3.0	0.0	3.0	0	10	1	55	31	0.9999999999999993	31	32	41
255226	16	-0.5208333134651184	0.0	0.9351823329925537	0.1666666716337204	-2.3333332538604736	0.6666666865348816	3.0	2	6	8	120	58	1.0000000000000007	58	60	71
255338	12	-1.2222222089767456	-1.1666666269302368	1.3286956548690796	1.1666666269302368	-3.0	0.6666666865348816	3.6666667461395264	2	8	2	66	40	1.0000000000000004	40	40	50
255343	13	-0.9999999403953552	-0.6666666865348816	0.9058216214179993	0.6666666865348816	-2.3333332538604736	0.0	2.3333332538604736	0	9	4	78	40	1.0000000000000004	40	42	48
255852	11	-0.4545454680919647	-0.3333333432674408	0.7948410511016846	0.6666666269302368	-2.0	0.6666666865348816	2.6666667461395264	3	7	1	55	26	0.9999999999999996	26	27	39
256174	16	-0.6041666269302368	0.1666666716337204	1.1679680347442627	0.3333333432674408	-2.6666667461395264	0.6666666865348816	3.3333334922790527	8	7	1	120	62	0.9999999999999992	62	63	77
256935	22	-1.1666665077209473	-1.6666666269302368	1.4025590419769287	1.0000001192092896	-3.0	2.6666667461395264	5.6666669845581055	2	14	6	231	64	1.0	147	153	181
256976	15	-0.6222222447395325	0.0	1.3270221948623657	1.3333333730697632	-2.6666667461395264	2.0	4.6666669845581055	3	7	5	105	64	1.0	74	76	83
257045	14	-0.1904761791229248	0.0	0.8039020895957947	0.3333333432674408	-1.6666666269302368	1.0	2.6666665077209473	5	6	3	91	43	1.0000000000000007	43	45	64
257531	19	-0.5263158082962036	-0.3333333432674408	0.7117705941200256	0.3333333432674408	-1.6666666269302368	0.6666666865348816	2.3333332538604736	2	10	7	171	64	1.0	66	75	114
257771	16	-0.4791666567325592	-0.5	1.1842060089111328	0.8333333730697632	-2.3333332538604736	1.6666666269302368	4.0	6	10	0	120	64	1.0	76	80	100
259260	40	-0.5083333253860474	-0.6666666865348816	1.0826600790023804	0.6666666865348816	-2.3333332538604736	1.6666666269302368	4.0	11	24	5	780	64	1.0	459	483	603
25t8nrkUfRY	2	0.5	0.5	0.1666666716337204	0.1666666716337204	0.3333333432674408	0.6666666865348816	0.3333333432674408	2	0	0	1	0	0.0	0	0	0
260011	21	0.0317460298538208	0.0	1.1903703212738037	1.0	-1.6666666269302368	2.3333332538604736	4.0	7	7	7	210	64	1.0	137	144	172
261267	20	-0.9333332777023315	-1.3333333730697632	0.7788881063461304	0.5	-2.3333332538604736	0.3333333432674408	2.6666665077209473	2	14	4	190	64	1.0	82	93	126
261326	4	-0.4166666865348816	-0.3333333432674408	0.5951189994812012	0.3333333432674408	-1.3333333730697632	0.3333333432674408	1.6666667461395264	1	3	0	6	3	1.0	3	3	5
261900	45	-0.37037038803100586	0.0	0.9433908462524414	0.3333333432674408	-2.6666667461395264	1.6666666269302368	4.333333492279053	7	20	18	990	64	1.0	525	534	638
261902	32	-0.28125	0.0	0.804110050201416	0.3333333432674408	-2.0	1.3333333730697632	3.3333334922790527	8	14	10	496	64	1.0	215	220	318
262165	27	-0.5925925970077515	-0.3333333432674408	1.063162922859192	0.3333333432674408	-2.6666667461395264	2.3333332538604736	5.0	2	19	6	351	64	1.0	176	177	230
262226	21	-2.126984119415283	-2.3333332538604736	0.8512436151504517	0.33333349227905273	-3.0	0.6666666865348816	3.6666667461395264	1	20	0	210	64	1.0	68	68	115
264418	16	-1.0	-1.3333333730697632	0.8975274562835693	0.6666666269302368	-2.3333332538604736	0.3333333432674408	2.6666665077209473	3	11	2	120	59	0.9999999999999989	59	65	82
264446	50	-0.5133333206176758	-0.3333333432674408	0.6805553436279297	0.6666666269302368	-2.0	1.0	3.0	7	29	14	1225	64	1.0	536	544	749
265959	17	-1.6470587253570557	-2.0	0.9529491662979126	0.3333333730697632	-2.6666667461395264	0.0	2.6666667461395264	0	14	3	136	62	0.9999999999999992	62	66	89
266366	19	-1.3508771657943726	-2.0	0.9998461008071899	0.3333333730697632	-2.6666667461395264	0.3333333432674408	3.0	2	14	3	171	64	1.0	81	83	103
266396	98	-1.3877551555633545	-1.3333333730697632	1.12152099609375	0.6666666865348816	-3.0	2.6666667461395264	5.6666669845581055	5	82	11	4753	64	1.0	2737	2873	3574
266852	28	-0.3214285373687744	0.0	0.4918554425239563	0.3333333432674408	-1.6666666269302368	0.3333333432674408	2.0	2	13	13	378	64	1.0	69	75	173
266938	55	-1.4181816577911377	-1.6666666269302368	1.336690068244934	1.0000001192092896	-3.0	2.3333332538604736	5.3333330154418945	7	44	4	1485	64	1.0	941	996	1160
267252	19	-0.4736842215061188	-0.3333333432674408	0.9003949165344238	0.6666666865348816	-2.0	1.3333333730697632	3.3333334922790527	6	12	1	171	64	1.0	91	94	129
267255	20	-0.4666666090488434	-0.3333333432674408	0.8589399456977844	0.5	-2.0	1.0	3.0	4	11	5	190	64	1.0	95	101	137
267278	24	-0.8611111044883728	-1.0	1.3707144260406494	1.0	-2.6666667461395264	2.3333332538604736	5.0	5	16	3	276	64	1.0	182	193	222
267799	20	-0.716666579246521	-0.6666666865348816	1.3219304084777832	1.1666666269302368	-2.6666667461395264	2.0	4.6666669845581055	5	11	4	190	64	1.0	124	126	151
268836	40	-1.1083333492279053	-1.0	1.0175882577896118	1.0	-3.0	0.3333333432674408	3.3333332538604736	2	29	9	780	64	1.0	428	452	560
26WrTHLJJIU	2	1.0	1.0	0.3333333432674408	0.3333333432674408	0.6666666865348816	1.3333333730697632	0.6666666865348816	2	0	0	1	0	0.0	0	0	1
270416	14	-0.9523809552192688	-0.6666666865348816	0.9245947599411011	0.6666666865348816	-2.6666667461395264	0.0	2.6666667461395264	0	9	5	91	53	0.9999999999999999	53	53	60
270444	9	-1.0740740299224854	-1.0	0.857469379901886	0.6666666269302368	-2.3333332538604736	0.0	2.3333332538604736	0	7	2	36	18	1.0000000000000002	18	21	28
270449	12	-0.5277777314186096	-0.6666666865348816	0.843914270401001	0.3333333432674408	-2.0	1.0	3.0	3	9	0	66	34	1.0	34	37	46
270628	36	-0.8425925374031067	-0.8333333730697632	1.01070237159729	0.8333333730697632	-2.6666667461395264	1.0	3.6666667461395264	5	23	8	630	64	1.0	367	379	476
270665	34	-1.1568628549575806	-1.0	1.1179909706115723	1.0	-3.0	0.3333333432674408	3.3333332538604736	2	23	9	561	64	1.0	340	343	398
270956	18	-1.1296296119689941	-1.3333333730697632	0.9437179565429688	0.6666666269302368	-2.6666667461395264	0.6666666865348816	3.3333334922790527	2	14	2	153	64	1.0	79	87	114
271366	47	-1.3546099662780762	-1.6666666269302368	1.0793664455413818	0.6666666269302368	-3.0	1.0	4.0	5	38	4	1081	64	1.0	594	610	791
271594	42	-1.1507936716079712	-1.3333333730697632	1.1505746841430664	0.9999998807907104	-3.0	2.0	5.0	3	31	8	861	64	1.0	499	528	658
271598	35	-0.990476131439209	-0.6666666865348816	0.9871739745140076	0.6666666865348816	-3.0	0.3333333432674408	3.3333332538604736	1	26	8	595	64	1.0	307	317	401
272375	20	-0.3499999940395355	0.0	0.6950219869613647	0.3333333432674408	-1.6666666269302368	0.6666666865348816	2.3333332538604736	5	9	6	190	64	1.0	75	79	113
273171	17	-0.23529411852359772	0.0	0.54550701379776	0.3333333432674408	-1.3333333730697632	0.6666666865348816	2.0	4	8	5	136	39	1.0000000000000004	39	39	74
273237	27	-2.0740740299224854	-2.3333332538604736	0.8231892585754395	0.33333349227905273	-3.0	0.0	3.0	0	25	2	351	64	1.0	122	128	198
273314	9	-0.7037037014961243	-0.3333333432674408	0.7276623249053955	0.3333333432674408	-1.6666666269302368	0.3333333432674408	2.0	1	7	1	36	16	1.0	16	19	23
273531	22	-1.10606050491333	-1.3333332538604736	0.8250274658203125	0.6666667461395264	-2.6666667461395264	0.0	2.6666667461395264	0	19	3	231	64	1.0	118	124	143
274219	12	-0.9722222685813904	-1.0	0.8328702449798584	1.0	-2.0	0.3333333432674408	2.3333332538604736	1	8	3	66	41	1.0000000000000004	41	41	47
275248	1	-2.0	-2.0	0.0	0.0	-2.0	-2.0	0.0	0	1	0	0	0	0.0	0	0	0
275620	25	-0.5866667032241821	-0.6666666865348816	1.455350399017334	1.0	-2.6666667461395264	2.6666667461395264	5.333333492279053	8	14	3	300	64	1.0	203	217	250
276217	42	-0.1507936418056488	0.0	0.7353593707084656	0.3333333432674408	-2.0	1.6666666269302368	3.6666665077209473	8	18	16	861	64	1.0	325	335	484
27798	15	-0.7555555105209351	0.0	1.014463186264038	1.0	-2.3333332538604736	1.0	3.3333332538604736	1	7	7	105	63	0.9999999999999982	63	69	74
277991	8	-0.7916666865348816	-1.0	0.6441510319709778	0.5	-1.6666666269302368	0.0	1.6666666269302368	0	5	3	28	15	0.9999999999999999	15	15	17
278474	10	-1.5	-1.8333332538604736	1.137736439704895	0.5	-3.0	0.6666666865348816	3.6666667461395264	2	8	0	45	24	0.9999999999999996	24	27	35
27ubp7CLLKQ	6	1.3888888359069824	1.6666666269302368	0.9891385436058044	0.6666666269302368	0.0	3.0	3.0	5	0	1	15	11	1.0000000000000002	11	11	11
282560	20	-0.46666663885116577	-0.5	0.9510228633880615	0.8333333730697632	-2.0	1.6666666269302368	3.6666665077209473	6	11	3	190	64	1.0	106	110	137
282586	29	-0.7356321215629578	-0.6666666865348816	0.7848142385482788	0.6666666865348816	-2.3333332538604736	0.3333333432674408	2.6666665077209473	2	18	9	406	64	1.0	178	198	263
283495	8	-0.9166666269302368	-1.1666667461395264	0.6614378094673157	0.16666674613952637	-1.6666666269302368	0.3333333432674408	2.0	1	6	1	28	12	1.0	12	12	14
284673	19	-0.8947368264198303	-0.6666666865348816	0.7727268934249878	0.6666666865348816	-2.3333332538604736	0.3333333432674408	2.6666665077209473	1	14	4	171	64	1.0	74	84	121
288714	20	-1.5499999523162842	-1.6666666269302368	0.9084479808807373	0.5	-3.0	0.0	3.0	0	16	4	190	64	1.0	96	100	129
288766	24	-0.1805555373430252	0.0	0.9076789617538452	0.6666666865348816	-2.0	1.3333333730697632	3.3333334922790527	10	10	4	276	64	1.0	149	150	198
290088	13	-0.7435896992683411	-0.6666666865348816	1.0390154123306274	0.9999999403953552	-2.6666667461395264	1.0	3.6666667461395264	3	8	2	78	48	1.0000000000000007	48	50	62
29044	16	-0.8333332538604736	-1.1666667461395264	1.0606601238250732	0.8333333134651184	-2.3333332538604736	1.0	3.3333332538604736	5	10	1	120	64	1.0	68	70	89
291121	13	-0.8205128312110901	-0.3333333432674408	1.3049242496490479	0.6666666269302368	-3.0	1.3333333730697632	4.333333492279053	2	7	4	78	55	1.0000000000000002	55	55	58
292277	11	-0.9090909361839294	-1.3333333730697632	0.9111087918281555	0.9999998807907104	-2.3333332538604736	0.3333333432674408	2.6666665077209473	1	7	3	55	30	0.9999999999999999	30	38	39
294178	20	-0.6666666865348816	-0.5	0.8096638917922974	0.5	-2.6666667461395264	0.3333333432674408	3.0	3	13	4	190	64	1.0	90	92	128
295793	18	-0.5555555820465088	-0.5	1.0	0.5	-2.6666667461395264	1.0	3.6666667461395264	3	10	5	153	64	1.0	91	94	118
298736	34	-0.0784313827753067	-0.1666666716337204	0.8709502816200256	0.5	-2.0	2.0	4.0	11	17	6	561	64	1.0	272	274	380
298774	19	1.350877285003662	1.6666666269302368	1.0229740142822266	0.6666666269302368	-0.3333333432674408	2.6666667461395264	3.0	14	1	4	171	64	1.0	88	93	117
2Crezdbre6I	2	0.3333333432674408	0.3333333432674408	0.0	0.0	0.3333333432674408	0.3333333432674408	0.0	2	0	0	1	0	0.0	0	0	0
2HP4KedfmSc	10	0.98333340883255	1.25	0.593717098236084	0.25	-0.1666666716337204	1.6666666269302368	1.8333332538604736	8	1	1	45	14	0.9999999999999997	14	17	24
2HmBM3GGTlg	11	0.8181818127632141	0.6666666865348816	0.9359663724899292	0.3333333432674408	-1.0	2.3333332538604736	3.3333332538604736	9	1	1	55	32	1.0	32	32	37
2JY5HXBWO84	8	2.2351741790771484e-08	0.1666666716337204	0.8498365879058838	0.5	-1.6666666269302368	1.0	2.6666665077209473	4	2	2	28	14	0.9999999999999997	14	14	20
2LpVvLemgvw	10	1.399999976158142	1.3333333730697632	0.6463572978973389	0.4999999403953552	0.0	2.3333332538604736	2.3333332538604736	9	0	1	45	11	1.0000000000000002	11	16	30
2OLVF-KEaZU	3	0.3333333432674408	0.6666666865348816	0.4714045524597168	0.0	-0.3333333432674408	0.6666666865348816	1.0	2	1	0	3	2	1.0	2	2	2
2PgJok07td4	1	0.6666666865348816	0.6666666865348816	0.0	0.0	0.6666666865348816	0.6666666865348816	0.0	1	0	0	0	0	0.0	0	0	0
2QOf2wSu0j0	2	1.0	1.0	0.0	0.0	1.0	1.0	0.0	2	0	0	1	0	0.0	0	0	0
2RC_DXV_dPQ	3	0.2222222238779068	0.0	0.31426969170570374	0.0	0.0	0.6666666865348816	0.6666666865348816	1	0	2	3	0	0.0	0	0	2
2RDubrUjI-k	4	1.9166665077209473	2.1666665077209473	0.5464531779289246	0.16666674613952637	1.0	2.3333332538604736	1.3333332538604736	4	0	0	6	3	1.0	3	3	3
2Vtv2gPzM7w	2	1.0	1.0	0.6666666269302368	0.6666666269302368	0.3333333432674408	1.6666666269302368	1.3333332538604736	2	0	0	1	1	1.0	1	1	1
2Wo-0trLBjU	6	0.1111111119389534	0.0	0.15713484585285187	0.0	0.0	0.3333333432674408	0.3333333432674408	2	0	4	15	0	0.0	0	0	0
2YwgSmmLibs	5	0.06666664779186249	0.0	1.103529691696167	1.0	-1.0	2.0	3.0	2	2	1	10	8	1.0	8	8	8
2Zx4huY-KN8	2	-0.3333333134651184	-0.3333333134651184	0.6666666269302368	0.6666666269302368	-1.0	0.3333333432674408	1.3333333730697632	1	1	0	1	1	1.0	1	1	1
2ahFSMFvs_c	9	-0.6296296119689941	-0.6666666865348816	0.2916299104690552	0.0	-1.3333333730697632	-0.3333333432674408	1.0	0	9	0	36	3	1.0	3	3	8
2c2fhh_Dsoo	4	7.450580596923828e-09	0.3333333432674408	0.5773502588272095	0.0	-1.0	0.3333333432674408	1.3333333730697632	3	1	0	6	3	1.0	3	3	3
2c6Gb73nx4E	3	0.0	0.0	0.0	0.0	0.0	0.0	0.0	0	0	3	3	0	0.0	0	0	0
2cwNG0YuwtQ	11	0.3636363744735718	0.3333333432674408	0.5765544772148132	0.3333333432674408	-0.6666666865348816	1.6666666269302368	2.3333332538604736	6	1	4	55	11	1.0000000000000002	11	15	35
2f6ZHqJ76EU	8	0.3333333134651184	0.6666666865348816	1.48136568069458	0.9999999403953552	-2.0	2.0	4.0	5	2	1	28	17	1.0	17	21	23
2h9VVQUZjK0	13	0.3333333432674408	0.3333333432674408	0.3922322690486908	0.3333333432674408	0.0	1.3333333730697632	1.3333333730697632	8	0	5	78	16	1.0	16	16	22
2iukwQJjGHE	1	0.0	0.0	0.0	0.0	0.0	0.0	0.0	0	0	1	0	0	0.0	0	0	0
2lj0BaPsJpM	4	-0.4166666567325592	0.0	0.9242114424705505	0.1666666716337204	-2.0	0.3333333432674408	2.3333332538604736	1	1	2	6	3	1.0	3	3	3
2mWPHvbKzL8	15	0.7555555701255798	0.3333333432674408	0.7837862968444824	0.3333333432674408	0.0	2.6666667461395264	2.6666667461395264	11	0	4	105	47	1.0000000000000004	47	47	65
2qKajMu7Vhc	5	1.2666666507720947	1.3333333730697632	0.7118051648139954	0.6666666865348816	0.3333333432674408	2.3333332538604736	1.9999998807907104	5	0	0	10	4	1.0	4	6	8
2vX-ZRQQDwo	7	0.5238094925880432	0.3333333432674408	0.6388765573501587	0.3333333432674408	0.0	1.6666666269302368	1.6666666269302368	4	0	3	21	10	0.9999999999999999	10	10	10
2w7rpDe-HoA	5	-0.26666662096977234	-0.3333333432674408	1.103529691696167	0.6666666865348816	-2.0	1.3333333730697632	3.3333334922790527	2	3	0	10	8	1.0	8	8	9
30162	12	0.13888883590698242	0.1666666716337204	1.257999062538147	0.8333333730697632	-2.0	2.3333332538604736	4.3333330154418945	6	3	3	66	43	1.0000000000000007	43	45	51
30763	17	1.0980392694473267	1.3333333730697632	1.0952345132827759	1.3333333730697632	0.0	3.0	3.0	9	0	8	136	64	1.0	81	82	91
31197	5	-0.4000000059604645	-0.6666666865348816	0.4898979663848877	0.3333333134651184	-1.0	0.3333333432674408	1.3333333730697632	1	3	1	10	4	1.0	4	4	6
31tcuDMQ_H8	9	0.3333333730697632	0.6666666865348816	0.7856742143630981	0.3333333432674408	-1.3333333730697632	1.6666666269302368	3.0	6	2	1	36	15	0.9999999999999999	15	19	24
327283	18	1.2407407760620117	1.1666667461395264	1.1100304126739502	1.1666667461395264	-0.3333333432674408	3.0	3.3333332538604736	13	1	4	153	64	1.0	95	97	118
32j1yMF37hA	3	-0.1111111119389534	-0.3333333432674408	0.31426969170570374	0.0	-0.3333333432674408	0.3333333432674408	0.6666666865348816	1	2	0	3	0	0.0	0	0	2
33312	15	-0.9333333373069763	-1.0	1.005171775817871	1.0	-2.3333332538604736	0.3333333432674408	2.6666665077209473	2	9	4	105	62	0.9999999999999992	62	62	76
33439	12	0.1388888955116272	0.0	0.7130832076072693	0.3333333432674408	-1.0	1.3333333730697632	2.3333334922790527	5	3	4	66	33	0.9999999999999993	33	33	43
33ueXDUn3mA	7	0.3333333432674408	0.3333333432674408	0.7766431570053101	0.3333333432674408	-1.0	1.6666666269302368	2.6666665077209473	4	1	2	21	12	1.0	12	12	15
34-ogj6rh6w	9	0.37037038803100586	0.0	0.45662325620651245	0.0	0.0	1.3333333730697632	1.3333333730697632	4	0	5	36	5	1.0	5	5	23
34346	21	0.1746031790971756	0.0	1.1013174057006836	0.3333333432674408	-2.3333332538604736	2.3333332538604736	4.666666507720947	7	4	10	210	64	1.0	119	121	138
36098	11	-1.1212120056152344	-1.3333333730697632	1.0177488327026367	0.9999998807907104	-2.3333332538604736	0.6666666865348816	3.0	1	8	2	55	28	0.9999999999999997	28	34	46
367506	17	1.2156862020492554	1.6666666269302368	1.1600157022476196	1.3333332538604736	0.0	3.0	3.0	10	0	7	136	64	1.0	81	81	93
367576	17	0.05882352218031883	0.0	1.103975534439087	0.3333333432674408	-1.6666666269302368	2.0	3.6666665077209473	6	5	6	136	64	1.0	88	88	91
36o2cux9kfQ	2	0.1666666716337204	0.1666666716337204	0.1666666716337204	0.1666666716337204	0.0	0.3333333432674408	0.3333333432674408	1	0	1	1	0	0.0	0	0	0
37117	13	-0.7435897588729858	-0.6666666865348816	0.8687730431556702	0.9999999403953552	-2.0	0.3333333432674408	2.3333332538604736	4	9	0	78	44	0.9999999999999994	44	48	58
37459	8	-1.1666667461395264	-1.3333332538604736	1.6158932447433472	1.5	-3.0	1.6666666269302368	4.666666507720947	2	5	1	28	23	0.9999999999999996	23	23	24
38019	12	-0.5833333134651184	-0.5	1.1314117908477783	0.8333333730697632	-2.0	1.6666666269302368	3.6666665077209473	4	6	2	66	43	1.0000000000000007	43	43	47
38374	10	-0.1666666567325592	0.0	1.0027738809585571	0.1666666716337204	-2.0	1.3333333730697632	3.3333334922790527	3	2	5	45	22	0.9999999999999997	22	22	28
39lcRCFvV-s	45	0.9703704118728638	1.0	0.9656372666358948	0.6666666269302368	-1.3333333730697632	3.0	4.333333492279053	37	6	2	990	64	1.0	500	534	712
3B1zIUj-k3o	7	-0.7142857313156128	-0.3333333432674408	0.8624176383018494	0.6666666865348816	-2.0	0.3333333432674408	2.3333332538604736	1	4	2	21	12	1.0	12	12	14
3DOrdP4H8SA	12	-0.7777777314186096	-0.6666666865348816	0.9460770487785339	0.6666666865348816	-3.0	0.6666666865348816	3.6666667461395264	1	8	3	66	32	1.0	32	36	51
3DgOMTs3A1E	29	0.4252873361110687	0.3333333432674408	0.35982704162597656	0.3333333432674408	0.0	1.3333333730697632	1.3333333730697632	22	0	7	406	45	1.0000000000000004	45	45	120
3FpmKxZgihw	9	0.2222222238779068	0.0	0.4714045524597168	0.0	-0.3333333432674408	1.3333333730697632	1.6666667461395264	3	1	5	36	8	1.0	8	8	15
3GyEnzE1NTQ	10	0.5333333015441895	0.3333333432674408	0.8717797994613647	0.5	-0.6666666865348816	2.0	2.6666667461395264	6	2	2	45	24	0.9999999999999996	24	24	29
3HRnhUin-5g	7	-0.2857142686843872	0.0	0.6529194712638855	0.3333333432674408	-1.6666666269302368	0.3333333432674408	2.0	2	3	2	21	7	0.9999999999999998	7	8	12
3J3Thmd_vks	1	0.3333333432674408	0.3333333432674408	0.0	0.0	0.3333333432674408	0.3333333432674408	0.0	1	0	0	0	0	0.0	0	0	0
3OMgvtWNHp4	8	-0.4999999701976776	-0.3333333432674408	0.7637625932693481	0.3333333432674408	-2.3333332538604736	0.3333333432674408	2.6666665077209473	1	5	2	28	9	1.0000000000000002	9	9	15
3OuNMjZo5wg	3	1.0	0.6666666865348816	0.471404492855072	0.0	0.6666666865348816	1.6666666269302368	0.9999999403953552	3	0	0	3	0	0.0	0	2	2
3QcqpwQiiLs	3	1.6666666269302368	1.6666666269302368	0.2721655070781708	0.33333325386047363	1.3333333730697632	2.0	0.6666666269302368	3	0	0	3	0	0.0	0	0	1
3VsrcbjPwZY	4	0.1666666567325592	0.1666666716337204	0.3726780116558075	0.3333333432674408	-0.3333333432674408	0.6666666865348816	1.0	2	1	1	6	1	1.0	1	1	3
3Wi0if_L6Ug	12	0.7777778506278992	0.8333333730697632	1.165343165397644	0.6666666865348816	-1.6666666269302368	2.6666667461395264	4.333333492279053	9	2	1	66	43	1.0000000000000007	43	44	56
3ZmLhK_YHl8	4	-0.0833333358168602	0.0	0.14433756470680237	0.0	-0.3333333432674408	0.0	0.3333333432674408	0	1	3	6	0	0.0	0	0	0
3aD0xAgxxyw	7	0.3333333134651184	0.3333333432674408	1.0079052448272705	1.0	-1.0	2.0	3.0	4	3	0	21	14	0.9999999999999997	14	14	18
3aIQUQgawaI	8	0.0	-0.1666666716337204	0.6666666865348816	0.1666666716337204	-1.0	1.3333333730697632	2.3333334922790527	2	4	2	28	12	1.0	12	12	18
3f6xCzKx9CA	4	1.4901161193847656e-08	0.1666666716337204	0.6236095428466797	0.3333333432674408	-1.0	0.6666666865348816	1.6666667461395264	2	1	1	6	3	1.0	3	3	4
3fhCxePBuZY	15	0.06666667014360428	0.3333333432674408	0.5470460057258606	0.3333333432674408	-1.3333333730697632	1.0	2.3333334922790527	8	4	3	105	28	0.9999999999999997	28	28	53
3gA34VxBijI	2	0.1666666716337204	0.1666666716337204	0.1666666716337204	0.1666666716337204	0.0	0.3333333432674408	0.3333333432674408	1	0	1	1	0	0.0	0	0	0
3kNPvhdF1NA	2	0.1666666716337204	0.1666666716337204	0.1666666716337204	0.1666666716337204	0.0	0.3333333432674408	0.3333333432674408	1	0	1	1	0	0.0	0	0	0
3lkn8MS3n8Q	16	0.2708333134651184	0.6666666865348816	1.131731390953064	1.0	-2.0	2.0	4.0	9	7	0	120	64	1.0	74	76	87
3n44IP3tCVE	12	1.4444442987442017	1.6666666269302368	0.7856742143630981	0.3333333730697632	-0.6666666865348816	2.3333332538604736	3.0	11	1	0	66	21	1.0000000000000004	21	25	39
3oHPsYc8bmw	3	0.7777777314186096	0.6666666865348816	0.6849348545074463	0.6666666865348816	0.0	1.6666666269302368	1.6666666269302368	2	0	1	3	1	1.0	1	2	3
3ocpWAmSNUE	4	-1.5833333730697632	-1.6666667461395264	1.0897247791290283	1.0	-2.6666667461395264	-0.3333333432674408	2.3333334922790527	0	4	0	6	4	1.0	4	4	4
3paDwuRQP1w	4	-0.1666666716337204	0.0	0.2886751592159271	0.0	-0.6666666865348816	0.0	0.6666666865348816	0	1	3	6	0	0.0	0	0	3
3sDL7mwosP0	2	2.0	2.0	0.0	0.0	2.0	2.0	0.0	2	0	0	1	0	0.0	0	0	0
3sUS8vXbRwg	5	1.2666666507720947	1.6666666269302368	0.7717224359512329	0.3333333730697632	0.3333333432674408	2.0	1.6666666269302368	5	0	0	10	6	0.9999999999999999	6	6	6
3u_Joh0WJdw	1	0.3333333432674408	0.3333333432674408	0.0	0.0	0.3333333432674408	0.3333333432674408	0.0	1	0	0	0	0	0.0	0	0	0
3w9I5SBhHNc	4	0.8333333730697632	0.8333333730697632	0.3726780116558075	0.3333333432674408	0.3333333432674408	1.3333333730697632	1.0	4	0	0	6	1	1.0	1	1	3
3y2YInNUmHY	4	1.5833332538604736	2.3333332538604736	1.4976834058761597	0.16666674613952637	-1.0	2.6666667461395264	3.6666667461395264	3	1	0	6	3	1.0	3	3	3
40181	23	-0.5072464346885681	0.0	0.9161437749862671	0.6666666865348816	-2.3333332538604736	1.0	3.3333332538604736	6	10	7	253	64	1.0	132	139	168
40260	28	0.035714291036129	0.0	0.9400240182876587	0.5	-2.0	2.0	4.0	13	9	6	378	64	1.0	193	200	268
41692	9	0.0	0.0	0.566557765007019	0.3333333432674408	-1.0	1.0	2.0	4	3	2	36	13	0.9999999999999998	13	13	22
424vOT3Nnyk	5	1.399999976158142	1.3333333730697632	0.4898979365825653	0.3333333730697632	1.0	2.3333332538604736	1.3333332538604736	5	0	0	10	2	1.0	2	4	4
43371	11	-0.4848484694957733	0.0	0.6870172023773193	0.3333333432674408	-1.6666666269302368	0.3333333432674408	2.0	1	5	5	55	26	0.9999999999999996	26	26	33
43456	11	-1.0	-1.0	0.9744203090667725	1.0	-2.6666667461395264	0.3333333432674408	3.0	1	8	2	55	33	0.9999999999999993	33	35	42
44780	10	-1.1920929132713809e-08	0.0	0.7745966911315918	0.3333333432674408	-1.3333333730697632	1.3333333730697632	2.6666667461395264	4	2	4	45	22	0.9999999999999997	22	22	27
44MVdpDEQJs	4	-0.4166666865348816	-0.3333333432674408	0.6400954723358154	0.5	-1.3333333730697632	0.3333333432674408	1.6666667461395264	1	2	1	6	3	1.0	3	3	5
45175	10	-0.2666666805744171	0.0	0.5537749528884888	0.1666666716337204	-1.3333333730697632	0.6666666865348816	2.0	1	4	5	45	15	0.9999999999999999	15	15	27
45184	6	-1.5	-1.8333332538604736	1.2874033451080322	1.0000001192092896	-3.0	0.3333333432674408	3.3333332538604736	1	4	1	15	10	0.9999999999999999	10	11	12
45186	15	-1.533333420753479	-2.0	1.0168942213058472	0.6666666269302368	-2.6666667461395264	0.0	2.6666667461395264	0	11	4	105	55	1.0000000000000002	55	59	68
45676	9	0.03703703358769417	0.0	0.6562979817390442	0.3333333432674408	-1.3333333730697632	1.0	2.3333334922790527	4	2	3	36	14	0.9999999999999997	14	14	23
45c3QQzGakM	2	0.3333333432674408	0.3333333432674408	0.3333333432674408	0.3333333432674408	0.0	0.6666666865348816	0.6666666865348816	1	0	1	1	0	0.0	0	0	1
46497	5	-1.5333333015441895	-1.6666666269302368	0.8844333291053772	0.3333333730697632	-2.6666667461395264	0.0	2.6666667461395264	0	4	1	10	6	0.9999999999999999	6	6	8
46604	9	-1.1111111640930176	-1.0	0.8606629371643066	0.6666666269302368	-2.6666667461395264	0.0	2.6666667461395264	0	7	2	36	22	0.9999999999999997	22	22	28
46618	9	-1.4814815521240234	-1.3333333730697632	0.862255334854126	0.6666666269302368	-2.6666667461395264	0.0	2.6666667461395264	0	8	1	36	22	0.9999999999999997	22	22	27
47472	16	-0.5208333730697632	-0.1666666716337204	0.949917733669281	0.3333333432674408	-2.3333332538604736	1.6666666269302368	4.0	1	8	7	120	60	1.0000000000000013	60	63	83
48BD8qjClfE	1	1.6666666269302368	1.6666666269302368	0.0	0.0	1.6666666269302368	1.6666666269302368	0.0	1	0	0	0	0	0.0	0	0	0
48nifdN2vSI	1	0.6666666865348816	0.6666666865348816	0.0	0.0	0.6666666865348816	0.6666666865348816	0.0	1	0	0	0	0	0.0	0	0	0
48u68AzcWvE	1	0.0	0.0	0.0	0.0	0.0	0.0	0.0	0	0	1	0	0	0.0	0	0	0
49358	14	-0.4761904776096344	0.0	0.8611019849777222	0.6666666865348816	-2.0	1.0	3.0	3	6	5	91	55	1.0000000000000002	55	55	61
4AQC7_uCuEE	22	0.27272728085517883	0.3333333432674408	0.49885085225105286	0.3333333432674408	-0.6666666865348816	1.3333333730697632	2.0	12	4	6	231	60	1.0000000000000013	60	60	116
4BoE-woHtwA	11	0.363636314868927	0.0	1.1586699485778809	1.0	-1.3333333730697632	2.0	3.3333334922790527	5	5	1	55	34	1.0	34	37	42
4CKhrjuuofk	9	-0.18518517911434174	0.3333333432674408	0.7388865351676941	0.0	-1.6666666269302368	0.3333333432674408	2.0	5	3	1	36	14	0.9999999999999997	14	14	19
4EEru3cZwXo	4	-0.25	-0.3333333432674408	0.6400954723358154	0.5	-1.0	0.6666666865348816	1.6666667461395264	1	2	1	6	3	1.0	3	3	5
4Fw9TbWIVJI	1	0.3333333432674408	0.3333333432674408	0.0	0.0	0.3333333432674408	0.3333333432674408	0.0	1	0	0	0	0	0.0	0	0	0
4GYfmpEEtl4	6	0.4444444179534912	0.3333333432674408	0.31426969170570374	0.1666666716337204	0.0	1.0	1.0	5	0	1	15	1	1.0	1	1	5
4H9RfQuqsvg	5	0.5333333611488342	0.3333333432674408	0.8055364489555359	0.3333333432674408	-0.3333333432674408	2.0	2.3333332538604736	3	1	1	10	5	1.0	5	5	7
4HAC00EAdno	10	0.4333333373069763	0.3333333432674408	0.4229525923728943	0.3333333432674408	-0.3333333432674408	1.3333333730697632	1.6666667461395264	8	1	1	45	9	1.0000000000000002	9	9	19
4HazSkYihtw	1	1.0	1.0	0.0	0.0	1.0	1.0	0.0	1	0	0	0	0	0.0	0	0	0
4Kh5N9W-Jr4	11	1.0000001192092896	0.6666666865348816	0.5318160057067871	0.3333333432674408	0.3333333432674408	2.0	1.6666666269302368	11	0	0	55	14	0.9999999999999997	14	18	33
4Q7OkrJLzAc	5	0.4000000059604645	0.0	0.4898979663848877	0.0	0.0	1.0	1.0	2	0	3	10	6	0.9999999999999999	6	6	6
4Q95Lg3Icho	25	0.9999999403953552	1.6666666269302368	1.4298408031463623	0.6666666269302368	-1.3333333730697632	3.0	4.333333492279053	16	8	1	300	64	1.0	183	191	233
4Ry6M_ZfJQc	2	-1.3333333730697632	-1.3333333730697632	0.0	0.0	-1.3333333730697632	-1.3333333730697632	0.0	0	2	0	1	0	0.0	0	0	0
4VA4kqMnEqA	9	0.5185185074806213	0.3333333432674408	0.8478164672851562	0.6666666269302368	-0.6666666865348816	2.0	2.6666667461395264	5	2	2	36	19	0.9999999999999996	19	20	27
4Vl6AeEkAg4	2	0.0	0.0	0.0	0.0	0.0	0.0	0.0	0	0	2	1	0	0.0	0	0	0
4WTVL5bNybU	3	-0.2222222238779068	0.0	0.8314794301986694	0.6666666865348816	-1.3333333730697632	0.6666666865348816	2.0	1	1	1	3	2	1.0	2	2	3
4Yxe1_ohz7Y	1	0.3333333432674408	0.3333333432674408	0.0	0.0	0.3333333432674408	0.3333333432674408	0.0	1	0	0	0	0	0.0	0	0	0
4Z47qIrVil4	2	0.1666666716337204	0.1666666716337204	0.1666666716337204	0.1666666716337204	0.0	0.3333333432674408	0.3333333432674408	1	0	1	1	0	0.0	0	0	0
4ZhIx2ozUIE	4	0.75	0.6666666865348816	0.4330126941204071	0.3333333432674408	0.3333333432674408	1.3333333730697632	1.0	4	0	0	6	2	1.0	2	2	4
4hEWns7JBg0	26	0.9743589162826538	1.0	0.8717949390411377	0.5	-0.6666666865348816	2.6666667461395264	3.3333334922790527	21	3	2	325	64	1.0	149	173	226
4iG0ffmnCOw	11	1.1515151262283325	0.6666666865348816	0.9030099511146545	0.6666666865348816	0.0	2.6666667461395264	2.6666667461395264	10	0	1	55	29	0.9999999999999996	29	30	38
4iw1jTY-X3A	10	-0.20000000298023224	0.0	1.1661903858184814	0.8333333730697632	-2.3333332538604736	1.6666666269302368	4.0	4	4	2	45	29	0.9999999999999996	29	31	39
4jTUcNlxlYA	9	0.37037038803100586	0.0	0.6928995251655579	0.3333333432674408	-0.6666666865348816	1.6666666269302368	2.3333332538604736	4	1	4	36	14	0.9999999999999997	14	15	24
4kF0U8kIMp4	7	0.6190476417541504	0.6666666865348816	0.32991448044776917	0.3333333432674408	0.3333333432674408	1.3333333730697632	1.0	7	0	0	21	3	1.0	3	3	6
4lKz4xyCmkk	12	0.1111111119389534	0.0	0.2832788825035095	0.0	-0.3333333432674408	0.6666666865348816	1.0	3	1	8	66	2	1.0	2	2	19
4lro65JwQdc	2	0.1666666716337204	0.1666666716337204	0.1666666716337204	0.1666666716337204	0.0	0.3333333432674408	0.3333333432674408	1	0	1	1	0	0.0	0	0	0
4oeKDFIaL7o	4	-0.16666671633720398	-0.3333333134651184	1.0671874284744263	0.8333333730697632	-1.3333333730697632	1.3333333730697632	2.6666667461395264	2	2	0	6	5	1.0	5	5	5
4poXF3xo6Z8	13	1.0256409645080566	1.0	0.5914134979248047	0.6666666269302368	0.0	2.0	2.0	12	0	1	78	23	0.9999999999999996	23	29	49
4qVvLLFEYnk	1	0.3333333432674408	0.3333333432674408	0.0	0.0	0.3333333432674408	0.3333333432674408	0.0	1	0	0	0	0	0.0	0	0	0
4qjz4BQCZyM	2	0.8333333730697632	0.8333333730697632	0.5	0.5	0.3333333432674408	1.3333333730697632	1.0	2	0	0	1	1	1.0	1	1	1
4qoB5a6dR3w	4	1.4166667461395264	1.5	0.5951189994812012	0.5	0.6666666865348816	2.0	1.3333332538604736	4	0	0	6	4	1.0	4	4	4
4wdeBJ39Cuw	5	-1.0	-1.0	0.21081852912902832	0.0	-1.3333333730697632	-0.6666666865348816	0.6666666865348816	0	5	0	10	0	0.0	0	0	1
4wuug3-5cWo	13	0.7692307233810425	1.0	0.645624577999115	0.3333333730697632	-0.6666666865348816	1.6666666269302368	2.3333332538604736	11	1	1	78	33	0.9999999999999993	33	34	48
50453	13	-0.35897430777549744	0.0	0.9910844564437866	0.6666666865348816	-2.3333332538604736	1.3333333730697632	3.6666665077209473	4	6	3	78	47	1.0000000000000004	47	48	63
51224	10	-0.4333333373069763	-0.3333333432674408	0.8306623697280884	0.5	-2.0	1.0	3.0	2	5	3	45	25	1.0000000000000002	25	25	35
52068	22	0.28787878155708313	0.3333333432674408	0.7540828585624695	0.3333333432674408	-1.0	2.0	3.0	13	5	4	231	64	1.0	110	110	150
52839	14	0.6190475821495056	0.1666666716337204	1.0605264902114868	0.8333333134651184	-0.6666666865348816	2.6666667461395264	3.3333334922790527	7	3	4	91	55	1.0000000000000002	55	55	70
53742	12	-0.5000000596046448	-0.1666666716337204	0.8443713784217834	0.3333333432674408	-2.0	0.6666666865348816	2.6666667461395264	2	6	4	66	34	1.0	34	34	44
54CM1_GA-uw	2	0.3333333432674408	0.3333333432674408	0.3333333432674408	0.3333333432674408	0.0	0.6666666865348816	0.6666666865348816	1	0	1	1	0	0.0	0	0	1
55156	13	-0.5384615659713745	-1.0	0.9830917119979858	0.6666666269302368	-1.6666666269302368	1.6666666269302368	3.3333332538604736	2	7	4	78	46	0.9999999999999994	46	47	60
55T4QNcdpOk	3	-0.2222222238779068	0.0	0.31426969170570374	0.0	-0.6666666865348816	0.0	0.6666666865348816	0	1	2	3	0	0.0	0	0	2
56006	13	-0.4358974099159241	0.0	1.3229378461837769	1.6666666269302368	-2.3333332538604736	1.6666666269302368	4.0	4	6	3	78	51	1.0000000000000007	51	53	59
56276	16	-1.8125	-2.1666665077209473	1.1958768367767334	0.5000002384185791	-3.0	1.0	4.0	1	13	2	120	64	1.0	65	66	85
57618	17	-1.2745096683502197	-1.6666666269302368	1.1331908702850342	0.6666666269302368	-2.3333332538604736	2.3333332538604736	4.666666507720947	1	14	2	136	59	0.9999999999999989	59	59	95
59333	20	-0.46666669845581055	0.0	1.0295629501342773	0.6666666865348816	-2.3333332538604736	1.6666666269302368	4.0	5	9	6	190	64	1.0	104	110	144
5F-KEGK9eXo	2	0.8333333730697632	0.8333333730697632	0.1666666567325592	0.1666666567325592	0.6666666865348816	1.0	0.3333333134651184	2	0	0	1	0	0.0	0	0	0
5FbzKjx3Lho	3	0.4444444477558136	0.3333333432674408	0.4157397150993347	0.3333333432674408	0.0	1.0	1.0	2	0	1	3	1	1.0	1	1	2
5Fs_7A_V2kA	5	0.800000011920929	1.0	0.2666666507720947	0.0	0.3333333432674408	1.0	0.6666666269302368	5	0	0	10	0	0.0	0	0	3
5HjbZAbB-Lg	3	0.555555522441864	1.3333333730697632	1.3425606489181519	0.33333325386047363	-1.3333333730697632	1.6666666269302368	3.0	2	1	0	3	2	1.0	2	2	2
5IhAgV0Bf_4	3	0.7777777314186096	0.3333333432674408	0.8748897910118103	0.3333333432674408	0.0	2.0	2.0	2	0	1	3	2	1.0	2	2	2
5JMpMKAO-Mk	3	0.5555555820465088	0.6666666865348816	0.15713484585285187	0.0	0.3333333432674408	0.6666666865348816	0.3333333432674408	3	0	0	3	0	0.0	0	0	0
5OLO6zEbrVw	4	-0.1666666716337204	0.0	0.28867512941360474	0.0	-0.6666666865348816	0.0	0.6666666865348816	0	1	3	6	0	0.0	0	0	3
5OXuBO5buF8	3	1.4444442987442017	1.6666666269302368	0.566557765007019	0.3333333730697632	0.6666666865348816	2.0	1.3333332538604736	3	0	0	3	1	1.0	1	2	2
5PqwxUYIe3c	4	0.8333333134651184	0.8333333730697632	0.6009252071380615	0.4999999701976776	0.0	1.6666666269302368	1.6666666269302368	3	0	1	6	2	1.0	2	3	5
5QXHyL3BMto	2	0.8333333730697632	0.8333333730697632	0.1666666567325592	0.1666666567325592	0.6666666865348816	1.0	0.3333333134651184	2	0	0	1	0	0.0	0	0	0
5R5fDxZUL8M	8	1.3333332538604736	1.3333333730697632	0.7071067094802856	0.6666666865348816	0.3333333432674408	2.3333332538604736	1.9999998807907104	8	0	0	28	9	1.0000000000000002	9	15	21
5RVF_3YBUVI	1	0.6666666865348816	0.6666666865348816	0.0	0.0	0.6666666865348816	0.6666666865348816	0.0	1	0	0	0	0	0.0	0	0	0
5Tqu1IXJjGY	5	-0.6000000238418579	-1.0	0.800000011920929	0.3333333730697632	-1.3333333730697632	0.6666666865348816	2.0	1	3	1	10	6	0.9999999999999999	6	6	7
5VKMctXBN9M	4	-0.1666666716337204	0.1666666716337204	0.6871843338012695	0.1666666716337204	-1.3333333730697632	0.3333333432674408	1.6666667461395264	2	1	1	6	3	1.0	3	3	3
5XX0csik6VQ	5	0.2666666805744171	0.3333333432674408	0.24944384396076202	0.3333333432674408	0.0	0.6666666865348816	0.6666666865348816	3	0	2	10	0	0.0	0	0	2
5YnYGjrhzF4	10	-0.5666666626930237	-0.5	0.5587685108184814	0.5	-1.3333333730697632	0.3333333432674408	1.6666667461395264	1	7	2	45	17	1.0	17	17	27
5eA5HpyFsIk	2	0.3333333432674408	0.3333333432674408	0.3333333432674408	0.3333333432674408	0.0	0.6666666865348816	0.6666666865348816	1	0	1	1	0	0.0	0	0	1
5hXC8JbiLd8	2	0.8333333134651184	0.8333333134651184	0.8333333134651184	0.8333333134651184	0.0	1.6666666269302368	1.6666666269302368	1	0	1	1	1	1.0	1	1	1
5oEuiBPUTYc	6	0.5000000596046448	0.5	0.5692750811576843	0.5	-0.3333333432674408	1.3333333730697632	1.6666667461395264	4	1	1	15	6	0.9999999999999999	6	6	10
5qQs9Cfydo4	6	0.0555555522441864	0.1666666716337204	0.6211300492286682	0.5	-0.6666666865348816	0.6666666865348816	1.3333333730697632	3	3	0	15	9	1.0000000000000002	9	9	9
5qxZFmIaynE	21	0.1111111044883728	0.0	0.278570294380188	0.3333333432674408	-0.6666666865348816	0.6666666865348816	1.3333333730697632	9	2	10	210	10	0.9999999999999999	10	10	38
5sDBK-lP8Pg	2	0.6666666865348816	0.6666666865348816	0.3333333134651184	0.3333333134651184	0.3333333432674408	1.0	0.6666666269302368	2	0	0	1	0	0.0	0	0	1
5tV5rZZJDCE	5	0.4000000059604645	0.3333333432674408	0.13333334028720856	0.0	0.3333333432674408	0.6666666865348816	0.3333333432674408	5	0	0	10	0	0.0	0	0	0
5wpCKY2U1NE	8	0.0	0.0	0.3333333432674408	0.3333333432674408	-0.3333333432674408	0.6666666865348816	1.0	2	3	3	28	3	1.0	3	3	9
6-0bcijTR8k	1	2.6666667461395264	2.6666667461395264	0.0	0.0	2.6666667461395264	2.6666667461395264	0.0	1	0	0	0	0	0.0	0	0	0
60037	17	1.313725471496582	1.0	0.9866467118263245	0.6666666269302368	0.0	3.0	3.0	16	0	1	136	64	1.0	71	73	93
60Qw70Rd9Yg	3	0.0	-0.3333333432674408	0.4714045524597168	0.0	-0.3333333432674408	0.6666666865348816	1.0	1	2	0	3	2	1.0	2	2	2
65kkuNV921k	16	-0.4583333432674408	-0.5	0.6441510319709778	0.5	-1.6666666269302368	0.6666666865348816	2.3333332538604736	3	10	3	120	44	0.9999999999999994	44	48	78
663uRzFOfrg	2	0.0	0.0	0.3333333432674408	0.3333333432674408	-0.3333333432674408	0.3333333432674408	0.6666666865348816	1	1	0	1	0	0.0	0	0	1
69707	8	-1.125	-0.8333333730697632	0.9709317088127136	0.8333333134651184	-3.0	0.0	3.0	0	6	2	28	16	1.0	16	18	23
69NtV79qgOg	5	0.40000003576278687	0.3333333432674408	0.5734883546829224	0.3333333432674408	-0.3333333432674408	1.3333333730697632	1.6666667461395264	3	1	1	10	4	1.0	4	4	7
6E-yr6nPxGA	4	-0.0833333432674408	0.0	0.8620067238807678	0.6666666865348816	-1.3333333730697632	1.0	2.3333334922790527	2	2	0	6	4	1.0	4	4	6
6G8JJ69aN6o	7	0.9523809552192688	0.6666666865348816	0.5172752737998962	0.3333333134651184	0.3333333432674408	2.0	1.6666666269302368	7	0	0	21	6	0.9999999999999999	6	6	11
6IUj6jyoTl0	3	-0.4444444179534912	-1.0	0.7856742143630981	0.0	-1.0	0.6666666865348816	1.6666667461395264	1	2	0	3	2	1.0	2	2	2
6J_yzh1LNAE	2	0.6666666865348816	0.6666666865348816	0.3333333134651184	0.3333333134651184	0.3333333432674408	1.0	0.6666666269302368	2	0	0	1	0	0.0	0	0	1
6MYUY5tC2Us	7	0.2857142984867096	0.3333333432674408	0.3299144506454468	0.3333333432674408	0.0	1.0	1.0	4	0	3	21	3	1.0	3	3	6
6MloL1gIccs	11	0.575757622718811	0.3333333432674408	0.5142594575881958	0.3333333432674408	0.0	1.6666666269302368	1.6666666269302368	9	0	2	55	16	1.0	16	17	26
6PLlauWxF5E	2	1.0	1.0	0.3333333432674408	0.3333333432674408	0.6666666865348816	1.3333333730697632	0.6666666865348816	2	0	0	1	0	0.0	0	0	1
6T1GHj7qwYs	3	1.4444445371627808	1.3333333730697632	0.1571348011493683	0.0	1.3333333730697632	1.6666666269302368	0.33333325386047363	3	0	0	3	0	0.0	0	0	0
6TDXQtGUNEs	12	0.4722222089767456	0.3333333432674408	0.9374743103981018	0.3333333432674408	-1.3333333730697632	2.3333332538604736	3.6666665077209473	8	2	2	66	33	0.9999999999999993	33	33	43
6TKaGMkO69E	3	-0.7777777314186096	-1.6666666269302368	1.2570786476135254	0.0	-1.6666666269302368	1.0	2.6666665077209473	1	2	0	3	2	1.0	2	2	2
6UV6ktwbLoo	4	0.0	0.0	0.0	0.0	0.0	0.0	0.0	0	0	4	6	0	0.0	0	0	0
6Vg10LxmWUY	5	0.2666666805744171	0.0	0.38873013854026794	0.0	0.0	1.0	1.0	2	0	3	10	3	1.0	3	3	4
6WDchK7TuL8	3	0.6666666865348816	0.6666666865348816	0.5443310737609863	0.6666666865348816	0.0	1.3333333730697632	1.3333333730697632	2	0	1	3	1	1.0	1	1	3
6YNAmRjpxlA	4	0.0833333358168602	0.0	0.14433756470680237	0.0	0.0	0.3333333432674408	0.3333333432674408	1	0	3	6	0	0.0	0	0	0
6_k3cw9_k-Y	1	-1.0	-1.0	0.0	0.0	-1.0	-1.0	0.0	0	1	0	0	0	0.0	0	0	0
6aoTjlvo0js	4	0.0	0.0	0.2357022762298584	0.1666666716337204	-0.3333333432674408	0.3333333432674408	0.6666666865348816	1	1	2	6	0	0.0	0	0	1
6c7vAwDSVGc	2	0.5	0.5	0.1666666716337204	0.1666666716337204	0.3333333432674408	0.6666666865348816	0.3333333432674408	2	0	0	1	0	0.0	0	0	0
6hp1SGhVYfY	2	1.5	1.5	1.1666667461395264	1.1666667461395264	0.3333333432674408	2.6666667461395264	2.3333334922790527	2	0	0	1	1	1.0	1	1	1
6ng8CZ0ULK4	12	0.7777778506278992	0.6666666865348816	0.5328701734542847	0.3333333134651184	0.0	2.0	2.0	10	0	2	66	19	0.9999999999999996	19	19	35
6q5uKCgairk	14	0.6666666865348816	0.5	0.5634361505508423	0.5	0.0	1.6666666269302368	1.6666666269302368	11	0	3	91	27	0.9999999999999993	27	31	51
6qPjYvdZiLA	1	-0.3333333432674408	-0.3333333432674408	0.0	0.0	-0.3333333432674408	-0.3333333432674408	0.0	0	1	0	0	0	0.0	0	0	0
6qmReTSoz0E	1	0.0	0.0	0.0	0.0	0.0	0.0	0.0	0	0	1	0	0	0.0	0	0	0
6rkV4QRcVnk	7	0.4285714328289032	0.0	0.8109230995178223	0.0	-0.3333333432674408	2.0	2.3333332538604736	2	1	4	21	10	0.9999999999999999	10	10	11
6slq62RwH3Q	11	1.7575756311416626	2.0	0.7925270795822144	0.3333333730697632	0.0	2.6666667461395264	2.6666667461395264	10	0	1	55	21	1.0000000000000004	21	25	37
6vbd4o5rIjM	7	0.4761904776096344	0.0	0.8329931497573853	0.0	0.0	2.3333332538604736	2.3333332538604736	2	0	5	21	11	1.0000000000000002	11	11	11
6xvVFYR5di0	8	0.4166666865348816	0.0	0.6614378094673157	0.0	0.0	2.0	2.0	3	0	5	28	7	0.9999999999999998	7	7	17
6zjv1TLqfF0	12	0.25	0.0	0.3367876708507538	0.0	0.0	1.0	1.0	5	0	7	66	7	0.9999999999999998	7	7	23
70420	19	-0.03508772328495979	0.0	0.6479363441467285	0.3333333432674408	-1.3333333730697632	1.3333333730697632	2.6666667461395264	6	6	7	171	64	1.0	70	70	99
70710	4	0.25	0.3333333432674408	0.36324161291122437	0.1666666716337204	-0.3333333432674408	0.6666666865348816	1.0	3	1	0	6	1	1.0	1	1	3
708sewcSXVY	3	0.5555555820465088	0.3333333432674408	0.566557765007019	0.3333333432674408	0.0	1.3333333730697632	1.3333333730697632	2	0	1	3	2	1.0	2	2	2
72017	14	-0.6428571343421936	-0.5	0.8679869174957275	0.5	-2.3333332538604736	1.0	3.3333332538604736	1	8	5	91	50	1.0000000000000004	50	53	67
72385	24	-1.0416666269302368	-0.6666666865348816	1.1797382831573486	0.8333333134651184	-3.0	1.0	4.0	2	16	6	276	64	1.0	165	173	210
72tXTrSXoMk	9	0.8888888955116272	0.6666666865348816	0.7698003053665161	0.3333333432674408	0.0	2.3333332538604736	2.3333332538604736	8	0	1	36	16	1.0	16	17	22
73447	18	-1.4999998807907104	-1.6666666269302368	0.8975274562835693	0.6666666269302368	-3.0	0.0	3.0	0	15	3	153	64	1.0	92	92	114
73449	15	-0.48888885974884033	-0.3333333432674408	1.0389927625656128	0.6666666865348816	-2.6666667461395264	0.6666666865348816	3.3333334922790527	5	8	2	105	57	1.0000000000000016	57	57	74
74101	9	-0.7037036418914795	0.0	1.1909581422805786	1.0	-2.6666667461395264	1.0	3.6666667461395264	2	4	3	36	26	0.9999999999999996	26	26	29
74184	13	-0.20512820780277252	0.0	0.8426500558853149	1.0	-1.6666666269302368	1.0	2.6666665077209473	3	6	4	78	50	1.0000000000000004	50	50	56
74870	12	-0.2222222238779068	-0.1666666716337204	0.24845200777053833	0.1666666716337204	-0.6666666865348816	0.0	0.6666666865348816	0	6	6	66	0	0.0	0	0	12
75938	10	-0.7666667103767395	-0.8333333730697632	0.8171766996383667	0.6666666269302368	-2.0	0.3333333432674408	2.3333332538604736	2	7	1	45	25	1.0000000000000002	25	25	32
76124	11	-0.3333333432674408	0.0	0.7247430682182312	0.0	-2.0	0.3333333432674408	2.3333332538604736	2	3	6	55	25	1.0000000000000002	25	25	26
76sN4tvbPGk	5	0.0	0.0	0.3651483952999115	0.3333333432674408	-0.6666666865348816	0.3333333432674408	1.0	2	1	2	10	2	1.0	2	2	4
78577	14	-0.1428571194410324	-0.3333333432674408	1.0816967487335205	0.6666666865348816	-1.6666666269302368	2.0	3.6666665077209473	5	8	1	91	54	0.9999999999999989	54	60	72
78Ncka6CY70	1	1.3333333730697632	1.3333333730697632	0.0	0.0	1.3333333730697632	1.3333333730697632	0.0	1	0	0	0	0	0.0	0	0	0
79644	6	-1.111111044883728	-1.5	0.8089010715484619	0.3333333134651184	-2.0	0.0	2.0	0	4	2	15	8	1.0	8	8	9
79934	7	-0.5238094925880432	0.0	0.9233675599098206	0.3333333432674408	-2.3333332538604736	0.3333333432674408	2.6666665077209473	2	3	2	21	11	1.0000000000000002	11	12	15
79935	20	-1.9000002145767212	-2.0	0.8888194561004639	0.6666666269302368	-3.0	0.3333333432674408	3.3333332538604736	2	18	0	190	64	1.0	70	79	120
7CLe7PZtna4	2	0.1666666716337204	0.1666666716337204	0.5	0.5	-0.3333333432674408	0.6666666865348816	1.0	1	1	0	1	1	1.0	1	1	1
7EWOMjaKlus	14	1.0238094329833984	1.1666667461395264	0.6838765144348145	0.3333333134651184	-0.3333333432674408	2.0	2.3333332538604736	12	1	1	91	40	1.0000000000000004	40	40	59
7R70kKqtGh0	3	1.4444445371627808	1.3333333730697632	0.4157397150993347	0.3333333730697632	1.0	2.0	1.0	3	0	0	3	1	1.0	1	1	2
7SsmaZZ7mz0	4	1.5000001192092896	1.1666667461395264	0.6871843338012695	0.16666674613952637	1.0	2.6666667461395264	1.6666667461395264	4	0	0	6	3	1.0	3	3	3
7U_z0JfleAw	5	0.20000000298023224	0.3333333432674408	0.33993464708328247	0.3333333432674408	-0.3333333432674408	0.6666666865348816	1.0	3	1	1	10	1	1.0	1	1	4
7UlSX-syPeo	21	0.9523808360099792	1.0	0.5274047255516052	0.3333333730697632	0.0	1.6666666269302368	1.6666666269302368	18	0	3	210	49	1.0000000000000007	49	61	114
7Vp6Lvin1rA	5	0.06666665524244308	0.0	0.4898979663848877	0.3333333432674408	-0.3333333432674408	1.0	1.3333333730697632	1	2	2	10	4	1.0	4	4	4
7ZzbemE4QEE	39	0.3504273593425751	0.3333333432674408	0.5844553709030151	0.3333333432674408	-1.0	1.3333333730697632	2.3333334922790527	24	5	10	741	64	1.0	250	250	404
7eJqqvvziQo	8	0.875	0.6666666865348816	0.6859198808670044	0.5	0.0	2.0	2.0	7	0	1	28	14	0.9999999999999997	14	14	19
7eWclVCXOtk	8	0.25	0.1666666716337204	0.3996526598930359	0.1666666716337204	-0.3333333432674408	1.0	1.3333333730697632	4	1	3	28	5	1.0	5	5	12
7fPYpqzw1iY	2	0.6666666865348816	0.6666666865348816	0.3333333134651184	0.3333333134651184	0.3333333432674408	1.0	0.6666666269302368	2	0	0	1	0	0.0	0	0	1
7hSWYI99-24	5	0.5333333611488342	0.3333333432674408	0.5416025519371033	0.3333333432674408	0.0	1.3333333730697632	1.3333333730697632	3	0	2	10	5	1.0	5	5	6
7ifnoHhrMtA	7	0.1904761791229248	0.3333333432674408	0.6135284900665283	0.6666666269302368	-0.6666666865348816	1.0	1.6666667461395264	4	3	0	21	8	1.0	8	8	16
7oFimEZJQ_A	4	-1.5000001192092896	-1.1666667461395264	0.8975275158882141	0.33333340287208557	-3.0	-0.6666666865348816	2.3333332538604736	0	4	0	6	3	1.0	3	3	4
7pZPQbMKGkY	7	0.4285714626312256	0.6666666865348816	0.3868589699268341	0.3333333134651184	0.0	1.0	1.0	4	0	3	21	3	1.0	3	3	12
7rMLN0KKE5k	29	-0.20689657330513	-0.3333333432674408	1.1460870504379272	0.6666666865348816	-2.3333332538604736	2.3333332538604736	4.666666507720947	11	16	2	406	64	1.0	239	253	319
7sgAWvbLtiM	8	0.5	0.3333333432674408	0.5	0.3333333432674408	0.0	1.6666666269302368	1.6666666269302368	6	0	2	28	5	1.0	5	7	11
7vJy1zbopJ8	1	0.6666666865348816	0.6666666865348816	0.0	0.0	0.6666666865348816	0.6666666865348816	0.0	1	0	0	0	0	0.0	0	0	0
7wiaDbpiAQ8	1	0.6666666865348816	0.6666666865348816	0.0	0.0	0.6666666865348816	0.6666666865348816	0.0	1	0	0	0	0	0.0	0	0	0
7xiu1tAJ2d8	12	0.3611110746860504	0.3333333432674408	0.5846545696258545	0.3333333432674408	-0.6666666865348816	1.6666666269302368	2.3333332538604736	7	1	4	66	23	0.9999999999999996	23	23	37
8-Hi9NmF4rM	2	1.6666666269302368	1.6666666269302368	0.6666666269302368	0.6666666269302368	1.0	2.3333332538604736	1.3333332538604736	2	0	0	1	1	1.0	1	1	1
80620	11	-1.0909091234207153	-1.6666666269302368	0.9856640100479126	1.0000001192092896	-2.6666667461395264	0.3333333432674408	3.0	1	8	2	55	33	0.9999999999999993	33	33	37
80627	14	-0.7142857313156128	0.0	1.2205719947814941	0.8333333730697632	-2.6666667461395264	1.0	3.6666667461395264	3	6	5	91	59	0.9999999999999989	59	60	69
80866	17	-0.2549019455909729	0.0	0.6718368530273438	0.3333333432674408	-1.6666666269302368	0.6666666865348816	2.3333332538604736	4	5	8	136	52	1.0000000000000009	52	54	74
80914	9	-0.07407406717538834	0.3333333432674408	1.0631630420684814	0.6666666865348816	-2.0	1.6666666269302368	3.6666665077209473	5	4	0	36	23	0.9999999999999996	23	23	32
81406	8	-0.4166666269302368	0.0	1.1516895294189453	0.8333333730697632	-2.3333332538604736	1.0	3.3333332538604736	3	3	2	28	19	0.9999999999999996	19	19	22
81538	12	-0.8888888359069824	-1.1666667461395264	0.7243557572364807	0.33333340287208557	-2.3333332538604736	0.0	2.3333332538604736	0	8	4	66	30	0.9999999999999999	30	35	44
81615	8	-0.4999999701976776	-0.8333333730697632	1.1055415868759155	0.5	-2.3333332538604736	1.6666666269302368	4.0	2	5	1	28	20	1.0000000000000002	20	20	21
81668	9	-1.518518328666687	-2.0	1.0075163841247559	0.33333325386047363	-2.3333332538604736	0.0	2.3333332538604736	0	7	2	36	18	1.0000000000000002	18	18	18
83310	3	-0.4444444477558136	-0.6666666865348816	0.31426969170570374	0.0	-0.6666666865348816	0.0	0.6666666865348816	0	2	1	3	0	0.0	0	0	2
83859	38	1.2456140518188477	1.0	1.1152431964874268	1.0	0.0	3.0	3.0	29	0	9	703	64	1.0	400	405	487
83_N43pvgHI	2	0.3333333134651184	0.3333333134651184	0.6666666269302368	0.6666666269302368	-0.3333333432674408	1.0	1.3333333730697632	1	1	0	1	1	1.0	1	1	1
8404	14	1.6904762983322144	2.0	1.019370198249817	0.6666666865348816	-0.3333333432674408	3.0	3.3333332538604736	13	1	0	91	51	1.0000000000000007	51	53	68
84133	24	-0.1805555671453476	0.0	1.518342137336731	1.3333333730697632	-2.6666667461395264	3.0	5.6666669845581055	8	10	6	276	64	1.0	194	202	235
84176	11	0.030303023755550385	0.3333333432674408	1.8116042613983154	1.3333333730697632	-3.0	3.0	6.0	6	5	0	55	45	1.0000000000000004	45	45	52
856LGms_0s0	3	0.8888888359069824	0.6666666865348816	0.5665577054023743	0.3333333432674408	0.3333333432674408	1.6666666269302368	1.3333332538604736	3	0	0	3	1	1.0	1	2	2
87161	15	-0.7777777314186096	-0.3333333432674408	1.1525603532791138	0.6666666865348816	-2.6666667461395264	1.3333333730697632	4.0	2	8	5	105	63	0.9999999999999982	63	66	77
87400	18	0.03703704848885536	-0.1666666716337204	1.4224344491958618	1.1666667461395264	-2.3333332538604736	2.6666667461395264	5.0	7	9	2	153	64	1.0	109	114	128
87MsiC3E2-w	1	0.0	0.0	0.0	0.0	0.0	0.0	0.0	0	0	1	0	0	0.0	0	0	0
88119	7	-0.3333333134651184	0.0	0.9258200526237488	1.0	-1.6666666269302368	1.0	2.6666665077209473	3	3	1	21	13	0.9999999999999998	13	13	16
88245	8	-1.0416666269302368	-1.3333332538604736	0.978057861328125	0.6666667461395264	-2.0	0.6666666865348816	2.6666667461395264	1	6	1	28	18	1.0000000000000002	18	18	21
88797	14	-0.5714285373687744	-0.1666666716337204	1.0268504619598389	0.5	-2.3333332538604736	1.3333333730697632	3.6666665077209473	2	7	5	91	56	1.000000000000001	56	56	64
88888	11	-0.3333333432674408	0.0	1.407052993774414	1.0	-2.6666667461395264	1.6666666269302368	4.333333492279053	5	5	1	55	41	1.0000000000000004	41	41	45
88S1BjwMfdw	5	0.06666667014360428	0.0	0.38873013854026794	0.3333333432674408	-0.3333333432674408	0.6666666865348816	1.0	2	2	1	10	2	1.0	2	2	5
88oSn21TFcA	7	-0.5714285373687744	-0.3333333432674408	0.6098213195800781	0.3333333432674408	-1.6666666269302368	0.0	1.6666666269302368	0	4	3	21	10	0.9999999999999999	10	10	14
89747	10	1.2000000476837158	1.5	1.1944315433502197	1.1666667461395264	-0.6666666865348816	2.6666667461395264	3.3333334922790527	6	1	3	45	28	0.9999999999999997	28	29	36
89787	21	-0.523809552192688	-0.3333333432674408	0.8942582011222839	0.3333333432674408	-2.0	1.0	3.0	4	11	6	210	64	1.0	103	109	145
89951	16	-0.2499999701976776	0.0	0.8207381367683411	0.3333333432674408	-1.6666666269302368	1.0	2.6666665077209473	4	5	7	120	62	0.9999999999999992	62	64	77
8Cp8c-eQELQ	13	0.7435897588729858	0.6666666865348816	0.5415053963661194	0.3333333432674408	0.0	1.6666666269302368	1.6666666269302368	11	0	2	78	19	0.9999999999999996	19	25	44
8EHEEXex5D8	13	1.1025640964508057	1.0	0.7777308225631714	0.6666666269302368	0.0	2.3333332538604736	2.3333332538604736	11	0	2	78	32	1.0	32	39	57
8F1mj-XT6KA	3	0.1111111119389534	0.3333333432674408	0.566557765007019	0.3333333432674408	-0.6666666865348816	0.6666666865348816	1.3333333730697632	2	1	0	3	2	1.0	2	2	2
8Lmqsakmw3M	11	0.6666666269302368	0.6666666865348816	0.5124707221984863	0.3333333134651184	0.0	1.6666666269302368	1.6666666269302368	8	0	3	55	16	1.0	16	18	32
8M0AlvtMrv8	3	0.6666667461395264	1.0	0.7200823426246643	0.3333333730697632	-0.3333333432674408	1.3333333730697632	1.6666667461395264	2	1	0	3	2	1.0	2	2	2
8P0zm2oYDyY	5	0.3999999761581421	1.0	1.6786236763000488	1.0	-2.6666667461395264	2.0	4.6666669845581055	3	1	1	10	8	1.0	8	8	9
8UH0aPUf7sQ	1	2.0	2.0	0.0	0.0	2.0	2.0	0.0	1	0	0	0	0	0.0	0	0	0
8VB6pdJTpX4	2	0.5	0.5	0.1666666716337204	0.1666666716337204	0.3333333432674408	0.6666666865348816	0.3333333432674408	2	0	0	1	0	0.0	0	0	0
8VP1qxX9mh4	2	1.3333332538604736	1.3333332538604736	0.3333333134651184	0.3333333134651184	1.0	1.6666666269302368	0.6666666269302368	2	0	0	1	0	0.0	0	0	1
8X5tGQLBqPo	12	0.4444444179534912	0.3333333432674408	0.6136311292648315	0.3333333432674408	-0.3333333432674408	1.6666666269302368	2.0	7	1	4	66	18	1.0000000000000002	18	22	33
8XODJwsvBa0	1	1.3333333730697632	1.3333333730697632	0.0	0.0	1.3333333730697632	1.3333333730697632	0.0	1	0	0	0	0	0.0	0	0	0
8YsIvz4qnk4	2	2.3333334922790527	2.3333334922790527	0.3333333730697632	0.3333333730697632	2.0	2.6666667461395264	0.6666667461395264	2	0	0	1	0	0.0	0	0	1
8aZbX-xMdgI	1	-0.6666666865348816	-0.6666666865348816	0.0	0.0	-0.6666666865348816	-0.6666666865348816	0.0	0	1	0	0	0	0.0	0	0	0
8f_lBxZgDb0	2	0.5	0.5	0.1666666716337204	0.1666666716337204	0.3333333432674408	0.6666666865348816	0.3333333432674408	2	0	0	1	0	0.0	0	0	0
8ovb-GaZ3QE	7	-0.09523807466030121	0.0	1.0647943019866943	1.0	-1.6666666269302368	1.0	2.6666665077209473	3	3	1	21	14	0.9999999999999997	14	15	17
8qCNtqjygW8	13	0.4615384638309479	0.3333333432674408	0.5779194235801697	0.3333333432674408	-0.6666666865348816	1.3333333730697632	2.0	10	2	1	78	29	0.9999999999999996	29	29	48
8u5aet7s9_w	10	0.5333333015441895	0.5	0.7483314871788025	0.3333333432674408	-0.6666666865348816	2.3333332538604736	3.0	7	1	2	45	17	1.0	17	17	27
8wdxczYf1jI	2	0.5	0.5	0.1666666716337204	0.1666666716337204	0.3333333432674408	0.6666666865348816	0.3333333432674408	2	0	0	1	0	0.0	0	0	0
8x81fzwcJko	3	0.555555522441864	0.3333333432674408	0.8314794301986694	0.6666666865348816	-0.3333333432674408	1.6666666269302368	2.0	2	1	0	3	2	1.0	2	2	3
8xfW_azeNPk	16	1.0833333730697632	1.0	0.5590169429779053	0.3333333134651184	0.0	2.3333332538604736	2.3333332538604736	15	0	1	120	35	1.0000000000000002	35	39	62
9-EO2oCAGA4	13	0.3333333432674408	0.6666666865348816	0.8268982172012329	0.6666666865348816	-1.0	1.6666666269302368	2.6666665077209473	7	3	3	78	39	1.0000000000000004	39	42	59
9-K1CXCXui4	17	0.5686274766921997	0.6666666865348816	0.4952678978443146	0.3333333432674408	-0.3333333432674408	1.3333333730697632	1.6666667461395264	13	1	3	136	36	1.0000000000000002	36	36	72
90172	15	-0.5999999642372131	-0.3333333432674408	1.0198038816452026	0.6666666865348816	-2.3333332538604736	1.0	3.3333332538604736	4	9	2	105	58	1.0000000000000007	58	64	82
90wZz0thye4	10	1.1000001430511475	1.0	0.6999999284744263	0.5	0.0	2.3333332538604736	2.3333332538604736	9	0	1	45	18	1.0000000000000002	18	21	31
91276	13	-0.6153846383094788	-1.0	1.1159002780914307	1.0	-2.3333332538604736	1.6666666269302368	4.0	3	7	3	78	50	1.0000000000000004	50	53	61
91y7nPEWdmQ	1	-0.6666666865348816	-0.6666666865348816	0.0	0.0	-0.6666666865348816	-0.6666666865348816	0.0	0	1	0	0	0	0.0	0	0	0
92221	19	0.07017545402050018	0.0	0.4661519229412079	0.3333333432674408	-1.0	1.0	2.0	6	5	8	171	42	1.0000000000000007	42	42	72
92331	26	-1.423076868057251	-1.8333332538604736	1.1750893592834473	0.8333334922790527	-3.0	1.0	4.0	3	20	3	325	64	1.0	209	212	254
92521	10	-1.1666666269302368	-1.8333332538604736	1.3437095880508423	0.5	-2.3333332538604736	2.0	4.3333330154418945	1	8	1	45	26	0.9999999999999996	26	27	31
92533	11	-2.0303030014038086	-2.3333332538604736	0.8463175892829895	0.33333349227905273	-2.6666667461395264	0.0	2.6666667461395264	0	10	1	55	18	1.0000000000000002	18	18	27
92tWNUhG9DY	7	-0.5714285969734192	-0.6666666865348816	0.5553287863731384	0.6666666865348816	-1.3333333730697632	0.0	1.3333333730697632	0	4	3	21	6	0.9999999999999999	6	6	16
93821	17	-0.3529411852359772	-0.6666666865348816	1.275565266609192	1.0	-2.0	1.6666666269302368	3.6666665077209473	7	10	0	136	64	1.0	85	90	108
93839	13	-0.7948718667030334	-0.3333333432674408	1.1287877559661865	1.0	-2.6666667461395264	0.6666666865348816	3.3333334922790527	4	7	2	78	46	0.9999999999999994	46	47	56
94215	13	-0.4358974099159241	-1.0	1.4698370695114136	1.3333332538604736	-2.3333332538604736	2.3333332538604736	4.666666507720947	6	7	0	78	55	1.0000000000000002	55	55	66
94983	14	-0.9047619104385376	-1.1666667461395264	1.2499432563781738	1.1666666269302368	-2.6666667461395264	0.6666666865348816	3.3333334922790527	4	8	2	91	55	1.0000000000000002	55	57	72
94ULum9MYX0	5	0.06666667014360428	0.0	0.3265986442565918	0.0	-0.3333333432674408	0.6666666865348816	1.0	1	1	3	10	1	1.0	1	1	4
95mDHiLeDCM	4	1.4166667461395264	1.3333333730697632	0.9537935853004456	0.8333333730697632	0.3333333432674408	2.6666667461395264	2.3333334922790527	4	0	0	6	4	1.0	4	4	5
96099	13	-0.8717948198318481	-0.6666666865348816	1.1363344192504883	0.9999999403953552	-3.0	0.6666666865348816	3.6666667461395264	3	8	2	78	47	1.0000000000000004	47	50	63
96179	17	-0.8823529481887817	-0.6666666865348816	0.8239961266517639	0.6666666865348816	-2.3333332538604736	0.0	2.3333332538604736	0	12	5	136	64	1.0	70	72	90
96194	15	-1.288888931274414	-1.6666666269302368	0.7083278894424438	0.3333333730697632	-2.3333332538604736	0.0	2.3333332538604736	0	13	2	105	38	0.9999999999999992	38	45	64
96350	15	-1.5777778625488281	-1.6666666269302368	0.9464684128761292	0.9999999403953552	-3.0	0.0	3.0	0	13	2	105	57	1.0000000000000016	57	63	81
96361	18	-0.24074074625968933	0.0	1.1905262470245361	1.3333333730697632	-2.0	1.6666666269302368	3.6666665077209473	5	8	5	153	64	1.0	94	98	127
96o9hxy64wI	2	1.6666666269302368	1.6666666269302368	0.6666666269302368	0.6666666269302368	1.0	2.3333332538604736	1.3333332538604736	2	0	0	1	1	1.0	1	1	1
97095	38	1.1491228342056274	1.0	0.9961839318275452	1.0	0.0	3.0	3.0	28	0	10	703	64	1.0	379	397	498
97992	11	0.7878788113594055	0.0	1.3278123140335083	1.0	-1.0	2.6666667461395264	3.6666667461395264	5	3	3	55	37	0.9999999999999991	37	37	43
98187	15	-0.06666665524244308	0.0	1.4463235139846802	1.3333333730697632	-2.3333332538604736	1.6666666269302368	4.0	7	5	3	105	64	1.0	72	74	83
98442	11	-1.0909091234207153	-1.3333333730697632	0.6976282000541687	0.3333333730697632	-2.0	0.3333333432674408	2.3333332538604736	1	9	1	55	20	1.0000000000000002	20	23	34
984VkHzXl8w	6	0.6111111640930176	0.8333333730697632	0.779759407043457	0.5	-0.6666666865348816	1.3333333730697632	2.0	4	1	1	15	10	0.9999999999999999	10	10	11
9BceQC_SdTM	3	0.0	0.0	0.27216553688049316	0.3333333432674408	-0.3333333432674408	0.3333333432674408	0.6666666865348816	1	1	1	3	0	0.0	0	0	1
9JqwFRCTKOM	1	0.6666666865348816	0.6666666865348816	0.0	0.0	0.6666666865348816	0.6666666865348816	0.0	1	0	0	0	0	0.0	0	0	0
9Jyr5laC8mg	1	0.0	0.0	0.0	0.0	0.0	0.0	0.0	0	0	1	0	0	0.0	0	0	0
9K4aWWoXuyU	2	2.1666667461395264	2.1666667461395264	0.5000000596046448	0.5000000596046448	1.6666666269302368	2.6666667461395264	1.0000001192092896	2	0	0	1	1	1.0	1	1	1
9K5mYSaoBL4	8	-0.0416666679084301	0.0	0.19982632994651794	0.0	-0.3333333432674408	0.3333333432674408	0.6666666865348816	1	2	5	28	0	0.0	0	0	2
9Nhoi1jfDbY	3	0.555555522441864	0.0	1.0304020643234253	0.3333333432674408	-0.3333333432674408	2.0	2.3333332538604736	1	1	1	3	2	1.0	2	2	2
9Un1O2ypJmI	4	1.3333332538604736	1.3333333730697632	0.849836528301239	0.8333332538604736	0.3333333432674408	2.3333332538604736	1.9999998807907104	4	0	0	6	4	1.0	4	4	4
9VZ4cpoTFbo	4	1.25	1.5	0.829156219959259	0.5	0.0	2.0	2.0	3	0	1	6	5	1.0	5	5	5
9XCmrHbU-rU	1	-1.0	-1.0	0.0	0.0	-1.0	-1.0	0.0	0	1	0	0	0	0.0	0	0	0
9bAgEmihzLs	4	-0.1666666716337204	-0.1666666716337204	0.1666666716337204	0.1666666716337204	-0.3333333432674408	0.0	0.3333333432674408	0	2	2	6	0	0.0	0	0	0
9cSJglGi9Pg	14	0.523809552192688	0.5	0.7529232501983643	0.5	-0.6666666865348816	2.0	2.6666667461395264	9	2	3	91	42	1.0000000000000007	42	44	65
9ceYD_OzPz8	1	0.3333333432674408	0.3333333432674408	0.0	0.0	0.3333333432674408	0.3333333432674408	0.0	1	0	0	0	0	0.0	0	0	0
9cxlcpbmrH0	12	0.75	0.8333333730697632	0.595119059085846	0.5	-0.6666666865348816	1.3333333730697632	2.0	10	1	1	66	20	1.0000000000000002	20	20	38
9dFEGb_RfwE	1	0.0	0.0	0.0	0.0	0.0	0.0	0.0	0	0	1	0	0	0.0	0	0	0
9f6A3ucYArQ	4	-1.25	-1.6666666269302368	0.7216877937316895	0.0	-1.6666666269302368	0.0	1.6666666269302368	0	3	1	6	3	1.0	3	3	3
9pdyTplXwM4	7	0.5714285969734192	0.3333333432674408	0.6098213195800781	0.3333333432674408	0.0	1.6666666269302368	1.6666666269302368	5	0	2	21	10	0.9999999999999999	10	10	10
9pzn93kdP_g	10	0.5	0.3333333432674408	0.5426273345947266	0.3333333432674408	0.0	1.6666666269302368	1.6666666269302368	6	0	4	45	14	0.9999999999999997	14	15	25
9sAoeFTKILY	1	0.3333333432674408	0.3333333432674408	0.0	0.0	0.3333333432674408	0.3333333432674408	0.0	1	0	0	0	0	0.0	0	0	0
9tX18DNC74w	5	0.6666666865348816	0.0	0.8432739973068237	0.0	0.0	2.0	2.0	2	0	3	10	6	0.9999999999999999	6	6	7
9zBj8VkRBpE	5	0.7999999523162842	1.0	0.8055364489555359	0.3333333730697632	-0.6666666865348816	1.6666666269302368	2.3333332538604736	4	1	0	10	4	1.0	4	5	7
9zWeMrfr-l0	5	0.20000000298023224	0.0	0.2666666805744171	0.0	0.0	0.6666666865348816	0.6666666865348816	2	0	3	10	0	0.0	0	0	3
A0aE2Gzym-M	1	0.6666666865348816	0.6666666865348816	0.0	0.0	0.6666666865348816	0.6666666865348816	0.0	1	0	0	0	0	0.0	0	0	0
A2E78CGi5TU	9	0.37037038803100586	0.3333333432674408	0.398901104927063	0.3333333432674408	-0.3333333432674408	1.0	1.3333333730697632	6	1	2	36	6	0.9999999999999999	6	6	16
A4dzxgHDhF0	1	0.0	0.0	0.0	0.0	0.0	0.0	0.0	0	0	1	0	0	0.0	0	0	0
A6R6J8SJtBc	3	1.4444442987442017	1.3333333730697632	0.6849348545074463	0.6666666865348816	0.6666666865348816	2.3333332538604736	1.6666665077209473	3	0	0	3	1	1.0	1	2	3
A8c7q_P4jQg	3	-0.3333333432674408	-0.3333333432674408	0.5443310141563416	0.6666666269302368	-1.0	0.3333333432674408	1.3333333730697632	1	2	0	3	1	1.0	1	1	3
A8plGi4rbxM	6	-1.611111044883728	-1.8333332538604736	1.0786937475204468	0.3333333730697632	-2.6666667461395264	0.6666666865348816	3.3333334922790527	1	5	0	15	7	0.9999999999999998	7	7	10
ABSC1JNdpTw	5	0.20000000298023224	0.3333333432674408	0.33993464708328247	0.3333333432674408	-0.3333333432674408	0.6666666865348816	1.0	3	1	1	10	1	1.0	1	1	4
ACOlIiRdDyE	1	0.3333333432674408	0.3333333432674408	0.0	0.0	0.3333333432674408	0.3333333432674408	0.0	1	0	0	0	0	0.0	0	0	0
ADYia28RrFU	8	0.4583333134651184	0.6666666865348816	0.8154327273368835	0.5	-1.0	1.6666666269302368	2.6666665077209473	5	2	1	28	15	0.9999999999999999	15	15	23
AGFgaKPzjMQ	7	-0.2380952537059784	-0.3333333432674408	0.4948716461658478	0.3333333432674408	-1.0	0.6666666865348816	1.6666667461395264	1	4	2	21	6	0.9999999999999999	6	6	12
AGM-hNupJik	1	0.3333333432674408	0.3333333432674408	0.0	0.0	0.3333333432674408	0.3333333432674408	0.0	1	0	0	0	0	0.0	0	0	0
AHU3PUztC_M	1	0.0	0.0	0.0	0.0	0.0	0.0	0.0	0	0	1	0	0	0.0	0	0	0
AIPqRuTjI4E	5	0.4000000059604645	0.0	0.6463572978973389	0.0	0.0	1.6666666269302368	1.6666666269302368	2	0	3	10	4	1.0	4	4	4
AKofHsmxa1I	4	1.5	1.6666667461395264	0.7637625932693481	0.4999999403953552	0.3333333432674408	2.3333332538604736	1.9999998807907104	4	0	0	6	3	1.0	3	4	5
ALlKbGE6BH0	2	1.6666667461395264	1.6666667461395264	1.0	1.0	0.6666666865348816	2.6666667461395264	2.0	2	0	0	1	1	1.0	1	1	1
APYv5s4ucd0	3	0.2222222238779068	0.0	0.31426969170570374	0.0	0.0	0.6666666865348816	0.6666666865348816	1	0	2	3	0	0.0	0	0	2
ARNWtLCbfW4	6	0.8888888359069824	0.8333333730697632	0.7617393732070923	0.8333333134651184	0.0	2.0	2.0	4	0	2	15	8	1.0	8	9	12
ATfnMuJJDkk	9	1.5555555820465088	1.3333333730697632	0.737027645111084	0.6666666269302368	0.0	2.3333332538604736	2.3333332538604736	8	0	1	36	12	1.0	12	21	24
AVScVfLgNmw	7	0.0	0.0	0.5345224738121033	0.0	-1.0	1.0	2.0	1	1	5	21	11	1.0000000000000002	11	11	11
AepwIhSbAws	5	-0.9333333969116211	-1.3333333730697632	0.6463572382926941	0.33333325386047363	-1.6666666269302368	0.0	1.6666666269302368	0	4	1	10	6	0.9999999999999999	6	6	6
AggyS1coOb8	3	0.8888888359069824	0.6666666865348816	0.5665577054023743	0.3333333432674408	0.3333333432674408	1.6666666269302368	1.3333332538604736	3	0	0	3	1	1.0	1	2	2
AjgDuPEp9sI	2	0.8333333730697632	0.8333333730697632	0.1666666567325592	0.1666666567325592	0.6666666865348816	1.0	0.3333333134651184	2	0	0	1	0	0.0	0	0	0
AlmUwZgY6bs	2	0.0	0.0	0.3333333432674408	0.3333333432674408	-0.3333333432674408	0.3333333432674408	0.6666666865348816	1	1	0	1	0	0.0	0	0	1
AmGocfFQfVE	9	-1.185185194015503	-1.0	0.6108304262161255	0.6666666269302368	-2.3333332538604736	-0.3333333432674408	1.9999998807907104	0	9	0	36	11	1.0000000000000002	11	12	26
AsrhHuCfvF4	3	-0.4444444179534912	0.0	1.396644949913025	1.0	-2.3333332538604736	1.0	3.3333332538604736	1	1	1	3	3	1.0	3	3	3
AuPCZlKBzq8	5	1.1333333253860474	1.3333333730697632	0.4000000059604645	0.33333325386047363	0.6666666865348816	1.6666666269302368	0.9999999403953552	5	0	0	10	0	0.0	0	2	6
Az3e1Opu0LE	7	0.4285714328289032	0.3333333432674408	0.49487167596817017	0.3333333432674408	0.0	1.3333333730697632	1.3333333730697632	4	0	3	21	8	1.0	8	8	10
B1B71X_SmwY	19	1.0877193212509155	1.0	0.4304506778717041	0.3333333730697632	0.3333333432674408	1.6666666269302368	1.3333332538604736	19	0	0	171	18	1.0000000000000002	18	34	78
B1PzCwfgXyU	2	-0.5	-0.5	0.1666666716337204	0.1666666716337204	-0.6666666865348816	-0.3333333432674408	0.3333333432674408	0	2	0	1	0	0.0	0	0	0
BAi3ZJo5Vwg	5	0.20000000298023224	0.3333333432674408	0.33993467688560486	0.3333333432674408	-0.3333333432674408	0.6666666865348816	1.0	3	1	1	10	1	1.0	1	1	4
BBSVLGf7zPI	3	-0.1111111119389534	0.0	0.4157397150993347	0.3333333432674408	-0.6666666865348816	0.3333333432674408	1.0	1	1	1	3	1	1.0	1	1	2
BB_VwJSg3AI	3	-0.3333333432674408	-0.3333333432674408	0.27216553688049316	0.3333333432674408	-0.6666666865348816	0.0	0.6666666865348816	0	2	1	3	0	0.0	0	0	1
BBoe8-HWPSw	8	1.4166666269302368	1.5	0.5951189994812012	0.5	0.3333333432674408	2.3333332538604736	1.9999998807907104	8	0	0	28	9	1.0000000000000002	9	10	19
BDCFV4EqHjY	2	0.6666666865348816	0.6666666865348816	0.3333333134651184	0.3333333134651184	0.3333333432674408	1.0	0.6666666269302368	2	0	0	1	0	0.0	0	0	1
BLFUj7_uy_0	13	0.1794871687889099	0.3333333432674408	0.593632698059082	0.6666666865348816	-0.6666666865348816	1.3333333730697632	2.0	7	6	0	78	30	0.9999999999999999	30	30	50
BMhG11CXgww	5	0.46666663885116577	0.0	1.222020149230957	1.3333333730697632	-1.3333333730697632	2.0	3.3333334922790527	2	1	2	10	8	1.0	8	8	8
BNaRO9g8ugQ	1	1.3333333730697632	1.3333333730697632	0.0	0.0	1.3333333730697632	1.3333333730697632	0.0	1	0	0	0	0	0.0	0	0	0
BRdw-_dbJXc	9	0.2962963283061981	0.3333333432674408	0.597204327583313	0.3333333432674408	-0.6666666865348816	1.3333333730697632	2.0	5	2	2	36	14	0.9999999999999997	14	14	23
BRzjQHYWbSs	15	0.6000000238418579	0.6666666865348816	0.7522804737091064	0.6666666865348816	-1.0	2.0	3.0	10	1	4	105	46	0.9999999999999994	46	49	72
BXqnWuDA3H4	3	0.4444444477558136	0.3333333432674408	0.15713484585285187	0.0	0.3333333432674408	0.6666666865348816	0.3333333432674408	3	0	0	3	0	0.0	0	0	0
BZOB3r5AoKE	4	0.6666666269302368	0.1666666716337204	0.9718253016471863	0.1666666716337204	0.0	2.3333332538604736	2.3333332538604736	2	0	2	6	3	1.0	3	3	3
BaX10vbFhuU	3	-0.1111111119389534	0.0	0.15713484585285187	0.0	-0.3333333432674408	0.0	0.3333333432674408	0	1	2	3	0	0.0	0	0	0
BdqoZ5qpz0E	16	0.5208333730697632	0.3333333432674408	0.7990337610244751	0.6666666269302368	-0.6666666865348816	2.0	2.6666667461395264	10	4	2	120	59	0.9999999999999989	59	59	85
Bf5owLv3X98	5	0.6000000238418579	0.6666666865348816	0.24944382905960083	0.3333333134651184	0.3333333432674408	1.0	0.6666666269302368	5	0	0	10	0	0.0	0	0	2
Bg-PA5KTjNs	10	0.6000000238418579	1.0	1.2183778285980225	1.0	-1.3333333730697632	2.6666667461395264	4.0	6	4	0	45	31	0.9999999999999993	31	31	35
BmDybDBTe7o	6	-0.5	-0.8333333730697632	0.6309898495674133	0.1666666567325592	-1.0	0.6666666865348816	1.6666667461395264	1	4	1	15	7	0.9999999999999998	7	7	9
BnWvk0YRgE4	1	-0.6666666865348816	-0.6666666865348816	0.0	0.0	-0.6666666865348816	-0.6666666865348816	0.0	0	1	0	0	0	0.0	0	0	0
Bo5IDtP8_Fk	7	0.6190475821495056	1.0	1.2652695178985596	0.6666666269302368	-1.3333333730697632	2.3333332538604736	3.6666665077209473	5	2	0	21	14	0.9999999999999997	14	15	18
BseI8-TYWm8	4	0.75	0.5	0.829156219959259	0.5	0.0	2.0	2.0	2	0	2	6	5	1.0	5	5	5
BuPhjBayua8	4	0.0	0.0	0.4714045524597168	0.3333333432674408	-0.6666666865348816	0.6666666865348816	1.3333333730697632	1	1	2	6	1	1.0	1	1	5
BvvttuYysvg	1	0.6666666865348816	0.6666666865348816	0.0	0.0	0.6666666865348816	0.6666666865348816	0.0	1	0	0	0	0	0.0	0	0	0
C-UUQju3bXo	2	1.8333332538604736	1.8333332538604736	0.1666666865348816	0.1666666865348816	1.6666666269302368	2.0	0.3333333730697632	2	0	0	1	0	0.0	0	0	0
C03473pYcRM	10	0.8333333134651184	0.6666666865348816	0.8595865368843079	0.6666666865348816	-0.3333333432674408	2.0	2.3333332538604736	7	1	2	45	27	0.9999999999999993	27	27	33
C2xNDBU2Z0s	3	0.8888888955116272	1.3333333730697632	0.6285393834114075	0.0	0.0	1.3333333730697632	1.3333333730697632	2	0	1	3	2	1.0	2	2	2
C3lDRFu1ZcI	7	0.1904761791229248	0.3333333432674408	0.4665694832801819	0.3333333432674408	-0.6666666865348816	0.6666666865348816	1.3333333730697632	5	2	0	21	7	0.9999999999999998	7	7	10
C74-of1rjg4	2	-0.3333333432674408	-0.3333333432674408	0.3333333432674408	0.3333333432674408	-0.6666666865348816	0.0	0.6666666865348816	0	1	1	1	0	0.0	0	0	1
C8Fhlk-eczU	4	0.6666666269302368	0.6666666865348816	0.8498365879058838	0.8333333134651184	-0.3333333432674408	1.6666666269302368	2.0	2	1	1	6	4	1.0	4	4	4
CBYQDIqucxE	2	1.0	1.0	0.0	0.0	1.0	1.0	0.0	2	0	0	1	0	0.0	0	0	0
CE9yV4SearE	8	-0.0833333358168602	0.0	0.4330126941204071	0.3333333432674408	-1.0	0.3333333432674408	1.3333333730697632	3	3	2	28	5	1.0	5	5	13
CHh6hWo1AFE	8	-0.375	-0.5	0.7347996830940247	0.6666666865348816	-1.6666666269302368	0.6666666865348816	2.3333332538604736	3	5	0	28	14	0.9999999999999997	14	16	20
CIqRibqChDQ	4	-0.3333333432674408	-0.3333333432674408	0.527046263217926	0.5	-1.0	0.3333333432674408	1.3333333730697632	1	2	1	6	3	1.0	3	3	4
CK31s0kfp-k	6	0.6111111044883728	0.5	0.7556372284889221	0.5	-0.3333333432674408	2.0	2.3333332538604736	4	1	1	15	8	1.0	8	8	11
CL4hDu95Eqw	6	1.1111111640930176	1.0	0.8089011311531067	0.3333333432674408	0.0	2.6666667461395264	2.6666667461395264	5	0	1	15	8	1.0	8	8	10
CLkTjujFVKU	6	1.7222223281860352	1.6666666269302368	0.8480187058448792	0.8333332538604736	0.6666666865348816	2.6666667461395264	2.0	6	0	0	15	9	1.0000000000000002	9	9	9
CQnwOZRgQXs	2	0.5	0.5	0.1666666716337204	0.1666666716337204	0.3333333432674408	0.6666666865348816	0.3333333432674408	2	0	0	1	0	0.0	0	0	0
CT7QOWbhfv4	1	2.0	2.0	0.0	0.0	2.0	2.0	0.0	1	0	0	0	0	0.0	0	0	0
CVx494kExvc	13	0.5897435545921326	0.6666666865348816	0.39557045698165894	0.3333333134651184	0.0	1.3333333730697632	1.3333333730697632	10	0	3	78	10	0.9999999999999999	10	10	36
CXojk-oSaEw	4	-0.08333335071802139	-0.3333333432674408	0.6400954723358154	0.1666666716337204	-0.6666666865348816	1.0	1.6666667461395264	1	3	0	6	3	1.0	3	3	3
CZVmxwrWv34	4	0.3333333432674408	0.3333333432674408	0.2357022762298584	0.1666666716337204	0.0	0.6666666865348816	0.6666666865348816	3	0	1	6	0	0.0	0	0	1
CZigX1ntOsI	15	0.9333332777023315	1.0	0.7221367955207825	0.6666666269302368	-0.3333333432674408	2.0	2.3333332538604736	12	1	2	105	55	1.0000000000000002	55	55	73
Cb8ay6WtJuM	10	1.2000000476837158	1.3333333730697632	0.8459051847457886	0.6666666865348816	0.0	2.6666667461395264	2.6666667461395264	8	0	2	45	20	1.0000000000000002	20	25	36
CbQxC1iPyS8	6	0.8888888955116272	0.8333333730697632	0.6573421955108643	0.5	0.0	2.0	2.0	5	0	1	15	7	0.9999999999999998	7	7	11
Cd0JH1AreDw	6	-0.1666666716337204	-0.1666666716337204	0.3191423714160919	0.1666666716337204	-0.6666666865348816	0.3333333432674408	1.0	1	3	2	15	1	1.0	1	1	5
CdB8QBhFccs	8	-0.4583333432674408	-0.3333333432674408	0.7626252174377441	0.5	-2.0	0.6666666865348816	2.6666667461395264	2	6	0	28	14	0.9999999999999997	14	14	20
Ceu9AkIjuLY	10	-0.5333333015441895	-0.6666666865348816	0.7483314871788025	0.6666666865348816	-1.6666666269302368	0.6666666865348816	2.3333332538604736	2	6	2	45	18	1.0000000000000002	18	24	34
CfWxp5bRt2A	5	0.3333333432674408	0.3333333432674408	0.3651483654975891	0.3333333432674408	0.0	1.0	1.0	3	0	2	10	2	1.0	2	2	4
Cj7R36s4dbM	8	0.125	0.3333333432674408	0.40611645579338074	0.1666666716337204	-0.6666666865348816	0.6666666865348816	1.3333333730697632	5	2	1	28	6	0.9999999999999999	6	6	12
CqFt3_uka14	5	0.20000000298023224	0.3333333432674408	0.1632993221282959	0.0	0.0	0.3333333432674408	0.3333333432674408	3	0	2	10	0	0.0	0	0	0
Ctc23Icfzvg	6	0.6111111044883728	0.8333333730697632	0.44790321588516235	0.1666666567325592	0.0	1.0	1.0	4	0	2	15	6	0.9999999999999999	6	6	8
CuF-UOcAFG8	3	1.6666666269302368	2.0	0.7200822830200195	0.33333325386047363	0.6666666865348816	2.3333332538604736	1.6666665077209473	3	0	0	3	2	1.0	2	2	2
CuFLRnu4FQ8	3	-0.3333333432674408	0.0	0.471404492855072	0.0	-1.0	0.0	1.0	0	1	2	3	2	1.0	2	2	2
CvW0Mh1EWFA	8	0.5	1.0	1.1303883790969849	0.3333333134651184	-2.0	2.0	4.0	6	2	0	28	17	1.0	17	17	22
CzstrpOTtgo	6	0.8333333134651184	1.0	0.6309897899627686	0.5	0.0	1.6666666269302368	1.6666666269302368	4	0	2	15	8	1.0	8	8	10
D-DqVICJXBU	1	-1.3333333730697632	-1.3333333730697632	0.0	0.0	-1.3333333730697632	-1.3333333730697632	0.0	0	1	0	0	0	0.0	0	0	0
D02PT0bl88A	5	0.2666666805744171	0.3333333432674408	0.24944384396076202	0.3333333432674408	0.0	0.6666666865348816	0.6666666865348816	3	0	2	10	0	0.0	0	0	2
D1I-Z8jaby8	2	0.5	0.5	0.1666666716337204	0.1666666716337204	0.3333333432674408	0.6666666865348816	0.3333333432674408	2	0	0	1	0	0.0	0	0	0
D5cQWqYcBAE	3	0.4444444477558136	0.0	0.6285393834114075	0.0	0.0	1.3333333730697632	1.3333333730697632	1	0	2	3	2	1.0	2	2	2
DEFDuYyc-Xw	8	0.1666666716337204	-0.1666666716337204	0.8660253882408142	0.6666666269302368	-1.0	1.3333333730697632	2.3333334922790527	3	4	1	28	16	1.0	16	16	19
DGeBPk1op3E	8	0.8333333730697632	0.8333333730697632	0.6666666865348816	0.5	0.0	2.0	2.0	6	0	2	28	13	0.9999999999999998	13	13	20
DNzA2UIkRZk	1	1.6666666269302368	1.6666666269302368	0.0	0.0	1.6666666269302368	1.6666666269302368	0.0	1	0	0	0	0	0.0	0	0	0
DQ7QKE3hzVg	3	0.6666666865348816	0.6666666865348816	0.2721655070781708	0.3333333134651184	0.3333333432674408	1.0	0.6666666269302368	3	0	0	3	0	0.0	0	0	1
DR9Hhpy8aA8	3	0.0	0.0	0.27216553688049316	0.3333333432674408	-0.3333333432674408	0.3333333432674408	0.6666666865348816	1	1	1	3	0	0.0	0	0	1
DVvJoMt9o80	2	1.1666666269302368	1.1666666269302368	0.4999999701976776	0.4999999701976776	0.6666666865348816	1.6666666269302368	0.9999999403953552	2	0	0	1	0	0.0	0	1	1
DXQGngge7vU	6	0.8888888359069824	0.8333333730697632	0.9162456393241882	0.8333333134651184	-0.3333333432674408	2.3333332538604736	2.6666665077209473	4	1	1	15	9	1.0000000000000002	9	10	13
DZBpdzrMelA	3	0.8888888359069824	1.0	0.6849348545074463	0.6666666269302368	0.0	1.6666666269302368	1.6666666269302368	2	0	1	3	2	1.0	2	2	3
DZIFCYOhosQ	10	-0.03333333507180214	0.0	0.5666666626930237	0.3333333432674408	-1.3333333730697632	1.0	2.3333334922790527	3	3	4	45	15	0.9999999999999999	15	15	21
DaXkixKFEvE	3	0.6666666865348816	0.6666666865348816	0.2721655070781708	0.3333333134651184	0.3333333432674408	1.0	0.6666666269302368	3	0	0	3	0	0.0	0	0	1
DatH-ra0VKY	10	1.1666667461395264	1.1666667461395264	0.6540471911430359	0.4999999701976776	0.0	2.0	2.0	9	0	1	45	18	1.0000000000000002	18	20	30
DbAppk7xT0Y	7	-0.1904761791229248	0.3333333432674408	0.9735736846923828	0.3333333432674408	-1.6666666269302368	1.0	2.6666665077209473	4	2	1	21	11	1.0000000000000002	11	11	14
DfTMoqwMHVE	7	0.095238097012043	0.0	0.1505846530199051	0.0	0.0	0.3333333432674408	0.3333333432674408	2	0	5	21	0	0.0	0	0	0
DgO5O-oDeX8	3	0.8888888359069824	1.0	0.6849348545074463	0.6666666269302368	0.0	1.6666666269302368	1.6666666269302368	2	0	1	3	2	1.0	2	2	3
DhXBaBOB4E8	1	0.6666666865348816	0.6666666865348816	0.0	0.0	0.6666666865348816	0.6666666865348816	0.0	1	0	0	0	0	0.0	0	0	0
DiOw-w5LDJ0	6	0.6111111044883728	0.6666666865348816	0.3557291328907013	0.3333333134651184	0.0	1.0	1.0	5	0	1	15	2	1.0	2	2	6
Dnhxm6sHQpc	5	0.4000000059604645	0.3333333432674408	0.24944384396076202	0.3333333432674408	0.0	0.6666666865348816	0.6666666865348816	4	0	1	10	0	0.0	0	0	2
Dq7V30WhOJQ	2	0.0	0.0	0.0	0.0	0.0	0.0	0.0	0	0	2	1	0	0.0	0	0	0
Drhrzj1yhVs	4	0.0833333283662796	0.0	0.5951189994812012	0.3333333432674408	-0.6666666865348816	1.0	1.6666667461395264	1	1	2	6	3	1.0	3	3	5
DtwbwyfajnI	4	0.9999999403953552	1.0	0.849836528301239	0.8333333134651184	0.0	2.0	2.0	3	0	1	6	4	1.0	4	4	4
Dws8ZrzF7xQ	6	0.5	0.5	0.3191423714160919	0.1666666865348816	0.0	1.0	1.0	5	0	1	15	1	1.0	1	1	5
E05bA058vts	1	1.6666666269302368	1.6666666269302368	0.0	0.0	1.6666666269302368	1.6666666269302368	0.0	1	0	0	0	0	0.0	0	0	0
E0g6nae4Ae4	31	0.7526881694793701	0.6666666865348816	0.4396784007549286	0.3333333134651184	0.0	1.6666666269302368	1.6666666269302368	27	0	4	465	64	1.0	76	86	211
E7ZLz3tSwNM	4	0.0833333358168602	0.0	0.14433756470680237	0.0	0.0	0.3333333432674408	0.3333333432674408	1	0	3	6	0	0.0	0	0	0
E8L1Z71vKG8	3	-0.2222222089767456	0.0	0.566557765007019	0.3333333432674408	-1.0	0.3333333432674408	1.3333333730697632	1	1	1	3	2	1.0	2	2	2
EEUGfVTyTQM	7	0.7142857909202576	1.0	0.5172752737998962	0.3333333134651184	-0.3333333432674408	1.3333333730697632	1.6666667461395264	6	1	0	21	6	0.9999999999999999	6	6	11
EGA6iulTr00	4	0.4166666865348816	0.3333333432674408	0.4330126941204071	0.3333333432674408	0.0	1.0	1.0	2	0	2	6	2	1.0	2	2	4
EHbZ2EeVags	1	1.3333333730697632	1.3333333730697632	0.0	0.0	1.3333333730697632	1.3333333730697632	0.0	1	0	0	0	0	0.0	0	0	0
EJT25p7JahU	5	0.06666667014360428	0.3333333432674408	0.7423686385154724	0.3333333432674408	-1.3333333730697632	0.6666666865348816	2.0	3	1	1	10	4	1.0	4	4	6
EK2bnbzmJs4	2	2.0	2.0	0.3333333134651184	0.3333333134651184	1.6666666269302368	2.3333332538604736	0.6666666269302368	2	0	0	1	0	0.0	0	0	1
ELtbrO8FbuI	1	0.6666666865348816	0.6666666865348816	0.0	0.0	0.6666666865348816	0.6666666865348816	0.0	1	0	0	0	0	0.0	0	0	0
EO_SN04Xef0	5	1.7333333492279053	1.6666666269302368	0.6463572978973389	0.3333333730697632	0.6666666865348816	2.6666667461395264	2.0	5	0	0	10	4	1.0	4	6	7
EOkdFMw0pmk	10	0.13333334028720856	0.0	0.3711843192577362	0.0	-0.3333333432674408	1.0	1.3333333730697632	2	1	7	45	9	1.0000000000000002	9	9	16
ERnYvxojeu0	6	0.2777777910232544	0.1666666716337204	0.3557291328907013	0.1666666716337204	0.0	1.0	1.0	3	0	3	15	3	1.0	3	3	5
EULEL3QhKD0	4	0.8333333730697632	0.8333333730697632	0.6871842741966248	0.6666666269302368	0.0	1.6666666269302368	1.6666666269302368	3	0	1	6	4	1.0	4	4	4
EZkOWskJl20	2	0.5	0.5	0.1666666716337204	0.1666666716337204	0.3333333432674408	0.6666666865348816	0.3333333432674408	2	0	0	1	0	0.0	0	0	0
E_ocLuUw-1I	5	0.7666666507720947	0.5	0.6200358271598816	0.5	0.0	1.5	1.5	4	0	1	10	6	0.9999999999999999	6	6	7
E_oqbJatW3E	2	1.3333333730697632	1.3333333730697632	0.6666666269302368	0.6666666269302368	0.6666666865348816	2.0	1.3333332538604736	2	0	0	1	1	1.0	1	1	1
Ea_Huc2-lwo	3	1.6666666269302368	1.6666666269302368	0.2721655070781708	0.33333325386047363	1.3333333730697632	2.0	0.6666666269302368	3	0	0	3	0	0.0	0	0	1
EfQoSpEZa0o	4	0.9999999403953552	1.0	0.527046263217926	0.5	0.3333333432674408	1.6666666269302368	1.3333332538604736	4	0	0	6	2	1.0	2	3	4
EiG3r8hAVeY	8	0.5416666269302368	0.1666666716337204	1.141849160194397	1.0	-1.0	2.3333332538604736	3.3333332538604736	4	2	2	28	19	0.9999999999999996	19	20	23
Emi9cw9xa00	11	0.6666666865348816	0.6666666865348816	0.9744203090667725	0.6666666865348816	-1.0	2.3333332538604736	3.3333332538604736	8	2	1	55	28	0.9999999999999997	28	32	41
Emjv2cDzW1E	3	0.8888888359069824	0.3333333432674408	1.0304020643234253	0.3333333432674408	0.0	2.3333332538604736	2.3333332538604736	2	0	1	3	2	1.0	2	2	2
EoC83JhkCAw	11	1.39393949508667	1.0	0.6485131978988647	0.3333333134651184	0.6666666865348816	2.6666667461395264	2.0	11	0	0	55	20	1.0000000000000002	20	23	32
EpadyoYlAjQ	7	0.9047619104385376	1.0	0.9547589421272278	0.6666666269302368	-0.3333333432674408	2.6666667461395264	3.0	5	1	1	21	13	0.9999999999999998	13	13	18
ExDLNkDVsxY	9	0.18518519401550293	0.0	0.31860464811325073	0.3333333432674408	-0.3333333432674408	0.6666666865348816	1.0	4	1	4	36	2	1.0	2	2	12
F2M7WbPXRps	4	0.0833333358168602	0.1666666716337204	0.2763853967189789	0.1666666716337204	-0.3333333432674408	0.3333333432674408	0.6666666865348816	2	1	1	6	0	0.0	0	0	2
F4OhXQTMOEc	7	-0.2380952686071396	-0.3333333432674408	0.7707816362380981	0.3333333432674408	-1.3333333730697632	1.3333333730697632	2.6666667461395264	1	4	2	21	9	1.0000000000000002	9	9	15
F59hwsm4Ld0	46	0.8550723791122437	1.0	0.7634531259536743	0.3333333730697632	-0.6666666865348816	2.6666667461395264	3.3333334922790527	38	5	3	1035	64	1.0	411	455	660
F5SGdvSRJmo	11	0.8484849333763123	1.0	0.857099175453186	0.6666666269302368	-1.0	2.0	3.0	8	1	2	55	25	1.0000000000000002	25	29	41
F6Ci45lP5aA	3	0.8888888955116272	0.6666666865348816	0.8314794301986694	0.6666666865348816	0.0	2.0	2.0	2	0	1	3	2	1.0	2	2	3
F8KE2ZhoUe4	14	0.8571428656578064	1.0	0.5302632451057434	0.3333333730697632	0.0	1.6666666269302368	1.6666666269302368	12	0	2	91	24	0.9999999999999996	24	28	52
F9NruwaEmA8	2	0.6666666865348816	0.6666666865348816	0.3333333134651184	0.3333333134651184	0.3333333432674408	1.0	0.6666666269302368	2	0	0	1	0	0.0	0	0	1
FCMbWx2JpZ0	2	1.6666666269302368	1.6666666269302368	0.0	0.0	1.6666666269302368	1.6666666269302368	0.0	2	0	0	1	0	0.0	0	0	0
FGnHDWGYsA8	2	2.3333334922790527	2.3333334922790527	0.3333333730697632	0.3333333730697632	2.0	2.6666667461395264	0.6666667461395264	2	0	0	1	0	0.0	0	0	1
FHlzZ2VxuGQ	8	-0.1250000149011612	-0.1666666716337204	1.2011278867721558	1.1666667461395264	-1.6666666269302368	1.6666666269302368	3.3333332538604736	4	4	0	28	17	1.0	17	18	24
FJgO-FICHlA	2	1.1666666269302368	1.1666666269302368	0.4999999701976776	0.4999999701976776	0.6666666865348816	1.6666666269302368	0.9999999403953552	2	0	0	1	0	0.0	0	1	1
FLyWn2DCci4	3	0.2222222238779068	0.3333333432674408	0.15713484585285187	0.0	0.0	0.3333333432674408	0.3333333432674408	2	0	1	3	0	0.0	0	0	0
FMW6diQ9rMo	8	0.1666666716337204	0.0	0.5	0.3333333432674408	-0.3333333432674408	1.0	1.3333333730697632	3	3	2	28	11	1.0000000000000002	11	11	15
FMif4HMBZjo	1	0.3333333432674408	0.3333333432674408	0.0	0.0	0.3333333432674408	0.3333333432674408	0.0	1	0	0	0	0	0.0	0	0	0
FNbULlE9RKg	4	0.25	0.1666666716337204	0.2763853967189789	0.1666666716337204	0.0	0.6666666865348816	0.6666666865348816	2	0	2	6	0	0.0	0	0	2
FOMXt3lStco	3	0.2222222238779068	0.3333333432674408	0.15713484585285187	0.0	0.0	0.3333333432674408	0.3333333432674408	2	0	1	3	0	0.0	0	0	0
FP3o75bpi8k	3	0.2222222238779068	0.3333333432674408	0.15713484585285187	0.0	0.0	0.3333333432674408	0.3333333432674408	2	0	1	3	0	0.0	0	0	0
FR0B64ID-hA	2	0.3333333432674408	0.3333333432674408	1.0	1.0	-0.6666666865348816	1.3333333730697632	2.0	1	1	0	1	1	1.0	1	1	1
FRKwvmrwrZA	12	0.3888888657093048	0.5	0.6060395240783691	0.5	-0.6666666865348816	1.6666666269302368	2.3333332538604736	7	2	3	66	20	1.0000000000000002	20	24	42
FSGL5K2EEdo	2	0.6666666865348816	0.6666666865348816	0.3333333134651184	0.3333333134651184	0.3333333432674408	1.0	0.6666666269302368	2	0	0	1	0	0.0	0	0	1
FWBCTZiijEM	3	0.6666666865348816	0.6666666865348816	0.2721655070781708	0.3333333134651184	0.3333333432674408	1.0	0.6666666269302368	3	0	0	3	0	0.0	0	0	1
FX-YgVKC1AI	3	0.7777778506278992	0.6666666865348816	0.4157397150993347	0.3333333432674408	0.3333333432674408	1.3333333730697632	1.0	3	0	0	3	1	1.0	1	1	2
FX87sfrE47w	3	0.555555522441864	0.0	0.7856742143630981	0.0	0.0	1.6666666269302368	1.6666666269302368	1	0	2	3	2	1.0	2	2	2
FaHosBIr0xY	3	9.934107758624577e-09	0.3333333432674408	0.7200822830200195	0.3333333432674408	-1.0	0.6666666865348816	1.6666667461395264	2	1	0	3	2	1.0	2	2	2
FcAgbLF6__s	1	0.3333333432674408	0.3333333432674408	0.0	0.0	0.3333333432674408	0.3333333432674408	0.0	1	0	0	0	0	0.0	0	0	0
FdTczBnXtYU	4	0.4166666865348816	0.1666666716337204	0.5464532375335693	0.1666666716337204	0.0	1.3333333730697632	1.3333333730697632	2	0	2	6	3	1.0	3	3	3
FfavRdRKsAQ	10	0.9999998807907104	0.8333333730697632	0.4472135603427887	0.3333333432674408	0.3333333432674408	1.6666666269302368	1.3333332538604736	10	0	0	45	4	1.0	4	12	23
FmE9BtTmxnE	1	0.6666666865348816	0.6666666865348816	0.0	0.0	0.6666666865348816	0.6666666865348816	0.0	1	0	0	0	0	0.0	0	0	0
FmIS69vB12I	12	0.138888880610466	0.1666666716337204	0.6002829074859619	0.1666666716337204	-0.6666666865348816	1.3333333730697632	2.0	6	3	3	66	28	0.9999999999999997	28	28	41
Fmwc7wkIc4Q	15	0.06666665524244308	0.0	0.38873010873794556	0.0	-0.6666666865348816	1.0	1.6666667461395264	5	2	8	105	18	1.0000000000000002	18	18	38
FphtHpVV-7w	4	0.1666666716337204	0.3333333432674408	0.7637625932693481	0.5	-1.0	1.0	2.0	2	1	1	6	4	1.0	4	4	5
FsmNLTdE2p0	2	1.0	1.0	0.6666666269302368	0.6666666269302368	0.3333333432674408	1.6666666269302368	1.3333332538604736	2	0	0	1	1	1.0	1	1	1
FvoZgWvc3gc	5	0.5333333015441895	0.6666666865348816	0.9568467140197754	1.0	-0.6666666865348816	2.0	2.6666667461395264	3	2	0	10	8	1.0	8	8	8
FylhSeozvG8	13	0.25641024112701416	0.3333333432674408	0.6013354063034058	0.3333333432674408	-1.3333333730697632	1.0	2.3333334922790527	8	2	3	78	23	0.9999999999999996	23	23	41
G1Z_JUTgZqo	3	0.1111111119389534	0.0	0.15713484585285187	0.0	0.0	0.3333333432674408	0.3333333432674408	1	0	2	3	0	0.0	0	0	0
G38DwNDQ8Cc	20	-0.7666666507720947	-0.6666666865348816	0.659123957157135	0.3333333432674408	-2.3333332538604736	0.3333333432674408	2.6666665077209473	1	16	3	190	64	1.0	66	74	119
G3RPgs_7l3U	3	0.4444444477558136	0.3333333432674408	0.4157397150993347	0.3333333432674408	0.0	1.0	1.0	2	0	1	3	1	1.0	1	1	2
G4HMKRdIva0	17	0.2549019455909729	0.6666666865348816	1.0259981155395508	1.0	-1.6666666269302368	2.0	3.6666665077209473	9	8	0	136	64	1.0	81	83	95
G8aL3bM39co	6	0.8888888359069824	1.1666667461395264	1.1166528463363647	0.33333340287208557	-1.3333333730697632	2.3333332538604736	3.6666665077209473	5	1	0	15	7	0.9999999999999998	7	9	11
G8p4QMjLUXI	9	0.6296296119689941	0.6666666865348816	0.8526566624641418	0.3333333432674408	-0.6666666865348816	2.6666667461395264	3.3333334922790527	7	1	1	36	15	0.9999999999999999	15	15	21
GAY5ICoVnA8	10	0.7666666507720947	0.6666666865348816	0.6333333253860474	0.3333333134651184	0.0	2.3333332538604736	2.3333332538604736	8	0	2	45	15	0.9999999999999999	15	15	24
GCOFujDHDx0	7	0.1428571492433548	0.3333333432674408	0.3499271273612976	0.3333333432674408	-0.3333333432674408	0.6666666865348816	1.0	4	2	1	21	2	1.0	2	2	9
GICVzJMDfv0	2	0.5	0.5	0.5	0.5	0.0	1.0	1.0	1	0	1	1	1	1.0	1	1	1
GJyzeK-Cn-0	1	0.6666666865348816	0.6666666865348816	0.0	0.0	0.6666666865348816	0.6666666865348816	0.0	1	0	0	0	0	0.0	0	0	0
GMHW6XEO1ms	5	0.0	0.0	0.42163705825805664	0.0	-0.6666666865348816	0.6666666865348816	1.3333333730697632	1	1	3	10	1	1.0	1	1	7
GMjQUrlMa50	4	0.3333333432674408	0.3333333432674408	0.2357022762298584	0.1666666716337204	0.0	0.6666666865348816	0.6666666865348816	3	0	1	6	0	0.0	0	0	1
GMnoxaqqReQ	2	-0.1666666716337204	-0.1666666716337204	0.1666666716337204	0.1666666716337204	-0.3333333432674408	0.0	0.3333333432674408	0	1	1	1	0	0.0	0	0	0
GOj7TBcEA8E	17	0.7450980544090271	0.6666666865348816	0.566256046295166	0.3333333432674408	0.0	2.0	2.0	13	0	4	136	47	1.0000000000000004	47	47	79
GRFXnnrQaB4	6	-0.3888888657093048	0.0	0.6211299896240234	0.0	-1.6666666269302368	0.0	1.6666666269302368	0	2	4	15	4	1.0	4	5	9
GSnt_fW8qjI	7	0.8571428656578064	0.6666666865348816	0.4994328022003174	0.3333333134651184	0.0	1.6666666269302368	1.6666666269302368	6	0	1	21	3	1.0	3	6	13
GTGtVdAuyRc	9	0.8148148059844971	0.6666666865348816	0.5237827301025391	0.3333333432674408	0.3333333432674408	1.6666666269302368	1.3333332538604736	9	0	0	36	8	1.0	8	10	22
GUffC7vu9zA	7	0.6190476417541504	0.3333333432674408	0.6529194712638855	0.3333333432674408	0.0	2.0	2.0	5	0	2	21	8	1.0	8	8	12
G_M3lYn6hAA	3	1.0	0.6666666865348816	0.9813067317008972	0.6666666865348816	0.0	2.3333332538604736	2.3333332538604736	2	0	1	3	2	1.0	2	2	3
Gbg8qiKQkhM	1	0.3333333432674408	0.3333333432674408	0.0	0.0	0.3333333432674408	0.3333333432674408	0.0	1	0	0	0	0	0.0	0	0	0
GcfETVXgtg0	4	1.0833332538604736	1.0	0.4330126941204071	0.3333333432674408	0.6666666865348816	1.6666666269302368	0.9999999403953552	4	0	0	6	0	0.0	0	2	4
GdFP_p4eQX0	5	0.13333334028720856	0.0	0.33993464708328247	0.3333333432674408	-0.3333333432674408	0.6666666865348816	1.0	2	1	2	10	1	1.0	1	1	4
GeSTiDe1hG0	1	0.6666666865348816	0.6666666865348816	0.0	0.0	0.6666666865348816	0.6666666865348816	0.0	1	0	0	0	0	0.0	0	0	0
Gg9ZcRlwnbc	12	0.638888955116272	0.5	1.0668257474899292	0.6666666865348816	-1.3333333730697632	2.3333332538604736	3.6666665077209473	8	2	2	66	40	1.0000000000000004	40	41	52
GjCUDqWSI6c	2	0.0	0.0	0.3333333432674408	0.3333333432674408	-0.3333333432674408	0.3333333432674408	0.6666666865348816	1	1	0	1	0	0.0	0	0	1
GkoBk5K-FH0	15	0.06666669249534607	0.3333333432674408	1.116873860359192	0.6666666269302368	-1.6666666269302368	1.6666666269302368	3.3333332538604736	8	5	2	105	63	0.9999999999999982	63	65	78
Gljee9uq_Rc	14	-0.261904776096344	-0.3333333432674408	0.9526785612106323	0.5	-1.6666666269302368	1.6666666269302368	3.3333332538604736	3	8	3	91	46	0.9999999999999994	46	51	69
Gmhi58erY6k	7	-0.3333333134651184	0.0	0.6900655627250671	0.3333333432674408	-1.3333333730697632	0.6666666865348816	2.0	1	3	3	21	11	1.0000000000000002	11	11	14
GpRDC-S88dM	28	1.0119048357009888	1.0	0.7942358255386353	0.5	-1.0	2.6666667461395264	3.6666667461395264	26	2	0	378	64	1.0	139	159	239
GtRxTvuF6J0	6	1.277777910232544	1.1666667461395264	0.7049209475517273	0.16666674613952637	0.3333333432674408	2.6666667461395264	2.3333334922790527	6	0	0	15	7	0.9999999999999998	7	7	9
Gv0kKbfwPpI	3	0.6666666865348816	0.0	0.942808985710144	0.0	0.0	2.0	2.0	1	0	2	3	2	1.0	2	2	2
Gvg_80PlAAs	1	-0.6666666865348816	-0.6666666865348816	0.0	0.0	-0.6666666865348816	-0.6666666865348816	0.0	0	1	0	0	0	0.0	0	0	0
GxWLhv-Vt78	2	0.3333333432674408	0.3333333432674408	0.0	0.0	0.3333333432674408	0.3333333432674408	0.0	2	0	0	1	0	0.0	0	0	0
GxcOSmJAyYQ	3	-0.1111111119389534	0.0	0.15713484585285187	0.0	-0.3333333432674408	0.0	0.3333333432674408	0	1	2	3	0	0.0	0	0	0
H-AJ-grXvgQ	4	0.5	0.5	0.3726780116558075	0.3333333432674408	0.0	1.0	1.0	3	0	1	6	1	1.0	1	1	3
H26MMmrHTlQ	10	0.30000001192092896	0.1666666716337204	0.5259911417961121	0.3333333432674408	-0.3333333432674408	1.3333333730697632	1.6666667461395264	5	2	3	45	14	0.9999999999999997	14	14	24
H4RysMUSQD8	8	0.8333333730697632	0.8333333730697632	0.5773502588272095	0.5	0.0	1.6666666269302368	1.6666666269302368	6	0	2	28	8	1.0	8	10	19
H4w9mU8B3Mc	4	0.5833333730697632	0.5	0.4930066466331482	0.3333333432674408	0.0	1.3333333730697632	1.3333333730697632	3	0	1	6	2	1.0	2	2	4
H9zVQlzit8Y	1	0.6666666865348816	0.6666666865348816	0.0	0.0	0.6666666865348816	0.6666666865348816	0.0	1	0	0	0	0	0.0	0	0	0
HAid0IEUoFQ	3	0.2222222238779068	0.3333333432674408	0.15713484585285187	0.0	0.0	0.3333333432674408	0.3333333432674408	2	0	1	3	0	0.0	0	0	0
HByf7qiO-Kg	12	0.277777761220932	0.3333333432674408	0.42673030495643616	0.3333333432674408	-0.6666666865348816	1.0	1.6666667461395264	7	1	4	66	11	1.0000000000000002	11	11	30
HD17J-FvROQ	3	0.8888888359069824	1.0	0.6849348545074463	0.6666666269302368	0.0	1.6666666269302368	1.6666666269302368	2	0	1	3	2	1.0	2	2	3
HIsJqphLCyw	3	0.0	0.0	0.0	0.0	0.0	0.0	0.0	0	0	3	3	0	0.0	0	0	0
HLFaW4oVP9E	7	0.5238094925880432	0.3333333432674408	0.6867716908454895	0.3333333432674408	-0.3333333432674408	2.0	2.3333332538604736	5	1	1	21	8	1.0	8	8	12
HOCsiS0pmf0	5	0.8666666150093079	0.6666666865348816	0.8589398860931396	0.9999999403953552	-0.3333333432674408	2.0	2.3333332538604736	4	1	0	10	6	0.9999999999999999	6	7	8
HObh42PhOfw	4	0.0833333358168602	0.0	0.14433757960796356	0.0	0.0	0.3333333432674408	0.3333333432674408	1	0	3	6	0	0.0	0	0	0
HQ2LwfRcrVc	8	0.5416666865348816	0.5	1.1539485454559326	1.0	-1.0	2.3333332538604736	3.3333332538604736	4	2	2	28	21	1.0000000000000004	21	22	24
HQ9NnDQcxD4	2	1.6666667461395264	1.6666667461395264	0.3333333134651184	0.3333333134651184	1.3333333730697632	2.0	0.6666666269302368	2	0	0	1	0	0.0	0	0	1
HS-2vVP95u8	2	0.0	0.0	0.6666666865348816	0.6666666865348816	-0.6666666865348816	0.6666666865348816	1.3333333730697632	1	1	0	1	1	1.0	1	1	1
HUH9BXVmAig	2	0.8333333730697632	0.8333333730697632	0.1666666567325592	0.1666666567325592	0.6666666865348816	1.0	0.3333333134651184	2	0	0	1	0	0.0	0	0	0
HUOMbK1x7MI	11	0.3030303120613098	0.3333333432674408	0.2641757130622864	0.3333333432674408	0.0	0.6666666865348816	0.6666666865348816	7	0	4	55	0	0.0	0	0	12
HVksxaUzv9Y	5	1.1920929132713809e-08	0.0	0.5577733516693115	0.3333333432674408	-1.0	0.6666666865348816	1.6666667461395264	2	1	2	10	4	1.0	4	4	6
HWLpH3NMtFs	3	1.9868215517249155e-08	0.3333333432674408	0.7200822830200195	0.3333333432674408	-1.0	0.6666666865348816	1.6666667461395264	2	1	0	3	2	1.0	2	2	2
HXuRR2eBHHQ	4	2.4166667461395264	2.3333334922790527	0.4330126941204071	0.33333349227905273	2.0	3.0	1.0	4	0	0	6	2	1.0	2	2	4
Ha7DMd_iKyM	2	0.1666666716337204	0.1666666716337204	0.1666666716337204	0.1666666716337204	0.0	0.3333333432674408	0.3333333432674408	1	0	1	1	0	0.0	0	0	0
HfLVQZLvcH8	1	0.0	0.0	0.0	0.0	0.0	0.0	0.0	0	0	1	0	0	0.0	0	0	0
HgDdU_RB9UA	7	0.3809523582458496	0.3333333432674408	1.0301575660705566	1.0	-1.0	2.0	3.0	4	2	1	21	15	0.9999999999999999	15	15	16
HhpziYYP2Vg	14	0.4523809254169464	0.5	0.7083083391189575	0.5	-1.0	1.6666666269302368	2.6666665077209473	9	3	2	91	39	1.0000000000000004	39	41	62
HjLpXXFoAQw	2	0.5	0.5	0.1666666716337204	0.1666666716337204	0.3333333432674408	0.6666666865348816	0.3333333432674408	2	0	0	1	0	0.0	0	0	0
Hkt_kncJGVM	3	1.2222222089767456	1.0	0.5665577054023743	0.3333333134651184	0.6666666865348816	2.0	1.3333332538604736	3	0	0	3	2	1.0	2	2	2
HqtvFTa29L8	1	0.6666666865348816	0.6666666865348816	0.0	0.0	0.6666666865348816	0.6666666865348816	0.0	1	0	0	0	0	0.0	0	0	0
HxyfY7hsjOg	5	1.933333158493042	2.0	0.5734883546829224	0.3333333730697632	1.0	2.6666667461395264	1.6666667461395264	5	0	0	10	4	1.0	4	4	7
I--8nRKCkJI	8	0.9583333730697632	1.0	0.5877806544303894	0.3333333730697632	0.0	2.0	2.0	7	0	1	28	11	1.0000000000000002	11	11	18
I3SPlbTGuNc	16	0.7291666865348816	0.6666666865348816	0.6893913149833679	0.3333333432674408	-0.6666666865348816	2.3333332538604736	3.0	13	1	2	120	38	0.9999999999999992	38	46	76
I5cS_TlV5B8	6	0.7222221493721008	0.8333333730697632	1.0076864957809448	0.8333333134651184	-1.0	2.0	3.0	4	1	1	15	10	0.9999999999999999	10	11	13
I8MM8y1XVjs	4	0.3333333432674408	0.1666666716337204	0.40824827551841736	0.1666666716337204	0.0	1.0	1.0	2	0	2	6	2	1.0	2	2	3
IAmZ5iWHxw4	3	0.7777777314186096	0.0	1.0999438762664795	0.0	0.0	2.3333332538604736	2.3333332538604736	1	0	2	3	2	1.0	2	2	2
IAubgwEiCcY	6	0.4444444477558136	0.3333333432674408	0.566557765007019	0.5	-0.3333333432674408	1.3333333730697632	1.6666667461395264	4	1	1	15	6	0.9999999999999999	6	6	10
IB0lGIxP8YY	7	-0.4285714626312256	-0.6666666865348816	0.659828782081604	0.3333333134651184	-1.0	1.0	2.0	1	5	1	21	8	1.0	8	8	11
ICeSewdyf34	5	1.600000023841858	1.6666666269302368	0.13333331048488617	0.0	1.3333333730697632	1.6666666269302368	0.33333325386047363	5	0	0	10	0	0.0	0	0	0
IDVbPEket6U	3	0.4444444477558136	0.3333333432674408	0.15713484585285187	0.0	0.3333333432674408	0.6666666865348816	0.3333333432674408	3	0	0	3	0	0.0	0	0	0
IHv_yBn83P8	2	1.1666667461395264	1.1666667461395264	0.1666666865348816	0.1666666865348816	1.0	1.3333333730697632	0.3333333730697632	2	0	0	1	0	0.0	0	0	0
IKXWSNf4m2k	2	-0.5	-0.5	0.5	0.5	-1.0	0.0	1.0	0	1	1	1	1	1.0	1	1	1
ITQTVfk9Iqo	12	0.02777777425944805	0.0	0.49922776222229004	0.3333333432674408	-0.6666666865348816	1.3333333730697632	2.0	4	5	3	66	14	0.9999999999999997	14	14	29
IW7IssCKgmI	9	0.9259259104728699	1.3333333730697632	0.4655483663082123	0.0	0.3333333432674408	1.3333333730697632	1.0	9	0	0	36	15	0.9999999999999999	15	15	20
I_r2CP56toU	1	0.3333333432674408	0.3333333432674408	0.0	0.0	0.3333333432674408	0.3333333432674408	0.0	1	0	0	0	0	0.0	0	0	0
IawsOlEKRf0	9	0.29629626870155334	0.0	0.8526566624641418	0.6666666865348816	-0.6666666865348816	1.6666666269302368	2.3333332538604736	4	3	2	36	18	1.0000000000000002	18	19	29
IgenXuE4qIM	2	1.0	1.0	0.0	0.0	1.0	1.0	0.0	2	0	0	1	0	0.0	0	0	0
IiGzuoblKSM	1	1.6666666269302368	1.6666666269302368	0.0	0.0	1.6666666269302368	1.6666666269302368	0.0	1	0	0	0	0	0.0	0	0	0
IiX1k0oYW_w	2	1.8333332538604736	1.8333332538604736	0.1666666865348816	0.1666666865348816	1.6666666269302368	2.0	0.3333333730697632	2	0	0	1	0	0.0	0	0	0
IkvL4IAiZog	2	0.3333333432674408	0.3333333432674408	0.0	0.0	0.3333333432674408	0.3333333432674408	0.0	2	0	0	1	0	0.0	0	0	0
IlgnbEdOhmI	3	1.0	1.0	0.27216553688049316	0.3333333134651184	0.6666666865348816	1.3333333730697632	0.6666666865348816	3	0	0	3	0	0.0	0	0	1
IsAtAzltJNM	6	0.7777777314186096	0.6666666865348816	0.6573421955108643	0.3333333432674408	0.0	2.0	2.0	5	0	1	15	7	0.9999999999999998	7	7	11
It6xg0WcqJ0	1	1.0	1.0	0.0	0.0	1.0	1.0	0.0	1	0	0	0	0	0.0	0	0	0
ItnyexqXR_U	3	-0.6666666865348816	-1.0	0.7200822830200195	0.3333333730697632	-1.3333333730697632	0.3333333432674408	1.6666667461395264	1	2	0	3	2	1.0	2	2	2
Itqbc2TBXWY	26	0.6153846383094788	0.5	0.611096203327179	0.5	0.0	2.6666667461395264	2.6666667461395264	19	0	7	325	64	1.0	86	91	166
IwQWibE8EOM	7	1.5714285373687744	1.6666666269302368	0.4616837799549103	0.3333333730697632	1.0	2.3333332538604736	1.3333332538604736	7	0	0	21	4	1.0	4	5	12
Iz_PDdyXr-8	5	0.4000000059604645	0.3333333432674408	0.24944384396076202	0.3333333432674408	0.0	0.6666666865348816	0.6666666865348816	4	0	1	10	0	0.0	0	0	2
J3-NEG8uoiE	15	0.7777777314186096	0.6666666865348816	0.8314794301986694	0.3333333432674408	-1.3333333730697632	2.0	3.3333334922790527	13	1	1	105	44	0.9999999999999994	44	52	66
J3JU1zBQ4RM	6	1.5000001192092896	1.3333333730697632	0.2545875012874603	0.0	1.3333333730697632	2.0	0.6666666269302368	6	0	0	15	0	0.0	0	0	4
J6zbBfzW7a0	2	1.1666667461395264	1.1666667461395264	0.1666666865348816	0.1666666865348816	1.0	1.3333333730697632	0.3333333730697632	2	0	0	1	0	0.0	0	0	0
J7UduuBfnrE	9	-0.3333333432674408	-0.3333333432674408	0.7200823426246643	0.3333333432674408	-1.3333333730697632	1.0	2.3333334922790527	2	5	2	36	17	1.0	17	17	27
JAbFsRxxnFo	4	1.25	1.1666667461395264	0.4930066466331482	0.33333340287208557	0.6666666865348816	2.0	1.3333332538604736	4	0	0	6	2	1.0	2	2	4
JCg26b8EO48	10	1.5	2.0	0.7923242449760437	0.16666662693023682	-0.3333333432674408	2.3333332538604736	2.6666665077209473	9	1	0	45	21	1.0000000000000004	21	22	28
JDgqyOkzXHw	10	0.6333333253860474	0.6666666865348816	0.5044248700141907	0.5	0.0	1.3333333730697632	1.3333333730697632	7	0	3	45	14	0.9999999999999997	14	14	26
JF-5nlUNx_g	23	0.8115941882133484	0.6666666865348816	0.7474664449691772	0.6666666865348816	-0.3333333432674408	2.6666667461395264	3.0	18	1	4	253	64	1.0	109	115	161
JGEEA_JVriE	1	1.0	1.0	0.0	0.0	1.0	1.0	0.0	1	0	0	0	0	0.0	0	0	0
JGZb_ygtB0g	2	-0.6666666269302368	-0.6666666269302368	1.0	1.0	-1.6666666269302368	0.3333333432674408	2.0	1	1	0	1	1	1.0	1	1	1
JHW3nD6flgU	8	1.2916666269302368	1.3333333730697632	0.38864079117774963	0.3333333134651184	0.6666666865348816	2.0	1.3333332538604736	8	0	0	28	3	1.0	3	4	12
JLqBVj6f5gI	15	1.4222222566604614	1.3333333730697632	0.6935327053070068	0.3333333730697632	0.3333333432674408	2.6666667461395264	2.3333334922790527	15	0	0	105	39	1.0000000000000004	39	46	72
JMb18N7lQ0A	2	-0.1666666716337204	-0.1666666716337204	0.1666666716337204	0.1666666716337204	-0.3333333432674408	0.0	0.3333333432674408	0	1	1	1	0	0.0	0	0	0
JMzilFvwNXE	3	0.3333333432674408	0.6666666865348816	0.4714045226573944	0.0	-0.3333333432674408	0.6666666865348816	1.0	2	1	0	3	2	1.0	2	2	2
JP95Fby6qLE	9	1.3333333730697632	1.3333333730697632	0.6849348545074463	0.6666666865348816	0.3333333432674408	2.3333332538604736	1.9999998807907104	9	0	0	36	11	1.0000000000000002	11	17	26
JSlTJsUulH0	2	-0.3333333432674408	-0.3333333432674408	0.3333333432674408	0.3333333432674408	-0.6666666865348816	0.0	0.6666666865348816	0	1	1	1	0	0.0	0	0	1
JW2HHfQiGVs	6	0.2777777910232544	0.1666666716337204	0.5905636548995972	0.5	-0.3333333432674408	1.3333333730697632	1.6666667461395264	3	2	1	15	6	0.9999999999999999	6	6	10
JW3OfSCZlhc	3	0.1111111119389534	0.0	0.15713484585285187	0.0	0.0	0.3333333432674408	0.3333333432674408	1	0	2	3	0	0.0	0	0	0
JWG_MUy7EWQ	3	0.2222222238779068	0.3333333432674408	0.15713484585285187	0.0	0.0	0.3333333432674408	0.3333333432674408	2	0	1	3	0	0.0	0	0	0
JX-mwjSw0dk	4	-0.4166666865348816	-0.5	0.7216878533363342	0.5	-1.3333333730697632	0.6666666865348816	2.0	1	3	0	6	4	1.0	4	4	5
JY-krIuEUm4	1	1.3333333730697632	1.3333333730697632	0.0	0.0	1.3333333730697632	1.3333333730697632	0.0	1	0	0	0	0	0.0	0	0	0
JYdfUNjyYxo	3	0.4444444179534912	1.0	0.7856742143630981	0.0	-0.6666666865348816	1.0	1.6666667461395264	2	1	0	3	2	1.0	2	2	2
JYsAacFmXEo	7	0.9523809552192688	1.0	0.5172752737998962	0.3333333730697632	0.0	1.6666666269302368	1.6666666269302368	6	0	1	21	4	1.0	4	6	13
J_DtcW86D9c	5	0.06666667014360428	0.3333333432674408	0.4898979663848877	0.3333333432674408	-0.6666666865348816	0.6666666865348816	1.3333333730697632	3	2	0	10	4	1.0	4	4	6
Ja7phs8EbWk	10	0.13333335518836975	0.0	1.013245701789856	0.3333333432674408	-1.0	2.6666667461395264	3.6666667461395264	3	4	3	45	24	0.9999999999999996	24	24	31
JcmqmLaL_MQ	1	0.3333333432674408	0.3333333432674408	0.0	0.0	0.3333333432674408	0.3333333432674408	0.0	1	0	0	0	0	0.0	0	0	0
JdFaSggG58c	8	-0.2916666865348816	-0.3333333432674408	0.4841229319572449	0.3333333432674408	-1.0	0.6666666865348816	1.6666667461395264	1	5	2	28	7	0.9999999999999998	7	7	15
Jg2okZn6Ut8	1	0.0	0.0	0.0	0.0	0.0	0.0	0.0	0	0	1	0	0	0.0	0	0	0
Jh1uDYOJMwk	3	0.1111111268401146	0.6666666865348816	1.2862040996551514	0.6666666865348816	-1.6666666269302368	1.3333333730697632	3.0	2	1	0	3	2	1.0	2	2	3
JkHxzOWOLfs	1	-0.6666666865348816	-0.6666666865348816	0.0	0.0	-0.6666666865348816	-0.6666666865348816	0.0	0	1	0	0	0	0.0	0	0	0
JlmpDdm1A1Y	5	1.066666603088379	1.0	0.5333333015441895	0.0	0.3333333432674408	2.0	1.6666666269302368	5	0	0	10	4	1.0	4	4	7
JvLMNXW7B10	2	0.3333333432674408	0.3333333432674408	0.3333333432674408	0.3333333432674408	0.0	0.6666666865348816	0.6666666865348816	1	0	1	1	0	0.0	0	0	1
JvgofTcCSEc	7	0.4761905074119568	0.3333333432674408	0.4994328022003174	0.3333333432674408	0.0	1.3333333730697632	1.3333333730697632	4	0	3	21	7	0.9999999999999998	7	7	12
JwzxqrD8tIo	5	0.46666663885116577	0.3333333432674408	0.33993464708328247	0.3333333432674408	0.0	1.0	1.0	4	0	1	10	1	1.0	1	1	4
Jz9nlw15QZo	2	1.1666667461395264	1.1666667461395264	0.1666666865348816	0.1666666865348816	1.0	1.3333333730697632	0.3333333730697632	2	0	0	1	0	0.0	0	0	0
JzydLJw6y6o	13	0.9487178325653076	0.6666666865348816	0.9043688178062439	0.6666666865348816	-0.3333333432674408	2.3333332538604736	2.6666665077209473	9	1	3	78	43	1.0000000000000007	43	45	55
K1VeXZxR24U	4	-0.4166666567325592	-0.3333333432674408	0.595119059085846	0.3333333432674408	-1.3333333730697632	0.3333333432674408	1.6666667461395264	1	3	0	6	3	1.0	3	3	5
K5cGfs3i-tk	11	0.5757575631141663	0.0	0.9544251561164856	1.0	-1.0	2.3333332538604736	3.3333332538604736	5	2	4	55	34	1.0	34	38	39
K62NK2KYhws	12	0.8333332538604736	0.8333333730697632	0.6871842741966248	0.5	-0.6666666865348816	1.6666666269302368	2.3333332538604736	10	1	1	66	20	1.0000000000000002	20	29	44
K7FiMf-Dmwo	2	1.3333332538604736	1.3333332538604736	0.9999999403953552	0.9999999403953552	0.3333333432674408	2.3333332538604736	1.9999998807907104	2	0	0	1	1	1.0	1	1	1
K7KEtrgBkz4	3	0.4444444477558136	0.3333333432674408	0.4157397150993347	0.3333333432674408	0.0	1.0	1.0	2	0	1	3	1	1.0	1	1	2
K9-KyChw8RM	7	0.7619046568870544	1.0	1.2046771049499512	1.3333332538604736	-0.6666666865348816	2.3333332538604736	3.0	4	3	0	21	14	0.9999999999999997	14	14	16
K9U2TAF9DDY	5	0.06666667014360428	0.0	0.13333334028720856	0.0	0.0	0.3333333432674408	0.3333333432674408	1	0	4	10	0	0.0	0	0	0
K9faaGel838	4	-0.8333333730697632	-1.0	0.5	0.1666666865348816	-1.3333333730697632	0.0	1.3333333730697632	0	3	1	6	3	1.0	3	3	3
KD0w4BrNXQg	6	0.11111113429069519	0.3333333432674408	0.8748897910118103	0.6666666865348816	-1.3333333730697632	1.3333333730697632	2.6666667461395264	4	2	0	15	10	0.9999999999999999	10	10	12
KEUVzxC7T3E	4	-0.1666666716337204	-0.1666666716337204	0.3726780116558075	0.3333333432674408	-0.6666666865348816	0.3333333432674408	1.0	1	2	1	6	1	1.0	1	1	3
KF5wgQPp2yc	2	-0.3333333432674408	-0.3333333432674408	0.3333333432674408	0.3333333432674408	-0.6666666865348816	0.0	0.6666666865348816	0	1	1	1	0	0.0	0	0	1
KI2sU-mhM44	9	0.18518520891666412	0.6666666865348816	1.3250774145126343	0.6666666865348816	-2.6666667461395264	1.6666666269302368	4.333333492279053	5	2	2	36	21	1.0000000000000004	21	23	31
KJyz9fCt7Is	4	-0.6666666865348816	-0.6666666865348816	0.7071067690849304	0.4999999701976776	-1.6666666269302368	0.3333333432674408	2.0	1	3	0	6	3	1.0	3	5	5
KLy4aBLqwCk	9	0.14814814925193787	0.0	0.47430551052093506	0.3333333432674408	-0.6666666865348816	1.0	1.6666667461395264	4	2	3	36	9	1.0000000000000002	9	9	19
KPeos6f4HuQ	7	0.6190476417541504	0.3333333432674408	0.6529194712638855	0.3333333432674408	0.0	2.0	2.0	5	0	2	21	8	1.0	8	8	12
KQ86HmgwUns	5	0.20000000298023224	0.0	0.45215538144111633	0.3333333432674408	-0.3333333432674408	1.0	1.3333333730697632	2	1	2	10	3	1.0	3	3	5
KR4MpF0YtgE	2	0.5	0.5	0.5	0.5	0.0	1.0	1.0	1	0	1	1	1	1.0	1	1	1
KSyX-lejDcc	7	-0.0476190410554409	0.0	0.45175397396087646	0.3333333432674408	-1.0	0.3333333432674408	1.3333333730697632	3	2	2	21	5	1.0	5	5	9
KUVGWCTT5DU	3	0.3333333432674408	0.3333333432674408	0.27216553688049316	0.3333333432674408	0.0	0.6666666865348816	0.6666666865348816	2	0	1	3	0	0.0	0	0	1
K_5u2Wh_wGk	8	0.25	0.1666666716337204	0.5713045597076416	0.5	-0.6666666865348816	1.0	1.6666667461395264	4	2	2	28	11	1.0000000000000002	11	11	18
K_K3wpxkRc8	4	0.3333333432674408	0.3333333432674408	0.745356023311615	0.6666666865348816	-0.6666666865348816	1.3333333730697632	2.0	2	1	1	6	3	1.0	3	3	6
Kep_mLLXsqk	4	1.4901161193847656e-08	0.1666666716337204	0.6236095428466797	0.3333333432674408	-1.0	0.6666666865348816	1.6666667461395264	2	1	1	6	3	1.0	3	3	4
KgXuILFtgJQ	5	0.20000000298023224	0.0	0.2666666805744171	0.0	0.0	0.6666666865348816	0.6666666865348816	2	0	3	10	0	0.0	0	0	3
KmYG8zaRmOA	2	0.3333333432674408	0.3333333432674408	0.0	0.0	0.3333333432674408	0.3333333432674408	0.0	2	0	0	1	0	0.0	0	0	0
Kmtib-wZ0jM	3	-0.8888888359069824	-0.6666666865348816	0.5665577054023743	0.3333333432674408	-1.6666666269302368	-0.3333333432674408	1.3333332538604736	0	3	0	3	1	1.0	1	2	2
Kpe5fISxRTg	2	0.3333333432674408	0.3333333432674408	0.3333333432674408	0.3333333432674408	0.0	0.6666666865348816	0.6666666865348816	1	0	1	1	0	0.0	0	0	1
L0WUuWYNeCo	31	0.3548387289047241	0.6666666865348816	0.9116352200508118	0.6666666865348816	-1.6666666269302368	2.0	3.6666665077209473	19	9	3	465	64	1.0	242	248	340
L1gXZVU6AE4	2	1.0	1.0	0.6666666269302368	0.6666666269302368	0.3333333432674408	1.6666666269302368	1.3333332538604736	2	0	0	1	1	1.0	1	1	1
L2uC4_Co9uw	1	2.0	2.0	0.0	0.0	2.0	2.0	0.0	1	0	0	0	0	0.0	0	0	0
L382XZ6iZmM	6	-0.1666666716337204	-0.1666666716337204	0.5	0.1666666716337204	-1.0	0.6666666865348816	1.6666667461395264	1	3	2	15	5	1.0	5	5	9
L3b9wwZ8vRQ	1	-1.0	-1.0	0.0	0.0	-1.0	-1.0	0.0	0	1	0	0	0	0.0	0	0	0
L5a2ijeWpUI	5	-0.46666669845581055	-0.3333333432674408	0.45215535163879395	0.0	-1.3333333730697632	0.0	1.3333333730697632	0	4	1	10	4	1.0	4	4	4
L6pg3DQKoH4	9	0.7037037014961243	0.6666666865348816	0.6372092962265015	0.3333333134651184	-0.3333333432674408	2.0	2.3333332538604736	7	1	1	36	16	1.0	16	16	22
L8VjQM9HQfs	4	-0.1666666716337204	-0.1666666716337204	0.1666666716337204	0.1666666716337204	-0.3333333432674408	0.0	0.3333333432674408	0	2	2	6	0	0.0	0	0	0
LAj3rqJvS3s	1	-0.3333333432674408	-0.3333333432674408	0.0	0.0	-0.3333333432674408	-0.3333333432674408	0.0	0	1	0	0	0	0.0	0	0	0
LHC7ZKJy4Zw	4	0.4999999701976776	0.3333333134651184	0.8660253882408142	0.6666666269302368	-0.3333333432674408	1.6666666269302368	2.0	2	2	0	6	4	1.0	4	4	5
LKAEv8x9jKI	3	0.2222222089767456	0.3333333432674408	0.4157397150993347	0.3333333432674408	-0.3333333432674408	0.6666666865348816	1.0	2	1	0	3	1	1.0	1	1	2
LL02UFLfQKo	1	-0.3333333432674408	-0.3333333432674408	0.0	0.0	-0.3333333432674408	-0.3333333432674408	0.0	0	1	0	0	0	0.0	0	0	0
LQnXVd-PR_Y	2	0.5	0.5	0.5	0.5	0.0	1.0	1.0	1	0	1	1	1	1.0	1	1	1
LUKIYWa0UGA	7	1.7619047164916992	2.3333332538604736	0.9874495267868042	0.6666667461395264	0.3333333432674408	3.0	2.6666667461395264	7	0	0	21	12	1.0	12	12	15
LUf9vbe0TcQ	4	1.1666666269302368	1.1666667461395264	0.3726779520511627	0.3333333134651184	0.6666666865348816	1.6666666269302368	0.9999999403953552	4	0	0	6	0	0.0	0	1	3
LX2rT5C3sJs	2	1.0	1.0	0.6666666269302368	0.6666666269302368	0.3333333432674408	1.6666666269302368	1.3333332538604736	2	0	0	1	1	1.0	1	1	1
LZl9Sj1safM	6	0.055555570870637894	0.1666666716337204	0.8906232714653015	0.1666666716337204	-1.6666666269302368	1.3333333730697632	3.0	3	1	2	15	9	1.0000000000000002	9	9	9
L_XttWZBKss	2	0.3333333432674408	0.3333333432674408	0.3333333432674408	0.3333333432674408	0.0	0.6666666865348816	0.6666666865348816	1	0	1	1	0	0.0	0	0	1
LityRNuQihc	7	-0.1428571492433548	0.0	0.4665694534778595	0.3333333432674408	-1.0	0.6666666865348816	1.6666667461395264	1	3	3	21	6	0.9999999999999999	6	6	11
LpbSYaPRTqI	6	0.277777761220932	0.25	0.2832788825035095	0.1666666716337204	0.0	0.8333333134651184	0.8333333134651184	4	0	2	15	0	0.0	0	2	3
LppEvM60-xo	4	1.5833332538604736	1.5	0.4930066168308258	0.3333333134651184	1.0	2.3333332538604736	1.3333332538604736	4	0	0	6	1	1.0	1	2	4
Lxs_6Tvq12E	2	1.3333333730697632	1.3333333730697632	0.6666666269302368	0.6666666269302368	0.6666666865348816	2.0	1.3333332538604736	2	0	0	1	1	1.0	1	1	1
M2Pb2kx77ww	5	-0.13333334028720856	0.0	0.5416025519371033	0.3333333432674408	-1.0	0.6666666865348816	1.6666667461395264	1	2	2	10	4	1.0	4	4	7
MBDZbACupsc	9	-0.5925925374031067	-0.3333333432674408	0.6241592764854431	0.3333333432674408	-2.0	0.0	2.0	0	7	2	36	13	0.9999999999999998	13	13	17
MCRCXXPqFOI	10	0.1666666567325592	0.0	0.5	0.3333333432674408	-0.3333333432674408	1.3333333730697632	1.6666667461395264	4	3	3	45	11	1.0000000000000002	11	11	21
MFXQH7ZlBJI	1	1.6666666269302368	1.6666666269302368	0.0	0.0	1.6666666269302368	1.6666666269302368	0.0	1	0	0	0	0	0.0	0	0	0
MFrwi-RibUk	13	0.8717949390411377	0.6666666865348816	0.7457969188690186	0.3333333432674408	-0.3333333432674408	2.0	2.3333332538604736	11	1	1	78	38	0.9999999999999992	38	38	54
MIuJDn_0yVU	9	0.5555555820465088	0.6666666865348816	1.1221672296524048	0.6666666865348816	-1.6666666269302368	2.0	3.6666665077209473	7	2	0	36	24	0.9999999999999996	24	25	29
MJnc4GUhUuY	6	0.9444444179534912	1.0	0.22906142473220825	0.1666666567325592	0.6666666865348816	1.3333333730697632	0.6666666865348816	6	0	0	15	0	0.0	0	0	2
MKShLlJ7X7g	4	1.5	1.5	0.16666662693023682	0.16666662693023682	1.3333333730697632	1.6666666269302368	0.33333325386047363	4	0	0	6	0	0.0	0	0	0
MMaEsDdBsvM	1	2.0	2.0	0.0	0.0	2.0	2.0	0.0	1	0	0	0	0	0.0	0	0	0
MNLG4-diuYM	7	0.6190476417541504	0.6666666865348816	0.4151332378387451	0.3333333134651184	0.0	1.0	1.0	5	0	2	21	6	0.9999999999999999	6	6	10
MNXBOeiPhec	6	0.2222222238779068	0.1666666716337204	0.49690401554107666	0.5	-0.3333333432674408	1.0	1.3333333730697632	3	2	1	15	5	1.0	5	5	9
MOfEl_1dh-g	6	-0.6666666269302368	-0.5	0.8606629967689514	0.5	-2.3333332538604736	0.3333333432674408	2.6666665077209473	1	4	1	15	8	1.0	8	8	11
MPRqaQqrd9Y	3	0.0	0.0	0.0	0.0	0.0	0.0	0.0	0	0	3	3	0	0.0	0	0	0
MRU65o1odI4	5	1.0	1.0	0.6666666865348816	0.3333333730697632	0.0	2.0	2.0	4	0	1	10	5	1.0	5	5	8
MSmTFZ_-THM	5	1.4666666984558105	1.6666666269302368	0.9092121124267578	0.6666666269302368	0.0	2.6666667461395264	2.6666667461395264	4	0	1	10	7	0.9999999999999998	7	7	9
MTU_thei3-c	3	-0.5555555820465088	-0.3333333432674408	0.31426969170570374	0.0	-1.0	-0.3333333432674408	0.6666666269302368	0	3	0	3	0	0.0	0	0	2
MWCNzYUCys0	3	-0.3333333432674408	0.0	0.471404492855072	0.0	-1.0	0.0	1.0	0	1	2	3	2	1.0	2	2	2
MZoLQD83R-4	3	-0.5555555820465088	-0.6666666865348816	0.4157397150993347	0.3333333134651184	-1.0	0.0	1.0	0	2	1	3	1	1.0	1	1	2
MbpPBLUjpV4	12	0.7777777314186096	0.8333333730697632	0.6849348545074463	0.5	0.0	2.3333332538604736	2.3333332538604736	9	0	3	66	27	0.9999999999999993	27	28	44
McnbZjgCPLw	4	0.3333333432674408	0.3333333432674408	0.527046263217926	0.5	-0.3333333432674408	1.0	1.3333333730697632	2	1	1	6	3	1.0	3	3	4
MhojeOmmjC8	2	0.3333333134651184	0.3333333134651184	0.6666666269302368	0.6666666269302368	-0.3333333432674408	1.0	1.3333333730697632	1	1	0	1	1	1.0	1	1	1
MmJD4KBT0nk	5	0.13333332538604736	-0.3333333432674408	0.8326663970947266	0.3333333432674408	-0.6666666865348816	1.6666666269302368	2.3333332538604736	2	3	0	10	5	1.0	5	5	7
MnFRVJtHAeo	4	0.6666666865348816	0.5	0.40824830532073975	0.1666666716337204	0.3333333432674408	1.3333333730697632	1.0	4	0	0	6	2	1.0	2	2	3
MpuWcGn2Lcg	5	-0.800000011920929	-1.3333333730697632	0.9568466544151306	0.33333325386047363	-1.6666666269302368	1.0	2.6666665077209473	1	4	0	10	4	1.0	4	5	7
MroQfGehC84	11	0.6363635659217834	0.6666666865348816	0.6583503484725952	0.3333333432674408	-0.6666666865348816	1.6666666269302368	2.3333332538604736	9	2	0	55	20	1.0000000000000002	20	22	35
MsjnLoTKAXo	6	0.555555522441864	0.5	0.4157397150993347	0.1666666865348816	0.0	1.3333333730697632	1.3333333730697632	5	0	1	15	3	1.0	3	3	7
MvFFYObY9A8	2	-0.1666666865348816	-0.1666666865348816	1.1666667461395264	1.1666667461395264	-1.3333333730697632	1.0	2.3333334922790527	1	1	0	1	1	1.0	1	1	1
Mw4EZYZAd9c	4	0.6666666865348816	0.6666666865348816	0.235702246427536	0.1666666567325592	0.3333333432674408	1.0	0.6666666269302368	4	0	0	6	0	0.0	0	0	1
MyDLelMxt-A	2	0.1666666716337204	0.1666666716337204	0.1666666716337204	0.1666666716337204	0.0	0.3333333432674408	0.3333333432674408	1	0	1	1	0	0.0	0	0	0
MyfRrTjglm8	7	0.6190476417541504	0.6666666865348816	0.575383186340332	0.0	-0.6666666865348816	1.3333333730697632	2.0	6	1	0	21	6	0.9999999999999999	6	6	10
N0GhVkCwrqw	4	0.4166666865348816	0.5	0.2763853967189789	0.1666666865348816	0.0	0.6666666865348816	0.6666666865348816	3	0	1	6	0	0.0	0	0	2
N0Y7x_fJ0Nw	6	0.5000000596046448	0.5	0.3191423714160919	0.1666666865348816	0.0	1.0	1.0	5	0	1	15	1	1.0	1	1	5
N0pKIn6VhOw	3	1.0	1.0	0.27216553688049316	0.3333333134651184	0.6666666865348816	1.3333333730697632	0.6666666865348816	3	0	0	3	0	0.0	0	0	1
N188QSyfmeQ	6	0.1666666716337204	0.0	0.2545875608921051	0.0	0.0	0.6666666865348816	0.6666666865348816	2	0	4	15	0	0.0	0	0	4
N3QuD26DuCI	6	0.2222222238779068	0.3333333432674408	0.7370277047157288	0.6666666269302368	-1.0	1.0	2.0	3	2	1	15	9	1.0000000000000002	9	9	11
N3vSaV8Ztrg	2	0.6666666865348816	0.6666666865348816	0.3333333134651184	0.3333333134651184	0.3333333432674408	1.0	0.6666666269302368	2	0	0	1	0	0.0	0	0	1
N4WOBzpZtWM	4	1.5833333730697632	1.8333332538604736	0.5464531779289246	0.16666674613952637	0.6666666865348816	2.0	1.3333332538604736	4	0	0	6	2	1.0	2	3	3
N7IerkWUClI	2	0.3333333432674408	0.3333333432674408	0.0	0.0	0.3333333432674408	0.3333333432674408	0.0	2	0	0	1	0	0.0	0	0	0
N7tS7A0WWpM	9	0.5925925374031067	0.6666666865348816	0.9785070419311523	0.6666666865348816	-0.6666666865348816	2.6666667461395264	3.3333334922790527	6	2	1	36	21	1.0000000000000004	21	21	28
NCJTV5KaJJc	8	0.25	0.3333333134651184	1.3202482461929321	1.3333332538604736	-1.6666666269302368	2.0	3.6666665077209473	4	4	0	28	18	1.0000000000000002	18	18	24
NDMAVMZyISM	5	-0.19999998807907104	0.0	0.8055363893508911	0.3333333432674408	-1.6666666269302368	0.6666666865348816	2.3333332538604736	2	2	1	10	5	1.0	5	5	7
NG7QLq4XlWo	16	0.9375000596046448	0.8333333730697632	0.6689414381980896	0.3333333432674408	0.0	2.3333332538604736	2.3333332538604736	14	0	2	120	48	1.0000000000000007	48	49	71
NKindd5Xn3s	6	0.0555555559694767	0.0	0.12422599643468857	0.0	0.0	0.3333333432674408	0.3333333432674408	1	0	5	15	0	0.0	0	0	0
NOl0v54DaXo	12	0.2222222238779068	0.3333333432674408	1.0482200384140015	0.5	-1.6666666269302368	1.6666666269302368	3.3333332538604736	8	3	1	66	35	1.0000000000000002	35	41	49
NSihgq4R8Z0	3	0.0	0.0	0.8164966106414795	1.0	-1.0	1.0	2.0	1	1	1	3	3	1.0	3	3	3
NYuY6HVjMZQ	3	0.7777777314186096	0.3333333432674408	0.8748897910118103	0.3333333432674408	0.0	2.0	2.0	2	0	1	3	2	1.0	2	2	2
NZtIGzAzJZM	3	-0.1111111119389534	-0.3333333432674408	0.31426969170570374	0.0	-0.3333333432674408	0.3333333432674408	0.6666666865348816	1	2	0	3	0	0.0	0	0	2
N_dNuV-4iAo	3	0.3333333432674408	0.3333333432674408	0.27216553688049316	0.3333333432674408	0.0	0.6666666865348816	0.6666666865348816	2	0	1	3	0	0.0	0	0	1
Na6170hd8po	5	0.800000011920929	0.6666666865348816	0.1632993072271347	0.0	0.6666666865348816	1.0	0.3333333134651184	5	0	0	10	0	0.0	0	0	0
Nd55vByy2F8	4	0.8333333730697632	0.6666666865348816	0.5527707934379578	0.3333333432674408	0.3333333432674408	1.6666666269302368	1.3333332538604736	4	0	0	6	2	1.0	2	2	5
NkbRuTJaj_M	2	1.0	1.0	0.6666666269302368	0.6666666269302368	0.3333333432674408	1.6666666269302368	1.3333332538604736	2	0	0	1	1	1.0	1	1	1
Nmd50Uzyybs	2	0.0	0.0	0.0	0.0	0.0	0.0	0.0	0	0	2	1	0	0.0	0	0	0
Ns_h5IVcZ9k	7	0.2857142984867096	0.3333333432674408	0.32991448044776917	0.3333333432674408	0.0	1.0	1.0	4	0	3	21	3	1.0	3	3	6
NuRvTWhELqs	4	0.5	0.6666666865348816	0.5527707934379578	0.3333333134651184	-0.3333333432674408	1.0	1.3333333730697632	3	1	0	6	2	1.0	2	2	5
Nzh2KkaGwrE	3	0.2222222238779068	0.0	0.8314794301986694	0.6666666865348816	-0.6666666865348816	1.3333333730697632	2.0	1	1	1	3	2	1.0	2	2	3
NzpymNJaFjo	2	0.5	0.5	0.8333333730697632	0.8333333730697632	-0.3333333432674408	1.3333333730697632	1.6666667461395264	1	1	0	1	1	1.0	1	1	1
O0Nn-5UkfoA	2	0.0	0.0	0.3333333432674408	0.3333333432674408	-0.3333333432674408	0.3333333432674408	0.6666666865348816	1	1	0	1	0	0.0	0	0	1
O2CEvvYWWbU	9	0.7407407760620117	1.0	0.6809176802635193	0.6666666269302368	-0.6666666865348816	1.6666666269302368	2.3333332538604736	8	1	0	36	17	1.0	17	17	25
O3whFU2lAAk	5	0.9333332777023315	0.3333333432674408	0.7423685789108276	0.0	0.3333333432674408	2.0	1.6666666269302368	5	0	0	10	6	0.9999999999999999	6	6	6
O8IJh_L0EfM	7	0.8095237612724304	0.6666666865348816	0.4312087893486023	0.3333333134651184	0.3333333432674408	1.6666666269302368	1.3333332538604736	7	0	0	21	2	1.0	2	4	10
OAV6KKf60bQ	12	-0.02777777798473835	0.0	0.25306758284568787	0.0	-0.6666666865348816	0.3333333432674408	1.0	2	2	8	66	2	1.0	2	2	12
OBaMn1-x7jQ	5	1.2000000476837158	1.3333333730697632	0.33993464708328247	0.33333325386047363	0.6666666865348816	1.6666666269302368	0.9999999403953552	5	0	0	10	0	0.0	0	1	4
OEMSGahoCmM	1	1.0	1.0	0.0	0.0	1.0	1.0	0.0	1	0	0	0	0	0.0	0	0	0
OEOkmrKvTUo	4	0.6666666865348816	0.6666666865348816	0.4714045524597168	0.3333333432674408	0.0	1.3333333730697632	1.3333333730697632	3	0	1	6	1	1.0	1	1	5
OEesmAnTpeA	4	-1.4901161193847656e-08	-0.3333333432674408	0.5773501992225647	0.0	-0.3333333432674408	1.0	1.3333333730697632	1	3	0	6	3	1.0	3	3	3
OFBc3z99bIc	14	0.976190447807312	0.6666666865348816	0.8014301061630249	0.5	-0.3333333432674408	2.3333332538604736	2.6666665077209473	13	1	0	91	44	0.9999999999999994	44	49	60
OGXUtVG0Y9w	2	2.0	2.0	0.0	0.0	2.0	2.0	0.0	2	0	0	1	0	0.0	0	0	0
OHWyYVux-yw	12	0.9166666865348816	1.0	0.5951189994812012	0.3333333730697632	-0.3333333432674408	1.6666666269302368	2.0	10	1	1	66	17	1.0	17	23	39
OIJr0voCvVQ	1	-1.3333333730697632	-1.3333333730697632	0.0	0.0	-1.3333333730697632	-1.3333333730697632	0.0	0	1	0	0	0	0.0	0	0	0
OJwO6g01qO8	2	-0.5	-0.5	0.1666666716337204	0.1666666716337204	-0.6666666865348816	-0.3333333432674408	0.3333333432674408	0	2	0	1	0	0.0	0	0	0
OKSx1zxHGpQ	28	0.8452380895614624	1.0	0.6329706907272339	0.3333333730697632	-0.6666666865348816	2.3333332538604736	3.0	24	2	2	378	64	1.0	127	133	208
OOh1_ffKOKk	5	0.46666663885116577	0.6666666865348816	0.5416025519371033	0.3333333134651184	-0.3333333432674408	1.0	1.3333333730697632	3	1	1	10	5	1.0	5	5	6
OPXmk49KyiU	2	0.5	0.5	0.5	0.5	0.0	1.0	1.0	1	0	1	1	1	1.0	1	1	1
OSyKmOye5Uo	3	0.4444444477558136	0.6666666865348816	0.31426969170570374	0.0	0.0	0.6666666865348816	0.6666666865348816	2	0	1	3	0	0.0	0	0	2
OUjzDchhkIA	6	0.1111111119389534	0.1666666716337204	0.49690401554107666	0.5	-0.6666666865348816	0.6666666865348816	1.3333333730697632	3	2	1	15	5	1.0	5	5	9
O_fTDhCtAhw	4	0.0833333358168602	0.0	0.14433757960796356	0.0	0.0	0.3333333432674408	0.3333333432674408	1	0	3	6	0	0.0	0	0	0
Ob8vPQCPDX0	6	1.0	1.0	0.6085805892944336	0.5	0.3333333432674408	2.0	1.6666666269302368	6	0	0	15	7	0.9999999999999998	7	7	11
OcqJx_cRc3Y	2	-0.3333333432674408	-0.3333333432674408	0.0	0.0	-0.3333333432674408	-0.3333333432674408	0.0	0	2	0	1	0	0.0	0	0	0
OdKp0hYomgs	10	1.0	1.0	0.8299933075904846	0.3333333134651184	-0.3333333432674408	3.0	3.3333332538604736	9	1	0	45	17	1.0	17	19	28
OiMkqEH5WeE	4	-0.3333333432674408	-0.3333333432674408	0.2357022762298584	0.1666666716337204	-0.6666666865348816	0.0	0.6666666865348816	0	3	1	6	0	0.0	0	0	1
Oj3XwBBrzXc	2	0.3333333432674408	0.3333333432674408	0.3333333432674408	0.3333333432674408	0.0	0.6666666865348816	0.6666666865348816	1	0	1	1	0	0.0	0	0	1
Olx-sTx7HTk	4	0.0833333358168602	0.0	0.14433756470680237	0.0	0.0	0.3333333432674408	0.3333333432674408	1	0	3	6	0	0.0	0	0	0
OoOD_VBL0i0	1	0.0	0.0	0.0	0.0	0.0	0.0	0.0	0	0	1	0	0	0.0	0	0	0
Op3CnqRLD9w	6	1.5555554628372192	1.6666666269302368	0.4581228494644165	0.3333333134651184	0.6666666865348816	2.0	1.3333332538604736	6	0	0	15	2	1.0	2	4	7
Or-9Nc_GAq8	1	0.3333333432674408	0.3333333432674408	0.0	0.0	0.3333333432674408	0.3333333432674408	0.0	1	0	0	0	0	0.0	0	0	0
OwYfPi9St0w	1	0.0	0.0	0.0	0.0	0.0	0.0	0.0	0	0	1	0	0	0.0	0	0	0
OxyQSJMvWBo	14	0.0476190485060215	0.0	0.5614202618598938	0.3333333432674408	-1.0	1.0	2.0	6	4	4	91	30	0.9999999999999999	30	30	51
P0WaXnH37uI	6	0.2777777910232544	0.1666666716337204	0.3557291328907013	0.1666666716337204	0.0	1.0	1.0	3	0	3	15	3	1.0	3	3	5
P35dyIit1yM	5	1.466666579246521	1.3333333730697632	0.7483314275741577	0.6666666865348816	0.6666666865348816	2.3333332538604736	1.6666665077209473	5	0	0	10	4	1.0	4	6	8
P3QEOJWxXI8	6	0.5	0.5	0.4194352328777313	0.5	0.0	1.0	1.0	4	0	2	15	4	1.0	4	4	8
P4qxfjZlIrY	5	1.2666666507720947	1.3333333730697632	0.8793937563896179	1.0	0.3333333432674408	2.6666667461395264	2.3333334922790527	5	0	0	10	8	1.0	8	8	8
PANWQeBKStk	4	0.6666666865348816	0.8333333730697632	0.40824830532073975	0.1666666567325592	0.0	1.0	1.0	3	0	1	6	2	1.0	2	2	3
PGBrZLC15yA	3	1.7777777910232544	2.0	0.8314794301986694	0.6666667461395264	0.6666666865348816	2.6666667461395264	2.0	3	0	0	3	2	1.0	2	2	3
PHJ8eybXJdw	6	0.7222221493721008	0.6666666865348816	0.5241100788116455	0.3333333134651184	0.0	1.6666666269302368	1.6666666269302368	5	0	1	15	3	1.0	3	5	9
PJlDO21zl88	1	0.3333333432674408	0.3333333432674408	0.0	0.0	0.3333333432674408	0.3333333432674408	0.0	1	0	0	0	0	0.0	0	0	0
PMH4mdJeojE	3	0.3333333432674408	0.0	0.471404492855072	0.0	0.0	1.0	1.0	1	0	2	3	2	1.0	2	2	2
PN3ApHIGopo	2	0.0	0.0	0.3333333432674408	0.3333333432674408	-0.3333333432674408	0.3333333432674408	0.6666666865348816	1	1	0	1	0	0.0	0	0	1
PQYmOknHA4c	12	0.5	0.5	0.4194352328777313	0.5	0.0	1.0	1.0	8	0	4	66	16	1.0	16	16	32
PRZ4VhESz1A	8	0.625	0.1666666716337204	0.8239049911499023	0.1666666716337204	0.0	2.0	2.0	4	0	4	28	12	1.0	12	12	16
PUIsiLk8etk	8	-1.4901161193847656e-08	0.0	0.745356023311615	0.3333333432674408	-1.0	1.6666666269302368	2.6666665077209473	2	3	3	28	12	1.0	12	12	17
PYylJk8R9Ak	4	1.6666666269302368	1.3333332538604736	0.8164966106414795	0.3333333134651184	1.0	3.0	2.0	4	0	0	6	3	1.0	3	3	5
PbyI-sUzLZY	4	-0.1666666567325592	-0.3333333432674408	0.5	0.1666666716337204	-0.6666666865348816	0.6666666865348816	1.3333333730697632	1	3	0	6	3	1.0	3	3	3
PmemTgQHagk	8	1.8333333730697632	1.8333332538604736	0.40824830532073975	0.16666674613952637	1.3333333730697632	2.6666667461395264	1.3333333730697632	8	0	0	28	4	1.0	4	4	13
PoKZEKOf1dA	7	0.3333333432674408	0.3333333432674408	0.35634830594062805	0.3333333432674408	0.0	1.0	1.0	4	0	3	21	3	1.0	3	3	8
PohW-isYMK0	19	0.35087719559669495	0.3333333432674408	0.7759068608283997	0.6666666269302368	-1.0	2.0	3.0	11	6	2	171	64	1.0	78	80	119
PtH_8O__EAY	1	1.6666666269302368	1.6666666269302368	0.0	0.0	1.6666666269302368	1.6666666269302368	0.0	1	0	0	0	0	0.0	0	0	0
PtdK-TLOuD0	2	-0.6666666865348816	-0.6666666865348816	0.3333333134651184	0.3333333134651184	-1.0	-0.3333333432674408	0.6666666269302368	0	2	0	1	0	0.0	0	0	1
PybuzkS31J4	5	0.46666663885116577	0.6666666865348816	0.7483314275741577	0.9999999403953552	-0.3333333432674408	1.6666666269302368	2.0	3	2	0	10	6	0.9999999999999999	6	8	8
Q2uHXKA8cq8	6	-0.3888888359069824	-0.6666666865348816	0.6781420111656189	0.3333333134651184	-1.0	0.6666666865348816	1.6666667461395264	2	4	0	15	7	0.9999999999999998	7	7	11
Q5YU2sLKVL4	2	0.0	0.0	0.0	0.0	0.0	0.0	0.0	0	0	2	1	0	0.0	0	0	0
Q5fZk_jPjBI	5	1.2000000476837158	1.3333333730697632	0.7774602174758911	0.9999998807907104	0.3333333432674408	2.3333332538604736	1.9999998807907104	5	0	0	10	6	0.9999999999999999	6	7	8
Q5uYByRyswI	3	0.6666666865348816	0.6666666865348816	0.0	0.0	0.6666666865348816	0.6666666865348816	0.0	3	0	0	3	0	0.0	0	0	0
Q7OvlYjNt9w	2	0.0	0.0	0.3333333432674408	0.3333333432674408	-0.3333333432674408	0.3333333432674408	0.6666666865348816	1	1	0	1	0	0.0	0	0	1
Q7nhtfkIPN4	11	0.1515151411294937	0.0	0.7015658617019653	0.3333333432674408	-1.0	1.6666666269302368	2.6666665077209473	4	4	3	55	23	0.9999999999999996	23	24	35
Q8naC1qriIU	4	0.3333333432674408	0.3333333432674408	0.2357022762298584	0.1666666716337204	0.0	0.6666666865348816	0.6666666865348816	3	0	1	6	0	0.0	0	0	1
QDRtKv8PvFs	5	1.2666666507720947	1.3333333730697632	0.5734883546829224	0.3333333730697632	0.3333333432674408	2.0	1.6666666269302368	5	0	0	10	4	1.0	4	4	7
QE0pAVSPsKQ	13	0.7948717474937439	0.6666666865348816	1.058449625968933	0.6666666865348816	-1.0	2.6666667461395264	3.6666667461395264	9	2	2	78	50	1.0000000000000004	50	51	63
QEG_hkJsaYc	1	1.0	1.0	0.0	0.0	1.0	1.0	0.0	1	0	0	0	0	0.0	0	0	0
QI-TTqj0KnA	3	0.3333333432674408	0.3333333432674408	0.27216553688049316	0.3333333432674408	0.0	0.6666666865348816	0.6666666865348816	2	0	1	3	0	0.0	0	0	1
QJCDZCllSYQ	3	0.2222222238779068	0.0	0.31426969170570374	0.0	0.0	0.6666666865348816	0.6666666865348816	1	0	2	3	0	0.0	0	0	2
QLEOYF7Mju0	11	0.6060606241226196	0.6666666865348816	0.528351366519928	0.3333333432674408	-0.6666666865348816	1.3333333730697632	2.0	10	1	0	55	16	1.0	16	16	27
QMAztkqnvws	2	0.3333333432674408	0.3333333432674408	0.0	0.0	0.3333333432674408	0.3333333432674408	0.0	2	0	0	1	0	0.0	0	0	0
QMEgjkpyVzQ	4	1.1666666269302368	0.8333333730697632	0.8975274562835693	0.3333333432674408	0.3333333432674408	2.6666667461395264	2.3333334922790527	4	0	0	6	3	1.0	3	3	4
QNxiqu1y1N0	2	0.1666666716337204	0.1666666716337204	0.1666666716337204	0.1666666716337204	0.0	0.3333333432674408	0.3333333432674408	1	0	1	1	0	0.0	0	0	0
QOxIdbNwpx0	6	0.6666666865348816	0.6666666865348816	0.3333333432674408	0.1666666567325592	0.0	1.0	1.0	5	0	1	15	2	1.0	2	2	5
QP2CjKap818	2	0.8333333730697632	0.8333333730697632	0.5	0.5	0.3333333432674408	1.3333333730697632	1.0	2	0	0	1	1	1.0	1	1	1
QQVRIGEUa_Q	1	0.3333333432674408	0.3333333432674408	0.0	0.0	0.3333333432674408	0.3333333432674408	0.0	1	0	0	0	0	0.0	0	0	0
QUpI5kMw_nA	6	0.11111113429069519	0.3333333432674408	0.8958064317703247	0.1666666716337204	-1.6666666269302368	1.3333333730697632	3.0	4	1	1	15	9	1.0000000000000002	9	9	9
QWaUvAL-yiA	3	0.6666666865348816	1.0	0.4714045226573944	0.0	0.0	1.0	1.0	2	0	1	3	2	1.0	2	2	2
QWzIJuhLLrc	2	-0.1666666716337204	-0.1666666716337204	0.1666666716337204	0.1666666716337204	-0.3333333432674408	0.0	0.3333333432674408	0	1	1	1	0	0.0	0	0	0
QXPOQW2tRBs	1	1.3333333730697632	1.3333333730697632	0.0	0.0	1.3333333730697632	1.3333333730697632	0.0	1	0	0	0	0	0.0	0	0	0
QYp0lGhyL6A	9	-0.29629626870155334	0.0	0.8950403928756714	0.3333333432674408	-2.3333332538604736	0.6666666865348816	3.0	3	3	3	36	15	0.9999999999999999	15	16	21
Q_py5n2fQXw	3	0.2222222089767456	0.3333333432674408	1.227262258529663	1.3333332538604736	-1.3333333730697632	1.6666666269302368	3.0	2	1	0	3	3	1.0	3	3	3
QbJiphIpzYc	3	1.2222222089767456	1.3333333730697632	0.41573968529701233	0.33333325386047363	0.6666666865348816	1.6666666269302368	0.9999999403953552	3	0	0	3	0	0.0	0	1	2
Qe4AT670hq4	1	-0.6666666865348816	-0.6666666865348816	0.0	0.0	-0.6666666865348816	-0.6666666865348816	0.0	0	1	0	0	0	0.0	0	0	0
QkMTYY69JYQ	10	0.5	0.6666666865348816	0.7923243045806885	0.5	-1.3333333730697632	1.3333333730697632	2.6666667461395264	8	2	0	45	21	1.0000000000000004	21	21	32
QoIsjc4-GIg	10	0.0	0.0	0.9067646861076355	0.8333333730697632	-1.0	1.6666666269302368	2.6666665077209473	4	4	2	45	30	0.9999999999999999	30	30	32
QzdEjKQFisQ	8	-0.375	-0.3333333432674408	0.5120086073875427	0.3333333432674408	-1.3333333730697632	0.3333333432674408	1.6666667461395264	1	5	2	28	9	1.0000000000000002	9	9	15
R-17BoOk4kc	1	2.3333332538604736	2.3333332538604736	0.0	0.0	2.3333332538604736	2.3333332538604736	0.0	1	0	0	0	0	0.0	0	0	0
R-HKj8Yn06k	1	0.6666666865348816	0.6666666865348816	0.0	0.0	0.6666666865348816	0.6666666865348816	0.0	1	0	0	0	0	0.0	0	0	0
R0o37yJ1PP0	6	0.2222222238779068	0.1666666716337204	0.24845200777053833	0.1666666716337204	0.0	0.6666666865348816	0.6666666865348816	3	0	3	15	0	0.0	0	0	3
R0uRDh-engU	3	0.3333333432674408	0.3333333432674408	0.5443310141563416	0.6666666269302368	-0.3333333432674408	1.0	1.3333333730697632	2	1	0	3	1	1.0	1	1	3
R5a3TP-l_n4	4	1.25	1.0	0.4330126941204071	0.0	1.0	2.0	1.0	4	0	0	6	3	1.0	3	3	3
R8Kw_4Y9E0s	1	0.6666666865348816	0.6666666865348816	0.0	0.0	0.6666666865348816	0.6666666865348816	0.0	1	0	0	0	0	0.0	0	0	0
R8leu0tEJ4o	6	-0.2222222238779068	-0.1666666716337204	1.271724820137024	0.3333333432674408	-2.3333332538604736	2.0	4.3333330154418945	1	3	2	15	9	1.0000000000000002	9	9	11
R9ypacCuEZo	6	0.6111111044883728	0.6666666865348816	0.5241100788116455	0.3333333134651184	-0.3333333432674408	1.3333333730697632	1.6666667461395264	5	1	0	15	5	1.0	5	5	9
RAiO_rChmdU	3	0.2222222238779068	0.3333333432674408	0.15713484585285187	0.0	0.0	0.3333333432674408	0.3333333432674408	2	0	1	3	0	0.0	0	0	0
RE-LIPOFnrE	6	-0.1666666716337204	0.0	0.2545875310897827	0.0	-0.6666666865348816	0.0	0.6666666865348816	0	2	4	15	0	0.0	0	0	4
REkPZ77s3Vc	5	0.20000000298023224	0.0	0.2666666805744171	0.0	0.0	0.6666666865348816	0.6666666865348816	2	0	3	10	0	0.0	0	0	3
RIAEgUKtzxw	4	0.6666666865348816	0.5	1.4337209463119507	1.1666667461395264	-1.0	2.6666667461395264	3.6666667461395264	2	2	0	6	5	1.0	5	5	6
RImmdklTOW0	16	0.7708333730697632	0.6666666865348816	0.6637305021286011	0.3333333432674408	-0.3333333432674408	2.0	2.3333332538604736	14	1	1	120	45	1.0000000000000004	45	48	73
RKP6j28FCWE	3	0.5555555820465088	0.3333333432674408	0.31426966190338135	0.0	0.3333333432674408	1.0	0.6666666269302368	3	0	0	3	0	0.0	0	0	2
RLHZ6xtIWSM	8	-0.375	-0.1666666716337204	0.5384520292282104	0.3333333432674408	-1.3333333730697632	0.3333333432674408	1.6666667461395264	1	4	3	28	10	0.9999999999999999	10	10	16
RRKez9BR-94	7	0.5714285969734192	1.0	1.0345505475997925	0.3333333730697632	-1.6666666269302368	1.6666666269302368	3.3333332538604736	5	1	1	21	10	0.9999999999999999	10	11	15
RS5WM3q2ZZQ	18	0.3333333730697632	0.1666666716337204	0.6666666865348816	0.5	-1.0	1.3333333730697632	2.3333334922790527	9	3	6	153	64	1.0	67	67	98
RST6PgpsLws	8	0.9583333134651184	1.0	1.1234557628631592	0.8333333134651184	-1.3333333730697632	2.3333332538604736	3.6666665077209473	7	1	0	28	19	0.9999999999999996	19	19	23
RTzDzj4NxIM	8	0.5833333134651184	0.6666666865348816	1.198957920074463	0.8333333730697632	-1.6666666269302368	2.3333332538604736	4.0	5	2	1	28	21	1.0000000000000004	21	21	23
RXcI6PK37lM	6	0.4444444179534912	0.0	0.6573421359062195	0.0	0.0	1.6666666269302368	1.6666666269302368	2	0	4	15	8	1.0	8	8	9
RaTQZrdICKo	1	0.0	0.0	0.0	0.0	0.0	0.0	0.0	0	0	1	0	0	0.0	0	0	0
RadU51t1kL0	8	-0.375	-0.5	0.5384520292282104	0.5	-1.0	0.6666666865348816	1.6666667461395264	1	5	2	28	9	1.0000000000000002	9	9	17
RdExUaEIWIk	6	-0.0555555559694767	0.0	0.12422599643468857	0.0	-0.3333333432674408	0.0	0.3333333432674408	0	1	5	15	0	0.0	0	0	0
RdOc70IrjJo	2	0.3333333432674408	0.3333333432674408	0.0	0.0	0.3333333432674408	0.3333333432674408	0.0	2	0	0	1	0	0.0	0	0	0
Rdf0Psjyrwc	4	1.7500001192092896	1.5	0.5464532375335693	0.16666662693023682	1.3333333730697632	2.6666667461395264	1.3333333730697632	4	0	0	6	3	1.0	3	3	3
RfKxYiFd-fs	2	0.5	0.5	0.5	0.5	0.0	1.0	1.0	1	0	1	1	1	1.0	1	1	1
RgubFcmvgDE	7	-0.8571429252624512	-0.6666666865348816	0.6135284900665283	0.3333333432674408	-2.0	0.0	2.0	0	6	1	21	8	1.0	8	8	14
RqOgkJbqFXg	4	-0.0833333358168602	-0.1666666716337204	0.595119059085846	0.5	-0.6666666865348816	0.6666666865348816	1.3333333730697632	2	2	0	6	4	1.0	4	4	4
Rse6laKf1i8	9	1.407407283782959	1.6666666269302368	0.8131295442581177	0.33333325386047363	0.0	2.3333332538604736	2.3333332538604736	7	0	2	36	14	0.9999999999999997	14	16	24
Rt9rN1ntS3E	12	1.1666666269302368	1.0	0.64549720287323	0.3333333730697632	0.0	2.6666667461395264	2.6666667461395264	11	0	1	66	24	0.9999999999999996	24	24	39
Rugd2NMu4bA	6	0.4444444477558136	0.5	0.3685138523578644	0.3333333432674408	0.0	1.0	1.0	4	0	2	15	2	1.0	2	2	7
RvIohowRPAk	8	-0.7083333730697632	-0.5	0.7894706130027771	0.5	-2.3333332538604736	0.3333333432674408	2.6666665077209473	1	6	1	28	13	0.9999999999999998	13	14	20
Rw2pzFGosmw	7	0.8571429252624512	1.0	0.6388765573501587	0.6666666269302368	0.0	2.0	2.0	6	0	1	21	10	0.9999999999999999	10	10	15
RwcTz-tOIeo	4	-0.4166666269302368	-0.3333333432674408	0.8291561603546143	0.5	-1.6666666269302368	0.6666666865348816	2.3333332538604736	1	3	0	6	5	1.0	5	5	5
Ry2NJPd4N3s	7	0.4285714328289032	0.6666666865348816	0.749905526638031	0.3333333432674408	-0.6666666865348816	1.3333333730697632	2.0	5	2	0	21	11	1.0000000000000002	11	11	14
S0ecaAi_CJo	2	1.1666666269302368	1.1666666269302368	0.8333333134651184	0.8333333134651184	0.3333333432674408	2.0	1.6666666269302368	2	0	0	1	1	1.0	1	1	1
S21ApRNQ9Ko	6	0.4444444477558136	0.1666666716337204	1.2422600984573364	1.0	-1.0	2.6666667461395264	3.6666667461395264	3	2	1	15	12	1.0	12	12	13
S2znq3iRPwE	9	1.4074074029922485	1.3333333730697632	0.4382281005382538	0.3333333730697632	0.6666666865348816	2.0	1.3333332538604736	9	0	0	36	6	0.9999999999999999	6	8	18
S6S2XL0-ZpM	1	0.0	0.0	0.0	0.0	0.0	0.0	0.0	0	0	1	0	0	0.0	0	0	0
S8yP6lBOdKo	1	-1.3333333730697632	-1.3333333730697632	0.0	0.0	-1.3333333730697632	-1.3333333730697632	0.0	0	1	0	0	0	0.0	0	0	0
S9PDgK7fpJI	12	-1.0555557012557983	-0.6666666865348816	0.7556372284889221	0.5	-2.6666667461395264	0.0	2.6666667461395264	0	11	1	66	23	0.9999999999999996	23	26	46
SCXp4l0CO4s	1	0.0	0.0	0.0	0.0	0.0	0.0	0.0	0	0	1	0	0	0.0	0	0	0
SGsiGz2fdpo	31	0.5913979411125183	0.6666666865348816	0.701813817024231	0.6666666865348816	-1.0	2.6666667461395264	3.6666667461395264	21	2	8	465	64	1.0	158	174	285
SH0wXyhsx9s	3	0.0	-0.3333333432674408	0.4714045226573944	0.0	-0.3333333432674408	0.6666666865348816	1.0	1	2	0	3	2	1.0	2	2	2
SI39azgVUR8	7	0.19047625362873077	0.6666666865348816	2.03818416595459	2.3333332538604736	-2.6666667461395264	3.0	5.6666669845581055	4	3	0	21	17	1.0	17	18	20
SLi2gT5H6m8	10	2.086162531611535e-08	0.1666666716337204	0.9067646265029907	0.3333333432674408	-2.3333332538604736	1.3333333730697632	3.6666665077209473	5	3	2	45	18	1.0000000000000002	18	18	27
SMr2DprlLu4	1	2.0	2.0	0.0	0.0	2.0	2.0	0.0	1	0	0	0	0	0.0	0	0	0
SMzV26l6iA0	2	0.5	0.5	0.5	0.5	0.0	1.0	1.0	1	0	1	1	1	1.0	1	1	1
SNBqe_JpZC4	1	-0.3333333432674408	-0.3333333432674408	0.0	0.0	-0.3333333432674408	-0.3333333432674408	0.0	0	1	0	0	0	0.0	0	0	0
SRP5FYP71Ng	1	1.0	1.0	0.0	0.0	1.0	1.0	0.0	1	0	0	0	0	0.0	0	0	0
SSNrLu-eZiM	1	1.0	1.0	0.0	0.0	1.0	1.0	0.0	1	0	0	0	0	0.0	0	0	0
STeqtJLakQQ	7	-0.6666666865348816	-0.6666666865348816	0.5909368991851807	0.3333333134651184	-1.3333333730697632	0.6666666865348816	2.0	1	6	0	21	6	0.9999999999999999	6	6	9
SWHmteF5Rlk	8	0.25	0.1666666716337204	1.010362982749939	0.8333333730697632	-1.0	2.0	3.0	4	4	0	28	18	1.0000000000000002	18	18	22
SWhfaL7AdEc	9	0.8148148059844971	0.6666666865348816	0.8181748986244202	0.3333333432674408	-1.0	2.0	3.0	8	1	0	36	15	0.9999999999999999	15	18	24
SYnygYs-fAg	16	0.9166666865348816	0.6666666865348816	0.5068968534469604	0.3333333134651184	0.3333333432674408	2.0	1.6666666269302368	16	0	0	120	23	0.9999999999999996	23	37	58
SZRxuS6fn9s	4	-1.3333332538604736	-1.3333332538604736	0.527046263217926	0.4999999701976776	-2.0	-0.6666666865348816	1.3333332538604736	0	4	0	6	2	1.0	2	3	4
S_ISgjJR1bc	1	0.0	0.0	0.0	0.0	0.0	0.0	0.0	0	0	1	0	0	0.0	0	0	0
S_mxvk4LEh0	6	0.5	0.1666666716337204	0.7136240005493164	0.1666666716337204	0.0	2.0	2.0	3	0	3	15	5	1.0	5	5	8
S_tGoxSEh5Y	1	0.0	0.0	0.0	0.0	0.0	0.0	0.0	0	0	1	0	0	0.0	0	0	0
SaNXCez-9iQ	2	0.1666666716337204	0.1666666716337204	0.1666666716337204	0.1666666716337204	0.0	0.3333333432674408	0.3333333432674408	1	0	1	1	0	0.0	0	0	0
Sb2xMPwNKPo	5	0.4000000059604645	0.0	0.6463572382926941	0.0	0.0	1.6666666269302368	1.6666666269302368	2	0	3	10	4	1.0	4	4	4
Sglx7douG_4	2	0.3333333432674408	0.3333333432674408	0.3333333432674408	0.3333333432674408	0.0	0.6666666865348816	0.6666666865348816	1	0	1	1	0	0.0	0	0	1
ShgrdU9WAJE	13	0.6410256624221802	0.3333333432674408	0.9910844564437866	0.6666666865348816	-1.0	2.3333332538604736	3.3333332538604736	7	3	3	78	47	1.0000000000000004	47	49	58
Sir2QeCh4B0	8	0.25	0.0	0.5464531779289246	0.0	-0.3333333432674408	1.3333333730697632	1.6666667461395264	2	1	5	28	12	1.0	12	12	12
SmftC-VAfYQ	5	1.066666603088379	1.3333333730697632	0.8273115754127502	0.6666666269302368	-0.3333333432674408	2.0	2.3333332538604736	4	1	0	10	5	1.0	5	6	8
So3bPzg2bq0	7	0.0476190485060215	0.0	0.21295885741710663	0.0	-0.3333333432674408	0.3333333432674408	0.6666666865348816	2	1	4	21	0	0.0	0	0	2
SqtZGF_f63s	1	1.0	1.0	0.0	0.0	1.0	1.0	0.0	1	0	0	0	0	0.0	0	0	0
SrMN3rwvCsE	7	0.0	0.3333333432674408	0.6424161195755005	0.6666666269302368	-1.0	1.0	2.0	4	3	0	21	9	1.0000000000000002	9	9	16
StgqrTr0JqU	13	0.25641030073165894	0.0	0.5722029209136963	0.0	-1.0	1.3333333730697632	2.3333334922790527	5	1	7	78	26	0.9999999999999996	26	26	50
SuKnUzid-1g	2	1.6666666269302368	1.6666666269302368	0.6666666269302368	0.6666666269302368	1.0	2.3333332538604736	1.3333332538604736	2	0	0	1	1	1.0	1	1	1
SxbTZjZD0vU	6	-0.5555555820465088	-0.6666666865348816	0.31426969170570374	0.1666666567325592	-1.0	0.0	1.0	0	5	1	15	1	1.0	1	1	5
SzJf6viBWBg	6	0.3888889253139496	0.1666666716337204	0.44790318608283997	0.1666666716337204	0.0	1.0	1.0	3	0	3	15	6	0.9999999999999999	6	6	8
T-8TvJcS78w	7	1.523809552192688	1.3333333730697632	0.2428104430437088	0.0	1.3333333730697632	2.0	0.6666666269302368	7	0	0	21	0	0.0	0	0	4
T-vqHR989bM	2	0.6666666269302368	0.6666666269302368	1.3333332538604736	1.3333332538604736	-0.6666666865348816	2.0	2.6666667461395264	1	1	0	1	1	1.0	1	1	1
T1icdxz0TNs	2	1.0	1.0	0.3333333432674408	0.3333333432674408	0.6666666865348816	1.3333333730697632	0.6666666865348816	2	0	0	1	0	0.0	0	0	1
T4e4Ba1sRg0	7	-0.9999999403953552	-1.0	1.5735915899276733	1.0	-3.0	2.3333332538604736	5.3333330154418945	1	6	0	21	17	1.0	17	17	17
TBCjKGYBNIo	22	0.21212123334407806	0.3333333432674408	0.8907235264778137	0.8333333730697632	-1.3333333730697632	1.3333333730697632	2.6666667461395264	13	8	1	231	64	1.0	126	126	169
TBwetweXRb4	3	0.0	0.0	0.27216553688049316	0.3333333432674408	-0.3333333432674408	0.3333333432674408	0.6666666865348816	1	1	1	3	0	0.0	0	0	1
TFKgo5JlPro	2	-0.1666666716337204	-0.1666666716337204	0.1666666716337204	0.1666666716337204	-0.3333333432674408	0.0	0.3333333432674408	0	1	1	1	0	0.0	0	0	0
TJelZLbfT2A	11	0.8181818127632141	0.6666666865348816	0.6254475116729736	0.6666666865348816	0.0	1.6666666269302368	1.6666666269302368	9	0	2	55	25	1.0000000000000002	25	27	32
TM7cHOHfF70	10	0.033333323895931244	0.0	0.6741250157356262	0.3333333432674408	-1.0	1.3333333730697632	2.3333334922790527	4	3	3	45	21	1.0000000000000004	21	21	29
TNwwVWA-oAE	6	1.111111044883728	1.0	0.737027645111084	0.4999999701976776	0.0	2.3333332538604736	2.3333332538604736	5	0	1	15	7	0.9999999999999998	7	8	12
TO5HjoK8Iu8	11	1.2424243688583374	1.3333333730697632	0.6045435667037964	0.6666666269302368	0.6666666865348816	2.6666667461395264	2.0	11	0	0	55	14	0.9999999999999997	14	14	35
TSDC7CCyeGY	6	-0.5	-0.3333333432674408	0.8333333730697632	0.6666666269302368	-2.0	0.3333333432674408	2.3333332538604736	2	3	1	15	10	0.9999999999999999	10	10	11
TUY83eDK5jc	9	1.1481480598449707	1.3333333730697632	0.6108304858207703	0.3333333730697632	0.0	2.0	2.0	8	0	1	36	14	0.9999999999999997	14	14	22
TUzD45ghy4k	1	1.6666666269302368	1.6666666269302368	0.0	0.0	1.6666666269302368	1.6666666269302368	0.0	1	0	0	0	0	0.0	0	0	0
TVhXqAI9gyA	5	0.13333332538604736	0.0	0.5416025519371033	0.3333333432674408	-0.6666666865348816	1.0	1.6666667461395264	2	1	2	10	4	1.0	4	4	7
TWMFQED1Myk	10	0.8333333730697632	0.8333333730697632	0.5627314448356628	0.5	0.0	1.6666666269302368	1.6666666269302368	8	0	2	45	14	0.9999999999999997	14	16	28
TWf0XFpXwfs	5	0.20000000298023224	0.0	0.2666666805744171	0.0	0.0	0.6666666865348816	0.6666666865348816	2	0	3	10	0	0.0	0	0	3
TZXcQemh8n8	2	-0.1666666716337204	-0.1666666716337204	0.1666666716337204	0.1666666716337204	-0.3333333432674408	0.0	0.3333333432674408	0	1	1	1	0	0.0	0	0	0
Ta_IgA3XJ3s	6	0.5	0.5	0.4194352328777313	0.5	0.0	1.0	1.0	4	0	2	15	4	1.0	4	4	8
TahiuVpcROM	1	0.6666666865348816	0.6666666865348816	0.0	0.0	0.6666666865348816	0.6666666865348816	0.0	1	0	0	0	0	0.0	0	0	0
TbZPa_keawc	6	-0.2222222238779068	-0.3333333432674408	0.5983516573905945	0.5	-1.0	0.6666666865348816	1.6666667461395264	2	3	1	15	7	0.9999999999999998	7	7	10
Tdw0fJt0lco	2	0.5	0.5	0.1666666716337204	0.1666666716337204	0.3333333432674408	0.6666666865348816	0.3333333432674408	2	0	0	1	0	0.0	0	0	0
Te-vgmYgGM4	1	2.0	2.0	0.0	0.0	2.0	2.0	0.0	1	0	0	0	0	0.0	0	0	0
TfBVq9oWBmM	2	0.6666666865348816	0.6666666865348816	0.0	0.0	0.6666666865348816	0.6666666865348816	0.0	2	0	0	1	0	0.0	0	0	0
Tiq67-bAV3M	6	0.6111111044883728	0.5	0.5583264231681824	0.5	0.0	1.3333333730697632	1.3333333730697632	4	0	2	15	6	0.9999999999999999	6	6	10
TksWzxo81Mk	8	1.2083332538604736	1.1666667461395264	0.5994789600372314	0.5000000596046448	0.3333333432674408	2.0	1.6666666269302368	8	0	0	28	10	0.9999999999999999	10	12	18
TwTLsgfpKvA	10	0.4000000059604645	0.5	0.3590109944343567	0.3333333432674408	0.0	1.0	1.0	6	0	4	45	4	1.0	4	4	21
TxJjAK0WrOY	2	0.1666666716337204	0.1666666716337204	0.1666666716337204	0.1666666716337204	0.0	0.3333333432674408	0.3333333432674408	1	0	1	1	0	0.0	0	0	0
TxRS6vJ9ak0	7	1.5714285373687744	1.3333333730697632	0.6098213195800781	0.6666666269302368	0.6666666865348816	2.3333332538604736	1.6666665077209473	7	0	0	21	6	0.9999999999999999	6	10	14
U2Ydtq6qvL0	5	0.6000000238418579	0.6666666865348816	0.38873010873794556	0.3333333134651184	0.0	1.0	1.0	4	0	1	10	2	1.0	2	2	5
U4-u5NZLA_w	2	-0.3333333134651184	-0.3333333134651184	0.6666666269302368	0.6666666269302368	-1.0	0.3333333432674408	1.3333333730697632	1	1	0	1	1	1.0	1	1	1
U8Ewftg_8CI	8	0.2083333432674408	0.5	0.927024781703949	0.6666666865348816	-1.3333333730697632	1.3333333730697632	2.6666667461395264	5	3	0	28	16	1.0	16	16	21
UF9OlX-QNHU	2	1.1666667461395264	1.1666667461395264	0.1666666865348816	0.1666666865348816	1.0	1.3333333730697632	0.3333333730697632	2	0	0	1	0	0.0	0	0	0
UKVwc6I06x8	3	1.3333333730697632	1.3333333730697632	0.2721655070781708	0.33333325386047363	1.0	1.6666666269302368	0.6666666269302368	3	0	0	3	0	0.0	0	0	1
UK_IXtJ2BqI	18	0.5370370745658875	0.6666666865348816	1.0191917419433594	0.6666666865348816	-1.3333333730697632	2.6666667461395264	4.0	10	3	5	153	64	1.0	94	98	118
ULkFbie8g-I	3	-0.4444444477558136	-0.3333333432674408	0.15713484585285187	0.0	-0.6666666865348816	-0.3333333432674408	0.3333333432674408	0	3	0	3	0	0.0	0	0	0
ULtBuI6nMaY	6	0.4444444477558136	0.3333333432674408	0.8314794301986694	0.3333333432674408	-0.6666666865348816	2.0	2.6666667461395264	3	1	2	15	7	0.9999999999999998	7	7	13
UPghCarcnMc	7	0.0476190485060215	0.0	0.11664237827062607	0.0	0.0	0.3333333432674408	0.3333333432674408	1	0	6	21	0	0.0	0	0	0
URP2YlSNuZ4	2	0.0	0.0	0.0	0.0	0.0	0.0	0.0	0	0	2	1	0	0.0	0	0	0
UTNP1roJV3I	5	-0.3333333432674408	-0.3333333432674408	0.2981424033641815	0.3333333432674408	-0.6666666865348816	0.0	0.6666666865348816	0	3	2	10	0	0.0	0	0	4
UUukBV82P9A	12	0.3611111342906952	0.3333333432674408	0.7259519100189209	0.5	-1.0	1.6666666269302368	2.6666665077209473	7	3	2	66	29	0.9999999999999996	29	31	46
UXvMaHD9kmA	15	0.7555555701255798	1.0	0.9464684128761292	0.3333333730697632	-1.6666666269302368	2.0	3.6666665077209473	11	3	1	105	48	1.0000000000000007	48	54	75
Ua4g9q0r-dI	17	0.09803921729326248	0.0	0.3572719097137451	0.3333333432674408	-0.6666666865348816	0.6666666865348816	1.3333333730697632	6	3	8	136	12	1.0	12	12	50
Uc-0G7RRxoY	3	0.4444444477558136	0.3333333432674408	0.4157397150993347	0.3333333432674408	0.0	1.0	1.0	2	0	1	3	1	1.0	1	1	2
UeOIb6s0pVM	11	1.5757575035095215	1.6666666269302368	0.6527472734451294	0.3333333730697632	0.0	2.3333332538604736	2.3333332538604736	10	0	1	55	14	0.9999999999999997	14	18	27
UfLMdSGGQVw	10	1.7000000476837158	1.6666666269302368	0.276887446641922	0.33333325386047363	1.3333333730697632	2.0	0.6666666269302368	10	0	0	45	0	0.0	0	0	12
UgTM9y2rD38	3	1.888888955116272	1.6666666269302368	0.566557765007019	0.33333325386047363	1.3333333730697632	2.6666667461395264	1.3333333730697632	3	0	0	3	2	1.0	2	2	2
Uiq0lf9ibF8	1	0.0	0.0	0.0	0.0	0.0	0.0	0.0	0	0	1	0	0	0.0	0	0	0
UjT8pHMN8Q8	2	0.1666666716337204	0.1666666716337204	0.1666666716337204	0.1666666716337204	0.0	0.3333333432674408	0.3333333432674408	1	0	1	1	0	0.0	0	0	0
UkqTwAuA8jI	4	0.0	0.0	0.0	0.0	0.0	0.0	0.0	0	0	4	6	0	0.0	0	0	0
UmB5c_QqUPs	13	-0.3333333432674408	-0.3333333432674408	1.1016693115234375	0.3333333432674408	-2.3333332538604736	2.0	4.3333330154418945	3	9	1	78	44	0.9999999999999994	44	47	57
UtjenieM1Ak	3	0.3333333432674408	0.0	0.471404492855072	0.0	0.0	1.0	1.0	1	0	2	3	2	1.0	2	2	2
UtuTyW9pUN8	8	-0.0416666679084301	0.0	0.38864079117774963	0.3333333432674408	-0.6666666865348816	0.6666666865348816	1.3333333730697632	2	3	3	28	4	1.0	4	4	12
UuR4Rw38v_U	3	-0.3333333432674408	0.0	0.471404492855072	0.0	-1.0	0.0	1.0	0	1	2	3	2	1.0	2	2	2
Uw1nWfSuyo8	2	0.5	0.5	0.1666666716337204	0.1666666716337204	0.3333333432674408	0.6666666865348816	0.3333333432674408	2	0	0	1	0	0.0	0	0	0
V5lfNohNlEg	1	1.0	1.0	0.0	0.0	1.0	1.0	0.0	1	0	0	0	0	0.0	0	0	0
VA6lVHlj5d0	7	0.6666666269302368	0.6666666865348816	0.4714045524597168	0.3333333134651184	0.0	1.3333333730697632	1.3333333730697632	5	0	2	21	6	0.9999999999999999	6	6	12
VAFdgtqZz4g	3	0.7777778506278992	0.6666666865348816	0.15713483095169067	0.0	0.6666666865348816	1.0	0.3333333134651184	3	0	0	3	0	0.0	0	0	0
VAr7gJydnys	18	0.018518520519137383	0.0	0.6032036542892456	0.3333333432674408	-1.3333333730697632	1.0	2.3333334922790527	7	4	7	153	56	1.000000000000001	56	56	87
VCIe-4p0xoM	1	0.0	0.0	0.0	0.0	0.0	0.0	0.0	0	0	1	0	0	0.0	0	0	0
VDjnKdFxuBE	1	2.6666667461395264	2.6666667461395264	0.0	0.0	2.6666667461395264	2.6666667461395264	0.0	1	0	0	0	0	0.0	0	0	0
VN1IPN1TL3Q	3	-0.8888888955116272	-1.3333333730697632	0.8748897314071655	0.33333325386047363	-1.6666666269302368	0.3333333432674408	2.0	1	2	0	3	2	1.0	2	2	2
VUrTT7xsrec	3	0.6666666865348816	0.6666666865348816	0.2721655070781708	0.3333333134651184	0.3333333432674408	1.0	0.6666666269302368	3	0	0	3	0	0.0	0	0	1
VVZLA2neYyw	3	0.5555555820465088	0.3333333432674408	0.31426966190338135	0.0	0.3333333432674408	1.0	0.6666666269302368	3	0	0	3	0	0.0	0	0	2
VWik5oKP6IU	9	-0.4444444477558136	-0.3333333432674408	0.5443310737609863	0.3333333432674408	-1.3333333730697632	0.3333333432674408	1.6666667461395264	1	5	3	36	14	0.9999999999999997	14	14	21
VZqkWIPmH6w	10	0.10000000149011612	0.0	0.36666667461395264	0.1666666716337204	-0.3333333432674408	1.0	1.3333333730697632	3	2	5	45	7	0.9999999999999998	7	7	13
Va54WZgPTdY	5	-1.4666666984558105	-1.6666666269302368	1.002219796180725	0.3333333730697632	-2.6666667461395264	0.3333333432674408	3.0	1	4	0	10	6	0.9999999999999999	6	6	8
VbSsGRXIwjc	2	2.0	2.0	0.3333333134651184	0.3333333134651184	1.6666666269302368	2.3333332538604736	0.6666666269302368	2	0	0	1	0	0.0	0	0	1
VbmSzYg_lmg	1	2.3333332538604736	2.3333332538604736	0.0	0.0	2.3333332538604736	2.3333332538604736	0.0	1	0	0	0	0	0.0	0	0	0
VcZffwwL0bw	7	0.9523809552192688	0.6666666865348816	0.5753831267356873	0.6666666865348816	0.0	1.6666666269302368	1.6666666269302368	6	0	1	21	3	1.0	3	9	15
Ve-mmCM8TI0	10	-0.06666666269302368	0.0	0.3265986442565918	0.0	-1.0	0.3333333432674408	1.3333333730697632	1	1	8	45	9	1.0000000000000002	9	9	9
VgqI1KRnDSw	4	0.5	0.5	0.1666666716337204	0.1666666716337204	0.3333333432674408	0.6666666865348816	0.3333333432674408	4	0	0	6	0	0.0	0	0	0
VhKJm_jiciU	6	0.4444444179534912	0.5	0.5328702330589294	0.3333333432674408	-0.3333333432674408	1.3333333730697632	1.6666667461395264	4	1	1	15	5	1.0	5	5	10
VjAvqFXEmmk	8	0.7083333134651184	0.3333333432674408	0.8239049911499023	0.3333333432674408	0.0	2.3333332538604736	2.3333332538604736	4	0	4	28	13	0.9999999999999998	13	15	21
VoETCD8fBLI	2	0.8333333730697632	0.8333333730697632	0.1666666567325592	0.1666666567325592	0.6666666865348816	1.0	0.3333333134651184	2	0	0	1	0	0.0	0	0	0
VugBIVwSmaI	1	0.0	0.0	0.0	0.0	0.0	0.0	0.0	0	0	1	0	0	0.0	0	0	0
Vv2DTPyyw90	6	0.555555522441864	0.3333333432674408	0.8534606099128723	0.3333333432674408	-0.3333333432674408	2.3333332538604736	2.6666665077209473	4	1	1	15	6	0.9999999999999999	6	6	9
Vw4-ae-ucHE	4	0.0	0.0	0.527046263217926	0.5	-0.6666666865348816	0.6666666865348816	1.3333333730697632	2	2	0	6	3	1.0	3	3	4
Vx8npmcFxak	7	1.476190447807312	2.0	1.193329930305481	0.33333325386047363	-1.3333333730697632	2.3333332538604736	3.6666665077209473	6	1	0	21	6	0.9999999999999999	6	8	12
VybXjsmsjAY	9	0.5185185670852661	0.3333333432674408	0.5468453168869019	0.6666666269302368	-0.3333333432674408	1.3333333730697632	1.6666667461395264	6	1	2	36	14	0.9999999999999997	14	14	22
VzDXgBOe5iI	4	0.75	0.6666666865348816	0.759202778339386	0.6666666865348816	0.0	1.6666666269302368	1.6666666269302368	2	0	2	6	4	1.0	4	4	4
W-pA0lOGLR0	7	0.6190476417541504	0.6666666865348816	0.4151332378387451	0.3333333432674408	0.0	1.3333333730697632	1.3333333730697632	6	0	1	21	4	1.0	4	4	10
W-ptEZFARVo	11	0.6969696879386902	0.6666666865348816	0.8342969417572021	0.6666666865348816	-0.6666666865348816	2.3333332538604736	3.0	7	1	3	55	28	0.9999999999999997	28	30	42
W-q9bPlMIVI	15	0.555555522441864	0.6666666865348816	0.3784308135509491	0.3333333134651184	0.0	1.0	1.0	11	0	4	105	16	1.0	16	16	44
W40BaML7mzc	3	1.5555554628372192	1.6666666269302368	0.4157397150993347	0.3333333730697632	1.0	2.0	1.0	3	0	0	3	1	1.0	1	1	2
W53uRqITk2I	9	0.8518518805503845	1.0	0.5237827897071838	0.3333333730697632	-0.3333333432674408	1.3333333730697632	1.6666667461395264	8	1	0	36	10	0.9999999999999999	10	10	17
WANirpnKa4w	5	0.3333333432674408	0.3333333432674408	0.21081852912902832	0.0	0.0	0.6666666865348816	0.6666666865348816	4	0	1	10	0	0.0	0	0	1
WAXJRnJXmOA	8	0.0833333432674408	0.3333333432674408	0.7772815823554993	0.3333333432674408	-1.3333333730697632	1.0	2.3333334922790527	5	2	1	28	13	0.9999999999999998	13	13	17
WBCRTcMJZZc	4	0.25	0.1666666716337204	0.2763853967189789	0.1666666716337204	0.0	0.6666666865348816	0.6666666865348816	2	0	2	6	0	0.0	0	0	2
WGfGxoI05ew	2	2.1666665077209473	2.1666665077209473	0.16666662693023682	0.16666662693023682	2.0	2.3333332538604736	0.33333325386047363	2	0	0	1	0	0.0	0	0	0
WHUHTmtBJWU	3	0.2222222238779068	0.0	0.31426969170570374	0.0	0.0	0.6666666865348816	0.6666666865348816	1	0	2	3	0	0.0	0	0	2
WJ2QF4Kw9Y8	3	-0.1111111119389534	0.0	0.15713484585285187	0.0	-0.3333333432674408	0.0	0.3333333432674408	0	1	2	3	0	0.0	0	0	0
WMzvDL7b4sM	5	-0.06666667759418488	0.0	0.5333333611488342	0.6666666865348816	-0.6666666865348816	0.6666666865348816	1.3333333730697632	2	2	1	10	4	1.0	4	4	7
WSjlhBDxNW8	6	1.2222222089767456	1.0	0.8534606099128723	0.3333333432674408	0.3333333432674408	3.0	2.6666667461395264	6	0	0	15	6	0.9999999999999999	6	6	9
WTF9xgqLIvI	10	0.2666666507720947	0.5	0.9285591840744019	0.8333333730697632	-1.3333333730697632	1.6666666269302368	3.0	6	4	0	45	26	0.9999999999999996	26	28	35
WUeSV0Z23Kg	2	-0.5	-0.5	0.1666666716337204	0.1666666716337204	-0.6666666865348816	-0.3333333432674408	0.3333333432674408	0	2	0	1	0	0.0	0	0	0
WXKgBIiP8IA	11	0.27272728085517883	0.0	0.5283514261245728	0.3333333432674408	-0.6666666865348816	1.3333333730697632	2.0	5	1	5	55	17	1.0	17	17	30
WYSomBHdl4c	1	1.6666666269302368	1.6666666269302368	0.0	0.0	1.6666666269302368	1.6666666269302368	0.0	1	0	0	0	0	0.0	0	0	0
WZVfvgTeFPo	3	0.7777778506278992	0.6666666865348816	0.4157397150993347	0.3333333432674408	0.3333333432674408	1.3333333730697632	1.0	3	0	0	3	1	1.0	1	1	2
WaaSYRPwQBw	2	0.1666666716337204	0.1666666716337204	0.5	0.5	-0.3333333432674408	0.6666666865348816	1.0	1	1	0	1	1	1.0	1	1	1
We5nTulz1Vs	4	-0.5	-0.6666666865348816	0.2886751592159271	0.0	-0.6666666865348816	0.0	0.6666666865348816	0	3	1	6	0	0.0	0	0	3
Wfn7XvSEwUA	8	0.1666666865348816	0.3333333432674408	0.799305260181427	0.3333333432674408	-1.6666666269302368	1.3333333730697632	3.0	5	1	2	28	12	1.0	12	12	15
Wh6sht7xwqQ	12	0.1944444626569748	0.3333333432674408	0.917508065700531	0.3333333432674408	-1.6666666269302368	1.6666666269302368	3.3333332538604736	8	3	1	66	34	1.0	34	36	44
Wn8nz8GPKkI	3	0.3333333432674408	0.3333333432674408	0.5443310141563416	0.6666666269302368	-0.3333333432674408	1.0	1.3333333730697632	2	1	0	3	1	1.0	1	1	3
Wnw1IAEDwDM	3	0.4444444477558136	0.6666666865348816	0.31426969170570374	0.0	0.0	0.6666666865348816	0.6666666865348816	2	0	1	3	0	0.0	0	0	2
Wo1RxRjXyYw	7	0.5714285373687744	0.3333333432674408	0.6098213195800781	0.3333333432674408	0.0	1.6666666269302368	1.6666666269302368	5	0	2	21	10	0.9999999999999999	10	10	10
WovurMxG2Aw	5	-0.06666666269302368	0.0	0.5734883546829224	0.3333333432674408	-1.0	0.6666666865348816	1.6666667461395264	2	2	1	10	4	1.0	4	4	7
WtiBpLt2wuA	1	0.0	0.0	0.0	0.0	0.0	0.0	0.0	0	0	1	0	0	0.0	0	0	0
Wx9nThz5z_Y	3	0.3333333432674408	0.0	0.471404492855072	0.0	0.0	1.0	1.0	1	0	2	3	2	1.0	2	2	2
WxYb2x_irTM	2	0.8333333730697632	0.8333333730697632	0.5	0.5	0.3333333432674408	1.3333333730697632	1.0	2	0	0	1	1	1.0	1	1	1
WygyVNL_qdE	6	1.0555554628372192	1.5	0.8906232714653015	0.3333333134651184	-0.3333333432674408	2.0	2.3333332538604736	4	1	1	15	8	1.0	8	8	9
X0jMZoxUL2A	11	0.7878787517547607	0.6666666865348816	0.6707861423492432	0.6666666865348816	-0.3333333432674408	1.6666666269302368	2.0	9	2	0	55	20	1.0000000000000002	20	26	37
X2leyjuolDM	7	0.9523809552192688	1.0	0.4151332378387451	0.3333333134651184	0.3333333432674408	1.6666666269302368	1.3333332538604736	7	0	0	21	2	1.0	2	4	10
X3p50qqFW_w	6	0.6111111044883728	0.6666666865348816	0.22906140983104706	0.1666666567325592	0.3333333432674408	1.0	0.6666666269302368	6	0	0	15	0	0.0	0	0	2
X6-jJO00DMg	3	0.0	0.0	0.0	0.0	0.0	0.0	0.0	0	0	3	3	0	0.0	0	0	0
X7-Gbk8gAD0	7	0.761904776096344	0.6666666865348816	0.5259695649147034	0.3333333432674408	0.0	1.6666666269302368	1.6666666269302368	6	0	1	21	4	1.0	4	7	13
XAT2IfFFAU0	6	0.2222222089767456	0.0	0.9938079714775085	0.3333333432674408	-1.3333333730697632	2.0	3.3333334922790527	2	1	3	15	9	1.0000000000000002	9	9	12
XAazxiP6tP0	7	0.2857142984867096	0.0	0.45175397396087646	0.0	0.0	1.3333333730697632	1.3333333730697632	3	0	4	21	6	0.9999999999999999	6	6	6
XAgD-xoil40	6	0.0555555559694767	0.0	0.12422600388526917	0.0	0.0	0.3333333432674408	0.3333333432674408	1	0	5	15	0	0.0	0	0	0
XCyngF93SmU	6	0.0	0.0	0.0	0.0	0.0	0.0	0.0	0	0	6	15	0	0.0	0	0	0
XDVkhOziCkg	3	1.7777776718139648	1.6666666269302368	0.41573965549468994	0.33333325386047363	1.3333333730697632	2.3333332538604736	0.9999998807907104	3	0	0	3	0	0.0	0	1	2
XEZ7e4pf1xE	11	-0.5757575631141663	-0.6666666865348816	0.6045435070991516	0.6666666865348816	-1.6666666269302368	0.3333333432674408	2.0	1	7	3	55	20	1.0000000000000002	20	22	35
XFGHTk_3hGg	4	0.4166666865348816	0.3333333432674408	0.14433757960796356	0.0	0.3333333432674408	0.6666666865348816	0.3333333432674408	4	0	0	6	0	0.0	0	0	0
XFJQJb0yaKY	2	0.5	0.5	0.5	0.5	0.0	1.0	1.0	1	0	1	1	1	1.0	1	1	1
XPoY4LD-A1I	8	0.0416666679084301	0.0	0.4228704869747162	0.1666666716337204	-0.6666666865348816	0.6666666865348816	1.3333333730697632	2	2	4	28	4	1.0	4	4	16
XQOUZhWI1B0	5	-2.2666666507720947	-2.0	0.6463572978973389	0.6666666269302368	-3.0	-1.3333333730697632	1.6666666269302368	0	5	0	10	6	0.9999999999999999	6	6	8
XQxnAPleuCE	2	0.3333333432674408	0.3333333432674408	0.3333333432674408	0.3333333432674408	0.0	0.6666666865348816	0.6666666865348816	1	0	1	1	0	0.0	0	0	1
XVSDfgstFUQ	6	2.1111111640930176	2.0	0.4157397449016571	0.3333333730697632	1.6666666269302368	2.6666667461395264	1.0000001192092896	6	0	0	15	4	1.0	4	4	8
XXvSLz8QmGk	11	1.1515151262283325	1.3333333730697632	0.8688042759895325	0.6666666269302368	-1.0	2.0	3.0	10	1	0	55	25	1.0000000000000002	25	27	37
XblL7mcdDdg	5	-0.20000000298023224	0.0	0.7180219888687134	0.6666666865348816	-1.3333333730697632	0.6666666865348816	2.0	2	2	1	10	5	1.0	5	5	8
XbolrpSc0KU	6	-0.1666666716337204	0.0	0.3726780116558075	0.1666666716337204	-0.6666666865348816	0.3333333432674408	1.0	1	2	3	15	2	1.0	2	2	8
XcHLB-qfv5M	2	0.0	0.0	0.0	0.0	0.0	0.0	0.0	0	0	2	1	0	0.0	0	0	0
Xe-keAcLge0	2	0.0	0.0	0.0	0.0	0.0	0.0	0.0	0	0	2	1	0	0.0	0	0	0
XgT2WWcXip4	4	0.1666666716337204	0.1666666716337204	0.1666666716337204	0.1666666716337204	0.0	0.3333333432674408	0.3333333432674408	2	0	2	6	0	0.0	0	0	0
Xo6-V2RlWss	4	1.7500001192092896	1.5	0.5464532375335693	0.16666662693023682	1.3333333730697632	2.6666667461395264	1.3333333730697632	4	0	0	6	3	1.0	3	3	3
Xq7zLxYHxd8	7	-0.0952381044626236	0.0	0.5259695649147034	0.3333333432674408	-0.6666666865348816	1.0	1.6666667461395264	1	3	3	21	6	0.9999999999999999	6	6	12
XsEPZydHWdo	2	0.6666666865348816	0.6666666865348816	0.6666666865348816	0.6666666865348816	0.0	1.3333333730697632	1.3333333730697632	1	0	1	1	1	1.0	1	1	1
XwOdPYlyqXA	3	0.2222222238779068	0.0	0.31426969170570374	0.0	0.0	0.6666666865348816	0.6666666865348816	1	0	2	3	0	0.0	0	0	2
Xx7Y2YIbleA	9	0.40740740299224854	0.3333333432674408	0.5832598209381104	0.3333333432674408	-0.3333333432674408	1.6666666269302368	2.0	5	1	3	36	11	1.0000000000000002	11	12	20
XyBU_gZtU0M	21	-0.01587301306426525	0.0	0.5392154455184937	0.3333333432674408	-1.3333333730697632	1.0	2.3333334922790527	7	5	9	210	59	0.9999999999999989	59	59	106
XzhRYIeczg4	2	0.6666666865348816	0.6666666865348816	0.3333333134651184	0.3333333134651184	0.3333333432674408	1.0	0.6666666269302368	2	0	0	1	0	0.0	0	0	1
Y4izAQYtGEw	5	0.2666666805744171	0.3333333432674408	0.8793937563896179	0.3333333432674408	-1.3333333730697632	1.3333333730697632	2.6666667461395264	4	1	0	10	6	0.9999999999999999	6	6	7
Y6s_vuUUsJM	4	0.5	0.6666666865348816	0.5	0.1666666567325592	-0.3333333432674408	1.0	1.3333333730697632	3	1	0	6	3	1.0	3	3	3
Y6zyM1nDhN0	6	-0.0555555485188961	0.0	0.44790321588516235	0.1666666716337204	-1.0	0.3333333432674408	1.3333333730697632	2	1	3	15	5	1.0	5	5	5
Y9fvHRNz2Bs	4	0.5	0.5	0.1666666716337204	0.1666666716337204	0.3333333432674408	0.6666666865348816	0.3333333432674408	4	0	0	6	0	0.0	0	0	0
YAYfMkxhRiQ	5	-0.7333333492279053	-0.6666666865348816	0.4422166347503662	0.3333333134651184	-1.3333333730697632	0.0	1.3333333730697632	0	4	1	10	2	1.0	2	2	6
YB9EUgrzCCo	4	-0.75	-0.8333333134651184	1.2555432319641113	1.1666667461395264	-2.0	0.6666666865348816	2.6666667461395264	2	2	0	6	4	1.0	4	4	4
YD5vqR15nco	2	0.5	0.5	0.5	0.5	0.0	1.0	1.0	1	0	1	1	1	1.0	1	1	1
YEOU4KFDjZo	3	0.2222222238779068	0.0	0.31426969170570374	0.0	0.0	0.6666666865348816	0.6666666865348816	1	0	2	3	0	0.0	0	0	2
YF3mDOuF46M	7	0.7619047164916992	0.6666666865348816	0.5832118391990662	0.6666666865348816	0.0	1.6666666269302368	1.6666666269302368	5	0	2	21	6	0.9999999999999999	6	8	15
YGeVGXXK3ao	3	0.0	0.0	0.0	0.0	0.0	0.0	0.0	0	0	3	3	0	0.0	0	0	0
YITXOmhQhYE	10	0.8666666150093079	1.0	1.1075499057769775	0.8333333134651184	-1.6666666269302368	2.0	3.6666665077209473	8	1	1	45	29	0.9999999999999996	29	29	35
YJJoYkFPmds	12	0.3333333730697632	0.1666666716337204	0.6938887238502502	0.1666666716337204	-0.6666666865348816	2.0	2.6666667461395264	6	2	4	66	24	0.9999999999999996	24	24	37
YLA7h1RTa9w	11	-0.3030302822589874	0.0	0.5938157439231873	0.3333333432674408	-1.3333333730697632	0.3333333432674408	1.6666667461395264	3	5	3	55	20	1.0000000000000002	20	20	33
YQUutkMdLj0	4	-0.4166666269302368	-0.3333333134651184	0.9537935853004456	0.8333333730697632	-1.6666666269302368	0.6666666865348816	2.3333332538604736	2	2	0	6	4	1.0	4	4	5
YQanVofsHoE	1	0.6666666865348816	0.6666666865348816	0.0	0.0	0.6666666865348816	0.6666666865348816	0.0	1	0	0	0	0	0.0	0	0	0
YRbtXb9fWmI	7	-0.7619047164916992	-1.0	0.9209085702896118	1.0	-2.0	0.6666666865348816	2.6666667461395264	1	4	2	21	13	0.9999999999999998	13	13	17
YRmjALBdTdE	7	0.142857164144516	0.3333333432674408	0.5593971610069275	0.3333333432674408	-1.0	1.0	2.0	4	1	2	21	8	1.0	8	8	11
YVBsDJtAbk4	4	-0.25	-0.5	0.5464532375335693	0.1666666865348816	-0.6666666865348816	0.6666666865348816	1.3333333730697632	1	3	0	6	3	1.0	3	3	3
YVHJpAROBvQ	4	0.5833333730697632	0.6666666865348816	0.14433756470680237	0.0	0.3333333432674408	0.6666666865348816	0.3333333432674408	4	0	0	6	0	0.0	0	0	0
YWjTWl0oNLk	11	0.24242424964904785	0.0	0.6527472734451294	0.3333333432674408	-0.6666666865348816	1.6666666269302368	2.3333332538604736	4	3	4	55	20	1.0000000000000002	20	22	35
YWxvIFmYnNU	20	0.6833333373069763	0.6666666865348816	0.8722575902938843	0.6666666865348816	-0.6666666865348816	2.6666667461395264	3.3333334922790527	13	3	4	190	64	1.0	88	98	143
YY2yjEEoB3U	4	0.7500000596046448	0.8333333730697632	0.2763853967189789	0.1666666567325592	0.3333333432674408	1.0	0.6666666269302368	4	0	0	6	0	0.0	0	0	2
YcJ5RJYUr7Y	16	0.7291666269302368	0.5	0.8836379051208496	0.5	-0.6666666865348816	2.3333332538604736	3.0	12	2	2	120	58	1.0000000000000007	58	61	80
YcyHQQXGXWA	6	1.4444442987442017	1.5	0.3685138523578644	0.3333333134651184	1.0	2.0	1.0	6	0	0	15	2	1.0	2	2	7
YfxtwXXkCmc	6	0.2222222238779068	0.0	0.31426969170570374	0.0	0.0	0.6666666865348816	0.6666666865348816	2	0	4	15	0	0.0	0	0	8
YgyqX4aZ4tE	9	-0.037037041038274765	0.0	0.4829038679599762	0.0	-1.0	1.0	2.0	1	2	6	36	14	0.9999999999999997	14	14	15
Yi6Qyn4X8is	9	-0.4444444179534912	0.0	1.0183501243591309	0.6666666865348816	-2.3333332538604736	0.6666666865348816	3.0	4	4	1	36	22	0.9999999999999997	22	22	25
YjNYBBs1AZw	1	0.6666666865348816	0.6666666865348816	0.0	0.0	0.6666666865348816	0.6666666865348816	0.0	1	0	0	0	0	0.0	0	0	0
YmGfjU5PGyE	2	0.3333333432674408	0.3333333432674408	0.0	0.0	0.3333333432674408	0.3333333432674408	0.0	2	0	0	1	0	0.0	0	0	0
Yn8vNC41UMg	3	0.7777778506278992	0.6666666865348816	0.15713483095169067	0.0	0.6666666865348816	1.0	0.3333333134651184	3	0	0	3	0	0.0	0	0	0
YodtMIsjM0c	12	0.0555555559694767	0.0	0.26643508672714233	0.0	-0.3333333432674408	0.6666666865348816	1.0	3	2	7	66	2	1.0	2	2	13
YqHEmUKUy-E	2	1.1666667461395264	1.1666667461395264	0.1666666865348816	0.1666666865348816	1.0	1.3333333730697632	0.3333333730697632	2	0	0	1	0	0.0	0	0	0
YrPXbGBvqGo	4	0.3333333432674408	0.5	0.6236095428466797	0.3333333432674408	-0.6666666865348816	1.0	1.6666667461395264	3	1	0	6	3	1.0	3	3	4
Z-26eyME6Co	7	-0.2857142984867096	-0.3333333432674408	0.21295887231826782	0.0	-0.6666666865348816	0.0	0.6666666865348816	0	5	2	21	0	0.0	0	0	2
Z3fcd1wdzr0	8	0.6666666269302368	0.5	0.6871842741966248	0.5	0.0	2.0	2.0	5	0	3	28	13	0.9999999999999998	13	13	19
ZDz8Qr-sJ3E	4	-0.3333333432674408	-0.3333333432674408	0.2357022762298584	0.1666666716337204	-0.6666666865348816	0.0	0.6666666865348816	0	3	1	6	0	0.0	0	0	1
ZJGzEeDXbyM	2	1.1666666269302368	1.1666666269302368	0.4999999701976776	0.4999999701976776	0.6666666865348816	1.6666666269302368	0.9999999403953552	2	0	0	1	0	0.0	0	1	1
ZLCK8WX6qFQ	2	0.5	0.5	0.5	0.5	0.0	1.0	1.0	1	0	1	1	1	1.0	1	1	1
ZMAoUt0SD7E	1	0.0	0.0	0.0	0.0	0.0	0.0	0.0	0	0	1	0	0	0.0	0	0	0
ZQaGGpcIPHM	2	1.3333332538604736	1.3333332538604736	0.9999999403953552	0.9999999403953552	0.3333333432674408	2.3333332538604736	1.9999998807907104	2	0	0	1	1	1.0	1	1	1
ZQuGizjoCTY	7	0.4285714328289032	0.0	0.8857654333114624	0.6666666865348816	-0.6666666865348816	2.0	2.6666667461395264	3	2	2	21	11	1.0000000000000002	11	11	17
ZRic9ygn9f8	3	0.555555522441864	0.3333333432674408	0.8314794301986694	0.6666666865348816	-0.3333333432674408	1.6666666269302368	2.0	2	1	0	3	2	1.0	2	2	3
ZSBoSJaD2tQ	9	-0.03703703731298447	0.0	0.10475655645132065	0.0	-0.3333333432674408	0.0	0.3333333432674408	0	1	8	36	0	0.0	0	0	0
ZUqTWOx9jYU	6	0.3333333432674408	0.3333333432674408	0.38490015268325806	0.0	-0.3333333432674408	1.0	1.3333333730697632	5	1	0	15	1	1.0	1	1	9
ZW4Oe_fKJM0	7	1.2857142686843872	1.6666666269302368	0.7853534817695618	0.6666666269302368	-0.3333333432674408	2.3333332538604736	2.6666665077209473	6	1	0	21	8	1.0	8	8	17
ZXHX_e6HCI0	4	0.6666666865348816	0.6666666865348816	0.0	0.0	0.6666666865348816	0.6666666865348816	0.0	4	0	0	6	0	0.0	0	0	0
ZZ1IyZaMTWQ	5	1.3333332538604736	1.3333333730697632	0.471404492855072	0.3333333730697632	0.6666666865348816	2.0	1.3333332538604736	5	0	0	10	2	1.0	2	3	6
ZZzdvUdOTww	6	-0.055555541068315506	0.1666666716337204	0.8031573295593262	0.5	-1.6666666269302368	0.6666666865348816	2.3333332538604736	3	2	1	15	7	0.9999999999999998	7	7	10
Zae-zQ3VBpY	2	1.0	1.0	0.0	0.0	1.0	1.0	0.0	2	0	0	1	0	0.0	0	0	0
ZbVa-a2tNFM	3	0.1111111119389534	0.0	0.4157397150993347	0.3333333432674408	-0.3333333432674408	0.6666666865348816	1.0	1	1	1	3	1	1.0	1	1	2
ZdX9sUd3bAI	4	2.0	2.0	0.527046263217926	0.5	1.3333333730697632	2.6666667461395264	1.3333333730697632	4	0	0	6	2	1.0	2	3	4
ZfQYEa2fHGo	3	0.4444444477558136	0.6666666865348816	0.31426969170570374	0.0	0.0	0.6666666865348816	0.6666666865348816	2	0	1	3	0	0.0	0	0	2
Zg9DKOHJdw8	2	0.5	0.5	0.1666666716337204	0.1666666716337204	0.3333333432674408	0.6666666865348816	0.3333333432674408	2	0	0	1	0	0.0	0	0	0
ZiM_gkdFGJk	2	0.6666666865348816	0.6666666865348816	0.3333333134651184	0.3333333134651184	0.3333333432674408	1.0	0.6666666269302368	2	0	0	1	0	0.0	0	0	1
Zj_4YmbMWtg	4	-1.3333333730697632	-1.8333332538604736	1.4337209463119507	0.6666667461395264	-2.6666667461395264	1.0	3.6666667461395264	1	3	0	6	4	1.0	4	5	5
ZjsQqd6KZIg	11	0.3636363446712494	0.0	0.9582659602165222	0.3333333432674408	-0.6666666865348816	2.3333332538604736	3.0	4	3	4	55	27	0.9999999999999993	27	27	37
ZltpfWh2aIw	1	1.6666666269302368	1.6666666269302368	0.0	0.0	1.6666666269302368	1.6666666269302368	0.0	1	0	0	0	0	0.0	0	0	0
ZmAIDJ_gcXM	3	0.3333333432674408	0.3333333432674408	0.27216553688049316	0.3333333432674408	0.0	0.6666666865348816	0.6666666865348816	2	0	1	3	0	0.0	0	0	1
Zo8jCDGMWjw	1	0.6666666865348816	0.6666666865348816	0.0	0.0	0.6666666865348816	0.6666666865348816	0.0	1	0	0	0	0	0.0	0	0	0
Zr3psuFQoDY	1	-0.6666666865348816	-0.6666666865348816	0.0	0.0	-0.6666666865348816	-0.6666666865348816	0.0	0	1	0	0	0	0.0	0	0	0
Zs8x712Y-CM	12	0.2222222238779068	0.0	0.5328701734542847	0.1666666716337204	-0.3333333432674408	1.6666666269302368	2.0	4	2	6	66	13	0.9999999999999998	13	15	29
ZtuTCuh9C1M	6	0.5	0.3333333432674408	0.6871842741966248	0.5	-0.3333333432674408	1.6666666269302368	2.0	3	1	2	15	7	0.9999999999999998	7	8	11
ZzL2sHtTWRc	2	0.1666666716337204	0.1666666716337204	0.1666666716337204	0.1666666716337204	0.0	0.3333333432674408	0.3333333432674408	1	0	1	1	0	0.0	0	0	0
_26JmJnPKfM	24	0.875	1.0	0.7686719298362732	0.3333333730697632	-1.3333333730697632	2.0	3.3333334922790527	20	2	2	276	64	1.0	97	99	142
_2u0MkRqpjA	1	0.3333333432674408	0.3333333432674408	0.0	0.0	0.3333333432674408	0.3333333432674408	0.0	1	0	0	0	0	0.0	0	0	0
_4K620KW_Is	3	-0.1111111119389534	-0.3333333432674408	0.31426969170570374	0.0	-0.3333333432674408	0.3333333432674408	0.6666666865348816	1	2	0	3	0	0.0	0	0	2
_4PNh8dIILI	2	1.6666667461395264	1.6666667461395264	0.3333333134651184	0.3333333134651184	1.3333333730697632	2.0	0.6666666269302368	2	0	0	1	0	0.0	0	0	1
_8pvMpMdGM4	21	0.30158731341362	0.3333333432674408	0.9079587459564209	0.3333333432674408	-2.0	1.6666666269302368	3.6666665077209473	13	3	5	210	64	1.0	95	102	135
_BMdEKNF5Js	1	0.6666666865348816	0.6666666865348816	0.0	0.0	0.6666666865348816	0.6666666865348816	0.0	1	0	0	0	0	0.0	0	0	0
_BXmhCPTQmA	2	1.3333332538604736	1.3333332538604736	0.3333333134651184	0.3333333134651184	1.0	1.6666666269302368	0.6666666269302368	2	0	0	1	0	0.0	0	0	1
_BtdwH6mfWg	2	1.5	1.5	0.5	0.5	1.0	2.0	1.0	2	0	0	1	1	1.0	1	1	1
_HabvL0VnrQ	9	6.622738357719982e-09	0.0	0.38490021228790283	0.3333333432674408	-0.6666666865348816	0.6666666865348816	1.3333333730697632	3	3	3	36	5	1.0	5	5	15
_HanACduNJk	9	-0.40740740299224854	0.0	0.6040557622909546	0.0	-1.6666666269302368	0.0	1.6666666269302368	0	3	6	36	18	1.0000000000000002	18	18	20
_JcML8u5Wes	3	1.0	0.6666666865348816	0.471404492855072	0.0	0.6666666865348816	1.6666666269302368	0.9999999403953552	3	0	0	3	0	0.0	0	2	2
_K0okiLaF9I	2	-1.5	-1.5	0.8333332538604736	0.8333332538604736	-2.3333332538604736	-0.6666666865348816	1.6666665077209473	0	2	0	1	1	1.0	1	1	1
_KGd7IpX3B4	1	1.0	1.0	0.0	0.0	1.0	1.0	0.0	1	0	0	0	0	0.0	0	0	0
_MGd6t9eZP8	1	-0.3333333432674408	-0.3333333432674408	0.0	0.0	-0.3333333432674408	-0.3333333432674408	0.0	0	1	0	0	0	0.0	0	0	0
_PJ26YwqRJE	6	0.5555555820465088	0.5	0.49690401554107666	0.5	0.0	1.3333333730697632	1.3333333730697632	4	0	2	15	5	1.0	5	5	9
_PKP676ez2c	8	0.375	0.3333333432674408	0.35108956694602966	0.3333333432674408	0.0	1.0	1.0	5	0	3	28	3	1.0	3	3	11
_UNQDdiAbWI	4	0.4166666865348816	0.3333333432674408	0.4330126941204071	0.3333333432674408	0.0	1.0	1.0	2	0	2	6	2	1.0	2	2	4
_Vp4SDp_knI	2	0.0	0.0	1.6666666269302368	1.6666666269302368	-1.6666666269302368	1.6666666269302368	3.3333332538604736	1	1	0	1	1	1.0	1	1	1
_WkXQNVLQXs	4	1.25	1.1666667461395264	0.4930066466331482	0.33333340287208557	0.6666666865348816	2.0	1.3333332538604736	4	0	0	6	2	1.0	2	2	4
_XWUKMkxa-Q	1	1.0	1.0	0.0	0.0	1.0	1.0	0.0	1	0	0	0	0	0.0	0	0	0
_YzIvwvyIq4	1	1.0	1.0	0.0	0.0	1.0	1.0	0.0	1	0	0	0	0	0.0	0	0	0
_ZlF5Q9W1DM	2	0.5	0.5	0.1666666716337204	0.1666666716337204	0.3333333432674408	0.6666666865348816	0.3333333432674408	2	0	0	1	0	0.0	0	0	0
_bIJOxiIJFk	6	0.6666666865348816	0.6666666865348816	0.5773502588272095	0.6666666865348816	0.0	1.3333333730697632	1.3333333730697632	4	0	2	15	8	1.0	8	8	9
_iRAn6feOmw	5	0.46666669845581055	0.3333333432674408	0.33993464708328247	0.3333333432674408	0.0	1.0	1.0	4	0	1	10	1	1.0	1	1	4
_iy7ftq27xE	12	0.0	0.0	0.5773502588272095	0.1666666716337204	-1.6666666269302368	0.6666666865348816	2.3333332538604736	4	2	6	66	13	0.9999999999999998	13	13	27
_qVgNLJCYdA	5	0.06666667014360428	0.0	0.13333334028720856	0.0	0.0	0.3333333432674408	0.3333333432674408	1	0	4	10	0	0.0	0	0	0
_t8ETpf2LnM	1	0.0	0.0	0.0	0.0	0.0	0.0	0.0	0	0	1	0	0	0.0	0	0	0
_tBaGXNwlp0	6	-0.277777761220932	0.0	0.5241100192070007	0.1666666716337204	-1.0	0.3333333432674408	1.3333333730697632	1	2	3	15	8	1.0	8	8	8
_v8c7iWkYz0	6	1.0555555820465088	1.0	0.6781419515609741	0.5	0.0	2.0	2.0	5	0	1	15	5	1.0	5	7	12
_xjBqNfiEY4	6	1.2222222089767456	1.3333333730697632	0.8089010715484619	0.6666666269302368	0.0	2.0	2.0	5	0	1	15	9	1.0000000000000002	9	9	11
a4vRa-_nuJw	6	0.4444444477558136	0.8333333730697632	0.8958063721656799	0.3333333432674408	-1.3333333730697632	1.3333333730697632	2.6666667461395264	4	1	1	15	8	1.0	8	8	10
a5CSKvCAhbs	10	0.13333334028720856	0.0	0.2666667103767395	0.1666666716337204	-0.3333333432674408	0.6666666865348816	1.0	4	1	5	45	1	1.0	1	1	9
a5FKWiI90hk	3	0.3333333432674408	0.3333333432674408	0.27216553688049316	0.3333333432674408	0.0	0.6666666865348816	0.6666666865348816	2	0	1	3	0	0.0	0	0	1
a7HHg_JygJo	7	0.4285714626312256	0.6666666865348816	0.2935435175895691	0.0	0.0	0.6666666865348816	0.6666666865348816	5	0	2	21	0	0.0	0	0	8
a8WV5KEMKSw	5	-0.5999999642372131	-0.3333333432674408	0.6463572382926941	0.3333333432674408	-1.6666666269302368	0.0	1.6666666269302368	0	3	2	10	5	1.0	5	5	7
aCwLQrJz4Bo	5	0.8666666746139526	0.6666666865348816	0.5811865329742432	0.6666666865348816	0.0	1.6666666269302368	1.6666666269302368	4	0	1	10	2	1.0	2	4	8
aDvgbBqTWWE	6	0.3333333432674408	0.1666666716337204	0.6382846832275391	0.1666666716337204	-0.3333333432674408	1.6666666269302368	2.0	3	1	2	15	5	1.0	5	5	7
aE-X_QdDaqQ	3	0.8888888955116272	0.6666666865348816	0.8314794301986694	0.6666666865348816	0.0	2.0	2.0	2	0	1	3	2	1.0	2	2	3
aE7sckIAWuw	6	-0.8888888955116272	-0.8333333730697632	1.012270450592041	0.5	-2.6666667461395264	0.6666666865348816	3.3333334922790527	1	5	0	15	10	0.9999999999999999	10	10	12
aEaM_LOI-BM	6	0.1666666716337204	0.1666666716337204	0.6309897899627686	0.3333333432674408	-0.6666666865348816	1.3333333730697632	2.0	3	2	1	15	7	0.9999999999999998	7	7	10
aFZIvp3SgHY	4	0.5833333730697632	0.5	0.4930066466331482	0.3333333432674408	0.0	1.3333333730697632	1.3333333730697632	3	0	1	6	2	1.0	2	2	4
aFhT0px8AMw	2	2.3333332538604736	2.3333332538604736	0.0	0.0	2.3333332538604736	2.3333332538604736	0.0	2	0	0	1	0	0.0	0	0	0
aFjMWlR1QAY	13	-0.4871794879436493	-0.6666666865348816	0.9662278890609741	0.6666666865348816	-2.3333332538604736	1.0	3.3333332538604736	3	8	2	78	45	1.0000000000000004	45	48	61
aI1tdJPHz2I	4	-0.25	0.0	0.6400954723358154	0.1666666716337204	-1.3333333730697632	0.3333333432674408	1.6666667461395264	1	1	2	6	3	1.0	3	3	3
aIUF3QJJOF4	9	0.40740740299224854	0.3333333432674408	0.3777051270008087	0.3333333432674408	0.0	1.0	1.0	6	0	3	36	6	0.9999999999999999	6	6	15
aKPfbyW-Qxw	9	0.8148148059844971	0.3333333432674408	0.7388865351676941	0.3333333432674408	0.0	2.0	2.0	7	0	2	36	18	1.0000000000000002	18	18	23
aMtFBGh2wKI	6	0.3333333432674408	0.5	0.6938887238502502	0.5	-1.0	1.0	2.0	4	1	1	15	7	0.9999999999999998	7	7	10
aNOuoSVlunM	5	-0.4000000059604645	-0.3333333432674408	0.7118052244186401	0.6666666269302368	-1.3333333730697632	0.6666666865348816	2.0	1	3	1	10	6	0.9999999999999999	6	6	8
aWwjhcYLbRw	3	1.0	0.6666666865348816	0.471404492855072	0.0	0.6666666865348816	1.6666666269302368	0.9999999403953552	3	0	0	3	0	0.0	0	2	2
aXla94xd_AQ	4	1.25	1.0	0.6400954723358154	0.1666666567325592	0.6666666865348816	2.3333332538604736	1.6666665077209473	4	0	0	6	3	1.0	3	3	3
aYdMtEO0cbI	2	1.0	1.0	0.3333333432674408	0.3333333432674408	0.6666666865348816	1.3333333730697632	0.6666666865348816	2	0	0	1	0	0.0	0	0	1
aZjCq_hv2Pk	3	0.1111111119389534	0.0	0.15713484585285187	0.0	0.0	0.3333333432674408	0.3333333432674408	1	0	2	3	0	0.0	0	0	0
afCsKTHteg4	4	1.5	1.6666666269302368	0.7264831066131592	0.3333333134651184	0.3333333432674408	2.3333332538604736	1.9999998807907104	4	0	0	6	3	1.0	3	3	5
afDJvn5nmtY	1	0.0	0.0	0.0	0.0	0.0	0.0	0.0	0	0	1	0	0	0.0	0	0	0
ahcAFnY6iAY	2	0.1666666716337204	0.1666666716337204	0.1666666716337204	0.1666666716337204	0.0	0.3333333432674408	0.3333333432674408	1	0	1	1	0	0.0	0	0	0
ai7G98thPpk	3	-0.8888888359069824	-1.0	0.6849348545074463	0.6666666269302368	-1.6666666269302368	0.0	1.6666666269302368	0	2	1	3	2	1.0	2	2	3
aiJg0jtIHOM	1	0.0	0.0	0.0	0.0	0.0	0.0	0.0	0	0	1	0	0	0.0	0	0	0
aiUq5xksJy0	8	0.25	0.0	0.4330127239227295	0.1666666716337204	-0.3333333432674408	1.0	1.3333333730697632	3	1	4	28	7	0.9999999999999998	7	7	15
ak7N0BqMluI	9	-0.14814814925193787	-0.3333333432674408	0.4190262258052826	0.0	-0.3333333432674408	1.0	1.3333333730697632	1	7	1	36	8	1.0	8	8	8
amem5EmRG3s	6	1.8333333730697632	1.8333332538604736	0.4614790678024292	0.3333333730697632	1.0	2.3333332538604736	1.3333332538604736	6	0	0	15	3	1.0	3	3	9
ap465Tlzf88	2	0.5	0.5	0.1666666716337204	0.1666666716337204	0.3333333432674408	0.6666666865348816	0.3333333432674408	2	0	0	1	0	0.0	0	0	0
aqmRPNfeOy8	4	0.5	0.5	0.3726780116558075	0.3333333432674408	0.0	1.0	1.0	3	0	1	6	1	1.0	1	1	3
asWraTfIqq0	10	0.6000000238418579	0.8333333730697632	0.9165151119232178	0.8333333134651184	-0.6666666865348816	2.0	2.6666667461395264	6	3	1	45	26	0.9999999999999996	26	27	34
assx_NKo-L8	21	0.079365074634552	0.0	0.4352796673774719	0.3333333432674408	-1.3333333730697632	1.0	2.3333334922790527	8	3	10	210	34	1.0	34	34	62
atxoi7pB5TM	3	0.0	0.0	0.0	0.0	0.0	0.0	0.0	0	0	3	3	0	0.0	0	0	0
auTpzciNgls	5	1.0666667222976685	0.6666666865348816	0.7118051052093506	0.3333333432674408	0.3333333432674408	2.3333332538604736	1.9999998807907104	5	0	0	10	4	1.0	4	5	7
avW2m6VHTyg	8	1.9583334922790527	2.0	0.38864079117774963	0.3333333134651184	1.3333333730697632	2.6666667461395264	1.3333333730697632	8	0	0	28	3	1.0	3	4	12
axQ5CDRawO0	2	0.0	0.0	0.0	0.0	0.0	0.0	0.0	0	0	2	1	0	0.0	0	0	0
b1Il3Nf6BrU	3	0.1111111268401146	0.6666666865348816	0.7856742143630981	0.0	-1.0	0.6666666865348816	1.6666667461395264	2	1	0	3	2	1.0	2	2	2
b7DK08bWU6c	1	0.3333333432674408	0.3333333432674408	0.0	0.0	0.3333333432674408	0.3333333432674408	0.0	1	0	0	0	0	0.0	0	0	0
b8xmgi4VV0M	9	0.5555555820465088	0.6666666865348816	0.49690401554107666	0.3333333134651184	-0.3333333432674408	1.0	1.3333333730697632	6	1	2	36	14	0.9999999999999997	14	14	18
bBJ0BxmIocQ	22	0.9090908169746399	1.0	0.6370847225189209	0.3333333730697632	-0.3333333432674408	2.3333332538604736	2.6666665077209473	19	1	2	231	64	1.0	72	88	142
bCDfIJ12oqM	2	0.6666666865348816	0.6666666865348816	0.3333333134651184	0.3333333134651184	0.3333333432674408	1.0	0.6666666269302368	2	0	0	1	0	0.0	0	0	1
bD0FqMn1KXw	7	1.047619104385376	1.0	0.2776643931865692	0.3333333134651184	0.6666666865348816	1.3333333730697632	0.6666666865348816	7	0	0	21	0	0.0	0	0	6
bEXCrGIOoWU	3	1.3333333730697632	1.3333333730697632	0.2721655070781708	0.33333325386047363	1.0	1.6666666269302368	0.6666666269302368	3	0	0	3	0	0.0	0	0	1
bI3DTH2yTbM	2	-0.3333333432674408	-0.3333333432674408	0.0	0.0	-0.3333333432674408	-0.3333333432674408	0.0	0	2	0	1	0	0.0	0	0	0
bJI7-LnKPH4	6	-0.1666666716337204	-0.5	0.8975274562835693	0.5	-1.3333333730697632	1.3333333730697632	2.6666667461395264	2	4	0	15	9	1.0000000000000002	9	9	12
bMuoPr5-Yt4	1	-1.3333333730697632	-1.3333333730697632	0.0	0.0	-1.3333333730697632	-1.3333333730697632	0.0	0	1	0	0	0	0.0	0	0	0
bQcJVJcpgAs	4	1.6666666269302368	1.6666667461395264	0.5270462036132812	0.4999999403953552	1.0	2.3333332538604736	1.3333332538604736	4	0	0	6	2	1.0	2	3	4
bU6CgE_kMRY	4	0.4166666567325592	0.0	0.9242114424705505	0.1666666716337204	-0.3333333432674408	2.0	2.3333332538604736	1	1	2	6	3	1.0	3	3	3
bUFAN2TgPaU	9	1.1481480598449707	1.0	0.49965694546699524	0.3333333134651184	0.6666666865348816	2.0	1.3333332538604736	9	0	0	36	5	1.0	5	13	20
bVhWpCvpSs4	8	1.4166667461395264	1.5	0.7216877937316895	0.5	0.0	2.3333332538604736	2.3333332538604736	7	0	1	28	9	1.0000000000000002	9	12	20
bYt4wybVLRQ	5	0.7999999523162842	0.6666666865348816	0.7774602770805359	0.9999999403953552	-0.3333333432674408	1.6666666269302368	2.0	4	1	0	10	5	1.0	5	7	8
bZ2ytqPtyK4	1	2.0	2.0	0.0	0.0	2.0	2.0	0.0	1	0	0	0	0	0.0	0	0	0
b_SffSbPVJM	6	-0.6666666269302368	-0.3333333432674408	0.745356023311615	0.3333333432674408	-1.6666666269302368	0.3333333432674408	2.0	1	5	0	15	8	1.0	8	8	11
babuyKl7EAw	12	0.4722222089767456	0.3333333432674408	0.5350378155708313	0.3333333432674408	0.0	1.6666666269302368	1.6666666269302368	7	0	5	66	14	0.9999999999999997	14	17	35
badtXoOJaf8	5	-0.800000011920929	-1.3333333730697632	1.1661903858184814	0.9999998807907104	-2.3333332538604736	1.0	3.3333332538604736	1	3	1	10	7	0.9999999999999998	7	9	9
bcns0Gu66D8	5	-0.6000000238418579	-0.6666666865348816	0.4422166645526886	0.3333333432674408	-1.3333333730697632	0.0	1.3333333730697632	0	4	1	10	2	1.0	2	2	6
bdtwQxwySN0	9	-0.4814814329147339	-0.6666666865348816	1.1558879613876343	0.6666666865348816	-2.3333332538604736	1.3333333730697632	3.6666665077209473	2	6	1	36	23	0.9999999999999996	23	25	29
bfy28AlY-TQ	5	-0.6000000238418579	-0.3333333432674408	1.6786236763000488	1.9999998807907104	-2.6666667461395264	1.6666666269302368	4.333333492279053	2	3	0	10	8	1.0	8	9	9
bge5PUG3G4A	4	1.0	0.8333333730697632	0.9128708839416504	0.6666666865348816	0.0	2.3333332538604736	2.3333332538604736	3	0	1	6	4	1.0	4	5	5
bh4_Kd4hhd4	1	0.6666666865348816	0.6666666865348816	0.0	0.0	0.6666666865348816	0.6666666865348816	0.0	1	0	0	0	0	0.0	0	0	0
bhFK-xy76U4	2	0.5	0.5	0.1666666716337204	0.1666666716337204	0.3333333432674408	0.6666666865348816	0.3333333432674408	2	0	0	1	0	0.0	0	0	0
bhPB19tr-JY	6	1.0555554628372192	0.8333333730697632	0.5905636548995972	0.3333333432674408	0.3333333432674408	2.0	1.6666666269302368	6	0	0	15	5	1.0	5	7	9
bkP-BNW4oMg	6	0.3888888657093048	0.3333333432674408	0.5583264231681824	0.3333333432674408	-0.3333333432674408	1.3333333730697632	1.6666667461395264	3	1	2	15	5	1.0	5	5	11
bzPFUVGPS3c	5	0.8666666746139526	0.6666666865348816	0.6531972289085388	0.3333333134651184	0.0	2.0	2.0	4	0	1	10	5	1.0	5	5	7
c5-L8vC6_sk	5	0.3333333432674408	0.3333333432674408	0.9660917520523071	0.3333333432674408	-1.0	2.0	3.0	3	1	1	10	7	0.9999999999999998	7	7	7
c5AJbOd794U	7	0.6190476417541504	0.3333333432674408	0.880630612373352	1.0	-0.6666666865348816	2.0	2.6666667461395264	4	1	2	21	13	0.9999999999999998	13	13	17
c6wuh0NRG1s	8	0.5833333730697632	0.6666666865348816	0.5204164981842041	0.5	0.0	1.3333333730697632	1.3333333730697632	5	0	3	28	13	0.9999999999999998	13	13	16
c7xUcM68IFE	8	0.5	0.6666666865348816	0.726483166217804	0.3333333134651184	-1.0	1.3333333730697632	2.3333334922790527	6	2	0	28	12	1.0	12	12	16
c805Td8A_Ek	9	0.7407407760620117	1.0	0.5158662796020508	0.3333333730697632	-0.3333333432674408	1.3333333730697632	1.6666667461395264	8	1	0	36	10	0.9999999999999999	10	10	20
c9jD33baJ60	7	0.2857142984867096	0.3333333432674408	0.8053111433982849	0.3333333432674408	-1.3333333730697632	1.3333333730697632	2.6666667461395264	4	1	2	21	11	1.0000000000000002	11	11	15
cAA2mONG98w	2	0.5	0.5	0.1666666716337204	0.1666666716337204	0.3333333432674408	0.6666666865348816	0.3333333432674408	2	0	0	1	0	0.0	0	0	0
cEXJ2zFbC9I	5	-0.6666666269302368	-0.3333333432674408	0.7601169943809509	0.3333333432674408	-2.0	0.0	2.0	0	3	2	10	6	0.9999999999999999	6	6	7
cHBRDdSXLtU	2	-1.0	-1.0	0.6666666269302368	0.6666666269302368	-1.6666666269302368	-0.3333333432674408	1.3333332538604736	0	2	0	1	1	1.0	1	1	1
cHrOisasWLU	3	-0.5555555820465088	-0.3333333432674408	0.31426966190338135	0.0	-1.0	-0.3333333432674408	0.6666666269302368	0	3	0	3	0	0.0	0	0	2
cKUPgzZu-Fk	3	0.5555555820465088	0.3333333432674408	0.566557765007019	0.3333333432674408	0.0	1.3333333730697632	1.3333333730697632	2	0	1	3	2	1.0	2	2	2
cKldvZeyRDA	1	-1.3333333730697632	-1.3333333730697632	0.0	0.0	-1.3333333730697632	-1.3333333730697632	0.0	0	1	0	0	0	0.0	0	0	0
cKxNJY7sA8s	2	0.3333333432674408	0.3333333432674408	0.0	0.0	0.3333333432674408	0.3333333432674408	0.0	2	0	0	1	0	0.0	0	0	0
cM1Zuji24dI	2	0.0	0.0	0.0	0.0	0.0	0.0	0.0	0	0	2	1	0	0.0	0	0	0
cMUS4nhcKCQ	1	1.0	1.0	0.0	0.0	1.0	1.0	0.0	1	0	0	0	0	0.0	0	0	0
cMsTvqU_-rc	2	2.0	2.0	0.0	0.0	2.0	2.0	0.0	2	0	0	1	0	0.0	0	0	0
cOcNe3L4VAg	16	1.0833332538604736	1.1666667461395264	0.4787135422229767	0.16666674613952637	0.0	2.0	2.0	15	0	1	120	26	0.9999999999999996	26	28	56
cRFiXLzcCOA	4	1.4166666269302368	1.6666666269302368	0.6400954723358154	0.1666666865348816	0.3333333432674408	2.0	1.6666666269302368	4	0	0	6	3	1.0	3	3	3
cR_KQlNhoNE	10	0.2666666805744171	0.5	0.6289321184158325	0.3333333432674408	-0.6666666865348816	1.3333333730697632	2.0	6	3	1	45	19	0.9999999999999996	19	19	30
cS3BDGNDu_8	2	-1.0	-1.0	0.3333333432674408	0.3333333432674408	-1.3333333730697632	-0.6666666865348816	0.6666666865348816	0	2	0	1	0	0.0	0	0	1
cSrM5mHACmA	3	0.5555555820465088	0.6666666865348816	0.4157397150993347	0.3333333134651184	0.0	1.0	1.0	2	0	1	3	1	1.0	1	1	2
cSraseCDilY	2	-0.1666666716337204	-0.1666666716337204	0.1666666716337204	0.1666666716337204	-0.3333333432674408	0.0	0.3333333432674408	0	1	1	1	0	0.0	0	0	0
cUm0TN3vXRc	6	0.0555555559694767	0.1666666716337204	0.97023606300354	1.0	-1.3333333730697632	1.3333333730697632	2.6666667461395264	3	2	1	15	11	1.0000000000000002	11	11	12
cWN1bibicHc	2	0.3333333432674408	0.3333333432674408	0.3333333432674408	0.3333333432674408	0.0	0.6666666865348816	0.6666666865348816	1	0	1	1	0	0.0	0	0	1
cXu56oK462o	2	0.1666666716337204	0.1666666716337204	0.1666666716337204	0.1666666716337204	0.0	0.3333333432674408	0.3333333432674408	1	0	1	1	0	0.0	0	0	0
cZDAM6NjBzE	4	1.0	0.6666666865348816	0.5773501992225647	0.0	0.6666666865348816	2.0	1.3333332538604736	4	0	0	6	3	1.0	3	3	3
cZVM4svwE90	27	0.7160494327545166	0.6666666865348816	0.4688107967376709	0.3333333134651184	0.0	2.0	2.0	23	0	4	351	64	1.0	78	78	161
c_FJuhSte8Q	11	1.1818181276321411	1.3333333730697632	0.9251113533973694	0.6666666865348816	-0.3333333432674408	2.3333332538604736	2.6666665077209473	9	2	0	55	26	0.9999999999999996	26	32	42
caLWajc18Y4	11	0.7272727489471436	0.6666666865348816	0.6485131978988647	0.3333333432674408	0.0	2.0	2.0	8	0	3	55	23	0.9999999999999996	23	24	36
ce1ObTPlI38	2	0.5	0.5	0.8333333730697632	0.8333333730697632	-0.3333333432674408	1.3333333730697632	1.6666667461395264	1	1	0	1	1	1.0	1	1	1
cfX_iuhCbRY	6	0.3888889253139496	0.3333333432674408	0.5241100788116455	0.3333333432674408	-0.3333333432674408	1.3333333730697632	1.6666667461395264	4	1	1	15	5	1.0	5	5	9
cjgq9d8Zn9g	7	0.6190476417541504	0.3333333432674408	0.5471011996269226	0.3333333432674408	0.0	1.3333333730697632	1.3333333730697632	5	0	2	21	10	0.9999999999999999	10	10	12
cl1DNRGX578	3	-0.7777777314186096	-0.6666666865348816	0.4157397150993347	0.3333333432674408	-1.3333333730697632	-0.3333333432674408	1.0	0	3	0	3	1	1.0	1	1	2
cmJW6mkspkI	2	1.8333332538604736	1.8333332538604736	0.4999999403953552	0.4999999403953552	1.3333333730697632	2.3333332538604736	0.9999998807907104	2	0	0	1	0	0.0	0	1	1
cnllFPRyBFs	3	0.0	0.0	0.0	0.0	0.0	0.0	0.0	0	0	3	3	0	0.0	0	0	0
ctMCSUT2LlQ	8	-0.3333333432674408	-0.6666666865348816	0.4714045524597168	0.0	-0.6666666865348816	0.6666666865348816	1.3333333730697632	1	5	2	28	5	1.0	5	5	17
cyOSDKOxb1o	3	0.7777777314186096	0.6666666865348816	0.6849348545074463	0.6666666865348816	0.0	1.6666666269302368	1.6666666269302368	2	0	1	3	1	1.0	1	2	3
cyu1HhakSaQ	1	1.6666666269302368	1.6666666269302368	0.0	0.0	1.6666666269302368	1.6666666269302368	0.0	1	0	0	0	0	0.0	0	0	0
d0QNH2vcDgU	22	1.3333334922790527	1.3333333730697632	0.7977240085601807	0.6666666269302368	0.0	2.6666667461395264	2.6666667461395264	20	0	2	231	64	1.0	110	118	159
d38u9n5GOLM	15	1.8222222328186035	2.0	0.6870943903923035	0.6666666269302368	0.3333333432674408	2.6666667461395264	2.3333334922790527	15	0	0	105	40	1.0000000000000004	40	46	68
d3EeIRaMbbk	2	0.0	0.0	0.0	0.0	0.0	0.0	0.0	0	0	2	1	0	0.0	0	0	0
d3I7Ug-_3L0	11	0.1818181425333023	0.0	0.8917538523674011	0.6666666865348816	-1.3333333730697632	1.6666666269302368	3.0	5	5	1	55	30	0.9999999999999999	30	34	41
d7Dz34-cZ74	3	0.3333333432674408	0.3333333432674408	0.27216553688049316	0.3333333432674408	0.0	0.6666666865348816	0.6666666865348816	2	0	1	3	0	0.0	0	0	1
d89Z_olwc2Y	6	0.1666666716337204	0.1666666716337204	0.3191423714160919	0.1666666716337204	-0.3333333432674408	0.6666666865348816	1.0	3	1	2	15	1	1.0	1	1	5
d99mfGIenCo	16	0.7708333730697632	1.0	0.5976661443710327	0.1666666567325592	-0.6666666865348816	2.0	2.6666667461395264	13	1	2	120	45	1.0000000000000004	45	45	62
dCDAcBR505Q	3	-0.1111111119389534	0.0	0.15713484585285187	0.0	-0.3333333432674408	0.0	0.3333333432674408	0	1	2	3	0	0.0	0	0	0
dDFyJp_OkeA	5	1.466666579246521	1.6666666269302368	0.2666666507720947	0.0	1.0	1.6666666269302368	0.6666666269302368	5	0	0	10	0	0.0	0	0	3
dEBug0QYayY	1	1.0	1.0	0.0	0.0	1.0	1.0	0.0	1	0	0	0	0	0.0	0	0	0
dEXSb0CfodU	1	0.0	0.0	0.0	0.0	0.0	0.0	0.0	0	0	1	0	0	0.0	0	0	0
dH0FmwvOzs0	2	0.1666666716337204	0.1666666716337204	0.1666666716337204	0.1666666716337204	0.0	0.3333333432674408	0.3333333432674408	1	0	1	1	0	0.0	0	0	0
dJ5MXl66-UQ	4	0.6666666865348816	0.6666666865348816	0.4714045524597168	0.3333333432674408	0.0	1.3333333730697632	1.3333333730697632	3	0	1	6	1	1.0	1	1	5
dLmtsRyRH4s	1	0.3333333432674408	0.3333333432674408	0.0	0.0	0.3333333432674408	0.3333333432674408	0.0	1	0	0	0	0	0.0	0	0	0
dLzsNc_hzkQ	2	-0.1666666716337204	-0.1666666716337204	0.1666666716337204	0.1666666716337204	-0.3333333432674408	0.0	0.3333333432674408	0	1	1	1	0	0.0	0	0	0
dOSyvhYsfFo	1	1.0	1.0	0.0	0.0	1.0	1.0	0.0	1	0	0	0	0	0.0	0	0	0
dQ56b0bqmc8	4	0.4166666865348816	0.3333333432674408	0.4330126941204071	0.3333333432674408	0.0	1.0	1.0	2	0	2	6	2	1.0	2	2	4
dSax_7klbfE	7	0.190476194024086	0.3333333432674408	0.3011693060398102	0.3333333432674408	-0.3333333432674408	0.6666666865348816	1.0	4	1	2	21	1	1.0	1	1	6
dWfgSGnd9zM	6	0.833333432674408	0.8333333730697632	0.5692750215530396	0.5	0.0	1.6666666269302368	1.6666666269302368	5	0	1	15	5	1.0	5	6	10
dXMAS2tIknw	7	0.1904761791229248	0.0	0.587087094783783	0.0	-0.6666666865348816	1.3333333730697632	2.0	2	1	4	21	6	0.9999999999999999	6	6	15
dYyg91d7zjY	2	-1.0	-1.0	0.6666666269302368	0.6666666269302368	-1.6666666269302368	-0.3333333432674408	1.3333332538604736	0	2	0	1	1	1.0	1	1	1
dZK01jhM27k	3	0.2222222238779068	0.6666666865348816	0.6285393834114075	0.0	-0.6666666865348816	0.6666666865348816	1.3333333730697632	2	1	0	3	2	1.0	2	2	2
dZolFNqR-hA	1	0.0	0.0	0.0	0.0	0.0	0.0	0.0	0	0	1	0	0	0.0	0	0	0
damyXH7mBic	2	0.3333333432674408	0.3333333432674408	0.3333333432674408	0.3333333432674408	0.0	0.6666666865348816	0.6666666865348816	1	0	1	1	0	0.0	0	0	1
dbH51F5Zqi4	1	1.0	1.0	0.0	0.0	1.0	1.0	0.0	1	0	0	0	0	0.0	0	0	0
dbpGH5iP0GE	3	0.1111111119389534	0.0	0.15713484585285187	0.0	0.0	0.3333333432674408	0.3333333432674408	1	0	2	3	0	0.0	0	0	0
dcUlt6zk_S0	3	0.7777778506278992	0.6666666865348816	0.4157397150993347	0.3333333432674408	0.3333333432674408	1.3333333730697632	1.0	3	0	0	3	1	1.0	1	1	2
ddix4XuaUlY	1	0.6666666865348816	0.6666666865348816	0.0	0.0	0.6666666865348816	0.6666666865348816	0.0	1	0	0	0	0	0.0	0	0	0
dqragS38hCk	9	-0.03703701123595238	0.0	0.7768954038619995	0.3333333432674408	-1.6666666269302368	1.0	2.6666665077209473	3	3	3	36	18	1.0000000000000002	18	19	25
dsob2MgUPpA	16	2.0	2.3333332538604736	0.7071067690849304	0.33333349227905273	0.6666666865348816	3.0	2.3333332538604736	16	0	0	120	46	0.9999999999999994	46	55	73
dyZdiWNflko	10	0.7333332896232605	0.6666666865348816	0.24944381415843964	0.3333333134651184	0.3333333432674408	1.0	0.6666666269302368	10	0	0	45	0	0.0	0	0	8
dzSv6GwfF-0	1	-0.3333333432674408	-0.3333333432674408	0.0	0.0	-0.3333333432674408	-0.3333333432674408	0.0	0	1	0	0	0	0.0	0	0	0
e-2QlzFeyNU	2	0.5	0.5	0.8333333730697632	0.8333333730697632	-0.3333333432674408	1.3333333730697632	1.6666667461395264	1	1	0	1	1	1.0	1	1	1
e0hYEr848TE	1	0.6666666865348816	0.6666666865348816	0.0	0.0	0.6666666865348816	0.6666666865348816	0.0	1	0	0	0	0	0.0	0	0	0
e0ltF8zpEcw	9	1.3245476715439963e-08	0.0	0.6085806488990784	0.3333333432674408	-1.3333333730697632	0.6666666865348816	2.0	4	2	3	36	11	1.0000000000000002	11	11	21
e1E5W_ZefmY	7	0.0952380895614624	0.0	0.3868589699268341	0.0	-0.3333333432674408	1.0	1.3333333730697632	1	1	5	21	6	0.9999999999999999	6	6	6
e7_2U4lm6TE	18	0.2777777910232544	0.3333333432674408	1.1719456911087036	0.8333333730697632	-2.0	2.0	4.0	10	5	3	153	64	1.0	98	100	122
eJwZfdtlks8	2	0.5	0.5	0.1666666716337204	0.1666666716337204	0.3333333432674408	0.6666666865348816	0.3333333432674408	2	0	0	1	0	0.0	0	0	0
eMa6gbD7id0	1	1.0	1.0	0.0	0.0	1.0	1.0	0.0	1	0	0	0	0	0.0	0	0	0
eOU_40p9RpA	3	1.2222222089767456	1.3333333730697632	0.41573968529701233	0.33333325386047363	0.6666666865348816	1.6666666269302368	0.9999999403953552	3	0	0	3	0	0.0	0	1	2
ePiz4zU6crI	2	2.0	2.0	0.0	0.0	2.0	2.0	0.0	2	0	0	1	0	0.0	0	0	0
ePtlUYCdrNM	7	0.4761905074119568	0.3333333432674408	0.4994328022003174	0.3333333432674408	0.0	1.3333333730697632	1.3333333730697632	4	0	3	21	7	0.9999999999999998	7	7	12
eSHOcLD5T58	8	0.3333333134651184	0.0	0.7637625932693481	0.5	-0.6666666865348816	1.6666666269302368	2.3333332538604736	3	2	3	28	12	1.0	12	13	20
eTCnM472-cQ	4	0.6666666269302368	0.1666666716337204	0.9718253016471863	0.1666666716337204	0.0	2.3333332538604736	2.3333332538604736	2	0	2	6	3	1.0	3	3	3
eTn2P4wmFr4	14	-0.4285714030265808	-0.3333333432674408	0.8491692543029785	0.6666666865348816	-2.0	1.0	3.0	5	8	1	91	47	1.0000000000000004	47	48	69
eW1vgHE6FRM	8	0.4583333134651184	0.3333333432674408	0.5253966450691223	0.3333333432674408	0.0	1.6666666269302368	1.6666666269302368	5	0	3	28	5	1.0	5	7	13
eY64P27khzk	5	-0.3333333432674408	-0.3333333432674408	0.21081852912902832	0.0	-0.6666666865348816	0.0	0.6666666865348816	0	4	1	10	0	0.0	0	0	1
eYCiRWf2NHE	2	1.3333333730697632	1.3333333730697632	0.0	0.0	1.3333333730697632	1.3333333730697632	0.0	2	0	0	1	0	0.0	0	0	0
eZVcshSUD3Q	4	0.3333333432674408	0.3333333432674408	0.2357022762298584	0.1666666716337204	0.0	0.6666666865348816	0.6666666865348816	3	0	1	6	0	0.0	0	0	1
eaXDCknxPrU	2	0.8333333730697632	0.8333333730697632	0.1666666567325592	0.1666666567325592	0.6666666865348816	1.0	0.3333333134651184	2	0	0	1	0	0.0	0	0	0
eeN7l4R3nPc	4	0.5833333134651184	0.5	0.2763853967189789	0.1666666716337204	0.3333333432674408	1.0	0.6666666269302368	4	0	0	6	0	0.0	0	0	2
efLrpnuLwyU	12	-0.4722222089767456	-0.5	0.7632573246955872	0.5	-2.3333332538604736	0.6666666865348816	3.0	2	7	3	66	25	1.0000000000000002	25	26	46
ejDe6hQWZOk	3	0.3333333432674408	0.0	0.471404492855072	0.0	0.0	1.0	1.0	1	0	2	3	2	1.0	2	2	2
emtvrtk-jsU	3	0.2222222536802292	0.6666666865348816	0.8748897314071655	0.3333333134651184	-1.0	1.0	2.0	2	1	0	3	2	1.0	2	2	2
eo8L7lCTjDQ	3	1.0	1.3333333730697632	0.471404492855072	0.0	0.3333333432674408	1.3333333730697632	1.0	3	0	0	3	2	1.0	2	2	2
ep3IasggD3k	7	0.523809552192688	0.3333333432674408	0.6135284900665283	0.3333333432674408	-0.3333333432674408	1.6666666269302368	2.0	5	1	1	21	7	0.9999999999999998	7	8	14
erBIIKA6r5Y	1	0.0	0.0	0.0	0.0	0.0	0.0	0.0	0	0	1	0	0	0.0	0	0	0
esR-tOjT6KM	7	1.2380951642990112	1.6666666269302368	0.7284313440322876	0.3333333730697632	0.0	2.0	2.0	6	0	1	21	8	1.0	8	12	14
esnOE1LefKA	2	1.1666666269302368	1.1666666269302368	0.8333333134651184	0.8333333134651184	0.3333333432674408	2.0	1.6666666269302368	2	0	0	1	1	1.0	1	1	1
etPDgRjrnJ8	4	0.5	0.5	0.5	0.5	0.0	1.0	1.0	2	0	2	6	4	1.0	4	4	4
f-ZNjqLlrm4	6	1.2222222089767456	1.5	0.9162456393241882	0.5	-0.6666666865348816	2.0	2.6666667461395264	5	1	0	15	7	0.9999999999999998	7	7	10
f47bnEUrOvA	1	1.0	1.0	0.0	0.0	1.0	1.0	0.0	1	0	0	0	0	0.0	0	0	0
f49boM5fb8U	6	0.3333333432674408	0.3333333432674408	0.19245010614395142	0.0	0.0	0.6666666865348816	0.6666666865348816	5	0	1	15	0	0.0	0	0	1
f5k5cF80aUE	4	0.8333333134651184	0.6666666865348816	0.5527707934379578	0.3333333432674408	0.3333333432674408	1.6666666269302368	1.3333332538604736	4	0	0	6	2	1.0	2	2	5
f6S2XNPIiFk	11	1.0303031206130981	1.0	0.9476664066314697	0.6666666269302368	-0.3333333432674408	2.6666667461395264	3.0	9	1	1	55	31	0.9999999999999993	31	32	42
fB816aeHRFk	1	0.0	0.0	0.0	0.0	0.0	0.0	0.0	0	0	1	0	0	0.0	0	0	0
fDYZINwIs_A	1	1.0	1.0	0.0	0.0	1.0	1.0	0.0	1	0	0	0	0	0.0	0	0	0
fEm9AdLNrjk	3	0.8888888955116272	0.6666666865348816	0.31426969170570374	0.0	0.6666666865348816	1.3333333730697632	0.6666666865348816	3	0	0	3	0	0.0	0	0	2
fGYbbP8RDLQ	3	0.1111111119389534	0.0	0.15713484585285187	0.0	0.0	0.3333333432674408	0.3333333432674408	1	0	2	3	0	0.0	0	0	0
fI9KptYFZeg	4	-1.0	-1.1666666269302368	0.7071067690849304	0.5	-1.6666666269302368	0.0	1.6666666269302368	0	3	1	6	2	1.0	2	4	5
fOxg1NstCHA	1	0.0	0.0	0.0	0.0	0.0	0.0	0.0	0	0	1	0	0	0.0	0	0	0
fSOVk2cS-sY	5	0.73333340883255	0.6666666865348816	0.3265986442565918	0.0	0.3333333432674408	1.3333333730697632	1.0	5	0	0	10	1	1.0	1	1	4
fTKe7E_4OCQ	2	1.1666667461395264	1.1666667461395264	0.1666666865348816	0.1666666865348816	1.0	1.3333333730697632	0.3333333730697632	2	0	0	1	0	0.0	0	0	0
fTNOAssiTYk	6	0.2777777910232544	0.3333333432674408	0.40445056557655334	0.1666666716337204	-0.3333333432674408	1.0	1.3333333730697632	4	1	1	15	2	1.0	2	2	8
fW1pK2L6RgM	8	0.375	0.3333333432674408	0.26020824909210205	0.3333333432674408	0.0	0.6666666865348816	0.6666666865348816	6	0	2	28	0	0.0	0	0	6
faMq0C_wTpU	1	0.0	0.0	0.0	0.0	0.0	0.0	0.0	0	0	1	0	0	0.0	0	0	0
faXGVcVcVsE	16	0.7708333730697632	0.6666666865348816	0.6424643397331238	0.5	0.0	2.0	2.0	12	0	4	120	48	1.0000000000000007	48	48	76
fbHlBmq7Ipo	12	-0.1944444328546524	-0.3333333432674408	1.205376386642456	0.5	-2.3333332538604736	2.0	4.3333330154418945	4	7	1	66	44	0.9999999999999994	44	44	51
fbSxct2JcKU	5	0.5333333611488342	0.6666666865348816	0.33993464708328247	0.3333333134651184	0.0	1.0	1.0	4	0	1	10	1	1.0	1	1	4
fdK_tsvBXJ8	4	1.1666667461395264	1.1666667461395264	0.6009252071380615	0.5	0.3333333432674408	2.0	1.6666666269302368	4	0	0	6	3	1.0	3	3	5
fhY2vbnjuWY	4	0.3333333432674408	0.1666666716337204	0.40824827551841736	0.1666666716337204	0.0	1.0	1.0	2	0	2	6	2	1.0	2	2	3
fi7g4GoK-z4	2	0.3333333432674408	0.3333333432674408	0.3333333432674408	0.3333333432674408	0.0	0.6666666865348816	0.6666666865348816	1	0	1	1	0	0.0	0	0	1
fjE2EZKgQm8	7	0.9523808360099792	0.6666666865348816	0.9499970078468323	0.6666666865348816	0.0	2.3333332538604736	2.3333332538604736	4	0	3	21	11	1.0000000000000002	11	12	16
flBtk736di4	8	1.0833333730697632	1.1666667461395264	0.2763853967189789	0.1666666865348816	0.6666666865348816	1.3333333730697632	0.6666666865348816	8	0	0	28	0	0.0	0	0	8
flGZteJUNYU	1	0.6666666865348816	0.6666666865348816	0.0	0.0	0.6666666865348816	0.6666666865348816	0.0	1	0	0	0	0	0.0	0	0	0
fnFoRPqkQeo	3	-0.1111111044883728	-0.3333333432674408	0.566557765007019	0.3333333432674408	-0.6666666865348816	0.6666666865348816	1.3333333730697632	1	2	0	3	2	1.0	2	2	2
frNJdG0GkYw	2	0.8333333134651184	0.8333333134651184	0.8333333134651184	0.8333333134651184	0.0	1.6666666269302368	1.6666666269302368	1	0	1	1	1	1.0	1	1	1
fzuTEKwNS94	23	1.6956521272659302	1.6666666269302368	0.613165020942688	0.3333333730697632	0.0	2.6666667461395264	2.6666667461395264	22	0	1	253	59	0.9999999999999989	59	79	133
g8NBNtY3cpU	1	0.0	0.0	0.0	0.0	0.0	0.0	0.0	0	0	1	0	0	0.0	0	0	0
g99kISQbyuI	9	0.18518517911434174	0.3333333432674408	0.9951872825622559	1.0	-1.3333333730697632	2.0	3.3333334922790527	5	4	0	36	24	0.9999999999999996	24	24	30
g9rNhtFG9aU	6	0.4444444477558136	0.3333333432674408	0.4581228494644165	0.3333333432674408	0.0	1.3333333730697632	1.3333333730697632	4	0	2	15	4	1.0	4	4	7
gAMbkJk6gnE	5	1.0	1.3333333730697632	0.5577733516693115	0.33333325386047363	0.3333333432674408	1.6666666269302368	1.3333332538604736	5	0	0	10	6	0.9999999999999999	6	6	6
gC_wF3uKFW0	6	1.5	1.8333332538604736	0.8766518831253052	0.3333333134651184	-0.3333333432674408	2.3333332538604736	2.6666665077209473	5	1	0	15	5	1.0	5	6	9
gEgcpVY8WK4	32	0.2083333432674408	0.0833333358168602	0.45069390535354614	0.25	-0.6666666865348816	1.3333333730697632	2.0	16	6	10	496	64	1.0	90	119	241
gFAOKuqpUq4	6	0.3333333432674408	0.3333333432674408	0.27216553688049316	0.3333333432674408	0.0	0.6666666865348816	0.6666666865348816	4	0	2	15	0	0.0	0	0	4
gJdSxPhf85M	4	0.4166666865348816	0.5	0.7949492931365967	0.6666666865348816	-0.6666666865348816	1.3333333730697632	2.0	2	1	1	6	4	1.0	4	4	5
gLdRUsLw4CA	4	1.1666666269302368	1.1666667461395264	0.3726779520511627	0.3333333134651184	0.6666666865348816	1.6666666269302368	0.9999999403953552	4	0	0	6	0	0.0	0	1	3
gPWyANEm0eE	10	-0.03333333879709244	0.1666666716337204	1.2151817083358765	0.8333333730697632	-2.0	2.3333332538604736	4.3333330154418945	5	4	1	45	30	0.9999999999999999	30	32	37
gRAmIaSlm80	1	0.6666666865348816	0.6666666865348816	0.0	0.0	0.6666666865348816	0.6666666865348816	0.0	1	0	0	0	0	0.0	0	0	0
gU7McujYYPY	7	0.6666666865348816	0.6666666865348816	0.8728715777397156	0.3333333432674408	-1.0	2.0	3.0	6	1	0	21	12	1.0	12	12	16
gXDRWhJbfFU	11	1.0606061220169067	1.0	0.5378254055976868	0.3333333134651184	0.1666666716337204	2.3333332538604736	2.1666665077209473	11	0	0	55	11	1.0000000000000002	11	20	31
gXuiIWRxrw4	20	0.75	0.6666666865348816	0.4456580877304077	0.3333333432674408	0.0	1.3333333730697632	1.3333333730697632	18	0	2	190	43	1.0000000000000007	43	43	91
gZDyk95Xob4	15	1.1555554866790771	1.3333333730697632	0.6190394163131714	0.3333333730697632	0.0	2.3333332538604736	2.3333332538604736	14	0	1	105	35	1.0000000000000002	35	41	64
gZF-YNQHqwI	11	0.6969696879386902	0.3333333432674408	0.8097205758094788	0.3333333432674408	0.0	2.6666667461395264	2.6666667461395264	8	0	3	55	24	0.9999999999999996	24	25	29
gcGZp9JX_qE	4	1.25	1.0	0.6821126937866211	0.3333333432674408	0.6666666865348816	2.3333332538604736	1.6666665077209473	4	0	0	6	2	1.0	2	3	5
gcpsSao7kHM	6	1.0555555820465088	1.1666667461395264	0.5241100788116455	0.16666674613952637	0.0	1.6666666269302368	1.6666666269302368	5	0	1	15	5	1.0	5	5	7
ge071m9bGeY	9	0.14814814925193787	0.0	0.38844773173332214	0.3333333432674408	-0.6666666865348816	0.6666666865348816	1.3333333730697632	4	1	4	36	4	1.0	4	4	16
gfHrSg3BwiQ	3	0.5555555820465088	0.6666666865348816	1.227262258529663	1.3333332538604736	-1.0	2.0	3.0	2	1	0	3	3	1.0	3	3	3
ggbV7YeSl7k	3	-0.1111111119389534	-0.3333333432674408	0.31426969170570374	0.0	-0.3333333432674408	0.3333333432674408	0.6666666865348816	1	2	0	3	0	0.0	0	0	2
gjEYmdWrBLM	29	1.1724138259887695	1.0	0.6815617084503174	0.3333333730697632	0.0	2.6666667461395264	2.6666667461395264	27	0	2	406	64	1.0	130	163	251
gjGL6YY6oMs	6	-0.1666666716337204	0.0	0.3726779818534851	0.0	-1.0	0.0	1.0	0	1	5	15	5	1.0	5	5	5
gjSyl6evrWk	8	1.5833333730697632	1.6666667461395264	0.7216877937316895	0.6666666269302368	0.6666666865348816	2.6666667461395264	2.0	8	0	0	28	13	0.9999999999999998	13	14	20
gm4l099casQ	2	-0.6666666865348816	-0.6666666865348816	0.0	0.0	-0.6666666865348816	-0.6666666865348816	0.0	0	2	0	1	0	0.0	0	0	0
gr8mzv2xZ2s	1	-0.6666666865348816	-0.6666666865348816	0.0	0.0	-0.6666666865348816	-0.6666666865348816	0.0	0	1	0	0	0	0.0	0	0	0
gr9YU-UTJzQ	2	0.0	0.0	0.0	0.0	0.0	0.0	0.0	0	0	2	1	0	0.0	0	0	0
grePRQ8zonA	5	1.2000000476837158	1.0	0.8326663374900818	0.6666666269302368	0.3333333432674408	2.3333332538604736	1.9999998807907104	5	0	0	10	6	0.9999999999999999	6	6	8
guRD0zQC6Q0	4	1.0833333730697632	1.3333333730697632	0.4330126941204071	0.0	0.3333333432674408	1.3333333730697632	1.0	4	0	0	6	3	1.0	3	3	3
gv43BPYYxKQ	2	-1.0	-1.0	0.6666666269302368	0.6666666269302368	-1.6666666269302368	-0.3333333432674408	1.3333332538604736	0	2	0	1	1	1.0	1	1	1
gvjQ1XfMA_g	4	0.3333333432674408	0.3333333432674408	0.0	0.0	0.3333333432674408	0.3333333432674408	0.0	4	0	0	6	0	0.0	0	0	0
gvrfI9e5xHQ	1	-0.3333333432674408	-0.3333333432674408	0.0	0.0	-0.3333333432674408	-0.3333333432674408	0.0	0	1	0	0	0	0.0	0	0	0
gzZ8NTeTzRs	2	0.3333333432674408	0.3333333432674408	0.3333333432674408	0.3333333432674408	0.0	0.6666666865348816	0.6666666865348816	1	0	1	1	0	0.0	0	0	1
h4LrwMn94ss	4	0.0833333358168602	0.0	0.14433756470680237	0.0	0.0	0.3333333432674408	0.3333333432674408	1	0	3	6	0	0.0	0	0	0
h7p5URoookk	29	0.36781609058380127	0.3333333432674408	0.7648645639419556	0.3333333432674408	-1.3333333730697632	2.0	3.3333334922790527	18	5	6	406	64	1.0	184	187	266
hASTLbFHrEs	9	0.5185185074806213	0.6666666865348816	1.1451574563980103	0.6666666865348816	-1.6666666269302368	2.3333332538604736	4.0	6	2	1	36	21	1.0000000000000004	21	25	31
hCFV5VLgS0A	9	-1.2962963581085205	-1.3333333730697632	0.531581461429596	0.3333333730697632	-2.3333332538604736	-0.6666666865348816	1.6666665077209473	0	9	0	36	8	1.0	8	11	20
hF6kFQPdBjY	8	-0.0833333358168602	0.0	0.36324161291122437	0.1666666716337204	-0.6666666865348816	0.3333333432674408	1.0	2	2	4	28	4	1.0	4	4	12
hGRRlXfH0BY	9	-0.8148148059844971	-0.6666666865348816	0.7554102540016174	0.3333333432674408	-2.0	0.3333333432674408	2.3333332538604736	1	7	1	36	20	1.0000000000000002	20	20	25
hIQhkTjNaQc	5	0.2666666805744171	0.3333333432674408	0.24944384396076202	0.3333333432674408	0.0	0.6666666865348816	0.6666666865348816	3	0	2	10	0	0.0	0	0	2
hOp6I4jGvu4	5	0.6000000238418579	0.6666666865348816	0.6110100746154785	0.6666666865348816	0.0	1.6666666269302368	1.6666666269302368	3	0	2	10	2	1.0	2	4	8
hSEfYcIjIr4	2	0.8333333730697632	0.8333333730697632	0.1666666567325592	0.1666666567325592	0.6666666865348816	1.0	0.3333333134651184	2	0	0	1	0	0.0	0	0	0
hSgKOKK3L8M	8	0.625	0.5	0.45452970266342163	0.1666666865348816	0.0	1.3333333730697632	1.3333333730697632	7	0	1	28	8	1.0	8	8	14
hThsntvCk2s	3	0.8888888955116272	1.0	0.4157397150993347	0.3333333730697632	0.3333333432674408	1.3333333730697632	1.0	3	0	0	3	1	1.0	1	1	2
hUBQrLjm4M4	2	1.1666667461395264	1.1666667461395264	0.1666666865348816	0.1666666865348816	1.0	1.3333333730697632	0.3333333730697632	2	0	0	1	0	0.0	0	0	0
hawztAtYHCE	4	0.8333333730697632	0.8333333730697632	0.3726780116558075	0.3333333432674408	0.3333333432674408	1.3333333730697632	1.0	4	0	0	6	1	1.0	1	1	3
hdLC4Ro977Q	2	0.4999999701976776	0.4999999701976776	1.1666666269302368	1.1666666269302368	-0.6666666865348816	1.6666666269302368	2.3333332538604736	1	1	0	1	1	1.0	1	1	1
he475nnmMi0	12	0.3611111342906952	0.3333333432674408	0.5174426436424255	0.3333333432674408	-0.3333333432674408	1.3333333730697632	1.6666667461395264	7	2	3	66	20	1.0000000000000002	20	20	36
hfK8QtTd7fo	1	1.6666666269302368	1.6666666269302368	0.0	0.0	1.6666666269302368	1.6666666269302368	0.0	1	0	0	0	0	0.0	0	0	0
hfVXx8hfKak	9	-0.9259259700775146	-1.6666666269302368	1.5378177165985107	0.6666666269302368	-2.6666667461395264	2.0	4.6666669845581055	3	6	0	36	23	0.9999999999999996	23	24	29
hfvmQuhqMmY	8	2.0833332538604736	2.0	0.4330126941204071	0.3333333134651184	1.6666666269302368	3.0	1.3333333730697632	8	0	0	28	5	1.0	5	5	13
hh04W3xXa5s	3	0.555555522441864	1.0	0.6285393834114075	0.0	-0.3333333432674408	1.0	1.3333333730697632	2	1	0	3	2	1.0	2	2	2
hhK7q30p0Jk	3	1.1111111640930176	1.3333333730697632	0.5665577054023743	0.33333325386047363	0.3333333432674408	1.6666666269302368	1.3333332538604736	3	0	0	3	2	1.0	2	2	2
hj1ph17-0jE	1	-1.3333333730697632	-1.3333333730697632	0.0	0.0	-1.3333333730697632	-1.3333333730697632	0.0	0	1	0	0	0	0.0	0	0	0
hjBQmIWiWgw	11	0.3636363744735718	0.3333333432674408	0.7843745350837708	0.6666666269302368	-1.0	1.6666666269302368	2.6666665077209473	7	3	1	55	27	0.9999999999999993	27	29	40
hkGN5q3OOCE	2	0.0	0.0	0.6666666865348816	0.6666666865348816	-0.6666666865348816	0.6666666865348816	1.3333333730697632	1	1	0	1	1	1.0	1	1	1
hlBOP5NskhM	12	1.138888955116272	1.1666667461395264	0.6448991894721985	0.49999988079071045	0.0	2.0	2.0	10	0	2	66	26	0.9999999999999996	26	28	42
hlYDicOj2m0	4	-0.0833333358168602	0.0	0.8620067238807678	0.6666666865348816	-1.3333333730697632	1.0	2.3333334922790527	2	2	0	6	4	1.0	4	4	6
hmjfBZGGZR8	2	1.8333333730697632	1.8333333730697632	0.8333333730697632	0.8333333730697632	1.0	2.6666667461395264	1.6666667461395264	2	0	0	1	1	1.0	1	1	1
hnSdAbnHDy4	4	-0.0833333358168602	0.0	0.363241583108902	0.1666666716337204	-0.6666666865348816	0.3333333432674408	1.0	1	1	2	6	1	1.0	1	1	3
hntnelpiyl8	5	0.6666666865348816	0.6666666865348816	0.4714045524597168	0.3333333432674408	0.0	1.3333333730697632	1.3333333730697632	4	0	1	10	3	1.0	3	3	6
hp3nsb_eIc0	7	-0.0952380895614624	0.0	0.3868589699268341	0.0	-1.0	0.3333333432674408	1.3333333730697632	1	1	5	21	6	0.9999999999999999	6	6	6
hyazktfsZew	34	0.22549021244049072	0.1666666716337204	0.6750482320785522	0.1666666716337204	-1.0	2.0	3.0	17	8	9	561	64	1.0	230	230	337
i5bmKlHv-SA	2	0.6666666865348816	0.6666666865348816	0.0	0.0	0.6666666865348816	0.6666666865348816	0.0	2	0	0	1	0	0.0	0	0	0
i5of7ZTkyfw	4	0.25	0.1666666716337204	0.4930066466331482	0.3333333432674408	-0.3333333432674408	1.0	1.3333333730697632	2	1	1	6	2	1.0	2	2	4
i6UngvEEuNs	1	-1.3333333730697632	-1.3333333730697632	0.0	0.0	-1.3333333730697632	-1.3333333730697632	0.0	0	1	0	0	0	0.0	0	0	0
i714Xt6eb1Y	5	0.46666663885116577	0.3333333432674408	0.6182412505149841	0.3333333432674408	0.0	1.6666666269302368	1.6666666269302368	3	0	2	10	4	1.0	4	4	4
iEOBNT0HFtU	13	0.5384615659713745	0.6666666865348816	1.0980826616287231	0.9999999403953552	-1.6666666269302368	2.3333332538604736	4.0	7	4	2	78	46	0.9999999999999994	46	51	61
iFGoQUh81as	1	0.3333333432674408	0.3333333432674408	0.0	0.0	0.3333333432674408	0.3333333432674408	0.0	1	0	0	0	0	0.0	0	0	0
iFj9wJaJSPE	12	1.2222222089767456	1.1666667461395264	0.5665577054023743	0.16666674613952637	0.3333333432674408	2.3333332538604736	1.9999998807907104	12	0	0	66	20	1.0000000000000002	20	23	39
iH04VOkbof0	5	0.2666666507720947	0.6666666865348816	0.5333333611488342	0.0	-0.6666666865348816	0.6666666865348816	1.3333333730697632	3	1	1	10	3	1.0	3	3	7
iM3wSwoAtwk	2	0.1666666716337204	0.1666666716337204	0.1666666716337204	0.1666666716337204	0.0	0.3333333432674408	0.3333333432674408	1	0	1	1	0	0.0	0	0	0
iMG962Rj3Vw	4	1.9166667461395264	2.0	0.595119059085846	0.3333333730697632	1.0	2.6666667461395264	1.6666667461395264	4	0	0	6	3	1.0	3	3	5
iMss8xBhFiI	9	0.555555522441864	0.6666666865348816	0.7535922527313232	0.0	-1.3333333730697632	1.6666666269302368	3.0	8	1	0	36	9	1.0000000000000002	9	14	16
iO34hER47xA	5	1.3333332538604736	1.6666666269302368	0.6992058753967285	0.3333333730697632	0.3333333432674408	2.0	1.6666666269302368	5	0	0	10	5	1.0	5	6	6
iR1Os7FVGHs	3	-0.3333333432674408	-0.3333333432674408	0.27216553688049316	0.3333333432674408	-0.6666666865348816	0.0	0.6666666865348816	0	2	1	3	0	0.0	0	0	1
iREkcXde5ds	10	-0.10000000149011612	0.0	0.334995836019516	0.1666666716337204	-0.6666666865348816	0.6666666865348816	1.3333333730697632	1	4	5	45	4	1.0	4	4	14
iS91daVpH2E	7	0.8571428656578064	0.6666666865348816	0.6388765573501587	0.6666666865348816	0.0	1.6666666269302368	1.6666666269302368	6	0	1	21	9	1.0000000000000002	9	11	13
iWBx0CP9JqA	2	0.6666666865348816	0.6666666865348816	0.3333333134651184	0.3333333134651184	0.3333333432674408	1.0	0.6666666269302368	2	0	0	1	0	0.0	0	0	1
iYtD_ArCdKw	13	0.8205127716064453	0.6666666865348816	0.6078600287437439	0.3333333432674408	0.0	2.0	2.0	11	0	2	78	22	0.9999999999999997	22	30	46
icIS9VfbzMw	15	0.20000003278255463	0.3333333432674408	1.19752836227417	1.0	-2.3333332538604736	2.0	4.3333330154418945	8	5	2	105	64	1.0	71	73	85
iceSGs0MXaA	5	1.4666668176651	1.3333333730697632	0.6182412505149841	0.3333333730697632	1.0	2.6666667461395264	1.6666667461395264	5	0	0	10	4	1.0	4	4	4
icehEYAiimM	4	1.5	1.5	0.8333332538604736	0.8333332538604736	0.6666666865348816	2.3333332538604736	1.6666665077209473	4	0	0	6	4	1.0	4	4	4
ieWQdiQAh4M	2	0.6666666865348816	0.6666666865348816	0.3333333134651184	0.3333333134651184	0.3333333432674408	1.0	0.6666666269302368	2	0	0	1	0	0.0	0	0	1
iex7I7iVnLk	2	0.3333333432674408	0.3333333432674408	0.3333333432674408	0.3333333432674408	0.0	0.6666666865348816	0.6666666865348816	1	0	1	1	0	0.0	0	0	1
ihuGFUrzD30	1	0.6666666865348816	0.6666666865348816	0.0	0.0	0.6666666865348816	0.6666666865348816	0.0	1	0	0	0	0	0.0	0	0	0
io85pRFj_dw	2	0.8333333730697632	0.8333333730697632	0.1666666567325592	0.1666666567325592	0.6666666865348816	1.0	0.3333333134651184	2	0	0	1	0	0.0	0	0	0
ipLoS44xfO4	10	-0.30000001192092896	-0.1666666716337204	0.8749603033065796	0.6666666269302368	-1.3333333730697632	1.3333333730697632	2.6666667461395264	4	5	1	45	28	0.9999999999999997	28	28	32
ixQbCXLUUj8	3	0.4444444477558136	0.3333333432674408	0.15713484585285187	0.0	0.3333333432674408	0.6666666865348816	0.3333333432674408	3	0	0	3	0	0.0	0	0	0
ixZAEncExWI	4	0.1666666567325592	0.0	0.5527707934379578	0.3333333432674408	-0.3333333432674408	1.0	1.3333333730697632	2	2	0	6	2	1.0	2	2	5
izFBeXMTgds	7	0.09523807466030121	0.0	1.2046772241592407	1.3333333730697632	-1.6666666269302368	1.6666666269302368	3.3333332538604736	3	3	1	21	16	1.0	16	16	17
j4MpQ6CKoDE	1	1.0	1.0	0.0	0.0	1.0	1.0	0.0	1	0	0	0	0	0.0	0	0	0
j6R1NTrosuM	4	1.2500001192092896	1.3333333730697632	0.5951189994812012	0.3333333134651184	0.3333333432674408	2.0	1.6666666269302368	4	0	0	6	3	1.0	3	3	5
j7fRIGphgtk	4	0.75	0.8333333134651184	0.9242113828659058	0.8333333134651184	-0.3333333432674408	1.6666666269302368	2.0	2	1	1	6	4	1.0	4	4	4
j9mRv472dq0	2	0.0	0.0	0.0	0.0	0.0	0.0	0.0	0	0	2	1	0	0.0	0	0	0
jD3iIEsc_K4	1	1.6666666269302368	1.6666666269302368	0.0	0.0	1.6666666269302368	1.6666666269302368	0.0	1	0	0	0	0	0.0	0	0	0
jEQoBvc7V1o	5	0.13333335518836975	0.3333333432674408	0.6531972885131836	0.3333333432674408	-1.0	1.0	2.0	3	1	1	10	5	1.0	5	5	7
jFNgOznarMo	4	0.0833333432674408	0.0	0.829156219959259	0.5	-1.0	1.3333333730697632	2.3333334922790527	1	1	2	6	5	1.0	5	5	5
jFpRdhl3fgw	4	0.08333331346511841	-0.5	1.6393598318099976	0.8333333730697632	-1.3333333730697632	2.6666667461395264	4.0	2	2	0	6	5	1.0	5	5	5
jNdvceZ4etc	9	1.5925925970077515	1.6666666269302368	0.5616944432258606	0.3333333730697632	0.6666666865348816	2.6666667461395264	2.0	9	0	0	36	10	0.9999999999999999	10	12	22
jPGDFrQLD4I	1	-1.0	-1.0	0.0	0.0	-1.0	-1.0	0.0	0	1	0	0	0	0.0	0	0	0
jPf0LjZAS14	8	0.4166666567325592	0.5	0.893650472164154	0.1666666865348816	-1.6666666269302368	1.6666666269302368	3.3333332538604736	7	1	0	28	10	0.9999999999999999	10	12	16
jQ3EmbRIe58	7	1.4285714626312256	1.6666666269302368	0.8857653737068176	0.6666666269302368	0.3333333432674408	3.0	2.6666667461395264	7	0	0	21	13	0.9999999999999998	13	13	17
jT3FSTBA8Us	7	0.4285714328289032	0.0	0.954758882522583	0.0	-0.6666666865348816	2.3333332538604736	3.0	2	1	4	21	10	0.9999999999999999	10	11	15
jUKH63mltLE	1	0.0	0.0	0.0	0.0	0.0	0.0	0.0	0	0	1	0	0	0.0	0	0	0
jV6qzF2YROc	7	0.9047618508338928	0.6666666865348816	0.34338581562042236	0.0	0.6666666865348816	1.6666666269302368	0.9999999403953552	7	0	0	21	0	0.0	0	4	6
jVayR0VClxQ	8	0.2916666567325592	0.0	0.7894706726074219	0.6666666865348816	-0.6666666865348816	1.6666666269302368	2.3333332538604736	3	2	3	28	15	0.9999999999999999	15	15	23
jXp595jj734	2	1.0	1.0	0.3333333432674408	0.3333333432674408	0.6666666865348816	1.3333333730697632	0.6666666865348816	2	0	0	1	0	0.0	0	0	1
jYT3-RQFy1U	8	-1.4583332538604736	-1.6666666269302368	0.7252872586250305	0.3333333730697632	-2.3333332538604736	0.0	2.3333332538604736	0	7	1	28	9	1.0000000000000002	9	12	18
jZTe5cbwwEE	1	0.6666666865348816	0.6666666865348816	0.0	0.0	0.6666666865348816	0.6666666865348816	0.0	1	0	0	0	0	0.0	0	0	0
jZnFr-Mzj9M	3	1.1111111640930176	1.3333333730697632	0.31426969170570374	0.0	0.6666666865348816	1.3333333730697632	0.6666666865348816	3	0	0	3	0	0.0	0	0	2
jakiZQd4boM	4	0.25	0.5	0.5464532375335693	0.1666666865348816	-0.6666666865348816	0.6666666865348816	1.3333333730697632	3	1	0	6	3	1.0	3	3	3
jbJF3aphcP0	1	1.6666666269302368	1.6666666269302368	0.0	0.0	1.6666666269302368	1.6666666269302368	0.0	1	0	0	0	0	0.0	0	0	0
jbKDW9URnvM	4	0.1666666567325592	0.1666666716337204	0.3726780116558075	0.3333333432674408	-0.3333333432674408	0.6666666865348816	1.0	2	1	1	6	1	1.0	1	1	3
jcQi90n008o	26	0.9743589162826538	1.0	0.5914134383201599	0.3333333134651184	0.0	2.6666667461395264	2.6666667461395264	23	0	3	325	64	1.0	74	102	179
jfSGWBfVNBI	2	0.1666666716337204	0.1666666716337204	0.1666666716337204	0.1666666716337204	0.0	0.3333333432674408	0.3333333432674408	1	0	1	1	0	0.0	0	0	0
jgNu58Da9cs	6	0.3333333432674408	0.3333333432674408	0.4303314685821533	0.3333333432674408	-0.3333333432674408	1.0	1.3333333730697632	4	1	1	15	3	1.0	3	3	8
jhb6SV2dQzg	1	-1.0	-1.0	0.0	0.0	-1.0	-1.0	0.0	0	1	0	0	0	0.0	0	0	0
jjb1cWmkhI8	6	0.1666666716337204	0.1666666716337204	1.0496913194656372	0.6666666269302368	-1.6666666269302368	1.6666666269302368	3.3333332538604736	3	2	1	15	10	0.9999999999999999	10	10	13
jjbOD6u7V34	5	-0.46666669845581055	-0.3333333432674408	1.1469767093658447	1.0	-2.0	1.3333333730697632	3.3333334922790527	1	3	1	10	8	1.0	8	8	9
jlCFLG6rKKY	6	-0.2222222238779068	-0.3333333432674408	0.8089011311531067	0.3333333432674408	-1.3333333730697632	1.3333333730697632	2.6666667461395264	1	4	1	15	8	1.0	8	8	10
jlW4Iep4mmE	1	0.0	0.0	0.0	0.0	0.0	0.0	0.0	0	0	1	0	0	0.0	0	0	0
jnG9zog4NCs	7	0.190476194024086	0.0	0.3499271273612976	0.3333333432674408	-0.3333333432674408	0.6666666865348816	1.0	3	1	3	21	2	1.0	2	2	9
jqKzaEniiKo	9	0.37037038803100586	0.3333333432674408	0.3989010751247406	0.3333333432674408	0.0	1.3333333730697632	1.3333333730697632	6	0	3	36	7	0.9999999999999998	7	7	11
juI9KoLA87A	14	1.0714285373687744	0.8333333730697632	1.0402882099151611	0.5	-0.3333333432674408	3.0	3.3333332538604736	12	2	0	91	53	0.9999999999999999	53	55	73
jzNIU-w0MVo	11	0.060606058686971664	0.0	0.5652956962585449	0.3333333432674408	-0.6666666865348816	1.3333333730697632	2.0	2	4	5	55	18	1.0000000000000002	18	18	23
k0cGUNUHuyY	1	-1.3333333730697632	-1.3333333730697632	0.0	0.0	-1.3333333730697632	-1.3333333730697632	0.0	0	1	0	0	0	0.0	0	0	0
k1ca_xbhohk	6	0.3888888657093048	0.3333333432674408	0.3557291328907013	0.3333333432674408	0.0	1.0	1.0	4	0	2	15	2	1.0	2	2	6
k4T6GaDrcjs	11	0.21212120354175568	0.3333333432674408	0.8677467107772827	1.0	-1.3333333730697632	1.3333333730697632	2.6666667461395264	6	4	1	55	33	0.9999999999999993	33	33	43
k5-3KuvCFms	2	-0.1666666567325592	-0.1666666567325592	0.8333333730697632	0.8333333730697632	-1.0	0.6666666865348816	1.6666667461395264	1	1	0	1	1	1.0	1	1	1
k8NgVOCDYKM	12	-1.2777777910232544	-1.3333333730697632	1.0437941551208496	0.9999999403953552	-3.0	0.3333333432674408	3.3333332538604736	1	10	1	66	40	1.0000000000000004	40	43	53
kCQqLNiO0mk	15	-0.1111111119389534	0.0	0.8403409123420715	0.6666666865348816	-1.6666666269302368	1.3333333730697632	3.0	6	7	2	105	56	1.000000000000001	56	56	78
kDyK9VGfLW8	2	0.6666666865348816	0.6666666865348816	0.6666666865348816	0.6666666865348816	0.0	1.3333333730697632	1.3333333730697632	1	0	1	1	1	1.0	1	1	1
kKMfsWrigTE	3	0.6666666865348816	0.6666666865348816	0.2721655070781708	0.3333333134651184	0.3333333432674408	1.0	0.6666666269302368	3	0	0	3	0	0.0	0	0	1
kKkZihSbxF4	4	1.3333333730697632	1.3333332538604736	0.9999999403953552	0.9999999403953552	0.3333333432674408	2.3333332538604736	1.9999998807907104	4	0	0	6	4	1.0	4	4	4
kM6wo2bb3nw	3	0.4444444477558136	0.6666666865348816	0.566557765007019	0.3333333134651184	-0.3333333432674408	1.0	1.3333333730697632	2	1	0	3	2	1.0	2	2	2
kPch8YhNfPE	4	0.75	0.6666666865348816	0.4330126941204071	0.3333333432674408	0.3333333432674408	1.3333333730697632	1.0	4	0	0	6	2	1.0	2	2	4
kPn-t6NSxfQ	10	0.10000000149011612	0.3333333432674408	0.3349958658218384	0.0	-0.6666666865348816	0.3333333432674408	1.0	6	2	2	45	6	0.9999999999999999	6	6	14
kRs39SO-neY	4	-0.0833333283662796	0.1666666716337204	0.759202778339386	0.3333333432674408	-1.3333333730697632	0.6666666865348816	2.0	2	1	1	6	3	1.0	3	3	4
kRsA87VU6EQ	1	0.0	0.0	0.0	0.0	0.0	0.0	0.0	0	0	1	0	0	0.0	0	0	0
kSooCdVTI6E	6	0.1666666716337204	0.0	0.4194352328777313	0.1666666716337204	-0.3333333432674408	1.0	1.3333333730697632	2	1	3	15	4	1.0	4	4	6
kU6YY2z7z0I	11	0.0	-0.3333333432674408	0.8989331722259521	0.6666666269302368	-1.3333333730697632	1.3333333730697632	2.6666667461395264	4	6	1	55	34	1.0	34	34	40
kY64gXOapYk	5	0.4000000059604645	0.6666666865348816	0.3265986442565918	0.0	0.0	0.6666666865348816	0.6666666865348816	3	0	2	10	0	0.0	0	0	6
kZfcQ4a0kx4	14	1.3571428060531616	1.3333333730697632	0.6357632875442505	0.3333333730697632	0.0	2.3333332538604736	2.3333332538604736	13	0	1	91	33	0.9999999999999993	33	36	56
kcIGTPHEsNo	12	1.9444445371627808	2.0	0.44790318608283997	0.16666662693023682	1.0	3.0	2.0	12	0	0	66	17	1.0	17	17	24
kddCewAsxfA	4	0.0	0.1666666716337204	0.6236095428466797	0.3333333432674408	-1.0	0.6666666865348816	1.6666667461395264	2	1	1	6	3	1.0	3	3	4
kf3fZcx8nIo	2	-0.1666666716337204	-0.1666666716337204	0.1666666716337204	0.1666666716337204	-0.3333333432674408	0.0	0.3333333432674408	0	1	1	1	0	0.0	0	0	0
kh6eynD9OIk	15	-1.0444444417953491	-1.3333333730697632	1.0100727081298828	0.9999998807907104	-2.6666667461395264	0.6666666865348816	3.3333334922790527	2	11	2	105	57	1.0000000000000016	57	65	84
khw3YCTFLfs	1	2.0	2.0	0.0	0.0	2.0	2.0	0.0	1	0	0	0	0	0.0	0	0	0
kiR5zVo2zvU	26	1.1282050609588623	1.1666667461395264	0.8676371574401855	0.49999988079071045	-1.6666666269302368	2.3333332538604736	4.0	24	2	0	325	64	1.0	110	136	214
kj63uF0RhW8	2	0.0	0.0	0.0	0.0	0.0	0.0	0.0	0	0	2	1	0	0.0	0	0	0
kjQAkrdbREk	3	0.3333333730697632	1.3333333730697632	1.9051586389541626	0.6666666269302368	-2.3333332538604736	2.0	4.3333330154418945	2	1	0	3	2	1.0	2	2	3
kk4gr5A6_Uw	1	-0.6666666865348816	-0.6666666865348816	0.0	0.0	-0.6666666865348816	-0.6666666865348816	0.0	0	1	0	0	0	0.0	0	0	0
kkaX3okuvjI	6	0.4444444179534912	0.3333333432674408	0.31426969170570374	0.1666666716337204	0.0	1.0	1.0	5	0	1	15	1	1.0	1	1	5
kmAisuAFckw	3	-0.7777778506278992	-0.6666666865348816	0.4157397150993347	0.3333333432674408	-1.3333333730697632	-0.3333333432674408	1.0	0	3	0	3	1	1.0	1	1	2
kqXpf26EL-s	10	0.06666667759418488	0.0	0.6960204243659973	0.3333333432674408	-1.6666666269302368	1.0	2.6666665077209473	4	2	4	45	16	1.0	16	16	26
krHZuqfXrPU	30	0.4333333373069763	0.6666666865348816	0.7800759673118591	0.3333333432674408	-1.6666666269302368	2.0	3.6666665077209473	21	5	4	435	64	1.0	171	181	274
ku-dtUqCm2o	2	-0.3333333432674408	-0.3333333432674408	0.3333333432674408	0.3333333432674408	-0.6666666865348816	0.0	0.6666666865348816	0	1	1	1	0	0.0	0	0	1
kuQWPuhnlHs	4	1.0	1.0	0.2357022762298584	0.1666666567325592	0.6666666865348816	1.3333333730697632	0.6666666865348816	4	0	0	6	0	0.0	0	0	1
kwkhYpCHWPw	8	0.6666666865348816	0.6666666865348816	0.5773502588272095	0.3333333432674408	-0.3333333432674408	1.6666666269302368	2.0	7	1	0	28	9	1.0000000000000002	9	12	17
kx544gnOZB0	2	-0.3333333432674408	-0.3333333432674408	0.3333333432674408	0.3333333432674408	-0.6666666865348816	0.0	0.6666666865348816	0	1	1	1	0	0.0	0	0	1
kxcCxbsKx3w	9	0.7037036418914795	1.0	1.180546522140503	1.0	-1.6666666269302368	2.0	3.6666665077209473	6	2	1	36	25	1.0000000000000002	25	26	30
ky7Q5onqxGw	3	-0.3333333432674408	0.0	0.7200822830200195	0.3333333432674408	-1.3333333730697632	0.3333333432674408	1.6666667461395264	1	1	1	3	2	1.0	2	2	2
kyPepNmxaj8	3	-0.6666666865348816	-0.6666666865348816	0.5443310737609863	0.6666666865348816	-1.3333333730697632	0.0	1.3333333730697632	0	2	1	3	1	1.0	1	1	3
kz7ahNfXFsk	1	1.3333333730697632	1.3333333730697632	0.0	0.0	1.3333333730697632	1.3333333730697632	0.0	1	0	0	0	0	0.0	0	0	0
kzmaKnujN64	7	0.5714285969734192	0.3333333432674408	0.6098213791847229	0.6666666269302368	-0.3333333432674408	1.3333333730697632	1.6666667461395264	5	1	1	21	10	0.9999999999999999	10	10	14
l-nM_U1qpko	6	0.555555522441864	0.1666666716337204	1.4989707469940186	1.1666667461395264	-1.3333333730697632	2.6666667461395264	4.0	3	3	0	15	12	1.0	12	12	13
l5_DDqck4Rs	1	0.3333333432674408	0.3333333432674408	0.0	0.0	0.3333333432674408	0.3333333432674408	0.0	1	0	0	0	0	0.0	0	0	0
l8LTcZJ-_8k	23	0.8550724983215332	1.0	0.6203169226646423	0.3333333730697632	-0.6666666865348816	1.6666666269302368	2.3333332538604736	20	1	2	253	64	1.0	96	102	146
lEsFI5YJGDo	14	1.4761905670166016	1.3333333730697632	0.7423074841499329	0.6666666269302368	0.3333333432674408	2.6666667461395264	2.3333334922790527	14	0	0	91	36	1.0000000000000002	36	44	67
lKTeLK8nq8w	9	0.5925925970077515	0.6666666865348816	0.491351842880249	0.3333333134651184	-0.3333333432674408	1.3333333730697632	1.6666667461395264	7	1	1	36	10	0.9999999999999999	10	10	19
lTfsqoo-jKg	10	-0.5	-0.1666666716337204	1.1279282569885254	0.5	-2.6666667461395264	1.0	3.6666667461395264	2	5	3	45	28	0.9999999999999997	28	28	33
lUNNDDsm7R8	4	1.25	1.3333333730697632	0.3632415533065796	0.16666662693023682	0.6666666865348816	1.6666666269302368	0.9999999403953552	4	0	0	6	0	0.0	0	1	3
lVj6ZdyW9pI	2	0.1666666567325592	0.1666666567325592	0.8333333730697632	0.8333333730697632	-0.6666666865348816	1.0	1.6666667461395264	1	1	0	1	1	1.0	1	1	1
lWXjdWvB0VI	1	2.3333332538604736	2.3333332538604736	0.0	0.0	2.3333332538604736	2.3333332538604736	0.0	1	0	0	0	0	0.0	0	0	0
lWvaIexY2WU	4	-0.4166666567325592	-0.6666666865348816	1.1873172521591187	0.8333333134651184	-1.6666666269302368	1.3333333730697632	3.0	1	2	1	6	5	1.0	5	5	5
laxadgca3Fo	1	0.6666666865348816	0.6666666865348816	0.0	0.0	0.6666666865348816	0.6666666865348816	0.0	1	0	0	0	0	0.0	0	0	0
lbx3eu8LUl8	2	0.1666666716337204	0.1666666716337204	0.1666666716337204	0.1666666716337204	0.0	0.3333333432674408	0.3333333432674408	1	0	1	1	0	0.0	0	0	0
liJO1yIFsJs	1	0.0	0.0	0.0	0.0	0.0	0.0	0.0	0	0	1	0	0	0.0	0	0	0
lksy-At0vxc	5	0.800000011920929	0.6666666865348816	0.45215532183647156	0.0	0.3333333432674408	1.6666666269302368	1.3333332538604736	5	0	0	10	1	1.0	1	4	4
ll10nEjTvGE	5	0.5333333015441895	1.0	1.257863998413086	0.6666666269302368	-1.6666666269302368	1.6666666269302368	3.3333332538604736	3	1	1	10	7	0.9999999999999998	7	7	9
lo0R1mvjDT8	6	0.3333333432674408	0.1666666716337204	0.4714045524597168	0.1666666716337204	0.0	1.3333333730697632	1.3333333730697632	3	0	3	15	5	1.0	5	5	5
lp9vkkimXqg	21	0.7142857313156128	0.6666666865348816	0.6845669150352478	0.6666666865348816	-1.0	2.0	3.0	16	1	4	210	63	0.9999999999999982	63	79	141
lpF-yBYou0s	4	-0.5833333134651184	-0.3333333432674408	0.6821126937866211	0.3333333432674408	-1.6666666269302368	0.0	1.6666666269302368	0	2	2	6	2	1.0	2	3	5
ltA1VF_DUSc	1	0.0	0.0	0.0	0.0	0.0	0.0	0.0	0	0	1	0	0	0.0	0	0	0
luQfWSfb1s0	21	1.0317460298538208	1.0	0.5989829301834106	0.3333333730697632	0.0	2.3333332538604736	2.3333332538604736	18	0	3	210	59	0.9999999999999989	59	74	120
lzVA--tIse0	3	1.6666666269302368	1.6666666269302368	0.2721655070781708	0.33333325386047363	1.3333333730697632	2.0	0.6666666269302368	3	0	0	3	0	0.0	0	0	1
lzyVWNrkgbQ	3	-0.1111111119389534	-0.3333333432674408	0.31426969170570374	0.0	-0.3333333432674408	0.3333333432674408	0.6666666865348816	1	2	0	3	0	0.0	0	0	2
m0-DH0k115I	2	1.0	1.0	0.3333333432674408	0.3333333432674408	0.6666666865348816	1.3333333730697632	0.6666666865348816	2	0	0	1	0	0.0	0	0	1
m7SJs73SF8w	4	0.5833333730697632	0.6666666865348816	0.7592028379440308	0.6666666865348816	-0.3333333432674408	1.3333333730697632	1.6666667461395264	2	1	1	6	4	1.0	4	4	4
m8tzdtrgFUA	10	0.6333333849906921	0.5	0.4818944036960602	0.5	0.0	1.3333333730697632	1.3333333730697632	8	0	2	45	14	0.9999999999999997	14	14	24
mHEtr7PHxoA	2	0.6666666865348816	0.6666666865348816	0.3333333134651184	0.3333333134651184	0.3333333432674408	1.0	0.6666666269302368	2	0	0	1	0	0.0	0	0	1
mHIvH6Nnrls	7	0.4761905074119568	0.3333333432674408	0.4665694832801819	0.3333333432674408	0.0	1.3333333730697632	1.3333333730697632	5	0	2	21	7	0.9999999999999998	7	7	10
mI50zj8cTNw	5	0.2666666805744171	0.3333333432674408	0.24944382905960083	0.3333333432674408	0.0	0.6666666865348816	0.6666666865348816	3	0	2	10	0	0.0	0	0	2
mKP6TVuixWg	7	0.2380952537059784	0.3333333432674408	0.34338581562042236	0.3333333432674408	-0.3333333432674408	0.6666666865348816	1.0	4	1	2	21	2	1.0	2	2	8
mL2v-sODUZ8	4	0.0833333358168602	0.0	0.14433756470680237	0.0	0.0	0.3333333432674408	0.3333333432674408	1	0	3	6	0	0.0	0	0	0
mMeGgB9-hSE	3	0.6666666865348816	0.6666666865348816	0.5443310737609863	0.6666666865348816	0.0	1.3333333730697632	1.3333333730697632	2	0	1	3	1	1.0	1	1	3
mN1Z5xEOy10	5	-0.4000000059604645	0.0	0.5333333611488342	0.0	-1.3333333730697632	0.0	1.3333333730697632	0	2	3	10	3	1.0	3	3	7
mNurUl_Q2UY	1	0.0	0.0	0.0	0.0	0.0	0.0	0.0	0	0	1	0	0	0.0	0	0	0
mO4H5S_Q7aU	1	1.0	1.0	0.0	0.0	1.0	1.0	0.0	1	0	0	0	0	0.0	0	0	0
mOnyMWhb5Ac	2	0.5	0.5	0.1666666716337204	0.1666666716337204	0.3333333432674408	0.6666666865348816	0.3333333432674408	2	0	0	1	0	0.0	0	0	0
mQTaEIrNxnQ	7	0.2857142984867096	0.0	0.6023386120796204	0.6666666865348816	-0.6666666865348816	1.3333333730697632	2.0	3	1	3	21	6	0.9999999999999999	6	6	17
mRPIse3OO74	7	-0.095238097012043	0.0	0.42591771483421326	0.0	-0.6666666865348816	0.6666666865348816	1.3333333730697632	1	2	4	21	2	1.0	2	2	14
mRnEJOLkhp8	11	-0.12121211737394333	0.0	0.3833063840866089	0.0	-1.0	0.6666666865348816	1.6666667461395264	1	4	6	55	10	0.9999999999999999	10	10	19
mSWwz7dXUP8	1	2.3333332538604736	2.3333332538604736	0.0	0.0	2.3333332538604736	2.3333332538604736	0.0	1	0	0	0	0	0.0	0	0	0
mW8eL4e7Wrg	9	0.14814814925193787	0.0	0.4190262258052826	0.3333333432674408	-0.3333333432674408	1.0	1.3333333730697632	3	2	4	36	8	1.0	8	8	15
mXdvCxLbpuY	2	0.6666666865348816	0.6666666865348816	0.3333333134651184	0.3333333134651184	0.3333333432674408	1.0	0.6666666269302368	2	0	0	1	0	0.0	0	0	1
maO6KmmgcB8	2	-0.5	-0.5	0.1666666716337204	0.1666666716337204	-0.6666666865348816	-0.3333333432674408	0.3333333432674408	0	2	0	1	0	0.0	0	0	0
mgovo8VYtvk	37	1.4504504203796387	1.6666666269302368	0.649398922920227	0.3333333730697632	0.0	2.6666667461395264	2.6666667461395264	36	0	1	666	64	1.0	192	264	405
mgpoY1-110U	7	0.0952380895614624	0.3333333432674408	0.5553287267684937	0.3333333432674408	-0.6666666865348816	1.0	1.6666667461395264	4	2	1	21	9	1.0000000000000002	9	9	14
mjQfQx2K__8	13	-0.2820512652397156	-0.3333333432674408	0.771790623664856	0.3333333432674408	-1.3333333730697632	1.3333333730697632	2.6666667461395264	3	9	1	78	37	0.9999999999999991	37	37	52
mjYeEikLR8I	2	0.0	0.0	0.6666666865348816	0.6666666865348816	-0.6666666865348816	0.6666666865348816	1.3333333730697632	1	1	0	1	1	1.0	1	1	1
mkkoJ2iVbGs	9	0.37037038803100586	0.3333333432674408	0.4287347197532654	0.3333333432674408	0.0	1.3333333730697632	1.3333333730697632	5	0	4	36	6	0.9999999999999999	6	6	16
mn8_HvzbN5c	3	0.1111111119389534	0.0	0.15713484585285187	0.0	0.0	0.3333333432674408	0.3333333432674408	1	0	2	3	0	0.0	0	0	0
mpfSRGHFY0g	2	0.0	0.0	0.3333333432674408	0.3333333432674408	-0.3333333432674408	0.3333333432674408	0.6666666865348816	1	1	0	1	0	0.0	0	0	1
mrQIrm6hYMQ	3	1.1111111640930176	1.3333333730697632	0.5665577054023743	0.33333325386047363	0.3333333432674408	1.6666666269302368	1.3333332538604736	3	0	0	3	2	1.0	2	2	2
muOYAxkG-Zo	11	0.27272728085517883	0.0	0.48862165212631226	0.0	0.0	1.6666666269302368	1.6666666269302368	4	0	7	55	9	1.0000000000000002	9	10	17
mud6tEqFiEM	8	0.2916666567325592	0.3333333432674408	0.6959705948829651	0.5	-0.6666666865348816	1.6666666269302368	2.3333332538604736	5	3	0	28	13	0.9999999999999998	13	15	19
mw_ZwML0SbY	2	0.1666666716337204	0.1666666716337204	0.1666666716337204	0.1666666716337204	0.0	0.3333333432674408	0.3333333432674408	1	0	1	1	0	0.0	0	0	0
mxFU6TrHChY	11	-0.7575757503509521	-1.0	0.6210272908210754	0.3333333134651184	-1.6666666269302368	0.3333333432674408	2.0	1	8	2	55	20	1.0000000000000002	20	24	36
mxa4KXSz9rw	12	-0.2222222238779068	-0.3333333432674408	0.566557765007019	0.5	-1.0	0.6666666865348816	1.6666667461395264	4	8	0	66	24	0.9999999999999996	24	24	40
mzTHW2dtbs4	4	0.4166666865348816	0.5	0.2763853967189789	0.1666666865348816	0.0	0.6666666865348816	0.6666666865348816	3	0	1	6	0	0.0	0	0	2
mziQcFSsdRI	3	0.7777777314186096	0.3333333432674408	0.6285393238067627	0.0	0.3333333432674408	1.6666666269302368	1.3333332538604736	3	0	0	3	2	1.0	2	2	2
n-sgVVTE9Io	4	0.25	0.3333333432674408	0.5951189994812012	0.3333333134651184	-0.6666666865348816	1.0	1.6666667461395264	3	1	0	6	3	1.0	3	3	5
n2BuwHbdilY	4	0.5	0.3333333432674408	0.28867509961128235	0.0	0.3333333432674408	1.0	0.6666666269302368	4	0	0	6	0	0.0	0	0	3
n4xRx0J3rYQ	14	0.523809552192688	0.3333333432674408	0.6135284900665283	0.3333333432674408	-0.3333333432674408	2.0	2.3333332538604736	11	2	1	91	29	0.9999999999999996	29	29	56
n5J1ZkGUGnU	5	1.133333444595337	1.3333333730697632	0.5811865329742432	0.6666666269302368	0.3333333432674408	2.0	1.6666666269302368	5	0	0	10	4	1.0	4	4	8
n5MU2-GFjo8	5	-0.13333332538604736	0.0	0.33993464708328247	0.3333333432674408	-0.6666666865348816	0.3333333432674408	1.0	1	2	2	10	1	1.0	1	1	4
n7K5SpMrQt0	7	0.0476190485060215	0.0	0.3749527633190155	0.3333333432674408	-0.3333333432674408	0.6666666865348816	1.0	3	3	1	21	3	1.0	3	3	10
nAhn8-kZpM8	2	1.0	1.0	0.6666666269302368	0.6666666269302368	0.3333333432674408	1.6666666269302368	1.3333332538604736	2	0	0	1	1	1.0	1	1	1
nD1R4UedEDo	14	0.5	0.3333333432674408	1.0597244501113892	0.8333333730697632	-1.0	2.6666667461395264	3.6666667461395264	8	4	2	91	54	0.9999999999999989	54	56	71
nDXKvarLEOM	4	-0.25	-0.1666666716337204	0.9537935853004456	0.6666666269302368	-1.6666666269302368	1.0	2.6666665077209473	1	2	1	6	5	1.0	5	5	5
nErOMpqvcRg	3	1.4444445371627808	1.3333333730697632	0.1571348011493683	0.0	1.3333333730697632	1.6666666269302368	0.33333325386047363	3	0	0	3	0	0.0	0	0	0
nF0AMbTH4VM	1	-0.3333333432674408	-0.3333333432674408	0.0	0.0	-0.3333333432674408	-0.3333333432674408	0.0	0	1	0	0	0	0.0	0	0	0
nGah7qST1dI	5	1.1920929132713809e-08	0.0	0.5577733516693115	0.3333333432674408	-1.0	0.6666666865348816	1.6666667461395264	2	1	2	10	4	1.0	4	4	6
nHMHePX9WoU	3	-0.1111111044883728	0.0	0.6849348545074463	0.6666666865348816	-1.0	0.6666666865348816	1.6666667461395264	1	1	1	3	2	1.0	2	2	3
nHP7l5zAwGA	4	0.4166666269302368	0.6666666865348816	1.1149240732192993	0.6666666269302368	-1.3333333730697632	1.6666666269302368	3.0	3	1	0	6	4	1.0	4	4	6
nISNBD3I95A	1	0.6666666865348816	0.6666666865348816	0.0	0.0	0.6666666865348816	0.6666666865348816	0.0	1	0	0	0	0	0.0	0	0	0
nKiC9sEP2vM	14	0.4523809552192688	0.3333333432674408	0.48151785135269165	0.3333333432674408	-0.3333333432674408	1.3333333730697632	1.6666667461395264	9	1	4	91	25	1.0000000000000002	25	25	47
nM5S3xxNOlQ	10	0.46666663885116577	0.3333333432674408	0.5206832885742188	0.3333333432674408	0.0	1.6666666269302368	1.6666666269302368	6	0	4	45	10	0.9999999999999999	10	12	23
nNFDj9fRAqE	1	1.6666666269302368	1.6666666269302368	0.0	0.0	1.6666666269302368	1.6666666269302368	0.0	1	0	0	0	0	0.0	0	0	0
nQ7txb1MtG0	2	0.8333333730697632	0.8333333730697632	0.5	0.5	0.3333333432674408	1.3333333730697632	1.0	2	0	0	1	1	1.0	1	1	1
nTBKtwqPIYw	7	0.3333333134651184	0.3333333432674408	0.5039526224136353	0.3333333432674408	-0.6666666865348816	1.0	1.6666667461395264	5	1	1	21	6	0.9999999999999999	6	6	11
nZEPf7a8GbI	2	-0.8333333730697632	-0.8333333730697632	0.1666666567325592	0.1666666567325592	-1.0	-0.6666666865348816	0.3333333134651184	0	2	0	1	0	0.0	0	0	0
ngp7s5Wvde0	5	1.5333333015441895	1.6666666269302368	0.49888765811920166	0.3333333730697632	0.6666666865348816	2.0	1.3333332538604736	5	0	0	10	2	1.0	2	3	6
nhD9WSEIspQ	6	0.8333333134651184	1.0	0.3726780116558075	0.1666666865348816	0.3333333432674408	1.3333333730697632	1.0	6	0	0	15	2	1.0	2	2	8
niX_m3aMxhQ	4	0.0833333358168602	0.1666666716337204	0.595119059085846	0.5	-0.6666666865348816	0.6666666865348816	1.3333333730697632	2	2	0	6	4	1.0	4	4	4
nmWplIQhvoA	4	1.25	1.3333332538604736	0.6400954723358154	0.5000000596046448	0.3333333432674408	2.0	1.6666666269302368	4	0	0	6	3	1.0	3	3	5
npIVLL_fTf0	11	-1.272727370262146	-1.3333333730697632	1.153109073638916	0.6666666269302368	-2.6666667461395264	1.6666666269302368	4.333333492279053	1	10	0	55	30	0.9999999999999999	30	32	42
nsLACXjD4KU	4	-0.9166666269302368	-0.6666666865348816	0.862006664276123	0.3333333432674408	-2.3333332538604736	0.0	2.3333332538604736	0	3	1	6	3	1.0	3	3	5
nw6Kf3AtCz4	33	0.9898990392684937	1.0	0.534876823425293	0.3333333730697632	0.0	2.0	2.0	32	0	1	528	64	1.0	133	154	284
nxksB2kDJ6o	2	0.3333333432674408	0.3333333432674408	0.0	0.0	0.3333333432674408	0.3333333432674408	0.0	2	0	0	1	0	0.0	0	0	0
nz2vkMyqfeE	6	0.7222222685813904	0.6666666865348816	0.5241100788116455	0.5	0.0	1.3333333730697632	1.3333333730697632	5	0	1	15	7	0.9999999999999998	7	7	9
o1cRmT9qnOc	1	0.3333333432674408	0.3333333432674408	0.0	0.0	0.3333333432674408	0.3333333432674408	0.0	1	0	0	0	0	0.0	0	0	0
o2bNnLOEEC0	4	-1.5	-1.5	0.5	0.5	-2.0	-1.0	1.0	0	4	0	6	4	1.0	4	4	4
o2miCpS7Hwo	3	1.3333333730697632	1.3333333730697632	0.2721655070781708	0.33333325386047363	1.0	1.6666666269302368	0.6666666269302368	3	0	0	3	0	0.0	0	0	1
o4b7hjQwpv0	10	0.366666704416275	0.3333333432674408	0.31446605920791626	0.3333333432674408	0.0	1.0	1.0	7	0	3	45	3	1.0	3	3	13
o63doZKEIds	9	0.07407407462596893	0.0	0.6625386476516724	0.3333333432674408	-1.3333333730697632	1.0	2.3333334922790527	4	3	2	36	16	1.0	16	16	23
o7vcTMAX9fQ	1	0.3333333432674408	0.3333333432674408	0.0	0.0	0.3333333432674408	0.3333333432674408	0.0	1	0	0	0	0	0.0	0	0	0
o8OZGBDPD8M	7	-0.5238094925880432	-0.3333333432674408	0.9404008388519287	0.3333333432674408	-2.0	1.0	3.0	1	5	1	21	14	0.9999999999999997	14	14	14
oANUXY3xXKM	8	-0.083333320915699	0.0	0.9965217113494873	1.0	-1.6666666269302368	1.3333333730697632	3.0	3	3	2	28	19	0.9999999999999996	19	19	24
oCsrnIomHos	5	0.06666667759418488	0.0	0.9043107032775879	0.6666666865348816	-1.3333333730697632	1.3333333730697632	2.6666667461395264	2	2	1	10	7	0.9999999999999998	7	7	9
oDznO5w3v0U	3	0.6666666865348816	1.0	0.4714045226573944	0.0	0.0	1.0	1.0	2	0	1	3	2	1.0	2	2	2
oGnKsroR0R0	18	-0.037037041038274765	0.0	1.3557780981063843	1.0	-2.3333332538604736	2.3333332538604736	4.666666507720947	8	8	2	153	64	1.0	107	109	131
oHV99Y_EWfI	14	0.9047619700431824	0.6666666865348816	0.7911069989204407	0.5	0.0	2.6666667461395264	2.6666667461395264	11	0	3	91	38	0.9999999999999992	38	38	63
oK951Y2N_k0	1	-0.3333333432674408	-0.3333333432674408	0.0	0.0	-0.3333333432674408	-0.3333333432674408	0.0	0	1	0	0	0	0.0	0	0	0
oNCvb0F-c88	1	0.0	0.0	0.0	0.0	0.0	0.0	0.0	0	0	1	0	0	0.0	0	0	0
oO61Ma17tRA	3	-0.8888888955116272	-1.0	0.15713483095169067	0.0	-1.0	-0.6666666865348816	0.3333333134651184	0	3	0	3	0	0.0	0	0	0
oOhxCwkZsUI	2	0.0	0.0	0.0	0.0	0.0	0.0	0.0	0	0	2	1	0	0.0	0	0	0
oPvUDLhTrjI	11	1.121212124824524	1.0	0.8441447019577026	0.6666666269302368	-0.3333333432674408	2.3333332538604736	2.6666665077209473	9	1	1	55	30	0.9999999999999999	30	34	40
oVqBUyKvgdU	6	0.4444445073604584	0.6666666865348816	0.4581228494644165	0.1666666567325592	-0.3333333432674408	1.0	1.3333333730697632	4	1	1	15	5	1.0	5	5	8
oW1OEsP7Dds	3	0.0	0.0	0.27216553688049316	0.3333333432674408	-0.3333333432674408	0.3333333432674408	0.6666666865348816	1	1	1	3	0	0.0	0	0	1
oWAyEzyp2xQ	12	-0.4722222089767456	-0.5	0.8655798435211182	0.5	-1.6666666269302368	1.3333333730697632	3.0	2	8	2	66	32	1.0	32	36	49
oZkWWCQw2Js	3	0.2222222238779068	0.0	0.31426969170570374	0.0	0.0	0.6666666865348816	0.6666666865348816	1	0	2	3	0	0.0	0	0	2
oaC1UATdtAg	5	0.5333333015441895	0.3333333432674408	0.45215535163879395	0.3333333432674408	0.0	1.3333333730697632	1.3333333730697632	4	0	1	10	3	1.0	3	3	5
obnOnuzb-Xw	5	0.20000000298023224	0.3333333432674408	0.45215538144111633	0.3333333432674408	-0.3333333432674408	0.6666666865348816	1.0	3	2	0	10	4	1.0	4	4	6
oecQ9yDtfx0	3	0.7777778506278992	1.0	0.566557765007019	0.3333333730697632	0.0	1.3333333730697632	1.3333333730697632	2	0	1	3	2	1.0	2	2	2
ogGweZUAVtU	52	0.30128204822540283	0.3333333432674408	0.4299652874469757	0.3333333432674408	-0.3333333432674408	1.6666666269302368	2.0	29	4	19	1326	64	1.0	179	195	465
oj7A8mpuBeQ	13	0.3589743375778198	0.3333333432674408	0.5617667436599731	0.3333333432674408	-1.0	1.3333333730697632	2.3333334922790527	10	2	1	78	23	0.9999999999999996	23	23	40
olVQZV_1rdA	2	0.5	0.5	0.1666666716337204	0.1666666716337204	0.3333333432674408	0.6666666865348816	0.3333333432674408	2	0	0	1	0	0.0	0	0	0
olcPEN9x5VY	10	0.8666666746139526	0.8333333730697632	0.5999999642372131	0.5	0.3333333432674408	2.3333332538604736	1.9999998807907104	10	0	0	45	12	1.0	12	13	26
omBcvw7izuM	14	0.5714285969734192	0.6666666865348816	0.5966649651527405	0.6666666865348816	-0.3333333432674408	1.3333333730697632	1.6666667461395264	8	1	5	91	33	0.9999999999999993	33	33	60
omHQ68k50XY	8	0.2916666567325592	0.5	0.6757197976112366	0.1666666865348816	-1.3333333730697632	1.0	2.3333334922790527	6	1	1	28	8	1.0	8	8	13
ooGB4BLK9PM	1	0.0	0.0	0.0	0.0	0.0	0.0	0.0	0	0	1	0	0	0.0	0	0	0
opHUZsc2WO8	2	0.5	0.5	0.1666666716337204	0.1666666716337204	0.3333333432674408	0.6666666865348816	0.3333333432674408	2	0	0	1	0	0.0	0	0	0
otna1VHHCow	6	1.0	1.0	0.6085806488990784	0.3333333432674408	0.0	2.0	2.0	5	0	1	15	7	0.9999999999999998	7	7	10
ou6S6fbfBWU	2	0.0	0.0	0.0	0.0	0.0	0.0	0.0	0	0	2	1	0	0.0	0	0	0
ouhCx4TgHlE	3	-0.7777778506278992	-1.0	0.31426969170570374	0.0	-1.0	-0.3333333432674408	0.6666666269302368	0	3	0	3	0	0.0	0	0	2
owT0_Xfu8a0	2	0.8333333730697632	0.8333333730697632	0.5	0.5	0.3333333432674408	1.3333333730697632	1.0	2	0	0	1	1	1.0	1	1	1
oyHKiX5YGDE	11	0.3333333432674408	0.0	0.5504818558692932	0.3333333432674408	-0.3333333432674408	1.3333333730697632	1.6666667461395264	5	2	4	55	21	1.0000000000000004	21	21	30
p18PVgfxook	1	0.0	0.0	0.0	0.0	0.0	0.0	0.0	0	0	1	0	0	0.0	0	0	0
p19Hsjx2xgI	4	0.5833333730697632	0.5	0.4930066764354706	0.3333333432674408	0.0	1.3333333730697632	1.3333333730697632	3	0	1	6	2	1.0	2	2	4
p4IeTRNcxc4	3	0.2222222238779068	0.0	0.31426969170570374	0.0	0.0	0.6666666865348816	0.6666666865348816	1	0	2	3	0	0.0	0	0	2
p5LEk2u8tXk	7	1.0476189851760864	1.0	0.3299144208431244	0.3333333134651184	0.6666666865348816	1.6666666269302368	0.9999999403953552	7	0	0	21	0	0.0	0	2	7
pAclBdj20ZU	12	0.75	0.8333333730697632	0.9440358877182007	0.8333333134651184	-0.6666666865348816	2.6666667461395264	3.3333334922790527	7	2	3	66	38	0.9999999999999992	38	40	51
pC0zFF8CXXk	2	1.0	1.0	0.3333333432674408	0.3333333432674408	0.6666666865348816	1.3333333730697632	0.6666666865348816	2	0	0	1	0	0.0	0	0	1
pFh-SLxltms	16	0.7083333134651184	0.5	0.8809322714805603	0.8333333730697632	-0.6666666865348816	2.0	2.6666667461395264	12	3	1	120	64	1.0	66	72	84
pI5Kng_GuLE	1	0.3333333432674408	0.3333333432674408	0.0	0.0	0.3333333432674408	0.3333333432674408	0.0	1	0	0	0	0	0.0	0	0	0
pIMByitigYI	12	0.3333333432674408	0.3333333432674408	0.3333333432674408	0.3333333432674408	0.0	1.0	1.0	7	0	5	66	5	1.0	5	5	23
pKXaKinzTmY	4	0.0833333358168602	0.0	0.14433756470680237	0.0	0.0	0.3333333432674408	0.3333333432674408	1	0	3	6	0	0.0	0	0	0
pU-MjERGTUk	1	1.0	1.0	0.0	0.0	1.0	1.0	0.0	1	0	0	0	0	0.0	0	0	0
pVzHaakhKAw	2	0.0	0.0	0.3333333432674408	0.3333333432674408	-0.3333333432674408	0.3333333432674408	0.6666666865348816	1	1	0	1	0	0.0	0	0	1
pY4ovojS4rk	3	0.0	0.0	0.0	0.0	0.0	0.0	0.0	0	0	3	3	0	0.0	0	0	0
pYUTSG9frAk	4	0.5833333730697632	0.5	0.4930066466331482	0.3333333432674408	0.0	1.3333333730697632	1.3333333730697632	3	0	1	6	2	1.0	2	2	4
pbFwuNCQlH8	9	0.03703703731298447	0.0	0.33126935362815857	0.0	-0.6666666865348816	0.6666666865348816	1.3333333730697632	2	1	6	36	2	1.0	2	2	14
pf-78LF4ORE	18	0.7407407164573669	0.5	0.7742423415184021	0.5	0.0	3.0	3.0	14	0	4	153	53	0.9999999999999999	53	56	86
pf6HYOOwfGE	1	0.0	0.0	0.0	0.0	0.0	0.0	0.0	0	0	1	0	0	0.0	0	0	0
pfCPogxnUfw	16	-0.0416666679084301	0.0	1.0466547012329102	0.6666666865348816	-2.0	1.6666666269302368	3.6666665077209473	7	7	2	120	64	1.0	71	76	96
pjWLxORDDP4	1	2.3333332538604736	2.3333332538604736	0.0	0.0	2.3333332538604736	2.3333332538604736	0.0	1	0	0	0	0	0.0	0	0	0
pkH2TfFN-6s	1	2.0	2.0	0.0	0.0	2.0	2.0	0.0	1	0	0	0	0	0.0	0	0	0
plsot5mFAtQ	3	0.3333333432674408	0.3333333432674408	0.0	0.0	0.3333333432674408	0.3333333432674408	0.0	3	0	0	3	0	0.0	0	0	0
pnSRLB6anIM	7	0.6666666865348816	0.6666666865348816	0.4364357888698578	0.3333333432674408	0.0	1.3333333730697632	1.3333333730697632	6	0	1	21	5	1.0	5	5	11
po5jCjnxW1w	1	0.0	0.0	0.0	0.0	0.0	0.0	0.0	0	0	1	0	0	0.0	0	0	0
pqAGD3ijMPw	2	-0.8333333730697632	-0.8333333730697632	0.1666666567325592	0.1666666567325592	-1.0	-0.6666666865348816	0.3333333134651184	0	2	0	1	0	0.0	0	0	0
ptgBkE_e5js	2	-0.1666666567325592	-0.1666666567325592	0.8333333730697632	0.8333333730697632	-1.0	0.6666666865348816	1.6666667461395264	1	1	0	1	1	1.0	1	1	1
pttwIaJmfcU	3	0.1111111119389534	0.0	0.15713484585285187	0.0	0.0	0.3333333432674408	0.3333333432674408	1	0	2	3	0	0.0	0	0	0
pu1C7tmYHxI	3	1.0	1.0	0.27216553688049316	0.3333333134651184	0.6666666865348816	1.3333333730697632	0.6666666865348816	3	0	0	3	0	0.0	0	0	1
puum3vabpb4	19	0.3333333730697632	0.3333333432674408	0.551446795463562	0.3333333432674408	-0.6666666865348816	1.3333333730697632	2.0	11	2	6	171	56	1.000000000000001	56	56	94
pvlmYjQdRmA	1	0.0	0.0	0.0	0.0	0.0	0.0	0.0	0	0	1	0	0	0.0	0	0	0
pwj9YeMJC08	8	-0.2083333432674408	0.0	0.40611642599105835	0.1666666716337204	-1.0	0.3333333432674408	1.3333333730697632	1	3	4	28	6	0.9999999999999999	6	6	12
pzUplbeH_fg	1	0.0	0.0	0.0	0.0	0.0	0.0	0.0	0	0	1	0	0	0.0	0	0	0
q-0gu48ClF4	4	0.1666666567325592	-0.1666666716337204	1.1666667461395264	0.6666666269302368	-1.0	2.0	3.0	2	2	0	6	5	1.0	5	5	5
q1_knonj0Lw	15	0.444444477558136	0.3333333432674408	0.6629526019096375	0.3333333432674408	-0.6666666865348816	1.6666666269302368	2.3333332538604736	10	2	3	105	44	0.9999999999999994	44	46	67
q3QUybiOYeU	1	0.3333333432674408	0.3333333432674408	0.0	0.0	0.3333333432674408	0.3333333432674408	0.0	1	0	0	0	0	0.0	0	0	0
q4hP2j7oewo	2	0.0	0.0	0.3333333432674408	0.3333333432674408	-0.3333333432674408	0.3333333432674408	0.6666666865348816	1	1	0	1	0	0.0	0	0	1
q7BxnIM2_z0	1	2.0	2.0	0.0	0.0	2.0	2.0	0.0	1	0	0	0	0	0.0	0	0	0
qCUg4ek1PPE	2	0.5	0.5	0.1666666716337204	0.1666666716337204	0.3333333432674408	0.6666666865348816	0.3333333432674408	2	0	0	1	0	0.0	0	0	0
qDIh6YNbIMU	10	0.0	0.0	0.14907120168209076	0.0	-0.3333333432674408	0.3333333432674408	0.6666666865348816	1	1	8	45	0	0.0	0	0	1
qEkFReBuwxc	14	0.761904776096344	0.6666666865348816	1.0190922021865845	0.6666666865348816	-1.3333333730697632	2.6666667461395264	4.0	10	2	2	91	48	1.0000000000000007	48	56	72
qFppeQvdfxI	8	1.0416667461395264	1.1666667461395264	0.563656210899353	0.3333333134651184	0.0	1.6666666269302368	1.6666666269302368	7	0	1	28	10	0.9999999999999999	10	10	16
qFsGMA75-oQ	4	1.1666666269302368	1.0	0.8660253286361694	0.6666666269302368	0.3333333432674408	2.3333332538604736	1.9999998807907104	4	0	0	6	4	1.0	4	4	5
qJBQH14qtHc	8	0.9583333134651184	1.0	0.8239049911499023	0.6666666269302368	-0.3333333432674408	2.0	2.3333332538604736	6	2	0	28	15	0.9999999999999999	15	15	21
qJZlp9uxoTU	16	0.1041666567325592	0.0	1.0847346782684326	0.6666666865348816	-1.3333333730697632	2.3333332538604736	3.6666665077209473	5	7	4	120	64	1.0	69	71	92
qJh6x4wmmh8	4	0.4166666567325592	0.5	1.1149240732192993	1.0	-1.0	1.6666666269302368	2.6666665077209473	2	2	0	6	4	1.0	4	4	5
qP4uuMI-JSk	6	0.7777777314186096	0.6666666865348816	0.566557765007019	0.1666666716337204	0.3333333432674408	2.0	1.6666666269302368	6	0	0	15	5	1.0	5	5	5
qXisb7w9LjM	3	0.3333333432674408	0.0	0.471404492855072	0.0	0.0	1.0	1.0	1	0	2	3	2	1.0	2	2	2
qYJtbgLqizk	2	1.5	1.5	1.1666667461395264	1.1666667461395264	0.3333333432674408	2.6666667461395264	2.3333334922790527	2	0	0	1	1	1.0	1	1	1
qaoSn1eEyq0	1	0.3333333432674408	0.3333333432674408	0.0	0.0	0.3333333432674408	0.3333333432674408	0.0	1	0	0	0	0	0.0	0	0	0
qbIajpM7U3Y	4	0.5	0.3333333432674408	0.5527707934379578	0.3333333432674408	0.0	1.3333333730697632	1.3333333730697632	2	0	2	6	2	1.0	2	2	5
qd6YuFGcBGk	9	0.8148148059844971	0.6666666865348816	0.7046776413917542	0.3333333432674408	-0.3333333432674408	2.3333332538604736	2.6666665077209473	8	1	0	36	14	0.9999999999999997	14	15	23
qdeQg5dZb2E	3	0.2222222238779068	0.6666666865348816	0.6285393834114075	0.0	-0.6666666865348816	0.6666666865348816	1.3333333730697632	2	1	0	3	2	1.0	2	2	2
qed3medhsj4	5	0.6000000238418579	0.6666666865348816	0.6463572978973389	0.3333333432674408	-0.3333333432674408	1.6666666269302368	2.0	4	1	0	10	4	1.0	4	6	7
qjMyjLSORY4	20	1.0666667222976685	0.8333333730697632	0.7644896507263184	0.5	0.0	2.3333332538604736	2.3333332538604736	18	0	2	190	64	1.0	81	89	121
qkWdc-E6jGI	7	-0.0476190522313118	0.0	0.517275333404541	0.0	-0.6666666865348816	1.0	1.6666667461395264	1	2	4	21	6	0.9999999999999999	6	6	14
qlDT-bmIzQI	5	1.399999976158142	1.3333333730697632	0.9285591840744019	0.6666666865348816	0.3333333432674408	3.0	2.6666667461395264	5	0	0	10	6	0.9999999999999999	6	7	8
qlDiE1d45Bc	6	0.1111111044883728	0.1666666716337204	0.5328701734542847	0.3333333432674408	-0.6666666865348816	1.0	1.6666667461395264	3	2	1	15	5	1.0	5	5	10
qmx0nQZYHIo	2	0.1666666716337204	0.1666666716337204	0.5	0.5	-0.3333333432674408	0.6666666865348816	1.0	1	1	0	1	1	1.0	1	1	1
qo2reupzUE0	4	-0.4166666567325592	-0.1666666716337204	0.759202778339386	0.3333333432674408	-1.6666666269302368	0.3333333432674408	2.0	1	2	1	6	3	1.0	3	3	4
qpht9L3s9G4	2	0.3333333432674408	0.3333333432674408	0.3333333432674408	0.3333333432674408	0.0	0.6666666865348816	0.6666666865348816	1	0	1	1	0	0.0	0	0	1
qrI7XCKRFNk	6	-0.0555555559694767	0.0	0.22906142473220825	0.1666666716337204	-0.3333333432674408	0.3333333432674408	0.6666666865348816	1	2	3	15	0	0.0	0	0	2
qrSW93EtuMc	2	1.1666666269302368	1.1666666269302368	0.4999999701976776	0.4999999701976776	0.6666666865348816	1.6666666269302368	0.9999999403953552	2	0	0	1	0	0.0	0	1	1
qszy_WSRFUM	7	0.4285714328289032	0.6666666865348816	0.7063046097755432	0.3333333432674408	-1.0	1.3333333730697632	2.3333334922790527	5	1	1	21	9	1.0000000000000002	9	9	14
qtI3CB1jslQ	1	0.3333333432674408	0.3333333432674408	0.0	0.0	0.3333333432674408	0.3333333432674408	0.0	1	0	0	0	0	0.0	0	0	0
qvIhzmujTi8	3	-0.2222222238779068	0.0	0.31426969170570374	0.0	-0.6666666865348816	0.0	0.6666666865348816	0	1	2	3	0	0.0	0	0	2
qyJiDgtj6YE	7	0.0476190447807312	0.0	0.48562091588974	0.3333333432674408	-0.6666666865348816	1.0	1.6666667461395264	2	2	3	21	6	0.9999999999999999	6	6	11
r1erb5PSm1A	7	0.714285671710968	0.6666666865348816	0.6023386120796204	0.3333333432674408	-0.3333333432674408	1.6666666269302368	2.0	6	1	0	21	7	0.9999999999999998	7	10	14
r4ul1wl_1T8	6	0.1666666716337204	0.1666666716337204	0.3191423714160919	0.1666666716337204	-0.3333333432674408	0.6666666865348816	1.0	3	1	2	15	1	1.0	1	1	5
r8OPmbZZlpE	3	0.8888888955116272	1.0	0.4157397150993347	0.3333333730697632	0.3333333432674408	1.3333333730697632	1.0	3	0	0	3	1	1.0	1	1	2
r917wP1qsL4	3	0.3333333432674408	0.3333333432674408	0.27216553688049316	0.3333333432674408	0.0	0.6666666865348816	0.6666666865348816	2	0	1	3	0	0.0	0	0	1
rApOTQgFW6Y	1	0.6666666865348816	0.6666666865348816	0.0	0.0	0.6666666865348816	0.6666666865348816	0.0	1	0	0	0	0	0.0	0	0	0
rB6WmWvvyxg	8	-0.2083333283662796	-0.3333333432674408	0.40611642599105835	0.3333333432674408	-0.6666666865348816	0.6666666865348816	1.3333333730697632	1	5	2	28	5	1.0	5	5	11
rBWeo_rEdcU	12	0.1666666716337204	0.1666666716337204	0.2545875608921051	0.1666666716337204	-0.3333333432674408	0.6666666865348816	1.0	6	1	5	66	1	1.0	1	1	11
rC7qKZMKa0U	1	0.3333333432674408	0.3333333432674408	0.0	0.0	0.3333333432674408	0.3333333432674408	0.0	1	0	0	0	0	0.0	0	0	0
rCQYq4T8SEI	5	-0.8666666150093079	-1.0	1.0456258058547974	0.6666666269302368	-2.0	1.0	3.0	1	4	0	10	6	0.9999999999999999	6	7	8
rEWQW_ibDwg	8	0.0833333358168602	0.1666666716337204	0.8936504125595093	0.8333333730697632	-1.0	1.6666666269302368	2.6666665077209473	4	3	1	28	18	1.0000000000000002	18	18	22
rFHIApgUtoI	6	0.2777777910232544	0.5	0.487498015165329	0.1666666865348816	-0.6666666865348816	0.6666666865348816	1.3333333730697632	4	1	1	15	4	1.0	4	4	8
rLHJ_ebXCHQ	8	0.25	0.0	0.6400954723358154	0.5	-0.6666666865348816	1.3333333730697632	2.0	3	2	3	28	12	1.0	12	12	19
rNXM3avNBKk	4	0.166666641831398	0.1666666567325592	1.2133517265319824	1.1666667461395264	-1.3333333730697632	1.6666666269302368	3.0	2	2	0	6	4	1.0	4	4	6
rVG8gOAY0JE	1	0.6666666865348816	0.6666666865348816	0.0	0.0	0.6666666865348816	0.6666666865348816	0.0	1	0	0	0	0	0.0	0	0	0
rWjPSlzUc-8	2	2.3333334922790527	2.3333334922790527	0.3333333730697632	0.3333333730697632	2.0	2.6666667461395264	0.6666667461395264	2	0	0	1	0	0.0	0	0	1
rZqWAnrJ1Nc	1	0.6666666865348816	0.6666666865348816	0.0	0.0	0.6666666865348816	0.6666666865348816	0.0	1	0	0	0	0	0.0	0	0	0
r_vjlTcrI-U	3	0.2222222089767456	-0.3333333432674408	0.7856742143630981	0.0	-0.3333333432674408	1.3333333730697632	1.6666667461395264	1	2	0	3	2	1.0	2	2	2
raQ9Pcgo-II	4	-0.25	0.0	0.6400954723358154	0.1666666716337204	-1.3333333730697632	0.3333333432674408	1.6666667461395264	1	1	2	6	3	1.0	3	3	3
rexJoy4RMdY	4	-0.25	0.0	0.4330126941204071	0.0	-1.0	0.0	1.0	0	1	3	6	3	1.0	3	3	3
rsQRiALH5FU	4	0.8333333730697632	0.6666666865348816	0.726483166217804	0.3333333432674408	0.0	2.0	2.0	3	0	1	6	3	1.0	3	3	5
rv1gp0wEhI0	1	0.6666666865348816	0.6666666865348816	0.0	0.0	0.6666666865348816	0.6666666865348816	0.0	1	0	0	0	0	0.0	0	0	0
rvQ2cRnroOU	11	0.1515151709318161	0.3333333432674408	0.4575657248497009	0.3333333432674408	-1.0	0.6666666865348816	1.6666667461395264	7	2	2	55	11	1.0000000000000002	11	11	21
rwe-hBNpzH8	3	-0.5555555820465088	-0.3333333432674408	0.566557765007019	0.3333333432674408	-1.3333333730697632	0.0	1.3333333730697632	0	2	1	3	2	1.0	2	2	2
rz4Ax6xfZHQ	9	0.8518518209457397	1.0	0.7874181270599365	0.6666666269302368	-0.6666666865348816	2.0	2.6666667461395264	8	1	0	36	20	1.0000000000000002	20	20	26
rzsk_IvI7bQ	1	0.3333333432674408	0.3333333432674408	0.0	0.0	0.3333333432674408	0.3333333432674408	0.0	1	0	0	0	0	0.0	0	0	0
s0PUurm1ONo	1	0.6666666865348816	0.6666666865348816	0.0	0.0	0.6666666865348816	0.6666666865348816	0.0	1	0	0	0	0	0.0	0	0	0
s1Yo_MCiMPc	8	-0.0416666679084301	0.0	0.11023964732885361	0.0	-0.3333333432674408	0.0	0.3333333432674408	0	1	7	28	0	0.0	0	0	0
s1tVE8g6JBc	2	-1.0	-1.0	1.0	1.0	-2.0	0.0	2.0	0	1	1	1	1	1.0	1	1	1
s2oX3zxWuEI	1	0.6666666865348816	0.6666666865348816	0.0	0.0	0.6666666865348816	0.6666666865348816	0.0	1	0	0	0	0	0.0	0	0	0
s53UAEi7JEY	3	0.1111111119389534	0.0	0.15713484585285187	0.0	0.0	0.3333333432674408	0.3333333432674408	1	0	2	3	0	0.0	0	0	0
sC1NvtirijU	22	0.9848483800888062	0.8333333134651184	0.6314746737480164	0.4166666269302368	-0.5	2.3333332538604736	2.8333332538604736	21	1	0	231	64	1.0	69	97	138
sFLTjqVS7AE	4	0.9166666269302368	1.1666667461395264	0.759202778339386	0.3333333134651184	-0.3333333432674408	1.6666666269302368	2.0	3	1	0	6	3	1.0	3	3	4
sFxUNO2HOKY	6	0.5000000596046448	0.5	0.9953595995903015	0.8333333730697632	-1.0	2.0	3.0	4	2	0	15	10	0.9999999999999999	10	10	14
sIGAq2J4KKI	3	1.4444442987442017	1.6666666269302368	0.8314793705940247	0.6666666269302368	0.3333333432674408	2.3333332538604736	1.9999998807907104	3	0	0	3	2	1.0	2	2	3
sK9_de5Jx4U	1	0.3333333432674408	0.3333333432674408	0.0	0.0	0.3333333432674408	0.3333333432674408	0.0	1	0	0	0	0	0.0	0	0	0
sKwPCpFtUUI	3	0.7777777314186096	0.3333333432674408	0.8748897910118103	0.3333333432674408	0.0	2.0	2.0	2	0	1	3	2	1.0	2	2	2
sLaTZtL0ZIk	2	0.1666666716337204	0.1666666716337204	0.1666666716337204	0.1666666716337204	0.0	0.3333333432674408	0.3333333432674408	1	0	1	1	0	0.0	0	0	0
sMnbpyFqrlE	10	0.03333332762122154	-0.3333333432674408	0.887568473815918	0.3333333432674408	-1.0	2.3333332538604736	3.3333332538604736	3	6	1	45	18	1.0000000000000002	18	18	28
sPxoGNvnVzg	5	1.4000000953674316	1.3333333730697632	0.6798692941665649	0.3333333730697632	0.6666666865348816	2.6666667461395264	2.0	5	0	0	10	4	1.0	4	4	6
sRMdbZVjhis	2	-0.3333333134651184	-0.3333333134651184	2.0	2.0	-2.3333332538604736	1.6666666269302368	4.0	1	1	0	1	1	1.0	1	1	1
sRex0-9yFFc	3	0.0	0.0	0.0	0.0	0.0	0.0	0.0	0	0	3	3	0	0.0	0	0	0
sU40irMa-so	2	0.1666666716337204	0.1666666716337204	0.1666666716337204	0.1666666716337204	0.0	0.3333333432674408	0.3333333432674408	1	0	1	1	0	0.0	0	0	0
sWsDAG6x9n0	3	2.3333332538604736	2.3333332538604736	0.27216556668281555	0.33333325386047363	2.0	2.6666667461395264	0.6666667461395264	3	0	0	3	0	0.0	0	0	1
sjoArVtU8-o	9	1.2962963581085205	1.3333333730697632	0.5078262090682983	0.3333333730697632	0.6666666865348816	2.3333332538604736	1.6666665077209473	9	0	0	36	4	1.0	4	10	20
skp_SpnIOCM	3	0.8888888955116272	0.6666666865348816	0.31426969170570374	0.0	0.6666666865348816	1.3333333730697632	0.6666666865348816	3	0	0	3	0	0.0	0	0	2
slLRsFFiiRc	4	0.0833333358168602	0.0	0.14433757960796356	0.0	0.0	0.3333333432674408	0.3333333432674408	1	0	3	6	0	0.0	0	0	0
sn1fEo72gJM	5	0.3333333432674408	0.3333333432674408	0.21081852912902832	0.0	0.0	0.6666666865348816	0.6666666865348816	4	0	1	10	0	0.0	0	0	1
snVkfJKvjwk	3	-0.8888888359069824	-0.6666666865348816	0.5665577054023743	0.3333333432674408	-1.6666666269302368	-0.3333333432674408	1.3333332538604736	0	3	0	3	1	1.0	1	2	2
soqnBdPOwoo	8	0.5416666865348816	0.3333333432674408	0.5758448243141174	0.3333333432674408	0.0	1.3333333730697632	1.3333333730697632	4	0	4	28	12	1.0	12	12	18
sqADHmnM164	1	0.0	0.0	0.0	0.0	0.0	0.0	0.0	0	0	1	0	0	0.0	0	0	0
srbrWyZRMCI	12	1.0277777910232544	1.0	0.4185144007205963	0.3333333134651184	0.3333333432674408	2.0	1.6666666269302368	12	0	0	66	11	1.0000000000000002	11	11	27
ssH8WQF4eN0	2	0.1666666716337204	0.1666666716337204	0.1666666716337204	0.1666666716337204	0.0	0.3333333432674408	0.3333333432674408	1	0	1	1	0	0.0	0	0	0
sw-smuVRByI	8	-0.1666666716337204	0.0	0.5773503184318542	0.3333333432674408	-1.3333333730697632	0.6666666865348816	2.0	2	3	3	28	9	1.0000000000000002	9	9	17
t-wXEPHHtME	3	0.2222222238779068	0.3333333432674408	0.15713484585285187	0.0	0.0	0.3333333432674408	0.3333333432674408	2	0	1	3	0	0.0	0	0	0
t0Wi5Nb6kbI	4	-0.25	0.0	0.6400954723358154	0.1666666716337204	-1.3333333730697632	0.3333333432674408	1.6666667461395264	1	1	2	6	3	1.0	3	3	3
t2U7w3K2qac	2	1.0	1.0	0.3333333432674408	0.3333333432674408	0.6666666865348816	1.3333333730697632	0.6666666865348816	2	0	0	1	0	0.0	0	0	1
t4-ZulW5np4	5	1.0	1.0	0.9189366102218628	0.6666666269302368	-0.6666666865348816	2.0	2.6666667461395264	4	1	0	10	6	0.9999999999999999	6	6	8
t7a3zECpT4k	4	-0.4166666865348816	-0.5	0.4930066466331482	0.3333333432674408	-1.0	0.3333333432674408	1.3333333730697632	1	3	0	6	2	1.0	2	2	4
t80DGfWJ3fI	1	0.3333333432674408	0.3333333432674408	0.0	0.0	0.3333333432674408	0.3333333432674408	0.0	1	0	0	0	0	0.0	0	0	0
tL8RzwWSmAE	4	0.1666666716337204	0.1666666716337204	0.6871842741966248	0.6666666269302368	-0.6666666865348816	1.0	1.6666667461395264	2	2	0	6	4	1.0	4	4	4
tQk-eoA7JyE	2	0.3333333432674408	0.3333333432674408	0.0	0.0	0.3333333432674408	0.3333333432674408	0.0	2	0	0	1	0	0.0	0	0	0
tRSPfPlNbMU	4	0.08333335071802139	0.3333333432674408	0.6400954723358154	0.1666666716337204	-1.0	0.6666666865348816	1.6666667461395264	3	1	0	6	3	1.0	3	3	3
tUTf9R5u6r0	1	1.6666666269302368	1.6666666269302368	0.0	0.0	1.6666666269302368	1.6666666269302368	0.0	1	0	0	0	0	0.0	0	0	0
tXQQ0joMq1Q	1	0.0	0.0	0.0	0.0	0.0	0.0	0.0	0	0	1	0	0	0.0	0	0	0
tXxXhGD1aMo	5	1.466666579246521	1.6666666269302368	0.5811865329742432	0.6666666269302368	0.6666666865348816	2.3333332538604736	1.6666665077209473	5	0	0	10	2	1.0	2	4	8
tXxf6-CilNI	9	-0.07407407462596893	0.0	0.2618913948535919	0.0	-0.6666666865348816	0.3333333432674408	1.0	1	2	6	36	1	1.0	1	1	8
ta26Z2YEVMQ	4	-0.4166666269302368	-0.3333333432674408	1.3202482461929321	1.0	-2.3333332538604736	1.3333333730697632	3.6666665077209473	1	2	1	6	5	1.0	5	5	6
taCchyi5h68	1	0.3333333432674408	0.3333333432674408	0.0	0.0	0.3333333432674408	0.3333333432674408	0.0	1	0	0	0	0	0.0	0	0	0
taGs3-SMoYM	6	1.0555555820465088	1.0	0.22906142473220825	0.1666666567325592	0.6666666865348816	1.3333333730697632	0.6666666865348816	6	0	0	15	0	0.0	0	0	2
tdIZZ9v0IGA	6	0.2222222238779068	0.1666666716337204	0.49690401554107666	0.5	-0.3333333432674408	1.0	1.3333333730697632	3	2	1	15	5	1.0	5	5	9
tgrxA3CiBv0	10	0.699999988079071	0.6666666865348816	0.7520341873168945	0.3333333134651184	-0.6666666865348816	2.3333332538604736	3.0	8	1	1	45	18	1.0000000000000002	18	19	29
tnhRxo-g3Xw	1	-0.3333333432674408	-0.3333333432674408	0.0	0.0	-0.3333333432674408	-0.3333333432674408	0.0	0	1	0	0	0	0.0	0	0	0
trQLgl6ncmk	5	-0.13333332538604736	0.0	0.6182412505149841	0.3333333432674408	-1.3333333730697632	0.3333333432674408	1.6666667461395264	2	1	2	10	4	1.0	4	4	4
tv8IhQZQuJI	11	0.3030302822589874	0.3333333432674408	1.039177417755127	0.6666666269302368	-1.6666666269302368	2.0	3.6666665077209473	6	2	3	55	35	1.0000000000000002	35	35	42
tvE_DucE0_k	5	0.6666666865348816	1.0	0.7601169943809509	0.3333333730697632	-0.6666666865348816	1.3333333730697632	2.0	4	1	0	10	6	0.9999999999999999	6	6	7
tw2xFbfgV4U	11	0.27272728085517883	0.3333333432674408	0.6789502501487732	0.3333333432674408	-1.3333333730697632	1.3333333730697632	2.6666667461395264	8	3	0	55	23	0.9999999999999996	23	23	33
txjqbr6FoZs	8	0.7916667461395264	0.8333333730697632	0.5253966450691223	0.5	0.0	1.6666666269302368	1.6666666269302368	7	0	1	28	8	1.0	8	9	17
u6H0sVuY1ac	2	0.6666666865348816	0.6666666865348816	0.3333333134651184	0.3333333134651184	0.3333333432674408	1.0	0.6666666269302368	2	0	0	1	0	0.0	0	0	1
u8ViR4L2cVk	3	0.2222222238779068	0.6666666865348816	0.8748897910118103	0.3333333134651184	-1.0	1.0	2.0	2	1	0	3	2	1.0	2	2	2
u94VPxEIJPg	8	-0.4583333432674408	-0.5	0.33071890473365784	0.1666666865348816	-1.0	0.0	1.0	0	6	2	28	2	1.0	2	2	10
uAExKaLeOl8	8	0.4166666865348816	0.5	0.363241583108902	0.3333333432674408	0.0	1.0	1.0	5	0	3	28	3	1.0	3	3	13
uBgRo9tnv-I	8	0.0416666716337204	0.0	0.5384520292282104	0.3333333432674408	-1.0	1.0	2.0	3	2	3	28	10	0.9999999999999999	10	10	15
uITHY4LORDs	3	-0.4444444477558136	-0.6666666865348816	0.31426969170570374	0.0	-0.6666666865348816	0.0	0.6666666865348816	0	2	1	3	0	0.0	0	0	2
uN0d3ZOkDp8	4	1.6666666269302368	1.6666667461395264	0.527046263217926	0.4999999403953552	1.0	2.3333332538604736	1.3333332538604736	4	0	0	6	2	1.0	2	3	4
uQds2dN1AiM	1	1.0	1.0	0.0	0.0	1.0	1.0	0.0	1	0	0	0	0	0.0	0	0	0
uTWeng4h5eM	5	0.20000000298023224	0.3333333432674408	0.1632993221282959	0.0	0.0	0.3333333432674408	0.3333333432674408	3	0	2	10	0	0.0	0	0	0
uU_3tbZ1zG8	12	0.8333333134651184	1.0	1.0758287906646729	0.5	-1.3333333730697632	2.0	3.3333334922790527	10	2	0	66	30	0.9999999999999999	30	36	45
uWW1ejwFURI	1	0.0	0.0	0.0	0.0	0.0	0.0	0.0	0	0	1	0	0	0.0	0	0	0
uXYAfpQUYVE	10	0.2666666507720947	0.3333333432674408	0.9637887477874756	0.5	-1.6666666269302368	1.6666666269302368	3.3333332538604736	6	3	1	45	24	0.9999999999999996	24	29	34
uYzZB4ccG1Q	30	0.7111110091209412	0.6666666865348816	0.7828406095504761	0.6666666865348816	-1.3333333730697632	2.3333332538604736	3.6666665077209473	22	3	5	435	64	1.0	173	207	292
ueCWy7aTmyo	20	0.29999998211860657	0.3333333432674408	0.5953523516654968	0.3333333432674408	-1.3333333730697632	1.6666666269302368	3.0	12	2	6	190	39	1.0000000000000004	39	47	102
uea5xJZygsc	2	1.1666666269302368	1.1666666269302368	0.4999999701976776	0.4999999701976776	0.6666666865348816	1.6666666269302368	0.9999999403953552	2	0	0	1	0	0.0	0	1	1
uxHBEfIhY-E	7	-8.514949634275126e-09	0.0	0.4364357888698578	0.3333333432674408	-0.3333333432674408	1.0	1.3333333730697632	1	3	3	21	6	0.9999999999999999	6	6	6
uy9MGhVqCp8	7	0.6190475821495056	0.6666666865348816	0.6023386120796204	0.6666666865348816	-0.3333333432674408	1.3333333730697632	1.6666667461395264	5	1	1	21	9	1.0000000000000002	9	9	14
uyOrVTq8Tjk	5	1.133333444595337	1.0	0.8055363893508911	0.3333333134651184	0.3333333432674408	2.6666667461395264	2.3333334922790527	5	0	0	10	4	1.0	4	4	6
uyeQsv2tq44	1	0.6666666865348816	0.6666666865348816	0.0	0.0	0.6666666865348816	0.6666666865348816	0.0	1	0	0	0	0	0.0	0	0	0
v0a8N7Y-Vfc	3	1.0000001192092896	1.0	0.27216553688049316	0.3333333134651184	0.6666666865348816	1.3333333730697632	0.6666666865348816	3	0	0	3	0	0.0	0	0	1
v1GKBjohgHc	5	-0.06666674464941025	-1.3333333730697632	1.8427034616470337	0.6666666269302368	-2.0	2.3333332538604736	4.3333330154418945	2	3	0	10	6	0.9999999999999999	6	6	8
v2DFe9X-jCY	9	0.8148148059844971	1.0	0.6499974131584167	0.3333333730697632	-0.3333333432674408	1.6666666269302368	2.0	7	1	1	36	15	0.9999999999999999	15	16	23
v3l56fl6aJM	3	0.3333333432674408	0.0	0.7200822830200195	0.3333333432674408	-0.3333333432674408	1.3333333730697632	1.6666667461395264	1	1	1	3	2	1.0	2	2	2
v45zoIrjoTo	2	0.1666666716337204	0.1666666716337204	0.1666666716337204	0.1666666716337204	0.0	0.3333333432674408	0.3333333432674408	1	0	1	1	0	0.0	0	0	0
v5AAvrZuR2U	5	0.20000000298023224	0.0	0.2666666805744171	0.0	0.0	0.6666666865348816	0.6666666865348816	2	0	3	10	0	0.0	0	0	3
v73dbqOUoXQ	2	0.8333333730697632	0.8333333730697632	0.5	0.5	0.3333333432674408	1.3333333730697632	1.0	2	0	0	1	1	1.0	1	1	1
v9GshyXtiWg	9	0.7037037014961243	0.6666666865348816	0.5543196201324463	0.3333333432674408	-0.3333333432674408	1.6666666269302368	2.0	8	1	0	36	10	0.9999999999999999	10	13	21
vA68fTqDars	2	0.0	0.0	0.0	0.0	0.0	0.0	0.0	0	0	2	1	0	0.0	0	0	0
vCWpKubBbcw	2	0.6666666865348816	0.6666666865348816	0.0	0.0	0.6666666865348816	0.6666666865348816	0.0	2	0	0	1	0	0.0	0	0	0
vM3YB7LmMq4	49	0.7959184646606445	0.6666666865348816	0.6522812843322754	0.3333333432674408	0.0	2.3333332538604736	2.3333332538604736	41	0	8	1176	64	1.0	406	425	668
vM7m581tHn0	9	0.0	0.0	0.3513641953468323	0.0	-0.6666666865348816	0.6666666865348816	1.3333333730697632	2	2	5	36	3	1.0	3	3	14
vM9AH4EqCaA	3	0.6666666865348816	0.6666666865348816	0.2721655070781708	0.3333333134651184	0.3333333432674408	1.0	0.6666666269302368	3	0	0	3	0	0.0	0	0	1
vNID-RVhWcQ	3	1.0	1.0	1.3608276844024658	1.6666667461395264	-0.6666666865348816	2.6666667461395264	3.3333334922790527	2	1	0	3	3	1.0	3	3	3
vRhj2bLo1ho	8	-0.04166668653488159	0.0	0.6548431515693665	0.3333333432674408	-1.3333333730697632	1.0	2.3333334922790527	2	3	3	28	14	0.9999999999999997	14	14	17
vRydHjRzDX0	6	0.3888889253139496	0.3333333432674408	0.3557291328907013	0.3333333432674408	0.0	1.0	1.0	4	0	2	15	2	1.0	2	2	6
vXABB4tBBUU	6	0.5	0.3333333432674408	0.6009252071380615	0.3333333432674408	0.0	1.6666666269302368	1.6666666269302368	3	0	3	15	3	1.0	3	5	11
vYOr36tdcpc	3	0.6666666865348816	0.6666666865348816	0.5443310737609863	0.6666666865348816	0.0	1.3333333730697632	1.3333333730697632	2	0	1	3	1	1.0	1	1	3
vbVLgaP5IYU	3	-0.3333333432674408	0.0	0.7200822830200195	0.3333333432674408	-1.3333333730697632	0.3333333432674408	1.6666667461395264	1	1	1	3	2	1.0	2	2	2
veHYwR7ge6Y	1	2.3333332538604736	2.3333332538604736	0.0	0.0	2.3333332538604736	2.3333332538604736	0.0	1	0	0	0	0	0.0	0	0	0
vlnKSMw5v1o	6	0.3333333432674408	0.3333333432674408	0.922958254814148	0.6666666865348816	-1.3333333730697632	1.3333333730697632	2.6666667461395264	3	1	2	15	9	1.0000000000000002	9	9	13
vop7tN_K64I	6	0.1666666716337204	0.0	0.3726780116558075	0.1666666716337204	-0.3333333432674408	0.6666666865348816	1.0	2	1	3	15	2	1.0	2	2	8
vqBRkjHWjXM	1	0.0	0.0	0.0	0.0	0.0	0.0	0.0	0	0	1	0	0	0.0	0	0	0
vrgwwihTxVQ	2	0.0	0.0	0.0	0.0	0.0	0.0	0.0	0	0	2	1	0	0.0	0	0	0
vttEPA6Xffk	5	0.13333334028720856	0.0	0.6863753795623779	0.3333333432674408	-0.6666666865348816	1.3333333730697632	2.0	2	2	1	10	5	1.0	5	5	7
vwUBtNvjrU4	14	0.1190476268529892	0.0	0.44734033942222595	0.0	-1.0	1.0	2.0	4	1	9	91	22	0.9999999999999997	22	22	41
vx8j_4DMqh4	2	0.1666666716337204	0.1666666716337204	0.1666666716337204	0.1666666716337204	0.0	0.3333333432674408	0.3333333432674408	1	0	1	1	0	0.0	0	0	0
w-PFjo89Dpw	9	0.1111111119389534	0.0	0.27216553688049316	0.0	-0.3333333432674408	0.6666666865348816	1.0	3	1	5	36	1	1.0	1	1	8
w1MxXu5D7ho	3	0.6666666865348816	1.3333333730697632	1.440164566040039	0.6666666269302368	-1.3333333730697632	2.0	3.3333334922790527	2	1	0	3	2	1.0	2	2	3
w44JDB1NmqM	4	0.3333333432674408	0.3333333432674408	0.527046263217926	0.5	-0.3333333432674408	1.0	1.3333333730697632	2	1	1	6	3	1.0	3	3	4
w4xIyGs-3wc	2	-1.3333332538604736	-1.3333332538604736	0.3333333134651184	0.3333333134651184	-1.6666666269302368	-1.0	0.6666666269302368	0	2	0	1	0	0.0	0	0	1
w8TXP0iz29A	4	-0.1666666716337204	-0.1666666716337204	0.1666666716337204	0.1666666716337204	-0.3333333432674408	0.0	0.3333333432674408	0	2	2	6	0	0.0	0	0	0
wCbQxI_-GKU	1	0.6666666865348816	0.6666666865348816	0.0	0.0	0.6666666865348816	0.6666666865348816	0.0	1	0	0	0	0	0.0	0	0	0
wCtZdAdoIm8	2	0.1666666716337204	0.1666666716337204	0.1666666716337204	0.1666666716337204	0.0	0.3333333432674408	0.3333333432674408	1	0	1	1	0	0.0	0	0	0
wEs7pJH2mqQ	5	-0.4000000059604645	-0.3333333432674408	0.9752492904663086	1.0	-1.3333333730697632	1.3333333730697632	2.6666667461395264	1	4	0	10	8	1.0	8	8	8
wHQYmMZzyJY	11	0.8787879347801208	1.0	0.5369710326194763	0.3333333134651184	0.0	2.0	2.0	9	0	2	55	21	1.0000000000000004	21	21	28
wI7DDCRh4Nw	7	0.4285714328289032	0.6666666865348816	0.7911069989204407	0.3333333432674408	-0.6666666865348816	1.6666666269302368	2.3333332538604736	5	2	0	21	11	1.0000000000000002	11	13	15
wLJohZMqR-g	2	0.0	0.0	0.0	0.0	0.0	0.0	0.0	0	0	2	1	0	0.0	0	0	0
wLj_gnNON7A	21	-0.8095238208770752	-0.6666666865348816	0.8201912045478821	0.6666666865348816	-2.6666667461395264	0.3333333432674408	3.0	2	15	4	210	64	1.0	106	109	142
wLrgvSYLPUI	5	1.399999976158142	1.6666666269302368	0.7717224359512329	0.6666666269302368	0.3333333432674408	2.3333332538604736	1.9999998807907104	5	0	0	10	5	1.0	5	6	7
wMggOhhVouA	2	0.0	0.0	0.0	0.0	0.0	0.0	0.0	0	0	2	1	0	0.0	0	0	0
wNx1ZnQ0MDQ	5	0.6666666865348816	0.3333333432674408	0.5577734112739563	0.3333333432674408	0.0	1.3333333730697632	1.3333333730697632	4	0	1	10	6	0.9999999999999999	6	6	6
wOKWTFYYMuk	4	0.5833333730697632	0.6666666865348816	0.4330126941204071	0.3333333134651184	0.0	1.0	1.0	3	0	1	6	2	1.0	2	2	4
wOjnqud5GBA	7	0.2857142984867096	0.0	0.3749527633190155	0.0	0.0	1.0	1.0	3	0	4	21	4	1.0	4	4	9
wQkNqbrAlB4	1	0.0	0.0	0.0	0.0	0.0	0.0	0.0	0	0	1	0	0	0.0	0	0	0
wR3zalLV_6c	15	0.13333334028720856	-0.3333333432674408	0.8589399456977844	0.6666666269302368	-1.0	1.3333333730697632	2.3333334922790527	6	8	1	105	56	1.000000000000001	56	56	75
wRKVNiABc0w	17	0.039215683937072754	0.0	0.7573806643486023	0.6666666865348816	-1.0	1.6666666269302368	2.6666665077209473	6	7	4	136	62	0.9999999999999992	62	63	91
wUf6AvCMHbQ	1	1.0	1.0	0.0	0.0	1.0	1.0	0.0	1	0	0	0	0	0.0	0	0	0
wVdoIjg3ZFQ	6	0.2222222536802292	0.5	0.9362388849258423	0.3333333432674408	-1.6666666269302368	1.3333333730697632	3.0	4	1	1	15	7	0.9999999999999998	7	7	11
wXuBJvzeC1Q	4	0.4166666865348816	0.3333333432674408	0.4330126941204071	0.3333333432674408	0.0	1.0	1.0	2	0	2	6	2	1.0	2	2	4
wY8JbFOsp5E	2	0.5	0.5	0.5	0.5	0.0	1.0	1.0	1	0	1	1	1	1.0	1	1	1
w_qYZSVx2dM	7	0.761904776096344	0.6666666865348816	0.635317325592041	0.3333333432674408	0.0	2.0	2.0	6	0	1	21	8	1.0	8	8	13
wb7CfuiIZFQ	1	1.3333333730697632	1.3333333730697632	0.0	0.0	1.3333333730697632	1.3333333730697632	0.0	1	0	0	0	0	0.0	0	0	0
wd-LTpCtAzw	9	1.0370370149612427	1.3333333730697632	0.9742922782897949	0.6666666269302368	-0.6666666865348816	2.3333332538604736	3.0	6	1	2	36	20	1.0000000000000002	20	21	28
wdU-0bttAkc	2	0.1666666716337204	0.1666666716337204	0.5	0.5	-0.3333333432674408	0.6666666865348816	1.0	1	1	0	1	1	1.0	1	1	1
werKCgZ5dFE	5	-0.13333334028720856	-0.3333333432674408	0.8589399456977844	1.0	-1.3333333730697632	1.0	2.3333334922790527	2	3	0	10	7	0.9999999999999998	7	7	8
wfLrS6CdFs4	2	0.6666666865348816	0.6666666865348816	0.3333333134651184	0.3333333134651184	0.3333333432674408	1.0	0.6666666269302368	2	0	0	1	0	0.0	0	0	1
wgCSuviySwg	2	1.3333332538604736	1.3333332538604736	0.3333333134651184	0.3333333134651184	1.0	1.6666666269302368	0.6666666269302368	2	0	0	1	0	0.0	0	0	1
wj3ur4fsiN4	26	0.2948717772960663	0.0	0.4559851288795471	0.0	-0.3333333432674408	1.6666666269302368	2.0	11	1	14	325	64	1.0	67	70	131
wj4snKbUWZA	4	-1.0833333730697632	-1.1666667461395264	1.1873172521591187	0.8333333730697632	-2.6666667461395264	0.6666666865348816	3.3333334922790527	1	3	0	6	5	1.0	5	5	5
wlrb0HyIs-Q	3	0.1111111119389534	0.3333333432674408	0.31426969170570374	0.0	-0.3333333432674408	0.3333333432674408	0.6666666865348816	2	1	0	3	0	0.0	0	0	2
wrQVnClcNPM	17	0.6862744688987732	0.3333333432674408	0.7709648013114929	0.3333333432674408	-0.3333333432674408	2.3333332538604736	2.6666665077209473	11	1	5	136	59	0.9999999999999989	59	63	87
wtCKzu8eVJ0	1	0.3333333432674408	0.3333333432674408	0.0	0.0	0.3333333432674408	0.3333333432674408	0.0	1	0	0	0	0	0.0	0	0	0
wvMA0r3esw8	5	-0.5333333015441895	-0.3333333432674408	0.7774602770805359	0.6666666269302368	-1.6666666269302368	0.6666666865348816	2.3333332538604736	1	4	0	10	6	0.9999999999999999	6	6	9
wxxqXK9x-64	5	0.13333334028720856	0.0	0.33993464708328247	0.3333333432674408	-0.3333333432674408	0.6666666865348816	1.0	2	1	2	10	1	1.0	1	1	4
wz3nVBPVgIA	10	1.5333333015441895	1.3333332538604736	0.8969082832336426	0.8333333134651184	0.3333333432674408	3.0	2.6666667461395264	10	0	0	45	25	1.0000000000000002	25	25	37
x5xF4yu9Bos	10	0.4333333373069763	0.5	0.5783117413520813	0.5	-0.3333333432674408	1.3333333730697632	1.6666667461395264	6	2	2	45	16	1.0	16	16	30
x7ZR70cTa84	2	1.5	1.5	0.16666662693023682	0.16666662693023682	1.3333333730697632	1.6666666269302368	0.33333325386047363	2	0	0	1	0	0.0	0	0	0
x92920ole0w	4	0.25	0.1666666716337204	0.2763853967189789	0.1666666716337204	0.0	0.6666666865348816	0.6666666865348816	2	0	2	6	0	0.0	0	0	2
x9E8yaFCX0Y	9	0.37037035822868347	0.3333333432674408	0.6562979817390442	0.3333333432674408	-1.3333333730697632	1.0	2.3333334922790527	8	1	0	36	8	1.0	8	8	16
xAApNMTj3as	1	-0.3333333432674408	-0.3333333432674408	0.0	0.0	-0.3333333432674408	-0.3333333432674408	0.0	0	1	0	0	0	0.0	0	0	0
xBsrNFxnnuY	7	0.5238094925880432	0.0	0.6388765573501587	0.0	0.0	1.6666666269302368	1.6666666269302368	3	0	4	21	12	1.0	12	12	14
xNYsfeSgDCQ	4	1.25	1.3333333730697632	0.14433757960796356	0.0	1.0	1.3333333730697632	0.3333333730697632	4	0	0	6	0	0.0	0	0	0
xP81rX2ATLI	9	-0.07407408207654953	0.0	0.3777051270008087	0.3333333432674408	-0.6666666865348816	0.6666666865348816	1.3333333730697632	2	4	3	36	5	1.0	5	5	14
xPN38lYBQv4	2	1.1666666269302368	1.1666666269302368	0.8333333134651184	0.8333333134651184	0.3333333432674408	2.0	1.6666666269302368	2	0	0	1	1	1.0	1	1	1
xPhlDO-2Foc	6	0.1666666567325592	0.0	0.6309898495674133	0.5	-0.6666666865348816	1.0	1.6666667461395264	2	2	2	15	8	1.0	8	8	10
xRJXYUZVdas	5	1.2666666507720947	1.3333333730697632	0.7717224359512329	0.3333333730697632	0.0	2.3333332538604736	2.3333332538604736	4	0	1	10	5	1.0	5	6	8
xTBBDx3DkXQ	7	1.047619104385376	1.0	0.6023386120796204	0.6666666269302368	0.3333333432674408	2.0	1.6666666269302368	7	0	0	21	8	1.0	8	9	14
xUz5cCA-oTo	12	-0.3888889253139496	-0.1666666716337204	0.44790321588516235	0.1666666716337204	-1.3333333730697632	0.0	1.3333333730697632	0	6	6	66	13	0.9999999999999998	13	13	35
xXGEkDhu94E	5	0.3333333134651184	1.0	0.8164965510368347	0.0	-0.6666666865348816	1.0	1.6666667461395264	3	2	0	10	6	0.9999999999999999	6	6	6
xXIq7YPkdUQ	3	0.7777777314186096	0.3333333432674408	0.6285393238067627	0.0	0.3333333432674408	1.6666666269302368	1.3333332538604736	3	0	0	3	2	1.0	2	2	2
xYtNgq9eTlg	8	0.2083333432674408	0.1666666716337204	0.23199018836021423	0.1666666716337204	0.0	0.6666666865348816	0.6666666865348816	4	0	4	28	0	0.0	0	0	4
xZ1FrxU6hcg	6	0.5	0.3333333432674408	0.3726780116558075	0.1666666716337204	0.0	1.0	1.0	5	0	1	15	2	1.0	2	2	8
xaSf1d13WoY	10	0.36666667461395264	0.3333333432674408	0.5259911417961121	0.3333333432674408	-0.6666666865348816	1.0	1.6666667461395264	6	1	3	45	15	0.9999999999999999	15	15	27
xbl7bU5PGBs	3	1.3333333730697632	1.0	0.7200822234153748	0.3333333134651184	0.6666666865348816	2.3333332538604736	1.6666665077209473	3	0	0	3	2	1.0	2	2	2
xfP0bm6Z-7E	6	0.1666666716337204	0.0	0.2545875310897827	0.0	0.0	0.6666666865348816	0.6666666865348816	2	0	4	15	0	0.0	0	0	4
xfeASyC6PPg	4	0.6666666865348816	0.6666666865348816	0.527046263217926	0.5	0.0	1.3333333730697632	1.3333333730697632	3	0	1	6	3	1.0	3	3	4
xgAwddSkrOo	5	-0.06666667014360428	0.0	0.13333334028720856	0.0	-0.3333333432674408	0.0	0.3333333432674408	0	1	4	10	0	0.0	0	0	0
xge9aYTxxOA	4	-1.0833333730697632	-1.3333333730697632	0.6400954723358154	0.16666662693023682	-1.6666666269302368	0.0	1.6666666269302368	0	3	1	6	3	1.0	3	3	3
xiRUWSUrGSg	2	-0.1666666716337204	-0.1666666716337204	0.5	0.5	-0.6666666865348816	0.3333333432674408	1.0	1	1	0	1	1	1.0	1	1	1
xk4C4p5vHDk	10	1.3333333730697632	1.3333333730697632	0.8164965510368347	0.5	0.0	3.0	3.0	9	0	1	45	25	1.0000000000000002	25	25	33
xlNDpmKgSIc	1	0.0	0.0	0.0	0.0	0.0	0.0	0.0	0	0	1	0	0	0.0	0	0	0
xn9_4n4NpEw	11	0.27272728085517883	0.3333333432674408	0.216406911611557	0.1666666716337204	0.0	0.6666666865348816	0.6666666865348816	8	0	3	55	0	0.0	0	0	11
xnNZyfhusAk	4	0.0833333432674408	0.3333333432674408	0.8620067238807678	0.3333333134651184	-1.3333333730697632	1.0	2.3333334922790527	3	1	0	6	3	1.0	3	3	5
xomMHflvVDw	25	0.11999999731779099	0.0	0.2472964972257614	0.0	0.0	1.0	1.0	6	0	19	300	19	0.9999999999999996	19	19	42
xqcqieV0Rn8	5	0.7333333492279053	0.6666666865348816	0.5734883546829224	0.3333333432674408	0.0	1.6666666269302368	1.6666666269302368	4	0	1	10	3	1.0	3	4	7
xsiHAO0gq74	1	1.0	1.0	0.0	0.0	1.0	1.0	0.0	1	0	0	0	0	0.0	0	0	0
xu53lk4dhSc	9	0.40740740299224854	0.3333333432674408	0.7662281394004822	0.3333333432674408	-1.0	1.6666666269302368	2.6666665077209473	5	1	3	36	21	1.0000000000000004	21	21	24
xvnFF0FiyS4	10	0.03333333134651184	0.0	0.6403124332427979	0.5	-1.0	1.0	2.0	3	4	3	45	21	1.0000000000000004	21	21	29
xw-Blnej8EA	1	1.0	1.0	0.0	0.0	1.0	1.0	0.0	1	0	0	0	0	0.0	0	0	0
xwNQ7QuXaps	6	0.7222222685813904	0.8333333730697632	0.6781420111656189	0.3333333432674408	-0.6666666865348816	1.3333333730697632	2.0	5	1	0	15	5	1.0	5	5	9
xyOa9ivNrg4	2	0.5	0.5	0.5	0.5	0.0	1.0	1.0	1	0	1	1	1	1.0	1	1	1
y-nEcwAyQos	4	0.6666667461395264	0.8333333730697632	0.6236096024513245	0.3333333432674408	-0.3333333432674408	1.3333333730697632	1.6666667461395264	3	1	0	6	3	1.0	3	3	4
y1gL_MuokI8	2	-0.3333333432674408	-0.3333333432674408	0.0	0.0	-0.3333333432674408	-0.3333333432674408	0.0	0	2	0	1	0	0.0	0	0	0
y5JdqGL5DRc	2	1.1666666269302368	1.1666666269302368	0.4999999701976776	0.4999999701976776	0.6666666865348816	1.6666666269302368	0.9999999403953552	2	0	0	1	0	0.0	0	1	1
yALhl-lMBxk	2	1.6666666269302368	1.6666666269302368	0.0	0.0	1.6666666269302368	1.6666666269302368	0.0	2	0	0	1	0	0.0	0	0	0
yBGuxyO-ElM	4	0.8333333134651184	1.0	0.28867512941360474	0.0	0.3333333432674408	1.0	0.6666666269302368	4	0	0	6	0	0.0	0	0	3
yDIFWzOBjXc	23	0.6376811861991882	0.6666666865348816	0.5639152526855469	0.3333333432674408	-0.3333333432674408	2.0	2.3333332538604736	18	1	4	253	64	1.0	70	76	137
yEtfjJOMMCs	23	0.14492753148078918	0.0	0.37848010659217834	0.3333333432674408	-1.0	0.6666666865348816	1.6666667461395264	11	3	9	253	28	0.9999999999999997	28	28	80
yG3wpvLUQcg	3	0.6666666865348816	0.3333333432674408	0.7200822830200195	0.3333333432674408	0.0	1.6666666269302368	1.6666666269302368	2	0	1	3	2	1.0	2	2	2
yHtR71rx16I	7	0.1904762089252472	0.0	1.005652904510498	0.3333333432674408	-1.6666666269302368	2.0	3.6666665077209473	3	1	3	21	11	1.0000000000000002	11	11	14
yKdIZR5xfcc	13	0.7179487943649292	1.0	0.7261437177658081	0.6666666269302368	-0.6666666865348816	2.0	2.6666667461395264	9	1	3	78	38	0.9999999999999992	38	39	55
yNiJGh7JpLM	3	0.2222222238779068	0.0	0.31426969170570374	0.0	0.0	0.6666666865348816	0.6666666865348816	1	0	2	3	0	0.0	0	0	2
yOQHOiswVjc	12	0.5277777314186096	0.3333333432674408	0.7632573843002319	0.3333333432674408	-0.3333333432674408	2.0	2.3333332538604736	7	2	3	66	29	0.9999999999999996	29	29	41
ySfHPyaDbqY	4	0.4166666865348816	0.5	0.2763853967189789	0.1666666865348816	0.0	0.6666666865348816	0.6666666865348816	3	0	1	6	0	0.0	0	0	2
yZWH2P-h0jo	3	1.8888888359069824	1.6666666269302368	0.31426963210105896	0.0	1.6666666269302368	2.3333332538604736	0.6666666269302368	3	0	0	3	0	0.0	0	0	2
ygb8Cfxghbs	12	0.6388888955116272	0.6666666865348816	0.5174426436424255	0.3333333432674408	0.0	1.6666666269302368	1.6666666269302368	9	0	3	66	16	1.0	16	19	37
ymPQOY2O_nw	4	0.0	0.0	0.0	0.0	0.0	0.0	0.0	0	0	4	6	0	0.0	0	0	0
yp6Gd2NPwOU	8	1.2916667461395264	1.3333333730697632	0.6109532117843628	0.5	0.3333333432674408	2.3333332538604736	1.9999998807907104	8	0	0	28	9	1.0000000000000002	9	12	19
ypZhKsR-9iI	4	0.25	0.5	0.5464532375335693	0.1666666865348816	-0.6666666865348816	0.6666666865348816	1.3333333730697632	3	1	0	6	3	1.0	3	3	3
yrIXBklJ5YQ	6	0.0555555522441864	0.1666666716337204	1.0076866149902344	0.8333333134651184	-1.3333333730697632	1.6666666269302368	3.0	3	2	1	15	10	0.9999999999999999	10	11	12
ysGFcG_PI5I	3	-0.555555522441864	-1.0	0.6285393834114075	0.0	-1.0	0.3333333432674408	1.3333333730697632	1	2	0	3	2	1.0	2	2	2
yt9GpittX4U	1	1.0	1.0	0.0	0.0	1.0	1.0	0.0	1	0	0	0	0	0.0	0	0	0
ytXVSpPfKwA	4	1.75	2.3333332538604736	1.010362982749939	0.0	0.0	2.3333332538604736	2.3333332538604736	3	0	1	6	3	1.0	3	3	3
yuwvVTnsDjc	6	0.3333333432674408	0.3333333432674408	0.19245010614395142	0.0	0.0	0.6666666865348816	0.6666666865348816	5	0	1	15	0	0.0	0	0	1
yxZydS2qHzs	2	-0.3333333432674408	-0.3333333432674408	0.3333333432674408	0.3333333432674408	-0.6666666865348816	0.0	0.6666666865348816	0	1	1	1	0	0.0	0	0	1
yyToAEoUuek	3	0.7777777314186096	0.3333333432674408	0.8748897910118103	0.3333333432674408	0.0	2.0	2.0	2	0	1	3	2	1.0	2	2	2
z-bupzylxEc	1	0.6666666865348816	0.6666666865348816	0.0	0.0	0.6666666865348816	0.6666666865348816	0.0	1	0	0	0	0	0.0	0	0	0
z6E-ocntPo4	9	1.074074149131775	1.3333333730697632	0.6040557622909546	0.3333333730697632	0.0	2.0	2.0	8	0	1	36	13	0.9999999999999998	13	14	23
z7FicxE_pMU	8	0.375	0.3333333432674408	0.45452970266342163	0.1666666716337204	-0.3333333432674408	1.3333333730697632	1.6666667461395264	6	1	1	28	7	0.9999999999999998	7	7	13
z8bWG2z-bMM	7	0.3333333134651184	0.3333333432674408	0.5634361505508423	0.3333333432674408	-0.6666666865348816	1.3333333730697632	2.0	5	1	1	21	9	1.0000000000000002	9	9	12
zFTuwjr3xq0	6	0.0555555559694767	0.0	0.29917582869529724	0.0	-0.3333333432674408	0.6666666865348816	1.0	1	1	4	15	1	1.0	1	1	5
zFuRNvfC4So	9	0.2222222238779068	0.3333333432674408	0.7535922527313232	0.3333333432674408	-1.3333333730697632	1.6666666269302368	3.0	6	2	1	36	15	0.9999999999999999	15	16	21
zJWmmDk9fCE	2	0.1666666716337204	0.1666666716337204	0.1666666716337204	0.1666666716337204	0.0	0.3333333432674408	0.3333333432674408	1	0	1	1	0	0.0	0	0	0
zKNAu2CCeRs	1	1.0	1.0	0.0	0.0	1.0	1.0	0.0	1	0	0	0	0	0.0	0	0	0
zOHZDq2BvGo	2	0.5	0.5	0.1666666716337204	0.1666666716337204	0.3333333432674408	0.6666666865348816	0.3333333432674408	2	0	0	1	0	0.0	0	0	0
zPskvGHHQtE	5	0.46666663885116577	0.3333333432674408	0.6182412505149841	0.3333333432674408	0.0	1.6666666269302368	1.6666666269302368	3	0	2	10	4	1.0	4	4	4
zR-kKDaSDmE	1	-0.3333333432674408	-0.3333333432674408	0.0	0.0	-0.3333333432674408	-0.3333333432674408	0.0	0	1	0	0	0	0.0	0	0	0
zR62DCEMWgs	5	0.800000011920929	1.3333333730697632	0.9333333373069763	0.33333325386047363	-0.3333333432674408	1.6666666269302368	2.0	3	2	0	10	6	0.9999999999999999	6	6	6
zU2_X9lIcUM	4	0.0833333358168602	0.1666666716337204	0.4930066466331482	0.3333333432674408	-0.6666666865348816	0.6666666865348816	1.3333333730697632	2	1	1	6	2	1.0	2	2	4
zURYO3k8lW0	3	0.5555555820465088	0.3333333432674408	0.31426966190338135	0.0	0.3333333432674408	1.0	0.6666666269302368	3	0	0	3	0	0.0	0	0	2
zWfDRPy4lXQ	1	0.6666666865348816	0.6666666865348816	0.0	0.0	0.6666666865348816	0.6666666865348816	0.0	1	0	0	0	0	0.0	0	0	0
zaTyjiyrHnk	5	0.6000000238418579	0.3333333432674408	0.9285591840744019	1.0	-0.6666666865348816	1.6666666269302368	2.3333332538604736	3	1	1	10	7	0.9999999999999998	7	7	8
zcG0ms7CdBE	2	0.1666666716337204	0.1666666716337204	0.5	0.5	-0.3333333432674408	0.6666666865348816	1.0	1	1	0	1	1	1.0	1	1	1
zeQKU2L173M	7	0.6190476417541504	0.3333333432674408	0.6529194712638855	0.3333333432674408	0.0	1.6666666269302368	1.6666666269302368	4	0	3	21	11	1.0000000000000002	11	11	13
zg-ZIxVsBbQ	1	0.3333333432674408	0.3333333432674408	0.0	0.0	0.3333333432674408	0.3333333432674408	0.0	1	0	0	0	0	0.0	0	0	0
zi0a6r52ZlY	2	0.6666666865348816	0.6666666865348816	0.0	0.0	0.6666666865348816	0.6666666865348816	0.0	2	0	0	1	0	0.0	0	0	0
zj4PzGtFwJM	5	0.9333332777023315	0.6666666865348816	0.9285591840744019	0.6666666865348816	0.0	2.3333332538604736	2.3333332538604736	3	0	2	10	5	1.0	5	6	9
zknhrUs7-lI	4	0.4166666865348816	0.5	0.7216878533363342	0.5	-0.6666666865348816	1.3333333730697632	2.0	3	1	0	6	4	1.0	4	4	5
znNt--6itO4	6	0.3888889253139496	0.3333333432674408	0.40445056557655334	0.3333333432674408	0.0	1.0	1.0	3	0	3	15	3	1.0	3	3	9
zoPOeViAdOo	1	-0.6666666865348816	-0.6666666865348816	0.0	0.0	-0.6666666865348816	-0.6666666865348816	0.0	0	1	0	0	0	0.0	0	0	0
zqkawTdHN5s	2	0.1666666567325592	0.1666666567325592	0.8333333730697632	0.8333333730697632	-0.6666666865348816	1.0	1.6666667461395264	1	1	0	1	1	1.0	1	1	1
zrFZAofNGi4	8	-1.7916667461395264	-2.1666665077209473	1.0921119451522827	0.5000000596046448	-3.0	0.6666666865348816	3.6666667461395264	1	7	0	28	15	0.9999999999999999	15	15	21
zsRTbbKlsEg	1	0.3333333432674408	0.3333333432674408	0.0	0.0	0.3333333432674408	0.3333333432674408	0.0	1	0	0	0	0	0.0	0	0	0
zuc7vUhZNfY	2	1.0	1.0	1.0	1.0	0.0	2.0	2.0	1	0	1	1	1	1.0	1	1	1
zv0Jl4TIQDc	3	1.2222222089767456	1.0	0.8314793705940247	0.6666666269302368	0.3333333432674408	2.3333332538604736	1.9999998807907104	3	0	0	3	2	1.0	2	2	3
zwRBZisdpQ0	5	1.066666603088379	1.0	0.7717224359512329	0.3333333730697632	0.0	2.3333332538604736	2.3333332538604736	4	0	1	10	5	1.0	5	6	8
zwTrXwi54us	13	0.4615384638309479	0.3333333432674408	0.46296074986457825	0.3333333432674408	0.0	1.6666666269302368	1.6666666269302368	9	0	4	78	12	1.0	12	15	32
zx4W0Vuus-I	1	1.0	1.0	0.0	0.0	1.0	1.0	0.0	1	0	0	0	0	0.0	0	0	0
