split	mode	iteration	icc
train	LAV	0	0.06582426649980011
train	LAV	1	0.07735290666368215
train	LAV	2	0.0591709711280433
train	LAV	3	0.08275477466283422
train	LAV	4	0.06736101354063868
train	LAV	5	0.07267091930973275
train	LAV	6	0.06838137578772119
train	LAV	7	0.07157759066152303
train	LAV	8	0.06024885817291364
train	LAV	9	0.07059446735055652
train	LAV	10	0.07447018090369187
train	LAV	11	0.06944870849407005
train	LAV	12	0.07772154958207379
train	LAV	13	0.0792617775254717
train	LAV	14	0.05665789099016905
train	LAV	15	0.07409015811045033
train	LAV	16	0.054712712648963054
train	LAV	17	0.06845832454649849
train	LAV	18	0.0758427506665485
train	LAV	19	0.07390285339890551
train	LAV	20	0.08452687933177473
train	LAV	21	0.08512295144027017
train	LAV	22	0.07179854353570848
train	LAV	23	0.07209199512074696
train	LAV	24	0.059528152616438165
train	LAV	25	0.07147203081979969
train	LAV	26	0.07903976530800493
train	LAV	27	0.07957339713212352
train	LAV	28	0.07584978595033987
train	LAV	29	0.07671391053078601
train	LAV	30	0.07156692383590302
train	LAV	31	0.07153199170356837
train	LAV	32	0.0759106819411352
train	LAV	33	0.06433715767361656
train	LAV	34	0.0760401926818771
train	LAV	35	0.06592136989395507
train	LAV	36	0.06624509364853247
train	LAV	37	0.07568172841175619
train	LAV	38	0.08858499382492978
train	LAV	39	0.0676315498298822
train	LAV	40	0.061400245611259674
train	LAV	41	0.06972046231314635
train	LAV	42	0.07282964726009868
train	LAV	43	0.06801726618537253
train	LAV	44	0.07360446688726455
train	LAV	45	0.055876646346023434
train	LAV	46	0.0788524702706858
train	LAV	47	0.06470054997876379
train	LAV	48	0.0774138928426344
train	LAV	49	0.07520852617784375
train	LAV	50	0.06356629866770729
train	LAV	51	0.07560971151363038
train	LAV	52	0.06879643696571588
train	LAV	53	0.07332487154078339
train	LAV	54	0.06064585265379127
train	LAV	55	0.08562132180176509
train	LAV	56	0.07350117545480683
train	LAV	57	0.060575171699844076
train	LAV	58	0.06571197052200926
train	LAV	59	0.0738122871999802
train	LAV	60	0.06832640605934673
train	LAV	61	0.06826547696236342
train	LAV	62	0.05421827207382106
train	LAV	63	0.07505210569448177
train	LAV	64	0.07943676710169391
train	LAV	65	0.07986582578350522
train	LAV	66	0.07510929547582675
train	LAV	67	0.07715453809695272
train	LAV	68	0.08728220032320952
train	LAV	69	0.07820224534924584
train	LAV	70	0.07756654547167909
train	LAV	71	0.0702902391080249
train	LAV	72	0.05962439645870286
train	LAV	73	0.08573219696481078
train	LAV	74	0.07571254690625757
train	LAV	75	0.0697644002161851
train	LAV	76	0.07529935431030985
train	LAV	77	0.062406536990580935
train	LAV	78	0.060209775346267376
train	LAV	79	0.06967929436876338
train	LAV	80	0.06401398073028054
train	LAV	81	0.07733387938683553
train	LAV	82	0.07085471410917796
train	LAV	83	0.08075911614756046
train	LAV	84	0.06323507045051678
train	LAV	85	0.0730359549016431
train	LAV	86	0.0679606982859204
train	LAV	87	0.0702909968527801
train	LAV	88	0.07190838923747919
train	LAV	89	0.08355573252734164
train	LAV	90	0.05862840151408613
train	LAV	91	0.07807254106738712
train	LAV	92	0.07403456157581055
train	LAV	93	0.06492107146459618
train	LAV	94	0.06621846479010784
train	LAV	95	0.057850140787700656
train	LAV	96	0.05191096898552944
train	LAV	97	0.07970214673449537
train	LAV	98	0.07325119053991794
train	LAV	99	0.0620048059173096
train	LAV	100	0.08072376641099649
train	LAV	101	0.06033062340732278
train	LAV	102	0.06305283112455629
train	LAV	103	0.0708136609590545
train	LAV	104	0.07990569532862946
train	LAV	105	0.0795598546595616
train	LAV	106	0.07309209976149554
train	LAV	107	0.060991957270930965
train	LAV	108	0.06810025574542027
train	LAV	109	0.06317048609176422
train	LAV	110	0.08331966996024877
train	LAV	111	0.06182941657823687
train	LAV	112	0.05835809112971424
train	LAV	113	0.07058178837170795
train	LAV	114	0.06484360602979032
train	LAV	115	0.07491552363274608
train	LAV	116	0.06908616314591298
train	LAV	117	0.0835670978757177
train	LAV	118	0.08004424742920038
train	LAV	119	0.06326103090772499
train	LAV	120	0.06194392004063932
train	LAV	121	0.08113292151970014
train	LAV	122	0.08130308332107378
train	LAV	123	0.08964174594605699
train	LAV	124	0.06565077160759697
train	LAV	125	0.05496895847195691
train	LAV	126	0.07177142617390243
train	LAV	127	0.07649202978600836
train	LAV	128	0.06724919149846521
train	LAV	129	0.08915388010204256
train	LAV	130	0.07595000387030368
train	LAV	131	0.08280216649626856
train	LAV	132	0.06155317269253552
train	LAV	133	0.07696693669507279
train	LAV	134	0.07275570897238097
train	LAV	135	0.0770621838624076
train	LAV	136	0.07063947671473361
train	LAV	137	0.06515173835949159
train	LAV	138	0.07572075975452436
train	LAV	139	0.07440039324265385
train	LAV	140	0.07833409327449761
train	LAV	141	0.07379323572646862
train	LAV	142	0.07368276931638361
train	LAV	143	0.06517797072551276
train	LAV	144	0.07269897297550638
train	LAV	145	0.06978454274651204
train	LAV	146	0.06856862804704651
train	LAV	147	0.07487311802315663
train	LAV	148	0.07224748969986403
train	LAV	149	0.07357004251071064
train	LAV	150	0.07081701189475649
train	LAV	151	0.0735615894799686
train	LAV	152	0.07309802052627754
train	LAV	153	0.07648059465926224
train	LAV	154	0.07445474206410452
train	LAV	155	0.06635181505701528
train	LAV	156	0.08912156013598867
train	LAV	157	0.07375479775314751
train	LAV	158	0.07400775891611233
train	LAV	159	0.07130953139796836
train	LAV	160	0.06862689089008893
train	LAV	161	0.07075101522139567
train	LAV	162	0.06311686820314133
train	LAV	163	0.06952405274587366
train	LAV	164	0.06690138025092573
train	LAV	165	0.05711500416986628
train	LAV	166	0.07594611275688522
train	LAV	167	0.06980403884356044
train	LAV	168	0.0716427689008505
train	LAV	169	0.06754023570950642
train	LAV	170	0.07690973337136334
train	LAV	171	0.060992693733266636
train	LAV	172	0.09355275652728261
train	LAV	173	0.09156423702201351
train	LAV	174	0.07564150556305518
train	LAV	175	0.07807729958748066
train	LAV	176	0.07704526146971499
train	LAV	177	0.07055270433684299
train	LAV	178	0.07448547569877678
train	LAV	179	0.07593722743696996
train	LAV	180	0.066559485454963
train	LAV	181	0.07313983270109767
train	LAV	182	0.08017792088557955
train	LAV	183	0.07207943191793344
train	LAV	184	0.0779413816051592
train	LAV	185	0.07168505025406015
train	LAV	186	0.07044334889424966
train	LAV	187	0.07375990591996978
train	LAV	188	0.06219740463202318
train	LAV	189	0.07903283885621447
train	LAV	190	0.06711314850923303
train	LAV	191	0.07669493244253837
train	LAV	192	0.07330942974411113
train	LAV	193	0.06463805453405348
train	LAV	194	0.07102356598782206
train	LAV	195	0.05762741631847162
train	LAV	196	0.06041086516702494
train	LAV	197	0.0770193447052687
train	LAV	198	0.05958421112121153
train	LAV	199	0.06411357239246711
train	LAV	200	0.07816377953537973
train	LAV	201	0.08366188867082537
train	LAV	202	0.08032968317332762
train	LAV	203	0.07525967511966782
train	LAV	204	0.06664371711761267
train	LAV	205	0.08402556592738164
train	LAV	206	0.06999599855539225
train	LAV	207	0.08331299403639021
train	LAV	208	0.07483839359825596
train	LAV	209	0.07382941014086225
train	LAV	210	0.06810341973153812
train	LAV	211	0.07439036279999285
train	LAV	212	0.06316554490061034
train	LAV	213	0.06775185552792
train	LAV	214	0.06831695898620672
train	LAV	215	0.07798896027124048
train	LAV	216	0.06308167808288877
train	LAV	217	0.07364179949057537
train	LAV	218	0.0768040609442627
train	LAV	219	0.08071614625686892
train	LAV	220	0.05938600890669473
train	LAV	221	0.05913554621628903
train	LAV	222	0.07107293936647541
train	LAV	223	0.058337343338165454
train	LAV	224	0.07857967436505015
train	LAV	225	0.06987662414273309
train	LAV	226	0.06917406036446298
train	LAV	227	0.07609968187857007
train	LAV	228	0.05810791794501749
train	LAV	229	0.07811753212924008
train	LAV	230	0.07702893641954411
train	LAV	231	0.07366421958084611
train	LAV	232	0.07824050903829691
train	LAV	233	0.0855985664044397
train	LAV	234	0.08188148951742275
train	LAV	235	0.08297162045515066
train	LAV	236	0.07398803497999275
train	LAV	237	0.07335163437901862
train	LAV	238	0.07171430428418918
train	LAV	239	0.06257770807083197
train	LAV	240	0.08166280985836394
train	LAV	241	0.06889138537126904
train	LAV	242	0.08455852834195027
train	LAV	243	0.0685936723450088
train	LAV	244	0.06214025235479371
train	LAV	245	0.07487469592989245
train	LAV	246	0.08482474495957017
train	LAV	247	0.06521118435842828
train	LAV	248	0.07361068143968776
train	LAV	249	0.07320334769525401
train	LAV	250	0.07811603863899834
train	LAV	251	0.07928430189494494
train	LAV	252	0.07274745662198631
train	LAV	253	0.07395310298296476
train	LAV	254	0.06694166085338979
train	LAV	255	0.08594374500018002
train	LAV	256	0.05536576788610872
train	LAV	257	0.07472665771814568
train	LAV	258	0.0821522841591567
train	LAV	259	0.06468486050560827
train	LAV	260	0.07689300118208216
train	LAV	261	0.07254830496219335
train	LAV	262	0.0631162848059616
train	LAV	263	0.09375566072229471
train	LAV	264	0.06281204375001417
train	LAV	265	0.07219196305293749
train	LAV	266	0.0653303308475198
train	LAV	267	0.08176702088347547
train	LAV	268	0.07216174890998782
train	LAV	269	0.07365576946791938
train	LAV	270	0.06692983304443915
train	LAV	271	0.07137276798306312
train	LAV	272	0.06544000934685348
train	LAV	273	0.06434714640358945
train	LAV	274	0.0746345985112944
train	LAV	275	0.06708780851175862
train	LAV	276	0.07567048725390987
train	LAV	277	0.08199356202005458
train	LAV	278	0.07824190819579187
train	LAV	279	0.06815203508507056
train	LAV	280	0.052711210769802286
train	LAV	281	0.06618805844768168
train	LAV	282	0.057161380428850994
train	LAV	283	0.07933046979093976
train	LAV	284	0.052841693457719156
train	LAV	285	0.07103875850828252
train	LAV	286	0.06516491176781673
train	LAV	287	0.0644869983297984
train	LAV	288	0.0720213834953215
train	LAV	289	0.08405551538213005
train	LAV	290	0.06216035767889368
train	LAV	291	0.07325274074484833
train	LAV	292	0.07089548159284571
train	LAV	293	0.07160086742281843
train	LAV	294	0.07851621047237589
train	LAV	295	0.08368624372421599
train	LAV	296	0.07314980174728224
train	LAV	297	0.07395294363139761
train	LAV	298	0.08988889256758063
train	LAV	299	0.07197710393892069
train	LAV	300	0.07750720682504915
train	LAV	301	0.061315201553613696
train	LAV	302	0.06935318735735804
train	LAV	303	0.06678901195914276
train	LAV	304	0.08125074565628644
train	LAV	305	0.07300111659880967
train	LAV	306	0.0748157162802803
train	LAV	307	0.07638633254883267
train	LAV	308	0.07869703272299426
train	LAV	309	0.08287422710584769
train	LAV	310	0.07482538033047978
train	LAV	311	0.07661217397396018
train	LAV	312	0.07141772659734828
train	LAV	313	0.08083747828186258
train	LAV	314	0.06581493581378296
train	LAV	315	0.06813648704900535
train	LAV	316	0.07765252842408639
train	LAV	317	0.07350568118042938
train	LAV	318	0.07833496556938518
train	LAV	319	0.07522816852454826
train	LAV	320	0.07484580898346879
train	LAV	321	0.07679052264320929
train	LAV	322	0.07219620836494965
train	LAV	323	0.07323522429538921
train	LAV	324	0.05942811281895037
train	LAV	325	0.07357915312812963
train	LAV	326	0.07255840055652099
train	LAV	327	0.07624737169190159
train	LAV	328	0.06862246124257743
train	LAV	329	0.06513765490113034
train	LAV	330	0.06444576671741836
train	LAV	331	0.07895469039555542
train	LAV	332	0.07370362267358833
train	LAV	333	0.07359501064743039
train	LAV	334	0.059187731841465197
train	LAV	335	0.06276502152419002
train	LAV	336	0.06273263064323704
train	LAV	337	0.06827858912746969
train	LAV	338	0.08107774766624477
train	LAV	339	0.052046719908359226
train	LAV	340	0.07073494727623127
train	LAV	341	0.06752917620357354
train	LAV	342	0.0794559147293401
train	LAV	343	0.06337467421899513
train	LAV	344	0.050503038179007274
train	LAV	345	0.06344441361276996
train	LAV	346	0.05856521886718517
train	LAV	347	0.07307632012108764
train	LAV	348	0.07509600680216724
train	LAV	349	0.07938829725043009
train	LAV	350	0.07200555762387707
train	LAV	351	0.08238007854023612
train	LAV	352	0.08547785098346078
train	LAV	353	0.07870609096198161
train	LAV	354	0.07665520518543016
train	LAV	355	0.0762735043010869
train	LAV	356	0.0714956625727305
train	LAV	357	0.07161356108322856
train	LAV	358	0.06981258743048531
train	LAV	359	0.06584210839276192
train	LAV	360	0.07160049960374841
train	LAV	361	0.0788502478109541
train	LAV	362	0.06084785859353841
train	LAV	363	0.061754653306411826
train	LAV	364	0.07222330500181376
train	LAV	365	0.05868847852792728
train	LAV	366	0.06103763303856095
train	LAV	367	0.062432604574287044
train	LAV	368	0.05235652251201961
train	LAV	369	0.06477400665802427
train	LAV	370	0.08370987319825256
train	LAV	371	0.06967737576738511
train	LAV	372	0.07428709801540322
train	LAV	373	0.06565252948740663
train	LAV	374	0.06559089019146169
train	LAV	375	0.06673307399036758
train	LAV	376	0.07400875717460309
train	LAV	377	0.06180853056647378
train	LAV	378	0.07905379519271998
train	LAV	379	0.08451114028711297
train	LAV	380	0.07075067522926297
train	LAV	381	0.06179029292061737
train	LAV	382	0.07405839879734624
train	LAV	383	0.07665288317834075
train	LAV	384	0.0795700826963174
train	LAV	385	0.07424413618136948
train	LAV	386	0.0603939053127433
train	LAV	387	0.0605148995618847
train	LAV	388	0.06631231652094038
train	LAV	389	0.077192433025801
train	LAV	390	0.07829715484512473
train	LAV	391	0.07052368592409852
train	LAV	392	0.0657751691502152
train	LAV	393	0.0653763049727331
train	LAV	394	0.07361276699229943
train	LAV	395	0.0847137644692796
train	LAV	396	0.08137688566776265
train	LAV	397	0.08170502544024905
train	LAV	398	0.05832602333319144
train	LAV	399	0.07235721194780087
train	LAV	400	0.06649218966430169
train	LAV	401	0.0679585288201904
train	LAV	402	0.074594738966582
train	LAV	403	0.08020490192052693
train	LAV	404	0.07515920527466491
train	LAV	405	0.08466495892602056
train	LAV	406	0.08266583146925277
train	LAV	407	0.06971426170640664
train	LAV	408	0.07168717698280314
train	LAV	409	0.07570758678624445
train	LAV	410	0.07217932976874326
train	LAV	411	0.07144604009897956
train	LAV	412	0.06403902915381014
train	LAV	413	0.08014751817012862
train	LAV	414	0.08390994769016595
train	LAV	415	0.07701630931110721
train	LAV	416	0.07098708953370719
train	LAV	417	0.05693117879105243
train	LAV	418	0.080710665151986
train	LAV	419	0.08249421531871987
train	LAV	420	0.08658001414765398
train	LAV	421	0.07646429632043937
train	LAV	422	0.08032269044471213
train	LAV	423	0.07874184882544791
train	LAV	424	0.08464288985994468
train	LAV	425	0.07521896505384079
train	LAV	426	0.0622765940010297
train	LAV	427	0.07345399698536281
train	LAV	428	0.07654843392690841
train	LAV	429	0.07693371456400537
train	LAV	430	0.071376442983899
train	LAV	431	0.07138686319472161
train	LAV	432	0.07628318674888852
train	LAV	433	0.06988281758467642
train	LAV	434	0.08028225869998394
train	LAV	435	0.0648647440749864
train	LAV	436	0.06938722613046108
train	LAV	437	0.07435367022178724
train	LAV	438	0.08009137840200613
train	LAV	439	0.07752457991390498
train	LAV	440	0.0667790851024113
train	LAV	441	0.0565177987435929
train	LAV	442	0.0632620227009564
train	LAV	443	0.07564429706249738
train	LAV	444	0.08102678249723513
train	LAV	445	0.06800387943789261
train	LAV	446	0.06143245410097623
train	LAV	447	0.07749445670196604
train	LAV	448	0.052425001507227474
train	LAV	449	0.0634506715121728
train	LAV	450	0.07856468253704109
train	LAV	451	0.08082006662387486
train	LAV	452	0.07708911677364413
train	LAV	453	0.05470321473452029
train	LAV	454	0.07104510716530821
train	LAV	455	0.0693657189757733
train	LAV	456	0.07813779794133198
train	LAV	457	0.07541690741414908
train	LAV	458	0.07832844147947278
train	LAV	459	0.07478153935000456
train	LAV	460	0.07597276074974538
train	LAV	461	0.08629899151201903
train	LAV	462	0.07594005379810626
train	LAV	463	0.06029295380530948
train	LAV	464	0.07871077330062978
train	LAV	465	0.08264559799778141
train	LAV	466	0.0663064296715263
train	LAV	467	0.08176709185098543
train	LAV	468	0.07369997327300123
train	LAV	469	0.0628931090417896
train	LAV	470	0.0659638036459625
train	LAV	471	0.0543892699285724
train	LAV	472	0.08672705690156564
train	LAV	473	0.0674380605424704
train	LAV	474	0.07572750665483362
train	LAV	475	0.08224363008671733
train	LAV	476	0.06832289565346925
train	LAV	477	0.05671522735794873
train	LAV	478	0.07970507486789612
train	LAV	479	0.06493030916357964
train	LAV	480	0.061394003036434594
train	LAV	481	0.06831644115217897
train	LAV	482	0.06958929686380054
train	LAV	483	0.08077005527270333
train	LAV	484	0.08733475179676292
train	LAV	485	0.06707467485656005
train	LAV	486	0.07690701418479393
train	LAV	487	0.06423835375734824
train	LAV	488	0.07861214752258497
train	LAV	489	0.07167609675856398
train	LAV	490	0.07167803041079492
train	LAV	491	0.06317099248889281
train	LAV	492	0.0731080362045996
train	LAV	493	0.07493792617590368
train	LAV	494	0.06946008370418395
train	LAV	495	0.06715698867028246
train	LAV	496	0.0752036613994907
train	LAV	497	0.06543283907485843
train	LAV	498	0.06885008070834199
train	LAV	499	0.06107112657766408
train	LAV	500	0.06556495762827841
train	LAV	501	0.08507070919801614
train	LAV	502	0.08434330339282876
train	LAV	503	0.07401850735325984
train	LAV	504	0.07649097601752583
train	LAV	505	0.07351343443305769
train	LAV	506	0.07018403039333515
train	LAV	507	0.07870825839638385
train	LAV	508	0.07126348669380923
train	LAV	509	0.06278257105525875
train	LAV	510	0.07048820336619446
train	LAV	511	0.06967370340249328
train	LAV	512	0.07617477391356957
train	LAV	513	0.07115562228406205
train	LAV	514	0.07290102115000982
train	LAV	515	0.0785763483350046
train	LAV	516	0.07536813699841423
train	LAV	517	0.08872730548381305
train	LAV	518	0.07197158198064725
train	LAV	519	0.07065612479811118
train	LAV	520	0.06813697515684963
train	LAV	521	0.06050103684786834
train	LAV	522	0.06268595754188916
train	LAV	523	0.06428315467086917
train	LAV	524	0.06512256576766891
train	LAV	525	0.05954432702373915
train	LAV	526	0.08094362794714849
train	LAV	527	0.08146007550387159
train	LAV	528	0.08686598320436893
train	LAV	529	0.08404404294352283
train	LAV	530	0.06272442924839745
train	LAV	531	0.07800972962773571
train	LAV	532	0.08993359779734852
train	LAV	533	0.07481883922776161
train	LAV	534	0.07048561294014603
train	LAV	535	0.07485728814860432
train	LAV	536	0.06540205901718524
train	LAV	537	0.07601227087827046
train	LAV	538	0.07370103686458332
train	LAV	539	0.07646842564697644
train	LAV	540	0.08417751575481236
train	LAV	541	0.07456844306692068
train	LAV	542	0.09046551562035832
train	LAV	543	0.06411620084856544
train	LAV	544	0.07595380753276994
train	LAV	545	0.07425571336264031
train	LAV	546	0.06919639499675298
train	LAV	547	0.07736489508760135
train	LAV	548	0.07358256854578536
train	LAV	549	0.0765416062659762
train	LAV	550	0.08219620848573558
train	LAV	551	0.07719504787384879
train	LAV	552	0.06859014660736198
train	LAV	553	0.05880198060327713
train	LAV	554	0.06919510516391197
train	LAV	555	0.07571218928961426
train	LAV	556	0.07879800544784032
train	LAV	557	0.0738025158825926
train	LAV	558	0.07379494265266794
train	LAV	559	0.06998706221498832
train	LAV	560	0.0668320301908443
train	LAV	561	0.06362265484594543
train	LAV	562	0.07809762615807056
train	LAV	563	0.08277373504719644
train	LAV	564	0.07272476933647831
train	LAV	565	0.0788096986074994
train	LAV	566	0.06754163109569948
train	LAV	567	0.07890473079090296
train	LAV	568	0.07599563505947249
train	LAV	569	0.06264100216528903
train	LAV	570	0.07732375466426737
train	LAV	571	0.06598477258944345
train	LAV	572	0.06529635538504011
train	LAV	573	0.05708346141622986
train	LAV	574	0.07873795159280551
train	LAV	575	0.08171663945089888
train	LAV	576	0.06905125438428933
train	LAV	577	0.05290049362721258
train	LAV	578	0.07358790339248795
train	LAV	579	0.08523078831193356
train	LAV	580	0.06967483048734924
train	LAV	581	0.07221320523945718
train	LAV	582	0.06659296207509069
train	LAV	583	0.06339298458532998
train	LAV	584	0.0796931343710368
train	LAV	585	0.07253070771502977
train	LAV	586	0.07047618042385326
train	LAV	587	0.07148025259136666
train	LAV	588	0.06887803304032711
train	LAV	589	0.06643503531446784
train	LAV	590	0.07581151114084649
train	LAV	591	0.06926923204981104
train	LAV	592	0.0727468832867764
train	LAV	593	0.07038582793412443
train	LAV	594	0.06264201844046355
train	LAV	595	0.07657534430513785
train	LAV	596	0.07976042978705042
train	LAV	597	0.08182213431685209
train	LAV	598	0.057311554496699335
train	LAV	599	0.07636552522443128
train	LAV	600	0.07506192544392944
train	LAV	601	0.09108847955323687
train	LAV	602	0.06906950137355798
train	LAV	603	0.06223163072461468
train	LAV	604	0.06885681306394376
train	LAV	605	0.08048312814558094
train	LAV	606	0.06136678353943296
train	LAV	607	0.06262595364228737
train	LAV	608	0.07889316466376416
train	LAV	609	0.07209226975760949
train	LAV	610	0.06914241938084642
train	LAV	611	0.07135047473263277
train	LAV	612	0.07707201892833083
train	LAV	613	0.061401720938812285
train	LAV	614	0.08650826357301507
train	LAV	615	0.07616895933761939
train	LAV	616	0.07443452268065957
train	LAV	617	0.06655813409602193
train	LAV	618	0.07449558392215809
train	LAV	619	0.07982898818072462
train	LAV	620	0.0744063447179946
train	LAV	621	0.07254096734118147
train	LAV	622	0.08115432252630338
train	LAV	623	0.05253115629486539
train	LAV	624	0.07424612374423062
train	LAV	625	0.07666335972165467
train	LAV	626	0.0833826917807272
train	LAV	627	0.0715879936585849
train	LAV	628	0.07393192939638346
train	LAV	629	0.06753363976916596
train	LAV	630	0.058622329635645426
train	LAV	631	0.05428193621165801
train	LAV	632	0.06786786657414735
train	LAV	633	0.06421882832068476
train	LAV	634	0.06642811768988016
train	LAV	635	0.07379328637034663
train	LAV	636	0.06999140014962693
train	LAV	637	0.05964832544541978
train	LAV	638	0.06960719157500352
train	LAV	639	0.08386462557098483
train	LAV	640	0.07782447353537693
train	LAV	641	0.07192091492118345
train	LAV	642	0.059403913396113034
train	LAV	643	0.08209553891707223
train	LAV	644	0.07576253392450066
train	LAV	645	0.06231733074256634
train	LAV	646	0.07396629581381028
train	LAV	647	0.08818720040096795
train	LAV	648	0.0837285766987874
train	LAV	649	0.07522742283930103
train	LAV	650	0.06824157011820711
train	LAV	651	0.07040632571420835
train	LAV	652	0.06271705163984734
train	LAV	653	0.054578089159927644
train	LAV	654	0.07180580765768294
train	LAV	655	0.0870401776020039
train	LAV	656	0.055669765499992
train	LAV	657	0.05698073397345784
train	LAV	658	0.07499289970477209
train	LAV	659	0.08265959854400826
train	LAV	660	0.08748057865979034
train	LAV	661	0.07422502262597513
train	LAV	662	0.0708889682890105
train	LAV	663	0.07605400261915964
train	LAV	664	0.0614479703722492
train	LAV	665	0.0664017529433776
train	LAV	666	0.08160278419005991
train	LAV	667	0.07814735150866402
train	LAV	668	0.07172627630589845
train	LAV	669	0.06171051180653021
train	LAV	670	0.07538378355433743
train	LAV	671	0.060744794852530246
train	LAV	672	0.06279066385921277
train	LAV	673	0.04921241349910089
train	LAV	674	0.08242588835455796
train	LAV	675	0.06931657252702575
train	LAV	676	0.08270608766828628
train	LAV	677	0.06990972349511705
train	LAV	678	0.07008583857353014
train	LAV	679	0.07748879370576493
train	LAV	680	0.06765657547615901
train	LAV	681	0.08406115046362986
train	LAV	682	0.0802853880014066
train	LAV	683	0.07891457084590327
train	LAV	684	0.07688925249133714
train	LAV	685	0.07525975159698936
train	LAV	686	0.06987932460484707
train	LAV	687	0.07824069379874876
train	LAV	688	0.07576640447895773
train	LAV	689	0.07425406174071714
train	LAV	690	0.07203736988119343
train	LAV	691	0.0791421684579483
train	LAV	692	0.07534259541078725
train	LAV	693	0.07739815731083247
train	LAV	694	0.07731037769352082
train	LAV	695	0.07645419003498233
train	LAV	696	0.07454745581996336
train	LAV	697	0.06668126549098469
train	LAV	698	0.08495900995223518
train	LAV	699	0.07028308944025048
train	LAV	700	0.07588512981392435
train	LAV	701	0.06386019407915246
train	LAV	702	0.07765595944628473
train	LAV	703	0.07277283707327739
train	LAV	704	0.07505861816774688
train	LAV	705	0.06720624013743222
train	LAV	706	0.07924063555634049
train	LAV	707	0.07143437083784412
train	LAV	708	0.0712373963986712
train	LAV	709	0.07185707675554459
train	LAV	710	0.06077321778120315
train	LAV	711	0.06345706485020385
train	LAV	712	0.07368141232605076
train	LAV	713	0.08284581687996821
train	LAV	714	0.07716561612171072
train	LAV	715	0.07826134073838326
train	LAV	716	0.06102890374687684
train	LAV	717	0.07996094076976301
train	LAV	718	0.07720393285322637
train	LAV	719	0.056599363346708266
train	LAV	720	0.06948064834495625
train	LAV	721	0.06378951439164943
train	LAV	722	0.05942016583681866
train	LAV	723	0.07962969626345594
train	LAV	724	0.07633270620445681
train	LAV	725	0.07283960183889614
train	LAV	726	0.06889393780735525
train	LAV	727	0.0748096188997629
train	LAV	728	0.07070680345149949
train	LAV	729	0.06408718232387493
train	LAV	730	0.06888477207842882
train	LAV	731	0.07810237767725249
train	LAV	732	0.07691614843685546
train	LAV	733	0.06874127754512388
train	LAV	734	0.06540859725022138
train	LAV	735	0.07488326311509559
train	LAV	736	0.06303968954222591
train	LAV	737	0.07675054891118903
train	LAV	738	0.06630211110892274
train	LAV	739	0.059889139424142666
train	LAV	740	0.07689802645281109
train	LAV	741	0.08252455564866712
train	LAV	742	0.07273722203020258
train	LAV	743	0.060026422883243606
train	LAV	744	0.07188755044195903
train	LAV	745	0.06415558768799329
train	LAV	746	0.061138037405594724
train	LAV	747	0.07160911771329233
train	LAV	748	0.05529617001232785
train	LAV	749	0.06827151855657253
train	LAV	750	0.08013304239338129
train	LAV	751	0.07286748995348948
train	LAV	752	0.0697137933811536
train	LAV	753	0.06829537295642607
train	LAV	754	0.07521417790240875
train	LAV	755	0.07686541898618081
train	LAV	756	0.06249325636443654
train	LAV	757	0.08033045485911622
train	LAV	758	0.0751200021334939
train	LAV	759	0.07809863521179321
train	LAV	760	0.06894023715822122
train	LAV	761	0.07596284240890028
train	LAV	762	0.06991019821639945
train	LAV	763	0.07189703798288004
train	LAV	764	0.07271492748785174
train	LAV	765	0.06249316729320779
train	LAV	766	0.0656630084195706
train	LAV	767	0.06463115029972845
train	LAV	768	0.07088793530561248
train	LAV	769	0.06067761575415139
train	LAV	770	0.07074504061512531
train	LAV	771	0.06640356123990762
train	LAV	772	0.06795921749020047
train	LAV	773	0.07292695351001328
train	LAV	774	0.07855078326697872
train	LAV	775	0.0709142788056104
train	LAV	776	0.06576034712554259
train	LAV	777	0.07415502670345105
train	LAV	778	0.08123538931883045
train	LAV	779	0.07563846368249551
train	LAV	780	0.06987935110985254
train	LAV	781	0.07119060173645199
train	LAV	782	0.07119439934957014
train	LAV	783	0.08325548997690971
train	LAV	784	0.08160587687661691
train	LAV	785	0.06603463697642908
train	LAV	786	0.06915113400522423
train	LAV	787	0.055010068948676376
train	LAV	788	0.07659900081553775
train	LAV	789	0.07849570412713268
train	LAV	790	0.0717462209873518
train	LAV	791	0.06030966287046503
train	LAV	792	0.07071682717266284
train	LAV	793	0.06320331822657738
train	LAV	794	0.07299341073126953
train	LAV	795	0.054987676727761066
train	LAV	796	0.05741714484480068
train	LAV	797	0.07554164792051314
train	LAV	798	0.06215131401762066
train	LAV	799	0.08137985422779011
train	LAV	800	0.07077977121054273
train	LAV	801	0.07532105342202534
train	LAV	802	0.06617676722251449
train	LAV	803	0.06479529999347021
train	LAV	804	0.059633641819406204
train	LAV	805	0.08120764672453738
train	LAV	806	0.06736076270892487
train	LAV	807	0.06411142606503725
train	LAV	808	0.082611144041026
train	LAV	809	0.07113057527158256
train	LAV	810	0.07579852877879713
train	LAV	811	0.08290741771983369
train	LAV	812	0.06808327062950272
train	LAV	813	0.09204961671907776
train	LAV	814	0.07040176031622668
train	LAV	815	0.06958724244313627
train	LAV	816	0.0757190837828551
train	LAV	817	0.08541160058831945
train	LAV	818	0.07631381032817817
train	LAV	819	0.06874599639269113
train	LAV	820	0.06461007216437875
train	LAV	821	0.0780340006899152
train	LAV	822	0.07276738508087748
train	LAV	823	0.07318042268703803
train	LAV	824	0.07143905630591506
train	LAV	825	0.07431850539405727
train	LAV	826	0.07180503942320113
train	LAV	827	0.07250203238930096
train	LAV	828	0.07633853585369225
train	LAV	829	0.0801787645262374
train	LAV	830	0.06596633380016334
train	LAV	831	0.0637562059078833
train	LAV	832	0.06690656405789373
train	LAV	833	0.07458625875268395
train	LAV	834	0.06990281131161928
train	LAV	835	0.08603080472839017
train	LAV	836	0.07059548274963229
train	LAV	837	0.06550507640894493
train	LAV	838	0.06116250385044008
train	LAV	839	0.08598784820620596
train	LAV	840	0.06424810782363931
train	LAV	841	0.07014776048408806
train	LAV	842	0.07864239449703223
train	LAV	843	0.07312426613379786
train	LAV	844	0.05723707937747479
train	LAV	845	0.07438324181312635
train	LAV	846	0.06141437624586479
train	LAV	847	0.06900601720153057
train	LAV	848	0.07353451547430154
train	LAV	849	0.05937665418914522
train	LAV	850	0.06758064404579021
train	LAV	851	0.08170220822204684
train	LAV	852	0.06786068534539434
train	LAV	853	0.06674387153618325
train	LAV	854	0.07191911997171506
train	LAV	855	0.06932429039183197
train	LAV	856	0.0748927341936559
train	LAV	857	0.07264254852195304
train	LAV	858	0.07332273764444208
train	LAV	859	0.06773449291658898
train	LAV	860	0.08120952871934273
train	LAV	861	0.06994086138490294
train	LAV	862	0.08319371508737422
train	LAV	863	0.07479055731156539
train	LAV	864	0.0710456109224715
train	LAV	865	0.07597981262615039
train	LAV	866	0.07394645736646646
train	LAV	867	0.06860608764925444
train	LAV	868	0.08525985770380669
train	LAV	869	0.06561387579831136
train	LAV	870	0.07390116771506797
train	LAV	871	0.06590643861820328
train	LAV	872	0.07959802067304377
train	LAV	873	0.07124856300424762
train	LAV	874	0.08826370774563057
train	LAV	875	0.05986540556453763
train	LAV	876	0.07052447196509391
train	LAV	877	0.07267957536468347
train	LAV	878	0.07975586354359795
train	LAV	879	0.09719531733405969
train	LAV	880	0.062416859495673924
train	LAV	881	0.07169031793675182
train	LAV	882	0.07730114404040324
train	LAV	883	0.07460756470657398
train	LAV	884	0.06576531885451103
train	LAV	885	0.06768881133284509
train	LAV	886	0.06367293445647948
train	LAV	887	0.077791719413804
train	LAV	888	0.06513829579508346
train	LAV	889	0.06283905271526094
train	LAV	890	0.05914865824530943
train	LAV	891	0.07036958488972875
train	LAV	892	0.0861595741564349
train	LAV	893	0.05908108468388412
train	LAV	894	0.07850388091796247
train	LAV	895	0.06695503575118426
train	LAV	896	0.07370071743385274
train	LAV	897	0.06613980061562802
train	LAV	898	0.07363562043279422
train	LAV	899	0.06436347230502595
train	LAV	900	0.06578149283374264
train	LAV	901	0.08233670024203067
train	LAV	902	0.05689540644952108
train	LAV	903	0.060608571669763786
train	LAV	904	0.06779941949571229
train	LAV	905	0.06272035576428218
train	LAV	906	0.07994535020961127
train	LAV	907	0.08467021010916886
train	LAV	908	0.07129159593192586
train	LAV	909	0.06337794500448812
train	LAV	910	0.0690297087834329
train	LAV	911	0.07476329456801652
train	LAV	912	0.05893707397845822
train	LAV	913	0.07621811319798198
train	LAV	914	0.06288857144879909
train	LAV	915	0.0625243225376916
train	LAV	916	0.07551147688775021
train	LAV	917	0.0637220428865601
train	LAV	918	0.06843547553211184
train	LAV	919	0.07426775676593586
train	LAV	920	0.07245580615827077
train	LAV	921	0.07739099625537851
train	LAV	922	0.08002898213746282
train	LAV	923	0.0830305354277562
train	LAV	924	0.08649841160889361
train	LAV	925	0.06927141639630843
train	LAV	926	0.08323512336881264
train	LAV	927	0.0609671501004758
train	LAV	928	0.07164173506846923
train	LAV	929	0.0722250747178051
train	LAV	930	0.06556455662384222
train	LAV	931	0.07337328628225828
train	LAV	932	0.07225876988079856
train	LAV	933	0.07135440317456136
train	LAV	934	0.07361924346283032
train	LAV	935	0.0714421407139526
train	LAV	936	0.07095362624833688
train	LAV	937	0.058335127148115
train	LAV	938	0.06753789018617477
train	LAV	939	0.06893904835607623
train	LAV	940	0.07133920604800582
train	LAV	941	0.07821706337280075
train	LAV	942	0.0621968147100499
train	LAV	943	0.07170107877543132
train	LAV	944	0.06937182844500675
train	LAV	945	0.06515146645083783
train	LAV	946	0.07259863967984662
train	LAV	947	0.07069581149771344
train	LAV	948	0.06569707084960888
train	LAV	949	0.0661836003888789
train	LAV	950	0.08176221195569977
train	LAV	951	0.08161824908285133
train	LAV	952	0.0838569566006579
train	LAV	953	0.06972392446427318
train	LAV	954	0.07568890781553396
train	LAV	955	0.07100112886634488
train	LAV	956	0.06654789666541447
train	LAV	957	0.07685113331470778
train	LAV	958	0.075078889418517
train	LAV	959	0.0741616044790702
train	LAV	960	0.06664668413999096
train	LAV	961	0.07762016720689863
train	LAV	962	0.06689443372056866
train	LAV	963	0.06688460053320752
train	LAV	964	0.08151637355641396
train	LAV	965	0.06478781039556034
train	LAV	966	0.06759660100644302
train	LAV	967	0.07293225505512785
train	LAV	968	0.07679367185117772
train	LAV	969	0.06666407215961344
train	LAV	970	0.0687444803525547
train	LAV	971	0.07817039049390105
train	LAV	972	0.07260324388724687
train	LAV	973	0.07779853928540403
train	LAV	974	0.06589405417146306
train	LAV	975	0.07965471711476138
train	LAV	976	0.07861778357107821
train	LAV	977	0.0643010504343963
train	LAV	978	0.0688299890671755
train	LAV	979	0.07510225259151301
train	LAV	980	0.07175625202717206
train	LAV	981	0.07464403948632367
train	LAV	982	0.06911700825274461
train	LAV	983	0.0749211057644952
train	LAV	984	0.07923893549302162
train	LAV	985	0.08430029306349432
train	LAV	986	0.07291965465703405
train	LAV	987	0.08606287294199147
train	LAV	988	0.06651856621052331
train	LAV	989	0.06776580451737765
train	LAV	990	0.06986142176747227
train	LAV	991	0.08137912719826752
train	LAV	992	0.05705473060480186
train	LAV	993	0.06998657501116629
train	LAV	994	0.0682461657931136
train	LAV	995	0.06593927374230725
train	LAV	996	0.07287470130648059
train	LAV	997	0.06989370767309716
train	LAV	998	0.08522439555946373
train	LAV	999	0.07092021931986084
train	LAV	1000	0.08564189869717949
train	LAV	1001	0.07828430015307951
train	LAV	1002	0.07667768428532509
train	LAV	1003	0.06985524066295556
train	LAV	1004	0.06686184441102554
train	LAV	1005	0.07198093452257691
train	LAV	1006	0.07598621560551684
train	LAV	1007	0.07597084390539967
train	LAV	1008	0.06464213989300212
train	LAV	1009	0.06946047477792645
train	LAV	1010	0.07774455190032005
train	LAV	1011	0.0714403049870965
train	LAV	1012	0.06481936943242875
train	LAV	1013	0.08413833287278968
train	LAV	1014	0.07506208388574634
train	LAV	1015	0.0730809226364392
train	LAV	1016	0.08090353126249611
train	LAV	1017	0.06730960546194821
train	LAV	1018	0.08938832479440943
train	LAV	1019	0.06473899362979935
train	LAV	1020	0.07878567970725647
train	LAV	1021	0.07252623336785444
train	LAV	1022	0.07280599657863623
train	LAV	1023	0.0864950288952754
train	LAV	1024	0.06681079730209015
train	LAV	1025	0.07951114121948896
train	LAV	1026	0.07112506475684924
train	LAV	1027	0.07238709920220286
train	LAV	1028	0.07755496825490893
train	LAV	1029	0.07011726754070555
train	LAV	1030	0.07225741359695156
train	LAV	1031	0.08834046374950184
train	LAV	1032	0.0646592325483737
train	LAV	1033	0.07420210569980573
train	LAV	1034	0.07830029627013994
train	LAV	1035	0.07832210562788627
train	LAV	1036	0.0692580035931931
train	LAV	1037	0.07540615361865971
train	LAV	1038	0.06792218675803813
train	LAV	1039	0.07494002489631267
train	LAV	1040	0.07444680656303718
train	LAV	1041	0.07527340148073437
train	LAV	1042	0.06485858211931819
train	LAV	1043	0.06900040380315278
train	LAV	1044	0.06031582367756965
train	LAV	1045	0.0848141046259716
train	LAV	1046	0.07744967446487955
train	LAV	1047	0.04634676047997388
train	LAV	1048	0.060906142333636275
train	LAV	1049	0.06064047060868992
train	LAV	1050	0.08562671025215933
train	LAV	1051	0.06834399591401984
train	LAV	1052	0.07881019853490719
train	LAV	1053	0.07105828756963037
train	LAV	1054	0.07261715318004885
train	LAV	1055	0.06291243236329297
train	LAV	1056	0.05941252905821032
train	LAV	1057	0.08098692710278128
train	LAV	1058	0.05438080373371441
train	LAV	1059	0.07403487926234914
train	LAV	1060	0.07767731121752398
train	LAV	1061	0.06303278704153106
train	LAV	1062	0.08080056043876076
train	LAV	1063	0.07071515230667953
train	LAV	1064	0.062079485068021294
train	LAV	1065	0.07963588264317639
train	LAV	1066	0.08758645058770778
train	LAV	1067	0.06095259532011025
train	LAV	1068	0.07318243921849392
train	LAV	1069	0.08170934459782156
train	LAV	1070	0.06848524291922316
train	LAV	1071	0.06319294530938886
train	LAV	1072	0.08141837286603806
train	LAV	1073	0.08450458154848912
train	LAV	1074	0.06298983421262863
train	LAV	1075	0.07526808034512936
train	LAV	1076	0.0788960625678067
train	LAV	1077	0.06261940501018284
train	LAV	1078	0.08387701520090456
train	LAV	1079	0.08379528261801021
train	LAV	1080	0.08008989678032995
train	LAV	1081	0.06637335954299549
train	LAV	1082	0.07399817596580212
train	LAV	1083	0.08153977272633564
train	LAV	1084	0.0776239509237599
train	LAV	1085	0.07722520144790701
train	LAV	1086	0.06643504820293797
train	LAV	1087	0.055941649452455514
train	LAV	1088	0.06240921792527098
train	LAV	1089	0.07060861657214887
train	LAV	1090	0.06111772034351395
train	LAV	1091	0.08265394964956284
train	LAV	1092	0.06216308157737673
train	LAV	1093	0.0806628467323446
train	LAV	1094	0.06916523291144658
train	LAV	1095	0.07902111124063935
train	LAV	1096	0.0788377107734872
train	LAV	1097	0.07286761912172483
train	LAV	1098	0.07275321502202728
train	LAV	1099	0.07113257614164878
train	LAV	1100	0.07043370997372475
train	LAV	1101	0.07602969014773887
train	LAV	1102	0.06168205144635806
train	LAV	1103	0.06753228515695359
train	LAV	1104	0.0722382634607597
train	LAV	1105	0.06573019778875824
train	LAV	1106	0.07067793586137332
train	LAV	1107	0.06896163090230491
train	LAV	1108	0.08287840317468122
train	LAV	1109	0.07750007467208724
train	LAV	1110	0.07287594369236393
train	LAV	1111	0.0763217617035889
train	LAV	1112	0.0642178528393179
train	LAV	1113	0.057396174390291196
train	LAV	1114	0.07932153393284373
train	LAV	1115	0.07101616490988355
train	LAV	1116	0.07633594512915308
train	LAV	1117	0.08266205130598227
train	LAV	1118	0.057597382762235694
train	LAV	1119	0.07447190357008888
train	LAV	1120	0.06512989348987519
train	LAV	1121	0.07424617492065592
train	LAV	1122	0.08326279880225744
train	LAV	1123	0.0733489164652413
train	LAV	1124	0.06911868872557016
train	LAV	1125	0.07994224618465381
train	LAV	1126	0.07422218836214645
train	LAV	1127	0.07107257197378955
train	LAV	1128	0.061492715938740575
train	LAV	1129	0.06916130954330879
train	LAV	1130	0.07167988266427816
train	LAV	1131	0.06922316779723388
train	LAV	1132	0.060942195756061614
train	LAV	1133	0.06769302280224232
train	LAV	1134	0.07148339995546658
train	LAV	1135	0.07517378709935438
train	LAV	1136	0.07105169220718362
train	LAV	1137	0.06839237719664888
train	LAV	1138	0.07031482203842222
train	LAV	1139	0.06545863118608408
train	LAV	1140	0.07874518269086382
train	LAV	1141	0.07591013208825062
train	LAV	1142	0.07318097926704328
train	LAV	1143	0.06263311508641578
train	LAV	1144	0.07625869656237162
train	LAV	1145	0.0753212345856761
train	LAV	1146	0.07593340928331832
train	LAV	1147	0.06588707881140053
train	LAV	1148	0.06385688624011547
train	LAV	1149	0.07805389630787646
train	LAV	1150	0.07181317537639985
train	LAV	1151	0.08300609650826314
train	LAV	1152	0.06768566393610889
train	LAV	1153	0.08263659692283838
train	LAV	1154	0.06520217816308603
train	LAV	1155	0.07739428862755786
train	LAV	1156	0.07236867341461693
train	LAV	1157	0.06387459702924166
train	LAV	1158	0.05945552141467371
train	LAV	1159	0.07390206452984512
train	LAV	1160	0.06744358547531874
train	LAV	1161	0.06936062173212722
train	LAV	1162	0.06048515567843426
train	LAV	1163	0.07491182073158535
train	LAV	1164	0.07085314246023011
train	LAV	1165	0.0585126481692042
train	LAV	1166	0.08474182440249718
train	LAV	1167	0.06892263941108878
train	LAV	1168	0.06722762726388422
train	LAV	1169	0.07376530718314835
train	LAV	1170	0.07130624341073664
train	LAV	1171	0.08726140824259657
train	LAV	1172	0.08038915565585317
train	LAV	1173	0.06134823532234777
train	LAV	1174	0.05899969715405243
train	LAV	1175	0.06853498296450927
train	LAV	1176	0.07022792444523179
train	LAV	1177	0.0660195046051208
train	LAV	1178	0.06442257812749526
train	LAV	1179	0.07314875109343492
train	LAV	1180	0.06939217273931152
train	LAV	1181	0.06307620322558948
train	LAV	1182	0.084584643574023
train	LAV	1183	0.06543358004886404
train	LAV	1184	0.0773278198027533
train	LAV	1185	0.07234158410925015
train	LAV	1186	0.07255064876900347
train	LAV	1187	0.06991961733630069
train	LAV	1188	0.07542395055419703
train	LAV	1189	0.0595823646956331
train	LAV	1190	0.07043003325084206
train	LAV	1191	0.0768880250946541
train	LAV	1192	0.07889875818792953
train	LAV	1193	0.05935998219882511
train	LAV	1194	0.07690229908526466
train	LAV	1195	0.07670621444659051
train	LAV	1196	0.07205897078411866
train	LAV	1197	0.08750724208864877
train	LAV	1198	0.07726662766865552
train	LAV	1199	0.09593043638549202
train	LAV	1200	0.06476541801266913
train	LAV	1201	0.08429101300521692
train	LAV	1202	0.05576363991948009
train	LAV	1203	0.08231037823396228
train	LAV	1204	0.07157788020985265
train	LAV	1205	0.07318554281257098
train	LAV	1206	0.08197968539669086
train	LAV	1207	0.08513531091799674
train	LAV	1208	0.06189920684561483
train	LAV	1209	0.07488136796516845
train	LAV	1210	0.0753983798206005
train	LAV	1211	0.06406172859228537
train	LAV	1212	0.06637707211918373
train	LAV	1213	0.07534353463316677
train	LAV	1214	0.06317273955605122
train	LAV	1215	0.06602137196788116
train	LAV	1216	0.08250657284784574
train	LAV	1217	0.08813923283379504
train	LAV	1218	0.08150553750513984
train	LAV	1219	0.06487683664374767
train	LAV	1220	0.057462328061077116
train	LAV	1221	0.07587917498522763
train	LAV	1222	0.0629621063899348
train	LAV	1223	0.06199372937880651
train	LAV	1224	0.07349764063442843
train	LAV	1225	0.05783681548089849
train	LAV	1226	0.08582686259478163
train	LAV	1227	0.07588420563767576
train	LAV	1228	0.061683191881684016
train	LAV	1229	0.05847947400172669
train	LAV	1230	0.06576141723683405
train	LAV	1231	0.07329293171790792
train	LAV	1232	0.08135099727369882
train	LAV	1233	0.07399648386170624
train	LAV	1234	0.06796373817061732
train	LAV	1235	0.07253259388986416
train	LAV	1236	0.07564116098673448
train	LAV	1237	0.06674805727125846
train	LAV	1238	0.07650629412005651
train	LAV	1239	0.062434147187352476
train	LAV	1240	0.07133416017123684
train	LAV	1241	0.07533572087599462
train	LAV	1242	0.061840524804591
train	LAV	1243	0.06892144664562098
train	LAV	1244	0.08771392993006501
train	LAV	1245	0.06874883255446408
train	LAV	1246	0.07125817886679858
train	LAV	1247	0.06392746987287354
train	LAV	1248	0.0787775053820805
train	LAV	1249	0.07357471396976213
train	LAV	1250	0.06429483180046908
train	LAV	1251	0.08300222283952853
train	LAV	1252	0.055130616087142925
train	LAV	1253	0.05999885753859278
train	LAV	1254	0.06042382993309571
train	LAV	1255	0.08145322410989518
train	LAV	1256	0.0869225486013293
train	LAV	1257	0.0653226226208359
train	LAV	1258	0.07270348864856743
train	LAV	1259	0.07444501486104012
train	LAV	1260	0.06822467195206681
train	LAV	1261	0.06941548527402458
train	LAV	1262	0.0952347054151632
train	LAV	1263	0.07701024343312622
train	LAV	1264	0.06913800315354973
train	LAV	1265	0.07547221342723054
train	LAV	1266	0.07384471880339843
train	LAV	1267	0.07207071423047373
train	LAV	1268	0.0679969529949319
train	LAV	1269	0.05914731653511334
train	LAV	1270	0.0556681922042224
train	LAV	1271	0.07413301391089541
train	LAV	1272	0.07126597894176011
train	LAV	1273	0.06282377555023445
train	LAV	1274	0.07846443488915147
train	LAV	1275	0.06829671846859758
train	LAV	1276	0.07249535585579327
train	LAV	1277	0.057600781120746326
train	LAV	1278	0.07334469571871952
train	LAV	1279	0.06695420988579999
train	LAV	1280	0.08190572250127871
train	LAV	1281	0.05495312641687616
train	LAV	1282	0.06940661508519147
train	LAV	1283	0.0697051405069809
train	LAV	1284	0.07112431796530182
train	LAV	1285	0.06295701120246117
train	LAV	1286	0.0700660798113996
train	LAV	1287	0.06718676049014909
train	LAV	1288	0.06831496231052632
train	LAV	1289	0.07049278211977142
train	LAV	1290	0.06858237916626242
train	LAV	1291	0.06088830220000766
train	LAV	1292	0.07779829409945466
train	LAV	1293	0.06853485781277019
train	LAV	1294	0.08609245145448022
train	LAV	1295	0.07647669139554741
train	LAV	1296	0.06078536453150076
train	LAV	1297	0.07313112355009066
train	LAV	1298	0.07180828981865392
train	LAV	1299	0.07244841795087419
train	LAV	1300	0.07133776352013109
train	LAV	1301	0.07792531585442403
train	LAV	1302	0.08184230414547668
train	LAV	1303	0.06688845487247866
train	LAV	1304	0.0744918783561599
train	LAV	1305	0.07398440824259445
train	LAV	1306	0.07706451745443095
train	LAV	1307	0.0634278062350817
train	LAV	1308	0.07144373645241436
train	LAV	1309	0.07621177453981293
train	LAV	1310	0.07492888308235024
train	LAV	1311	0.08778501048601005
train	LAV	1312	0.07182115649097462
train	LAV	1313	0.08508685941696763
train	LAV	1314	0.06345425043134156
train	LAV	1315	0.07635131489431393
train	LAV	1316	0.06658682988239199
train	LAV	1317	0.0752085986496484
train	LAV	1318	0.07856058140756665
train	LAV	1319	0.07183626479775075
train	LAV	1320	0.07363595168324896
train	LAV	1321	0.06398958759311937
train	LAV	1322	0.07217825359846684
train	LAV	1323	0.06971719037090846
train	LAV	1324	0.07496726339429122
train	LAV	1325	0.08621782036773284
train	LAV	1326	0.0744340457017748
train	LAV	1327	0.08237600740128842
train	LAV	1328	0.058273372581031845
train	LAV	1329	0.07912829665864182
train	LAV	1330	0.07775898293839847
train	LAV	1331	0.06678724318142017
train	LAV	1332	0.06786288406676703
train	LAV	1333	0.07292420718402032
train	LAV	1334	0.08680315129680888
train	LAV	1335	0.07984351054426066
train	LAV	1336	0.06769773306087144
train	LAV	1337	0.07666224254578899
train	LAV	1338	0.07044486461776837
train	LAV	1339	0.0696796464609263
train	LAV	1340	0.07437362934343984
train	LAV	1341	0.06849949067376686
train	LAV	1342	0.05926120132546358
train	LAV	1343	0.07314072562294228
train	LAV	1344	0.09249605255413688
train	LAV	1345	0.06845260221544357
train	LAV	1346	0.07312411640770328
train	LAV	1347	0.0817340136223995
train	LAV	1348	0.07555490273534804
train	LAV	1349	0.05940220840574079
train	LAV	1350	0.07206687057418917
train	LAV	1351	0.08718437171115412
train	LAV	1352	0.0730224521507148
train	LAV	1353	0.06745902367946223
train	LAV	1354	0.049826249912120514
train	LAV	1355	0.06529659158643024
train	LAV	1356	0.07639332544996462
train	LAV	1357	0.06320317348814719
train	LAV	1358	0.06573167391053968
train	LAV	1359	0.07339310230465215
train	LAV	1360	0.07652263818246226
train	LAV	1361	0.08384348492744546
train	LAV	1362	0.074623735282072
train	LAV	1363	0.08122118520629955
train	LAV	1364	0.07445262905482948
train	LAV	1365	0.07726494275636817
train	LAV	1366	0.07202383878010842
train	LAV	1367	0.08606314579019439
train	LAV	1368	0.07158861637894846
train	LAV	1369	0.07662439841363035
train	LAV	1370	0.06049677046911327
train	LAV	1371	0.07028851315929815
train	LAV	1372	0.06911004050982399
train	LAV	1373	0.0731736879032035
train	LAV	1374	0.06873945062283589
train	LAV	1375	0.08145028168165261
train	LAV	1376	0.07629264210761438
train	LAV	1377	0.07631837479186183
train	LAV	1378	0.07400464555501528
train	LAV	1379	0.07815966538122117
train	LAV	1380	0.07494818919461185
train	LAV	1381	0.07249203504405777
train	LAV	1382	0.07310553229489271
train	LAV	1383	0.05952346417224847
train	LAV	1384	0.07606428518808409
train	LAV	1385	0.06996662206536895
train	LAV	1386	0.08401505083631182
train	LAV	1387	0.08144922009075639
train	LAV	1388	0.08313565195102578
train	LAV	1389	0.06817170099074518
train	LAV	1390	0.07851252508321364
train	LAV	1391	0.05903628235945437
train	LAV	1392	0.08262424456535204
train	LAV	1393	0.06312227488998784
train	LAV	1394	0.07061636989041264
train	LAV	1395	0.07034073003722253
train	LAV	1396	0.06477765189240241
train	LAV	1397	0.06813383867020448
train	LAV	1398	0.06013778396835467
train	LAV	1399	0.07130379090599596
train	LAV	1400	0.07148483130022072
train	LAV	1401	0.07262301715610726
train	LAV	1402	0.054298395583179795
train	LAV	1403	0.07235468691079841
train	LAV	1404	0.06890625300229881
train	LAV	1405	0.06712100159520079
train	LAV	1406	0.06153852339624495
train	LAV	1407	0.07467496727547451
train	LAV	1408	0.08253711708650512
train	LAV	1409	0.0751579082802958
train	LAV	1410	0.06356278800436034
train	LAV	1411	0.06604364755222103
train	LAV	1412	0.05858733700142808
train	LAV	1413	0.05377470847554813
train	LAV	1414	0.06622421661031724
train	LAV	1415	0.0657163312574081
train	LAV	1416	0.06932579615939924
train	LAV	1417	0.08930141238820644
train	LAV	1418	0.08288885750427522
train	LAV	1419	0.07461339681947045
train	LAV	1420	0.06623546296845624
train	LAV	1421	0.05770001981796259
train	LAV	1422	0.06662693819266677
train	LAV	1423	0.05976584770364595
train	LAV	1424	0.05409085276201872
train	LAV	1425	0.08160059461994619
train	LAV	1426	0.07634948077184604
train	LAV	1427	0.08365416245074052
train	LAV	1428	0.08524477947651725
train	LAV	1429	0.07357500655428564
train	LAV	1430	0.0716439553158068
train	LAV	1431	0.08139232980568786
train	LAV	1432	0.07254907944984156
train	LAV	1433	0.06144314177759347
train	LAV	1434	0.0643149008284158
train	LAV	1435	0.07410302768893999
train	LAV	1436	0.07611821940866981
train	LAV	1437	0.0713801215727333
train	LAV	1438	0.08539855422696907
train	LAV	1439	0.07634466248623076
train	LAV	1440	0.06980466644379779
train	LAV	1441	0.0901529777780426
train	LAV	1442	0.07655628987391977
train	LAV	1443	0.08275954124824007
train	LAV	1444	0.065798826062127
train	LAV	1445	0.07917227910723088
train	LAV	1446	0.07458063527033068
train	LAV	1447	0.060652249632516156
train	LAV	1448	0.08380090267727526
train	LAV	1449	0.07108738826822883
train	LAV	1450	0.06124505666741597
train	LAV	1451	0.059006693127760086
train	LAV	1452	0.07368775415350548
train	LAV	1453	0.06084061274031626
train	LAV	1454	0.06213768682091772
train	LAV	1455	0.07136799637436152
train	LAV	1456	0.07076756953508873
train	LAV	1457	0.07116070230449378
train	LAV	1458	0.06901793632035395
train	LAV	1459	0.06297386184413357
train	LAV	1460	0.06991301546062156
train	LAV	1461	0.09396719563173006
train	LAV	1462	0.07092255354953492
train	LAV	1463	0.07341000834182954
train	LAV	1464	0.06495046889302712
train	LAV	1465	0.07389451032624172
train	LAV	1466	0.07763191141940468
train	LAV	1467	0.0673868035805806
train	LAV	1468	0.06418257524884295
train	LAV	1469	0.07479530858238487
train	LAV	1470	0.07072259181210462
train	LAV	1471	0.06948159187795855
train	LAV	1472	0.06804026596123176
train	LAV	1473	0.06588031050258987
train	LAV	1474	0.0749121111966861
train	LAV	1475	0.07604123728633998
train	LAV	1476	0.07450406035623451
train	LAV	1477	0.07354741171244826
train	LAV	1478	0.08237818229580704
train	LAV	1479	0.07099982046193909
train	LAV	1480	0.06335360155399788
train	LAV	1481	0.06789176726225303
train	LAV	1482	0.06964602790776825
train	LAV	1483	0.074300466113355
train	LAV	1484	0.060028047982618946
train	LAV	1485	0.08258947242412351
train	LAV	1486	0.07299667134095432
train	LAV	1487	0.06932155009022453
train	LAV	1488	0.07037624194477574
train	LAV	1489	0.05932966980887456
train	LAV	1490	0.0646609917818916
train	LAV	1491	0.07369085167056806
train	LAV	1492	0.06738736514396593
train	LAV	1493	0.08042477481363174
train	LAV	1494	0.06837269330479726
train	LAV	1495	0.07251459944644001
train	LAV	1496	0.07356761555197938
train	LAV	1497	0.08610043336421519
train	LAV	1498	0.06243600573789502
train	LAV	1499	0.07133413449437144
train	LAV	1500	0.0790926732282743
train	LAV	1501	0.0624472687020202
train	LAV	1502	0.08663561494038288
train	LAV	1503	0.07734497148928152
train	LAV	1504	0.0746965553859462
train	LAV	1505	0.05740217891376557
train	LAV	1506	0.06603111974918423
train	LAV	1507	0.061146277949839706
train	LAV	1508	0.06577093823723568
train	LAV	1509	0.08160195995473292
train	LAV	1510	0.07169448508075552
train	LAV	1511	0.05845371378991134
train	LAV	1512	0.0666274968704195
train	LAV	1513	0.0756333075967394
train	LAV	1514	0.07258899427546882
train	LAV	1515	0.07597856203359399
train	LAV	1516	0.07359647042684857
train	LAV	1517	0.05050099131922063
train	LAV	1518	0.0668363008366789
train	LAV	1519	0.07564987390110962
train	LAV	1520	0.065193338534961
train	LAV	1521	0.06788887159030482
train	LAV	1522	0.07170294922939292
train	LAV	1523	0.0751910926013171
train	LAV	1524	0.07702497216439488
train	LAV	1525	0.07236675901897913
train	LAV	1526	0.07560166542294885
train	LAV	1527	0.08054044433416348
train	LAV	1528	0.07212560679870543
train	LAV	1529	0.07083242039293484
train	LAV	1530	0.0728083414041305
train	LAV	1531	0.05908524168732892
train	LAV	1532	0.06853524130588558
train	LAV	1533	0.06674924119778647
train	LAV	1534	0.07758345204514479
train	LAV	1535	0.07926311468901419
train	LAV	1536	0.06848391488340172
train	LAV	1537	0.08049255839557763
train	LAV	1538	0.06974576776524942
train	LAV	1539	0.07014949317423788
train	LAV	1540	0.08123425292702438
train	LAV	1541	0.06475330068365617
train	LAV	1542	0.06425753802740303
train	LAV	1543	0.0619045626259386
train	LAV	1544	0.08402519606796766
train	LAV	1545	0.07863230464542713
train	LAV	1546	0.08036944149408658
train	LAV	1547	0.0729587647255238
train	LAV	1548	0.07474344938360553
train	LAV	1549	0.07385402308032446
train	LAV	1550	0.07877169796567357
train	LAV	1551	0.06312317515752351
train	LAV	1552	0.07763940524474693
train	LAV	1553	0.077634308779408
train	LAV	1554	0.06317539649612222
train	LAV	1555	0.07026562422953422
train	LAV	1556	0.06869473299009611
train	LAV	1557	0.07258537362343438
train	LAV	1558	0.07771135614615833
train	LAV	1559	0.07273178211806787
train	LAV	1560	0.06957008825414324
train	LAV	1561	0.0622709961868518
train	LAV	1562	0.06547530830549181
train	LAV	1563	0.06812782949425226
train	LAV	1564	0.07259455029401375
train	LAV	1565	0.07126166987131084
train	LAV	1566	0.06829472550028728
train	LAV	1567	0.0639105062065153
train	LAV	1568	0.0733803590570979
train	LAV	1569	0.06055128612290298
train	LAV	1570	0.06663516591344265
train	LAV	1571	0.07589098137330406
train	LAV	1572	0.07773402071514564
train	LAV	1573	0.08158047127720955
train	LAV	1574	0.06283031889799068
train	LAV	1575	0.07988103892715252
train	LAV	1576	0.07991661513854248
train	LAV	1577	0.08193353360648988
train	LAV	1578	0.08439239314863009
train	LAV	1579	0.047900963874663034
train	LAV	1580	0.06952470150046608
train	LAV	1581	0.06546356429533637
train	LAV	1582	0.07321921308319847
train	LAV	1583	0.0730266886094836
train	LAV	1584	0.060829271929329506
train	LAV	1585	0.08272300984570681
train	LAV	1586	0.07362801280997036
train	LAV	1587	0.0725849928188955
train	LAV	1588	0.0626062439550097
train	LAV	1589	0.05453833715585455
train	LAV	1590	0.07247055448744205
train	LAV	1591	0.06296999902221202
train	LAV	1592	0.06692367939371631
train	LAV	1593	0.07642420129645562
train	LAV	1594	0.06576784958601767
train	LAV	1595	0.0636438259657979
train	LAV	1596	0.06835170335941997
train	LAV	1597	0.05712926104958268
train	LAV	1598	0.06794508509869451
train	LAV	1599	0.06644565119702935
train	LAV	1600	0.07501968987447476
train	LAV	1601	0.07227367044359048
train	LAV	1602	0.06511839135924669
train	LAV	1603	0.06780776706698527
train	LAV	1604	0.062371749444960135
train	LAV	1605	0.07212923424922013
train	LAV	1606	0.07737047983311983
train	LAV	1607	0.08239718436840278
train	LAV	1608	0.06930792746030792
train	LAV	1609	0.06987790154264395
train	LAV	1610	0.08048591593339784
train	LAV	1611	0.07346236638342898
train	LAV	1612	0.07183340681873426
train	LAV	1613	0.06169596086401499
train	LAV	1614	0.06834925171900813
train	LAV	1615	0.07662623707396173
train	LAV	1616	0.07171759454900366
train	LAV	1617	0.08047812284706257
train	LAV	1618	0.07510516324002615
train	LAV	1619	0.07535725763293638
train	LAV	1620	0.06063988072826778
train	LAV	1621	0.066406886264477
train	LAV	1622	0.06327091149719143
train	LAV	1623	0.068409873602763
train	LAV	1624	0.06631497608465825
train	LAV	1625	0.07539397019571895
train	LAV	1626	0.06662404411833912
train	LAV	1627	0.06383580812818447
train	LAV	1628	0.06121541527528868
train	LAV	1629	0.08244152485993154
train	LAV	1630	0.07306380016347336
train	LAV	1631	0.07082715477876257
train	LAV	1632	0.08496638088900668
train	LAV	1633	0.07867258698016798
train	LAV	1634	0.07424541364252743
train	LAV	1635	0.08370185936495815
train	LAV	1636	0.06271593065627878
train	LAV	1637	0.05473902521222325
train	LAV	1638	0.07866916419288046
train	LAV	1639	0.07838262310525876
train	LAV	1640	0.06788984721740839
train	LAV	1641	0.062245330783563986
train	LAV	1642	0.0530527293568617
train	LAV	1643	0.06900277475793953
train	LAV	1644	0.07311189358901264
train	LAV	1645	0.06527800312541047
train	LAV	1646	0.060425708889278756
train	LAV	1647	0.07434975511125323
train	LAV	1648	0.06016134524175751
train	LAV	1649	0.0744344617343622
train	LAV	1650	0.0778322763303989
train	LAV	1651	0.05867263956703958
train	LAV	1652	0.07126179013265932
train	LAV	1653	0.06230249898011688
train	LAV	1654	0.07347268738541773
train	LAV	1655	0.068917633486857
train	LAV	1656	0.08527930727165511
train	LAV	1657	0.0711033679874205
train	LAV	1658	0.07703683147477552
train	LAV	1659	0.07738068209974956
train	LAV	1660	0.054255096316198494
train	LAV	1661	0.08083090950801522
train	LAV	1662	0.07310672701672982
train	LAV	1663	0.06778805447436723
train	LAV	1664	0.06361906121411726
train	LAV	1665	0.05791720075045552
train	LAV	1666	0.06952789213993696
train	LAV	1667	0.06701609318959317
train	LAV	1668	0.068625193529381
train	LAV	1669	0.07923952673397588
train	LAV	1670	0.07676726157645622
train	LAV	1671	0.06920213949158002
train	LAV	1672	0.07257615431022765
train	LAV	1673	0.07235062408916476
train	LAV	1674	0.0736340470782219
train	LAV	1675	0.08016818117726802
train	LAV	1676	0.07299153256036199
train	LAV	1677	0.06619801271773587
train	LAV	1678	0.07202599883391297
train	LAV	1679	0.07303096542033193
train	LAV	1680	0.06617037262214327
train	LAV	1681	0.06513289118030514
train	LAV	1682	0.054891794602115705
train	LAV	1683	0.05723175023331576
train	LAV	1684	0.06469257125715669
train	LAV	1685	0.07858753570168867
train	LAV	1686	0.06367189207203078
train	LAV	1687	0.07701546085268067
train	LAV	1688	0.06256191332653367
train	LAV	1689	0.06404605879417333
train	LAV	1690	0.07215373554319962
train	LAV	1691	0.0828823201155309
train	LAV	1692	0.07272010167402174
train	LAV	1693	0.06886670351032219
train	LAV	1694	0.06013448529442167
train	LAV	1695	0.07834011284987524
train	LAV	1696	0.06760639346292399
train	LAV	1697	0.059019926374894255
train	LAV	1698	0.0627835967403706
train	LAV	1699	0.07110085120491225
train	LAV	1700	0.07257376491573173
train	LAV	1701	0.07329366174236265
train	LAV	1702	0.06091366511155267
train	LAV	1703	0.07857957293172925
train	LAV	1704	0.06533158129554786
train	LAV	1705	0.0782845475373381
train	LAV	1706	0.06669411228198484
train	LAV	1707	0.06273917082418996
train	LAV	1708	0.07926484610670492
train	LAV	1709	0.07962793654034024
train	LAV	1710	0.07611871583339004
train	LAV	1711	0.0708938709823813
train	LAV	1712	0.09449532493843006
train	LAV	1713	0.08260397691117866
train	LAV	1714	0.06506603030410109
train	LAV	1715	0.08625762603811514
train	LAV	1716	0.07281937566427323
train	LAV	1717	0.07796396152871932
train	LAV	1718	0.06899767067139993
train	LAV	1719	0.0701915545787053
train	LAV	1720	0.08638596757492815
train	LAV	1721	0.08689083155027573
train	LAV	1722	0.06701866735266084
train	LAV	1723	0.06371041121164343
train	LAV	1724	0.06480317020971721
train	LAV	1725	0.07528861131786939
train	LAV	1726	0.06978696984358619
train	LAV	1727	0.07640114190300688
train	LAV	1728	0.06674115737348696
train	LAV	1729	0.06867332902798191
train	LAV	1730	0.07808406532623526
train	LAV	1731	0.06958765829385846
train	LAV	1732	0.07617154309202882
train	LAV	1733	0.07554972296852311
train	LAV	1734	0.06627689738464826
train	LAV	1735	0.06627294940192203
train	LAV	1736	0.06826672735739503
train	LAV	1737	0.07333595467406549
train	LAV	1738	0.06891746537834638
train	LAV	1739	0.07505529185550344
train	LAV	1740	0.06897936413196716
train	LAV	1741	0.06218088892030064
train	LAV	1742	0.06349918166662259
train	LAV	1743	0.06267507132754846
train	LAV	1744	0.0774678992380392
train	LAV	1745	0.07643215099651444
train	LAV	1746	0.06959674968853549
train	LAV	1747	0.065482187364035
train	LAV	1748	0.08671852401277404
train	LAV	1749	0.07369443049323818
train	LAV	1750	0.07529700802472558
train	LAV	1751	0.07678698711554749
train	LAV	1752	0.06915333135694055
train	LAV	1753	0.06387571236679809
train	LAV	1754	0.0777377707725293
train	LAV	1755	0.07193481943203327
train	LAV	1756	0.06069004553447673
train	LAV	1757	0.08171000069892004
train	LAV	1758	0.08541191766640305
train	LAV	1759	0.08272457747202637
train	LAV	1760	0.06854062985082268
train	LAV	1761	0.07502983862786139
train	LAV	1762	0.07800614675790939
train	LAV	1763	0.07237854727617711
train	LAV	1764	0.07339219250891875
train	LAV	1765	0.07919257243146839
train	LAV	1766	0.06525149401380749
train	LAV	1767	0.06818873258832917
train	LAV	1768	0.0845907947760433
train	LAV	1769	0.07322354548681673
train	LAV	1770	0.0661256346644
train	LAV	1771	0.06753200728342057
train	LAV	1772	0.06486577608494817
train	LAV	1773	0.06716015691092038
train	LAV	1774	0.0863821059952138
train	LAV	1775	0.07288097461047158
train	LAV	1776	0.06454334162470643
train	LAV	1777	0.0749527844322886
train	LAV	1778	0.06455855488700966
train	LAV	1779	0.068015498641598
train	LAV	1780	0.0648002610301919
train	LAV	1781	0.0653557575721713
train	LAV	1782	0.07381229374915164
train	LAV	1783	0.0710773035973793
train	LAV	1784	0.07171939412197334
train	LAV	1785	0.0641046689162599
train	LAV	1786	0.07711851842065559
train	LAV	1787	0.07341979097040081
train	LAV	1788	0.08340052642531474
train	LAV	1789	0.08358407772424228
train	LAV	1790	0.0611817949759544
train	LAV	1791	0.07271048281466283
train	LAV	1792	0.07712390951633194
train	LAV	1793	0.07722252610883552
train	LAV	1794	0.05482012060260116
train	LAV	1795	0.06740273814756159
train	LAV	1796	0.05206649602753269
train	LAV	1797	0.07301639206236067
train	LAV	1798	0.06865702565606231
train	LAV	1799	0.07939950819322329
train	LAV	1800	0.06649739709501085
train	LAV	1801	0.06415344591482951
train	LAV	1802	0.0557750674096697
train	LAV	1803	0.06840604148749162
train	LAV	1804	0.07994798040766442
train	LAV	1805	0.07357160793301255
train	LAV	1806	0.07374077851874038
train	LAV	1807	0.07128261802339057
train	LAV	1808	0.07088034442440921
train	LAV	1809	0.08151049955054088
train	LAV	1810	0.055840514348377016
train	LAV	1811	0.07315593675283684
train	LAV	1812	0.0719269978089651
train	LAV	1813	0.07716945367857427
train	LAV	1814	0.05779704467052162
train	LAV	1815	0.084247061045193
train	LAV	1816	0.06358858013637342
train	LAV	1817	0.07127261387281228
train	LAV	1818	0.07862075677605779
train	LAV	1819	0.06978647786971509
train	LAV	1820	0.07307094453301388
train	LAV	1821	0.07115907479954843
train	LAV	1822	0.07926572994159052
train	LAV	1823	0.06051803422424619
train	LAV	1824	0.06994136661712173
train	LAV	1825	0.07683439013927645
train	LAV	1826	0.07171461966839968
train	LAV	1827	0.07481812402379319
train	LAV	1828	0.06744435083075109
train	LAV	1829	0.0779941626510309
train	LAV	1830	0.054278383326628446
train	LAV	1831	0.06319068134080925
train	LAV	1832	0.07396007641693442
train	LAV	1833	0.06916449892598449
train	LAV	1834	0.08073864047752648
train	LAV	1835	0.06301596412779589
train	LAV	1836	0.07652889300858946
train	LAV	1837	0.05933865200166157
train	LAV	1838	0.07350594509225486
train	LAV	1839	0.07212230249431804
train	LAV	1840	0.08087130340021398
train	LAV	1841	0.08825170185572699
train	LAV	1842	0.06381490084972756
train	LAV	1843	0.0758609581458232
train	LAV	1844	0.07648522608403517
train	LAV	1845	0.058879906382816385
train	LAV	1846	0.07075621285512018
train	LAV	1847	0.06688051666778722
train	LAV	1848	0.08259910435894133
train	LAV	1849	0.06067184061247267
train	LAV	1850	0.08074560963232136
train	LAV	1851	0.06201715420515551
train	LAV	1852	0.07242995420994071
train	LAV	1853	0.07421105973033533
train	LAV	1854	0.08170292612400543
train	LAV	1855	0.06798341326412229
train	LAV	1856	0.07131762425703383
train	LAV	1857	0.06918723565384931
train	LAV	1858	0.06911326043695142
train	LAV	1859	0.07244040054531296
train	LAV	1860	0.08826128224319515
train	LAV	1861	0.07424341213185477
train	LAV	1862	0.06711724950155311
train	LAV	1863	0.07589032848502976
train	LAV	1864	0.06439535240863695
train	LAV	1865	0.06443573492457128
train	LAV	1866	0.06059072106666889
train	LAV	1867	0.06433654780203599
train	LAV	1868	0.05591561621183456
train	LAV	1869	0.07043558253258551
train	LAV	1870	0.07479610276748883
train	LAV	1871	0.06755006761988165
train	LAV	1872	0.07939785928096231
train	LAV	1873	0.07197766708638982
train	LAV	1874	0.07891332806965598
train	LAV	1875	0.062080500257802027
train	LAV	1876	0.06716807574069211
train	LAV	1877	0.07685363783882383
train	LAV	1878	0.07009322474572144
train	LAV	1879	0.08324359630247699
train	LAV	1880	0.05596114286778062
train	LAV	1881	0.07614656899369966
train	LAV	1882	0.07450620083871316
train	LAV	1883	0.06138448251556099
train	LAV	1884	0.07740278646082631
train	LAV	1885	0.07230698569858196
train	LAV	1886	0.06971417209424734
train	LAV	1887	0.07353172963430286
train	LAV	1888	0.06659569132445363
train	LAV	1889	0.08090557156763235
train	LAV	1890	0.08084406576490298
train	LAV	1891	0.05652061599023956
train	LAV	1892	0.05789778216223227
train	LAV	1893	0.08231321216215866
train	LAV	1894	0.08289505822340344
train	LAV	1895	0.08307485462667438
train	LAV	1896	0.07011065659542906
train	LAV	1897	0.05758492953511146
train	LAV	1898	0.07202826257190242
train	LAV	1899	0.07757498075020264
train	LAV	1900	0.08014416286170835
train	LAV	1901	0.06580408384438807
train	LAV	1902	0.0737813209382817
train	LAV	1903	0.08745102636706274
train	LAV	1904	0.07119197430372237
train	LAV	1905	0.07802973417323195
train	LAV	1906	0.07841084954516281
train	LAV	1907	0.059130502904304515
train	LAV	1908	0.06791086799427376
train	LAV	1909	0.07418208446734761
train	LAV	1910	0.06776830254849409
train	LAV	1911	0.08201720256731952
train	LAV	1912	0.07353395016997454
train	LAV	1913	0.0690563234232714
train	LAV	1914	0.0713599108369365
train	LAV	1915	0.07970441582045615
train	LAV	1916	0.07912278653013123
train	LAV	1917	0.07748014210117794
train	LAV	1918	0.06501713400409527
train	LAV	1919	0.06358913793853645
train	LAV	1920	0.07426680678408495
train	LAV	1921	0.06496745942551808
train	LAV	1922	0.07108337792528976
train	LAV	1923	0.062329615828116525
train	LAV	1924	0.07501266131252513
train	LAV	1925	0.06590130524802836
train	LAV	1926	0.073046073794379
train	LAV	1927	0.07117171736150807
train	LAV	1928	0.07162156937012577
train	LAV	1929	0.07393027827824726
train	LAV	1930	0.062290536237565634
train	LAV	1931	0.07595872463159895
train	LAV	1932	0.06655059321086655
train	LAV	1933	0.07563763077356273
train	LAV	1934	0.08328467512648877
train	LAV	1935	0.056956324082854115
train	LAV	1936	0.06243269517975216
train	LAV	1937	0.08233747387425386
train	LAV	1938	0.0658754272440413
train	LAV	1939	0.06674051219292593
train	LAV	1940	0.07998569912163182
train	LAV	1941	0.07692994965332252
train	LAV	1942	0.07511244828975386
train	LAV	1943	0.070375363840397
train	LAV	1944	0.0668337987294654
train	LAV	1945	0.06307469346841982
train	LAV	1946	0.07181932623917153
train	LAV	1947	0.06744909035540475
train	LAV	1948	0.067842389096643
train	LAV	1949	0.06725583070409358
train	LAV	1950	0.07767748143700648
train	LAV	1951	0.06726287004832895
train	LAV	1952	0.061762428904242335
train	LAV	1953	0.08333517647456355
train	LAV	1954	0.07515282865844061
train	LAV	1955	0.07391076936215157
train	LAV	1956	0.0698596841252246
train	LAV	1957	0.07757907658797022
train	LAV	1958	0.08378490566647687
train	LAV	1959	0.08862091001585849
train	LAV	1960	0.0634899918664779
train	LAV	1961	0.07601429080690943
train	LAV	1962	0.06698146600946357
train	LAV	1963	0.0823310589120267
train	LAV	1964	0.07597909800596338
train	LAV	1965	0.07522989963395814
train	LAV	1966	0.06342423958089091
train	LAV	1967	0.07765851924435432
train	LAV	1968	0.08872400647131949
train	LAV	1969	0.06805035152299298
train	LAV	1970	0.06718153073188884
train	LAV	1971	0.07217859240422327
train	LAV	1972	0.06780601612568773
train	LAV	1973	0.06780750186090574
train	LAV	1974	0.0750126955815296
train	LAV	1975	0.07920007490441607
train	LAV	1976	0.09519585179321295
train	LAV	1977	0.06190832572950881
train	LAV	1978	0.07646326794067998
train	LAV	1979	0.0756828807203899
train	LAV	1980	0.06745849315877116
train	LAV	1981	0.07241319369254809
train	LAV	1982	0.07379064194570122
train	LAV	1983	0.07791076088176702
train	LAV	1984	0.07738900978084977
train	LAV	1985	0.06287771820229753
train	LAV	1986	0.07647726287720231
train	LAV	1987	0.07829251690247659
train	LAV	1988	0.08681255438889621
train	LAV	1989	0.08233598389932167
train	LAV	1990	0.08007421898885098
train	LAV	1991	0.07906059134892396
train	LAV	1992	0.0620690423702037
train	LAV	1993	0.07180945882501578
train	LAV	1994	0.06604353487361432
train	LAV	1995	0.06608131367252348
train	LAV	1996	0.0832651291831159
train	LAV	1997	0.06074917318387779
train	LAV	1998	0.0688991615460175
train	LAV	1999	0.06819840459499875
train	LA	0	0.10761674869252799
train	LA	1	0.10407493935118839
train	LA	2	0.08385989139570979
train	LA	3	0.09056108375483335
train	LA	4	0.08860325792166493
train	LA	5	0.0982393616707546
train	LA	6	0.09530444051091025
train	LA	7	0.08473799695310986
train	LA	8	0.09543787011187133
train	LA	9	0.0954832077078951
train	LA	10	0.0951617967850276
train	LA	11	0.1101385447683272
train	LA	12	0.09844747907083204
train	LA	13	0.08834890869406176
train	LA	14	0.0969561547697964
train	LA	15	0.09109668742624867
train	LA	16	0.08979804607982718
train	LA	17	0.11500919996849966
train	LA	18	0.1022892423219623
train	LA	19	0.0984481064743003
train	LA	20	0.105672426889538
train	LA	21	0.1118230522036632
train	LA	22	0.09751544920786206
train	LA	23	0.09529294246070291
train	LA	24	0.08909708358896234
train	LA	25	0.09954018669046896
train	LA	26	0.1098772824805539
train	LA	27	0.09062798638565915
train	LA	28	0.09706962745279747
train	LA	29	0.09053993061520366
train	LA	30	0.09573407190172285
train	LA	31	0.0934715885778116
train	LA	32	0.07985205965736679
train	LA	33	0.09836515424667443
train	LA	34	0.11325491806139246
train	LA	35	0.09601391618733275
train	LA	36	0.092384740331654
train	LA	37	0.09048887488837039
train	LA	38	0.10573300039798438
train	LA	39	0.10073112000669536
train	LA	40	0.0926738927210257
train	LA	41	0.08060610345027742
train	LA	42	0.088312459633337
train	LA	43	0.10597605991690602
train	LA	44	0.09853937705387521
train	LA	45	0.09129144226455899
train	LA	46	0.1099123457426381
train	LA	47	0.11371598844764391
train	LA	48	0.08158316330091088
train	LA	49	0.1051624901986869
train	LA	50	0.0988188154899879
train	LA	51	0.10366423308359969
train	LA	52	0.09562710684200755
train	LA	53	0.09203806048528629
train	LA	54	0.0985785718494313
train	LA	55	0.10736375623848388
train	LA	56	0.10328575198770286
train	LA	57	0.10176579328181488
train	LA	58	0.093961293170696
train	LA	59	0.0927452218125088
train	LA	60	0.09565715196839407
train	LA	61	0.0880217880904684
train	LA	62	0.10705893111962114
train	LA	63	0.09231457430609206
train	LA	64	0.10170273216576153
train	LA	65	0.10461155993522354
train	LA	66	0.09598334383054262
train	LA	67	0.10369678647329818
train	LA	68	0.09538556346194182
train	LA	69	0.09182550024776291
train	LA	70	0.10689047937665425
train	LA	71	0.10677136896060974
train	LA	72	0.10669010460253864
train	LA	73	0.09159476902711092
train	LA	74	0.10602611489234752
train	LA	75	0.09538452718633361
train	LA	76	0.0866460146182096
train	LA	77	0.08356706498097807
train	LA	78	0.0918633110983053
train	LA	79	0.10040315404384004
train	LA	80	0.1034439671499581
train	LA	81	0.09621281116729152
train	LA	82	0.07957678904000257
train	LA	83	0.10239207060624042
train	LA	84	0.09533032932124175
train	LA	85	0.09911125360264463
train	LA	86	0.09341054700975673
train	LA	87	0.09319662030687262
train	LA	88	0.11078941293766065
train	LA	89	0.09307666698983516
train	LA	90	0.0811916319032478
train	LA	91	0.08708741213946941
train	LA	92	0.09523001205240943
train	LA	93	0.08738119461733114
train	LA	94	0.0923173901900527
train	LA	95	0.08650416299617503
train	LA	96	0.08780976286271905
train	LA	97	0.09174298452648585
train	LA	98	0.09288714149595174
train	LA	99	0.10534291417951949
train	LA	100	0.1076026923551393
train	LA	101	0.10173597554672943
train	LA	102	0.09845641988696978
train	LA	103	0.10820274270315186
train	LA	104	0.08639235731266755
train	LA	105	0.0949728987392486
train	LA	106	0.08433708644994237
train	LA	107	0.09235198229468836
train	LA	108	0.08963807104139772
train	LA	109	0.1084704092817254
train	LA	110	0.09824730044998414
train	LA	111	0.08066399814988737
train	LA	112	0.10486284475908925
train	LA	113	0.09442405629776009
train	LA	114	0.10027314309459821
train	LA	115	0.09572448130270157
train	LA	116	0.09619991556837668
train	LA	117	0.09846601505799867
train	LA	118	0.09423047890880475
train	LA	119	0.10464667891666897
train	LA	120	0.09756351250454445
train	LA	121	0.08726395221822439
train	LA	122	0.08115570142145342
train	LA	123	0.09502468671332881
train	LA	124	0.10672447009295198
train	LA	125	0.0961186160806266
train	LA	126	0.10256639048250067
train	LA	127	0.09588344932394395
train	LA	128	0.10421845962030439
train	LA	129	0.09355944940553264
train	LA	130	0.09242585037643929
train	LA	131	0.084534204434153
train	LA	132	0.09963325148920606
train	LA	133	0.09910149277128913
train	LA	134	0.10654856193128143
train	LA	135	0.08281387472204917
train	LA	136	0.0883493498080835
train	LA	137	0.09725399249661815
train	LA	138	0.10751481211042073
train	LA	139	0.09145244208720343
train	LA	140	0.11635531608324792
train	LA	141	0.0868959763525539
train	LA	142	0.08791776305129545
train	LA	143	0.09421701545645216
train	LA	144	0.08497192148797499
train	LA	145	0.10020081820486433
train	LA	146	0.11340717189245701
train	LA	147	0.09459982556371715
train	LA	148	0.0874298582538531
train	LA	149	0.08585186728068579
train	LA	150	0.10063484223323918
train	LA	151	0.09456686733185025
train	LA	152	0.08215446414244078
train	LA	153	0.08782214541080333
train	LA	154	0.09705638604941762
train	LA	155	0.09450548313801714
train	LA	156	0.10731391944554423
train	LA	157	0.08369130166151534
train	LA	158	0.10019646876055303
train	LA	159	0.08897914613648565
train	LA	160	0.11114876132826919
train	LA	161	0.09788043213114095
train	LA	162	0.0893149778417932
train	LA	163	0.0912175774834194
train	LA	164	0.09460983243464113
train	LA	165	0.08876819779010277
train	LA	166	0.08783059135935814
train	LA	167	0.096702857915368
train	LA	168	0.09098763609785285
train	LA	169	0.10122239265379755
train	LA	170	0.09628762653210798
train	LA	171	0.09624326799132259
train	LA	172	0.09805984133876712
train	LA	173	0.10035453871058185
train	LA	174	0.09191159546482834
train	LA	175	0.10297940622324886
train	LA	176	0.10544173110927542
train	LA	177	0.09084577431721377
train	LA	178	0.10687237904858407
train	LA	179	0.09023903133229155
train	LA	180	0.09391302703736618
train	LA	181	0.0947532476422921
train	LA	182	0.09492661960931102
train	LA	183	0.09791496857472903
train	LA	184	0.09633811280454513
train	LA	185	0.11185986163172425
train	LA	186	0.09973955158700296
train	LA	187	0.10244637964230893
train	LA	188	0.09745659672512519
train	LA	189	0.09823931592514694
train	LA	190	0.10624255059560957
train	LA	191	0.08978441681961927
train	LA	192	0.10802152974966385
train	LA	193	0.09210545614393312
train	LA	194	0.0964813100340148
train	LA	195	0.08193064928982341
train	LA	196	0.10030750490157728
train	LA	197	0.0980050064122225
train	LA	198	0.09737531528912176
train	LA	199	0.10401883065990385
train	LA	200	0.08310999994469948
train	LA	201	0.10631351853083937
train	LA	202	0.09623097557237442
train	LA	203	0.08663544090202706
train	LA	204	0.09531794907447409
train	LA	205	0.0991685357497432
train	LA	206	0.10051172328406946
train	LA	207	0.09428759875703213
train	LA	208	0.09687662557963471
train	LA	209	0.09142207322754277
train	LA	210	0.09667561447667049
train	LA	211	0.0876670084387198
train	LA	212	0.07751701891432428
train	LA	213	0.09965485570189724
train	LA	214	0.07166308020165722
train	LA	215	0.09591086589990544
train	LA	216	0.1015845157546288
train	LA	217	0.09581548063719333
train	LA	218	0.09367017178705568
train	LA	219	0.10000306608500217
train	LA	220	0.09037630484718766
train	LA	221	0.08993309850859726
train	LA	222	0.09508505230861489
train	LA	223	0.09835486193575398
train	LA	224	0.09935213812086585
train	LA	225	0.08693745934217323
train	LA	226	0.0934066037172946
train	LA	227	0.09880703120271797
train	LA	228	0.09007302166978101
train	LA	229	0.0952230498341971
train	LA	230	0.09489181297627255
train	LA	231	0.08604414339107742
train	LA	232	0.09609570963006317
train	LA	233	0.0917902646973138
train	LA	234	0.09860268051477075
train	LA	235	0.10423034850409015
train	LA	236	0.09119238364037045
train	LA	237	0.08875881880751334
train	LA	238	0.10751194260927412
train	LA	239	0.09656587517639989
train	LA	240	0.09696108329127888
train	LA	241	0.08417149317673031
train	LA	242	0.09874327157466468
train	LA	243	0.08445238387746663
train	LA	244	0.0919744930912651
train	LA	245	0.08921387827526611
train	LA	246	0.08497371655092047
train	LA	247	0.10335186051472792
train	LA	248	0.10332597196888513
train	LA	249	0.10722178605335166
train	LA	250	0.11687006795881359
train	LA	251	0.0794337476852368
train	LA	252	0.09560771989165466
train	LA	253	0.09528212331394746
train	LA	254	0.0916563024761286
train	LA	255	0.10738656464025567
train	LA	256	0.10140703894789867
train	LA	257	0.09251034757478155
train	LA	258	0.10133878790229071
train	LA	259	0.11129339107557254
train	LA	260	0.08441786561218695
train	LA	261	0.09948388814773627
train	LA	262	0.09348833154104234
train	LA	263	0.1024851498779195
train	LA	264	0.09683694219314777
train	LA	265	0.0807264212219432
train	LA	266	0.08078133876064195
train	LA	267	0.09482269379006615
train	LA	268	0.09898958215904845
train	LA	269	0.10539716363874069
train	LA	270	0.09235414483305428
train	LA	271	0.08847016180363143
train	LA	272	0.10077076207428223
train	LA	273	0.09446277679241162
train	LA	274	0.0995615654974494
train	LA	275	0.08822447663852455
train	LA	276	0.1122130232631777
train	LA	277	0.09306349477392264
train	LA	278	0.1012779279942867
train	LA	279	0.09685244034939679
train	LA	280	0.08682943049536175
train	LA	281	0.10049714839697825
train	LA	282	0.08910516623312875
train	LA	283	0.07485095652225582
train	LA	284	0.09816387903672787
train	LA	285	0.0876723095639944
train	LA	286	0.09018257860032299
train	LA	287	0.08744756368533914
train	LA	288	0.09299247175070938
train	LA	289	0.09751745085149946
train	LA	290	0.09027706425464979
train	LA	291	0.11409674175580088
train	LA	292	0.11545835104425967
train	LA	293	0.08380175921027312
train	LA	294	0.0954824901023188
train	LA	295	0.1017303226429753
train	LA	296	0.08711662388903513
train	LA	297	0.09858332192824727
train	LA	298	0.09418526170930873
train	LA	299	0.09896535890909154
train	LA	300	0.09284772866693697
train	LA	301	0.09021921797667413
train	LA	302	0.08875055011029717
train	LA	303	0.09707870243456242
train	LA	304	0.10258297813027666
train	LA	305	0.09942175852210335
train	LA	306	0.10573509038251172
train	LA	307	0.10167067733988847
train	LA	308	0.09994321774606577
train	LA	309	0.0978195141341883
train	LA	310	0.0943200684562658
train	LA	311	0.09323269399117298
train	LA	312	0.10529694567910006
train	LA	313	0.1158580449439761
train	LA	314	0.09880913370565213
train	LA	315	0.09660026808222005
train	LA	316	0.08428283265696244
train	LA	317	0.09855912346072286
train	LA	318	0.08553807097039834
train	LA	319	0.08854659849452311
train	LA	320	0.10449939110252963
train	LA	321	0.10294160525854376
train	LA	322	0.10707615876297086
train	LA	323	0.09773162279518176
train	LA	324	0.09971942846306499
train	LA	325	0.08368580050625363
train	LA	326	0.09128093281513378
train	LA	327	0.10017236080945931
train	LA	328	0.10348234699078443
train	LA	329	0.08580071851802175
train	LA	330	0.09585125237010328
train	LA	331	0.0916166243424735
train	LA	332	0.08999809352601913
train	LA	333	0.07595421246154606
train	LA	334	0.09040836518170811
train	LA	335	0.09622480420337648
train	LA	336	0.08852649667512041
train	LA	337	0.09914253263071904
train	LA	338	0.0941575270345616
train	LA	339	0.09393514632581895
train	LA	340	0.08585490313281718
train	LA	341	0.11255140515593887
train	LA	342	0.0874384410404351
train	LA	343	0.08474093203666619
train	LA	344	0.09359390582398171
train	LA	345	0.09065661014314028
train	LA	346	0.08949274930083705
train	LA	347	0.08953125649078693
train	LA	348	0.10456097706826192
train	LA	349	0.11000047396933259
train	LA	350	0.10608753450227128
train	LA	351	0.08598694053254921
train	LA	352	0.10216704707126487
train	LA	353	0.10691518671756926
train	LA	354	0.0797157337296498
train	LA	355	0.093572460977141
train	LA	356	0.09325062956534601
train	LA	357	0.09042484577524709
train	LA	358	0.09034383522033347
train	LA	359	0.0904252172384012
train	LA	360	0.10231223010216908
train	LA	361	0.09872202240369529
train	LA	362	0.09739852925538912
train	LA	363	0.08883237937124765
train	LA	364	0.09198884245835277
train	LA	365	0.0993201831587797
train	LA	366	0.09239592388850341
train	LA	367	0.09741537483373576
train	LA	368	0.09315090023377062
train	LA	369	0.09120520288058137
train	LA	370	0.11079423287514659
train	LA	371	0.08601821170269701
train	LA	372	0.09374095961659391
train	LA	373	0.09388297673671873
train	LA	374	0.0889264197928471
train	LA	375	0.08932702167202881
train	LA	376	0.10165596773045264
train	LA	377	0.1114130036992606
train	LA	378	0.09713815669255438
train	LA	379	0.11139875101151414
train	LA	380	0.1087696598366758
train	LA	381	0.08970091343044936
train	LA	382	0.1045227291321368
train	LA	383	0.08689475768086122
train	LA	384	0.0983014191628774
train	LA	385	0.084432366694429
train	LA	386	0.09075278232092902
train	LA	387	0.08184409395400091
train	LA	388	0.10541498710115847
train	LA	389	0.09710288263906762
train	LA	390	0.07637364762325312
train	LA	391	0.10313929947675528
train	LA	392	0.09644727683026413
train	LA	393	0.09143369394261258
train	LA	394	0.09580262543627976
train	LA	395	0.07613989081315567
train	LA	396	0.10748534071924956
train	LA	397	0.09486788952915727
train	LA	398	0.1065212173753529
train	LA	399	0.094022937042704
train	LA	400	0.09703203892361396
train	LA	401	0.08439710626303765
train	LA	402	0.08580786682345967
train	LA	403	0.09405286941752299
train	LA	404	0.09139686382049628
train	LA	405	0.08809294553864669
train	LA	406	0.08788376949384226
train	LA	407	0.09498678994082746
train	LA	408	0.08649708643871469
train	LA	409	0.0992811959596228
train	LA	410	0.098585402725649
train	LA	411	0.09334803909039519
train	LA	412	0.0922735153125914
train	LA	413	0.08774862365325771
train	LA	414	0.08635881302514091
train	LA	415	0.08414144601323412
train	LA	416	0.10010679537815358
train	LA	417	0.10425748047058107
train	LA	418	0.10525542150429865
train	LA	419	0.0955604080125286
train	LA	420	0.08863589569191352
train	LA	421	0.09680296228902971
train	LA	422	0.09371475693387578
train	LA	423	0.10096794135784992
train	LA	424	0.09409844599912569
train	LA	425	0.09384931167967239
train	LA	426	0.08436068977243344
train	LA	427	0.08241305905098784
train	LA	428	0.09111286338378106
train	LA	429	0.08820438667303376
train	LA	430	0.09718844683294871
train	LA	431	0.09152203820956345
train	LA	432	0.08272774204007381
train	LA	433	0.09908859054686905
train	LA	434	0.09193837545634814
train	LA	435	0.10042105986070038
train	LA	436	0.11129362576241238
train	LA	437	0.09769096007977962
train	LA	438	0.0943073826313177
train	LA	439	0.10294232815028173
train	LA	440	0.0894653071019864
train	LA	441	0.09766267597294134
train	LA	442	0.086835549176763
train	LA	443	0.11133099008261545
train	LA	444	0.09494323553504545
train	LA	445	0.08814069475671711
train	LA	446	0.0927932680398062
train	LA	447	0.10612811658711695
train	LA	448	0.0970692368238618
train	LA	449	0.10178211487380438
train	LA	450	0.0952904691484504
train	LA	451	0.09523458788555478
train	LA	452	0.10044609219671621
train	LA	453	0.09482200575517423
train	LA	454	0.08799161740095068
train	LA	455	0.08286406896676834
train	LA	456	0.06772971548883294
train	LA	457	0.08343530635429215
train	LA	458	0.09460157022187855
train	LA	459	0.09362687639510582
train	LA	460	0.08869993153214625
train	LA	461	0.10899014101269078
train	LA	462	0.08977395348746428
train	LA	463	0.09881123313750893
train	LA	464	0.07871804071983363
train	LA	465	0.09577487839889509
train	LA	466	0.10395751626550308
train	LA	467	0.10360929511975729
train	LA	468	0.0888585784303458
train	LA	469	0.10277112533727721
train	LA	470	0.09233125160057384
train	LA	471	0.10062915528850389
train	LA	472	0.09439623218177647
train	LA	473	0.09646348583702713
train	LA	474	0.10214888015587736
train	LA	475	0.09983351680596979
train	LA	476	0.08741199910669734
train	LA	477	0.08896962198662657
train	LA	478	0.1125217466031294
train	LA	479	0.10437417741071194
train	LA	480	0.09257385906349595
train	LA	481	0.09402743208919644
train	LA	482	0.09853792204007834
train	LA	483	0.09332747908192561
train	LA	484	0.10055533993261905
train	LA	485	0.10576492525148004
train	LA	486	0.10676601267939484
train	LA	487	0.09676398705149628
train	LA	488	0.091234755553194
train	LA	489	0.09823758565530288
train	LA	490	0.08719166637022266
train	LA	491	0.0930897990867291
train	LA	492	0.09542976220071332
train	LA	493	0.08536889674332916
train	LA	494	0.0874571638984753
train	LA	495	0.09288320517443051
train	LA	496	0.10901838822313885
train	LA	497	0.09445445394544573
train	LA	498	0.09930653347538805
train	LA	499	0.09039144325260638
train	LA	500	0.10641256883102505
train	LA	501	0.08821641335705487
train	LA	502	0.10130366795563836
train	LA	503	0.1015486173813696
train	LA	504	0.09351591755637136
train	LA	505	0.09184025223350391
train	LA	506	0.09950587142696664
train	LA	507	0.0861071571030374
train	LA	508	0.08708021443842894
train	LA	509	0.09485716278230562
train	LA	510	0.09455123107081465
train	LA	511	0.10017634824419766
train	LA	512	0.08576243960528991
train	LA	513	0.10449896276815755
train	LA	514	0.10069006717162594
train	LA	515	0.0899805054418649
train	LA	516	0.09103113384032832
train	LA	517	0.09913006244837323
train	LA	518	0.09037248930109652
train	LA	519	0.0995060214051789
train	LA	520	0.09369453968564355
train	LA	521	0.11143145284808795
train	LA	522	0.09810745193670142
train	LA	523	0.09977195429508914
train	LA	524	0.09073058660975368
train	LA	525	0.10266468149744554
train	LA	526	0.08920549568217394
train	LA	527	0.08538711714806439
train	LA	528	0.10398192539703939
train	LA	529	0.11074952911275648
train	LA	530	0.09907500542474686
train	LA	531	0.10471996809749068
train	LA	532	0.10077260645372717
train	LA	533	0.0936662977400387
train	LA	534	0.10214523388310084
train	LA	535	0.08806046547399836
train	LA	536	0.09421924164386755
train	LA	537	0.09760359038899294
train	LA	538	0.08180056878427408
train	LA	539	0.08333559250624169
train	LA	540	0.08807377621111062
train	LA	541	0.09163754166289746
train	LA	542	0.08660584446447174
train	LA	543	0.0844451933215175
train	LA	544	0.09004341884978169
train	LA	545	0.09868617856680284
train	LA	546	0.09860261661051083
train	LA	547	0.096449509795218
train	LA	548	0.10047548260686061
train	LA	549	0.09246710750503853
train	LA	550	0.08843680873516424
train	LA	551	0.08335500823759866
train	LA	552	0.09621367745386604
train	LA	553	0.11188575903415152
train	LA	554	0.09884976017070234
train	LA	555	0.09856838345559978
train	LA	556	0.09902599129981302
train	LA	557	0.09569827580047102
train	LA	558	0.08505779855811713
train	LA	559	0.09830854796892631
train	LA	560	0.09577869375010932
train	LA	561	0.10019210338849667
train	LA	562	0.08242277738892034
train	LA	563	0.10327422464725107
train	LA	564	0.10100298492030882
train	LA	565	0.0863331019729932
train	LA	566	0.09418862697444835
train	LA	567	0.09718299577577487
train	LA	568	0.08432031185633346
train	LA	569	0.1058034430726328
train	LA	570	0.0898280044681472
train	LA	571	0.0963862913977312
train	LA	572	0.1000061188971176
train	LA	573	0.08703801594896618
train	LA	574	0.09040447021023994
train	LA	575	0.08056284278139404
train	LA	576	0.08353724782969964
train	LA	577	0.10088245699281433
train	LA	578	0.08715942664657837
train	LA	579	0.08327780838307235
train	LA	580	0.09990706832790154
train	LA	581	0.07129901582414558
train	LA	582	0.0908723615618305
train	LA	583	0.09352374949924859
train	LA	584	0.07710690357601088
train	LA	585	0.10220691037470024
train	LA	586	0.0930826643100169
train	LA	587	0.08812855918873336
train	LA	588	0.09813431050739611
train	LA	589	0.09765643886731293
train	LA	590	0.09448792735688631
train	LA	591	0.09111029355088379
train	LA	592	0.09016123267073518
train	LA	593	0.09586118534963212
train	LA	594	0.09932348688900888
train	LA	595	0.09575252139535737
train	LA	596	0.08545705093817665
train	LA	597	0.09475870483696598
train	LA	598	0.0906290415811642
train	LA	599	0.10350903036635399
train	LA	600	0.09278403622618643
train	LA	601	0.08905851247980155
train	LA	602	0.09663361288674774
train	LA	603	0.10235855741295712
train	LA	604	0.1134826437879981
train	LA	605	0.10676655224009281
train	LA	606	0.10799613198399517
train	LA	607	0.09093102227169654
train	LA	608	0.09786269955202093
train	LA	609	0.08596436525845624
train	LA	610	0.07837925139004392
train	LA	611	0.08251650133390177
train	LA	612	0.0828902707135559
train	LA	613	0.09815407788219156
train	LA	614	0.10751139245788574
train	LA	615	0.09896396252218098
train	LA	616	0.09097520987824809
train	LA	617	0.09353250582264981
train	LA	618	0.10542495073096812
train	LA	619	0.10707000070850227
train	LA	620	0.08670122018134561
train	LA	621	0.0853295174911868
train	LA	622	0.0978302786153247
train	LA	623	0.09414329529404128
train	LA	624	0.0927375078192581
train	LA	625	0.08861393858179
train	LA	626	0.0984261380630932
train	LA	627	0.08518184539959915
train	LA	628	0.09424859761793673
train	LA	629	0.09780607750360695
train	LA	630	0.09908737204514385
train	LA	631	0.08810004772317312
train	LA	632	0.09186632243727658
train	LA	633	0.09019306644711467
train	LA	634	0.10776347168000817
train	LA	635	0.09255579233263928
train	LA	636	0.08896568493589217
train	LA	637	0.10863606798994523
train	LA	638	0.08144971885814047
train	LA	639	0.10015980366284077
train	LA	640	0.08409980996203811
train	LA	641	0.08216546006640614
train	LA	642	0.08958892094166265
train	LA	643	0.09228169894237787
train	LA	644	0.10333649268435197
train	LA	645	0.10395451723414774
train	LA	646	0.07779449842825702
train	LA	647	0.08405084692136762
train	LA	648	0.09256720158843255
train	LA	649	0.09498336685265475
train	LA	650	0.08942869433477692
train	LA	651	0.10367027326914881
train	LA	652	0.09990534289202259
train	LA	653	0.09026729103697811
train	LA	654	0.09672362995444435
train	LA	655	0.11424812139989694
train	LA	656	0.09810840111804846
train	LA	657	0.0929045134880543
train	LA	658	0.09734820383010084
train	LA	659	0.0851827910382659
train	LA	660	0.10249354549657705
train	LA	661	0.10040155587721285
train	LA	662	0.09391713064165698
train	LA	663	0.0963012579428787
train	LA	664	0.09548541171487879
train	LA	665	0.09469961492109609
train	LA	666	0.07603069197005594
train	LA	667	0.10179671697332339
train	LA	668	0.09515265049756916
train	LA	669	0.09271785912984723
train	LA	670	0.09405641591495953
train	LA	671	0.09436385967427731
train	LA	672	0.0909235325307461
train	LA	673	0.09349906421634128
train	LA	674	0.10774648231302518
train	LA	675	0.0964630774727673
train	LA	676	0.09173628473433103
train	LA	677	0.10120591081232418
train	LA	678	0.10401678688690817
train	LA	679	0.0844700032292397
train	LA	680	0.08697495515951398
train	LA	681	0.08959536466688449
train	LA	682	0.11091802150387729
train	LA	683	0.08319908062569976
train	LA	684	0.1036579589794223
train	LA	685	0.08713562724641176
train	LA	686	0.0906289697371014
train	LA	687	0.08889469453909994
train	LA	688	0.06919437117025466
train	LA	689	0.11314893133198863
train	LA	690	0.0978734306857856
train	LA	691	0.07423955054473434
train	LA	692	0.09803223969569229
train	LA	693	0.08162384299297387
train	LA	694	0.09189483497509669
train	LA	695	0.09431467829731714
train	LA	696	0.07730093074022765
train	LA	697	0.10501560518003596
train	LA	698	0.0959600317932668
train	LA	699	0.09510173736304953
train	LA	700	0.0960190576301134
train	LA	701	0.08478651385856399
train	LA	702	0.10961759425375786
train	LA	703	0.09817973549640234
train	LA	704	0.09490011565427353
train	LA	705	0.11389674257479197
train	LA	706	0.08663814008297872
train	LA	707	0.09881387605310445
train	LA	708	0.1013999198791808
train	LA	709	0.10113892374616609
train	LA	710	0.08535217546709524
train	LA	711	0.1132197762877478
train	LA	712	0.10385557275143377
train	LA	713	0.09487522296858662
train	LA	714	0.10018871358643205
train	LA	715	0.1036294872760989
train	LA	716	0.09470330795204225
train	LA	717	0.09493281551606007
train	LA	718	0.10537386130049683
train	LA	719	0.09831282065666198
train	LA	720	0.08774685048299802
train	LA	721	0.09587007938883697
train	LA	722	0.09650521103011242
train	LA	723	0.0949470173521745
train	LA	724	0.10239002093827118
train	LA	725	0.10823212258134975
train	LA	726	0.08825614900779308
train	LA	727	0.09769500291848933
train	LA	728	0.10953994522298145
train	LA	729	0.08809901713784059
train	LA	730	0.09639479144237761
train	LA	731	0.10393018743832415
train	LA	732	0.10951858587112623
train	LA	733	0.09106996974758358
train	LA	734	0.094008606232597
train	LA	735	0.0943854746794824
train	LA	736	0.07383315680342209
train	LA	737	0.08688601183568709
train	LA	738	0.0870717755752488
train	LA	739	0.08934985591038222
train	LA	740	0.09078489837307982
train	LA	741	0.09980357436456423
train	LA	742	0.08833523355266247
train	LA	743	0.09165837201327717
train	LA	744	0.09057443064462911
train	LA	745	0.09218779778212731
train	LA	746	0.09820701465910474
train	LA	747	0.08617565183307983
train	LA	748	0.09889249337380346
train	LA	749	0.0997305244713771
train	LA	750	0.08567212260923807
train	LA	751	0.09222041211902
train	LA	752	0.08393651354219518
train	LA	753	0.10081138116352441
train	LA	754	0.08588310431847258
train	LA	755	0.1006006641113639
train	LA	756	0.09072338177970363
train	LA	757	0.08634855594408537
train	LA	758	0.08397700962244166
train	LA	759	0.09841514094637295
train	LA	760	0.08596576584757319
train	LA	761	0.0790069766698138
train	LA	762	0.0974933040604817
train	LA	763	0.09535972979699042
train	LA	764	0.0891809747933106
train	LA	765	0.09391231596905915
train	LA	766	0.09431823718586238
train	LA	767	0.11404271914823365
train	LA	768	0.0863488843771326
train	LA	769	0.09956036987250912
train	LA	770	0.11105838324254662
train	LA	771	0.08687509991532172
train	LA	772	0.09494191123760941
train	LA	773	0.09557812013520624
train	LA	774	0.08507979560620463
train	LA	775	0.09274381554331035
train	LA	776	0.09279320412423539
train	LA	777	0.08542142202967846
train	LA	778	0.11593183509206016
train	LA	779	0.08596673949266204
train	LA	780	0.08539703690383801
train	LA	781	0.09985571065843339
train	LA	782	0.10848970254250705
train	LA	783	0.10680251195263576
train	LA	784	0.09663161473050143
train	LA	785	0.08930156918063735
train	LA	786	0.0976857964078414
train	LA	787	0.09339845693700187
train	LA	788	0.08789374846396854
train	LA	789	0.09378409605703648
train	LA	790	0.07905660700688777
train	LA	791	0.08674499480711226
train	LA	792	0.0900735475562849
train	LA	793	0.08655155663577
train	LA	794	0.08875529252903624
train	LA	795	0.08806026780857633
train	LA	796	0.09351207836081242
train	LA	797	0.08780751779058243
train	LA	798	0.09923116174297805
train	LA	799	0.10035724680327547
train	LA	800	0.09077500021322643
train	LA	801	0.08797280436837657
train	LA	802	0.09027432138397672
train	LA	803	0.10205215346472903
train	LA	804	0.08424026025021879
train	LA	805	0.08783704628831539
train	LA	806	0.07698308048865896
train	LA	807	0.08149007280584883
train	LA	808	0.11987720044651377
train	LA	809	0.099021748145469
train	LA	810	0.09406429733222765
train	LA	811	0.0863666357438423
train	LA	812	0.09715167699536854
train	LA	813	0.09342826413951293
train	LA	814	0.08889730733912765
train	LA	815	0.10186386871405179
train	LA	816	0.10172462966905095
train	LA	817	0.09948242550799737
train	LA	818	0.1054595045758046
train	LA	819	0.09854507621073076
train	LA	820	0.08871370658123567
train	LA	821	0.08206300076428076
train	LA	822	0.09606494799220613
train	LA	823	0.10004671824794681
train	LA	824	0.0894956034992363
train	LA	825	0.10927964088558408
train	LA	826	0.09934943246988988
train	LA	827	0.10878300555568206
train	LA	828	0.08829007926937843
train	LA	829	0.11517960852881612
train	LA	830	0.10703581218774316
train	LA	831	0.09033718329022314
train	LA	832	0.0709308300140248
train	LA	833	0.08584915234847554
train	LA	834	0.10381957889642206
train	LA	835	0.10140815277747764
train	LA	836	0.09507176968778282
train	LA	837	0.09535917740444874
train	LA	838	0.10274481489767952
train	LA	839	0.09506801085332482
train	LA	840	0.09094319028802712
train	LA	841	0.09240915538746566
train	LA	842	0.09509629706471345
train	LA	843	0.08176450608336919
train	LA	844	0.08094915056996511
train	LA	845	0.09793601233771883
train	LA	846	0.08490267553211846
train	LA	847	0.09641864305134595
train	LA	848	0.083420409627623
train	LA	849	0.09235690929052966
train	LA	850	0.09488956659136366
train	LA	851	0.093842968776533
train	LA	852	0.09645836354548733
train	LA	853	0.10872688897878707
train	LA	854	0.08417164532593156
train	LA	855	0.07905084692448172
train	LA	856	0.10908242063986875
train	LA	857	0.0901903256413265
train	LA	858	0.09285223146282118
train	LA	859	0.09745159984216145
train	LA	860	0.08838869735863626
train	LA	861	0.08154706807121057
train	LA	862	0.09439076906190104
train	LA	863	0.11770882044423817
train	LA	864	0.10907669563261131
train	LA	865	0.09860726715366488
train	LA	866	0.10071937145167255
train	LA	867	0.08471254208321465
train	LA	868	0.0979586609664442
train	LA	869	0.08919674854814175
train	LA	870	0.08657107340659645
train	LA	871	0.10782869476415273
train	LA	872	0.08450131201343437
train	LA	873	0.09779503122458154
train	LA	874	0.09308394457064194
train	LA	875	0.10238976063008055
train	LA	876	0.10153729119314861
train	LA	877	0.09015027525283303
train	LA	878	0.0994883760566662
train	LA	879	0.08551532715898882
train	LA	880	0.08570389876225538
train	LA	881	0.0919751645658612
train	LA	882	0.1241384864571641
train	LA	883	0.09716725570184906
train	LA	884	0.0865279205066317
train	LA	885	0.09372505976239132
train	LA	886	0.09924700864740223
train	LA	887	0.10714913048788191
train	LA	888	0.10230850158170492
train	LA	889	0.09482174982218551
train	LA	890	0.08145430470291909
train	LA	891	0.09822839934015805
train	LA	892	0.09317936458715
train	LA	893	0.09832632479746155
train	LA	894	0.10382868457313033
train	LA	895	0.09663297671745719
train	LA	896	0.09701385194170971
train	LA	897	0.09225861016889335
train	LA	898	0.09572451851008643
train	LA	899	0.09397806208833362
train	LA	900	0.10122776833862922
train	LA	901	0.08930960358932674
train	LA	902	0.09837514371159392
train	LA	903	0.1013134349288825
train	LA	904	0.08574500799124965
train	LA	905	0.08473766470520433
train	LA	906	0.08463300702545223
train	LA	907	0.09799120343968544
train	LA	908	0.10184435583475923
train	LA	909	0.09486711020123735
train	LA	910	0.11012538904338624
train	LA	911	0.09680147643081038
train	LA	912	0.08090964600462439
train	LA	913	0.08689602567787791
train	LA	914	0.08581346145242869
train	LA	915	0.09891748473901878
train	LA	916	0.08733286876657768
train	LA	917	0.1045539481863516
train	LA	918	0.10305083222018778
train	LA	919	0.09716149420385159
train	LA	920	0.10211429459425136
train	LA	921	0.10539737903777151
train	LA	922	0.0937385609927927
train	LA	923	0.0873749891009346
train	LA	924	0.09513545937316947
train	LA	925	0.10377937994585859
train	LA	926	0.10364431352074975
train	LA	927	0.09523582128215642
train	LA	928	0.08100771040200916
train	LA	929	0.0960730252312426
train	LA	930	0.07818036256618814
train	LA	931	0.09814976447222222
train	LA	932	0.09669210309259174
train	LA	933	0.07122808975125827
train	LA	934	0.0846445254614296
train	LA	935	0.09531100999188344
train	LA	936	0.08995691767599749
train	LA	937	0.08368524720227623
train	LA	938	0.09401202403440687
train	LA	939	0.09082605252748881
train	LA	940	0.09425300896669928
train	LA	941	0.08749208504877767
train	LA	942	0.10808772676940828
train	LA	943	0.10271820501516969
train	LA	944	0.09942633289997352
train	LA	945	0.08581980141252767
train	LA	946	0.09718592621329364
train	LA	947	0.08607241264389653
train	LA	948	0.10325303520650798
train	LA	949	0.10634992328794608
train	LA	950	0.09349547860826424
train	LA	951	0.09951635675516723
train	LA	952	0.09727063882375504
train	LA	953	0.0940519838736083
train	LA	954	0.10151858198988618
train	LA	955	0.09371636775734474
train	LA	956	0.10268013262587991
train	LA	957	0.0937068627007328
train	LA	958	0.09853549928463769
train	LA	959	0.09483332312983506
train	LA	960	0.09720271722035326
train	LA	961	0.09069154950700534
train	LA	962	0.09037923528608832
train	LA	963	0.09701620015314454
train	LA	964	0.09892011905889113
train	LA	965	0.08425835439293226
train	LA	966	0.10406324736738692
train	LA	967	0.08175686707085163
train	LA	968	0.09667166589591493
train	LA	969	0.08664231907621338
train	LA	970	0.08996865322502053
train	LA	971	0.08784528201778415
train	LA	972	0.0883120573220205
train	LA	973	0.1049489183610969
train	LA	974	0.07984805159575542
train	LA	975	0.08620004778771254
train	LA	976	0.12821757135790912
train	LA	977	0.08193707204648673
train	LA	978	0.1257635403848478
train	LA	979	0.08910036790977516
train	LA	980	0.08555161671228473
train	LA	981	0.10635319484628149
train	LA	982	0.08827718778649532
train	LA	983	0.09943782901370728
train	LA	984	0.09027616685647911
train	LA	985	0.09677724828854149
train	LA	986	0.08924392177114726
train	LA	987	0.10055232156327332
train	LA	988	0.09594572750772647
train	LA	989	0.09613929504648233
train	LA	990	0.10278065772380823
train	LA	991	0.10000162479610718
train	LA	992	0.10221297044220388
train	LA	993	0.09290684768197505
train	LA	994	0.0898078742762372
train	LA	995	0.10069793074976029
train	LA	996	0.10468557712773607
train	LA	997	0.10574662871896166
train	LA	998	0.08773396923494514
train	LA	999	0.09395688992883168
train	LA	1000	0.09446872326351266
train	LA	1001	0.08810803846338762
train	LA	1002	0.0877809456648163
train	LA	1003	0.09532125466843165
train	LA	1004	0.10702777081011233
train	LA	1005	0.08883811309944473
train	LA	1006	0.09030897511855822
train	LA	1007	0.10272982637553402
train	LA	1008	0.10838491826390499
train	LA	1009	0.08514016652416918
train	LA	1010	0.07104241768299159
train	LA	1011	0.10016080334827254
train	LA	1012	0.10071091481100967
train	LA	1013	0.10422374879632622
train	LA	1014	0.10643484760449581
train	LA	1015	0.08587476318693087
train	LA	1016	0.07567474868698558
train	LA	1017	0.08241269396399589
train	LA	1018	0.08851477253119526
train	LA	1019	0.09916626136968269
train	LA	1020	0.09390589539459261
train	LA	1021	0.11254020431276097
train	LA	1022	0.09659222290843958
train	LA	1023	0.10214879698488082
train	LA	1024	0.10404122106010356
train	LA	1025	0.1052043387979913
train	LA	1026	0.0984879755640353
train	LA	1027	0.08490993047030318
train	LA	1028	0.10276582267495434
train	LA	1029	0.12196080467488735
train	LA	1030	0.10496230281914269
train	LA	1031	0.10377900844345758
train	LA	1032	0.09984105741889829
train	LA	1033	0.0948865622418997
train	LA	1034	0.08355632516787516
train	LA	1035	0.09428310214615683
train	LA	1036	0.08675886938472384
train	LA	1037	0.08526729191486247
train	LA	1038	0.08062758028088754
train	LA	1039	0.08683499378922936
train	LA	1040	0.09135351146392735
train	LA	1041	0.09901568846400886
train	LA	1042	0.08852193672418569
train	LA	1043	0.09165804875563129
train	LA	1044	0.0974901961099168
train	LA	1045	0.10489626018110003
train	LA	1046	0.10606447795824876
train	LA	1047	0.09522166370736751
train	LA	1048	0.10471831295339927
train	LA	1049	0.10073816694325759
train	LA	1050	0.1007311854597059
train	LA	1051	0.0885840833433442
train	LA	1052	0.08328777998820044
train	LA	1053	0.08119772908086817
train	LA	1054	0.09691633664848419
train	LA	1055	0.08235563358332011
train	LA	1056	0.10476603088820144
train	LA	1057	0.09355828336720008
train	LA	1058	0.10100724456356484
train	LA	1059	0.08630027753233319
train	LA	1060	0.09475940335155772
train	LA	1061	0.09171286475030653
train	LA	1062	0.09770218481154852
train	LA	1063	0.09084824989626653
train	LA	1064	0.08986572177249479
train	LA	1065	0.09853507008124268
train	LA	1066	0.10370498672851881
train	LA	1067	0.10940452306513718
train	LA	1068	0.10451350991060357
train	LA	1069	0.09448745339443536
train	LA	1070	0.101670370715126
train	LA	1071	0.09955444940928813
train	LA	1072	0.1028787268784871
train	LA	1073	0.0983881650699479
train	LA	1074	0.09429170961072222
train	LA	1075	0.09335409381947585
train	LA	1076	0.08607685657692116
train	LA	1077	0.08024080298689247
train	LA	1078	0.0961326681585107
train	LA	1079	0.08823778917468401
train	LA	1080	0.08988837186012807
train	LA	1081	0.07968602577704431
train	LA	1082	0.10077342716599633
train	LA	1083	0.08713144847176667
train	LA	1084	0.09562811968091173
train	LA	1085	0.08813663744810961
train	LA	1086	0.09497861532022271
train	LA	1087	0.08897923929521889
train	LA	1088	0.10584535544653813
train	LA	1089	0.08568565550441418
train	LA	1090	0.11029827809551339
train	LA	1091	0.1084924698333294
train	LA	1092	0.09343723204368466
train	LA	1093	0.08844494077747833
train	LA	1094	0.0951756439569592
train	LA	1095	0.09614140988523642
train	LA	1096	0.0926297582753585
train	LA	1097	0.1005332754502151
train	LA	1098	0.08947018495517059
train	LA	1099	0.10087137226592224
train	LA	1100	0.09912162540954045
train	LA	1101	0.0836567949866208
train	LA	1102	0.09813977824386272
train	LA	1103	0.08533113220850037
train	LA	1104	0.09497288749614417
train	LA	1105	0.10001142590172281
train	LA	1106	0.08575007667571033
train	LA	1107	0.10581253038953649
train	LA	1108	0.09886194040384902
train	LA	1109	0.10173398279105585
train	LA	1110	0.09555276922672495
train	LA	1111	0.09690197856410376
train	LA	1112	0.10669894228814034
train	LA	1113	0.10462531691535877
train	LA	1114	0.0989839137541684
train	LA	1115	0.11002527223260017
train	LA	1116	0.10477606489956227
train	LA	1117	0.07634040359369508
train	LA	1118	0.08199269928168498
train	LA	1119	0.1026246739564002
train	LA	1120	0.10521061968153692
train	LA	1121	0.09485956659861432
train	LA	1122	0.11015901561261372
train	LA	1123	0.0997135479878177
train	LA	1124	0.08375234903231889
train	LA	1125	0.09604990912505147
train	LA	1126	0.07620103356128845
train	LA	1127	0.10242972787539081
train	LA	1128	0.08546682464090853
train	LA	1129	0.0901182124502812
train	LA	1130	0.09291386277136807
train	LA	1131	0.10635976012168967
train	LA	1132	0.09743118601529842
train	LA	1133	0.11463167702669137
train	LA	1134	0.08038306215113068
train	LA	1135	0.0933498181771879
train	LA	1136	0.11088709668929457
train	LA	1137	0.09849509999446046
train	LA	1138	0.09797626648291595
train	LA	1139	0.11279225927636304
train	LA	1140	0.08906298064041429
train	LA	1141	0.09899162427989458
train	LA	1142	0.09705486431737387
train	LA	1143	0.08891452979977468
train	LA	1144	0.0905508233298667
train	LA	1145	0.11082649825619767
train	LA	1146	0.08666964970170685
train	LA	1147	0.09841609110252647
train	LA	1148	0.09893074361608817
train	LA	1149	0.08525303874780261
train	LA	1150	0.08960012243725436
train	LA	1151	0.09576606846997225
train	LA	1152	0.09291728152124137
train	LA	1153	0.08817870199765288
train	LA	1154	0.1029940850520505
train	LA	1155	0.08988570117431324
train	LA	1156	0.12136390092036968
train	LA	1157	0.09716228135167664
train	LA	1158	0.09459349428558914
train	LA	1159	0.09784447534683893
train	LA	1160	0.0908638986269488
train	LA	1161	0.09660259736778679
train	LA	1162	0.08940584879976853
train	LA	1163	0.0879054121113569
train	LA	1164	0.10676140166504944
train	LA	1165	0.0986188699190275
train	LA	1166	0.10305567411975712
train	LA	1167	0.09517248542506984
train	LA	1168	0.09110658391158437
train	LA	1169	0.10266471731861913
train	LA	1170	0.09242122839550997
train	LA	1171	0.10426032788693941
train	LA	1172	0.0888663238168191
train	LA	1173	0.09415716836869412
train	LA	1174	0.10804187927511363
train	LA	1175	0.11276505394699651
train	LA	1176	0.10766454170904471
train	LA	1177	0.08899941532708874
train	LA	1178	0.09922603193486915
train	LA	1179	0.09174346542016538
train	LA	1180	0.08862247572847774
train	LA	1181	0.09029994563090313
train	LA	1182	0.10566322376051493
train	LA	1183	0.08669296187527546
train	LA	1184	0.08443791198369872
train	LA	1185	0.08360481190938929
train	LA	1186	0.09050603547677552
train	LA	1187	0.09093350449997886
train	LA	1188	0.09953934179749013
train	LA	1189	0.09887357472291074
train	LA	1190	0.09115568062019655
train	LA	1191	0.10236154198330748
train	LA	1192	0.08608730742091668
train	LA	1193	0.08635120688167332
train	LA	1194	0.10844674981283674
train	LA	1195	0.09312025148287816
train	LA	1196	0.11651480305809928
train	LA	1197	0.10196426373857352
train	LA	1198	0.09728124042592451
train	LA	1199	0.09903626254800765
train	LA	1200	0.1083003446683257
train	LA	1201	0.09220185550247934
train	LA	1202	0.10658962771772068
train	LA	1203	0.10697502187667782
train	LA	1204	0.10936541983361285
train	LA	1205	0.09364717392319122
train	LA	1206	0.10182667034130567
train	LA	1207	0.10596415329130845
train	LA	1208	0.10332481472767752
train	LA	1209	0.09966443989778244
train	LA	1210	0.09661894878870839
train	LA	1211	0.10249565992780786
train	LA	1212	0.09987540101454291
train	LA	1213	0.10328571918071879
train	LA	1214	0.08796135736281273
train	LA	1215	0.10779603434469752
train	LA	1216	0.11727186280301834
train	LA	1217	0.08777385953319966
train	LA	1218	0.08007963437358204
train	LA	1219	0.09097968412593685
train	LA	1220	0.10054510414411723
train	LA	1221	0.1021704867062196
train	LA	1222	0.10518661571037202
train	LA	1223	0.09597237717991652
train	LA	1224	0.11554847109352022
train	LA	1225	0.08962918905379504
train	LA	1226	0.10105253545370511
train	LA	1227	0.10005583410036184
train	LA	1228	0.09450587630937843
train	LA	1229	0.10321257895243112
train	LA	1230	0.08748799015196215
train	LA	1231	0.09549955690423002
train	LA	1232	0.10524751754858219
train	LA	1233	0.09824697669870282
train	LA	1234	0.0884665486903729
train	LA	1235	0.09936690463671584
train	LA	1236	0.09452454664156432
train	LA	1237	0.09982791351838656
train	LA	1238	0.11120470928226223
train	LA	1239	0.08590584972782808
train	LA	1240	0.09575574961134618
train	LA	1241	0.09129594379317688
train	LA	1242	0.10218090205918169
train	LA	1243	0.11547016468728567
train	LA	1244	0.10694044534842607
train	LA	1245	0.10839713171555028
train	LA	1246	0.10903700922230095
train	LA	1247	0.09913074309377691
train	LA	1248	0.10890322373281525
train	LA	1249	0.08375404136277727
train	LA	1250	0.08300267433533895
train	LA	1251	0.08475413301766277
train	LA	1252	0.09976502557218979
train	LA	1253	0.0948755920380787
train	LA	1254	0.08446772575944017
train	LA	1255	0.09066862691762484
train	LA	1256	0.10315905211941659
train	LA	1257	0.10619485757427795
train	LA	1258	0.10918890398148465
train	LA	1259	0.0892072157886766
train	LA	1260	0.08721236133238863
train	LA	1261	0.09817993544011293
train	LA	1262	0.08928298901495575
train	LA	1263	0.08357859303788821
train	LA	1264	0.09364872020472643
train	LA	1265	0.10515166344889414
train	LA	1266	0.09843735826322103
train	LA	1267	0.08207239201216064
train	LA	1268	0.10114512493144043
train	LA	1269	0.09779098048631062
train	LA	1270	0.08628400886505375
train	LA	1271	0.0959203416743331
train	LA	1272	0.09752981071827478
train	LA	1273	0.10366141895037619
train	LA	1274	0.09765368754294242
train	LA	1275	0.09929996615599944
train	LA	1276	0.10544417192982095
train	LA	1277	0.09477348226137015
train	LA	1278	0.10422607383216405
train	LA	1279	0.0986863993836047
train	LA	1280	0.08442541566719877
train	LA	1281	0.0950194743820705
train	LA	1282	0.09325146805282436
train	LA	1283	0.10258831766434304
train	LA	1284	0.09134730354817541
train	LA	1285	0.08977685003010083
train	LA	1286	0.08940071125484157
train	LA	1287	0.10527098253270227
train	LA	1288	0.09764431678283761
train	LA	1289	0.0899329606975489
train	LA	1290	0.1096011937768261
train	LA	1291	0.10385106482884215
train	LA	1292	0.09780741028255331
train	LA	1293	0.10548468202052329
train	LA	1294	0.08459522567341354
train	LA	1295	0.08744910112742545
train	LA	1296	0.07024922891028547
train	LA	1297	0.09411221332029894
train	LA	1298	0.09956994919150676
train	LA	1299	0.07817711819997758
train	LA	1300	0.10296655930268359
train	LA	1301	0.10099954840426345
train	LA	1302	0.09570613754899798
train	LA	1303	0.09781727052242613
train	LA	1304	0.09546988604653033
train	LA	1305	0.09118148685910951
train	LA	1306	0.0940667453718907
train	LA	1307	0.08418939477743179
train	LA	1308	0.08857684651896129
train	LA	1309	0.11779948650323059
train	LA	1310	0.0968314282319257
train	LA	1311	0.1042823104080871
train	LA	1312	0.10224930395344861
train	LA	1313	0.07624221573074688
train	LA	1314	0.09935987640649303
train	LA	1315	0.0893168920900741
train	LA	1316	0.09490873480950544
train	LA	1317	0.09163273856336611
train	LA	1318	0.09437934640387069
train	LA	1319	0.09185036091130831
train	LA	1320	0.09162514662761945
train	LA	1321	0.10926290003282492
train	LA	1322	0.08823246431842767
train	LA	1323	0.09810956361457958
train	LA	1324	0.08359582850289954
train	LA	1325	0.08003772234298921
train	LA	1326	0.11173224032773171
train	LA	1327	0.09828927470650008
train	LA	1328	0.07629757431128514
train	LA	1329	0.1220760076758962
train	LA	1330	0.11056202163845924
train	LA	1331	0.09801743142126094
train	LA	1332	0.09898801359857234
train	LA	1333	0.09289852591490197
train	LA	1334	0.10321050285104443
train	LA	1335	0.09706772313886675
train	LA	1336	0.1051667182719302
train	LA	1337	0.09476357113750465
train	LA	1338	0.10836040356614535
train	LA	1339	0.10189391637750789
train	LA	1340	0.09625646794897848
train	LA	1341	0.09048525288609217
train	LA	1342	0.09980629375949211
train	LA	1343	0.10190351475571656
train	LA	1344	0.0924887860209996
train	LA	1345	0.10386008436282826
train	LA	1346	0.09025503888840905
train	LA	1347	0.10259868455154598
train	LA	1348	0.08593272374343056
train	LA	1349	0.09583539580720651
train	LA	1350	0.08462177302347548
train	LA	1351	0.08818301940660382
train	LA	1352	0.11545973438945568
train	LA	1353	0.08520990131243683
train	LA	1354	0.09078727768241869
train	LA	1355	0.10169981296983581
train	LA	1356	0.0857126601867775
train	LA	1357	0.09297442695735059
train	LA	1358	0.08956596260578749
train	LA	1359	0.09764592608641287
train	LA	1360	0.09101326129836097
train	LA	1361	0.07889651869052393
train	LA	1362	0.08443315386103699
train	LA	1363	0.10543878543946301
train	LA	1364	0.08896975811927511
train	LA	1365	0.08991516821485133
train	LA	1366	0.08630954677974916
train	LA	1367	0.09660284429021254
train	LA	1368	0.09557009010105362
train	LA	1369	0.09518596142165527
train	LA	1370	0.09766240828095504
train	LA	1371	0.08393472025811945
train	LA	1372	0.09984418003556549
train	LA	1373	0.09089153588551124
train	LA	1374	0.08080855007927382
train	LA	1375	0.1047616987662858
train	LA	1376	0.09598855744449807
train	LA	1377	0.09175907950309703
train	LA	1378	0.09222071598694054
train	LA	1379	0.10211431997406238
train	LA	1380	0.09225533267131604
train	LA	1381	0.10199749098520948
train	LA	1382	0.09676891763724287
train	LA	1383	0.09532619502363464
train	LA	1384	0.091169083626629
train	LA	1385	0.11610913971390446
train	LA	1386	0.10422231398421337
train	LA	1387	0.09157844261851142
train	LA	1388	0.1035920308054469
train	LA	1389	0.0930767541900496
train	LA	1390	0.10038338366183926
train	LA	1391	0.08836103114311165
train	LA	1392	0.10494816035677769
train	LA	1393	0.09154458855492621
train	LA	1394	0.09474283255011769
train	LA	1395	0.10121407390159846
train	LA	1396	0.09719124963100527
train	LA	1397	0.10459356778544915
train	LA	1398	0.104750051820851
train	LA	1399	0.09424405343750335
train	LA	1400	0.09678728401157363
train	LA	1401	0.11047613094777445
train	LA	1402	0.09625067678346821
train	LA	1403	0.10783964547222523
train	LA	1404	0.09144430598200629
train	LA	1405	0.10666705185046087
train	LA	1406	0.10322314107405552
train	LA	1407	0.11202514079944453
train	LA	1408	0.10609023116701619
train	LA	1409	0.10268934156588216
train	LA	1410	0.1009566361936226
train	LA	1411	0.10034242032449345
train	LA	1412	0.11851025960739803
train	LA	1413	0.07905612178418125
train	LA	1414	0.08844336212821159
train	LA	1415	0.09914140239580449
train	LA	1416	0.10238269501691682
train	LA	1417	0.10923095972183583
train	LA	1418	0.09355713547388099
train	LA	1419	0.08530316300435305
train	LA	1420	0.10277878022893215
train	LA	1421	0.09511256710366105
train	LA	1422	0.09229988226222034
train	LA	1423	0.1021124060810586
train	LA	1424	0.10097392460856053
train	LA	1425	0.07756171384039255
train	LA	1426	0.09894398161026308
train	LA	1427	0.09610450085843114
train	LA	1428	0.11054111718946999
train	LA	1429	0.09053955322702002
train	LA	1430	0.10361017882799696
train	LA	1431	0.09697947903850024
train	LA	1432	0.11040544869695916
train	LA	1433	0.09461568369972267
train	LA	1434	0.08552799095387346
train	LA	1435	0.10125490519991046
train	LA	1436	0.08705053458977018
train	LA	1437	0.08443161127508038
train	LA	1438	0.099026954741665
train	LA	1439	0.09763337868834719
train	LA	1440	0.08740771695514259
train	LA	1441	0.0924024229493984
train	LA	1442	0.10466144731707323
train	LA	1443	0.1001735906158962
train	LA	1444	0.08850137147804013
train	LA	1445	0.09181602817768206
train	LA	1446	0.10761760863730324
train	LA	1447	0.10377905454265204
train	LA	1448	0.09482036930094952
train	LA	1449	0.10616049272442209
train	LA	1450	0.10142775611502153
train	LA	1451	0.09809528760433121
train	LA	1452	0.0856712706029531
train	LA	1453	0.10180846745739036
train	LA	1454	0.11549533648670608
train	LA	1455	0.0944531118636537
train	LA	1456	0.08388382408115681
train	LA	1457	0.10707628630648647
train	LA	1458	0.09250954278191902
train	LA	1459	0.09124798884700337
train	LA	1460	0.11623172197837227
train	LA	1461	0.08768509479993263
train	LA	1462	0.09383329910234424
train	LA	1463	0.0919947184483342
train	LA	1464	0.0925202500105682
train	LA	1465	0.08702620698273404
train	LA	1466	0.09731160417033075
train	LA	1467	0.08202535375339344
train	LA	1468	0.08370242735011095
train	LA	1469	0.09005336770539586
train	LA	1470	0.08376213557709065
train	LA	1471	0.0983196982009704
train	LA	1472	0.10072195927099561
train	LA	1473	0.09290682979422307
train	LA	1474	0.09417458042537195
train	LA	1475	0.09470371215008122
train	LA	1476	0.08975715402352494
train	LA	1477	0.08950963396666517
train	LA	1478	0.0881973110961037
train	LA	1479	0.09031007004670821
train	LA	1480	0.09005923378225704
train	LA	1481	0.08974926315417181
train	LA	1482	0.11498469574880459
train	LA	1483	0.09490763373131525
train	LA	1484	0.07861669288323068
train	LA	1485	0.0859206773776253
train	LA	1486	0.0966622493027502
train	LA	1487	0.09653551983192857
train	LA	1488	0.09364669169616076
train	LA	1489	0.09915453556181923
train	LA	1490	0.09765185103042338
train	LA	1491	0.08578087487389845
train	LA	1492	0.09611716367505015
train	LA	1493	0.09565306015728982
train	LA	1494	0.10038159458994711
train	LA	1495	0.09806802743626189
train	LA	1496	0.09114416217424388
train	LA	1497	0.09169642137067034
train	LA	1498	0.10521574274088344
train	LA	1499	0.09318506370450075
train	LA	1500	0.1111289721449947
train	LA	1501	0.09866593932500906
train	LA	1502	0.09422033743004929
train	LA	1503	0.09528196214623705
train	LA	1504	0.0887446316327768
train	LA	1505	0.08664863692939027
train	LA	1506	0.10561993007670131
train	LA	1507	0.10177310736430725
train	LA	1508	0.09242256278415142
train	LA	1509	0.09759779603022603
train	LA	1510	0.09376034452359427
train	LA	1511	0.10418348568142831
train	LA	1512	0.09866861852923928
train	LA	1513	0.09932467168709563
train	LA	1514	0.10122982907906419
train	LA	1515	0.08693664861171903
train	LA	1516	0.0869314079585437
train	LA	1517	0.10018024010364125
train	LA	1518	0.09247667700201667
train	LA	1519	0.0867668889936341
train	LA	1520	0.09751915992244543
train	LA	1521	0.08187718002234648
train	LA	1522	0.08706052675180231
train	LA	1523	0.09220903124378486
train	LA	1524	0.09638344850154706
train	LA	1525	0.09768730963688468
train	LA	1526	0.09711842599368214
train	LA	1527	0.08953319683319966
train	LA	1528	0.1033519504898053
train	LA	1529	0.08673889747695096
train	LA	1530	0.0955769707823131
train	LA	1531	0.08673047872744416
train	LA	1532	0.10269521828381646
train	LA	1533	0.105662210892103
train	LA	1534	0.10589824647122409
train	LA	1535	0.0874215848284929
train	LA	1536	0.11024687617045313
train	LA	1537	0.09845829522697548
train	LA	1538	0.092591753556438
train	LA	1539	0.09745556146386952
train	LA	1540	0.100982089089311
train	LA	1541	0.10923219608248015
train	LA	1542	0.08743884976985176
train	LA	1543	0.09506141796902741
train	LA	1544	0.08676931189747518
train	LA	1545	0.08516206208406943
train	LA	1546	0.10517669890178603
train	LA	1547	0.09770505045990976
train	LA	1548	0.09805891246626107
train	LA	1549	0.09433024780994147
train	LA	1550	0.09238681736010852
train	LA	1551	0.10189339704227955
train	LA	1552	0.09662830570655882
train	LA	1553	0.10602844331399675
train	LA	1554	0.10382945383813763
train	LA	1555	0.0900018399272186
train	LA	1556	0.10808746469097039
train	LA	1557	0.08439676418918182
train	LA	1558	0.10391615278428626
train	LA	1559	0.08950914005502321
train	LA	1560	0.1003463645829665
train	LA	1561	0.10123479439633934
train	LA	1562	0.08793686355995001
train	LA	1563	0.11108979206919685
train	LA	1564	0.1098136975224727
train	LA	1565	0.08942721623546729
train	LA	1566	0.10047159955687873
train	LA	1567	0.09027948994786854
train	LA	1568	0.09470602226669231
train	LA	1569	0.09850463120519772
train	LA	1570	0.09361795323886883
train	LA	1571	0.08295968213326373
train	LA	1572	0.09284412754021955
train	LA	1573	0.1156299966157945
train	LA	1574	0.09184870670300944
train	LA	1575	0.10626573669083804
train	LA	1576	0.10235019209328244
train	LA	1577	0.1111162427586738
train	LA	1578	0.08894732533213691
train	LA	1579	0.10611946036263079
train	LA	1580	0.09835937672062851
train	LA	1581	0.08927451635467945
train	LA	1582	0.10687957619904717
train	LA	1583	0.09689318947597426
train	LA	1584	0.10938148290032479
train	LA	1585	0.10568378258090526
train	LA	1586	0.0914337500532649
train	LA	1587	0.08815732335647827
train	LA	1588	0.08520018811905036
train	LA	1589	0.08308219907508949
train	LA	1590	0.0977047497718615
train	LA	1591	0.0890217355692077
train	LA	1592	0.08884229090192261
train	LA	1593	0.09312121424003438
train	LA	1594	0.07900297168897868
train	LA	1595	0.08949173011096966
train	LA	1596	0.10011959238150378
train	LA	1597	0.09413098949279014
train	LA	1598	0.10267587587185259
train	LA	1599	0.08521655010240202
train	LA	1600	0.1069988203460079
train	LA	1601	0.0805274441164281
train	LA	1602	0.0937122222310149
train	LA	1603	0.08768055139052945
train	LA	1604	0.09538661922699106
train	LA	1605	0.0868484862550619
train	LA	1606	0.08155470953431482
train	LA	1607	0.09521980551276647
train	LA	1608	0.09164418438424396
train	LA	1609	0.09651014407950433
train	LA	1610	0.08533876412176569
train	LA	1611	0.10153038498220737
train	LA	1612	0.1051127975709315
train	LA	1613	0.09267969057156526
train	LA	1614	0.10850976890949598
train	LA	1615	0.10147984284057138
train	LA	1616	0.09341055830182754
train	LA	1617	0.09464709568061769
train	LA	1618	0.08994675554854972
train	LA	1619	0.0928168847570441
train	LA	1620	0.08941244127129028
train	LA	1621	0.10368407604142435
train	LA	1622	0.09644114057993715
train	LA	1623	0.08850654128002146
train	LA	1624	0.08503646303620582
train	LA	1625	0.10783447608617049
train	LA	1626	0.0891558634046922
train	LA	1627	0.09480258939386074
train	LA	1628	0.08884922841715621
train	LA	1629	0.08990170970469473
train	LA	1630	0.09540681503402224
train	LA	1631	0.08792287197314727
train	LA	1632	0.0977424753805925
train	LA	1633	0.08279132885484199
train	LA	1634	0.10120385850425387
train	LA	1635	0.07675581804332549
train	LA	1636	0.08307222501986865
train	LA	1637	0.10710119893189399
train	LA	1638	0.11077669434819441
train	LA	1639	0.0978902597885841
train	LA	1640	0.11076028690304315
train	LA	1641	0.09822466982775567
train	LA	1642	0.08592903069974853
train	LA	1643	0.09957698711644071
train	LA	1644	0.09542228275505768
train	LA	1645	0.10102238210214363
train	LA	1646	0.10415911163218401
train	LA	1647	0.10609149320868276
train	LA	1648	0.094755507817288
train	LA	1649	0.08456653310567276
train	LA	1650	0.11052688293343634
train	LA	1651	0.09198444651180829
train	LA	1652	0.08515071162973313
train	LA	1653	0.09199474928975837
train	LA	1654	0.11653867416256453
train	LA	1655	0.09944232872412773
train	LA	1656	0.09678436050676978
train	LA	1657	0.09535390951045561
train	LA	1658	0.1008630649195896
train	LA	1659	0.08973634449961984
train	LA	1660	0.09309187080604239
train	LA	1661	0.09779626564774611
train	LA	1662	0.09805736451550907
train	LA	1663	0.10198214017248851
train	LA	1664	0.10307446110841735
train	LA	1665	0.10142839831495533
train	LA	1666	0.0956826448723545
train	LA	1667	0.09182174088334163
train	LA	1668	0.0724026986348139
train	LA	1669	0.1072118205040932
train	LA	1670	0.07672707537759646
train	LA	1671	0.09715707133436065
train	LA	1672	0.11140005250932708
train	LA	1673	0.09577456309313928
train	LA	1674	0.08850446950674358
train	LA	1675	0.10120458689552209
train	LA	1676	0.09635151905677072
train	LA	1677	0.08581988337569608
train	LA	1678	0.09700741427871767
train	LA	1679	0.08792242718098081
train	LA	1680	0.10889017501536957
train	LA	1681	0.09257378876848944
train	LA	1682	0.10308111362828742
train	LA	1683	0.09984122835798197
train	LA	1684	0.0993862485474519
train	LA	1685	0.09039679602882389
train	LA	1686	0.0935045207984239
train	LA	1687	0.0952460344745638
train	LA	1688	0.09036942180703883
train	LA	1689	0.10107420795764369
train	LA	1690	0.08670117501846436
train	LA	1691	0.0936539492070151
train	LA	1692	0.08773661500116527
train	LA	1693	0.0963156903716213
train	LA	1694	0.09896981460232537
train	LA	1695	0.09618836514571381
train	LA	1696	0.0943980544146802
train	LA	1697	0.08840778558441992
train	LA	1698	0.11133537020552357
train	LA	1699	0.10848250414382049
train	LA	1700	0.10256993798678989
train	LA	1701	0.0890513219606626
train	LA	1702	0.08523196663186387
train	LA	1703	0.09801125158301564
train	LA	1704	0.08753731985247812
train	LA	1705	0.09327599048322728
train	LA	1706	0.07860286904636167
train	LA	1707	0.09185030224838873
train	LA	1708	0.09214914022844066
train	LA	1709	0.09946122505430287
train	LA	1710	0.09093949786912989
train	LA	1711	0.09161057395270217
train	LA	1712	0.09976754907291031
train	LA	1713	0.10247554331237994
train	LA	1714	0.09608280791575673
train	LA	1715	0.09319768275703864
train	LA	1716	0.07924916777105744
train	LA	1717	0.10046125429530854
train	LA	1718	0.09315888530939938
train	LA	1719	0.10006930237393791
train	LA	1720	0.10285857662876835
train	LA	1721	0.11330978446716157
train	LA	1722	0.10677540786769238
train	LA	1723	0.1002185140235845
train	LA	1724	0.09741106018385666
train	LA	1725	0.10102626904357528
train	LA	1726	0.0922291312706476
train	LA	1727	0.09588509734657075
train	LA	1728	0.10670564939205202
train	LA	1729	0.09475466622215253
train	LA	1730	0.08003495748397664
train	LA	1731	0.08810300127233071
train	LA	1732	0.08599621829077093
train	LA	1733	0.09657229755854319
train	LA	1734	0.08856497488269295
train	LA	1735	0.11856607930559869
train	LA	1736	0.089721541410425
train	LA	1737	0.08798133651952904
train	LA	1738	0.10758550617506737
train	LA	1739	0.08595804655875806
train	LA	1740	0.09874010968539437
train	LA	1741	0.10378028814114067
train	LA	1742	0.08977283701287252
train	LA	1743	0.08332171672199748
train	LA	1744	0.09683552509528791
train	LA	1745	0.10388722465537312
train	LA	1746	0.09674945174735373
train	LA	1747	0.10534447203756468
train	LA	1748	0.09804464904720647
train	LA	1749	0.10078617278420011
train	LA	1750	0.10294174372088714
train	LA	1751	0.09192836554709738
train	LA	1752	0.07713102588525912
train	LA	1753	0.08831355544200256
train	LA	1754	0.07896979733077135
train	LA	1755	0.11380823956050921
train	LA	1756	0.10121563755848557
train	LA	1757	0.08754957146090962
train	LA	1758	0.08878982959356366
train	LA	1759	0.10653877489645561
train	LA	1760	0.0883189000501593
train	LA	1761	0.09859805874291618
train	LA	1762	0.10742369361792461
train	LA	1763	0.08523659571093897
train	LA	1764	0.10588566842020142
train	LA	1765	0.10757365628186354
train	LA	1766	0.11307543039568732
train	LA	1767	0.09069249450852637
train	LA	1768	0.08919014495832932
train	LA	1769	0.09458463360857768
train	LA	1770	0.09510024994145529
train	LA	1771	0.08887231059856976
train	LA	1772	0.10309152622275547
train	LA	1773	0.09982620492650017
train	LA	1774	0.09531318107894178
train	LA	1775	0.09192457916402484
train	LA	1776	0.07318445987020925
train	LA	1777	0.09548016023050393
train	LA	1778	0.11147371448173607
train	LA	1779	0.08030858396711235
train	LA	1780	0.10012148831765404
train	LA	1781	0.0996661382048091
train	LA	1782	0.09325654251662312
train	LA	1783	0.10290150228344878
train	LA	1784	0.09333936656356615
train	LA	1785	0.09523544198037152
train	LA	1786	0.08100564728439759
train	LA	1787	0.08360004717187444
train	LA	1788	0.09073909356628444
train	LA	1789	0.09573579134364024
train	LA	1790	0.08841417098158592
train	LA	1791	0.09247061055831948
train	LA	1792	0.09179396934677549
train	LA	1793	0.09870820221608764
train	LA	1794	0.09238032586686892
train	LA	1795	0.07966869107423188
train	LA	1796	0.09588397983555721
train	LA	1797	0.1012902625328141
train	LA	1798	0.09571595426754659
train	LA	1799	0.10212797640830958
train	LA	1800	0.0857911334688352
train	LA	1801	0.09049787260099917
train	LA	1802	0.08435613932835315
train	LA	1803	0.10431949465917728
train	LA	1804	0.09286323471890247
train	LA	1805	0.10955817839546268
train	LA	1806	0.09378751140215215
train	LA	1807	0.0856675462075367
train	LA	1808	0.10399031655198439
train	LA	1809	0.0945694659149145
train	LA	1810	0.10007440505446205
train	LA	1811	0.09428333585404917
train	LA	1812	0.11010427247885132
train	LA	1813	0.09669393552899022
train	LA	1814	0.09062865542601765
train	LA	1815	0.10278181876026425
train	LA	1816	0.08099040443396718
train	LA	1817	0.09473409568338817
train	LA	1818	0.09339984236205459
train	LA	1819	0.09879254766857727
train	LA	1820	0.09891560839989857
train	LA	1821	0.07761405724705012
train	LA	1822	0.09709408160074326
train	LA	1823	0.08539609000915914
train	LA	1824	0.09845482505317736
train	LA	1825	0.102961524158519
train	LA	1826	0.10515232473545141
train	LA	1827	0.07934129739559169
train	LA	1828	0.09756285569302413
train	LA	1829	0.09295579919984899
train	LA	1830	0.1137102293699213
train	LA	1831	0.1072015572568443
train	LA	1832	0.10465013777746081
train	LA	1833	0.09823307301614875
train	LA	1834	0.08431007200054383
train	LA	1835	0.09451490749305108
train	LA	1836	0.07744925614045857
train	LA	1837	0.09118421715376798
train	LA	1838	0.09807015540720584
train	LA	1839	0.10702546690066414
train	LA	1840	0.08435359739287546
train	LA	1841	0.09248467166032713
train	LA	1842	0.11514226332920387
train	LA	1843	0.10498276932064775
train	LA	1844	0.08378612988201292
train	LA	1845	0.10651409209918687
train	LA	1846	0.08358114034226884
train	LA	1847	0.09357478557280251
train	LA	1848	0.09251653805953063
train	LA	1849	0.09696865095728388
train	LA	1850	0.09136419251294134
train	LA	1851	0.09376767918371004
train	LA	1852	0.09580592852154729
train	LA	1853	0.1028294092410193
train	LA	1854	0.08535835911604651
train	LA	1855	0.09564581037686137
train	LA	1856	0.08158444355673848
train	LA	1857	0.10200686913413713
train	LA	1858	0.09142754425293827
train	LA	1859	0.0878174223933365
train	LA	1860	0.09238712472499298
train	LA	1861	0.08709196683869096
train	LA	1862	0.0982805471482356
train	LA	1863	0.10012468555695068
train	LA	1864	0.09397595319670606
train	LA	1865	0.10534013719802839
train	LA	1866	0.09197514094870392
train	LA	1867	0.10312083937341004
train	LA	1868	0.09592574921758965
train	LA	1869	0.08994706168584107
train	LA	1870	0.10955483591305794
train	LA	1871	0.10359700561411866
train	LA	1872	0.08439071261197158
train	LA	1873	0.09363267968216278
train	LA	1874	0.09058090144604158
train	LA	1875	0.09210491367050719
train	LA	1876	0.08660478637062688
train	LA	1877	0.10097302257746313
train	LA	1878	0.092445709671797
train	LA	1879	0.07496252243300289
train	LA	1880	0.10142364633619484
train	LA	1881	0.09740636650861946
train	LA	1882	0.10605526199810136
train	LA	1883	0.10106742167986789
train	LA	1884	0.08960763481797904
train	LA	1885	0.10504235311856924
train	LA	1886	0.1030699831407515
train	LA	1887	0.10807338714715096
train	LA	1888	0.10842533153400193
train	LA	1889	0.08922994595203955
train	LA	1890	0.09477315763597655
train	LA	1891	0.0898896981416757
train	LA	1892	0.08391625388057077
train	LA	1893	0.09734816167126478
train	LA	1894	0.09566192487304039
train	LA	1895	0.09016027305356805
train	LA	1896	0.10062333871058893
train	LA	1897	0.09077682013517316
train	LA	1898	0.08435245792942168
train	LA	1899	0.09130165247342482
train	LA	1900	0.10473508708106517
train	LA	1901	0.10208005438027845
train	LA	1902	0.10909413033826702
train	LA	1903	0.10139419508752069
train	LA	1904	0.0864395502183874
train	LA	1905	0.09920348497026123
train	LA	1906	0.10161638464123408
train	LA	1907	0.10404431019661708
train	LA	1908	0.10289126100019463
train	LA	1909	0.09091998093459672
train	LA	1910	0.08628883018648158
train	LA	1911	0.07367305012912788
train	LA	1912	0.10159812381560179
train	LA	1913	0.11318896918276171
train	LA	1914	0.08214110434755996
train	LA	1915	0.07584581310714253
train	LA	1916	0.098661097384208
train	LA	1917	0.08546573164850857
train	LA	1918	0.09583764557336838
train	LA	1919	0.10076701311052523
train	LA	1920	0.09616012551978052
train	LA	1921	0.08616255148455468
train	LA	1922	0.09002061218318148
train	LA	1923	0.11505485770407496
train	LA	1924	0.09588192844139193
train	LA	1925	0.08988731963633725
train	LA	1926	0.08425195549864192
train	LA	1927	0.10143970246669137
train	LA	1928	0.0862257113897839
train	LA	1929	0.0852394438869777
train	LA	1930	0.08685264303136404
train	LA	1931	0.10096089011007957
train	LA	1932	0.09421522062800361
train	LA	1933	0.09251949059742612
train	LA	1934	0.09957943298721669
train	LA	1935	0.08768764281206638
train	LA	1936	0.08641330263524716
train	LA	1937	0.09285517862941231
train	LA	1938	0.09363953184928443
train	LA	1939	0.1229737756403051
train	LA	1940	0.07428891118224862
train	LA	1941	0.0935920179056465
train	LA	1942	0.09364014146775546
train	LA	1943	0.08863759195228024
train	LA	1944	0.11400251819668052
train	LA	1945	0.09262007080808382
train	LA	1946	0.09042396247314925
train	LA	1947	0.09168370712880838
train	LA	1948	0.10773000659185454
train	LA	1949	0.08946446736772712
train	LA	1950	0.10098978612874834
train	LA	1951	0.09614208623113982
train	LA	1952	0.0905156086990776
train	LA	1953	0.09576050304547266
train	LA	1954	0.11508858299003559
train	LA	1955	0.0919243868145025
train	LA	1956	0.08940447902973292
train	LA	1957	0.10713655635126677
train	LA	1958	0.08284834849293524
train	LA	1959	0.0773850089491868
train	LA	1960	0.09653622447044026
train	LA	1961	0.10721303861103364
train	LA	1962	0.09577901038166403
train	LA	1963	0.0808094646154044
train	LA	1964	0.08342774274230265
train	LA	1965	0.09212310293696309
train	LA	1966	0.09591779601889784
train	LA	1967	0.0929125486622984
train	LA	1968	0.09389940418220756
train	LA	1969	0.09792610735471263
train	LA	1970	0.09062644967959353
train	LA	1971	0.09376153942296503
train	LA	1972	0.09955622353942446
train	LA	1973	0.10709274508076691
train	LA	1974	0.10591728037604656
train	LA	1975	0.09308961934163155
train	LA	1976	0.09842480898929067
train	LA	1977	0.08328542496217889
train	LA	1978	0.08777938162906046
train	LA	1979	0.08225294315904082
train	LA	1980	0.10655929939773714
train	LA	1981	0.09016314392927113
train	LA	1982	0.09222658471113128
train	LA	1983	0.08816038222036653
train	LA	1984	0.09242545006596806
train	LA	1985	0.10304007156548488
train	LA	1986	0.09698755536597073
train	LA	1987	0.09507341334685364
train	LA	1988	0.09441036988893756
train	LA	1989	0.09244570172893525
train	LA	1990	0.09519573645006915
train	LA	1991	0.08514200909134559
train	LA	1992	0.09125647216930968
train	LA	1993	0.09180336734713507
train	LA	1994	0.09266832900813778
train	LA	1995	0.10168447524406997
train	LA	1996	0.09323834447171833
train	LA	1997	0.09647154949136127
train	LA	1998	0.1089437768648791
train	LA	1999	0.08787007992945611
train	LV	0	0.09197650577922793
train	LV	1	0.07658550419110484
train	LV	2	0.079963003568855
train	LV	3	0.09569573400949584
train	LV	4	0.08602502072611977
train	LV	5	0.07998746843991023
train	LV	6	0.08954002199298167
train	LV	7	0.09965682730160766
train	LV	8	0.10385308003701364
train	LV	9	0.09343919988587285
train	LV	10	0.10582470890647232
train	LV	11	0.1025899691369942
train	LV	12	0.07749423989668901
train	LV	13	0.09378037603536424
train	LV	14	0.08049735665288416
train	LV	15	0.08436043138023494
train	LV	16	0.08423629350126371
train	LV	17	0.08278333155649013
train	LV	18	0.10154135517087302
train	LV	19	0.07861959783966048
train	LV	20	0.09848514934109376
train	LV	21	0.07571685397173702
train	LV	22	0.08612449772413222
train	LV	23	0.09765420390995498
train	LV	24	0.07771240982771546
train	LV	25	0.09888897593612085
train	LV	26	0.09531671916530755
train	LV	27	0.09422803354055956
train	LV	28	0.09053887128148864
train	LV	29	0.09269413590156361
train	LV	30	0.10059378919242687
train	LV	31	0.1012062630944434
train	LV	32	0.07916615188265057
train	LV	33	0.08660672932711933
train	LV	34	0.08098748786756056
train	LV	35	0.08182170549686937
train	LV	36	0.09572529323877933
train	LV	37	0.0973562167150608
train	LV	38	0.09767908368325058
train	LV	39	0.09341183941726547
train	LV	40	0.09535520782406182
train	LV	41	0.09733287630139796
train	LV	42	0.09597211722508901
train	LV	43	0.0892168438690596
train	LV	44	0.08811581906161282
train	LV	45	0.08574299772505792
train	LV	46	0.10926394995838153
train	LV	47	0.08703637172423866
train	LV	48	0.10402968488012676
train	LV	49	0.08551367336991443
train	LV	50	0.09080661293628176
train	LV	51	0.08535880799141152
train	LV	52	0.0810277654978049
train	LV	53	0.09633431688812832
train	LV	54	0.09658431705345831
train	LV	55	0.08123578589374258
train	LV	56	0.09669967114178345
train	LV	57	0.07218706957823978
train	LV	58	0.08786813533475334
train	LV	59	0.0901834760820736
train	LV	60	0.08091525328896366
train	LV	61	0.08899821696653398
train	LV	62	0.08455842098615379
train	LV	63	0.08687758731525297
train	LV	64	0.07951725429300482
train	LV	65	0.08427155422851497
train	LV	66	0.08736289751671912
train	LV	67	0.08248706398217043
train	LV	68	0.08527657602200078
train	LV	69	0.08700621718977845
train	LV	70	0.0924753931491026
train	LV	71	0.09184394038061389
train	LV	72	0.08516787482056733
train	LV	73	0.07145287663419327
train	LV	74	0.08360662845208977
train	LV	75	0.09507165668518941
train	LV	76	0.09308535806731064
train	LV	77	0.08607493405426508
train	LV	78	0.09139765155784815
train	LV	79	0.08142376912344593
train	LV	80	0.10171865795676256
train	LV	81	0.09381730553500135
train	LV	82	0.10273160283709407
train	LV	83	0.08217938463106199
train	LV	84	0.1017531831205112
train	LV	85	0.09678582834858541
train	LV	86	0.10580399202940008
train	LV	87	0.08837521711674762
train	LV	88	0.09541437653089424
train	LV	89	0.09768142145234793
train	LV	90	0.09002638680665154
train	LV	91	0.10209873701342131
train	LV	92	0.08362119723801843
train	LV	93	0.0956847359510808
train	LV	94	0.09133163762457441
train	LV	95	0.08263963240372246
train	LV	96	0.08893912157044499
train	LV	97	0.09734726793303083
train	LV	98	0.08446167685697005
train	LV	99	0.07596107911301858
train	LV	100	0.07453918470479368
train	LV	101	0.08279233421266909
train	LV	102	0.10034480218213461
train	LV	103	0.08062358886630423
train	LV	104	0.0958744623371004
train	LV	105	0.08764930658751631
train	LV	106	0.08855102916882009
train	LV	107	0.0822540143857221
train	LV	108	0.09187164257948237
train	LV	109	0.08516239113682884
train	LV	110	0.08518747716261799
train	LV	111	0.07713555654595734
train	LV	112	0.07949879528812066
train	LV	113	0.07611105540251342
train	LV	114	0.08625925509308206
train	LV	115	0.09502046894471351
train	LV	116	0.09022040011691812
train	LV	117	0.0928799510406258
train	LV	118	0.07899602573236485
train	LV	119	0.09827370910584834
train	LV	120	0.10198565192020438
train	LV	121	0.10260729185084842
train	LV	122	0.09269945748797759
train	LV	123	0.07734974742778479
train	LV	124	0.08328753252910791
train	LV	125	0.08360714658155641
train	LV	126	0.08085426310680383
train	LV	127	0.09470311200606794
train	LV	128	0.09634029786673293
train	LV	129	0.10586988257750188
train	LV	130	0.09560866182920216
train	LV	131	0.10422001482645354
train	LV	132	0.10420964556044723
train	LV	133	0.08491975226078002
train	LV	134	0.06836310390738179
train	LV	135	0.08212363898326203
train	LV	136	0.08526161035659756
train	LV	137	0.08393412590729468
train	LV	138	0.08344553754602485
train	LV	139	0.10266029928642374
train	LV	140	0.07668045918579616
train	LV	141	0.09581868739451761
train	LV	142	0.10616230138984906
train	LV	143	0.09026694881124862
train	LV	144	0.0975796645790312
train	LV	145	0.09919969153509124
train	LV	146	0.07413296219190246
train	LV	147	0.10568071085772959
train	LV	148	0.10843419709370346
train	LV	149	0.08231801143986453
train	LV	150	0.08066648579316879
train	LV	151	0.08182715090018011
train	LV	152	0.08045369584633608
train	LV	153	0.09694050531848952
train	LV	154	0.09200945051180184
train	LV	155	0.08518843740494736
train	LV	156	0.06738753359532997
train	LV	157	0.09472602173026674
train	LV	158	0.0914528893079019
train	LV	159	0.09128730517600206
train	LV	160	0.09308362112431309
train	LV	161	0.10645873170014276
train	LV	162	0.08786484078760833
train	LV	163	0.08319339267510914
train	LV	164	0.10075680374842175
train	LV	165	0.10383595442583048
train	LV	166	0.09376314359826746
train	LV	167	0.07629612263346836
train	LV	168	0.07444513833147064
train	LV	169	0.06710176650911402
train	LV	170	0.0996911646114944
train	LV	171	0.0896135370913438
train	LV	172	0.09990244559006535
train	LV	173	0.09393643297459506
train	LV	174	0.07646083808491494
train	LV	175	0.10334722070940267
train	LV	176	0.09593934188981755
train	LV	177	0.09011858092210069
train	LV	178	0.09418387677650039
train	LV	179	0.08803681568738254
train	LV	180	0.09181826882070289
train	LV	181	0.09788290973220458
train	LV	182	0.08279271657938345
train	LV	183	0.09409614436056382
train	LV	184	0.08189501358347336
train	LV	185	0.09605554642032886
train	LV	186	0.08737570510068975
train	LV	187	0.09175911662778709
train	LV	188	0.0721206827567929
train	LV	189	0.091370505760042
train	LV	190	0.08666600194057929
train	LV	191	0.08733032079189407
train	LV	192	0.09448389751324177
train	LV	193	0.08480183660882462
train	LV	194	0.08420270455967006
train	LV	195	0.08988599387022922
train	LV	196	0.0919330218817236
train	LV	197	0.10069512790764024
train	LV	198	0.07403816288622711
train	LV	199	0.0917436114155212
train	LV	200	0.09535201883215398
train	LV	201	0.100682993559846
train	LV	202	0.09941273302415299
train	LV	203	0.0838806196389707
train	LV	204	0.08472234869723058
train	LV	205	0.09647197783524412
train	LV	206	0.09660201120966767
train	LV	207	0.07121562714745179
train	LV	208	0.08180840983534964
train	LV	209	0.09073385995654322
train	LV	210	0.08269893673857608
train	LV	211	0.08087113534195316
train	LV	212	0.09054896919777564
train	LV	213	0.09647874594296088
train	LV	214	0.09894418937979606
train	LV	215	0.10147846565259992
train	LV	216	0.09497181946969702
train	LV	217	0.08933468341207848
train	LV	218	0.08873023734465375
train	LV	219	0.08762701897979919
train	LV	220	0.07321243881020637
train	LV	221	0.08615366770417628
train	LV	222	0.08133680481686067
train	LV	223	0.08694548331330176
train	LV	224	0.09195280902886492
train	LV	225	0.09154635232230815
train	LV	226	0.08798160207257517
train	LV	227	0.0802415327211615
train	LV	228	0.0856507542799698
train	LV	229	0.1056059936982656
train	LV	230	0.08760911711498179
train	LV	231	0.09065810803618786
train	LV	232	0.09701444589779391
train	LV	233	0.08524566742087099
train	LV	234	0.10107991420959828
train	LV	235	0.08418802318726486
train	LV	236	0.10570956980535948
train	LV	237	0.08759747876160949
train	LV	238	0.10380246560793871
train	LV	239	0.08852206455571338
train	LV	240	0.0978254932295992
train	LV	241	0.08189470950160029
train	LV	242	0.0853285637949712
train	LV	243	0.08399587245687307
train	LV	244	0.09929723451056018
train	LV	245	0.10499724457819315
train	LV	246	0.08586106659171405
train	LV	247	0.0971176231152135
train	LV	248	0.10414425456478461
train	LV	249	0.09333032416404537
train	LV	250	0.08503934237400775
train	LV	251	0.09993850420751167
train	LV	252	0.09987518119934805
train	LV	253	0.0860290019081632
train	LV	254	0.09679073950775867
train	LV	255	0.08694528505618533
train	LV	256	0.10031347988092179
train	LV	257	0.08158457512003474
train	LV	258	0.08051042543586816
train	LV	259	0.1071761181650458
train	LV	260	0.082632099522454
train	LV	261	0.08401018003509127
train	LV	262	0.09344001363470396
train	LV	263	0.0843106863156985
train	LV	264	0.07897338652009936
train	LV	265	0.07779380797559854
train	LV	266	0.08946551712905859
train	LV	267	0.0717513240058409
train	LV	268	0.08327083964587612
train	LV	269	0.09075073309348207
train	LV	270	0.09035498100795432
train	LV	271	0.0707965828126136
train	LV	272	0.09464511643916242
train	LV	273	0.09046516391870792
train	LV	274	0.09665917350792905
train	LV	275	0.0756989342183118
train	LV	276	0.08078248167564869
train	LV	277	0.08970527940018724
train	LV	278	0.09607048424359547
train	LV	279	0.08661044295775074
train	LV	280	0.1018487829198642
train	LV	281	0.08214118574470593
train	LV	282	0.08548650235939106
train	LV	283	0.08818558013203409
train	LV	284	0.08352011840013521
train	LV	285	0.09411525813514783
train	LV	286	0.08916563392985748
train	LV	287	0.09166540366538573
train	LV	288	0.09772808543228458
train	LV	289	0.08930015011133782
train	LV	290	0.09124775605652855
train	LV	291	0.07572972230759226
train	LV	292	0.08311046488303216
train	LV	293	0.08980274319244148
train	LV	294	0.08706264677332867
train	LV	295	0.08501912842573355
train	LV	296	0.08340399740437457
train	LV	297	0.0982649137744582
train	LV	298	0.08734059318764953
train	LV	299	0.0823101441054467
train	LV	300	0.09313026298055309
train	LV	301	0.0927319163509746
train	LV	302	0.0937330962973386
train	LV	303	0.09823816834891749
train	LV	304	0.08773458470905604
train	LV	305	0.0987521630471646
train	LV	306	0.0995721282713876
train	LV	307	0.09202786429095688
train	LV	308	0.09064238321476752
train	LV	309	0.1002787288833725
train	LV	310	0.10156117742308964
train	LV	311	0.08522213389241566
train	LV	312	0.09512933680789519
train	LV	313	0.07659998029716196
train	LV	314	0.08785856650066422
train	LV	315	0.10703687786261572
train	LV	316	0.08184415529472178
train	LV	317	0.09518076169566267
train	LV	318	0.08955139046086344
train	LV	319	0.0937366921032272
train	LV	320	0.09146073902266096
train	LV	321	0.09526929944973786
train	LV	322	0.07733569447282353
train	LV	323	0.09302003241342775
train	LV	324	0.09011930374362914
train	LV	325	0.0900245431223571
train	LV	326	0.09618182548681305
train	LV	327	0.08487747182904785
train	LV	328	0.09133518722661171
train	LV	329	0.08889560681501224
train	LV	330	0.10888257808783158
train	LV	331	0.09759990597207349
train	LV	332	0.09916155872476307
train	LV	333	0.10269848870870149
train	LV	334	0.0954666194132558
train	LV	335	0.09999451339873947
train	LV	336	0.08967685089206631
train	LV	337	0.09080657314578816
train	LV	338	0.08676573192130091
train	LV	339	0.08457392153222294
train	LV	340	0.08204147995354176
train	LV	341	0.10207343435394908
train	LV	342	0.10199562338811251
train	LV	343	0.09254517465722906
train	LV	344	0.09769802526659356
train	LV	345	0.08142014185167613
train	LV	346	0.0998534782697465
train	LV	347	0.10072011441727709
train	LV	348	0.08222657005409414
train	LV	349	0.0847400418984094
train	LV	350	0.09568645494682054
train	LV	351	0.09003000873268346
train	LV	352	0.08291539656142116
train	LV	353	0.08971199437609012
train	LV	354	0.09259936082576559
train	LV	355	0.07742782710814684
train	LV	356	0.08442884702150366
train	LV	357	0.09037056098862553
train	LV	358	0.08322222383231974
train	LV	359	0.1016994117687138
train	LV	360	0.10289602381764505
train	LV	361	0.10792948612278534
train	LV	362	0.09285045171876893
train	LV	363	0.09154210463050257
train	LV	364	0.0906633712209892
train	LV	365	0.08610365393988444
train	LV	366	0.09090089242410536
train	LV	367	0.09611362840276304
train	LV	368	0.0687447525486277
train	LV	369	0.09380482214915334
train	LV	370	0.08778690370398226
train	LV	371	0.09599827571984738
train	LV	372	0.09843072443531319
train	LV	373	0.09527770960567004
train	LV	374	0.07612041112179274
train	LV	375	0.08190974418840777
train	LV	376	0.08958971871649463
train	LV	377	0.09210295429709214
train	LV	378	0.08097356215673365
train	LV	379	0.09622256491925812
train	LV	380	0.09457106598254189
train	LV	381	0.09088376434311583
train	LV	382	0.10566474921427549
train	LV	383	0.09444191061558403
train	LV	384	0.08707559784135521
train	LV	385	0.09722783303920729
train	LV	386	0.09467637540562494
train	LV	387	0.09493979202390418
train	LV	388	0.09010697437555196
train	LV	389	0.0781510118979294
train	LV	390	0.09479831689002602
train	LV	391	0.09024489826329278
train	LV	392	0.09050466580999092
train	LV	393	0.08535787354795067
train	LV	394	0.10249329913330854
train	LV	395	0.09497217333842614
train	LV	396	0.07471818665567041
train	LV	397	0.09293012790781964
train	LV	398	0.07495172288243573
train	LV	399	0.07909101733206092
train	LV	400	0.09204741042015187
train	LV	401	0.06941731821775335
train	LV	402	0.08857817238363894
train	LV	403	0.0804643324979455
train	LV	404	0.08800453080581214
train	LV	405	0.08175276249814645
train	LV	406	0.09088633792771046
train	LV	407	0.08072843361279902
train	LV	408	0.104103417155024
train	LV	409	0.09474213145500729
train	LV	410	0.1081060103280105
train	LV	411	0.09591413667429091
train	LV	412	0.11480610550499594
train	LV	413	0.09150227951602488
train	LV	414	0.08536243176890485
train	LV	415	0.0809904752207091
train	LV	416	0.09630023062243637
train	LV	417	0.09368911784179154
train	LV	418	0.08193129630343846
train	LV	419	0.0955330999513591
train	LV	420	0.09258763459017566
train	LV	421	0.07973218825578753
train	LV	422	0.07846727642307867
train	LV	423	0.10604350914563374
train	LV	424	0.0921418916220788
train	LV	425	0.08316679151236595
train	LV	426	0.08833741150277376
train	LV	427	0.09543125568283874
train	LV	428	0.07814774218046128
train	LV	429	0.08672827782694943
train	LV	430	0.09444967097732371
train	LV	431	0.08949084642892617
train	LV	432	0.09331464024778216
train	LV	433	0.08312528851055437
train	LV	434	0.08893574924814483
train	LV	435	0.10038530987755066
train	LV	436	0.09106936983920441
train	LV	437	0.09748469065380243
train	LV	438	0.08443526112404127
train	LV	439	0.08326459153312407
train	LV	440	0.09626816092940882
train	LV	441	0.10001033992901111
train	LV	442	0.09277611927040223
train	LV	443	0.09154677902391738
train	LV	444	0.08327773250212567
train	LV	445	0.08559172409988963
train	LV	446	0.08539839125886226
train	LV	447	0.07904822753145392
train	LV	448	0.09789674332200274
train	LV	449	0.08275472004988464
train	LV	450	0.08734068950404394
train	LV	451	0.083663567913739
train	LV	452	0.07962946650102254
train	LV	453	0.08464485750609672
train	LV	454	0.09876479715836863
train	LV	455	0.09142302984284507
train	LV	456	0.08422901746152733
train	LV	457	0.1010605044387254
train	LV	458	0.08613844862721382
train	LV	459	0.08363265371095066
train	LV	460	0.07367033074109307
train	LV	461	0.08940990630362969
train	LV	462	0.09283454601955717
train	LV	463	0.09274143867798776
train	LV	464	0.08968866396564515
train	LV	465	0.08377856844353689
train	LV	466	0.09181769583523054
train	LV	467	0.09197259658929488
train	LV	468	0.09214762897943075
train	LV	469	0.09273281430825521
train	LV	470	0.09517719225599117
train	LV	471	0.08872228667123412
train	LV	472	0.10960803077488766
train	LV	473	0.08871688554300307
train	LV	474	0.10388312740682504
train	LV	475	0.08910989884121424
train	LV	476	0.08041220291917175
train	LV	477	0.09901768666653496
train	LV	478	0.07658055916092635
train	LV	479	0.08347708442083178
train	LV	480	0.08834780749238656
train	LV	481	0.10025284891210734
train	LV	482	0.07565508183258914
train	LV	483	0.10093681012178907
train	LV	484	0.09357236903542168
train	LV	485	0.09545797294614554
train	LV	486	0.08791978054582468
train	LV	487	0.09561953541589609
train	LV	488	0.09215920718522731
train	LV	489	0.09055589227495585
train	LV	490	0.09666824118207976
train	LV	491	0.10177186899021322
train	LV	492	0.09773481442097276
train	LV	493	0.09787958867231253
train	LV	494	0.07015088166605729
train	LV	495	0.08351889471887407
train	LV	496	0.09723748014191443
train	LV	497	0.10548956162212421
train	LV	498	0.09256869221912829
train	LV	499	0.09342696765693731
train	LV	500	0.07509496051358532
train	LV	501	0.08676560182532753
train	LV	502	0.08217950339921624
train	LV	503	0.08581694143775548
train	LV	504	0.08212903670334079
train	LV	505	0.08742959830559661
train	LV	506	0.0828305325883188
train	LV	507	0.07108422149080772
train	LV	508	0.09931379358981705
train	LV	509	0.08386283864414382
train	LV	510	0.07941489103996109
train	LV	511	0.08267301706569986
train	LV	512	0.09364511930225582
train	LV	513	0.09428852324535057
train	LV	514	0.08793642847827561
train	LV	515	0.10073848854000597
train	LV	516	0.10343194048046335
train	LV	517	0.08706035776771696
train	LV	518	0.08550207594765563
train	LV	519	0.07491468637880418
train	LV	520	0.0829497196023063
train	LV	521	0.09167833349198373
train	LV	522	0.1076575142915526
train	LV	523	0.08774992871965373
train	LV	524	0.08927764924569431
train	LV	525	0.09782087077499939
train	LV	526	0.09726984427613661
train	LV	527	0.09185354871924582
train	LV	528	0.08935447367759553
train	LV	529	0.09569918636433201
train	LV	530	0.08788259996399021
train	LV	531	0.08959053696533585
train	LV	532	0.09674317099037924
train	LV	533	0.08625870383428642
train	LV	534	0.09451399695352615
train	LV	535	0.08923475384579044
train	LV	536	0.09009796353281348
train	LV	537	0.10279367205432825
train	LV	538	0.09317929989909851
train	LV	539	0.08997352523890555
train	LV	540	0.08388373878864792
train	LV	541	0.09379321638384948
train	LV	542	0.09927568464664216
train	LV	543	0.07998002304483133
train	LV	544	0.08598684250243846
train	LV	545	0.10703267406974885
train	LV	546	0.0834578542644315
train	LV	547	0.08723774676442786
train	LV	548	0.09134487557160217
train	LV	549	0.08068450035264561
train	LV	550	0.09287616823149542
train	LV	551	0.08814726619852854
train	LV	552	0.09759788724740995
train	LV	553	0.08417320395814006
train	LV	554	0.08679698738393977
train	LV	555	0.09270746407248968
train	LV	556	0.09364532567992899
train	LV	557	0.0851015227147756
train	LV	558	0.09828060632971147
train	LV	559	0.08644088777304512
train	LV	560	0.09394568975772577
train	LV	561	0.09707481509370597
train	LV	562	0.07845254163519058
train	LV	563	0.0939769708865698
train	LV	564	0.09693556546003912
train	LV	565	0.08257365145739519
train	LV	566	0.09485198324795624
train	LV	567	0.08654002014769292
train	LV	568	0.09122316524017889
train	LV	569	0.08627420343544498
train	LV	570	0.09078919890344132
train	LV	571	0.09090483086774614
train	LV	572	0.08624115817436971
train	LV	573	0.1131961605914366
train	LV	574	0.09095149903860235
train	LV	575	0.07717010812984584
train	LV	576	0.08506682526383154
train	LV	577	0.1099528033072138
train	LV	578	0.08215833815165294
train	LV	579	0.09763194464174492
train	LV	580	0.1020538313186602
train	LV	581	0.09093791322463617
train	LV	582	0.09099629228499583
train	LV	583	0.09300873216936495
train	LV	584	0.10038260493374766
train	LV	585	0.09556988464307743
train	LV	586	0.1056011642807776
train	LV	587	0.08503921780911836
train	LV	588	0.08871285892135879
train	LV	589	0.10217002766632106
train	LV	590	0.08966614797834772
train	LV	591	0.08390359910105846
train	LV	592	0.09514756646750298
train	LV	593	0.08897362519805925
train	LV	594	0.10675339543786107
train	LV	595	0.10525424985186667
train	LV	596	0.09942016437981653
train	LV	597	0.0861690000459604
train	LV	598	0.10204520749345322
train	LV	599	0.07637268643695369
train	LV	600	0.09067000838006724
train	LV	601	0.09541276486912513
train	LV	602	0.08156069658101416
train	LV	603	0.08816551686069188
train	LV	604	0.09980472505011151
train	LV	605	0.08948859692310218
train	LV	606	0.0680536203393586
train	LV	607	0.0795374586081389
train	LV	608	0.08063551446755655
train	LV	609	0.09302916761451682
train	LV	610	0.0741606629519493
train	LV	611	0.09117449864015914
train	LV	612	0.07950108694803186
train	LV	613	0.08096456333246214
train	LV	614	0.08550564065704169
train	LV	615	0.09357536700506726
train	LV	616	0.09481635275459543
train	LV	617	0.08817672231134115
train	LV	618	0.09755826835836401
train	LV	619	0.0691799396294166
train	LV	620	0.09758042577109276
train	LV	621	0.09398333070633014
train	LV	622	0.08964755798836538
train	LV	623	0.0895196331082264
train	LV	624	0.09122188634194506
train	LV	625	0.09058711081275567
train	LV	626	0.09539936823918241
train	LV	627	0.1093177061333912
train	LV	628	0.08696318417484956
train	LV	629	0.08802531675252732
train	LV	630	0.09363961386762804
train	LV	631	0.08786185001686327
train	LV	632	0.0845051844734724
train	LV	633	0.09578437760249232
train	LV	634	0.10164179063363245
train	LV	635	0.08667522014986247
train	LV	636	0.08309080480712588
train	LV	637	0.08675171893697463
train	LV	638	0.07445622192186561
train	LV	639	0.07324551913803096
train	LV	640	0.10389984746898051
train	LV	641	0.076196688894334
train	LV	642	0.11044675549341731
train	LV	643	0.09026072757100542
train	LV	644	0.08612704040185626
train	LV	645	0.08722367890362294
train	LV	646	0.08114728661501544
train	LV	647	0.09020016269855695
train	LV	648	0.08245815178298795
train	LV	649	0.08834323679153383
train	LV	650	0.08397079439401683
train	LV	651	0.07603158953290765
train	LV	652	0.0856366590408403
train	LV	653	0.08515660960264938
train	LV	654	0.09101482700348568
train	LV	655	0.08169487135291417
train	LV	656	0.10573211441362385
train	LV	657	0.09148212878821317
train	LV	658	0.07310859977524321
train	LV	659	0.09234182729310902
train	LV	660	0.08693700332363433
train	LV	661	0.08112195373093097
train	LV	662	0.09216040683408133
train	LV	663	0.08628053549358115
train	LV	664	0.08880683691153479
train	LV	665	0.09419244680862657
train	LV	666	0.09472858478905764
train	LV	667	0.09116633899738284
train	LV	668	0.09171516274151507
train	LV	669	0.09358182534289926
train	LV	670	0.08765966650036344
train	LV	671	0.0952488567841515
train	LV	672	0.08891668190179255
train	LV	673	0.10676056654929662
train	LV	674	0.08469389626265296
train	LV	675	0.09258492370842081
train	LV	676	0.09703913646528772
train	LV	677	0.09793653773660066
train	LV	678	0.0756188528817154
train	LV	679	0.0795490660349872
train	LV	680	0.09122780706853796
train	LV	681	0.11177078907182154
train	LV	682	0.0848209490131274
train	LV	683	0.0851155043082471
train	LV	684	0.0982066213739194
train	LV	685	0.08024644495212602
train	LV	686	0.08274887222900251
train	LV	687	0.08635263755200735
train	LV	688	0.08510541050360627
train	LV	689	0.08224743291533691
train	LV	690	0.09784872745530446
train	LV	691	0.09553074632832298
train	LV	692	0.08998618078268338
train	LV	693	0.08244307692498444
train	LV	694	0.09310049387646828
train	LV	695	0.07729815393961575
train	LV	696	0.1040347346095839
train	LV	697	0.09006920447450498
train	LV	698	0.08773642010727488
train	LV	699	0.09382094776687916
train	LV	700	0.0971100791547605
train	LV	701	0.08519589755917532
train	LV	702	0.08530227424868518
train	LV	703	0.10168869613993171
train	LV	704	0.09045921952521187
train	LV	705	0.09157816577828626
train	LV	706	0.10578170240405069
train	LV	707	0.07982951866007684
train	LV	708	0.09470280980504558
train	LV	709	0.07820781647763118
train	LV	710	0.09540950130737784
train	LV	711	0.08416417623427526
train	LV	712	0.09511864746685747
train	LV	713	0.09176211347236145
train	LV	714	0.09228096082821553
train	LV	715	0.10640034781591202
train	LV	716	0.08206376717993381
train	LV	717	0.09595495387607346
train	LV	718	0.11489822050022075
train	LV	719	0.08443229543264416
train	LV	720	0.09691651643876315
train	LV	721	0.09270130670526526
train	LV	722	0.09193235364287534
train	LV	723	0.08712846762755984
train	LV	724	0.10021805019577783
train	LV	725	0.08606477291400458
train	LV	726	0.09516562624495872
train	LV	727	0.09428707025529916
train	LV	728	0.07397083445509402
train	LV	729	0.08542154311215243
train	LV	730	0.09639886527091036
train	LV	731	0.07111069215180332
train	LV	732	0.09597272043909905
train	LV	733	0.07765930035383777
train	LV	734	0.08776283730672611
train	LV	735	0.07923011728973611
train	LV	736	0.09136073728118665
train	LV	737	0.08385554234836812
train	LV	738	0.08741582126601133
train	LV	739	0.08339923401154563
train	LV	740	0.08467054267669122
train	LV	741	0.09132690452853442
train	LV	742	0.07877028763349934
train	LV	743	0.09899069463566564
train	LV	744	0.09791907558728442
train	LV	745	0.0896571234923634
train	LV	746	0.09452805343116405
train	LV	747	0.10452285718656
train	LV	748	0.0959307041587814
train	LV	749	0.09733795662109657
train	LV	750	0.07227758441607197
train	LV	751	0.09980605790730764
train	LV	752	0.08228945664671408
train	LV	753	0.0978345205077467
train	LV	754	0.09336259086374686
train	LV	755	0.09653815450763885
train	LV	756	0.087073230753502
train	LV	757	0.08824416916159576
train	LV	758	0.08772361049332891
train	LV	759	0.08776774150967016
train	LV	760	0.0913350033270527
train	LV	761	0.10004799220612846
train	LV	762	0.08368530738848395
train	LV	763	0.09553046152440614
train	LV	764	0.08339982363009317
train	LV	765	0.08715569724395329
train	LV	766	0.07926112485386161
train	LV	767	0.08112091108681044
train	LV	768	0.0896125137931616
train	LV	769	0.08732040091326794
train	LV	770	0.09495932229974799
train	LV	771	0.10026152671185215
train	LV	772	0.09850415762309905
train	LV	773	0.09418818269713843
train	LV	774	0.08637872586787732
train	LV	775	0.0905080522014673
train	LV	776	0.0853376844062528
train	LV	777	0.08984741684011098
train	LV	778	0.08237247815661454
train	LV	779	0.10306318818346337
train	LV	780	0.09202193346701322
train	LV	781	0.10648771156653516
train	LV	782	0.09143597046513038
train	LV	783	0.0869761177089372
train	LV	784	0.07965259931136597
train	LV	785	0.09920940386996441
train	LV	786	0.08249145510433711
train	LV	787	0.09338359027923379
train	LV	788	0.09949331473249869
train	LV	789	0.09079928901806245
train	LV	790	0.10610309852611509
train	LV	791	0.08785038446948272
train	LV	792	0.08269216886982174
train	LV	793	0.07660373784179508
train	LV	794	0.09194246577927775
train	LV	795	0.09723235254261804
train	LV	796	0.1076100159722538
train	LV	797	0.10297744319609933
train	LV	798	0.09428630697859477
train	LV	799	0.09802270036884625
train	LV	800	0.10866350905689813
train	LV	801	0.09406890003876194
train	LV	802	0.09226263615818356
train	LV	803	0.08735267006535237
train	LV	804	0.09760572604144306
train	LV	805	0.07060962623771558
train	LV	806	0.09158837166538018
train	LV	807	0.07917508134597837
train	LV	808	0.09355365018865708
train	LV	809	0.09218757980618521
train	LV	810	0.09419385088027893
train	LV	811	0.09219728839840383
train	LV	812	0.09091908116088741
train	LV	813	0.08071205325026966
train	LV	814	0.09455650199900087
train	LV	815	0.09284249152100556
train	LV	816	0.09149172349815925
train	LV	817	0.08992908884553044
train	LV	818	0.08580460974255577
train	LV	819	0.08020324053941727
train	LV	820	0.090579131729689
train	LV	821	0.07627127210664537
train	LV	822	0.08909210261326098
train	LV	823	0.08350547531722963
train	LV	824	0.08266873405452473
train	LV	825	0.0686299087749462
train	LV	826	0.09901838386054597
train	LV	827	0.0860285090038395
train	LV	828	0.07909997264276522
train	LV	829	0.10072492681784391
train	LV	830	0.08715454364751637
train	LV	831	0.08667653623817252
train	LV	832	0.1035215540809537
train	LV	833	0.07737907529469792
train	LV	834	0.08970282925263746
train	LV	835	0.08178118099484842
train	LV	836	0.08198113879848465
train	LV	837	0.09486546941745201
train	LV	838	0.0931959333433339
train	LV	839	0.08941756286255294
train	LV	840	0.09822453483936255
train	LV	841	0.09242462542344484
train	LV	842	0.09076718614275749
train	LV	843	0.08821727136023308
train	LV	844	0.0863269110514114
train	LV	845	0.10225999783733003
train	LV	846	0.08016844303065222
train	LV	847	0.08045477970398067
train	LV	848	0.08423287129235035
train	LV	849	0.08482951150415531
train	LV	850	0.09542342692098925
train	LV	851	0.09965967625236022
train	LV	852	0.07966187244209878
train	LV	853	0.1012267447292874
train	LV	854	0.09005350944355806
train	LV	855	0.08547691252484844
train	LV	856	0.0707321738488498
train	LV	857	0.09613807769586766
train	LV	858	0.08429764613661642
train	LV	859	0.07682478107644693
train	LV	860	0.0918310010727353
train	LV	861	0.09728330581427354
train	LV	862	0.08801671770992532
train	LV	863	0.09897827102438987
train	LV	864	0.07866213564462243
train	LV	865	0.08692952422101559
train	LV	866	0.0948956878678503
train	LV	867	0.09358258738481663
train	LV	868	0.08889597303554132
train	LV	869	0.09257346370756632
train	LV	870	0.09746561301808453
train	LV	871	0.08698825857405751
train	LV	872	0.09083900651205994
train	LV	873	0.08574729473219075
train	LV	874	0.08880336674763825
train	LV	875	0.09473797984576822
train	LV	876	0.09047606711179451
train	LV	877	0.07602499146527186
train	LV	878	0.09378566171075627
train	LV	879	0.09959863423911045
train	LV	880	0.07719371773200318
train	LV	881	0.08773010602790125
train	LV	882	0.09823511082750744
train	LV	883	0.08331271593024886
train	LV	884	0.09154042924686166
train	LV	885	0.08790966781336408
train	LV	886	0.09391375134862184
train	LV	887	0.0813158052383133
train	LV	888	0.09075377867015691
train	LV	889	0.08934327416986776
train	LV	890	0.08917571313225292
train	LV	891	0.08736712010386892
train	LV	892	0.08242906036069614
train	LV	893	0.08160719800592377
train	LV	894	0.09365110095112825
train	LV	895	0.0837204864719819
train	LV	896	0.09073473561351725
train	LV	897	0.09949551618665423
train	LV	898	0.09985069521590287
train	LV	899	0.08921302842863876
train	LV	900	0.09449095271744183
train	LV	901	0.08865465678473068
train	LV	902	0.10044663394179083
train	LV	903	0.08450066078428234
train	LV	904	0.10586464072645961
train	LV	905	0.08144731324909543
train	LV	906	0.08435703363073813
train	LV	907	0.08533738000379727
train	LV	908	0.09596474096773507
train	LV	909	0.10455814864347875
train	LV	910	0.09103543025039022
train	LV	911	0.09048132368905643
train	LV	912	0.10336862956150952
train	LV	913	0.09100676204674335
train	LV	914	0.07915388869680491
train	LV	915	0.09597786831793961
train	LV	916	0.07688407397396155
train	LV	917	0.08392495015247117
train	LV	918	0.09981997105102003
train	LV	919	0.0817990509416274
train	LV	920	0.09813334236388181
train	LV	921	0.0921449628523582
train	LV	922	0.10083631980854209
train	LV	923	0.09164587775586706
train	LV	924	0.08239874646605728
train	LV	925	0.09092074758919368
train	LV	926	0.0924092970872821
train	LV	927	0.08266638876382182
train	LV	928	0.07790217371855915
train	LV	929	0.08755444153965024
train	LV	930	0.10073027077955403
train	LV	931	0.08378187016858776
train	LV	932	0.09935244732123188
train	LV	933	0.0921681340655267
train	LV	934	0.09060976824112284
train	LV	935	0.08738014623788204
train	LV	936	0.08551480719262454
train	LV	937	0.09845058164306159
train	LV	938	0.09816815125898108
train	LV	939	0.07743768904879021
train	LV	940	0.08336295573134474
train	LV	941	0.0793428961070819
train	LV	942	0.07962148617668442
train	LV	943	0.10311087325461463
train	LV	944	0.08966851076472178
train	LV	945	0.09514536098845623
train	LV	946	0.09193164975894874
train	LV	947	0.08983402563221524
train	LV	948	0.09981655870775422
train	LV	949	0.09864934849727325
train	LV	950	0.07902117559081842
train	LV	951	0.08748391446495903
train	LV	952	0.08154610891394044
train	LV	953	0.07795129513313742
train	LV	954	0.0810271229164632
train	LV	955	0.1021305652605075
train	LV	956	0.09024911510122485
train	LV	957	0.07910191119732525
train	LV	958	0.10666545622304739
train	LV	959	0.09891558543012705
train	LV	960	0.11227713260285074
train	LV	961	0.08853157350679086
train	LV	962	0.0831437035247363
train	LV	963	0.07808010913252646
train	LV	964	0.09109171865422805
train	LV	965	0.09857737877567703
train	LV	966	0.09304407103147891
train	LV	967	0.08257095549381119
train	LV	968	0.09502665174838536
train	LV	969	0.095042068446623
train	LV	970	0.08906053754572596
train	LV	971	0.0906768711042511
train	LV	972	0.08590001667413857
train	LV	973	0.0940374571735429
train	LV	974	0.0786945868965363
train	LV	975	0.09690923546389911
train	LV	976	0.08306645973373973
train	LV	977	0.07903734533149082
train	LV	978	0.08769190429801411
train	LV	979	0.08551222017459428
train	LV	980	0.07509696409338135
train	LV	981	0.08597070987057943
train	LV	982	0.08561001072241384
train	LV	983	0.09009084252616018
train	LV	984	0.08496069361678427
train	LV	985	0.09530697173326708
train	LV	986	0.09354051463645369
train	LV	987	0.07420685255677295
train	LV	988	0.07863233402740803
train	LV	989	0.095639978627039
train	LV	990	0.10127704522682557
train	LV	991	0.09083021135786429
train	LV	992	0.08712588559437805
train	LV	993	0.09685217094889632
train	LV	994	0.08625530216265921
train	LV	995	0.10009631053117855
train	LV	996	0.10801084939295723
train	LV	997	0.0788045675564461
train	LV	998	0.09400405143376626
train	LV	999	0.0874225175726438
train	LV	1000	0.08732721762216361
train	LV	1001	0.08985155169484287
train	LV	1002	0.08782836649351122
train	LV	1003	0.09463376068640551
train	LV	1004	0.09035233219539539
train	LV	1005	0.09426088389142481
train	LV	1006	0.09115509137224449
train	LV	1007	0.09816861554749447
train	LV	1008	0.11582592748659315
train	LV	1009	0.079515668311986
train	LV	1010	0.09403929836382695
train	LV	1011	0.09759469149430569
train	LV	1012	0.09011851035857063
train	LV	1013	0.09137516253054238
train	LV	1014	0.0733883532429981
train	LV	1015	0.09347652670506157
train	LV	1016	0.09038283317374403
train	LV	1017	0.08631655338120507
train	LV	1018	0.09988084993591434
train	LV	1019	0.09995873630419326
train	LV	1020	0.1000917851386054
train	LV	1021	0.10940406754333784
train	LV	1022	0.09179292759181451
train	LV	1023	0.10113289122600373
train	LV	1024	0.08097381535914437
train	LV	1025	0.09183044184439093
train	LV	1026	0.10263357951468935
train	LV	1027	0.09116601112931459
train	LV	1028	0.09845231916269573
train	LV	1029	0.07523613624032642
train	LV	1030	0.09117272264856113
train	LV	1031	0.0977073957549687
train	LV	1032	0.09703963686359415
train	LV	1033	0.09075815444155476
train	LV	1034	0.08476556404810967
train	LV	1035	0.07164956312415213
train	LV	1036	0.07856425100869313
train	LV	1037	0.09885268025105244
train	LV	1038	0.0970111292227849
train	LV	1039	0.0974677331994437
train	LV	1040	0.10454931869812789
train	LV	1041	0.0962814698815834
train	LV	1042	0.08385308051903037
train	LV	1043	0.07596314918072357
train	LV	1044	0.07179095444199897
train	LV	1045	0.09265106354854072
train	LV	1046	0.08233033149575844
train	LV	1047	0.08211613899028808
train	LV	1048	0.0787226499894543
train	LV	1049	0.10179390983179283
train	LV	1050	0.09009441729358315
train	LV	1051	0.09395968021452783
train	LV	1052	0.10084487946107792
train	LV	1053	0.07472034972122481
train	LV	1054	0.0847684910332328
train	LV	1055	0.08793401897241238
train	LV	1056	0.08867795693981785
train	LV	1057	0.09512355701734593
train	LV	1058	0.09899772279189088
train	LV	1059	0.07683993982541343
train	LV	1060	0.08435189756981518
train	LV	1061	0.09049108529875943
train	LV	1062	0.0844538623920377
train	LV	1063	0.10501159690308155
train	LV	1064	0.10129519762584645
train	LV	1065	0.07561875958894623
train	LV	1066	0.0916374902436607
train	LV	1067	0.07289111552503251
train	LV	1068	0.09716197810211216
train	LV	1069	0.11295039191775498
train	LV	1070	0.08810742668202415
train	LV	1071	0.10451062210354906
train	LV	1072	0.09833520542921335
train	LV	1073	0.10446134304352137
train	LV	1074	0.09002981596103515
train	LV	1075	0.0916822011293322
train	LV	1076	0.10109022337877925
train	LV	1077	0.08489685608409253
train	LV	1078	0.09043569163130297
train	LV	1079	0.08828818618530512
train	LV	1080	0.09268977342176705
train	LV	1081	0.08608669729532822
train	LV	1082	0.08091089069509053
train	LV	1083	0.08610100300452952
train	LV	1084	0.09078951300914509
train	LV	1085	0.10764925561793505
train	LV	1086	0.09226932255670806
train	LV	1087	0.10229344296183474
train	LV	1088	0.09285257246165612
train	LV	1089	0.09306052484645697
train	LV	1090	0.0838956601867357
train	LV	1091	0.0887765023450471
train	LV	1092	0.08323491831044312
train	LV	1093	0.0852829991427143
train	LV	1094	0.09188068505828863
train	LV	1095	0.07817572659275257
train	LV	1096	0.10572839928745065
train	LV	1097	0.08455504298961572
train	LV	1098	0.07741341139381765
train	LV	1099	0.08881837481276461
train	LV	1100	0.07869254761097245
train	LV	1101	0.10634120549125814
train	LV	1102	0.09160445586189325
train	LV	1103	0.09642221799748782
train	LV	1104	0.08555739366243054
train	LV	1105	0.09607354798463838
train	LV	1106	0.08875942835313669
train	LV	1107	0.08914231529960127
train	LV	1108	0.07588722746774795
train	LV	1109	0.08548373292030703
train	LV	1110	0.10684527613530674
train	LV	1111	0.08956565384122511
train	LV	1112	0.09452147468068382
train	LV	1113	0.08241708011569426
train	LV	1114	0.09757187803071585
train	LV	1115	0.08922496200796388
train	LV	1116	0.09971199501749996
train	LV	1117	0.07849050600184042
train	LV	1118	0.08758366815429114
train	LV	1119	0.09689142825955499
train	LV	1120	0.09354860930882684
train	LV	1121	0.09117030238044493
train	LV	1122	0.07427613552173118
train	LV	1123	0.09344206737643927
train	LV	1124	0.09080079342747
train	LV	1125	0.09406485798450563
train	LV	1126	0.08352726460869267
train	LV	1127	0.0927057055718358
train	LV	1128	0.08742043453908425
train	LV	1129	0.09790723838897926
train	LV	1130	0.08347777961028366
train	LV	1131	0.09383652644899197
train	LV	1132	0.11082318540446687
train	LV	1133	0.0888831598434322
train	LV	1134	0.07685360338773277
train	LV	1135	0.09840436527002763
train	LV	1136	0.09351165462442496
train	LV	1137	0.09556854964047903
train	LV	1138	0.09121534194197639
train	LV	1139	0.0935563810428051
train	LV	1140	0.07299364181126937
train	LV	1141	0.0855558571679892
train	LV	1142	0.06689939668897513
train	LV	1143	0.08052147250956702
train	LV	1144	0.08948865979698277
train	LV	1145	0.1002995572963524
train	LV	1146	0.08313712343973069
train	LV	1147	0.09796463980030293
train	LV	1148	0.08146383465765568
train	LV	1149	0.0813604240434168
train	LV	1150	0.08638546844457629
train	LV	1151	0.08053915250519646
train	LV	1152	0.07850471669341531
train	LV	1153	0.08863608856894441
train	LV	1154	0.09212819959779853
train	LV	1155	0.07302041024969944
train	LV	1156	0.08883666787467688
train	LV	1157	0.08767428593109604
train	LV	1158	0.08910127505478191
train	LV	1159	0.093049469646899
train	LV	1160	0.11187177351283635
train	LV	1161	0.0742438175565888
train	LV	1162	0.09877600086075973
train	LV	1163	0.07876281992855735
train	LV	1164	0.09402576750625063
train	LV	1165	0.09034514837664123
train	LV	1166	0.0957684867018469
train	LV	1167	0.08518299701777607
train	LV	1168	0.08571394101596297
train	LV	1169	0.08669185656884162
train	LV	1170	0.09612480652179418
train	LV	1171	0.09237289843122645
train	LV	1172	0.10112886902738642
train	LV	1173	0.09557124579728744
train	LV	1174	0.09748576111877962
train	LV	1175	0.07576435903189906
train	LV	1176	0.08782641053797131
train	LV	1177	0.07868913052161208
train	LV	1178	0.0831437573138347
train	LV	1179	0.10099816990387746
train	LV	1180	0.08577043087714763
train	LV	1181	0.09613483502412572
train	LV	1182	0.08379629191544023
train	LV	1183	0.08794784565144247
train	LV	1184	0.09519818330520105
train	LV	1185	0.08195338242506373
train	LV	1186	0.07313829995943302
train	LV	1187	0.0998778148507618
train	LV	1188	0.09707054190281028
train	LV	1189	0.07598727338394817
train	LV	1190	0.08127757851366404
train	LV	1191	0.09315239766525317
train	LV	1192	0.0908374832870181
train	LV	1193	0.1015418093194881
train	LV	1194	0.0936241438868616
train	LV	1195	0.10426382502855641
train	LV	1196	0.07972299015465086
train	LV	1197	0.09799773496184641
train	LV	1198	0.07978040791552518
train	LV	1199	0.07954330750061997
train	LV	1200	0.09145092650520904
train	LV	1201	0.0983227324792011
train	LV	1202	0.09029247853806753
train	LV	1203	0.1013924487272827
train	LV	1204	0.0966164224385613
train	LV	1205	0.0838391269034982
train	LV	1206	0.08086902651744415
train	LV	1207	0.08538069887972814
train	LV	1208	0.09315597085953305
train	LV	1209	0.08457632403542575
train	LV	1210	0.10890321586854478
train	LV	1211	0.08830725841169335
train	LV	1212	0.08331022809942336
train	LV	1213	0.06924166718549954
train	LV	1214	0.10113681630462933
train	LV	1215	0.08477777566843568
train	LV	1216	0.10110934301673832
train	LV	1217	0.08809613248819445
train	LV	1218	0.1063367035540752
train	LV	1219	0.08073897665711792
train	LV	1220	0.1004351554153026
train	LV	1221	0.0981690147703459
train	LV	1222	0.10361433979380665
train	LV	1223	0.10257369427874305
train	LV	1224	0.08478792830634312
train	LV	1225	0.07843140017659964
train	LV	1226	0.06975775644989587
train	LV	1227	0.08602299492027626
train	LV	1228	0.10184233693879959
train	LV	1229	0.0864425767909834
train	LV	1230	0.10365130548647433
train	LV	1231	0.08744301278049839
train	LV	1232	0.07655818163963539
train	LV	1233	0.0841624087630542
train	LV	1234	0.08104081473311978
train	LV	1235	0.10828700173646601
train	LV	1236	0.10009055090036578
train	LV	1237	0.09274296597083379
train	LV	1238	0.06941958241238835
train	LV	1239	0.0770988649600293
train	LV	1240	0.08380637358014066
train	LV	1241	0.10446281460846338
train	LV	1242	0.09188344664146945
train	LV	1243	0.08720286847398719
train	LV	1244	0.10111863628218891
train	LV	1245	0.08919021672123
train	LV	1246	0.08727645354920126
train	LV	1247	0.09657663222590365
train	LV	1248	0.0800112685774058
train	LV	1249	0.0868435420414318
train	LV	1250	0.09124822463591735
train	LV	1251	0.08152215706678703
train	LV	1252	0.08560375490650016
train	LV	1253	0.08337931700945025
train	LV	1254	0.07212071629641835
train	LV	1255	0.09054581255321122
train	LV	1256	0.1027387894274195
train	LV	1257	0.08862723223921545
train	LV	1258	0.09751081279004542
train	LV	1259	0.10070340212305462
train	LV	1260	0.09648881972959246
train	LV	1261	0.09222080962750169
train	LV	1262	0.08994073871012587
train	LV	1263	0.09300456865705954
train	LV	1264	0.0938061438000224
train	LV	1265	0.08586246797548491
train	LV	1266	0.0776847239425906
train	LV	1267	0.09514269982034798
train	LV	1268	0.09599704613118507
train	LV	1269	0.09556600052580329
train	LV	1270	0.08833682110155386
train	LV	1271	0.09433912347184589
train	LV	1272	0.08771855340583128
train	LV	1273	0.07395119010196635
train	LV	1274	0.08074436444792285
train	LV	1275	0.0870515794474141
train	LV	1276	0.07974658091973166
train	LV	1277	0.09327561372502391
train	LV	1278	0.1022497571928272
train	LV	1279	0.10330415042068043
train	LV	1280	0.08178867720782294
train	LV	1281	0.09772313800503472
train	LV	1282	0.09471894456104886
train	LV	1283	0.09662516025798094
train	LV	1284	0.10094330457165097
train	LV	1285	0.08556959481015027
train	LV	1286	0.08680408563546735
train	LV	1287	0.09062061899262212
train	LV	1288	0.08862064314404451
train	LV	1289	0.09327101564795091
train	LV	1290	0.08481070568639146
train	LV	1291	0.08789416262215312
train	LV	1292	0.09334565513795269
train	LV	1293	0.0875748236495068
train	LV	1294	0.09570533820858405
train	LV	1295	0.0932112706018528
train	LV	1296	0.0849461743578073
train	LV	1297	0.09591059536520513
train	LV	1298	0.09122850214866714
train	LV	1299	0.08561628399006074
train	LV	1300	0.09087083970298049
train	LV	1301	0.08027661444878659
train	LV	1302	0.08090418229583173
train	LV	1303	0.09469422163833198
train	LV	1304	0.08320590040967454
train	LV	1305	0.10648812683919906
train	LV	1306	0.10101083308284096
train	LV	1307	0.08637820222311875
train	LV	1308	0.09610020895206856
train	LV	1309	0.09312441642776058
train	LV	1310	0.08981533571581277
train	LV	1311	0.08389994820057452
train	LV	1312	0.08488984210441655
train	LV	1313	0.07836187896398
train	LV	1314	0.08281891196544597
train	LV	1315	0.09123243058201862
train	LV	1316	0.09374338491484875
train	LV	1317	0.0940477332764772
train	LV	1318	0.08374041231710468
train	LV	1319	0.09079791501332252
train	LV	1320	0.09631163862281557
train	LV	1321	0.08694121171603114
train	LV	1322	0.08306253154111531
train	LV	1323	0.09301149965788318
train	LV	1324	0.09920688804431808
train	LV	1325	0.09610540062493408
train	LV	1326	0.08293864499685018
train	LV	1327	0.07966234191728126
train	LV	1328	0.09871127365460973
train	LV	1329	0.08841901647368268
train	LV	1330	0.09767175732092871
train	LV	1331	0.08577674336179385
train	LV	1332	0.08708871585687816
train	LV	1333	0.08299448066557484
train	LV	1334	0.07761809250534384
train	LV	1335	0.08648622196909322
train	LV	1336	0.09129742429920389
train	LV	1337	0.1216899354863973
train	LV	1338	0.08881674345998253
train	LV	1339	0.09110190226313816
train	LV	1340	0.08925996411287908
train	LV	1341	0.08430610740023721
train	LV	1342	0.096193083512743
train	LV	1343	0.07919769778643629
train	LV	1344	0.09725137033377833
train	LV	1345	0.07814875029601542
train	LV	1346	0.07746018780257898
train	LV	1347	0.10535853183977607
train	LV	1348	0.08987755613714438
train	LV	1349	0.09813673724541398
train	LV	1350	0.08814906277383268
train	LV	1351	0.08908388655355359
train	LV	1352	0.08334969023876831
train	LV	1353	0.08927395125654007
train	LV	1354	0.08744673649367452
train	LV	1355	0.09838064432155638
train	LV	1356	0.09474750284698621
train	LV	1357	0.09674777066883394
train	LV	1358	0.09598826307601224
train	LV	1359	0.0989260133719377
train	LV	1360	0.07797300554361608
train	LV	1361	0.0989104653720593
train	LV	1362	0.10195267095696707
train	LV	1363	0.08566073349645334
train	LV	1364	0.0807897100011988
train	LV	1365	0.0917889361701835
train	LV	1366	0.09542814854069429
train	LV	1367	0.08294332068781964
train	LV	1368	0.1066982776001916
train	LV	1369	0.08956059659855177
train	LV	1370	0.07312241105102067
train	LV	1371	0.09818251497754167
train	LV	1372	0.09469693089001986
train	LV	1373	0.10090293038733578
train	LV	1374	0.09929217666421294
train	LV	1375	0.0838196788759066
train	LV	1376	0.07634018583702643
train	LV	1377	0.09706843750226289
train	LV	1378	0.0962613288168214
train	LV	1379	0.07748657089886031
train	LV	1380	0.08534161836791478
train	LV	1381	0.08587361954822047
train	LV	1382	0.09150233192725436
train	LV	1383	0.09349335720877433
train	LV	1384	0.09574432827730747
train	LV	1385	0.08534534689158646
train	LV	1386	0.08957996077538721
train	LV	1387	0.09237390620648314
train	LV	1388	0.0939380394697133
train	LV	1389	0.08582087394048911
train	LV	1390	0.1057357257033697
train	LV	1391	0.0936246739288997
train	LV	1392	0.08057855212253646
train	LV	1393	0.08067852708000758
train	LV	1394	0.10533947781897095
train	LV	1395	0.09861890496922629
train	LV	1396	0.08355967551877268
train	LV	1397	0.0989052660522676
train	LV	1398	0.08156485966491431
train	LV	1399	0.1044336313576698
train	LV	1400	0.10273686689687668
train	LV	1401	0.09328323481221691
train	LV	1402	0.09558340379359594
train	LV	1403	0.10861774645686689
train	LV	1404	0.08725161376043147
train	LV	1405	0.08740323822829388
train	LV	1406	0.09517925592371945
train	LV	1407	0.07942993719687384
train	LV	1408	0.08961894823750989
train	LV	1409	0.08766389971901668
train	LV	1410	0.08657503176730746
train	LV	1411	0.0956239271709137
train	LV	1412	0.08739585917259322
train	LV	1413	0.09071072865433774
train	LV	1414	0.0924977694805219
train	LV	1415	0.08856952979452504
train	LV	1416	0.09600864787495986
train	LV	1417	0.09556847003147391
train	LV	1418	0.09668563579100087
train	LV	1419	0.0935323038439758
train	LV	1420	0.09986927462978253
train	LV	1421	0.0966665371118489
train	LV	1422	0.10157218898707365
train	LV	1423	0.08213997972435669
train	LV	1424	0.09170884699406996
train	LV	1425	0.08230795809518894
train	LV	1426	0.09029830895427884
train	LV	1427	0.08873807703663185
train	LV	1428	0.09632020798151195
train	LV	1429	0.10366908809121665
train	LV	1430	0.09789160252212448
train	LV	1431	0.06693191651794461
train	LV	1432	0.0809512825954968
train	LV	1433	0.08888236903066654
train	LV	1434	0.08359445314628398
train	LV	1435	0.09691500070533952
train	LV	1436	0.09578325044483994
train	LV	1437	0.09250967834695528
train	LV	1438	0.10051186671361395
train	LV	1439	0.1036116597430224
train	LV	1440	0.09298457653809601
train	LV	1441	0.09058923920746209
train	LV	1442	0.09224819400131257
train	LV	1443	0.08646516628105021
train	LV	1444	0.09707468023166976
train	LV	1445	0.08869427689775622
train	LV	1446	0.09350318741606177
train	LV	1447	0.09273715787114713
train	LV	1448	0.08800371755652903
train	LV	1449	0.08100499388675741
train	LV	1450	0.09407661943087395
train	LV	1451	0.0942553897814713
train	LV	1452	0.0814251615747362
train	LV	1453	0.07322893658501518
train	LV	1454	0.08728296924599627
train	LV	1455	0.10687646400890344
train	LV	1456	0.07882940422117778
train	LV	1457	0.10172226818790461
train	LV	1458	0.08867081256121397
train	LV	1459	0.08771800151857452
train	LV	1460	0.08604769745603341
train	LV	1461	0.1020557240232611
train	LV	1462	0.07566559219429149
train	LV	1463	0.08806195990958894
train	LV	1464	0.08336328251439454
train	LV	1465	0.091272477674653
train	LV	1466	0.08625142416406101
train	LV	1467	0.09519725318258998
train	LV	1468	0.10172129368446754
train	LV	1469	0.1003525855916964
train	LV	1470	0.08836575235223722
train	LV	1471	0.09371566469665113
train	LV	1472	0.0953731012870668
train	LV	1473	0.08295913027355878
train	LV	1474	0.08093141638916097
train	LV	1475	0.08573499989467415
train	LV	1476	0.09563574530345219
train	LV	1477	0.08407225641406714
train	LV	1478	0.0925190604000864
train	LV	1479	0.0820454889548408
train	LV	1480	0.08385861725082952
train	LV	1481	0.09697018402583918
train	LV	1482	0.09962059654106331
train	LV	1483	0.0968200362099119
train	LV	1484	0.0945404103685249
train	LV	1485	0.10584665894569059
train	LV	1486	0.09655909541612208
train	LV	1487	0.09156430502712348
train	LV	1488	0.09326925532372929
train	LV	1489	0.08253908878836048
train	LV	1490	0.09836987182530255
train	LV	1491	0.07820216512738311
train	LV	1492	0.08640799681549535
train	LV	1493	0.07888538241180083
train	LV	1494	0.08780030575048228
train	LV	1495	0.09521736284580148
train	LV	1496	0.08920122238999809
train	LV	1497	0.09265642161468596
train	LV	1498	0.08827636954245652
train	LV	1499	0.08375704825930344
train	LV	1500	0.09117000147587573
train	LV	1501	0.09034452955932498
train	LV	1502	0.08418665338438246
train	LV	1503	0.09783627572764476
train	LV	1504	0.08811654632120519
train	LV	1505	0.09620333312101689
train	LV	1506	0.09012869007401855
train	LV	1507	0.07771933071374935
train	LV	1508	0.09369903551586878
train	LV	1509	0.08976247367522688
train	LV	1510	0.10434191792346079
train	LV	1511	0.09111006480604551
train	LV	1512	0.08543297285591551
train	LV	1513	0.0869952295607391
train	LV	1514	0.0840552186162432
train	LV	1515	0.09961713791101975
train	LV	1516	0.08969861070131721
train	LV	1517	0.08838072285013016
train	LV	1518	0.08853819503539392
train	LV	1519	0.0815373987136323
train	LV	1520	0.10164598847764299
train	LV	1521	0.08720636829416344
train	LV	1522	0.10620528378967382
train	LV	1523	0.07927154635151358
train	LV	1524	0.09195028407452134
train	LV	1525	0.08810865992012272
train	LV	1526	0.07759827074843083
train	LV	1527	0.0994280377736675
train	LV	1528	0.0927847456898982
train	LV	1529	0.08231428492717864
train	LV	1530	0.08301655116283899
train	LV	1531	0.10171289387262365
train	LV	1532	0.08689840205820458
train	LV	1533	0.09040385289174287
train	LV	1534	0.09427861166015436
train	LV	1535	0.08603940891221638
train	LV	1536	0.09577122605989297
train	LV	1537	0.09117368466439026
train	LV	1538	0.09651610001842674
train	LV	1539	0.07399825670529343
train	LV	1540	0.08293494796913475
train	LV	1541	0.09329097313716042
train	LV	1542	0.08064899301829971
train	LV	1543	0.09096203486716488
train	LV	1544	0.07327562491191598
train	LV	1545	0.09257504619455327
train	LV	1546	0.10195043436823392
train	LV	1547	0.0936221826066684
train	LV	1548	0.08924310711430347
train	LV	1549	0.08660334892481786
train	LV	1550	0.0885970180322777
train	LV	1551	0.08909855413564886
train	LV	1552	0.08284168131821183
train	LV	1553	0.09068876027354182
train	LV	1554	0.09384929694890376
train	LV	1555	0.08708984068450017
train	LV	1556	0.09330886867845194
train	LV	1557	0.10850441080562752
train	LV	1558	0.08455325018939336
train	LV	1559	0.08599390631498387
train	LV	1560	0.08208086055066581
train	LV	1561	0.08525031019943552
train	LV	1562	0.08438779931869207
train	LV	1563	0.09325584335487125
train	LV	1564	0.08702106221590733
train	LV	1565	0.08104931776381115
train	LV	1566	0.09069731637807375
train	LV	1567	0.07977587866920718
train	LV	1568	0.09722209114053812
train	LV	1569	0.09583884816001932
train	LV	1570	0.0950289127207066
train	LV	1571	0.10253358324961985
train	LV	1572	0.08776689314612456
train	LV	1573	0.0907200266425553
train	LV	1574	0.09570479559241257
train	LV	1575	0.07785952626652105
train	LV	1576	0.07617633752609031
train	LV	1577	0.08687261438185484
train	LV	1578	0.0944749918715307
train	LV	1579	0.09491805245715818
train	LV	1580	0.09159738415492222
train	LV	1581	0.09638442720660002
train	LV	1582	0.0822359443264505
train	LV	1583	0.0910417034300672
train	LV	1584	0.1036286495644956
train	LV	1585	0.09993758186682254
train	LV	1586	0.10155772445725719
train	LV	1587	0.08475223223859095
train	LV	1588	0.09898629231283654
train	LV	1589	0.08561730430794345
train	LV	1590	0.09789635362849156
train	LV	1591	0.09614815828915875
train	LV	1592	0.10202536855565268
train	LV	1593	0.0922413429701613
train	LV	1594	0.09077134901504924
train	LV	1595	0.0876854853799008
train	LV	1596	0.08539987222094704
train	LV	1597	0.08790411836912264
train	LV	1598	0.08329137335062244
train	LV	1599	0.07805704595363895
train	LV	1600	0.09522318196800131
train	LV	1601	0.1005975589354618
train	LV	1602	0.07250344056006942
train	LV	1603	0.08450181681420077
train	LV	1604	0.07746672580846231
train	LV	1605	0.09213959854297867
train	LV	1606	0.08375210416484102
train	LV	1607	0.0867956634711112
train	LV	1608	0.08176153680895507
train	LV	1609	0.07589190586819017
train	LV	1610	0.09052768397082321
train	LV	1611	0.08874421801907391
train	LV	1612	0.08462676865546141
train	LV	1613	0.1058736328134324
train	LV	1614	0.10056649119877917
train	LV	1615	0.09771489941802965
train	LV	1616	0.09956111345326045
train	LV	1617	0.0876610964667229
train	LV	1618	0.10216078989235557
train	LV	1619	0.08198082565851152
train	LV	1620	0.07739161000977234
train	LV	1621	0.09281733603563962
train	LV	1622	0.08219354036349404
train	LV	1623	0.09305033729670967
train	LV	1624	0.08183581420503691
train	LV	1625	0.10273283600618044
train	LV	1626	0.08268959611401537
train	LV	1627	0.1121571084336803
train	LV	1628	0.10704585220538376
train	LV	1629	0.09642451450159575
train	LV	1630	0.08489425017660727
train	LV	1631	0.08989298133882596
train	LV	1632	0.10211277878888916
train	LV	1633	0.09967356927748856
train	LV	1634	0.09299413714478105
train	LV	1635	0.10206643440593105
train	LV	1636	0.0853351598120641
train	LV	1637	0.10334008402776121
train	LV	1638	0.08577092108325406
train	LV	1639	0.09545112253990981
train	LV	1640	0.07621528772941259
train	LV	1641	0.09441437181931003
train	LV	1642	0.09405006147813197
train	LV	1643	0.0935559360684577
train	LV	1644	0.07788683182685754
train	LV	1645	0.09333257503830732
train	LV	1646	0.07715940017134718
train	LV	1647	0.09186257550332702
train	LV	1648	0.08777648622982796
train	LV	1649	0.08394645616981722
train	LV	1650	0.08464771767895775
train	LV	1651	0.09934057781683087
train	LV	1652	0.10955152885124969
train	LV	1653	0.09130989930800135
train	LV	1654	0.08909524463373732
train	LV	1655	0.0810530663736677
train	LV	1656	0.10599855576603812
train	LV	1657	0.09559377864851172
train	LV	1658	0.08505671866868617
train	LV	1659	0.0820095486613395
train	LV	1660	0.08173500942662158
train	LV	1661	0.09895401308622279
train	LV	1662	0.09987367277007372
train	LV	1663	0.07908142793865475
train	LV	1664	0.07885127104975966
train	LV	1665	0.07755845408646296
train	LV	1666	0.09442467067272321
train	LV	1667	0.09258405336417835
train	LV	1668	0.11555452490597302
train	LV	1669	0.08555172410104955
train	LV	1670	0.08531269736636946
train	LV	1671	0.09700761487276666
train	LV	1672	0.09054261101001654
train	LV	1673	0.09023411210338451
train	LV	1674	0.10999128617894459
train	LV	1675	0.09966519049565206
train	LV	1676	0.09180356153574937
train	LV	1677	0.09574777888232987
train	LV	1678	0.08039503728433794
train	LV	1679	0.07913411704920756
train	LV	1680	0.08726863549171616
train	LV	1681	0.0806916316130862
train	LV	1682	0.08023251854480588
train	LV	1683	0.09290314850077123
train	LV	1684	0.08761686031832568
train	LV	1685	0.07841917805244258
train	LV	1686	0.08154702119424083
train	LV	1687	0.08733038158289705
train	LV	1688	0.09189947994487244
train	LV	1689	0.0952661816640562
train	LV	1690	0.09853854599134061
train	LV	1691	0.08790077725280022
train	LV	1692	0.0863837440145631
train	LV	1693	0.08223193386311453
train	LV	1694	0.09927200170934761
train	LV	1695	0.0828647330514475
train	LV	1696	0.07966453746513787
train	LV	1697	0.08921361710369788
train	LV	1698	0.10114852699963851
train	LV	1699	0.09474280483915194
train	LV	1700	0.0947967864099212
train	LV	1701	0.08091725001600307
train	LV	1702	0.09871276060092479
train	LV	1703	0.10162645775646412
train	LV	1704	0.10144041232667653
train	LV	1705	0.08481013188903125
train	LV	1706	0.09633985832161471
train	LV	1707	0.10196532955590536
train	LV	1708	0.09952400783760541
train	LV	1709	0.07451552568882928
train	LV	1710	0.07923708419053221
train	LV	1711	0.09397996114608993
train	LV	1712	0.08731997607856795
train	LV	1713	0.08078659059631046
train	LV	1714	0.08703239706749988
train	LV	1715	0.08958115082394422
train	LV	1716	0.09138131548964878
train	LV	1717	0.08627340934104662
train	LV	1718	0.09775209297737168
train	LV	1719	0.08560079916830943
train	LV	1720	0.10382057276749582
train	LV	1721	0.09601111144013759
train	LV	1722	0.09141112179591347
train	LV	1723	0.08667145721009438
train	LV	1724	0.09430849272714807
train	LV	1725	0.08756077954553751
train	LV	1726	0.08958427469163976
train	LV	1727	0.09789157134218275
train	LV	1728	0.07404760428589907
train	LV	1729	0.10181281137047318
train	LV	1730	0.09841554821474963
train	LV	1731	0.08548685381044023
train	LV	1732	0.08769954524371655
train	LV	1733	0.0928551113171727
train	LV	1734	0.084467242990785
train	LV	1735	0.09094523878950125
train	LV	1736	0.08676669629471204
train	LV	1737	0.0812601854244356
train	LV	1738	0.08142642291273032
train	LV	1739	0.07936047508674991
train	LV	1740	0.09638305275814976
train	LV	1741	0.09916144767750003
train	LV	1742	0.09197018269812032
train	LV	1743	0.08720479841359245
train	LV	1744	0.08216598685260235
train	LV	1745	0.09801650428106437
train	LV	1746	0.08891391591097347
train	LV	1747	0.10124329176080762
train	LV	1748	0.09445520816274987
train	LV	1749	0.08610070683238566
train	LV	1750	0.08099165169158117
train	LV	1751	0.09681092619153418
train	LV	1752	0.09434089729744975
train	LV	1753	0.10154203894403349
train	LV	1754	0.09917811737927315
train	LV	1755	0.08167553908736852
train	LV	1756	0.08166551385974684
train	LV	1757	0.09584614805549689
train	LV	1758	0.09011633815220031
train	LV	1759	0.08701582924850461
train	LV	1760	0.0707098201521921
train	LV	1761	0.09762783639610044
train	LV	1762	0.08568718334604111
train	LV	1763	0.08951984707848032
train	LV	1764	0.09734157973306494
train	LV	1765	0.09134765729257878
train	LV	1766	0.07950052857036115
train	LV	1767	0.08022262835722889
train	LV	1768	0.09335839657151804
train	LV	1769	0.09989569548654731
train	LV	1770	0.08053530721247534
train	LV	1771	0.10706766474364007
train	LV	1772	0.08879887944874756
train	LV	1773	0.0843891528307509
train	LV	1774	0.08502592420355662
train	LV	1775	0.09105613276141743
train	LV	1776	0.08590701378597715
train	LV	1777	0.10996766654054582
train	LV	1778	0.08336105504657763
train	LV	1779	0.08375152976172248
train	LV	1780	0.08043184504907716
train	LV	1781	0.10452533797085456
train	LV	1782	0.08450337423914603
train	LV	1783	0.08431060702953218
train	LV	1784	0.08111674960242343
train	LV	1785	0.08673770621532059
train	LV	1786	0.11477528081397015
train	LV	1787	0.09029883340403522
train	LV	1788	0.07766519327296688
train	LV	1789	0.08248625467623366
train	LV	1790	0.08767582488157903
train	LV	1791	0.08323328543809573
train	LV	1792	0.08040606284736974
train	LV	1793	0.0901362897628628
train	LV	1794	0.0910956897685789
train	LV	1795	0.08278524673143582
train	LV	1796	0.08726403004734407
train	LV	1797	0.08179159770539902
train	LV	1798	0.0922912198856429
train	LV	1799	0.07829569253068369
train	LV	1800	0.0888395585521808
train	LV	1801	0.08802483338121204
train	LV	1802	0.07757914658603694
train	LV	1803	0.08984044739598068
train	LV	1804	0.0960230408927428
train	LV	1805	0.10560856037607885
train	LV	1806	0.10099414307041162
train	LV	1807	0.08164845146731245
train	LV	1808	0.0864045952147934
train	LV	1809	0.10557563750615025
train	LV	1810	0.08505498724401366
train	LV	1811	0.08792867187092336
train	LV	1812	0.08547111483856487
train	LV	1813	0.09202491597580252
train	LV	1814	0.08284277499683271
train	LV	1815	0.08321108410099384
train	LV	1816	0.08943347147339938
train	LV	1817	0.08361762689554214
train	LV	1818	0.1034913948176084
train	LV	1819	0.09069356998042169
train	LV	1820	0.08878805173675834
train	LV	1821	0.08882782907427456
train	LV	1822	0.09181770839586864
train	LV	1823	0.0923509124730276
train	LV	1824	0.08322843262811598
train	LV	1825	0.10283503787740526
train	LV	1826	0.09093497035055192
train	LV	1827	0.07916855111732188
train	LV	1828	0.10240020540811061
train	LV	1829	0.08574807078723225
train	LV	1830	0.0953640602780644
train	LV	1831	0.09886944198599178
train	LV	1832	0.08651389474434348
train	LV	1833	0.08717455361793215
train	LV	1834	0.0904194008530944
train	LV	1835	0.09342602245467832
train	LV	1836	0.08068644404370895
train	LV	1837	0.10881885926587224
train	LV	1838	0.09813291321926239
train	LV	1839	0.08380261679170195
train	LV	1840	0.09872191931748878
train	LV	1841	0.10854455735066734
train	LV	1842	0.09683012590103547
train	LV	1843	0.0846415587608188
train	LV	1844	0.11723930908710199
train	LV	1845	0.07540935916909602
train	LV	1846	0.10429058707602984
train	LV	1847	0.09156300039990806
train	LV	1848	0.08189472895783337
train	LV	1849	0.07187561639854992
train	LV	1850	0.08948038519666875
train	LV	1851	0.09318473727448712
train	LV	1852	0.09352155558131808
train	LV	1853	0.09657522598469497
train	LV	1854	0.09477913845603324
train	LV	1855	0.10201020402366555
train	LV	1856	0.0850177573372425
train	LV	1857	0.10581169960019361
train	LV	1858	0.07370567047511845
train	LV	1859	0.07859641442719777
train	LV	1860	0.09326372393458374
train	LV	1861	0.09520152014988575
train	LV	1862	0.08912737386053944
train	LV	1863	0.08585436970150846
train	LV	1864	0.0925260646538348
train	LV	1865	0.07482738781361922
train	LV	1866	0.09374762235180613
train	LV	1867	0.09756956226307135
train	LV	1868	0.08312208843256536
train	LV	1869	0.08798662278262329
train	LV	1870	0.10803819485096187
train	LV	1871	0.09529136851384629
train	LV	1872	0.08912895521445804
train	LV	1873	0.08932489110856941
train	LV	1874	0.09953455064353371
train	LV	1875	0.089982393878242
train	LV	1876	0.09306087764208361
train	LV	1877	0.09568473935707685
train	LV	1878	0.08975998328968439
train	LV	1879	0.08918762378838396
train	LV	1880	0.09026801696114298
train	LV	1881	0.09181324969140028
train	LV	1882	0.08599746654620398
train	LV	1883	0.08538212024960257
train	LV	1884	0.08744338847377228
train	LV	1885	0.08557125468058928
train	LV	1886	0.10528440408705755
train	LV	1887	0.09656170333679501
train	LV	1888	0.08991542252740234
train	LV	1889	0.09542902332320523
train	LV	1890	0.08708265483151112
train	LV	1891	0.09730379973617348
train	LV	1892	0.0804622528448819
train	LV	1893	0.09072531836425468
train	LV	1894	0.07531320003027044
train	LV	1895	0.07895434833564151
train	LV	1896	0.0925044453462325
train	LV	1897	0.09374477120511822
train	LV	1898	0.09288498873449642
train	LV	1899	0.09151405267590254
train	LV	1900	0.09543182709130772
train	LV	1901	0.08746699042339766
train	LV	1902	0.08742329010725348
train	LV	1903	0.10204816417664468
train	LV	1904	0.08626404828371786
train	LV	1905	0.09510797764804166
train	LV	1906	0.10750421746774638
train	LV	1907	0.07854930693948221
train	LV	1908	0.08587367877783125
train	LV	1909	0.09756980519257347
train	LV	1910	0.09074588769672498
train	LV	1911	0.09399691615885739
train	LV	1912	0.07777168793579071
train	LV	1913	0.08311656349170131
train	LV	1914	0.09192767261717301
train	LV	1915	0.083761522249246
train	LV	1916	0.09298851709207552
train	LV	1917	0.07732557677231978
train	LV	1918	0.09363769334242342
train	LV	1919	0.08794159883696653
train	LV	1920	0.08544249413957031
train	LV	1921	0.09152462364212724
train	LV	1922	0.10095281035946876
train	LV	1923	0.08750947168862314
train	LV	1924	0.0945724486056119
train	LV	1925	0.10204730330628517
train	LV	1926	0.10679884398227966
train	LV	1927	0.09994050748943309
train	LV	1928	0.09288297512139036
train	LV	1929	0.08937810434894118
train	LV	1930	0.0894714644766351
train	LV	1931	0.08551837508172024
train	LV	1932	0.10909976941183121
train	LV	1933	0.11300404132502861
train	LV	1934	0.0897267602134872
train	LV	1935	0.09430141754663118
train	LV	1936	0.08654559421189265
train	LV	1937	0.0927144051255512
train	LV	1938	0.1000986786857112
train	LV	1939	0.10342721671437441
train	LV	1940	0.08907133838946342
train	LV	1941	0.07269990791595522
train	LV	1942	0.0862217217248004
train	LV	1943	0.08672618255206564
train	LV	1944	0.09875048858661531
train	LV	1945	0.09414508244079509
train	LV	1946	0.09665880653260524
train	LV	1947	0.08316943151945348
train	LV	1948	0.09898278700551173
train	LV	1949	0.08515999115452316
train	LV	1950	0.08660750157762434
train	LV	1951	0.09258440908933692
train	LV	1952	0.09124620096649701
train	LV	1953	0.0876469728464928
train	LV	1954	0.08903241138263406
train	LV	1955	0.07464662099696491
train	LV	1956	0.10260759076711479
train	LV	1957	0.08152160110098111
train	LV	1958	0.08099732109111676
train	LV	1959	0.0986354165537502
train	LV	1960	0.10201121420852367
train	LV	1961	0.09716946494687137
train	LV	1962	0.09895417834255514
train	LV	1963	0.09416924849425665
train	LV	1964	0.09903220882363321
train	LV	1965	0.10286304553249688
train	LV	1966	0.09597126903383647
train	LV	1967	0.09903661409779295
train	LV	1968	0.0887049851133294
train	LV	1969	0.08889995774275312
train	LV	1970	0.10476387373936841
train	LV	1971	0.10001617259745696
train	LV	1972	0.08361481528730229
train	LV	1973	0.08197938999237697
train	LV	1974	0.08787066389863528
train	LV	1975	0.0966334358141625
train	LV	1976	0.09539705222792584
train	LV	1977	0.08190347230114406
train	LV	1978	0.08758342535513129
train	LV	1979	0.09260007122054396
train	LV	1980	0.090364421187739
train	LV	1981	0.08249989253674885
train	LV	1982	0.08407758932932553
train	LV	1983	0.08610256310860094
train	LV	1984	0.10802430058931706
train	LV	1985	0.08953897496365448
train	LV	1986	0.09955524736495848
train	LV	1987	0.06889609566262318
train	LV	1988	0.08880377672943825
train	LV	1989	0.08676837356881527
train	LV	1990	0.08471599133793258
train	LV	1991	0.08876214896825661
train	LV	1992	0.09423021147911892
train	LV	1993	0.09745746346888456
train	LV	1994	0.08364087586199374
train	LV	1995	0.09025797123364751
train	LV	1996	0.10396242795422446
train	LV	1997	0.09271225525209068
train	LV	1998	0.0913638384108016
train	LV	1999	0.08535895277033695
train	L	0	0.1111741895014907
train	L	1	0.11224655099573701
train	L	2	0.10334460759932165
train	L	3	0.11779822671112505
train	L	4	0.11757156176663484
train	L	5	0.11073680619090465
train	L	6	0.10714619724422056
train	L	7	0.0974574547780645
train	L	8	0.10801584422800253
train	L	9	0.11777741032365485
train	L	10	0.11996632369082379
train	L	11	0.11957988056857563
train	L	12	0.1025378020906217
train	L	13	0.10442996766317231
train	L	14	0.10879383572140201
train	L	15	0.11780205755444112
train	L	16	0.1079406835068657
train	L	17	0.11385655548840333
train	L	18	0.10727711739180788
train	L	19	0.11462763471869969
train	L	20	0.11650834513918158
train	L	21	0.10520789959282982
train	L	22	0.11786340920232694
train	L	23	0.11801969146007132
train	L	24	0.12999999012466876
train	L	25	0.1131117901806549
train	L	26	0.10665954721456683
train	L	27	0.10290832872708418
train	L	28	0.1314375247909156
train	L	29	0.11950387754056623
train	L	30	0.12008809183210116
train	L	31	0.11490089140996658
train	L	32	0.12569284559148877
train	L	33	0.1100368556480847
train	L	34	0.11716104343741272
train	L	35	0.11097284458757532
train	L	36	0.11125547455490868
train	L	37	0.09418333920826627
train	L	38	0.1211713920471726
train	L	39	0.1174965688632157
train	L	40	0.09677873085826688
train	L	41	0.11920790913483546
train	L	42	0.11200603436040207
train	L	43	0.12527787653958053
train	L	44	0.11503921347401012
train	L	45	0.1207245127011562
train	L	46	0.09228663285329514
train	L	47	0.1158301589195399
train	L	48	0.11983717646086173
train	L	49	0.08991092255928598
train	L	50	0.123571975486622
train	L	51	0.12146601516670541
train	L	52	0.11187925437090997
train	L	53	0.12006127016880454
train	L	54	0.12831055510976516
train	L	55	0.13094103235490767
train	L	56	0.11184842950855384
train	L	57	0.10353939258883679
train	L	58	0.11110515767423412
train	L	59	0.10435564252865916
train	L	60	0.11380398490372315
train	L	61	0.11948956400241353
train	L	62	0.11773585414222981
train	L	63	0.1059302305392886
train	L	64	0.09916855142829871
train	L	65	0.10835701445970058
train	L	66	0.10135345867271318
train	L	67	0.10888362616447872
train	L	68	0.114151933527943
train	L	69	0.10223083439192616
train	L	70	0.10502199200457155
train	L	71	0.1129616012739766
train	L	72	0.11767470484763261
train	L	73	0.11152895088716624
train	L	74	0.10005291625740094
train	L	75	0.12171872688509444
train	L	76	0.11214676825039857
train	L	77	0.10556581537324647
train	L	78	0.11076998361209568
train	L	79	0.12145579284358722
train	L	80	0.11315900500519016
train	L	81	0.11151170401622276
train	L	82	0.09955462340986104
train	L	83	0.11531837457763687
train	L	84	0.12953199798042658
train	L	85	0.12808566876851216
train	L	86	0.1017483116479421
train	L	87	0.10780376225165365
train	L	88	0.10584180886170233
train	L	89	0.10277767984587026
train	L	90	0.11164008337367227
train	L	91	0.11068912738682302
train	L	92	0.11077043859106359
train	L	93	0.11925298458851144
train	L	94	0.11872707610450167
train	L	95	0.10861060268017338
train	L	96	0.11643341820229132
train	L	97	0.11854261410387014
train	L	98	0.11318963490890332
train	L	99	0.10931157485299477
train	L	100	0.13027877794319026
train	L	101	0.10993180877376345
train	L	102	0.11631122515383993
train	L	103	0.10479688420714521
train	L	104	0.11785967477819102
train	L	105	0.11990416657874045
train	L	106	0.11476773635257206
train	L	107	0.11093185046251067
train	L	108	0.11213279525930288
train	L	109	0.10894762613759695
train	L	110	0.1090102132708393
train	L	111	0.10758915556531856
train	L	112	0.1156301478259152
train	L	113	0.10935297905794701
train	L	114	0.12111941180035696
train	L	115	0.10276297557188224
train	L	116	0.11672565845216452
train	L	117	0.11641023870828933
train	L	118	0.09758981679769047
train	L	119	0.10115800746953145
train	L	120	0.10921560751228301
train	L	121	0.1112823222987288
train	L	122	0.11145011357540419
train	L	123	0.10544229007989017
train	L	124	0.12468710731627443
train	L	125	0.10732503615135736
train	L	126	0.10103984220713642
train	L	127	0.13039211918848023
train	L	128	0.11818931848779146
train	L	129	0.11624416410494248
train	L	130	0.11846110648344071
train	L	131	0.12297269499277418
train	L	132	0.104797801655388
train	L	133	0.11028816473400631
train	L	134	0.11897954871615095
train	L	135	0.1061046041773134
train	L	136	0.12187129707236229
train	L	137	0.13419674656247518
train	L	138	0.13294385255991045
train	L	139	0.10988424051427009
train	L	140	0.10491130864565938
train	L	141	0.12423107799507492
train	L	142	0.10663109587805242
train	L	143	0.13462337973462832
train	L	144	0.12875091680998432
train	L	145	0.11141070397605445
train	L	146	0.1111325819950823
train	L	147	0.1293561107166314
train	L	148	0.10929866527840465
train	L	149	0.10797343463832068
train	L	150	0.11517880619018042
train	L	151	0.11244027258902772
train	L	152	0.12297043069463916
train	L	153	0.11579393564344291
train	L	154	0.11023291404743296
train	L	155	0.11420130617114486
train	L	156	0.12158593937537207
train	L	157	0.11142875043257948
train	L	158	0.13029842256036672
train	L	159	0.12521019875040518
train	L	160	0.11510661459669207
train	L	161	0.11985213362586486
train	L	162	0.10664180373581496
train	L	163	0.11155053581282329
train	L	164	0.12141611805496452
train	L	165	0.10846727141424913
train	L	166	0.10873077216914886
train	L	167	0.11723250273125355
train	L	168	0.1347009303167461
train	L	169	0.1108746924963206
train	L	170	0.12435410831880539
train	L	171	0.11052815160265225
train	L	172	0.12150660520365203
train	L	173	0.11169499110098667
train	L	174	0.1273076132669096
train	L	175	0.12184118561969128
train	L	176	0.10762328703034998
train	L	177	0.10319609879531898
train	L	178	0.12228776553234823
train	L	179	0.12801807926162995
train	L	180	0.11930007811688285
train	L	181	0.10162118971732491
train	L	182	0.10677482226951009
train	L	183	0.10394979528818246
train	L	184	0.1162320544835672
train	L	185	0.12239296534240232
train	L	186	0.11262254181074759
train	L	187	0.12696818774015928
train	L	188	0.12542217684580032
train	L	189	0.11381298492501137
train	L	190	0.10792977476948852
train	L	191	0.11454720613398817
train	L	192	0.12563138036987118
train	L	193	0.10568273189320315
train	L	194	0.10643297557406065
train	L	195	0.12388494726257873
train	L	196	0.11030751451415098
train	L	197	0.110723976424314
train	L	198	0.1088231721853998
train	L	199	0.11379378555266607
train	L	200	0.12471970624975486
train	L	201	0.12426188940917651
train	L	202	0.11280189487283707
train	L	203	0.12025076634393175
train	L	204	0.11618268205898763
train	L	205	0.11500084480293064
train	L	206	0.10042452085031438
train	L	207	0.11234051312563263
train	L	208	0.10215354946757753
train	L	209	0.11924345589577214
train	L	210	0.11595693666832645
train	L	211	0.10660494245906368
train	L	212	0.11018422153151608
train	L	213	0.12663152212247306
train	L	214	0.11122877302836806
train	L	215	0.1112767736997052
train	L	216	0.09568186533918324
train	L	217	0.10584559924564756
train	L	218	0.12506548309404888
train	L	219	0.10968277045058102
train	L	220	0.1214403490814689
train	L	221	0.1282940397439782
train	L	222	0.11717846363989101
train	L	223	0.1138460491005818
train	L	224	0.07493023381559238
train	L	225	0.10866316662466875
train	L	226	0.11112587869608924
train	L	227	0.10106481909248512
train	L	228	0.10442551273120865
train	L	229	0.10422396174352923
train	L	230	0.10938272876007975
train	L	231	0.11605270773962548
train	L	232	0.11646127080845053
train	L	233	0.11147978230857132
train	L	234	0.11983116613111712
train	L	235	0.11020100142573433
train	L	236	0.11785152278711841
train	L	237	0.10418241781972572
train	L	238	0.11868184987849581
train	L	239	0.11647115292322212
train	L	240	0.09111812858184443
train	L	241	0.10748231538583818
train	L	242	0.09696503799212162
train	L	243	0.10146480305384145
train	L	244	0.10953477481592114
train	L	245	0.11219208589939372
train	L	246	0.11647939958533098
train	L	247	0.11426786726944915
train	L	248	0.10107426474516051
train	L	249	0.11456483845664162
train	L	250	0.12200460401246344
train	L	251	0.10130566547203576
train	L	252	0.10748713078686781
train	L	253	0.12163642282944435
train	L	254	0.1239270898531924
train	L	255	0.12481146256511869
train	L	256	0.11950725960938385
train	L	257	0.10203412144467829
train	L	258	0.11646851493376842
train	L	259	0.10211023861005453
train	L	260	0.09944214768966166
train	L	261	0.11592730658319077
train	L	262	0.11405069074462408
train	L	263	0.11758943967351863
train	L	264	0.10256895662899312
train	L	265	0.11799517202305355
train	L	266	0.11360131497393854
train	L	267	0.10500945214095322
train	L	268	0.1185064316657841
train	L	269	0.1294508563813877
train	L	270	0.12167048398369358
train	L	271	0.12662710344296982
train	L	272	0.09535220478338673
train	L	273	0.1053355642973796
train	L	274	0.1269097762418841
train	L	275	0.10432284443481551
train	L	276	0.12563775239040734
train	L	277	0.12282506627903184
train	L	278	0.1027990795990759
train	L	279	0.0973892692914961
train	L	280	0.10676575945555151
train	L	281	0.1182657354026793
train	L	282	0.11053772170339478
train	L	283	0.10162107706389753
train	L	284	0.10967732051329268
train	L	285	0.10945461486110541
train	L	286	0.10371881458239886
train	L	287	0.10452492810074351
train	L	288	0.13340313909046608
train	L	289	0.11960895880300837
train	L	290	0.1220376719733932
train	L	291	0.11944968650235395
train	L	292	0.0957251654724355
train	L	293	0.11341369066461442
train	L	294	0.12551935066221648
train	L	295	0.12282795086914929
train	L	296	0.12392116456786989
train	L	297	0.11495000213382026
train	L	298	0.1218928402809176
train	L	299	0.12112184521711164
train	L	300	0.12000793961667433
train	L	301	0.1140589382508786
train	L	302	0.11748319151681931
train	L	303	0.11099702412749828
train	L	304	0.10951878492488694
train	L	305	0.10660097113669403
train	L	306	0.11636562512177082
train	L	307	0.11143984713676021
train	L	308	0.12493802134799932
train	L	309	0.11033206139601132
train	L	310	0.11664362766396134
train	L	311	0.11370139685535154
train	L	312	0.11150692435299775
train	L	313	0.10767321705964271
train	L	314	0.11724580245583843
train	L	315	0.120308780229185
train	L	316	0.12036856729707246
train	L	317	0.12119096264427583
train	L	318	0.12176976881157116
train	L	319	0.11600565960049662
train	L	320	0.09330438513573955
train	L	321	0.11069439689709744
train	L	322	0.11726104878305746
train	L	323	0.11335925834725617
train	L	324	0.10364068939301167
train	L	325	0.1301168299074698
train	L	326	0.12138798222587631
train	L	327	0.11644532561887502
train	L	328	0.10987039198202694
train	L	329	0.1191927251329039
train	L	330	0.11475072451826819
train	L	331	0.10847935749759298
train	L	332	0.10477600414281427
train	L	333	0.1073847284122374
train	L	334	0.10233392570970168
train	L	335	0.11970022242945995
train	L	336	0.10792200894267874
train	L	337	0.1270094483513477
train	L	338	0.11633933897106387
train	L	339	0.10556529124286607
train	L	340	0.09700823358076333
train	L	341	0.1217306432943881
train	L	342	0.1299988300019919
train	L	343	0.11537126459499422
train	L	344	0.10818698351002824
train	L	345	0.1063643062259226
train	L	346	0.1275923209162555
train	L	347	0.1127420906065008
train	L	348	0.12185898337560706
train	L	349	0.09633267556050566
train	L	350	0.11664107324118556
train	L	351	0.11154773921108772
train	L	352	0.11561674558785456
train	L	353	0.11130557109972271
train	L	354	0.10766965031064499
train	L	355	0.11337294374603109
train	L	356	0.12192027230270377
train	L	357	0.11658321362042062
train	L	358	0.10960071350422983
train	L	359	0.1341305842849823
train	L	360	0.12019729529406627
train	L	361	0.10745998402341146
train	L	362	0.11804485791005975
train	L	363	0.11107952010098833
train	L	364	0.11673005663974928
train	L	365	0.12253596055719862
train	L	366	0.12701675046917632
train	L	367	0.10919379311475035
train	L	368	0.11524433618041988
train	L	369	0.11404276688410617
train	L	370	0.10855741350758841
train	L	371	0.11329227252530634
train	L	372	0.10412311282439397
train	L	373	0.11292354564619084
train	L	374	0.11628521412417121
train	L	375	0.1104388449820757
train	L	376	0.1160957640041807
train	L	377	0.09939439157558659
train	L	378	0.11701343006925471
train	L	379	0.11265260070756353
train	L	380	0.11952782669565852
train	L	381	0.11100051718675856
train	L	382	0.10532366969181378
train	L	383	0.12174462294203897
train	L	384	0.13103019652759137
train	L	385	0.11306366494477411
train	L	386	0.10875972559252368
train	L	387	0.11478534067192543
train	L	388	0.11170393286800083
train	L	389	0.10233410092450496
train	L	390	0.1137408671883183
train	L	391	0.10602090096039966
train	L	392	0.11367299300100542
train	L	393	0.10823394334275567
train	L	394	0.11905498184206392
train	L	395	0.11707106127804737
train	L	396	0.11951586855817152
train	L	397	0.12460731643188117
train	L	398	0.12859488559262608
train	L	399	0.11460229373393906
train	L	400	0.12428967355900986
train	L	401	0.10392396597227284
train	L	402	0.11248697609911046
train	L	403	0.11328756468678876
train	L	404	0.10827980360745061
train	L	405	0.12263103281687546
train	L	406	0.1249244666539698
train	L	407	0.11780655321810894
train	L	408	0.14235110826899228
train	L	409	0.10765106662922633
train	L	410	0.11615643210697556
train	L	411	0.11309128720110748
train	L	412	0.11592652225403392
train	L	413	0.11928436429623647
train	L	414	0.11299423047293097
train	L	415	0.11113077782755278
train	L	416	0.11803171635005782
train	L	417	0.12658999819886227
train	L	418	0.11158253130393027
train	L	419	0.11366618626623057
train	L	420	0.13664432900795945
train	L	421	0.12301446153802609
train	L	422	0.11097280598283966
train	L	423	0.11222243235025832
train	L	424	0.10074619312379712
train	L	425	0.11462418822678291
train	L	426	0.10291803868922282
train	L	427	0.11781466168691017
train	L	428	0.11679236829695416
train	L	429	0.11588319253781817
train	L	430	0.1101414552514062
train	L	431	0.11435899634397004
train	L	432	0.11051042979553492
train	L	433	0.12621061735927247
train	L	434	0.09443766839871544
train	L	435	0.12098418737826791
train	L	436	0.11597226693952313
train	L	437	0.09944164016204728
train	L	438	0.11023433995663211
train	L	439	0.11134881861764745
train	L	440	0.09646364114801768
train	L	441	0.10690751162331977
train	L	442	0.10765498605835386
train	L	443	0.12124451592567798
train	L	444	0.12900121819555094
train	L	445	0.12391664969685419
train	L	446	0.11652192184558394
train	L	447	0.11827467452742967
train	L	448	0.10458756336334817
train	L	449	0.11181134114013254
train	L	450	0.11443688734555091
train	L	451	0.11382602011134123
train	L	452	0.11030903576046522
train	L	453	0.11100389580353878
train	L	454	0.10504935264597169
train	L	455	0.10962383518493854
train	L	456	0.10019450962344129
train	L	457	0.13681782612212326
train	L	458	0.11598670474417885
train	L	459	0.11985602839254796
train	L	460	0.10609682656406196
train	L	461	0.10610032725393005
train	L	462	0.12498445643922465
train	L	463	0.1329694351588147
train	L	464	0.11150489249453306
train	L	465	0.1012202775518471
train	L	466	0.11305597611196985
train	L	467	0.1257421206407883
train	L	468	0.11394764745186474
train	L	469	0.1080689686670467
train	L	470	0.11406614027842732
train	L	471	0.10543308787773903
train	L	472	0.12407453048316686
train	L	473	0.13364667419752793
train	L	474	0.12936427063768374
train	L	475	0.10845629207132426
train	L	476	0.1249068637387813
train	L	477	0.12281651943519095
train	L	478	0.12192714604074222
train	L	479	0.09742607949696151
train	L	480	0.11099109984495709
train	L	481	0.09763787934740087
train	L	482	0.1122990264031198
train	L	483	0.11884320833501495
train	L	484	0.0965537469651303
train	L	485	0.123016247173554
train	L	486	0.11184220091758597
train	L	487	0.10903319551327813
train	L	488	0.09831194143298905
train	L	489	0.11658908171518242
train	L	490	0.11799191614715615
train	L	491	0.09869328022168146
train	L	492	0.09877013986958554
train	L	493	0.12090708210548815
train	L	494	0.1171063849321647
train	L	495	0.114721242977567
train	L	496	0.10820630664547105
train	L	497	0.11160832258581069
train	L	498	0.12176249762325313
train	L	499	0.12368618591259443
train	L	500	0.10428628784469238
train	L	501	0.11402258645296211
train	L	502	0.09841280551006984
train	L	503	0.11843459790851117
train	L	504	0.12219890667594267
train	L	505	0.10194091011599686
train	L	506	0.10448358034967602
train	L	507	0.1119983153788235
train	L	508	0.09963970179604853
train	L	509	0.11679627053883278
train	L	510	0.12290000618493538
train	L	511	0.13252753219077396
train	L	512	0.11514385211872605
train	L	513	0.11849023070802382
train	L	514	0.11746882065177128
train	L	515	0.11480199861851201
train	L	516	0.10679861085939672
train	L	517	0.10569432099923759
train	L	518	0.09850052906134772
train	L	519	0.1119250380991878
train	L	520	0.11502819986213886
train	L	521	0.11073672263509979
train	L	522	0.12733130431263642
train	L	523	0.13159543131991502
train	L	524	0.1050165281819065
train	L	525	0.10516372973687875
train	L	526	0.13236270270442357
train	L	527	0.10334516781467377
train	L	528	0.10923583864201998
train	L	529	0.106468290973333
train	L	530	0.11855241440314691
train	L	531	0.1194636564008278
train	L	532	0.10064961384074676
train	L	533	0.11079594813509061
train	L	534	0.09850557667280994
train	L	535	0.10443863861002875
train	L	536	0.12023665561602982
train	L	537	0.12413939288094823
train	L	538	0.09624386091854531
train	L	539	0.1121748122501428
train	L	540	0.11139339831520406
train	L	541	0.10082898397720183
train	L	542	0.11105286537424527
train	L	543	0.09506347858398104
train	L	544	0.11025723072756989
train	L	545	0.09495825417276853
train	L	546	0.11691299085142848
train	L	547	0.11537995057859834
train	L	548	0.12458647318879547
train	L	549	0.12385280310792467
train	L	550	0.12424086532289437
train	L	551	0.10861631040685057
train	L	552	0.12505267416693258
train	L	553	0.108735508400595
train	L	554	0.11756732279954404
train	L	555	0.11251209117857842
train	L	556	0.10818129186826501
train	L	557	0.11075001979200375
train	L	558	0.11481228046238269
train	L	559	0.1161120187003832
train	L	560	0.13311287738724098
train	L	561	0.12066388067583955
train	L	562	0.11637983457915135
train	L	563	0.10953124603324116
train	L	564	0.11720854646060265
train	L	565	0.09390810840732215
train	L	566	0.1265766118262831
train	L	567	0.10405055550439962
train	L	568	0.12161734261505619
train	L	569	0.11096725903603297
train	L	570	0.13166147463294423
train	L	571	0.11532253646167609
train	L	572	0.1068787560477626
train	L	573	0.10847082849967231
train	L	574	0.11202016899411907
train	L	575	0.12640583883679593
train	L	576	0.11935027934536234
train	L	577	0.11114248929806336
train	L	578	0.1104309138153286
train	L	579	0.12518319086914942
train	L	580	0.12286905564098155
train	L	581	0.10678444273180944
train	L	582	0.12480085442544375
train	L	583	0.10930825324793632
train	L	584	0.09773548999170391
train	L	585	0.10542744186938292
train	L	586	0.10700065371705204
train	L	587	0.12256153882100645
train	L	588	0.12118347209562738
train	L	589	0.10853872279998467
train	L	590	0.11804197732108897
train	L	591	0.12707324463055478
train	L	592	0.11068573786758244
train	L	593	0.10721622361131092
train	L	594	0.10300121949494744
train	L	595	0.11113059089008742
train	L	596	0.11859322298342048
train	L	597	0.1285067209960465
train	L	598	0.11868654882241352
train	L	599	0.10951839843067859
train	L	600	0.12794217222172782
train	L	601	0.11876825225958654
train	L	602	0.12416962548242928
train	L	603	0.10673846586894069
train	L	604	0.12112869797329347
train	L	605	0.1219067764252902
train	L	606	0.13053537700999823
train	L	607	0.08579739969074837
train	L	608	0.0975089102382308
train	L	609	0.12765456808161704
train	L	610	0.11487398716447342
train	L	611	0.11053045894770692
train	L	612	0.12603665362187866
train	L	613	0.11753647010936467
train	L	614	0.11180827266920998
train	L	615	0.11226843610070247
train	L	616	0.11674230458297113
train	L	617	0.11277162309711843
train	L	618	0.09422967160508998
train	L	619	0.1115784222716856
train	L	620	0.09942787923210708
train	L	621	0.1352751542037191
train	L	622	0.10551704992364298
train	L	623	0.12293071271564873
train	L	624	0.10428338390277034
train	L	625	0.1025640673250998
train	L	626	0.10382531671213151
train	L	627	0.12777975817785384
train	L	628	0.13228070573784798
train	L	629	0.12382230867019632
train	L	630	0.10644459634475836
train	L	631	0.1251011469366886
train	L	632	0.0961617686267538
train	L	633	0.11661782943992129
train	L	634	0.10451454062680009
train	L	635	0.11697588422581569
train	L	636	0.11234783842828334
train	L	637	0.11508835447350767
train	L	638	0.11375015195408904
train	L	639	0.10483752938804589
train	L	640	0.10077158304419027
train	L	641	0.11281830992475894
train	L	642	0.11938589670904022
train	L	643	0.11148842526753372
train	L	644	0.11452565440190524
train	L	645	0.12578033185023588
train	L	646	0.11094051045060385
train	L	647	0.12126805001872402
train	L	648	0.1093704775214301
train	L	649	0.1152172066886946
train	L	650	0.10427589581431308
train	L	651	0.10977474957656469
train	L	652	0.12451171707985839
train	L	653	0.10965169137956941
train	L	654	0.13940814721789072
train	L	655	0.12701752294421365
train	L	656	0.10255702795400785
train	L	657	0.10624841671262313
train	L	658	0.12204132134776835
train	L	659	0.10692030398553423
train	L	660	0.11050580596956011
train	L	661	0.11834447599505485
train	L	662	0.10597094233454304
train	L	663	0.12277740588177583
train	L	664	0.11799583400461468
train	L	665	0.11144999685031463
train	L	666	0.11327582107303591
train	L	667	0.09743224900724047
train	L	668	0.10542542314566761
train	L	669	0.1205818185158691
train	L	670	0.11597395444229938
train	L	671	0.1223924437300137
train	L	672	0.106779850183385
train	L	673	0.10834017621375659
train	L	674	0.09516542375171484
train	L	675	0.11295190174956818
train	L	676	0.10598049904811645
train	L	677	0.11622057463446571
train	L	678	0.10779894404868628
train	L	679	0.12716571464038484
train	L	680	0.10442981941694154
train	L	681	0.11185143696365801
train	L	682	0.12124740701831473
train	L	683	0.11090004643736445
train	L	684	0.11189879849517266
train	L	685	0.12372868301422399
train	L	686	0.10841370995641121
train	L	687	0.1086714086513704
train	L	688	0.11548833942416185
train	L	689	0.10748160717872367
train	L	690	0.13437268720323328
train	L	691	0.12217832970881341
train	L	692	0.12117873800544952
train	L	693	0.09406740753215415
train	L	694	0.10913166021953723
train	L	695	0.11437808944571443
train	L	696	0.1262174168879685
train	L	697	0.10547365263730024
train	L	698	0.10075890884270279
train	L	699	0.12920074775160928
train	L	700	0.11788108033035892
train	L	701	0.10995157920334332
train	L	702	0.10721055904643297
train	L	703	0.12267554242761868
train	L	704	0.10384303300321596
train	L	705	0.10513542416023534
train	L	706	0.11764160612172526
train	L	707	0.11108892363377426
train	L	708	0.12234672215870442
train	L	709	0.09417613260154924
train	L	710	0.11352266141981748
train	L	711	0.12651856618081697
train	L	712	0.13057155270360882
train	L	713	0.10795304378258698
train	L	714	0.10337699116994248
train	L	715	0.11254234720266712
train	L	716	0.10993559007204025
train	L	717	0.10595315238572621
train	L	718	0.12330999846920379
train	L	719	0.12205400953232923
train	L	720	0.11376849880308583
train	L	721	0.10876856217252176
train	L	722	0.11632182680866839
train	L	723	0.1294477101333657
train	L	724	0.12366683123560979
train	L	725	0.11576419529435986
train	L	726	0.10949543473050848
train	L	727	0.111406132521926
train	L	728	0.12105848882257256
train	L	729	0.1057714620477713
train	L	730	0.12797934011252443
train	L	731	0.10818829278587594
train	L	732	0.10973705401650698
train	L	733	0.09857678732503235
train	L	734	0.11163601106722747
train	L	735	0.11677455910567094
train	L	736	0.12428525837962753
train	L	737	0.10938821647928354
train	L	738	0.11069760256245469
train	L	739	0.11319385579350855
train	L	740	0.1301593154572923
train	L	741	0.1132446890540315
train	L	742	0.11115810217749672
train	L	743	0.11856026987203294
train	L	744	0.14388221135552454
train	L	745	0.08713871762190696
train	L	746	0.10717925787059304
train	L	747	0.12304901405834895
train	L	748	0.09756384914147154
train	L	749	0.11095607969123888
train	L	750	0.10631691793167768
train	L	751	0.11126298911425679
train	L	752	0.11831510630765725
train	L	753	0.09807204348367227
train	L	754	0.10236334395492037
train	L	755	0.11923971401907499
train	L	756	0.11251048513399634
train	L	757	0.10759981310801439
train	L	758	0.11151955691621442
train	L	759	0.10388999713120643
train	L	760	0.11586437593198268
train	L	761	0.12433731028182146
train	L	762	0.09672088545117538
train	L	763	0.11145303220037264
train	L	764	0.10902269681482588
train	L	765	0.12040493269931234
train	L	766	0.10901540032106158
train	L	767	0.11805212874573895
train	L	768	0.11031014007227707
train	L	769	0.12565096526528538
train	L	770	0.11790264092910116
train	L	771	0.10469802105064831
train	L	772	0.12912854140534027
train	L	773	0.1189034631733045
train	L	774	0.10882017956991623
train	L	775	0.10299458486369872
train	L	776	0.10685281541874364
train	L	777	0.12417857095489926
train	L	778	0.1281342262532794
train	L	779	0.11041513882649912
train	L	780	0.11448629365286676
train	L	781	0.1113146085681466
train	L	782	0.10572043422123256
train	L	783	0.1152148320042241
train	L	784	0.1262653935169217
train	L	785	0.11927718067192948
train	L	786	0.09692123117997808
train	L	787	0.104382595714651
train	L	788	0.10940311137622039
train	L	789	0.10475709364115243
train	L	790	0.1161772700095424
train	L	791	0.10977749114680607
train	L	792	0.13188655506149252
train	L	793	0.11906515674333226
train	L	794	0.12065447232986477
train	L	795	0.11222397904178458
train	L	796	0.11777460486636675
train	L	797	0.11311357161098183
train	L	798	0.10598158141683345
train	L	799	0.1033195569056631
train	L	800	0.11379923598784863
train	L	801	0.13089602999633307
train	L	802	0.1063669742530225
train	L	803	0.10538133931502208
train	L	804	0.11133640493366229
train	L	805	0.11400874231853465
train	L	806	0.11687525464856578
train	L	807	0.12262508221847825
train	L	808	0.12024528466680447
train	L	809	0.11148227971061113
train	L	810	0.1090847474496608
train	L	811	0.1215251978634177
train	L	812	0.11228801894925565
train	L	813	0.11730428324840884
train	L	814	0.125465746495465
train	L	815	0.12054593192265967
train	L	816	0.10953417389575221
train	L	817	0.11662297763889617
train	L	818	0.10141737875794989
train	L	819	0.11111588976450965
train	L	820	0.113937169422507
train	L	821	0.10596054432355799
train	L	822	0.11283056705427855
train	L	823	0.12323374874994578
train	L	824	0.10503040926988523
train	L	825	0.10916482287163036
train	L	826	0.11842938756728016
train	L	827	0.11348007615762179
train	L	828	0.11530983978139545
train	L	829	0.12192843269542794
train	L	830	0.13032136110296355
train	L	831	0.12024290513359004
train	L	832	0.10577822386241084
train	L	833	0.12867331863571937
train	L	834	0.09987289360552232
train	L	835	0.11770420643715948
train	L	836	0.11628977428456579
train	L	837	0.11473028684400406
train	L	838	0.1105067520756134
train	L	839	0.10939540971878634
train	L	840	0.11883079001661571
train	L	841	0.11349975728019987
train	L	842	0.12646258971151358
train	L	843	0.11123848188498997
train	L	844	0.11215031590979027
train	L	845	0.1101086362607146
train	L	846	0.11396293310984469
train	L	847	0.119394735413643
train	L	848	0.1046034884230361
train	L	849	0.12225751972355171
train	L	850	0.10895698258628221
train	L	851	0.1117017736378061
train	L	852	0.1135258676466127
train	L	853	0.10538517934928057
train	L	854	0.11579274489059392
train	L	855	0.1181764836011639
train	L	856	0.1158486242550745
train	L	857	0.1260434480532457
train	L	858	0.09715853276448452
train	L	859	0.11618435937122652
train	L	860	0.11188882947094625
train	L	861	0.12076239714842384
train	L	862	0.11401352244742842
train	L	863	0.10340209378365936
train	L	864	0.10556114531522516
train	L	865	0.11384796117046461
train	L	866	0.10181036585318252
train	L	867	0.10814878852269491
train	L	868	0.09621276144208954
train	L	869	0.11220611929589479
train	L	870	0.10854374645285689
train	L	871	0.12245608939087434
train	L	872	0.11603014699671141
train	L	873	0.10387185234670925
train	L	874	0.11512792435645326
train	L	875	0.1031518931966544
train	L	876	0.0982339109665917
train	L	877	0.11704120257552286
train	L	878	0.110726345600601
train	L	879	0.10480271452640892
train	L	880	0.10051079535967802
train	L	881	0.11926144450454156
train	L	882	0.11404716705708648
train	L	883	0.12289782817289446
train	L	884	0.12385870024021448
train	L	885	0.10785644711660808
train	L	886	0.11565423335009355
train	L	887	0.10571870195304432
train	L	888	0.11367401657709342
train	L	889	0.12372623833493503
train	L	890	0.10019952640886495
train	L	891	0.11962432355642083
train	L	892	0.10591675724678545
train	L	893	0.09750442447505941
train	L	894	0.10729573634469605
train	L	895	0.10469544599314667
train	L	896	0.10724047902368464
train	L	897	0.11254993183111925
train	L	898	0.12250957858863129
train	L	899	0.1187922459456522
train	L	900	0.10817783682808577
train	L	901	0.12143097984137732
train	L	902	0.12157467428162655
train	L	903	0.11836874704816606
train	L	904	0.1293362461715902
train	L	905	0.11766823959005442
train	L	906	0.10673892021015023
train	L	907	0.10680694283510771
train	L	908	0.12587570070433823
train	L	909	0.09693572350503277
train	L	910	0.10253850179647087
train	L	911	0.12092638079126034
train	L	912	0.11209527378540565
train	L	913	0.10490627311540233
train	L	914	0.12322478655593767
train	L	915	0.11709254143137096
train	L	916	0.11272619591113564
train	L	917	0.11921158106877487
train	L	918	0.12940902870459095
train	L	919	0.10717785988113566
train	L	920	0.10919805054638747
train	L	921	0.12489982392099944
train	L	922	0.12405699059293622
train	L	923	0.0990374810055909
train	L	924	0.12229438577644766
train	L	925	0.10823918624032432
train	L	926	0.11136229861810996
train	L	927	0.115035015105002
train	L	928	0.11102769174814571
train	L	929	0.11027516452735572
train	L	930	0.13155029316218814
train	L	931	0.12215665420580976
train	L	932	0.10728714078596023
train	L	933	0.1007846046196605
train	L	934	0.11467431921891452
train	L	935	0.12081844485077646
train	L	936	0.10694872370608371
train	L	937	0.10847455955914645
train	L	938	0.11247949020521496
train	L	939	0.11410638102187826
train	L	940	0.12409784298747545
train	L	941	0.11754457084432446
train	L	942	0.12068135048240328
train	L	943	0.1277924907802511
train	L	944	0.11458785742237543
train	L	945	0.09560976716339645
train	L	946	0.11356854290860474
train	L	947	0.10598800709567205
train	L	948	0.11608934513228925
train	L	949	0.10226915745609086
train	L	950	0.13393739916917094
train	L	951	0.10921477887571585
train	L	952	0.10898800358208728
train	L	953	0.11737284418370315
train	L	954	0.1205024325536529
train	L	955	0.11972072790407604
train	L	956	0.10619170781552485
train	L	957	0.11236147543796701
train	L	958	0.1163538862781063
train	L	959	0.11588187782061057
train	L	960	0.12156537363340064
train	L	961	0.12051088088127895
train	L	962	0.110743221473108
train	L	963	0.1075997868688328
train	L	964	0.11551678168105343
train	L	965	0.11869857446593435
train	L	966	0.10611550565507871
train	L	967	0.11728532979775176
train	L	968	0.11594528735442967
train	L	969	0.12078561165665568
train	L	970	0.10944249757032744
train	L	971	0.10243795597286612
train	L	972	0.11472781206938373
train	L	973	0.104448180210854
train	L	974	0.12069010944293175
train	L	975	0.12009945851041921
train	L	976	0.11813796905275196
train	L	977	0.1102157234523465
train	L	978	0.12443848390288359
train	L	979	0.11239819466235754
train	L	980	0.11385158892449795
train	L	981	0.10062217123269464
train	L	982	0.10913189028079606
train	L	983	0.09433563568558248
train	L	984	0.12354437690906234
train	L	985	0.10114813917875072
train	L	986	0.1156277597211154
train	L	987	0.11429333799377443
train	L	988	0.09078706747021817
train	L	989	0.12244385611079549
train	L	990	0.10518242906672595
train	L	991	0.12381696391354732
train	L	992	0.10632583157826968
train	L	993	0.092564612850873
train	L	994	0.1116904495871515
train	L	995	0.09787225438190217
train	L	996	0.11491410183279538
train	L	997	0.13133063257636715
train	L	998	0.11974000724899889
train	L	999	0.11335432796368425
train	L	1000	0.12256872554785163
train	L	1001	0.10398825690419147
train	L	1002	0.10658977348110271
train	L	1003	0.10890728315744902
train	L	1004	0.11199404571755002
train	L	1005	0.11559938268022181
train	L	1006	0.10526524766817738
train	L	1007	0.11160890464077135
train	L	1008	0.12285560448507114
train	L	1009	0.10341299805044175
train	L	1010	0.11174081050404411
train	L	1011	0.11322028422818259
train	L	1012	0.1307683244620083
train	L	1013	0.10625346014750293
train	L	1014	0.11192094455530682
train	L	1015	0.12015173706090095
train	L	1016	0.11306308367984498
train	L	1017	0.11122766296312679
train	L	1018	0.10813358619777795
train	L	1019	0.10539696241886388
train	L	1020	0.1068617056015814
train	L	1021	0.11297082773623243
train	L	1022	0.10178723560205838
train	L	1023	0.11123472110832472
train	L	1024	0.11783032777939996
train	L	1025	0.11525407143407913
train	L	1026	0.11064936180420969
train	L	1027	0.09308143114850444
train	L	1028	0.1179178500384512
train	L	1029	0.1103510164674797
train	L	1030	0.11110558267934473
train	L	1031	0.11759354805299023
train	L	1032	0.10775557774105964
train	L	1033	0.11232754034354613
train	L	1034	0.1105286420871609
train	L	1035	0.10813817118186284
train	L	1036	0.1203351501567462
train	L	1037	0.1119500323005449
train	L	1038	0.11910755761225955
train	L	1039	0.11979196218161622
train	L	1040	0.1095698772768749
train	L	1041	0.11547940858608507
train	L	1042	0.11677979389799197
train	L	1043	0.10636491663555148
train	L	1044	0.12189549372650317
train	L	1045	0.11662514423858708
train	L	1046	0.10547220589045117
train	L	1047	0.10916468985436423
train	L	1048	0.1096930644539564
train	L	1049	0.12269533287346417
train	L	1050	0.11672395014113122
train	L	1051	0.11432846824993685
train	L	1052	0.10211069301184149
train	L	1053	0.1265460101868435
train	L	1054	0.11141927206764697
train	L	1055	0.11625899452057535
train	L	1056	0.1273161298017171
train	L	1057	0.11258752575160735
train	L	1058	0.12408005888586353
train	L	1059	0.11857075959231415
train	L	1060	0.12060632215380167
train	L	1061	0.09831132168674399
train	L	1062	0.11618026725029133
train	L	1063	0.12024788939946993
train	L	1064	0.10747687582668124
train	L	1065	0.11593844223715812
train	L	1066	0.10943975578048419
train	L	1067	0.1153734236242969
train	L	1068	0.10895115249758668
train	L	1069	0.11425234555515922
train	L	1070	0.13046043427624757
train	L	1071	0.12162813624335543
train	L	1072	0.10134588135204625
train	L	1073	0.10834510288154671
train	L	1074	0.11629745618791815
train	L	1075	0.10868253024991952
train	L	1076	0.12187916804930593
train	L	1077	0.1055844437631219
train	L	1078	0.10549186736272823
train	L	1079	0.10702032405973365
train	L	1080	0.11739128723739417
train	L	1081	0.10847039889194929
train	L	1082	0.1181310120668228
train	L	1083	0.1299750744792196
train	L	1084	0.10433379897175875
train	L	1085	0.10847944628659106
train	L	1086	0.11954027058676062
train	L	1087	0.1070907079586244
train	L	1088	0.10207734442763952
train	L	1089	0.11799220555658102
train	L	1090	0.12153211523502559
train	L	1091	0.11135335695394269
train	L	1092	0.11363925828939905
train	L	1093	0.1330183805122709
train	L	1094	0.10439232699748767
train	L	1095	0.12333063225778888
train	L	1096	0.13021200412032438
train	L	1097	0.10982791506862816
train	L	1098	0.11583812918780914
train	L	1099	0.12575330260618442
train	L	1100	0.11769867926955878
train	L	1101	0.1285462835606365
train	L	1102	0.11330603437135717
train	L	1103	0.10944022864888492
train	L	1104	0.11264423085772989
train	L	1105	0.12174928528199519
train	L	1106	0.11542506603648661
train	L	1107	0.11191146749544735
train	L	1108	0.11726584895535525
train	L	1109	0.1093216704178507
train	L	1110	0.11727265727042128
train	L	1111	0.10506398209562898
train	L	1112	0.1004683664978261
train	L	1113	0.101741711278401
train	L	1114	0.117501146354752
train	L	1115	0.11946416246113233
train	L	1116	0.10856555908904716
train	L	1117	0.10690920792576639
train	L	1118	0.09215359820858156
train	L	1119	0.11395635449327023
train	L	1120	0.11771730920190371
train	L	1121	0.11399693967187181
train	L	1122	0.12858465533793345
train	L	1123	0.12139467678202581
train	L	1124	0.10802685666355859
train	L	1125	0.11282201260986406
train	L	1126	0.1210558480442779
train	L	1127	0.10923394903922522
train	L	1128	0.09380169779166095
train	L	1129	0.11011474976815556
train	L	1130	0.11215404067363954
train	L	1131	0.12699604909268172
train	L	1132	0.12670642780327374
train	L	1133	0.1323581847225938
train	L	1134	0.13280498103042734
train	L	1135	0.10902963876553373
train	L	1136	0.12138044709790105
train	L	1137	0.1239706540991252
train	L	1138	0.11119108085010894
train	L	1139	0.12300270123553478
train	L	1140	0.10851711086524163
train	L	1141	0.1185804612125816
train	L	1142	0.08998373584451648
train	L	1143	0.1133207562621358
train	L	1144	0.11602208268447851
train	L	1145	0.10533455156111982
train	L	1146	0.11929366461559479
train	L	1147	0.1093380312829515
train	L	1148	0.11203367675129701
train	L	1149	0.11864031236244592
train	L	1150	0.11539958006915906
train	L	1151	0.11962546857992098
train	L	1152	0.10885248555106297
train	L	1153	0.11218725337422791
train	L	1154	0.10279901082897967
train	L	1155	0.10144664416580158
train	L	1156	0.1129109441191392
train	L	1157	0.10502478493247104
train	L	1158	0.10891846698183197
train	L	1159	0.11126390894815828
train	L	1160	0.10986965580894427
train	L	1161	0.11413582372987416
train	L	1162	0.11850401180249984
train	L	1163	0.10715683124035336
train	L	1164	0.1061590293412888
train	L	1165	0.09991636796370201
train	L	1166	0.10379786090109515
train	L	1167	0.11959358849162603
train	L	1168	0.10359527275543311
train	L	1169	0.10560569268103981
train	L	1170	0.1078713874883288
train	L	1171	0.11353035490642821
train	L	1172	0.12541913943303454
train	L	1173	0.12423342321600941
train	L	1174	0.1012010674711752
train	L	1175	0.11676623719397393
train	L	1176	0.11615614314310446
train	L	1177	0.11629009418405802
train	L	1178	0.10252003447663692
train	L	1179	0.1242704746758271
train	L	1180	0.09324089144005972
train	L	1181	0.10550058965480477
train	L	1182	0.10723703754209644
train	L	1183	0.1053271526502573
train	L	1184	0.10549125185327597
train	L	1185	0.1314069362877814
train	L	1186	0.1006946086092196
train	L	1187	0.12234747925611092
train	L	1188	0.12024247726565919
train	L	1189	0.11131088175175485
train	L	1190	0.11147304310546881
train	L	1191	0.13802965563584646
train	L	1192	0.11679693327062447
train	L	1193	0.10908264896122419
train	L	1194	0.11216141195257058
train	L	1195	0.09248975626679996
train	L	1196	0.11989522390068372
train	L	1197	0.12479725733371505
train	L	1198	0.1227853269713489
train	L	1199	0.11027956410068869
train	L	1200	0.11065527204182571
train	L	1201	0.11072271663721264
train	L	1202	0.09368695154108185
train	L	1203	0.1032106897581745
train	L	1204	0.10596415226419657
train	L	1205	0.1315775511473295
train	L	1206	0.11256131746678491
train	L	1207	0.11749821301789923
train	L	1208	0.11813164209531614
train	L	1209	0.10767126072135845
train	L	1210	0.1013986893056604
train	L	1211	0.1252124996165748
train	L	1212	0.113076728835753
train	L	1213	0.1253589460212127
train	L	1214	0.12274805754935515
train	L	1215	0.11216605495500273
train	L	1216	0.11867446520722338
train	L	1217	0.1067867739974663
train	L	1218	0.1261817179071993
train	L	1219	0.10353559858830455
train	L	1220	0.12719041536080913
train	L	1221	0.10384705625734786
train	L	1222	0.12687676181389418
train	L	1223	0.12014697560774623
train	L	1224	0.11511643634066414
train	L	1225	0.11864506509111296
train	L	1226	0.11590867030777718
train	L	1227	0.10986932437845856
train	L	1228	0.1096371725560576
train	L	1229	0.11894213790849152
train	L	1230	0.10117003628043084
train	L	1231	0.11350776616687108
train	L	1232	0.1241140476069433
train	L	1233	0.10711344230647585
train	L	1234	0.11189969857619828
train	L	1235	0.1369403911630166
train	L	1236	0.10388902313182505
train	L	1237	0.10085570214374344
train	L	1238	0.1143803938264942
train	L	1239	0.1033790597922926
train	L	1240	0.1076836299152475
train	L	1241	0.12744609436296808
train	L	1242	0.10589542381141279
train	L	1243	0.11664817421643878
train	L	1244	0.10399278288661187
train	L	1245	0.10954318418468506
train	L	1246	0.12340164114728844
train	L	1247	0.11278058589184432
train	L	1248	0.10694804488574773
train	L	1249	0.11126596637979143
train	L	1250	0.11616180906985392
train	L	1251	0.11919249194404721
train	L	1252	0.10914484944271362
train	L	1253	0.10831260298907505
train	L	1254	0.11184050112391403
train	L	1255	0.11650979768958306
train	L	1256	0.11846462786339344
train	L	1257	0.12584022389539723
train	L	1258	0.10448231015062535
train	L	1259	0.11380075258463507
train	L	1260	0.12401645494381293
train	L	1261	0.10987218077610247
train	L	1262	0.10620252598696461
train	L	1263	0.11459748006687602
train	L	1264	0.11041314898414305
train	L	1265	0.11785341930248734
train	L	1266	0.1206667895369313
train	L	1267	0.12040652448735766
train	L	1268	0.11740111215686726
train	L	1269	0.127964943930321
train	L	1270	0.11251566408637696
train	L	1271	0.09818669551263225
train	L	1272	0.10303538619852057
train	L	1273	0.1197937157396615
train	L	1274	0.11949804170711568
train	L	1275	0.10284233532792462
train	L	1276	0.10841837957074332
train	L	1277	0.09775837109981932
train	L	1278	0.11565844185915942
train	L	1279	0.12429844727579738
train	L	1280	0.11730298633499502
train	L	1281	0.11151045931210747
train	L	1282	0.11444386381832243
train	L	1283	0.10634413603954475
train	L	1284	0.11672589352516924
train	L	1285	0.1085746917649566
train	L	1286	0.1185414885964522
train	L	1287	0.11611323593363373
train	L	1288	0.1271441450375032
train	L	1289	0.10558551514734289
train	L	1290	0.10659338216717572
train	L	1291	0.11284500190500572
train	L	1292	0.11204459898326695
train	L	1293	0.10295506977501977
train	L	1294	0.1161537123368721
train	L	1295	0.10533435811956555
train	L	1296	0.12536428600989216
train	L	1297	0.12701053606727428
train	L	1298	0.12954343431634555
train	L	1299	0.1183241862562479
train	L	1300	0.12610381527955458
train	L	1301	0.10827803679182826
train	L	1302	0.12795769921362019
train	L	1303	0.11581691778120742
train	L	1304	0.11751647995615468
train	L	1305	0.11598366443610669
train	L	1306	0.09713975724159822
train	L	1307	0.10989418331472618
train	L	1308	0.10907778689612706
train	L	1309	0.11754256411152388
train	L	1310	0.1049555822872203
train	L	1311	0.11176458665812529
train	L	1312	0.10805955711646134
train	L	1313	0.11960587958301239
train	L	1314	0.11482285534545174
train	L	1315	0.12874323250606415
train	L	1316	0.1153975916734605
train	L	1317	0.11989919126482225
train	L	1318	0.11558450700153693
train	L	1319	0.10745776710147169
train	L	1320	0.11188879803447259
train	L	1321	0.1276447330470344
train	L	1322	0.10675043450353691
train	L	1323	0.09739629806760491
train	L	1324	0.11766616588278184
train	L	1325	0.11962231247156571
train	L	1326	0.12888185898995197
train	L	1327	0.10256809100628247
train	L	1328	0.10497701828008649
train	L	1329	0.13154063201275348
train	L	1330	0.11412834726451883
train	L	1331	0.11928854747282755
train	L	1332	0.11386618778717637
train	L	1333	0.11461950364008383
train	L	1334	0.10844798785515576
train	L	1335	0.11061081943323507
train	L	1336	0.11291558585516245
train	L	1337	0.11591909832537242
train	L	1338	0.11696325837713921
train	L	1339	0.1113248681490255
train	L	1340	0.11788063125375815
train	L	1341	0.1076077212958469
train	L	1342	0.129882930924653
train	L	1343	0.11870551333704471
train	L	1344	0.10516813085045305
train	L	1345	0.13247527424274402
train	L	1346	0.1215248592650161
train	L	1347	0.11165521570365833
train	L	1348	0.11767844575010687
train	L	1349	0.12757372145027257
train	L	1350	0.1089008162118411
train	L	1351	0.11612563084671874
train	L	1352	0.11976489890983823
train	L	1353	0.11760238429451801
train	L	1354	0.11645489903774557
train	L	1355	0.11553264962645744
train	L	1356	0.10550484155985601
train	L	1357	0.10613678858267193
train	L	1358	0.11968692992404456
train	L	1359	0.11527085997025492
train	L	1360	0.11363486430969372
train	L	1361	0.10867405671628329
train	L	1362	0.12293509648464845
train	L	1363	0.1167952326881537
train	L	1364	0.12200234568989307
train	L	1365	0.1184644592102771
train	L	1366	0.11555050217462567
train	L	1367	0.09861734257203267
train	L	1368	0.12902012685376227
train	L	1369	0.12030414106840283
train	L	1370	0.11121562759776235
train	L	1371	0.09602845538338715
train	L	1372	0.12188441689358126
train	L	1373	0.11817784021800272
train	L	1374	0.11670169750489097
train	L	1375	0.10878368214580657
train	L	1376	0.11918955318111332
train	L	1377	0.12143176545895035
train	L	1378	0.1282629046573304
train	L	1379	0.11025664702493122
train	L	1380	0.12423885758238534
train	L	1381	0.12107462064982596
train	L	1382	0.12035074071395342
train	L	1383	0.11930422423271858
train	L	1384	0.11757845874866381
train	L	1385	0.11209861551733843
train	L	1386	0.11184468891054995
train	L	1387	0.13012429311158372
train	L	1388	0.10531903694949121
train	L	1389	0.11382911113169678
train	L	1390	0.1107757120269527
train	L	1391	0.12132699924217119
train	L	1392	0.1181453840096244
train	L	1393	0.11502161880200842
train	L	1394	0.12522375315518983
train	L	1395	0.10837938498670757
train	L	1396	0.12605798825339995
train	L	1397	0.08424960001228012
train	L	1398	0.12703944695186067
train	L	1399	0.11585961796819624
train	L	1400	0.12027585706218226
train	L	1401	0.1068820678854622
train	L	1402	0.12696784543219558
train	L	1403	0.10129854259997466
train	L	1404	0.11465064859580243
train	L	1405	0.12233110918375706
train	L	1406	0.1113454178461533
train	L	1407	0.09981180596584273
train	L	1408	0.11855975220312559
train	L	1409	0.11449143400882149
train	L	1410	0.10945589955308772
train	L	1411	0.12458224424443809
train	L	1412	0.12397540357044863
train	L	1413	0.12383004396229919
train	L	1414	0.10803562520263718
train	L	1415	0.11428071170172653
train	L	1416	0.11217182154632992
train	L	1417	0.11774568453590323
train	L	1418	0.1055119443664236
train	L	1419	0.09596309838845501
train	L	1420	0.11181651032478737
train	L	1421	0.10812341943318894
train	L	1422	0.10409640891727164
train	L	1423	0.13183702181856913
train	L	1424	0.12214309134343083
train	L	1425	0.12142028100703259
train	L	1426	0.1062528552583551
train	L	1427	0.11100588622555788
train	L	1428	0.12196799988040706
train	L	1429	0.11796909895267543
train	L	1430	0.09891032149563156
train	L	1431	0.1190371075836714
train	L	1432	0.09986053110355621
train	L	1433	0.11526511722356468
train	L	1434	0.10879543942565294
train	L	1435	0.11665894164013169
train	L	1436	0.11103222542302227
train	L	1437	0.09923684946356534
train	L	1438	0.11595897570108309
train	L	1439	0.1261458868629214
train	L	1440	0.10415279642843657
train	L	1441	0.12239761615123743
train	L	1442	0.11532474908232412
train	L	1443	0.1030028978972023
train	L	1444	0.12852417668721347
train	L	1445	0.10531769230746944
train	L	1446	0.10649617287109604
train	L	1447	0.10858363803885017
train	L	1448	0.09720275081831832
train	L	1449	0.11063524152280803
train	L	1450	0.10198447374837585
train	L	1451	0.11506611626525975
train	L	1452	0.11306961865145108
train	L	1453	0.11020835696900463
train	L	1454	0.10965707318763637
train	L	1455	0.11365243702630325
train	L	1456	0.12128589790273854
train	L	1457	0.1260761093543564
train	L	1458	0.11624211639782228
train	L	1459	0.11861633502560417
train	L	1460	0.11779903381626075
train	L	1461	0.10629424210393232
train	L	1462	0.11906641237747241
train	L	1463	0.0977768298731622
train	L	1464	0.12193055820560285
train	L	1465	0.11093498953010253
train	L	1466	0.10998291928876593
train	L	1467	0.10205453694792488
train	L	1468	0.11043191556109853
train	L	1469	0.11437675206329731
train	L	1470	0.12242830514691201
train	L	1471	0.1132639152642117
train	L	1472	0.11965971401813655
train	L	1473	0.11617199200100145
train	L	1474	0.10957942469311012
train	L	1475	0.12968004304535588
train	L	1476	0.10978173250733408
train	L	1477	0.1207991568514753
train	L	1478	0.11826502569947975
train	L	1479	0.09463129872690669
train	L	1480	0.11100068775873215
train	L	1481	0.10537054644658872
train	L	1482	0.1183886699693772
train	L	1483	0.12563545958119257
train	L	1484	0.10890321851291783
train	L	1485	0.11229371853993077
train	L	1486	0.1155385297915929
train	L	1487	0.10344974608802293
train	L	1488	0.11545634603858232
train	L	1489	0.104234165584411
train	L	1490	0.10278989524909425
train	L	1491	0.1115297692612416
train	L	1492	0.1050348042407778
train	L	1493	0.1042581249458158
train	L	1494	0.12107788859906235
train	L	1495	0.10687388161727046
train	L	1496	0.10070267611106198
train	L	1497	0.10604701363206973
train	L	1498	0.10296276495733994
train	L	1499	0.10897361543275569
train	L	1500	0.11791180122110585
train	L	1501	0.11318275275008462
train	L	1502	0.10078601294009717
train	L	1503	0.10428802839120785
train	L	1504	0.10177438243857677
train	L	1505	0.11954165025934302
train	L	1506	0.11028527544648044
train	L	1507	0.12418842153118857
train	L	1508	0.12907669762550864
train	L	1509	0.12665495996543977
train	L	1510	0.09883663565409678
train	L	1511	0.11694964024855854
train	L	1512	0.12676342354640127
train	L	1513	0.11655792083836888
train	L	1514	0.11178381913425797
train	L	1515	0.11551310554315161
train	L	1516	0.1136508208725046
train	L	1517	0.12516149738485152
train	L	1518	0.11925526589790779
train	L	1519	0.10938169289144453
train	L	1520	0.10617408361598467
train	L	1521	0.10944388863039756
train	L	1522	0.11817123675068504
train	L	1523	0.12367423163287918
train	L	1524	0.1050955241678817
train	L	1525	0.10984052953135633
train	L	1526	0.11057846111827901
train	L	1527	0.11432282937486707
train	L	1528	0.10682037224834849
train	L	1529	0.1040992504206624
train	L	1530	0.1173158567403779
train	L	1531	0.0990145905064179
train	L	1532	0.10358667158014065
train	L	1533	0.11558415103254252
train	L	1534	0.1057755568367237
train	L	1535	0.11894996372776195
train	L	1536	0.11188496062965753
train	L	1537	0.10946509058002978
train	L	1538	0.10916442251890346
train	L	1539	0.13064730520449666
train	L	1540	0.1216112111550288
train	L	1541	0.1085657967519154
train	L	1542	0.11413706000439792
train	L	1543	0.1066624403204389
train	L	1544	0.11073369544181937
train	L	1545	0.11186881532708559
train	L	1546	0.11137667567810841
train	L	1547	0.11796993727935827
train	L	1548	0.10605742495634764
train	L	1549	0.11374931148192614
train	L	1550	0.10497374964884434
train	L	1551	0.10638812074892258
train	L	1552	0.10723676900901288
train	L	1553	0.1219128300704432
train	L	1554	0.10057085522374433
train	L	1555	0.11508449801961876
train	L	1556	0.12050215332896816
train	L	1557	0.12007102654285057
train	L	1558	0.11269837920713854
train	L	1559	0.12944047343436027
train	L	1560	0.11217225328972309
train	L	1561	0.11090609478481704
train	L	1562	0.09864822323209402
train	L	1563	0.10895009011232647
train	L	1564	0.11392700010740313
train	L	1565	0.10380653715024082
train	L	1566	0.11781732006571756
train	L	1567	0.11185675364818322
train	L	1568	0.11598532371282524
train	L	1569	0.09316989609758788
train	L	1570	0.10640215481014162
train	L	1571	0.0998469264207306
train	L	1572	0.1038587345028458
train	L	1573	0.10733454267670926
train	L	1574	0.10844110886277684
train	L	1575	0.10430927484360109
train	L	1576	0.1113135296806875
train	L	1577	0.1252346495469664
train	L	1578	0.11646228186524087
train	L	1579	0.11081544524020293
train	L	1580	0.11655085716546396
train	L	1581	0.11885251991631159
train	L	1582	0.12475048367280044
train	L	1583	0.10542656346395597
train	L	1584	0.1085345380732007
train	L	1585	0.10983692281471476
train	L	1586	0.1126881988458119
train	L	1587	0.11480257842846017
train	L	1588	0.10535450064872098
train	L	1589	0.09628697207725655
train	L	1590	0.12543661976588819
train	L	1591	0.11224769141298728
train	L	1592	0.13357759175650394
train	L	1593	0.12452265921373928
train	L	1594	0.09910072912002782
train	L	1595	0.09473548339389042
train	L	1596	0.09644381993936588
train	L	1597	0.1047406928673916
train	L	1598	0.12607294200513539
train	L	1599	0.12137182755514109
train	L	1600	0.12486869846794924
train	L	1601	0.10829597445446823
train	L	1602	0.11028724292727608
train	L	1603	0.12451526987542835
train	L	1604	0.11411469929656691
train	L	1605	0.12923585857266523
train	L	1606	0.10216373159015536
train	L	1607	0.09847005618917445
train	L	1608	0.10661994998125361
train	L	1609	0.10726025018494702
train	L	1610	0.08746729525352386
train	L	1611	0.10209954983219773
train	L	1612	0.10665746765732927
train	L	1613	0.11327922511186628
train	L	1614	0.122499078296014
train	L	1615	0.11124683091211193
train	L	1616	0.12069432217265409
train	L	1617	0.11096073933252787
train	L	1618	0.11007342488563805
train	L	1619	0.11986242880107063
train	L	1620	0.11074014608416899
train	L	1621	0.11919418745098635
train	L	1622	0.1251359587301467
train	L	1623	0.11532312898960366
train	L	1624	0.11254321719831521
train	L	1625	0.11175288686584953
train	L	1626	0.11307575311359438
train	L	1627	0.11618025487030624
train	L	1628	0.09662773919202657
train	L	1629	0.12099395136530283
train	L	1630	0.12701588299549132
train	L	1631	0.1075576009684247
train	L	1632	0.13307065416247077
train	L	1633	0.11484797338966424
train	L	1634	0.1232055653121913
train	L	1635	0.1203699778727089
train	L	1636	0.11653455519025312
train	L	1637	0.1020852397273982
train	L	1638	0.1188147730494595
train	L	1639	0.1131256335163856
train	L	1640	0.10358703358583467
train	L	1641	0.10837892446226748
train	L	1642	0.11170538786176115
train	L	1643	0.10611214047504022
train	L	1644	0.12021008082424328
train	L	1645	0.1110410405658479
train	L	1646	0.11061648583196369
train	L	1647	0.11284496826243219
train	L	1648	0.10914550117877657
train	L	1649	0.11078627190019937
train	L	1650	0.10742504301835237
train	L	1651	0.11849694948884312
train	L	1652	0.1021265256376984
train	L	1653	0.11333225473678551
train	L	1654	0.09955762690136322
train	L	1655	0.114317062783624
train	L	1656	0.1160027756116565
train	L	1657	0.10031765420371963
train	L	1658	0.11463571405260219
train	L	1659	0.11467889196914034
train	L	1660	0.10404839183314729
train	L	1661	0.10556230796727056
train	L	1662	0.12203276602963829
train	L	1663	0.11614683762395296
train	L	1664	0.12020144082091888
train	L	1665	0.10485480219817668
train	L	1666	0.11971099925842833
train	L	1667	0.11450782507081922
train	L	1668	0.11959914316282054
train	L	1669	0.1008835004518609
train	L	1670	0.10811944741491598
train	L	1671	0.0978108033357981
train	L	1672	0.11431536249375569
train	L	1673	0.109258883145946
train	L	1674	0.11350136363947959
train	L	1675	0.10820329115801408
train	L	1676	0.1113773418879582
train	L	1677	0.11159461150122252
train	L	1678	0.11817497489678082
train	L	1679	0.10596603688896626
train	L	1680	0.12281423422441547
train	L	1681	0.10093516631975565
train	L	1682	0.1195543692024218
train	L	1683	0.125159629373834
train	L	1684	0.13330988716288655
train	L	1685	0.09561920831054632
train	L	1686	0.1144762400537279
train	L	1687	0.1269837763177943
train	L	1688	0.12336250636534461
train	L	1689	0.11272519719063002
train	L	1690	0.11545165831964173
train	L	1691	0.11985786937262727
train	L	1692	0.12805220926745448
train	L	1693	0.10497776653034752
train	L	1694	0.11518767400873231
train	L	1695	0.12885416769391
train	L	1696	0.10568753069004456
train	L	1697	0.13144062252715694
train	L	1698	0.09513066768240933
train	L	1699	0.11316059883122379
train	L	1700	0.11740356725379394
train	L	1701	0.126654340716527
train	L	1702	0.10378515345913035
train	L	1703	0.12444775282632593
train	L	1704	0.1299128272557553
train	L	1705	0.10073015390120597
train	L	1706	0.12075092062072813
train	L	1707	0.11963816847195347
train	L	1708	0.11549906308861332
train	L	1709	0.1207407392315369
train	L	1710	0.14150025165645466
train	L	1711	0.1058629607264834
train	L	1712	0.11582422164127162
train	L	1713	0.13223855923707054
train	L	1714	0.11096047059259259
train	L	1715	0.10533495419853993
train	L	1716	0.10315019951729444
train	L	1717	0.11843101670323332
train	L	1718	0.11872418782964649
train	L	1719	0.11503457425751165
train	L	1720	0.1019750895807749
train	L	1721	0.10893357390988251
train	L	1722	0.128616674871212
train	L	1723	0.11922453581150252
train	L	1724	0.11071423496975276
train	L	1725	0.11037234950682484
train	L	1726	0.123120276655488
train	L	1727	0.08981162374398807
train	L	1728	0.11221520050214989
train	L	1729	0.11317773844129118
train	L	1730	0.1302969222626028
train	L	1731	0.11423517584253955
train	L	1732	0.12362621957178492
train	L	1733	0.11470507654007296
train	L	1734	0.11119934444456152
train	L	1735	0.11003993387603131
train	L	1736	0.10513803001372987
train	L	1737	0.11499764590533586
train	L	1738	0.11494728021926784
train	L	1739	0.09827200680648006
train	L	1740	0.12941635463599493
train	L	1741	0.12081971614948403
train	L	1742	0.10863740941894313
train	L	1743	0.11233632025840287
train	L	1744	0.10383964039442824
train	L	1745	0.12186549369093914
train	L	1746	0.12429134369922294
train	L	1747	0.1118833685469855
train	L	1748	0.11551199101403223
train	L	1749	0.11122562896172294
train	L	1750	0.11855394592721152
train	L	1751	0.1194523037075323
train	L	1752	0.11132395408503737
train	L	1753	0.12579571836375095
train	L	1754	0.111880238739831
train	L	1755	0.116896968807834
train	L	1756	0.1122389914078609
train	L	1757	0.11511808494193114
train	L	1758	0.11389654097423167
train	L	1759	0.1355625550450335
train	L	1760	0.10153030634705586
train	L	1761	0.11571497615088921
train	L	1762	0.09373044340618718
train	L	1763	0.10927842549137531
train	L	1764	0.10571018495262814
train	L	1765	0.11494741367290452
train	L	1766	0.11833976301468374
train	L	1767	0.11090274150232737
train	L	1768	0.10298968621948143
train	L	1769	0.12066774029365054
train	L	1770	0.12590539658478442
train	L	1771	0.12005572926093262
train	L	1772	0.10738416295463564
train	L	1773	0.11027612886630886
train	L	1774	0.10520437326739264
train	L	1775	0.12331164899253365
train	L	1776	0.11924196887682426
train	L	1777	0.11184849640784511
train	L	1778	0.11102844517980077
train	L	1779	0.11237932457611771
train	L	1780	0.12130957358390329
train	L	1781	0.12432862890666584
train	L	1782	0.11238866362696709
train	L	1783	0.11676018265857191
train	L	1784	0.11058118375588218
train	L	1785	0.11398586588152126
train	L	1786	0.1271888662556555
train	L	1787	0.1150953465959526
train	L	1788	0.11366199656785439
train	L	1789	0.11616184480583558
train	L	1790	0.12045671346426881
train	L	1791	0.109017353180137
train	L	1792	0.11297794512682235
train	L	1793	0.10905078578779485
train	L	1794	0.11674027534858396
train	L	1795	0.11810280296485662
train	L	1796	0.11632270071786863
train	L	1797	0.11648834635875874
train	L	1798	0.11387572621366597
train	L	1799	0.11591968158758648
train	L	1800	0.1145139309986433
train	L	1801	0.1128660429592224
train	L	1802	0.11199632116589482
train	L	1803	0.12193972358497117
train	L	1804	0.11398721043400559
train	L	1805	0.12054997962622624
train	L	1806	0.12337111859367188
train	L	1807	0.1114285412252891
train	L	1808	0.1171362311275647
train	L	1809	0.11113610757283908
train	L	1810	0.1419993833693477
train	L	1811	0.10596762344434632
train	L	1812	0.10935403105292474
train	L	1813	0.11408987533382196
train	L	1814	0.12281582023041761
train	L	1815	0.11744629094902247
train	L	1816	0.12157471995721458
train	L	1817	0.11824863453085735
train	L	1818	0.1055952867593518
train	L	1819	0.11955286769187734
train	L	1820	0.09814638624420322
train	L	1821	0.11209393706701457
train	L	1822	0.12236820751674207
train	L	1823	0.11314484706191515
train	L	1824	0.12044287580861358
train	L	1825	0.11050823356212272
train	L	1826	0.12383961873923285
train	L	1827	0.11697506407153214
train	L	1828	0.12037422456832521
train	L	1829	0.11330240308977117
train	L	1830	0.10452816147897011
train	L	1831	0.10799431622611029
train	L	1832	0.12380795205137024
train	L	1833	0.11654021225895872
train	L	1834	0.11156433942435104
train	L	1835	0.12990454928496098
train	L	1836	0.12964843932949313
train	L	1837	0.10763794880075327
train	L	1838	0.1243364816916201
train	L	1839	0.11752760880667246
train	L	1840	0.10200286029536983
train	L	1841	0.11070134222924342
train	L	1842	0.10542238742784488
train	L	1843	0.1194473556319026
train	L	1844	0.09599668599915213
train	L	1845	0.11209086800327338
train	L	1846	0.10985801318657494
train	L	1847	0.11461490412412081
train	L	1848	0.10861305242505827
train	L	1849	0.11126998302076967
train	L	1850	0.11241566278162252
train	L	1851	0.11480973505285809
train	L	1852	0.09944862670862888
train	L	1853	0.10661243269684276
train	L	1854	0.12126100230354657
train	L	1855	0.12404689997913892
train	L	1856	0.11185964812502121
train	L	1857	0.11482376838270118
train	L	1858	0.11856628965089724
train	L	1859	0.11848936094296607
train	L	1860	0.12054316242793917
train	L	1861	0.11780114627130904
train	L	1862	0.11040213764240475
train	L	1863	0.10334561018205375
train	L	1864	0.126736490520775
train	L	1865	0.10962243541637842
train	L	1866	0.11270927748828104
train	L	1867	0.12270408841846704
train	L	1868	0.10603464898048397
train	L	1869	0.12057277250685473
train	L	1870	0.11295369382672937
train	L	1871	0.12028770950386306
train	L	1872	0.13379603116829666
train	L	1873	0.09657593598682362
train	L	1874	0.10924635743354573
train	L	1875	0.10026852881570286
train	L	1876	0.12003491229995468
train	L	1877	0.09703021504835631
train	L	1878	0.1302888499595337
train	L	1879	0.10883522603378995
train	L	1880	0.1099855242456151
train	L	1881	0.11685888823800361
train	L	1882	0.11258407754290378
train	L	1883	0.11930544967421812
train	L	1884	0.1178521658312507
train	L	1885	0.12456549482672713
train	L	1886	0.1116477419879393
train	L	1887	0.11387192209999307
train	L	1888	0.10920488917650077
train	L	1889	0.11249279307874975
train	L	1890	0.11932554929720637
train	L	1891	0.10458532185483502
train	L	1892	0.10966425181322517
train	L	1893	0.10185317346644089
train	L	1894	0.11701153018041005
train	L	1895	0.10813886174161176
train	L	1896	0.11511416160965555
train	L	1897	0.11607192055029299
train	L	1898	0.11138782052431989
train	L	1899	0.12205647467870107
train	L	1900	0.10725186477968185
train	L	1901	0.10528277699372053
train	L	1902	0.12123541638593514
train	L	1903	0.11794534809669568
train	L	1904	0.10729514899073245
train	L	1905	0.11833896446297312
train	L	1906	0.10955144851653818
train	L	1907	0.11666252116358153
train	L	1908	0.1165272818229724
train	L	1909	0.11710372015134246
train	L	1910	0.12450110762770332
train	L	1911	0.09924437318708874
train	L	1912	0.12175915937581067
train	L	1913	0.1020727010565346
train	L	1914	0.11286686214528739
train	L	1915	0.10656261782276197
train	L	1916	0.11577245093512309
train	L	1917	0.09397416468493895
train	L	1918	0.13223071345562015
train	L	1919	0.09737556541138816
train	L	1920	0.1272359238429916
train	L	1921	0.10020265052699477
train	L	1922	0.11316538088053246
train	L	1923	0.12083968931900556
train	L	1924	0.12238981937715994
train	L	1925	0.1236174834747631
train	L	1926	0.10809828041928984
train	L	1927	0.11012323408215473
train	L	1928	0.11811544580295023
train	L	1929	0.1119334917735274
train	L	1930	0.10769536384404878
train	L	1931	0.1130327689966001
train	L	1932	0.118681893334389
train	L	1933	0.10120483110426703
train	L	1934	0.12078119645774757
train	L	1935	0.09452689258502102
train	L	1936	0.11465292332066834
train	L	1937	0.10921084857485759
train	L	1938	0.10902524156856358
train	L	1939	0.11760035452828621
train	L	1940	0.13021300671408895
train	L	1941	0.10625603532609915
train	L	1942	0.12311655066229302
train	L	1943	0.12726233052836738
train	L	1944	0.1101093928490791
train	L	1945	0.12067610439549858
train	L	1946	0.11690018852437596
train	L	1947	0.12224975170473854
train	L	1948	0.114989499541819
train	L	1949	0.11270144609602271
train	L	1950	0.10839357688999789
train	L	1951	0.10674096448714886
train	L	1952	0.11583754032008942
train	L	1953	0.13367547865755378
train	L	1954	0.13427118271407695
train	L	1955	0.09778284069860448
train	L	1956	0.10564019606361486
train	L	1957	0.1238206210104312
train	L	1958	0.12230772556720582
train	L	1959	0.12154880401418218
train	L	1960	0.12986846114144784
train	L	1961	0.09846977932706277
train	L	1962	0.10879143729810964
train	L	1963	0.11839799212994277
train	L	1964	0.11545923352651455
train	L	1965	0.132473241246557
train	L	1966	0.11186368688807419
train	L	1967	0.0918487970163887
train	L	1968	0.11605491079339311
train	L	1969	0.11451174973823659
train	L	1970	0.125034471118722
train	L	1971	0.10049276056597806
train	L	1972	0.12008963122172156
train	L	1973	0.10614163240754813
train	L	1974	0.12601825186941493
train	L	1975	0.11951578883823052
train	L	1976	0.10405251820686556
train	L	1977	0.12329102615271981
train	L	1978	0.10430350523157844
train	L	1979	0.12019000309574578
train	L	1980	0.1260724367171122
train	L	1981	0.11599173761427087
train	L	1982	0.12264781053494953
train	L	1983	0.08948152603291727
train	L	1984	0.12173597986375492
train	L	1985	0.10955090256224825
train	L	1986	0.10244264806611136
train	L	1987	0.10728483927306166
train	L	1988	0.11150658784803857
train	L	1989	0.11992574642630069
train	L	1990	0.11036621236919023
train	L	1991	0.1073470306015456
train	L	1992	0.12451651323578339
train	L	1993	0.1062201077833477
train	L	1994	0.11216616199276848
train	L	1995	0.10717181796410657
train	L	1996	0.1225927542530844
train	L	1997	0.12779690602040605
train	L	1998	0.10162906909434988
train	L	1999	0.12091450467476023
valid	LAV	0	0.11398742134737828
valid	LAV	1	0.08718396405364488
valid	LAV	2	0.15575954196399414
valid	LAV	3	0.07631370514106792
valid	LAV	4	0.13788211621635668
valid	LAV	5	0.12621435755565416
valid	LAV	6	0.15291484216978096
valid	LAV	7	0.1025087648193902
valid	LAV	8	0.11888353502215407
valid	LAV	9	0.11990576799186876
valid	LAV	10	0.08996529908009
valid	LAV	11	0.10043081923717866
valid	LAV	12	0.10393777364207302
valid	LAV	13	0.10719895411883541
valid	LAV	14	0.14386829250756517
valid	LAV	15	0.09498398014295246
valid	LAV	16	0.1544784761358769
valid	LAV	17	0.1267312241387059
valid	LAV	18	0.16122427798676447
valid	LAV	19	0.10602496289289955
valid	LAV	20	0.10941295577461416
valid	LAV	21	0.11580383365621989
valid	LAV	22	0.10270538615042425
valid	LAV	23	0.10083097504703006
valid	LAV	24	0.11544415556172367
valid	LAV	25	0.06610613225449102
valid	LAV	26	0.10499630123656688
valid	LAV	27	0.12711518743238065
valid	LAV	28	0.11485385298798972
valid	LAV	29	0.11268378777311135
valid	LAV	30	0.09647357339036675
valid	LAV	31	0.11937120465955955
valid	LAV	32	0.11278124317438958
valid	LAV	33	0.14451984889848976
valid	LAV	34	0.16703078593563145
valid	LAV	35	0.05239128379089358
valid	LAV	36	0.16937104581349555
valid	LAV	37	0.15147471570476412
valid	LAV	38	0.12194634342425402
valid	LAV	39	0.1341632822676516
valid	LAV	40	0.0894032876901701
valid	LAV	41	0.09463001207115693
valid	LAV	42	0.1378826981061873
valid	LAV	43	0.12998831435032251
valid	LAV	44	0.12709668921938377
valid	LAV	45	0.15740604228627356
valid	LAV	46	0.14937620131169213
valid	LAV	47	0.15041244269237927
valid	LAV	48	0.11975024319369572
valid	LAV	49	0.07121621123897358
valid	LAV	50	0.09557615545012824
valid	LAV	51	0.09429653741060649
valid	LAV	52	0.1160878757173737
valid	LAV	53	0.10689108859179199
valid	LAV	54	0.15073572778440925
valid	LAV	55	0.12759051421980322
valid	LAV	56	0.1076304942986159
valid	LAV	57	0.11565284869879848
valid	LAV	58	0.13987726796197572
valid	LAV	59	0.11389675719869492
valid	LAV	60	0.16272124206986496
valid	LAV	61	0.09247462345515937
valid	LAV	62	0.1082247070324149
valid	LAV	63	0.11512450203393802
valid	LAV	64	0.19178418104368555
valid	LAV	65	0.1788747679628847
valid	LAV	66	0.12586013978714425
valid	LAV	67	0.10101498781056865
valid	LAV	68	0.11727171146815915
valid	LAV	69	0.12775100509443613
valid	LAV	70	0.0915059782777329
valid	LAV	71	0.12015763946333378
valid	LAV	72	0.134782323261817
valid	LAV	73	0.11388947952786296
valid	LAV	74	0.10732347260760437
valid	LAV	75	0.07146166202133472
valid	LAV	76	0.09155184588957892
valid	LAV	77	0.15414695207862264
valid	LAV	78	0.13209282118806775
valid	LAV	79	0.11293070495505503
valid	LAV	80	0.08582803268384308
valid	LAV	81	0.13923249342678778
valid	LAV	82	0.14300079334481589
valid	LAV	83	0.050143746771650226
valid	LAV	84	0.11658798586922092
valid	LAV	85	0.11976241479735909
valid	LAV	86	0.11066695795000668
valid	LAV	87	0.14656602397145396
valid	LAV	88	0.07982771429804816
valid	LAV	89	0.10216663837507522
valid	LAV	90	0.16786683923263332
valid	LAV	91	0.14755738015571473
valid	LAV	92	0.10407636534065036
valid	LAV	93	0.10236794829694593
valid	LAV	94	0.10696672978464981
valid	LAV	95	0.12958244055082063
valid	LAV	96	0.13758455536722022
valid	LAV	97	0.10666728935187718
valid	LAV	98	0.10718701379138659
valid	LAV	99	0.12930666754943798
valid	LAV	100	0.06166131242444347
valid	LAV	101	0.11873272284524869
valid	LAV	102	0.11731340072869091
valid	LAV	103	0.1170751539255704
valid	LAV	104	0.1248708984770253
valid	LAV	105	0.14726814110378403
valid	LAV	106	0.09586533273306805
valid	LAV	107	0.12717466603522795
valid	LAV	108	0.09336843986754083
valid	LAV	109	0.10811712894235904
valid	LAV	110	0.1073193496296313
valid	LAV	111	0.15621897748524333
valid	LAV	112	0.09087361652147168
valid	LAV	113	0.10765742416249965
valid	LAV	114	0.11105840849301386
valid	LAV	115	0.101570391024665
valid	LAV	116	0.1407233433333999
valid	LAV	117	0.0951356819080528
valid	LAV	118	0.14547040570445968
valid	LAV	119	0.10238919867526478
valid	LAV	120	0.11840035465719416
valid	LAV	121	0.09379625125292657
valid	LAV	122	0.10699731882324116
valid	LAV	123	0.1105740207331668
valid	LAV	124	0.14390333846038086
valid	LAV	125	0.08764774129665144
valid	LAV	126	0.13103512787972849
valid	LAV	127	0.13120345587663604
valid	LAV	128	0.11953564240228705
valid	LAV	129	0.11249809813781274
valid	LAV	130	0.11675455302542989
valid	LAV	131	0.1183629334998722
valid	LAV	132	0.10328824276194462
valid	LAV	133	0.09212124178470514
valid	LAV	134	0.11890148151016197
valid	LAV	135	0.14380534225437455
valid	LAV	136	0.13311747205597071
valid	LAV	137	0.13378611974016827
valid	LAV	138	0.13417348473067126
valid	LAV	139	0.12849552681120038
valid	LAV	140	0.09218963380428125
valid	LAV	141	0.12635981307956365
valid	LAV	142	0.11650125953992742
valid	LAV	143	0.0803705380564046
valid	LAV	144	0.11977337280507731
valid	LAV	145	0.13168216611173356
valid	LAV	146	0.12365554118603511
valid	LAV	147	0.09554887978986015
valid	LAV	148	0.13580313996954335
valid	LAV	149	0.1499854754264388
valid	LAV	150	0.13213993760639606
valid	LAV	151	0.0870068410860399
valid	LAV	152	0.16094505566603037
valid	LAV	153	0.1557627546288766
valid	LAV	154	0.08111220889547822
valid	LAV	155	0.11207626146012768
valid	LAV	156	0.13304026111540201
valid	LAV	157	0.09975981699674685
valid	LAV	158	0.10354618358861915
valid	LAV	159	0.12478655190005246
valid	LAV	160	0.12302644129738619
valid	LAV	161	0.14769716191876175
valid	LAV	162	0.1052761463980809
valid	LAV	163	0.14707345550314646
valid	LAV	164	0.10548541754317939
valid	LAV	165	0.1848529943062309
valid	LAV	166	0.11609291991948156
valid	LAV	167	0.10597703599112879
valid	LAV	168	0.138472414126651
valid	LAV	169	0.10641126168117586
valid	LAV	170	0.13026880070180202
valid	LAV	171	0.12637332308158164
valid	LAV	172	0.099129446334041
valid	LAV	173	0.07602434271955232
valid	LAV	174	0.126374102745287
valid	LAV	175	0.14771424788180587
valid	LAV	176	0.0920446264462495
valid	LAV	177	0.12558280348908238
valid	LAV	178	0.13339625153338244
valid	LAV	179	0.15553201412759146
valid	LAV	180	0.08345074985826072
valid	LAV	181	0.10734543445120609
valid	LAV	182	0.11945397339283906
valid	LAV	183	0.11054501514883537
valid	LAV	184	0.12790870018490064
valid	LAV	185	0.08970943372803275
valid	LAV	186	0.1213179012391579
valid	LAV	187	0.11332794220864562
valid	LAV	188	0.09748281101985301
valid	LAV	189	0.06394493245009603
valid	LAV	190	0.11194651910648923
valid	LAV	191	0.09876984271668028
valid	LAV	192	0.09089928890734776
valid	LAV	193	0.1337777459555047
valid	LAV	194	0.18509263604247422
valid	LAV	195	0.10237031905623316
valid	LAV	196	0.1223803784069396
valid	LAV	197	0.10426149900038922
valid	LAV	198	0.15641835694327452
valid	LAV	199	0.13797423379301824
valid	LAV	200	0.13635676406748637
valid	LAV	201	0.11412744780258277
valid	LAV	202	0.10448245711177018
valid	LAV	203	0.10401985209424215
valid	LAV	204	0.09138684691399243
valid	LAV	205	0.10500714958135106
valid	LAV	206	0.1646808487818814
valid	LAV	207	0.12523722090667916
valid	LAV	208	0.12223921231837223
valid	LAV	209	0.12514097650708433
valid	LAV	210	0.1451935213149798
valid	LAV	211	0.12329864751031944
valid	LAV	212	0.10075262986730349
valid	LAV	213	0.1366655085441489
valid	LAV	214	0.12348005079659466
valid	LAV	215	0.13563549758436744
valid	LAV	216	0.08111234086253097
valid	LAV	217	0.08589619184064641
valid	LAV	218	0.11063538009241626
valid	LAV	219	0.12453913255130017
valid	LAV	220	0.13763872808460267
valid	LAV	221	0.09504783126168458
valid	LAV	222	0.15427922772423433
valid	LAV	223	0.12962519922079027
valid	LAV	224	0.11160004019827106
valid	LAV	225	0.16018570129690632
valid	LAV	226	0.13397801012934224
valid	LAV	227	0.09980661415327854
valid	LAV	228	0.10676294354277562
valid	LAV	229	0.1163351062988859
valid	LAV	230	0.136661242855792
valid	LAV	231	0.05642821719103194
valid	LAV	232	0.09272413780615332
valid	LAV	233	0.17766955254670053
valid	LAV	234	0.13150163218930822
valid	LAV	235	0.14113824056420782
valid	LAV	236	0.11622706864267655
valid	LAV	237	0.13145851900637726
valid	LAV	238	0.08939826392788466
valid	LAV	239	0.12112167770669059
valid	LAV	240	0.10946995217278592
valid	LAV	241	0.1003941135830736
valid	LAV	242	0.10907883557151017
valid	LAV	243	0.11206723383982035
valid	LAV	244	0.13811885549054218
valid	LAV	245	0.09831793003237192
valid	LAV	246	0.09940937291907055
valid	LAV	247	0.14693605783474525
valid	LAV	248	0.1577669445543802
valid	LAV	249	0.14578247593593288
valid	LAV	250	0.08697330396355021
valid	LAV	251	0.12036921894810498
valid	LAV	252	0.13208648900202863
valid	LAV	253	0.12084988468262838
valid	LAV	254	0.07972319512567398
valid	LAV	255	0.12826257795468712
valid	LAV	256	0.12544357446427368
valid	LAV	257	0.12066945975871961
valid	LAV	258	0.13045575104156407
valid	LAV	259	0.12258689198514766
valid	LAV	260	0.09707578821650305
valid	LAV	261	0.13310338909471833
valid	LAV	262	0.13523190124101742
valid	LAV	263	0.07697079743178853
valid	LAV	264	0.12793017417776292
valid	LAV	265	0.15334356286379888
valid	LAV	266	0.10397763373931992
valid	LAV	267	0.16251260139918408
valid	LAV	268	0.10713286609167418
valid	LAV	269	0.09661011083290628
valid	LAV	270	0.12361761106780972
valid	LAV	271	0.13501996207546776
valid	LAV	272	0.12016818122633942
valid	LAV	273	0.09455197081129735
valid	LAV	274	0.10592708959195851
valid	LAV	275	0.13271978463019612
valid	LAV	276	0.10325992317472175
valid	LAV	277	0.113448695471824
valid	LAV	278	0.09874182323022591
valid	LAV	279	0.11503357679912073
valid	LAV	280	0.10689441319483893
valid	LAV	281	0.09229712451889537
valid	LAV	282	0.10426101863080364
valid	LAV	283	0.1062049770595199
valid	LAV	284	0.10504036978364353
valid	LAV	285	0.1056451505659716
valid	LAV	286	0.11396643849776675
valid	LAV	287	0.10367826928677808
valid	LAV	288	0.10279507506395505
valid	LAV	289	0.07250760473314861
valid	LAV	290	0.12256368778096834
valid	LAV	291	0.14605891829587123
valid	LAV	292	0.1142160586804405
valid	LAV	293	0.12820900890417472
valid	LAV	294	0.12271771236194433
valid	LAV	295	0.110810207403649
valid	LAV	296	0.14419372355971177
valid	LAV	297	0.1657856227524732
valid	LAV	298	0.07782060467975065
valid	LAV	299	0.13022178389045735
valid	LAV	300	0.12772691635491465
valid	LAV	301	0.10879976529770832
valid	LAV	302	0.11269931681945933
valid	LAV	303	0.08337427587612972
valid	LAV	304	0.12167080281115854
valid	LAV	305	0.15113974687364262
valid	LAV	306	0.09788815301042135
valid	LAV	307	0.1331101400003955
valid	LAV	308	0.15425570130439495
valid	LAV	309	0.11428310768040256
valid	LAV	310	0.13041712110797885
valid	LAV	311	0.0923540787081366
valid	LAV	312	0.16187967354911342
valid	LAV	313	0.1546684075579657
valid	LAV	314	0.10661152311023224
valid	LAV	315	0.1255924469339277
valid	LAV	316	0.1338429262740093
valid	LAV	317	0.10135158369064287
valid	LAV	318	0.08564319274277363
valid	LAV	319	0.09310071330821011
valid	LAV	320	0.13441483677760174
valid	LAV	321	0.1125980773887598
valid	LAV	322	0.12518359083702998
valid	LAV	323	0.1291164954038881
valid	LAV	324	0.09404622052749484
valid	LAV	325	0.09979053631139402
valid	LAV	326	0.1455179070669086
valid	LAV	327	0.08652796404406106
valid	LAV	328	0.1276125708673211
valid	LAV	329	0.14597005522894702
valid	LAV	330	0.10484024580772941
valid	LAV	331	0.06853858213080465
valid	LAV	332	0.07776870715800675
valid	LAV	333	0.11110814095982402
valid	LAV	334	0.13862117206078117
valid	LAV	335	0.1346965730349377
valid	LAV	336	0.12809519191006657
valid	LAV	337	0.09016780964320652
valid	LAV	338	0.11814804963945592
valid	LAV	339	0.08810666149914971
valid	LAV	340	0.10449835231065537
valid	LAV	341	0.11926251386904792
valid	LAV	342	0.11554388229389174
valid	LAV	343	0.12218057966278675
valid	LAV	344	0.09975667439722412
valid	LAV	345	0.13974269148016946
valid	LAV	346	0.017163877555745343
valid	LAV	347	0.07112770880704625
valid	LAV	348	0.1152215819243841
valid	LAV	349	0.12448807430202558
valid	LAV	350	0.15590027652235394
valid	LAV	351	0.1025985053387528
valid	LAV	352	0.11891030799181788
valid	LAV	353	0.12513169441392877
valid	LAV	354	0.12253302037244451
valid	LAV	355	0.15412596977163698
valid	LAV	356	0.1554391516991099
valid	LAV	357	0.09070677903756298
valid	LAV	358	0.08562740714546853
valid	LAV	359	0.1210974911461448
valid	LAV	360	0.09921844619849814
valid	LAV	361	0.09519224851376827
valid	LAV	362	0.08997326103484868
valid	LAV	363	0.1465877184984281
valid	LAV	364	0.09892535247780017
valid	LAV	365	0.14584283204371068
valid	LAV	366	0.12685616325414367
valid	LAV	367	0.13217806921567168
valid	LAV	368	0.11156525704768609
valid	LAV	369	0.09527254039411273
valid	LAV	370	0.10647103448879514
valid	LAV	371	0.09765656081851223
valid	LAV	372	0.08374003871688496
valid	LAV	373	0.11286576365650851
valid	LAV	374	0.06520214638021904
valid	LAV	375	0.14315599358815903
valid	LAV	376	0.14955330963209318
valid	LAV	377	0.12519293965936315
valid	LAV	378	0.09031164649822893
valid	LAV	379	0.08334022890211755
valid	LAV	380	0.08848071689312342
valid	LAV	381	0.09063968981880006
valid	LAV	382	0.12181864270970467
valid	LAV	383	0.10105391705367125
valid	LAV	384	0.1459024495256851
valid	LAV	385	0.08215091022038842
valid	LAV	386	0.07890141396310558
valid	LAV	387	0.11183752687635817
valid	LAV	388	0.13098371286357827
valid	LAV	389	0.1231956717240777
valid	LAV	390	0.15199600992072262
valid	LAV	391	0.12873102684525037
valid	LAV	392	0.14853220480976095
valid	LAV	393	0.14339421185373427
valid	LAV	394	0.10328914022047156
valid	LAV	395	0.14438108710710254
valid	LAV	396	0.10478191845022564
valid	LAV	397	0.17564753306748407
valid	LAV	398	0.12431647666834851
valid	LAV	399	0.12713713650803854
valid	LAV	400	0.11127945228267277
valid	LAV	401	0.16563330433851164
valid	LAV	402	0.12337449304628714
valid	LAV	403	0.09071051929924227
valid	LAV	404	0.13476623112780148
valid	LAV	405	0.09494561812833732
valid	LAV	406	0.12086814942349067
valid	LAV	407	0.12311088890174186
valid	LAV	408	0.10632962688968195
valid	LAV	409	0.1347351447579093
valid	LAV	410	0.11362023422182778
valid	LAV	411	0.11828876176214476
valid	LAV	412	0.15855116471405023
valid	LAV	413	0.11312411944020578
valid	LAV	414	0.11227957015843708
valid	LAV	415	0.12321326713698018
valid	LAV	416	0.12482632680934806
valid	LAV	417	0.12110708145879752
valid	LAV	418	0.12717185720510898
valid	LAV	419	0.17415126017104
valid	LAV	420	0.15410570075662178
valid	LAV	421	0.0808859638837015
valid	LAV	422	0.1135315679179306
valid	LAV	423	0.09370942291350401
valid	LAV	424	0.08486837013807677
valid	LAV	425	0.1399438313875418
valid	LAV	426	0.1218251284041461
valid	LAV	427	0.08548974865084799
valid	LAV	428	0.10412650852204161
valid	LAV	429	0.11065109714398921
valid	LAV	430	0.09322978517603794
valid	LAV	431	0.09455449687366549
valid	LAV	432	0.14047289985570693
valid	LAV	433	0.14162665897879828
valid	LAV	434	0.10322103949165601
valid	LAV	435	0.1386884282808479
valid	LAV	436	0.11318649080447374
valid	LAV	437	0.12050597447104613
valid	LAV	438	0.11863730662587023
valid	LAV	439	0.14093474292286323
valid	LAV	440	0.13129765939610363
valid	LAV	441	0.102362726791651
valid	LAV	442	0.12147032519989887
valid	LAV	443	0.10654015340455888
valid	LAV	444	0.10229207855042083
valid	LAV	445	0.094014886625904
valid	LAV	446	0.10829250107093615
valid	LAV	447	0.1640079091877126
valid	LAV	448	0.1184643173355058
valid	LAV	449	0.08591749639515738
valid	LAV	450	0.1453197223344086
valid	LAV	451	0.11995992285384849
valid	LAV	452	0.13823204459087185
valid	LAV	453	0.10697926516966687
valid	LAV	454	0.13840627204428144
valid	LAV	455	0.10804168420837439
valid	LAV	456	0.10381779176524729
valid	LAV	457	0.0963998622705054
valid	LAV	458	0.1343377451016379
valid	LAV	459	0.13675742040225455
valid	LAV	460	0.10598105809231942
valid	LAV	461	0.1484643460811202
valid	LAV	462	0.12572844066780461
valid	LAV	463	0.12904831898587793
valid	LAV	464	0.07233770010743125
valid	LAV	465	0.11899316223442256
valid	LAV	466	0.16869951743704067
valid	LAV	467	0.13915179332114763
valid	LAV	468	0.10994864903137914
valid	LAV	469	0.12365867691616415
valid	LAV	470	0.0908875994188719
valid	LAV	471	0.09106899348366473
valid	LAV	472	0.08113687602797946
valid	LAV	473	0.12044548501047728
valid	LAV	474	0.09929591013749926
valid	LAV	475	0.11488647638963016
valid	LAV	476	0.11084065715263992
valid	LAV	477	0.11417427651143984
valid	LAV	478	0.1063919041482898
valid	LAV	479	0.10444045508557967
valid	LAV	480	0.09926959090636127
valid	LAV	481	0.12382651652186281
valid	LAV	482	0.10574645861604431
valid	LAV	483	0.11377572404662274
valid	LAV	484	0.07900076454419794
valid	LAV	485	0.14059590465666116
valid	LAV	486	0.1159561173290693
valid	LAV	487	0.12143856348723876
valid	LAV	488	0.15005028010713303
valid	LAV	489	0.13407974550657975
valid	LAV	490	0.11586417433688044
valid	LAV	491	0.13332093660736463
valid	LAV	492	0.15088568597191643
valid	LAV	493	0.11245872220370956
valid	LAV	494	0.15428875602245673
valid	LAV	495	0.11219410029178027
valid	LAV	496	0.11429586313352487
valid	LAV	497	0.10697797223870516
valid	LAV	498	0.09808093444331106
valid	LAV	499	0.15826249964193204
valid	LAV	500	0.1373956090957648
valid	LAV	501	0.132148957611694
valid	LAV	502	0.12759703235807196
valid	LAV	503	0.1107513602116918
valid	LAV	504	0.1133661918342678
valid	LAV	505	0.15491317856381634
valid	LAV	506	0.12266296639307797
valid	LAV	507	0.1143940301351096
valid	LAV	508	0.06918055259037864
valid	LAV	509	0.11234723739883082
valid	LAV	510	0.12658885342536885
valid	LAV	511	0.09277431003374462
valid	LAV	512	0.10492155435458465
valid	LAV	513	0.15525014757421168
valid	LAV	514	0.14034395532198285
valid	LAV	515	0.10188247393098808
valid	LAV	516	0.1326763087852553
valid	LAV	517	0.07866270074510584
valid	LAV	518	0.13161182912477903
valid	LAV	519	0.08870935360637684
valid	LAV	520	0.1374529947322289
valid	LAV	521	0.09811611021805837
valid	LAV	522	0.1983651970306125
valid	LAV	523	0.10891541517857718
valid	LAV	524	0.11531594862943408
valid	LAV	525	0.13033634767324595
valid	LAV	526	0.1305982593363439
valid	LAV	527	0.14132041988831556
valid	LAV	528	0.11259313056256084
valid	LAV	529	0.07059891182094646
valid	LAV	530	0.17634684827751615
valid	LAV	531	0.1121758487806311
valid	LAV	532	0.12889183860279668
valid	LAV	533	0.12294733427248679
valid	LAV	534	0.15318768034334085
valid	LAV	535	0.10003505671887879
valid	LAV	536	0.14802325650173373
valid	LAV	537	0.10833328261107669
valid	LAV	538	0.11761983594223213
valid	LAV	539	0.10262995117586816
valid	LAV	540	0.1160166473507751
valid	LAV	541	0.106538147766954
valid	LAV	542	0.04731676784213977
valid	LAV	543	0.15638529840940543
valid	LAV	544	0.13176205904036073
valid	LAV	545	0.14152365306277084
valid	LAV	546	0.13677181892278767
valid	LAV	547	0.108283683143901
valid	LAV	548	0.10508420342795725
valid	LAV	549	0.12454473640688718
valid	LAV	550	0.1156384629533836
valid	LAV	551	0.14675768066023714
valid	LAV	552	0.0965791500097306
valid	LAV	553	0.11480339783609186
valid	LAV	554	0.11424861380908719
valid	LAV	555	0.10378258678803845
valid	LAV	556	0.09534683480656163
valid	LAV	557	0.11400674660725103
valid	LAV	558	0.14093790782843554
valid	LAV	559	0.1260811187710836
valid	LAV	560	0.11096263803605595
valid	LAV	561	0.1237588222568435
valid	LAV	562	0.1343761616615701
valid	LAV	563	0.09948822509969764
valid	LAV	564	0.08971616372037079
valid	LAV	565	0.06966870963936553
valid	LAV	566	0.1141018040679923
valid	LAV	567	0.1237236353370589
valid	LAV	568	0.1445490057468191
valid	LAV	569	0.09857908540552418
valid	LAV	570	0.14156089759126889
valid	LAV	571	0.1076163030952667
valid	LAV	572	0.12246645245870225
valid	LAV	573	0.10287762987769533
valid	LAV	574	0.11792945695325587
valid	LAV	575	0.11941243999866019
valid	LAV	576	0.10581451500827128
valid	LAV	577	0.06892483449312475
valid	LAV	578	0.10622843961686484
valid	LAV	579	0.11929661911135162
valid	LAV	580	0.13545782676085857
valid	LAV	581	0.11394950824959721
valid	LAV	582	0.15533039279392977
valid	LAV	583	0.15437979577392047
valid	LAV	584	0.1469083658166775
valid	LAV	585	0.13126394433591246
valid	LAV	586	0.06436434689999272
valid	LAV	587	0.08572861487118809
valid	LAV	588	0.08715498759039682
valid	LAV	589	0.12043419767204236
valid	LAV	590	0.11890728209693875
valid	LAV	591	0.09849553033005694
valid	LAV	592	0.10927341998976194
valid	LAV	593	0.1515232636667959
valid	LAV	594	0.10497232335130674
valid	LAV	595	0.13341748395912548
valid	LAV	596	0.138819422707981
valid	LAV	597	0.10131083826393184
valid	LAV	598	0.11623237945113685
valid	LAV	599	0.10267087474383724
valid	LAV	600	0.10721182289387537
valid	LAV	601	0.1512140527878148
valid	LAV	602	0.1237793756840015
valid	LAV	603	0.12637134721408236
valid	LAV	604	0.08782357057698574
valid	LAV	605	0.16935358448784943
valid	LAV	606	0.11601826704573526
valid	LAV	607	0.11668768660456182
valid	LAV	608	0.1271468839727984
valid	LAV	609	0.09739724491033801
valid	LAV	610	0.11886578145239501
valid	LAV	611	0.12185469678751079
valid	LAV	612	0.12016990314200225
valid	LAV	613	0.10913684858845636
valid	LAV	614	0.12496991755629074
valid	LAV	615	0.09651885919702904
valid	LAV	616	0.09705913015426226
valid	LAV	617	0.13036550612437844
valid	LAV	618	0.13647060524569193
valid	LAV	619	0.12726836974289998
valid	LAV	620	0.12110591884725623
valid	LAV	621	0.08804100911955122
valid	LAV	622	0.10884435982089355
valid	LAV	623	0.1107393381721544
valid	LAV	624	0.1469479912178012
valid	LAV	625	0.09114160292621568
valid	LAV	626	0.10536242489396691
valid	LAV	627	0.09965994691190685
valid	LAV	628	0.1364849884762105
valid	LAV	629	0.09868355224468511
valid	LAV	630	0.10035501422862866
valid	LAV	631	0.10940571965046639
valid	LAV	632	0.1434193599802655
valid	LAV	633	0.1440720907497211
valid	LAV	634	0.09198037944628418
valid	LAV	635	0.12628252496288714
valid	LAV	636	0.12731107781121623
valid	LAV	637	0.11726003240398207
valid	LAV	638	0.12363407738488592
valid	LAV	639	0.08277944650956491
valid	LAV	640	0.11240857779160175
valid	LAV	641	0.1371918529625019
valid	LAV	642	0.13156175541041124
valid	LAV	643	0.1366129672920924
valid	LAV	644	0.0963157583339689
valid	LAV	645	0.06933491850186262
valid	LAV	646	0.10768492522969791
valid	LAV	647	0.12533311402978406
valid	LAV	648	0.10309672973091778
valid	LAV	649	0.13427622663683816
valid	LAV	650	0.14279481081003473
valid	LAV	651	0.09054312614941637
valid	LAV	652	0.08656859102747863
valid	LAV	653	0.12584069882016224
valid	LAV	654	0.14097973275415662
valid	LAV	655	0.11275900419569777
valid	LAV	656	0.12967998732585748
valid	LAV	657	0.13361863105598207
valid	LAV	658	0.12538106600613616
valid	LAV	659	0.1541048131138936
valid	LAV	660	0.12049347946354196
valid	LAV	661	0.13082095754509107
valid	LAV	662	0.12434524468544031
valid	LAV	663	0.08512197473950274
valid	LAV	664	0.09065376510350065
valid	LAV	665	0.14629013740667632
valid	LAV	666	0.11291557333631366
valid	LAV	667	0.055076685210010363
valid	LAV	668	0.10943144304735984
valid	LAV	669	0.15882335337400724
valid	LAV	670	0.10336369672589169
valid	LAV	671	0.09783488382339615
valid	LAV	672	0.10371792449005171
valid	LAV	673	0.10581814491451527
valid	LAV	674	0.1230704049852484
valid	LAV	675	0.1256409259394684
valid	LAV	676	0.10595499340983584
valid	LAV	677	0.13803595583062708
valid	LAV	678	0.10872144454004233
valid	LAV	679	0.13262105450136605
valid	LAV	680	0.10212255574021245
valid	LAV	681	0.13662030838269687
valid	LAV	682	0.16255004930535993
valid	LAV	683	0.1301818336220641
valid	LAV	684	0.11620873437072475
valid	LAV	685	0.1478268479325641
valid	LAV	686	0.12072442799550444
valid	LAV	687	0.16256086948311654
valid	LAV	688	0.09353440246579467
valid	LAV	689	0.11946878428673265
valid	LAV	690	0.14410592417937576
valid	LAV	691	0.08841106953266094
valid	LAV	692	0.10907161285849902
valid	LAV	693	0.09087852619162634
valid	LAV	694	0.10876060836449537
valid	LAV	695	0.09897073046143016
valid	LAV	696	0.10876976645476882
valid	LAV	697	0.11631884972240025
valid	LAV	698	0.133658397977433
valid	LAV	699	0.12791908029811527
valid	LAV	700	0.08578434232531891
valid	LAV	701	0.10740355833407364
valid	LAV	702	0.10806136643797531
valid	LAV	703	0.11992255898953387
valid	LAV	704	0.11689878705842802
valid	LAV	705	0.10396289437888802
valid	LAV	706	0.12275756738300135
valid	LAV	707	0.13038812433916613
valid	LAV	708	0.09916924309027865
valid	LAV	709	0.08402984374982117
valid	LAV	710	0.09639629226006968
valid	LAV	711	0.13076859377875416
valid	LAV	712	0.11202013308943971
valid	LAV	713	0.13160075555486286
valid	LAV	714	0.1417659031690792
valid	LAV	715	0.12922368770594175
valid	LAV	716	0.11073722472133919
valid	LAV	717	0.09604042592144868
valid	LAV	718	0.10537743239486719
valid	LAV	719	0.16505955958629628
valid	LAV	720	0.13023062447985187
valid	LAV	721	0.12519058303894082
valid	LAV	722	0.13757452890805422
valid	LAV	723	0.10858498144439101
valid	LAV	724	0.057512558078793144
valid	LAV	725	0.08052286893360125
valid	LAV	726	0.09490084624129135
valid	LAV	727	0.14695323205040717
valid	LAV	728	0.08938006506769505
valid	LAV	729	0.11649802723034879
valid	LAV	730	0.12500028050098858
valid	LAV	731	0.0933219584992204
valid	LAV	732	0.11889330010886151
valid	LAV	733	0.12061442959626724
valid	LAV	734	0.1335068564710497
valid	LAV	735	0.08650872907928232
valid	LAV	736	0.11223104775280406
valid	LAV	737	0.13158549695470684
valid	LAV	738	0.1349340157089817
valid	LAV	739	0.06176082403030942
valid	LAV	740	0.13216141557489358
valid	LAV	741	0.12998068537404117
valid	LAV	742	0.18104713001775583
valid	LAV	743	0.11110116916772088
valid	LAV	744	0.09220883478515007
valid	LAV	745	0.11275118001315369
valid	LAV	746	0.1281141457663643
valid	LAV	747	0.10835801740961332
valid	LAV	748	0.13079665954568376
valid	LAV	749	0.09540077335693493
valid	LAV	750	0.12091906436960957
valid	LAV	751	0.15201118251450568
valid	LAV	752	0.14516060705164824
valid	LAV	753	0.11863399255150887
valid	LAV	754	0.1120151137846839
valid	LAV	755	0.08702181201641226
valid	LAV	756	0.09414135918224313
valid	LAV	757	0.16337345015870522
valid	LAV	758	0.10358960380772039
valid	LAV	759	0.10103092736455319
valid	LAV	760	0.13454018387249844
valid	LAV	761	0.136546051382556
valid	LAV	762	0.0953022212785143
valid	LAV	763	0.13577085348431306
valid	LAV	764	0.09739950845502185
valid	LAV	765	0.09154016778895836
valid	LAV	766	0.09322203880971419
valid	LAV	767	0.11312466223584805
valid	LAV	768	0.15082816085821413
valid	LAV	769	0.08272035998043101
valid	LAV	770	0.09654693623463163
valid	LAV	771	0.10452044035692655
valid	LAV	772	0.08096193634275665
valid	LAV	773	0.1334478564225801
valid	LAV	774	0.1763578235405167
valid	LAV	775	0.0961253586607643
valid	LAV	776	0.11631700468601756
valid	LAV	777	0.13242783129158497
valid	LAV	778	0.11801061115347859
valid	LAV	779	0.12324666377904502
valid	LAV	780	0.09632529783473039
valid	LAV	781	0.09923027897295185
valid	LAV	782	0.07186189997957618
valid	LAV	783	0.08899850560564151
valid	LAV	784	0.13764279922223907
valid	LAV	785	0.09473005631213774
valid	LAV	786	0.10914329555844303
valid	LAV	787	0.1253887483057181
valid	LAV	788	0.08475276822473693
valid	LAV	789	0.12332077352699683
valid	LAV	790	0.12571776176980978
valid	LAV	791	0.15485454828786444
valid	LAV	792	0.09560283229396566
valid	LAV	793	0.11606491953974774
valid	LAV	794	0.16444646043173936
valid	LAV	795	0.11504317834328176
valid	LAV	796	0.08994560039232369
valid	LAV	797	0.07768426837806325
valid	LAV	798	0.09980520710031321
valid	LAV	799	0.10791952730749112
valid	LAV	800	0.12876036774784871
valid	LAV	801	0.09245597735138293
valid	LAV	802	0.10418608693833235
valid	LAV	803	0.09694395563097323
valid	LAV	804	0.08541745990991303
valid	LAV	805	0.1162272333693687
valid	LAV	806	0.12892639137095693
valid	LAV	807	0.12960687459559095
valid	LAV	808	0.132759781848781
valid	LAV	809	0.11024817117745454
valid	LAV	810	0.06252104274249837
valid	LAV	811	0.14509288711635385
valid	LAV	812	0.12581630899550592
valid	LAV	813	0.11806533290560535
valid	LAV	814	0.11339524629316164
valid	LAV	815	0.09978341671426842
valid	LAV	816	0.11088227280790407
valid	LAV	817	0.08749177150989348
valid	LAV	818	0.10689433866830386
valid	LAV	819	0.10677795012979756
valid	LAV	820	0.13533396664748953
valid	LAV	821	0.09042750210496349
valid	LAV	822	0.1346530949068366
valid	LAV	823	0.11718256848850594
valid	LAV	824	0.09120358138627596
valid	LAV	825	0.13630377478725372
valid	LAV	826	0.10686875117387995
valid	LAV	827	0.09228479862414908
valid	LAV	828	0.08099686517841247
valid	LAV	829	0.1275942212016831
valid	LAV	830	0.10567884302289819
valid	LAV	831	0.12805515797519768
valid	LAV	832	0.08388557037802205
valid	LAV	833	0.11195960835621034
valid	LAV	834	0.11159075709487581
valid	LAV	835	0.09183245810333535
valid	LAV	836	0.13571770507396985
valid	LAV	837	0.11308904679820635
valid	LAV	838	0.11516888111024613
valid	LAV	839	0.10815335748302203
valid	LAV	840	0.0964016357130806
valid	LAV	841	0.15010543712222413
valid	LAV	842	0.11007641762986864
valid	LAV	843	0.09727844347218019
valid	LAV	844	0.11499619299525793
valid	LAV	845	0.11252086936343797
valid	LAV	846	0.11730544877553231
valid	LAV	847	0.13869150725722562
valid	LAV	848	0.11828514547309378
valid	LAV	849	0.14605420268253752
valid	LAV	850	0.09969132056267128
valid	LAV	851	0.09747915555024224
valid	LAV	852	0.15557934964049308
valid	LAV	853	0.12023747100572749
valid	LAV	854	0.14657252269625592
valid	LAV	855	0.11222646152409954
valid	LAV	856	0.11677701078876852
valid	LAV	857	0.1331703576358589
valid	LAV	858	0.13100289733258755
valid	LAV	859	0.12076062359619763
valid	LAV	860	0.08776034866588996
valid	LAV	861	0.13775240115136933
valid	LAV	862	0.13703902018635059
valid	LAV	863	0.10365211468963045
valid	LAV	864	0.13236931237829253
valid	LAV	865	0.09737696976029331
valid	LAV	866	0.09312736445944227
valid	LAV	867	0.14024205263282175
valid	LAV	868	0.11778237764699939
valid	LAV	869	0.11427532747840785
valid	LAV	870	0.09734064007293586
valid	LAV	871	0.1569987906128078
valid	LAV	872	0.0841897189593602
valid	LAV	873	0.10642385551094576
valid	LAV	874	0.12786584696910405
valid	LAV	875	0.11530925614966984
valid	LAV	876	0.13285722361172925
valid	LAV	877	0.15335971275346666
valid	LAV	878	0.09702644792482813
valid	LAV	879	0.11115676094221812
valid	LAV	880	0.10897535724702799
valid	LAV	881	0.1279254593407988
valid	LAV	882	0.15766076147124347
valid	LAV	883	0.09885672610744568
valid	LAV	884	0.09977195522501188
valid	LAV	885	0.13539032943192064
valid	LAV	886	0.10606924223054369
valid	LAV	887	0.12122581540108944
valid	LAV	888	0.12545709338167108
valid	LAV	889	0.14485282143514516
valid	LAV	890	0.16326510848164105
valid	LAV	891	0.1296502078572736
valid	LAV	892	0.11446816098836181
valid	LAV	893	0.11886933124647463
valid	LAV	894	0.13290473235579936
valid	LAV	895	0.0990827648093712
valid	LAV	896	0.12889519169445066
valid	LAV	897	0.09180470007683135
valid	LAV	898	0.1483909686350989
valid	LAV	899	0.13617516054243173
valid	LAV	900	0.13656790687982726
valid	LAV	901	0.12557324362982114
valid	LAV	902	0.12283563535779027
valid	LAV	903	0.10540532660520076
valid	LAV	904	0.08894552272790095
valid	LAV	905	0.15043230859973697
valid	LAV	906	0.10596982743160592
valid	LAV	907	0.0857163569791148
valid	LAV	908	0.1571018525409375
valid	LAV	909	0.09077704944352201
valid	LAV	910	0.10902381254108601
valid	LAV	911	0.13776983872260665
valid	LAV	912	0.1250654392869982
valid	LAV	913	0.15192740715925668
valid	LAV	914	0.08929118941630068
valid	LAV	915	0.1414337337648033
valid	LAV	916	0.11086714274303155
valid	LAV	917	0.14585554186777783
valid	LAV	918	0.09735863668003437
valid	LAV	919	0.10180571798851937
valid	LAV	920	0.13118861042934424
valid	LAV	921	0.073856274420383
valid	LAV	922	0.0857757311960756
valid	LAV	923	0.047250673229504846
valid	LAV	924	0.11525552299315786
valid	LAV	925	0.11091988395678601
valid	LAV	926	0.10787517957558977
valid	LAV	927	0.10054343784477082
valid	LAV	928	0.13038242251399954
valid	LAV	929	0.1149283658237182
valid	LAV	930	0.07853230659203167
valid	LAV	931	0.11362529046308895
valid	LAV	932	0.09086485729262515
valid	LAV	933	0.12155690639488237
valid	LAV	934	0.10985779240762607
valid	LAV	935	0.09328292055273599
valid	LAV	936	0.09938308362787968
valid	LAV	937	0.10620838173887921
valid	LAV	938	0.14827989214944826
valid	LAV	939	0.13067499510316424
valid	LAV	940	0.11906352239472252
valid	LAV	941	0.11190538829336873
valid	LAV	942	0.12042959331641369
valid	LAV	943	0.13999105309115523
valid	LAV	944	0.14542910487070485
valid	LAV	945	0.1393240230477295
valid	LAV	946	0.14345146782534754
valid	LAV	947	0.11829240841528103
valid	LAV	948	0.1453189280369902
valid	LAV	949	0.10353232384945332
valid	LAV	950	0.12166610302447868
valid	LAV	951	0.12254719276263741
valid	LAV	952	0.09895138294161905
valid	LAV	953	0.15169338850714642
valid	LAV	954	0.14602962591538096
valid	LAV	955	0.09262766932717417
valid	LAV	956	0.09446843514569354
valid	LAV	957	0.11918071527280366
valid	LAV	958	0.11809601316056724
valid	LAV	959	0.10753270767446928
valid	LAV	960	0.12566158664629049
valid	LAV	961	0.13424635467197638
valid	LAV	962	0.11141826223991898
valid	LAV	963	0.1367098530620884
valid	LAV	964	0.09285806973512752
valid	LAV	965	0.1314377440890272
valid	LAV	966	0.10206967172484045
valid	LAV	967	0.09467436083569897
valid	LAV	968	0.15301829784223756
valid	LAV	969	0.12530998316821482
valid	LAV	970	0.11921863252333771
valid	LAV	971	0.1456532076054607
valid	LAV	972	0.07974843840148783
valid	LAV	973	0.09755420791192318
valid	LAV	974	0.11346904058393607
valid	LAV	975	0.15044478465014263
valid	LAV	976	0.09515080816437481
valid	LAV	977	0.15190171205176245
valid	LAV	978	0.1308267716967674
valid	LAV	979	0.1007678863103704
valid	LAV	980	0.10075576167863477
valid	LAV	981	0.09690632873888402
valid	LAV	982	0.06169363921297707
valid	LAV	983	0.13657568145298024
valid	LAV	984	0.09952180125166628
valid	LAV	985	0.11253262778067064
valid	LAV	986	0.11603008913913906
valid	LAV	987	0.11245169248911963
valid	LAV	988	0.09865247438722648
valid	LAV	989	0.13982322859823387
valid	LAV	990	0.09621349252831915
valid	LAV	991	0.07619105913023529
valid	LAV	992	0.08071068826464158
valid	LAV	993	0.14570735995965428
valid	LAV	994	0.12310358373710212
valid	LAV	995	0.10517972410558069
valid	LAV	996	0.134641000905066
valid	LAV	997	0.10051887259120425
valid	LAV	998	0.09596103511898443
valid	LAV	999	0.11283849693808586
valid	LAV	1000	0.12194743547461326
valid	LAV	1001	0.1113338857400123
valid	LAV	1002	0.12654850673868884
valid	LAV	1003	0.09964535452572881
valid	LAV	1004	0.10549126219290267
valid	LAV	1005	0.12710063757714107
valid	LAV	1006	0.11291177045883374
valid	LAV	1007	0.1315489146729148
valid	LAV	1008	0.13984132464644
valid	LAV	1009	0.10035693017203592
valid	LAV	1010	0.14488439901647035
valid	LAV	1011	0.08898203076654494
valid	LAV	1012	0.16820736378323847
valid	LAV	1013	0.09374596710690185
valid	LAV	1014	0.13744133643983064
valid	LAV	1015	0.09772119795029353
valid	LAV	1016	0.1317926184570871
valid	LAV	1017	0.1338923504732137
valid	LAV	1018	0.10144030666644191
valid	LAV	1019	0.14239136165553595
valid	LAV	1020	0.13533692260822483
valid	LAV	1021	0.10025639500226839
valid	LAV	1022	0.10654591453125119
valid	LAV	1023	0.11241982761837138
valid	LAV	1024	0.05446122377939639
valid	LAV	1025	0.14875408915259675
valid	LAV	1026	0.1296229115355481
valid	LAV	1027	0.06910130936906815
valid	LAV	1028	0.13869456011415315
valid	LAV	1029	0.11069356820838012
valid	LAV	1030	0.11405551635526869
valid	LAV	1031	0.08781926600608471
valid	LAV	1032	0.13425460307436457
valid	LAV	1033	0.10229089203816796
valid	LAV	1034	0.13933210521684225
valid	LAV	1035	0.11505636014133433
valid	LAV	1036	0.15143023924176816
valid	LAV	1037	0.09817496764983322
valid	LAV	1038	0.08680143401163294
valid	LAV	1039	0.1021867476604112
valid	LAV	1040	0.11855435377268156
valid	LAV	1041	0.1031996644629035
valid	LAV	1042	0.12363531473892854
valid	LAV	1043	0.05541107869862967
valid	LAV	1044	0.12594267155630287
valid	LAV	1045	0.14907743157356532
valid	LAV	1046	0.10857852468032379
valid	LAV	1047	0.13394435125231494
valid	LAV	1048	0.15929350450938873
valid	LAV	1049	0.14682266089100154
valid	LAV	1050	0.08451039653468562
valid	LAV	1051	0.11148752326318903
valid	LAV	1052	0.0768758618757289
valid	LAV	1053	0.140085528918115
valid	LAV	1054	0.12964910860240214
valid	LAV	1055	0.11081968970693518
valid	LAV	1056	0.13339422431806283
valid	LAV	1057	0.14496648583510222
valid	LAV	1058	0.06252271604707395
valid	LAV	1059	0.08823606812498123
valid	LAV	1060	0.08769955837879047
valid	LAV	1061	0.13572439632246558
valid	LAV	1062	0.10692295254382089
valid	LAV	1063	0.07767576576292605
valid	LAV	1064	0.09664217734814713
valid	LAV	1065	0.12835618080541422
valid	LAV	1066	0.10512960980858503
valid	LAV	1067	0.13986250304909506
valid	LAV	1068	0.09229255143988407
valid	LAV	1069	0.14640763936008766
valid	LAV	1070	0.11942931668092509
valid	LAV	1071	0.106212865071764
valid	LAV	1072	0.13137168452898298
valid	LAV	1073	0.15020174575985212
valid	LAV	1074	0.10742295741061987
valid	LAV	1075	0.13560261165418042
valid	LAV	1076	0.10423563454527635
valid	LAV	1077	0.14266617990140218
valid	LAV	1078	0.11164084713725445
valid	LAV	1079	0.13216336914705223
valid	LAV	1080	0.19136261942525043
valid	LAV	1081	0.10350569669008214
valid	LAV	1082	0.10941769398726865
valid	LAV	1083	0.11196520918538586
valid	LAV	1084	0.13436618128373765
valid	LAV	1085	0.13118846430308434
valid	LAV	1086	0.10911749007441944
valid	LAV	1087	0.16206229466796718
valid	LAV	1088	0.12347469852441233
valid	LAV	1089	0.12105723952808504
valid	LAV	1090	0.16258385276955276
valid	LAV	1091	0.128618579960144
valid	LAV	1092	0.08313267197156704
valid	LAV	1093	0.12733559145050066
valid	LAV	1094	0.14381113845384472
valid	LAV	1095	0.11429009663283705
valid	LAV	1096	0.10625028143585366
valid	LAV	1097	0.09516055225503216
valid	LAV	1098	0.13620920099181155
valid	LAV	1099	0.12155556355045666
valid	LAV	1100	0.11136884886537081
valid	LAV	1101	0.15163270378459423
valid	LAV	1102	0.08415314341450224
valid	LAV	1103	0.0989159666906482
valid	LAV	1104	0.1430661394798227
valid	LAV	1105	0.13264107110538542
valid	LAV	1106	0.1025159271953926
valid	LAV	1107	0.14299980102546989
valid	LAV	1108	0.11123766771041943
valid	LAV	1109	0.15279711912549782
valid	LAV	1110	0.09891790206280854
valid	LAV	1111	0.14492929246497538
valid	LAV	1112	0.106926485445942
valid	LAV	1113	0.14705024676789757
valid	LAV	1114	0.07581520224776396
valid	LAV	1115	0.11535180257557937
valid	LAV	1116	0.09539922011434708
valid	LAV	1117	0.128344305820696
valid	LAV	1118	0.12331612011673868
valid	LAV	1119	0.11963608941586136
valid	LAV	1120	0.131589136812815
valid	LAV	1121	0.11224481361053507
valid	LAV	1122	0.11196038201352657
valid	LAV	1123	0.14461022796209388
valid	LAV	1124	0.09179216750003483
valid	LAV	1125	0.1422324067859373
valid	LAV	1126	0.14837873217380992
valid	LAV	1127	0.11868660730597877
valid	LAV	1128	0.08211398169814428
valid	LAV	1129	0.11990488570025476
valid	LAV	1130	0.12398084230872658
valid	LAV	1131	0.13057288245580417
valid	LAV	1132	0.11348103472091008
valid	LAV	1133	0.15717087905558597
valid	LAV	1134	0.12283098803609564
valid	LAV	1135	0.10627936980800211
valid	LAV	1136	0.11765328190465263
valid	LAV	1137	0.096318323861548
valid	LAV	1138	0.1372110517541797
valid	LAV	1139	0.08956161810979461
valid	LAV	1140	0.08038392952180838
valid	LAV	1141	0.10995628226304081
valid	LAV	1142	0.10477864912459744
valid	LAV	1143	0.1327443410033834
valid	LAV	1144	0.13522792906174771
valid	LAV	1145	0.12922995567959053
valid	LAV	1146	0.08666434116469887
valid	LAV	1147	0.11485344368351318
valid	LAV	1148	0.10203518159154762
valid	LAV	1149	0.10549828157242672
valid	LAV	1150	0.09577793273071551
valid	LAV	1151	0.1362730084764084
valid	LAV	1152	0.07450605045556742
valid	LAV	1153	0.10953299673003992
valid	LAV	1154	0.12180073534155901
valid	LAV	1155	0.14960359650943547
valid	LAV	1156	0.10276744316028269
valid	LAV	1157	0.1101985016901297
valid	LAV	1158	0.1389536312006357
valid	LAV	1159	0.11194688739086663
valid	LAV	1160	0.12192468081194695
valid	LAV	1161	0.10759686653200648
valid	LAV	1162	0.11285765901601727
valid	LAV	1163	0.13369241051133907
valid	LAV	1164	0.14825102545313976
valid	LAV	1165	0.11542835796959447
valid	LAV	1166	0.1283847027561986
valid	LAV	1167	0.10048689339389114
valid	LAV	1168	0.11069500588747525
valid	LAV	1169	0.1196670407743685
valid	LAV	1170	0.11701818254512518
valid	LAV	1171	0.14279556935482082
valid	LAV	1172	0.11167033782974478
valid	LAV	1173	0.09027475928744969
valid	LAV	1174	0.1359981226891607
valid	LAV	1175	0.13542806900271442
valid	LAV	1176	0.08114328991355912
valid	LAV	1177	0.10215244531220201
valid	LAV	1178	0.14862486273896489
valid	LAV	1179	0.1133493018347082
valid	LAV	1180	0.11975923147285551
valid	LAV	1181	0.10541328094188958
valid	LAV	1182	0.13223433419732833
valid	LAV	1183	0.14424938715052
valid	LAV	1184	0.10909823923014718
valid	LAV	1185	0.14450736977302336
valid	LAV	1186	0.1081125952305579
valid	LAV	1187	0.16623658746851724
valid	LAV	1188	0.09349179493669717
valid	LAV	1189	0.13110502334126634
valid	LAV	1190	0.1413142010399614
valid	LAV	1191	0.14134225517643387
valid	LAV	1192	0.08642416562358798
valid	LAV	1193	0.1541514435998089
valid	LAV	1194	0.10229743711929681
valid	LAV	1195	0.14038052123898487
valid	LAV	1196	0.09027305946290282
valid	LAV	1197	0.11725359848403191
valid	LAV	1198	0.14402963218659143
valid	LAV	1199	0.08293102350701183
valid	LAV	1200	0.09907484131203731
valid	LAV	1201	0.10449066631612078
valid	LAV	1202	0.13810034733830362
valid	LAV	1203	0.08874654705387115
valid	LAV	1204	0.13737715810902612
valid	LAV	1205	0.1621937503193121
valid	LAV	1206	0.12049451708886652
valid	LAV	1207	0.09965632514688563
valid	LAV	1208	0.09769182611136035
valid	LAV	1209	0.13128013444405504
valid	LAV	1210	0.11754661065761274
valid	LAV	1211	0.12412906522867363
valid	LAV	1212	0.10656495397640767
valid	LAV	1213	0.07439874363445868
valid	LAV	1214	0.14278569301600683
valid	LAV	1215	0.16688543021322183
valid	LAV	1216	0.10324430717327042
valid	LAV	1217	0.09476135953239644
valid	LAV	1218	0.06949401175310717
valid	LAV	1219	0.1530526835332615
valid	LAV	1220	0.10059723313108283
valid	LAV	1221	0.11407416316904638
valid	LAV	1222	0.10500555984029025
valid	LAV	1223	0.1179097774663608
valid	LAV	1224	0.09006059243128021
valid	LAV	1225	0.14061283920578743
valid	LAV	1226	0.17676345297380924
valid	LAV	1227	0.13345703624236122
valid	LAV	1228	0.09125390853553093
valid	LAV	1229	0.12163492498502251
valid	LAV	1230	0.11917393644933588
valid	LAV	1231	0.12396692400005507
valid	LAV	1232	0.10365276023591631
valid	LAV	1233	0.10712056078570895
valid	LAV	1234	0.0881423087811152
valid	LAV	1235	0.11387191429086241
valid	LAV	1236	0.13195583648262357
valid	LAV	1237	0.1121198250114768
valid	LAV	1238	0.08548754819385716
valid	LAV	1239	0.08893687629474054
valid	LAV	1240	0.11484359394664229
valid	LAV	1241	0.13358186169009167
valid	LAV	1242	0.09363314818360075
valid	LAV	1243	0.10597386706520881
valid	LAV	1244	0.12456702144557776
valid	LAV	1245	0.11133129946441102
valid	LAV	1246	0.12328777790075766
valid	LAV	1247	0.13124534694482437
valid	LAV	1248	0.11496044322641949
valid	LAV	1249	0.14074067949439387
valid	LAV	1250	0.10831378618020132
valid	LAV	1251	0.12354145142071092
valid	LAV	1252	0.1347669465570042
valid	LAV	1253	0.13386315513280087
valid	LAV	1254	0.12946832713711745
valid	LAV	1255	0.13084012152919489
valid	LAV	1256	0.10922615744420243
valid	LAV	1257	0.09948730611515691
valid	LAV	1258	0.07537647566952313
valid	LAV	1259	0.10666797120415347
valid	LAV	1260	0.1525162537691495
valid	LAV	1261	0.12981378619606593
valid	LAV	1262	0.09660305988329959
valid	LAV	1263	0.11882972789452324
valid	LAV	1264	0.11838296798329609
valid	LAV	1265	0.14086193094850807
valid	LAV	1266	0.093584126824791
valid	LAV	1267	0.1376002264209588
valid	LAV	1268	0.16297643281306334
valid	LAV	1269	0.09587415751473762
valid	LAV	1270	0.1182466496343717
valid	LAV	1271	0.11089569939866295
valid	LAV	1272	0.15860456950176838
valid	LAV	1273	0.14011725575486045
valid	LAV	1274	0.11094204369893937
valid	LAV	1275	0.11577870504127669
valid	LAV	1276	0.08223522753639545
valid	LAV	1277	0.09688238232093242
valid	LAV	1278	0.13317195041889107
valid	LAV	1279	0.08306065231485142
valid	LAV	1280	0.12349063948311423
valid	LAV	1281	0.10320538263392559
valid	LAV	1282	0.10455289468466891
valid	LAV	1283	0.14248822705986428
valid	LAV	1284	0.0922162625033577
valid	LAV	1285	0.12739838699964812
valid	LAV	1286	0.1261454936129245
valid	LAV	1287	0.161281880710916
valid	LAV	1288	0.13628583866437827
valid	LAV	1289	0.0864929413710011
valid	LAV	1290	0.15932955332243745
valid	LAV	1291	0.09948973625231533
valid	LAV	1292	0.1268396240360714
valid	LAV	1293	0.15180885334446179
valid	LAV	1294	0.1406091446540069
valid	LAV	1295	0.10676074456978095
valid	LAV	1296	0.11304296153178953
valid	LAV	1297	0.15636695596269296
valid	LAV	1298	0.12894881748957815
valid	LAV	1299	0.12275399646701732
valid	LAV	1300	0.10617801922145481
valid	LAV	1301	0.13080465113694065
valid	LAV	1302	0.09823316405148202
valid	LAV	1303	0.07886534673044004
valid	LAV	1304	0.12757261572453155
valid	LAV	1305	0.12169760065437689
valid	LAV	1306	0.1291382365429781
valid	LAV	1307	0.10458204111890249
valid	LAV	1308	0.11754356944233263
valid	LAV	1309	0.15128727764437308
valid	LAV	1310	0.10182132915273022
valid	LAV	1311	0.10506727233870654
valid	LAV	1312	0.07864525926454011
valid	LAV	1313	0.12475289895119127
valid	LAV	1314	0.08217050334276048
valid	LAV	1315	0.09385458306033652
valid	LAV	1316	0.10947659488914686
valid	LAV	1317	0.15117963230903275
valid	LAV	1318	0.09249293953925442
valid	LAV	1319	0.1328306734787121
valid	LAV	1320	0.10012758803627855
valid	LAV	1321	0.14435088511671995
valid	LAV	1322	0.09959862831908602
valid	LAV	1323	0.09206706509525796
valid	LAV	1324	0.08892671483687392
valid	LAV	1325	0.1250918713361702
valid	LAV	1326	0.13341212119578344
valid	LAV	1327	0.10834182781781672
valid	LAV	1328	0.06705518920788912
valid	LAV	1329	0.07101409782508829
valid	LAV	1330	0.10959307479460761
valid	LAV	1331	0.11351556616657257
valid	LAV	1332	0.1164133868637343
valid	LAV	1333	0.11350999817007046
valid	LAV	1334	0.09680613432239024
valid	LAV	1335	0.12831570747570387
valid	LAV	1336	0.16887170825398534
valid	LAV	1337	0.0975120903827877
valid	LAV	1338	0.11166589793112676
valid	LAV	1339	0.126371290531347
valid	LAV	1340	0.12479232531591103
valid	LAV	1341	0.1151245323280544
valid	LAV	1342	0.14185997242573226
valid	LAV	1343	0.10944153849283425
valid	LAV	1344	0.1252245539425882
valid	LAV	1345	0.13301827502021793
valid	LAV	1346	0.10961733791542186
valid	LAV	1347	0.11251982937749978
valid	LAV	1348	0.10423740307377649
valid	LAV	1349	0.10777704258893142
valid	LAV	1350	0.10214738031937154
valid	LAV	1351	0.12418645974120028
valid	LAV	1352	0.09176021883103605
valid	LAV	1353	0.08843474221938354
valid	LAV	1354	0.13666083168657606
valid	LAV	1355	0.11555288930114138
valid	LAV	1356	0.11599580683526156
valid	LAV	1357	0.11365707531344774
valid	LAV	1358	0.14555742344776157
valid	LAV	1359	0.1172390632275917
valid	LAV	1360	0.11893737426609088
valid	LAV	1361	0.09015931634042769
valid	LAV	1362	0.11633323879248544
valid	LAV	1363	0.11050337323323202
valid	LAV	1364	0.09727629063274476
valid	LAV	1365	0.12870116703310144
valid	LAV	1366	0.11112862963528604
valid	LAV	1367	0.144112222914419
valid	LAV	1368	0.1099025363662728
valid	LAV	1369	0.13583652956031386
valid	LAV	1370	0.10943328465424754
valid	LAV	1371	0.1590296988263631
valid	LAV	1372	0.1306486456837681
valid	LAV	1373	0.11773570925298994
valid	LAV	1374	0.10335574425566417
valid	LAV	1375	0.14486068420032477
valid	LAV	1376	0.1130894503708959
valid	LAV	1377	0.07071329941127755
valid	LAV	1378	0.11338524452771942
valid	LAV	1379	0.14608509623635613
valid	LAV	1380	0.1739447566427694
valid	LAV	1381	0.08055390065241248
valid	LAV	1382	0.13961760116304828
valid	LAV	1383	0.1203418623864387
valid	LAV	1384	0.14273023430740361
valid	LAV	1385	0.10933157496458139
valid	LAV	1386	0.13642769963523566
valid	LAV	1387	0.1471601613774434
valid	LAV	1388	0.09072114234398415
valid	LAV	1389	0.12101086813930982
valid	LAV	1390	0.14520270977698757
valid	LAV	1391	0.13233343521635899
valid	LAV	1392	0.10775352334172314
valid	LAV	1393	0.11892210397640811
valid	LAV	1394	0.1322491909075222
valid	LAV	1395	0.1356129410615389
valid	LAV	1396	0.1156364890312951
valid	LAV	1397	0.05497518424854858
valid	LAV	1398	0.12858986506186426
valid	LAV	1399	0.13560204748042345
valid	LAV	1400	0.12612978362761246
valid	LAV	1401	0.11162899891813292
valid	LAV	1402	0.12373867201136277
valid	LAV	1403	0.10387518421856798
valid	LAV	1404	0.15244668840543443
valid	LAV	1405	0.06137284590199141
valid	LAV	1406	0.10968225301055577
valid	LAV	1407	0.09724299538908297
valid	LAV	1408	0.09623709877501707
valid	LAV	1409	0.1307485058779191
valid	LAV	1410	0.0865571085859804
valid	LAV	1411	0.12141661205648217
valid	LAV	1412	0.12269579378087535
valid	LAV	1413	0.08651372802083611
valid	LAV	1414	0.10954687455030437
valid	LAV	1415	0.11271620716657262
valid	LAV	1416	0.10673421244866302
valid	LAV	1417	0.13053401820817206
valid	LAV	1418	0.08771954382090924
valid	LAV	1419	0.17604959783396437
valid	LAV	1420	0.10116221445434177
valid	LAV	1421	0.1101598542400521
valid	LAV	1422	0.12298852504263617
valid	LAV	1423	0.12327753354261521
valid	LAV	1424	0.12389836202110636
valid	LAV	1425	0.1382109607983408
valid	LAV	1426	0.11192569628228051
valid	LAV	1427	0.11895092380486931
valid	LAV	1428	0.08869463695169597
valid	LAV	1429	0.11216567727497777
valid	LAV	1430	0.14646019752354908
valid	LAV	1431	0.13936781406358426
valid	LAV	1432	0.09991125972344397
valid	LAV	1433	0.10226313492741529
valid	LAV	1434	0.09049958728692103
valid	LAV	1435	0.10771079789098878
valid	LAV	1436	0.1268856720939415
valid	LAV	1437	0.0982990997038086
valid	LAV	1438	0.12087887720642594
valid	LAV	1439	0.10482621767889623
valid	LAV	1440	0.10629625337744139
valid	LAV	1441	0.13485138155981607
valid	LAV	1442	0.14136418615124005
valid	LAV	1443	0.11491307913588827
valid	LAV	1444	0.0749662883253934
valid	LAV	1445	0.1089358923309997
valid	LAV	1446	0.14628568845151516
valid	LAV	1447	0.14220030211326382
valid	LAV	1448	0.06282043592960491
valid	LAV	1449	0.1419352731250354
valid	LAV	1450	0.11693697066474804
valid	LAV	1451	0.12125287420911268
valid	LAV	1452	0.14600214187829627
valid	LAV	1453	0.1028689232567771
valid	LAV	1454	0.10348670574597273
valid	LAV	1455	0.0990378300795258
valid	LAV	1456	0.163760544740496
valid	LAV	1457	0.1460751420432587
valid	LAV	1458	0.1280695994363453
valid	LAV	1459	0.11352925683572994
valid	LAV	1460	0.14744324720660756
valid	LAV	1461	0.12299659365511427
valid	LAV	1462	0.10882673638156264
valid	LAV	1463	0.16662124824035265
valid	LAV	1464	0.1383865171301414
valid	LAV	1465	0.09731780426057103
valid	LAV	1466	0.1277737245186444
valid	LAV	1467	0.12500852883877667
valid	LAV	1468	0.10500096201764593
valid	LAV	1469	0.08097028741817833
valid	LAV	1470	0.14640950310564285
valid	LAV	1471	0.12898301926820646
valid	LAV	1472	0.10033861714154689
valid	LAV	1473	0.09941123044423701
valid	LAV	1474	0.09669746053393939
valid	LAV	1475	0.08160595571133729
valid	LAV	1476	0.09737144901442339
valid	LAV	1477	0.12466731546380432
valid	LAV	1478	0.11030750010921068
valid	LAV	1479	0.105925867766184
valid	LAV	1480	0.10200925907237743
valid	LAV	1481	0.11266005225251625
valid	LAV	1482	0.14201616132729478
valid	LAV	1483	0.12398429338237596
valid	LAV	1484	0.09738126314877882
valid	LAV	1485	0.12033777975825183
valid	LAV	1486	0.1336294368989682
valid	LAV	1487	0.10939484579467991
valid	LAV	1488	0.13377451000451943
valid	LAV	1489	0.08949357387749438
valid	LAV	1490	0.09789731271590259
valid	LAV	1491	0.1061843414077403
valid	LAV	1492	0.0831854061795374
valid	LAV	1493	0.11616706880455652
valid	LAV	1494	0.1339240053812302
valid	LAV	1495	0.10112371140338038
valid	LAV	1496	0.11960679464413293
valid	LAV	1497	0.11128299739410243
valid	LAV	1498	0.1564109567885665
valid	LAV	1499	0.14699936876333763
valid	LAV	1500	0.11319026820466847
valid	LAV	1501	0.12199749490531862
valid	LAV	1502	0.12116609035811389
valid	LAV	1503	0.15265323502613012
valid	LAV	1504	0.15843733348085018
valid	LAV	1505	0.09954320775769473
valid	LAV	1506	0.11894841720479893
valid	LAV	1507	0.13361194605290308
valid	LAV	1508	0.10575775326017393
valid	LAV	1509	0.10983247083075519
valid	LAV	1510	0.08279151099870347
valid	LAV	1511	0.09110222360955783
valid	LAV	1512	0.12168505120491475
valid	LAV	1513	0.10522251918445721
valid	LAV	1514	0.13216046290498967
valid	LAV	1515	0.09860390458471036
valid	LAV	1516	0.14594393357784732
valid	LAV	1517	0.13403181502273598
valid	LAV	1518	0.1180742129182903
valid	LAV	1519	0.1428201170107834
valid	LAV	1520	0.12634045181127163
valid	LAV	1521	0.12686305450197563
valid	LAV	1522	0.10515347686990413
valid	LAV	1523	0.10151104990199379
valid	LAV	1524	0.1017214778758713
valid	LAV	1525	0.06367203139798024
valid	LAV	1526	0.1353017750038955
valid	LAV	1527	0.127767827330698
valid	LAV	1528	0.09815973156262636
valid	LAV	1529	0.11166566048650338
valid	LAV	1530	0.09570446085263845
valid	LAV	1531	0.10247474458179422
valid	LAV	1532	0.1422948259326612
valid	LAV	1533	0.11795803293112543
valid	LAV	1534	0.12954368393071428
valid	LAV	1535	0.15864326404525705
valid	LAV	1536	0.12631654375753937
valid	LAV	1537	0.14755802865236406
valid	LAV	1538	0.1288034081849021
valid	LAV	1539	0.118393516105132
valid	LAV	1540	0.11678568202511486
valid	LAV	1541	0.11380361312402285
valid	LAV	1542	0.15468244588436728
valid	LAV	1543	0.10657525228682825
valid	LAV	1544	0.10011906182933826
valid	LAV	1545	0.10345099740506297
valid	LAV	1546	0.10698045079880278
valid	LAV	1547	0.10875780012162226
valid	LAV	1548	0.09627165934304405
valid	LAV	1549	0.10742380724457926
valid	LAV	1550	0.08670130754059835
valid	LAV	1551	0.09258718617130589
valid	LAV	1552	0.1308930390965812
valid	LAV	1553	0.10181414247469563
valid	LAV	1554	0.1118956199860687
valid	LAV	1555	0.13957300928749142
valid	LAV	1556	0.11728473843927387
valid	LAV	1557	0.15652365834367676
valid	LAV	1558	0.16297457211686314
valid	LAV	1559	0.10979660483023235
valid	LAV	1560	0.12111153368721123
valid	LAV	1561	0.13460952849483565
valid	LAV	1562	0.12018235372288591
valid	LAV	1563	0.06641315111252523
valid	LAV	1564	0.13558473057554846
valid	LAV	1565	0.1203156178884441
valid	LAV	1566	0.10966863573587006
valid	LAV	1567	0.13702626533520756
valid	LAV	1568	0.13743736314365465
valid	LAV	1569	0.11908725082867601
valid	LAV	1570	0.07238549981248434
valid	LAV	1571	0.10071608125863855
valid	LAV	1572	0.13394740385994383
valid	LAV	1573	0.0972217198993099
valid	LAV	1574	0.1208182886296416
valid	LAV	1575	0.1568328147925998
valid	LAV	1576	0.12575744349283335
valid	LAV	1577	0.14827025722054352
valid	LAV	1578	0.10328849617254526
valid	LAV	1579	0.10480408415325412
valid	LAV	1580	0.12089447388830656
valid	LAV	1581	0.10142982805259068
valid	LAV	1582	0.09873332417492889
valid	LAV	1583	0.09022030507537857
valid	LAV	1584	0.0694434513389653
valid	LAV	1585	0.1292721376213144
valid	LAV	1586	0.12134460881720714
valid	LAV	1587	0.08235819794070227
valid	LAV	1588	0.15886862539098584
valid	LAV	1589	0.0947016923633602
valid	LAV	1590	0.11934594318939339
valid	LAV	1591	0.11852802832609399
valid	LAV	1592	0.10037238920307177
valid	LAV	1593	0.11313259215506058
valid	LAV	1594	0.1319954266215097
valid	LAV	1595	0.09350698952008366
valid	LAV	1596	0.13890356273071902
valid	LAV	1597	0.13567310359593956
valid	LAV	1598	0.12414330461188236
valid	LAV	1599	0.0963865442111454
valid	LAV	1600	0.1304489367140967
valid	LAV	1601	0.07878369151404764
valid	LAV	1602	0.09107217182778324
valid	LAV	1603	0.1494989321533867
valid	LAV	1604	0.11469008505307472
valid	LAV	1605	0.11615762436433888
valid	LAV	1606	0.12520459752832616
valid	LAV	1607	0.11834733990448712
valid	LAV	1608	0.11475485579383363
valid	LAV	1609	0.13127145262855858
valid	LAV	1610	0.1266227116665843
valid	LAV	1611	0.1303240985745894
valid	LAV	1612	0.1123502040154573
valid	LAV	1613	0.12707438967655205
valid	LAV	1614	0.08538987063601693
valid	LAV	1615	0.1450392445149686
valid	LAV	1616	0.12818533496627035
valid	LAV	1617	0.10413700209351517
valid	LAV	1618	0.204377865844659
valid	LAV	1619	0.11381196712803111
valid	LAV	1620	0.12410235274274682
valid	LAV	1621	0.10974787451476592
valid	LAV	1622	0.1382521566501647
valid	LAV	1623	0.12177718665855532
valid	LAV	1624	0.08191371599398267
valid	LAV	1625	0.08607356382204853
valid	LAV	1626	0.1323009837792572
valid	LAV	1627	0.15349745440634122
valid	LAV	1628	0.08440063695724224
valid	LAV	1629	0.10992783318839357
valid	LAV	1630	0.15558963824007385
valid	LAV	1631	0.09480368913351306
valid	LAV	1632	0.11254055429272597
valid	LAV	1633	0.12630788069388812
valid	LAV	1634	0.12692758420323086
valid	LAV	1635	0.10576402735101766
valid	LAV	1636	0.10315598623515367
valid	LAV	1637	0.08503227068352341
valid	LAV	1638	0.11764704922117054
valid	LAV	1639	0.13752979794737427
valid	LAV	1640	0.1486001503788307
valid	LAV	1641	0.10296465894273182
valid	LAV	1642	0.11181459293233757
valid	LAV	1643	0.08446861707369568
valid	LAV	1644	0.1575225812521849
valid	LAV	1645	0.1439503007832034
valid	LAV	1646	0.11624450435610725
valid	LAV	1647	0.09503205674532125
valid	LAV	1648	0.10449337677436363
valid	LAV	1649	0.12667814469161576
valid	LAV	1650	0.07146995706569333
valid	LAV	1651	0.12733649132650282
valid	LAV	1652	0.09363208398658526
valid	LAV	1653	0.12555681994368187
valid	LAV	1654	0.13636350210364895
valid	LAV	1655	0.10913345185684419
valid	LAV	1656	0.0794373821460538
valid	LAV	1657	0.10105059694248751
valid	LAV	1658	0.15712294386218778
valid	LAV	1659	0.14435962672366684
valid	LAV	1660	0.14233361184636523
valid	LAV	1661	0.09259445541584971
valid	LAV	1662	0.10493017411421654
valid	LAV	1663	0.10395960609723462
valid	LAV	1664	0.10246285675178177
valid	LAV	1665	0.11069153270527084
valid	LAV	1666	0.11007741574551393
valid	LAV	1667	0.1275603155516031
valid	LAV	1668	0.08878339636741267
valid	LAV	1669	0.12616425426515024
valid	LAV	1670	0.12564207949777717
valid	LAV	1671	0.1402283581914044
valid	LAV	1672	0.07636347567027843
valid	LAV	1673	0.11626350246317094
valid	LAV	1674	0.15059114838224621
valid	LAV	1675	0.11660703262075425
valid	LAV	1676	0.1296058438294401
valid	LAV	1677	0.14595013550988495
valid	LAV	1678	0.13598325859727659
valid	LAV	1679	0.13107935574801693
valid	LAV	1680	0.11547208548749084
valid	LAV	1681	0.1409940477180178
valid	LAV	1682	0.10147923641348688
valid	LAV	1683	0.10966369820208906
valid	LAV	1684	0.12642630353491058
valid	LAV	1685	0.15206239753472145
valid	LAV	1686	0.1138392171436558
valid	LAV	1687	0.118996042513752
valid	LAV	1688	0.11611013058500592
valid	LAV	1689	0.12906113585848303
valid	LAV	1690	0.09897670795127056
valid	LAV	1691	0.1097745026022391
valid	LAV	1692	0.12144138674986155
valid	LAV	1693	0.0881296452070067
valid	LAV	1694	0.16579462842636875
valid	LAV	1695	0.10006088075410559
valid	LAV	1696	0.10364489658175573
valid	LAV	1697	0.13494546418139675
valid	LAV	1698	0.09694888333895643
valid	LAV	1699	0.10879906739304365
valid	LAV	1700	0.09297840106452485
valid	LAV	1701	0.1280817039162554
valid	LAV	1702	0.1125809533016249
valid	LAV	1703	0.12338394701618896
valid	LAV	1704	0.07766454007925984
valid	LAV	1705	0.11076149479109268
valid	LAV	1706	0.12917780614594032
valid	LAV	1707	0.12715072650449746
valid	LAV	1708	0.09516709361693884
valid	LAV	1709	0.14259053153006135
valid	LAV	1710	0.09693876757255329
valid	LAV	1711	0.12089652756769166
valid	LAV	1712	0.0931802444444642
valid	LAV	1713	0.16149408866194156
valid	LAV	1714	0.12309066754248585
valid	LAV	1715	0.10290997285828864
valid	LAV	1716	0.14643996279804877
valid	LAV	1717	0.12109024805657159
valid	LAV	1718	0.11695886632136313
valid	LAV	1719	0.0956664233275256
valid	LAV	1720	0.12155783403600137
valid	LAV	1721	0.10546741207358264
valid	LAV	1722	0.12523855778099463
valid	LAV	1723	0.10409775788374925
valid	LAV	1724	0.10474688435162693
valid	LAV	1725	0.13159068819526096
valid	LAV	1726	0.1168461779145691
valid	LAV	1727	0.14978178007551365
valid	LAV	1728	0.13437942013427673
valid	LAV	1729	0.10576357425152148
valid	LAV	1730	0.14056168609955227
valid	LAV	1731	0.1395861522534839
valid	LAV	1732	0.10021986438995584
valid	LAV	1733	0.08327520188084499
valid	LAV	1734	0.1549414645662135
valid	LAV	1735	0.09060214108686335
valid	LAV	1736	0.14503610426674357
valid	LAV	1737	0.0752612331114535
valid	LAV	1738	0.13295906371630764
valid	LAV	1739	0.09515647086988302
valid	LAV	1740	0.14892576032943633
valid	LAV	1741	0.14934944912972345
valid	LAV	1742	0.17392996613849623
valid	LAV	1743	0.13042029494430393
valid	LAV	1744	0.13322822333469686
valid	LAV	1745	0.07794959260651542
valid	LAV	1746	0.07874483257186496
valid	LAV	1747	0.10054358737987698
valid	LAV	1748	0.10529041742750322
valid	LAV	1749	0.1328314974801586
valid	LAV	1750	0.10050058313880254
valid	LAV	1751	0.10318382266286565
valid	LAV	1752	0.10057964565613275
valid	LAV	1753	0.1382847932561386
valid	LAV	1754	0.15162253737523707
valid	LAV	1755	0.085791826691982
valid	LAV	1756	0.15216816429211077
valid	LAV	1757	0.1388610402358665
valid	LAV	1758	0.1385036116941784
valid	LAV	1759	0.1095787549205152
valid	LAV	1760	0.15304383054779763
valid	LAV	1761	0.14178131950005543
valid	LAV	1762	0.15752706489214358
valid	LAV	1763	0.0918933885918961
valid	LAV	1764	0.08144747219108721
valid	LAV	1765	0.11214586001743478
valid	LAV	1766	0.13542108504006184
valid	LAV	1767	0.11607686466288616
valid	LAV	1768	0.1182998694658599
valid	LAV	1769	0.0912831179887521
valid	LAV	1770	0.16095325456953238
valid	LAV	1771	0.1536830569498768
valid	LAV	1772	0.0920320910900663
valid	LAV	1773	0.1547115261610703
valid	LAV	1774	0.15949616614433637
valid	LAV	1775	0.1109593657865065
valid	LAV	1776	0.1030244986319383
valid	LAV	1777	0.1095770695468695
valid	LAV	1778	0.11326049066588341
valid	LAV	1779	0.0964218422582842
valid	LAV	1780	0.1439435824611046
valid	LAV	1781	0.08467137211194554
valid	LAV	1782	0.08460192069687675
valid	LAV	1783	0.13254419718993635
valid	LAV	1784	0.07795096945720667
valid	LAV	1785	0.09782267128163163
valid	LAV	1786	0.12898115086996786
valid	LAV	1787	0.11602424245373782
valid	LAV	1788	0.11161934754768467
valid	LAV	1789	0.14962745055792237
valid	LAV	1790	0.09686596235807778
valid	LAV	1791	0.10988510986612654
valid	LAV	1792	0.1140506342544421
valid	LAV	1793	0.14012209391163807
valid	LAV	1794	0.10800883082597562
valid	LAV	1795	0.13405523547022294
valid	LAV	1796	0.14063935588451565
valid	LAV	1797	0.12546413765138237
valid	LAV	1798	0.12387251347994037
valid	LAV	1799	0.13164904755159743
valid	LAV	1800	0.1393834274892007
valid	LAV	1801	0.11078616487104348
valid	LAV	1802	0.10690030811514167
valid	LAV	1803	0.1013320014747597
valid	LAV	1804	0.11111599918370174
valid	LAV	1805	0.1436674182594214
valid	LAV	1806	0.11913654188202284
valid	LAV	1807	0.17618261948572297
valid	LAV	1808	0.08763335552313006
valid	LAV	1809	0.13811972199873077
valid	LAV	1810	0.11347345262301162
valid	LAV	1811	0.1167687939391049
valid	LAV	1812	0.09508167764637657
valid	LAV	1813	0.12667662571168387
valid	LAV	1814	0.13183262439058666
valid	LAV	1815	0.07942124617933402
valid	LAV	1816	0.10464386257694686
valid	LAV	1817	0.12397395414285778
valid	LAV	1818	0.07217704195421046
valid	LAV	1819	0.1054155058996651
valid	LAV	1820	0.1231281253566732
valid	LAV	1821	0.13672938163754136
valid	LAV	1822	0.10520610883282576
valid	LAV	1823	0.09906553985520605
valid	LAV	1824	0.10704470701556468
valid	LAV	1825	0.1129189900823868
valid	LAV	1826	0.11110373129460163
valid	LAV	1827	0.15760579783256498
valid	LAV	1828	0.1183417447672789
valid	LAV	1829	0.1510571162859213
valid	LAV	1830	0.09087821043052652
valid	LAV	1831	0.14785054638254236
valid	LAV	1832	0.09210129670238172
valid	LAV	1833	0.10813274694387533
valid	LAV	1834	0.10077330361344396
valid	LAV	1835	0.1260529707585552
valid	LAV	1836	0.11028485503659383
valid	LAV	1837	0.13471797237498737
valid	LAV	1838	0.11404429503456655
valid	LAV	1839	0.11590487138566533
valid	LAV	1840	0.1054446377119591
valid	LAV	1841	0.10000462245770576
valid	LAV	1842	0.12162051221174938
valid	LAV	1843	0.10395456996024888
valid	LAV	1844	0.12891537137489456
valid	LAV	1845	0.09628870378167748
valid	LAV	1846	0.08691866668650287
valid	LAV	1847	0.16458557407204769
valid	LAV	1848	0.13282323361375475
valid	LAV	1849	0.07183769587505512
valid	LAV	1850	0.10099632549300441
valid	LAV	1851	0.16650284349469988
valid	LAV	1852	0.12167370687813604
valid	LAV	1853	0.07727132692327421
valid	LAV	1854	0.12475042682264975
valid	LAV	1855	0.13090447800436136
valid	LAV	1856	0.08496797158408506
valid	LAV	1857	0.15590407037878518
valid	LAV	1858	0.13418964644526216
valid	LAV	1859	0.10147661531712537
valid	LAV	1860	0.1332766376420476
valid	LAV	1861	0.09156167182246745
valid	LAV	1862	0.12561563004675388
valid	LAV	1863	0.07044883487833396
valid	LAV	1864	0.13138182935350526
valid	LAV	1865	0.13392584852836598
valid	LAV	1866	0.1603799929014545
valid	LAV	1867	0.0631704139885803
valid	LAV	1868	0.11130453511221082
valid	LAV	1869	0.15282616586323955
valid	LAV	1870	0.140188886431116
valid	LAV	1871	0.1077342862973578
valid	LAV	1872	0.12484557917356214
valid	LAV	1873	0.13872723654363878
valid	LAV	1874	0.08473768723282384
valid	LAV	1875	0.13870221753978013
valid	LAV	1876	0.12515387705388656
valid	LAV	1877	0.084518799322324
valid	LAV	1878	0.11064468957346128
valid	LAV	1879	0.09463921401531575
valid	LAV	1880	0.1398108066376815
valid	LAV	1881	0.10163269316343118
valid	LAV	1882	0.1141168743407187
valid	LAV	1883	0.15758886937825384
valid	LAV	1884	0.1438305381461869
valid	LAV	1885	0.1265564149827979
valid	LAV	1886	0.1609118695323333
valid	LAV	1887	0.09556971937555517
valid	LAV	1888	0.127525760114168
valid	LAV	1889	0.10372099184473518
valid	LAV	1890	0.1438000119334316
valid	LAV	1891	0.11245738449924038
valid	LAV	1892	0.13366915760021095
valid	LAV	1893	0.1139362478399278
valid	LAV	1894	0.08006537962918209
valid	LAV	1895	0.1997139401240262
valid	LAV	1896	0.07053798885451554
valid	LAV	1897	0.16594617561095693
valid	LAV	1898	0.1185455144290395
valid	LAV	1899	0.14735009395253107
valid	LAV	1900	0.13562116849628825
valid	LAV	1901	0.07293209780101763
valid	LAV	1902	0.17559273082864466
valid	LAV	1903	0.12468070069358758
valid	LAV	1904	0.09770529729040356
valid	LAV	1905	0.1076128150203084
valid	LAV	1906	0.11495814872357209
valid	LAV	1907	0.10928988678504169
valid	LAV	1908	0.14121814585258333
valid	LAV	1909	0.13750551591748744
valid	LAV	1910	0.17303245902482567
valid	LAV	1911	0.11451583511902699
valid	LAV	1912	0.13155330642631238
valid	LAV	1913	0.09376300746573024
valid	LAV	1914	0.11286971187892043
valid	LAV	1915	0.10660998016222228
valid	LAV	1916	0.12783962361565138
valid	LAV	1917	0.09456799347014647
valid	LAV	1918	0.14675821424494548
valid	LAV	1919	0.10111662344875168
valid	LAV	1920	0.13241031350304902
valid	LAV	1921	0.11156227415569407
valid	LAV	1922	0.0978682740221177
valid	LAV	1923	0.09103531455480085
valid	LAV	1924	0.11652071530399176
valid	LAV	1925	0.10584758445346205
valid	LAV	1926	0.13123160202431405
valid	LAV	1927	0.0994901326261565
valid	LAV	1928	0.11334903967741267
valid	LAV	1929	0.11667807043599304
valid	LAV	1930	0.12950086861628965
valid	LAV	1931	0.09071538098633651
valid	LAV	1932	0.1355042630416396
valid	LAV	1933	0.12183045190148437
valid	LAV	1934	0.13165986948450775
valid	LAV	1935	0.13491722167291922
valid	LAV	1936	0.11963312631731608
valid	LAV	1937	0.11521167846192915
valid	LAV	1938	0.10387428676143631
valid	LAV	1939	0.13807332155616292
valid	LAV	1940	0.11570649223818653
valid	LAV	1941	0.07740177094869856
valid	LAV	1942	0.11553738596934113
valid	LAV	1943	0.15419376209179791
valid	LAV	1944	0.08554366708319285
valid	LAV	1945	0.12105220135578677
valid	LAV	1946	0.1324797477512136
valid	LAV	1947	0.1465132143402118
valid	LAV	1948	0.13206147353774766
valid	LAV	1949	0.15883862359409265
valid	LAV	1950	0.10378104352168743
valid	LAV	1951	0.09672179309174378
valid	LAV	1952	0.1316704099338104
valid	LAV	1953	0.09635198853536571
valid	LAV	1954	0.11713786276261663
valid	LAV	1955	0.14085649511685513
valid	LAV	1956	0.1586121215184988
valid	LAV	1957	0.0652256829534435
valid	LAV	1958	0.1592577668000311
valid	LAV	1959	0.16053774557382242
valid	LAV	1960	0.14694105100432356
valid	LAV	1961	0.1137725967746811
valid	LAV	1962	0.13069586114021214
valid	LAV	1963	0.13622716801610907
valid	LAV	1964	0.08743958712306113
valid	LAV	1965	0.08224521136203815
valid	LAV	1966	0.09867475030876509
valid	LAV	1967	0.13750091591391614
valid	LAV	1968	0.1356629344549439
valid	LAV	1969	0.14112592544928687
valid	LAV	1970	0.12080048374472938
valid	LAV	1971	0.11862107968115523
valid	LAV	1972	0.12990384013726405
valid	LAV	1973	0.10807036655202176
valid	LAV	1974	0.10154092130198854
valid	LAV	1975	0.10070031698748591
valid	LAV	1976	0.0939732298162546
valid	LAV	1977	0.11736384682277716
valid	LAV	1978	0.13418245909673313
valid	LAV	1979	0.1442781566507142
valid	LAV	1980	0.10501071004121709
valid	LAV	1981	0.11634742833838335
valid	LAV	1982	0.14752911009158146
valid	LAV	1983	0.06343607905461827
valid	LAV	1984	0.1303922653260785
valid	LAV	1985	0.0910602362081837
valid	LAV	1986	0.09906910776341167
valid	LAV	1987	0.08165768281506533
valid	LAV	1988	0.08571019822564838
valid	LAV	1989	0.11184309841337686
valid	LAV	1990	0.10991808178297208
valid	LAV	1991	0.1187233350490545
valid	LAV	1992	0.1129354254558624
valid	LAV	1993	0.09005063386364696
valid	LAV	1994	0.10585935699893624
valid	LAV	1995	0.09030420767960873
valid	LAV	1996	0.13689851880243242
valid	LAV	1997	0.10969899894865319
valid	LAV	1998	0.11875939704276717
valid	LAV	1999	0.10734799006458792
valid	LA	0	0.12021973031338104
valid	LA	1	0.13945267079258347
valid	LA	2	0.13708989881226416
valid	LA	3	0.1405177030012723
valid	LA	4	0.150812978385262
valid	LA	5	0.12082270430171634
valid	LA	6	0.14855420124738883
valid	LA	7	0.15349445361664607
valid	LA	8	0.14065153063548883
valid	LA	9	0.1535917504348012
valid	LA	10	0.10882371196929672
valid	LA	11	0.13923942674377607
valid	LA	12	0.13526714180079707
valid	LA	13	0.17257743215320429
valid	LA	14	0.11848976566427766
valid	LA	15	0.1690360556644526
valid	LA	16	0.1416052177950619
valid	LA	17	0.15101414690015338
valid	LA	18	0.17830275705996407
valid	LA	19	0.07970825992039977
valid	LA	20	0.13174640959346726
valid	LA	21	0.14951200422571817
valid	LA	22	0.13595416783335326
valid	LA	23	0.11198158575669197
valid	LA	24	0.1397055093861467
valid	LA	25	0.11274254714179355
valid	LA	26	0.11540168398173792
valid	LA	27	0.0966648840170449
valid	LA	28	0.13075937020651207
valid	LA	29	0.13730907734119494
valid	LA	30	0.1198599598540219
valid	LA	31	0.1407207008771553
valid	LA	32	0.10845893770943578
valid	LA	33	0.08228584856885438
valid	LA	34	0.15304436027595353
valid	LA	35	0.15088568343199824
valid	LA	36	0.11591930528684474
valid	LA	37	0.11767183842773293
valid	LA	38	0.12811259966459518
valid	LA	39	0.11464786344787321
valid	LA	40	0.14181222937013543
valid	LA	41	0.13696533048022486
valid	LA	42	0.11681334426565246
valid	LA	43	0.1148375718218914
valid	LA	44	0.15264765295271376
valid	LA	45	0.13187260253784325
valid	LA	46	0.062465594022915544
valid	LA	47	0.15772351529530754
valid	LA	48	0.12723975132771626
valid	LA	49	0.15803034314653322
valid	LA	50	0.12711896543210943
valid	LA	51	0.10451928915025241
valid	LA	52	0.1382449152133894
valid	LA	53	0.13856625800693836
valid	LA	54	0.1378266187085726
valid	LA	55	0.131397621645711
valid	LA	56	0.1203977632007013
valid	LA	57	0.1274590620055656
valid	LA	58	0.17294088157664383
valid	LA	59	0.17127800867282425
valid	LA	60	0.1078747353214457
valid	LA	61	0.10928015430946701
valid	LA	62	0.14704285487320515
valid	LA	63	0.10513449453403954
valid	LA	64	0.09110249643580409
valid	LA	65	0.12604003392779797
valid	LA	66	0.10625135228978921
valid	LA	67	0.12810510497123148
valid	LA	68	0.13644296846942552
valid	LA	69	0.08112551637047129
valid	LA	70	0.0932018932381639
valid	LA	71	0.15310885447566772
valid	LA	72	0.11820977113198501
valid	LA	73	0.11419238926263406
valid	LA	74	0.12156505494679311
valid	LA	75	0.09648108661228214
valid	LA	76	0.12385740500696574
valid	LA	77	0.1285948942617874
valid	LA	78	0.11833453077054411
valid	LA	79	0.12745936478864783
valid	LA	80	0.13196636502182998
valid	LA	81	0.11659120811180577
valid	LA	82	0.08611459725130322
valid	LA	83	0.09673179834857445
valid	LA	84	0.11816754837113252
valid	LA	85	0.12514034797711993
valid	LA	86	0.13576125372010742
valid	LA	87	0.13446922317796828
valid	LA	88	0.15486333010552847
valid	LA	89	0.10270473973611631
valid	LA	90	0.10683654207166271
valid	LA	91	0.14703789514126217
valid	LA	92	0.11356209046767936
valid	LA	93	0.13494988467378713
valid	LA	94	0.14456741339296797
valid	LA	95	0.11231979149671154
valid	LA	96	0.1070526924940908
valid	LA	97	0.09550019554259709
valid	LA	98	0.15008811407000622
valid	LA	99	0.16535317820468268
valid	LA	100	0.11086029793692219
valid	LA	101	0.16387767316517501
valid	LA	102	0.13143071134527634
valid	LA	103	0.13763918025656605
valid	LA	104	0.1181555942684063
valid	LA	105	0.07433029644168267
valid	LA	106	0.14657759018873118
valid	LA	107	0.14386717526536974
valid	LA	108	0.10535303361034674
valid	LA	109	0.15075588139358043
valid	LA	110	0.13024195802822114
valid	LA	111	0.16330281659149976
valid	LA	112	0.13270955593672334
valid	LA	113	0.1212755620866572
valid	LA	114	0.1320264939402757
valid	LA	115	0.14316048434790268
valid	LA	116	0.13351174613237002
valid	LA	117	0.10027353443991587
valid	LA	118	0.12107473341297026
valid	LA	119	0.10742016010325016
valid	LA	120	0.14274256492498175
valid	LA	121	0.14843226354826106
valid	LA	122	0.11967104888947652
valid	LA	123	0.14863946457726895
valid	LA	124	0.18580459962663667
valid	LA	125	0.11498067998059952
valid	LA	126	0.12457778294621352
valid	LA	127	0.15028360879562735
valid	LA	128	0.12760387204245574
valid	LA	129	0.14312453716470075
valid	LA	130	0.13565742090515967
valid	LA	131	0.1448074005724016
valid	LA	132	0.14670148633925156
valid	LA	133	0.12154677813023734
valid	LA	134	0.14903450518147734
valid	LA	135	0.1304996624999686
valid	LA	136	0.11293823593479459
valid	LA	137	0.11668244298663079
valid	LA	138	0.10696318418625173
valid	LA	139	0.15165786253792923
valid	LA	140	0.1462128715451092
valid	LA	141	0.11805142039182187
valid	LA	142	0.11687447301638952
valid	LA	143	0.12680646516330085
valid	LA	144	0.16309484636667257
valid	LA	145	0.12284999800237931
valid	LA	146	0.12342367164792432
valid	LA	147	0.12129134433463225
valid	LA	148	0.15147631833160743
valid	LA	149	0.10283258240368731
valid	LA	150	0.1609406223250623
valid	LA	151	0.12870817282298616
valid	LA	152	0.11270951781106334
valid	LA	153	0.11904194505166357
valid	LA	154	0.13066020413107493
valid	LA	155	0.14140292366831056
valid	LA	156	0.10778258938453444
valid	LA	157	0.1594251540845024
valid	LA	158	0.11303170883929982
valid	LA	159	0.11933572029129752
valid	LA	160	0.11233476455679448
valid	LA	161	0.11151633161499296
valid	LA	162	0.15294356434734285
valid	LA	163	0.10806540440283607
valid	LA	164	0.08119572742497536
valid	LA	165	0.09668462179439054
valid	LA	166	0.11547992041026518
valid	LA	167	0.12863898211558739
valid	LA	168	0.1447570405433811
valid	LA	169	0.11034486990901025
valid	LA	170	0.11493081967881921
valid	LA	171	0.1367558482720124
valid	LA	172	0.07964424563653971
valid	LA	173	0.08419212549962872
valid	LA	174	0.17704160063980195
valid	LA	175	0.15840134125306046
valid	LA	176	0.12273068725113867
valid	LA	177	0.14437655331358826
valid	LA	178	0.10733577033129021
valid	LA	179	0.13768180326952195
valid	LA	180	0.1303153246290873
valid	LA	181	0.08735977420983312
valid	LA	182	0.08346153748069164
valid	LA	183	0.11200159422169517
valid	LA	184	0.11644299052626138
valid	LA	185	0.1622596741317093
valid	LA	186	0.13760243196345062
valid	LA	187	0.13164412814084966
valid	LA	188	0.17558830834389855
valid	LA	189	0.11949988341207313
valid	LA	190	0.10043089877118482
valid	LA	191	0.12391074815520595
valid	LA	192	0.14140015663757882
valid	LA	193	0.16788326712837556
valid	LA	194	0.13718414862161277
valid	LA	195	0.12450790780103288
valid	LA	196	0.12582851984076968
valid	LA	197	0.1712890416303628
valid	LA	198	0.14588308937406338
valid	LA	199	0.10996816901990537
valid	LA	200	0.12560725265095693
valid	LA	201	0.0867995896660642
valid	LA	202	0.08687783885874732
valid	LA	203	0.1416751831491678
valid	LA	204	0.1349728691936593
valid	LA	205	0.13595064785673627
valid	LA	206	0.09541615271247283
valid	LA	207	0.1255957853822935
valid	LA	208	0.1323960302307815
valid	LA	209	0.14142694426942293
valid	LA	210	0.14926949703407075
valid	LA	211	0.1343973658068582
valid	LA	212	0.13148407995075076
valid	LA	213	0.15878045990862324
valid	LA	214	0.12649811275834058
valid	LA	215	0.13815973016511437
valid	LA	216	0.12516578849449145
valid	LA	217	0.12354624422595438
valid	LA	218	0.11486318848799172
valid	LA	219	0.13618302285958134
valid	LA	220	0.11057358458857466
valid	LA	221	0.13050247497233916
valid	LA	222	0.10490249523849939
valid	LA	223	0.11728123104567584
valid	LA	224	0.16464768346169398
valid	LA	225	0.12064149303556196
valid	LA	226	0.1566055756963966
valid	LA	227	0.17102567335946867
valid	LA	228	0.12557090924339168
valid	LA	229	0.12502930061168002
valid	LA	230	0.15344106603599802
valid	LA	231	0.12277339083661357
valid	LA	232	0.13196614633600812
valid	LA	233	0.15598538351669153
valid	LA	234	0.13180129954186012
valid	LA	235	0.1194416730911908
valid	LA	236	0.149850326404663
valid	LA	237	0.1393824443376559
valid	LA	238	0.1242504350232038
valid	LA	239	0.14991623912239344
valid	LA	240	0.13950678211276324
valid	LA	241	0.15513256115829896
valid	LA	242	0.12021464837527032
valid	LA	243	0.11246629034157696
valid	LA	244	0.0945805431720842
valid	LA	245	0.11254916091435772
valid	LA	246	0.16169672572167876
valid	LA	247	0.12433153365518969
valid	LA	248	0.16221792120737236
valid	LA	249	0.13919040056668555
valid	LA	250	0.18640348037325138
valid	LA	251	0.15604399098024238
valid	LA	252	0.1610511347121731
valid	LA	253	0.1566315190071494
valid	LA	254	0.11348515761381037
valid	LA	255	0.18991246729861444
valid	LA	256	0.17190967126467468
valid	LA	257	0.11086405453728204
valid	LA	258	0.1150483713236234
valid	LA	259	0.11742263285848532
valid	LA	260	0.15140333830755226
valid	LA	261	0.1735732206839878
valid	LA	262	0.13859934216645334
valid	LA	263	0.07719963689891786
valid	LA	264	0.13056842236716673
valid	LA	265	0.12121553706451145
valid	LA	266	0.11354640646243908
valid	LA	267	0.10786816231928627
valid	LA	268	0.1357775813957367
valid	LA	269	0.11053600114650716
valid	LA	270	0.08117817485376823
valid	LA	271	0.15531120052178607
valid	LA	272	0.12932218053665986
valid	LA	273	0.16730939058369818
valid	LA	274	0.09192421222442033
valid	LA	275	0.1112083489022615
valid	LA	276	0.1332867751841516
valid	LA	277	0.12690558150857842
valid	LA	278	0.1470355253485156
valid	LA	279	0.10745822279318563
valid	LA	280	0.135155371688066
valid	LA	281	0.11955681318992387
valid	LA	282	0.12638584367068703
valid	LA	283	0.12426621593821348
valid	LA	284	0.11361722571179314
valid	LA	285	0.14511475022500914
valid	LA	286	0.1383439316437332
valid	LA	287	0.1283529225840095
valid	LA	288	0.08777953506306287
valid	LA	289	0.10907571166535757
valid	LA	290	0.1381369049064891
valid	LA	291	0.15624698298232875
valid	LA	292	0.1555541594501437
valid	LA	293	0.13850929652032737
valid	LA	294	0.13656846948428072
valid	LA	295	0.13377970164512995
valid	LA	296	0.1254988334170637
valid	LA	297	0.14349289333598228
valid	LA	298	0.1314314865026217
valid	LA	299	0.11503808391456327
valid	LA	300	0.1471687411696656
valid	LA	301	0.09345325959576053
valid	LA	302	0.11328917096041972
valid	LA	303	0.17044612350767221
valid	LA	304	0.13523997651365618
valid	LA	305	0.14187820102996695
valid	LA	306	0.13872115776200408
valid	LA	307	0.12091315318157175
valid	LA	308	0.15719043724867354
valid	LA	309	0.16938334767608276
valid	LA	310	0.15621760101476265
valid	LA	311	0.12137337681961455
valid	LA	312	0.10010862668864377
valid	LA	313	0.11116299669174731
valid	LA	314	0.13675370733041237
valid	LA	315	0.14959363438231818
valid	LA	316	0.1273522335031227
valid	LA	317	0.16076306486659245
valid	LA	318	0.13568446268996348
valid	LA	319	0.10660546729523306
valid	LA	320	0.11695821489281741
valid	LA	321	0.12496094674892083
valid	LA	322	0.13798187999624664
valid	LA	323	0.13217333118969482
valid	LA	324	0.12877023604538151
valid	LA	325	0.10107690792504445
valid	LA	326	0.12292674385872036
valid	LA	327	0.1792956926400479
valid	LA	328	0.11476705626603484
valid	LA	329	0.1480071045393292
valid	LA	330	0.15724285364651203
valid	LA	331	0.11217802791217003
valid	LA	332	0.134182615424808
valid	LA	333	0.16276988210395013
valid	LA	334	0.15888133176172603
valid	LA	335	0.17378346372166026
valid	LA	336	0.12479594333663101
valid	LA	337	0.09049675763788173
valid	LA	338	0.12248323415864625
valid	LA	339	0.13961940820224747
valid	LA	340	0.09998248454369778
valid	LA	341	0.1253694796033813
valid	LA	342	0.13908697162839484
valid	LA	343	0.12057763671048599
valid	LA	344	0.10203203061120213
valid	LA	345	0.12702817941327954
valid	LA	346	0.10665236312944054
valid	LA	347	0.13192753470770055
valid	LA	348	0.12615592153866576
valid	LA	349	0.14830149753972546
valid	LA	350	0.10565453932799719
valid	LA	351	0.11228446801610341
valid	LA	352	0.1514109357776229
valid	LA	353	0.09125179333837877
valid	LA	354	0.15139443790488583
valid	LA	355	0.13859818900538953
valid	LA	356	0.14829325904714652
valid	LA	357	0.12228490294923824
valid	LA	358	0.13159674090799864
valid	LA	359	0.13885840226164126
valid	LA	360	0.1542561212797867
valid	LA	361	0.15333442528594482
valid	LA	362	0.135412900035563
valid	LA	363	0.13159550382517526
valid	LA	364	0.12247352619205518
valid	LA	365	0.13299162577597654
valid	LA	366	0.1131710662147405
valid	LA	367	0.0894179423404685
valid	LA	368	0.07620563479621517
valid	LA	369	0.13962137408862382
valid	LA	370	0.12258914754455998
valid	LA	371	0.13826412024375553
valid	LA	372	0.11579618502941305
valid	LA	373	0.12036323771999446
valid	LA	374	0.16234234631777938
valid	LA	375	0.12253015237813829
valid	LA	376	0.15257948362355458
valid	LA	377	0.1614502637021761
valid	LA	378	0.12358896150928832
valid	LA	379	0.1446339270038096
valid	LA	380	0.15949222232704774
valid	LA	381	0.13726692608140662
valid	LA	382	0.09140048663922731
valid	LA	383	0.1455277761307414
valid	LA	384	0.17431597141494573
valid	LA	385	0.14530259168656523
valid	LA	386	0.10344895526053917
valid	LA	387	0.15238173508555544
valid	LA	388	0.15725612284764023
valid	LA	389	0.16661017498700517
valid	LA	390	0.14385894758164378
valid	LA	391	0.177185771674949
valid	LA	392	0.10430012288504854
valid	LA	393	0.10370445284040108
valid	LA	394	0.12263412883135165
valid	LA	395	0.11628322105985203
valid	LA	396	0.13444671195800234
valid	LA	397	0.10514114531754525
valid	LA	398	0.11584475022638986
valid	LA	399	0.15425659237678047
valid	LA	400	0.11999090973222919
valid	LA	401	0.13553631943955854
valid	LA	402	0.1569833173682497
valid	LA	403	0.14271049263138913
valid	LA	404	0.11641401575155952
valid	LA	405	0.14623158780112835
valid	LA	406	0.11715923350142224
valid	LA	407	0.1525297518913141
valid	LA	408	0.10480486420824182
valid	LA	409	0.08826885207292365
valid	LA	410	0.1479560983282359
valid	LA	411	0.16865847700760694
valid	LA	412	0.13989365610403998
valid	LA	413	0.1614349553012334
valid	LA	414	0.08554928342476012
valid	LA	415	0.14517142362361196
valid	LA	416	0.14784797576376812
valid	LA	417	0.11655034188142968
valid	LA	418	0.13999357979002178
valid	LA	419	0.09692605714990507
valid	LA	420	0.12230766274920853
valid	LA	421	0.1425226711105812
valid	LA	422	0.13901207924666975
valid	LA	423	0.13425824647597898
valid	LA	424	0.10796729192762045
valid	LA	425	0.11574718287458273
valid	LA	426	0.10249380014238643
valid	LA	427	0.12208342992199939
valid	LA	428	0.07526563366892007
valid	LA	429	0.10107597967394948
valid	LA	430	0.17178000979704447
valid	LA	431	0.11995190404411375
valid	LA	432	0.10987210063524551
valid	LA	433	0.10906408199892288
valid	LA	434	0.10677518116198025
valid	LA	435	0.08103775980517759
valid	LA	436	0.11846125057859182
valid	LA	437	0.1411018930562346
valid	LA	438	0.11009452742581508
valid	LA	439	0.14536256217110052
valid	LA	440	0.1318689032847072
valid	LA	441	0.0935642201633833
valid	LA	442	0.14822254357299317
valid	LA	443	0.12351714708671122
valid	LA	444	0.1189278294424948
valid	LA	445	0.15879771772193074
valid	LA	446	0.12793648021364526
valid	LA	447	0.0962518089202574
valid	LA	448	0.11932659710376593
valid	LA	449	0.14558837550061066
valid	LA	450	0.10528071275411069
valid	LA	451	0.13750130129447172
valid	LA	452	0.12378257175102422
valid	LA	453	0.12585803926877323
valid	LA	454	0.14836600597482796
valid	LA	455	0.1437675867066779
valid	LA	456	0.14165524821016326
valid	LA	457	0.10383738232157211
valid	LA	458	0.12613497579641184
valid	LA	459	0.12263602644025648
valid	LA	460	0.08590519451239897
valid	LA	461	0.15487531664077445
valid	LA	462	0.10672597740289505
valid	LA	463	0.12656968664820217
valid	LA	464	0.14254575496317892
valid	LA	465	0.1323513090103601
valid	LA	466	0.11329676116955442
valid	LA	467	0.12038225934128104
valid	LA	468	0.0895570802227367
valid	LA	469	0.15173397319555149
valid	LA	470	0.132310059574832
valid	LA	471	0.09002476155794167
valid	LA	472	0.11361678263247409
valid	LA	473	0.10354972329670764
valid	LA	474	0.06745005220868117
valid	LA	475	0.1512125406542209
valid	LA	476	0.12505778773537798
valid	LA	477	0.13624814679908476
valid	LA	478	0.09592577421669193
valid	LA	479	0.15528642840806117
valid	LA	480	0.11394918458441583
valid	LA	481	0.12042356737045361
valid	LA	482	0.13188969063893605
valid	LA	483	0.16193496213723046
valid	LA	484	0.11578416288950831
valid	LA	485	0.1349453507604377
valid	LA	486	0.11765480073296464
valid	LA	487	0.15152798229282896
valid	LA	488	0.13681980366082458
valid	LA	489	0.11417393773587152
valid	LA	490	0.10917490370710532
valid	LA	491	0.10090433818467755
valid	LA	492	0.12474851746494164
valid	LA	493	0.12028840420456514
valid	LA	494	0.10175091519624725
valid	LA	495	0.13349994036409518
valid	LA	496	0.1559405882729997
valid	LA	497	0.10644127811901175
valid	LA	498	0.12023819215280881
valid	LA	499	0.12249169976883903
valid	LA	500	0.16844001406953527
valid	LA	501	0.1452410752322127
valid	LA	502	0.13850565193799128
valid	LA	503	0.11499194734756042
valid	LA	504	0.13786049695602612
valid	LA	505	0.1316455305231683
valid	LA	506	0.1763552543201796
valid	LA	507	0.14532108741643393
valid	LA	508	0.13055150469287757
valid	LA	509	0.09431204681557649
valid	LA	510	0.07948167643283217
valid	LA	511	0.11335724518080319
valid	LA	512	0.13418718974735233
valid	LA	513	0.14279714570573504
valid	LA	514	0.105915217964999
valid	LA	515	0.1023061404188185
valid	LA	516	0.11144520520277332
valid	LA	517	0.11946903559582546
valid	LA	518	0.10840209329561461
valid	LA	519	0.12384981284174844
valid	LA	520	0.11691870755490019
valid	LA	521	0.12839983151893705
valid	LA	522	0.10807759624576953
valid	LA	523	0.12996082889140656
valid	LA	524	0.13752708535864316
valid	LA	525	0.171179907705885
valid	LA	526	0.1395518522499215
valid	LA	527	0.11902538614553827
valid	LA	528	0.14023567736106643
valid	LA	529	0.10567076286128389
valid	LA	530	0.1337258577600609
valid	LA	531	0.12386877786274061
valid	LA	532	0.16097662282370662
valid	LA	533	0.11401247978932316
valid	LA	534	0.12240694774397735
valid	LA	535	0.1831146435529097
valid	LA	536	0.18287737021504208
valid	LA	537	0.11714836017530032
valid	LA	538	0.1251424932125208
valid	LA	539	0.13692955541155533
valid	LA	540	0.13172298336085608
valid	LA	541	0.15399815211026563
valid	LA	542	0.08265417807324661
valid	LA	543	0.1621145638237387
valid	LA	544	0.12756963654899653
valid	LA	545	0.11488885454157931
valid	LA	546	0.152164336822947
valid	LA	547	0.13066781136363814
valid	LA	548	0.13200548904294968
valid	LA	549	0.14846563466586102
valid	LA	550	0.12446201604846842
valid	LA	551	0.11106809584732923
valid	LA	552	0.11756573238727232
valid	LA	553	0.1451618937230912
valid	LA	554	0.14918899053302082
valid	LA	555	0.10000233538817131
valid	LA	556	0.13268960225292314
valid	LA	557	0.11915613889242721
valid	LA	558	0.13354486457610334
valid	LA	559	0.0990092200053104
valid	LA	560	0.13503763897272325
valid	LA	561	0.07404897090988101
valid	LA	562	0.1319092531617969
valid	LA	563	0.1288875739759779
valid	LA	564	0.14756963796430184
valid	LA	565	0.18988801342200592
valid	LA	566	0.12251643179885137
valid	LA	567	0.11781908075121653
valid	LA	568	0.122954164815728
valid	LA	569	0.09857530355372697
valid	LA	570	0.1140994137399011
valid	LA	571	0.12944179173750914
valid	LA	572	0.1475379741603487
valid	LA	573	0.1239075986278444
valid	LA	574	0.1382711672989459
valid	LA	575	0.108471980603198
valid	LA	576	0.14369136107418842
valid	LA	577	0.10179848837353943
valid	LA	578	0.09568609636545772
valid	LA	579	0.15287172101680532
valid	LA	580	0.11228842892483691
valid	LA	581	0.13285235174441
valid	LA	582	0.13914001674632523
valid	LA	583	0.11977352134976162
valid	LA	584	0.09294924900475962
valid	LA	585	0.12740211360931716
valid	LA	586	0.1355313819875604
valid	LA	587	0.13314667731768365
valid	LA	588	0.16086866966382551
valid	LA	589	0.0974477730678471
valid	LA	590	0.18218167807495433
valid	LA	591	0.13477115601140982
valid	LA	592	0.16242448525189762
valid	LA	593	0.1065243302388256
valid	LA	594	0.16687338354044629
valid	LA	595	0.1659323360225189
valid	LA	596	0.11195716652126964
valid	LA	597	0.13362074150684075
valid	LA	598	0.12576864538128232
valid	LA	599	0.1501833169050703
valid	LA	600	0.1622902521043567
valid	LA	601	0.12073256890149371
valid	LA	602	0.13848066513085386
valid	LA	603	0.1356099313041493
valid	LA	604	0.118919415180879
valid	LA	605	0.12061064933402027
valid	LA	606	0.13521743155918137
valid	LA	607	0.14679045999838336
valid	LA	608	0.12373859975928768
valid	LA	609	0.1311665950075305
valid	LA	610	0.1736098127651697
valid	LA	611	0.17385468451026276
valid	LA	612	0.13557102914190858
valid	LA	613	0.12484367700659825
valid	LA	614	0.1147513263184667
valid	LA	615	0.09625922468190211
valid	LA	616	0.1314393530867879
valid	LA	617	0.13778208199352096
valid	LA	618	0.10598908829852596
valid	LA	619	0.10048162670968606
valid	LA	620	0.11459188113048872
valid	LA	621	0.15404450581309762
valid	LA	622	0.14125154525684805
valid	LA	623	0.12028535968684594
valid	LA	624	0.14192885364671692
valid	LA	625	0.16486647282580763
valid	LA	626	0.1325143749640089
valid	LA	627	0.12527460139675475
valid	LA	628	0.12938793277953894
valid	LA	629	0.106844795896561
valid	LA	630	0.15069557678067616
valid	LA	631	0.13755225558527193
valid	LA	632	0.15542596582909488
valid	LA	633	0.0985921246907352
valid	LA	634	0.09804283537963399
valid	LA	635	0.1179404280731614
valid	LA	636	0.14108013158218202
valid	LA	637	0.15453966353157933
valid	LA	638	0.1596767566237658
valid	LA	639	0.10494952707581241
valid	LA	640	0.12813035673908887
valid	LA	641	0.09953867847572008
valid	LA	642	0.1207677930904064
valid	LA	643	0.14886196242528804
valid	LA	644	0.13365702725009646
valid	LA	645	0.13883456952756076
valid	LA	646	0.13905218290824725
valid	LA	647	0.12690129236381237
valid	LA	648	0.12375304808018295
valid	LA	649	0.10658739599998499
valid	LA	650	0.11723831384688824
valid	LA	651	0.08902689589237177
valid	LA	652	0.10994239834613953
valid	LA	653	0.13585640434856006
valid	LA	654	0.0990099147872856
valid	LA	655	0.09623377239889698
valid	LA	656	0.11869310392280534
valid	LA	657	0.15702545683387936
valid	LA	658	0.1453360189330768
valid	LA	659	0.12618415514382791
valid	LA	660	0.153874282598963
valid	LA	661	0.11416992861118157
valid	LA	662	0.13263926938001155
valid	LA	663	0.1462026122228231
valid	LA	664	0.12462873164050677
valid	LA	665	0.11328736046062703
valid	LA	666	0.11486437397929722
valid	LA	667	0.1132409661729694
valid	LA	668	0.13524075110619171
valid	LA	669	0.14953352320199603
valid	LA	670	0.11113501227617496
valid	LA	671	0.10611595378530495
valid	LA	672	0.12420906581196982
valid	LA	673	0.1468420871659184
valid	LA	674	0.11603598944561631
valid	LA	675	0.08567766555522825
valid	LA	676	0.10819226448864888
valid	LA	677	0.12809220402251473
valid	LA	678	0.14318681228999477
valid	LA	679	0.15083739231182314
valid	LA	680	0.08923514534567896
valid	LA	681	0.13333625173284222
valid	LA	682	0.12532099938301353
valid	LA	683	0.11735631694467347
valid	LA	684	0.07435909564227482
valid	LA	685	0.13646657732519563
valid	LA	686	0.15909001106717502
valid	LA	687	0.11987917490621806
valid	LA	688	0.15915720022124677
valid	LA	689	0.15400791894410354
valid	LA	690	0.17781855993311604
valid	LA	691	0.13799360279215533
valid	LA	692	0.10109769690891582
valid	LA	693	0.15520254599834354
valid	LA	694	0.11586297738396614
valid	LA	695	0.17337721519252489
valid	LA	696	0.11535106790742058
valid	LA	697	0.13570772911854675
valid	LA	698	0.15032599435824098
valid	LA	699	0.1545680324413019
valid	LA	700	0.14153059398399315
valid	LA	701	0.13177811612512885
valid	LA	702	0.08812999908748444
valid	LA	703	0.15006422599519406
valid	LA	704	0.13260448325362745
valid	LA	705	0.12487030035637857
valid	LA	706	0.13214517108792706
valid	LA	707	0.1163512289585502
valid	LA	708	0.08737778045917083
valid	LA	709	0.10076193006894876
valid	LA	710	0.13885573137685586
valid	LA	711	0.17434325671138237
valid	LA	712	0.16417588282481593
valid	LA	713	0.12827395285384866
valid	LA	714	0.1522055710901308
valid	LA	715	0.1625393281867717
valid	LA	716	0.12179297298758565
valid	LA	717	0.15977066647191904
valid	LA	718	0.0871559455029843
valid	LA	719	0.10636758559096975
valid	LA	720	0.14034089757285023
valid	LA	721	0.1148663847588128
valid	LA	722	0.13290794434785527
valid	LA	723	0.0962155652862255
valid	LA	724	0.11838257003396051
valid	LA	725	0.16505010562759492
valid	LA	726	0.13343289994171395
valid	LA	727	0.12718803132806616
valid	LA	728	0.07669877558434082
valid	LA	729	0.17793767231848764
valid	LA	730	0.14914904565136486
valid	LA	731	0.14712767816124836
valid	LA	732	0.14081911225439145
valid	LA	733	0.13286848925166275
valid	LA	734	0.1544776766231148
valid	LA	735	0.09851132860452537
valid	LA	736	0.09835544408196113
valid	LA	737	0.1331397928173128
valid	LA	738	0.14846868976236055
valid	LA	739	0.13817025424578602
valid	LA	740	0.1329463451769201
valid	LA	741	0.10072710389113561
valid	LA	742	0.07567676485992049
valid	LA	743	0.13512060825028932
valid	LA	744	0.1538819868934206
valid	LA	745	0.15618776192396994
valid	LA	746	0.13843745023495657
valid	LA	747	0.12018971217383397
valid	LA	748	0.14251676385786669
valid	LA	749	0.11979677468133497
valid	LA	750	0.14230390301742465
valid	LA	751	0.15025522127225663
valid	LA	752	0.11202149590348455
valid	LA	753	0.0910027655625085
valid	LA	754	0.13326913655108094
valid	LA	755	0.1458681387301514
valid	LA	756	0.12201863652537441
valid	LA	757	0.11644549544735275
valid	LA	758	0.10411418787107701
valid	LA	759	0.12542762603972907
valid	LA	760	0.12927485167340982
valid	LA	761	0.16289347309732852
valid	LA	762	0.1385154211415639
valid	LA	763	0.09850269145353235
valid	LA	764	0.1308891074005036
valid	LA	765	0.13650797010022667
valid	LA	766	0.1567060529207715
valid	LA	767	0.15604424593572233
valid	LA	768	0.13456412676378066
valid	LA	769	0.1440274124905196
valid	LA	770	0.17653695303592878
valid	LA	771	0.09612362818398476
valid	LA	772	0.14397308900030237
valid	LA	773	0.14939041342781542
valid	LA	774	0.1166997235149896
valid	LA	775	0.09261035848557514
valid	LA	776	0.17434739867710783
valid	LA	777	0.09121535311895033
valid	LA	778	0.1295630835742921
valid	LA	779	0.09140601746227736
valid	LA	780	0.10736712369994018
valid	LA	781	0.10132384367808187
valid	LA	782	0.11506491595687622
valid	LA	783	0.12730477414604
valid	LA	784	0.09983222213202986
valid	LA	785	0.12712785845908184
valid	LA	786	0.10846467953099856
valid	LA	787	0.18405475392398785
valid	LA	788	0.10752268154228357
valid	LA	789	0.13721656274747154
valid	LA	790	0.11424682512406288
valid	LA	791	0.13754257317505958
valid	LA	792	0.15967336908075383
valid	LA	793	0.13886978597309313
valid	LA	794	0.14711714841070303
valid	LA	795	0.14602207703060635
valid	LA	796	0.13598642606142924
valid	LA	797	0.15952696207657183
valid	LA	798	0.10417736062744223
valid	LA	799	0.11975569375104353
valid	LA	800	0.13560133573413607
valid	LA	801	0.13810912915324083
valid	LA	802	0.11705877106869667
valid	LA	803	0.1386456634336125
valid	LA	804	0.1253870117607916
valid	LA	805	0.15432743125714563
valid	LA	806	0.1321595358214747
valid	LA	807	0.14713892430070727
valid	LA	808	0.16558151683824526
valid	LA	809	0.12534297562723706
valid	LA	810	0.13751242656830884
valid	LA	811	0.08583976416603636
valid	LA	812	0.1134655163512549
valid	LA	813	0.10708095837104722
valid	LA	814	0.1363857684243611
valid	LA	815	0.13222567771406524
valid	LA	816	0.11002547177084446
valid	LA	817	0.11836435162638935
valid	LA	818	0.13720908611917526
valid	LA	819	0.10980062822153075
valid	LA	820	0.12921660033162088
valid	LA	821	0.144084550964595
valid	LA	822	0.11678836486035292
valid	LA	823	0.11371550281997682
valid	LA	824	0.13640801874082156
valid	LA	825	0.0744957028228816
valid	LA	826	0.10463887008492374
valid	LA	827	0.09071842478673171
valid	LA	828	0.16522346749248376
valid	LA	829	0.1372787534726021
valid	LA	830	0.13867700998538982
valid	LA	831	0.15570880992193847
valid	LA	832	0.14202488177499334
valid	LA	833	0.12384025734142082
valid	LA	834	0.11858093255097865
valid	LA	835	0.07369730886580712
valid	LA	836	0.10999828811553927
valid	LA	837	0.10206818239391419
valid	LA	838	0.1241999385992501
valid	LA	839	0.14343156118835798
valid	LA	840	0.14421310519620026
valid	LA	841	0.13272584473224566
valid	LA	842	0.1107758135702937
valid	LA	843	0.11430808353795578
valid	LA	844	0.10380617487644851
valid	LA	845	0.1384495534389364
valid	LA	846	0.11213550211430084
valid	LA	847	0.12650696073922507
valid	LA	848	0.14664147507635672
valid	LA	849	0.13705821618404274
valid	LA	850	0.1349511537939055
valid	LA	851	0.10247632371965396
valid	LA	852	0.12480765604030969
valid	LA	853	0.11416921794169764
valid	LA	854	0.13144638373600928
valid	LA	855	0.11903861122287625
valid	LA	856	0.11516381022558579
valid	LA	857	0.17039634891596372
valid	LA	858	0.14589615500609524
valid	LA	859	0.0823690096357736
valid	LA	860	0.1574643051305064
valid	LA	861	0.06782178623969823
valid	LA	862	0.14496685160199896
valid	LA	863	0.11648014253769291
valid	LA	864	0.10218984583348292
valid	LA	865	0.13729363970278588
valid	LA	866	0.10515796095609144
valid	LA	867	0.1422289442545334
valid	LA	868	0.1343261668019507
valid	LA	869	0.10972078803942509
valid	LA	870	0.1100896229220743
valid	LA	871	0.14064938474031988
valid	LA	872	0.1619297071717135
valid	LA	873	0.10761964920884616
valid	LA	874	0.10798892363751159
valid	LA	875	0.11721472079880223
valid	LA	876	0.12664520146000094
valid	LA	877	0.15092368368276252
valid	LA	878	0.13639744249729752
valid	LA	879	0.09664055780051828
valid	LA	880	0.11351924130590853
valid	LA	881	0.11354507875169303
valid	LA	882	0.16826806623245721
valid	LA	883	0.11736171748789005
valid	LA	884	0.11552473339785616
valid	LA	885	0.139920845608089
valid	LA	886	0.11206356722913764
valid	LA	887	0.14829710602927573
valid	LA	888	0.14685191227764074
valid	LA	889	0.08369533248813113
valid	LA	890	0.1819880466998055
valid	LA	891	0.1240401161283988
valid	LA	892	0.1118657128422753
valid	LA	893	0.11080869892626435
valid	LA	894	0.1726117079560468
valid	LA	895	0.17527386536926168
valid	LA	896	0.08984234433479982
valid	LA	897	0.13510421927864324
valid	LA	898	0.1277205301546856
valid	LA	899	0.1697803018134892
valid	LA	900	0.11438064371863428
valid	LA	901	0.10393141827060039
valid	LA	902	0.11808591054055924
valid	LA	903	0.1381948028506773
valid	LA	904	0.12286112848894588
valid	LA	905	0.15774981782919772
valid	LA	906	0.10663326491121321
valid	LA	907	0.15608620385518984
valid	LA	908	0.15475192836672444
valid	LA	909	0.11567889781185606
valid	LA	910	0.15093985041832328
valid	LA	911	0.13750785960522596
valid	LA	912	0.12639518653675488
valid	LA	913	0.09372006902457627
valid	LA	914	0.12185034263473073
valid	LA	915	0.14184967531305978
valid	LA	916	0.13081906158109405
valid	LA	917	0.11866682051616952
valid	LA	918	0.09797597588694286
valid	LA	919	0.13142362096629565
valid	LA	920	0.14412935642489075
valid	LA	921	0.13013914956703937
valid	LA	922	0.11211048415683075
valid	LA	923	0.11311828505485676
valid	LA	924	0.06191021463385814
valid	LA	925	0.1277254201855772
valid	LA	926	0.07895791705179786
valid	LA	927	0.12808298630164264
valid	LA	928	0.10157122884424351
valid	LA	929	0.14921757407975636
valid	LA	930	0.12037784128789467
valid	LA	931	0.11530597087801653
valid	LA	932	0.11168520664867577
valid	LA	933	0.11234315085996417
valid	LA	934	0.12069574624172989
valid	LA	935	0.14264359044764494
valid	LA	936	0.13061391456178315
valid	LA	937	0.1288437626736809
valid	LA	938	0.11131584413460562
valid	LA	939	0.10582107627323879
valid	LA	940	0.10024296853877451
valid	LA	941	0.061468433853776594
valid	LA	942	0.14939927097351474
valid	LA	943	0.11418686961538414
valid	LA	944	0.16765829648336367
valid	LA	945	0.1435040162117035
valid	LA	946	0.152033956168067
valid	LA	947	0.10317800868854189
valid	LA	948	0.15928945737636702
valid	LA	949	0.13278430686243034
valid	LA	950	0.09502579266757144
valid	LA	951	0.14408405824461185
valid	LA	952	0.15168295884118047
valid	LA	953	0.1370068951123136
valid	LA	954	0.15703084056680566
valid	LA	955	0.15684663349993452
valid	LA	956	0.14158028598559805
valid	LA	957	0.11511867534317638
valid	LA	958	0.14910714497659597
valid	LA	959	0.10828038884984727
valid	LA	960	0.13066873278674582
valid	LA	961	0.06718693176730546
valid	LA	962	0.12100573485114417
valid	LA	963	0.14729727947825585
valid	LA	964	0.11007666711195578
valid	LA	965	0.13008048198837124
valid	LA	966	0.12821296997004525
valid	LA	967	0.13832167294645323
valid	LA	968	0.15598649098873815
valid	LA	969	0.1409339810860996
valid	LA	970	0.10559652344538879
valid	LA	971	0.1350139912885106
valid	LA	972	0.15570022623878663
valid	LA	973	0.15867682166225985
valid	LA	974	0.12901560522198574
valid	LA	975	0.1369347460663726
valid	LA	976	0.13251668652534063
valid	LA	977	0.11166165502434694
valid	LA	978	0.13023766877603016
valid	LA	979	0.12899969770562794
valid	LA	980	0.14898482710098432
valid	LA	981	0.12831828860973718
valid	LA	982	0.1167396846646555
valid	LA	983	0.11352061405220053
valid	LA	984	0.1391890928778037
valid	LA	985	0.09690590792863338
valid	LA	986	0.1605081871146837
valid	LA	987	0.1121530615071563
valid	LA	988	0.09683146429192074
valid	LA	989	0.134279813896153
valid	LA	990	0.14258564958945702
valid	LA	991	0.19269091128497928
valid	LA	992	0.14380510914454891
valid	LA	993	0.11883218054649164
valid	LA	994	0.09325450419182438
valid	LA	995	0.08788777676310511
valid	LA	996	0.1263924505965646
valid	LA	997	0.13276112824847894
valid	LA	998	0.08152067391315107
valid	LA	999	0.10355629850747436
valid	LA	1000	0.1630231000248648
valid	LA	1001	0.11368352480056329
valid	LA	1002	0.14254347820225144
valid	LA	1003	0.14455214831265395
valid	LA	1004	0.1522891169291078
valid	LA	1005	0.10995539527845795
valid	LA	1006	0.13500454777200682
valid	LA	1007	0.1551799372876701
valid	LA	1008	0.1790339215039516
valid	LA	1009	0.13258293725442682
valid	LA	1010	0.1281295457041324
valid	LA	1011	0.14528184185096835
valid	LA	1012	0.1816680665902724
valid	LA	1013	0.13375628912417262
valid	LA	1014	0.14422357654472215
valid	LA	1015	0.10996410983708547
valid	LA	1016	0.13584296645801308
valid	LA	1017	0.15556906227188844
valid	LA	1018	0.13661086009058587
valid	LA	1019	0.11878688441446306
valid	LA	1020	0.1455874958684411
valid	LA	1021	0.12566475443583866
valid	LA	1022	0.11721870250015475
valid	LA	1023	0.09563154319778311
valid	LA	1024	0.11418679003712788
valid	LA	1025	0.13578476100154596
valid	LA	1026	0.12750581383514195
valid	LA	1027	0.11732170010362185
valid	LA	1028	0.13641427106137105
valid	LA	1029	0.13788788486104372
valid	LA	1030	0.13340258673851418
valid	LA	1031	0.17077374823335525
valid	LA	1032	0.154524406974834
valid	LA	1033	0.10761003893535509
valid	LA	1034	0.140305430024045
valid	LA	1035	0.13636913026744601
valid	LA	1036	0.11982881158049899
valid	LA	1037	0.12017609803327942
valid	LA	1038	0.13963361349353992
valid	LA	1039	0.12877847336871173
valid	LA	1040	0.18098133033835165
valid	LA	1041	0.14251744755134096
valid	LA	1042	0.11357053864336394
valid	LA	1043	0.14743108376378528
valid	LA	1044	0.06581353494904568
valid	LA	1045	0.10484730059124173
valid	LA	1046	0.09019145510668863
valid	LA	1047	0.08431578748503762
valid	LA	1048	0.1238388662147899
valid	LA	1049	0.11511226227659324
valid	LA	1050	0.1672732399552999
valid	LA	1051	0.15383055944644508
valid	LA	1052	0.144415017410855
valid	LA	1053	0.12203296409925399
valid	LA	1054	0.12164557044202166
valid	LA	1055	0.1217135478836584
valid	LA	1056	0.10385040279165238
valid	LA	1057	0.1265833706582029
valid	LA	1058	0.11840170548849313
valid	LA	1059	0.11629285426271511
valid	LA	1060	0.1713313620310344
valid	LA	1061	0.14734809764547152
valid	LA	1062	0.1740176121164227
valid	LA	1063	0.15578313360787127
valid	LA	1064	0.13885018522273085
valid	LA	1065	0.11604915153746317
valid	LA	1066	0.09848968822713067
valid	LA	1067	0.12836726810610657
valid	LA	1068	0.12101538045356754
valid	LA	1069	0.15335697092346656
valid	LA	1070	0.12337572497361693
valid	LA	1071	0.15163680654822193
valid	LA	1072	0.13809887882986135
valid	LA	1073	0.1299950028566609
valid	LA	1074	0.11968160572666954
valid	LA	1075	0.16293891159278898
valid	LA	1076	0.1247976104638581
valid	LA	1077	0.15117804974690913
valid	LA	1078	0.17027897822709964
valid	LA	1079	0.09122976055561392
valid	LA	1080	0.15177006486154943
valid	LA	1081	0.11141279950542161
valid	LA	1082	0.07340416372734258
valid	LA	1083	0.11044371562208337
valid	LA	1084	0.14808420996350943
valid	LA	1085	0.15296178443111652
valid	LA	1086	0.09872410919811307
valid	LA	1087	0.12966220020555821
valid	LA	1088	0.13137392904773276
valid	LA	1089	0.1250015241330089
valid	LA	1090	0.13932853972731082
valid	LA	1091	0.13788259690207974
valid	LA	1092	0.15232304609258465
valid	LA	1093	0.16559696716941427
valid	LA	1094	0.08594378697693714
valid	LA	1095	0.120314038393415
valid	LA	1096	0.16200154083561524
valid	LA	1097	0.151720314824168
valid	LA	1098	0.11831103232062387
valid	LA	1099	0.1289582720504304
valid	LA	1100	0.1138733060895898
valid	LA	1101	0.10854430084787615
valid	LA	1102	0.12154581576451157
valid	LA	1103	0.12882491828028161
valid	LA	1104	0.1261248845706688
valid	LA	1105	0.10861949814615124
valid	LA	1106	0.16257353936109825
valid	LA	1107	0.12869691710562695
valid	LA	1108	0.11618074590195246
valid	LA	1109	0.1064932177742215
valid	LA	1110	0.11224247896628199
valid	LA	1111	0.1495937504840083
valid	LA	1112	0.09525522566912355
valid	LA	1113	0.1179298684017373
valid	LA	1114	0.09084581954028514
valid	LA	1115	0.1268354953519271
valid	LA	1116	0.12828799418114248
valid	LA	1117	0.1521606828012902
valid	LA	1118	0.1169807443652332
valid	LA	1119	0.1789983827251884
valid	LA	1120	0.0953613747929124
valid	LA	1121	0.1534046115541736
valid	LA	1122	0.14050519104487388
valid	LA	1123	0.1412747785820465
valid	LA	1124	0.17043730941840224
valid	LA	1125	0.10435378927258585
valid	LA	1126	0.11342817420400049
valid	LA	1127	0.10472118881989252
valid	LA	1128	0.14317201952213365
valid	LA	1129	0.1528606853992166
valid	LA	1130	0.14710602921674087
valid	LA	1131	0.10547305512274945
valid	LA	1132	0.11629254229482404
valid	LA	1133	0.12815188967897023
valid	LA	1134	0.15064553152077198
valid	LA	1135	0.1390654858695817
valid	LA	1136	0.16140317003846655
valid	LA	1137	0.0898006615722977
valid	LA	1138	0.1904603985956033
valid	LA	1139	0.15807998327696982
valid	LA	1140	0.14662695306195322
valid	LA	1141	0.14494608252369778
valid	LA	1142	0.1376625388666773
valid	LA	1143	0.1559994137787065
valid	LA	1144	0.10757824089045627
valid	LA	1145	0.12082759420075896
valid	LA	1146	0.10485837586339189
valid	LA	1147	0.07137379655772251
valid	LA	1148	0.12979375082043873
valid	LA	1149	0.1215077015345069
valid	LA	1150	0.14933794077404192
valid	LA	1151	0.09617746889720903
valid	LA	1152	0.17055050978891706
valid	LA	1153	0.11965026695231999
valid	LA	1154	0.1441934247599457
valid	LA	1155	0.130696655357492
valid	LA	1156	0.14736210952669718
valid	LA	1157	0.13878587675384435
valid	LA	1158	0.15091396318779718
valid	LA	1159	0.14243210883359345
valid	LA	1160	0.16978823495969647
valid	LA	1161	0.1389042304072392
valid	LA	1162	0.1487639524882844
valid	LA	1163	0.13265747001729936
valid	LA	1164	0.1350122331800858
valid	LA	1165	0.11652948511763407
valid	LA	1166	0.11890601192676442
valid	LA	1167	0.15080953546236764
valid	LA	1168	0.1273593554599517
valid	LA	1169	0.13614172335747085
valid	LA	1170	0.11361184471506172
valid	LA	1171	0.16620684488068002
valid	LA	1172	0.14958786729578463
valid	LA	1173	0.15978809909855068
valid	LA	1174	0.1549776453866059
valid	LA	1175	0.08591856762856914
valid	LA	1176	0.11109000207837376
valid	LA	1177	0.13592683476833237
valid	LA	1178	0.15511193496274614
valid	LA	1179	0.13717138784351282
valid	LA	1180	0.135005435722287
valid	LA	1181	0.09515699234354678
valid	LA	1182	0.159321565082047
valid	LA	1183	0.09401256662107162
valid	LA	1184	0.07885093890064439
valid	LA	1185	0.11665056539751616
valid	LA	1186	0.15415183910928384
valid	LA	1187	0.09596400971831043
valid	LA	1188	0.135085136364481
valid	LA	1189	0.1365944872836973
valid	LA	1190	0.09848482072267538
valid	LA	1191	0.1682082902020667
valid	LA	1192	0.14288934703487355
valid	LA	1193	0.08543618122044146
valid	LA	1194	0.19094800268203047
valid	LA	1195	0.11541254429897858
valid	LA	1196	0.1205977306770175
valid	LA	1197	0.0774014914818193
valid	LA	1198	0.13027855000218866
valid	LA	1199	0.14441673695913324
valid	LA	1200	0.11158808948384862
valid	LA	1201	0.14854628483846183
valid	LA	1202	0.11102652227379149
valid	LA	1203	0.12597459791802762
valid	LA	1204	0.13586166217857548
valid	LA	1205	0.1361510159987808
valid	LA	1206	0.1418246474156067
valid	LA	1207	0.12250716020514973
valid	LA	1208	0.12924494716075008
valid	LA	1209	0.17236672324502722
valid	LA	1210	0.13981723615267877
valid	LA	1211	0.10997047790993451
valid	LA	1212	0.14312766642032165
valid	LA	1213	0.12081688734751024
valid	LA	1214	0.12368194869154969
valid	LA	1215	0.1172536474962764
valid	LA	1216	0.16592115522160014
valid	LA	1217	0.12135705109435237
valid	LA	1218	0.13874476255372414
valid	LA	1219	0.10076536078876847
valid	LA	1220	0.12850314171923669
valid	LA	1221	0.1451471707006203
valid	LA	1222	0.1269152881391954
valid	LA	1223	0.10550500266458455
valid	LA	1224	0.14275558275354655
valid	LA	1225	0.15424156374185272
valid	LA	1226	0.13872262979619288
valid	LA	1227	0.15706729397074995
valid	LA	1228	0.1324656421451878
valid	LA	1229	0.14387434816754438
valid	LA	1230	0.11404566860408442
valid	LA	1231	0.14889401468851984
valid	LA	1232	0.10418513522639561
valid	LA	1233	0.08691991883083025
valid	LA	1234	0.16365035185248486
valid	LA	1235	0.128628174743858
valid	LA	1236	0.1421759339127672
valid	LA	1237	0.16203778685181258
valid	LA	1238	0.08458730711479147
valid	LA	1239	0.12613843360237093
valid	LA	1240	0.16516402461148336
valid	LA	1241	0.14574180276830367
valid	LA	1242	0.08400521964309561
valid	LA	1243	0.12817236856107828
valid	LA	1244	0.1503902393076196
valid	LA	1245	0.14512384017774468
valid	LA	1246	0.09349328614691817
valid	LA	1247	0.1014947947830752
valid	LA	1248	0.09015563506774095
valid	LA	1249	0.13776336866124617
valid	LA	1250	0.1465954302376576
valid	LA	1251	0.1426610593937957
valid	LA	1252	0.12886664406538548
valid	LA	1253	0.12888720379793178
valid	LA	1254	0.10706938563669892
valid	LA	1255	0.1420605893020364
valid	LA	1256	0.123367623531659
valid	LA	1257	0.14338514195839583
valid	LA	1258	0.13470088159975813
valid	LA	1259	0.1050637043718591
valid	LA	1260	0.13753133846161042
valid	LA	1261	0.11327536216201112
valid	LA	1262	0.0886559983283729
valid	LA	1263	0.1220087145340441
valid	LA	1264	0.13238563883880725
valid	LA	1265	0.111454695488414
valid	LA	1266	0.14113020686765532
valid	LA	1267	0.1085455900465107
valid	LA	1268	0.13497781657566887
valid	LA	1269	0.18047837953381926
valid	LA	1270	0.12097885254688491
valid	LA	1271	0.1204021538429923
valid	LA	1272	0.1073246967020711
valid	LA	1273	0.14456570710326422
valid	LA	1274	0.1455816147952976
valid	LA	1275	0.18827765782270126
valid	LA	1276	0.12419753526055988
valid	LA	1277	0.12629194060005441
valid	LA	1278	0.12641761168841006
valid	LA	1279	0.11318328444049502
valid	LA	1280	0.14974448289220904
valid	LA	1281	0.14016915279845513
valid	LA	1282	0.13090722900670743
valid	LA	1283	0.14600162850749704
valid	LA	1284	0.12685622978754157
valid	LA	1285	0.1579859168203714
valid	LA	1286	0.15930663547143145
valid	LA	1287	0.09552942093468544
valid	LA	1288	0.07402972965701163
valid	LA	1289	0.1134039042289479
valid	LA	1290	0.1523424103284837
valid	LA	1291	0.11542682052765438
valid	LA	1292	0.09107534514015912
valid	LA	1293	0.11929189727626834
valid	LA	1294	0.15681040903382698
valid	LA	1295	0.12477213357374846
valid	LA	1296	0.10864920535711727
valid	LA	1297	0.13593195718985782
valid	LA	1298	0.13172556594960708
valid	LA	1299	0.10308920790167007
valid	LA	1300	0.11988686360687746
valid	LA	1301	0.12045609239065609
valid	LA	1302	0.1424237444481026
valid	LA	1303	0.15314412197895308
valid	LA	1304	0.13444016673438614
valid	LA	1305	0.08046798741313389
valid	LA	1306	0.14873318718465023
valid	LA	1307	0.16225697957137122
valid	LA	1308	0.13811273886922484
valid	LA	1309	0.1399115192925145
valid	LA	1310	0.18201408805719518
valid	LA	1311	0.1441179628424379
valid	LA	1312	0.10032155726824268
valid	LA	1313	0.12298532278109676
valid	LA	1314	0.14686774647464865
valid	LA	1315	0.10387264866329862
valid	LA	1316	0.1806472675524321
valid	LA	1317	0.13086594248958308
valid	LA	1318	0.17273438477390712
valid	LA	1319	0.11268240049582236
valid	LA	1320	0.12025728300902089
valid	LA	1321	0.15089909199072932
valid	LA	1322	0.13973518126848777
valid	LA	1323	0.10675310486642638
valid	LA	1324	0.10846933951537145
valid	LA	1325	0.11912050143638021
valid	LA	1326	0.1626692933830454
valid	LA	1327	0.12285704726643155
valid	LA	1328	0.1183484919758041
valid	LA	1329	0.1723085105860625
valid	LA	1330	0.13662725835994177
valid	LA	1331	0.12622629081219636
valid	LA	1332	0.1258044876933421
valid	LA	1333	0.10408844883527917
valid	LA	1334	0.146968785447419
valid	LA	1335	0.09733555821720014
valid	LA	1336	0.1674572364723957
valid	LA	1337	0.17039853360772833
valid	LA	1338	0.129175584821967
valid	LA	1339	0.14574022146970342
valid	LA	1340	0.14412502104385003
valid	LA	1341	0.12925428892483115
valid	LA	1342	0.10320454995664283
valid	LA	1343	0.10832337030691071
valid	LA	1344	0.15747346439937795
valid	LA	1345	0.10372044507930539
valid	LA	1346	0.12962420574240693
valid	LA	1347	0.13983249354534516
valid	LA	1348	0.12230577474293938
valid	LA	1349	0.11096313013467404
valid	LA	1350	0.08110403098130999
valid	LA	1351	0.1527422446892201
valid	LA	1352	0.12661986419700064
valid	LA	1353	0.09302838547665516
valid	LA	1354	0.11480779625834377
valid	LA	1355	0.12531261008151798
valid	LA	1356	0.1815112452529266
valid	LA	1357	0.1392276628242982
valid	LA	1358	0.1749326850764783
valid	LA	1359	0.1076398567392396
valid	LA	1360	0.11443766897407703
valid	LA	1361	0.10739676549665272
valid	LA	1362	0.14298868773740922
valid	LA	1363	0.12539937373846008
valid	LA	1364	0.09530204651721468
valid	LA	1365	0.1477257662340377
valid	LA	1366	0.14367185492975051
valid	LA	1367	0.10370596887636123
valid	LA	1368	0.10937917229079636
valid	LA	1369	0.14346095880093304
valid	LA	1370	0.1494136504877886
valid	LA	1371	0.12529648038555405
valid	LA	1372	0.1722541836190593
valid	LA	1373	0.11597611614555609
valid	LA	1374	0.12807646765309172
valid	LA	1375	0.14821250756983828
valid	LA	1376	0.10325869807312446
valid	LA	1377	0.10470176725873795
valid	LA	1378	0.1052027713114391
valid	LA	1379	0.15083448903538993
valid	LA	1380	0.09496034166869721
valid	LA	1381	0.10580226990814211
valid	LA	1382	0.11552954559006694
valid	LA	1383	0.1625765461590184
valid	LA	1384	0.13803549307177107
valid	LA	1385	0.08264067778878034
valid	LA	1386	0.1363092391343814
valid	LA	1387	0.1223965776286915
valid	LA	1388	0.0950819065769044
valid	LA	1389	0.09981827913253309
valid	LA	1390	0.1036630851441215
valid	LA	1391	0.10761984326275788
valid	LA	1392	0.11576173445524737
valid	LA	1393	0.17300817113066544
valid	LA	1394	0.12347142234019827
valid	LA	1395	0.12825612655042554
valid	LA	1396	0.1610565144782277
valid	LA	1397	0.11035487636371055
valid	LA	1398	0.16030879609591353
valid	LA	1399	0.14712057781728016
valid	LA	1400	0.13147804959426662
valid	LA	1401	0.14818112753646648
valid	LA	1402	0.15765182269021966
valid	LA	1403	0.17855137992729966
valid	LA	1404	0.18857760238685592
valid	LA	1405	0.0933146734934404
valid	LA	1406	0.13011827597633008
valid	LA	1407	0.09813396610320381
valid	LA	1408	0.14337379528240116
valid	LA	1409	0.14612912906485584
valid	LA	1410	0.1341947112172504
valid	LA	1411	0.10881238090338134
valid	LA	1412	0.17058291667304384
valid	LA	1413	0.10721532143586501
valid	LA	1414	0.1520146342065911
valid	LA	1415	0.08510542009762315
valid	LA	1416	0.1339091662843968
valid	LA	1417	0.13900421785037326
valid	LA	1418	0.11288609235004035
valid	LA	1419	0.20625390685045902
valid	LA	1420	0.10366153488646715
valid	LA	1421	0.13518149652908648
valid	LA	1422	0.15638838856241735
valid	LA	1423	0.1362344193538496
valid	LA	1424	0.11208844704513454
valid	LA	1425	0.14255405349200387
valid	LA	1426	0.11437205527934538
valid	LA	1427	0.12169144076724196
valid	LA	1428	0.07729755949582852
valid	LA	1429	0.12580243164579724
valid	LA	1430	0.11960473274551468
valid	LA	1431	0.13079262589407956
valid	LA	1432	0.1164428649807467
valid	LA	1433	0.09982670759851917
valid	LA	1434	0.11906503931050304
valid	LA	1435	0.1502156234440835
valid	LA	1436	0.14799912024843398
valid	LA	1437	0.09242182574821528
valid	LA	1438	0.14502689405849634
valid	LA	1439	0.1133865494927611
valid	LA	1440	0.0984204804519095
valid	LA	1441	0.1368639282035543
valid	LA	1442	0.145547307935332
valid	LA	1443	0.09894534151306203
valid	LA	1444	0.14658764879387326
valid	LA	1445	0.16804399816228394
valid	LA	1446	0.14676170527949736
valid	LA	1447	0.1212141986902029
valid	LA	1448	0.08596588852209978
valid	LA	1449	0.11423706051423414
valid	LA	1450	0.14004895380926738
valid	LA	1451	0.1208629434607796
valid	LA	1452	0.11230999756112005
valid	LA	1453	0.09359276773145232
valid	LA	1454	0.1253197454093815
valid	LA	1455	0.1299321086866584
valid	LA	1456	0.11621932455908517
valid	LA	1457	0.09666144249371576
valid	LA	1458	0.13670439752465294
valid	LA	1459	0.0923227351413735
valid	LA	1460	0.14472823872181315
valid	LA	1461	0.12493750204304392
valid	LA	1462	0.08250831624664788
valid	LA	1463	0.17650373283981316
valid	LA	1464	0.13480948675087084
valid	LA	1465	0.08802779921074345
valid	LA	1466	0.1318179434406536
valid	LA	1467	0.14664368647028084
valid	LA	1468	0.11227763760271282
valid	LA	1469	0.1673101246818815
valid	LA	1470	0.13549835935454538
valid	LA	1471	0.05479060757225113
valid	LA	1472	0.13626542684267037
valid	LA	1473	0.1177665696061806
valid	LA	1474	0.15603893173479544
valid	LA	1475	0.1283540068030782
valid	LA	1476	0.12363801980646456
valid	LA	1477	0.11832754414690945
valid	LA	1478	0.1189691040074004
valid	LA	1479	0.12506560354941718
valid	LA	1480	0.12856450742384828
valid	LA	1481	0.1381996581196962
valid	LA	1482	0.17242484380123715
valid	LA	1483	0.16391249546044717
valid	LA	1484	0.1342955825259581
valid	LA	1485	0.11045106001697376
valid	LA	1486	0.1467571901930234
valid	LA	1487	0.12104822522822598
valid	LA	1488	0.11141202483826917
valid	LA	1489	0.1581626565115586
valid	LA	1490	0.16110245102812515
valid	LA	1491	0.10037288933652513
valid	LA	1492	0.10975071500898799
valid	LA	1493	0.11438359916388888
valid	LA	1494	0.08775876048641512
valid	LA	1495	0.13706612480459718
valid	LA	1496	0.11227970206141126
valid	LA	1497	0.10977144965690207
valid	LA	1498	0.14684222605827982
valid	LA	1499	0.11039213624272595
valid	LA	1500	0.1424285997192149
valid	LA	1501	0.15129036745470337
valid	LA	1502	0.11246944128085372
valid	LA	1503	0.12422584862483456
valid	LA	1504	0.09237495133125248
valid	LA	1505	0.1958576231141012
valid	LA	1506	0.12425490873548034
valid	LA	1507	0.08911621976258692
valid	LA	1508	0.13238043680316713
valid	LA	1509	0.1036047050588242
valid	LA	1510	0.1021980147030317
valid	LA	1511	0.1281773830761838
valid	LA	1512	0.1426923861205582
valid	LA	1513	0.09099509531812416
valid	LA	1514	0.131440161363256
valid	LA	1515	0.1306491773610768
valid	LA	1516	0.13646771656862366
valid	LA	1517	0.09035617885650932
valid	LA	1518	0.13719683956245673
valid	LA	1519	0.14077668254915088
valid	LA	1520	0.13937648416960305
valid	LA	1521	0.1595248943803901
valid	LA	1522	0.14018957485154906
valid	LA	1523	0.19090451394978347
valid	LA	1524	0.11046311960083888
valid	LA	1525	0.09995312539106022
valid	LA	1526	0.13419264673393116
valid	LA	1527	0.08979011989651224
valid	LA	1528	0.10576902553885163
valid	LA	1529	0.1680222870402121
valid	LA	1530	0.10148322032019814
valid	LA	1531	0.08275958821112729
valid	LA	1532	0.12857364425665013
valid	LA	1533	0.09962938197798074
valid	LA	1534	0.11728441464984897
valid	LA	1535	0.10567956003972112
valid	LA	1536	0.1194633719654426
valid	LA	1537	0.14087747888490376
valid	LA	1538	0.12464387772437088
valid	LA	1539	0.13984126173559225
valid	LA	1540	0.12638075880473099
valid	LA	1541	0.15970838936693607
valid	LA	1542	0.1514843810010714
valid	LA	1543	0.10623269341600211
valid	LA	1544	0.19513512807593816
valid	LA	1545	0.11744971084210301
valid	LA	1546	0.11613541014311045
valid	LA	1547	0.10669750181632989
valid	LA	1548	0.108207550910859
valid	LA	1549	0.12991540862478393
valid	LA	1550	0.15232026631169115
valid	LA	1551	0.11856158154004973
valid	LA	1552	0.14327422840762383
valid	LA	1553	0.09527614207287301
valid	LA	1554	0.12028266239472722
valid	LA	1555	0.14611520711779707
valid	LA	1556	0.12290322562893091
valid	LA	1557	0.12249219712548665
valid	LA	1558	0.15442013272092955
valid	LA	1559	0.17593945209294592
valid	LA	1560	0.13511227724289046
valid	LA	1561	0.11452329082153678
valid	LA	1562	0.1618368569445328
valid	LA	1563	0.1393025747817644
valid	LA	1564	0.09730863649291374
valid	LA	1565	0.07024038200162636
valid	LA	1566	0.11697328959995767
valid	LA	1567	0.11991332892365911
valid	LA	1568	0.17285277800604582
valid	LA	1569	0.094909761217853
valid	LA	1570	0.11638507869228436
valid	LA	1571	0.16219216191238353
valid	LA	1572	0.10048395371844349
valid	LA	1573	0.12336896017484676
valid	LA	1574	0.08923231032956191
valid	LA	1575	0.10859431716855032
valid	LA	1576	0.09780763667421907
valid	LA	1577	0.12931135366551894
valid	LA	1578	0.14168202284534942
valid	LA	1579	0.14541547731846488
valid	LA	1580	0.12053703169301141
valid	LA	1581	0.0966568753661301
valid	LA	1582	0.1515269037027232
valid	LA	1583	0.16912635228466802
valid	LA	1584	0.11901196147711338
valid	LA	1585	0.13431746837983
valid	LA	1586	0.1417917630250056
valid	LA	1587	0.16349052123742605
valid	LA	1588	0.12320565381797213
valid	LA	1589	0.11039400035054081
valid	LA	1590	0.1605159231321732
valid	LA	1591	0.12843990886200557
valid	LA	1592	0.1331785704828207
valid	LA	1593	0.1514363691108277
valid	LA	1594	0.11787794719069819
valid	LA	1595	0.11261361387093227
valid	LA	1596	0.12258790701391716
valid	LA	1597	0.08127350599824343
valid	LA	1598	0.1394211891451296
valid	LA	1599	0.14762667997940465
valid	LA	1600	0.11743800421341896
valid	LA	1601	0.1391886819706385
valid	LA	1602	0.12740345934589192
valid	LA	1603	0.13399242244930432
valid	LA	1604	0.1746625999773448
valid	LA	1605	0.1490750719623235
valid	LA	1606	0.1662437921274238
valid	LA	1607	0.09993396759173853
valid	LA	1608	0.13294193502500543
valid	LA	1609	0.09613058095361451
valid	LA	1610	0.11476290772063065
valid	LA	1611	0.16170376827745364
valid	LA	1612	0.14670007017966497
valid	LA	1613	0.13424470199669472
valid	LA	1614	0.12635140906686396
valid	LA	1615	0.14884888037714916
valid	LA	1616	0.14351806616774399
valid	LA	1617	0.13881366347278845
valid	LA	1618	0.13142623992830904
valid	LA	1619	0.13568488607322204
valid	LA	1620	0.0928440557458538
valid	LA	1621	0.07647530612609048
valid	LA	1622	0.12282359068021069
valid	LA	1623	0.14030064755523278
valid	LA	1624	0.19473556358554892
valid	LA	1625	0.12835892011456984
valid	LA	1626	0.18525506649717932
valid	LA	1627	0.11787975267379272
valid	LA	1628	0.10935828193648298
valid	LA	1629	0.12422229480688914
valid	LA	1630	0.12297584828065342
valid	LA	1631	0.11450857510707668
valid	LA	1632	0.10413692312661618
valid	LA	1633	0.1498292805655489
valid	LA	1634	0.16034181688344526
valid	LA	1635	0.11130331123764148
valid	LA	1636	0.17966537313546593
valid	LA	1637	0.08331519014586967
valid	LA	1638	0.18006409426986772
valid	LA	1639	0.16063860177507178
valid	LA	1640	0.10608623774185513
valid	LA	1641	0.14726229952719327
valid	LA	1642	0.1114499000496358
valid	LA	1643	0.1339814302069562
valid	LA	1644	0.09039650584386484
valid	LA	1645	0.12970083400802104
valid	LA	1646	0.1398431345155357
valid	LA	1647	0.16002119572470233
valid	LA	1648	0.16824076711192215
valid	LA	1649	0.13221037297803592
valid	LA	1650	0.1131089965975545
valid	LA	1651	0.11892814938248786
valid	LA	1652	0.14315846262119997
valid	LA	1653	0.13551007130174791
valid	LA	1654	0.15301531226412007
valid	LA	1655	0.12325303102828922
valid	LA	1656	0.10231418866716076
valid	LA	1657	0.12006200111235002
valid	LA	1658	0.12698455680033807
valid	LA	1659	0.10250855218203551
valid	LA	1660	0.1229854628977001
valid	LA	1661	0.12032161502252967
valid	LA	1662	0.11327777086671786
valid	LA	1663	0.11336057075774646
valid	LA	1664	0.1545809529577044
valid	LA	1665	0.1282453391993068
valid	LA	1666	0.1508881271734165
valid	LA	1667	0.13819258131913273
valid	LA	1668	0.1261984200136185
valid	LA	1669	0.10738775950616244
valid	LA	1670	0.15997066080318556
valid	LA	1671	0.1007705952178604
valid	LA	1672	0.12802949492829097
valid	LA	1673	0.09835124579004294
valid	LA	1674	0.1649184591336656
valid	LA	1675	0.11744535874782272
valid	LA	1676	0.1603732708966351
valid	LA	1677	0.09041224674923949
valid	LA	1678	0.10805844440073689
valid	LA	1679	0.14385157218158265
valid	LA	1680	0.15781925440788347
valid	LA	1681	0.13739714816023424
valid	LA	1682	0.13574026198947034
valid	LA	1683	0.09675252703850418
valid	LA	1684	0.11600809615442093
valid	LA	1685	0.10685172284536655
valid	LA	1686	0.14273985051293733
valid	LA	1687	0.13715399816347715
valid	LA	1688	0.07379065715682609
valid	LA	1689	0.11296436689097988
valid	LA	1690	0.1234547302575859
valid	LA	1691	0.11414053309138082
valid	LA	1692	0.13463414159810444
valid	LA	1693	0.1462377848641226
valid	LA	1694	0.12832487274243762
valid	LA	1695	0.11624079619705723
valid	LA	1696	0.1385360576012502
valid	LA	1697	0.1370020829664699
valid	LA	1698	0.12725942867722953
valid	LA	1699	0.10132957377749487
valid	LA	1700	0.1296174095923324
valid	LA	1701	0.09968276609737618
valid	LA	1702	0.12034281111766591
valid	LA	1703	0.1263466907948055
valid	LA	1704	0.1171792198491384
valid	LA	1705	0.11007917915780996
valid	LA	1706	0.12979474155444987
valid	LA	1707	0.12537703895386781
valid	LA	1708	0.14062046693866534
valid	LA	1709	0.1446201231112076
valid	LA	1710	0.1444037937090009
valid	LA	1711	0.13119387212484643
valid	LA	1712	0.14389909881589433
valid	LA	1713	0.17428679129976807
valid	LA	1714	0.08428487280939942
valid	LA	1715	0.1273669752512511
valid	LA	1716	0.12184122621578342
valid	LA	1717	0.11377662263243406
valid	LA	1718	0.15519615357572591
valid	LA	1719	0.1588286790576429
valid	LA	1720	0.13053158831734657
valid	LA	1721	0.11864854291760346
valid	LA	1722	0.13276773156762645
valid	LA	1723	0.1058781588259187
valid	LA	1724	0.11423856363182916
valid	LA	1725	0.1413836003162528
valid	LA	1726	0.14268939125642766
valid	LA	1727	0.09159891722823059
valid	LA	1728	0.13071566128154655
valid	LA	1729	0.11211567877077686
valid	LA	1730	0.1387289508385952
valid	LA	1731	0.18598301899911657
valid	LA	1732	0.14912971016058954
valid	LA	1733	0.1408869096206211
valid	LA	1734	0.17451653154986618
valid	LA	1735	0.13387395383714418
valid	LA	1736	0.1579814395895451
valid	LA	1737	0.1351450199769227
valid	LA	1738	0.1088139478395494
valid	LA	1739	0.14071540717190112
valid	LA	1740	0.11262228092546067
valid	LA	1741	0.08425002332456033
valid	LA	1742	0.1462076023040828
valid	LA	1743	0.14287630261227252
valid	LA	1744	0.12672864736479977
valid	LA	1745	0.15418143132224124
valid	LA	1746	0.1279019627605947
valid	LA	1747	0.10479662808343879
valid	LA	1748	0.13982630562382944
valid	LA	1749	0.1331826807658356
valid	LA	1750	0.1037650179773873
valid	LA	1751	0.13765469897804594
valid	LA	1752	0.14725845707901325
valid	LA	1753	0.08544171766151244
valid	LA	1754	0.12510131882020667
valid	LA	1755	0.15392005109102522
valid	LA	1756	0.10682924073273728
valid	LA	1757	0.11628341215532459
valid	LA	1758	0.124706899867214
valid	LA	1759	0.16681797657532058
valid	LA	1760	0.1365473318451327
valid	LA	1761	0.1147527839451275
valid	LA	1762	0.12414780612263875
valid	LA	1763	0.13839215969970742
valid	LA	1764	0.12253559242056518
valid	LA	1765	0.16703129289003113
valid	LA	1766	0.1438840121398919
valid	LA	1767	0.11432415076717234
valid	LA	1768	0.14152375154245408
valid	LA	1769	0.12547300808436074
valid	LA	1770	0.14029162864713215
valid	LA	1771	0.1307239407120717
valid	LA	1772	0.11250465127448107
valid	LA	1773	0.11693756624584398
valid	LA	1774	0.11573851435394872
valid	LA	1775	0.12476476079038887
valid	LA	1776	0.1506051832965631
valid	LA	1777	0.1379877391336886
valid	LA	1778	0.12294160234335878
valid	LA	1779	0.11248528642474045
valid	LA	1780	0.12128496088175501
valid	LA	1781	0.14426272926393213
valid	LA	1782	0.11599262885631187
valid	LA	1783	0.1551470457553353
valid	LA	1784	0.140443908150206
valid	LA	1785	0.12637462842244065
valid	LA	1786	0.11103547291959416
valid	LA	1787	0.1479909628464842
valid	LA	1788	0.10286955015004426
valid	LA	1789	0.12764365204354028
valid	LA	1790	0.1250496123831528
valid	LA	1791	0.108001632496884
valid	LA	1792	0.14207307253948628
valid	LA	1793	0.14311899795609073
valid	LA	1794	0.143295883462334
valid	LA	1795	0.09510626956501708
valid	LA	1796	0.14127929024657374
valid	LA	1797	0.1014844013101605
valid	LA	1798	0.11332261900741981
valid	LA	1799	0.1291422958249403
valid	LA	1800	0.16037150124249094
valid	LA	1801	0.14104469309549406
valid	LA	1802	0.10832642544190996
valid	LA	1803	0.06761776677884243
valid	LA	1804	0.1504536735048568
valid	LA	1805	0.10960447590305263
valid	LA	1806	0.15570394307513255
valid	LA	1807	0.10766878473244548
valid	LA	1808	0.14161508440215345
valid	LA	1809	0.14297324285876706
valid	LA	1810	0.12452811985554159
valid	LA	1811	0.12673714789540866
valid	LA	1812	0.1535280865456318
valid	LA	1813	0.12151408176155878
valid	LA	1814	0.11786591666406444
valid	LA	1815	0.08557102677419597
valid	LA	1816	0.1303211064206274
valid	LA	1817	0.10335755162804866
valid	LA	1818	0.13630607315082083
valid	LA	1819	0.14261810866711594
valid	LA	1820	0.12283321933340417
valid	LA	1821	0.135512959678101
valid	LA	1822	0.13734817604584393
valid	LA	1823	0.0983011683580457
valid	LA	1824	0.1141969769956446
valid	LA	1825	0.1047190145663287
valid	LA	1826	0.10734975372154217
valid	LA	1827	0.14970036373725334
valid	LA	1828	0.09465628748512887
valid	LA	1829	0.12524261496902808
valid	LA	1830	0.147557585187989
valid	LA	1831	0.11011841812995248
valid	LA	1832	0.11240175004695713
valid	LA	1833	0.0813836992665465
valid	LA	1834	0.16915333229080826
valid	LA	1835	0.13221142971223254
valid	LA	1836	0.089350856161803
valid	LA	1837	0.13482981689459142
valid	LA	1838	0.11231667389785364
valid	LA	1839	0.13073402088662606
valid	LA	1840	0.1170149946499474
valid	LA	1841	0.09999963262093897
valid	LA	1842	0.13300247020567724
valid	LA	1843	0.1241458839374277
valid	LA	1844	0.11278391984383403
valid	LA	1845	0.1747234357706432
valid	LA	1846	0.11485487310403784
valid	LA	1847	0.1275383190480679
valid	LA	1848	0.1148882856436758
valid	LA	1849	0.11676106978000446
valid	LA	1850	0.14540694043229394
valid	LA	1851	0.13201159559891298
valid	LA	1852	0.1716214068803255
valid	LA	1853	0.12663163088502757
valid	LA	1854	0.1550808288082205
valid	LA	1855	0.17931964106294918
valid	LA	1856	0.1580565751059103
valid	LA	1857	0.10255220489716353
valid	LA	1858	0.08285221936073411
valid	LA	1859	0.1601514945733885
valid	LA	1860	0.10385148358113201
valid	LA	1861	0.13276626374548137
valid	LA	1862	0.09629974382079182
valid	LA	1863	0.14088976950956864
valid	LA	1864	0.10461122567439222
valid	LA	1865	0.11709804810776898
valid	LA	1866	0.13671888310320252
valid	LA	1867	0.14436092086807428
valid	LA	1868	0.10648885420056765
valid	LA	1869	0.11585893005302283
valid	LA	1870	0.15657970401737448
valid	LA	1871	0.12964496654020544
valid	LA	1872	0.1237366324914953
valid	LA	1873	0.10326937410129831
valid	LA	1874	0.11845449088041159
valid	LA	1875	0.14730069542592888
valid	LA	1876	0.14315226118426094
valid	LA	1877	0.13123774238496008
valid	LA	1878	0.13833253533841022
valid	LA	1879	0.1540768028780249
valid	LA	1880	0.13546947164367096
valid	LA	1881	0.1280486476536466
valid	LA	1882	0.10700936901757649
valid	LA	1883	0.18362338993827587
valid	LA	1884	0.11924067532158025
valid	LA	1885	0.12379776101885519
valid	LA	1886	0.11078036742886374
valid	LA	1887	0.16545657138725603
valid	LA	1888	0.12434911378889167
valid	LA	1889	0.1263889230295454
valid	LA	1890	0.12548561271577158
valid	LA	1891	0.12293287539479784
valid	LA	1892	0.16514932902590743
valid	LA	1893	0.152764831501699
valid	LA	1894	0.10922580655112411
valid	LA	1895	0.12042694142799042
valid	LA	1896	0.1393076326130432
valid	LA	1897	0.15049574749478212
valid	LA	1898	0.11761720781499793
valid	LA	1899	0.128820325694312
valid	LA	1900	0.08921527966382432
valid	LA	1901	0.14587081241325894
valid	LA	1902	0.13543102648943825
valid	LA	1903	0.10979910885828735
valid	LA	1904	0.11313348404828524
valid	LA	1905	0.15922329419118517
valid	LA	1906	0.1172288905357872
valid	LA	1907	0.10621012831862851
valid	LA	1908	0.11959500352238833
valid	LA	1909	0.1603428098005943
valid	LA	1910	0.10968506212415041
valid	LA	1911	0.13773403799907907
valid	LA	1912	0.1393045566534042
valid	LA	1913	0.12789582261703056
valid	LA	1914	0.11796402937385171
valid	LA	1915	0.13472623831479894
valid	LA	1916	0.15070285327682598
valid	LA	1917	0.1482805262447355
valid	LA	1918	0.14735886095138748
valid	LA	1919	0.12598317221880095
valid	LA	1920	0.1480565921808852
valid	LA	1921	0.13323862574751966
valid	LA	1922	0.15425993674810795
valid	LA	1923	0.1630750747583308
valid	LA	1924	0.14888785074123934
valid	LA	1925	0.0884540963116742
valid	LA	1926	0.1154725245062175
valid	LA	1927	0.123941208831381
valid	LA	1928	0.12000730127027094
valid	LA	1929	0.13358987778465134
valid	LA	1930	0.13684645207163162
valid	LA	1931	0.11255819156162707
valid	LA	1932	0.11291282184217917
valid	LA	1933	0.12517598709396374
valid	LA	1934	0.14770204444976343
valid	LA	1935	0.11517115369972197
valid	LA	1936	0.13554695399202538
valid	LA	1937	0.12017699493830902
valid	LA	1938	0.20283382065873415
valid	LA	1939	0.15281392776592329
valid	LA	1940	0.11893075901589793
valid	LA	1941	0.12546247086440937
valid	LA	1942	0.15091793228078762
valid	LA	1943	0.1500728036731125
valid	LA	1944	0.13529427343218547
valid	LA	1945	0.11549074027650409
valid	LA	1946	0.1443292673734232
valid	LA	1947	0.13976718726653084
valid	LA	1948	0.12084130831860478
valid	LA	1949	0.1224351423415161
valid	LA	1950	0.1539782554756245
valid	LA	1951	0.1403992700627162
valid	LA	1952	0.12524774062505326
valid	LA	1953	0.18284236468672607
valid	LA	1954	0.1489000318480606
valid	LA	1955	0.10936332505596442
valid	LA	1956	0.11200196771114518
valid	LA	1957	0.2171405537962304
valid	LA	1958	0.10197715397079483
valid	LA	1959	0.13142348481614402
valid	LA	1960	0.12481160752803352
valid	LA	1961	0.14371684637866866
valid	LA	1962	0.1009826428693187
valid	LA	1963	0.11415182217116832
valid	LA	1964	0.16730064466099442
valid	LA	1965	0.14296004059628567
valid	LA	1966	0.10373659854849447
valid	LA	1967	0.12167466356719774
valid	LA	1968	0.14022082781164824
valid	LA	1969	0.10580510411930484
valid	LA	1970	0.14125829263856401
valid	LA	1971	0.1413116366474912
valid	LA	1972	0.15206840034777383
valid	LA	1973	0.11686928322941505
valid	LA	1974	0.10250447769270021
valid	LA	1975	0.12996540051628624
valid	LA	1976	0.14125480574415647
valid	LA	1977	0.1575790853311957
valid	LA	1978	0.11086607399965763
valid	LA	1979	0.13014150320998538
valid	LA	1980	0.12384671943825273
valid	LA	1981	0.11462764102188149
valid	LA	1982	0.10164605211929034
valid	LA	1983	0.10290748907261009
valid	LA	1984	0.11421326319263461
valid	LA	1985	0.12912835093377245
valid	LA	1986	0.12518152824096365
valid	LA	1987	0.11088041395495093
valid	LA	1988	0.15783268554492635
valid	LA	1989	0.15117021339373973
valid	LA	1990	0.14027297913651923
valid	LA	1991	0.10719774010953613
valid	LA	1992	0.12187095401748312
valid	LA	1993	0.16032738909079278
valid	LA	1994	0.14196085773640407
valid	LA	1995	0.13967193956630214
valid	LA	1996	0.11447658906745745
valid	LA	1997	0.15931368600851306
valid	LA	1998	0.1100072485715119
valid	LA	1999	0.13711319545823727
valid	LV	0	0.11758491343125137
valid	LV	1	0.12885214761140867
valid	LV	2	0.12178222882713448
valid	LV	3	0.163596044344931
valid	LV	4	0.12957714777023202
valid	LV	5	0.16212216704077456
valid	LV	6	0.11732834777746329
valid	LV	7	0.09669497805141682
valid	LV	8	0.14728938767604408
valid	LV	9	0.13621098002603982
valid	LV	10	0.1380637161659845
valid	LV	11	0.12868290168942356
valid	LV	12	0.11476836796574187
valid	LV	13	0.14791177207077227
valid	LV	14	0.10047533098897686
valid	LV	15	0.10680385520809936
valid	LV	16	0.08922716157281756
valid	LV	17	0.11722243202078945
valid	LV	18	0.0963485348676107
valid	LV	19	0.1436278089728656
valid	LV	20	0.11669331741203734
valid	LV	21	0.14123475016475912
valid	LV	22	0.10890242483419073
valid	LV	23	0.12721010029939364
valid	LV	24	0.14658486344390226
valid	LV	25	0.11532349114986132
valid	LV	26	0.09305753375646555
valid	LV	27	0.14031869640858288
valid	LV	28	0.11122658805721192
valid	LV	29	0.13518063503213307
valid	LV	30	0.12864412141088385
valid	LV	31	0.08832571373642206
valid	LV	32	0.10586785301263425
valid	LV	33	0.10973026219881732
valid	LV	34	0.14716218480640825
valid	LV	35	0.13502189708971327
valid	LV	36	0.13370006438666765
valid	LV	37	0.1384438610797459
valid	LV	38	0.1586953748677089
valid	LV	39	0.11813291433712346
valid	LV	40	0.09850076403379873
valid	LV	41	0.10707240685107922
valid	LV	42	0.11444730623128531
valid	LV	43	0.08006781033469883
valid	LV	44	0.12454757849256459
valid	LV	45	0.10710600605266568
valid	LV	46	0.14860822442081015
valid	LV	47	0.13387300262811702
valid	LV	48	0.13758485912326826
valid	LV	49	0.10638651658030375
valid	LV	50	0.1469832031437604
valid	LV	51	0.174296068919437
valid	LV	52	0.1362530016841245
valid	LV	53	0.13218824109211838
valid	LV	54	0.12405566111274192
valid	LV	55	0.12481734589671034
valid	LV	56	0.11685750737276808
valid	LV	57	0.12349598615267154
valid	LV	58	0.1373137736956859
valid	LV	59	0.11655394303781613
valid	LV	60	0.13130137218508575
valid	LV	61	0.05664077187191958
valid	LV	62	0.11445944944472417
valid	LV	63	0.1102634981507673
valid	LV	64	0.12721263262072358
valid	LV	65	0.08522063403336572
valid	LV	66	0.12337645868933585
valid	LV	67	0.13181223364526587
valid	LV	68	0.07310229805378501
valid	LV	69	0.1407434301343484
valid	LV	70	0.1416211625666991
valid	LV	71	0.09004006156453173
valid	LV	72	0.09030692346481248
valid	LV	73	0.0892570592668003
valid	LV	74	0.14652390310214602
valid	LV	75	0.11366029472304023
valid	LV	76	0.13582666929317344
valid	LV	77	0.09717394528463753
valid	LV	78	0.10428808090016917
valid	LV	79	0.12162120857591577
valid	LV	80	0.10681812799331819
valid	LV	81	0.110202014250478
valid	LV	82	0.11850502238689356
valid	LV	83	0.1637301186760791
valid	LV	84	0.10480299525934678
valid	LV	85	0.10306173101857495
valid	LV	86	0.13166034389252243
valid	LV	87	0.10656619077355158
valid	LV	88	0.08782604210734027
valid	LV	89	0.15647922610251613
valid	LV	90	0.1311941204466371
valid	LV	91	0.153296937657786
valid	LV	92	0.13234534833619788
valid	LV	93	0.12241357410726188
valid	LV	94	0.1301688645645764
valid	LV	95	0.11606549832668003
valid	LV	96	0.13176504554139024
valid	LV	97	0.17145751492224914
valid	LV	98	0.11292971760271765
valid	LV	99	0.08848335012757334
valid	LV	100	0.13501707959462494
valid	LV	101	0.1090662368454429
valid	LV	102	0.08956607259817966
valid	LV	103	0.13236398335414107
valid	LV	104	0.16044790119573266
valid	LV	105	0.16633533697010072
valid	LV	106	0.08502424450440228
valid	LV	107	0.15804969839312044
valid	LV	108	0.1104134658845008
valid	LV	109	0.11602489596358029
valid	LV	110	0.1285389792518773
valid	LV	111	0.11807198111688935
valid	LV	112	0.1388246842568151
valid	LV	113	0.11437102760398853
valid	LV	114	0.10527081885235141
valid	LV	115	0.14065541941361182
valid	LV	116	0.11517949735000688
valid	LV	117	0.14686692020633674
valid	LV	118	0.1143581572047025
valid	LV	119	0.12374422371119417
valid	LV	120	0.11557542597039482
valid	LV	121	0.16627030182135566
valid	LV	122	0.14654625458512838
valid	LV	123	0.1393861736444481
valid	LV	124	0.10789756735027478
valid	LV	125	0.14770552561071731
valid	LV	126	0.10706622985687221
valid	LV	127	0.12915703650709165
valid	LV	128	0.07079805561708129
valid	LV	129	0.1426011191968127
valid	LV	130	0.1325765037262704
valid	LV	131	0.10299157693884402
valid	LV	132	0.1411887824263803
valid	LV	133	0.12463040682083976
valid	LV	134	0.11215783996579329
valid	LV	135	0.11018767646739154
valid	LV	136	0.11363283887449496
valid	LV	137	0.13425182804541036
valid	LV	138	0.1252191111086767
valid	LV	139	0.12821416589508355
valid	LV	140	0.16687551659768007
valid	LV	141	0.11560533345029578
valid	LV	142	0.1440545041339748
valid	LV	143	0.11599557310187245
valid	LV	144	0.08330820091161996
valid	LV	145	0.15626268389118766
valid	LV	146	0.173295191952751
valid	LV	147	0.12489298806133939
valid	LV	148	0.13050379315345803
valid	LV	149	0.10669360574350555
valid	LV	150	0.14999733558799094
valid	LV	151	0.14740520219317835
valid	LV	152	0.14968680119159022
valid	LV	153	0.10856699912864493
valid	LV	154	0.055193421419528176
valid	LV	155	0.13348378599146313
valid	LV	156	0.11863169922567694
valid	LV	157	0.1472156098409372
valid	LV	158	0.11460434003259745
valid	LV	159	0.12406684276776021
valid	LV	160	0.12346484456568917
valid	LV	161	0.1375671119698646
valid	LV	162	0.1100039294878627
valid	LV	163	0.10335712690586281
valid	LV	164	0.11514373800819856
valid	LV	165	0.09907654934809508
valid	LV	166	0.08671275935504309
valid	LV	167	0.08269859059380553
valid	LV	168	0.14589403723811317
valid	LV	169	0.11457856880160076
valid	LV	170	0.133032039743543
valid	LV	171	0.12361756933870988
valid	LV	172	0.13292017157870376
valid	LV	173	0.1466923501502645
valid	LV	174	0.11564291127785514
valid	LV	175	0.11827147199496112
valid	LV	176	0.16297208901426274
valid	LV	177	0.07948474854281791
valid	LV	178	0.08486527506472738
valid	LV	179	0.10627829064607487
valid	LV	180	0.13218444422881537
valid	LV	181	0.12704969849130582
valid	LV	182	0.09568943591239433
valid	LV	183	0.11448947485450936
valid	LV	184	0.11206829423828361
valid	LV	185	0.08560214104705233
valid	LV	186	0.13799527500427972
valid	LV	187	0.13089626326393858
valid	LV	188	0.13337137124263992
valid	LV	189	0.13754570808387875
valid	LV	190	0.12310011515664844
valid	LV	191	0.14744206787466832
valid	LV	192	0.13688587301316735
valid	LV	193	0.13376868597726227
valid	LV	194	0.11561092108144198
valid	LV	195	0.11343822232629641
valid	LV	196	0.15565650693423913
valid	LV	197	0.1352419277153222
valid	LV	198	0.08648036322131213
valid	LV	199	0.11658363704985007
valid	LV	200	0.14478752057952754
valid	LV	201	0.12858312809702044
valid	LV	202	0.1135041898524998
valid	LV	203	0.1129236177043793
valid	LV	204	0.10186973660397076
valid	LV	205	0.10812745625922043
valid	LV	206	0.1094763998021642
valid	LV	207	0.10649585958266489
valid	LV	208	0.15062809055382942
valid	LV	209	0.10928547145395286
valid	LV	210	0.12424438973587794
valid	LV	211	0.14259367013186755
valid	LV	212	0.1072475503861049
valid	LV	213	0.06684899869717208
valid	LV	214	0.13383427071552215
valid	LV	215	0.11952447028147035
valid	LV	216	0.13342629734360206
valid	LV	217	0.11231297930701536
valid	LV	218	0.16170828236043225
valid	LV	219	0.12990937303689032
valid	LV	220	0.14807026282597507
valid	LV	221	0.12236058496475871
valid	LV	222	0.1562612653617504
valid	LV	223	0.15027605132394772
valid	LV	224	0.14300123059997985
valid	LV	225	0.15968158930155016
valid	LV	226	0.0710547355804439
valid	LV	227	0.13673850399577114
valid	LV	228	0.13826121624726767
valid	LV	229	0.16170905783952907
valid	LV	230	0.12875534577567424
valid	LV	231	0.18428613480208092
valid	LV	232	0.08408936521752848
valid	LV	233	0.11949029758778698
valid	LV	234	0.11901218798218319
valid	LV	235	0.1318929345902665
valid	LV	236	0.13345579356610207
valid	LV	237	0.08207214434822889
valid	LV	238	0.12130246761314856
valid	LV	239	0.13373803513516308
valid	LV	240	0.13189198935384347
valid	LV	241	0.14374455246538187
valid	LV	242	0.09246220658816401
valid	LV	243	0.1541186814867205
valid	LV	244	0.14620332196817953
valid	LV	245	0.06324685348180573
valid	LV	246	0.11614677077005402
valid	LV	247	0.10862406476112987
valid	LV	248	0.1495218506132905
valid	LV	249	0.07942241924272439
valid	LV	250	0.08668736408694361
valid	LV	251	0.1433267256519681
valid	LV	252	0.10964319051907048
valid	LV	253	0.12831961388347288
valid	LV	254	0.08542751137853752
valid	LV	255	0.11118085508638412
valid	LV	256	0.1134108262483677
valid	LV	257	0.11019317207173324
valid	LV	258	0.12994460267025132
valid	LV	259	0.14029156266848536
valid	LV	260	0.14492879077220258
valid	LV	261	0.10232365538145052
valid	LV	262	0.10770233467157006
valid	LV	263	0.11906656399611937
valid	LV	264	0.11197749037532391
valid	LV	265	0.14092761880931773
valid	LV	266	0.11675355164258215
valid	LV	267	0.12684107973107348
valid	LV	268	0.14909281731020796
valid	LV	269	0.14184558223364985
valid	LV	270	0.11082336797357985
valid	LV	271	0.12803327380295995
valid	LV	272	0.14902986559308168
valid	LV	273	0.13824181007211095
valid	LV	274	0.10226421490728234
valid	LV	275	0.10656564019244767
valid	LV	276	0.11772495153039375
valid	LV	277	0.11084250343808473
valid	LV	278	0.11107145714186624
valid	LV	279	0.12058216223961514
valid	LV	280	0.11710377021465541
valid	LV	281	0.1387398053249784
valid	LV	282	0.10637523030177556
valid	LV	283	0.15546116768131144
valid	LV	284	0.11923040085405805
valid	LV	285	0.10632062773155286
valid	LV	286	0.09423580924105214
valid	LV	287	0.1247066879906388
valid	LV	288	0.13611729817859394
valid	LV	289	0.1267977922399334
valid	LV	290	0.13670588451585822
valid	LV	291	0.1314655749362136
valid	LV	292	0.1056423775345445
valid	LV	293	0.12981455636624942
valid	LV	294	0.13566233830376986
valid	LV	295	0.17677438927833827
valid	LV	296	0.11234815467013705
valid	LV	297	0.14869547265693359
valid	LV	298	0.12408771425845708
valid	LV	299	0.1266697721337966
valid	LV	300	0.09134298976181161
valid	LV	301	0.10091682685531811
valid	LV	302	0.12861525698827905
valid	LV	303	0.16084632460059167
valid	LV	304	0.1141491936911146
valid	LV	305	0.1289210832730985
valid	LV	306	0.14844059155894623
valid	LV	307	0.13005659548578896
valid	LV	308	0.113455039427965
valid	LV	309	0.1530040504211007
valid	LV	310	0.1043130688172853
valid	LV	311	0.1340539890159489
valid	LV	312	0.1296601935888103
valid	LV	313	0.12668324017859808
valid	LV	314	0.09206227513610123
valid	LV	315	0.1172657461466361
valid	LV	316	0.13814286444048263
valid	LV	317	0.13821659913689496
valid	LV	318	0.13433774127520076
valid	LV	319	0.1079736468990242
valid	LV	320	0.11663664546289147
valid	LV	321	0.08159565518126213
valid	LV	322	0.14219526779325134
valid	LV	323	0.13961322927502456
valid	LV	324	0.11716147302413854
valid	LV	325	0.12446349606908866
valid	LV	326	0.11596197149149666
valid	LV	327	0.10556028982060979
valid	LV	328	0.12498616380827118
valid	LV	329	0.11514459278867534
valid	LV	330	0.1591369496325108
valid	LV	331	0.1187252379379509
valid	LV	332	0.07630249710349295
valid	LV	333	0.1511945723105092
valid	LV	334	0.0867327269899065
valid	LV	335	0.14255117222001007
valid	LV	336	0.12171872389286693
valid	LV	337	0.09909291551073302
valid	LV	338	0.11814980031053703
valid	LV	339	0.07722169742109362
valid	LV	340	0.10651735020177482
valid	LV	341	0.11427864740134232
valid	LV	342	0.11953132251033355
valid	LV	343	0.148299953332815
valid	LV	344	0.07749527027524931
valid	LV	345	0.14283215544000752
valid	LV	346	0.08443245121358865
valid	LV	347	0.12413223825378926
valid	LV	348	0.11603467908280361
valid	LV	349	0.12644129796583745
valid	LV	350	0.17431539244632174
valid	LV	351	0.09958417685062287
valid	LV	352	0.10365984948885457
valid	LV	353	0.15177341934766528
valid	LV	354	0.14330143700195502
valid	LV	355	0.10761933669326564
valid	LV	356	0.11072271985699994
valid	LV	357	0.14161315381188017
valid	LV	358	0.08479010392688281
valid	LV	359	0.11764247111282926
valid	LV	360	0.16014265410024958
valid	LV	361	0.14680615478332287
valid	LV	362	0.11442395197722255
valid	LV	363	0.14566443881855815
valid	LV	364	0.07951287085040784
valid	LV	365	0.14315754152438392
valid	LV	366	0.11583090937656523
valid	LV	367	0.10266506635084591
valid	LV	368	0.16726106846643607
valid	LV	369	0.120645136260076
valid	LV	370	0.14172645265216816
valid	LV	371	0.12229300954900511
valid	LV	372	0.09770144056916197
valid	LV	373	0.1466968734854957
valid	LV	374	0.11353194722295719
valid	LV	375	0.11089845197300457
valid	LV	376	0.10203764862567224
valid	LV	377	0.12183524768274653
valid	LV	378	0.16026984586843
valid	LV	379	0.10063443734650424
valid	LV	380	0.1422593781667935
valid	LV	381	0.12201373120380292
valid	LV	382	0.07552926706074255
valid	LV	383	0.1406580013563274
valid	LV	384	0.14636260759481604
valid	LV	385	0.1388825265365067
valid	LV	386	0.11219653666350075
valid	LV	387	0.13046213063865494
valid	LV	388	0.1405160891623419
valid	LV	389	0.12987996816944045
valid	LV	390	0.12994929544794195
valid	LV	391	0.10983658646381586
valid	LV	392	0.11789990328880752
valid	LV	393	0.1536043800387829
valid	LV	394	0.10095350946779692
valid	LV	395	0.14698598308018393
valid	LV	396	0.12044002377600906
valid	LV	397	0.10175568944322712
valid	LV	398	0.09116890552759965
valid	LV	399	0.1347293799470573
valid	LV	400	0.12392431301017083
valid	LV	401	0.10608077177244356
valid	LV	402	0.12273055280782677
valid	LV	403	0.13342843302640445
valid	LV	404	0.12982213951423097
valid	LV	405	0.11863156405667223
valid	LV	406	0.1242635671231518
valid	LV	407	0.12668424580024912
valid	LV	408	0.10716520543870477
valid	LV	409	0.14994860379879427
valid	LV	410	0.09842963741558912
valid	LV	411	0.12502966050499054
valid	LV	412	0.07743125910651254
valid	LV	413	0.10321436587467608
valid	LV	414	0.090500207890693
valid	LV	415	0.1068082053956533
valid	LV	416	0.11420842556515845
valid	LV	417	0.13065932955157986
valid	LV	418	0.15846942776493214
valid	LV	419	0.13353124741146613
valid	LV	420	0.13597994678378283
valid	LV	421	0.10635262497828257
valid	LV	422	0.09593565603555396
valid	LV	423	0.1293511360199156
valid	LV	424	0.13574755490403606
valid	LV	425	0.13610675169152633
valid	LV	426	0.14057001887275378
valid	LV	427	0.11347584561609508
valid	LV	428	0.1065208612326053
valid	LV	429	0.17205348228161357
valid	LV	430	0.11550820436099579
valid	LV	431	0.13405728648895238
valid	LV	432	0.10187882733903561
valid	LV	433	0.10654054702962995
valid	LV	434	0.16962148922487658
valid	LV	435	0.11022226170478329
valid	LV	436	0.10586609864748185
valid	LV	437	0.11812090544495796
valid	LV	438	0.15283100566604113
valid	LV	439	0.1378202661117335
valid	LV	440	0.1448051408933789
valid	LV	441	0.13069779491265573
valid	LV	442	0.14959875554449378
valid	LV	443	0.11830063078257025
valid	LV	444	0.13422928815194363
valid	LV	445	0.0760319817186871
valid	LV	446	0.09448921212706549
valid	LV	447	0.14292896146091466
valid	LV	448	0.1757274982291563
valid	LV	449	0.155931100326863
valid	LV	450	0.1226841139344062
valid	LV	451	0.1445075244416301
valid	LV	452	0.10338265791347626
valid	LV	453	0.08751281028648893
valid	LV	454	0.0992577409735775
valid	LV	455	0.12298731849133711
valid	LV	456	0.13330121934227543
valid	LV	457	0.12705355037510802
valid	LV	458	0.1316225511918034
valid	LV	459	0.12057630540770638
valid	LV	460	0.10134258801311223
valid	LV	461	0.14865138056194144
valid	LV	462	0.1325515593200235
valid	LV	463	0.08892298526469493
valid	LV	464	0.10831324732854461
valid	LV	465	0.11941020494559498
valid	LV	466	0.1648900052865285
valid	LV	467	0.09049087687640624
valid	LV	468	0.08812206963605983
valid	LV	469	0.1384211046538007
valid	LV	470	0.13445829049479632
valid	LV	471	0.09363117138469468
valid	LV	472	0.08099906502555336
valid	LV	473	0.12680634681211123
valid	LV	474	0.07507244514513296
valid	LV	475	0.13066574532179714
valid	LV	476	0.12350768037816685
valid	LV	477	0.11916384648240015
valid	LV	478	0.11379252415831571
valid	LV	479	0.09279946513156867
valid	LV	480	0.1087598819720926
valid	LV	481	0.0987145798065187
valid	LV	482	0.12731898203898517
valid	LV	483	0.13980802996985556
valid	LV	484	0.12708819497371768
valid	LV	485	0.1322334568894417
valid	LV	486	0.13639260481031512
valid	LV	487	0.11676643430724809
valid	LV	488	0.10570636263620016
valid	LV	489	0.12425756106137413
valid	LV	490	0.13366812103924333
valid	LV	491	0.10779575569606974
valid	LV	492	0.1392408928045959
valid	LV	493	0.14064112393974584
valid	LV	494	0.11008237180345336
valid	LV	495	0.14908018976196152
valid	LV	496	0.10208544717757037
valid	LV	497	0.11296906330661816
valid	LV	498	0.11484951565277948
valid	LV	499	0.13318162977854212
valid	LV	500	0.1516213541987025
valid	LV	501	0.15901916959245968
valid	LV	502	0.13880694267153507
valid	LV	503	0.13459952924399454
valid	LV	504	0.1635402048610339
valid	LV	505	0.15703662926005416
valid	LV	506	0.1243701770199782
valid	LV	507	0.06822523069830862
valid	LV	508	0.1324332980403131
valid	LV	509	0.09585148041475501
valid	LV	510	0.10037094421904813
valid	LV	511	0.11666883551428578
valid	LV	512	0.14698192436814822
valid	LV	513	0.14936614741894885
valid	LV	514	0.09579140689504262
valid	LV	515	0.1152560228749676
valid	LV	516	0.15866098643439303
valid	LV	517	0.12133095638287177
valid	LV	518	0.10202365199631716
valid	LV	519	0.13678034862348815
valid	LV	520	0.12076549064017968
valid	LV	521	0.11137130482875666
valid	LV	522	0.1140546443398324
valid	LV	523	0.13217336758633946
valid	LV	524	0.1372888014207727
valid	LV	525	0.1138241043246073
valid	LV	526	0.1515452272631233
valid	LV	527	0.11432931030483354
valid	LV	528	0.11455172380867526
valid	LV	529	0.12073409894385767
valid	LV	530	0.12287699066187459
valid	LV	531	0.121517732506334
valid	LV	532	0.10574235560059099
valid	LV	533	0.13164950210223064
valid	LV	534	0.14419988609639278
valid	LV	535	0.11362362479253782
valid	LV	536	0.14040507650035086
valid	LV	537	0.16578460116183447
valid	LV	538	0.14629221888222815
valid	LV	539	0.10454874980244512
valid	LV	540	0.1653910371797041
valid	LV	541	0.10048123402328678
valid	LV	542	0.10109223236593905
valid	LV	543	0.13378064545421914
valid	LV	544	0.14062175985820055
valid	LV	545	0.13772351949665568
valid	LV	546	0.09512125002174204
valid	LV	547	0.1429663426046572
valid	LV	548	0.12144190862831665
valid	LV	549	0.11356224007234363
valid	LV	550	0.1102596071399948
valid	LV	551	0.13398604655971333
valid	LV	552	0.173825379340219
valid	LV	553	0.13120365063621908
valid	LV	554	0.10480145881831687
valid	LV	555	0.13079375079789782
valid	LV	556	0.08882885116830269
valid	LV	557	0.14128503124811936
valid	LV	558	0.16027820377197435
valid	LV	559	0.1261391472638075
valid	LV	560	0.12252092740876945
valid	LV	561	0.13103260656564397
valid	LV	562	0.08923654914369743
valid	LV	563	0.14668556773642144
valid	LV	564	0.14023291672096866
valid	LV	565	0.09252468384314072
valid	LV	566	0.10980752964180863
valid	LV	567	0.12362554284801645
valid	LV	568	0.10412744415147661
valid	LV	569	0.16270478975355485
valid	LV	570	0.09048685754664962
valid	LV	571	0.10568799828743483
valid	LV	572	0.11280149230471505
valid	LV	573	0.10670341724336725
valid	LV	574	0.16277714407041005
valid	LV	575	0.12718190131630658
valid	LV	576	0.1357757084033284
valid	LV	577	0.10150576711030783
valid	LV	578	0.09669409602373091
valid	LV	579	0.1283615969416716
valid	LV	580	0.12516926561476138
valid	LV	581	0.16521912415569756
valid	LV	582	0.15855946889898803
valid	LV	583	0.10508763913541272
valid	LV	584	0.13628835227887676
valid	LV	585	0.1407444137124808
valid	LV	586	0.16167161774430736
valid	LV	587	0.1119163311376493
valid	LV	588	0.13205795541551638
valid	LV	589	0.13119627062379643
valid	LV	590	0.14991723149687422
valid	LV	591	0.1114182646535853
valid	LV	592	0.11003676692633842
valid	LV	593	0.08295904390962709
valid	LV	594	0.10746609790911757
valid	LV	595	0.13038738864642752
valid	LV	596	0.09591574659771461
valid	LV	597	0.11423341897069869
valid	LV	598	0.12638923510435146
valid	LV	599	0.15257919486613264
valid	LV	600	0.12575667798694165
valid	LV	601	0.1450381324643943
valid	LV	602	0.11725781358576293
valid	LV	603	0.16840688016856126
valid	LV	604	0.1129217011074976
valid	LV	605	0.12543142421248663
valid	LV	606	0.11405392014146869
valid	LV	607	0.12040422914308388
valid	LV	608	0.0614898814879367
valid	LV	609	0.13024023092899376
valid	LV	610	0.13198125015848533
valid	LV	611	0.15944130073097862
valid	LV	612	0.11392522324533279
valid	LV	613	0.10745118742950821
valid	LV	614	0.12292828373869495
valid	LV	615	0.131519872495114
valid	LV	616	0.11537806290769134
valid	LV	617	0.19506706605374488
valid	LV	618	0.1102732980542648
valid	LV	619	0.10309714933670346
valid	LV	620	0.14901416149728686
valid	LV	621	0.14431839577004535
valid	LV	622	0.1267154033217848
valid	LV	623	0.13676394260744115
valid	LV	624	0.07891269494528677
valid	LV	625	0.11333932447362503
valid	LV	626	0.12361769591706524
valid	LV	627	0.15306967169621566
valid	LV	628	0.12821441251586305
valid	LV	629	0.1279914186467494
valid	LV	630	0.10790426606394804
valid	LV	631	0.11467533982840442
valid	LV	632	0.1002184758335112
valid	LV	633	0.1377752678952049
valid	LV	634	0.07751486085831444
valid	LV	635	0.12653866293446978
valid	LV	636	0.12142976806570704
valid	LV	637	0.15481814693539223
valid	LV	638	0.130150871840524
valid	LV	639	0.11065264135123884
valid	LV	640	0.11369216569036635
valid	LV	641	0.1739447786636003
valid	LV	642	0.11585916743510685
valid	LV	643	0.16923852771829356
valid	LV	644	0.11285065083080582
valid	LV	645	0.12186489206876334
valid	LV	646	0.1141372682993622
valid	LV	647	0.11087965687146403
valid	LV	648	0.13620671771214074
valid	LV	649	0.12111040602282667
valid	LV	650	0.12954945776012736
valid	LV	651	0.16958827970211035
valid	LV	652	0.14462194249525698
valid	LV	653	0.1698422076412957
valid	LV	654	0.11412727149554865
valid	LV	655	0.085374121272691
valid	LV	656	0.11835518270008694
valid	LV	657	0.12798326582622233
valid	LV	658	0.1529495557743922
valid	LV	659	0.12408441912386162
valid	LV	660	0.13040960195027712
valid	LV	661	0.14628821274696277
valid	LV	662	0.1415492123213115
valid	LV	663	0.12018715410101785
valid	LV	664	0.09398813309338391
valid	LV	665	0.18519020810360443
valid	LV	666	0.11331384992559809
valid	LV	667	0.1471157377759597
valid	LV	668	0.13001717682099742
valid	LV	669	0.15252552166329744
valid	LV	670	0.1340221766252164
valid	LV	671	0.14454806403895537
valid	LV	672	0.12927066035494525
valid	LV	673	0.13280051065017154
valid	LV	674	0.13529780376066455
valid	LV	675	0.1015682114631898
valid	LV	676	0.09081140387585862
valid	LV	677	0.162357301782623
valid	LV	678	0.15247082419244284
valid	LV	679	0.15065254665801728
valid	LV	680	0.10170650257632909
valid	LV	681	0.09359887452204635
valid	LV	682	0.1722136379069434
valid	LV	683	0.11727759340926484
valid	LV	684	0.1277166213720032
valid	LV	685	0.11235985102557643
valid	LV	686	0.09842044543019035
valid	LV	687	0.10427400617553265
valid	LV	688	0.11202482764407214
valid	LV	689	0.1093538002632713
valid	LV	690	0.12482016180139578
valid	LV	691	0.05118003018462502
valid	LV	692	0.13404042313049214
valid	LV	693	0.08686679727836794
valid	LV	694	0.1333789455278537
valid	LV	695	0.13574587425047394
valid	LV	696	0.14039092820878515
valid	LV	697	0.14782919308429182
valid	LV	698	0.14215798815374966
valid	LV	699	0.0683376023298988
valid	LV	700	0.11699164992250732
valid	LV	701	0.06688822767693427
valid	LV	702	0.11759150684697538
valid	LV	703	0.14250541329531138
valid	LV	704	0.12608113217554157
valid	LV	705	0.14453726268290115
valid	LV	706	0.09892208266037365
valid	LV	707	0.13646449327860002
valid	LV	708	0.1310480215221395
valid	LV	709	0.06963422105925587
valid	LV	710	0.13145662977121375
valid	LV	711	0.1233862926141815
valid	LV	712	0.11334760454923774
valid	LV	713	0.12474766117454068
valid	LV	714	0.09155157534614052
valid	LV	715	0.11806451428478985
valid	LV	716	0.15725202220606732
valid	LV	717	0.11400650003104629
valid	LV	718	0.12499213165920811
valid	LV	719	0.11356642653786632
valid	LV	720	0.11881334428031694
valid	LV	721	0.09526613696203959
valid	LV	722	0.1571393991602988
valid	LV	723	0.11491676037795312
valid	LV	724	0.15499548459706416
valid	LV	725	0.09254988796555566
valid	LV	726	0.1412792744087995
valid	LV	727	0.15216071073088416
valid	LV	728	0.13362331061876173
valid	LV	729	0.10184437859600452
valid	LV	730	0.17574037385514366
valid	LV	731	0.09532800494212205
valid	LV	732	0.17336196423479958
valid	LV	733	0.13662814343097923
valid	LV	734	0.12333421731171557
valid	LV	735	0.11822551003898919
valid	LV	736	0.16160446753849486
valid	LV	737	0.14548386416072845
valid	LV	738	0.11566320790497989
valid	LV	739	0.0964596196463464
valid	LV	740	0.125994265326215
valid	LV	741	0.11737406044052323
valid	LV	742	0.09203719837303156
valid	LV	743	0.09357595879253452
valid	LV	744	0.14217649906600605
valid	LV	745	0.10130131015476541
valid	LV	746	0.1537791121204311
valid	LV	747	0.09469645376928797
valid	LV	748	0.14755865057360468
valid	LV	749	0.10597572996468207
valid	LV	750	0.10398596189004547
valid	LV	751	0.15288795100350183
valid	LV	752	0.11331916652014754
valid	LV	753	0.12092030661753035
valid	LV	754	0.11043479833572864
valid	LV	755	0.15279699473344427
valid	LV	756	0.07415635182771776
valid	LV	757	0.1422691669163992
valid	LV	758	0.14179029882903144
valid	LV	759	0.09454783002454546
valid	LV	760	0.1237168495738048
valid	LV	761	0.09432034554981368
valid	LV	762	0.10970942756692058
valid	LV	763	0.15444845099751014
valid	LV	764	0.1193266899354098
valid	LV	765	0.11246239814635134
valid	LV	766	0.1272339150763948
valid	LV	767	0.11988467562419344
valid	LV	768	0.09971371724870937
valid	LV	769	0.11065710962134014
valid	LV	770	0.14121409275194527
valid	LV	771	0.11619712402775026
valid	LV	772	0.15313090977314742
valid	LV	773	0.10064343444386492
valid	LV	774	0.10469359413959743
valid	LV	775	0.1553442083979728
valid	LV	776	0.11562060473273317
valid	LV	777	0.12043168238246178
valid	LV	778	0.14669583769015376
valid	LV	779	0.10467411619520045
valid	LV	780	0.09237837894715485
valid	LV	781	0.13220607429940376
valid	LV	782	0.12008325447081258
valid	LV	783	0.15794562579626098
valid	LV	784	0.10152561957543048
valid	LV	785	0.12152474420657368
valid	LV	786	0.15310183109816677
valid	LV	787	0.12680196683335596
valid	LV	788	0.10394700273137802
valid	LV	789	0.13884854935929533
valid	LV	790	0.13806154941944318
valid	LV	791	0.11661989722839466
valid	LV	792	0.1254352704120607
valid	LV	793	0.13262195978863392
valid	LV	794	0.11387797052739998
valid	LV	795	0.14718703938259375
valid	LV	796	0.1303301782700844
valid	LV	797	0.09918583620338271
valid	LV	798	0.0996385885387296
valid	LV	799	0.11637613591230471
valid	LV	800	0.13207876579034972
valid	LV	801	0.14823383816818414
valid	LV	802	0.13390033022888062
valid	LV	803	0.15800598857298362
valid	LV	804	0.12511766470924898
valid	LV	805	0.19916245268703772
valid	LV	806	0.12598401921079433
valid	LV	807	0.10293785985432714
valid	LV	808	0.1167004848076488
valid	LV	809	0.09755211147040702
valid	LV	810	0.1661813621142981
valid	LV	811	0.08840930487455194
valid	LV	812	0.1502886866569114
valid	LV	813	0.13522941072744116
valid	LV	814	0.1237353346934391
valid	LV	815	0.10911403043944994
valid	LV	816	0.1580956104983143
valid	LV	817	0.0876950077112703
valid	LV	818	0.07643589880462412
valid	LV	819	0.14920025380924415
valid	LV	820	0.07862066000869089
valid	LV	821	0.07809724716958359
valid	LV	822	0.09990856776446704
valid	LV	823	0.112315806843347
valid	LV	824	0.11949221790316741
valid	LV	825	0.11732129689078914
valid	LV	826	0.12267335237030107
valid	LV	827	0.15621460565451886
valid	LV	828	0.09947885811331636
valid	LV	829	0.09531536884593024
valid	LV	830	0.15685087605072734
valid	LV	831	0.18077820660913405
valid	LV	832	0.11394470196122213
valid	LV	833	0.14055585540407162
valid	LV	834	0.11706784534028897
valid	LV	835	0.12709422557716624
valid	LV	836	0.14536210313491177
valid	LV	837	0.12874239598897752
valid	LV	838	0.1045186116772047
valid	LV	839	0.14134143891265613
valid	LV	840	0.0822319097160135
valid	LV	841	0.0891481107532269
valid	LV	842	0.0835315859866685
valid	LV	843	0.1460385290197009
valid	LV	844	0.09318255794658636
valid	LV	845	0.10807624489987157
valid	LV	846	0.15331313723618856
valid	LV	847	0.1620362919237024
valid	LV	848	0.12314768662593885
valid	LV	849	0.1354718657510595
valid	LV	850	0.13190674769534663
valid	LV	851	0.1268290837028022
valid	LV	852	0.14592208024871284
valid	LV	853	0.12028135810943753
valid	LV	854	0.13009760661929257
valid	LV	855	0.09079923857721398
valid	LV	856	0.13951133417573175
valid	LV	857	0.0986252043454264
valid	LV	858	0.12157879171589912
valid	LV	859	0.10357200484070495
valid	LV	860	0.1384160589008011
valid	LV	861	0.12116592277285596
valid	LV	862	0.1021532694968245
valid	LV	863	0.08462343426995533
valid	LV	864	0.11598102191948134
valid	LV	865	0.12931914789289764
valid	LV	866	0.11518111832008253
valid	LV	867	0.14059212140711572
valid	LV	868	0.10866123449519724
valid	LV	869	0.09773219464489179
valid	LV	870	0.08653116276923564
valid	LV	871	0.10535054651542215
valid	LV	872	0.09540104747663813
valid	LV	873	0.11000988295541812
valid	LV	874	0.1815707061374498
valid	LV	875	0.12284378384501148
valid	LV	876	0.09526564998385083
valid	LV	877	0.13009440305096417
valid	LV	878	0.18336818724157639
valid	LV	879	0.1509060250873961
valid	LV	880	0.08293923888731239
valid	LV	881	0.11946608845692992
valid	LV	882	0.10097155367127215
valid	LV	883	0.0995970821065182
valid	LV	884	0.16451021026587428
valid	LV	885	0.1386330001047372
valid	LV	886	0.10445479206577259
valid	LV	887	0.1703286963815638
valid	LV	888	0.12680464249210852
valid	LV	889	0.14248538783676934
valid	LV	890	0.08924078876781416
valid	LV	891	0.1402680849686289
valid	LV	892	0.13130931515891522
valid	LV	893	0.14676698509708325
valid	LV	894	0.12446175252934158
valid	LV	895	0.10504237111696649
valid	LV	896	0.12979023637439893
valid	LV	897	0.11105618614102451
valid	LV	898	0.12367145861648797
valid	LV	899	0.1318869047756862
valid	LV	900	0.13039668055935194
valid	LV	901	0.1276715152065544
valid	LV	902	0.12880544196555452
valid	LV	903	0.10857733803740824
valid	LV	904	0.14953814000458296
valid	LV	905	0.13337050484438912
valid	LV	906	0.1613265083772977
valid	LV	907	0.10691916569805901
valid	LV	908	0.13056921963321122
valid	LV	909	0.08948511049238529
valid	LV	910	0.12829277607649706
valid	LV	911	0.09456724807810277
valid	LV	912	0.10338329037762009
valid	LV	913	0.11727139173474546
valid	LV	914	0.1420677359340693
valid	LV	915	0.13816662405816443
valid	LV	916	0.1503308991294073
valid	LV	917	0.13876407638179478
valid	LV	918	0.14980989344562018
valid	LV	919	0.12659584248991076
valid	LV	920	0.133639802337567
valid	LV	921	0.12451733400228925
valid	LV	922	0.1385686397389571
valid	LV	923	0.12504786840394258
valid	LV	924	0.13465527377181707
valid	LV	925	0.13409199503815636
valid	LV	926	0.12714423313471432
valid	LV	927	0.15719024683407656
valid	LV	928	0.10299113448370449
valid	LV	929	0.1255973998896315
valid	LV	930	0.13729073523936655
valid	LV	931	0.09576800354066131
valid	LV	932	0.11028370702116042
valid	LV	933	0.10051561467503028
valid	LV	934	0.11941863249034713
valid	LV	935	0.15034782470442842
valid	LV	936	0.15944629713459943
valid	LV	937	0.13910013058006918
valid	LV	938	0.10976837165446389
valid	LV	939	0.12039920574464576
valid	LV	940	0.1405858408276599
valid	LV	941	0.14340227128057492
valid	LV	942	0.13934564986505468
valid	LV	943	0.10864492660108184
valid	LV	944	0.13544562689196774
valid	LV	945	0.11770671495219004
valid	LV	946	0.1078890005882603
valid	LV	947	0.11417183632345923
valid	LV	948	0.1675666426913026
valid	LV	949	0.10472462301054676
valid	LV	950	0.09130624255392869
valid	LV	951	0.11824407269739082
valid	LV	952	0.14756903850896605
valid	LV	953	0.13985629901527283
valid	LV	954	0.10371941344126573
valid	LV	955	0.08437327717807262
valid	LV	956	0.1519733301728087
valid	LV	957	0.11023060282274147
valid	LV	958	0.11482584389311228
valid	LV	959	0.10898361597134569
valid	LV	960	0.13382658134332068
valid	LV	961	0.09852081069716398
valid	LV	962	0.12634056361313903
valid	LV	963	0.14341090972309334
valid	LV	964	0.14601737877217147
valid	LV	965	0.08093515272125947
valid	LV	966	0.1256150936285569
valid	LV	967	0.1263538237158314
valid	LV	968	0.12784270769576264
valid	LV	969	0.1373368506723372
valid	LV	970	0.11461214998100278
valid	LV	971	0.16034102606076328
valid	LV	972	0.13732790449680984
valid	LV	973	0.07554109315943411
valid	LV	974	0.14778391152078024
valid	LV	975	0.15906677008904743
valid	LV	976	0.11735809450721654
valid	LV	977	0.12372980434839473
valid	LV	978	0.1412326694789247
valid	LV	979	0.11367249945027984
valid	LV	980	0.0940941486897891
valid	LV	981	0.1090226572424368
valid	LV	982	0.1699656571344504
valid	LV	983	0.13945763925525642
valid	LV	984	0.12110607694438272
valid	LV	985	0.1345590663207102
valid	LV	986	0.11245474367912352
valid	LV	987	0.13938188264851573
valid	LV	988	0.14222508208720316
valid	LV	989	0.13625103015513015
valid	LV	990	0.12629688435857797
valid	LV	991	0.09673499830190774
valid	LV	992	0.12185627668817423
valid	LV	993	0.1387718548825064
valid	LV	994	0.16090127919028352
valid	LV	995	0.11684609356040163
valid	LV	996	0.13699085922371224
valid	LV	997	0.13298832198146285
valid	LV	998	0.14189413543299492
valid	LV	999	0.1189994590224762
valid	LV	1000	0.14190707673461161
valid	LV	1001	0.13264012512389903
valid	LV	1002	0.12963420986454144
valid	LV	1003	0.16753230319112575
valid	LV	1004	0.11316977106139993
valid	LV	1005	0.12090668136482105
valid	LV	1006	0.13219669178205223
valid	LV	1007	0.13013218141574973
valid	LV	1008	0.12574640717899588
valid	LV	1009	0.14519253423986198
valid	LV	1010	0.12856650173769005
valid	LV	1011	0.10782048971758985
valid	LV	1012	0.1130341337438522
valid	LV	1013	0.0964038234338674
valid	LV	1014	0.12523601599616035
valid	LV	1015	0.09825180017979243
valid	LV	1016	0.1749256076446237
valid	LV	1017	0.1337933836638102
valid	LV	1018	0.09446295640509704
valid	LV	1019	0.15088348772713
valid	LV	1020	0.1282283841577161
valid	LV	1021	0.11468209075316427
valid	LV	1022	0.10154124056313865
valid	LV	1023	0.11065227391116172
valid	LV	1024	0.0815541498673766
valid	LV	1025	0.10769665338322894
valid	LV	1026	0.13710731315613447
valid	LV	1027	0.12942131121296263
valid	LV	1028	0.10558739705326287
valid	LV	1029	0.15412240065800825
valid	LV	1030	0.11904904898648636
valid	LV	1031	0.1288817802139618
valid	LV	1032	0.11016812223572196
valid	LV	1033	0.09418744717343995
valid	LV	1034	0.13468772460521444
valid	LV	1035	0.13026929846336224
valid	LV	1036	0.0963923022188462
valid	LV	1037	0.15783797079038
valid	LV	1038	0.16486403173813408
valid	LV	1039	0.1389306696926997
valid	LV	1040	0.11687703018926468
valid	LV	1041	0.17363010623960612
valid	LV	1042	0.13886845924154845
valid	LV	1043	0.10881208618764737
valid	LV	1044	0.13360636165906017
valid	LV	1045	0.11312006277190521
valid	LV	1046	0.13105739730901944
valid	LV	1047	0.1512719076318383
valid	LV	1048	0.14568679712868987
valid	LV	1049	0.13292944934387985
valid	LV	1050	0.1108643877544816
valid	LV	1051	0.09713823796484759
valid	LV	1052	0.10931917902277202
valid	LV	1053	0.0986732421045341
valid	LV	1054	0.12242648554121256
valid	LV	1055	0.11715762832103618
valid	LV	1056	0.15865152227596022
valid	LV	1057	0.1265314692965786
valid	LV	1058	0.09254204191934191
valid	LV	1059	0.10414600690862874
valid	LV	1060	0.12066271136059802
valid	LV	1061	0.14220809531372489
valid	LV	1062	0.06498581583391984
valid	LV	1063	0.126831997851791
valid	LV	1064	0.13300524036412387
valid	LV	1065	0.14344217401777037
valid	LV	1066	0.11675387244726212
valid	LV	1067	0.13083450822552636
valid	LV	1068	0.10449626843571337
valid	LV	1069	0.12483503054612281
valid	LV	1070	0.14100107130403106
valid	LV	1071	0.11489717011101036
valid	LV	1072	0.09308637679737292
valid	LV	1073	0.1344541623800287
valid	LV	1074	0.11175163073857788
valid	LV	1075	0.11020547997887922
valid	LV	1076	0.11022402471030347
valid	LV	1077	0.121797113109788
valid	LV	1078	0.12922980720812904
valid	LV	1079	0.1661473190933606
valid	LV	1080	0.1526954616687027
valid	LV	1081	0.08711158089179867
valid	LV	1082	0.17336577864734898
valid	LV	1083	0.08836725112774964
valid	LV	1084	0.13091986701081074
valid	LV	1085	0.1117009118694969
valid	LV	1086	0.12169611007087945
valid	LV	1087	0.1614080153391757
valid	LV	1088	0.16967211761687567
valid	LV	1089	0.13259850281454066
valid	LV	1090	0.14170276492601905
valid	LV	1091	0.10155040116710526
valid	LV	1092	0.1646802045821983
valid	LV	1093	0.10948363140801247
valid	LV	1094	0.13869271073227787
valid	LV	1095	0.10170323935466193
valid	LV	1096	0.16147974704794432
valid	LV	1097	0.14543998225260243
valid	LV	1098	0.09589295702809822
valid	LV	1099	0.14478866233991883
valid	LV	1100	0.13941442739091128
valid	LV	1101	0.10724855136310983
valid	LV	1102	0.14764066938056145
valid	LV	1103	0.08933971161486572
valid	LV	1104	0.12362313467853281
valid	LV	1105	0.12806216720360078
valid	LV	1106	0.11849434562631692
valid	LV	1107	0.10978090210457392
valid	LV	1108	0.13388803199366692
valid	LV	1109	0.1359945814615763
valid	LV	1110	0.13495134227527802
valid	LV	1111	0.09258475552770808
valid	LV	1112	0.09931396788190373
valid	LV	1113	0.13604163182282605
valid	LV	1114	0.15707219349736543
valid	LV	1115	0.14003942121453378
valid	LV	1116	0.12178586670624829
valid	LV	1117	0.13335947275062046
valid	LV	1118	0.1166026143341171
valid	LV	1119	0.11909173506986404
valid	LV	1120	0.14406216159504148
valid	LV	1121	0.1314868390145123
valid	LV	1122	0.10246836680663618
valid	LV	1123	0.12319209823560964
valid	LV	1124	0.07604935459582834
valid	LV	1125	0.1061285748984043
valid	LV	1126	0.15853919937196717
valid	LV	1127	0.11227935754162008
valid	LV	1128	0.15433288322056665
valid	LV	1129	0.15264932175960394
valid	LV	1130	0.10810624485989648
valid	LV	1131	0.1535672112945456
valid	LV	1132	0.12648154344883644
valid	LV	1133	0.13778049789865043
valid	LV	1134	0.1454645126012103
valid	LV	1135	0.1276070854354039
valid	LV	1136	0.10221217164642858
valid	LV	1137	0.08596498139501438
valid	LV	1138	0.121567105274056
valid	LV	1139	0.10147215065587005
valid	LV	1140	0.13723318047432118
valid	LV	1141	0.1400706217030154
valid	LV	1142	0.10330484522937024
valid	LV	1143	0.12186356898895971
valid	LV	1144	0.11052603205119668
valid	LV	1145	0.12952806117655255
valid	LV	1146	0.12961387041974148
valid	LV	1147	0.15106987071793362
valid	LV	1148	0.12704975472606492
valid	LV	1149	0.1508298046414101
valid	LV	1150	0.14190425852608543
valid	LV	1151	0.09623285888735646
valid	LV	1152	0.14899954921678182
valid	LV	1153	0.12384142192422254
valid	LV	1154	0.1341776646475587
valid	LV	1155	0.11156813188287876
valid	LV	1156	0.16448248529583254
valid	LV	1157	0.12264678602924686
valid	LV	1158	0.1378299895019969
valid	LV	1159	0.12484394309504622
valid	LV	1160	0.11031675308428923
valid	LV	1161	0.10631168335707836
valid	LV	1162	0.15159872692775542
valid	LV	1163	0.1127243601705989
valid	LV	1164	0.10740590680561772
valid	LV	1165	0.10483586719161397
valid	LV	1166	0.09854226900821429
valid	LV	1167	0.12242356625801411
valid	LV	1168	0.09732938552417171
valid	LV	1169	0.10626537024815202
valid	LV	1170	0.11068207613864456
valid	LV	1171	0.15756845847228504
valid	LV	1172	0.09623965996938183
valid	LV	1173	0.1358348237852866
valid	LV	1174	0.13563154198086186
valid	LV	1175	0.0955049286766658
valid	LV	1176	0.1336668206663051
valid	LV	1177	0.14774578889675072
valid	LV	1178	0.08288787416870079
valid	LV	1179	0.15855033390527237
valid	LV	1180	0.16785907920949855
valid	LV	1181	0.1181258674955344
valid	LV	1182	0.11704673123701013
valid	LV	1183	0.1276566907779225
valid	LV	1184	0.09950741500839208
valid	LV	1185	0.11026506753022923
valid	LV	1186	0.10817936969026425
valid	LV	1187	0.08720856099819785
valid	LV	1188	0.10685844041964211
valid	LV	1189	0.1068552337171294
valid	LV	1190	0.15883915948316443
valid	LV	1191	0.14834790803146833
valid	LV	1192	0.16330574468196074
valid	LV	1193	0.10282281694135799
valid	LV	1194	0.14058573786882256
valid	LV	1195	0.11762797017139091
valid	LV	1196	0.14013319376693506
valid	LV	1197	0.0929839347057522
valid	LV	1198	0.11689426383968664
valid	LV	1199	0.14906211991961982
valid	LV	1200	0.08931738146590168
valid	LV	1201	0.16486822058393577
valid	LV	1202	0.15939856961527468
valid	LV	1203	0.10287151837503308
valid	LV	1204	0.12579308453229515
valid	LV	1205	0.1060855519634525
valid	LV	1206	0.07671668945255748
valid	LV	1207	0.07675943037329272
valid	LV	1208	0.11979222319035529
valid	LV	1209	0.13326285876749153
valid	LV	1210	0.14474422038039778
valid	LV	1211	0.10908258332652941
valid	LV	1212	0.11647911514108529
valid	LV	1213	0.11395575081948112
valid	LV	1214	0.11394067383366105
valid	LV	1215	0.14095006630641788
valid	LV	1216	0.1382014199377102
valid	LV	1217	0.08474058464484382
valid	LV	1218	0.1485699097904164
valid	LV	1219	0.09608976275020437
valid	LV	1220	0.14785513920524687
valid	LV	1221	0.1146753304771451
valid	LV	1222	0.15165387311856926
valid	LV	1223	0.13024564477978265
valid	LV	1224	0.17390235270479695
valid	LV	1225	0.10652159441234198
valid	LV	1226	0.0948577153030577
valid	LV	1227	0.14154860405145575
valid	LV	1228	0.1542732496647721
valid	LV	1229	0.09813526094705956
valid	LV	1230	0.13592362084964704
valid	LV	1231	0.15066231823978607
valid	LV	1232	0.1190513926762699
valid	LV	1233	0.11839722720304086
valid	LV	1234	0.09491324923705802
valid	LV	1235	0.16607469782518652
valid	LV	1236	0.1235785406616457
valid	LV	1237	0.08446293040798335
valid	LV	1238	0.1592517622679881
valid	LV	1239	0.13617656895554658
valid	LV	1240	0.11792521465176943
valid	LV	1241	0.15476165962509675
valid	LV	1242	0.13446219963563094
valid	LV	1243	0.14207549371024775
valid	LV	1244	0.09573184348259696
valid	LV	1245	0.12046427246071097
valid	LV	1246	0.11453561620660697
valid	LV	1247	0.09714493656209537
valid	LV	1248	0.12675185403842695
valid	LV	1249	0.17819854175645888
valid	LV	1250	0.1129256560715663
valid	LV	1251	0.1652455328970702
valid	LV	1252	0.12049967838878314
valid	LV	1253	0.1321818959851147
valid	LV	1254	0.11473701406815676
valid	LV	1255	0.11679035232700173
valid	LV	1256	0.1198298488951487
valid	LV	1257	0.13841021479505047
valid	LV	1258	0.17383658542142047
valid	LV	1259	0.14846814986197784
valid	LV	1260	0.12790510565047067
valid	LV	1261	0.13684411231091625
valid	LV	1262	0.07529248388191132
valid	LV	1263	0.11766380677916569
valid	LV	1264	0.12009757474724335
valid	LV	1265	0.1094652511210467
valid	LV	1266	0.0915666176813017
valid	LV	1267	0.1085302196754148
valid	LV	1268	0.17125084128596754
valid	LV	1269	0.12919510197224268
valid	LV	1270	0.168570741618715
valid	LV	1271	0.11316887515200014
valid	LV	1272	0.12389861226977472
valid	LV	1273	0.06870119617466357
valid	LV	1274	0.14550433538129443
valid	LV	1275	0.1362171797281484
valid	LV	1276	0.10563600244824893
valid	LV	1277	0.12621773258993985
valid	LV	1278	0.12238744364636263
valid	LV	1279	0.10229651288049192
valid	LV	1280	0.1612661475050739
valid	LV	1281	0.1704365733952202
valid	LV	1282	0.11793429189395067
valid	LV	1283	0.0859975007480409
valid	LV	1284	0.15549375871435828
valid	LV	1285	0.15654116832825568
valid	LV	1286	0.1707221428450281
valid	LV	1287	0.13867380944803476
valid	LV	1288	0.08735768749489428
valid	LV	1289	0.11223768287562248
valid	LV	1290	0.0780137639191031
valid	LV	1291	0.1265439992442677
valid	LV	1292	0.08495746748219178
valid	LV	1293	0.10510427503467973
valid	LV	1294	0.12062187378645359
valid	LV	1295	0.1304660859218544
valid	LV	1296	0.14027538318352184
valid	LV	1297	0.1276971900160985
valid	LV	1298	0.11488308969991258
valid	LV	1299	0.1162947007264934
valid	LV	1300	0.0972568749976654
valid	LV	1301	0.10975522154673602
valid	LV	1302	0.08323167135528466
valid	LV	1303	0.1709407782802571
valid	LV	1304	0.10881974390927474
valid	LV	1305	0.15213928153287487
valid	LV	1306	0.11594845735992083
valid	LV	1307	0.12674478664215816
valid	LV	1308	0.13009721971418722
valid	LV	1309	0.17212534431990203
valid	LV	1310	0.1134591422649297
valid	LV	1311	0.13558269033285061
valid	LV	1312	0.12198294557918174
valid	LV	1313	0.12125048838534333
valid	LV	1314	0.08737866243355605
valid	LV	1315	0.13558734770753408
valid	LV	1316	0.12259774870891417
valid	LV	1317	0.09672868465800052
valid	LV	1318	0.11847168899685771
valid	LV	1319	0.1324046467482892
valid	LV	1320	0.09305670519266254
valid	LV	1321	0.10991561817861044
valid	LV	1322	0.15817174319362215
valid	LV	1323	0.12095825179349894
valid	LV	1324	0.10765003760515224
valid	LV	1325	0.12041753586310748
valid	LV	1326	0.13697749835223227
valid	LV	1327	0.11686167486203008
valid	LV	1328	0.10784072380438563
valid	LV	1329	0.1186860561733043
valid	LV	1330	0.10633959727846337
valid	LV	1331	0.15733712880883402
valid	LV	1332	0.10460243781567585
valid	LV	1333	0.14381495546331294
valid	LV	1334	0.146213686813082
valid	LV	1335	0.09341403515128202
valid	LV	1336	0.1046170314597437
valid	LV	1337	0.14041181282916723
valid	LV	1338	0.15695767439612057
valid	LV	1339	0.16636211889691174
valid	LV	1340	0.1426419257335201
valid	LV	1341	0.09591589748321562
valid	LV	1342	0.15626456984009515
valid	LV	1343	0.1652126600824527
valid	LV	1344	0.09795634782322984
valid	LV	1345	0.15571889053041593
valid	LV	1346	0.09765213357637778
valid	LV	1347	0.07440904342500305
valid	LV	1348	0.11798046675292194
valid	LV	1349	0.12425544497900382
valid	LV	1350	0.11016679926448994
valid	LV	1351	0.11709694256862795
valid	LV	1352	0.1207412146819477
valid	LV	1353	0.13710758381293672
valid	LV	1354	0.14062576175915814
valid	LV	1355	0.11033568826580102
valid	LV	1356	0.09048966116962981
valid	LV	1357	0.14782825587878234
valid	LV	1358	0.13793888496777465
valid	LV	1359	0.12029041802884166
valid	LV	1360	0.14483783604352468
valid	LV	1361	0.14167944684669853
valid	LV	1362	0.12399808453359072
valid	LV	1363	0.1283499994080723
valid	LV	1364	0.15762257737702026
valid	LV	1365	0.10822389349717464
valid	LV	1366	0.12825058105328233
valid	LV	1367	0.10082880909466846
valid	LV	1368	0.12828874944336782
valid	LV	1369	0.11850163074913624
valid	LV	1370	0.09131244985229707
valid	LV	1371	0.11044180965799054
valid	LV	1372	0.14972860224993984
valid	LV	1373	0.12920896841600205
valid	LV	1374	0.1013053286955772
valid	LV	1375	0.1492295041083721
valid	LV	1376	0.11249816679354403
valid	LV	1377	0.10752906141066326
valid	LV	1378	0.1184244156858082
valid	LV	1379	0.13404797676293817
valid	LV	1380	0.09108740522721472
valid	LV	1381	0.08700142864536053
valid	LV	1382	0.10760010566624038
valid	LV	1383	0.13935816840156376
valid	LV	1384	0.12898331019547596
valid	LV	1385	0.09997677765144282
valid	LV	1386	0.15540374669954052
valid	LV	1387	0.13806409672409115
valid	LV	1388	0.12504629551782442
valid	LV	1389	0.12653483185585582
valid	LV	1390	0.17651450972559646
valid	LV	1391	0.16045359315202667
valid	LV	1392	0.1335534116251585
valid	LV	1393	0.11844333411912439
valid	LV	1394	0.13193380683523387
valid	LV	1395	0.14579871962975482
valid	LV	1396	0.12529919132042855
valid	LV	1397	0.10570986164935686
valid	LV	1398	0.1225285161950898
valid	LV	1399	0.17798655480178788
valid	LV	1400	0.09708199374902962
valid	LV	1401	0.1270080253025862
valid	LV	1402	0.117490771142549
valid	LV	1403	0.13173469880766156
valid	LV	1404	0.08912215484604637
valid	LV	1405	0.16293882595747644
valid	LV	1406	0.12116229502519456
valid	LV	1407	0.14739181072160087
valid	LV	1408	0.12130909649130679
valid	LV	1409	0.1359213215998853
valid	LV	1410	0.11212666854009636
valid	LV	1411	0.11073780130497585
valid	LV	1412	0.07793266422072204
valid	LV	1413	0.0700515621925315
valid	LV	1414	0.13031012973144762
valid	LV	1415	0.1314538489845182
valid	LV	1416	0.16293347886139642
valid	LV	1417	0.13568597672331723
valid	LV	1418	0.1305310358501006
valid	LV	1419	0.10837957141212168
valid	LV	1420	0.11787775888386753
valid	LV	1421	0.12305596733437377
valid	LV	1422	0.15289302049992873
valid	LV	1423	0.12430998620223183
valid	LV	1424	0.12081924101136048
valid	LV	1425	0.12866600343913379
valid	LV	1426	0.10778747558593516
valid	LV	1427	0.11081798268128938
valid	LV	1428	0.1257475878207685
valid	LV	1429	0.11647085731329158
valid	LV	1430	0.08745051412596345
valid	LV	1431	0.11407700233529797
valid	LV	1432	0.11270061347631403
valid	LV	1433	0.13714666190755304
valid	LV	1434	0.08402743731498528
valid	LV	1435	0.11472834681399598
valid	LV	1436	0.1062202984848533
valid	LV	1437	0.19021894861163544
valid	LV	1438	0.13326550918514174
valid	LV	1439	0.13422140969160024
valid	LV	1440	0.15895966797588967
valid	LV	1441	0.14990642291309408
valid	LV	1442	0.13076171972557168
valid	LV	1443	0.1428219153141798
valid	LV	1444	0.1561023750013453
valid	LV	1445	0.12061669644555437
valid	LV	1446	0.16985864503353373
valid	LV	1447	0.11748990224291696
valid	LV	1448	0.15436802730597735
valid	LV	1449	0.14279344070217534
valid	LV	1450	0.07963684771620735
valid	LV	1451	0.10739973842527836
valid	LV	1452	0.1291297905527913
valid	LV	1453	0.11542357494504572
valid	LV	1454	0.16196594793493269
valid	LV	1455	0.1196653061709077
valid	LV	1456	0.15876500325083398
valid	LV	1457	0.11147433368488104
valid	LV	1458	0.1551849382500207
valid	LV	1459	0.12334883971182797
valid	LV	1460	0.11846263533072729
valid	LV	1461	0.13796186537135896
valid	LV	1462	0.1279893728554704
valid	LV	1463	0.14073214393428757
valid	LV	1464	0.10333444156194041
valid	LV	1465	0.09614705957276057
valid	LV	1466	0.13496893704632962
valid	LV	1467	0.1128896244216277
valid	LV	1468	0.16481991921127565
valid	LV	1469	0.10556117946965761
valid	LV	1470	0.12581798216533277
valid	LV	1471	0.0872667418055844
valid	LV	1472	0.13585836429566917
valid	LV	1473	0.09893135715079225
valid	LV	1474	0.13718145324338363
valid	LV	1475	0.15409090619448934
valid	LV	1476	0.1131673643492311
valid	LV	1477	0.1760118878690991
valid	LV	1478	0.1133614073848827
valid	LV	1479	0.1320264561660429
valid	LV	1480	0.11410221554547084
valid	LV	1481	0.18788318665590065
valid	LV	1482	0.15644560083998782
valid	LV	1483	0.18037713531970243
valid	LV	1484	0.11935423877446415
valid	LV	1485	0.0880967319138035
valid	LV	1486	0.12959986626171488
valid	LV	1487	0.12206904455159008
valid	LV	1488	0.1368999676296724
valid	LV	1489	0.13851332243230993
valid	LV	1490	0.13054592059983025
valid	LV	1491	0.15424258548031258
valid	LV	1492	0.13845482008162274
valid	LV	1493	0.10389735104629924
valid	LV	1494	0.11597460620464219
valid	LV	1495	0.1179569792288358
valid	LV	1496	0.1100924647074158
valid	LV	1497	0.11019739840093311
valid	LV	1498	0.19117573018840633
valid	LV	1499	0.13966369780785862
valid	LV	1500	0.11463961782266993
valid	LV	1501	0.14009952995254013
valid	LV	1502	0.1257562735157858
valid	LV	1503	0.10360666873464988
valid	LV	1504	0.13223393225083596
valid	LV	1505	0.15716277847291069
valid	LV	1506	0.10695536812640047
valid	LV	1507	0.10163170090017731
valid	LV	1508	0.12215032652508796
valid	LV	1509	0.09393623855553775
valid	LV	1510	0.14041595078186
valid	LV	1511	0.11583554193683464
valid	LV	1512	0.19317501717752456
valid	LV	1513	0.10341066342166373
valid	LV	1514	0.10730342218420223
valid	LV	1515	0.13384115539468985
valid	LV	1516	0.12960744660894508
valid	LV	1517	0.1084626308386452
valid	LV	1518	0.12344710134681167
valid	LV	1519	0.15728727198583922
valid	LV	1520	0.07078978851857734
valid	LV	1521	0.10004615553042687
valid	LV	1522	0.16942008914925885
valid	LV	1523	0.1364782888872223
valid	LV	1524	0.11316221218549075
valid	LV	1525	0.14337440273166963
valid	LV	1526	0.10424776291850393
valid	LV	1527	0.10803220437470215
valid	LV	1528	0.15396945567666362
valid	LV	1529	0.11078385711363853
valid	LV	1530	0.10074589796520009
valid	LV	1531	0.13291386079042986
valid	LV	1532	0.10405241022965639
valid	LV	1533	0.13951739204092573
valid	LV	1534	0.13557986936112007
valid	LV	1535	0.1260261316343117
valid	LV	1536	0.14464236920207238
valid	LV	1537	0.11596029399658661
valid	LV	1538	0.1261288364864401
valid	LV	1539	0.1519051239231617
valid	LV	1540	0.13209647579444458
valid	LV	1541	0.12323759228085035
valid	LV	1542	0.11764813337475617
valid	LV	1543	0.10629834541555341
valid	LV	1544	0.11933665924466293
valid	LV	1545	0.12367261771674842
valid	LV	1546	0.16481392031650854
valid	LV	1547	0.16465810889668742
valid	LV	1548	0.1249806010505075
valid	LV	1549	0.11789470594655029
valid	LV	1550	0.13519334555519452
valid	LV	1551	0.14768085821911625
valid	LV	1552	0.103879515355545
valid	LV	1553	0.13628983940060654
valid	LV	1554	0.11636216550108296
valid	LV	1555	0.10032978282534376
valid	LV	1556	0.14005327576308352
valid	LV	1557	0.09759676239280735
valid	LV	1558	0.11522804280388643
valid	LV	1559	0.1281053973558673
valid	LV	1560	0.14500340362188807
valid	LV	1561	0.17129892651230103
valid	LV	1562	0.11446990911915329
valid	LV	1563	0.15787075089535044
valid	LV	1564	0.1084357046481794
valid	LV	1565	0.11569669595359051
valid	LV	1566	0.12999178228508515
valid	LV	1567	0.13221520450622276
valid	LV	1568	0.12717772304268707
valid	LV	1569	0.11225530969924312
valid	LV	1570	0.13164100361266073
valid	LV	1571	0.11712184543568417
valid	LV	1572	0.1306544829686749
valid	LV	1573	0.12257696688809676
valid	LV	1574	0.1288669950134375
valid	LV	1575	0.1028465765973234
valid	LV	1576	0.11890559644695617
valid	LV	1577	0.14779736875811492
valid	LV	1578	0.16351699658983238
valid	LV	1579	0.14469686053468275
valid	LV	1580	0.11620507800752207
valid	LV	1581	0.11281932578847503
valid	LV	1582	0.10795639625591871
valid	LV	1583	0.09417864144213389
valid	LV	1584	0.12635997680137934
valid	LV	1585	0.13878461289791189
valid	LV	1586	0.12284399279154737
valid	LV	1587	0.1355868618140127
valid	LV	1588	0.10339830583038102
valid	LV	1589	0.14561062107445572
valid	LV	1590	0.13894169519372943
valid	LV	1591	0.11763965336156525
valid	LV	1592	0.15032917859878536
valid	LV	1593	0.0854000856817832
valid	LV	1594	0.12938621185994303
valid	LV	1595	0.11463405518454028
valid	LV	1596	0.12456561951064807
valid	LV	1597	0.1251297507552756
valid	LV	1598	0.12836272413668245
valid	LV	1599	0.08672532792887051
valid	LV	1600	0.1273989980175332
valid	LV	1601	0.13905447491164338
valid	LV	1602	0.13408332225303174
valid	LV	1603	0.09344221916270684
valid	LV	1604	0.14405281896839742
valid	LV	1605	0.16458906554514863
valid	LV	1606	0.09948705704541098
valid	LV	1607	0.1557389146258027
valid	LV	1608	0.17414114654840082
valid	LV	1609	0.08834930136493845
valid	LV	1610	0.13109644737951637
valid	LV	1611	0.08164466560895518
valid	LV	1612	0.11002130743962979
valid	LV	1613	0.12549987109473257
valid	LV	1614	0.1251558761203271
valid	LV	1615	0.11187357718982546
valid	LV	1616	0.149194462881723
valid	LV	1617	0.1431016074768483
valid	LV	1618	0.09297924588929363
valid	LV	1619	0.15543582028526126
valid	LV	1620	0.0937801534296293
valid	LV	1621	0.13045952398015445
valid	LV	1622	0.11505101060402316
valid	LV	1623	0.13433233866405858
valid	LV	1624	0.14443900366946733
valid	LV	1625	0.1356493284086403
valid	LV	1626	0.11627392673322282
valid	LV	1627	0.12554027219716754
valid	LV	1628	0.1326595337708421
valid	LV	1629	0.10799274937882579
valid	LV	1630	0.14964620945583632
valid	LV	1631	0.14230980994148523
valid	LV	1632	0.0902042403251099
valid	LV	1633	0.14395306170012856
valid	LV	1634	0.11523664799657912
valid	LV	1635	0.11237590302544423
valid	LV	1636	0.17517653188212884
valid	LV	1637	0.11450870434811826
valid	LV	1638	0.1361642749292248
valid	LV	1639	0.12934488504941727
valid	LV	1640	0.11698845514387625
valid	LV	1641	0.16511602244199944
valid	LV	1642	0.12773773463185611
valid	LV	1643	0.10675083288527096
valid	LV	1644	0.1163613530592983
valid	LV	1645	0.1491090066582246
valid	LV	1646	0.09630822291698792
valid	LV	1647	0.1272494260263124
valid	LV	1648	0.14134589616920876
valid	LV	1649	0.11868872247075739
valid	LV	1650	0.14683098203700742
valid	LV	1651	0.07398620683351306
valid	LV	1652	0.1562214379546872
valid	LV	1653	0.14597142550371295
valid	LV	1654	0.14995057797472117
valid	LV	1655	0.13492208678838422
valid	LV	1656	0.10122741354935802
valid	LV	1657	0.1609157400875992
valid	LV	1658	0.1081305509443638
valid	LV	1659	0.11938490389446076
valid	LV	1660	0.08578136312526377
valid	LV	1661	0.13624100781296958
valid	LV	1662	0.13356189904570087
valid	LV	1663	0.12666833801221644
valid	LV	1664	0.13744688810747882
valid	LV	1665	0.14366223170255338
valid	LV	1666	0.12250780365003325
valid	LV	1667	0.1292204562086766
valid	LV	1668	0.12753911746064966
valid	LV	1669	0.12918014097207692
valid	LV	1670	0.10407765492090995
valid	LV	1671	0.1632891286314754
valid	LV	1672	0.13390392007744412
valid	LV	1673	0.13830185045969773
valid	LV	1674	0.12001300235714796
valid	LV	1675	0.1578972086077636
valid	LV	1676	0.14149233495874916
valid	LV	1677	0.12543074439866855
valid	LV	1678	0.11217116893399677
valid	LV	1679	0.1715447913100261
valid	LV	1680	0.13412921193246627
valid	LV	1681	0.12903289137334437
valid	LV	1682	0.12858054636521896
valid	LV	1683	0.10274908194235047
valid	LV	1684	0.14360018141880054
valid	LV	1685	0.14525721169443068
valid	LV	1686	0.1469206700438303
valid	LV	1687	0.1263065402099108
valid	LV	1688	0.08252034525911581
valid	LV	1689	0.09723223015885273
valid	LV	1690	0.12653173314225907
valid	LV	1691	0.16808937238468444
valid	LV	1692	0.1402035640051386
valid	LV	1693	0.11857667858384864
valid	LV	1694	0.11942485827241496
valid	LV	1695	0.11082267570664149
valid	LV	1696	0.14193022686025655
valid	LV	1697	0.11270889927542575
valid	LV	1698	0.12577610604273234
valid	LV	1699	0.1431399623686398
valid	LV	1700	0.17289314001567865
valid	LV	1701	0.12318318377123784
valid	LV	1702	0.1559220495618288
valid	LV	1703	0.14994477525512223
valid	LV	1704	0.05822074075666469
valid	LV	1705	0.16577331476278065
valid	LV	1706	0.12261232854038742
valid	LV	1707	0.17567855689849177
valid	LV	1708	0.09240487633033377
valid	LV	1709	0.12048680830986355
valid	LV	1710	0.1277522851182082
valid	LV	1711	0.09947530302238439
valid	LV	1712	0.0830274508150566
valid	LV	1713	0.12414556084967053
valid	LV	1714	0.11986524557332309
valid	LV	1715	0.13498670218149977
valid	LV	1716	0.1001674680442713
valid	LV	1717	0.13522151354151252
valid	LV	1718	0.14805888293506778
valid	LV	1719	0.13953746510791867
valid	LV	1720	0.12318731774488323
valid	LV	1721	0.09391116494331707
valid	LV	1722	0.12484416975677368
valid	LV	1723	0.13909577590072314
valid	LV	1724	0.11506416516725484
valid	LV	1725	0.11949131618982275
valid	LV	1726	0.1473371358326249
valid	LV	1727	0.16271648913638126
valid	LV	1728	0.10306933155201331
valid	LV	1729	0.14465395241961188
valid	LV	1730	0.10197167832865632
valid	LV	1731	0.11962200720333574
valid	LV	1732	0.08868578937578558
valid	LV	1733	0.14834029156368198
valid	LV	1734	0.146228123281874
valid	LV	1735	0.16085730705440768
valid	LV	1736	0.10827950567302633
valid	LV	1737	0.1411776661991866
valid	LV	1738	0.09348960989467472
valid	LV	1739	0.12634767624667173
valid	LV	1740	0.12152814430453542
valid	LV	1741	0.14220651554193114
valid	LV	1742	0.12402808111505852
valid	LV	1743	0.09486623239279784
valid	LV	1744	0.10843415315992515
valid	LV	1745	0.11754133399938765
valid	LV	1746	0.12182144331367772
valid	LV	1747	0.14625534094966045
valid	LV	1748	0.11019861522703456
valid	LV	1749	0.10701600340843956
valid	LV	1750	0.10142889803521526
valid	LV	1751	0.13242465777337073
valid	LV	1752	0.11880046047638022
valid	LV	1753	0.08942900251325872
valid	LV	1754	0.12790292251303853
valid	LV	1755	0.12362627540448211
valid	LV	1756	0.11890578974947656
valid	LV	1757	0.13287728460094494
valid	LV	1758	0.1298259762412482
valid	LV	1759	0.08852969393797666
valid	LV	1760	0.11177260261691802
valid	LV	1761	0.16544597950218162
valid	LV	1762	0.1314112989250997
valid	LV	1763	0.13396672428938847
valid	LV	1764	0.12716646857455735
valid	LV	1765	0.10538871508860197
valid	LV	1766	0.12391084918687742
valid	LV	1767	0.10889241538459896
valid	LV	1768	0.1552719569273816
valid	LV	1769	0.1482435887568553
valid	LV	1770	0.12081217788430533
valid	LV	1771	0.11445518341454095
valid	LV	1772	0.14585510506271626
valid	LV	1773	0.12090918521143426
valid	LV	1774	0.18005183571930722
valid	LV	1775	0.11857273032079496
valid	LV	1776	0.11706117585008616
valid	LV	1777	0.11079872689339923
valid	LV	1778	0.0949751880865482
valid	LV	1779	0.12100421437043633
valid	LV	1780	0.138559355202325
valid	LV	1781	0.11409937367237127
valid	LV	1782	0.13637717905771468
valid	LV	1783	0.141424272561185
valid	LV	1784	0.11645411667660027
valid	LV	1785	0.1201757877241116
valid	LV	1786	0.1475283093144175
valid	LV	1787	0.14570462923413582
valid	LV	1788	0.1491162835825152
valid	LV	1789	0.094561986717484
valid	LV	1790	0.15933201394810773
valid	LV	1791	0.12477245201282723
valid	LV	1792	0.16885041566683612
valid	LV	1793	0.16208556713617242
valid	LV	1794	0.12577693699704254
valid	LV	1795	0.09293054447018795
valid	LV	1796	0.12198530490170134
valid	LV	1797	0.13571464171602654
valid	LV	1798	0.09892657692650486
valid	LV	1799	0.13434578213510606
valid	LV	1800	0.14373194179398835
valid	LV	1801	0.11914892986530733
valid	LV	1802	0.13238354832936167
valid	LV	1803	0.1382843890360008
valid	LV	1804	0.08601373957342649
valid	LV	1805	0.13605673827801168
valid	LV	1806	0.14710674662873663
valid	LV	1807	0.058747493403058605
valid	LV	1808	0.11866534713079012
valid	LV	1809	0.10142042953423552
valid	LV	1810	0.10923958689864116
valid	LV	1811	0.18781337927660594
valid	LV	1812	0.09251941701181171
valid	LV	1813	0.17218043666029148
valid	LV	1814	0.09641333585490122
valid	LV	1815	0.11521969300471485
valid	LV	1816	0.12165108333385655
valid	LV	1817	0.13700339665695094
valid	LV	1818	0.11493185914307297
valid	LV	1819	0.12020080633170607
valid	LV	1820	0.13320864694280274
valid	LV	1821	0.12402640956762141
valid	LV	1822	0.12425221615168572
valid	LV	1823	0.08877542595783734
valid	LV	1824	0.12007514402551132
valid	LV	1825	0.08163543949099202
valid	LV	1826	0.1592034863223022
valid	LV	1827	0.12329138817517245
valid	LV	1828	0.11638744824906203
valid	LV	1829	0.13308217274467324
valid	LV	1830	0.13097121007159362
valid	LV	1831	0.11039883422613152
valid	LV	1832	0.1105568563622456
valid	LV	1833	0.12228373061090761
valid	LV	1834	0.1118791295744025
valid	LV	1835	0.12106557791663922
valid	LV	1836	0.10975710117399909
valid	LV	1837	0.17029786872490976
valid	LV	1838	0.15768926092342875
valid	LV	1839	0.07869198024469083
valid	LV	1840	0.13221885788935342
valid	LV	1841	0.12973256811560072
valid	LV	1842	0.12383321374698361
valid	LV	1843	0.1445831116561957
valid	LV	1844	0.10007452420217308
valid	LV	1845	0.14722739492392856
valid	LV	1846	0.13033026058406283
valid	LV	1847	0.16644579776451007
valid	LV	1848	0.11526123971047243
valid	LV	1849	0.13984107510982832
valid	LV	1850	0.16665769259939286
valid	LV	1851	0.08694205391876775
valid	LV	1852	0.04296405041667701
valid	LV	1853	0.11390057426440608
valid	LV	1854	0.13019869934299658
valid	LV	1855	0.0748193182125981
valid	LV	1856	0.14188187159398435
valid	LV	1857	0.16501510794781285
valid	LV	1858	0.14351438999995383
valid	LV	1859	0.10963260660058846
valid	LV	1860	0.16444106272489065
valid	LV	1861	0.12292500945316538
valid	LV	1862	0.12199845639047677
valid	LV	1863	0.14705425599835406
valid	LV	1864	0.1010342287992993
valid	LV	1865	0.13840418762237885
valid	LV	1866	0.11374652148100674
valid	LV	1867	0.16634417598796392
valid	LV	1868	0.1026947587324155
valid	LV	1869	0.14086818876415652
valid	LV	1870	0.11517232944603867
valid	LV	1871	0.10802211967732818
valid	LV	1872	0.12227301090311885
valid	LV	1873	0.11690549638782033
valid	LV	1874	0.1651792787822082
valid	LV	1875	0.10598837163155203
valid	LV	1876	0.10128180348643352
valid	LV	1877	0.11090695570262162
valid	LV	1878	0.09908685712617832
valid	LV	1879	0.13195657493261292
valid	LV	1880	0.09562723191171577
valid	LV	1881	0.09686170075433011
valid	LV	1882	0.09931638886843328
valid	LV	1883	0.11385191828644713
valid	LV	1884	0.13110477698672876
valid	LV	1885	0.10607687165479607
valid	LV	1886	0.1280057870342795
valid	LV	1887	0.13047507495455882
valid	LV	1888	0.10808722774438474
valid	LV	1889	0.1077605361986253
valid	LV	1890	0.12074918894761137
valid	LV	1891	0.113086325244639
valid	LV	1892	0.146780321515891
valid	LV	1893	0.15942771820401253
valid	LV	1894	0.1560385918499329
valid	LV	1895	0.1472604525753059
valid	LV	1896	0.12292545298573954
valid	LV	1897	0.10586278586680596
valid	LV	1898	0.13078999424612409
valid	LV	1899	0.14666575690545305
valid	LV	1900	0.10814362454578096
valid	LV	1901	0.14048696997049046
valid	LV	1902	0.1517968950623664
valid	LV	1903	0.09113157577156004
valid	LV	1904	0.1001357189675757
valid	LV	1905	0.12078407284594503
valid	LV	1906	0.1394088306117803
valid	LV	1907	0.15877736806840834
valid	LV	1908	0.14806557518104405
valid	LV	1909	0.1285498557537244
valid	LV	1910	0.12426349612269044
valid	LV	1911	0.10627392791230661
valid	LV	1912	0.11631610483691417
valid	LV	1913	0.15025521661718777
valid	LV	1914	0.11986042705252617
valid	LV	1915	0.15923112830641278
valid	LV	1916	0.09056859815527453
valid	LV	1917	0.12578570418830834
valid	LV	1918	0.1301085982540685
valid	LV	1919	0.11295985594461924
valid	LV	1920	0.10814824938835209
valid	LV	1921	0.16188236986730326
valid	LV	1922	0.14693164451420687
valid	LV	1923	0.13501891349679962
valid	LV	1924	0.1408019839980232
valid	LV	1925	0.1392127075232808
valid	LV	1926	0.11131353742334199
valid	LV	1927	0.08360168269997742
valid	LV	1928	0.09848487047810284
valid	LV	1929	0.07812382293338409
valid	LV	1930	0.14614989375995438
valid	LV	1931	0.1044536205795655
valid	LV	1932	0.12594740410204516
valid	LV	1933	0.16135700957942195
valid	LV	1934	0.13208115911605328
valid	LV	1935	0.11863001748427927
valid	LV	1936	0.1141651831872033
valid	LV	1937	0.1150660653467492
valid	LV	1938	0.1536940706507829
valid	LV	1939	0.13207003384819785
valid	LV	1940	0.13675691863188746
valid	LV	1941	0.12749708918037655
valid	LV	1942	0.1336861015307226
valid	LV	1943	0.12621147781435613
valid	LV	1944	0.11237177772222946
valid	LV	1945	0.11346448585480823
valid	LV	1946	0.09832040304203535
valid	LV	1947	0.15135587320221386
valid	LV	1948	0.1107586907059429
valid	LV	1949	0.12078981858780842
valid	LV	1950	0.14916920691612712
valid	LV	1951	0.11614074704706999
valid	LV	1952	0.10072867404622657
valid	LV	1953	0.14054011416827197
valid	LV	1954	0.10048065552904346
valid	LV	1955	0.08958091364678887
valid	LV	1956	0.10962900487215063
valid	LV	1957	0.15206864951579366
valid	LV	1958	0.1039873942114137
valid	LV	1959	0.10402267240680176
valid	LV	1960	0.14912137661972516
valid	LV	1961	0.12903297908832279
valid	LV	1962	0.10425414545743227
valid	LV	1963	0.10654028178184682
valid	LV	1964	0.13353401794953787
valid	LV	1965	0.10503168455240047
valid	LV	1966	0.12415842690432559
valid	LV	1967	0.11208107806920493
valid	LV	1968	0.07725064547306665
valid	LV	1969	0.12521270029436998
valid	LV	1970	0.1411893504766875
valid	LV	1971	0.14540255784572242
valid	LV	1972	0.12232351466874342
valid	LV	1973	0.10562666997127296
valid	LV	1974	0.08201172476183537
valid	LV	1975	0.07696934720960939
valid	LV	1976	0.08499531600590562
valid	LV	1977	0.12326375403846881
valid	LV	1978	0.12215762565601371
valid	LV	1979	0.11464792157482152
valid	LV	1980	0.12933864356190547
valid	LV	1981	0.08086821203152979
valid	LV	1982	0.10856871796682298
valid	LV	1983	0.11301044344499807
valid	LV	1984	0.09780523252433414
valid	LV	1985	0.09502283684063609
valid	LV	1986	0.12825112663634958
valid	LV	1987	0.14085693598809085
valid	LV	1988	0.1123234229198944
valid	LV	1989	0.11368969580021031
valid	LV	1990	0.09937738283125008
valid	LV	1991	0.16527428905743913
valid	LV	1992	0.1350095939726429
valid	LV	1993	0.11410306846573579
valid	LV	1994	0.12503447905347
valid	LV	1995	0.1267735747668624
valid	LV	1996	0.16060172921771917
valid	LV	1997	0.13616189294394754
valid	LV	1998	0.13992376658356528
valid	LV	1999	0.11216275501039284
valid	L	0	0.1588740106364104
valid	L	1	0.14438161978062583
valid	L	2	0.1640948727701616
valid	L	3	0.13734061047882548
valid	L	4	0.1441820865010002
valid	L	5	0.12440955337622649
valid	L	6	0.11274264284493761
valid	L	7	0.10383002288181245
valid	L	8	0.12679840301422904
valid	L	9	0.145990044906065
valid	L	10	0.11540691257959294
valid	L	11	0.16178464616926286
valid	L	12	0.15007705225559897
valid	L	13	0.11881285169777583
valid	L	14	0.11247169616282517
valid	L	15	0.12529806900927537
valid	L	16	0.16284472024177798
valid	L	17	0.11997677318716246
valid	L	18	0.1610116670019029
valid	L	19	0.1254415271798136
valid	L	20	0.09330477863648821
valid	L	21	0.1504434941036286
valid	L	22	0.11324624927340408
valid	L	23	0.12180337548952194
valid	L	24	0.13581317280904065
valid	L	25	0.15826795687442458
valid	L	26	0.12196549649853429
valid	L	27	0.12307520023224479
valid	L	28	0.1570727293451776
valid	L	29	0.15209148980216766
valid	L	30	0.1370424325088341
valid	L	31	0.1347785425764722
valid	L	32	0.12429836240419492
valid	L	33	0.11329216895991491
valid	L	34	0.1509493687779602
valid	L	35	0.1739546901843416
valid	L	36	0.11392580187146274
valid	L	37	0.1297706223222461
valid	L	38	0.09179657816672314
valid	L	39	0.1381069715755592
valid	L	40	0.09853114145482615
valid	L	41	0.13851491377175942
valid	L	42	0.15097981301607827
valid	L	43	0.10065750953406086
valid	L	44	0.12465663237772238
valid	L	45	0.14241664045067046
valid	L	46	0.16621769756486773
valid	L	47	0.15520724308794315
valid	L	48	0.1320203830833949
valid	L	49	0.13963720245263003
valid	L	50	0.16126381039368104
valid	L	51	0.1765175614643142
valid	L	52	0.17267293265969944
valid	L	53	0.12637851989292523
valid	L	54	0.11797991666981168
valid	L	55	0.10475315295268113
valid	L	56	0.1270317967042488
valid	L	57	0.14799439048174085
valid	L	58	0.1323415988542328
valid	L	59	0.12635465710550126
valid	L	60	0.10323088504131603
valid	L	61	0.1496506187874181
valid	L	62	0.10955550213192139
valid	L	63	0.1260990263083247
valid	L	64	0.1144727734125628
valid	L	65	0.1437003866702516
valid	L	66	0.10778555313003639
valid	L	67	0.1465477163244687
valid	L	68	0.14637146289111802
valid	L	69	0.16484706995792175
valid	L	70	0.09005622822316396
valid	L	71	0.15958693679729943
valid	L	72	0.08319966281628097
valid	L	73	0.15233362931523675
valid	L	74	0.15275599734665127
valid	L	75	0.12895484295546888
valid	L	76	0.15892734529607583
valid	L	77	0.14126885749531634
valid	L	78	0.1172534806818699
valid	L	79	0.11263691946520635
valid	L	80	0.11255502468690604
valid	L	81	0.15420052166452636
valid	L	82	0.11331285199142803
valid	L	83	0.13818797148379858
valid	L	84	0.1716789229699466
valid	L	85	0.10510036213591979
valid	L	86	0.11617797512894856
valid	L	87	0.1068655582397879
valid	L	88	0.11229845133746563
valid	L	89	0.13662807256276355
valid	L	90	0.12393895809513464
valid	L	91	0.14147798453187158
valid	L	92	0.11459359617124482
valid	L	93	0.1381908125001353
valid	L	94	0.13405530534588353
valid	L	95	0.12715049903477801
valid	L	96	0.18946596509505004
valid	L	97	0.12172815448082513
valid	L	98	0.15386481863227042
valid	L	99	0.11746507295872076
valid	L	100	0.12809178715036718
valid	L	101	0.14125612702705775
valid	L	102	0.16286413496166322
valid	L	103	0.12988044234405804
valid	L	104	0.1347592799811381
valid	L	105	0.11616670645157905
valid	L	106	0.12071122065725025
valid	L	107	0.13014012999910315
valid	L	108	0.15794495032689906
valid	L	109	0.1547585540157325
valid	L	110	0.13233711014844518
valid	L	111	0.15302174759068102
valid	L	112	0.1279729824125189
valid	L	113	0.18293966705344156
valid	L	114	0.16213132264512112
valid	L	115	0.10661426874657971
valid	L	116	0.1522703592639869
valid	L	117	0.14429342540996176
valid	L	118	0.13444864472161402
valid	L	119	0.11442014785513296
valid	L	120	0.10380261761882237
valid	L	121	0.17904392757975815
valid	L	122	0.15522732920474183
valid	L	123	0.14281650607470991
valid	L	124	0.17343301132209935
valid	L	125	0.1259540153560158
valid	L	126	0.1747763292671111
valid	L	127	0.12934024982415623
valid	L	128	0.12866866362143753
valid	L	129	0.12703797811143516
valid	L	130	0.11351344820150724
valid	L	131	0.1326166953702007
valid	L	132	0.12371375376010786
valid	L	133	0.14424633665143036
valid	L	134	0.13880510742843827
valid	L	135	0.13704733598636976
valid	L	136	0.16677241384346617
valid	L	137	0.11405411598066376
valid	L	138	0.14249118075367984
valid	L	139	0.17291814036767383
valid	L	140	0.19097034644210073
valid	L	141	0.16624924576097602
valid	L	142	0.10766235861384899
valid	L	143	0.10896351570862323
valid	L	144	0.1781957072175136
valid	L	145	0.1561961379968992
valid	L	146	0.16766349023134441
valid	L	147	0.13658775429104972
valid	L	148	0.11363985851155264
valid	L	149	0.16832507995572243
valid	L	150	0.1376519300480413
valid	L	151	0.11721390087753555
valid	L	152	0.16239259765311143
valid	L	153	0.18917710172491115
valid	L	154	0.1139175426121887
valid	L	155	0.12329924677748925
valid	L	156	0.10199324239662166
valid	L	157	0.08753026043201037
valid	L	158	0.11919568133667766
valid	L	159	0.12626583655815682
valid	L	160	0.13975466856124605
valid	L	161	0.1290167875097674
valid	L	162	0.13796509517608405
valid	L	163	0.1331452773919732
valid	L	164	0.1420922548014893
valid	L	165	0.12654494386596887
valid	L	166	0.1451339989177559
valid	L	167	0.147103394347617
valid	L	168	0.145801694998285
valid	L	169	0.13502721005695667
valid	L	170	0.12560610218482968
valid	L	171	0.1141336396022964
valid	L	172	0.1412886730599883
valid	L	173	0.11263740848053906
valid	L	174	0.12252798350498903
valid	L	175	0.1711811213808102
valid	L	176	0.11135605329984108
valid	L	177	0.14832784679780525
valid	L	178	0.15042456997893405
valid	L	179	0.09942709690308435
valid	L	180	0.15772722615610163
valid	L	181	0.1059934220133941
valid	L	182	0.16525197187695176
valid	L	183	0.10238380298009031
valid	L	184	0.12184715160329705
valid	L	185	0.10710941905178589
valid	L	186	0.15952638503341507
valid	L	187	0.1473168857714685
valid	L	188	0.15753606366093154
valid	L	189	0.11868869089761194
valid	L	190	0.15293543830213635
valid	L	191	0.11630761208996278
valid	L	192	0.1526753990700398
valid	L	193	0.1585997093872103
valid	L	194	0.12555190282598758
valid	L	195	0.14576264110719417
valid	L	196	0.1333766056702276
valid	L	197	0.12848648208173288
valid	L	198	0.1347469096217692
valid	L	199	0.17214381805073867
valid	L	200	0.12642607997188407
valid	L	201	0.14903412036166813
valid	L	202	0.16037679950144013
valid	L	203	0.20026085820671038
valid	L	204	0.13791782287393048
valid	L	205	0.16482942495497083
valid	L	206	0.15511875229906136
valid	L	207	0.16258082317812897
valid	L	208	0.16042343355769786
valid	L	209	0.1463742680766238
valid	L	210	0.1471026618052319
valid	L	211	0.13477436529944636
valid	L	212	0.09869661480718622
valid	L	213	0.1494408304391813
valid	L	214	0.13527189264081632
valid	L	215	0.14177313020891402
valid	L	216	0.13177569090389002
valid	L	217	0.1599870010113873
valid	L	218	0.15066291375856258
valid	L	219	0.10326693278588317
valid	L	220	0.09391323492701724
valid	L	221	0.1643057034307362
valid	L	222	0.10705592219160684
valid	L	223	0.13112621887840153
valid	L	224	0.1136121692237004
valid	L	225	0.1636320738570879
valid	L	226	0.1593239689788817
valid	L	227	0.12239364337787699
valid	L	228	0.13652372834010912
valid	L	229	0.14080431180274686
valid	L	230	0.1618123246511089
valid	L	231	0.1357778823253887
valid	L	232	0.1202430774093126
valid	L	233	0.1193255305520692
valid	L	234	0.18790293129881577
valid	L	235	0.13119664880095536
valid	L	236	0.1357751652970209
valid	L	237	0.14004903972200086
valid	L	238	0.1545158076840367
valid	L	239	0.09588783511295025
valid	L	240	0.11056230121386687
valid	L	241	0.13521796601408065
valid	L	242	0.15212957639878064
valid	L	243	0.14299092651526693
valid	L	244	0.14078520528973332
valid	L	245	0.146396923568275
valid	L	246	0.15638070819369534
valid	L	247	0.13474223326745238
valid	L	248	0.13704041520620094
valid	L	249	0.10721743277133357
valid	L	250	0.1738967626769228
valid	L	251	0.1362573432313809
valid	L	252	0.14960024299840605
valid	L	253	0.13006036896978568
valid	L	254	0.1294089313494469
valid	L	255	0.21129416312242552
valid	L	256	0.16240485182730538
valid	L	257	0.10090055935099211
valid	L	258	0.10925449473002852
valid	L	259	0.12139118220047121
valid	L	260	0.11249637716950668
valid	L	261	0.0969212388818015
valid	L	262	0.13811628374858564
valid	L	263	0.16089973739840507
valid	L	264	0.14249639703304254
valid	L	265	0.13758873394529086
valid	L	266	0.1186489083868321
valid	L	267	0.18077833315445377
valid	L	268	0.11809095209676455
valid	L	269	0.12428102404659308
valid	L	270	0.13898985896982946
valid	L	271	0.1536340645252947
valid	L	272	0.11299454298711105
valid	L	273	0.13453990760648563
valid	L	274	0.142545544801501
valid	L	275	0.12090601696794583
valid	L	276	0.16098183651774703
valid	L	277	0.11979210054706273
valid	L	278	0.16224647745578033
valid	L	279	0.116508082534889
valid	L	280	0.13183288544120256
valid	L	281	0.14825693697613979
valid	L	282	0.07830308734517198
valid	L	283	0.12087534246014142
valid	L	284	0.12043908707157028
valid	L	285	0.1384973424895464
valid	L	286	0.1125742312301934
valid	L	287	0.17202297730294647
valid	L	288	0.12863176646767918
valid	L	289	0.15308233166423724
valid	L	290	0.1574913542733502
valid	L	291	0.10749812330238105
valid	L	292	0.1282424421883007
valid	L	293	0.14851080174589906
valid	L	294	0.12727969338509745
valid	L	295	0.14212945726027446
valid	L	296	0.12182157229933384
valid	L	297	0.1703487505294003
valid	L	298	0.11431939310789646
valid	L	299	0.12893896092760487
valid	L	300	0.17378293427135988
valid	L	301	0.14857356965566323
valid	L	302	0.14057623983457518
valid	L	303	0.14871980788414813
valid	L	304	0.12998486079432503
valid	L	305	0.10772424395864284
valid	L	306	0.11833962535921314
valid	L	307	0.12520697072647666
valid	L	308	0.1306288561352657
valid	L	309	0.07217149290787571
valid	L	310	0.1344499849609066
valid	L	311	0.13060104446587148
valid	L	312	0.13883543684743266
valid	L	313	0.09566394557762606
valid	L	314	0.14349826456217088
valid	L	315	0.13818149003289543
valid	L	316	0.11163804387844069
valid	L	317	0.18810673874604344
valid	L	318	0.13350580427636846
valid	L	319	0.1358156322374043
valid	L	320	0.11936593691661404
valid	L	321	0.09435237066808574
valid	L	322	0.1484117032615249
valid	L	323	0.12506116425845157
valid	L	324	0.11550630341179491
valid	L	325	0.1643405549490912
valid	L	326	0.13361370885922613
valid	L	327	0.17130205373531188
valid	L	328	0.17176717693735358
valid	L	329	0.1229303287093377
valid	L	330	0.1340708717480681
valid	L	331	0.12596094432222973
valid	L	332	0.10741332949516258
valid	L	333	0.1273068618456847
valid	L	334	0.15178444008113634
valid	L	335	0.1731751631786803
valid	L	336	0.1709410575579927
valid	L	337	0.1389078575057441
valid	L	338	0.15729463057666312
valid	L	339	0.12396774049016408
valid	L	340	0.16788042972649664
valid	L	341	0.17328112199541046
valid	L	342	0.14552300913809302
valid	L	343	0.09812034263506023
valid	L	344	0.09744547475796561
valid	L	345	0.11938197096403177
valid	L	346	0.11311957028557289
valid	L	347	0.14709688312967223
valid	L	348	0.13000179055065714
valid	L	349	0.13099233379999392
valid	L	350	0.13215587787051772
valid	L	351	0.15984816107042824
valid	L	352	0.12199034164975521
valid	L	353	0.11327818229615347
valid	L	354	0.14630234895634925
valid	L	355	0.12175952611777772
valid	L	356	0.15535288487910492
valid	L	357	0.18196121401738027
valid	L	358	0.15130712395902227
valid	L	359	0.14271712888042568
valid	L	360	0.16635131194699698
valid	L	361	0.10923488490264024
valid	L	362	0.1664484010152235
valid	L	363	0.14520556932102913
valid	L	364	0.11496116289925937
valid	L	365	0.14141903595688643
valid	L	366	0.17167192719192242
valid	L	367	0.17129843073870776
valid	L	368	0.0813652570177823
valid	L	369	0.12643074943853128
valid	L	370	0.13298539474262838
valid	L	371	0.12763267357195174
valid	L	372	0.12734400138330573
valid	L	373	0.12229136217291205
valid	L	374	0.12736281634225832
valid	L	375	0.14866946986100443
valid	L	376	0.14671490269702947
valid	L	377	0.11249241144921229
valid	L	378	0.12730875648854595
valid	L	379	0.16121016137883945
valid	L	380	0.16624451999363804
valid	L	381	0.13639093738713476
valid	L	382	0.1265922084391434
valid	L	383	0.10729407568407712
valid	L	384	0.1531833546596105
valid	L	385	0.13635921667368872
valid	L	386	0.12163326293644214
valid	L	387	0.12940829203281118
valid	L	388	0.09436139758774773
valid	L	389	0.15902955642358307
valid	L	390	0.16354412367130566
valid	L	391	0.15148557103257856
valid	L	392	0.1528438915548461
valid	L	393	0.11782113026368883
valid	L	394	0.17778479952027168
valid	L	395	0.10836907464434906
valid	L	396	0.10396374217210096
valid	L	397	0.11840733614251385
valid	L	398	0.14069803138147546
valid	L	399	0.14740140143480698
valid	L	400	0.13878071663665922
valid	L	401	0.1204907762176411
valid	L	402	0.12632689448612253
valid	L	403	0.11910633256159216
valid	L	404	0.15643050134406172
valid	L	405	0.12314084838669932
valid	L	406	0.11121820105365136
valid	L	407	0.13208263302406292
valid	L	408	0.1271808546069525
valid	L	409	0.13096438965530569
valid	L	410	0.12459890931015233
valid	L	411	0.14004196059284152
valid	L	412	0.13214728872951353
valid	L	413	0.14833711110673237
valid	L	414	0.1516803215707461
valid	L	415	0.10683358967921702
valid	L	416	0.12028646306201782
valid	L	417	0.13027908109078679
valid	L	418	0.10118580679281691
valid	L	419	0.13623828110600947
valid	L	420	0.12280437913918751
valid	L	421	0.1118717815321585
valid	L	422	0.15673830386038318
valid	L	423	0.14303759965728127
valid	L	424	0.15616311488646306
valid	L	425	0.16352271996812937
valid	L	426	0.13431060260407043
valid	L	427	0.15697105619283983
valid	L	428	0.19433808730208862
valid	L	429	0.09094758381880914
valid	L	430	0.11958454845407683
valid	L	431	0.10751131086358573
valid	L	432	0.11788619462497951
valid	L	433	0.10035333366660151
valid	L	434	0.11450704164879323
valid	L	435	0.16777202491418908
valid	L	436	0.14374255433658434
valid	L	437	0.1659918070667745
valid	L	438	0.10933935402311185
valid	L	439	0.11639874764047675
valid	L	440	0.15157774720094513
valid	L	441	0.17454066248241235
valid	L	442	0.11959339848647914
valid	L	443	0.1675989265083189
valid	L	444	0.1418614498072723
valid	L	445	0.13248836150258805
valid	L	446	0.1388446479813977
valid	L	447	0.1646281469624683
valid	L	448	0.1431137187399519
valid	L	449	0.1410455007854432
valid	L	450	0.14025702733890474
valid	L	451	0.16663599477653881
valid	L	452	0.14403571464207535
valid	L	453	0.1694724075335221
valid	L	454	0.09411684829160162
valid	L	455	0.13803501178121047
valid	L	456	0.11165640497434229
valid	L	457	0.12276526000462201
valid	L	458	0.1209912804248696
valid	L	459	0.15898484972957738
valid	L	460	0.1290438356454192
valid	L	461	0.12524495900852148
valid	L	462	0.13945516490483872
valid	L	463	0.19240639566911025
valid	L	464	0.131540683317531
valid	L	465	0.10634516129846192
valid	L	466	0.13386566842408745
valid	L	467	0.10502142973796234
valid	L	468	0.12826718326728928
valid	L	469	0.14727367676777167
valid	L	470	0.13832635771703664
valid	L	471	0.161921209175121
valid	L	472	0.16399225235703818
valid	L	473	0.10668525904808598
valid	L	474	0.13425552862181447
valid	L	475	0.10008163006390533
valid	L	476	0.12440150918169625
valid	L	477	0.1175601263611455
valid	L	478	0.10947110543899284
valid	L	479	0.14226847037507762
valid	L	480	0.10543808693556621
valid	L	481	0.12787160294702843
valid	L	482	0.10634871958628762
valid	L	483	0.09522665056820329
valid	L	484	0.14424604669034735
valid	L	485	0.09546110473891167
valid	L	486	0.12437617880806724
valid	L	487	0.1674656511367856
valid	L	488	0.10731189347359052
valid	L	489	0.14041255098226088
valid	L	490	0.10604035081868635
valid	L	491	0.16331900397607563
valid	L	492	0.16759177330896896
valid	L	493	0.1116110085259418
valid	L	494	0.15034097545049083
valid	L	495	0.11618534418884945
valid	L	496	0.09806795522870619
valid	L	497	0.10733455592704975
valid	L	498	0.13342539532241657
valid	L	499	0.17203514196470962
valid	L	500	0.1309824154813976
valid	L	501	0.1433627304997984
valid	L	502	0.14672331632406352
valid	L	503	0.15437407770487757
valid	L	504	0.1430136527264196
valid	L	505	0.09958889290515187
valid	L	506	0.11854743371561262
valid	L	507	0.15140498944884456
valid	L	508	0.13295343037838803
valid	L	509	0.13713409256874015
valid	L	510	0.13702152903514098
valid	L	511	0.1322514669590655
valid	L	512	0.16285267870879766
valid	L	513	0.12697397094665763
valid	L	514	0.14234193232794284
valid	L	515	0.10546132557250448
valid	L	516	0.17018251795471318
valid	L	517	0.13559443647280353
valid	L	518	0.17047538064748288
valid	L	519	0.1573983624924956
valid	L	520	0.11891203338493642
valid	L	521	0.14216619743644
valid	L	522	0.1302796712595062
valid	L	523	0.14895476867683055
valid	L	524	0.1203946768173476
valid	L	525	0.11669286589450559
valid	L	526	0.11988236909301501
valid	L	527	0.14064223356815098
valid	L	528	0.09509824424891036
valid	L	529	0.12753758148008418
valid	L	530	0.10523848836008767
valid	L	531	0.13735304645711896
valid	L	532	0.1568451931916456
valid	L	533	0.13058875482425938
valid	L	534	0.18955054389954973
valid	L	535	0.12666535775320387
valid	L	536	0.1767332018040599
valid	L	537	0.10816229033929345
valid	L	538	0.1695396471043484
valid	L	539	0.11375539395988103
valid	L	540	0.1712066408437114
valid	L	541	0.17569531579106568
valid	L	542	0.13079378269751718
valid	L	543	0.15003313560052275
valid	L	544	0.14137268573699752
valid	L	545	0.1806687322249008
valid	L	546	0.1401528458848913
valid	L	547	0.10676629454984579
valid	L	548	0.12790067376800485
valid	L	549	0.13351122083886388
valid	L	550	0.125642756201243
valid	L	551	0.13841684238237384
valid	L	552	0.11476457217372407
valid	L	553	0.13720886794333573
valid	L	554	0.10363002399201468
valid	L	555	0.14883591504763274
valid	L	556	0.16175356425368004
valid	L	557	0.17622724949306443
valid	L	558	0.11276377298744313
valid	L	559	0.1493019036888142
valid	L	560	0.14939044482526884
valid	L	561	0.15808822299717826
valid	L	562	0.18418635704761793
valid	L	563	0.15209069860867586
valid	L	564	0.13123758258933532
valid	L	565	0.15757951841078552
valid	L	566	0.1624661616690454
valid	L	567	0.15121731469978836
valid	L	568	0.14947322344769112
valid	L	569	0.10873649696659207
valid	L	570	0.15459728827346883
valid	L	571	0.15262868109206804
valid	L	572	0.15312501078428867
valid	L	573	0.13706843216236375
valid	L	574	0.11532676665582164
valid	L	575	0.15867232444238769
valid	L	576	0.12411137847629466
valid	L	577	0.11977502612795433
valid	L	578	0.11091903409206115
valid	L	579	0.12423982696476948
valid	L	580	0.16696136382545237
valid	L	581	0.11659429358259607
valid	L	582	0.1216372651599924
valid	L	583	0.18009101056501597
valid	L	584	0.14212789842988754
valid	L	585	0.1145563303171292
valid	L	586	0.09098613608675585
valid	L	587	0.1240193798875113
valid	L	588	0.11715598820627465
valid	L	589	0.1574120477453114
valid	L	590	0.12534218124527344
valid	L	591	0.18565581702599107
valid	L	592	0.13472549490504684
valid	L	593	0.09714538722015097
valid	L	594	0.0860210468387752
valid	L	595	0.09459567916903416
valid	L	596	0.15620500391989406
valid	L	597	0.13265795288911444
valid	L	598	0.1282099797266151
valid	L	599	0.13483406164706258
valid	L	600	0.162950030492775
valid	L	601	0.10188795540582982
valid	L	602	0.12772876928414847
valid	L	603	0.13337455741582702
valid	L	604	0.14104277359249184
valid	L	605	0.13883517790256972
valid	L	606	0.13057946454773184
valid	L	607	0.09306267291417929
valid	L	608	0.14796182175730005
valid	L	609	0.13721071870293713
valid	L	610	0.11456209622931933
valid	L	611	0.13595608215742416
valid	L	612	0.11617194223294801
valid	L	613	0.1488357891257967
valid	L	614	0.1722534345557637
valid	L	615	0.12694980492340113
valid	L	616	0.1354856445073942
valid	L	617	0.18760537017472173
valid	L	618	0.16178018187456733
valid	L	619	0.0755415725411928
valid	L	620	0.14127246287155662
valid	L	621	0.1402487894256398
valid	L	622	0.11476758984707286
valid	L	623	0.09941812665456737
valid	L	624	0.1799620773995212
valid	L	625	0.11755588081893939
valid	L	626	0.12758211709981218
valid	L	627	0.11406460347248588
valid	L	628	0.1768803450428033
valid	L	629	0.13528789139040912
valid	L	630	0.17258378775612282
valid	L	631	0.1319440001953732
valid	L	632	0.1223157830816155
valid	L	633	0.12408728581978452
valid	L	634	0.15444303789514185
valid	L	635	0.11502648482896273
valid	L	636	0.16435966712202027
valid	L	637	0.17052482402360533
valid	L	638	0.15284812008817025
valid	L	639	0.10299538756516713
valid	L	640	0.15112313660320228
valid	L	641	0.1257080660133839
valid	L	642	0.1786475627498673
valid	L	643	0.12162265759202939
valid	L	644	0.1406585530431639
valid	L	645	0.15826707212385477
valid	L	646	0.08941164964976511
valid	L	647	0.1123059627173319
valid	L	648	0.14453359815517594
valid	L	649	0.13036976559452193
valid	L	650	0.13289994944092837
valid	L	651	0.1635793517464148
valid	L	652	0.1256297948206713
valid	L	653	0.1132099121763126
valid	L	654	0.15718799193218505
valid	L	655	0.10083613314296765
valid	L	656	0.1308251297123488
valid	L	657	0.12255414346417962
valid	L	658	0.14265332627652874
valid	L	659	0.1276819642305546
valid	L	660	0.15054954908614038
valid	L	661	0.14312557142591906
valid	L	662	0.14060752411345204
valid	L	663	0.10875159023712638
valid	L	664	0.1508612388664555
valid	L	665	0.10411982199242734
valid	L	666	0.16667554882403984
valid	L	667	0.1042013939568393
valid	L	668	0.10584902538272854
valid	L	669	0.17566151621277457
valid	L	670	0.15378799317829492
valid	L	671	0.10949632110255632
valid	L	672	0.14199016644918022
valid	L	673	0.090922236734782
valid	L	674	0.11072725914785428
valid	L	675	0.1524216225788851
valid	L	676	0.09498949179170083
valid	L	677	0.1490976744719124
valid	L	678	0.125228976264103
valid	L	679	0.14473871403814206
valid	L	680	0.08774743155664931
valid	L	681	0.13579160529617623
valid	L	682	0.1556671998651572
valid	L	683	0.1481656139899885
valid	L	684	0.14682301456936434
valid	L	685	0.14017937126804478
valid	L	686	0.09930406767821165
valid	L	687	0.12497979822235605
valid	L	688	0.1307405411684894
valid	L	689	0.14371478353504286
valid	L	690	0.10532935432130448
valid	L	691	0.16467347841107405
valid	L	692	0.11061513509138955
valid	L	693	0.13095297140979173
valid	L	694	0.16050483412937608
valid	L	695	0.16167159121988098
valid	L	696	0.10175799354818542
valid	L	697	0.16349869281612264
valid	L	698	0.11797192743425555
valid	L	699	0.15258572952115676
valid	L	700	0.16236065933008992
valid	L	701	0.13080501613441878
valid	L	702	0.17104983415602912
valid	L	703	0.10967865088348992
valid	L	704	0.12200752348064246
valid	L	705	0.13247835788603624
valid	L	706	0.12994138946646677
valid	L	707	0.11616427165495537
valid	L	708	0.10142235481735043
valid	L	709	0.15051780639647278
valid	L	710	0.19049476243950184
valid	L	711	0.1286706598095559
valid	L	712	0.08835383465519107
valid	L	713	0.13677273610310733
valid	L	714	0.15088384178699724
valid	L	715	0.15426046893379736
valid	L	716	0.11069486763979056
valid	L	717	0.13917265161270395
valid	L	718	0.12966696906667485
valid	L	719	0.12996091750869315
valid	L	720	0.140318824850979
valid	L	721	0.09653638680485437
valid	L	722	0.0824130130515121
valid	L	723	0.20076580405811706
valid	L	724	0.13295435322145033
valid	L	725	0.1289349889450385
valid	L	726	0.13823393149777669
valid	L	727	0.14025684584013143
valid	L	728	0.1583229400418965
valid	L	729	0.11265403953239339
valid	L	730	0.15605490681046555
valid	L	731	0.12794003595185752
valid	L	732	0.15251079145158547
valid	L	733	0.1395734696360644
valid	L	734	0.11478551999443742
valid	L	735	0.11616861734552958
valid	L	736	0.14302031447581354
valid	L	737	0.12856060931118274
valid	L	738	0.14497401433884508
valid	L	739	0.15599929316010336
valid	L	740	0.13890204982339005
valid	L	741	0.11037405839069028
valid	L	742	0.15332384191475004
valid	L	743	0.15558953614384288
valid	L	744	0.13568575002755048
valid	L	745	0.1529100291241754
valid	L	746	0.11614910924437247
valid	L	747	0.15463129822676996
valid	L	748	0.1459414044429267
valid	L	749	0.1725741586155391
valid	L	750	0.14699845662240854
valid	L	751	0.09686068849470071
valid	L	752	0.1270572013309912
valid	L	753	0.1507605165388675
valid	L	754	0.14929808607721326
valid	L	755	0.12017172627248138
valid	L	756	0.10612261189464632
valid	L	757	0.12790421313450437
valid	L	758	0.12935456664477182
valid	L	759	0.15773632798383438
valid	L	760	0.1431911416399681
valid	L	761	0.1272894072878838
valid	L	762	0.17103530218625582
valid	L	763	0.15349451481883755
valid	L	764	0.11609283973356184
valid	L	765	0.1418715158142522
valid	L	766	0.10570249625246186
valid	L	767	0.14553663135447906
valid	L	768	0.1755498948166665
valid	L	769	0.12962600056848467
valid	L	770	0.09346015280253268
valid	L	771	0.10944975027603701
valid	L	772	0.13378549016602517
valid	L	773	0.1344292028734577
valid	L	774	0.18817281394570545
valid	L	775	0.14536439169476043
valid	L	776	0.14517417059415982
valid	L	777	0.1433940113167562
valid	L	778	0.12519310130945577
valid	L	779	0.1217469629777711
valid	L	780	0.16189606355139957
valid	L	781	0.14068148985144005
valid	L	782	0.0999635422151217
valid	L	783	0.14324323348153173
valid	L	784	0.12290214040580144
valid	L	785	0.09083319692177189
valid	L	786	0.14058626734004126
valid	L	787	0.11537638489929403
valid	L	788	0.12472149837353362
valid	L	789	0.1298272682842379
valid	L	790	0.13266159779026354
valid	L	791	0.12649754457467477
valid	L	792	0.10005861008997875
valid	L	793	0.13151046050835846
valid	L	794	0.17405679943817629
valid	L	795	0.133142445251671
valid	L	796	0.17732690825417374
valid	L	797	0.13921922244574256
valid	L	798	0.13989907524330544
valid	L	799	0.12951569029741505
valid	L	800	0.147494831935452
valid	L	801	0.1074283579113256
valid	L	802	0.13672711285992753
valid	L	803	0.13953759233477758
valid	L	804	0.16541374829913041
valid	L	805	0.15466166413242458
valid	L	806	0.11915533562813375
valid	L	807	0.11294408535129395
valid	L	808	0.1725801465207502
valid	L	809	0.13899497126609084
valid	L	810	0.1660133953005611
valid	L	811	0.14663283353630854
valid	L	812	0.1603469948250153
valid	L	813	0.12086941339581898
valid	L	814	0.11222217191056022
valid	L	815	0.1312180809647136
valid	L	816	0.11488659887586426
valid	L	817	0.12188649789016978
valid	L	818	0.10075098998192568
valid	L	819	0.17425336157324148
valid	L	820	0.1601338455546679
valid	L	821	0.19760176328005433
valid	L	822	0.15365780516863922
valid	L	823	0.12688244828431788
valid	L	824	0.14787991057807173
valid	L	825	0.14730240130044608
valid	L	826	0.15527418324000083
valid	L	827	0.12489176643638043
valid	L	828	0.16849902950901724
valid	L	829	0.1525612250755153
valid	L	830	0.09666019362688992
valid	L	831	0.17042378441263414
valid	L	832	0.13923396531609675
valid	L	833	0.145692609477957
valid	L	834	0.15862510888421458
valid	L	835	0.1709857292318908
valid	L	836	0.09985024039656944
valid	L	837	0.17708150306372486
valid	L	838	0.10578850832507793
valid	L	839	0.12948961806253806
valid	L	840	0.14215810100813603
valid	L	841	0.14770325495380673
valid	L	842	0.14283223818264382
valid	L	843	0.13508167279945735
valid	L	844	0.12821536608729006
valid	L	845	0.14811416327079022
valid	L	846	0.1334641705226583
valid	L	847	0.1340823546322887
valid	L	848	0.13300908635488373
valid	L	849	0.11933144826017195
valid	L	850	0.14995303512452796
valid	L	851	0.17000770040000585
valid	L	852	0.1540351252290226
valid	L	853	0.1210887692032154
valid	L	854	0.11080700762715802
valid	L	855	0.17921789914082567
valid	L	856	0.13699575598564603
valid	L	857	0.13709705017715992
valid	L	858	0.12423761752971645
valid	L	859	0.15662328324849562
valid	L	860	0.09870670775149072
valid	L	861	0.1289626972186226
valid	L	862	0.14914972034614452
valid	L	863	0.15141138190146314
valid	L	864	0.13514878528839377
valid	L	865	0.0844594152908821
valid	L	866	0.13220818039367582
valid	L	867	0.1616405526052367
valid	L	868	0.13756017778188603
valid	L	869	0.1498897324848397
valid	L	870	0.11051393954216193
valid	L	871	0.1453172041334691
valid	L	872	0.10009592607747829
valid	L	873	0.10144748799181298
valid	L	874	0.1208367473848914
valid	L	875	0.15598737644535107
valid	L	876	0.1005091957128229
valid	L	877	0.10959761760367215
valid	L	878	0.14814655480204186
valid	L	879	0.152297079258612
valid	L	880	0.1315627652709948
valid	L	881	0.15207053103397322
valid	L	882	0.1346721309275924
valid	L	883	0.12155158931258549
valid	L	884	0.14395931184739358
valid	L	885	0.14376600735657402
valid	L	886	0.13749955668211034
valid	L	887	0.12099386045375339
valid	L	888	0.1635123839614534
valid	L	889	0.12250526393390071
valid	L	890	0.16390292958529082
valid	L	891	0.1380782219889302
valid	L	892	0.15951985873155736
valid	L	893	0.1688150788499875
valid	L	894	0.10307819591800993
valid	L	895	0.09663067521451203
valid	L	896	0.1720591991096452
valid	L	897	0.1312329627070474
valid	L	898	0.16207107228930723
valid	L	899	0.17646802127694655
valid	L	900	0.15747420300229345
valid	L	901	0.14409759213260795
valid	L	902	0.13301575947893016
valid	L	903	0.11476434884640381
valid	L	904	0.1653568702077194
valid	L	905	0.10324218831843664
valid	L	906	0.1297126433920456
valid	L	907	0.13715519865733858
valid	L	908	0.1281979891724999
valid	L	909	0.14936639631089987
valid	L	910	0.12983825732570192
valid	L	911	0.1829582730469389
valid	L	912	0.14624658135698554
valid	L	913	0.10668057668253275
valid	L	914	0.14317547922118182
valid	L	915	0.15290081928709529
valid	L	916	0.10833985244032242
valid	L	917	0.09996684550109387
valid	L	918	0.15399987672858687
valid	L	919	0.13492511072187718
valid	L	920	0.14073964667467423
valid	L	921	0.149407726650098
valid	L	922	0.11423516869856883
valid	L	923	0.14525169189926262
valid	L	924	0.1361163605569866
valid	L	925	0.12503100768314213
valid	L	926	0.16089245979240294
valid	L	927	0.08885225329842329
valid	L	928	0.12187852871581904
valid	L	929	0.1271188913023195
valid	L	930	0.15690119236040453
valid	L	931	0.11905021086798051
valid	L	932	0.1364232228562614
valid	L	933	0.1257292626957522
valid	L	934	0.16090332726916798
valid	L	935	0.1778059121741217
valid	L	936	0.13013962233124615
valid	L	937	0.14029813599400864
valid	L	938	0.1493214908934625
valid	L	939	0.14608702308775715
valid	L	940	0.13334319018569446
valid	L	941	0.13030703003600322
valid	L	942	0.14147932791028903
valid	L	943	0.16519208025124715
valid	L	944	0.1213136047116332
valid	L	945	0.1112142967185494
valid	L	946	0.1454629905159042
valid	L	947	0.13588551728323345
valid	L	948	0.15734377862549626
valid	L	949	0.1087742997801614
valid	L	950	0.1312815799067285
valid	L	951	0.11296347164940512
valid	L	952	0.17072676164711192
valid	L	953	0.1510406265680575
valid	L	954	0.14062681135842092
valid	L	955	0.11143876882131518
valid	L	956	0.14824172064121935
valid	L	957	0.10500485455217701
valid	L	958	0.09671025889848145
valid	L	959	0.11105738298662202
valid	L	960	0.12033300854752174
valid	L	961	0.11485962708064343
valid	L	962	0.15156201378019207
valid	L	963	0.11126157090414848
valid	L	964	0.08666073222913598
valid	L	965	0.08401284092238606
valid	L	966	0.11761412834255425
valid	L	967	0.12920087000900068
valid	L	968	0.16457739224680087
valid	L	969	0.15420149902246083
valid	L	970	0.15479702463947612
valid	L	971	0.1375806397425777
valid	L	972	0.1635551665131517
valid	L	973	0.10382099819046167
valid	L	974	0.16444831103498564
valid	L	975	0.12449799163980807
valid	L	976	0.08741431530367988
valid	L	977	0.17749653869165222
valid	L	978	0.13169844348118645
valid	L	979	0.09247293707843764
valid	L	980	0.12765878017907786
valid	L	981	0.16379458373365077
valid	L	982	0.13829384325989544
valid	L	983	0.1292898206281229
valid	L	984	0.1610359302611297
valid	L	985	0.14682719349624734
valid	L	986	0.1823791444632033
valid	L	987	0.16824688044489242
valid	L	988	0.14142422205513758
valid	L	989	0.11507298674974237
valid	L	990	0.1450217940164244
valid	L	991	0.15000924356728726
valid	L	992	0.1665397921487893
valid	L	993	0.17452800342123598
valid	L	994	0.12028969919697541
valid	L	995	0.12364224267610703
valid	L	996	0.11166498815708709
valid	L	997	0.17715917881497364
valid	L	998	0.15510381047657362
valid	L	999	0.14292201069493357
valid	L	1000	0.12917244556863566
valid	L	1001	0.1361546960813661
valid	L	1002	0.12698892833810851
valid	L	1003	0.1554588064904388
valid	L	1004	0.16912437068184938
valid	L	1005	0.1737369093899216
valid	L	1006	0.0992251512256251
valid	L	1007	0.13259662732136462
valid	L	1008	0.1805278546618405
valid	L	1009	0.12464884339628102
valid	L	1010	0.14059017437651222
valid	L	1011	0.10998391869138396
valid	L	1012	0.1654879461533854
valid	L	1013	0.12763652195237543
valid	L	1014	0.17006115464157434
valid	L	1015	0.09599864782657352
valid	L	1016	0.12083235309957545
valid	L	1017	0.1379271410092192
valid	L	1018	0.10880107553791142
valid	L	1019	0.10878937747260663
valid	L	1020	0.16018406284834433
valid	L	1021	0.1205099645472976
valid	L	1022	0.12247727525960998
valid	L	1023	0.1413314502128797
valid	L	1024	0.12478844994255658
valid	L	1025	0.13225078832181034
valid	L	1026	0.16803942715050346
valid	L	1027	0.1370398660382433
valid	L	1028	0.12459581566516775
valid	L	1029	0.15611409192031583
valid	L	1030	0.12226730538390743
valid	L	1031	0.18281062554849273
valid	L	1032	0.13591324922447307
valid	L	1033	0.14588791682903662
valid	L	1034	0.14771391313960192
valid	L	1035	0.1192524811976054
valid	L	1036	0.10580443117991531
valid	L	1037	0.1459137726131805
valid	L	1038	0.15613912452047984
valid	L	1039	0.16552981323848584
valid	L	1040	0.1603855407224571
valid	L	1041	0.12685871516987252
valid	L	1042	0.12067181492221045
valid	L	1043	0.1671498855365719
valid	L	1044	0.14804154345442666
valid	L	1045	0.1668033781875876
valid	L	1046	0.1585982625734762
valid	L	1047	0.11925818075568397
valid	L	1048	0.1472349584329666
valid	L	1049	0.1599023610984767
valid	L	1050	0.1292868997710888
valid	L	1051	0.1598482992285814
valid	L	1052	0.10568052258914107
valid	L	1053	0.1488346980384116
valid	L	1054	0.13651675428367788
valid	L	1055	0.13908823908836657
valid	L	1056	0.1440623712066349
valid	L	1057	0.10604179183380452
valid	L	1058	0.12924664941598388
valid	L	1059	0.1441506214599723
valid	L	1060	0.13133668738288767
valid	L	1061	0.1383138585437929
valid	L	1062	0.102071681659495
valid	L	1063	0.12193290303762391
valid	L	1064	0.1333466664830997
valid	L	1065	0.17616835316861013
valid	L	1066	0.15541689606915032
valid	L	1067	0.10576051249205125
valid	L	1068	0.10163640540264789
valid	L	1069	0.11509201219909071
valid	L	1070	0.14095864811010642
valid	L	1071	0.16806031005817704
valid	L	1072	0.1498975992234984
valid	L	1073	0.11935599450952393
valid	L	1074	0.09747869745390761
valid	L	1075	0.1459065333859628
valid	L	1076	0.13894409863008125
valid	L	1077	0.10001220101454426
valid	L	1078	0.09938102218149325
valid	L	1079	0.09230042623875556
valid	L	1080	0.11640748299948939
valid	L	1081	0.11251694254537654
valid	L	1082	0.10880804722800133
valid	L	1083	0.1139312199280589
valid	L	1084	0.11531499814023287
valid	L	1085	0.11912872608642432
valid	L	1086	0.1200214744937758
valid	L	1087	0.1287566082727126
valid	L	1088	0.13277436930929085
valid	L	1089	0.11313433207531359
valid	L	1090	0.185405085041688
valid	L	1091	0.11996369808823117
valid	L	1092	0.1491613359713433
valid	L	1093	0.1507182906924154
valid	L	1094	0.16570410119324863
valid	L	1095	0.11622338904058274
valid	L	1096	0.157480558244422
valid	L	1097	0.14882682928924304
valid	L	1098	0.12132503686497505
valid	L	1099	0.13229235391241015
valid	L	1100	0.1268728475930096
valid	L	1101	0.11389469401079258
valid	L	1102	0.15437663320609676
valid	L	1103	0.1547190468253916
valid	L	1104	0.13481655975245277
valid	L	1105	0.15531652679374242
valid	L	1106	0.1277148089100469
valid	L	1107	0.08985562146723453
valid	L	1108	0.12080240271205998
valid	L	1109	0.13387561653019378
valid	L	1110	0.10246085390084471
valid	L	1111	0.13354237174201614
valid	L	1112	0.1432063592089491
valid	L	1113	0.16014613957863236
valid	L	1114	0.11602056663490441
valid	L	1115	0.1378586604932967
valid	L	1116	0.1475615388784208
valid	L	1117	0.12924341047340407
valid	L	1118	0.14434916994084554
valid	L	1119	0.1441933678011831
valid	L	1120	0.16468346147818633
valid	L	1121	0.15411198146049482
valid	L	1122	0.1097893630281314
valid	L	1123	0.12677729752514072
valid	L	1124	0.12230362318998954
valid	L	1125	0.09761625325315974
valid	L	1126	0.11544194150648744
valid	L	1127	0.12744694325536682
valid	L	1128	0.13259482510795761
valid	L	1129	0.14080701243791957
valid	L	1130	0.11132942446033747
valid	L	1131	0.1534707347029637
valid	L	1132	0.15657616926046283
valid	L	1133	0.15319490268411792
valid	L	1134	0.16333994090818657
valid	L	1135	0.11758078396576416
valid	L	1136	0.1415990328246505
valid	L	1137	0.13109644392579853
valid	L	1138	0.17582387285626624
valid	L	1139	0.12177314067184306
valid	L	1140	0.17075333438628137
valid	L	1141	0.11018885173780843
valid	L	1142	0.13738488188550346
valid	L	1143	0.1308332003021313
valid	L	1144	0.11333841864317604
valid	L	1145	0.11395832396490473
valid	L	1146	0.12871479178196268
valid	L	1147	0.15669634511101194
valid	L	1148	0.15601702191034786
valid	L	1149	0.11898722839652635
valid	L	1150	0.09696947104438072
valid	L	1151	0.15026504894098583
valid	L	1152	0.15530719211449306
valid	L	1153	0.16142680849031057
valid	L	1154	0.1597894478406735
valid	L	1155	0.15991292318864594
valid	L	1156	0.14245385923979426
valid	L	1157	0.1093130410168961
valid	L	1158	0.15369757050642785
valid	L	1159	0.1320426720125147
valid	L	1160	0.1167253583594001
valid	L	1161	0.15820421562163697
valid	L	1162	0.16213811363152839
valid	L	1163	0.10869104836533433
valid	L	1164	0.15502225087542748
valid	L	1165	0.12663634150576658
valid	L	1166	0.151301858729392
valid	L	1167	0.1721771428478062
valid	L	1168	0.13557913462328863
valid	L	1169	0.15312143133513417
valid	L	1170	0.14046261684365252
valid	L	1171	0.12077661291466965
valid	L	1172	0.09527196976531696
valid	L	1173	0.16316597578713718
valid	L	1174	0.1325163665204772
valid	L	1175	0.1140224901651213
valid	L	1176	0.18158248827298656
valid	L	1177	0.12130193211810966
valid	L	1178	0.1300861095607971
valid	L	1179	0.10894273333502041
valid	L	1180	0.13781325678495115
valid	L	1181	0.16828454224613035
valid	L	1182	0.10072734262529823
valid	L	1183	0.15847843800288638
valid	L	1184	0.14872435448854973
valid	L	1185	0.14410464483203064
valid	L	1186	0.16743144807299404
valid	L	1187	0.13536171972447197
valid	L	1188	0.12444164123826337
valid	L	1189	0.1333018597930344
valid	L	1190	0.12083547164014188
valid	L	1191	0.15280029626874794
valid	L	1192	0.13612368645937206
valid	L	1193	0.16865761567275084
valid	L	1194	0.15807049430738807
valid	L	1195	0.13750739430945802
valid	L	1196	0.16068121452618386
valid	L	1197	0.12579438258485776
valid	L	1198	0.14594758036708635
valid	L	1199	0.07249691824848249
valid	L	1200	0.14789460112113403
valid	L	1201	0.13297274790884953
valid	L	1202	0.17869436887628334
valid	L	1203	0.14722045773824974
valid	L	1204	0.21660354579757354
valid	L	1205	0.13498463786979087
valid	L	1206	0.15685401379336844
valid	L	1207	0.1223978202385049
valid	L	1208	0.1200409133013042
valid	L	1209	0.12298536454066139
valid	L	1210	0.14015684253285632
valid	L	1211	0.15974815133584436
valid	L	1212	0.13791679536511653
valid	L	1213	0.14956434319722126
valid	L	1214	0.16443498880501733
valid	L	1215	0.15106787816963105
valid	L	1216	0.15715907172873392
valid	L	1217	0.08499487464077828
valid	L	1218	0.16115983762007
valid	L	1219	0.13761935440228734
valid	L	1220	0.18410243858621636
valid	L	1221	0.1428723592818542
valid	L	1222	0.20713960932647274
valid	L	1223	0.13862647215162757
valid	L	1224	0.11808855987997968
valid	L	1225	0.16941675950949586
valid	L	1226	0.11806183071833258
valid	L	1227	0.14228623906276386
valid	L	1228	0.1268022772732054
valid	L	1229	0.1262829889191797
valid	L	1230	0.11901421323862969
valid	L	1231	0.116837368295363
valid	L	1232	0.16705968167461754
valid	L	1233	0.13465674071309627
valid	L	1234	0.12903765010350965
valid	L	1235	0.1683911841727109
valid	L	1236	0.1009633101330529
valid	L	1237	0.157704107810929
valid	L	1238	0.14003368927825396
valid	L	1239	0.14647024627348998
valid	L	1240	0.13195451282118192
valid	L	1241	0.11429884886247267
valid	L	1242	0.14691604014919205
valid	L	1243	0.13038404030229306
valid	L	1244	0.1322138296209904
valid	L	1245	0.15616338845527128
valid	L	1246	0.08990857097800445
valid	L	1247	0.16829819334689602
valid	L	1248	0.14434676937877028
valid	L	1249	0.09899585606074547
valid	L	1250	0.13174198562506104
valid	L	1251	0.16050354052903962
valid	L	1252	0.12570617189641595
valid	L	1253	0.109706441673081
valid	L	1254	0.11810275288216467
valid	L	1255	0.1195796407873055
valid	L	1256	0.1004880500931187
valid	L	1257	0.12436963096542487
valid	L	1258	0.11700062369623768
valid	L	1259	0.10264130122586511
valid	L	1260	0.14736635774013074
valid	L	1261	0.15308031070606126
valid	L	1262	0.17680315723681675
valid	L	1263	0.11912654485695284
valid	L	1264	0.16865721023060112
valid	L	1265	0.15462992897166392
valid	L	1266	0.13095735901718977
valid	L	1267	0.13839141317038434
valid	L	1268	0.14683349067644627
valid	L	1269	0.154857907355632
valid	L	1270	0.10757503003185567
valid	L	1271	0.13245902426294712
valid	L	1272	0.1575500335331417
valid	L	1273	0.14494168291909867
valid	L	1274	0.14478009241539117
valid	L	1275	0.1552720425179255
valid	L	1276	0.12114277452756786
valid	L	1277	0.13402224564439938
valid	L	1278	0.13995510103665168
valid	L	1279	0.15316429326348216
valid	L	1280	0.10174282967764486
valid	L	1281	0.15232049765597125
valid	L	1282	0.14957209715116768
valid	L	1283	0.11673669484355788
valid	L	1284	0.12766921471497963
valid	L	1285	0.13290758802747088
valid	L	1286	0.07427612309590505
valid	L	1287	0.12386892379005982
valid	L	1288	0.10411322738996318
valid	L	1289	0.13011128119232973
valid	L	1290	0.10197405477827103
valid	L	1291	0.13268121360688956
valid	L	1292	0.12806888691418875
valid	L	1293	0.14895295559053112
valid	L	1294	0.14734492712354696
valid	L	1295	0.11499711059418961
valid	L	1296	0.11623141481294294
valid	L	1297	0.12900896682630844
valid	L	1298	0.10935868765810894
valid	L	1299	0.16460643950908058
valid	L	1300	0.14919128652179964
valid	L	1301	0.1577139272629798
valid	L	1302	0.10516537615067505
valid	L	1303	0.11063624502564824
valid	L	1304	0.1542215944590469
valid	L	1305	0.11910398895483922
valid	L	1306	0.1361693599038194
valid	L	1307	0.12826310241473438
valid	L	1308	0.12260283347345641
valid	L	1309	0.13090641009850215
valid	L	1310	0.14724210055664533
valid	L	1311	0.11814019979579765
valid	L	1312	0.15183873121729893
valid	L	1313	0.138777406736168
valid	L	1314	0.14046722608941523
valid	L	1315	0.10022232367186963
valid	L	1316	0.09154702162282076
valid	L	1317	0.1558430032643324
valid	L	1318	0.18061228279109146
valid	L	1319	0.13248008127110966
valid	L	1320	0.11517553416884327
valid	L	1321	0.1378212273164843
valid	L	1322	0.12364525120165899
valid	L	1323	0.14682461341732084
valid	L	1324	0.1640731758844523
valid	L	1325	0.141743518282286
valid	L	1326	0.10163567637695636
valid	L	1327	0.10520422395962645
valid	L	1328	0.17455377152872542
valid	L	1329	0.17560753784118946
valid	L	1330	0.1134568159529929
valid	L	1331	0.15705316196151572
valid	L	1332	0.14063841088192652
valid	L	1333	0.15382057535883226
valid	L	1334	0.12526540476844478
valid	L	1335	0.1320538062702257
valid	L	1336	0.09498710147580434
valid	L	1337	0.11156179202629776
valid	L	1338	0.16011768914288715
valid	L	1339	0.13701464177749917
valid	L	1340	0.12125456905827596
valid	L	1341	0.12497106370481988
valid	L	1342	0.15732586715196942
valid	L	1343	0.12081235018697728
valid	L	1344	0.15478275019997337
valid	L	1345	0.13311429631348878
valid	L	1346	0.13506086786173674
valid	L	1347	0.1407889868019429
valid	L	1348	0.09996499868679617
valid	L	1349	0.1283223226493972
valid	L	1350	0.1214627493392514
valid	L	1351	0.1322279059710422
valid	L	1352	0.12428017736329221
valid	L	1353	0.12234745724155946
valid	L	1354	0.15766316987543683
valid	L	1355	0.13094507754830265
valid	L	1356	0.1357681597346311
valid	L	1357	0.12822136116396876
valid	L	1358	0.11701346865862614
valid	L	1359	0.12225255217974337
valid	L	1360	0.15291566005376467
valid	L	1361	0.13086930456560553
valid	L	1362	0.1273071569942605
valid	L	1363	0.0926690846478573
valid	L	1364	0.112386288398142
valid	L	1365	0.1525305313352158
valid	L	1366	0.10860333908466911
valid	L	1367	0.12357187446734946
valid	L	1368	0.1393219086762854
valid	L	1369	0.13148321634828591
valid	L	1370	0.12105416071937744
valid	L	1371	0.10759871261526723
valid	L	1372	0.12289287099415001
valid	L	1373	0.13584886909455177
valid	L	1374	0.09413596372728095
valid	L	1375	0.11512343529974109
valid	L	1376	0.15255123022547676
valid	L	1377	0.15209816229843115
valid	L	1378	0.15176889037202326
valid	L	1379	0.10326271820819255
valid	L	1380	0.13098074232981058
valid	L	1381	0.09414418016093341
valid	L	1382	0.1356327117663246
valid	L	1383	0.10321090542918225
valid	L	1384	0.13540276773460364
valid	L	1385	0.12070879971754804
valid	L	1386	0.12375135435718525
valid	L	1387	0.14202212541021175
valid	L	1388	0.14662331384063035
valid	L	1389	0.1642615245977503
valid	L	1390	0.14029794789850633
valid	L	1391	0.11531294100960278
valid	L	1392	0.16393722185812523
valid	L	1393	0.10335642128140501
valid	L	1394	0.16750251109750808
valid	L	1395	0.13316700777362606
valid	L	1396	0.12585701644870778
valid	L	1397	0.16781632936081273
valid	L	1398	0.15522306528478277
valid	L	1399	0.15059376067932337
valid	L	1400	0.12248762004415066
valid	L	1401	0.18336626204518808
valid	L	1402	0.13597164048691757
valid	L	1403	0.13721436724209318
valid	L	1404	0.10705182232219984
valid	L	1405	0.13233474654990043
valid	L	1406	0.13444259776166376
valid	L	1407	0.12399239468469193
valid	L	1408	0.1397733304626278
valid	L	1409	0.09211880814745285
valid	L	1410	0.1200557178017123
valid	L	1411	0.1673440718609998
valid	L	1412	0.11805103683092022
valid	L	1413	0.11045796307895996
valid	L	1414	0.15782458390752835
valid	L	1415	0.10370305315205464
valid	L	1416	0.11689303194958658
valid	L	1417	0.07891841669411993
valid	L	1418	0.14006346592654728
valid	L	1419	0.135241868652977
valid	L	1420	0.12642765163046518
valid	L	1421	0.17467588337840173
valid	L	1422	0.13214933386662533
valid	L	1423	0.14251042510075373
valid	L	1424	0.12504604832325444
valid	L	1425	0.13201871150806982
valid	L	1426	0.12015850121628605
valid	L	1427	0.15097015436731084
valid	L	1428	0.15984697530106676
valid	L	1429	0.11389088834912596
valid	L	1430	0.14393533183938342
valid	L	1431	0.13426459997864887
valid	L	1432	0.12483077231954423
valid	L	1433	0.13842647565790725
valid	L	1434	0.13805027781978704
valid	L	1435	0.10800090295248466
valid	L	1436	0.17655074296975376
valid	L	1437	0.13376272982541157
valid	L	1438	0.11896812250614391
valid	L	1439	0.10572623480580312
valid	L	1440	0.12227447585927648
valid	L	1441	0.16049862986619656
valid	L	1442	0.10271008459605319
valid	L	1443	0.1466803660723013
valid	L	1444	0.14488608260255223
valid	L	1445	0.18172367472781123
valid	L	1446	0.15636050591009024
valid	L	1447	0.1506573945538571
valid	L	1448	0.09858967501007417
valid	L	1449	0.16287526990910567
valid	L	1450	0.12630576387799303
valid	L	1451	0.13311632351772584
valid	L	1452	0.10376265180763415
valid	L	1453	0.1724728699583759
valid	L	1454	0.1186406801771363
valid	L	1455	0.10912223246206887
valid	L	1456	0.10623216941638541
valid	L	1457	0.15743509978125989
valid	L	1458	0.14149580206508552
valid	L	1459	0.11761913849450586
valid	L	1460	0.15583469056788324
valid	L	1461	0.1628304054801652
valid	L	1462	0.12754152501835392
valid	L	1463	0.12002055820855087
valid	L	1464	0.17091111813541546
valid	L	1465	0.09884147322353906
valid	L	1466	0.13450887190513106
valid	L	1467	0.11479117219706284
valid	L	1468	0.11570593038032682
valid	L	1469	0.13057616144706008
valid	L	1470	0.1273181421115247
valid	L	1471	0.1296031577433662
valid	L	1472	0.1691118030655847
valid	L	1473	0.12972104989929895
valid	L	1474	0.08563092075999502
valid	L	1475	0.13791361732084453
valid	L	1476	0.1678540620246989
valid	L	1477	0.14775824590115322
valid	L	1478	0.15423701108928947
valid	L	1479	0.15412684170928442
valid	L	1480	0.13246416096202798
valid	L	1481	0.16555651866411777
valid	L	1482	0.12922765269155279
valid	L	1483	0.12643215652650708
valid	L	1484	0.12213210327135023
valid	L	1485	0.15872338092359203
valid	L	1486	0.15132908825410435
valid	L	1487	0.11846549650300786
valid	L	1488	0.1582324435707938
valid	L	1489	0.16093912749361783
valid	L	1490	0.15661503067506477
valid	L	1491	0.11408979890191394
valid	L	1492	0.1308259304931418
valid	L	1493	0.1594699417933586
valid	L	1494	0.12055212555480602
valid	L	1495	0.16453055020154458
valid	L	1496	0.1210425732602368
valid	L	1497	0.12634084924998382
valid	L	1498	0.13230876807321737
valid	L	1499	0.08796850068985361
valid	L	1500	0.12694474089249588
valid	L	1501	0.1170247496286758
valid	L	1502	0.12002503390349717
valid	L	1503	0.12872506831501154
valid	L	1504	0.14774367337522773
valid	L	1505	0.1286550400105059
valid	L	1506	0.170327379611059
valid	L	1507	0.1116562799903197
valid	L	1508	0.132535536372399
valid	L	1509	0.1401987120119436
valid	L	1510	0.11126406360643337
valid	L	1511	0.12083802109226639
valid	L	1512	0.1294714047863144
valid	L	1513	0.1461537639628385
valid	L	1514	0.15183231237992587
valid	L	1515	0.15981955561897332
valid	L	1516	0.10251602190778018
valid	L	1517	0.16688336764324238
valid	L	1518	0.14462820617239958
valid	L	1519	0.16742052043112254
valid	L	1520	0.11394268696980456
valid	L	1521	0.1491216124738671
valid	L	1522	0.14256489603657377
valid	L	1523	0.1404670877544569
valid	L	1524	0.13346984565617684
valid	L	1525	0.09089794516031485
valid	L	1526	0.10314373674451822
valid	L	1527	0.15332695021137485
valid	L	1528	0.14690586811234643
valid	L	1529	0.16418354668395885
valid	L	1530	0.11116684000868544
valid	L	1531	0.15061574688283252
valid	L	1532	0.12861388602750615
valid	L	1533	0.1411655721899901
valid	L	1534	0.15671756055527658
valid	L	1535	0.12633436377668592
valid	L	1536	0.1499091031061888
valid	L	1537	0.14105718088776878
valid	L	1538	0.15864482496189627
valid	L	1539	0.10924472273849396
valid	L	1540	0.12073276346819382
valid	L	1541	0.1564831300366192
valid	L	1542	0.08072365130755087
valid	L	1543	0.16475228106230905
valid	L	1544	0.14738594332233065
valid	L	1545	0.18151901340708726
valid	L	1546	0.14061529832380168
valid	L	1547	0.1196100259006827
valid	L	1548	0.15959006489281038
valid	L	1549	0.14143138997975424
valid	L	1550	0.1209586924354952
valid	L	1551	0.17225698138534046
valid	L	1552	0.1459382899751519
valid	L	1553	0.15249750855429325
valid	L	1554	0.14768786967441472
valid	L	1555	0.11319928552214953
valid	L	1556	0.15165108940252908
valid	L	1557	0.1532597734827998
valid	L	1558	0.1349909033882489
valid	L	1559	0.13111759653664523
valid	L	1560	0.13712537243771347
valid	L	1561	0.1064506401405956
valid	L	1562	0.13644296848814844
valid	L	1563	0.0932227806862096
valid	L	1564	0.14954380598050931
valid	L	1565	0.13056406230027978
valid	L	1566	0.14860564863348052
valid	L	1567	0.17083886404076565
valid	L	1568	0.1282428553255425
valid	L	1569	0.1288248263022562
valid	L	1570	0.09927455164488702
valid	L	1571	0.11951599933053836
valid	L	1572	0.16207263463156954
valid	L	1573	0.10699964190544839
valid	L	1574	0.14597597537549065
valid	L	1575	0.15737130723245268
valid	L	1576	0.15952356830031264
valid	L	1577	0.0863064451134269
valid	L	1578	0.1249630297016514
valid	L	1579	0.14117596020204023
valid	L	1580	0.16675769397372134
valid	L	1581	0.13778101799818485
valid	L	1582	0.10079968290030814
valid	L	1583	0.13343222337301924
valid	L	1584	0.14494932732431012
valid	L	1585	0.09034021859502843
valid	L	1586	0.11727361627662698
valid	L	1587	0.14999862671037542
valid	L	1588	0.13338922621028934
valid	L	1589	0.15267848397738956
valid	L	1590	0.11159117297180236
valid	L	1591	0.16387600428383783
valid	L	1592	0.13031335012778653
valid	L	1593	0.1618872143380063
valid	L	1594	0.15565417051899713
valid	L	1595	0.12136623341289696
valid	L	1596	0.1265311760397216
valid	L	1597	0.10696358906674955
valid	L	1598	0.16972885683370517
valid	L	1599	0.11637826012816586
valid	L	1600	0.16748467879757853
valid	L	1601	0.13229115969796665
valid	L	1602	0.15723819555575727
valid	L	1603	0.08275666460436504
valid	L	1604	0.1457578712824763
valid	L	1605	0.11958390622978605
valid	L	1606	0.1391963451522368
valid	L	1607	0.11789932059560557
valid	L	1608	0.1356067849886804
valid	L	1609	0.10434550748193386
valid	L	1610	0.17493898149643144
valid	L	1611	0.11609445180529943
valid	L	1612	0.18319690478965228
valid	L	1613	0.15797485628741956
valid	L	1614	0.14959415639627685
valid	L	1615	0.14812749119476668
valid	L	1616	0.1327092083868303
valid	L	1617	0.11852510524428642
valid	L	1618	0.1398600550431321
valid	L	1619	0.14767226281854928
valid	L	1620	0.13307735464793213
valid	L	1621	0.12728132522642993
valid	L	1622	0.1348812819737397
valid	L	1623	0.12750344846360676
valid	L	1624	0.1254871210019241
valid	L	1625	0.12312818179353917
valid	L	1626	0.10461388403889284
valid	L	1627	0.1486982319280744
valid	L	1628	0.15684561791479118
valid	L	1629	0.12595243180882137
valid	L	1630	0.15584781012330978
valid	L	1631	0.1884789639840677
valid	L	1632	0.14191018213561576
valid	L	1633	0.16633617678256257
valid	L	1634	0.16628072432891877
valid	L	1635	0.1559462170333286
valid	L	1636	0.14031912486955045
valid	L	1637	0.11425420862733743
valid	L	1638	0.10212782673560605
valid	L	1639	0.13056838142825283
valid	L	1640	0.09142928446602853
valid	L	1641	0.14588364970193615
valid	L	1642	0.12806654007591864
valid	L	1643	0.1307850786330844
valid	L	1644	0.1686835385569907
valid	L	1645	0.091042669134182
valid	L	1646	0.14913765542171384
valid	L	1647	0.153363727555798
valid	L	1648	0.1051358153411388
valid	L	1649	0.12670877346994291
valid	L	1650	0.10829278398922437
valid	L	1651	0.133017425771717
valid	L	1652	0.1639631669949117
valid	L	1653	0.1447789112876731
valid	L	1654	0.14652250978748418
valid	L	1655	0.11870292749974969
valid	L	1656	0.12240761755316762
valid	L	1657	0.09718490608684957
valid	L	1658	0.16719880417609514
valid	L	1659	0.14149187670252075
valid	L	1660	0.08807991808472154
valid	L	1661	0.1814500820698704
valid	L	1662	0.12018395487308045
valid	L	1663	0.15646278012611767
valid	L	1664	0.14440981502960282
valid	L	1665	0.128656907742827
valid	L	1666	0.13470183913710812
valid	L	1667	0.175163755558813
valid	L	1668	0.11887963066690081
valid	L	1669	0.15520462236319144
valid	L	1670	0.1272303789349265
valid	L	1671	0.14635629293785984
valid	L	1672	0.1637432607535176
valid	L	1673	0.1155417123886063
valid	L	1674	0.15715584340863542
valid	L	1675	0.08630451587075488
valid	L	1676	0.14318821998074466
valid	L	1677	0.182710514740956
valid	L	1678	0.16955290091058453
valid	L	1679	0.10556175351078864
valid	L	1680	0.1406887425999999
valid	L	1681	0.16668380350961307
valid	L	1682	0.15482486849142843
valid	L	1683	0.1736506012374336
valid	L	1684	0.14490680532518715
valid	L	1685	0.12225102935638392
valid	L	1686	0.1457630202604947
valid	L	1687	0.11059712969376984
valid	L	1688	0.1069962130051178
valid	L	1689	0.15869130493525305
valid	L	1690	0.1320888352100231
valid	L	1691	0.102081155651957
valid	L	1692	0.1445423981852624
valid	L	1693	0.16768075924945328
valid	L	1694	0.10730923736275039
valid	L	1695	0.1432055320575338
valid	L	1696	0.11982595944396365
valid	L	1697	0.10746150367253994
valid	L	1698	0.16447742330485163
valid	L	1699	0.12784983699686747
valid	L	1700	0.1458682941580771
valid	L	1701	0.14430565094853756
valid	L	1702	0.13516181451945947
valid	L	1703	0.10990106627450953
valid	L	1704	0.12672667112511327
valid	L	1705	0.17168718112461612
valid	L	1706	0.1409720188456722
valid	L	1707	0.15705117008431155
valid	L	1708	0.11614286176310316
valid	L	1709	0.10403912497271448
valid	L	1710	0.13123619557241137
valid	L	1711	0.12530624931962833
valid	L	1712	0.1474204455255874
valid	L	1713	0.10414083806805209
valid	L	1714	0.13757228187584764
valid	L	1715	0.16836283311393835
valid	L	1716	0.13246289628102847
valid	L	1717	0.17839787420958253
valid	L	1718	0.1458630749057549
valid	L	1719	0.1052619370030893
valid	L	1720	0.12328571703989866
valid	L	1721	0.14165977183597214
valid	L	1722	0.12382763040714262
valid	L	1723	0.14399279083171795
valid	L	1724	0.10397998062778827
valid	L	1725	0.1557425869828798
valid	L	1726	0.1286883038027149
valid	L	1727	0.13479588523440938
valid	L	1728	0.12251156136094553
valid	L	1729	0.1599608606806442
valid	L	1730	0.12526323162384656
valid	L	1731	0.12442497914206377
valid	L	1732	0.1139404609737478
valid	L	1733	0.1559197630222247
valid	L	1734	0.17140149838033494
valid	L	1735	0.12939045927641224
valid	L	1736	0.0942557370669647
valid	L	1737	0.1399667150744128
valid	L	1738	0.11853649066126941
valid	L	1739	0.1470813447198665
valid	L	1740	0.10103041888600954
valid	L	1741	0.16486892595380157
valid	L	1742	0.11723898826073964
valid	L	1743	0.1253261152007118
valid	L	1744	0.1509773891315867
valid	L	1745	0.15410155752580784
valid	L	1746	0.09890215895678335
valid	L	1747	0.12560897051980682
valid	L	1748	0.15746918575977803
valid	L	1749	0.10819856691945623
valid	L	1750	0.1308911573181006
valid	L	1751	0.12269157538906054
valid	L	1752	0.11725548639089822
valid	L	1753	0.143882948869039
valid	L	1754	0.11657523926135677
valid	L	1755	0.12430420272383366
valid	L	1756	0.13153888858981969
valid	L	1757	0.15099248119880518
valid	L	1758	0.10728971219566559
valid	L	1759	0.10489503886310979
valid	L	1760	0.12824293911211537
valid	L	1761	0.13093603074274468
valid	L	1762	0.12722740766838836
valid	L	1763	0.13381214088789284
valid	L	1764	0.13481713971840367
valid	L	1765	0.12867802993102204
valid	L	1766	0.15246626603097374
valid	L	1767	0.14185135554232364
valid	L	1768	0.12403982440192061
valid	L	1769	0.12125272145707054
valid	L	1770	0.13845478268948216
valid	L	1771	0.1288560346083696
valid	L	1772	0.14967435730947998
valid	L	1773	0.14567942016180366
valid	L	1774	0.09105752367440989
valid	L	1775	0.09779870751597557
valid	L	1776	0.10693660821362824
valid	L	1777	0.12894227370317282
valid	L	1778	0.15933091987244097
valid	L	1779	0.10997948740885276
valid	L	1780	0.14821593476050726
valid	L	1781	0.15100496121325577
valid	L	1782	0.13013619599557202
valid	L	1783	0.17408959731454218
valid	L	1784	0.17350152468580352
valid	L	1785	0.12312964179100551
valid	L	1786	0.15328642543783044
valid	L	1787	0.1686276776690409
valid	L	1788	0.17458972088795988
valid	L	1789	0.1280633705997299
valid	L	1790	0.14055752040819228
valid	L	1791	0.11493512649932112
valid	L	1792	0.10805403715449428
valid	L	1793	0.1484789333638712
valid	L	1794	0.14613173316726377
valid	L	1795	0.11796590825807103
valid	L	1796	0.16697590370572335
valid	L	1797	0.12940638880695313
valid	L	1798	0.14286304015633589
valid	L	1799	0.16366949109818782
valid	L	1800	0.13262215103665798
valid	L	1801	0.13276310582717807
valid	L	1802	0.0941568500752027
valid	L	1803	0.17152964638906934
valid	L	1804	0.16644030467771925
valid	L	1805	0.17644272797295063
valid	L	1806	0.15967412637998293
valid	L	1807	0.12625179756976887
valid	L	1808	0.14328357223164526
valid	L	1809	0.11659735918667787
valid	L	1810	0.15158442425672142
valid	L	1811	0.12757690261075266
valid	L	1812	0.11515409066980482
valid	L	1813	0.11448193453930595
valid	L	1814	0.1507486880422385
valid	L	1815	0.1340675843353611
valid	L	1816	0.16137832692167742
valid	L	1817	0.13580058673589893
valid	L	1818	0.12583080771930602
valid	L	1819	0.11565589874816179
valid	L	1820	0.12553330824238232
valid	L	1821	0.15348378370194019
valid	L	1822	0.120339090058825
valid	L	1823	0.1408858779750999
valid	L	1824	0.09967433863132251
valid	L	1825	0.1311816958543626
valid	L	1826	0.13424622244112744
valid	L	1827	0.14807241129349635
valid	L	1828	0.11553360980388236
valid	L	1829	0.12285867977563741
valid	L	1830	0.16204463531142177
valid	L	1831	0.14840253839724757
valid	L	1832	0.16547553866667566
valid	L	1833	0.14212034992718073
valid	L	1834	0.09834177902472815
valid	L	1835	0.09275531077237298
valid	L	1836	0.1285664261429945
valid	L	1837	0.15167793371604119
valid	L	1838	0.1818003267029383
valid	L	1839	0.13253387169611802
valid	L	1840	0.15041036466639637
valid	L	1841	0.13134173535561516
valid	L	1842	0.17687400749598098
valid	L	1843	0.10321573853185746
valid	L	1844	0.1509417415869052
valid	L	1845	0.11349819496451694
valid	L	1846	0.14747684202818245
valid	L	1847	0.18817926558192616
valid	L	1848	0.15691123001043483
valid	L	1849	0.12954874483244003
valid	L	1850	0.16206320022090007
valid	L	1851	0.0921701479640925
valid	L	1852	0.15340295831161171
valid	L	1853	0.11643247931093904
valid	L	1854	0.1338347081895703
valid	L	1855	0.1341661915269113
valid	L	1856	0.14941854677944386
valid	L	1857	0.15663956955304534
valid	L	1858	0.14918389636352658
valid	L	1859	0.13620084104822275
valid	L	1860	0.12466037305852103
valid	L	1861	0.166271985267636
valid	L	1862	0.1668763087709181
valid	L	1863	0.11806887285441633
valid	L	1864	0.1462265370305752
valid	L	1865	0.11043065250286282
valid	L	1866	0.15308778436224432
valid	L	1867	0.14409378052705488
valid	L	1868	0.13998421000267294
valid	L	1869	0.15632094922915693
valid	L	1870	0.0993342707166952
valid	L	1871	0.10775597046196055
valid	L	1872	0.13995368499537936
valid	L	1873	0.12431775413246157
valid	L	1874	0.12641868387265015
valid	L	1875	0.14764666183138317
valid	L	1876	0.12227438431136357
valid	L	1877	0.1437417149596061
valid	L	1878	0.12015290626236498
valid	L	1879	0.13082183848349163
valid	L	1880	0.14150208710285037
valid	L	1881	0.14439376892314298
valid	L	1882	0.10529860191032965
valid	L	1883	0.12723147928857942
valid	L	1884	0.14687358930358166
valid	L	1885	0.16308162782283248
valid	L	1886	0.17351748420409488
valid	L	1887	0.14973960863561958
valid	L	1888	0.13189703514144444
valid	L	1889	0.1530360344971518
valid	L	1890	0.13009381652142477
valid	L	1891	0.167657108851987
valid	L	1892	0.0969823641046855
valid	L	1893	0.12138753900886066
valid	L	1894	0.15452720641434511
valid	L	1895	0.11461878282492913
valid	L	1896	0.12822915142980482
valid	L	1897	0.12727484951817067
valid	L	1898	0.15839347462226597
valid	L	1899	0.13185529675715896
valid	L	1900	0.13594782890303486
valid	L	1901	0.1631961391231058
valid	L	1902	0.1407727431519379
valid	L	1903	0.14828413324007403
valid	L	1904	0.15379485175534172
valid	L	1905	0.1367396474555621
valid	L	1906	0.17200052447756295
valid	L	1907	0.14079972684426864
valid	L	1908	0.08340775954342522
valid	L	1909	0.14165485256687724
valid	L	1910	0.17163727934305295
valid	L	1911	0.12582700159614774
valid	L	1912	0.1618912612659022
valid	L	1913	0.1741197775492707
valid	L	1914	0.12368779791253931
valid	L	1915	0.16082252894504476
valid	L	1916	0.14807604762072243
valid	L	1917	0.1287309214482612
valid	L	1918	0.14764642951819207
valid	L	1919	0.11574201559623061
valid	L	1920	0.20560638129465528
valid	L	1921	0.11363704207650428
valid	L	1922	0.15083655776518834
valid	L	1923	0.2067860008371581
valid	L	1924	0.14191408585980594
valid	L	1925	0.16813645372493513
valid	L	1926	0.1738537328825488
valid	L	1927	0.14651501891914154
valid	L	1928	0.114652404133024
valid	L	1929	0.14486901649335895
valid	L	1930	0.11855264640958522
valid	L	1931	0.18148675453104127
valid	L	1932	0.08892699741973327
valid	L	1933	0.12414072025625107
valid	L	1934	0.09341687623625684
valid	L	1935	0.1577565062595753
valid	L	1936	0.1479076014854925
valid	L	1937	0.11665590157329438
valid	L	1938	0.12589309055779246
valid	L	1939	0.1293312278148233
valid	L	1940	0.15381468892198255
valid	L	1941	0.13797304814630149
valid	L	1942	0.14806498657339243
valid	L	1943	0.11731863162694299
valid	L	1944	0.15261426022925897
valid	L	1945	0.12826015674079264
valid	L	1946	0.18626193021584725
valid	L	1947	0.1451899378077903
valid	L	1948	0.11592418503481242
valid	L	1949	0.13828265311412297
valid	L	1950	0.1092770113476662
valid	L	1951	0.1260230260033445
valid	L	1952	0.12097353108186516
valid	L	1953	0.11497274071662153
valid	L	1954	0.14311567945252318
valid	L	1955	0.09523595091031181
valid	L	1956	0.12651827603285343
valid	L	1957	0.1033542219874858
valid	L	1958	0.1522420401804475
valid	L	1959	0.13146968155777167
valid	L	1960	0.12771874843770062
valid	L	1961	0.15969899548617383
valid	L	1962	0.12258452892322934
valid	L	1963	0.12990102759140118
valid	L	1964	0.11843007135167354
valid	L	1965	0.13199681518785983
valid	L	1966	0.1499532752315866
valid	L	1967	0.1619923472396225
valid	L	1968	0.10231662999503659
valid	L	1969	0.11813116754955562
valid	L	1970	0.14642092170472856
valid	L	1971	0.1276056994245663
valid	L	1972	0.1289898642743464
valid	L	1973	0.11298216947099533
valid	L	1974	0.09077642885500922
valid	L	1975	0.15488633737967278
valid	L	1976	0.08885664324394904
valid	L	1977	0.1255109000521237
valid	L	1978	0.1291155743067302
valid	L	1979	0.1316700858484296
valid	L	1980	0.1262464764292737
valid	L	1981	0.11703739547319462
valid	L	1982	0.15498681227913844
valid	L	1983	0.17381382058406
valid	L	1984	0.15482884175668163
valid	L	1985	0.1561641812879543
valid	L	1986	0.13519923000444797
valid	L	1987	0.07633707790534837
valid	L	1988	0.125581502468594
valid	L	1989	0.15312172804696317
valid	L	1990	0.08486310703987329
valid	L	1991	0.15831161683967263
valid	L	1992	0.148790893593357
valid	L	1993	0.10961863840271972
valid	L	1994	0.1446497098518216
valid	L	1995	0.10231933780369608
valid	L	1996	0.14067489312003215
valid	L	1997	0.21616540063398493
valid	L	1998	0.12233353527309465
valid	L	1999	0.12885174717355566
