split	video_id	clip_count	label_mean	label_std	label_min	label_max
train	-3g5yACwYnA	6	0.5555555820465088	0.4157397150993347	0.0	1.0
train	-3nNcZdcdvU	3	0.4444444477558136	0.4157397150993347	0.0	1.0
train	-HwX2H8Z4hY	10	-0.46666663885116577	0.8192136883735657	-2.0	0.6666666865348816
train	-NFrJFQijFE	4	0.1666666716337204	0.1666666716337204	0.0	0.3333333432674408
train	-THoVjtIkeU	8	1.5416667461395264	0.8650224804878235	-0.3333333432674408	2.6666667461395264
train	-UuX1xuaiiE	10	1.0000001192092896	1.1352925300598145	-1.3333333730697632	2.6666667461395264
train	-WXXTNIJcVM	5	1.5999999046325684	0.6798692345619202	0.3333333432674408	2.3333332538604736
train	-ZgjBOA1Yhw	6	-0.1111111044883728	0.36851388216018677	-0.6666666865348816	0.3333333432674408
train	-a55Q6RWvTA	1	0.6666666865348816	0.0	0.6666666865348816	0.6666666865348816
train	-aNfi7CP8vM	2	0.0	0.0	0.0	0.0
train	-aqamKhZ1Ec	3	-1.0	0.7200822830200195	-2.0	-0.3333333432674408
train	-dxfTGcXJoc	8	1.25	0.4639803469181061	0.6666666865348816	2.0
train	-egA8-b7-3M	17	0.5882353186607361	0.47868847846984863	0.0	1.6666666269302368
train	-iRBcNs9oI8	10	0.8666666150093079	0.6359595060348511	0.0	2.0
train	-lqc32Zpr7M	4	-0.25	0.4330127239227295	-0.6666666865348816	0.3333333432674408
train	-lzEya4AM_4	5	-0.13333334028720856	0.45215535163879395	-0.6666666865348816	0.6666666865348816
train	-mJ2ud6oKI8	9	0.14814814925193787	0.4475201964378357	-0.3333333432674408	1.3333333730697632
train	-mqbVkbCndg	3	0.1111111119389534	0.15713484585285187	0.0	0.3333333432674408
train	-t217m2on-s	2	0.0	0.6666666865348816	-0.6666666865348816	0.6666666865348816
train	-tANM6ETl_M	3	0.0	0.4714045226573944	-0.6666666865348816	0.3333333432674408
train	-tPCytz4rww	6	0.0	0.0	0.0	0.0
train	-vxjVxOeScU	3	1.0	0.27216553688049316	0.6666666865348816	1.3333333730697632
train	-wMB_hJL-3o	4	0.8333333730697632	0.3726780116558075	0.3333333432674408	1.3333333730697632
train	-wny0OAz3g8	9	0.07407408207654953	0.6241592168807983	-1.3333333730697632	1.0
train	03X1FwF6udc	7	0.3333333134651184	0.2519763112068176	0.0	0.6666666865348816
train	07Z16yRBFUQ	3	0.2222222238779068	0.31426969170570374	0.0	0.6666666865348816
train	08d4NTXkSxw	4	0.0833333358168602	0.14433757960796356	0.0	0.3333333432674408
train	0AA-wmk8WdA	2	0.6666666865348816	0.3333333134651184	0.3333333432674408	1.0
train	0AkGtPzl7D8	1	0.6666666865348816	0.0	0.6666666865348816	0.6666666865348816
train	0BVed2nBq1g	7	0.0	0.4714045524597168	-0.6666666865348816	0.6666666865348816
train	0DBfvvIVmqY	11	0.8484848141670227	0.5922672748565674	0.3333333432674408	2.3333332538604736
train	0EAAfLCQabY	3	-0.5555555820465088	0.15713484585285187	-0.6666666865348816	-0.3333333432674408
train	0EphpADwdPg	6	0.6666666865348816	0.5443310141563416	0.0	1.6666666269302368
train	0FA32bEZ6xI	29	0.14942528307437897	0.31055760383605957	-0.6666666865348816	1.0
train	0JuRmhhgMw8	8	0.5	0.4714045524597168	0.0	1.3333333730697632
train	0OC3wf9x3zQ	11	0.4545454680919647	0.5907148122787476	0.0	1.6666666269302368
train	0OXeN3MhFeA	7	0.6666666269302368	0.5634361505508423	-0.3333333432674408	1.6666666269302368
train	0SfejBuLgFo	8	-1.1175870895385742e-08	0.6666666865348816	-0.6666666865348816	1.6666666269302368
train	0Svu5BldR5A	2	0.8333333134651184	0.8333333134651184	0.0	1.6666666269302368
train	0W4WsjhDgUI	1	0.0	0.0	0.0	0.0
train	0WIwQgH4lKg	6	1.0555554628372192	0.7556372284889221	0.0	2.0
train	0Xs8wJrAmxs	4	-0.5833333134651184	0.7216877937316895	-1.6666666269302368	0.3333333432674408
train	0YdYFtVdlWE	22	0.21212120354175568	0.5821021795272827	-0.6666666865348816	2.0
train	0bsTzavb-AE	4	0.3333333432674408	0.2357022762298584	0.0	0.6666666865348816
train	0cBmQ_ItVUc	11	0.1818181872367859	1.2256817817687988	-2.0	2.0
train	0hCOCt6fWas	6	0.1666666716337204	0.2545875310897827	0.0	0.6666666865348816
train	0hCihQ5Kep0	3	1.3333333730697632	0.471404492855072	0.6666666865348816	1.6666666269302368
train	0jtdrsmVzYQ	2	-0.1666666716337204	0.1666666716337204	-0.3333333432674408	0.0
train	0mXv97u2OCM	2	0.1666666716337204	0.1666666716337204	0.0	0.3333333432674408
train	0nJrksJ7azM	6	1.111111044883728	0.5983516573905945	0.0	1.6666666269302368
train	0p9XKC_J3hU	1	0.3333333432674408	0.0	0.3333333432674408	0.3333333432674408
train	0r8KVXUCV6c	4	-1.1666666269302368	0.8975275158882141	-2.0	0.3333333432674408
train	0rE8jEvQW_I	9	1.5555554628372192	0.6849348545074463	0.3333333432674408	2.3333332538604736
train	0tkWa2skSmA	2	0.0	0.0	0.0	0.0
train	0vXaXWx7Rvo	6	0.944444477558136	0.8480187654495239	0.0	2.6666667461395264
train	0zl_GDVzykw	2	-0.3333333432674408	0.0	-0.3333333432674408	-0.3333333432674408
train	100499	7	-0.8571428656578064	0.8702698349952698	-2.0	0.3333333432674408
train	101851	21	-0.4444444179534912	0.8441101908683777	-2.0	1.0
train	102168	5	0.06666667014360428	0.13333334028720856	0.0	0.3333333432674408
train	102184	14	-1.1904762983322144	1.2892367839813232	-2.6666667461395264	1.0
train	10223	10	-0.46666663885116577	0.6531972885131836	-1.3333333730697632	0.6666666865348816
train	106077	15	-0.555555522441864	1.0012338161468506	-2.0	1.6666666269302368
train	106514	18	-0.8888888955116272	1.0943175554275513	-2.6666667461395264	1.3333333730697632
train	106941	13	-0.9230769276618958	0.7413759827613831	-2.0	0.3333333432674408
train	107551	15	-0.9777777194976807	0.7931808233261108	-2.3333332538604736	0.3333333432674408
train	108793	19	0.2982456088066101	1.075482964515686	-1.6666666269302368	2.3333332538604736
train	110203	10	-0.966666579246521	0.8359957337379456	-2.0	0.3333333432674408
train	110754	12	-0.5277777314186096	0.9275448322296143	-2.3333332538604736	0.6666666865348816
train	110766	10	2.3841858265427618e-08	1.2736648321151733	-2.3333332538604736	1.6666666269302368
train	110788	7	-0.4761904776096344	1.0367400646209717	-3.0	0.0
train	112148	14	-0.5476190447807312	0.7726182341575623	-1.6666666269302368	1.0
train	112169	14	-0.9999999403953552	1.1126972436904907	-2.6666667461395264	0.6666666865348816
train	112223	12	-0.7499999403953552	1.1794930696487427	-2.6666667461395264	1.0
train	112604	5	0.06666667759418488	0.7423686385154724	-1.3333333730697632	0.6666666865348816
train	112631	10	-0.2666666507720947	0.9752492904663086	-2.0	1.0
train	112903	7	-0.6190475821495056	1.5163507461547852	-2.6666667461395264	1.6666666269302368
train	113265	10	-2.0999999046325684	0.4725815951824188	-2.6666667461395264	-1.0
train	114624	14	-0.4761904776096344	0.6867716908454895	-1.6666666269302368	0.3333333432674408
train	11650	25	-0.8533333539962769	0.9431861042976379	-2.3333332538604736	0.6666666865348816
train	119348	13	-0.7179487943649292	1.0029542446136475	-2.3333332538604736	1.0
train	120vnZnmhq4	1	1.6666666269302368	0.0	1.6666666269302368	1.6666666269302368
train	121358	23	0.3188405930995941	0.7387041449546814	-1.3333333730697632	2.0
train	122439	10	0.4333333373069763	0.49553564190864563	0.0	1.6666666269302368
train	122602	19	-0.5614034533500671	1.2934954166412354	-2.6666667461395264	2.0
train	122842	13	0.9487180113792419	0.9593992829322815	0.0	3.0
train	125708	1	0.0	0.0	0.0	0.0
train	125730	16	0.6041666865348816	1.0356073379516602	-1.0	2.6666667461395264
train	125845	11	0.45454540848731995	0.8198635578155518	-1.3333333730697632	1.6666666269302368
train	125895	10	1.2666666507720947	0.9637888073921204	0.0	2.6666667461395264
train	126542	18	-0.9629629850387573	0.8670147657394409	-2.3333332538604736	0.6666666865348816
train	126831	18	-1.4814814329147339	0.9177415370941162	-3.0	0.3333333432674408
train	127470	13	-0.692307710647583	0.6597272157669067	-2.0	0.0
train	127539	10	-0.7000000476837158	0.887568473815918	-2.0	1.0
train	12812	7	1.7619047164916992	0.8302664756774902	0.0	2.6666667461395264
train	128258	15	-0.9111111164093018	1.5984560251235962	-2.6666667461395264	2.0
train	128752	17	-0.5490196347236633	0.75788813829422	-2.0	0.6666666865348816
train	128949	9	-0.40740740299224854	1.1944085359573364	-1.6666666269302368	2.3333332538604736
train	129733	12	-0.9444444179534912	0.9606453776359558	-2.0	0.6666666865348816
train	130149	7	-0.3809523582458496	0.9499970078468323	-1.6666666269302368	1.3333333730697632
train	130426	9	-1.4444445371627808	1.1439589262008667	-2.3333332538604736	1.6666666269302368
train	130448	10	-0.4000000059604645	1.2364823818206787	-2.3333332538604736	1.6666666269302368
train	130633	11	1.121212124824524	1.1999387741088867	0.0	3.0
train	131650	11	-0.7272727489471436	1.55581796169281	-3.0	1.6666666269302368
train	131871	9	-0.4444444477558136	0.8314794301986694	-2.0	0.0
train	131936	8	-0.4166666865348816	0.7216877937316895	-1.3333333730697632	0.6666666865348816
train	134252	10	-0.800000011920929	0.9910712838172913	-2.3333332538604736	0.3333333432674408
train	136205	16	-0.5416666865348816	0.6757197976112366	-1.6666666269302368	1.0
train	136211	8	1.25	1.0240172147750854	-0.6666666865348816	2.6666667461395264
train	136215	15	0.15555553138256073	0.9338623285293579	-2.0	2.0
train	137827	7	-1.1904761791229248	1.3669238090515137	-2.6666667461395264	1.3333333730697632
train	139006	13	-0.5128204822540283	1.1592466831207275	-2.6666667461395264	0.6666666865348816
train	139032	18	-1.7037036418914795	0.74443519115448	-2.6666667461395264	0.3333333432674408
train	13JpsLvddoY	4	1.4166666269302368	0.6400954723358154	0.3333333432674408	2.0
train	140293	8	-0.125	1.0532686710357666	-1.6666666269302368	1.0
train	140317	13	-0.07692307233810425	0.5254846811294556	-1.6666666269302368	0.6666666865348816
train	154449	14	-1.4285714626312256	1.1780301332473755	-3.0	0.3333333432674408
train	15837	14	0.8333333134651184	1.5	-2.0	3.0
train	15Wu4U2VPLw	8	0.0833333358168602	0.14433756470680237	0.0	0.3333333432674408
train	15ktF-6wutk	7	0.6190476417541504	0.4856208860874176	0.0	1.3333333730697632
train	180923	15	-0.3777777850627899	0.6977918744087219	-2.3333332538604736	0.0
train	184784	7	-0.1428571492433548	0.5870870351791382	-1.3333333730697632	0.3333333432674408
train	186631	13	1.0512819290161133	1.0446947813034058	-0.6666666865348816	3.0
train	188122	17	0.5098038911819458	0.9641796946525574	-1.3333333730697632	2.0
train	189966	26	-0.6794871687889099	1.014765977859497	-2.3333332538604736	1.3333333730697632
train	18JTkk8JbeU	5	0.0	0.5577733516693115	-1.0	0.6666666865348816
train	18QjfdhJEM4	19	-0.5789474248886108	1.173997402191162	-2.0	2.3333332538604736
train	190740	15	-1.2000000476837158	1.3097922801971436	-2.6666667461395264	1.6666666269302368
train	192799	18	-1.0370371341705322	1.1379474401474	-2.3333332538604736	1.0
train	193291	4	-0.9166666865348816	0.7949492931365967	-2.0	0.0
train	194625	19	-0.6666666865348816	1.4388104677200317	-2.6666667461395264	2.6666667461395264
train	197778	17	1.0392158031463623	1.2570446729660034	-1.0	3.0
train	19k6sEC7814	6	0.6111111044883728	0.12422600388526917	0.3333333432674408	0.6666666865348816
train	1A-aRhYx-GQ	17	1.0	0.775439977645874	-0.3333333432674408	2.3333332538604736
train	1A7dqFxx8wU	7	0.2857142984867096	0.5172752737998962	-0.6666666865348816	1.0
train	1CjUHNYzW1E	6	1.5	0.4999999701976776	1.0	2.3333332538604736
train	1ESU5ONMMxs	12	-0.1111111044883728	0.4581228792667389	-1.0	0.6666666865348816
train	1F0qH0EEBfo	25	0.6000000238418579	0.7944250106811523	-1.3333333730697632	1.6666666269302368
train	1J9Fa995Ojs	1	1.0	0.0	1.0	1.0
train	1JQ9UCBEmCU	6	0.1666666716337204	0.2545875608921051	0.0	0.6666666865348816
train	1RBT_QoSkIU	1	-0.3333333432674408	0.0	-0.3333333432674408	-0.3333333432674408
train	1RxliidxXyQ	2	1.0	1.0	0.0	2.0
train	1W38PnuWIkM	8	-0.1666666716337204	0.866025447845459	-1.3333333730697632	1.3333333730697632
train	1YEgMQ1xxzQ	3	-0.3333333432674408	1.088662028312683	-1.6666666269302368	1.0
train	1ZjIX9AK860	3	0.7777777314186096	0.6285393238067627	0.3333333432674408	1.6666666269302368
train	1bzS0YF5hfs	1	0.6666666865348816	0.0	0.6666666865348816	0.6666666865348816
train	1cyUKHOvdYY	4	0.25	0.14433757960796356	0.0	0.3333333432674408
train	1dWsw38VDjY	5	0.6666666865348816	1.3333332538604736	-1.6666666269302368	2.3333332538604736
train	1fqNb8cfLFE	2	0.6666666865348816	0.0	0.6666666865348816	0.6666666865348816
train	1k7br8xXMSU	11	0.09090909361839294	0.28747981786727905	-0.3333333432674408	0.6666666865348816
train	1mHjMNZZvFo	7	0.9523809552192688	0.8438116908073425	-0.3333333432674408	2.3333332538604736
train	1o8Gy4J6WSs	3	0.7777777314186096	0.6285393238067627	0.3333333432674408	1.6666666269302368
train	1olbQVO_C-8	3	0.2222222238779068	0.31426969170570374	0.0	0.6666666865348816
train	1pvK0_9SQns	4	0.0833333358168602	0.14433757960796356	0.0	0.3333333432674408
train	1rVly2oeBJg	1	0.6666666865348816	0.0	0.6666666865348816	0.6666666865348816
train	1sJjdaXXuJg	3	1.5555557012557983	0.31426966190338135	1.3333333730697632	2.0
train	1tQOvm5eQOA	10	-0.2333333045244217	0.9315459132194519	-1.6666666269302368	1.3333333730697632
train	1tuMFJnlXJc	11	0.4545454978942871	0.7145348787307739	-1.3333333730697632	1.6666666269302368
train	1x7kf9vArjU	3	1.0	0.0	1.0	1.0
train	2-4autDbHVQ	20	1.25	0.9059985280036926	-1.0	2.6666667461395264
train	2-5hH_k2VFk	6	-0.055555522441864014	1.282599687576294	-2.0	1.3333333730697632
train	2-EJz4RG4g4	1	1.6666666269302368	0.0	1.6666666269302368	1.6666666269302368
train	201582	13	0.0	0.6270266771316528	-1.3333333730697632	1.3333333730697632
train	202431	7	-0.3333333134651184	0.6666666269302368	-1.6666666269302368	0.3333333432674408
train	202810	14	-0.7142857909202576	1.118794322013855	-2.0	2.0
train	202990	17	-0.9215685725212097	0.911290168762207	-2.6666667461395264	0.0
train	206049	5	-0.8666666746139526	1.309792160987854	-2.3333332538604736	1.0
train	206051	16	-1.2083332538604736	1.0663737058639526	-3.0	0.3333333432674408
train	206376	10	-0.6333333253860474	0.7371114492416382	-2.0	0.3333333432674408
train	206507	14	-0.9285714030265808	0.7578014731407166	-2.0	0.6666666865348816
train	206606	11	-0.8181818127632141	1.1314033269882202	-2.0	1.0
train	207812	10	1.366666555404663	0.9243615865707397	-0.6666666865348816	2.6666667461395264
train	208148	12	-0.8888888359069824	0.8425416946411133	-2.3333332538604736	0.0
train	208299	11	-1.7575758695602417	0.8772190809249878	-3.0	0.3333333432674408
train	208416	17	1.1764706373214722	1.0105175971984863	0.0	3.0
train	209354	12	1.4444442987442017	1.0393493175506592	0.0	3.0
train	209775	11	-1.3636362552642822	1.2589441537857056	-2.3333332538604736	1.6666666269302368
train	210238	18	-0.5	1.0198644399642944	-2.6666667461395264	0.6666666865348816
train	210618	18	0.8703703880310059	1.212786316871643	-0.6666666865348816	3.0
train	21137	11	1.7272727489471436	0.8142442107200623	0.0	2.6666667461395264
train	212532	11	-1.0909091234207153	1.0356367826461792	-2.6666667461395264	0.3333333432674408
train	213619	12	-0.083333320915699	0.8179128766059875	-2.0	1.0
train	214095	15	-1.0888888835906982	0.9542626142501831	-2.6666667461395264	0.3333333432674408
train	215259	12	0.0	1.254621148109436	-1.6666666269302368	2.0
train	216007	32	-0.6458333134651184	1.163500189781189	-2.6666667461395264	2.0
train	21638	7	0.5714285969734192	0.8109230995178223	0.0	2.0
train	216857	22	-0.39393940567970276	0.6936681270599365	-2.6666667461395264	0.6666666865348816
train	218708	20	-0.36666664481163025	0.6489306688308716	-2.0	0.3333333432674408
train	219310	11	-1.0000001192092896	1.0150384902954102	-2.3333332538604736	1.0
train	219775	9	-0.6296296119689941	0.9222147464752197	-1.6666666269302368	1.0
train	21Kxt5L9OBE	2	0.6666666865348816	0.6666666865348816	0.0	1.3333333730697632
train	220134	27	-0.716049313545227	0.9194008708000183	-2.6666667461395264	1.0
train	220200	14	-0.976190447807312	1.019370198249817	-3.0	0.6666666865348816
train	220548	24	-0.9027778506278992	1.140496850013733	-2.6666667461395264	1.6666666269302368
train	221740	9	-1.0370371341705322	1.364853858947754	-3.0	0.3333333432674408
train	222116	9	1.3245476715439963e-08	0.9428090453147888	-2.0	1.3333333730697632
train	223926	9	-0.6296296715736389	1.0475655794143677	-2.6666667461395264	1.0
train	224599	13	9.16994569166718e-09	0.7734924554824829	-2.0	1.6666666269302368
train	224772	15	-1.0888888835906982	0.820719301700592	-2.6666667461395264	0.0
train	224817	1	0.0	0.0	0.0	0.0
train	224869	16	-0.7083333134651184	1.1357511281967163	-2.3333332538604736	1.3333333730697632
train	225343	17	-0.09803920984268188	1.1246768236160278	-1.6666666269302368	2.3333332538604736
train	225416	17	-0.6470587849617004	1.735709547996521	-3.0	2.6666667461395264
train	225768	17	-0.7843136787414551	1.0093754529953003	-2.3333332538604736	0.6666666865348816
train	227173	17	-0.9411764144897461	0.9304949045181274	-2.3333332538604736	0.3333333432674408
train	227416	13	0.7179487943649292	1.0446947813034058	0.0	2.6666667461395264
train	227426	20	-0.5	1.4548768997192383	-2.6666667461395264	2.6666667461395264
train	22821	19	0.7894736528396606	0.7586578130722046	0.0	2.0
train	22880	11	0.21212123334407806	1.0276256799697876	-1.6666666269302368	2.3333332538604736
train	229090	23	-0.9275362491607666	1.2470507621765137	-3.0	2.6666667461395264
train	229903	7	-1.0	1.1952285766601562	-2.6666667461395264	0.0
train	229967	11	-0.8484848141670227	0.8331955671310425	-2.0	0.3333333432674408
train	230252	15	-0.4888888895511627	0.949593722820282	-2.0	1.6666666269302368
train	231025	18	-1.6556845894299954e-09	1.2862040996551514	-2.0	2.6666667461395264
train	233171	8	-1.125	0.927024781703949	-2.6666667461395264	0.3333333432674408
train	233356	12	0.027777783572673798	1.3639425039291382	-2.6666667461395264	1.6666666269302368
train	233366	8	-0.7916666865348816	0.8154327273368835	-2.0	0.3333333432674408
train	233389	7	0.2857142984867096	0.7853534817695618	-0.6666666865348816	2.0
train	234053	27	0.7654320597648621	1.037624716758728	-1.0	3.0
train	234587	22	0.7121211886405945	0.9227508306503296	-1.3333333730697632	2.3333332538604736
train	236399	13	-0.4358974099159241	0.810029149055481	-2.0	0.3333333432674408
train	236696	16	-1.3958333730697632	1.1856712102890015	-3.0	0.3333333432674408
train	238023	39	-0.8974357843399048	1.0838199853897095	-3.0	1.6666666269302368
train	238039	13	-0.12820513546466827	0.6476580500602722	-1.3333333730697632	1.0
train	238060	19	-0.7894737124443054	1.1456018686294556	-2.6666667461395264	1.6666666269302368
train	238100	11	-1.2121212482452393	0.7422696352005005	-2.0	0.0
train	238645	24	-0.7361111044883728	1.247141718864441	-3.0	1.0
train	238683	5	-0.20000000298023224	0.4000000059604645	-1.0	0.0
train	238889	12	-0.3611111640930176	0.8867161870002747	-2.0	0.6666666865348816
train	239235	16	1.0625	0.8351542353630066	0.0	2.3333332538604736
train	239572	10	1.133333444595337	1.2840906381607056	0.0	3.0
train	23YlZoucbyM	7	-1.0952380895614624	0.635317325592041	-2.0	-0.3333333432674408
train	240915	9	-0.9629628658294678	1.3281793594360352	-2.6666667461395264	0.6666666865348816
train	241164	13	0.8205127716064453	0.9573412537574768	0.0	2.6666667461395264
train	241172	8	-0.4166666865348816	0.6180165410041809	-1.3333333730697632	0.3333333432674408
train	241638	7	-1.0	0.8164965510368347	-2.0	0.3333333432674408
train	24202	12	-2.0833332538604736	0.9440358877182007	-3.0	0.0
train	243338	27	-1.4320989847183228	0.9847179055213928	-3.0	0.0
train	243341	37	-1.9909911155700684	0.8471344113349915	-3.0	0.0
train	244180	22	-0.22727270424365997	1.2159976959228516	-2.6666667461395264	2.0
train	244261	26	0.6666666269302368	1.154700517654419	-1.3333333730697632	3.0
train	244623	29	-0.5862069725990295	0.7714005708694458	-2.0	1.3333333730697632
train	244817	10	-0.7666667103767395	0.9893881678581238	-2.0	1.3333333730697632
train	244829	11	-0.3030303120613098	1.1673551797866821	-2.0	1.6666666269302368
train	244836	11	-0.7575757503509521	1.318791151046753	-2.3333332538604736	1.6666666269302368
train	245243	5	2.0	0.9189366102218628	0.3333333432674408	3.0
train	245276	17	-1.8235293626785278	1.067142367362976	-3.0	1.0
train	245322	7	-0.714285671710968	1.1328930854797363	-2.0	0.6666666865348816
train	245497	6	-0.9999999403953552	0.7453559637069702	-2.0	0.3333333432674408
train	247382	22	-0.10606060177087784	0.614524245262146	-1.0	1.0
train	248837	14	-1.1666667461395264	1.0215922594070435	-2.6666667461395264	0.3333333432674408
train	24xayGF5yYA	35	1.409523844718933	0.7520794868469238	0.0	3.0
train	250430	13	-0.8205128312110901	1.1738998889923096	-2.6666667461395264	1.3333333730697632
train	251417	8	-0.4583333432674408	0.8650224208831787	-1.6666666269302368	1.0
train	251646	14	0.261904776096344	0.8374050259590149	-2.0	1.0
train	251826	10	-1.1666666269302368	1.514742374420166	-3.0	1.0
train	251839	18	-0.5740740895271301	0.9987989664077759	-3.0	1.0
train	252177	11	0.12121213227510452	1.5457515716552734	-2.0	2.6666667461395264
train	25271	13	-0.5641025304794312	1.2291656732559204	-2.6666667461395264	1.3333333730697632
train	254298	16	-1.4791665077209473	0.8495811223983765	-3.0	0.0
train	25522	6	-0.6666666865348816	0.6666666269302368	-1.6666666269302368	0.3333333432674408
train	255224	11	-1.3636363744735718	0.8342969417572021	-3.0	0.0
train	255226	16	-0.5208333134651184	0.9351823329925537	-2.3333332538604736	0.6666666865348816
train	255338	12	-1.2222222089767456	1.3286956548690796	-3.0	0.6666666865348816
train	255343	13	-0.9999999403953552	0.9058216214179993	-2.3333332538604736	0.0
train	255852	11	-0.4545454680919647	0.7948410511016846	-2.0	0.6666666865348816
train	256174	16	-0.6041666269302368	1.1679680347442627	-2.6666667461395264	0.6666666865348816
train	256935	22	-1.1666665077209473	1.4025590419769287	-3.0	2.6666667461395264
train	256976	15	-0.6222222447395325	1.3270221948623657	-2.6666667461395264	2.0
train	257045	14	-0.1904761791229248	0.8039020895957947	-1.6666666269302368	1.0
train	257531	19	-0.5263158082962036	0.7117705941200256	-1.6666666269302368	0.6666666865348816
train	257771	16	-0.4791666567325592	1.1842060089111328	-2.3333332538604736	1.6666666269302368
train	259260	40	-0.5083333253860474	1.0826600790023804	-2.3333332538604736	1.6666666269302368
train	25t8nrkUfRY	2	0.5	0.1666666716337204	0.3333333432674408	0.6666666865348816
train	260011	21	0.0317460298538208	1.1903703212738037	-1.6666666269302368	2.3333332538604736
train	261267	20	-0.9333332777023315	0.7788881063461304	-2.3333332538604736	0.3333333432674408
train	261326	4	-0.4166666865348816	0.5951189994812012	-1.3333333730697632	0.3333333432674408
train	261900	45	-0.37037038803100586	0.9433908462524414	-2.6666667461395264	1.6666666269302368
train	261902	32	-0.28125	0.804110050201416	-2.0	1.3333333730697632
train	262165	27	-0.5925925970077515	1.063162922859192	-2.6666667461395264	2.3333332538604736
train	262226	21	-2.126984119415283	0.8512436151504517	-3.0	0.6666666865348816
train	264418	16	-1.0	0.8975274562835693	-2.3333332538604736	0.3333333432674408
train	264446	50	-0.5133333206176758	0.6805553436279297	-2.0	1.0
train	265959	17	-1.6470587253570557	0.9529491662979126	-2.6666667461395264	0.0
train	266366	19	-1.3508771657943726	0.9998461008071899	-2.6666667461395264	0.3333333432674408
train	266396	98	-1.3877551555633545	1.12152099609375	-3.0	2.6666667461395264
train	266852	28	-0.3214285373687744	0.4918554425239563	-1.6666666269302368	0.3333333432674408
train	266938	55	-1.4181816577911377	1.336690068244934	-3.0	2.3333332538604736
train	267252	19	-0.4736842215061188	0.9003949165344238	-2.0	1.3333333730697632
train	267255	20	-0.4666666090488434	0.8589399456977844	-2.0	1.0
train	267278	24	-0.8611111044883728	1.3707144260406494	-2.6666667461395264	2.3333332538604736
train	267799	20	-0.716666579246521	1.3219304084777832	-2.6666667461395264	2.0
train	268836	40	-1.1083333492279053	1.0175882577896118	-3.0	0.3333333432674408
train	26WrTHLJJIU	2	1.0	0.3333333432674408	0.6666666865348816	1.3333333730697632
train	270416	14	-0.9523809552192688	0.9245947599411011	-2.6666667461395264	0.0
train	270444	9	-1.0740740299224854	0.857469379901886	-2.3333332538604736	0.0
train	270449	12	-0.5277777314186096	0.843914270401001	-2.0	1.0
train	270628	36	-0.8425925374031067	1.01070237159729	-2.6666667461395264	1.0
train	270665	34	-1.1568628549575806	1.1179909706115723	-3.0	0.3333333432674408
train	270956	18	-1.1296296119689941	0.9437179565429688	-2.6666667461395264	0.6666666865348816
train	271366	47	-1.3546099662780762	1.0793664455413818	-3.0	1.0
train	271594	42	-1.1507936716079712	1.1505746841430664	-3.0	2.0
train	271598	35	-0.990476131439209	0.9871739745140076	-3.0	0.3333333432674408
train	272375	20	-0.3499999940395355	0.6950219869613647	-1.6666666269302368	0.6666666865348816
train	273171	17	-0.23529411852359772	0.54550701379776	-1.3333333730697632	0.6666666865348816
train	273237	27	-2.0740740299224854	0.8231892585754395	-3.0	0.0
train	273314	9	-0.7037037014961243	0.7276623249053955	-1.6666666269302368	0.3333333432674408
train	273531	22	-1.10606050491333	0.8250274658203125	-2.6666667461395264	0.0
train	274219	12	-0.9722222685813904	0.8328702449798584	-2.0	0.3333333432674408
train	275248	1	-2.0	0.0	-2.0	-2.0
train	275620	25	-0.5866667032241821	1.455350399017334	-2.6666667461395264	2.6666667461395264
train	276217	42	-0.1507936418056488	0.7353593707084656	-2.0	1.6666666269302368
train	27798	15	-0.7555555105209351	1.014463186264038	-2.3333332538604736	1.0
train	277991	8	-0.7916666865348816	0.6441510319709778	-1.6666666269302368	0.0
train	278474	10	-1.5	1.137736439704895	-3.0	0.6666666865348816
train	27ubp7CLLKQ	6	1.3888888359069824	0.9891385436058044	0.0	3.0
train	282560	20	-0.46666663885116577	0.9510228633880615	-2.0	1.6666666269302368
train	282586	29	-0.7356321215629578	0.7848142385482788	-2.3333332538604736	0.3333333432674408
train	283495	8	-0.9166666269302368	0.6614378094673157	-1.6666666269302368	0.3333333432674408
train	284673	19	-0.8947368264198303	0.7727268934249878	-2.3333332538604736	0.3333333432674408
train	288714	20	-1.5499999523162842	0.9084479808807373	-3.0	0.0
train	288766	24	-0.1805555373430252	0.9076789617538452	-2.0	1.3333333730697632
train	290088	13	-0.7435896992683411	1.0390154123306274	-2.6666667461395264	1.0
train	29044	16	-0.8333332538604736	1.0606601238250732	-2.3333332538604736	1.0
train	291121	13	-0.8205128312110901	1.3049242496490479	-3.0	1.3333333730697632
train	292277	11	-0.9090909361839294	0.9111087918281555	-2.3333332538604736	0.3333333432674408
train	294178	20	-0.6666666865348816	0.8096638917922974	-2.6666667461395264	0.3333333432674408
train	295793	18	-0.5555555820465088	1.0	-2.6666667461395264	1.0
train	298736	34	-0.0784313827753067	0.8709502816200256	-2.0	2.0
train	298774	19	1.350877285003662	1.0229740142822266	-0.3333333432674408	2.6666667461395264
train	2Crezdbre6I	2	0.3333333432674408	0.0	0.3333333432674408	0.3333333432674408
train	2HP4KedfmSc	10	0.98333340883255	0.593717098236084	-0.1666666716337204	1.6666666269302368
train	2HmBM3GGTlg	11	0.8181818127632141	0.9359663724899292	-1.0	2.3333332538604736
train	2JY5HXBWO84	8	2.2351741790771484e-08	0.8498365879058838	-1.6666666269302368	1.0
train	2LpVvLemgvw	10	1.399999976158142	0.6463572978973389	0.0	2.3333332538604736
train	2OLVF-KEaZU	3	0.3333333432674408	0.4714045524597168	-0.3333333432674408	0.6666666865348816
train	2PgJok07td4	1	0.6666666865348816	0.0	0.6666666865348816	0.6666666865348816
train	2QOf2wSu0j0	2	1.0	0.0	1.0	1.0
train	2RC_DXV_dPQ	3	0.2222222238779068	0.31426969170570374	0.0	0.6666666865348816
train	2RDubrUjI-k	4	1.9166665077209473	0.5464531779289246	1.0	2.3333332538604736
train	2Vtv2gPzM7w	2	1.0	0.6666666269302368	0.3333333432674408	1.6666666269302368
train	2Wo-0trLBjU	6	0.1111111119389534	0.15713484585285187	0.0	0.3333333432674408
train	2YwgSmmLibs	5	0.06666664779186249	1.103529691696167	-1.0	2.0
train	2Zx4huY-KN8	2	-0.3333333134651184	0.6666666269302368	-1.0	0.3333333432674408
train	2ahFSMFvs_c	9	-0.6296296119689941	0.2916299104690552	-1.3333333730697632	-0.3333333432674408
train	2c2fhh_Dsoo	4	7.450580596923828e-09	0.5773502588272095	-1.0	0.3333333432674408
train	2c6Gb73nx4E	3	0.0	0.0	0.0	0.0
train	2cwNG0YuwtQ	11	0.3636363744735718	0.5765544772148132	-0.6666666865348816	1.6666666269302368
train	2f6ZHqJ76EU	8	0.3333333134651184	1.48136568069458	-2.0	2.0
train	2h9VVQUZjK0	13	0.3333333432674408	0.3922322690486908	0.0	1.3333333730697632
train	2iukwQJjGHE	1	0.0	0.0	0.0	0.0
train	2lj0BaPsJpM	4	-0.4166666567325592	0.9242114424705505	-2.0	0.3333333432674408
train	2mWPHvbKzL8	15	0.7555555701255798	0.7837862968444824	0.0	2.6666667461395264
train	2qKajMu7Vhc	5	1.2666666507720947	0.7118051648139954	0.3333333432674408	2.3333332538604736
train	2vX-ZRQQDwo	7	0.5238094925880432	0.6388765573501587	0.0	1.6666666269302368
train	2w7rpDe-HoA	5	-0.26666662096977234	1.103529691696167	-2.0	1.3333333730697632
train	30162	12	0.13888883590698242	1.257999062538147	-2.0	2.3333332538604736
train	30763	17	1.0980392694473267	1.0952345132827759	0.0	3.0
train	31197	5	-0.4000000059604645	0.4898979663848877	-1.0	0.3333333432674408
train	31tcuDMQ_H8	9	0.3333333730697632	0.7856742143630981	-1.3333333730697632	1.6666666269302368
train	327283	18	1.2407407760620117	1.1100304126739502	-0.3333333432674408	3.0
train	32j1yMF37hA	3	-0.1111111119389534	0.31426969170570374	-0.3333333432674408	0.3333333432674408
train	33312	15	-0.9333333373069763	1.005171775817871	-2.3333332538604736	0.3333333432674408
train	33439	12	0.1388888955116272	0.7130832076072693	-1.0	1.3333333730697632
train	33ueXDUn3mA	7	0.3333333432674408	0.7766431570053101	-1.0	1.6666666269302368
train	34-ogj6rh6w	9	0.37037038803100586	0.45662325620651245	0.0	1.3333333730697632
train	34346	21	0.1746031790971756	1.1013174057006836	-2.3333332538604736	2.3333332538604736
train	36098	11	-1.1212120056152344	1.0177488327026367	-2.3333332538604736	0.6666666865348816
train	367506	17	1.2156862020492554	1.1600157022476196	0.0	3.0
train	367576	17	0.05882352218031883	1.103975534439087	-1.6666666269302368	2.0
train	36o2cux9kfQ	2	0.1666666716337204	0.1666666716337204	0.0	0.3333333432674408
train	37117	13	-0.7435897588729858	0.8687730431556702	-2.0	0.3333333432674408
train	37459	8	-1.1666667461395264	1.6158932447433472	-3.0	1.6666666269302368
train	38019	12	-0.5833333134651184	1.1314117908477783	-2.0	1.6666666269302368
train	38374	10	-0.1666666567325592	1.0027738809585571	-2.0	1.3333333730697632
train	39lcRCFvV-s	45	0.9703704118728638	0.9656372666358948	-1.3333333730697632	3.0
train	3B1zIUj-k3o	7	-0.7142857313156128	0.8624176383018494	-2.0	0.3333333432674408
train	3DOrdP4H8SA	12	-0.7777777314186096	0.9460770487785339	-3.0	0.6666666865348816
train	3DgOMTs3A1E	29	0.4252873361110687	0.35982704162597656	0.0	1.3333333730697632
train	3FpmKxZgihw	9	0.2222222238779068	0.4714045524597168	-0.3333333432674408	1.3333333730697632
train	3GyEnzE1NTQ	10	0.5333333015441895	0.8717797994613647	-0.6666666865348816	2.0
train	3HRnhUin-5g	7	-0.2857142686843872	0.6529194712638855	-1.6666666269302368	0.3333333432674408
train	3J3Thmd_vks	1	0.3333333432674408	0.0	0.3333333432674408	0.3333333432674408
train	3OMgvtWNHp4	8	-0.4999999701976776	0.7637625932693481	-2.3333332538604736	0.3333333432674408
train	3OuNMjZo5wg	3	1.0	0.471404492855072	0.6666666865348816	1.6666666269302368
train	3QcqpwQiiLs	3	1.6666666269302368	0.2721655070781708	1.3333333730697632	2.0
train	3VsrcbjPwZY	4	0.1666666567325592	0.3726780116558075	-0.3333333432674408	0.6666666865348816
train	3Wi0if_L6Ug	12	0.7777778506278992	1.165343165397644	-1.6666666269302368	2.6666667461395264
train	3ZmLhK_YHl8	4	-0.0833333358168602	0.14433756470680237	-0.3333333432674408	0.0
train	3aD0xAgxxyw	7	0.3333333134651184	1.0079052448272705	-1.0	2.0
train	3aIQUQgawaI	8	0.0	0.6666666865348816	-1.0	1.3333333730697632
train	3f6xCzKx9CA	4	1.4901161193847656e-08	0.6236095428466797	-1.0	0.6666666865348816
train	3fhCxePBuZY	15	0.06666667014360428	0.5470460057258606	-1.3333333730697632	1.0
train	3gA34VxBijI	2	0.1666666716337204	0.1666666716337204	0.0	0.3333333432674408
train	3kNPvhdF1NA	2	0.1666666716337204	0.1666666716337204	0.0	0.3333333432674408
train	3lkn8MS3n8Q	16	0.2708333134651184	1.131731390953064	-2.0	2.0
train	3n44IP3tCVE	12	1.4444442987442017	0.7856742143630981	-0.6666666865348816	2.3333332538604736
train	3oHPsYc8bmw	3	0.7777777314186096	0.6849348545074463	0.0	1.6666666269302368
train	3ocpWAmSNUE	4	-1.5833333730697632	1.0897247791290283	-2.6666667461395264	-0.3333333432674408
train	3paDwuRQP1w	4	-0.1666666716337204	0.2886751592159271	-0.6666666865348816	0.0
train	3sDL7mwosP0	2	2.0	0.0	2.0	2.0
train	3sUS8vXbRwg	5	1.2666666507720947	0.7717224359512329	0.3333333432674408	2.0
train	3u_Joh0WJdw	1	0.3333333432674408	0.0	0.3333333432674408	0.3333333432674408
train	3w9I5SBhHNc	4	0.8333333730697632	0.3726780116558075	0.3333333432674408	1.3333333730697632
train	3y2YInNUmHY	4	1.5833332538604736	1.4976834058761597	-1.0	2.6666667461395264
train	40181	23	-0.5072464346885681	0.9161437749862671	-2.3333332538604736	1.0
train	40260	28	0.035714291036129	0.9400240182876587	-2.0	2.0
train	41692	9	0.0	0.566557765007019	-1.0	1.0
train	424vOT3Nnyk	5	1.399999976158142	0.4898979365825653	1.0	2.3333332538604736
train	43371	11	-0.4848484694957733	0.6870172023773193	-1.6666666269302368	0.3333333432674408
train	43456	11	-1.0	0.9744203090667725	-2.6666667461395264	0.3333333432674408
train	44780	10	-1.1920929132713809e-08	0.7745966911315918	-1.3333333730697632	1.3333333730697632
train	44MVdpDEQJs	4	-0.4166666865348816	0.6400954723358154	-1.3333333730697632	0.3333333432674408
train	45175	10	-0.2666666805744171	0.5537749528884888	-1.3333333730697632	0.6666666865348816
train	45184	6	-1.5	1.2874033451080322	-3.0	0.3333333432674408
train	45186	15	-1.533333420753479	1.0168942213058472	-2.6666667461395264	0.0
train	45676	9	0.03703703358769417	0.6562979817390442	-1.3333333730697632	1.0
train	45c3QQzGakM	2	0.3333333432674408	0.3333333432674408	0.0	0.6666666865348816
train	46497	5	-1.5333333015441895	0.8844333291053772	-2.6666667461395264	0.0
train	46604	9	-1.1111111640930176	0.8606629371643066	-2.6666667461395264	0.0
train	46618	9	-1.4814815521240234	0.862255334854126	-2.6666667461395264	0.0
train	47472	16	-0.5208333730697632	0.949917733669281	-2.3333332538604736	1.6666666269302368
train	48BD8qjClfE	1	1.6666666269302368	0.0	1.6666666269302368	1.6666666269302368
train	48nifdN2vSI	1	0.6666666865348816	0.0	0.6666666865348816	0.6666666865348816
train	48u68AzcWvE	1	0.0	0.0	0.0	0.0
train	49358	14	-0.4761904776096344	0.8611019849777222	-2.0	1.0
train	4AQC7_uCuEE	22	0.27272728085517883	0.49885085225105286	-0.6666666865348816	1.3333333730697632
train	4BoE-woHtwA	11	0.363636314868927	1.1586699485778809	-1.3333333730697632	2.0
train	4CKhrjuuofk	9	-0.18518517911434174	0.7388865351676941	-1.6666666269302368	0.3333333432674408
train	4EEru3cZwXo	4	-0.25	0.6400954723358154	-1.0	0.6666666865348816
train	4Fw9TbWIVJI	1	0.3333333432674408	0.0	0.3333333432674408	0.3333333432674408
train	4GYfmpEEtl4	6	0.4444444179534912	0.31426969170570374	0.0	1.0
train	4H9RfQuqsvg	5	0.5333333611488342	0.8055364489555359	-0.3333333432674408	2.0
train	4HAC00EAdno	10	0.4333333373069763	0.4229525923728943	-0.3333333432674408	1.3333333730697632
train	4HazSkYihtw	1	1.0	0.0	1.0	1.0
train	4Kh5N9W-Jr4	11	1.0000001192092896	0.5318160057067871	0.3333333432674408	2.0
train	4Q7OkrJLzAc	5	0.4000000059604645	0.4898979663848877	0.0	1.0
train	4Q95Lg3Icho	25	0.9999999403953552	1.4298408031463623	-1.3333333730697632	3.0
train	4Ry6M_ZfJQc	2	-1.3333333730697632	0.0	-1.3333333730697632	-1.3333333730697632
train	4VA4kqMnEqA	9	0.5185185074806213	0.8478164672851562	-0.6666666865348816	2.0
train	4Vl6AeEkAg4	2	0.0	0.0	0.0	0.0
train	4WTVL5bNybU	3	-0.2222222238779068	0.8314794301986694	-1.3333333730697632	0.6666666865348816
train	4Yxe1_ohz7Y	1	0.3333333432674408	0.0	0.3333333432674408	0.3333333432674408
train	4Z47qIrVil4	2	0.1666666716337204	0.1666666716337204	0.0	0.3333333432674408
train	4ZhIx2ozUIE	4	0.75	0.4330126941204071	0.3333333432674408	1.3333333730697632
train	4hEWns7JBg0	26	0.9743589162826538	0.8717949390411377	-0.6666666865348816	2.6666667461395264
train	4iG0ffmnCOw	11	1.1515151262283325	0.9030099511146545	0.0	2.6666667461395264
train	4iw1jTY-X3A	10	-0.20000000298023224	1.1661903858184814	-2.3333332538604736	1.6666666269302368
train	4jTUcNlxlYA	9	0.37037038803100586	0.6928995251655579	-0.6666666865348816	1.6666666269302368
train	4kF0U8kIMp4	7	0.6190476417541504	0.32991448044776917	0.3333333432674408	1.3333333730697632
train	4lKz4xyCmkk	12	0.1111111119389534	0.2832788825035095	-0.3333333432674408	0.6666666865348816
train	4lro65JwQdc	2	0.1666666716337204	0.1666666716337204	0.0	0.3333333432674408
train	4oeKDFIaL7o	4	-0.16666671633720398	1.0671874284744263	-1.3333333730697632	1.3333333730697632
train	4poXF3xo6Z8	13	1.0256409645080566	0.5914134979248047	0.0	2.0
train	4qVvLLFEYnk	1	0.3333333432674408	0.0	0.3333333432674408	0.3333333432674408
train	4qjz4BQCZyM	2	0.8333333730697632	0.5	0.3333333432674408	1.3333333730697632
train	4qoB5a6dR3w	4	1.4166667461395264	0.5951189994812012	0.6666666865348816	2.0
train	4wdeBJ39Cuw	5	-1.0	0.21081852912902832	-1.3333333730697632	-0.6666666865348816
train	4wuug3-5cWo	13	0.7692307233810425	0.645624577999115	-0.6666666865348816	1.6666666269302368
train	50453	13	-0.35897430777549744	0.9910844564437866	-2.3333332538604736	1.3333333730697632
train	51224	10	-0.4333333373069763	0.8306623697280884	-2.0	1.0
train	52068	22	0.28787878155708313	0.7540828585624695	-1.0	2.0
train	52839	14	0.6190475821495056	1.0605264902114868	-0.6666666865348816	2.6666667461395264
train	53742	12	-0.5000000596046448	0.8443713784217834	-2.0	0.6666666865348816
train	54CM1_GA-uw	2	0.3333333432674408	0.3333333432674408	0.0	0.6666666865348816
train	55156	13	-0.5384615659713745	0.9830917119979858	-1.6666666269302368	1.6666666269302368
train	55T4QNcdpOk	3	-0.2222222238779068	0.31426969170570374	-0.6666666865348816	0.0
train	56006	13	-0.4358974099159241	1.3229378461837769	-2.3333332538604736	1.6666666269302368
train	56276	16	-1.8125	1.1958768367767334	-3.0	1.0
train	57618	17	-1.2745096683502197	1.1331908702850342	-2.3333332538604736	2.3333332538604736
train	59333	20	-0.46666669845581055	1.0295629501342773	-2.3333332538604736	1.6666666269302368
train	5F-KEGK9eXo	2	0.8333333730697632	0.1666666567325592	0.6666666865348816	1.0
train	5FbzKjx3Lho	3	0.4444444477558136	0.4157397150993347	0.0	1.0
train	5Fs_7A_V2kA	5	0.800000011920929	0.2666666507720947	0.3333333432674408	1.0
train	5HjbZAbB-Lg	3	0.555555522441864	1.3425606489181519	-1.3333333730697632	1.6666666269302368
train	5IhAgV0Bf_4	3	0.7777777314186096	0.8748897910118103	0.0	2.0
train	5JMpMKAO-Mk	3	0.5555555820465088	0.15713484585285187	0.3333333432674408	0.6666666865348816
train	5OLO6zEbrVw	4	-0.1666666716337204	0.28867512941360474	-0.6666666865348816	0.0
train	5OXuBO5buF8	3	1.4444442987442017	0.566557765007019	0.6666666865348816	2.0
train	5PqwxUYIe3c	4	0.8333333134651184	0.6009252071380615	0.0	1.6666666269302368
train	5QXHyL3BMto	2	0.8333333730697632	0.1666666567325592	0.6666666865348816	1.0
train	5R5fDxZUL8M	8	1.3333332538604736	0.7071067094802856	0.3333333432674408	2.3333332538604736
train	5RVF_3YBUVI	1	0.6666666865348816	0.0	0.6666666865348816	0.6666666865348816
train	5Tqu1IXJjGY	5	-0.6000000238418579	0.800000011920929	-1.3333333730697632	0.6666666865348816
train	5VKMctXBN9M	4	-0.1666666716337204	0.6871843338012695	-1.3333333730697632	0.3333333432674408
train	5XX0csik6VQ	5	0.2666666805744171	0.24944384396076202	0.0	0.6666666865348816
train	5YnYGjrhzF4	10	-0.5666666626930237	0.5587685108184814	-1.3333333730697632	0.3333333432674408
train	5eA5HpyFsIk	2	0.3333333432674408	0.3333333432674408	0.0	0.6666666865348816
train	5hXC8JbiLd8	2	0.8333333134651184	0.8333333134651184	0.0	1.6666666269302368
train	5oEuiBPUTYc	6	0.5000000596046448	0.5692750811576843	-0.3333333432674408	1.3333333730697632
train	5qQs9Cfydo4	6	0.0555555522441864	0.6211300492286682	-0.6666666865348816	0.6666666865348816
train	5qxZFmIaynE	21	0.1111111044883728	0.278570294380188	-0.6666666865348816	0.6666666865348816
train	5sDBK-lP8Pg	2	0.6666666865348816	0.3333333134651184	0.3333333432674408	1.0
train	5tV5rZZJDCE	5	0.4000000059604645	0.13333334028720856	0.3333333432674408	0.6666666865348816
train	5wpCKY2U1NE	8	0.0	0.3333333432674408	-0.3333333432674408	0.6666666865348816
train	6-0bcijTR8k	1	2.6666667461395264	0.0	2.6666667461395264	2.6666667461395264
train	60037	17	1.313725471496582	0.9866467118263245	0.0	3.0
train	60Qw70Rd9Yg	3	0.0	0.4714045524597168	-0.3333333432674408	0.6666666865348816
train	65kkuNV921k	16	-0.4583333432674408	0.6441510319709778	-1.6666666269302368	0.6666666865348816
train	663uRzFOfrg	2	0.0	0.3333333432674408	-0.3333333432674408	0.3333333432674408
train	69707	8	-1.125	0.9709317088127136	-3.0	0.0
train	69NtV79qgOg	5	0.40000003576278687	0.5734883546829224	-0.3333333432674408	1.3333333730697632
train	6E-yr6nPxGA	4	-0.0833333432674408	0.8620067238807678	-1.3333333730697632	1.0
train	6G8JJ69aN6o	7	0.9523809552192688	0.5172752737998962	0.3333333432674408	2.0
train	6IUj6jyoTl0	3	-0.4444444179534912	0.7856742143630981	-1.0	0.6666666865348816
train	6J_yzh1LNAE	2	0.6666666865348816	0.3333333134651184	0.3333333432674408	1.0
train	6MYUY5tC2Us	7	0.2857142984867096	0.3299144506454468	0.0	1.0
train	6MloL1gIccs	11	0.575757622718811	0.5142594575881958	0.0	1.6666666269302368
train	6PLlauWxF5E	2	1.0	0.3333333432674408	0.6666666865348816	1.3333333730697632
train	6T1GHj7qwYs	3	1.4444445371627808	0.1571348011493683	1.3333333730697632	1.6666666269302368
train	6TDXQtGUNEs	12	0.4722222089767456	0.9374743103981018	-1.3333333730697632	2.3333332538604736
train	6TKaGMkO69E	3	-0.7777777314186096	1.2570786476135254	-1.6666666269302368	1.0
train	6UV6ktwbLoo	4	0.0	0.0	0.0	0.0
train	6Vg10LxmWUY	5	0.2666666805744171	0.38873013854026794	0.0	1.0
train	6WDchK7TuL8	3	0.6666666865348816	0.5443310737609863	0.0	1.3333333730697632
train	6YNAmRjpxlA	4	0.0833333358168602	0.14433756470680237	0.0	0.3333333432674408
train	6_k3cw9_k-Y	1	-1.0	0.0	-1.0	-1.0
train	6aoTjlvo0js	4	0.0	0.2357022762298584	-0.3333333432674408	0.3333333432674408
train	6c7vAwDSVGc	2	0.5	0.1666666716337204	0.3333333432674408	0.6666666865348816
train	6hp1SGhVYfY	2	1.5	1.1666667461395264	0.3333333432674408	2.6666667461395264
train	6ng8CZ0ULK4	12	0.7777778506278992	0.5328701734542847	0.0	2.0
train	6q5uKCgairk	14	0.6666666865348816	0.5634361505508423	0.0	1.6666666269302368
train	6qPjYvdZiLA	1	-0.3333333432674408	0.0	-0.3333333432674408	-0.3333333432674408
train	6qmReTSoz0E	1	0.0	0.0	0.0	0.0
train	6rkV4QRcVnk	7	0.4285714328289032	0.8109230995178223	-0.3333333432674408	2.0
train	6slq62RwH3Q	11	1.7575756311416626	0.7925270795822144	0.0	2.6666667461395264
train	6vbd4o5rIjM	7	0.4761904776096344	0.8329931497573853	0.0	2.3333332538604736
train	6xvVFYR5di0	8	0.4166666865348816	0.6614378094673157	0.0	2.0
train	6zjv1TLqfF0	12	0.25	0.3367876708507538	0.0	1.0
train	70420	19	-0.03508772328495979	0.6479363441467285	-1.3333333730697632	1.3333333730697632
train	70710	4	0.25	0.36324161291122437	-0.3333333432674408	0.6666666865348816
train	708sewcSXVY	3	0.5555555820465088	0.566557765007019	0.0	1.3333333730697632
train	72017	14	-0.6428571343421936	0.8679869174957275	-2.3333332538604736	1.0
train	72385	24	-1.0416666269302368	1.1797382831573486	-3.0	1.0
train	72tXTrSXoMk	9	0.8888888955116272	0.7698003053665161	0.0	2.3333332538604736
train	73447	18	-1.4999998807907104	0.8975274562835693	-3.0	0.0
train	73449	15	-0.48888885974884033	1.0389927625656128	-2.6666667461395264	0.6666666865348816
train	74101	9	-0.7037036418914795	1.1909581422805786	-2.6666667461395264	1.0
train	74184	13	-0.20512820780277252	0.8426500558853149	-1.6666666269302368	1.0
train	74870	12	-0.2222222238779068	0.24845200777053833	-0.6666666865348816	0.0
train	75938	10	-0.7666667103767395	0.8171766996383667	-2.0	0.3333333432674408
train	76124	11	-0.3333333432674408	0.7247430682182312	-2.0	0.3333333432674408
train	76sN4tvbPGk	5	0.0	0.3651483952999115	-0.6666666865348816	0.3333333432674408
train	78577	14	-0.1428571194410324	1.0816967487335205	-1.6666666269302368	2.0
train	78Ncka6CY70	1	1.3333333730697632	0.0	1.3333333730697632	1.3333333730697632
train	79644	6	-1.111111044883728	0.8089010715484619	-2.0	0.0
train	79934	7	-0.5238094925880432	0.9233675599098206	-2.3333332538604736	0.3333333432674408
train	79935	20	-1.9000002145767212	0.8888194561004639	-3.0	0.3333333432674408
train	7CLe7PZtna4	2	0.1666666716337204	0.5	-0.3333333432674408	0.6666666865348816
train	7EWOMjaKlus	14	1.0238094329833984	0.6838765144348145	-0.3333333432674408	2.0
train	7R70kKqtGh0	3	1.4444445371627808	0.4157397150993347	1.0	2.0
train	7SsmaZZ7mz0	4	1.5000001192092896	0.6871843338012695	1.0	2.6666667461395264
train	7U_z0JfleAw	5	0.20000000298023224	0.33993464708328247	-0.3333333432674408	0.6666666865348816
train	7UlSX-syPeo	21	0.9523808360099792	0.5274047255516052	0.0	1.6666666269302368
train	7Vp6Lvin1rA	5	0.06666665524244308	0.4898979663848877	-0.3333333432674408	1.0
train	7ZzbemE4QEE	39	0.3504273593425751	0.5844553709030151	-1.0	1.3333333730697632
train	7eJqqvvziQo	8	0.875	0.6859198808670044	0.0	2.0
train	7eWclVCXOtk	8	0.25	0.3996526598930359	-0.3333333432674408	1.0
train	7fPYpqzw1iY	2	0.6666666865348816	0.3333333134651184	0.3333333432674408	1.0
train	7hSWYI99-24	5	0.5333333611488342	0.5416025519371033	0.0	1.3333333730697632
train	7ifnoHhrMtA	7	0.1904761791229248	0.6135284900665283	-0.6666666865348816	1.0
train	7oFimEZJQ_A	4	-1.5000001192092896	0.8975275158882141	-3.0	-0.6666666865348816
train	7pZPQbMKGkY	7	0.4285714626312256	0.3868589699268341	0.0	1.0
train	7rMLN0KKE5k	29	-0.20689657330513	1.1460870504379272	-2.3333332538604736	2.3333332538604736
train	7sgAWvbLtiM	8	0.5	0.5	0.0	1.6666666269302368
train	7vJy1zbopJ8	1	0.6666666865348816	0.0	0.6666666865348816	0.6666666865348816
train	7wiaDbpiAQ8	1	0.6666666865348816	0.0	0.6666666865348816	0.6666666865348816
train	7xiu1tAJ2d8	12	0.3611110746860504	0.5846545696258545	-0.6666666865348816	1.6666666269302368
train	8-Hi9NmF4rM	2	1.6666666269302368	0.6666666269302368	1.0	2.3333332538604736
train	80620	11	-1.0909091234207153	0.9856640100479126	-2.6666667461395264	0.3333333432674408
train	80627	14	-0.7142857313156128	1.2205719947814941	-2.6666667461395264	1.0
train	80866	17	-0.2549019455909729	0.6718368530273438	-1.6666666269302368	0.6666666865348816
train	80914	9	-0.07407406717538834	1.0631630420684814	-2.0	1.6666666269302368
train	81406	8	-0.4166666269302368	1.1516895294189453	-2.3333332538604736	1.0
train	81538	12	-0.8888888359069824	0.7243557572364807	-2.3333332538604736	0.0
train	81615	8	-0.4999999701976776	1.1055415868759155	-2.3333332538604736	1.6666666269302368
train	81668	9	-1.518518328666687	1.0075163841247559	-2.3333332538604736	0.0
train	83310	3	-0.4444444477558136	0.31426969170570374	-0.6666666865348816	0.0
train	83859	38	1.2456140518188477	1.1152431964874268	0.0	3.0
train	83_N43pvgHI	2	0.3333333134651184	0.6666666269302368	-0.3333333432674408	1.0
train	8404	14	1.6904762983322144	1.019370198249817	-0.3333333432674408	3.0
train	84133	24	-0.1805555671453476	1.518342137336731	-2.6666667461395264	3.0
train	84176	11	0.030303023755550385	1.8116042613983154	-3.0	3.0
train	856LGms_0s0	3	0.8888888359069824	0.5665577054023743	0.3333333432674408	1.6666666269302368
train	87161	15	-0.7777777314186096	1.1525603532791138	-2.6666667461395264	1.3333333730697632
train	87400	18	0.03703704848885536	1.4224344491958618	-2.3333332538604736	2.6666667461395264
train	87MsiC3E2-w	1	0.0	0.0	0.0	0.0
train	88119	7	-0.3333333134651184	0.9258200526237488	-1.6666666269302368	1.0
train	88245	8	-1.0416666269302368	0.978057861328125	-2.0	0.6666666865348816
train	88797	14	-0.5714285373687744	1.0268504619598389	-2.3333332538604736	1.3333333730697632
train	88888	11	-0.3333333432674408	1.407052993774414	-2.6666667461395264	1.6666666269302368
train	88S1BjwMfdw	5	0.06666667014360428	0.38873013854026794	-0.3333333432674408	0.6666666865348816
train	88oSn21TFcA	7	-0.5714285373687744	0.6098213195800781	-1.6666666269302368	0.0
train	89747	10	1.2000000476837158	1.1944315433502197	-0.6666666865348816	2.6666667461395264
train	89787	21	-0.523809552192688	0.8942582011222839	-2.0	1.0
train	89951	16	-0.2499999701976776	0.8207381367683411	-1.6666666269302368	1.0
train	8Cp8c-eQELQ	13	0.7435897588729858	0.5415053963661194	0.0	1.6666666269302368
train	8EHEEXex5D8	13	1.1025640964508057	0.7777308225631714	0.0	2.3333332538604736
train	8F1mj-XT6KA	3	0.1111111119389534	0.566557765007019	-0.6666666865348816	0.6666666865348816
train	8Lmqsakmw3M	11	0.6666666269302368	0.5124707221984863	0.0	1.6666666269302368
train	8M0AlvtMrv8	3	0.6666667461395264	0.7200823426246643	-0.3333333432674408	1.3333333730697632
train	8P0zm2oYDyY	5	0.3999999761581421	1.6786236763000488	-2.6666667461395264	2.0
train	8UH0aPUf7sQ	1	2.0	0.0	2.0	2.0
train	8VB6pdJTpX4	2	0.5	0.1666666716337204	0.3333333432674408	0.6666666865348816
train	8VP1qxX9mh4	2	1.3333332538604736	0.3333333134651184	1.0	1.6666666269302368
train	8X5tGQLBqPo	12	0.4444444179534912	0.6136311292648315	-0.3333333432674408	1.6666666269302368
train	8XODJwsvBa0	1	1.3333333730697632	0.0	1.3333333730697632	1.3333333730697632
train	8YsIvz4qnk4	2	2.3333334922790527	0.3333333730697632	2.0	2.6666667461395264
train	8aZbX-xMdgI	1	-0.6666666865348816	0.0	-0.6666666865348816	-0.6666666865348816
train	8f_lBxZgDb0	2	0.5	0.1666666716337204	0.3333333432674408	0.6666666865348816
train	8ovb-GaZ3QE	7	-0.09523807466030121	1.0647943019866943	-1.6666666269302368	1.0
train	8qCNtqjygW8	13	0.4615384638309479	0.5779194235801697	-0.6666666865348816	1.3333333730697632
train	8u5aet7s9_w	10	0.5333333015441895	0.7483314871788025	-0.6666666865348816	2.3333332538604736
train	8wdxczYf1jI	2	0.5	0.1666666716337204	0.3333333432674408	0.6666666865348816
train	8x81fzwcJko	3	0.555555522441864	0.8314794301986694	-0.3333333432674408	1.6666666269302368
train	8xfW_azeNPk	16	1.0833333730697632	0.5590169429779053	0.0	2.3333332538604736
train	9-EO2oCAGA4	13	0.3333333432674408	0.8268982172012329	-1.0	1.6666666269302368
train	9-K1CXCXui4	17	0.5686274766921997	0.4952678978443146	-0.3333333432674408	1.3333333730697632
train	90172	15	-0.5999999642372131	1.0198038816452026	-2.3333332538604736	1.0
train	90wZz0thye4	10	1.1000001430511475	0.6999999284744263	0.0	2.3333332538604736
train	91276	13	-0.6153846383094788	1.1159002780914307	-2.3333332538604736	1.6666666269302368
train	91y7nPEWdmQ	1	-0.6666666865348816	0.0	-0.6666666865348816	-0.6666666865348816
train	92221	19	0.07017545402050018	0.4661519229412079	-1.0	1.0
train	92331	26	-1.423076868057251	1.1750893592834473	-3.0	1.0
train	92521	10	-1.1666666269302368	1.3437095880508423	-2.3333332538604736	2.0
train	92533	11	-2.0303030014038086	0.8463175892829895	-2.6666667461395264	0.0
train	92tWNUhG9DY	7	-0.5714285969734192	0.5553287863731384	-1.3333333730697632	0.0
train	93821	17	-0.3529411852359772	1.275565266609192	-2.0	1.6666666269302368
train	93839	13	-0.7948718667030334	1.1287877559661865	-2.6666667461395264	0.6666666865348816
train	94215	13	-0.4358974099159241	1.4698370695114136	-2.3333332538604736	2.3333332538604736
train	94983	14	-0.9047619104385376	1.2499432563781738	-2.6666667461395264	0.6666666865348816
train	94ULum9MYX0	5	0.06666667014360428	0.3265986442565918	-0.3333333432674408	0.6666666865348816
train	95mDHiLeDCM	4	1.4166667461395264	0.9537935853004456	0.3333333432674408	2.6666667461395264
train	96099	13	-0.8717948198318481	1.1363344192504883	-3.0	0.6666666865348816
train	96179	17	-0.8823529481887817	0.8239961266517639	-2.3333332538604736	0.0
train	96194	15	-1.288888931274414	0.7083278894424438	-2.3333332538604736	0.0
train	96350	15	-1.5777778625488281	0.9464684128761292	-3.0	0.0
train	96361	18	-0.24074074625968933	1.1905262470245361	-2.0	1.6666666269302368
train	96o9hxy64wI	2	1.6666666269302368	0.6666666269302368	1.0	2.3333332538604736
train	97095	38	1.1491228342056274	0.9961839318275452	0.0	3.0
train	97992	11	0.7878788113594055	1.3278123140335083	-1.0	2.6666667461395264
train	98187	15	-0.06666665524244308	1.4463235139846802	-2.3333332538604736	1.6666666269302368
train	98442	11	-1.0909091234207153	0.6976282000541687	-2.0	0.3333333432674408
train	984VkHzXl8w	6	0.6111111640930176	0.779759407043457	-0.6666666865348816	1.3333333730697632
train	9BceQC_SdTM	3	0.0	0.27216553688049316	-0.3333333432674408	0.3333333432674408
train	9JqwFRCTKOM	1	0.6666666865348816	0.0	0.6666666865348816	0.6666666865348816
train	9Jyr5laC8mg	1	0.0	0.0	0.0	0.0
train	9K4aWWoXuyU	2	2.1666667461395264	0.5000000596046448	1.6666666269302368	2.6666667461395264
train	9K5mYSaoBL4	8	-0.0416666679084301	0.19982632994651794	-0.3333333432674408	0.3333333432674408
train	9Nhoi1jfDbY	3	0.555555522441864	1.0304020643234253	-0.3333333432674408	2.0
train	9Un1O2ypJmI	4	1.3333332538604736	0.849836528301239	0.3333333432674408	2.3333332538604736
train	9VZ4cpoTFbo	4	1.25	0.829156219959259	0.0	2.0
train	9XCmrHbU-rU	1	-1.0	0.0	-1.0	-1.0
train	9bAgEmihzLs	4	-0.1666666716337204	0.1666666716337204	-0.3333333432674408	0.0
train	9cSJglGi9Pg	14	0.523809552192688	0.7529232501983643	-0.6666666865348816	2.0
train	9ceYD_OzPz8	1	0.3333333432674408	0.0	0.3333333432674408	0.3333333432674408
train	9cxlcpbmrH0	12	0.75	0.595119059085846	-0.6666666865348816	1.3333333730697632
train	9dFEGb_RfwE	1	0.0	0.0	0.0	0.0
train	9f6A3ucYArQ	4	-1.25	0.7216877937316895	-1.6666666269302368	0.0
train	9pdyTplXwM4	7	0.5714285969734192	0.6098213195800781	0.0	1.6666666269302368
train	9pzn93kdP_g	10	0.5	0.5426273345947266	0.0	1.6666666269302368
train	9sAoeFTKILY	1	0.3333333432674408	0.0	0.3333333432674408	0.3333333432674408
train	9tX18DNC74w	5	0.6666666865348816	0.8432739973068237	0.0	2.0
train	9zBj8VkRBpE	5	0.7999999523162842	0.8055364489555359	-0.6666666865348816	1.6666666269302368
train	9zWeMrfr-l0	5	0.20000000298023224	0.2666666805744171	0.0	0.6666666865348816
train	A0aE2Gzym-M	1	0.6666666865348816	0.0	0.6666666865348816	0.6666666865348816
train	A2E78CGi5TU	9	0.37037038803100586	0.398901104927063	-0.3333333432674408	1.0
train	A4dzxgHDhF0	1	0.0	0.0	0.0	0.0
train	A6R6J8SJtBc	3	1.4444442987442017	0.6849348545074463	0.6666666865348816	2.3333332538604736
train	A8c7q_P4jQg	3	-0.3333333432674408	0.5443310141563416	-1.0	0.3333333432674408
train	A8plGi4rbxM	6	-1.611111044883728	1.0786937475204468	-2.6666667461395264	0.6666666865348816
train	ABSC1JNdpTw	5	0.20000000298023224	0.33993464708328247	-0.3333333432674408	0.6666666865348816
train	ACOlIiRdDyE	1	0.3333333432674408	0.0	0.3333333432674408	0.3333333432674408
train	ADYia28RrFU	8	0.4583333134651184	0.8154327273368835	-1.0	1.6666666269302368
train	AGFgaKPzjMQ	7	-0.2380952537059784	0.4948716461658478	-1.0	0.6666666865348816
train	AGM-hNupJik	1	0.3333333432674408	0.0	0.3333333432674408	0.3333333432674408
train	AHU3PUztC_M	1	0.0	0.0	0.0	0.0
train	AIPqRuTjI4E	5	0.4000000059604645	0.6463572978973389	0.0	1.6666666269302368
train	AKofHsmxa1I	4	1.5	0.7637625932693481	0.3333333432674408	2.3333332538604736
train	ALlKbGE6BH0	2	1.6666667461395264	1.0	0.6666666865348816	2.6666667461395264
train	APYv5s4ucd0	3	0.2222222238779068	0.31426969170570374	0.0	0.6666666865348816
train	ARNWtLCbfW4	6	0.8888888359069824	0.7617393732070923	0.0	2.0
train	ATfnMuJJDkk	9	1.5555555820465088	0.737027645111084	0.0	2.3333332538604736
train	AVScVfLgNmw	7	0.0	0.5345224738121033	-1.0	1.0
train	AepwIhSbAws	5	-0.9333333969116211	0.6463572382926941	-1.6666666269302368	0.0
train	AggyS1coOb8	3	0.8888888359069824	0.5665577054023743	0.3333333432674408	1.6666666269302368
train	AjgDuPEp9sI	2	0.8333333730697632	0.1666666567325592	0.6666666865348816	1.0
train	AlmUwZgY6bs	2	0.0	0.3333333432674408	-0.3333333432674408	0.3333333432674408
train	AmGocfFQfVE	9	-1.185185194015503	0.6108304262161255	-2.3333332538604736	-0.3333333432674408
train	AsrhHuCfvF4	3	-0.4444444179534912	1.396644949913025	-2.3333332538604736	1.0
train	AuPCZlKBzq8	5	1.1333333253860474	0.4000000059604645	0.6666666865348816	1.6666666269302368
train	Az3e1Opu0LE	7	0.4285714328289032	0.49487167596817017	0.0	1.3333333730697632
train	B1B71X_SmwY	19	1.0877193212509155	0.4304506778717041	0.3333333432674408	1.6666666269302368
train	B1PzCwfgXyU	2	-0.5	0.1666666716337204	-0.6666666865348816	-0.3333333432674408
train	BAi3ZJo5Vwg	5	0.20000000298023224	0.33993467688560486	-0.3333333432674408	0.6666666865348816
train	BBSVLGf7zPI	3	-0.1111111119389534	0.4157397150993347	-0.6666666865348816	0.3333333432674408
train	BB_VwJSg3AI	3	-0.3333333432674408	0.27216553688049316	-0.6666666865348816	0.0
train	BBoe8-HWPSw	8	1.4166666269302368	0.5951189994812012	0.3333333432674408	2.3333332538604736
train	BDCFV4EqHjY	2	0.6666666865348816	0.3333333134651184	0.3333333432674408	1.0
train	BLFUj7_uy_0	13	0.1794871687889099	0.593632698059082	-0.6666666865348816	1.3333333730697632
train	BMhG11CXgww	5	0.46666663885116577	1.222020149230957	-1.3333333730697632	2.0
train	BNaRO9g8ugQ	1	1.3333333730697632	0.0	1.3333333730697632	1.3333333730697632
train	BRdw-_dbJXc	9	0.2962963283061981	0.597204327583313	-0.6666666865348816	1.3333333730697632
train	BRzjQHYWbSs	15	0.6000000238418579	0.7522804737091064	-1.0	2.0
train	BXqnWuDA3H4	3	0.4444444477558136	0.15713484585285187	0.3333333432674408	0.6666666865348816
train	BZOB3r5AoKE	4	0.6666666269302368	0.9718253016471863	0.0	2.3333332538604736
train	BaX10vbFhuU	3	-0.1111111119389534	0.15713484585285187	-0.3333333432674408	0.0
train	BdqoZ5qpz0E	16	0.5208333730697632	0.7990337610244751	-0.6666666865348816	2.0
train	Bf5owLv3X98	5	0.6000000238418579	0.24944382905960083	0.3333333432674408	1.0
train	Bg-PA5KTjNs	10	0.6000000238418579	1.2183778285980225	-1.3333333730697632	2.6666667461395264
train	BmDybDBTe7o	6	-0.5	0.6309898495674133	-1.0	0.6666666865348816
train	BnWvk0YRgE4	1	-0.6666666865348816	0.0	-0.6666666865348816	-0.6666666865348816
train	Bo5IDtP8_Fk	7	0.6190475821495056	1.2652695178985596	-1.3333333730697632	2.3333332538604736
train	BseI8-TYWm8	4	0.75	0.829156219959259	0.0	2.0
train	BuPhjBayua8	4	0.0	0.4714045524597168	-0.6666666865348816	0.6666666865348816
train	BvvttuYysvg	1	0.6666666865348816	0.0	0.6666666865348816	0.6666666865348816
train	C-UUQju3bXo	2	1.8333332538604736	0.1666666865348816	1.6666666269302368	2.0
train	C03473pYcRM	10	0.8333333134651184	0.8595865368843079	-0.3333333432674408	2.0
train	C2xNDBU2Z0s	3	0.8888888955116272	0.6285393834114075	0.0	1.3333333730697632
train	C3lDRFu1ZcI	7	0.1904761791229248	0.4665694832801819	-0.6666666865348816	0.6666666865348816
train	C74-of1rjg4	2	-0.3333333432674408	0.3333333432674408	-0.6666666865348816	0.0
train	C8Fhlk-eczU	4	0.6666666269302368	0.8498365879058838	-0.3333333432674408	1.6666666269302368
train	CBYQDIqucxE	2	1.0	0.0	1.0	1.0
train	CE9yV4SearE	8	-0.0833333358168602	0.4330126941204071	-1.0	0.3333333432674408
train	CHh6hWo1AFE	8	-0.375	0.7347996830940247	-1.6666666269302368	0.6666666865348816
train	CIqRibqChDQ	4	-0.3333333432674408	0.527046263217926	-1.0	0.3333333432674408
train	CK31s0kfp-k	6	0.6111111044883728	0.7556372284889221	-0.3333333432674408	2.0
train	CL4hDu95Eqw	6	1.1111111640930176	0.8089011311531067	0.0	2.6666667461395264
train	CLkTjujFVKU	6	1.7222223281860352	0.8480187058448792	0.6666666865348816	2.6666667461395264
train	CQnwOZRgQXs	2	0.5	0.1666666716337204	0.3333333432674408	0.6666666865348816
train	CT7QOWbhfv4	1	2.0	0.0	2.0	2.0
train	CVx494kExvc	13	0.5897435545921326	0.39557045698165894	0.0	1.3333333730697632
train	CXojk-oSaEw	4	-0.08333335071802139	0.6400954723358154	-0.6666666865348816	1.0
train	CZVmxwrWv34	4	0.3333333432674408	0.2357022762298584	0.0	0.6666666865348816
train	CZigX1ntOsI	15	0.9333332777023315	0.7221367955207825	-0.3333333432674408	2.0
train	Cb8ay6WtJuM	10	1.2000000476837158	0.8459051847457886	0.0	2.6666667461395264
train	CbQxC1iPyS8	6	0.8888888955116272	0.6573421955108643	0.0	2.0
train	Cd0JH1AreDw	6	-0.1666666716337204	0.3191423714160919	-0.6666666865348816	0.3333333432674408
train	CdB8QBhFccs	8	-0.4583333432674408	0.7626252174377441	-2.0	0.6666666865348816
train	Ceu9AkIjuLY	10	-0.5333333015441895	0.7483314871788025	-1.6666666269302368	0.6666666865348816
train	CfWxp5bRt2A	5	0.3333333432674408	0.3651483654975891	0.0	1.0
train	Cj7R36s4dbM	8	0.125	0.40611645579338074	-0.6666666865348816	0.6666666865348816
train	CqFt3_uka14	5	0.20000000298023224	0.1632993221282959	0.0	0.3333333432674408
train	Ctc23Icfzvg	6	0.6111111044883728	0.44790321588516235	0.0	1.0
train	CuF-UOcAFG8	3	1.6666666269302368	0.7200822830200195	0.6666666865348816	2.3333332538604736
train	CuFLRnu4FQ8	3	-0.3333333432674408	0.471404492855072	-1.0	0.0
train	CvW0Mh1EWFA	8	0.5	1.1303883790969849	-2.0	2.0
train	CzstrpOTtgo	6	0.8333333134651184	0.6309897899627686	0.0	1.6666666269302368
train	D-DqVICJXBU	1	-1.3333333730697632	0.0	-1.3333333730697632	-1.3333333730697632
train	D02PT0bl88A	5	0.2666666805744171	0.24944384396076202	0.0	0.6666666865348816
train	D1I-Z8jaby8	2	0.5	0.1666666716337204	0.3333333432674408	0.6666666865348816
train	D5cQWqYcBAE	3	0.4444444477558136	0.6285393834114075	0.0	1.3333333730697632
train	DEFDuYyc-Xw	8	0.1666666716337204	0.8660253882408142	-1.0	1.3333333730697632
train	DGeBPk1op3E	8	0.8333333730697632	0.6666666865348816	0.0	2.0
train	DNzA2UIkRZk	1	1.6666666269302368	0.0	1.6666666269302368	1.6666666269302368
train	DQ7QKE3hzVg	3	0.6666666865348816	0.2721655070781708	0.3333333432674408	1.0
train	DR9Hhpy8aA8	3	0.0	0.27216553688049316	-0.3333333432674408	0.3333333432674408
train	DVvJoMt9o80	2	1.1666666269302368	0.4999999701976776	0.6666666865348816	1.6666666269302368
train	DXQGngge7vU	6	0.8888888359069824	0.9162456393241882	-0.3333333432674408	2.3333332538604736
train	DZBpdzrMelA	3	0.8888888359069824	0.6849348545074463	0.0	1.6666666269302368
train	DZIFCYOhosQ	10	-0.03333333507180214	0.5666666626930237	-1.3333333730697632	1.0
train	DaXkixKFEvE	3	0.6666666865348816	0.2721655070781708	0.3333333432674408	1.0
train	DatH-ra0VKY	10	1.1666667461395264	0.6540471911430359	0.0	2.0
train	DbAppk7xT0Y	7	-0.1904761791229248	0.9735736846923828	-1.6666666269302368	1.0
train	DfTMoqwMHVE	7	0.095238097012043	0.1505846530199051	0.0	0.3333333432674408
train	DgO5O-oDeX8	3	0.8888888359069824	0.6849348545074463	0.0	1.6666666269302368
train	DhXBaBOB4E8	1	0.6666666865348816	0.0	0.6666666865348816	0.6666666865348816
train	DiOw-w5LDJ0	6	0.6111111044883728	0.3557291328907013	0.0	1.0
train	Dnhxm6sHQpc	5	0.4000000059604645	0.24944384396076202	0.0	0.6666666865348816
train	Dq7V30WhOJQ	2	0.0	0.0	0.0	0.0
train	Drhrzj1yhVs	4	0.0833333283662796	0.5951189994812012	-0.6666666865348816	1.0
train	DtwbwyfajnI	4	0.9999999403953552	0.849836528301239	0.0	2.0
train	Dws8ZrzF7xQ	6	0.5	0.3191423714160919	0.0	1.0
train	E05bA058vts	1	1.6666666269302368	0.0	1.6666666269302368	1.6666666269302368
train	E0g6nae4Ae4	31	0.7526881694793701	0.4396784007549286	0.0	1.6666666269302368
train	E7ZLz3tSwNM	4	0.0833333358168602	0.14433756470680237	0.0	0.3333333432674408
train	E8L1Z71vKG8	3	-0.2222222089767456	0.566557765007019	-1.0	0.3333333432674408
train	EEUGfVTyTQM	7	0.7142857909202576	0.5172752737998962	-0.3333333432674408	1.3333333730697632
train	EGA6iulTr00	4	0.4166666865348816	0.4330126941204071	0.0	1.0
train	EHbZ2EeVags	1	1.3333333730697632	0.0	1.3333333730697632	1.3333333730697632
train	EJT25p7JahU	5	0.06666667014360428	0.7423686385154724	-1.3333333730697632	0.6666666865348816
train	EK2bnbzmJs4	2	2.0	0.3333333134651184	1.6666666269302368	2.3333332538604736
train	ELtbrO8FbuI	1	0.6666666865348816	0.0	0.6666666865348816	0.6666666865348816
train	EO_SN04Xef0	5	1.7333333492279053	0.6463572978973389	0.6666666865348816	2.6666667461395264
train	EOkdFMw0pmk	10	0.13333334028720856	0.3711843192577362	-0.3333333432674408	1.0
train	ERnYvxojeu0	6	0.2777777910232544	0.3557291328907013	0.0	1.0
train	EULEL3QhKD0	4	0.8333333730697632	0.6871842741966248	0.0	1.6666666269302368
train	EZkOWskJl20	2	0.5	0.1666666716337204	0.3333333432674408	0.6666666865348816
train	E_ocLuUw-1I	5	0.7666666507720947	0.6200358271598816	0.0	1.5
train	E_oqbJatW3E	2	1.3333333730697632	0.6666666269302368	0.6666666865348816	2.0
train	Ea_Huc2-lwo	3	1.6666666269302368	0.2721655070781708	1.3333333730697632	2.0
train	EfQoSpEZa0o	4	0.9999999403953552	0.527046263217926	0.3333333432674408	1.6666666269302368
train	EiG3r8hAVeY	8	0.5416666269302368	1.141849160194397	-1.0	2.3333332538604736
train	Emi9cw9xa00	11	0.6666666865348816	0.9744203090667725	-1.0	2.3333332538604736
train	Emjv2cDzW1E	3	0.8888888359069824	1.0304020643234253	0.0	2.3333332538604736
train	EoC83JhkCAw	11	1.39393949508667	0.6485131978988647	0.6666666865348816	2.6666667461395264
train	EpadyoYlAjQ	7	0.9047619104385376	0.9547589421272278	-0.3333333432674408	2.6666667461395264
train	ExDLNkDVsxY	9	0.18518519401550293	0.31860464811325073	-0.3333333432674408	0.6666666865348816
train	F2M7WbPXRps	4	0.0833333358168602	0.2763853967189789	-0.3333333432674408	0.3333333432674408
train	F4OhXQTMOEc	7	-0.2380952686071396	0.7707816362380981	-1.3333333730697632	1.3333333730697632
train	F59hwsm4Ld0	46	0.8550723791122437	0.7634531259536743	-0.6666666865348816	2.6666667461395264
train	F5SGdvSRJmo	11	0.8484849333763123	0.857099175453186	-1.0	2.0
train	F6Ci45lP5aA	3	0.8888888955116272	0.8314794301986694	0.0	2.0
train	F8KE2ZhoUe4	14	0.8571428656578064	0.5302632451057434	0.0	1.6666666269302368
train	F9NruwaEmA8	2	0.6666666865348816	0.3333333134651184	0.3333333432674408	1.0
train	FCMbWx2JpZ0	2	1.6666666269302368	0.0	1.6666666269302368	1.6666666269302368
train	FGnHDWGYsA8	2	2.3333334922790527	0.3333333730697632	2.0	2.6666667461395264
train	FHlzZ2VxuGQ	8	-0.1250000149011612	1.2011278867721558	-1.6666666269302368	1.6666666269302368
train	FJgO-FICHlA	2	1.1666666269302368	0.4999999701976776	0.6666666865348816	1.6666666269302368
train	FLyWn2DCci4	3	0.2222222238779068	0.15713484585285187	0.0	0.3333333432674408
train	FMW6diQ9rMo	8	0.1666666716337204	0.5	-0.3333333432674408	1.0
train	FMif4HMBZjo	1	0.3333333432674408	0.0	0.3333333432674408	0.3333333432674408
train	FNbULlE9RKg	4	0.25	0.2763853967189789	0.0	0.6666666865348816
train	FOMXt3lStco	3	0.2222222238779068	0.15713484585285187	0.0	0.3333333432674408
train	FP3o75bpi8k	3	0.2222222238779068	0.15713484585285187	0.0	0.3333333432674408
train	FR0B64ID-hA	2	0.3333333432674408	1.0	-0.6666666865348816	1.3333333730697632
train	FRKwvmrwrZA	12	0.3888888657093048	0.6060395240783691	-0.6666666865348816	1.6666666269302368
train	FSGL5K2EEdo	2	0.6666666865348816	0.3333333134651184	0.3333333432674408	1.0
train	FWBCTZiijEM	3	0.6666666865348816	0.2721655070781708	0.3333333432674408	1.0
train	FX-YgVKC1AI	3	0.7777778506278992	0.4157397150993347	0.3333333432674408	1.3333333730697632
train	FX87sfrE47w	3	0.555555522441864	0.7856742143630981	0.0	1.6666666269302368
train	FaHosBIr0xY	3	9.934107758624577e-09	0.7200822830200195	-1.0	0.6666666865348816
train	FcAgbLF6__s	1	0.3333333432674408	0.0	0.3333333432674408	0.3333333432674408
train	FdTczBnXtYU	4	0.4166666865348816	0.5464532375335693	0.0	1.3333333730697632
train	FfavRdRKsAQ	10	0.9999998807907104	0.4472135603427887	0.3333333432674408	1.6666666269302368
train	FmE9BtTmxnE	1	0.6666666865348816	0.0	0.6666666865348816	0.6666666865348816
train	FmIS69vB12I	12	0.138888880610466	0.6002829074859619	-0.6666666865348816	1.3333333730697632
train	Fmwc7wkIc4Q	15	0.06666665524244308	0.38873010873794556	-0.6666666865348816	1.0
train	FphtHpVV-7w	4	0.1666666716337204	0.7637625932693481	-1.0	1.0
train	FsmNLTdE2p0	2	1.0	0.6666666269302368	0.3333333432674408	1.6666666269302368
train	FvoZgWvc3gc	5	0.5333333015441895	0.9568467140197754	-0.6666666865348816	2.0
train	FylhSeozvG8	13	0.25641024112701416	0.6013354063034058	-1.3333333730697632	1.0
train	G1Z_JUTgZqo	3	0.1111111119389534	0.15713484585285187	0.0	0.3333333432674408
train	G38DwNDQ8Cc	20	-0.7666666507720947	0.659123957157135	-2.3333332538604736	0.3333333432674408
train	G3RPgs_7l3U	3	0.4444444477558136	0.4157397150993347	0.0	1.0
train	G4HMKRdIva0	17	0.2549019455909729	1.0259981155395508	-1.6666666269302368	2.0
train	G8aL3bM39co	6	0.8888888359069824	1.1166528463363647	-1.3333333730697632	2.3333332538604736
train	G8p4QMjLUXI	9	0.6296296119689941	0.8526566624641418	-0.6666666865348816	2.6666667461395264
train	GAY5ICoVnA8	10	0.7666666507720947	0.6333333253860474	0.0	2.3333332538604736
train	GCOFujDHDx0	7	0.1428571492433548	0.3499271273612976	-0.3333333432674408	0.6666666865348816
train	GICVzJMDfv0	2	0.5	0.5	0.0	1.0
train	GJyzeK-Cn-0	1	0.6666666865348816	0.0	0.6666666865348816	0.6666666865348816
train	GMHW6XEO1ms	5	0.0	0.42163705825805664	-0.6666666865348816	0.6666666865348816
train	GMjQUrlMa50	4	0.3333333432674408	0.2357022762298584	0.0	0.6666666865348816
train	GMnoxaqqReQ	2	-0.1666666716337204	0.1666666716337204	-0.3333333432674408	0.0
train	GOj7TBcEA8E	17	0.7450980544090271	0.566256046295166	0.0	2.0
train	GRFXnnrQaB4	6	-0.3888888657093048	0.6211299896240234	-1.6666666269302368	0.0
train	GSnt_fW8qjI	7	0.8571428656578064	0.4994328022003174	0.0	1.6666666269302368
train	GTGtVdAuyRc	9	0.8148148059844971	0.5237827301025391	0.3333333432674408	1.6666666269302368
train	GUffC7vu9zA	7	0.6190476417541504	0.6529194712638855	0.0	2.0
train	G_M3lYn6hAA	3	1.0	0.9813067317008972	0.0	2.3333332538604736
train	Gbg8qiKQkhM	1	0.3333333432674408	0.0	0.3333333432674408	0.3333333432674408
train	GcfETVXgtg0	4	1.0833332538604736	0.4330126941204071	0.6666666865348816	1.6666666269302368
train	GdFP_p4eQX0	5	0.13333334028720856	0.33993464708328247	-0.3333333432674408	0.6666666865348816
train	GeSTiDe1hG0	1	0.6666666865348816	0.0	0.6666666865348816	0.6666666865348816
train	Gg9ZcRlwnbc	12	0.638888955116272	1.0668257474899292	-1.3333333730697632	2.3333332538604736
train	GjCUDqWSI6c	2	0.0	0.3333333432674408	-0.3333333432674408	0.3333333432674408
train	GkoBk5K-FH0	15	0.06666669249534607	1.116873860359192	-1.6666666269302368	1.6666666269302368
train	Gljee9uq_Rc	14	-0.261904776096344	0.9526785612106323	-1.6666666269302368	1.6666666269302368
train	Gmhi58erY6k	7	-0.3333333134651184	0.6900655627250671	-1.3333333730697632	0.6666666865348816
train	GpRDC-S88dM	28	1.0119048357009888	0.7942358255386353	-1.0	2.6666667461395264
train	GtRxTvuF6J0	6	1.277777910232544	0.7049209475517273	0.3333333432674408	2.6666667461395264
train	Gv0kKbfwPpI	3	0.6666666865348816	0.942808985710144	0.0	2.0
train	Gvg_80PlAAs	1	-0.6666666865348816	0.0	-0.6666666865348816	-0.6666666865348816
train	GxWLhv-Vt78	2	0.3333333432674408	0.0	0.3333333432674408	0.3333333432674408
train	GxcOSmJAyYQ	3	-0.1111111119389534	0.15713484585285187	-0.3333333432674408	0.0
train	H-AJ-grXvgQ	4	0.5	0.3726780116558075	0.0	1.0
train	H26MMmrHTlQ	10	0.30000001192092896	0.5259911417961121	-0.3333333432674408	1.3333333730697632
train	H4RysMUSQD8	8	0.8333333730697632	0.5773502588272095	0.0	1.6666666269302368
train	H4w9mU8B3Mc	4	0.5833333730697632	0.4930066466331482	0.0	1.3333333730697632
train	H9zVQlzit8Y	1	0.6666666865348816	0.0	0.6666666865348816	0.6666666865348816
train	HAid0IEUoFQ	3	0.2222222238779068	0.15713484585285187	0.0	0.3333333432674408
train	HByf7qiO-Kg	12	0.277777761220932	0.42673030495643616	-0.6666666865348816	1.0
train	HD17J-FvROQ	3	0.8888888359069824	0.6849348545074463	0.0	1.6666666269302368
train	HIsJqphLCyw	3	0.0	0.0	0.0	0.0
train	HLFaW4oVP9E	7	0.5238094925880432	0.6867716908454895	-0.3333333432674408	2.0
train	HOCsiS0pmf0	5	0.8666666150093079	0.8589398860931396	-0.3333333432674408	2.0
train	HObh42PhOfw	4	0.0833333358168602	0.14433757960796356	0.0	0.3333333432674408
train	HQ2LwfRcrVc	8	0.5416666865348816	1.1539485454559326	-1.0	2.3333332538604736
train	HQ9NnDQcxD4	2	1.6666667461395264	0.3333333134651184	1.3333333730697632	2.0
train	HS-2vVP95u8	2	0.0	0.6666666865348816	-0.6666666865348816	0.6666666865348816
train	HUH9BXVmAig	2	0.8333333730697632	0.1666666567325592	0.6666666865348816	1.0
train	HUOMbK1x7MI	11	0.3030303120613098	0.2641757130622864	0.0	0.6666666865348816
train	HVksxaUzv9Y	5	1.1920929132713809e-08	0.5577733516693115	-1.0	0.6666666865348816
train	HWLpH3NMtFs	3	1.9868215517249155e-08	0.7200822830200195	-1.0	0.6666666865348816
train	HXuRR2eBHHQ	4	2.4166667461395264	0.4330126941204071	2.0	3.0
train	Ha7DMd_iKyM	2	0.1666666716337204	0.1666666716337204	0.0	0.3333333432674408
train	HfLVQZLvcH8	1	0.0	0.0	0.0	0.0
train	HgDdU_RB9UA	7	0.3809523582458496	1.0301575660705566	-1.0	2.0
train	HhpziYYP2Vg	14	0.4523809254169464	0.7083083391189575	-1.0	1.6666666269302368
train	HjLpXXFoAQw	2	0.5	0.1666666716337204	0.3333333432674408	0.6666666865348816
train	Hkt_kncJGVM	3	1.2222222089767456	0.5665577054023743	0.6666666865348816	2.0
train	HqtvFTa29L8	1	0.6666666865348816	0.0	0.6666666865348816	0.6666666865348816
train	HxyfY7hsjOg	5	1.933333158493042	0.5734883546829224	1.0	2.6666667461395264
train	I--8nRKCkJI	8	0.9583333730697632	0.5877806544303894	0.0	2.0
train	I3SPlbTGuNc	16	0.7291666865348816	0.6893913149833679	-0.6666666865348816	2.3333332538604736
train	I5cS_TlV5B8	6	0.7222221493721008	1.0076864957809448	-1.0	2.0
train	I8MM8y1XVjs	4	0.3333333432674408	0.40824827551841736	0.0	1.0
train	IAmZ5iWHxw4	3	0.7777777314186096	1.0999438762664795	0.0	2.3333332538604736
train	IAubgwEiCcY	6	0.4444444477558136	0.566557765007019	-0.3333333432674408	1.3333333730697632
train	IB0lGIxP8YY	7	-0.4285714626312256	0.659828782081604	-1.0	1.0
train	ICeSewdyf34	5	1.600000023841858	0.13333331048488617	1.3333333730697632	1.6666666269302368
train	IDVbPEket6U	3	0.4444444477558136	0.15713484585285187	0.3333333432674408	0.6666666865348816
train	IHv_yBn83P8	2	1.1666667461395264	0.1666666865348816	1.0	1.3333333730697632
train	IKXWSNf4m2k	2	-0.5	0.5	-1.0	0.0
train	ITQTVfk9Iqo	12	0.02777777425944805	0.49922776222229004	-0.6666666865348816	1.3333333730697632
train	IW7IssCKgmI	9	0.9259259104728699	0.4655483663082123	0.3333333432674408	1.3333333730697632
train	I_r2CP56toU	1	0.3333333432674408	0.0	0.3333333432674408	0.3333333432674408
train	IawsOlEKRf0	9	0.29629626870155334	0.8526566624641418	-0.6666666865348816	1.6666666269302368
train	IgenXuE4qIM	2	1.0	0.0	1.0	1.0
train	IiGzuoblKSM	1	1.6666666269302368	0.0	1.6666666269302368	1.6666666269302368
train	IiX1k0oYW_w	2	1.8333332538604736	0.1666666865348816	1.6666666269302368	2.0
train	IkvL4IAiZog	2	0.3333333432674408	0.0	0.3333333432674408	0.3333333432674408
train	IlgnbEdOhmI	3	1.0	0.27216553688049316	0.6666666865348816	1.3333333730697632
train	IsAtAzltJNM	6	0.7777777314186096	0.6573421955108643	0.0	2.0
train	It6xg0WcqJ0	1	1.0	0.0	1.0	1.0
train	ItnyexqXR_U	3	-0.6666666865348816	0.7200822830200195	-1.3333333730697632	0.3333333432674408
train	Itqbc2TBXWY	26	0.6153846383094788	0.611096203327179	0.0	2.6666667461395264
train	IwQWibE8EOM	7	1.5714285373687744	0.4616837799549103	1.0	2.3333332538604736
train	Iz_PDdyXr-8	5	0.4000000059604645	0.24944384396076202	0.0	0.6666666865348816
train	J3-NEG8uoiE	15	0.7777777314186096	0.8314794301986694	-1.3333333730697632	2.0
train	J3JU1zBQ4RM	6	1.5000001192092896	0.2545875012874603	1.3333333730697632	2.0
train	J6zbBfzW7a0	2	1.1666667461395264	0.1666666865348816	1.0	1.3333333730697632
train	J7UduuBfnrE	9	-0.3333333432674408	0.7200823426246643	-1.3333333730697632	1.0
train	JAbFsRxxnFo	4	1.25	0.4930066466331482	0.6666666865348816	2.0
train	JCg26b8EO48	10	1.5	0.7923242449760437	-0.3333333432674408	2.3333332538604736
train	JDgqyOkzXHw	10	0.6333333253860474	0.5044248700141907	0.0	1.3333333730697632
train	JF-5nlUNx_g	23	0.8115941882133484	0.7474664449691772	-0.3333333432674408	2.6666667461395264
train	JGEEA_JVriE	1	1.0	0.0	1.0	1.0
train	JGZb_ygtB0g	2	-0.6666666269302368	1.0	-1.6666666269302368	0.3333333432674408
train	JHW3nD6flgU	8	1.2916666269302368	0.38864079117774963	0.6666666865348816	2.0
train	JLqBVj6f5gI	15	1.4222222566604614	0.6935327053070068	0.3333333432674408	2.6666667461395264
train	JMb18N7lQ0A	2	-0.1666666716337204	0.1666666716337204	-0.3333333432674408	0.0
train	JMzilFvwNXE	3	0.3333333432674408	0.4714045226573944	-0.3333333432674408	0.6666666865348816
train	JP95Fby6qLE	9	1.3333333730697632	0.6849348545074463	0.3333333432674408	2.3333332538604736
train	JSlTJsUulH0	2	-0.3333333432674408	0.3333333432674408	-0.6666666865348816	0.0
train	JW2HHfQiGVs	6	0.2777777910232544	0.5905636548995972	-0.3333333432674408	1.3333333730697632
train	JW3OfSCZlhc	3	0.1111111119389534	0.15713484585285187	0.0	0.3333333432674408
train	JWG_MUy7EWQ	3	0.2222222238779068	0.15713484585285187	0.0	0.3333333432674408
train	JX-mwjSw0dk	4	-0.4166666865348816	0.7216878533363342	-1.3333333730697632	0.6666666865348816
train	JY-krIuEUm4	1	1.3333333730697632	0.0	1.3333333730697632	1.3333333730697632
train	JYdfUNjyYxo	3	0.4444444179534912	0.7856742143630981	-0.6666666865348816	1.0
train	JYsAacFmXEo	7	0.9523809552192688	0.5172752737998962	0.0	1.6666666269302368
train	J_DtcW86D9c	5	0.06666667014360428	0.4898979663848877	-0.6666666865348816	0.6666666865348816
train	Ja7phs8EbWk	10	0.13333335518836975	1.013245701789856	-1.0	2.6666667461395264
train	JcmqmLaL_MQ	1	0.3333333432674408	0.0	0.3333333432674408	0.3333333432674408
train	JdFaSggG58c	8	-0.2916666865348816	0.4841229319572449	-1.0	0.6666666865348816
train	Jg2okZn6Ut8	1	0.0	0.0	0.0	0.0
train	Jh1uDYOJMwk	3	0.1111111268401146	1.2862040996551514	-1.6666666269302368	1.3333333730697632
train	JkHxzOWOLfs	1	-0.6666666865348816	0.0	-0.6666666865348816	-0.6666666865348816
train	JlmpDdm1A1Y	5	1.066666603088379	0.5333333015441895	0.3333333432674408	2.0
train	JvLMNXW7B10	2	0.3333333432674408	0.3333333432674408	0.0	0.6666666865348816
train	JvgofTcCSEc	7	0.4761905074119568	0.4994328022003174	0.0	1.3333333730697632
train	JwzxqrD8tIo	5	0.46666663885116577	0.33993464708328247	0.0	1.0
train	Jz9nlw15QZo	2	1.1666667461395264	0.1666666865348816	1.0	1.3333333730697632
train	JzydLJw6y6o	13	0.9487178325653076	0.9043688178062439	-0.3333333432674408	2.3333332538604736
train	K1VeXZxR24U	4	-0.4166666567325592	0.595119059085846	-1.3333333730697632	0.3333333432674408
train	K5cGfs3i-tk	11	0.5757575631141663	0.9544251561164856	-1.0	2.3333332538604736
train	K62NK2KYhws	12	0.8333332538604736	0.6871842741966248	-0.6666666865348816	1.6666666269302368
train	K7FiMf-Dmwo	2	1.3333332538604736	0.9999999403953552	0.3333333432674408	2.3333332538604736
train	K7KEtrgBkz4	3	0.4444444477558136	0.4157397150993347	0.0	1.0
train	K9-KyChw8RM	7	0.7619046568870544	1.2046771049499512	-0.6666666865348816	2.3333332538604736
train	K9U2TAF9DDY	5	0.06666667014360428	0.13333334028720856	0.0	0.3333333432674408
train	K9faaGel838	4	-0.8333333730697632	0.5	-1.3333333730697632	0.0
train	KD0w4BrNXQg	6	0.11111113429069519	0.8748897910118103	-1.3333333730697632	1.3333333730697632
train	KEUVzxC7T3E	4	-0.1666666716337204	0.3726780116558075	-0.6666666865348816	0.3333333432674408
train	KF5wgQPp2yc	2	-0.3333333432674408	0.3333333432674408	-0.6666666865348816	0.0
train	KI2sU-mhM44	9	0.18518520891666412	1.3250774145126343	-2.6666667461395264	1.6666666269302368
train	KJyz9fCt7Is	4	-0.6666666865348816	0.7071067690849304	-1.6666666269302368	0.3333333432674408
train	KLy4aBLqwCk	9	0.14814814925193787	0.47430551052093506	-0.6666666865348816	1.0
train	KPeos6f4HuQ	7	0.6190476417541504	0.6529194712638855	0.0	2.0
train	KQ86HmgwUns	5	0.20000000298023224	0.45215538144111633	-0.3333333432674408	1.0
train	KR4MpF0YtgE	2	0.5	0.5	0.0	1.0
train	KSyX-lejDcc	7	-0.0476190410554409	0.45175397396087646	-1.0	0.3333333432674408
train	KUVGWCTT5DU	3	0.3333333432674408	0.27216553688049316	0.0	0.6666666865348816
train	K_5u2Wh_wGk	8	0.25	0.5713045597076416	-0.6666666865348816	1.0
train	K_K3wpxkRc8	4	0.3333333432674408	0.745356023311615	-0.6666666865348816	1.3333333730697632
train	Kep_mLLXsqk	4	1.4901161193847656e-08	0.6236095428466797	-1.0	0.6666666865348816
train	KgXuILFtgJQ	5	0.20000000298023224	0.2666666805744171	0.0	0.6666666865348816
train	KmYG8zaRmOA	2	0.3333333432674408	0.0	0.3333333432674408	0.3333333432674408
train	Kmtib-wZ0jM	3	-0.8888888359069824	0.5665577054023743	-1.6666666269302368	-0.3333333432674408
train	Kpe5fISxRTg	2	0.3333333432674408	0.3333333432674408	0.0	0.6666666865348816
train	L0WUuWYNeCo	31	0.3548387289047241	0.9116352200508118	-1.6666666269302368	2.0
train	L1gXZVU6AE4	2	1.0	0.6666666269302368	0.3333333432674408	1.6666666269302368
train	L2uC4_Co9uw	1	2.0	0.0	2.0	2.0
train	L382XZ6iZmM	6	-0.1666666716337204	0.5	-1.0	0.6666666865348816
train	L3b9wwZ8vRQ	1	-1.0	0.0	-1.0	-1.0
train	L5a2ijeWpUI	5	-0.46666669845581055	0.45215535163879395	-1.3333333730697632	0.0
train	L6pg3DQKoH4	9	0.7037037014961243	0.6372092962265015	-0.3333333432674408	2.0
train	L8VjQM9HQfs	4	-0.1666666716337204	0.1666666716337204	-0.3333333432674408	0.0
train	LAj3rqJvS3s	1	-0.3333333432674408	0.0	-0.3333333432674408	-0.3333333432674408
train	LHC7ZKJy4Zw	4	0.4999999701976776	0.8660253882408142	-0.3333333432674408	1.6666666269302368
train	LKAEv8x9jKI	3	0.2222222089767456	0.4157397150993347	-0.3333333432674408	0.6666666865348816
train	LL02UFLfQKo	1	-0.3333333432674408	0.0	-0.3333333432674408	-0.3333333432674408
train	LQnXVd-PR_Y	2	0.5	0.5	0.0	1.0
train	LUKIYWa0UGA	7	1.7619047164916992	0.9874495267868042	0.3333333432674408	3.0
train	LUf9vbe0TcQ	4	1.1666666269302368	0.3726779520511627	0.6666666865348816	1.6666666269302368
train	LX2rT5C3sJs	2	1.0	0.6666666269302368	0.3333333432674408	1.6666666269302368
train	LZl9Sj1safM	6	0.055555570870637894	0.8906232714653015	-1.6666666269302368	1.3333333730697632
train	L_XttWZBKss	2	0.3333333432674408	0.3333333432674408	0.0	0.6666666865348816
train	LityRNuQihc	7	-0.1428571492433548	0.4665694534778595	-1.0	0.6666666865348816
train	LpbSYaPRTqI	6	0.277777761220932	0.2832788825035095	0.0	0.8333333134651184
train	LppEvM60-xo	4	1.5833332538604736	0.4930066168308258	1.0	2.3333332538604736
train	Lxs_6Tvq12E	2	1.3333333730697632	0.6666666269302368	0.6666666865348816	2.0
train	M2Pb2kx77ww	5	-0.13333334028720856	0.5416025519371033	-1.0	0.6666666865348816
train	MBDZbACupsc	9	-0.5925925374031067	0.6241592764854431	-2.0	0.0
train	MCRCXXPqFOI	10	0.1666666567325592	0.5	-0.3333333432674408	1.3333333730697632
train	MFXQH7ZlBJI	1	1.6666666269302368	0.0	1.6666666269302368	1.6666666269302368
train	MFrwi-RibUk	13	0.8717949390411377	0.7457969188690186	-0.3333333432674408	2.0
train	MIuJDn_0yVU	9	0.5555555820465088	1.1221672296524048	-1.6666666269302368	2.0
train	MJnc4GUhUuY	6	0.9444444179534912	0.22906142473220825	0.6666666865348816	1.3333333730697632
train	MKShLlJ7X7g	4	1.5	0.16666662693023682	1.3333333730697632	1.6666666269302368
train	MMaEsDdBsvM	1	2.0	0.0	2.0	2.0
train	MNLG4-diuYM	7	0.6190476417541504	0.4151332378387451	0.0	1.0
train	MNXBOeiPhec	6	0.2222222238779068	0.49690401554107666	-0.3333333432674408	1.0
train	MOfEl_1dh-g	6	-0.6666666269302368	0.8606629967689514	-2.3333332538604736	0.3333333432674408
train	MPRqaQqrd9Y	3	0.0	0.0	0.0	0.0
train	MRU65o1odI4	5	1.0	0.6666666865348816	0.0	2.0
train	MSmTFZ_-THM	5	1.4666666984558105	0.9092121124267578	0.0	2.6666667461395264
train	MTU_thei3-c	3	-0.5555555820465088	0.31426969170570374	-1.0	-0.3333333432674408
train	MWCNzYUCys0	3	-0.3333333432674408	0.471404492855072	-1.0	0.0
train	MZoLQD83R-4	3	-0.5555555820465088	0.4157397150993347	-1.0	0.0
train	MbpPBLUjpV4	12	0.7777777314186096	0.6849348545074463	0.0	2.3333332538604736
train	McnbZjgCPLw	4	0.3333333432674408	0.527046263217926	-0.3333333432674408	1.0
train	MhojeOmmjC8	2	0.3333333134651184	0.6666666269302368	-0.3333333432674408	1.0
train	MmJD4KBT0nk	5	0.13333332538604736	0.8326663970947266	-0.6666666865348816	1.6666666269302368
train	MnFRVJtHAeo	4	0.6666666865348816	0.40824830532073975	0.3333333432674408	1.3333333730697632
train	MpuWcGn2Lcg	5	-0.800000011920929	0.9568466544151306	-1.6666666269302368	1.0
train	MroQfGehC84	11	0.6363635659217834	0.6583503484725952	-0.6666666865348816	1.6666666269302368
train	MsjnLoTKAXo	6	0.555555522441864	0.4157397150993347	0.0	1.3333333730697632
train	MvFFYObY9A8	2	-0.1666666865348816	1.1666667461395264	-1.3333333730697632	1.0
train	Mw4EZYZAd9c	4	0.6666666865348816	0.235702246427536	0.3333333432674408	1.0
train	MyDLelMxt-A	2	0.1666666716337204	0.1666666716337204	0.0	0.3333333432674408
train	MyfRrTjglm8	7	0.6190476417541504	0.575383186340332	-0.6666666865348816	1.3333333730697632
train	N0GhVkCwrqw	4	0.4166666865348816	0.2763853967189789	0.0	0.6666666865348816
train	N0Y7x_fJ0Nw	6	0.5000000596046448	0.3191423714160919	0.0	1.0
train	N0pKIn6VhOw	3	1.0	0.27216553688049316	0.6666666865348816	1.3333333730697632
train	N188QSyfmeQ	6	0.1666666716337204	0.2545875608921051	0.0	0.6666666865348816
train	N3QuD26DuCI	6	0.2222222238779068	0.7370277047157288	-1.0	1.0
train	N3vSaV8Ztrg	2	0.6666666865348816	0.3333333134651184	0.3333333432674408	1.0
train	N4WOBzpZtWM	4	1.5833333730697632	0.5464531779289246	0.6666666865348816	2.0
train	N7IerkWUClI	2	0.3333333432674408	0.0	0.3333333432674408	0.3333333432674408
train	N7tS7A0WWpM	9	0.5925925374031067	0.9785070419311523	-0.6666666865348816	2.6666667461395264
train	NCJTV5KaJJc	8	0.25	1.3202482461929321	-1.6666666269302368	2.0
train	NDMAVMZyISM	5	-0.19999998807907104	0.8055363893508911	-1.6666666269302368	0.6666666865348816
train	NG7QLq4XlWo	16	0.9375000596046448	0.6689414381980896	0.0	2.3333332538604736
train	NKindd5Xn3s	6	0.0555555559694767	0.12422599643468857	0.0	0.3333333432674408
train	NOl0v54DaXo	12	0.2222222238779068	1.0482200384140015	-1.6666666269302368	1.6666666269302368
train	NSihgq4R8Z0	3	0.0	0.8164966106414795	-1.0	1.0
train	NYuY6HVjMZQ	3	0.7777777314186096	0.8748897910118103	0.0	2.0
train	NZtIGzAzJZM	3	-0.1111111119389534	0.31426969170570374	-0.3333333432674408	0.3333333432674408
train	N_dNuV-4iAo	3	0.3333333432674408	0.27216553688049316	0.0	0.6666666865348816
train	Na6170hd8po	5	0.800000011920929	0.1632993072271347	0.6666666865348816	1.0
train	Nd55vByy2F8	4	0.8333333730697632	0.5527707934379578	0.3333333432674408	1.6666666269302368
train	NkbRuTJaj_M	2	1.0	0.6666666269302368	0.3333333432674408	1.6666666269302368
train	Nmd50Uzyybs	2	0.0	0.0	0.0	0.0
train	Ns_h5IVcZ9k	7	0.2857142984867096	0.32991448044776917	0.0	1.0
train	NuRvTWhELqs	4	0.5	0.5527707934379578	-0.3333333432674408	1.0
train	Nzh2KkaGwrE	3	0.2222222238779068	0.8314794301986694	-0.6666666865348816	1.3333333730697632
train	NzpymNJaFjo	2	0.5	0.8333333730697632	-0.3333333432674408	1.3333333730697632
train	O0Nn-5UkfoA	2	0.0	0.3333333432674408	-0.3333333432674408	0.3333333432674408
train	O2CEvvYWWbU	9	0.7407407760620117	0.6809176802635193	-0.6666666865348816	1.6666666269302368
train	O3whFU2lAAk	5	0.9333332777023315	0.7423685789108276	0.3333333432674408	2.0
train	O8IJh_L0EfM	7	0.8095237612724304	0.4312087893486023	0.3333333432674408	1.6666666269302368
train	OAV6KKf60bQ	12	-0.02777777798473835	0.25306758284568787	-0.6666666865348816	0.3333333432674408
train	OBaMn1-x7jQ	5	1.2000000476837158	0.33993464708328247	0.6666666865348816	1.6666666269302368
train	OEMSGahoCmM	1	1.0	0.0	1.0	1.0
train	OEOkmrKvTUo	4	0.6666666865348816	0.4714045524597168	0.0	1.3333333730697632
train	OEesmAnTpeA	4	-1.4901161193847656e-08	0.5773501992225647	-0.3333333432674408	1.0
train	OFBc3z99bIc	14	0.976190447807312	0.8014301061630249	-0.3333333432674408	2.3333332538604736
train	OGXUtVG0Y9w	2	2.0	0.0	2.0	2.0
train	OHWyYVux-yw	12	0.9166666865348816	0.5951189994812012	-0.3333333432674408	1.6666666269302368
train	OIJr0voCvVQ	1	-1.3333333730697632	0.0	-1.3333333730697632	-1.3333333730697632
train	OJwO6g01qO8	2	-0.5	0.1666666716337204	-0.6666666865348816	-0.3333333432674408
train	OKSx1zxHGpQ	28	0.8452380895614624	0.6329706907272339	-0.6666666865348816	2.3333332538604736
train	OOh1_ffKOKk	5	0.46666663885116577	0.5416025519371033	-0.3333333432674408	1.0
train	OPXmk49KyiU	2	0.5	0.5	0.0	1.0
train	OSyKmOye5Uo	3	0.4444444477558136	0.31426969170570374	0.0	0.6666666865348816
train	OUjzDchhkIA	6	0.1111111119389534	0.49690401554107666	-0.6666666865348816	0.6666666865348816
train	O_fTDhCtAhw	4	0.0833333358168602	0.14433757960796356	0.0	0.3333333432674408
train	Ob8vPQCPDX0	6	1.0	0.6085805892944336	0.3333333432674408	2.0
train	OcqJx_cRc3Y	2	-0.3333333432674408	0.0	-0.3333333432674408	-0.3333333432674408
train	OdKp0hYomgs	10	1.0	0.8299933075904846	-0.3333333432674408	3.0
train	OiMkqEH5WeE	4	-0.3333333432674408	0.2357022762298584	-0.6666666865348816	0.0
train	Oj3XwBBrzXc	2	0.3333333432674408	0.3333333432674408	0.0	0.6666666865348816
train	Olx-sTx7HTk	4	0.0833333358168602	0.14433756470680237	0.0	0.3333333432674408
train	OoOD_VBL0i0	1	0.0	0.0	0.0	0.0
train	Op3CnqRLD9w	6	1.5555554628372192	0.4581228494644165	0.6666666865348816	2.0
train	Or-9Nc_GAq8	1	0.3333333432674408	0.0	0.3333333432674408	0.3333333432674408
train	OwYfPi9St0w	1	0.0	0.0	0.0	0.0
train	OxyQSJMvWBo	14	0.0476190485060215	0.5614202618598938	-1.0	1.0
train	P0WaXnH37uI	6	0.2777777910232544	0.3557291328907013	0.0	1.0
train	P35dyIit1yM	5	1.466666579246521	0.7483314275741577	0.6666666865348816	2.3333332538604736
train	P3QEOJWxXI8	6	0.5	0.4194352328777313	0.0	1.0
train	P4qxfjZlIrY	5	1.2666666507720947	0.8793937563896179	0.3333333432674408	2.6666667461395264
train	PANWQeBKStk	4	0.6666666865348816	0.40824830532073975	0.0	1.0
train	PGBrZLC15yA	3	1.7777777910232544	0.8314794301986694	0.6666666865348816	2.6666667461395264
train	PHJ8eybXJdw	6	0.7222221493721008	0.5241100788116455	0.0	1.6666666269302368
train	PJlDO21zl88	1	0.3333333432674408	0.0	0.3333333432674408	0.3333333432674408
train	PMH4mdJeojE	3	0.3333333432674408	0.471404492855072	0.0	1.0
train	PN3ApHIGopo	2	0.0	0.3333333432674408	-0.3333333432674408	0.3333333432674408
train	PQYmOknHA4c	12	0.5	0.4194352328777313	0.0	1.0
train	PRZ4VhESz1A	8	0.625	0.8239049911499023	0.0	2.0
train	PUIsiLk8etk	8	-1.4901161193847656e-08	0.745356023311615	-1.0	1.6666666269302368
train	PYylJk8R9Ak	4	1.6666666269302368	0.8164966106414795	1.0	3.0
train	PbyI-sUzLZY	4	-0.1666666567325592	0.5	-0.6666666865348816	0.6666666865348816
train	PmemTgQHagk	8	1.8333333730697632	0.40824830532073975	1.3333333730697632	2.6666667461395264
train	PoKZEKOf1dA	7	0.3333333432674408	0.35634830594062805	0.0	1.0
train	PohW-isYMK0	19	0.35087719559669495	0.7759068608283997	-1.0	2.0
train	PtH_8O__EAY	1	1.6666666269302368	0.0	1.6666666269302368	1.6666666269302368
train	PtdK-TLOuD0	2	-0.6666666865348816	0.3333333134651184	-1.0	-0.3333333432674408
train	PybuzkS31J4	5	0.46666663885116577	0.7483314275741577	-0.3333333432674408	1.6666666269302368
train	Q2uHXKA8cq8	6	-0.3888888359069824	0.6781420111656189	-1.0	0.6666666865348816
train	Q5YU2sLKVL4	2	0.0	0.0	0.0	0.0
train	Q5fZk_jPjBI	5	1.2000000476837158	0.7774602174758911	0.3333333432674408	2.3333332538604736
train	Q5uYByRyswI	3	0.6666666865348816	0.0	0.6666666865348816	0.6666666865348816
train	Q7OvlYjNt9w	2	0.0	0.3333333432674408	-0.3333333432674408	0.3333333432674408
train	Q7nhtfkIPN4	11	0.1515151411294937	0.7015658617019653	-1.0	1.6666666269302368
train	Q8naC1qriIU	4	0.3333333432674408	0.2357022762298584	0.0	0.6666666865348816
train	QDRtKv8PvFs	5	1.2666666507720947	0.5734883546829224	0.3333333432674408	2.0
train	QE0pAVSPsKQ	13	0.7948717474937439	1.058449625968933	-1.0	2.6666667461395264
train	QEG_hkJsaYc	1	1.0	0.0	1.0	1.0
train	QI-TTqj0KnA	3	0.3333333432674408	0.27216553688049316	0.0	0.6666666865348816
train	QJCDZCllSYQ	3	0.2222222238779068	0.31426969170570374	0.0	0.6666666865348816
train	QLEOYF7Mju0	11	0.6060606241226196	0.528351366519928	-0.6666666865348816	1.3333333730697632
train	QMAztkqnvws	2	0.3333333432674408	0.0	0.3333333432674408	0.3333333432674408
train	QMEgjkpyVzQ	4	1.1666666269302368	0.8975274562835693	0.3333333432674408	2.6666667461395264
train	QNxiqu1y1N0	2	0.1666666716337204	0.1666666716337204	0.0	0.3333333432674408
train	QOxIdbNwpx0	6	0.6666666865348816	0.3333333432674408	0.0	1.0
train	QP2CjKap818	2	0.8333333730697632	0.5	0.3333333432674408	1.3333333730697632
train	QQVRIGEUa_Q	1	0.3333333432674408	0.0	0.3333333432674408	0.3333333432674408
train	QUpI5kMw_nA	6	0.11111113429069519	0.8958064317703247	-1.6666666269302368	1.3333333730697632
train	QWaUvAL-yiA	3	0.6666666865348816	0.4714045226573944	0.0	1.0
train	QWzIJuhLLrc	2	-0.1666666716337204	0.1666666716337204	-0.3333333432674408	0.0
train	QXPOQW2tRBs	1	1.3333333730697632	0.0	1.3333333730697632	1.3333333730697632
train	QYp0lGhyL6A	9	-0.29629626870155334	0.8950403928756714	-2.3333332538604736	0.6666666865348816
train	Q_py5n2fQXw	3	0.2222222089767456	1.227262258529663	-1.3333333730697632	1.6666666269302368
train	QbJiphIpzYc	3	1.2222222089767456	0.41573968529701233	0.6666666865348816	1.6666666269302368
train	Qe4AT670hq4	1	-0.6666666865348816	0.0	-0.6666666865348816	-0.6666666865348816
train	QkMTYY69JYQ	10	0.5	0.7923243045806885	-1.3333333730697632	1.3333333730697632
train	QoIsjc4-GIg	10	0.0	0.9067646861076355	-1.0	1.6666666269302368
train	QzdEjKQFisQ	8	-0.375	0.5120086073875427	-1.3333333730697632	0.3333333432674408
train	R-17BoOk4kc	1	2.3333332538604736	0.0	2.3333332538604736	2.3333332538604736
train	R-HKj8Yn06k	1	0.6666666865348816	0.0	0.6666666865348816	0.6666666865348816
train	R0o37yJ1PP0	6	0.2222222238779068	0.24845200777053833	0.0	0.6666666865348816
train	R0uRDh-engU	3	0.3333333432674408	0.5443310141563416	-0.3333333432674408	1.0
train	R5a3TP-l_n4	4	1.25	0.4330126941204071	1.0	2.0
train	R8Kw_4Y9E0s	1	0.6666666865348816	0.0	0.6666666865348816	0.6666666865348816
train	R8leu0tEJ4o	6	-0.2222222238779068	1.271724820137024	-2.3333332538604736	2.0
train	R9ypacCuEZo	6	0.6111111044883728	0.5241100788116455	-0.3333333432674408	1.3333333730697632
train	RAiO_rChmdU	3	0.2222222238779068	0.15713484585285187	0.0	0.3333333432674408
train	RE-LIPOFnrE	6	-0.1666666716337204	0.2545875310897827	-0.6666666865348816	0.0
train	REkPZ77s3Vc	5	0.20000000298023224	0.2666666805744171	0.0	0.6666666865348816
train	RIAEgUKtzxw	4	0.6666666865348816	1.4337209463119507	-1.0	2.6666667461395264
train	RImmdklTOW0	16	0.7708333730697632	0.6637305021286011	-0.3333333432674408	2.0
train	RKP6j28FCWE	3	0.5555555820465088	0.31426966190338135	0.3333333432674408	1.0
train	RLHZ6xtIWSM	8	-0.375	0.5384520292282104	-1.3333333730697632	0.3333333432674408
train	RRKez9BR-94	7	0.5714285969734192	1.0345505475997925	-1.6666666269302368	1.6666666269302368
train	RS5WM3q2ZZQ	18	0.3333333730697632	0.6666666865348816	-1.0	1.3333333730697632
train	RST6PgpsLws	8	0.9583333134651184	1.1234557628631592	-1.3333333730697632	2.3333332538604736
train	RTzDzj4NxIM	8	0.5833333134651184	1.198957920074463	-1.6666666269302368	2.3333332538604736
train	RXcI6PK37lM	6	0.4444444179534912	0.6573421359062195	0.0	1.6666666269302368
train	RaTQZrdICKo	1	0.0	0.0	0.0	0.0
train	RadU51t1kL0	8	-0.375	0.5384520292282104	-1.0	0.6666666865348816
train	RdExUaEIWIk	6	-0.0555555559694767	0.12422599643468857	-0.3333333432674408	0.0
train	RdOc70IrjJo	2	0.3333333432674408	0.0	0.3333333432674408	0.3333333432674408
train	Rdf0Psjyrwc	4	1.7500001192092896	0.5464532375335693	1.3333333730697632	2.6666667461395264
train	RfKxYiFd-fs	2	0.5	0.5	0.0	1.0
train	RgubFcmvgDE	7	-0.8571429252624512	0.6135284900665283	-2.0	0.0
train	RqOgkJbqFXg	4	-0.0833333358168602	0.595119059085846	-0.6666666865348816	0.6666666865348816
train	Rse6laKf1i8	9	1.407407283782959	0.8131295442581177	0.0	2.3333332538604736
train	Rt9rN1ntS3E	12	1.1666666269302368	0.64549720287323	0.0	2.6666667461395264
train	Rugd2NMu4bA	6	0.4444444477558136	0.3685138523578644	0.0	1.0
train	RvIohowRPAk	8	-0.7083333730697632	0.7894706130027771	-2.3333332538604736	0.3333333432674408
train	Rw2pzFGosmw	7	0.8571429252624512	0.6388765573501587	0.0	2.0
train	RwcTz-tOIeo	4	-0.4166666269302368	0.8291561603546143	-1.6666666269302368	0.6666666865348816
train	Ry2NJPd4N3s	7	0.4285714328289032	0.749905526638031	-0.6666666865348816	1.3333333730697632
train	S0ecaAi_CJo	2	1.1666666269302368	0.8333333134651184	0.3333333432674408	2.0
train	S21ApRNQ9Ko	6	0.4444444477558136	1.2422600984573364	-1.0	2.6666667461395264
train	S2znq3iRPwE	9	1.4074074029922485	0.4382281005382538	0.6666666865348816	2.0
train	S6S2XL0-ZpM	1	0.0	0.0	0.0	0.0
train	S8yP6lBOdKo	1	-1.3333333730697632	0.0	-1.3333333730697632	-1.3333333730697632
train	S9PDgK7fpJI	12	-1.0555557012557983	0.7556372284889221	-2.6666667461395264	0.0
train	SCXp4l0CO4s	1	0.0	0.0	0.0	0.0
train	SGsiGz2fdpo	31	0.5913979411125183	0.701813817024231	-1.0	2.6666667461395264
train	SH0wXyhsx9s	3	0.0	0.4714045226573944	-0.3333333432674408	0.6666666865348816
train	SI39azgVUR8	7	0.19047625362873077	2.03818416595459	-2.6666667461395264	3.0
train	SLi2gT5H6m8	10	2.086162531611535e-08	0.9067646265029907	-2.3333332538604736	1.3333333730697632
train	SMr2DprlLu4	1	2.0	0.0	2.0	2.0
train	SMzV26l6iA0	2	0.5	0.5	0.0	1.0
train	SNBqe_JpZC4	1	-0.3333333432674408	0.0	-0.3333333432674408	-0.3333333432674408
train	SRP5FYP71Ng	1	1.0	0.0	1.0	1.0
train	SSNrLu-eZiM	1	1.0	0.0	1.0	1.0
train	STeqtJLakQQ	7	-0.6666666865348816	0.5909368991851807	-1.3333333730697632	0.6666666865348816
train	SWHmteF5Rlk	8	0.25	1.010362982749939	-1.0	2.0
train	SWhfaL7AdEc	9	0.8148148059844971	0.8181748986244202	-1.0	2.0
train	SYnygYs-fAg	16	0.9166666865348816	0.5068968534469604	0.3333333432674408	2.0
train	SZRxuS6fn9s	4	-1.3333332538604736	0.527046263217926	-2.0	-0.6666666865348816
train	S_ISgjJR1bc	1	0.0	0.0	0.0	0.0
train	S_mxvk4LEh0	6	0.5	0.7136240005493164	0.0	2.0
train	S_tGoxSEh5Y	1	0.0	0.0	0.0	0.0
train	SaNXCez-9iQ	2	0.1666666716337204	0.1666666716337204	0.0	0.3333333432674408
train	Sb2xMPwNKPo	5	0.4000000059604645	0.6463572382926941	0.0	1.6666666269302368
train	Sglx7douG_4	2	0.3333333432674408	0.3333333432674408	0.0	0.6666666865348816
train	ShgrdU9WAJE	13	0.6410256624221802	0.9910844564437866	-1.0	2.3333332538604736
train	Sir2QeCh4B0	8	0.25	0.5464531779289246	-0.3333333432674408	1.3333333730697632
train	SmftC-VAfYQ	5	1.066666603088379	0.8273115754127502	-0.3333333432674408	2.0
train	So3bPzg2bq0	7	0.0476190485060215	0.21295885741710663	-0.3333333432674408	0.3333333432674408
train	SqtZGF_f63s	1	1.0	0.0	1.0	1.0
train	SrMN3rwvCsE	7	0.0	0.6424161195755005	-1.0	1.0
train	StgqrTr0JqU	13	0.25641030073165894	0.5722029209136963	-1.0	1.3333333730697632
train	SuKnUzid-1g	2	1.6666666269302368	0.6666666269302368	1.0	2.3333332538604736
train	SxbTZjZD0vU	6	-0.5555555820465088	0.31426969170570374	-1.0	0.0
train	SzJf6viBWBg	6	0.3888889253139496	0.44790318608283997	0.0	1.0
train	T-8TvJcS78w	7	1.523809552192688	0.2428104430437088	1.3333333730697632	2.0
train	T-vqHR989bM	2	0.6666666269302368	1.3333332538604736	-0.6666666865348816	2.0
train	T1icdxz0TNs	2	1.0	0.3333333432674408	0.6666666865348816	1.3333333730697632
train	T4e4Ba1sRg0	7	-0.9999999403953552	1.5735915899276733	-3.0	2.3333332538604736
train	TBCjKGYBNIo	22	0.21212123334407806	0.8907235264778137	-1.3333333730697632	1.3333333730697632
train	TBwetweXRb4	3	0.0	0.27216553688049316	-0.3333333432674408	0.3333333432674408
train	TFKgo5JlPro	2	-0.1666666716337204	0.1666666716337204	-0.3333333432674408	0.0
train	TJelZLbfT2A	11	0.8181818127632141	0.6254475116729736	0.0	1.6666666269302368
train	TM7cHOHfF70	10	0.033333323895931244	0.6741250157356262	-1.0	1.3333333730697632
train	TNwwVWA-oAE	6	1.111111044883728	0.737027645111084	0.0	2.3333332538604736
train	TO5HjoK8Iu8	11	1.2424243688583374	0.6045435667037964	0.6666666865348816	2.6666667461395264
train	TSDC7CCyeGY	6	-0.5	0.8333333730697632	-2.0	0.3333333432674408
train	TUY83eDK5jc	9	1.1481480598449707	0.6108304858207703	0.0	2.0
train	TUzD45ghy4k	1	1.6666666269302368	0.0	1.6666666269302368	1.6666666269302368
train	TVhXqAI9gyA	5	0.13333332538604736	0.5416025519371033	-0.6666666865348816	1.0
train	TWMFQED1Myk	10	0.8333333730697632	0.5627314448356628	0.0	1.6666666269302368
train	TWf0XFpXwfs	5	0.20000000298023224	0.2666666805744171	0.0	0.6666666865348816
train	TZXcQemh8n8	2	-0.1666666716337204	0.1666666716337204	-0.3333333432674408	0.0
train	Ta_IgA3XJ3s	6	0.5	0.4194352328777313	0.0	1.0
train	TahiuVpcROM	1	0.6666666865348816	0.0	0.6666666865348816	0.6666666865348816
train	TbZPa_keawc	6	-0.2222222238779068	0.5983516573905945	-1.0	0.6666666865348816
train	Tdw0fJt0lco	2	0.5	0.1666666716337204	0.3333333432674408	0.6666666865348816
train	Te-vgmYgGM4	1	2.0	0.0	2.0	2.0
train	TfBVq9oWBmM	2	0.6666666865348816	0.0	0.6666666865348816	0.6666666865348816
train	Tiq67-bAV3M	6	0.6111111044883728	0.5583264231681824	0.0	1.3333333730697632
train	TksWzxo81Mk	8	1.2083332538604736	0.5994789600372314	0.3333333432674408	2.0
train	TwTLsgfpKvA	10	0.4000000059604645	0.3590109944343567	0.0	1.0
train	TxJjAK0WrOY	2	0.1666666716337204	0.1666666716337204	0.0	0.3333333432674408
train	TxRS6vJ9ak0	7	1.5714285373687744	0.6098213195800781	0.6666666865348816	2.3333332538604736
train	U2Ydtq6qvL0	5	0.6000000238418579	0.38873010873794556	0.0	1.0
train	U4-u5NZLA_w	2	-0.3333333134651184	0.6666666269302368	-1.0	0.3333333432674408
train	U8Ewftg_8CI	8	0.2083333432674408	0.927024781703949	-1.3333333730697632	1.3333333730697632
train	UF9OlX-QNHU	2	1.1666667461395264	0.1666666865348816	1.0	1.3333333730697632
train	UKVwc6I06x8	3	1.3333333730697632	0.2721655070781708	1.0	1.6666666269302368
train	UK_IXtJ2BqI	18	0.5370370745658875	1.0191917419433594	-1.3333333730697632	2.6666667461395264
train	ULkFbie8g-I	3	-0.4444444477558136	0.15713484585285187	-0.6666666865348816	-0.3333333432674408
train	ULtBuI6nMaY	6	0.4444444477558136	0.8314794301986694	-0.6666666865348816	2.0
train	UPghCarcnMc	7	0.0476190485060215	0.11664237827062607	0.0	0.3333333432674408
train	URP2YlSNuZ4	2	0.0	0.0	0.0	0.0
train	UTNP1roJV3I	5	-0.3333333432674408	0.2981424033641815	-0.6666666865348816	0.0
train	UUukBV82P9A	12	0.3611111342906952	0.7259519100189209	-1.0	1.6666666269302368
train	UXvMaHD9kmA	15	0.7555555701255798	0.9464684128761292	-1.6666666269302368	2.0
train	Ua4g9q0r-dI	17	0.09803921729326248	0.3572719097137451	-0.6666666865348816	0.6666666865348816
train	Uc-0G7RRxoY	3	0.4444444477558136	0.4157397150993347	0.0	1.0
train	UeOIb6s0pVM	11	1.5757575035095215	0.6527472734451294	0.0	2.3333332538604736
train	UfLMdSGGQVw	10	1.7000000476837158	0.276887446641922	1.3333333730697632	2.0
train	UgTM9y2rD38	3	1.888888955116272	0.566557765007019	1.3333333730697632	2.6666667461395264
train	Uiq0lf9ibF8	1	0.0	0.0	0.0	0.0
train	UjT8pHMN8Q8	2	0.1666666716337204	0.1666666716337204	0.0	0.3333333432674408
train	UkqTwAuA8jI	4	0.0	0.0	0.0	0.0
train	UmB5c_QqUPs	13	-0.3333333432674408	1.1016693115234375	-2.3333332538604736	2.0
train	UtjenieM1Ak	3	0.3333333432674408	0.471404492855072	0.0	1.0
train	UtuTyW9pUN8	8	-0.0416666679084301	0.38864079117774963	-0.6666666865348816	0.6666666865348816
train	UuR4Rw38v_U	3	-0.3333333432674408	0.471404492855072	-1.0	0.0
train	Uw1nWfSuyo8	2	0.5	0.1666666716337204	0.3333333432674408	0.6666666865348816
train	V5lfNohNlEg	1	1.0	0.0	1.0	1.0
train	VA6lVHlj5d0	7	0.6666666269302368	0.4714045524597168	0.0	1.3333333730697632
train	VAFdgtqZz4g	3	0.7777778506278992	0.15713483095169067	0.6666666865348816	1.0
train	VAr7gJydnys	18	0.018518520519137383	0.6032036542892456	-1.3333333730697632	1.0
train	VCIe-4p0xoM	1	0.0	0.0	0.0	0.0
train	VDjnKdFxuBE	1	2.6666667461395264	0.0	2.6666667461395264	2.6666667461395264
train	VN1IPN1TL3Q	3	-0.8888888955116272	0.8748897314071655	-1.6666666269302368	0.3333333432674408
train	VUrTT7xsrec	3	0.6666666865348816	0.2721655070781708	0.3333333432674408	1.0
train	VVZLA2neYyw	3	0.5555555820465088	0.31426966190338135	0.3333333432674408	1.0
train	VWik5oKP6IU	9	-0.4444444477558136	0.5443310737609863	-1.3333333730697632	0.3333333432674408
train	VZqkWIPmH6w	10	0.10000000149011612	0.36666667461395264	-0.3333333432674408	1.0
train	Va54WZgPTdY	5	-1.4666666984558105	1.002219796180725	-2.6666667461395264	0.3333333432674408
train	VbSsGRXIwjc	2	2.0	0.3333333134651184	1.6666666269302368	2.3333332538604736
train	VbmSzYg_lmg	1	2.3333332538604736	0.0	2.3333332538604736	2.3333332538604736
train	VcZffwwL0bw	7	0.9523809552192688	0.5753831267356873	0.0	1.6666666269302368
train	Ve-mmCM8TI0	10	-0.06666666269302368	0.3265986442565918	-1.0	0.3333333432674408
train	VgqI1KRnDSw	4	0.5	0.1666666716337204	0.3333333432674408	0.6666666865348816
train	VhKJm_jiciU	6	0.4444444179534912	0.5328702330589294	-0.3333333432674408	1.3333333730697632
train	VjAvqFXEmmk	8	0.7083333134651184	0.8239049911499023	0.0	2.3333332538604736
train	VoETCD8fBLI	2	0.8333333730697632	0.1666666567325592	0.6666666865348816	1.0
train	VugBIVwSmaI	1	0.0	0.0	0.0	0.0
train	Vv2DTPyyw90	6	0.555555522441864	0.8534606099128723	-0.3333333432674408	2.3333332538604736
train	Vw4-ae-ucHE	4	0.0	0.527046263217926	-0.6666666865348816	0.6666666865348816
train	Vx8npmcFxak	7	1.476190447807312	1.193329930305481	-1.3333333730697632	2.3333332538604736
train	VybXjsmsjAY	9	0.5185185670852661	0.5468453168869019	-0.3333333432674408	1.3333333730697632
train	VzDXgBOe5iI	4	0.75	0.759202778339386	0.0	1.6666666269302368
train	W-pA0lOGLR0	7	0.6190476417541504	0.4151332378387451	0.0	1.3333333730697632
train	W-ptEZFARVo	11	0.6969696879386902	0.8342969417572021	-0.6666666865348816	2.3333332538604736
train	W-q9bPlMIVI	15	0.555555522441864	0.3784308135509491	0.0	1.0
train	W40BaML7mzc	3	1.5555554628372192	0.4157397150993347	1.0	2.0
train	W53uRqITk2I	9	0.8518518805503845	0.5237827897071838	-0.3333333432674408	1.3333333730697632
train	WANirpnKa4w	5	0.3333333432674408	0.21081852912902832	0.0	0.6666666865348816
train	WAXJRnJXmOA	8	0.0833333432674408	0.7772815823554993	-1.3333333730697632	1.0
train	WBCRTcMJZZc	4	0.25	0.2763853967189789	0.0	0.6666666865348816
train	WGfGxoI05ew	2	2.1666665077209473	0.16666662693023682	2.0	2.3333332538604736
train	WHUHTmtBJWU	3	0.2222222238779068	0.31426969170570374	0.0	0.6666666865348816
train	WJ2QF4Kw9Y8	3	-0.1111111119389534	0.15713484585285187	-0.3333333432674408	0.0
train	WMzvDL7b4sM	5	-0.06666667759418488	0.5333333611488342	-0.6666666865348816	0.6666666865348816
train	WSjlhBDxNW8	6	1.2222222089767456	0.8534606099128723	0.3333333432674408	3.0
train	WTF9xgqLIvI	10	0.2666666507720947	0.9285591840744019	-1.3333333730697632	1.6666666269302368
train	WUeSV0Z23Kg	2	-0.5	0.1666666716337204	-0.6666666865348816	-0.3333333432674408
train	WXKgBIiP8IA	11	0.27272728085517883	0.5283514261245728	-0.6666666865348816	1.3333333730697632
train	WYSomBHdl4c	1	1.6666666269302368	0.0	1.6666666269302368	1.6666666269302368
train	WZVfvgTeFPo	3	0.7777778506278992	0.4157397150993347	0.3333333432674408	1.3333333730697632
train	WaaSYRPwQBw	2	0.1666666716337204	0.5	-0.3333333432674408	0.6666666865348816
train	We5nTulz1Vs	4	-0.5	0.2886751592159271	-0.6666666865348816	0.0
train	Wfn7XvSEwUA	8	0.1666666865348816	0.799305260181427	-1.6666666269302368	1.3333333730697632
train	Wh6sht7xwqQ	12	0.1944444626569748	0.917508065700531	-1.6666666269302368	1.6666666269302368
train	Wn8nz8GPKkI	3	0.3333333432674408	0.5443310141563416	-0.3333333432674408	1.0
train	Wnw1IAEDwDM	3	0.4444444477558136	0.31426969170570374	0.0	0.6666666865348816
train	Wo1RxRjXyYw	7	0.5714285373687744	0.6098213195800781	0.0	1.6666666269302368
train	WovurMxG2Aw	5	-0.06666666269302368	0.5734883546829224	-1.0	0.6666666865348816
train	WtiBpLt2wuA	1	0.0	0.0	0.0	0.0
train	Wx9nThz5z_Y	3	0.3333333432674408	0.471404492855072	0.0	1.0
train	WxYb2x_irTM	2	0.8333333730697632	0.5	0.3333333432674408	1.3333333730697632
train	WygyVNL_qdE	6	1.0555554628372192	0.8906232714653015	-0.3333333432674408	2.0
train	X0jMZoxUL2A	11	0.7878787517547607	0.6707861423492432	-0.3333333432674408	1.6666666269302368
train	X2leyjuolDM	7	0.9523809552192688	0.4151332378387451	0.3333333432674408	1.6666666269302368
train	X3p50qqFW_w	6	0.6111111044883728	0.22906140983104706	0.3333333432674408	1.0
train	X6-jJO00DMg	3	0.0	0.0	0.0	0.0
train	X7-Gbk8gAD0	7	0.761904776096344	0.5259695649147034	0.0	1.6666666269302368
train	XAT2IfFFAU0	6	0.2222222089767456	0.9938079714775085	-1.3333333730697632	2.0
train	XAazxiP6tP0	7	0.2857142984867096	0.45175397396087646	0.0	1.3333333730697632
train	XAgD-xoil40	6	0.0555555559694767	0.12422600388526917	0.0	0.3333333432674408
train	XCyngF93SmU	6	0.0	0.0	0.0	0.0
train	XDVkhOziCkg	3	1.7777776718139648	0.41573965549468994	1.3333333730697632	2.3333332538604736
train	XEZ7e4pf1xE	11	-0.5757575631141663	0.6045435070991516	-1.6666666269302368	0.3333333432674408
train	XFGHTk_3hGg	4	0.4166666865348816	0.14433757960796356	0.3333333432674408	0.6666666865348816
train	XFJQJb0yaKY	2	0.5	0.5	0.0	1.0
train	XPoY4LD-A1I	8	0.0416666679084301	0.4228704869747162	-0.6666666865348816	0.6666666865348816
train	XQOUZhWI1B0	5	-2.2666666507720947	0.6463572978973389	-3.0	-1.3333333730697632
train	XQxnAPleuCE	2	0.3333333432674408	0.3333333432674408	0.0	0.6666666865348816
train	XVSDfgstFUQ	6	2.1111111640930176	0.4157397449016571	1.6666666269302368	2.6666667461395264
train	XXvSLz8QmGk	11	1.1515151262283325	0.8688042759895325	-1.0	2.0
train	XblL7mcdDdg	5	-0.20000000298023224	0.7180219888687134	-1.3333333730697632	0.6666666865348816
train	XbolrpSc0KU	6	-0.1666666716337204	0.3726780116558075	-0.6666666865348816	0.3333333432674408
train	XcHLB-qfv5M	2	0.0	0.0	0.0	0.0
train	Xe-keAcLge0	2	0.0	0.0	0.0	0.0
train	XgT2WWcXip4	4	0.1666666716337204	0.1666666716337204	0.0	0.3333333432674408
train	Xo6-V2RlWss	4	1.7500001192092896	0.5464532375335693	1.3333333730697632	2.6666667461395264
train	Xq7zLxYHxd8	7	-0.0952381044626236	0.5259695649147034	-0.6666666865348816	1.0
train	XsEPZydHWdo	2	0.6666666865348816	0.6666666865348816	0.0	1.3333333730697632
train	XwOdPYlyqXA	3	0.2222222238779068	0.31426969170570374	0.0	0.6666666865348816
train	Xx7Y2YIbleA	9	0.40740740299224854	0.5832598209381104	-0.3333333432674408	1.6666666269302368
train	XyBU_gZtU0M	21	-0.01587301306426525	0.5392154455184937	-1.3333333730697632	1.0
train	XzhRYIeczg4	2	0.6666666865348816	0.3333333134651184	0.3333333432674408	1.0
train	Y4izAQYtGEw	5	0.2666666805744171	0.8793937563896179	-1.3333333730697632	1.3333333730697632
train	Y6s_vuUUsJM	4	0.5	0.5	-0.3333333432674408	1.0
train	Y6zyM1nDhN0	6	-0.0555555485188961	0.44790321588516235	-1.0	0.3333333432674408
train	Y9fvHRNz2Bs	4	0.5	0.1666666716337204	0.3333333432674408	0.6666666865348816
train	YAYfMkxhRiQ	5	-0.7333333492279053	0.4422166347503662	-1.3333333730697632	0.0
train	YB9EUgrzCCo	4	-0.75	1.2555432319641113	-2.0	0.6666666865348816
train	YD5vqR15nco	2	0.5	0.5	0.0	1.0
train	YEOU4KFDjZo	3	0.2222222238779068	0.31426969170570374	0.0	0.6666666865348816
train	YF3mDOuF46M	7	0.7619047164916992	0.5832118391990662	0.0	1.6666666269302368
train	YGeVGXXK3ao	3	0.0	0.0	0.0	0.0
train	YITXOmhQhYE	10	0.8666666150093079	1.1075499057769775	-1.6666666269302368	2.0
train	YJJoYkFPmds	12	0.3333333730697632	0.6938887238502502	-0.6666666865348816	2.0
train	YLA7h1RTa9w	11	-0.3030302822589874	0.5938157439231873	-1.3333333730697632	0.3333333432674408
train	YQUutkMdLj0	4	-0.4166666269302368	0.9537935853004456	-1.6666666269302368	0.6666666865348816
train	YQanVofsHoE	1	0.6666666865348816	0.0	0.6666666865348816	0.6666666865348816
train	YRbtXb9fWmI	7	-0.7619047164916992	0.9209085702896118	-2.0	0.6666666865348816
train	YRmjALBdTdE	7	0.142857164144516	0.5593971610069275	-1.0	1.0
train	YVBsDJtAbk4	4	-0.25	0.5464532375335693	-0.6666666865348816	0.6666666865348816
train	YVHJpAROBvQ	4	0.5833333730697632	0.14433756470680237	0.3333333432674408	0.6666666865348816
train	YWjTWl0oNLk	11	0.24242424964904785	0.6527472734451294	-0.6666666865348816	1.6666666269302368
train	YWxvIFmYnNU	20	0.6833333373069763	0.8722575902938843	-0.6666666865348816	2.6666667461395264
train	YY2yjEEoB3U	4	0.7500000596046448	0.2763853967189789	0.3333333432674408	1.0
train	YcJ5RJYUr7Y	16	0.7291666269302368	0.8836379051208496	-0.6666666865348816	2.3333332538604736
train	YcyHQQXGXWA	6	1.4444442987442017	0.3685138523578644	1.0	2.0
train	YfxtwXXkCmc	6	0.2222222238779068	0.31426969170570374	0.0	0.6666666865348816
train	YgyqX4aZ4tE	9	-0.037037041038274765	0.4829038679599762	-1.0	1.0
train	Yi6Qyn4X8is	9	-0.4444444179534912	1.0183501243591309	-2.3333332538604736	0.6666666865348816
train	YjNYBBs1AZw	1	0.6666666865348816	0.0	0.6666666865348816	0.6666666865348816
train	YmGfjU5PGyE	2	0.3333333432674408	0.0	0.3333333432674408	0.3333333432674408
train	Yn8vNC41UMg	3	0.7777778506278992	0.15713483095169067	0.6666666865348816	1.0
train	YodtMIsjM0c	12	0.0555555559694767	0.26643508672714233	-0.3333333432674408	0.6666666865348816
train	YqHEmUKUy-E	2	1.1666667461395264	0.1666666865348816	1.0	1.3333333730697632
train	YrPXbGBvqGo	4	0.3333333432674408	0.6236095428466797	-0.6666666865348816	1.0
train	Z-26eyME6Co	7	-0.2857142984867096	0.21295887231826782	-0.6666666865348816	0.0
train	Z3fcd1wdzr0	8	0.6666666269302368	0.6871842741966248	0.0	2.0
train	ZDz8Qr-sJ3E	4	-0.3333333432674408	0.2357022762298584	-0.6666666865348816	0.0
train	ZJGzEeDXbyM	2	1.1666666269302368	0.4999999701976776	0.6666666865348816	1.6666666269302368
train	ZLCK8WX6qFQ	2	0.5	0.5	0.0	1.0
train	ZMAoUt0SD7E	1	0.0	0.0	0.0	0.0
train	ZQaGGpcIPHM	2	1.3333332538604736	0.9999999403953552	0.3333333432674408	2.3333332538604736
train	ZQuGizjoCTY	7	0.4285714328289032	0.8857654333114624	-0.6666666865348816	2.0
train	ZRic9ygn9f8	3	0.555555522441864	0.8314794301986694	-0.3333333432674408	1.6666666269302368
train	ZSBoSJaD2tQ	9	-0.03703703731298447	0.10475655645132065	-0.3333333432674408	0.0
train	ZUqTWOx9jYU	6	0.3333333432674408	0.38490015268325806	-0.3333333432674408	1.0
train	ZW4Oe_fKJM0	7	1.2857142686843872	0.7853534817695618	-0.3333333432674408	2.3333332538604736
train	ZXHX_e6HCI0	4	0.6666666865348816	0.0	0.6666666865348816	0.6666666865348816
train	ZZ1IyZaMTWQ	5	1.3333332538604736	0.471404492855072	0.6666666865348816	2.0
train	ZZzdvUdOTww	6	-0.055555541068315506	0.8031573295593262	-1.6666666269302368	0.6666666865348816
train	Zae-zQ3VBpY	2	1.0	0.0	1.0	1.0
train	ZbVa-a2tNFM	3	0.1111111119389534	0.4157397150993347	-0.3333333432674408	0.6666666865348816
train	ZdX9sUd3bAI	4	2.0	0.527046263217926	1.3333333730697632	2.6666667461395264
train	ZfQYEa2fHGo	3	0.4444444477558136	0.31426969170570374	0.0	0.6666666865348816
train	Zg9DKOHJdw8	2	0.5	0.1666666716337204	0.3333333432674408	0.6666666865348816
train	ZiM_gkdFGJk	2	0.6666666865348816	0.3333333134651184	0.3333333432674408	1.0
train	Zj_4YmbMWtg	4	-1.3333333730697632	1.4337209463119507	-2.6666667461395264	1.0
train	ZjsQqd6KZIg	11	0.3636363446712494	0.9582659602165222	-0.6666666865348816	2.3333332538604736
train	ZltpfWh2aIw	1	1.6666666269302368	0.0	1.6666666269302368	1.6666666269302368
train	ZmAIDJ_gcXM	3	0.3333333432674408	0.27216553688049316	0.0	0.6666666865348816
train	Zo8jCDGMWjw	1	0.6666666865348816	0.0	0.6666666865348816	0.6666666865348816
train	Zr3psuFQoDY	1	-0.6666666865348816	0.0	-0.6666666865348816	-0.6666666865348816
train	Zs8x712Y-CM	12	0.2222222238779068	0.5328701734542847	-0.3333333432674408	1.6666666269302368
train	ZtuTCuh9C1M	6	0.5	0.6871842741966248	-0.3333333432674408	1.6666666269302368
train	ZzL2sHtTWRc	2	0.1666666716337204	0.1666666716337204	0.0	0.3333333432674408
train	_26JmJnPKfM	24	0.875	0.7686719298362732	-1.3333333730697632	2.0
train	_2u0MkRqpjA	1	0.3333333432674408	0.0	0.3333333432674408	0.3333333432674408
train	_4K620KW_Is	3	-0.1111111119389534	0.31426969170570374	-0.3333333432674408	0.3333333432674408
train	_4PNh8dIILI	2	1.6666667461395264	0.3333333134651184	1.3333333730697632	2.0
train	_8pvMpMdGM4	21	0.30158731341362	0.9079587459564209	-2.0	1.6666666269302368
train	_BMdEKNF5Js	1	0.6666666865348816	0.0	0.6666666865348816	0.6666666865348816
train	_BXmhCPTQmA	2	1.3333332538604736	0.3333333134651184	1.0	1.6666666269302368
train	_BtdwH6mfWg	2	1.5	0.5	1.0	2.0
train	_HabvL0VnrQ	9	6.622738357719982e-09	0.38490021228790283	-0.6666666865348816	0.6666666865348816
train	_HanACduNJk	9	-0.40740740299224854	0.6040557622909546	-1.6666666269302368	0.0
train	_JcML8u5Wes	3	1.0	0.471404492855072	0.6666666865348816	1.6666666269302368
train	_K0okiLaF9I	2	-1.5	0.8333332538604736	-2.3333332538604736	-0.6666666865348816
train	_KGd7IpX3B4	1	1.0	0.0	1.0	1.0
train	_MGd6t9eZP8	1	-0.3333333432674408	0.0	-0.3333333432674408	-0.3333333432674408
train	_PJ26YwqRJE	6	0.5555555820465088	0.49690401554107666	0.0	1.3333333730697632
train	_PKP676ez2c	8	0.375	0.35108956694602966	0.0	1.0
train	_UNQDdiAbWI	4	0.4166666865348816	0.4330126941204071	0.0	1.0
train	_Vp4SDp_knI	2	0.0	1.6666666269302368	-1.6666666269302368	1.6666666269302368
train	_WkXQNVLQXs	4	1.25	0.4930066466331482	0.6666666865348816	2.0
train	_XWUKMkxa-Q	1	1.0	0.0	1.0	1.0
train	_YzIvwvyIq4	1	1.0	0.0	1.0	1.0
train	_ZlF5Q9W1DM	2	0.5	0.1666666716337204	0.3333333432674408	0.6666666865348816
train	_bIJOxiIJFk	6	0.6666666865348816	0.5773502588272095	0.0	1.3333333730697632
train	_iRAn6feOmw	5	0.46666669845581055	0.33993464708328247	0.0	1.0
train	_iy7ftq27xE	12	0.0	0.5773502588272095	-1.6666666269302368	0.6666666865348816
train	_qVgNLJCYdA	5	0.06666667014360428	0.13333334028720856	0.0	0.3333333432674408
train	_t8ETpf2LnM	1	0.0	0.0	0.0	0.0
train	_tBaGXNwlp0	6	-0.277777761220932	0.5241100192070007	-1.0	0.3333333432674408
train	_v8c7iWkYz0	6	1.0555555820465088	0.6781419515609741	0.0	2.0
train	_xjBqNfiEY4	6	1.2222222089767456	0.8089010715484619	0.0	2.0
train	a4vRa-_nuJw	6	0.4444444477558136	0.8958063721656799	-1.3333333730697632	1.3333333730697632
train	a5CSKvCAhbs	10	0.13333334028720856	0.2666667103767395	-0.3333333432674408	0.6666666865348816
train	a5FKWiI90hk	3	0.3333333432674408	0.27216553688049316	0.0	0.6666666865348816
train	a7HHg_JygJo	7	0.4285714626312256	0.2935435175895691	0.0	0.6666666865348816
train	a8WV5KEMKSw	5	-0.5999999642372131	0.6463572382926941	-1.6666666269302368	0.0
train	aCwLQrJz4Bo	5	0.8666666746139526	0.5811865329742432	0.0	1.6666666269302368
train	aDvgbBqTWWE	6	0.3333333432674408	0.6382846832275391	-0.3333333432674408	1.6666666269302368
train	aE-X_QdDaqQ	3	0.8888888955116272	0.8314794301986694	0.0	2.0
train	aE7sckIAWuw	6	-0.8888888955116272	1.012270450592041	-2.6666667461395264	0.6666666865348816
train	aEaM_LOI-BM	6	0.1666666716337204	0.6309897899627686	-0.6666666865348816	1.3333333730697632
train	aFZIvp3SgHY	4	0.5833333730697632	0.4930066466331482	0.0	1.3333333730697632
train	aFhT0px8AMw	2	2.3333332538604736	0.0	2.3333332538604736	2.3333332538604736
train	aFjMWlR1QAY	13	-0.4871794879436493	0.9662278890609741	-2.3333332538604736	1.0
train	aI1tdJPHz2I	4	-0.25	0.6400954723358154	-1.3333333730697632	0.3333333432674408
train	aIUF3QJJOF4	9	0.40740740299224854	0.3777051270008087	0.0	1.0
train	aKPfbyW-Qxw	9	0.8148148059844971	0.7388865351676941	0.0	2.0
train	aMtFBGh2wKI	6	0.3333333432674408	0.6938887238502502	-1.0	1.0
train	aNOuoSVlunM	5	-0.4000000059604645	0.7118052244186401	-1.3333333730697632	0.6666666865348816
train	aWwjhcYLbRw	3	1.0	0.471404492855072	0.6666666865348816	1.6666666269302368
train	aXla94xd_AQ	4	1.25	0.6400954723358154	0.6666666865348816	2.3333332538604736
train	aYdMtEO0cbI	2	1.0	0.3333333432674408	0.6666666865348816	1.3333333730697632
train	aZjCq_hv2Pk	3	0.1111111119389534	0.15713484585285187	0.0	0.3333333432674408
train	afCsKTHteg4	4	1.5	0.7264831066131592	0.3333333432674408	2.3333332538604736
train	afDJvn5nmtY	1	0.0	0.0	0.0	0.0
train	ahcAFnY6iAY	2	0.1666666716337204	0.1666666716337204	0.0	0.3333333432674408
train	ai7G98thPpk	3	-0.8888888359069824	0.6849348545074463	-1.6666666269302368	0.0
train	aiJg0jtIHOM	1	0.0	0.0	0.0	0.0
train	aiUq5xksJy0	8	0.25	0.4330127239227295	-0.3333333432674408	1.0
train	ak7N0BqMluI	9	-0.14814814925193787	0.4190262258052826	-0.3333333432674408	1.0
train	amem5EmRG3s	6	1.8333333730697632	0.4614790678024292	1.0	2.3333332538604736
train	ap465Tlzf88	2	0.5	0.1666666716337204	0.3333333432674408	0.6666666865348816
train	aqmRPNfeOy8	4	0.5	0.3726780116558075	0.0	1.0
train	asWraTfIqq0	10	0.6000000238418579	0.9165151119232178	-0.6666666865348816	2.0
train	assx_NKo-L8	21	0.079365074634552	0.4352796673774719	-1.3333333730697632	1.0
train	atxoi7pB5TM	3	0.0	0.0	0.0	0.0
train	auTpzciNgls	5	1.0666667222976685	0.7118051052093506	0.3333333432674408	2.3333332538604736
train	avW2m6VHTyg	8	1.9583334922790527	0.38864079117774963	1.3333333730697632	2.6666667461395264
train	axQ5CDRawO0	2	0.0	0.0	0.0	0.0
train	b1Il3Nf6BrU	3	0.1111111268401146	0.7856742143630981	-1.0	0.6666666865348816
train	b7DK08bWU6c	1	0.3333333432674408	0.0	0.3333333432674408	0.3333333432674408
train	b8xmgi4VV0M	9	0.5555555820465088	0.49690401554107666	-0.3333333432674408	1.0
train	bBJ0BxmIocQ	22	0.9090908169746399	0.6370847225189209	-0.3333333432674408	2.3333332538604736
train	bCDfIJ12oqM	2	0.6666666865348816	0.3333333134651184	0.3333333432674408	1.0
train	bD0FqMn1KXw	7	1.047619104385376	0.2776643931865692	0.6666666865348816	1.3333333730697632
train	bEXCrGIOoWU	3	1.3333333730697632	0.2721655070781708	1.0	1.6666666269302368
train	bI3DTH2yTbM	2	-0.3333333432674408	0.0	-0.3333333432674408	-0.3333333432674408
train	bJI7-LnKPH4	6	-0.1666666716337204	0.8975274562835693	-1.3333333730697632	1.3333333730697632
train	bMuoPr5-Yt4	1	-1.3333333730697632	0.0	-1.3333333730697632	-1.3333333730697632
train	bQcJVJcpgAs	4	1.6666666269302368	0.5270462036132812	1.0	2.3333332538604736
train	bU6CgE_kMRY	4	0.4166666567325592	0.9242114424705505	-0.3333333432674408	2.0
train	bUFAN2TgPaU	9	1.1481480598449707	0.49965694546699524	0.6666666865348816	2.0
train	bVhWpCvpSs4	8	1.4166667461395264	0.7216877937316895	0.0	2.3333332538604736
train	bYt4wybVLRQ	5	0.7999999523162842	0.7774602770805359	-0.3333333432674408	1.6666666269302368
train	bZ2ytqPtyK4	1	2.0	0.0	2.0	2.0
train	b_SffSbPVJM	6	-0.6666666269302368	0.745356023311615	-1.6666666269302368	0.3333333432674408
train	babuyKl7EAw	12	0.4722222089767456	0.5350378155708313	0.0	1.6666666269302368
train	badtXoOJaf8	5	-0.800000011920929	1.1661903858184814	-2.3333332538604736	1.0
train	bcns0Gu66D8	5	-0.6000000238418579	0.4422166645526886	-1.3333333730697632	0.0
train	bdtwQxwySN0	9	-0.4814814329147339	1.1558879613876343	-2.3333332538604736	1.3333333730697632
train	bfy28AlY-TQ	5	-0.6000000238418579	1.6786236763000488	-2.6666667461395264	1.6666666269302368
train	bge5PUG3G4A	4	1.0	0.9128708839416504	0.0	2.3333332538604736
train	bh4_Kd4hhd4	1	0.6666666865348816	0.0	0.6666666865348816	0.6666666865348816
train	bhFK-xy76U4	2	0.5	0.1666666716337204	0.3333333432674408	0.6666666865348816
train	bhPB19tr-JY	6	1.0555554628372192	0.5905636548995972	0.3333333432674408	2.0
train	bkP-BNW4oMg	6	0.3888888657093048	0.5583264231681824	-0.3333333432674408	1.3333333730697632
train	bzPFUVGPS3c	5	0.8666666746139526	0.6531972289085388	0.0	2.0
train	c5-L8vC6_sk	5	0.3333333432674408	0.9660917520523071	-1.0	2.0
train	c5AJbOd794U	7	0.6190476417541504	0.880630612373352	-0.6666666865348816	2.0
train	c6wuh0NRG1s	8	0.5833333730697632	0.5204164981842041	0.0	1.3333333730697632
train	c7xUcM68IFE	8	0.5	0.726483166217804	-1.0	1.3333333730697632
train	c805Td8A_Ek	9	0.7407407760620117	0.5158662796020508	-0.3333333432674408	1.3333333730697632
train	c9jD33baJ60	7	0.2857142984867096	0.8053111433982849	-1.3333333730697632	1.3333333730697632
train	cAA2mONG98w	2	0.5	0.1666666716337204	0.3333333432674408	0.6666666865348816
train	cEXJ2zFbC9I	5	-0.6666666269302368	0.7601169943809509	-2.0	0.0
train	cHBRDdSXLtU	2	-1.0	0.6666666269302368	-1.6666666269302368	-0.3333333432674408
train	cHrOisasWLU	3	-0.5555555820465088	0.31426966190338135	-1.0	-0.3333333432674408
train	cKUPgzZu-Fk	3	0.5555555820465088	0.566557765007019	0.0	1.3333333730697632
train	cKldvZeyRDA	1	-1.3333333730697632	0.0	-1.3333333730697632	-1.3333333730697632
train	cKxNJY7sA8s	2	0.3333333432674408	0.0	0.3333333432674408	0.3333333432674408
train	cM1Zuji24dI	2	0.0	0.0	0.0	0.0
train	cMUS4nhcKCQ	1	1.0	0.0	1.0	1.0
train	cMsTvqU_-rc	2	2.0	0.0	2.0	2.0
train	cOcNe3L4VAg	16	1.0833332538604736	0.4787135422229767	0.0	2.0
train	cRFiXLzcCOA	4	1.4166666269302368	0.6400954723358154	0.3333333432674408	2.0
train	cR_KQlNhoNE	10	0.2666666805744171	0.6289321184158325	-0.6666666865348816	1.3333333730697632
train	cS3BDGNDu_8	2	-1.0	0.3333333432674408	-1.3333333730697632	-0.6666666865348816
train	cSrM5mHACmA	3	0.5555555820465088	0.4157397150993347	0.0	1.0
train	cSraseCDilY	2	-0.1666666716337204	0.1666666716337204	-0.3333333432674408	0.0
train	cUm0TN3vXRc	6	0.0555555559694767	0.97023606300354	-1.3333333730697632	1.3333333730697632
train	cWN1bibicHc	2	0.3333333432674408	0.3333333432674408	0.0	0.6666666865348816
train	cXu56oK462o	2	0.1666666716337204	0.1666666716337204	0.0	0.3333333432674408
train	cZDAM6NjBzE	4	1.0	0.5773501992225647	0.6666666865348816	2.0
train	cZVM4svwE90	27	0.7160494327545166	0.4688107967376709	0.0	2.0
train	c_FJuhSte8Q	11	1.1818181276321411	0.9251113533973694	-0.3333333432674408	2.3333332538604736
train	caLWajc18Y4	11	0.7272727489471436	0.6485131978988647	0.0	2.0
train	ce1ObTPlI38	2	0.5	0.8333333730697632	-0.3333333432674408	1.3333333730697632
train	cfX_iuhCbRY	6	0.3888889253139496	0.5241100788116455	-0.3333333432674408	1.3333333730697632
train	cjgq9d8Zn9g	7	0.6190476417541504	0.5471011996269226	0.0	1.3333333730697632
train	cl1DNRGX578	3	-0.7777777314186096	0.4157397150993347	-1.3333333730697632	-0.3333333432674408
train	cmJW6mkspkI	2	1.8333332538604736	0.4999999403953552	1.3333333730697632	2.3333332538604736
train	cnllFPRyBFs	3	0.0	0.0	0.0	0.0
train	ctMCSUT2LlQ	8	-0.3333333432674408	0.4714045524597168	-0.6666666865348816	0.6666666865348816
train	cyOSDKOxb1o	3	0.7777777314186096	0.6849348545074463	0.0	1.6666666269302368
train	cyu1HhakSaQ	1	1.6666666269302368	0.0	1.6666666269302368	1.6666666269302368
train	d0QNH2vcDgU	22	1.3333334922790527	0.7977240085601807	0.0	2.6666667461395264
train	d38u9n5GOLM	15	1.8222222328186035	0.6870943903923035	0.3333333432674408	2.6666667461395264
train	d3EeIRaMbbk	2	0.0	0.0	0.0	0.0
train	d3I7Ug-_3L0	11	0.1818181425333023	0.8917538523674011	-1.3333333730697632	1.6666666269302368
train	d7Dz34-cZ74	3	0.3333333432674408	0.27216553688049316	0.0	0.6666666865348816
train	d89Z_olwc2Y	6	0.1666666716337204	0.3191423714160919	-0.3333333432674408	0.6666666865348816
train	d99mfGIenCo	16	0.7708333730697632	0.5976661443710327	-0.6666666865348816	2.0
train	dCDAcBR505Q	3	-0.1111111119389534	0.15713484585285187	-0.3333333432674408	0.0
train	dDFyJp_OkeA	5	1.466666579246521	0.2666666507720947	1.0	1.6666666269302368
train	dEBug0QYayY	1	1.0	0.0	1.0	1.0
train	dEXSb0CfodU	1	0.0	0.0	0.0	0.0
train	dH0FmwvOzs0	2	0.1666666716337204	0.1666666716337204	0.0	0.3333333432674408
train	dJ5MXl66-UQ	4	0.6666666865348816	0.4714045524597168	0.0	1.3333333730697632
train	dLmtsRyRH4s	1	0.3333333432674408	0.0	0.3333333432674408	0.3333333432674408
train	dLzsNc_hzkQ	2	-0.1666666716337204	0.1666666716337204	-0.3333333432674408	0.0
train	dOSyvhYsfFo	1	1.0	0.0	1.0	1.0
train	dQ56b0bqmc8	4	0.4166666865348816	0.4330126941204071	0.0	1.0
train	dSax_7klbfE	7	0.190476194024086	0.3011693060398102	-0.3333333432674408	0.6666666865348816
train	dWfgSGnd9zM	6	0.833333432674408	0.5692750215530396	0.0	1.6666666269302368
train	dXMAS2tIknw	7	0.1904761791229248	0.587087094783783	-0.6666666865348816	1.3333333730697632
train	dYyg91d7zjY	2	-1.0	0.6666666269302368	-1.6666666269302368	-0.3333333432674408
train	dZK01jhM27k	3	0.2222222238779068	0.6285393834114075	-0.6666666865348816	0.6666666865348816
train	dZolFNqR-hA	1	0.0	0.0	0.0	0.0
train	damyXH7mBic	2	0.3333333432674408	0.3333333432674408	0.0	0.6666666865348816
train	dbH51F5Zqi4	1	1.0	0.0	1.0	1.0
train	dbpGH5iP0GE	3	0.1111111119389534	0.15713484585285187	0.0	0.3333333432674408
train	dcUlt6zk_S0	3	0.7777778506278992	0.4157397150993347	0.3333333432674408	1.3333333730697632
train	ddix4XuaUlY	1	0.6666666865348816	0.0	0.6666666865348816	0.6666666865348816
train	dqragS38hCk	9	-0.03703701123595238	0.7768954038619995	-1.6666666269302368	1.0
train	dsob2MgUPpA	16	2.0	0.7071067690849304	0.6666666865348816	3.0
train	dyZdiWNflko	10	0.7333332896232605	0.24944381415843964	0.3333333432674408	1.0
train	dzSv6GwfF-0	1	-0.3333333432674408	0.0	-0.3333333432674408	-0.3333333432674408
train	e-2QlzFeyNU	2	0.5	0.8333333730697632	-0.3333333432674408	1.3333333730697632
train	e0hYEr848TE	1	0.6666666865348816	0.0	0.6666666865348816	0.6666666865348816
train	e0ltF8zpEcw	9	1.3245476715439963e-08	0.6085806488990784	-1.3333333730697632	0.6666666865348816
train	e1E5W_ZefmY	7	0.0952380895614624	0.3868589699268341	-0.3333333432674408	1.0
train	e7_2U4lm6TE	18	0.2777777910232544	1.1719456911087036	-2.0	2.0
train	eJwZfdtlks8	2	0.5	0.1666666716337204	0.3333333432674408	0.6666666865348816
train	eMa6gbD7id0	1	1.0	0.0	1.0	1.0
train	eOU_40p9RpA	3	1.2222222089767456	0.41573968529701233	0.6666666865348816	1.6666666269302368
train	ePiz4zU6crI	2	2.0	0.0	2.0	2.0
train	ePtlUYCdrNM	7	0.4761905074119568	0.4994328022003174	0.0	1.3333333730697632
train	eSHOcLD5T58	8	0.3333333134651184	0.7637625932693481	-0.6666666865348816	1.6666666269302368
train	eTCnM472-cQ	4	0.6666666269302368	0.9718253016471863	0.0	2.3333332538604736
train	eTn2P4wmFr4	14	-0.4285714030265808	0.8491692543029785	-2.0	1.0
train	eW1vgHE6FRM	8	0.4583333134651184	0.5253966450691223	0.0	1.6666666269302368
train	eY64P27khzk	5	-0.3333333432674408	0.21081852912902832	-0.6666666865348816	0.0
train	eYCiRWf2NHE	2	1.3333333730697632	0.0	1.3333333730697632	1.3333333730697632
train	eZVcshSUD3Q	4	0.3333333432674408	0.2357022762298584	0.0	0.6666666865348816
train	eaXDCknxPrU	2	0.8333333730697632	0.1666666567325592	0.6666666865348816	1.0
train	eeN7l4R3nPc	4	0.5833333134651184	0.2763853967189789	0.3333333432674408	1.0
train	efLrpnuLwyU	12	-0.4722222089767456	0.7632573246955872	-2.3333332538604736	0.6666666865348816
train	ejDe6hQWZOk	3	0.3333333432674408	0.471404492855072	0.0	1.0
train	emtvrtk-jsU	3	0.2222222536802292	0.8748897314071655	-1.0	1.0
train	eo8L7lCTjDQ	3	1.0	0.471404492855072	0.3333333432674408	1.3333333730697632
train	ep3IasggD3k	7	0.523809552192688	0.6135284900665283	-0.3333333432674408	1.6666666269302368
train	erBIIKA6r5Y	1	0.0	0.0	0.0	0.0
train	esR-tOjT6KM	7	1.2380951642990112	0.7284313440322876	0.0	2.0
train	esnOE1LefKA	2	1.1666666269302368	0.8333333134651184	0.3333333432674408	2.0
train	etPDgRjrnJ8	4	0.5	0.5	0.0	1.0
train	f-ZNjqLlrm4	6	1.2222222089767456	0.9162456393241882	-0.6666666865348816	2.0
train	f47bnEUrOvA	1	1.0	0.0	1.0	1.0
train	f49boM5fb8U	6	0.3333333432674408	0.19245010614395142	0.0	0.6666666865348816
train	f5k5cF80aUE	4	0.8333333134651184	0.5527707934379578	0.3333333432674408	1.6666666269302368
train	f6S2XNPIiFk	11	1.0303031206130981	0.9476664066314697	-0.3333333432674408	2.6666667461395264
train	fB816aeHRFk	1	0.0	0.0	0.0	0.0
train	fDYZINwIs_A	1	1.0	0.0	1.0	1.0
train	fEm9AdLNrjk	3	0.8888888955116272	0.31426969170570374	0.6666666865348816	1.3333333730697632
train	fGYbbP8RDLQ	3	0.1111111119389534	0.15713484585285187	0.0	0.3333333432674408
train	fI9KptYFZeg	4	-1.0	0.7071067690849304	-1.6666666269302368	0.0
train	fOxg1NstCHA	1	0.0	0.0	0.0	0.0
train	fSOVk2cS-sY	5	0.73333340883255	0.3265986442565918	0.3333333432674408	1.3333333730697632
train	fTKe7E_4OCQ	2	1.1666667461395264	0.1666666865348816	1.0	1.3333333730697632
train	fTNOAssiTYk	6	0.2777777910232544	0.40445056557655334	-0.3333333432674408	1.0
train	fW1pK2L6RgM	8	0.375	0.26020824909210205	0.0	0.6666666865348816
train	faMq0C_wTpU	1	0.0	0.0	0.0	0.0
train	faXGVcVcVsE	16	0.7708333730697632	0.6424643397331238	0.0	2.0
train	fbHlBmq7Ipo	12	-0.1944444328546524	1.205376386642456	-2.3333332538604736	2.0
train	fbSxct2JcKU	5	0.5333333611488342	0.33993464708328247	0.0	1.0
train	fdK_tsvBXJ8	4	1.1666667461395264	0.6009252071380615	0.3333333432674408	2.0
train	fhY2vbnjuWY	4	0.3333333432674408	0.40824827551841736	0.0	1.0
train	fi7g4GoK-z4	2	0.3333333432674408	0.3333333432674408	0.0	0.6666666865348816
train	fjE2EZKgQm8	7	0.9523808360099792	0.9499970078468323	0.0	2.3333332538604736
train	flBtk736di4	8	1.0833333730697632	0.2763853967189789	0.6666666865348816	1.3333333730697632
train	flGZteJUNYU	1	0.6666666865348816	0.0	0.6666666865348816	0.6666666865348816
train	fnFoRPqkQeo	3	-0.1111111044883728	0.566557765007019	-0.6666666865348816	0.6666666865348816
train	frNJdG0GkYw	2	0.8333333134651184	0.8333333134651184	0.0	1.6666666269302368
train	fzuTEKwNS94	23	1.6956521272659302	0.613165020942688	0.0	2.6666667461395264
train	g8NBNtY3cpU	1	0.0	0.0	0.0	0.0
train	g99kISQbyuI	9	0.18518517911434174	0.9951872825622559	-1.3333333730697632	2.0
train	g9rNhtFG9aU	6	0.4444444477558136	0.4581228494644165	0.0	1.3333333730697632
train	gAMbkJk6gnE	5	1.0	0.5577733516693115	0.3333333432674408	1.6666666269302368
train	gC_wF3uKFW0	6	1.5	0.8766518831253052	-0.3333333432674408	2.3333332538604736
train	gEgcpVY8WK4	32	0.2083333432674408	0.45069390535354614	-0.6666666865348816	1.3333333730697632
train	gFAOKuqpUq4	6	0.3333333432674408	0.27216553688049316	0.0	0.6666666865348816
train	gJdSxPhf85M	4	0.4166666865348816	0.7949492931365967	-0.6666666865348816	1.3333333730697632
train	gLdRUsLw4CA	4	1.1666666269302368	0.3726779520511627	0.6666666865348816	1.6666666269302368
train	gPWyANEm0eE	10	-0.03333333879709244	1.2151817083358765	-2.0	2.3333332538604736
train	gRAmIaSlm80	1	0.6666666865348816	0.0	0.6666666865348816	0.6666666865348816
train	gU7McujYYPY	7	0.6666666865348816	0.8728715777397156	-1.0	2.0
train	gXDRWhJbfFU	11	1.0606061220169067	0.5378254055976868	0.1666666716337204	2.3333332538604736
train	gXuiIWRxrw4	20	0.75	0.4456580877304077	0.0	1.3333333730697632
train	gZDyk95Xob4	15	1.1555554866790771	0.6190394163131714	0.0	2.3333332538604736
train	gZF-YNQHqwI	11	0.6969696879386902	0.8097205758094788	0.0	2.6666667461395264
train	gcGZp9JX_qE	4	1.25	0.6821126937866211	0.6666666865348816	2.3333332538604736
train	gcpsSao7kHM	6	1.0555555820465088	0.5241100788116455	0.0	1.6666666269302368
train	ge071m9bGeY	9	0.14814814925193787	0.38844773173332214	-0.6666666865348816	0.6666666865348816
train	gfHrSg3BwiQ	3	0.5555555820465088	1.227262258529663	-1.0	2.0
train	ggbV7YeSl7k	3	-0.1111111119389534	0.31426969170570374	-0.3333333432674408	0.3333333432674408
train	gjEYmdWrBLM	29	1.1724138259887695	0.6815617084503174	0.0	2.6666667461395264
train	gjGL6YY6oMs	6	-0.1666666716337204	0.3726779818534851	-1.0	0.0
train	gjSyl6evrWk	8	1.5833333730697632	0.7216877937316895	0.6666666865348816	2.6666667461395264
train	gm4l099casQ	2	-0.6666666865348816	0.0	-0.6666666865348816	-0.6666666865348816
train	gr8mzv2xZ2s	1	-0.6666666865348816	0.0	-0.6666666865348816	-0.6666666865348816
train	gr9YU-UTJzQ	2	0.0	0.0	0.0	0.0
train	grePRQ8zonA	5	1.2000000476837158	0.8326663374900818	0.3333333432674408	2.3333332538604736
train	guRD0zQC6Q0	4	1.0833333730697632	0.4330126941204071	0.3333333432674408	1.3333333730697632
train	gv43BPYYxKQ	2	-1.0	0.6666666269302368	-1.6666666269302368	-0.3333333432674408
train	gvjQ1XfMA_g	4	0.3333333432674408	0.0	0.3333333432674408	0.3333333432674408
train	gvrfI9e5xHQ	1	-0.3333333432674408	0.0	-0.3333333432674408	-0.3333333432674408
train	gzZ8NTeTzRs	2	0.3333333432674408	0.3333333432674408	0.0	0.6666666865348816
train	h4LrwMn94ss	4	0.0833333358168602	0.14433756470680237	0.0	0.3333333432674408
train	h7p5URoookk	29	0.36781609058380127	0.7648645639419556	-1.3333333730697632	2.0
train	hASTLbFHrEs	9	0.5185185074806213	1.1451574563980103	-1.6666666269302368	2.3333332538604736
train	hCFV5VLgS0A	9	-1.2962963581085205	0.531581461429596	-2.3333332538604736	-0.6666666865348816
train	hF6kFQPdBjY	8	-0.0833333358168602	0.36324161291122437	-0.6666666865348816	0.3333333432674408
train	hGRRlXfH0BY	9	-0.8148148059844971	0.7554102540016174	-2.0	0.3333333432674408
train	hIQhkTjNaQc	5	0.2666666805744171	0.24944384396076202	0.0	0.6666666865348816
train	hOp6I4jGvu4	5	0.6000000238418579	0.6110100746154785	0.0	1.6666666269302368
train	hSEfYcIjIr4	2	0.8333333730697632	0.1666666567325592	0.6666666865348816	1.0
train	hSgKOKK3L8M	8	0.625	0.45452970266342163	0.0	1.3333333730697632
train	hThsntvCk2s	3	0.8888888955116272	0.4157397150993347	0.3333333432674408	1.3333333730697632
train	hUBQrLjm4M4	2	1.1666667461395264	0.1666666865348816	1.0	1.3333333730697632
train	hawztAtYHCE	4	0.8333333730697632	0.3726780116558075	0.3333333432674408	1.3333333730697632
train	hdLC4Ro977Q	2	0.4999999701976776	1.1666666269302368	-0.6666666865348816	1.6666666269302368
train	he475nnmMi0	12	0.3611111342906952	0.5174426436424255	-0.3333333432674408	1.3333333730697632
train	hfK8QtTd7fo	1	1.6666666269302368	0.0	1.6666666269302368	1.6666666269302368
train	hfVXx8hfKak	9	-0.9259259700775146	1.5378177165985107	-2.6666667461395264	2.0
train	hfvmQuhqMmY	8	2.0833332538604736	0.4330126941204071	1.6666666269302368	3.0
train	hh04W3xXa5s	3	0.555555522441864	0.6285393834114075	-0.3333333432674408	1.0
train	hhK7q30p0Jk	3	1.1111111640930176	0.5665577054023743	0.3333333432674408	1.6666666269302368
train	hj1ph17-0jE	1	-1.3333333730697632	0.0	-1.3333333730697632	-1.3333333730697632
train	hjBQmIWiWgw	11	0.3636363744735718	0.7843745350837708	-1.0	1.6666666269302368
train	hkGN5q3OOCE	2	0.0	0.6666666865348816	-0.6666666865348816	0.6666666865348816
train	hlBOP5NskhM	12	1.138888955116272	0.6448991894721985	0.0	2.0
train	hlYDicOj2m0	4	-0.0833333358168602	0.8620067238807678	-1.3333333730697632	1.0
train	hmjfBZGGZR8	2	1.8333333730697632	0.8333333730697632	1.0	2.6666667461395264
train	hnSdAbnHDy4	4	-0.0833333358168602	0.363241583108902	-0.6666666865348816	0.3333333432674408
train	hntnelpiyl8	5	0.6666666865348816	0.4714045524597168	0.0	1.3333333730697632
train	hp3nsb_eIc0	7	-0.0952380895614624	0.3868589699268341	-1.0	0.3333333432674408
train	hyazktfsZew	34	0.22549021244049072	0.6750482320785522	-1.0	2.0
train	i5bmKlHv-SA	2	0.6666666865348816	0.0	0.6666666865348816	0.6666666865348816
train	i5of7ZTkyfw	4	0.25	0.4930066466331482	-0.3333333432674408	1.0
train	i6UngvEEuNs	1	-1.3333333730697632	0.0	-1.3333333730697632	-1.3333333730697632
train	i714Xt6eb1Y	5	0.46666663885116577	0.6182412505149841	0.0	1.6666666269302368
train	iEOBNT0HFtU	13	0.5384615659713745	1.0980826616287231	-1.6666666269302368	2.3333332538604736
train	iFGoQUh81as	1	0.3333333432674408	0.0	0.3333333432674408	0.3333333432674408
train	iFj9wJaJSPE	12	1.2222222089767456	0.5665577054023743	0.3333333432674408	2.3333332538604736
train	iH04VOkbof0	5	0.2666666507720947	0.5333333611488342	-0.6666666865348816	0.6666666865348816
train	iM3wSwoAtwk	2	0.1666666716337204	0.1666666716337204	0.0	0.3333333432674408
train	iMG962Rj3Vw	4	1.9166667461395264	0.595119059085846	1.0	2.6666667461395264
train	iMss8xBhFiI	9	0.555555522441864	0.7535922527313232	-1.3333333730697632	1.6666666269302368
train	iO34hER47xA	5	1.3333332538604736	0.6992058753967285	0.3333333432674408	2.0
train	iR1Os7FVGHs	3	-0.3333333432674408	0.27216553688049316	-0.6666666865348816	0.0
train	iREkcXde5ds	10	-0.10000000149011612	0.334995836019516	-0.6666666865348816	0.6666666865348816
train	iS91daVpH2E	7	0.8571428656578064	0.6388765573501587	0.0	1.6666666269302368
train	iWBx0CP9JqA	2	0.6666666865348816	0.3333333134651184	0.3333333432674408	1.0
train	iYtD_ArCdKw	13	0.8205127716064453	0.6078600287437439	0.0	2.0
train	icIS9VfbzMw	15	0.20000003278255463	1.19752836227417	-2.3333332538604736	2.0
train	iceSGs0MXaA	5	1.4666668176651	0.6182412505149841	1.0	2.6666667461395264
train	icehEYAiimM	4	1.5	0.8333332538604736	0.6666666865348816	2.3333332538604736
train	ieWQdiQAh4M	2	0.6666666865348816	0.3333333134651184	0.3333333432674408	1.0
train	iex7I7iVnLk	2	0.3333333432674408	0.3333333432674408	0.0	0.6666666865348816
train	ihuGFUrzD30	1	0.6666666865348816	0.0	0.6666666865348816	0.6666666865348816
train	io85pRFj_dw	2	0.8333333730697632	0.1666666567325592	0.6666666865348816	1.0
train	ipLoS44xfO4	10	-0.30000001192092896	0.8749603033065796	-1.3333333730697632	1.3333333730697632
train	ixQbCXLUUj8	3	0.4444444477558136	0.15713484585285187	0.3333333432674408	0.6666666865348816
train	ixZAEncExWI	4	0.1666666567325592	0.5527707934379578	-0.3333333432674408	1.0
train	izFBeXMTgds	7	0.09523807466030121	1.2046772241592407	-1.6666666269302368	1.6666666269302368
train	j4MpQ6CKoDE	1	1.0	0.0	1.0	1.0
train	j6R1NTrosuM	4	1.2500001192092896	0.5951189994812012	0.3333333432674408	2.0
train	j7fRIGphgtk	4	0.75	0.9242113828659058	-0.3333333432674408	1.6666666269302368
train	j9mRv472dq0	2	0.0	0.0	0.0	0.0
train	jD3iIEsc_K4	1	1.6666666269302368	0.0	1.6666666269302368	1.6666666269302368
train	jEQoBvc7V1o	5	0.13333335518836975	0.6531972885131836	-1.0	1.0
train	jFNgOznarMo	4	0.0833333432674408	0.829156219959259	-1.0	1.3333333730697632
train	jFpRdhl3fgw	4	0.08333331346511841	1.6393598318099976	-1.3333333730697632	2.6666667461395264
train	jNdvceZ4etc	9	1.5925925970077515	0.5616944432258606	0.6666666865348816	2.6666667461395264
train	jPGDFrQLD4I	1	-1.0	0.0	-1.0	-1.0
train	jPf0LjZAS14	8	0.4166666567325592	0.893650472164154	-1.6666666269302368	1.6666666269302368
train	jQ3EmbRIe58	7	1.4285714626312256	0.8857653737068176	0.3333333432674408	3.0
train	jT3FSTBA8Us	7	0.4285714328289032	0.954758882522583	-0.6666666865348816	2.3333332538604736
train	jUKH63mltLE	1	0.0	0.0	0.0	0.0
train	jV6qzF2YROc	7	0.9047618508338928	0.34338581562042236	0.6666666865348816	1.6666666269302368
train	jVayR0VClxQ	8	0.2916666567325592	0.7894706726074219	-0.6666666865348816	1.6666666269302368
train	jXp595jj734	2	1.0	0.3333333432674408	0.6666666865348816	1.3333333730697632
train	jYT3-RQFy1U	8	-1.4583332538604736	0.7252872586250305	-2.3333332538604736	0.0
train	jZTe5cbwwEE	1	0.6666666865348816	0.0	0.6666666865348816	0.6666666865348816
train	jZnFr-Mzj9M	3	1.1111111640930176	0.31426969170570374	0.6666666865348816	1.3333333730697632
train	jakiZQd4boM	4	0.25	0.5464532375335693	-0.6666666865348816	0.6666666865348816
train	jbJF3aphcP0	1	1.6666666269302368	0.0	1.6666666269302368	1.6666666269302368
train	jbKDW9URnvM	4	0.1666666567325592	0.3726780116558075	-0.3333333432674408	0.6666666865348816
train	jcQi90n008o	26	0.9743589162826538	0.5914134383201599	0.0	2.6666667461395264
train	jfSGWBfVNBI	2	0.1666666716337204	0.1666666716337204	0.0	0.3333333432674408
train	jgNu58Da9cs	6	0.3333333432674408	0.4303314685821533	-0.3333333432674408	1.0
train	jhb6SV2dQzg	1	-1.0	0.0	-1.0	-1.0
train	jjb1cWmkhI8	6	0.1666666716337204	1.0496913194656372	-1.6666666269302368	1.6666666269302368
train	jjbOD6u7V34	5	-0.46666669845581055	1.1469767093658447	-2.0	1.3333333730697632
train	jlCFLG6rKKY	6	-0.2222222238779068	0.8089011311531067	-1.3333333730697632	1.3333333730697632
train	jlW4Iep4mmE	1	0.0	0.0	0.0	0.0
train	jnG9zog4NCs	7	0.190476194024086	0.3499271273612976	-0.3333333432674408	0.6666666865348816
train	jqKzaEniiKo	9	0.37037038803100586	0.3989010751247406	0.0	1.3333333730697632
train	juI9KoLA87A	14	1.0714285373687744	1.0402882099151611	-0.3333333432674408	3.0
train	jzNIU-w0MVo	11	0.060606058686971664	0.5652956962585449	-0.6666666865348816	1.3333333730697632
train	k0cGUNUHuyY	1	-1.3333333730697632	0.0	-1.3333333730697632	-1.3333333730697632
train	k1ca_xbhohk	6	0.3888888657093048	0.3557291328907013	0.0	1.0
train	k4T6GaDrcjs	11	0.21212120354175568	0.8677467107772827	-1.3333333730697632	1.3333333730697632
train	k5-3KuvCFms	2	-0.1666666567325592	0.8333333730697632	-1.0	0.6666666865348816
train	k8NgVOCDYKM	12	-1.2777777910232544	1.0437941551208496	-3.0	0.3333333432674408
train	kCQqLNiO0mk	15	-0.1111111119389534	0.8403409123420715	-1.6666666269302368	1.3333333730697632
train	kDyK9VGfLW8	2	0.6666666865348816	0.6666666865348816	0.0	1.3333333730697632
train	kKMfsWrigTE	3	0.6666666865348816	0.2721655070781708	0.3333333432674408	1.0
train	kKkZihSbxF4	4	1.3333333730697632	0.9999999403953552	0.3333333432674408	2.3333332538604736
train	kM6wo2bb3nw	3	0.4444444477558136	0.566557765007019	-0.3333333432674408	1.0
train	kPch8YhNfPE	4	0.75	0.4330126941204071	0.3333333432674408	1.3333333730697632
train	kPn-t6NSxfQ	10	0.10000000149011612	0.3349958658218384	-0.6666666865348816	0.3333333432674408
train	kRs39SO-neY	4	-0.0833333283662796	0.759202778339386	-1.3333333730697632	0.6666666865348816
train	kRsA87VU6EQ	1	0.0	0.0	0.0	0.0
train	kSooCdVTI6E	6	0.1666666716337204	0.4194352328777313	-0.3333333432674408	1.0
train	kU6YY2z7z0I	11	0.0	0.8989331722259521	-1.3333333730697632	1.3333333730697632
train	kY64gXOapYk	5	0.4000000059604645	0.3265986442565918	0.0	0.6666666865348816
train	kZfcQ4a0kx4	14	1.3571428060531616	0.6357632875442505	0.0	2.3333332538604736
train	kcIGTPHEsNo	12	1.9444445371627808	0.44790318608283997	1.0	3.0
train	kddCewAsxfA	4	0.0	0.6236095428466797	-1.0	0.6666666865348816
train	kf3fZcx8nIo	2	-0.1666666716337204	0.1666666716337204	-0.3333333432674408	0.0
train	kh6eynD9OIk	15	-1.0444444417953491	1.0100727081298828	-2.6666667461395264	0.6666666865348816
train	khw3YCTFLfs	1	2.0	0.0	2.0	2.0
train	kiR5zVo2zvU	26	1.1282050609588623	0.8676371574401855	-1.6666666269302368	2.3333332538604736
train	kj63uF0RhW8	2	0.0	0.0	0.0	0.0
train	kjQAkrdbREk	3	0.3333333730697632	1.9051586389541626	-2.3333332538604736	2.0
train	kk4gr5A6_Uw	1	-0.6666666865348816	0.0	-0.6666666865348816	-0.6666666865348816
train	kkaX3okuvjI	6	0.4444444179534912	0.31426969170570374	0.0	1.0
train	kmAisuAFckw	3	-0.7777778506278992	0.4157397150993347	-1.3333333730697632	-0.3333333432674408
train	kqXpf26EL-s	10	0.06666667759418488	0.6960204243659973	-1.6666666269302368	1.0
train	krHZuqfXrPU	30	0.4333333373069763	0.7800759673118591	-1.6666666269302368	2.0
train	ku-dtUqCm2o	2	-0.3333333432674408	0.3333333432674408	-0.6666666865348816	0.0
train	kuQWPuhnlHs	4	1.0	0.2357022762298584	0.6666666865348816	1.3333333730697632
train	kwkhYpCHWPw	8	0.6666666865348816	0.5773502588272095	-0.3333333432674408	1.6666666269302368
train	kx544gnOZB0	2	-0.3333333432674408	0.3333333432674408	-0.6666666865348816	0.0
train	kxcCxbsKx3w	9	0.7037036418914795	1.180546522140503	-1.6666666269302368	2.0
train	ky7Q5onqxGw	3	-0.3333333432674408	0.7200822830200195	-1.3333333730697632	0.3333333432674408
train	kyPepNmxaj8	3	-0.6666666865348816	0.5443310737609863	-1.3333333730697632	0.0
train	kz7ahNfXFsk	1	1.3333333730697632	0.0	1.3333333730697632	1.3333333730697632
train	kzmaKnujN64	7	0.5714285969734192	0.6098213791847229	-0.3333333432674408	1.3333333730697632
train	l-nM_U1qpko	6	0.555555522441864	1.4989707469940186	-1.3333333730697632	2.6666667461395264
train	l5_DDqck4Rs	1	0.3333333432674408	0.0	0.3333333432674408	0.3333333432674408
train	l8LTcZJ-_8k	23	0.8550724983215332	0.6203169226646423	-0.6666666865348816	1.6666666269302368
train	lEsFI5YJGDo	14	1.4761905670166016	0.7423074841499329	0.3333333432674408	2.6666667461395264
train	lKTeLK8nq8w	9	0.5925925970077515	0.491351842880249	-0.3333333432674408	1.3333333730697632
train	lTfsqoo-jKg	10	-0.5	1.1279282569885254	-2.6666667461395264	1.0
train	lUNNDDsm7R8	4	1.25	0.3632415533065796	0.6666666865348816	1.6666666269302368
train	lVj6ZdyW9pI	2	0.1666666567325592	0.8333333730697632	-0.6666666865348816	1.0
train	lWXjdWvB0VI	1	2.3333332538604736	0.0	2.3333332538604736	2.3333332538604736
train	lWvaIexY2WU	4	-0.4166666567325592	1.1873172521591187	-1.6666666269302368	1.3333333730697632
train	laxadgca3Fo	1	0.6666666865348816	0.0	0.6666666865348816	0.6666666865348816
train	lbx3eu8LUl8	2	0.1666666716337204	0.1666666716337204	0.0	0.3333333432674408
train	liJO1yIFsJs	1	0.0	0.0	0.0	0.0
train	lksy-At0vxc	5	0.800000011920929	0.45215532183647156	0.3333333432674408	1.6666666269302368
train	ll10nEjTvGE	5	0.5333333015441895	1.257863998413086	-1.6666666269302368	1.6666666269302368
train	lo0R1mvjDT8	6	0.3333333432674408	0.4714045524597168	0.0	1.3333333730697632
train	lp9vkkimXqg	21	0.7142857313156128	0.6845669150352478	-1.0	2.0
train	lpF-yBYou0s	4	-0.5833333134651184	0.6821126937866211	-1.6666666269302368	0.0
train	ltA1VF_DUSc	1	0.0	0.0	0.0	0.0
train	luQfWSfb1s0	21	1.0317460298538208	0.5989829301834106	0.0	2.3333332538604736
train	lzVA--tIse0	3	1.6666666269302368	0.2721655070781708	1.3333333730697632	2.0
train	lzyVWNrkgbQ	3	-0.1111111119389534	0.31426969170570374	-0.3333333432674408	0.3333333432674408
train	m0-DH0k115I	2	1.0	0.3333333432674408	0.6666666865348816	1.3333333730697632
train	m7SJs73SF8w	4	0.5833333730697632	0.7592028379440308	-0.3333333432674408	1.3333333730697632
train	m8tzdtrgFUA	10	0.6333333849906921	0.4818944036960602	0.0	1.3333333730697632
train	mHEtr7PHxoA	2	0.6666666865348816	0.3333333134651184	0.3333333432674408	1.0
train	mHIvH6Nnrls	7	0.4761905074119568	0.4665694832801819	0.0	1.3333333730697632
train	mI50zj8cTNw	5	0.2666666805744171	0.24944382905960083	0.0	0.6666666865348816
train	mKP6TVuixWg	7	0.2380952537059784	0.34338581562042236	-0.3333333432674408	0.6666666865348816
train	mL2v-sODUZ8	4	0.0833333358168602	0.14433756470680237	0.0	0.3333333432674408
train	mMeGgB9-hSE	3	0.6666666865348816	0.5443310737609863	0.0	1.3333333730697632
train	mN1Z5xEOy10	5	-0.4000000059604645	0.5333333611488342	-1.3333333730697632	0.0
train	mNurUl_Q2UY	1	0.0	0.0	0.0	0.0
train	mO4H5S_Q7aU	1	1.0	0.0	1.0	1.0
train	mOnyMWhb5Ac	2	0.5	0.1666666716337204	0.3333333432674408	0.6666666865348816
train	mQTaEIrNxnQ	7	0.2857142984867096	0.6023386120796204	-0.6666666865348816	1.3333333730697632
train	mRPIse3OO74	7	-0.095238097012043	0.42591771483421326	-0.6666666865348816	0.6666666865348816
train	mRnEJOLkhp8	11	-0.12121211737394333	0.3833063840866089	-1.0	0.6666666865348816
train	mSWwz7dXUP8	1	2.3333332538604736	0.0	2.3333332538604736	2.3333332538604736
train	mW8eL4e7Wrg	9	0.14814814925193787	0.4190262258052826	-0.3333333432674408	1.0
train	mXdvCxLbpuY	2	0.6666666865348816	0.3333333134651184	0.3333333432674408	1.0
train	maO6KmmgcB8	2	-0.5	0.1666666716337204	-0.6666666865348816	-0.3333333432674408
train	mgovo8VYtvk	37	1.4504504203796387	0.649398922920227	0.0	2.6666667461395264
train	mgpoY1-110U	7	0.0952380895614624	0.5553287267684937	-0.6666666865348816	1.0
train	mjQfQx2K__8	13	-0.2820512652397156	0.771790623664856	-1.3333333730697632	1.3333333730697632
train	mjYeEikLR8I	2	0.0	0.6666666865348816	-0.6666666865348816	0.6666666865348816
train	mkkoJ2iVbGs	9	0.37037038803100586	0.4287347197532654	0.0	1.3333333730697632
train	mn8_HvzbN5c	3	0.1111111119389534	0.15713484585285187	0.0	0.3333333432674408
train	mpfSRGHFY0g	2	0.0	0.3333333432674408	-0.3333333432674408	0.3333333432674408
train	mrQIrm6hYMQ	3	1.1111111640930176	0.5665577054023743	0.3333333432674408	1.6666666269302368
train	muOYAxkG-Zo	11	0.27272728085517883	0.48862165212631226	0.0	1.6666666269302368
train	mud6tEqFiEM	8	0.2916666567325592	0.6959705948829651	-0.6666666865348816	1.6666666269302368
train	mw_ZwML0SbY	2	0.1666666716337204	0.1666666716337204	0.0	0.3333333432674408
train	mxFU6TrHChY	11	-0.7575757503509521	0.6210272908210754	-1.6666666269302368	0.3333333432674408
train	mxa4KXSz9rw	12	-0.2222222238779068	0.566557765007019	-1.0	0.6666666865348816
train	mzTHW2dtbs4	4	0.4166666865348816	0.2763853967189789	0.0	0.6666666865348816
train	mziQcFSsdRI	3	0.7777777314186096	0.6285393238067627	0.3333333432674408	1.6666666269302368
train	n-sgVVTE9Io	4	0.25	0.5951189994812012	-0.6666666865348816	1.0
train	n2BuwHbdilY	4	0.5	0.28867509961128235	0.3333333432674408	1.0
train	n4xRx0J3rYQ	14	0.523809552192688	0.6135284900665283	-0.3333333432674408	2.0
train	n5J1ZkGUGnU	5	1.133333444595337	0.5811865329742432	0.3333333432674408	2.0
train	n5MU2-GFjo8	5	-0.13333332538604736	0.33993464708328247	-0.6666666865348816	0.3333333432674408
train	n7K5SpMrQt0	7	0.0476190485060215	0.3749527633190155	-0.3333333432674408	0.6666666865348816
train	nAhn8-kZpM8	2	1.0	0.6666666269302368	0.3333333432674408	1.6666666269302368
train	nD1R4UedEDo	14	0.5	1.0597244501113892	-1.0	2.6666667461395264
train	nDXKvarLEOM	4	-0.25	0.9537935853004456	-1.6666666269302368	1.0
train	nErOMpqvcRg	3	1.4444445371627808	0.1571348011493683	1.3333333730697632	1.6666666269302368
train	nF0AMbTH4VM	1	-0.3333333432674408	0.0	-0.3333333432674408	-0.3333333432674408
train	nGah7qST1dI	5	1.1920929132713809e-08	0.5577733516693115	-1.0	0.6666666865348816
train	nHMHePX9WoU	3	-0.1111111044883728	0.6849348545074463	-1.0	0.6666666865348816
train	nHP7l5zAwGA	4	0.4166666269302368	1.1149240732192993	-1.3333333730697632	1.6666666269302368
train	nISNBD3I95A	1	0.6666666865348816	0.0	0.6666666865348816	0.6666666865348816
train	nKiC9sEP2vM	14	0.4523809552192688	0.48151785135269165	-0.3333333432674408	1.3333333730697632
train	nM5S3xxNOlQ	10	0.46666663885116577	0.5206832885742188	0.0	1.6666666269302368
train	nNFDj9fRAqE	1	1.6666666269302368	0.0	1.6666666269302368	1.6666666269302368
train	nQ7txb1MtG0	2	0.8333333730697632	0.5	0.3333333432674408	1.3333333730697632
train	nTBKtwqPIYw	7	0.3333333134651184	0.5039526224136353	-0.6666666865348816	1.0
train	nZEPf7a8GbI	2	-0.8333333730697632	0.1666666567325592	-1.0	-0.6666666865348816
train	ngp7s5Wvde0	5	1.5333333015441895	0.49888765811920166	0.6666666865348816	2.0
train	nhD9WSEIspQ	6	0.8333333134651184	0.3726780116558075	0.3333333432674408	1.3333333730697632
train	niX_m3aMxhQ	4	0.0833333358168602	0.595119059085846	-0.6666666865348816	0.6666666865348816
train	nmWplIQhvoA	4	1.25	0.6400954723358154	0.3333333432674408	2.0
train	npIVLL_fTf0	11	-1.272727370262146	1.153109073638916	-2.6666667461395264	1.6666666269302368
train	nsLACXjD4KU	4	-0.9166666269302368	0.862006664276123	-2.3333332538604736	0.0
train	nw6Kf3AtCz4	33	0.9898990392684937	0.534876823425293	0.0	2.0
train	nxksB2kDJ6o	2	0.3333333432674408	0.0	0.3333333432674408	0.3333333432674408
train	nz2vkMyqfeE	6	0.7222222685813904	0.5241100788116455	0.0	1.3333333730697632
train	o1cRmT9qnOc	1	0.3333333432674408	0.0	0.3333333432674408	0.3333333432674408
train	o2bNnLOEEC0	4	-1.5	0.5	-2.0	-1.0
train	o2miCpS7Hwo	3	1.3333333730697632	0.2721655070781708	1.0	1.6666666269302368
train	o4b7hjQwpv0	10	0.366666704416275	0.31446605920791626	0.0	1.0
train	o63doZKEIds	9	0.07407407462596893	0.6625386476516724	-1.3333333730697632	1.0
train	o7vcTMAX9fQ	1	0.3333333432674408	0.0	0.3333333432674408	0.3333333432674408
train	o8OZGBDPD8M	7	-0.5238094925880432	0.9404008388519287	-2.0	1.0
train	oANUXY3xXKM	8	-0.083333320915699	0.9965217113494873	-1.6666666269302368	1.3333333730697632
train	oCsrnIomHos	5	0.06666667759418488	0.9043107032775879	-1.3333333730697632	1.3333333730697632
train	oDznO5w3v0U	3	0.6666666865348816	0.4714045226573944	0.0	1.0
train	oGnKsroR0R0	18	-0.037037041038274765	1.3557780981063843	-2.3333332538604736	2.3333332538604736
train	oHV99Y_EWfI	14	0.9047619700431824	0.7911069989204407	0.0	2.6666667461395264
train	oK951Y2N_k0	1	-0.3333333432674408	0.0	-0.3333333432674408	-0.3333333432674408
train	oNCvb0F-c88	1	0.0	0.0	0.0	0.0
train	oO61Ma17tRA	3	-0.8888888955116272	0.15713483095169067	-1.0	-0.6666666865348816
train	oOhxCwkZsUI	2	0.0	0.0	0.0	0.0
train	oPvUDLhTrjI	11	1.121212124824524	0.8441447019577026	-0.3333333432674408	2.3333332538604736
train	oVqBUyKvgdU	6	0.4444445073604584	0.4581228494644165	-0.3333333432674408	1.0
train	oW1OEsP7Dds	3	0.0	0.27216553688049316	-0.3333333432674408	0.3333333432674408
train	oWAyEzyp2xQ	12	-0.4722222089767456	0.8655798435211182	-1.6666666269302368	1.3333333730697632
train	oZkWWCQw2Js	3	0.2222222238779068	0.31426969170570374	0.0	0.6666666865348816
train	oaC1UATdtAg	5	0.5333333015441895	0.45215535163879395	0.0	1.3333333730697632
train	obnOnuzb-Xw	5	0.20000000298023224	0.45215538144111633	-0.3333333432674408	0.6666666865348816
train	oecQ9yDtfx0	3	0.7777778506278992	0.566557765007019	0.0	1.3333333730697632
train	ogGweZUAVtU	52	0.30128204822540283	0.4299652874469757	-0.3333333432674408	1.6666666269302368
train	oj7A8mpuBeQ	13	0.3589743375778198	0.5617667436599731	-1.0	1.3333333730697632
train	olVQZV_1rdA	2	0.5	0.1666666716337204	0.3333333432674408	0.6666666865348816
train	olcPEN9x5VY	10	0.8666666746139526	0.5999999642372131	0.3333333432674408	2.3333332538604736
train	omBcvw7izuM	14	0.5714285969734192	0.5966649651527405	-0.3333333432674408	1.3333333730697632
train	omHQ68k50XY	8	0.2916666567325592	0.6757197976112366	-1.3333333730697632	1.0
train	ooGB4BLK9PM	1	0.0	0.0	0.0	0.0
train	opHUZsc2WO8	2	0.5	0.1666666716337204	0.3333333432674408	0.6666666865348816
train	otna1VHHCow	6	1.0	0.6085806488990784	0.0	2.0
train	ou6S6fbfBWU	2	0.0	0.0	0.0	0.0
train	ouhCx4TgHlE	3	-0.7777778506278992	0.31426969170570374	-1.0	-0.3333333432674408
train	owT0_Xfu8a0	2	0.8333333730697632	0.5	0.3333333432674408	1.3333333730697632
train	oyHKiX5YGDE	11	0.3333333432674408	0.5504818558692932	-0.3333333432674408	1.3333333730697632
train	p18PVgfxook	1	0.0	0.0	0.0	0.0
train	p19Hsjx2xgI	4	0.5833333730697632	0.4930066764354706	0.0	1.3333333730697632
train	p4IeTRNcxc4	3	0.2222222238779068	0.31426969170570374	0.0	0.6666666865348816
train	p5LEk2u8tXk	7	1.0476189851760864	0.3299144208431244	0.6666666865348816	1.6666666269302368
train	pAclBdj20ZU	12	0.75	0.9440358877182007	-0.6666666865348816	2.6666667461395264
train	pC0zFF8CXXk	2	1.0	0.3333333432674408	0.6666666865348816	1.3333333730697632
train	pFh-SLxltms	16	0.7083333134651184	0.8809322714805603	-0.6666666865348816	2.0
train	pI5Kng_GuLE	1	0.3333333432674408	0.0	0.3333333432674408	0.3333333432674408
train	pIMByitigYI	12	0.3333333432674408	0.3333333432674408	0.0	1.0
train	pKXaKinzTmY	4	0.0833333358168602	0.14433756470680237	0.0	0.3333333432674408
train	pU-MjERGTUk	1	1.0	0.0	1.0	1.0
train	pVzHaakhKAw	2	0.0	0.3333333432674408	-0.3333333432674408	0.3333333432674408
train	pY4ovojS4rk	3	0.0	0.0	0.0	0.0
train	pYUTSG9frAk	4	0.5833333730697632	0.4930066466331482	0.0	1.3333333730697632
train	pbFwuNCQlH8	9	0.03703703731298447	0.33126935362815857	-0.6666666865348816	0.6666666865348816
train	pf-78LF4ORE	18	0.7407407164573669	0.7742423415184021	0.0	3.0
train	pf6HYOOwfGE	1	0.0	0.0	0.0	0.0
train	pfCPogxnUfw	16	-0.0416666679084301	1.0466547012329102	-2.0	1.6666666269302368
train	pjWLxORDDP4	1	2.3333332538604736	0.0	2.3333332538604736	2.3333332538604736
train	pkH2TfFN-6s	1	2.0	0.0	2.0	2.0
train	plsot5mFAtQ	3	0.3333333432674408	0.0	0.3333333432674408	0.3333333432674408
train	pnSRLB6anIM	7	0.6666666865348816	0.4364357888698578	0.0	1.3333333730697632
train	po5jCjnxW1w	1	0.0	0.0	0.0	0.0
train	pqAGD3ijMPw	2	-0.8333333730697632	0.1666666567325592	-1.0	-0.6666666865348816
train	ptgBkE_e5js	2	-0.1666666567325592	0.8333333730697632	-1.0	0.6666666865348816
train	pttwIaJmfcU	3	0.1111111119389534	0.15713484585285187	0.0	0.3333333432674408
train	pu1C7tmYHxI	3	1.0	0.27216553688049316	0.6666666865348816	1.3333333730697632
train	puum3vabpb4	19	0.3333333730697632	0.551446795463562	-0.6666666865348816	1.3333333730697632
train	pvlmYjQdRmA	1	0.0	0.0	0.0	0.0
train	pwj9YeMJC08	8	-0.2083333432674408	0.40611642599105835	-1.0	0.3333333432674408
train	pzUplbeH_fg	1	0.0	0.0	0.0	0.0
train	q-0gu48ClF4	4	0.1666666567325592	1.1666667461395264	-1.0	2.0
train	q1_knonj0Lw	15	0.444444477558136	0.6629526019096375	-0.6666666865348816	1.6666666269302368
train	q3QUybiOYeU	1	0.3333333432674408	0.0	0.3333333432674408	0.3333333432674408
train	q4hP2j7oewo	2	0.0	0.3333333432674408	-0.3333333432674408	0.3333333432674408
train	q7BxnIM2_z0	1	2.0	0.0	2.0	2.0
train	qCUg4ek1PPE	2	0.5	0.1666666716337204	0.3333333432674408	0.6666666865348816
train	qDIh6YNbIMU	10	0.0	0.14907120168209076	-0.3333333432674408	0.3333333432674408
train	qEkFReBuwxc	14	0.761904776096344	1.0190922021865845	-1.3333333730697632	2.6666667461395264
train	qFppeQvdfxI	8	1.0416667461395264	0.563656210899353	0.0	1.6666666269302368
train	qFsGMA75-oQ	4	1.1666666269302368	0.8660253286361694	0.3333333432674408	2.3333332538604736
train	qJBQH14qtHc	8	0.9583333134651184	0.8239049911499023	-0.3333333432674408	2.0
train	qJZlp9uxoTU	16	0.1041666567325592	1.0847346782684326	-1.3333333730697632	2.3333332538604736
train	qJh6x4wmmh8	4	0.4166666567325592	1.1149240732192993	-1.0	1.6666666269302368
train	qP4uuMI-JSk	6	0.7777777314186096	0.566557765007019	0.3333333432674408	2.0
train	qXisb7w9LjM	3	0.3333333432674408	0.471404492855072	0.0	1.0
train	qYJtbgLqizk	2	1.5	1.1666667461395264	0.3333333432674408	2.6666667461395264
train	qaoSn1eEyq0	1	0.3333333432674408	0.0	0.3333333432674408	0.3333333432674408
train	qbIajpM7U3Y	4	0.5	0.5527707934379578	0.0	1.3333333730697632
train	qd6YuFGcBGk	9	0.8148148059844971	0.7046776413917542	-0.3333333432674408	2.3333332538604736
train	qdeQg5dZb2E	3	0.2222222238779068	0.6285393834114075	-0.6666666865348816	0.6666666865348816
train	qed3medhsj4	5	0.6000000238418579	0.6463572978973389	-0.3333333432674408	1.6666666269302368
train	qjMyjLSORY4	20	1.0666667222976685	0.7644896507263184	0.0	2.3333332538604736
train	qkWdc-E6jGI	7	-0.0476190522313118	0.517275333404541	-0.6666666865348816	1.0
train	qlDT-bmIzQI	5	1.399999976158142	0.9285591840744019	0.3333333432674408	3.0
train	qlDiE1d45Bc	6	0.1111111044883728	0.5328701734542847	-0.6666666865348816	1.0
train	qmx0nQZYHIo	2	0.1666666716337204	0.5	-0.3333333432674408	0.6666666865348816
train	qo2reupzUE0	4	-0.4166666567325592	0.759202778339386	-1.6666666269302368	0.3333333432674408
train	qpht9L3s9G4	2	0.3333333432674408	0.3333333432674408	0.0	0.6666666865348816
train	qrI7XCKRFNk	6	-0.0555555559694767	0.22906142473220825	-0.3333333432674408	0.3333333432674408
train	qrSW93EtuMc	2	1.1666666269302368	0.4999999701976776	0.6666666865348816	1.6666666269302368
train	qszy_WSRFUM	7	0.4285714328289032	0.7063046097755432	-1.0	1.3333333730697632
train	qtI3CB1jslQ	1	0.3333333432674408	0.0	0.3333333432674408	0.3333333432674408
train	qvIhzmujTi8	3	-0.2222222238779068	0.31426969170570374	-0.6666666865348816	0.0
train	qyJiDgtj6YE	7	0.0476190447807312	0.48562091588974	-0.6666666865348816	1.0
train	r1erb5PSm1A	7	0.714285671710968	0.6023386120796204	-0.3333333432674408	1.6666666269302368
train	r4ul1wl_1T8	6	0.1666666716337204	0.3191423714160919	-0.3333333432674408	0.6666666865348816
train	r8OPmbZZlpE	3	0.8888888955116272	0.4157397150993347	0.3333333432674408	1.3333333730697632
train	r917wP1qsL4	3	0.3333333432674408	0.27216553688049316	0.0	0.6666666865348816
train	rApOTQgFW6Y	1	0.6666666865348816	0.0	0.6666666865348816	0.6666666865348816
train	rB6WmWvvyxg	8	-0.2083333283662796	0.40611642599105835	-0.6666666865348816	0.6666666865348816
train	rBWeo_rEdcU	12	0.1666666716337204	0.2545875608921051	-0.3333333432674408	0.6666666865348816
train	rC7qKZMKa0U	1	0.3333333432674408	0.0	0.3333333432674408	0.3333333432674408
train	rCQYq4T8SEI	5	-0.8666666150093079	1.0456258058547974	-2.0	1.0
train	rEWQW_ibDwg	8	0.0833333358168602	0.8936504125595093	-1.0	1.6666666269302368
train	rFHIApgUtoI	6	0.2777777910232544	0.487498015165329	-0.6666666865348816	0.6666666865348816
train	rLHJ_ebXCHQ	8	0.25	0.6400954723358154	-0.6666666865348816	1.3333333730697632
train	rNXM3avNBKk	4	0.166666641831398	1.2133517265319824	-1.3333333730697632	1.6666666269302368
train	rVG8gOAY0JE	1	0.6666666865348816	0.0	0.6666666865348816	0.6666666865348816
train	rWjPSlzUc-8	2	2.3333334922790527	0.3333333730697632	2.0	2.6666667461395264
train	rZqWAnrJ1Nc	1	0.6666666865348816	0.0	0.6666666865348816	0.6666666865348816
train	r_vjlTcrI-U	3	0.2222222089767456	0.7856742143630981	-0.3333333432674408	1.3333333730697632
train	raQ9Pcgo-II	4	-0.25	0.6400954723358154	-1.3333333730697632	0.3333333432674408
train	rexJoy4RMdY	4	-0.25	0.4330126941204071	-1.0	0.0
train	rsQRiALH5FU	4	0.8333333730697632	0.726483166217804	0.0	2.0
train	rv1gp0wEhI0	1	0.6666666865348816	0.0	0.6666666865348816	0.6666666865348816
train	rvQ2cRnroOU	11	0.1515151709318161	0.4575657248497009	-1.0	0.6666666865348816
train	rwe-hBNpzH8	3	-0.5555555820465088	0.566557765007019	-1.3333333730697632	0.0
train	rz4Ax6xfZHQ	9	0.8518518209457397	0.7874181270599365	-0.6666666865348816	2.0
train	rzsk_IvI7bQ	1	0.3333333432674408	0.0	0.3333333432674408	0.3333333432674408
train	s0PUurm1ONo	1	0.6666666865348816	0.0	0.6666666865348816	0.6666666865348816
train	s1Yo_MCiMPc	8	-0.0416666679084301	0.11023964732885361	-0.3333333432674408	0.0
train	s1tVE8g6JBc	2	-1.0	1.0	-2.0	0.0
train	s2oX3zxWuEI	1	0.6666666865348816	0.0	0.6666666865348816	0.6666666865348816
train	s53UAEi7JEY	3	0.1111111119389534	0.15713484585285187	0.0	0.3333333432674408
train	sC1NvtirijU	22	0.9848483800888062	0.6314746737480164	-0.5	2.3333332538604736
train	sFLTjqVS7AE	4	0.9166666269302368	0.759202778339386	-0.3333333432674408	1.6666666269302368
train	sFxUNO2HOKY	6	0.5000000596046448	0.9953595995903015	-1.0	2.0
train	sIGAq2J4KKI	3	1.4444442987442017	0.8314793705940247	0.3333333432674408	2.3333332538604736
train	sK9_de5Jx4U	1	0.3333333432674408	0.0	0.3333333432674408	0.3333333432674408
train	sKwPCpFtUUI	3	0.7777777314186096	0.8748897910118103	0.0	2.0
train	sLaTZtL0ZIk	2	0.1666666716337204	0.1666666716337204	0.0	0.3333333432674408
train	sMnbpyFqrlE	10	0.03333332762122154	0.887568473815918	-1.0	2.3333332538604736
train	sPxoGNvnVzg	5	1.4000000953674316	0.6798692941665649	0.6666666865348816	2.6666667461395264
train	sRMdbZVjhis	2	-0.3333333134651184	2.0	-2.3333332538604736	1.6666666269302368
train	sRex0-9yFFc	3	0.0	0.0	0.0	0.0
train	sU40irMa-so	2	0.1666666716337204	0.1666666716337204	0.0	0.3333333432674408
train	sWsDAG6x9n0	3	2.3333332538604736	0.27216556668281555	2.0	2.6666667461395264
train	sjoArVtU8-o	9	1.2962963581085205	0.5078262090682983	0.6666666865348816	2.3333332538604736
train	skp_SpnIOCM	3	0.8888888955116272	0.31426969170570374	0.6666666865348816	1.3333333730697632
train	slLRsFFiiRc	4	0.0833333358168602	0.14433757960796356	0.0	0.3333333432674408
train	sn1fEo72gJM	5	0.3333333432674408	0.21081852912902832	0.0	0.6666666865348816
train	snVkfJKvjwk	3	-0.8888888359069824	0.5665577054023743	-1.6666666269302368	-0.3333333432674408
train	soqnBdPOwoo	8	0.5416666865348816	0.5758448243141174	0.0	1.3333333730697632
train	sqADHmnM164	1	0.0	0.0	0.0	0.0
train	srbrWyZRMCI	12	1.0277777910232544	0.4185144007205963	0.3333333432674408	2.0
train	ssH8WQF4eN0	2	0.1666666716337204	0.1666666716337204	0.0	0.3333333432674408
train	sw-smuVRByI	8	-0.1666666716337204	0.5773503184318542	-1.3333333730697632	0.6666666865348816
train	t-wXEPHHtME	3	0.2222222238779068	0.15713484585285187	0.0	0.3333333432674408
train	t0Wi5Nb6kbI	4	-0.25	0.6400954723358154	-1.3333333730697632	0.3333333432674408
train	t2U7w3K2qac	2	1.0	0.3333333432674408	0.6666666865348816	1.3333333730697632
train	t4-ZulW5np4	5	1.0	0.9189366102218628	-0.6666666865348816	2.0
train	t7a3zECpT4k	4	-0.4166666865348816	0.4930066466331482	-1.0	0.3333333432674408
train	t80DGfWJ3fI	1	0.3333333432674408	0.0	0.3333333432674408	0.3333333432674408
train	tL8RzwWSmAE	4	0.1666666716337204	0.6871842741966248	-0.6666666865348816	1.0
train	tQk-eoA7JyE	2	0.3333333432674408	0.0	0.3333333432674408	0.3333333432674408
train	tRSPfPlNbMU	4	0.08333335071802139	0.6400954723358154	-1.0	0.6666666865348816
train	tUTf9R5u6r0	1	1.6666666269302368	0.0	1.6666666269302368	1.6666666269302368
train	tXQQ0joMq1Q	1	0.0	0.0	0.0	0.0
train	tXxXhGD1aMo	5	1.466666579246521	0.5811865329742432	0.6666666865348816	2.3333332538604736
train	tXxf6-CilNI	9	-0.07407407462596893	0.2618913948535919	-0.6666666865348816	0.3333333432674408
train	ta26Z2YEVMQ	4	-0.4166666269302368	1.3202482461929321	-2.3333332538604736	1.3333333730697632
train	taCchyi5h68	1	0.3333333432674408	0.0	0.3333333432674408	0.3333333432674408
train	taGs3-SMoYM	6	1.0555555820465088	0.22906142473220825	0.6666666865348816	1.3333333730697632
train	tdIZZ9v0IGA	6	0.2222222238779068	0.49690401554107666	-0.3333333432674408	1.0
train	tgrxA3CiBv0	10	0.699999988079071	0.7520341873168945	-0.6666666865348816	2.3333332538604736
train	tnhRxo-g3Xw	1	-0.3333333432674408	0.0	-0.3333333432674408	-0.3333333432674408
train	trQLgl6ncmk	5	-0.13333332538604736	0.6182412505149841	-1.3333333730697632	0.3333333432674408
train	tv8IhQZQuJI	11	0.3030302822589874	1.039177417755127	-1.6666666269302368	2.0
train	tvE_DucE0_k	5	0.6666666865348816	0.7601169943809509	-0.6666666865348816	1.3333333730697632
train	tw2xFbfgV4U	11	0.27272728085517883	0.6789502501487732	-1.3333333730697632	1.3333333730697632
train	txjqbr6FoZs	8	0.7916667461395264	0.5253966450691223	0.0	1.6666666269302368
train	u6H0sVuY1ac	2	0.6666666865348816	0.3333333134651184	0.3333333432674408	1.0
train	u8ViR4L2cVk	3	0.2222222238779068	0.8748897910118103	-1.0	1.0
train	u94VPxEIJPg	8	-0.4583333432674408	0.33071890473365784	-1.0	0.0
train	uAExKaLeOl8	8	0.4166666865348816	0.363241583108902	0.0	1.0
train	uBgRo9tnv-I	8	0.0416666716337204	0.5384520292282104	-1.0	1.0
train	uITHY4LORDs	3	-0.4444444477558136	0.31426969170570374	-0.6666666865348816	0.0
train	uN0d3ZOkDp8	4	1.6666666269302368	0.527046263217926	1.0	2.3333332538604736
train	uQds2dN1AiM	1	1.0	0.0	1.0	1.0
train	uTWeng4h5eM	5	0.20000000298023224	0.1632993221282959	0.0	0.3333333432674408
train	uU_3tbZ1zG8	12	0.8333333134651184	1.0758287906646729	-1.3333333730697632	2.0
train	uWW1ejwFURI	1	0.0	0.0	0.0	0.0
train	uXYAfpQUYVE	10	0.2666666507720947	0.9637887477874756	-1.6666666269302368	1.6666666269302368
train	uYzZB4ccG1Q	30	0.7111110091209412	0.7828406095504761	-1.3333333730697632	2.3333332538604736
train	ueCWy7aTmyo	20	0.29999998211860657	0.5953523516654968	-1.3333333730697632	1.6666666269302368
train	uea5xJZygsc	2	1.1666666269302368	0.4999999701976776	0.6666666865348816	1.6666666269302368
train	uxHBEfIhY-E	7	-8.514949634275126e-09	0.4364357888698578	-0.3333333432674408	1.0
train	uy9MGhVqCp8	7	0.6190475821495056	0.6023386120796204	-0.3333333432674408	1.3333333730697632
train	uyOrVTq8Tjk	5	1.133333444595337	0.8055363893508911	0.3333333432674408	2.6666667461395264
train	uyeQsv2tq44	1	0.6666666865348816	0.0	0.6666666865348816	0.6666666865348816
train	v0a8N7Y-Vfc	3	1.0000001192092896	0.27216553688049316	0.6666666865348816	1.3333333730697632
train	v1GKBjohgHc	5	-0.06666674464941025	1.8427034616470337	-2.0	2.3333332538604736
train	v2DFe9X-jCY	9	0.8148148059844971	0.6499974131584167	-0.3333333432674408	1.6666666269302368
train	v3l56fl6aJM	3	0.3333333432674408	0.7200822830200195	-0.3333333432674408	1.3333333730697632
train	v45zoIrjoTo	2	0.1666666716337204	0.1666666716337204	0.0	0.3333333432674408
train	v5AAvrZuR2U	5	0.20000000298023224	0.2666666805744171	0.0	0.6666666865348816
train	v73dbqOUoXQ	2	0.8333333730697632	0.5	0.3333333432674408	1.3333333730697632
train	v9GshyXtiWg	9	0.7037037014961243	0.5543196201324463	-0.3333333432674408	1.6666666269302368
train	vA68fTqDars	2	0.0	0.0	0.0	0.0
train	vCWpKubBbcw	2	0.6666666865348816	0.0	0.6666666865348816	0.6666666865348816
train	vM3YB7LmMq4	49	0.7959184646606445	0.6522812843322754	0.0	2.3333332538604736
train	vM7m581tHn0	9	0.0	0.3513641953468323	-0.6666666865348816	0.6666666865348816
train	vM9AH4EqCaA	3	0.6666666865348816	0.2721655070781708	0.3333333432674408	1.0
train	vNID-RVhWcQ	3	1.0	1.3608276844024658	-0.6666666865348816	2.6666667461395264
train	vRhj2bLo1ho	8	-0.04166668653488159	0.6548431515693665	-1.3333333730697632	1.0
train	vRydHjRzDX0	6	0.3888889253139496	0.3557291328907013	0.0	1.0
train	vXABB4tBBUU	6	0.5	0.6009252071380615	0.0	1.6666666269302368
train	vYOr36tdcpc	3	0.6666666865348816	0.5443310737609863	0.0	1.3333333730697632
train	vbVLgaP5IYU	3	-0.3333333432674408	0.7200822830200195	-1.3333333730697632	0.3333333432674408
train	veHYwR7ge6Y	1	2.3333332538604736	0.0	2.3333332538604736	2.3333332538604736
train	vlnKSMw5v1o	6	0.3333333432674408	0.922958254814148	-1.3333333730697632	1.3333333730697632
train	vop7tN_K64I	6	0.1666666716337204	0.3726780116558075	-0.3333333432674408	0.6666666865348816
train	vqBRkjHWjXM	1	0.0	0.0	0.0	0.0
train	vrgwwihTxVQ	2	0.0	0.0	0.0	0.0
train	vttEPA6Xffk	5	0.13333334028720856	0.6863753795623779	-0.6666666865348816	1.3333333730697632
train	vwUBtNvjrU4	14	0.1190476268529892	0.44734033942222595	-1.0	1.0
train	vx8j_4DMqh4	2	0.1666666716337204	0.1666666716337204	0.0	0.3333333432674408
train	w-PFjo89Dpw	9	0.1111111119389534	0.27216553688049316	-0.3333333432674408	0.6666666865348816
train	w1MxXu5D7ho	3	0.6666666865348816	1.440164566040039	-1.3333333730697632	2.0
train	w44JDB1NmqM	4	0.3333333432674408	0.527046263217926	-0.3333333432674408	1.0
train	w4xIyGs-3wc	2	-1.3333332538604736	0.3333333134651184	-1.6666666269302368	-1.0
train	w8TXP0iz29A	4	-0.1666666716337204	0.1666666716337204	-0.3333333432674408	0.0
train	wCbQxI_-GKU	1	0.6666666865348816	0.0	0.6666666865348816	0.6666666865348816
train	wCtZdAdoIm8	2	0.1666666716337204	0.1666666716337204	0.0	0.3333333432674408
train	wEs7pJH2mqQ	5	-0.4000000059604645	0.9752492904663086	-1.3333333730697632	1.3333333730697632
train	wHQYmMZzyJY	11	0.8787879347801208	0.5369710326194763	0.0	2.0
train	wI7DDCRh4Nw	7	0.4285714328289032	0.7911069989204407	-0.6666666865348816	1.6666666269302368
train	wLJohZMqR-g	2	0.0	0.0	0.0	0.0
train	wLj_gnNON7A	21	-0.8095238208770752	0.8201912045478821	-2.6666667461395264	0.3333333432674408
train	wLrgvSYLPUI	5	1.399999976158142	0.7717224359512329	0.3333333432674408	2.3333332538604736
train	wMggOhhVouA	2	0.0	0.0	0.0	0.0
train	wNx1ZnQ0MDQ	5	0.6666666865348816	0.5577734112739563	0.0	1.3333333730697632
train	wOKWTFYYMuk	4	0.5833333730697632	0.4330126941204071	0.0	1.0
train	wOjnqud5GBA	7	0.2857142984867096	0.3749527633190155	0.0	1.0
train	wQkNqbrAlB4	1	0.0	0.0	0.0	0.0
train	wR3zalLV_6c	15	0.13333334028720856	0.8589399456977844	-1.0	1.3333333730697632
train	wRKVNiABc0w	17	0.039215683937072754	0.7573806643486023	-1.0	1.6666666269302368
train	wUf6AvCMHbQ	1	1.0	0.0	1.0	1.0
train	wVdoIjg3ZFQ	6	0.2222222536802292	0.9362388849258423	-1.6666666269302368	1.3333333730697632
train	wXuBJvzeC1Q	4	0.4166666865348816	0.4330126941204071	0.0	1.0
train	wY8JbFOsp5E	2	0.5	0.5	0.0	1.0
train	w_qYZSVx2dM	7	0.761904776096344	0.635317325592041	0.0	2.0
train	wb7CfuiIZFQ	1	1.3333333730697632	0.0	1.3333333730697632	1.3333333730697632
train	wd-LTpCtAzw	9	1.0370370149612427	0.9742922782897949	-0.6666666865348816	2.3333332538604736
train	wdU-0bttAkc	2	0.1666666716337204	0.5	-0.3333333432674408	0.6666666865348816
train	werKCgZ5dFE	5	-0.13333334028720856	0.8589399456977844	-1.3333333730697632	1.0
train	wfLrS6CdFs4	2	0.6666666865348816	0.3333333134651184	0.3333333432674408	1.0
train	wgCSuviySwg	2	1.3333332538604736	0.3333333134651184	1.0	1.6666666269302368
train	wj3ur4fsiN4	26	0.2948717772960663	0.4559851288795471	-0.3333333432674408	1.6666666269302368
train	wj4snKbUWZA	4	-1.0833333730697632	1.1873172521591187	-2.6666667461395264	0.6666666865348816
train	wlrb0HyIs-Q	3	0.1111111119389534	0.31426969170570374	-0.3333333432674408	0.3333333432674408
train	wrQVnClcNPM	17	0.6862744688987732	0.7709648013114929	-0.3333333432674408	2.3333332538604736
train	wtCKzu8eVJ0	1	0.3333333432674408	0.0	0.3333333432674408	0.3333333432674408
train	wvMA0r3esw8	5	-0.5333333015441895	0.7774602770805359	-1.6666666269302368	0.6666666865348816
train	wxxqXK9x-64	5	0.13333334028720856	0.33993464708328247	-0.3333333432674408	0.6666666865348816
train	wz3nVBPVgIA	10	1.5333333015441895	0.8969082832336426	0.3333333432674408	3.0
train	x5xF4yu9Bos	10	0.4333333373069763	0.5783117413520813	-0.3333333432674408	1.3333333730697632
train	x7ZR70cTa84	2	1.5	0.16666662693023682	1.3333333730697632	1.6666666269302368
train	x92920ole0w	4	0.25	0.2763853967189789	0.0	0.6666666865348816
train	x9E8yaFCX0Y	9	0.37037035822868347	0.6562979817390442	-1.3333333730697632	1.0
train	xAApNMTj3as	1	-0.3333333432674408	0.0	-0.3333333432674408	-0.3333333432674408
train	xBsrNFxnnuY	7	0.5238094925880432	0.6388765573501587	0.0	1.6666666269302368
train	xNYsfeSgDCQ	4	1.25	0.14433757960796356	1.0	1.3333333730697632
train	xP81rX2ATLI	9	-0.07407408207654953	0.3777051270008087	-0.6666666865348816	0.6666666865348816
train	xPN38lYBQv4	2	1.1666666269302368	0.8333333134651184	0.3333333432674408	2.0
train	xPhlDO-2Foc	6	0.1666666567325592	0.6309898495674133	-0.6666666865348816	1.0
train	xRJXYUZVdas	5	1.2666666507720947	0.7717224359512329	0.0	2.3333332538604736
train	xTBBDx3DkXQ	7	1.047619104385376	0.6023386120796204	0.3333333432674408	2.0
train	xUz5cCA-oTo	12	-0.3888889253139496	0.44790321588516235	-1.3333333730697632	0.0
train	xXGEkDhu94E	5	0.3333333134651184	0.8164965510368347	-0.6666666865348816	1.0
train	xXIq7YPkdUQ	3	0.7777777314186096	0.6285393238067627	0.3333333432674408	1.6666666269302368
train	xYtNgq9eTlg	8	0.2083333432674408	0.23199018836021423	0.0	0.6666666865348816
train	xZ1FrxU6hcg	6	0.5	0.3726780116558075	0.0	1.0
train	xaSf1d13WoY	10	0.36666667461395264	0.5259911417961121	-0.6666666865348816	1.0
train	xbl7bU5PGBs	3	1.3333333730697632	0.7200822234153748	0.6666666865348816	2.3333332538604736
train	xfP0bm6Z-7E	6	0.1666666716337204	0.2545875310897827	0.0	0.6666666865348816
train	xfeASyC6PPg	4	0.6666666865348816	0.527046263217926	0.0	1.3333333730697632
train	xgAwddSkrOo	5	-0.06666667014360428	0.13333334028720856	-0.3333333432674408	0.0
train	xge9aYTxxOA	4	-1.0833333730697632	0.6400954723358154	-1.6666666269302368	0.0
train	xiRUWSUrGSg	2	-0.1666666716337204	0.5	-0.6666666865348816	0.3333333432674408
train	xk4C4p5vHDk	10	1.3333333730697632	0.8164965510368347	0.0	3.0
train	xlNDpmKgSIc	1	0.0	0.0	0.0	0.0
train	xn9_4n4NpEw	11	0.27272728085517883	0.216406911611557	0.0	0.6666666865348816
train	xnNZyfhusAk	4	0.0833333432674408	0.8620067238807678	-1.3333333730697632	1.0
train	xomMHflvVDw	25	0.11999999731779099	0.2472964972257614	0.0	1.0
train	xqcqieV0Rn8	5	0.7333333492279053	0.5734883546829224	0.0	1.6666666269302368
train	xsiHAO0gq74	1	1.0	0.0	1.0	1.0
train	xu53lk4dhSc	9	0.40740740299224854	0.7662281394004822	-1.0	1.6666666269302368
train	xvnFF0FiyS4	10	0.03333333134651184	0.6403124332427979	-1.0	1.0
train	xw-Blnej8EA	1	1.0	0.0	1.0	1.0
train	xwNQ7QuXaps	6	0.7222222685813904	0.6781420111656189	-0.6666666865348816	1.3333333730697632
train	xyOa9ivNrg4	2	0.5	0.5	0.0	1.0
train	y-nEcwAyQos	4	0.6666667461395264	0.6236096024513245	-0.3333333432674408	1.3333333730697632
train	y1gL_MuokI8	2	-0.3333333432674408	0.0	-0.3333333432674408	-0.3333333432674408
train	y5JdqGL5DRc	2	1.1666666269302368	0.4999999701976776	0.6666666865348816	1.6666666269302368
train	yALhl-lMBxk	2	1.6666666269302368	0.0	1.6666666269302368	1.6666666269302368
train	yBGuxyO-ElM	4	0.8333333134651184	0.28867512941360474	0.3333333432674408	1.0
train	yDIFWzOBjXc	23	0.6376811861991882	0.5639152526855469	-0.3333333432674408	2.0
train	yEtfjJOMMCs	23	0.14492753148078918	0.37848010659217834	-1.0	0.6666666865348816
train	yG3wpvLUQcg	3	0.6666666865348816	0.7200822830200195	0.0	1.6666666269302368
train	yHtR71rx16I	7	0.1904762089252472	1.005652904510498	-1.6666666269302368	2.0
train	yKdIZR5xfcc	13	0.7179487943649292	0.7261437177658081	-0.6666666865348816	2.0
train	yNiJGh7JpLM	3	0.2222222238779068	0.31426969170570374	0.0	0.6666666865348816
train	yOQHOiswVjc	12	0.5277777314186096	0.7632573843002319	-0.3333333432674408	2.0
train	ySfHPyaDbqY	4	0.4166666865348816	0.2763853967189789	0.0	0.6666666865348816
train	yZWH2P-h0jo	3	1.8888888359069824	0.31426963210105896	1.6666666269302368	2.3333332538604736
train	ygb8Cfxghbs	12	0.6388888955116272	0.5174426436424255	0.0	1.6666666269302368
train	ymPQOY2O_nw	4	0.0	0.0	0.0	0.0
train	yp6Gd2NPwOU	8	1.2916667461395264	0.6109532117843628	0.3333333432674408	2.3333332538604736
train	ypZhKsR-9iI	4	0.25	0.5464532375335693	-0.6666666865348816	0.6666666865348816
train	yrIXBklJ5YQ	6	0.0555555522441864	1.0076866149902344	-1.3333333730697632	1.6666666269302368
train	ysGFcG_PI5I	3	-0.555555522441864	0.6285393834114075	-1.0	0.3333333432674408
train	yt9GpittX4U	1	1.0	0.0	1.0	1.0
train	ytXVSpPfKwA	4	1.75	1.010362982749939	0.0	2.3333332538604736
train	yuwvVTnsDjc	6	0.3333333432674408	0.19245010614395142	0.0	0.6666666865348816
train	yxZydS2qHzs	2	-0.3333333432674408	0.3333333432674408	-0.6666666865348816	0.0
train	yyToAEoUuek	3	0.7777777314186096	0.8748897910118103	0.0	2.0
train	z-bupzylxEc	1	0.6666666865348816	0.0	0.6666666865348816	0.6666666865348816
train	z6E-ocntPo4	9	1.074074149131775	0.6040557622909546	0.0	2.0
train	z7FicxE_pMU	8	0.375	0.45452970266342163	-0.3333333432674408	1.3333333730697632
train	z8bWG2z-bMM	7	0.3333333134651184	0.5634361505508423	-0.6666666865348816	1.3333333730697632
train	zFTuwjr3xq0	6	0.0555555559694767	0.29917582869529724	-0.3333333432674408	0.6666666865348816
train	zFuRNvfC4So	9	0.2222222238779068	0.7535922527313232	-1.3333333730697632	1.6666666269302368
train	zJWmmDk9fCE	2	0.1666666716337204	0.1666666716337204	0.0	0.3333333432674408
train	zKNAu2CCeRs	1	1.0	0.0	1.0	1.0
train	zOHZDq2BvGo	2	0.5	0.1666666716337204	0.3333333432674408	0.6666666865348816
train	zPskvGHHQtE	5	0.46666663885116577	0.6182412505149841	0.0	1.6666666269302368
train	zR-kKDaSDmE	1	-0.3333333432674408	0.0	-0.3333333432674408	-0.3333333432674408
train	zR62DCEMWgs	5	0.800000011920929	0.9333333373069763	-0.3333333432674408	1.6666666269302368
train	zU2_X9lIcUM	4	0.0833333358168602	0.4930066466331482	-0.6666666865348816	0.6666666865348816
train	zURYO3k8lW0	3	0.5555555820465088	0.31426966190338135	0.3333333432674408	1.0
train	zWfDRPy4lXQ	1	0.6666666865348816	0.0	0.6666666865348816	0.6666666865348816
train	zaTyjiyrHnk	5	0.6000000238418579	0.9285591840744019	-0.6666666865348816	1.6666666269302368
train	zcG0ms7CdBE	2	0.1666666716337204	0.5	-0.3333333432674408	0.6666666865348816
train	zeQKU2L173M	7	0.6190476417541504	0.6529194712638855	0.0	1.6666666269302368
train	zg-ZIxVsBbQ	1	0.3333333432674408	0.0	0.3333333432674408	0.3333333432674408
train	zi0a6r52ZlY	2	0.6666666865348816	0.0	0.6666666865348816	0.6666666865348816
train	zj4PzGtFwJM	5	0.9333332777023315	0.9285591840744019	0.0	2.3333332538604736
train	zknhrUs7-lI	4	0.4166666865348816	0.7216878533363342	-0.6666666865348816	1.3333333730697632
train	znNt--6itO4	6	0.3888889253139496	0.40445056557655334	0.0	1.0
train	zoPOeViAdOo	1	-0.6666666865348816	0.0	-0.6666666865348816	-0.6666666865348816
train	zqkawTdHN5s	2	0.1666666567325592	0.8333333730697632	-0.6666666865348816	1.0
train	zrFZAofNGi4	8	-1.7916667461395264	1.0921119451522827	-3.0	0.6666666865348816
train	zsRTbbKlsEg	1	0.3333333432674408	0.0	0.3333333432674408	0.3333333432674408
train	zuc7vUhZNfY	2	1.0	1.0	0.0	2.0
train	zv0Jl4TIQDc	3	1.2222222089767456	0.8314793705940247	0.3333333432674408	2.3333332538604736
train	zwRBZisdpQ0	5	1.066666603088379	0.7717224359512329	0.0	2.3333332538604736
train	zwTrXwi54us	13	0.4615384638309479	0.46296074986457825	0.0	1.6666666269302368
train	zx4W0Vuus-I	1	1.0	0.0	1.0	1.0
valid	--qXJuDtHPw	1	1.0	0.0	1.0	1.0
valid	-571d8cVauQ	3	-0.1111111119389534	0.4157397150993347	-0.6666666865348816	0.3333333432674408
valid	-I_e4mIh0yE	3	-0.2222222238779068	0.6285393834114075	-0.6666666865348816	0.6666666865348816
valid	-UacrmKiTn4	4	-0.4166666567325592	0.6400955319404602	-1.3333333730697632	0.3333333432674408
valid	-hnBHBN8p5A	5	0.8666666150093079	0.8055363297462463	0.0	2.3333332538604736
valid	-qDkUB0GgYY	3	1.6666666269302368	0.2721655070781708	1.3333333730697632	2.0
valid	-uywlfIYOS8	2	1.5	1.1666667461395264	0.3333333432674408	2.6666667461395264
valid	06st0Ez_E_I	2	0.0	0.0	0.0	0.0
valid	0utROiKxejc	3	0.0	0.0	0.0	0.0
valid	0y022OlZ3W0	9	-9.934107758624577e-09	0.8314794301986694	-1.3333333730697632	1.3333333730697632
valid	101787	16	-0.3333333134651184	0.8660253882408142	-1.6666666269302368	1.6666666269302368
valid	102408	10	-0.800000011920929	0.9092121124267578	-2.0	0.3333333432674408
valid	102858	25	0.9733334183692932	1.199703574180603	-0.6666666865348816	3.0
valid	112433	11	-1.1515151262283325	0.770197868347168	-2.3333332538604736	0.0
valid	117tQqLjza4	2	0.3333333432674408	0.3333333432674408	0.0	0.6666666865348816
valid	11j7EfglCAs	3	0.1111111119389534	0.566557765007019	-0.6666666865348816	0.6666666865348816
valid	121128	11	0.7272727489471436	1.0329734086990356	0.0	3.0
valid	125344	1	0.6666666865348816	0.0	0.6666666865348816	0.6666666865348816
valid	125676	11	-0.6060605645179749	1.1443156003952026	-2.3333332538604736	2.0
valid	128059	18	-0.2222222238779068	1.0	-2.6666667461395264	1.0
valid	128763	13	-0.6410256028175354	0.8717948198318481	-2.6666667461395264	0.3333333432674408
valid	130456	12	0.5277777314186096	1.075469970703125	-1.0	2.6666667461395264
valid	188343	16	-0.0208333358168602	1.114729404449463	-2.3333332538604736	1.6666666269302368
valid	1HK7Nea0PFo	4	0.25	0.2763853967189789	0.0	0.6666666865348816
valid	216097	9	-0.25925925374031067	0.6625386476516724	-1.6666666269302368	0.6666666865348816
valid	223431	15	-0.7555555701255798	0.8731947541236877	-2.3333332538604736	0.6666666865348816
valid	225770	15	-0.24444442987442017	1.1119996309280396	-2.0	2.0
valid	236021	13	-0.2820512652397156	0.9137707948684692	-2.0	1.3333333730697632
valid	237009	13	-1.2307692766189575	1.348532795906067	-3.0	0.3333333432674408
valid	241629	11	-0.1818181872367859	1.2090871334075928	-2.0	2.3333332538604736
valid	243646	11	-0.3333333432674408	0.8761716485023499	-2.6666667461395264	0.3333333432674408
valid	247318	15	-1.2222222089767456	0.8577892780303955	-2.3333332538604736	0.3333333432674408
valid	252998	9	-0.4074074327945709	1.0034234523773193	-2.0	1.3333333730697632
valid	257247	13	-0.7692307829856873	0.8410881161689758	-2.3333332538604736	0.3333333432674408
valid	258654	6	-0.9999999403953552	1.2765694856643677	-2.3333332538604736	1.3333333730697632
valid	266791	37	-1.3603603839874268	1.116026759147644	-2.6666667461395264	1.0
valid	270254	26	-0.7435897588729858	1.140953540802002	-2.6666667461395264	1.3333333730697632
valid	272624	19	-0.2982456088066101	0.7165115475654602	-1.6666666269302368	0.6666666865348816
valid	273539	10	-0.8333333730697632	1.0878112316131592	-2.6666667461395264	0.3333333432674408
valid	290546	10	-0.30000004172325134	0.8359957337379456	-1.3333333730697632	1.6666666269302368
valid	2J4zrDn7K4s	1	1.0	0.0	1.0	1.0
valid	2S00zYaVrtc	13	0.10256411135196686	1.3736507892608643	-2.6666667461395264	2.0
valid	2Xt31_d0XEE	4	1.8333333730697632	0.28867509961128235	1.3333333730697632	2.0
valid	31474	17	-0.7843137383460999	1.0412485599517822	-2.6666667461395264	1.0
valid	32681	7	-0.523809552192688	0.9897433519363403	-2.6666667461395264	0.3333333432674408
valid	33170	7	-0.6190475821495056	0.933138906955719	-2.0	0.3333333432674408
valid	3MFNIag0wNE	12	-0.8333333134651184	0.7876359224319458	-2.0	1.0
valid	3V2qm0rw920	8	0.75	0.8936504125595093	0.0	3.0
valid	3j94B0pzSVs	12	0.2499999850988388	0.8402491211891174	-1.3333333730697632	1.6666666269302368
valid	4cFeG2ydm9A	1	1.0	0.0	1.0	1.0
valid	4dV3slGSc60	9	1.0	0.4969039857387543	0.0	1.6666666269302368
valid	50103	9	-1.2222222089767456	1.00615394115448	-2.6666667461395264	0.0
valid	5B0PQx3Ep3k	4	1.4166666269302368	0.4930066466331482	0.6666666865348816	2.0
valid	5O1W39o56gg	9	0.5185185670852661	0.7046777606010437	-0.3333333432674408	2.0
valid	5i6AgQSjXO4	8	0.3333333432674408	0.8333333730697632	-1.0	2.0
valid	5kaCGzjYukM	5	-1.066666603088379	0.7999998927116394	-2.3333332538604736	-0.3333333432674408
valid	6KvG5VbLalY	4	0.8333333730697632	0.7637626528739929	0.0	2.0
valid	6ZA8I83x-oY	4	1.0	0.7071067690849304	0.0	2.0
valid	6_ZT8beQXq8	10	0.8666666746139526	0.6531972885131836	0.0	2.0
valid	6hFiTU77Sm0	5	-0.13333332538604736	0.6182412505149841	-1.3333333730697632	0.3333333432674408
valid	6uPGcKTpC4I	5	0.6000000238418579	0.6110100746154785	0.0	1.3333333730697632
valid	70280	13	-0.5897436141967773	0.8978021740913391	-2.0	0.6666666865348816
valid	70HptJgAhZM	2	0.3333333432674408	0.0	0.3333333432674408	0.3333333432674408
valid	75RGHaxmUK8	4	0.25	0.14433756470680237	0.0	0.3333333432674408
valid	76PsKs4kPXE	1	1.0	0.0	1.0	1.0
valid	7_K3F-lAv1k	5	0.8666666150093079	0.5416025519371033	0.0	1.6666666269302368
valid	7r4vRxKLFCA	2	-0.3333333432674408	0.3333333432674408	-0.6666666865348816	0.0
valid	80566	9	0.8518518805503845	0.970059335231781	0.0	2.6666667461395264
valid	80855	21	0.9047619700431824	0.8857654333114624	0.0	2.3333332538604736
valid	830KzUc6CbU	3	0.2222222238779068	0.15713484585285187	0.0	0.3333333432674408
valid	84140	6	-0.333333283662796	1.0886621475219727	-1.6666666269302368	1.3333333730697632
valid	89835	8	-1.0	1.3228756189346313	-2.6666667461395264	1.0
valid	8eaYvALnJ0o	3	1.8888888359069824	0.15713486075401306	1.6666666269302368	2.0
valid	8x_nCOh6Wmc	1	1.0	0.0	1.0	1.0
valid	96642	7	-0.380952388048172	0.8438116908073425	-2.0	0.6666666865348816
valid	99501	14	-0.6428570747375488	0.6838765144348145	-1.6666666269302368	0.3333333432674408
valid	9QI-9w_VdB4	4	0.3333333432674408	0.40824827551841736	0.0	1.0
valid	9iRncKVM2PA	1	-0.3333333432674408	0.0	-0.3333333432674408	-0.3333333432674408
valid	AG5EY8ZaFj4	3	0.2222222238779068	0.15713484585285187	0.0	0.3333333432674408
valid	AbNmF4RTzOI	1	0.0	0.0	0.0	0.0
valid	Arh2TKRi_mg	11	0.42424246668815613	0.7666127681732178	-0.6666666865348816	2.0
valid	AxNy9TeTLq8	1	1.3333333730697632	0.0	1.3333333730697632	1.3333333730697632
valid	BSKAHXFYF_I	8	0.25	0.2763853967189789	-0.3333333432674408	0.6666666865348816
valid	Baz0VVQ-E9E	9	0.03703702986240387	0.7104935646057129	-0.6666666865348816	1.6666666269302368
valid	C864zaWmEd0	1	1.0	0.0	1.0	1.0
valid	CJGuudyvA0Y	3	0.0	0.5443310737609863	-0.6666666865348816	0.6666666865348816
valid	CPjbogfLHR4	8	1.0416666269302368	0.7894706726074219	-0.3333333432674408	2.0
valid	DdUJojoFU_c	12	0.6388888955116272	0.3458305597305298	0.0	1.3333333730697632
valid	DlbYiwOnTyk	4	0.5	0.6009252667427063	-0.3333333432674408	1.3333333730697632
valid	DpZGnuj-BA8	5	0.5333333611488342	0.6182411909103394	0.0	1.6666666269302368
valid	E8MuzHUhUHk	11	0.7575757503509521	0.6210272908210754	0.0	2.0
valid	EEjCkc82oyk	8	-0.3333333432674408	0.4714045226573944	-1.0	0.3333333432674408
valid	EQxkXiWAm08	2	0.0	0.3333333432674408	-0.3333333432674408	0.3333333432674408
valid	ET1cU5_A2YM	6	-1.111111044883728	0.8958063721656799	-2.3333332538604736	0.0
valid	EmmuWoCUgXs	10	-0.10000000149011612	0.5972157716751099	-1.0	1.0
valid	Es9MkKsMsjU	6	-1.7222222089767456	0.22906140983104706	-2.0	-1.3333333730697632
valid	Ezn3p5FWF_U	2	0.5	0.5	0.0	1.0
valid	F1U26PLiXjM	2	1.5	0.8333332538604736	0.6666666865348816	2.3333332538604736
valid	F4yFRROWtdE	2	0.5	0.1666666716337204	0.3333333432674408	0.6666666865348816
valid	F6JV-K840EY	3	0.8888888955116272	0.6285393834114075	0.0	1.3333333730697632
valid	FB_b1dm0SRY	17	0.686274528503418	0.9108681678771973	-1.0	2.3333332538604736
valid	FxxJB8hBpyQ	3	-0.6666666269302368	0.9813067317008972	-2.0	0.3333333432674408
valid	Fy0Uid9afM8	7	-0.7619048357009888	0.635317325592041	-1.3333333730697632	0.6666666865348816
valid	Gz2qsCqWNUY	1	0.6666666865348816	0.0	0.6666666865348816	0.6666666865348816
valid	H1DpVwktfDQ	4	0.6666666865348816	0.6236095428466797	0.0	1.6666666269302368
valid	H6ci6Myq8uI	3	0.4444444477558136	0.4157397150993347	0.0	1.0
valid	H9mSft9YGuk	3	0.1111111119389534	0.4157397150993347	-0.3333333432674408	0.6666666865348816
valid	HGicRLwgtkM	7	1.476190447807312	0.4665694534778595	1.0	2.3333332538604736
valid	HetCe0lLacc	1	0.0	0.0	0.0	0.0
valid	HmXXW45eZL4	3	-0.1111111119389534	0.15713484585285187	-0.3333333432674408	0.0
valid	IM6HW1HwHhM	9	0.48148149251937866	0.890430748462677	-0.3333333432674408	2.6666667461395264
valid	IRY4D_-mx3Q	1	0.3333333432674408	0.0	0.3333333432674408	0.3333333432674408
valid	IUmxJNs2zaY	4	0.5	0.1666666716337204	0.3333333432674408	0.6666666865348816
valid	JAnRCQ9A0vI	9	0.5185185670852661	0.5902732610702515	0.0	1.3333333730697632
valid	JGzFUzPeAA8	1	0.3333333432674408	0.0	0.3333333432674408	0.3333333432674408
valid	JOK1SSmPtFw	21	0.095238097012043	0.4003022611141205	-0.6666666865348816	1.3333333730697632
valid	JPT38CA3sGI	6	0.5555556416511536	0.7370277047157288	-1.0	1.3333333730697632
valid	JVpF99zuQhA	4	0.0833333358168602	0.14433757960796356	0.0	0.3333333432674408
valid	K0m1tO3Ybyc	6	-0.1111111119389534	0.6285393834114075	-1.3333333730697632	0.6666666865348816
valid	K8gp7ncdUl8	2	1.0	0.0	1.0	1.0
valid	KB73TD4xQ8Y	1	0.6666666865348816	0.0	0.6666666865348816	0.6666666865348816
valid	KDjl2exStlI	5	0.13333334028720856	0.1632993221282959	0.0	0.3333333432674408
valid	KkKWFZZmmCM	1	0.0	0.0	0.0	0.0
valid	KpMCvUyQCXg	4	0.0833333358168602	0.2763853967189789	-0.3333333432674408	0.3333333432674408
valid	KqFarHUGjSc	2	0.5	0.1666666716337204	0.3333333432674408	0.6666666865348816
valid	L1eFHRQGFeg	4	7.450580596923828e-09	0.6236095428466797	-1.0	0.6666666865348816
valid	Lh8r-5eHX6Q	1	0.0	0.0	0.0	0.0
valid	MCsvw5-7lVE	4	0.8333333730697632	0.5527707934379578	0.0	1.3333333730697632
valid	MD6Tq_4VlGc	2	1.6666666269302368	0.6666666269302368	1.0	2.3333332538604736
valid	MMpo2bDk-DU	8	-0.1666666716337204	0.8660253882408142	-1.0	1.6666666269302368
valid	MjaaudUc5-4	7	0.3333333432674408	0.39840954542160034	-0.3333333432674408	0.6666666865348816
valid	MoQmPA7Q07Q	9	1.0370370149612427	1.0475655794143677	-1.3333333730697632	2.3333332538604736
valid	N1X63d_jgmw	1	0.3333333432674408	0.0	0.3333333432674408	0.3333333432674408
valid	N5xfBtD6rLY	6	0.3888889253139496	0.7049209475517273	-0.6666666865348816	1.3333333730697632
valid	NoZsdSGnNpI	3	0.3333333432674408	0.27216553688049316	0.0	0.6666666865348816
valid	Nrurc5sMUOE	6	-0.3333333432674408	0.38490015268325806	-1.0	0.0
valid	NzvNW7vP-Co	5	0.7333332896232605	0.9521903991699219	0.0	2.3333332538604736
valid	OLP0nCKwU6k	2	-0.1666666716337204	0.5	-0.6666666865348816	0.3333333432674408
valid	OrYBtyO0aPI	7	0.80952388048172	0.7529232501983643	-0.6666666865348816	2.0
valid	OwE-7MwzfYI	1	1.3333333730697632	0.0	1.3333333730697632	1.3333333730697632
valid	PORCNDRKtko	1	1.3333333730697632	0.0	1.3333333730697632	1.3333333730697632
valid	PboaYD5hlG8	11	0.42424237728118896	0.9111088514328003	-1.3333333730697632	1.6666666269302368
valid	Pt-D0LUHDSc	4	0.25	0.2763853967189789	0.0	0.6666666865348816
valid	PwapK9d8IGk	2	0.0	0.0	0.0	0.0
valid	PyQrAYl1bFs	10	1.1666667461395264	0.6324555277824402	0.0	2.0
valid	Q4WzApjaCNI	1	0.6666666865348816	0.0	0.6666666865348816	0.6666666865348816
valid	Q7S0tX4FUNA	7	-0.0952380895614624	0.7284314036369324	-1.3333333730697632	0.6666666865348816
valid	Qa6Yz62V-Yc	2	0.6666666865348816	0.0	0.6666666865348816	0.6666666865348816
valid	QjcQx8_PQfw	2	0.3333333134651184	0.6666666269302368	-0.3333333432674408	1.0
valid	QpchvHpGFc8	7	0.7142857909202576	0.2776643633842468	0.3333333432674408	1.0
valid	QxU625Hn370	1	0.0	0.0	0.0	0.0
valid	R7IkQVUuLew	6	0.5000000596046448	0.2545875310897827	0.0	0.6666666865348816
valid	RArhIHk4Qs4	21	0.1746031790971756	0.33521768450737	-0.3333333432674408	1.3333333730697632
valid	ROcTx5VEn7o	6	0.0555555559694767	0.22906142473220825	-0.3333333432674408	0.3333333432674408
valid	RrGpzInAwCg	2	1.1666666269302368	0.4999999701976776	0.6666666865348816	1.6666666269302368
valid	RzOFxDk26p0	4	1.8333332538604736	0.4999999403953552	1.3333333730697632	2.3333332538604736
valid	SHa756SwGJQ	8	-0.0416666604578495	0.4228704571723938	-1.0	0.3333333432674408
valid	SO53x_pbou8	2	1.5	0.5	1.0	2.0
valid	SuIcJvERiFk	2	0.1666666716337204	0.1666666716337204	0.0	0.3333333432674408
valid	TH32jop4FiI	12	0.1111111044883728	0.5152010321617126	-0.6666666865348816	1.0
valid	TWszOxkOV0w	3	-0.6666666269302368	1.1863420009613037	-2.3333332538604736	0.3333333432674408
valid	TXCXFYIc3Yo	11	0.6060606241226196	1.0231480598449707	-1.3333333730697632	2.0
valid	TYJzg5IJN8o	9	0.37037038803100586	0.5761610865592957	-0.3333333432674408	1.3333333730697632
valid	Tpdqfpuumg4	2	0.3333333432674408	0.3333333432674408	0.0	0.6666666865348816
valid	TqMh7U3J4D4	3	0.7777777314186096	0.6285393238067627	0.3333333432674408	1.6666666269302368
valid	Uc_6d-fkZEc	3	0.0	0.0	0.0	0.0
valid	UiPmjKggv1s	1	-0.6666666865348816	0.0	-0.6666666865348816	-0.6666666865348816
valid	UlTJmndbGHM	6	-0.0555555634200573	1.1290223598480225	-1.3333333730697632	1.6666666269302368
valid	UvniNGPyeBc	2	0.1666666716337204	0.1666666716337204	0.0	0.3333333432674408
valid	VAXhC2U9-2A	1	0.6666666865348816	0.0	0.6666666865348816	0.6666666865348816
valid	VbV9S4svrTg	15	0.46666666865348816	0.5811864733695984	-0.6666666865348816	1.6666666269302368
valid	VinxKpWioTo	6	0.7777778506278992	0.49690401554107666	0.0	1.3333333730697632
valid	ViyQVpGW05w	4	0.5833333134651184	0.7949492931365967	-0.3333333432674408	1.6666666269302368
valid	Viz5vDE39y8	3	1.2222222089767456	0.8314793705940247	0.3333333432674408	2.3333332538604736
valid	Vuay0mVKkik	5	-0.06666669994592667	1.4047538042068481	-2.0	2.0
valid	VwvptdTkwEE	4	-0.6666666865348816	0.8498365879058838	-1.6666666269302368	0.3333333432674408
valid	WmQF5RmbsVQ	1	0.0	0.0	0.0	0.0
valid	Wrcf2xtqbkQ	5	-0.20000000298023224	0.33993464708328247	-0.6666666865348816	0.3333333432674408
valid	WxajvjGKz7Y	6	0.1666666716337204	0.2545875608921051	0.0	0.6666666865348816
valid	XIGpuL-Kkyk	6	0.6111111044883728	0.7307192087173462	0.0	2.0
valid	XaVYxIW0FDg	3	-0.2222222089767456	0.7856742143630981	-1.3333333730697632	0.3333333432674408
valid	XyP8bVmGX6M	2	0.8333333730697632	0.1666666567325592	0.6666666865348816	1.0
valid	XytBlo2R5Yg	1	2.0	0.0	2.0	2.0
valid	XzVapdEr_GY	5	1.133333444595337	0.6863753199577332	0.3333333432674408	2.3333332538604736
valid	Y7h-S3cJ52o	2	0.3333333432674408	0.3333333432674408	0.0	0.6666666865348816
valid	Y7qkyMyanjU	4	0.25	0.2763853967189789	0.0	0.6666666865348816
valid	YbuG8xyUO-o	4	0.4166666865348816	0.2763853967189789	0.0	0.6666666865348816
valid	Z7L3V5bwzI0	2	0.6666666269302368	1.6666666269302368	-1.0	2.3333332538604736
valid	ZaoFHcbRM9g	9	-0.25925928354263306	0.8857970833778381	-1.3333333730697632	1.6666666269302368
valid	Zvisaa77Cng	3	0.2222222238779068	0.6285393834114075	-0.6666666865348816	0.6666666865348816
valid	_7HVhnSYX1Y	12	0.6111111044883728	0.42673030495643616	0.0	1.6666666269302368
valid	_BvNNdEkhZA	10	0.10000000894069672	0.5783117413520813	-1.0	1.0
valid	_aZDaIfGfPo	3	0.6666666865348816	0.5443310737609863	0.0	1.3333333730697632
valid	_gr7o5ynhnw	11	0.7878788113594055	0.8074492812156677	-0.3333333432674408	2.3333332538604736
valid	_gzYkdjNvPc	18	0.1111111119389534	0.6382847428321838	-1.3333333730697632	1.3333333730697632
valid	a-WihYDk6vc	3	0.3333333432674408	0.27216553688049316	0.0	0.6666666865348816
valid	aFhc2ddipoM	7	1.2380952835083008	0.5553287267684937	0.3333333432674408	2.0
valid	aK5tRCXjUvU	1	2.0	0.0	2.0	2.0
valid	b-FX9NOVQOM	5	-0.6666666865348816	0.8692269921302795	-1.6666666269302368	0.6666666865348816
valid	b1LEcg6z66g	9	0.2222222238779068	0.7370277643203735	-1.0	1.3333333730697632
valid	bAkUEnPoucg	2	1.6666666269302368	0.0	1.6666666269302368	1.6666666269302368
valid	bNQkb4K5DX0	5	1.0	0.8164965510368347	0.0	2.3333332538604736
valid	bQ8QteHvrEk	1	1.0	0.0	1.0	1.0
valid	bWunvAd96zI	8	0.2916666567325592	0.6757197976112366	-0.3333333432674408	2.0
valid	bj9e8w4vNxo	4	0.0	0.2357022762298584	-0.3333333432674408	0.3333333432674408
valid	bpvYdXVlgvc	6	-1.3333333730697632	0.6382847428321838	-2.0	0.0
valid	c1a1y9ytHH0	6	0.1666666716337204	0.2545875310897827	0.0	0.6666666865348816
valid	c5cB7AfVgcE	4	0.25	0.7216877937316895	-0.6666666865348816	1.3333333730697632
valid	d8BR6hsvzoY	10	0.23333331942558289	0.334995836019516	0.0	1.0
valid	dBWvtPeHpWM	12	0.6388888359069824	1.0754700899124146	-1.0	2.3333332538604736
valid	dEDbm2ubVRQ	6	-0.1111111044883728	0.5983517169952393	-1.3333333730697632	0.3333333432674408
valid	dt641WxonBI	2	0.5	0.1666666716337204	0.3333333432674408	0.6666666865348816
valid	eKRWfaizBO0	2	0.5	0.1666666716337204	0.3333333432674408	0.6666666865348816
valid	eOiC1kb17P4	5	1.600000023841858	0.3265986144542694	1.3333333730697632	2.0
valid	erNDEjQeox8	2	1.0	1.0	0.0	2.0
valid	evAswZ6m3hg	3	-0.4444444477558136	0.31426969170570374	-0.6666666865348816	0.0
valid	ewBrNsyY82Q	1	0.0	0.0	0.0	0.0
valid	fPsy1co_nuw	1	2.0	0.0	2.0	2.0
valid	fWOIAxzBQFY	12	0.6388888955116272	0.4606423079967499	0.0	1.3333333730697632
valid	f_ZJ7L14oYQ	15	1.1999999284744263	0.9722062945365906	-0.6666666865348816	3.0
valid	fe2CWCpdTF8	2	0.6666666865348816	0.0	0.6666666865348816	0.6666666865348816
valid	ffrJ91swyq0	2	0.8333333730697632	0.1666666567325592	0.6666666865348816	1.0
valid	g8Cl74tS3oY	5	-1.1920929132713809e-08	0.6992058753967285	-0.6666666865348816	1.0
valid	gR4gM_WXesQ	17	0.3529411554336548	0.8438209295272827	-1.3333333730697632	1.6666666269302368
valid	gVqs4TzqySw	6	0.0555555559694767	0.12422599643468857	0.0	0.3333333432674408
valid	goMtnNHQ_z4	4	0.5833333134651184	0.7949492931365967	-0.3333333432674408	1.6666666269302368
valid	hqzF4IDaIYE	7	-0.1428571492433548	0.7737179398536682	-1.3333333730697632	1.0
valid	hrLoOAh_8LY	2	1.6666666269302368	0.6666666269302368	1.0	2.3333332538604736
valid	hvfaYsv7p8E	4	-0.8333333730697632	0.1666666567325592	-1.0	-0.6666666865348816
valid	iUXqlrui25c	14	0.1666666716337204	0.5	-0.6666666865348816	1.0
valid	icbUzboLcDQ	1	-0.6666666865348816	0.0	-0.6666666865348816	-0.6666666865348816
valid	ioupaiAuRr0	3	0.1111111119389534	0.15713484585285187	0.0	0.3333333432674408
valid	ip8xwAr4MRE	3	0.3333333432674408	0.27216553688049316	0.0	0.6666666865348816
valid	j0br-fFy160	5	0.46666669845581055	0.33993464708328247	0.0	1.0
valid	jICmfLeFymA	12	1.0000001192092896	0.6938886642456055	0.0	2.0
valid	jPrEKz1rAno	7	0.2857142984867096	0.2776643931865692	0.0	0.6666666865348816
valid	jrDqduyQrfo	4	0.6666666865348816	0.235702246427536	0.3333333432674408	1.0
valid	k5ZOshC2LP4	5	-0.8666666746139526	0.6531972885131836	-1.3333333730697632	0.3333333432674408
valid	kbGhEJ4W44o	1	1.3333333730697632	0.0	1.3333333730697632	1.3333333730697632
valid	kfsO4c0Ekes	4	0.3333333432674408	0.40824830532073975	-0.3333333432674408	0.6666666865348816
valid	kvUb78Rdzdc	2	0.6666666865348816	0.3333333134651184	0.3333333432674408	1.0
valid	lO87-4Kf0cQ	6	0.2222222238779068	0.5328701734542847	-0.3333333432674408	1.3333333730697632
valid	lWf5hHRHIDs	3	1.0	0.27216553688049316	0.6666666865348816	1.3333333730697632
valid	lawHYX5eB20	2	-0.1666666567325592	0.8333333730697632	-1.0	0.6666666865348816
valid	lilHOUfWrIA	1	-0.3333333432674408	0.0	-0.3333333432674408	-0.3333333432674408
valid	ly3QDQDJzzQ	1	0.0	0.0	0.0	0.0
valid	mHGaQ_nv9UY	18	0.018518522381782532	0.5928819179534912	-1.6666666269302368	1.3333333730697632
valid	mLW-jn67gRE	12	0.02777777425944805	0.5350378155708313	-0.6666666865348816	1.3333333730697632
valid	mjpCK2Edsv8	1	2.0	0.0	2.0	2.0
valid	nUZYqTRSGDw	2	-0.1666666716337204	0.5	-0.6666666865348816	0.3333333432674408
valid	nyzIL6YAonY	3	0.7777778506278992	0.31426969170570374	0.3333333432674408	1.0
valid	ooAF6I-fmTg	3	-0.7777777314186096	0.8748897910118103	-2.0	0.0
valid	pOrk7fl1AYo	5	-0.20000000298023224	0.4000000059604645	-0.6666666865348816	0.3333333432674408
valid	pRdxEaLB8r4	2	-0.1666666716337204	0.5	-0.6666666865348816	0.3333333432674408
valid	pVs1daijYTw	2	-1.5	0.8333332538604736	-2.3333332538604736	-0.6666666865348816
valid	q9yDL81QppI	3	0.2222222089767456	0.566557765007019	-0.3333333432674408	1.0
valid	qK77ZmbqmOM	4	-0.25	0.595119059085846	-1.0	0.6666666865348816
valid	qY1sXq-YCHs	4	-0.5	0.28867512941360474	-1.0	-0.3333333432674408
valid	qmMSumMloAs	3	2.0	0.7200822830200195	1.0	2.6666667461395264
valid	r13W4H8ZhqI	10	0.6000000238418579	0.5734883546829224	-0.6666666865348816	1.3333333730697632
valid	r5ijC2W9ddk	5	0.8666666746139526	0.8589398860931396	0.0	2.3333332538604736
valid	r8Jyl2Bfl14	2	0.6666666865348816	0.3333333134651184	0.3333333432674408	1.0
valid	r91csZc6AXE	1	0.0	0.0	0.0	0.0
valid	r9tgDqXEcuc	4	0.1666666716337204	0.3726780116558075	-0.3333333432674408	0.6666666865348816
valid	rf0yDSeVEUA	4	1.0833333730697632	0.9537935853004456	0.0	2.3333332538604736
valid	rojyUp4FPSg	39	1.081196665763855	0.5857663750648499	0.1666666716337204	2.5
valid	rwNlqh0k1j4	9	0.1111111268401146	0.7535921931266785	-0.6666666865348816	1.3333333730697632
valid	sC16n1k66io	3	0.8888888359069824	0.5665577054023743	0.3333333432674408	1.6666666269302368
valid	sPremsknoLM	3	0.4444444179534912	0.8748897314071655	-0.3333333432674408	1.6666666269302368
valid	ssqiwP19JhM	6	0.3888889253139496	0.3557291328907013	0.0	1.0
valid	szic2IB9HB4	5	-0.06666667759418488	0.7118052244186401	-1.3333333730697632	0.6666666865348816
valid	tQ-CIfgj-Js	1	0.0	0.0	0.0	0.0
valid	tXQpm-nKxNA	6	1.611111044883728	0.7556372284889221	0.6666666865348816	2.6666667461395264
valid	u6PL_7Z9QlU	3	0.5555555820465088	0.566557765007019	0.0	1.3333333730697632
valid	uacdDoBtT1k	5	-0.5333333611488342	0.45215538144111633	-1.3333333730697632	0.0
valid	unNY4zIk8MM	9	1.0740740299224854	0.8281732797622681	0.0	2.3333332538604736
valid	uooIiW6dEyg	6	0.0	0.19245010614395142	-0.3333333432674408	0.3333333432674408
valid	uu1FqsR7JV0	2	0.0	0.0	0.0	0.0
valid	v2Rr-EsJda8	7	-0.0476190447807312	1.1328930854797363	-2.0	2.0
valid	v9gjg7TDlTA	5	-0.20000000298023224	0.4000000059604645	-0.6666666865348816	0.3333333432674408
valid	vC9oWzTU71s	2	0.3333333432674408	0.3333333432674408	0.0	0.6666666865348816
valid	vHzbn_YW76s	3	-0.3333333432674408	0.471404492855072	-1.0	0.0
valid	vU0a4F36Ksw	21	0.9841269254684448	0.6127066612243652	0.0	2.6666667461395264
valid	vbr3EA8cJTI	7	0.5238094925880432	0.7737179398536682	-0.6666666865348816	1.6666666269302368
valid	vo_JbAFAD68	1	0.3333333432674408	0.0	0.3333333432674408	0.3333333432674408
valid	vySKXq0ZOb0	2	-0.1666666716337204	0.1666666716337204	-0.3333333432674408	0.0
valid	wF8980oGklk	29	0.49425289034843445	0.5440073609352112	-0.3333333432674408	1.6666666269302368
valid	wgca4dZnnVQ	1	-0.6666666865348816	0.0	-0.6666666865348816	-0.6666666865348816
valid	wosolsrH3sM	3	0.3333333432674408	0.8164966106414795	-0.6666666865348816	1.3333333730697632
valid	wvLEIxt-_V0	1	1.3333333730697632	0.0	1.3333333730697632	1.3333333730697632
valid	x-zGBp7axao	2	2.1666667461395264	0.5000000596046448	1.6666666269302368	2.6666667461395264
valid	x2lOwQaAn4g	5	0.2666666805744171	0.24944382905960083	0.0	0.6666666865348816
valid	xUgAP84vsg4	8	1.5416667461395264	0.6441510319709778	0.3333333432674408	2.3333332538604736
valid	xivYoEUQ5sk	7	1.8095237016677856	0.6867716908454895	1.0	2.6666667461395264
valid	xjsaS-LeZ14	10	1.3333332538604736	0.7149203419685364	0.3333333432674408	2.3333332538604736
valid	y8HXGm1-Ecw	5	0.06666668504476547	1.103529691696167	-1.6666666269302368	1.3333333730697632
valid	y9FyTEyGy5Y	6	1.0555554628372192	1.1453070640563965	-0.6666666865348816	3.0
valid	zhE_68GMJIk	3	0.4444444477558136	0.6285393834114075	0.0	1.3333333730697632
valid	zjYEBwXGD8I	18	0.555555522441864	0.5665577054023743	-0.3333333432674408	1.6666666269302368
valid	zk2jTlAtvSU	2	0.0	0.0	0.0	0.0
