sample_id,video_id,train_index,outer_fold,mode,expert_id,prediction,label
1DmNV9C1hbY$_$1,1DmNV9C1hbY,43,3,L,cfcompat_seed1111,-1.514701724,-2
1DmNV9C1hbY$_$1,1DmNV9C1hbY,43,3,L,cfcompat_seed1114,-1.52798903,-2
1DmNV9C1hbY$_$1,1DmNV9C1hbY,43,3,L,moddrop_seed1111,-1.932420373,-2
1DmNV9C1hbY$_$1,1DmNV9C1hbY,43,3,L,moddrop_seed1114,-1.785124063,-2
1DmNV9C1hbY$_$1,1DmNV9C1hbY,43,3,L,uniform_kd_seed1111,-1.169658542,-2
1DmNV9C1hbY$_$1,1DmNV9C1hbY,43,3,LA,cfcompat_seed1111,-1.553376317,-2
1DmNV9C1hbY$_$1,1DmNV9C1hbY,43,3,LA,cfcompat_seed1114,-1.552901864,-2
1DmNV9C1hbY$_$1,1DmNV9C1hbY,43,3,LA,moddrop_seed1111,-1.961425304,-2
1DmNV9C1hbY$_$1,1DmNV9C1hbY,43,3,LA,moddrop_seed1114,-1.796171069,-2
1DmNV9C1hbY$_$1,1DmNV9C1hbY,43,3,LA,uniform_kd_seed1111,-1.204886556,-2
1DmNV9C1hbY$_$1,1DmNV9C1hbY,43,3,LAV,cfcompat_seed1111,-1.454733729,-2
1DmNV9C1hbY$_$1,1DmNV9C1hbY,43,3,LAV,cfcompat_seed1114,-1.581192732,-2
1DmNV9C1hbY$_$1,1DmNV9C1hbY,43,3,LAV,moddrop_seed1111,-1.871281505,-2
1DmNV9C1hbY$_$1,1DmNV9C1hbY,43,3,LAV,moddrop_seed1114,-1.809257984,-2
1DmNV9C1hbY$_$1,1DmNV9C1hbY,43,3,LAV,uniform_kd_seed1111,-1.132937431,-2
1DmNV9C1hbY$_$1,1DmNV9C1hbY,43,3,LV,cfcompat_seed1111,-1.421039104,-2
1DmNV9C1hbY$_$1,1DmNV9C1hbY,43,3,LV,cfcompat_seed1114,-1.552584529,-2
1DmNV9C1hbY$_$1,1DmNV9C1hbY,43,3,LV,moddrop_seed1111,-1.840736032,-2
1DmNV9C1hbY$_$1,1DmNV9C1hbY,43,3,LV,moddrop_seed1114,-1.797186017,-2
1DmNV9C1hbY$_$1,1DmNV9C1hbY,43,3,LV,uniform_kd_seed1111,-1.100579977,-2
1DmNV9C1hbY$_$10,1DmNV9C1hbY,39,3,L,cfcompat_seed1111,2.060136795,2.599999905
1DmNV9C1hbY$_$10,1DmNV9C1hbY,39,3,L,cfcompat_seed1114,2.134921312,2.599999905
1DmNV9C1hbY$_$10,1DmNV9C1hbY,39,3,L,moddrop_seed1111,2.110631466,2.599999905
1DmNV9C1hbY$_$10,1DmNV9C1hbY,39,3,L,moddrop_seed1114,2.269936562,2.599999905
1DmNV9C1hbY$_$10,1DmNV9C1hbY,39,3,L,uniform_kd_seed1111,1.940737605,2.599999905
1DmNV9C1hbY$_$10,1DmNV9C1hbY,39,3,LA,cfcompat_seed1111,2.012518883,2.599999905
1DmNV9C1hbY$_$10,1DmNV9C1hbY,39,3,LA,cfcompat_seed1114,2.075539589,2.599999905
1DmNV9C1hbY$_$10,1DmNV9C1hbY,39,3,LA,moddrop_seed1111,2.056973696,2.599999905
1DmNV9C1hbY$_$10,1DmNV9C1hbY,39,3,LA,moddrop_seed1114,2.233446598,2.599999905
1DmNV9C1hbY$_$10,1DmNV9C1hbY,39,3,LA,uniform_kd_seed1111,1.895240307,2.599999905
1DmNV9C1hbY$_$10,1DmNV9C1hbY,39,3,LAV,cfcompat_seed1111,2.119932175,2.599999905
1DmNV9C1hbY$_$10,1DmNV9C1hbY,39,3,LAV,cfcompat_seed1114,2.076678991,2.599999905
1DmNV9C1hbY$_$10,1DmNV9C1hbY,39,3,LAV,moddrop_seed1111,2.167272091,2.599999905
1DmNV9C1hbY$_$10,1DmNV9C1hbY,39,3,LAV,moddrop_seed1114,2.245174408,2.599999905
1DmNV9C1hbY$_$10,1DmNV9C1hbY,39,3,LAV,uniform_kd_seed1111,1.971632123,2.599999905
1DmNV9C1hbY$_$10,1DmNV9C1hbY,39,3,LV,cfcompat_seed1111,2.15804863,2.599999905
1DmNV9C1hbY$_$10,1DmNV9C1hbY,39,3,LV,cfcompat_seed1114,2.141174793,2.599999905
1DmNV9C1hbY$_$10,1DmNV9C1hbY,39,3,LV,moddrop_seed1111,2.20783639,2.599999905
1DmNV9C1hbY$_$10,1DmNV9C1hbY,39,3,LV,moddrop_seed1114,2.292318821,2.599999905
1DmNV9C1hbY$_$10,1DmNV9C1hbY,39,3,LV,uniform_kd_seed1111,2.011013508,2.599999905
1DmNV9C1hbY$_$11,1DmNV9C1hbY,38,3,L,cfcompat_seed1111,-1.786588311,-1.799999952
1DmNV9C1hbY$_$11,1DmNV9C1hbY,38,3,L,cfcompat_seed1114,-1.846438527,-1.799999952
1DmNV9C1hbY$_$11,1DmNV9C1hbY,38,3,L,moddrop_seed1111,-1.897228003,-1.799999952
1DmNV9C1hbY$_$11,1DmNV9C1hbY,38,3,L,moddrop_seed1114,-1.961055636,-1.799999952
1DmNV9C1hbY$_$11,1DmNV9C1hbY,38,3,L,uniform_kd_seed1111,-2.027601957,-1.799999952
1DmNV9C1hbY$_$11,1DmNV9C1hbY,38,3,LA,cfcompat_seed1111,-1.844011188,-1.799999952
1DmNV9C1hbY$_$11,1DmNV9C1hbY,38,3,LA,cfcompat_seed1114,-1.866097569,-1.799999952
1DmNV9C1hbY$_$11,1DmNV9C1hbY,38,3,LA,moddrop_seed1111,-1.953745246,-1.799999952
1DmNV9C1hbY$_$11,1DmNV9C1hbY,38,3,LA,moddrop_seed1114,-1.969974995,-1.799999952
1DmNV9C1hbY$_$11,1DmNV9C1hbY,38,3,LA,uniform_kd_seed1111,-2.085546494,-1.799999952
1DmNV9C1hbY$_$11,1DmNV9C1hbY,38,3,LAV,cfcompat_seed1111,-1.733382344,-1.799999952
1DmNV9C1hbY$_$11,1DmNV9C1hbY,38,3,LAV,cfcompat_seed1114,-1.886300445,-1.799999952
1DmNV9C1hbY$_$11,1DmNV9C1hbY,38,3,LAV,moddrop_seed1111,-1.846093297,-1.799999952
1DmNV9C1hbY$_$11,1DmNV9C1hbY,38,3,LAV,moddrop_seed1114,-1.974395156,-1.799999952
1DmNV9C1hbY$_$11,1DmNV9C1hbY,38,3,LAV,uniform_kd_seed1111,-2.001418114,-1.799999952
1DmNV9C1hbY$_$11,1DmNV9C1hbY,38,3,LV,cfcompat_seed1111,-1.673704743,-1.799999952
1DmNV9C1hbY$_$11,1DmNV9C1hbY,38,3,LV,cfcompat_seed1114,-1.863267422,-1.799999952
1DmNV9C1hbY$_$11,1DmNV9C1hbY,38,3,LV,moddrop_seed1111,-1.785804629,-1.799999952
1DmNV9C1hbY$_$11,1DmNV9C1hbY,38,3,LV,moddrop_seed1114,-1.965358019,-1.799999952
1DmNV9C1hbY$_$11,1DmNV9C1hbY,38,3,LV,uniform_kd_seed1111,-1.943065643,-1.799999952
1DmNV9C1hbY$_$12,1DmNV9C1hbY,41,3,L,cfcompat_seed1111,1.070848227,0.400000006
1DmNV9C1hbY$_$12,1DmNV9C1hbY,41,3,L,cfcompat_seed1114,0.7426586151,0.400000006
1DmNV9C1hbY$_$12,1DmNV9C1hbY,41,3,L,moddrop_seed1111,1.69089222,0.400000006
1DmNV9C1hbY$_$12,1DmNV9C1hbY,41,3,L,moddrop_seed1114,1.304291248,0.400000006
1DmNV9C1hbY$_$12,1DmNV9C1hbY,41,3,L,uniform_kd_seed1111,1.276660085,0.400000006
1DmNV9C1hbY$_$12,1DmNV9C1hbY,41,3,LA,cfcompat_seed1111,1.033743382,0.400000006
1DmNV9C1hbY$_$12,1DmNV9C1hbY,41,3,LA,cfcompat_seed1114,0.69503057,0.400000006
1DmNV9C1hbY$_$12,1DmNV9C1hbY,41,3,LA,moddrop_seed1111,1.640765548,0.400000006
1DmNV9C1hbY$_$12,1DmNV9C1hbY,41,3,LA,moddrop_seed1114,1.268712759,0.400000006
1DmNV9C1hbY$_$12,1DmNV9C1hbY,41,3,LA,uniform_kd_seed1111,1.239646792,0.400000006
1DmNV9C1hbY$_$12,1DmNV9C1hbY,41,3,LAV,cfcompat_seed1111,1.153092504,0.400000006
1DmNV9C1hbY$_$12,1DmNV9C1hbY,41,3,LAV,cfcompat_seed1114,0.6741235256,0.400000006
1DmNV9C1hbY$_$12,1DmNV9C1hbY,41,3,LAV,moddrop_seed1111,1.762170553,0.400000006
1DmNV9C1hbY$_$12,1DmNV9C1hbY,41,3,LAV,moddrop_seed1114,1.26336813,0.400000006
1DmNV9C1hbY$_$12,1DmNV9C1hbY,41,3,LAV,uniform_kd_seed1111,1.325973511,0.400000006
1DmNV9C1hbY$_$12,1DmNV9C1hbY,41,3,LV,cfcompat_seed1111,1.187418103,0.400000006
1DmNV9C1hbY$_$12,1DmNV9C1hbY,41,3,LV,cfcompat_seed1114,0.7236303687,0.400000006
1DmNV9C1hbY$_$12,1DmNV9C1hbY,41,3,LV,moddrop_seed1111,1.804062843,0.400000006
1DmNV9C1hbY$_$12,1DmNV9C1hbY,41,3,LV,moddrop_seed1114,1.294518232,0.400000006
1DmNV9C1hbY$_$12,1DmNV9C1hbY,41,3,LV,uniform_kd_seed1111,1.362388134,0.400000006
1DmNV9C1hbY$_$13,1DmNV9C1hbY,40,3,L,cfcompat_seed1111,-1.357636929,-1.25
1DmNV9C1hbY$_$13,1DmNV9C1hbY,40,3,L,cfcompat_seed1114,-1.028297544,-1.25
1DmNV9C1hbY$_$13,1DmNV9C1hbY,40,3,L,moddrop_seed1111,-1.88818574,-1.25
1DmNV9C1hbY$_$13,1DmNV9C1hbY,40,3,L,moddrop_seed1114,-0.8668955564,-1.25
1DmNV9C1hbY$_$13,1DmNV9C1hbY,40,3,L,uniform_kd_seed1111,-1.389362812,-1.25
1DmNV9C1hbY$_$13,1DmNV9C1hbY,40,3,LA,cfcompat_seed1111,-1.33300817,-1.25
1DmNV9C1hbY$_$13,1DmNV9C1hbY,40,3,LA,cfcompat_seed1114,-1.032812953,-1.25
1DmNV9C1hbY$_$13,1DmNV9C1hbY,40,3,LA,moddrop_seed1111,-1.86999917,-1.25
1DmNV9C1hbY$_$13,1DmNV9C1hbY,40,3,LA,moddrop_seed1114,-0.8539974093,-1.25
1DmNV9C1hbY$_$13,1DmNV9C1hbY,40,3,LA,uniform_kd_seed1111,-1.372344255,-1.25
1DmNV9C1hbY$_$13,1DmNV9C1hbY,40,3,LAV,cfcompat_seed1111,-1.21366477,-1.25
1DmNV9C1hbY$_$13,1DmNV9C1hbY,40,3,LAV,cfcompat_seed1114,-1.032603264,-1.25
1DmNV9C1hbY$_$13,1DmNV9C1hbY,40,3,LAV,moddrop_seed1111,-1.759847164,-1.25
1DmNV9C1hbY$_$13,1DmNV9C1hbY,40,3,LAV,moddrop_seed1114,-0.8430886865,-1.25
1DmNV9C1hbY$_$13,1DmNV9C1hbY,40,3,LAV,uniform_kd_seed1111,-1.283525825,-1.25
1DmNV9C1hbY$_$13,1DmNV9C1hbY,40,3,LV,cfcompat_seed1111,-1.248184204,-1.25
1DmNV9C1hbY$_$13,1DmNV9C1hbY,40,3,LV,cfcompat_seed1114,-1.021292806,-1.25
1DmNV9C1hbY$_$13,1DmNV9C1hbY,40,3,LV,moddrop_seed1111,-1.78437674,-1.25
1DmNV9C1hbY$_$13,1DmNV9C1hbY,40,3,LV,moddrop_seed1114,-0.8483255506,-1.25
1DmNV9C1hbY$_$13,1DmNV9C1hbY,40,3,LV,uniform_kd_seed1111,-1.306785583,-1.25
1DmNV9C1hbY$_$14,1DmNV9C1hbY,42,3,L,cfcompat_seed1111,-1.877996445,-2
1DmNV9C1hbY$_$14,1DmNV9C1hbY,42,3,L,cfcompat_seed1114,-2.174259186,-2
1DmNV9C1hbY$_$14,1DmNV9C1hbY,42,3,L,moddrop_seed1111,-1.884895563,-2
1DmNV9C1hbY$_$14,1DmNV9C1hbY,42,3,L,moddrop_seed1114,-2.10777092,-2
1DmNV9C1hbY$_$14,1DmNV9C1hbY,42,3,L,uniform_kd_seed1111,-2.099946737,-2
1DmNV9C1hbY$_$14,1DmNV9C1hbY,42,3,LA,cfcompat_seed1111,-1.829513192,-2
1DmNV9C1hbY$_$14,1DmNV9C1hbY,42,3,LA,cfcompat_seed1114,-2.152300119,-2
1DmNV9C1hbY$_$14,1DmNV9C1hbY,42,3,LA,moddrop_seed1111,-1.835354328,-2
1DmNV9C1hbY$_$14,1DmNV9C1hbY,42,3,LA,moddrop_seed1114,-2.075454712,-2
1DmNV9C1hbY$_$14,1DmNV9C1hbY,42,3,LA,uniform_kd_seed1111,-2.059700966,-2
1DmNV9C1hbY$_$14,1DmNV9C1hbY,42,3,LAV,cfcompat_seed1111,-1.721822381,-2
1DmNV9C1hbY$_$14,1DmNV9C1hbY,42,3,LAV,cfcompat_seed1114,-2.138692379,-2
1DmNV9C1hbY$_$14,1DmNV9C1hbY,42,3,LAV,moddrop_seed1111,-1.73140502,-2
1DmNV9C1hbY$_$14,1DmNV9C1hbY,42,3,LAV,moddrop_seed1114,-2.054010153,-2
1DmNV9C1hbY$_$14,1DmNV9C1hbY,42,3,LAV,uniform_kd_seed1111,-1.982876062,-2
1DmNV9C1hbY$_$14,1DmNV9C1hbY,42,3,LV,cfcompat_seed1111,-1.775614262,-2
1DmNV9C1hbY$_$14,1DmNV9C1hbY,42,3,LV,cfcompat_seed1114,-2.16324091,-2
1DmNV9C1hbY$_$14,1DmNV9C1hbY,42,3,LV,moddrop_seed1111,-1.784126163,-2
1DmNV9C1hbY$_$14,1DmNV9C1hbY,42,3,LV,moddrop_seed1114,-2.087245941,-2
1DmNV9C1hbY$_$14,1DmNV9C1hbY,42,3,LV,uniform_kd_seed1111,-2.026578426,-2
1DmNV9C1hbY$_$2,1DmNV9C1hbY,45,3,L,cfcompat_seed1111,2.026397943,1.600000024
1DmNV9C1hbY$_$2,1DmNV9C1hbY,45,3,L,cfcompat_seed1114,2.413187504,1.600000024
1DmNV9C1hbY$_$2,1DmNV9C1hbY,45,3,L,moddrop_seed1111,2.100807428,1.600000024
1DmNV9C1hbY$_$2,1DmNV9C1hbY,45,3,L,moddrop_seed1114,2.415272951,1.600000024
1DmNV9C1hbY$_$2,1DmNV9C1hbY,45,3,L,uniform_kd_seed1111,2.212568998,1.600000024
1DmNV9C1hbY$_$2,1DmNV9C1hbY,45,3,LA,cfcompat_seed1111,2.088001013,1.600000024
1DmNV9C1hbY$_$2,1DmNV9C1hbY,45,3,LA,cfcompat_seed1114,2.417841196,1.600000024
1DmNV9C1hbY$_$2,1DmNV9C1hbY,45,3,LA,moddrop_seed1111,2.146045446,1.600000024
1DmNV9C1hbY$_$2,1DmNV9C1hbY,45,3,LA,moddrop_seed1114,2.435095072,1.600000024
1DmNV9C1hbY$_$2,1DmNV9C1hbY,45,3,LA,uniform_kd_seed1111,2.258799076,1.600000024
1DmNV9C1hbY$_$2,1DmNV9C1hbY,45,3,LAV,cfcompat_seed1111,2.201783895,1.600000024
1DmNV9C1hbY$_$2,1DmNV9C1hbY,45,3,LAV,cfcompat_seed1114,2.406124115,1.600000024
1DmNV9C1hbY$_$2,1DmNV9C1hbY,45,3,LAV,moddrop_seed1111,2.25921607,1.600000024
1DmNV9C1hbY$_$2,1DmNV9C1hbY,45,3,LAV,moddrop_seed1114,2.435222626,1.600000024
1DmNV9C1hbY$_$2,1DmNV9C1hbY,45,3,LAV,uniform_kd_seed1111,2.336797237,1.600000024
1DmNV9C1hbY$_$2,1DmNV9C1hbY,45,3,LV,cfcompat_seed1111,2.135203838,1.600000024
1DmNV9C1hbY$_$2,1DmNV9C1hbY,45,3,LV,cfcompat_seed1114,2.407965183,1.600000024
1DmNV9C1hbY$_$2,1DmNV9C1hbY,45,3,LV,moddrop_seed1111,2.208190203,1.600000024
1DmNV9C1hbY$_$2,1DmNV9C1hbY,45,3,LV,moddrop_seed1114,2.421882391,1.600000024
1DmNV9C1hbY$_$2,1DmNV9C1hbY,45,3,LV,uniform_kd_seed1111,2.290452957,1.600000024
1DmNV9C1hbY$_$3,1DmNV9C1hbY,44,3,L,cfcompat_seed1111,1.434730291,1
1DmNV9C1hbY$_$3,1DmNV9C1hbY,44,3,L,cfcompat_seed1114,1.480554938,1
1DmNV9C1hbY$_$3,1DmNV9C1hbY,44,3,L,moddrop_seed1111,1.974128008,1
1DmNV9C1hbY$_$3,1DmNV9C1hbY,44,3,L,moddrop_seed1114,1.60485816,1
1DmNV9C1hbY$_$3,1DmNV9C1hbY,44,3,L,uniform_kd_seed1111,1.446689844,1
1DmNV9C1hbY$_$3,1DmNV9C1hbY,44,3,LA,cfcompat_seed1111,1.544216275,1
1DmNV9C1hbY$_$3,1DmNV9C1hbY,44,3,LA,cfcompat_seed1114,1.498766303,1
1DmNV9C1hbY$_$3,1DmNV9C1hbY,44,3,LA,moddrop_seed1111,2.067243814,1
1DmNV9C1hbY$_$3,1DmNV9C1hbY,44,3,LA,moddrop_seed1114,1.636572957,1
1DmNV9C1hbY$_$3,1DmNV9C1hbY,44,3,LA,uniform_kd_seed1111,1.535786867,1
1DmNV9C1hbY$_$3,1DmNV9C1hbY,44,3,LAV,cfcompat_seed1111,1.661410928,1
1DmNV9C1hbY$_$3,1DmNV9C1hbY,44,3,LAV,cfcompat_seed1114,1.486407995,1
1DmNV9C1hbY$_$3,1DmNV9C1hbY,44,3,LAV,moddrop_seed1111,2.184915066,1
1DmNV9C1hbY$_$3,1DmNV9C1hbY,44,3,LAV,moddrop_seed1114,1.639207125,1
1DmNV9C1hbY$_$3,1DmNV9C1hbY,44,3,LAV,uniform_kd_seed1111,1.623677611,1
1DmNV9C1hbY$_$3,1DmNV9C1hbY,44,3,LV,cfcompat_seed1111,1.548472643,1
1DmNV9C1hbY$_$3,1DmNV9C1hbY,44,3,LV,cfcompat_seed1114,1.470109463,1
1DmNV9C1hbY$_$3,1DmNV9C1hbY,44,3,LV,moddrop_seed1111,2.088711023,1
1DmNV9C1hbY$_$3,1DmNV9C1hbY,44,3,LV,moddrop_seed1114,1.608517885,1
1DmNV9C1hbY$_$3,1DmNV9C1hbY,44,3,LV,uniform_kd_seed1111,1.532229781,1
1DmNV9C1hbY$_$4,1DmNV9C1hbY,47,3,L,cfcompat_seed1111,0.5195389986,2
1DmNV9C1hbY$_$4,1DmNV9C1hbY,47,3,L,cfcompat_seed1114,0.2255455256,2
1DmNV9C1hbY$_$4,1DmNV9C1hbY,47,3,L,moddrop_seed1111,0.3905029595,2
1DmNV9C1hbY$_$4,1DmNV9C1hbY,47,3,L,moddrop_seed1114,0.5890777111,2
1DmNV9C1hbY$_$4,1DmNV9C1hbY,47,3,L,uniform_kd_seed1111,0.8442683816,2
1DmNV9C1hbY$_$4,1DmNV9C1hbY,47,3,LA,cfcompat_seed1111,0.4650808275,2
1DmNV9C1hbY$_$4,1DmNV9C1hbY,47,3,LA,cfcompat_seed1114,0.1668459624,2
1DmNV9C1hbY$_$4,1DmNV9C1hbY,47,3,LA,moddrop_seed1111,0.3298106492,2
1DmNV9C1hbY$_$4,1DmNV9C1hbY,47,3,LA,moddrop_seed1114,0.5501392484,2
1DmNV9C1hbY$_$4,1DmNV9C1hbY,47,3,LA,uniform_kd_seed1111,0.7923862934,2
1DmNV9C1hbY$_$4,1DmNV9C1hbY,47,3,LAV,cfcompat_seed1111,0.5459190011,2
1DmNV9C1hbY$_$4,1DmNV9C1hbY,47,3,LAV,cfcompat_seed1114,0.1191759408,2
1DmNV9C1hbY$_$4,1DmNV9C1hbY,47,3,LAV,moddrop_seed1111,0.4113025665,2
1DmNV9C1hbY$_$4,1DmNV9C1hbY,47,3,LAV,moddrop_seed1114,0.5136504769,2
1DmNV9C1hbY$_$4,1DmNV9C1hbY,47,3,LAV,uniform_kd_seed1111,0.8410686851,2
1DmNV9C1hbY$_$4,1DmNV9C1hbY,47,3,LV,cfcompat_seed1111,0.5991301537,2
1DmNV9C1hbY$_$4,1DmNV9C1hbY,47,3,LV,cfcompat_seed1114,0.1784753501,2
1DmNV9C1hbY$_$4,1DmNV9C1hbY,47,3,LV,moddrop_seed1111,0.4706065953,2
1DmNV9C1hbY$_$4,1DmNV9C1hbY,47,3,LV,moddrop_seed1114,0.5551126599,2
1DmNV9C1hbY$_$4,1DmNV9C1hbY,47,3,LV,uniform_kd_seed1111,0.8929581642,2
1DmNV9C1hbY$_$5,1DmNV9C1hbY,46,3,L,cfcompat_seed1111,-1.783011079,-1.799999952
1DmNV9C1hbY$_$5,1DmNV9C1hbY,46,3,L,cfcompat_seed1114,-2.065333605,-1.799999952
1DmNV9C1hbY$_$5,1DmNV9C1hbY,46,3,L,moddrop_seed1111,-1.9069525,-1.799999952
1DmNV9C1hbY$_$5,1DmNV9C1hbY,46,3,L,moddrop_seed1114,-2.065328121,-1.799999952
1DmNV9C1hbY$_$5,1DmNV9C1hbY,46,3,L,uniform_kd_seed1111,-1.986334324,-1.799999952
1DmNV9C1hbY$_$5,1DmNV9C1hbY,46,3,LA,cfcompat_seed1111,-1.742267609,-1.799999952
1DmNV9C1hbY$_$5,1DmNV9C1hbY,46,3,LA,cfcompat_seed1114,-2.051079273,-1.799999952
1DmNV9C1hbY$_$5,1DmNV9C1hbY,46,3,LA,moddrop_seed1111,-1.866337299,-1.799999952
1DmNV9C1hbY$_$5,1DmNV9C1hbY,46,3,LA,moddrop_seed1114,-2.039833546,-1.799999952
1DmNV9C1hbY$_$5,1DmNV9C1hbY,46,3,LA,uniform_kd_seed1111,-1.959616899,-1.799999952
1DmNV9C1hbY$_$5,1DmNV9C1hbY,46,3,LAV,cfcompat_seed1111,-1.632623196,-1.799999952
1DmNV9C1hbY$_$5,1DmNV9C1hbY,46,3,LAV,cfcompat_seed1114,-2.054819584,-1.799999952
1DmNV9C1hbY$_$5,1DmNV9C1hbY,46,3,LAV,moddrop_seed1111,-1.765802622,-1.799999952
1DmNV9C1hbY$_$5,1DmNV9C1hbY,46,3,LAV,moddrop_seed1114,-2.033560514,-1.799999952
1DmNV9C1hbY$_$5,1DmNV9C1hbY,46,3,LAV,uniform_kd_seed1111,-1.883104444,-1.799999952
1DmNV9C1hbY$_$5,1DmNV9C1hbY,46,3,LV,cfcompat_seed1111,-1.683370352,-1.799999952
1DmNV9C1hbY$_$5,1DmNV9C1hbY,46,3,LV,cfcompat_seed1114,-2.075896502,-1.799999952
1DmNV9C1hbY$_$5,1DmNV9C1hbY,46,3,LV,moddrop_seed1111,-1.810409307,-1.799999952
1DmNV9C1hbY$_$5,1DmNV9C1hbY,46,3,LV,moddrop_seed1114,-2.063734055,-1.799999952
1DmNV9C1hbY$_$5,1DmNV9C1hbY,46,3,LV,uniform_kd_seed1111,-1.915568829,-1.799999952
1DmNV9C1hbY$_$6,1DmNV9C1hbY,49,3,L,cfcompat_seed1111,-1.415118814,-1.600000024
1DmNV9C1hbY$_$6,1DmNV9C1hbY,49,3,L,cfcompat_seed1114,-1.276654482,-1.600000024
1DmNV9C1hbY$_$6,1DmNV9C1hbY,49,3,L,moddrop_seed1111,-1.927048564,-1.600000024
1DmNV9C1hbY$_$6,1DmNV9C1hbY,49,3,L,moddrop_seed1114,-1.028400302,-1.600000024
1DmNV9C1hbY$_$6,1DmNV9C1hbY,49,3,L,uniform_kd_seed1111,-1.151702762,-1.600000024
1DmNV9C1hbY$_$6,1DmNV9C1hbY,49,3,LA,cfcompat_seed1111,-1.407174706,-1.600000024
1DmNV9C1hbY$_$6,1DmNV9C1hbY,49,3,LA,cfcompat_seed1114,-1.284452319,-1.600000024
1DmNV9C1hbY$_$6,1DmNV9C1hbY,49,3,LA,moddrop_seed1111,-1.917909861,-1.600000024
1DmNV9C1hbY$_$6,1DmNV9C1hbY,49,3,LA,moddrop_seed1114,-1.018982649,-1.600000024
1DmNV9C1hbY$_$6,1DmNV9C1hbY,49,3,LA,uniform_kd_seed1111,-1.150422454,-1.600000024
1DmNV9C1hbY$_$6,1DmNV9C1hbY,49,3,LAV,cfcompat_seed1111,-1.328043342,-1.600000024
1DmNV9C1hbY$_$6,1DmNV9C1hbY,49,3,LAV,cfcompat_seed1114,-1.334944248,-1.600000024
1DmNV9C1hbY$_$6,1DmNV9C1hbY,49,3,LAV,moddrop_seed1111,-1.84207499,-1.600000024
1DmNV9C1hbY$_$6,1DmNV9C1hbY,49,3,LAV,moddrop_seed1114,-1.062949657,-1.600000024
1DmNV9C1hbY$_$6,1DmNV9C1hbY,49,3,LAV,uniform_kd_seed1111,-1.097294092,-1.600000024
1DmNV9C1hbY$_$6,1DmNV9C1hbY,49,3,LV,cfcompat_seed1111,-1.341721892,-1.600000024
1DmNV9C1hbY$_$6,1DmNV9C1hbY,49,3,LV,cfcompat_seed1114,-1.327869892,-1.600000024
1DmNV9C1hbY$_$6,1DmNV9C1hbY,49,3,LV,moddrop_seed1111,-1.852460623,-1.600000024
1DmNV9C1hbY$_$6,1DmNV9C1hbY,49,3,LV,moddrop_seed1114,-1.06970644,-1.600000024
1DmNV9C1hbY$_$6,1DmNV9C1hbY,49,3,LV,uniform_kd_seed1111,-1.103696465,-1.600000024
1DmNV9C1hbY$_$7,1DmNV9C1hbY,48,3,L,cfcompat_seed1111,1.836452603,-1.600000024
1DmNV9C1hbY$_$7,1DmNV9C1hbY,48,3,L,cfcompat_seed1114,1.763328552,-1.600000024
1DmNV9C1hbY$_$7,1DmNV9C1hbY,48,3,L,moddrop_seed1111,2.077017307,-1.600000024
1DmNV9C1hbY$_$7,1DmNV9C1hbY,48,3,L,moddrop_seed1114,1.973299861,-1.600000024
1DmNV9C1hbY$_$7,1DmNV9C1hbY,48,3,L,uniform_kd_seed1111,1.822134495,-1.600000024
1DmNV9C1hbY$_$7,1DmNV9C1hbY,48,3,LA,cfcompat_seed1111,1.762865543,-1.600000024
1DmNV9C1hbY$_$7,1DmNV9C1hbY,48,3,LA,cfcompat_seed1114,1.697407246,-1.600000024
1DmNV9C1hbY$_$7,1DmNV9C1hbY,48,3,LA,moddrop_seed1111,1.996297121,-1.600000024
1DmNV9C1hbY$_$7,1DmNV9C1hbY,48,3,LA,moddrop_seed1114,1.9279356,-1.600000024
1DmNV9C1hbY$_$7,1DmNV9C1hbY,48,3,LA,uniform_kd_seed1111,1.753369927,-1.600000024
1DmNV9C1hbY$_$7,1DmNV9C1hbY,48,3,LAV,cfcompat_seed1111,1.868579745,-1.600000024
1DmNV9C1hbY$_$7,1DmNV9C1hbY,48,3,LAV,cfcompat_seed1114,1.677908778,-1.600000024
1DmNV9C1hbY$_$7,1DmNV9C1hbY,48,3,LAV,moddrop_seed1111,2.105579376,-1.600000024
1DmNV9C1hbY$_$7,1DmNV9C1hbY,48,3,LAV,moddrop_seed1114,1.924077034,-1.600000024
1DmNV9C1hbY$_$7,1DmNV9C1hbY,48,3,LAV,uniform_kd_seed1111,1.828064919,-1.600000024
1DmNV9C1hbY$_$7,1DmNV9C1hbY,48,3,LV,cfcompat_seed1111,1.937060237,-1.600000024
1DmNV9C1hbY$_$7,1DmNV9C1hbY,48,3,LV,cfcompat_seed1114,1.751524806,-1.600000024
1DmNV9C1hbY$_$7,1DmNV9C1hbY,48,3,LV,moddrop_seed1111,2.178360462,-1.600000024
1DmNV9C1hbY$_$7,1DmNV9C1hbY,48,3,LV,moddrop_seed1114,1.975972772,-1.600000024
1DmNV9C1hbY$_$7,1DmNV9C1hbY,48,3,LV,uniform_kd_seed1111,1.894490719,-1.600000024
1DmNV9C1hbY$_$8,1DmNV9C1hbY,51,3,L,cfcompat_seed1111,-0.8359411955,-1.799999952
1DmNV9C1hbY$_$8,1DmNV9C1hbY,51,3,L,cfcompat_seed1114,-1.618930817,-1.799999952
1DmNV9C1hbY$_$8,1DmNV9C1hbY,51,3,L,moddrop_seed1111,-1.786163211,-1.799999952
1DmNV9C1hbY$_$8,1DmNV9C1hbY,51,3,L,moddrop_seed1114,-1.132429719,-1.799999952
1DmNV9C1hbY$_$8,1DmNV9C1hbY,51,3,L,uniform_kd_seed1111,-1.708950758,-1.799999952
1DmNV9C1hbY$_$8,1DmNV9C1hbY,51,3,LA,cfcompat_seed1111,-0.742005527,-1.799999952
1DmNV9C1hbY$_$8,1DmNV9C1hbY,51,3,LA,cfcompat_seed1114,-1.585074306,-1.799999952
1DmNV9C1hbY$_$8,1DmNV9C1hbY,51,3,LA,moddrop_seed1111,-1.714325905,-1.799999952
1DmNV9C1hbY$_$8,1DmNV9C1hbY,51,3,LA,moddrop_seed1114,-1.089471698,-1.799999952
1DmNV9C1hbY$_$8,1DmNV9C1hbY,51,3,LA,uniform_kd_seed1111,-1.644764423,-1.799999952
1DmNV9C1hbY$_$8,1DmNV9C1hbY,51,3,LAV,cfcompat_seed1111,-0.6214061379,-1.799999952
1DmNV9C1hbY$_$8,1DmNV9C1hbY,51,3,LAV,cfcompat_seed1114,-1.567162991,-1.799999952
1DmNV9C1hbY$_$8,1DmNV9C1hbY,51,3,LAV,moddrop_seed1111,-1.599130392,-1.799999952
1DmNV9C1hbY$_$8,1DmNV9C1hbY,51,3,LAV,moddrop_seed1114,-1.060507059,-1.799999952
1DmNV9C1hbY$_$8,1DmNV9C1hbY,51,3,LAV,uniform_kd_seed1111,-1.554401278,-1.799999952
1DmNV9C1hbY$_$8,1DmNV9C1hbY,51,3,LV,cfcompat_seed1111,-0.7238575816,-1.799999952
1DmNV9C1hbY$_$8,1DmNV9C1hbY,51,3,LV,cfcompat_seed1114,-1.60306716,-1.799999952
1DmNV9C1hbY$_$8,1DmNV9C1hbY,51,3,LV,moddrop_seed1111,-1.680624127,-1.799999952
1DmNV9C1hbY$_$8,1DmNV9C1hbY,51,3,LV,moddrop_seed1114,-1.10441637,-1.799999952
1DmNV9C1hbY$_$8,1DmNV9C1hbY,51,3,LV,uniform_kd_seed1111,-1.630060554,-1.799999952
1DmNV9C1hbY$_$9,1DmNV9C1hbY,50,3,L,cfcompat_seed1111,1.965906858,2.200000048
1DmNV9C1hbY$_$9,1DmNV9C1hbY,50,3,L,cfcompat_seed1114,1.969864845,2.200000048
1DmNV9C1hbY$_$9,1DmNV9C1hbY,50,3,L,moddrop_seed1111,2.10799408,2.200000048
1DmNV9C1hbY$_$9,1DmNV9C1hbY,50,3,L,moddrop_seed1114,2.023310423,2.200000048
1DmNV9C1hbY$_$9,1DmNV9C1hbY,50,3,L,uniform_kd_seed1111,1.795430422,2.200000048
1DmNV9C1hbY$_$9,1DmNV9C1hbY,50,3,LA,cfcompat_seed1111,1.954947233,2.200000048
1DmNV9C1hbY$_$9,1DmNV9C1hbY,50,3,LA,cfcompat_seed1114,1.942546725,2.200000048
1DmNV9C1hbY$_$9,1DmNV9C1hbY,50,3,LA,moddrop_seed1111,2.091207981,2.200000048
1DmNV9C1hbY$_$9,1DmNV9C1hbY,50,3,LA,moddrop_seed1114,2.018520355,2.200000048
1DmNV9C1hbY$_$9,1DmNV9C1hbY,50,3,LA,uniform_kd_seed1111,1.781863928,2.200000048
1DmNV9C1hbY$_$9,1DmNV9C1hbY,50,3,LAV,cfcompat_seed1111,2.050573826,2.200000048
1DmNV9C1hbY$_$9,1DmNV9C1hbY,50,3,LAV,cfcompat_seed1114,1.938660622,2.200000048
1DmNV9C1hbY$_$9,1DmNV9C1hbY,50,3,LAV,moddrop_seed1111,2.18621397,2.200000048
1DmNV9C1hbY$_$9,1DmNV9C1hbY,50,3,LAV,moddrop_seed1114,2.030404568,2.200000048
1DmNV9C1hbY$_$9,1DmNV9C1hbY,50,3,LAV,uniform_kd_seed1111,1.845172167,2.200000048
1DmNV9C1hbY$_$9,1DmNV9C1hbY,50,3,LV,cfcompat_seed1111,2.055201769,2.200000048
1DmNV9C1hbY$_$9,1DmNV9C1hbY,50,3,LV,cfcompat_seed1114,1.973434687,2.200000048
1DmNV9C1hbY$_$9,1DmNV9C1hbY,50,3,LV,moddrop_seed1111,2.19340086,2.200000048
1DmNV9C1hbY$_$9,1DmNV9C1hbY,50,3,LV,moddrop_seed1114,2.043282986,2.200000048
1DmNV9C1hbY$_$9,1DmNV9C1hbY,50,3,LV,uniform_kd_seed1111,1.859687567,2.200000048
2WGyTLYerpo$_$1,2WGyTLYerpo,110,3,L,cfcompat_seed1111,1.921523333,2
2WGyTLYerpo$_$1,2WGyTLYerpo,110,3,L,cfcompat_seed1114,1.730517626,2
2WGyTLYerpo$_$1,2WGyTLYerpo,110,3,L,moddrop_seed1111,2.122459412,2
2WGyTLYerpo$_$1,2WGyTLYerpo,110,3,L,moddrop_seed1114,2.015264511,2
2WGyTLYerpo$_$1,2WGyTLYerpo,110,3,L,uniform_kd_seed1111,1.911067963,2
2WGyTLYerpo$_$1,2WGyTLYerpo,110,3,LA,cfcompat_seed1111,2.053985596,2
2WGyTLYerpo$_$1,2WGyTLYerpo,110,3,LA,cfcompat_seed1114,1.756622195,2
2WGyTLYerpo$_$1,2WGyTLYerpo,110,3,LA,moddrop_seed1111,2.234445572,2
2WGyTLYerpo$_$1,2WGyTLYerpo,110,3,LA,moddrop_seed1114,2.057458401,2
2WGyTLYerpo$_$1,2WGyTLYerpo,110,3,LA,uniform_kd_seed1111,2.019691467,2
2WGyTLYerpo$_$1,2WGyTLYerpo,110,3,LAV,cfcompat_seed1111,2.175717354,2
2WGyTLYerpo$_$1,2WGyTLYerpo,110,3,LAV,cfcompat_seed1114,1.77424264,2
2WGyTLYerpo$_$1,2WGyTLYerpo,110,3,LAV,moddrop_seed1111,2.350024939,2
2WGyTLYerpo$_$1,2WGyTLYerpo,110,3,LAV,moddrop_seed1114,2.088285446,2
2WGyTLYerpo$_$1,2WGyTLYerpo,110,3,LAV,uniform_kd_seed1111,2.112180948,2
2WGyTLYerpo$_$1,2WGyTLYerpo,110,3,LV,cfcompat_seed1111,2.046973467,2
2WGyTLYerpo$_$1,2WGyTLYerpo,110,3,LV,cfcompat_seed1114,1.751731873,2
2WGyTLYerpo$_$1,2WGyTLYerpo,110,3,LV,moddrop_seed1111,2.239551067,2
2WGyTLYerpo$_$1,2WGyTLYerpo,110,3,LV,moddrop_seed1114,2.052040815,2
2WGyTLYerpo$_$1,2WGyTLYerpo,110,3,LV,uniform_kd_seed1111,2.007766724,2
2WGyTLYerpo$_$10,2WGyTLYerpo,125,3,L,cfcompat_seed1111,0.7185201049,0.8000000119
2WGyTLYerpo$_$10,2WGyTLYerpo,125,3,L,cfcompat_seed1114,1.077006817,0.8000000119
2WGyTLYerpo$_$10,2WGyTLYerpo,125,3,L,moddrop_seed1111,2.066011429,0.8000000119
2WGyTLYerpo$_$10,2WGyTLYerpo,125,3,L,moddrop_seed1114,1.336219192,0.8000000119
2WGyTLYerpo$_$10,2WGyTLYerpo,125,3,L,uniform_kd_seed1111,0.461918354,0.8000000119
2WGyTLYerpo$_$10,2WGyTLYerpo,125,3,LA,cfcompat_seed1111,0.8640996218,0.8000000119
2WGyTLYerpo$_$10,2WGyTLYerpo,125,3,LA,cfcompat_seed1114,1.122805119,0.8000000119
2WGyTLYerpo$_$10,2WGyTLYerpo,125,3,LA,moddrop_seed1111,2.172883511,0.8000000119
2WGyTLYerpo$_$10,2WGyTLYerpo,125,3,LA,moddrop_seed1114,1.396006346,0.8000000119
2WGyTLYerpo$_$10,2WGyTLYerpo,125,3,LA,uniform_kd_seed1111,0.5857369304,0.8000000119
2WGyTLYerpo$_$10,2WGyTLYerpo,125,3,LAV,cfcompat_seed1111,1.006047606,0.8000000119
2WGyTLYerpo$_$10,2WGyTLYerpo,125,3,LAV,cfcompat_seed1114,1.181173086,0.8000000119
2WGyTLYerpo$_$10,2WGyTLYerpo,125,3,LAV,moddrop_seed1111,2.300984144,0.8000000119
2WGyTLYerpo$_$10,2WGyTLYerpo,125,3,LAV,moddrop_seed1114,1.461453199,0.8000000119
2WGyTLYerpo$_$10,2WGyTLYerpo,125,3,LAV,uniform_kd_seed1111,0.7003971338,0.8000000119
2WGyTLYerpo$_$10,2WGyTLYerpo,125,3,LV,cfcompat_seed1111,0.8587444425,0.8000000119
2WGyTLYerpo$_$10,2WGyTLYerpo,125,3,LV,cfcompat_seed1114,1.137778759,0.8000000119
2WGyTLYerpo$_$10,2WGyTLYerpo,125,3,LV,moddrop_seed1111,2.190017223,0.8000000119
2WGyTLYerpo$_$10,2WGyTLYerpo,125,3,LV,moddrop_seed1114,1.403246045,0.8000000119
2WGyTLYerpo$_$10,2WGyTLYerpo,125,3,LV,uniform_kd_seed1111,0.5732543468,0.8000000119
2WGyTLYerpo$_$11,2WGyTLYerpo,124,3,L,cfcompat_seed1111,1.174521208,2.200000048
2WGyTLYerpo$_$11,2WGyTLYerpo,124,3,L,cfcompat_seed1114,0.9017999172,2.200000048
2WGyTLYerpo$_$11,2WGyTLYerpo,124,3,L,moddrop_seed1111,0.097912848,2.200000048
2WGyTLYerpo$_$11,2WGyTLYerpo,124,3,L,moddrop_seed1114,0.5996304154,2.200000048
2WGyTLYerpo$_$11,2WGyTLYerpo,124,3,L,uniform_kd_seed1111,0.644711256,2.200000048
2WGyTLYerpo$_$11,2WGyTLYerpo,124,3,LA,cfcompat_seed1111,1.289389372,2.200000048
2WGyTLYerpo$_$11,2WGyTLYerpo,124,3,LA,cfcompat_seed1114,0.9232322574,2.200000048
2WGyTLYerpo$_$11,2WGyTLYerpo,124,3,LA,moddrop_seed1111,0.1938597113,2.200000048
2WGyTLYerpo$_$11,2WGyTLYerpo,124,3,LA,moddrop_seed1114,0.6361032724,2.200000048
2WGyTLYerpo$_$11,2WGyTLYerpo,124,3,LA,uniform_kd_seed1111,0.7415242195,2.200000048
2WGyTLYerpo$_$11,2WGyTLYerpo,124,3,LAV,cfcompat_seed1111,1.419656992,2.200000048
2WGyTLYerpo$_$11,2WGyTLYerpo,124,3,LAV,cfcompat_seed1114,0.9339918494,2.200000048
2WGyTLYerpo$_$11,2WGyTLYerpo,124,3,LAV,moddrop_seed1111,0.3302173913,2.200000048
2WGyTLYerpo$_$11,2WGyTLYerpo,124,3,LAV,moddrop_seed1114,0.6564583182,2.200000048
2WGyTLYerpo$_$11,2WGyTLYerpo,124,3,LAV,uniform_kd_seed1111,0.8440078497,2.200000048
2WGyTLYerpo$_$11,2WGyTLYerpo,124,3,LV,cfcompat_seed1111,1.304923177,2.200000048
2WGyTLYerpo$_$11,2WGyTLYerpo,124,3,LV,cfcompat_seed1114,0.915372014,2.200000048
2WGyTLYerpo$_$11,2WGyTLYerpo,124,3,LV,moddrop_seed1111,0.2310952991,2.200000048
2WGyTLYerpo$_$11,2WGyTLYerpo,124,3,LV,moddrop_seed1114,0.6238769293,2.200000048
2WGyTLYerpo$_$11,2WGyTLYerpo,124,3,LV,uniform_kd_seed1111,0.7451737523,2.200000048
2WGyTLYerpo$_$12,2WGyTLYerpo,127,3,L,cfcompat_seed1111,-0.9868376851,1.200000048
2WGyTLYerpo$_$12,2WGyTLYerpo,127,3,L,cfcompat_seed1114,0.05903056636,1.200000048
2WGyTLYerpo$_$12,2WGyTLYerpo,127,3,L,moddrop_seed1111,-1.838619947,1.200000048
2WGyTLYerpo$_$12,2WGyTLYerpo,127,3,L,moddrop_seed1114,0.02992867306,1.200000048
2WGyTLYerpo$_$12,2WGyTLYerpo,127,3,L,uniform_kd_seed1111,-0.393836081,1.200000048
2WGyTLYerpo$_$12,2WGyTLYerpo,127,3,LA,cfcompat_seed1111,-0.8385676742,1.200000048
2WGyTLYerpo$_$12,2WGyTLYerpo,127,3,LA,cfcompat_seed1114,0.1028349102,1.200000048
2WGyTLYerpo$_$12,2WGyTLYerpo,127,3,LA,moddrop_seed1111,-1.718397021,1.200000048
2WGyTLYerpo$_$12,2WGyTLYerpo,127,3,LA,moddrop_seed1114,0.08113075793,1.200000048
2WGyTLYerpo$_$12,2WGyTLYerpo,127,3,LA,uniform_kd_seed1111,-0.2595948279,1.200000048
2WGyTLYerpo$_$12,2WGyTLYerpo,127,3,LAV,cfcompat_seed1111,-0.7090857029,1.200000048
2WGyTLYerpo$_$12,2WGyTLYerpo,127,3,LAV,cfcompat_seed1114,0.1293842196,1.200000048
2WGyTLYerpo$_$12,2WGyTLYerpo,127,3,LAV,moddrop_seed1111,-1.598063707,1.200000048
2WGyTLYerpo$_$12,2WGyTLYerpo,127,3,LAV,moddrop_seed1114,0.1169330627,1.200000048
2WGyTLYerpo$_$12,2WGyTLYerpo,127,3,LAV,uniform_kd_seed1111,-0.1568807214,1.200000048
2WGyTLYerpo$_$12,2WGyTLYerpo,127,3,LV,cfcompat_seed1111,-0.8615563512,1.200000048
2WGyTLYerpo$_$12,2WGyTLYerpo,127,3,LV,cfcompat_seed1114,0.08468189836,1.200000048
2WGyTLYerpo$_$12,2WGyTLYerpo,127,3,LV,moddrop_seed1111,-1.724643707,1.200000048
2WGyTLYerpo$_$12,2WGyTLYerpo,127,3,LV,moddrop_seed1114,0.06168725714,1.200000048
2WGyTLYerpo$_$12,2WGyTLYerpo,127,3,LV,uniform_kd_seed1111,-0.291785419,1.200000048
2WGyTLYerpo$_$13,2WGyTLYerpo,126,3,L,cfcompat_seed1111,2.085860014,2
2WGyTLYerpo$_$13,2WGyTLYerpo,126,3,L,cfcompat_seed1114,1.951632261,2
2WGyTLYerpo$_$13,2WGyTLYerpo,126,3,L,moddrop_seed1111,2.120196104,2
2WGyTLYerpo$_$13,2WGyTLYerpo,126,3,L,moddrop_seed1114,2.058775425,2
2WGyTLYerpo$_$13,2WGyTLYerpo,126,3,L,uniform_kd_seed1111,2.099826813,2
2WGyTLYerpo$_$13,2WGyTLYerpo,126,3,LA,cfcompat_seed1111,2.220399857,2
2WGyTLYerpo$_$13,2WGyTLYerpo,126,3,LA,cfcompat_seed1114,1.974735022,2
2WGyTLYerpo$_$13,2WGyTLYerpo,126,3,LA,moddrop_seed1111,2.239304304,2
2WGyTLYerpo$_$13,2WGyTLYerpo,126,3,LA,moddrop_seed1114,2.099514723,2
2WGyTLYerpo$_$13,2WGyTLYerpo,126,3,LA,uniform_kd_seed1111,2.208294392,2
2WGyTLYerpo$_$13,2WGyTLYerpo,126,3,LAV,cfcompat_seed1111,2.317240953,2
2WGyTLYerpo$_$13,2WGyTLYerpo,126,3,LAV,cfcompat_seed1114,1.967060804,2
2WGyTLYerpo$_$13,2WGyTLYerpo,126,3,LAV,moddrop_seed1111,2.336691618,2
2WGyTLYerpo$_$13,2WGyTLYerpo,126,3,LAV,moddrop_seed1114,2.10603261,2
2WGyTLYerpo$_$13,2WGyTLYerpo,126,3,LAV,uniform_kd_seed1111,2.27635479,2
2WGyTLYerpo$_$13,2WGyTLYerpo,126,3,LV,cfcompat_seed1111,2.18840456,2
2WGyTLYerpo$_$13,2WGyTLYerpo,126,3,LV,cfcompat_seed1114,1.946363688,2
2WGyTLYerpo$_$13,2WGyTLYerpo,126,3,LV,moddrop_seed1111,2.218806505,2
2WGyTLYerpo$_$13,2WGyTLYerpo,126,3,LV,moddrop_seed1114,2.069459915,2
2WGyTLYerpo$_$13,2WGyTLYerpo,126,3,LV,uniform_kd_seed1111,2.175223589,2
2WGyTLYerpo$_$14,2WGyTLYerpo,129,3,L,cfcompat_seed1111,-0.7818111777,0.200000003
2WGyTLYerpo$_$14,2WGyTLYerpo,129,3,L,cfcompat_seed1114,-1.276940465,0.200000003
2WGyTLYerpo$_$14,2WGyTLYerpo,129,3,L,moddrop_seed1111,-1.888798475,0.200000003
2WGyTLYerpo$_$14,2WGyTLYerpo,129,3,L,moddrop_seed1114,-1.25780499,0.200000003
2WGyTLYerpo$_$14,2WGyTLYerpo,129,3,L,uniform_kd_seed1111,-2.009572744,0.200000003
2WGyTLYerpo$_$14,2WGyTLYerpo,129,3,LA,cfcompat_seed1111,-0.6777001619,0.200000003
2WGyTLYerpo$_$14,2WGyTLYerpo,129,3,LA,cfcompat_seed1114,-1.266267776,0.200000003
2WGyTLYerpo$_$14,2WGyTLYerpo,129,3,LA,moddrop_seed1111,-1.806592226,0.200000003
2WGyTLYerpo$_$14,2WGyTLYerpo,129,3,LA,moddrop_seed1114,-1.235152841,0.200000003
2WGyTLYerpo$_$14,2WGyTLYerpo,129,3,LA,uniform_kd_seed1111,-1.941240549,0.200000003
2WGyTLYerpo$_$14,2WGyTLYerpo,129,3,LAV,cfcompat_seed1111,-0.5260918736,0.200000003
2WGyTLYerpo$_$14,2WGyTLYerpo,129,3,LAV,cfcompat_seed1114,-1.23643899,0.200000003
2WGyTLYerpo$_$14,2WGyTLYerpo,129,3,LAV,moddrop_seed1111,-1.676048398,0.200000003
2WGyTLYerpo$_$14,2WGyTLYerpo,129,3,LAV,moddrop_seed1114,-1.196933866,0.200000003
2WGyTLYerpo$_$14,2WGyTLYerpo,129,3,LAV,uniform_kd_seed1111,-1.835620403,0.200000003
2WGyTLYerpo$_$14,2WGyTLYerpo,129,3,LV,cfcompat_seed1111,-0.6382401586,0.200000003
2WGyTLYerpo$_$14,2WGyTLYerpo,129,3,LV,cfcompat_seed1114,-1.245230198,0.200000003
2WGyTLYerpo$_$14,2WGyTLYerpo,129,3,LV,moddrop_seed1111,-1.76550293,0.200000003
2WGyTLYerpo$_$14,2WGyTLYerpo,129,3,LV,moddrop_seed1114,-1.217889428,0.200000003
2WGyTLYerpo$_$14,2WGyTLYerpo,129,3,LV,uniform_kd_seed1111,-1.914841413,0.200000003
2WGyTLYerpo$_$15,2WGyTLYerpo,128,3,L,cfcompat_seed1111,0.1550513208,0.5
2WGyTLYerpo$_$15,2WGyTLYerpo,128,3,L,cfcompat_seed1114,-0.453887552,0.5
2WGyTLYerpo$_$15,2WGyTLYerpo,128,3,L,moddrop_seed1111,-1.886674762,0.5
2WGyTLYerpo$_$15,2WGyTLYerpo,128,3,L,moddrop_seed1114,-0.2331846505,0.5
2WGyTLYerpo$_$15,2WGyTLYerpo,128,3,L,uniform_kd_seed1111,-0.9305108786,0.5
2WGyTLYerpo$_$15,2WGyTLYerpo,128,3,LA,cfcompat_seed1111,0.3121253848,0.5
2WGyTLYerpo$_$15,2WGyTLYerpo,128,3,LA,cfcompat_seed1114,-0.4022808373,0.5
2WGyTLYerpo$_$15,2WGyTLYerpo,128,3,LA,moddrop_seed1111,-1.77617979,0.5
2WGyTLYerpo$_$15,2WGyTLYerpo,128,3,LA,moddrop_seed1114,-0.1698357314,0.5
2WGyTLYerpo$_$15,2WGyTLYerpo,128,3,LA,uniform_kd_seed1111,-0.806532383,0.5
2WGyTLYerpo$_$15,2WGyTLYerpo,128,3,LAV,cfcompat_seed1111,0.4416723847,0.5
2WGyTLYerpo$_$15,2WGyTLYerpo,128,3,LAV,cfcompat_seed1114,-0.3697990477,0.5
2WGyTLYerpo$_$15,2WGyTLYerpo,128,3,LAV,moddrop_seed1111,-1.657693148,0.5
2WGyTLYerpo$_$15,2WGyTLYerpo,128,3,LAV,moddrop_seed1114,-0.1304463595,0.5
2WGyTLYerpo$_$15,2WGyTLYerpo,128,3,LAV,uniform_kd_seed1111,-0.7069377303,0.5
2WGyTLYerpo$_$15,2WGyTLYerpo,128,3,LV,cfcompat_seed1111,0.2845235467,0.5
2WGyTLYerpo$_$15,2WGyTLYerpo,128,3,LV,cfcompat_seed1114,-0.4239823818,0.5
2WGyTLYerpo$_$15,2WGyTLYerpo,128,3,LV,moddrop_seed1111,-1.777482867,0.5
2WGyTLYerpo$_$15,2WGyTLYerpo,128,3,LV,moddrop_seed1114,-0.1942549795,0.5
2WGyTLYerpo$_$15,2WGyTLYerpo,128,3,LV,uniform_kd_seed1111,-0.832642436,0.5
2WGyTLYerpo$_$16,2WGyTLYerpo,131,3,L,cfcompat_seed1111,1.983996749,2
2WGyTLYerpo$_$16,2WGyTLYerpo,131,3,L,cfcompat_seed1114,1.659701347,2
2WGyTLYerpo$_$16,2WGyTLYerpo,131,3,L,moddrop_seed1111,2.126669884,2
2WGyTLYerpo$_$16,2WGyTLYerpo,131,3,L,moddrop_seed1114,2.128281116,2
2WGyTLYerpo$_$16,2WGyTLYerpo,131,3,L,uniform_kd_seed1111,1.960467458,2
2WGyTLYerpo$_$16,2WGyTLYerpo,131,3,LA,cfcompat_seed1111,2.11878562,2
2WGyTLYerpo$_$16,2WGyTLYerpo,131,3,LA,cfcompat_seed1114,1.695094347,2
2WGyTLYerpo$_$16,2WGyTLYerpo,131,3,LA,moddrop_seed1111,2.244758844,2
2WGyTLYerpo$_$16,2WGyTLYerpo,131,3,LA,moddrop_seed1114,2.177265882,2
2WGyTLYerpo$_$16,2WGyTLYerpo,131,3,LA,uniform_kd_seed1111,2.072564125,2
2WGyTLYerpo$_$16,2WGyTLYerpo,131,3,LAV,cfcompat_seed1111,2.238605738,2
2WGyTLYerpo$_$16,2WGyTLYerpo,131,3,LAV,cfcompat_seed1114,1.723397374,2
2WGyTLYerpo$_$16,2WGyTLYerpo,131,3,LAV,moddrop_seed1111,2.360956907,2
2WGyTLYerpo$_$16,2WGyTLYerpo,131,3,LAV,moddrop_seed1114,2.216242075,2
2WGyTLYerpo$_$16,2WGyTLYerpo,131,3,LAV,uniform_kd_seed1111,2.162406683,2
2WGyTLYerpo$_$16,2WGyTLYerpo,131,3,LV,cfcompat_seed1111,2.107889414,2
2WGyTLYerpo$_$16,2WGyTLYerpo,131,3,LV,cfcompat_seed1114,1.692664385,2
2WGyTLYerpo$_$16,2WGyTLYerpo,131,3,LV,moddrop_seed1111,2.243298054,2
2WGyTLYerpo$_$16,2WGyTLYerpo,131,3,LV,moddrop_seed1114,2.175568819,2
2WGyTLYerpo$_$16,2WGyTLYerpo,131,3,LV,uniform_kd_seed1111,2.055972576,2
2WGyTLYerpo$_$17,2WGyTLYerpo,130,3,L,cfcompat_seed1111,2.204471588,2.599999905
2WGyTLYerpo$_$17,2WGyTLYerpo,130,3,L,cfcompat_seed1114,2.599725246,2.599999905
2WGyTLYerpo$_$17,2WGyTLYerpo,130,3,L,moddrop_seed1111,2.117034674,2.599999905
2WGyTLYerpo$_$17,2WGyTLYerpo,130,3,L,moddrop_seed1114,2.524352551,2.599999905
2WGyTLYerpo$_$17,2WGyTLYerpo,130,3,L,uniform_kd_seed1111,2.258414745,2.599999905
2WGyTLYerpo$_$17,2WGyTLYerpo,130,3,LA,cfcompat_seed1111,2.328120947,2.599999905
2WGyTLYerpo$_$17,2WGyTLYerpo,130,3,LA,cfcompat_seed1114,2.641970396,2.599999905
2WGyTLYerpo$_$17,2WGyTLYerpo,130,3,LA,moddrop_seed1111,2.228157997,2.599999905
2WGyTLYerpo$_$17,2WGyTLYerpo,130,3,LA,moddrop_seed1114,2.581356287,2.599999905
2WGyTLYerpo$_$17,2WGyTLYerpo,130,3,LA,uniform_kd_seed1111,2.354088783,2.599999905
2WGyTLYerpo$_$17,2WGyTLYerpo,130,3,LAV,cfcompat_seed1111,2.448618889,2.599999905
2WGyTLYerpo$_$17,2WGyTLYerpo,130,3,LAV,cfcompat_seed1114,2.664209843,2.599999905
2WGyTLYerpo$_$17,2WGyTLYerpo,130,3,LAV,moddrop_seed1111,2.354934931,2.599999905
2WGyTLYerpo$_$17,2WGyTLYerpo,130,3,LAV,moddrop_seed1114,2.611441374,2.599999905
2WGyTLYerpo$_$17,2WGyTLYerpo,130,3,LAV,uniform_kd_seed1111,2.444926262,2.599999905
2WGyTLYerpo$_$17,2WGyTLYerpo,130,3,LV,cfcompat_seed1111,2.330296516,2.599999905
2WGyTLYerpo$_$17,2WGyTLYerpo,130,3,LV,cfcompat_seed1114,2.629508257,2.599999905
2WGyTLYerpo$_$17,2WGyTLYerpo,130,3,LV,moddrop_seed1111,2.243398428,2.599999905
2WGyTLYerpo$_$17,2WGyTLYerpo,130,3,LV,moddrop_seed1114,2.562479734,2.599999905
2WGyTLYerpo$_$17,2WGyTLYerpo,130,3,LV,uniform_kd_seed1111,2.355378389,2.599999905
2WGyTLYerpo$_$18,2WGyTLYerpo,133,3,L,cfcompat_seed1111,2.192039251,2.200000048
2WGyTLYerpo$_$18,2WGyTLYerpo,133,3,L,cfcompat_seed1114,2.588050365,2.200000048
2WGyTLYerpo$_$18,2WGyTLYerpo,133,3,L,moddrop_seed1111,2.122772217,2.200000048
2WGyTLYerpo$_$18,2WGyTLYerpo,133,3,L,moddrop_seed1114,2.523232937,2.200000048
2WGyTLYerpo$_$18,2WGyTLYerpo,133,3,L,uniform_kd_seed1111,2.244057417,2.200000048
2WGyTLYerpo$_$18,2WGyTLYerpo,133,3,LA,cfcompat_seed1111,2.3164289,2.200000048
2WGyTLYerpo$_$18,2WGyTLYerpo,133,3,LA,cfcompat_seed1114,2.629008055,2.200000048
2WGyTLYerpo$_$18,2WGyTLYerpo,133,3,LA,moddrop_seed1111,2.235428333,2.200000048
2WGyTLYerpo$_$18,2WGyTLYerpo,133,3,LA,moddrop_seed1114,2.577554703,2.200000048
2WGyTLYerpo$_$18,2WGyTLYerpo,133,3,LA,uniform_kd_seed1111,2.34106946,2.200000048
2WGyTLYerpo$_$18,2WGyTLYerpo,133,3,LAV,cfcompat_seed1111,2.434453487,2.200000048
2WGyTLYerpo$_$18,2WGyTLYerpo,133,3,LAV,cfcompat_seed1114,2.657443523,2.200000048
2WGyTLYerpo$_$18,2WGyTLYerpo,133,3,LAV,moddrop_seed1111,2.365869999,2.200000048
2WGyTLYerpo$_$18,2WGyTLYerpo,133,3,LAV,moddrop_seed1114,2.614080906,2.200000048
2WGyTLYerpo$_$18,2WGyTLYerpo,133,3,LAV,uniform_kd_seed1111,2.432199717,2.200000048
2WGyTLYerpo$_$18,2WGyTLYerpo,133,3,LV,cfcompat_seed1111,2.316765547,2.200000048
2WGyTLYerpo$_$18,2WGyTLYerpo,133,3,LV,cfcompat_seed1114,2.623271942,2.200000048
2WGyTLYerpo$_$18,2WGyTLYerpo,133,3,LV,moddrop_seed1111,2.251606941,2.200000048
2WGyTLYerpo$_$18,2WGyTLYerpo,133,3,LV,moddrop_seed1114,2.566675663,2.200000048
2WGyTLYerpo$_$18,2WGyTLYerpo,133,3,LV,uniform_kd_seed1111,2.34218812,2.200000048
2WGyTLYerpo$_$19,2WGyTLYerpo,132,3,L,cfcompat_seed1111,-0.7309048176,1.399999976
2WGyTLYerpo$_$19,2WGyTLYerpo,132,3,L,cfcompat_seed1114,-1.027916312,1.399999976
2WGyTLYerpo$_$19,2WGyTLYerpo,132,3,L,moddrop_seed1111,-1.548797607,1.399999976
2WGyTLYerpo$_$19,2WGyTLYerpo,132,3,L,moddrop_seed1114,-0.6029750109,1.399999976
2WGyTLYerpo$_$19,2WGyTLYerpo,132,3,L,uniform_kd_seed1111,-0.5067775249,1.399999976
2WGyTLYerpo$_$19,2WGyTLYerpo,132,3,LA,cfcompat_seed1111,-0.578029573,1.399999976
2WGyTLYerpo$_$19,2WGyTLYerpo,132,3,LA,cfcompat_seed1114,-0.9975280166,1.399999976
2WGyTLYerpo$_$19,2WGyTLYerpo,132,3,LA,moddrop_seed1111,-1.42031312,1.399999976
2WGyTLYerpo$_$19,2WGyTLYerpo,132,3,LA,moddrop_seed1114,-0.5629564524,1.399999976
2WGyTLYerpo$_$19,2WGyTLYerpo,132,3,LA,uniform_kd_seed1111,-0.3677684963,1.399999976
2WGyTLYerpo$_$19,2WGyTLYerpo,132,3,LAV,cfcompat_seed1111,-0.4906015396,1.399999976
2WGyTLYerpo$_$19,2WGyTLYerpo,132,3,LAV,cfcompat_seed1114,-1.03488791,1.399999976
2WGyTLYerpo$_$19,2WGyTLYerpo,132,3,LAV,moddrop_seed1111,-1.33679378,1.399999976
2WGyTLYerpo$_$19,2WGyTLYerpo,132,3,LAV,moddrop_seed1114,-0.5861926675,1.399999976
2WGyTLYerpo$_$19,2WGyTLYerpo,132,3,LAV,uniform_kd_seed1111,-0.3090725541,1.399999976
2WGyTLYerpo$_$19,2WGyTLYerpo,132,3,LV,cfcompat_seed1111,-0.6496596932,1.399999976
2WGyTLYerpo$_$19,2WGyTLYerpo,132,3,LV,cfcompat_seed1114,-1.065433264,1.399999976
2WGyTLYerpo$_$19,2WGyTLYerpo,132,3,LV,moddrop_seed1111,-1.473388433,1.399999976
2WGyTLYerpo$_$19,2WGyTLYerpo,132,3,LV,moddrop_seed1114,-0.6229789257,1.399999976
2WGyTLYerpo$_$19,2WGyTLYerpo,132,3,LV,uniform_kd_seed1111,-0.451076448,1.399999976
2WGyTLYerpo$_$2,2WGyTLYerpo,112,3,L,cfcompat_seed1111,1.810913563,0.400000006
2WGyTLYerpo$_$2,2WGyTLYerpo,112,3,L,cfcompat_seed1114,1.58205533,0.400000006
2WGyTLYerpo$_$2,2WGyTLYerpo,112,3,L,moddrop_seed1111,2.123962641,0.400000006
2WGyTLYerpo$_$2,2WGyTLYerpo,112,3,L,moddrop_seed1114,2.111199379,0.400000006
2WGyTLYerpo$_$2,2WGyTLYerpo,112,3,L,uniform_kd_seed1111,1.858587623,0.400000006
2WGyTLYerpo$_$2,2WGyTLYerpo,112,3,LA,cfcompat_seed1111,1.95382607,0.400000006
2WGyTLYerpo$_$2,2WGyTLYerpo,112,3,LA,cfcompat_seed1114,1.624165177,0.400000006
2WGyTLYerpo$_$2,2WGyTLYerpo,112,3,LA,moddrop_seed1111,2.241059303,0.400000006
2WGyTLYerpo$_$2,2WGyTLYerpo,112,3,LA,moddrop_seed1114,2.166819096,0.400000006
2WGyTLYerpo$_$2,2WGyTLYerpo,112,3,LA,uniform_kd_seed1111,1.975551248,0.400000006
2WGyTLYerpo$_$2,2WGyTLYerpo,112,3,LAV,cfcompat_seed1111,2.071313143,0.400000006
2WGyTLYerpo$_$2,2WGyTLYerpo,112,3,LAV,cfcompat_seed1114,1.654612422,0.400000006
2WGyTLYerpo$_$2,2WGyTLYerpo,112,3,LAV,moddrop_seed1111,2.353524208,0.400000006
2WGyTLYerpo$_$2,2WGyTLYerpo,112,3,LAV,moddrop_seed1114,2.208542109,0.400000006
2WGyTLYerpo$_$2,2WGyTLYerpo,112,3,LAV,uniform_kd_seed1111,2.062558889,0.400000006
2WGyTLYerpo$_$2,2WGyTLYerpo,112,3,LV,cfcompat_seed1111,1.932374835,0.400000006
2WGyTLYerpo$_$2,2WGyTLYerpo,112,3,LV,cfcompat_seed1114,1.616776228,0.400000006
2WGyTLYerpo$_$2,2WGyTLYerpo,112,3,LV,moddrop_seed1111,2.236998081,0.400000006
2WGyTLYerpo$_$2,2WGyTLYerpo,112,3,LV,moddrop_seed1114,2.163043261,0.400000006
2WGyTLYerpo$_$2,2WGyTLYerpo,112,3,LV,uniform_kd_seed1111,1.951214433,0.400000006
2WGyTLYerpo$_$20,2WGyTLYerpo,98,3,L,cfcompat_seed1111,1.943236828,1
2WGyTLYerpo$_$20,2WGyTLYerpo,98,3,L,cfcompat_seed1114,0.1760573685,1
2WGyTLYerpo$_$20,2WGyTLYerpo,98,3,L,moddrop_seed1111,2.114297867,1
2WGyTLYerpo$_$20,2WGyTLYerpo,98,3,L,moddrop_seed1114,0.5529357195,1
2WGyTLYerpo$_$20,2WGyTLYerpo,98,3,L,uniform_kd_seed1111,1.776547909,1
2WGyTLYerpo$_$20,2WGyTLYerpo,98,3,LA,cfcompat_seed1111,2.059515476,1
2WGyTLYerpo$_$20,2WGyTLYerpo,98,3,LA,cfcompat_seed1114,0.227237761,1
2WGyTLYerpo$_$20,2WGyTLYerpo,98,3,LA,moddrop_seed1111,2.213643551,1
2WGyTLYerpo$_$20,2WGyTLYerpo,98,3,LA,moddrop_seed1114,0.6175180674,1
2WGyTLYerpo$_$20,2WGyTLYerpo,98,3,LA,uniform_kd_seed1111,1.873729587,1
2WGyTLYerpo$_$20,2WGyTLYerpo,98,3,LAV,cfcompat_seed1111,2.193708181,1
2WGyTLYerpo$_$20,2WGyTLYerpo,98,3,LAV,cfcompat_seed1114,0.2940293252,1
2WGyTLYerpo$_$20,2WGyTLYerpo,98,3,LAV,moddrop_seed1111,2.344948053,1
2WGyTLYerpo$_$20,2WGyTLYerpo,98,3,LAV,moddrop_seed1114,0.6852526665,1
2WGyTLYerpo$_$20,2WGyTLYerpo,98,3,LAV,uniform_kd_seed1111,1.984757304,1
2WGyTLYerpo$_$20,2WGyTLYerpo,98,3,LV,cfcompat_seed1111,2.073111534,1
2WGyTLYerpo$_$20,2WGyTLYerpo,98,3,LV,cfcompat_seed1114,0.2447694242,1
2WGyTLYerpo$_$20,2WGyTLYerpo,98,3,LV,moddrop_seed1111,2.240740538,1
2WGyTLYerpo$_$20,2WGyTLYerpo,98,3,LV,moddrop_seed1114,0.6246548891,1
2WGyTLYerpo$_$20,2WGyTLYerpo,98,3,LV,uniform_kd_seed1111,1.884968877,1
2WGyTLYerpo$_$21,2WGyTLYerpo,99,3,L,cfcompat_seed1111,1.878662944,0.8000000119
2WGyTLYerpo$_$21,2WGyTLYerpo,99,3,L,cfcompat_seed1114,1.148260593,0.8000000119
2WGyTLYerpo$_$21,2WGyTLYerpo,99,3,L,moddrop_seed1111,2.065112114,0.8000000119
2WGyTLYerpo$_$21,2WGyTLYerpo,99,3,L,moddrop_seed1114,1.15365386,0.8000000119
2WGyTLYerpo$_$21,2WGyTLYerpo,99,3,L,uniform_kd_seed1111,0.9303184748,0.8000000119
2WGyTLYerpo$_$21,2WGyTLYerpo,99,3,LA,cfcompat_seed1111,2.015465975,0.8000000119
2WGyTLYerpo$_$21,2WGyTLYerpo,99,3,LA,cfcompat_seed1114,1.201275826,0.8000000119
2WGyTLYerpo$_$21,2WGyTLYerpo,99,3,LA,moddrop_seed1111,2.181580067,0.8000000119
2WGyTLYerpo$_$21,2WGyTLYerpo,99,3,LA,moddrop_seed1114,1.219541669,0.8000000119
2WGyTLYerpo$_$21,2WGyTLYerpo,99,3,LA,uniform_kd_seed1111,1.062581658,0.8000000119
2WGyTLYerpo$_$21,2WGyTLYerpo,99,3,LAV,cfcompat_seed1111,2.15106988,0.8000000119
2WGyTLYerpo$_$21,2WGyTLYerpo,99,3,LAV,cfcompat_seed1114,1.214743018,0.8000000119
2WGyTLYerpo$_$21,2WGyTLYerpo,99,3,LAV,moddrop_seed1111,2.320615292,0.8000000119
2WGyTLYerpo$_$21,2WGyTLYerpo,99,3,LAV,moddrop_seed1114,1.243247867,0.8000000119
2WGyTLYerpo$_$21,2WGyTLYerpo,99,3,LAV,uniform_kd_seed1111,1.178334475,0.8000000119
2WGyTLYerpo$_$21,2WGyTLYerpo,99,3,LV,cfcompat_seed1111,2.014714956,0.8000000119
2WGyTLYerpo$_$21,2WGyTLYerpo,99,3,LV,cfcompat_seed1114,1.162350178,0.8000000119
2WGyTLYerpo$_$21,2WGyTLYerpo,99,3,LV,moddrop_seed1111,2.202222824,0.8000000119
2WGyTLYerpo$_$21,2WGyTLYerpo,99,3,LV,moddrop_seed1114,1.177787662,0.8000000119
2WGyTLYerpo$_$21,2WGyTLYerpo,99,3,LV,uniform_kd_seed1111,1.045734286,0.8000000119
2WGyTLYerpo$_$22,2WGyTLYerpo,100,3,L,cfcompat_seed1111,-0.7257564068,-0.8000000119
2WGyTLYerpo$_$22,2WGyTLYerpo,100,3,L,cfcompat_seed1114,-1.520767808,-0.8000000119
2WGyTLYerpo$_$22,2WGyTLYerpo,100,3,L,moddrop_seed1111,-1.902576089,-0.8000000119
2WGyTLYerpo$_$22,2WGyTLYerpo,100,3,L,moddrop_seed1114,-1.091740012,-0.8000000119
2WGyTLYerpo$_$22,2WGyTLYerpo,100,3,L,uniform_kd_seed1111,-1.601091266,-0.8000000119
2WGyTLYerpo$_$22,2WGyTLYerpo,100,3,LA,cfcompat_seed1111,-0.7405353189,-0.8000000119
2WGyTLYerpo$_$22,2WGyTLYerpo,100,3,LA,cfcompat_seed1114,-1.557182789,-0.8000000119
2WGyTLYerpo$_$22,2WGyTLYerpo,100,3,LA,moddrop_seed1111,-1.929045558,-0.8000000119
2WGyTLYerpo$_$22,2WGyTLYerpo,100,3,LA,moddrop_seed1114,-1.121448755,-0.8000000119
2WGyTLYerpo$_$22,2WGyTLYerpo,100,3,LA,uniform_kd_seed1111,-1.630277753,-0.8000000119
2WGyTLYerpo$_$22,2WGyTLYerpo,100,3,LAV,cfcompat_seed1111,-0.630236268,-0.8000000119
2WGyTLYerpo$_$22,2WGyTLYerpo,100,3,LAV,cfcompat_seed1114,-1.579040289,-0.8000000119
2WGyTLYerpo$_$22,2WGyTLYerpo,100,3,LAV,moddrop_seed1111,-1.82559526,-0.8000000119
2WGyTLYerpo$_$22,2WGyTLYerpo,100,3,LAV,moddrop_seed1114,-1.134994149,-0.8000000119
2WGyTLYerpo$_$22,2WGyTLYerpo,100,3,LAV,uniform_kd_seed1111,-1.557850003,-0.8000000119
2WGyTLYerpo$_$22,2WGyTLYerpo,100,3,LV,cfcompat_seed1111,-0.6186020374,-0.8000000119
2WGyTLYerpo$_$22,2WGyTLYerpo,100,3,LV,cfcompat_seed1114,-1.53859663,-0.8000000119
2WGyTLYerpo$_$22,2WGyTLYerpo,100,3,LV,moddrop_seed1111,-1.804810047,-0.8000000119
2WGyTLYerpo$_$22,2WGyTLYerpo,100,3,LV,moddrop_seed1114,-1.10026896,-0.8000000119
2WGyTLYerpo$_$22,2WGyTLYerpo,100,3,LV,uniform_kd_seed1111,-1.532932758,-0.8000000119
2WGyTLYerpo$_$23,2WGyTLYerpo,101,3,L,cfcompat_seed1111,-1.095499158,0
2WGyTLYerpo$_$23,2WGyTLYerpo,101,3,L,cfcompat_seed1114,-0.6511170268,0
2WGyTLYerpo$_$23,2WGyTLYerpo,101,3,L,moddrop_seed1111,-1.829367161,0
2WGyTLYerpo$_$23,2WGyTLYerpo,101,3,L,moddrop_seed1114,-0.5089385509,0
2WGyTLYerpo$_$23,2WGyTLYerpo,101,3,L,uniform_kd_seed1111,-0.4532971382,0
2WGyTLYerpo$_$23,2WGyTLYerpo,101,3,LA,cfcompat_seed1111,-1.138053179,0
2WGyTLYerpo$_$23,2WGyTLYerpo,101,3,LA,cfcompat_seed1114,-0.7111510038,0
2WGyTLYerpo$_$23,2WGyTLYerpo,101,3,LA,moddrop_seed1111,-1.874041319,0
2WGyTLYerpo$_$23,2WGyTLYerpo,101,3,LA,moddrop_seed1114,-0.5473307967,0
2WGyTLYerpo$_$23,2WGyTLYerpo,101,3,LA,uniform_kd_seed1111,-0.4851457775,0
2WGyTLYerpo$_$23,2WGyTLYerpo,101,3,LAV,cfcompat_seed1111,-1.03149724,0
2WGyTLYerpo$_$23,2WGyTLYerpo,101,3,LAV,cfcompat_seed1114,-0.7180094719,0
2WGyTLYerpo$_$23,2WGyTLYerpo,101,3,LAV,moddrop_seed1111,-1.771547437,0
2WGyTLYerpo$_$23,2WGyTLYerpo,101,3,LAV,moddrop_seed1114,-0.5476732254,0
2WGyTLYerpo$_$23,2WGyTLYerpo,101,3,LAV,uniform_kd_seed1111,-0.4031239152,0
2WGyTLYerpo$_$23,2WGyTLYerpo,101,3,LV,cfcompat_seed1111,-0.9896573424,0
2WGyTLYerpo$_$23,2WGyTLYerpo,101,3,LV,cfcompat_seed1114,-0.6507262588,0
2WGyTLYerpo$_$23,2WGyTLYerpo,101,3,LV,moddrop_seed1111,-1.728449345,0
2WGyTLYerpo$_$23,2WGyTLYerpo,101,3,LV,moddrop_seed1114,-0.4993309677,0
2WGyTLYerpo$_$23,2WGyTLYerpo,101,3,LV,uniform_kd_seed1111,-0.3699535429,0
2WGyTLYerpo$_$24,2WGyTLYerpo,94,3,L,cfcompat_seed1111,0.6010355353,1.600000024
2WGyTLYerpo$_$24,2WGyTLYerpo,94,3,L,cfcompat_seed1114,-0.1840883493,1.600000024
2WGyTLYerpo$_$24,2WGyTLYerpo,94,3,L,moddrop_seed1111,1.28349328,1.600000024
2WGyTLYerpo$_$24,2WGyTLYerpo,94,3,L,moddrop_seed1114,0.3498691916,1.600000024
2WGyTLYerpo$_$24,2WGyTLYerpo,94,3,L,uniform_kd_seed1111,0.8432903886,1.600000024
2WGyTLYerpo$_$24,2WGyTLYerpo,94,3,LA,cfcompat_seed1111,0.7596706152,1.600000024
2WGyTLYerpo$_$24,2WGyTLYerpo,94,3,LA,cfcompat_seed1114,-0.1926859021,1.600000024
2WGyTLYerpo$_$24,2WGyTLYerpo,94,3,LA,moddrop_seed1111,1.424501777,1.600000024
2WGyTLYerpo$_$24,2WGyTLYerpo,94,3,LA,moddrop_seed1114,0.3456999362,1.600000024
2WGyTLYerpo$_$24,2WGyTLYerpo,94,3,LA,uniform_kd_seed1111,0.9839832783,1.600000024
2WGyTLYerpo$_$24,2WGyTLYerpo,94,3,LAV,cfcompat_seed1111,0.8329705,1.600000024
2WGyTLYerpo$_$24,2WGyTLYerpo,94,3,LAV,cfcompat_seed1114,-0.2716965377,1.600000024
2WGyTLYerpo$_$24,2WGyTLYerpo,94,3,LAV,moddrop_seed1111,1.500433922,1.600000024
2WGyTLYerpo$_$24,2WGyTLYerpo,94,3,LAV,moddrop_seed1114,0.2734261751,1.600000024
2WGyTLYerpo$_$24,2WGyTLYerpo,94,3,LAV,uniform_kd_seed1111,1.031313419,1.600000024
2WGyTLYerpo$_$24,2WGyTLYerpo,94,3,LV,cfcompat_seed1111,0.6747929454,1.600000024
2WGyTLYerpo$_$24,2WGyTLYerpo,94,3,LV,cfcompat_seed1114,-0.2712891996,1.600000024
2WGyTLYerpo$_$24,2WGyTLYerpo,94,3,LV,moddrop_seed1111,1.359811306,1.600000024
2WGyTLYerpo$_$24,2WGyTLYerpo,94,3,LV,moddrop_seed1114,0.2683604658,1.600000024
2WGyTLYerpo$_$24,2WGyTLYerpo,94,3,LV,uniform_kd_seed1111,0.8892304301,1.600000024
2WGyTLYerpo$_$25,2WGyTLYerpo,95,3,L,cfcompat_seed1111,2.124823809,1.799999952
2WGyTLYerpo$_$25,2WGyTLYerpo,95,3,L,cfcompat_seed1114,2.284460783,1.799999952
2WGyTLYerpo$_$25,2WGyTLYerpo,95,3,L,moddrop_seed1111,2.117735386,1.799999952
2WGyTLYerpo$_$25,2WGyTLYerpo,95,3,L,moddrop_seed1114,2.367955208,1.799999952
2WGyTLYerpo$_$25,2WGyTLYerpo,95,3,L,uniform_kd_seed1111,2.154214621,1.799999952
2WGyTLYerpo$_$25,2WGyTLYerpo,95,3,LA,cfcompat_seed1111,2.247023821,1.799999952
2WGyTLYerpo$_$25,2WGyTLYerpo,95,3,LA,cfcompat_seed1114,2.307795048,1.799999952
2WGyTLYerpo$_$25,2WGyTLYerpo,95,3,LA,moddrop_seed1111,2.227972746,1.799999952
2WGyTLYerpo$_$25,2WGyTLYerpo,95,3,LA,moddrop_seed1114,2.408017159,1.799999952
2WGyTLYerpo$_$25,2WGyTLYerpo,95,3,LA,uniform_kd_seed1111,2.250895023,1.799999952
2WGyTLYerpo$_$25,2WGyTLYerpo,95,3,LAV,cfcompat_seed1111,2.362188339,1.799999952
2WGyTLYerpo$_$25,2WGyTLYerpo,95,3,LAV,cfcompat_seed1114,2.31987524,1.799999952
2WGyTLYerpo$_$25,2WGyTLYerpo,95,3,LAV,moddrop_seed1111,2.352404594,1.799999952
2WGyTLYerpo$_$25,2WGyTLYerpo,95,3,LAV,moddrop_seed1114,2.427337646,1.799999952
2WGyTLYerpo$_$25,2WGyTLYerpo,95,3,LAV,uniform_kd_seed1111,2.338513136,1.799999952
2WGyTLYerpo$_$25,2WGyTLYerpo,95,3,LV,cfcompat_seed1111,2.243974209,1.799999952
2WGyTLYerpo$_$25,2WGyTLYerpo,95,3,LV,cfcompat_seed1114,2.297290564,1.799999952
2WGyTLYerpo$_$25,2WGyTLYerpo,95,3,LV,moddrop_seed1111,2.240909576,1.799999952
2WGyTLYerpo$_$25,2WGyTLYerpo,95,3,LV,moddrop_seed1114,2.392013788,1.799999952
2WGyTLYerpo$_$25,2WGyTLYerpo,95,3,LV,uniform_kd_seed1111,2.246652126,1.799999952
2WGyTLYerpo$_$26,2WGyTLYerpo,96,3,L,cfcompat_seed1111,2.090489149,1.799999952
2WGyTLYerpo$_$26,2WGyTLYerpo,96,3,L,cfcompat_seed1114,2.574562073,1.799999952
2WGyTLYerpo$_$26,2WGyTLYerpo,96,3,L,moddrop_seed1111,2.125285149,1.799999952
2WGyTLYerpo$_$26,2WGyTLYerpo,96,3,L,moddrop_seed1114,2.522183895,1.799999952
2WGyTLYerpo$_$26,2WGyTLYerpo,96,3,L,uniform_kd_seed1111,2.01275444,1.799999952
2WGyTLYerpo$_$26,2WGyTLYerpo,96,3,LA,cfcompat_seed1111,2.223088264,1.799999952
2WGyTLYerpo$_$26,2WGyTLYerpo,96,3,LA,cfcompat_seed1114,2.60346365,1.799999952
2WGyTLYerpo$_$26,2WGyTLYerpo,96,3,LA,moddrop_seed1111,2.24372077,1.799999952
2WGyTLYerpo$_$26,2WGyTLYerpo,96,3,LA,moddrop_seed1114,2.562633991,1.799999952
2WGyTLYerpo$_$26,2WGyTLYerpo,96,3,LA,uniform_kd_seed1111,2.123065472,1.799999952
2WGyTLYerpo$_$26,2WGyTLYerpo,96,3,LAV,cfcompat_seed1111,2.318037987,1.799999952
2WGyTLYerpo$_$26,2WGyTLYerpo,96,3,LAV,cfcompat_seed1114,2.59337163,1.799999952
2WGyTLYerpo$_$26,2WGyTLYerpo,96,3,LAV,moddrop_seed1111,2.344124079,1.799999952
2WGyTLYerpo$_$26,2WGyTLYerpo,96,3,LAV,moddrop_seed1114,2.560711861,1.799999952
2WGyTLYerpo$_$26,2WGyTLYerpo,96,3,LAV,uniform_kd_seed1111,2.192494869,1.799999952
2WGyTLYerpo$_$26,2WGyTLYerpo,96,3,LV,cfcompat_seed1111,2.194408894,1.799999952
2WGyTLYerpo$_$26,2WGyTLYerpo,96,3,LV,cfcompat_seed1114,2.568252563,1.799999952
2WGyTLYerpo$_$26,2WGyTLYerpo,96,3,LV,moddrop_seed1111,2.229095936,1.799999952
2WGyTLYerpo$_$26,2WGyTLYerpo,96,3,LV,moddrop_seed1114,2.524140596,1.799999952
2WGyTLYerpo$_$26,2WGyTLYerpo,96,3,LV,uniform_kd_seed1111,2.088709354,1.799999952
2WGyTLYerpo$_$27,2WGyTLYerpo,97,3,L,cfcompat_seed1111,2.12442565,1.799999952
2WGyTLYerpo$_$27,2WGyTLYerpo,97,3,L,cfcompat_seed1114,2.374807358,1.799999952
2WGyTLYerpo$_$27,2WGyTLYerpo,97,3,L,moddrop_seed1111,2.113794565,1.799999952
2WGyTLYerpo$_$27,2WGyTLYerpo,97,3,L,moddrop_seed1114,2.304495811,1.799999952
2WGyTLYerpo$_$27,2WGyTLYerpo,97,3,L,uniform_kd_seed1111,2.007051229,1.799999952
2WGyTLYerpo$_$27,2WGyTLYerpo,97,3,LA,cfcompat_seed1111,2.257637978,1.799999952
2WGyTLYerpo$_$27,2WGyTLYerpo,97,3,LA,cfcompat_seed1114,2.40852046,1.799999952
2WGyTLYerpo$_$27,2WGyTLYerpo,97,3,LA,moddrop_seed1111,2.234432697,1.799999952
2WGyTLYerpo$_$27,2WGyTLYerpo,97,3,LA,moddrop_seed1114,2.351659536,1.799999952
2WGyTLYerpo$_$27,2WGyTLYerpo,97,3,LA,uniform_kd_seed1111,2.120734453,1.799999952
2WGyTLYerpo$_$27,2WGyTLYerpo,97,3,LAV,cfcompat_seed1111,2.355357409,1.799999952
2WGyTLYerpo$_$27,2WGyTLYerpo,97,3,LAV,cfcompat_seed1114,2.391872406,1.799999952
2WGyTLYerpo$_$27,2WGyTLYerpo,97,3,LAV,moddrop_seed1111,2.340591908,1.799999952
2WGyTLYerpo$_$27,2WGyTLYerpo,97,3,LAV,moddrop_seed1114,2.342185497,1.799999952
2WGyTLYerpo$_$27,2WGyTLYerpo,97,3,LAV,uniform_kd_seed1111,2.196923971,1.799999952
2WGyTLYerpo$_$27,2WGyTLYerpo,97,3,LV,cfcompat_seed1111,2.232042313,1.799999952
2WGyTLYerpo$_$27,2WGyTLYerpo,97,3,LV,cfcompat_seed1114,2.361974955,1.799999952
2WGyTLYerpo$_$27,2WGyTLYerpo,97,3,LV,moddrop_seed1111,2.223619938,1.799999952
2WGyTLYerpo$_$27,2WGyTLYerpo,97,3,LV,moddrop_seed1114,2.299879789,1.799999952
2WGyTLYerpo$_$27,2WGyTLYerpo,97,3,LV,uniform_kd_seed1111,2.090820551,1.799999952
2WGyTLYerpo$_$28,2WGyTLYerpo,106,3,L,cfcompat_seed1111,2.181062937,2.400000095
2WGyTLYerpo$_$28,2WGyTLYerpo,106,3,L,cfcompat_seed1114,2.536608934,2.400000095
2WGyTLYerpo$_$28,2WGyTLYerpo,106,3,L,moddrop_seed1111,2.121346474,2.400000095
2WGyTLYerpo$_$28,2WGyTLYerpo,106,3,L,moddrop_seed1114,2.545100689,2.400000095
2WGyTLYerpo$_$28,2WGyTLYerpo,106,3,L,uniform_kd_seed1111,2.182193756,2.400000095
2WGyTLYerpo$_$28,2WGyTLYerpo,106,3,LA,cfcompat_seed1111,2.212893963,2.400000095
2WGyTLYerpo$_$28,2WGyTLYerpo,106,3,LA,cfcompat_seed1114,2.512673855,2.400000095
2WGyTLYerpo$_$28,2WGyTLYerpo,106,3,LA,moddrop_seed1111,2.140437365,2.400000095
2WGyTLYerpo$_$28,2WGyTLYerpo,106,3,LA,moddrop_seed1114,2.537011147,2.400000095
2WGyTLYerpo$_$28,2WGyTLYerpo,106,3,LA,uniform_kd_seed1111,2.202554941,2.400000095
2WGyTLYerpo$_$28,2WGyTLYerpo,106,3,LAV,cfcompat_seed1111,2.342396975,2.400000095
2WGyTLYerpo$_$28,2WGyTLYerpo,106,3,LAV,cfcompat_seed1114,2.516607523,2.400000095
2WGyTLYerpo$_$28,2WGyTLYerpo,106,3,LAV,moddrop_seed1111,2.277335167,2.400000095
2WGyTLYerpo$_$28,2WGyTLYerpo,106,3,LAV,moddrop_seed1114,2.551689386,2.400000095
2WGyTLYerpo$_$28,2WGyTLYerpo,106,3,LAV,uniform_kd_seed1111,2.304397106,2.400000095
2WGyTLYerpo$_$28,2WGyTLYerpo,106,3,LV,cfcompat_seed1111,2.305235386,2.400000095
2WGyTLYerpo$_$28,2WGyTLYerpo,106,3,LV,cfcompat_seed1114,2.546887159,2.400000095
2WGyTLYerpo$_$28,2WGyTLYerpo,106,3,LV,moddrop_seed1111,2.248551369,2.400000095
2WGyTLYerpo$_$28,2WGyTLYerpo,106,3,LV,moddrop_seed1114,2.565993547,2.400000095
2WGyTLYerpo$_$28,2WGyTLYerpo,106,3,LV,uniform_kd_seed1111,2.28030324,2.400000095
2WGyTLYerpo$_$29,2WGyTLYerpo,107,3,L,cfcompat_seed1111,-0.3488841355,0.6000000238
2WGyTLYerpo$_$29,2WGyTLYerpo,107,3,L,cfcompat_seed1114,-0.4320431948,0.6000000238
2WGyTLYerpo$_$29,2WGyTLYerpo,107,3,L,moddrop_seed1111,-0.908513546,0.6000000238
2WGyTLYerpo$_$29,2WGyTLYerpo,107,3,L,moddrop_seed1114,-0.1312700212,0.6000000238
2WGyTLYerpo$_$29,2WGyTLYerpo,107,3,L,uniform_kd_seed1111,-0.3936227262,0.6000000238
2WGyTLYerpo$_$29,2WGyTLYerpo,107,3,LA,cfcompat_seed1111,-0.2154225409,0.6000000238
2WGyTLYerpo$_$29,2WGyTLYerpo,107,3,LA,cfcompat_seed1114,-0.4017384946,0.6000000238
2WGyTLYerpo$_$29,2WGyTLYerpo,107,3,LA,moddrop_seed1111,-0.795876801,0.6000000238
2WGyTLYerpo$_$29,2WGyTLYerpo,107,3,LA,moddrop_seed1114,-0.08884869516,0.6000000238
2WGyTLYerpo$_$29,2WGyTLYerpo,107,3,LA,uniform_kd_seed1111,-0.2790441811,0.6000000238
2WGyTLYerpo$_$29,2WGyTLYerpo,107,3,LAV,cfcompat_seed1111,-0.08224336803,0.6000000238
2WGyTLYerpo$_$29,2WGyTLYerpo,107,3,LAV,cfcompat_seed1114,-0.3954139948,0.6000000238
2WGyTLYerpo$_$29,2WGyTLYerpo,107,3,LAV,moddrop_seed1111,-0.6642525792,0.6000000238
2WGyTLYerpo$_$29,2WGyTLYerpo,107,3,LAV,moddrop_seed1114,-0.07531683147,0.6000000238
2WGyTLYerpo$_$29,2WGyTLYerpo,107,3,LAV,uniform_kd_seed1111,-0.1780227721,0.6000000238
2WGyTLYerpo$_$29,2WGyTLYerpo,107,3,LV,cfcompat_seed1111,-0.2224511504,0.6000000238
2WGyTLYerpo$_$29,2WGyTLYerpo,107,3,LV,cfcompat_seed1114,-0.4310396314,0.6000000238
2WGyTLYerpo$_$29,2WGyTLYerpo,107,3,LV,moddrop_seed1111,-0.7827448249,0.6000000238
2WGyTLYerpo$_$29,2WGyTLYerpo,107,3,LV,moddrop_seed1114,-0.1206168532,0.6000000238
2WGyTLYerpo$_$29,2WGyTLYerpo,107,3,LV,uniform_kd_seed1111,-0.2962569892,0.6000000238
2WGyTLYerpo$_$3,2WGyTLYerpo,111,3,L,cfcompat_seed1111,-0.3355719149,0
2WGyTLYerpo$_$3,2WGyTLYerpo,111,3,L,cfcompat_seed1114,0.1305088103,0
2WGyTLYerpo$_$3,2WGyTLYerpo,111,3,L,moddrop_seed1111,-1.836648941,0
2WGyTLYerpo$_$3,2WGyTLYerpo,111,3,L,moddrop_seed1114,0.007349912077,0
2WGyTLYerpo$_$3,2WGyTLYerpo,111,3,L,uniform_kd_seed1111,0.1882703602,0
2WGyTLYerpo$_$3,2WGyTLYerpo,111,3,LA,cfcompat_seed1111,-0.1864840984,0
2WGyTLYerpo$_$3,2WGyTLYerpo,111,3,LA,cfcompat_seed1114,0.1509663612,0
2WGyTLYerpo$_$3,2WGyTLYerpo,111,3,LA,moddrop_seed1111,-1.719091415,0
2WGyTLYerpo$_$3,2WGyTLYerpo,111,3,LA,moddrop_seed1114,0.03463445976,0
2WGyTLYerpo$_$3,2WGyTLYerpo,111,3,LA,uniform_kd_seed1111,0.3253570497,0
2WGyTLYerpo$_$3,2WGyTLYerpo,111,3,LAV,cfcompat_seed1111,-0.08942065388,0
2WGyTLYerpo$_$3,2WGyTLYerpo,111,3,LAV,cfcompat_seed1114,0.1205993295,0
2WGyTLYerpo$_$3,2WGyTLYerpo,111,3,LAV,moddrop_seed1111,-1.62604928,0
2WGyTLYerpo$_$3,2WGyTLYerpo,111,3,LAV,moddrop_seed1114,0.01145511493,0
2WGyTLYerpo$_$3,2WGyTLYerpo,111,3,LAV,uniform_kd_seed1111,0.3932580054,0
2WGyTLYerpo$_$3,2WGyTLYerpo,111,3,LV,cfcompat_seed1111,-0.2441755235,0
2WGyTLYerpo$_$3,2WGyTLYerpo,111,3,LV,cfcompat_seed1114,0.09912493825,0
2WGyTLYerpo$_$3,2WGyTLYerpo,111,3,LV,moddrop_seed1111,-1.754385471,0
2WGyTLYerpo$_$3,2WGyTLYerpo,111,3,LV,moddrop_seed1114,-0.01815819368,0
2WGyTLYerpo$_$3,2WGyTLYerpo,111,3,LV,uniform_kd_seed1111,0.2540045381,0
2WGyTLYerpo$_$30,2WGyTLYerpo,135,3,L,cfcompat_seed1111,-0.4467548132,-0.200000003
2WGyTLYerpo$_$30,2WGyTLYerpo,135,3,L,cfcompat_seed1114,-0.6336972713,-0.200000003
2WGyTLYerpo$_$30,2WGyTLYerpo,135,3,L,moddrop_seed1111,-0.8492964506,-0.200000003
2WGyTLYerpo$_$30,2WGyTLYerpo,135,3,L,moddrop_seed1114,-0.4665162861,-0.200000003
2WGyTLYerpo$_$30,2WGyTLYerpo,135,3,L,uniform_kd_seed1111,-0.673669219,-0.200000003
2WGyTLYerpo$_$30,2WGyTLYerpo,135,3,LA,cfcompat_seed1111,-0.3048296869,-0.200000003
2WGyTLYerpo$_$30,2WGyTLYerpo,135,3,LA,cfcompat_seed1114,-0.5949527025,-0.200000003
2WGyTLYerpo$_$30,2WGyTLYerpo,135,3,LA,moddrop_seed1111,-0.7252005339,-0.200000003
2WGyTLYerpo$_$30,2WGyTLYerpo,135,3,LA,moddrop_seed1114,-0.4157530069,-0.200000003
2WGyTLYerpo$_$30,2WGyTLYerpo,135,3,LA,uniform_kd_seed1111,-0.5522083044,-0.200000003
2WGyTLYerpo$_$30,2WGyTLYerpo,135,3,LAV,cfcompat_seed1111,-0.1969723403,-0.200000003
2WGyTLYerpo$_$30,2WGyTLYerpo,135,3,LAV,cfcompat_seed1114,-0.6209412813,-0.200000003
2WGyTLYerpo$_$30,2WGyTLYerpo,135,3,LAV,moddrop_seed1111,-0.6145174503,-0.200000003
2WGyTLYerpo$_$30,2WGyTLYerpo,135,3,LAV,moddrop_seed1114,-0.4348582923,-0.200000003
2WGyTLYerpo$_$30,2WGyTLYerpo,135,3,LAV,uniform_kd_seed1111,-0.4758072793,-0.200000003
2WGyTLYerpo$_$30,2WGyTLYerpo,135,3,LV,cfcompat_seed1111,-0.3445682228,-0.200000003
2WGyTLYerpo$_$30,2WGyTLYerpo,135,3,LV,cfcompat_seed1114,-0.662068069,-0.200000003
2WGyTLYerpo$_$30,2WGyTLYerpo,135,3,LV,moddrop_seed1111,-0.7440222502,-0.200000003
2WGyTLYerpo$_$30,2WGyTLYerpo,135,3,LV,moddrop_seed1114,-0.4866634011,-0.200000003
2WGyTLYerpo$_$30,2WGyTLYerpo,135,3,LV,uniform_kd_seed1111,-0.6007797122,-0.200000003
2WGyTLYerpo$_$31,2WGyTLYerpo,134,3,L,cfcompat_seed1111,2.204452991,2
2WGyTLYerpo$_$31,2WGyTLYerpo,134,3,L,cfcompat_seed1114,2.564861298,2
2WGyTLYerpo$_$31,2WGyTLYerpo,134,3,L,moddrop_seed1111,2.114940405,2
2WGyTLYerpo$_$31,2WGyTLYerpo,134,3,L,moddrop_seed1114,2.551635981,2
2WGyTLYerpo$_$31,2WGyTLYerpo,134,3,L,uniform_kd_seed1111,2.279162645,2
2WGyTLYerpo$_$31,2WGyTLYerpo,134,3,LA,cfcompat_seed1111,2.329324722,2
2WGyTLYerpo$_$31,2WGyTLYerpo,134,3,LA,cfcompat_seed1114,2.599811792,2
2WGyTLYerpo$_$31,2WGyTLYerpo,134,3,LA,moddrop_seed1111,2.230969906,2
2WGyTLYerpo$_$31,2WGyTLYerpo,134,3,LA,moddrop_seed1114,2.597510338,2
2WGyTLYerpo$_$31,2WGyTLYerpo,134,3,LA,uniform_kd_seed1111,2.373674393,2
2WGyTLYerpo$_$31,2WGyTLYerpo,134,3,LAV,cfcompat_seed1111,2.418739319,2
2WGyTLYerpo$_$31,2WGyTLYerpo,134,3,LAV,cfcompat_seed1114,2.577219486,2
2WGyTLYerpo$_$31,2WGyTLYerpo,134,3,LAV,moddrop_seed1111,2.328616619,2
2WGyTLYerpo$_$31,2WGyTLYerpo,134,3,LAV,moddrop_seed1114,2.584652662,2
2WGyTLYerpo$_$31,2WGyTLYerpo,134,3,LAV,uniform_kd_seed1111,2.439945936,2
2WGyTLYerpo$_$31,2WGyTLYerpo,134,3,LV,cfcompat_seed1111,2.302920341,2
2WGyTLYerpo$_$31,2WGyTLYerpo,134,3,LV,cfcompat_seed1114,2.546968699,2
2WGyTLYerpo$_$31,2WGyTLYerpo,134,3,LV,moddrop_seed1111,2.21589613,2
2WGyTLYerpo$_$31,2WGyTLYerpo,134,3,LV,moddrop_seed1114,2.543982029,2
2WGyTLYerpo$_$31,2WGyTLYerpo,134,3,LV,uniform_kd_seed1111,2.351166725,2
2WGyTLYerpo$_$32,2WGyTLYerpo,142,3,L,cfcompat_seed1111,-1.866185546,2.200000048
2WGyTLYerpo$_$32,2WGyTLYerpo,142,3,L,cfcompat_seed1114,-2.034986019,2.200000048
2WGyTLYerpo$_$32,2WGyTLYerpo,142,3,L,moddrop_seed1111,-1.863529444,2.200000048
2WGyTLYerpo$_$32,2WGyTLYerpo,142,3,L,moddrop_seed1114,-1.985159039,2.200000048
2WGyTLYerpo$_$32,2WGyTLYerpo,142,3,L,uniform_kd_seed1111,-2.089161634,2.200000048
2WGyTLYerpo$_$32,2WGyTLYerpo,142,3,LA,cfcompat_seed1111,-1.773389935,2.200000048
2WGyTLYerpo$_$32,2WGyTLYerpo,142,3,LA,cfcompat_seed1114,-2.005449057,2.200000048
2WGyTLYerpo$_$32,2WGyTLYerpo,142,3,LA,moddrop_seed1111,-1.770890713,2.200000048
2WGyTLYerpo$_$32,2WGyTLYerpo,142,3,LA,moddrop_seed1114,-1.94532752,2.200000048
2WGyTLYerpo$_$32,2WGyTLYerpo,142,3,LA,uniform_kd_seed1111,-2.010507822,2.200000048
2WGyTLYerpo$_$32,2WGyTLYerpo,142,3,LAV,cfcompat_seed1111,-1.660106421,2.200000048
2WGyTLYerpo$_$32,2WGyTLYerpo,142,3,LAV,cfcompat_seed1114,-1.997947812,2.200000048
2WGyTLYerpo$_$32,2WGyTLYerpo,142,3,LAV,moddrop_seed1111,-1.657048941,2.200000048
2WGyTLYerpo$_$32,2WGyTLYerpo,142,3,LAV,moddrop_seed1114,-1.930459023,2.200000048
2WGyTLYerpo$_$32,2WGyTLYerpo,142,3,LAV,uniform_kd_seed1111,-1.924135804,2.200000048
2WGyTLYerpo$_$32,2WGyTLYerpo,142,3,LV,cfcompat_seed1111,-1.761767626,2.200000048
2WGyTLYerpo$_$32,2WGyTLYerpo,142,3,LV,cfcompat_seed1114,-2.039280891,2.200000048
2WGyTLYerpo$_$32,2WGyTLYerpo,142,3,LV,moddrop_seed1111,-1.752054214,2.200000048
2WGyTLYerpo$_$32,2WGyTLYerpo,142,3,LV,moddrop_seed1114,-1.979943871,2.200000048
2WGyTLYerpo$_$32,2WGyTLYerpo,142,3,LV,uniform_kd_seed1111,-2.010904551,2.200000048
2WGyTLYerpo$_$33,2WGyTLYerpo,140,3,L,cfcompat_seed1111,1.978389859,1.200000048
2WGyTLYerpo$_$33,2WGyTLYerpo,140,3,L,cfcompat_seed1114,1.704104185,1.200000048
2WGyTLYerpo$_$33,2WGyTLYerpo,140,3,L,moddrop_seed1111,2.09271574,1.200000048
2WGyTLYerpo$_$33,2WGyTLYerpo,140,3,L,moddrop_seed1114,1.475837588,1.200000048
2WGyTLYerpo$_$33,2WGyTLYerpo,140,3,L,uniform_kd_seed1111,-1.249328017,1.200000048
2WGyTLYerpo$_$33,2WGyTLYerpo,140,3,LA,cfcompat_seed1111,2.105559826,1.200000048
2WGyTLYerpo$_$33,2WGyTLYerpo,140,3,LA,cfcompat_seed1114,1.738261819,1.200000048
2WGyTLYerpo$_$33,2WGyTLYerpo,140,3,LA,moddrop_seed1111,2.200482368,1.200000048
2WGyTLYerpo$_$33,2WGyTLYerpo,140,3,LA,moddrop_seed1114,1.527809858,1.200000048
2WGyTLYerpo$_$33,2WGyTLYerpo,140,3,LA,uniform_kd_seed1111,-1.151493788,1.200000048
2WGyTLYerpo$_$33,2WGyTLYerpo,140,3,LAV,cfcompat_seed1111,2.225254774,1.200000048
2WGyTLYerpo$_$33,2WGyTLYerpo,140,3,LAV,cfcompat_seed1114,1.730782509,1.200000048
2WGyTLYerpo$_$33,2WGyTLYerpo,140,3,LAV,moddrop_seed1111,2.32540226,1.200000048
2WGyTLYerpo$_$33,2WGyTLYerpo,140,3,LAV,moddrop_seed1114,1.52799058,1.200000048
2WGyTLYerpo$_$33,2WGyTLYerpo,140,3,LAV,uniform_kd_seed1111,-1.047573566,1.200000048
2WGyTLYerpo$_$33,2WGyTLYerpo,140,3,LV,cfcompat_seed1111,2.099555254,1.200000048
2WGyTLYerpo$_$33,2WGyTLYerpo,140,3,LV,cfcompat_seed1114,1.699682236,1.200000048
2WGyTLYerpo$_$33,2WGyTLYerpo,140,3,LV,moddrop_seed1111,2.214955091,1.200000048
2WGyTLYerpo$_$33,2WGyTLYerpo,140,3,LV,moddrop_seed1114,1.476589084,1.200000048
2WGyTLYerpo$_$33,2WGyTLYerpo,140,3,LV,uniform_kd_seed1111,-1.15361166,1.200000048
2WGyTLYerpo$_$34,2WGyTLYerpo,139,3,L,cfcompat_seed1111,-0.9499461651,0.6000000238
2WGyTLYerpo$_$34,2WGyTLYerpo,139,3,L,cfcompat_seed1114,-1.130332828,0.6000000238
2WGyTLYerpo$_$34,2WGyTLYerpo,139,3,L,moddrop_seed1111,-1.616229415,0.6000000238
2WGyTLYerpo$_$34,2WGyTLYerpo,139,3,L,moddrop_seed1114,-0.6270532608,0.6000000238
2WGyTLYerpo$_$34,2WGyTLYerpo,139,3,L,uniform_kd_seed1111,-0.3102996349,0.6000000238
2WGyTLYerpo$_$34,2WGyTLYerpo,139,3,LA,cfcompat_seed1111,-0.7976581454,0.6000000238
2WGyTLYerpo$_$34,2WGyTLYerpo,139,3,LA,cfcompat_seed1114,-1.086331844,0.6000000238
2WGyTLYerpo$_$34,2WGyTLYerpo,139,3,LA,moddrop_seed1111,-1.485560417,0.6000000238
2WGyTLYerpo$_$34,2WGyTLYerpo,139,3,LA,moddrop_seed1114,-0.5692279935,0.6000000238
2WGyTLYerpo$_$34,2WGyTLYerpo,139,3,LA,uniform_kd_seed1111,-0.1714356691,0.6000000238
2WGyTLYerpo$_$34,2WGyTLYerpo,139,3,LAV,cfcompat_seed1111,-0.6585495472,0.6000000238
2WGyTLYerpo$_$34,2WGyTLYerpo,139,3,LAV,cfcompat_seed1114,-1.091114402,0.6000000238
2WGyTLYerpo$_$34,2WGyTLYerpo,139,3,LAV,moddrop_seed1111,-1.348948836,0.6000000238
2WGyTLYerpo$_$34,2WGyTLYerpo,139,3,LAV,moddrop_seed1114,-0.5608081818,0.6000000238
2WGyTLYerpo$_$34,2WGyTLYerpo,139,3,LAV,uniform_kd_seed1111,-0.06042342633,0.6000000238
2WGyTLYerpo$_$34,2WGyTLYerpo,139,3,LV,cfcompat_seed1111,-0.8134656549,0.6000000238
2WGyTLYerpo$_$34,2WGyTLYerpo,139,3,LV,cfcompat_seed1114,-1.134928823,0.6000000238
2WGyTLYerpo$_$34,2WGyTLYerpo,139,3,LV,moddrop_seed1111,-1.48614347,0.6000000238
2WGyTLYerpo$_$34,2WGyTLYerpo,139,3,LV,moddrop_seed1114,-0.6168603897,0.6000000238
2WGyTLYerpo$_$34,2WGyTLYerpo,139,3,LV,uniform_kd_seed1111,-0.1982811838,0.6000000238
2WGyTLYerpo$_$35,2WGyTLYerpo,138,3,L,cfcompat_seed1111,2.206045628,2.200000048
2WGyTLYerpo$_$35,2WGyTLYerpo,138,3,L,cfcompat_seed1114,2.589829445,2.200000048
2WGyTLYerpo$_$35,2WGyTLYerpo,138,3,L,moddrop_seed1111,2.114900351,2.200000048
2WGyTLYerpo$_$35,2WGyTLYerpo,138,3,L,moddrop_seed1114,2.572947741,2.200000048
2WGyTLYerpo$_$35,2WGyTLYerpo,138,3,L,uniform_kd_seed1111,2.229320049,2.200000048
2WGyTLYerpo$_$35,2WGyTLYerpo,138,3,LA,cfcompat_seed1111,2.324276447,2.200000048
2WGyTLYerpo$_$35,2WGyTLYerpo,138,3,LA,cfcompat_seed1114,2.623515368,2.200000048
2WGyTLYerpo$_$35,2WGyTLYerpo,138,3,LA,moddrop_seed1111,2.220709085,2.200000048
2WGyTLYerpo$_$35,2WGyTLYerpo,138,3,LA,moddrop_seed1114,2.619830608,2.200000048
2WGyTLYerpo$_$35,2WGyTLYerpo,138,3,LA,uniform_kd_seed1111,2.323435068,2.200000048
2WGyTLYerpo$_$35,2WGyTLYerpo,138,3,LAV,cfcompat_seed1111,2.437655449,2.200000048
2WGyTLYerpo$_$35,2WGyTLYerpo,138,3,LAV,cfcompat_seed1114,2.635246992,2.200000048
2WGyTLYerpo$_$35,2WGyTLYerpo,138,3,LAV,moddrop_seed1111,2.344792366,2.200000048
2WGyTLYerpo$_$35,2WGyTLYerpo,138,3,LAV,moddrop_seed1114,2.641383886,2.200000048
2WGyTLYerpo$_$35,2WGyTLYerpo,138,3,LAV,uniform_kd_seed1111,2.409930468,2.200000048
2WGyTLYerpo$_$35,2WGyTLYerpo,138,3,LV,cfcompat_seed1111,2.327746153,2.200000048
2WGyTLYerpo$_$35,2WGyTLYerpo,138,3,LV,cfcompat_seed1114,2.606263638,2.200000048
2WGyTLYerpo$_$35,2WGyTLYerpo,138,3,LV,moddrop_seed1111,2.239969969,2.200000048
2WGyTLYerpo$_$35,2WGyTLYerpo,138,3,LV,moddrop_seed1114,2.599238396,2.200000048
2WGyTLYerpo$_$35,2WGyTLYerpo,138,3,LV,uniform_kd_seed1111,2.324738264,2.200000048
2WGyTLYerpo$_$36,2WGyTLYerpo,137,3,L,cfcompat_seed1111,1.320791483,1.200000048
2WGyTLYerpo$_$36,2WGyTLYerpo,137,3,L,cfcompat_seed1114,1.110796332,1.200000048
2WGyTLYerpo$_$36,2WGyTLYerpo,137,3,L,moddrop_seed1111,1.945837617,1.200000048
2WGyTLYerpo$_$36,2WGyTLYerpo,137,3,L,moddrop_seed1114,1.517460108,1.200000048
2WGyTLYerpo$_$36,2WGyTLYerpo,137,3,L,uniform_kd_seed1111,1.099128127,1.200000048
2WGyTLYerpo$_$36,2WGyTLYerpo,137,3,LA,cfcompat_seed1111,1.470612168,1.200000048
2WGyTLYerpo$_$36,2WGyTLYerpo,137,3,LA,cfcompat_seed1114,1.147566676,1.200000048
2WGyTLYerpo$_$36,2WGyTLYerpo,137,3,LA,moddrop_seed1111,2.072749138,1.200000048
2WGyTLYerpo$_$36,2WGyTLYerpo,137,3,LA,moddrop_seed1114,1.563899279,1.200000048
2WGyTLYerpo$_$36,2WGyTLYerpo,137,3,LA,uniform_kd_seed1111,1.23142302,1.200000048
2WGyTLYerpo$_$36,2WGyTLYerpo,137,3,LAV,cfcompat_seed1111,1.586413026,1.200000048
2WGyTLYerpo$_$36,2WGyTLYerpo,137,3,LAV,cfcompat_seed1114,1.150942445,1.200000048
2WGyTLYerpo$_$36,2WGyTLYerpo,137,3,LAV,moddrop_seed1111,2.186471224,1.200000048
2WGyTLYerpo$_$36,2WGyTLYerpo,137,3,LAV,moddrop_seed1114,1.57507658,1.200000048
2WGyTLYerpo$_$36,2WGyTLYerpo,137,3,LAV,uniform_kd_seed1111,1.318205237,1.200000048
2WGyTLYerpo$_$36,2WGyTLYerpo,137,3,LV,cfcompat_seed1111,1.436534643,1.200000048
2WGyTLYerpo$_$36,2WGyTLYerpo,137,3,LV,cfcompat_seed1114,1.113807559,1.200000048
2WGyTLYerpo$_$36,2WGyTLYerpo,137,3,LV,moddrop_seed1111,2.062525034,1.200000048
2WGyTLYerpo$_$36,2WGyTLYerpo,137,3,LV,moddrop_seed1114,1.531616211,1.200000048
2WGyTLYerpo$_$36,2WGyTLYerpo,137,3,LV,uniform_kd_seed1111,1.187089562,1.200000048
2WGyTLYerpo$_$37,2WGyTLYerpo,136,3,L,cfcompat_seed1111,1.982767463,1.399999976
2WGyTLYerpo$_$37,2WGyTLYerpo,136,3,L,cfcompat_seed1114,1.854241371,1.399999976
2WGyTLYerpo$_$37,2WGyTLYerpo,136,3,L,moddrop_seed1111,2.075311899,1.399999976
2WGyTLYerpo$_$37,2WGyTLYerpo,136,3,L,moddrop_seed1114,2.058420181,1.399999976
2WGyTLYerpo$_$37,2WGyTLYerpo,136,3,L,uniform_kd_seed1111,1.755246758,1.399999976
2WGyTLYerpo$_$37,2WGyTLYerpo,136,3,LA,cfcompat_seed1111,2.083145142,1.399999976
2WGyTLYerpo$_$37,2WGyTLYerpo,136,3,LA,cfcompat_seed1114,1.847335577,1.399999976
2WGyTLYerpo$_$37,2WGyTLYerpo,136,3,LA,moddrop_seed1111,2.161328316,1.399999976
2WGyTLYerpo$_$37,2WGyTLYerpo,136,3,LA,moddrop_seed1114,2.075926542,1.399999976
2WGyTLYerpo$_$37,2WGyTLYerpo,136,3,LA,uniform_kd_seed1111,1.834778666,1.399999976
2WGyTLYerpo$_$37,2WGyTLYerpo,136,3,LAV,cfcompat_seed1111,2.206644773,1.399999976
2WGyTLYerpo$_$37,2WGyTLYerpo,136,3,LAV,cfcompat_seed1114,1.879063368,1.399999976
2WGyTLYerpo$_$37,2WGyTLYerpo,136,3,LAV,moddrop_seed1111,2.286587,1.399999976
2WGyTLYerpo$_$37,2WGyTLYerpo,136,3,LAV,moddrop_seed1114,2.115204811,1.399999976
2WGyTLYerpo$_$37,2WGyTLYerpo,136,3,LAV,uniform_kd_seed1111,1.932967663,1.399999976
2WGyTLYerpo$_$37,2WGyTLYerpo,136,3,LV,cfcompat_seed1111,2.105874777,1.399999976
2WGyTLYerpo$_$37,2WGyTLYerpo,136,3,LV,cfcompat_seed1114,1.885524511,1.399999976
2WGyTLYerpo$_$37,2WGyTLYerpo,136,3,LV,moddrop_seed1111,2.19981122,1.399999976
2WGyTLYerpo$_$37,2WGyTLYerpo,136,3,LV,moddrop_seed1114,2.100361586,1.399999976
2WGyTLYerpo$_$37,2WGyTLYerpo,136,3,LV,uniform_kd_seed1111,1.849128723,1.399999976
2WGyTLYerpo$_$38,2WGyTLYerpo,121,3,L,cfcompat_seed1111,1.315298915,1
2WGyTLYerpo$_$38,2WGyTLYerpo,121,3,L,cfcompat_seed1114,1.0857445,1
2WGyTLYerpo$_$38,2WGyTLYerpo,121,3,L,moddrop_seed1111,2.003191471,1
2WGyTLYerpo$_$38,2WGyTLYerpo,121,3,L,moddrop_seed1114,1.540800095,1
2WGyTLYerpo$_$38,2WGyTLYerpo,121,3,L,uniform_kd_seed1111,1.611164451,1
2WGyTLYerpo$_$38,2WGyTLYerpo,121,3,LA,cfcompat_seed1111,1.454311728,1
2WGyTLYerpo$_$38,2WGyTLYerpo,121,3,LA,cfcompat_seed1114,1.107030153,1
2WGyTLYerpo$_$38,2WGyTLYerpo,121,3,LA,moddrop_seed1111,2.119370699,1
2WGyTLYerpo$_$38,2WGyTLYerpo,121,3,LA,moddrop_seed1114,1.573742151,1
2WGyTLYerpo$_$38,2WGyTLYerpo,121,3,LA,uniform_kd_seed1111,1.72292769,1
2WGyTLYerpo$_$38,2WGyTLYerpo,121,3,LAV,cfcompat_seed1111,1.541415095,1
2WGyTLYerpo$_$38,2WGyTLYerpo,121,3,LAV,cfcompat_seed1114,1.077838302,1
2WGyTLYerpo$_$38,2WGyTLYerpo,121,3,LAV,moddrop_seed1111,2.202765703,1
2WGyTLYerpo$_$38,2WGyTLYerpo,121,3,LAV,moddrop_seed1114,1.550453305,1
2WGyTLYerpo$_$38,2WGyTLYerpo,121,3,LAV,uniform_kd_seed1111,1.777019143,1
2WGyTLYerpo$_$38,2WGyTLYerpo,121,3,LV,cfcompat_seed1111,1.402335167,1
2WGyTLYerpo$_$38,2WGyTLYerpo,121,3,LV,cfcompat_seed1114,1.0556885,1
2WGyTLYerpo$_$38,2WGyTLYerpo,121,3,LV,moddrop_seed1111,2.089752436,1
2WGyTLYerpo$_$38,2WGyTLYerpo,121,3,LV,moddrop_seed1114,1.518577576,1
2WGyTLYerpo$_$38,2WGyTLYerpo,121,3,LV,uniform_kd_seed1111,1.667930007,1
2WGyTLYerpo$_$39,2WGyTLYerpo,120,3,L,cfcompat_seed1111,-0.797749877,-0.6000000238
2WGyTLYerpo$_$39,2WGyTLYerpo,120,3,L,cfcompat_seed1114,-1.477529526,-0.6000000238
2WGyTLYerpo$_$39,2WGyTLYerpo,120,3,L,moddrop_seed1111,-1.914668679,-0.6000000238
2WGyTLYerpo$_$39,2WGyTLYerpo,120,3,L,moddrop_seed1114,-1.28666842,-0.6000000238
2WGyTLYerpo$_$39,2WGyTLYerpo,120,3,L,uniform_kd_seed1111,-1.283490658,-0.6000000238
2WGyTLYerpo$_$39,2WGyTLYerpo,120,3,LA,cfcompat_seed1111,-0.6881271005,-0.6000000238
2WGyTLYerpo$_$39,2WGyTLYerpo,120,3,LA,cfcompat_seed1114,-1.453639269,-0.6000000238
2WGyTLYerpo$_$39,2WGyTLYerpo,120,3,LA,moddrop_seed1111,-1.825287342,-0.6000000238
2WGyTLYerpo$_$39,2WGyTLYerpo,120,3,LA,moddrop_seed1114,-1.254878521,-0.6000000238
2WGyTLYerpo$_$39,2WGyTLYerpo,120,3,LA,uniform_kd_seed1111,-1.200088859,-0.6000000238
2WGyTLYerpo$_$39,2WGyTLYerpo,120,3,LAV,cfcompat_seed1111,-0.5809916258,-0.6000000238
2WGyTLYerpo$_$39,2WGyTLYerpo,120,3,LAV,cfcompat_seed1114,-1.490923524,-0.6000000238
2WGyTLYerpo$_$39,2WGyTLYerpo,120,3,LAV,moddrop_seed1111,-1.72037816,-0.6000000238
2WGyTLYerpo$_$39,2WGyTLYerpo,120,3,LAV,moddrop_seed1114,-1.288877726,-0.6000000238
2WGyTLYerpo$_$39,2WGyTLYerpo,120,3,LAV,uniform_kd_seed1111,-1.122678161,-0.6000000238
2WGyTLYerpo$_$39,2WGyTLYerpo,120,3,LV,cfcompat_seed1111,-0.697478056,-0.6000000238
2WGyTLYerpo$_$39,2WGyTLYerpo,120,3,LV,cfcompat_seed1114,-1.517602444,-0.6000000238
2WGyTLYerpo$_$39,2WGyTLYerpo,120,3,LV,moddrop_seed1111,-1.816608548,-0.6000000238
2WGyTLYerpo$_$39,2WGyTLYerpo,120,3,LV,moddrop_seed1114,-1.317765594,-0.6000000238
2WGyTLYerpo$_$39,2WGyTLYerpo,120,3,LV,uniform_kd_seed1111,-1.214597821,-0.6000000238
2WGyTLYerpo$_$4,2WGyTLYerpo,114,3,L,cfcompat_seed1111,-0.5697214007,-0.400000006
2WGyTLYerpo$_$4,2WGyTLYerpo,114,3,L,cfcompat_seed1114,-0.6758902669,-0.400000006
2WGyTLYerpo$_$4,2WGyTLYerpo,114,3,L,moddrop_seed1111,-1.293661118,-0.400000006
2WGyTLYerpo$_$4,2WGyTLYerpo,114,3,L,moddrop_seed1114,-0.2847451866,-0.400000006
2WGyTLYerpo$_$4,2WGyTLYerpo,114,3,L,uniform_kd_seed1111,-0.6287490129,-0.400000006
2WGyTLYerpo$_$4,2WGyTLYerpo,114,3,LA,cfcompat_seed1111,-0.4250946045,-0.400000006
2WGyTLYerpo$_$4,2WGyTLYerpo,114,3,LA,cfcompat_seed1114,-0.6476096511,-0.400000006
2WGyTLYerpo$_$4,2WGyTLYerpo,114,3,LA,moddrop_seed1111,-1.167170048,-0.400000006
2WGyTLYerpo$_$4,2WGyTLYerpo,114,3,LA,moddrop_seed1114,-0.2468390018,-0.400000006
2WGyTLYerpo$_$4,2WGyTLYerpo,114,3,LA,uniform_kd_seed1111,-0.5009685755,-0.400000006
2WGyTLYerpo$_$4,2WGyTLYerpo,114,3,LAV,cfcompat_seed1111,-0.3377360702,-0.400000006
2WGyTLYerpo$_$4,2WGyTLYerpo,114,3,LAV,cfcompat_seed1114,-0.673950851,-0.400000006
2WGyTLYerpo$_$4,2WGyTLYerpo,114,3,LAV,moddrop_seed1111,-1.081646681,-0.400000006
2WGyTLYerpo$_$4,2WGyTLYerpo,114,3,LAV,moddrop_seed1114,-0.2602872252,-0.400000006
2WGyTLYerpo$_$4,2WGyTLYerpo,114,3,LAV,uniform_kd_seed1111,-0.4454325438,-0.400000006
2WGyTLYerpo$_$4,2WGyTLYerpo,114,3,LV,cfcompat_seed1111,-0.4876831174,-0.400000006
2WGyTLYerpo$_$4,2WGyTLYerpo,114,3,LV,cfcompat_seed1114,-0.7033468485,-0.400000006
2WGyTLYerpo$_$4,2WGyTLYerpo,114,3,LV,moddrop_seed1111,-1.211214185,-0.400000006
2WGyTLYerpo$_$4,2WGyTLYerpo,114,3,LV,moddrop_seed1114,-0.2998475432,-0.400000006
2WGyTLYerpo$_$4,2WGyTLYerpo,114,3,LV,uniform_kd_seed1111,-0.5753403306,-0.400000006
2WGyTLYerpo$_$40,2WGyTLYerpo,108,3,L,cfcompat_seed1111,-0.2360271215,0.6000000238
2WGyTLYerpo$_$40,2WGyTLYerpo,108,3,L,cfcompat_seed1114,-0.4585544765,0.6000000238
2WGyTLYerpo$_$40,2WGyTLYerpo,108,3,L,moddrop_seed1111,-0.1905394047,0.6000000238
2WGyTLYerpo$_$40,2WGyTLYerpo,108,3,L,moddrop_seed1114,0.003473650664,0.6000000238
2WGyTLYerpo$_$40,2WGyTLYerpo,108,3,L,uniform_kd_seed1111,-0.5488221645,0.6000000238
2WGyTLYerpo$_$40,2WGyTLYerpo,108,3,LA,cfcompat_seed1111,-0.09502227604,0.6000000238
2WGyTLYerpo$_$40,2WGyTLYerpo,108,3,LA,cfcompat_seed1114,-0.4175278544,0.6000000238
2WGyTLYerpo$_$40,2WGyTLYerpo,108,3,LA,moddrop_seed1111,-0.06203879043,0.6000000238
2WGyTLYerpo$_$40,2WGyTLYerpo,108,3,LA,moddrop_seed1114,0.05626424775,0.6000000238
2WGyTLYerpo$_$40,2WGyTLYerpo,108,3,LA,uniform_kd_seed1111,-0.4300446212,0.6000000238
2WGyTLYerpo$_$40,2WGyTLYerpo,108,3,LAV,cfcompat_seed1111,0.02666564286,0.6000000238
2WGyTLYerpo$_$40,2WGyTLYerpo,108,3,LAV,cfcompat_seed1114,-0.4353884459,0.6000000238
2WGyTLYerpo$_$40,2WGyTLYerpo,108,3,LAV,moddrop_seed1111,0.06471160799,0.6000000238
2WGyTLYerpo$_$40,2WGyTLYerpo,108,3,LAV,moddrop_seed1114,0.04582851753,0.6000000238
2WGyTLYerpo$_$40,2WGyTLYerpo,108,3,LAV,uniform_kd_seed1111,-0.3410508335,0.6000000238
2WGyTLYerpo$_$40,2WGyTLYerpo,108,3,LV,cfcompat_seed1111,-0.1189970449,0.6000000238
2WGyTLYerpo$_$40,2WGyTLYerpo,108,3,LV,cfcompat_seed1114,-0.4782595336,0.6000000238
2WGyTLYerpo$_$40,2WGyTLYerpo,108,3,LV,moddrop_seed1111,-0.0679679811,0.6000000238
2WGyTLYerpo$_$40,2WGyTLYerpo,108,3,LV,moddrop_seed1114,-0.007904682308,0.6000000238
2WGyTLYerpo$_$40,2WGyTLYerpo,108,3,LV,uniform_kd_seed1111,-0.4618951678,0.6000000238
2WGyTLYerpo$_$41,2WGyTLYerpo,109,3,L,cfcompat_seed1111,-0.1711576283,0.6000000238
2WGyTLYerpo$_$41,2WGyTLYerpo,109,3,L,cfcompat_seed1114,-0.6511297822,0.6000000238
2WGyTLYerpo$_$41,2WGyTLYerpo,109,3,L,moddrop_seed1111,-0.3470964432,0.6000000238
2WGyTLYerpo$_$41,2WGyTLYerpo,109,3,L,moddrop_seed1114,-0.1566704959,0.6000000238
2WGyTLYerpo$_$41,2WGyTLYerpo,109,3,L,uniform_kd_seed1111,-0.1846827716,0.6000000238
2WGyTLYerpo$_$41,2WGyTLYerpo,109,3,LA,cfcompat_seed1111,-0.01814892143,0.6000000238
2WGyTLYerpo$_$41,2WGyTLYerpo,109,3,LA,cfcompat_seed1114,-0.610334456,0.6000000238
2WGyTLYerpo$_$41,2WGyTLYerpo,109,3,LA,moddrop_seed1111,-0.20852983,0.6000000238
2WGyTLYerpo$_$41,2WGyTLYerpo,109,3,LA,moddrop_seed1114,-0.1068246514,0.6000000238
2WGyTLYerpo$_$41,2WGyTLYerpo,109,3,LA,uniform_kd_seed1111,-0.05011986941,0.6000000238
2WGyTLYerpo$_$41,2WGyTLYerpo,109,3,LAV,cfcompat_seed1111,0.08787097037,0.6000000238
2WGyTLYerpo$_$41,2WGyTLYerpo,109,3,LAV,cfcompat_seed1114,-0.6446989775,0.6000000238
2WGyTLYerpo$_$41,2WGyTLYerpo,109,3,LAV,moddrop_seed1111,-0.09464678168,0.6000000238
2WGyTLYerpo$_$41,2WGyTLYerpo,109,3,LAV,moddrop_seed1114,-0.1328608096,0.6000000238
2WGyTLYerpo$_$41,2WGyTLYerpo,109,3,LAV,uniform_kd_seed1111,0.02836531214,0.6000000238
2WGyTLYerpo$_$41,2WGyTLYerpo,109,3,LV,cfcompat_seed1111,-0.06735619158,0.6000000238
2WGyTLYerpo$_$41,2WGyTLYerpo,109,3,LV,cfcompat_seed1114,-0.6879879236,0.6000000238
2WGyTLYerpo$_$41,2WGyTLYerpo,109,3,LV,moddrop_seed1111,-0.2369308919,0.6000000238
2WGyTLYerpo$_$41,2WGyTLYerpo,109,3,LV,moddrop_seed1114,-0.1849466711,0.6000000238
2WGyTLYerpo$_$41,2WGyTLYerpo,109,3,LV,uniform_kd_seed1111,-0.1074997857,0.6000000238
2WGyTLYerpo$_$42,2WGyTLYerpo,84,3,L,cfcompat_seed1111,0.8492437601,0
2WGyTLYerpo$_$42,2WGyTLYerpo,84,3,L,cfcompat_seed1114,0.9612833858,0
2WGyTLYerpo$_$42,2WGyTLYerpo,84,3,L,moddrop_seed1111,1.255226254,0
2WGyTLYerpo$_$42,2WGyTLYerpo,84,3,L,moddrop_seed1114,1.178792,0
2WGyTLYerpo$_$42,2WGyTLYerpo,84,3,L,uniform_kd_seed1111,1.089731216,0
2WGyTLYerpo$_$42,2WGyTLYerpo,84,3,LA,cfcompat_seed1111,1.010722518,0
2WGyTLYerpo$_$42,2WGyTLYerpo,84,3,LA,cfcompat_seed1114,1.010332108,0
2WGyTLYerpo$_$42,2WGyTLYerpo,84,3,LA,moddrop_seed1111,1.396065712,0
2WGyTLYerpo$_$42,2WGyTLYerpo,84,3,LA,moddrop_seed1114,1.238751531,0
2WGyTLYerpo$_$42,2WGyTLYerpo,84,3,LA,uniform_kd_seed1111,1.225823998,0
2WGyTLYerpo$_$42,2WGyTLYerpo,84,3,LAV,cfcompat_seed1111,1.163155198,0
2WGyTLYerpo$_$42,2WGyTLYerpo,84,3,LAV,cfcompat_seed1114,1.042564392,0
2WGyTLYerpo$_$42,2WGyTLYerpo,84,3,LAV,moddrop_seed1111,1.547605991,0
2WGyTLYerpo$_$42,2WGyTLYerpo,84,3,LAV,moddrop_seed1114,1.279074669,0
2WGyTLYerpo$_$42,2WGyTLYerpo,84,3,LAV,uniform_kd_seed1111,1.348025203,0
2WGyTLYerpo$_$42,2WGyTLYerpo,84,3,LV,cfcompat_seed1111,1.002229691,0
2WGyTLYerpo$_$42,2WGyTLYerpo,84,3,LV,cfcompat_seed1114,0.9986672997,0
2WGyTLYerpo$_$42,2WGyTLYerpo,84,3,LV,moddrop_seed1111,1.408484817,0
2WGyTLYerpo$_$42,2WGyTLYerpo,84,3,LV,moddrop_seed1114,1.223578691,0
2WGyTLYerpo$_$42,2WGyTLYerpo,84,3,LV,uniform_kd_seed1111,1.211266398,0
2WGyTLYerpo$_$43,2WGyTLYerpo,86,3,L,cfcompat_seed1111,1.29325223,2
2WGyTLYerpo$_$43,2WGyTLYerpo,86,3,L,cfcompat_seed1114,0.3966616094,2
2WGyTLYerpo$_$43,2WGyTLYerpo,86,3,L,moddrop_seed1111,1.701436162,2
2WGyTLYerpo$_$43,2WGyTLYerpo,86,3,L,moddrop_seed1114,1.472666264,2
2WGyTLYerpo$_$43,2WGyTLYerpo,86,3,L,uniform_kd_seed1111,0.2841248512,2
2WGyTLYerpo$_$43,2WGyTLYerpo,86,3,LA,cfcompat_seed1111,1.429403663,2
2WGyTLYerpo$_$43,2WGyTLYerpo,86,3,LA,cfcompat_seed1114,0.4379124045,2
2WGyTLYerpo$_$43,2WGyTLYerpo,86,3,LA,moddrop_seed1111,1.818878293,2
2WGyTLYerpo$_$43,2WGyTLYerpo,86,3,LA,moddrop_seed1114,1.512950063,2
2WGyTLYerpo$_$43,2WGyTLYerpo,86,3,LA,uniform_kd_seed1111,0.4019112289,2
2WGyTLYerpo$_$43,2WGyTLYerpo,86,3,LAV,cfcompat_seed1111,1.558229089,2
2WGyTLYerpo$_$43,2WGyTLYerpo,86,3,LAV,cfcompat_seed1114,0.4433943331,2
2WGyTLYerpo$_$43,2WGyTLYerpo,86,3,LAV,moddrop_seed1111,1.950347543,2
2WGyTLYerpo$_$43,2WGyTLYerpo,86,3,LAV,moddrop_seed1114,1.523692846,2
2WGyTLYerpo$_$43,2WGyTLYerpo,86,3,LAV,uniform_kd_seed1111,0.5053434372,2
2WGyTLYerpo$_$43,2WGyTLYerpo,86,3,LV,cfcompat_seed1111,1.420631766,2
2WGyTLYerpo$_$43,2WGyTLYerpo,86,3,LV,cfcompat_seed1114,0.4061638117,2
2WGyTLYerpo$_$43,2WGyTLYerpo,86,3,LV,moddrop_seed1111,1.831585526,2
2WGyTLYerpo$_$43,2WGyTLYerpo,86,3,LV,moddrop_seed1114,1.485167027,2
2WGyTLYerpo$_$43,2WGyTLYerpo,86,3,LV,uniform_kd_seed1111,0.3834683597,2
2WGyTLYerpo$_$44,2WGyTLYerpo,104,3,L,cfcompat_seed1111,2.02069664,0.200000003
2WGyTLYerpo$_$44,2WGyTLYerpo,104,3,L,cfcompat_seed1114,2.46915102,0.200000003
2WGyTLYerpo$_$44,2WGyTLYerpo,104,3,L,moddrop_seed1111,2.130809546,0.200000003
2WGyTLYerpo$_$44,2WGyTLYerpo,104,3,L,moddrop_seed1114,2.411518812,0.200000003
2WGyTLYerpo$_$44,2WGyTLYerpo,104,3,L,uniform_kd_seed1111,1.793487906,0.200000003
2WGyTLYerpo$_$44,2WGyTLYerpo,104,3,LA,cfcompat_seed1111,2.127069235,0.200000003
2WGyTLYerpo$_$44,2WGyTLYerpo,104,3,LA,cfcompat_seed1114,2.493755817,0.200000003
2WGyTLYerpo$_$44,2WGyTLYerpo,104,3,LA,moddrop_seed1111,2.222528696,0.200000003
2WGyTLYerpo$_$44,2WGyTLYerpo,104,3,LA,moddrop_seed1114,2.45086956,0.200000003
2WGyTLYerpo$_$44,2WGyTLYerpo,104,3,LA,uniform_kd_seed1111,1.883961797,0.200000003
2WGyTLYerpo$_$44,2WGyTLYerpo,104,3,LAV,cfcompat_seed1111,2.268821478,0.200000003
2WGyTLYerpo$_$44,2WGyTLYerpo,104,3,LAV,cfcompat_seed1114,2.531391144,0.200000003
2WGyTLYerpo$_$44,2WGyTLYerpo,104,3,LAV,moddrop_seed1111,2.360980749,0.200000003
2WGyTLYerpo$_$44,2WGyTLYerpo,104,3,LAV,moddrop_seed1114,2.49740386,0.200000003
2WGyTLYerpo$_$44,2WGyTLYerpo,104,3,LAV,uniform_kd_seed1111,2.008389235,0.200000003
2WGyTLYerpo$_$44,2WGyTLYerpo,104,3,LV,cfcompat_seed1111,2.161429167,0.200000003
2WGyTLYerpo$_$44,2WGyTLYerpo,104,3,LV,cfcompat_seed1114,2.513339281,0.200000003
2WGyTLYerpo$_$44,2WGyTLYerpo,104,3,LV,moddrop_seed1111,2.265508175,0.200000003
2WGyTLYerpo$_$44,2WGyTLYerpo,104,3,LV,moddrop_seed1114,2.463078022,0.200000003
2WGyTLYerpo$_$44,2WGyTLYerpo,104,3,LV,uniform_kd_seed1111,1.914295197,0.200000003
2WGyTLYerpo$_$45,2WGyTLYerpo,105,3,L,cfcompat_seed1111,0.0154472515,0.200000003
2WGyTLYerpo$_$45,2WGyTLYerpo,105,3,L,cfcompat_seed1114,-1.325057268,0.200000003
2WGyTLYerpo$_$45,2WGyTLYerpo,105,3,L,moddrop_seed1111,-0.5608894825,0.200000003
2WGyTLYerpo$_$45,2WGyTLYerpo,105,3,L,moddrop_seed1114,-0.4899937212,0.200000003
2WGyTLYerpo$_$45,2WGyTLYerpo,105,3,L,uniform_kd_seed1111,-0.2127400488,0.200000003
2WGyTLYerpo$_$45,2WGyTLYerpo,105,3,LA,cfcompat_seed1111,0.1573498547,0.200000003
2WGyTLYerpo$_$45,2WGyTLYerpo,105,3,LA,cfcompat_seed1114,-1.288368821,0.200000003
2WGyTLYerpo$_$45,2WGyTLYerpo,105,3,LA,moddrop_seed1111,-0.4393260777,0.200000003
2WGyTLYerpo$_$45,2WGyTLYerpo,105,3,LA,moddrop_seed1114,-0.4400321543,0.200000003
2WGyTLYerpo$_$45,2WGyTLYerpo,105,3,LA,uniform_kd_seed1111,-0.09262115508,0.200000003
2WGyTLYerpo$_$45,2WGyTLYerpo,105,3,LAV,cfcompat_seed1111,0.2987374067,0.200000003
2WGyTLYerpo$_$45,2WGyTLYerpo,105,3,LAV,cfcompat_seed1114,-1.270481586,0.200000003
2WGyTLYerpo$_$45,2WGyTLYerpo,105,3,LAV,moddrop_seed1111,-0.2977092266,0.200000003
2WGyTLYerpo$_$45,2WGyTLYerpo,105,3,LAV,moddrop_seed1114,-0.4034133255,0.200000003
2WGyTLYerpo$_$45,2WGyTLYerpo,105,3,LAV,uniform_kd_seed1111,0.01836084016,0.200000003
2WGyTLYerpo$_$45,2WGyTLYerpo,105,3,LV,cfcompat_seed1111,0.1540447474,0.200000003
2WGyTLYerpo$_$45,2WGyTLYerpo,105,3,LV,cfcompat_seed1114,-1.306868792,0.200000003
2WGyTLYerpo$_$45,2WGyTLYerpo,105,3,LV,moddrop_seed1111,-0.4246437252,0.200000003
2WGyTLYerpo$_$45,2WGyTLYerpo,105,3,LV,moddrop_seed1114,-0.4519785345,0.200000003
2WGyTLYerpo$_$45,2WGyTLYerpo,105,3,LV,uniform_kd_seed1111,-0.1049246565,0.200000003
2WGyTLYerpo$_$46,2WGyTLYerpo,102,3,L,cfcompat_seed1111,2.000858068,1.399999976
2WGyTLYerpo$_$46,2WGyTLYerpo,102,3,L,cfcompat_seed1114,2.032778025,1.399999976
2WGyTLYerpo$_$46,2WGyTLYerpo,102,3,L,moddrop_seed1111,2.094827175,1.399999976
2WGyTLYerpo$_$46,2WGyTLYerpo,102,3,L,moddrop_seed1114,2.088037729,1.399999976
2WGyTLYerpo$_$46,2WGyTLYerpo,102,3,L,uniform_kd_seed1111,1.595154524,1.399999976
2WGyTLYerpo$_$46,2WGyTLYerpo,102,3,LA,cfcompat_seed1111,1.988440633,1.399999976
2WGyTLYerpo$_$46,2WGyTLYerpo,102,3,LA,cfcompat_seed1114,1.982693195,1.399999976
2WGyTLYerpo$_$46,2WGyTLYerpo,102,3,LA,moddrop_seed1111,2.077569962,1.399999976
2WGyTLYerpo$_$46,2WGyTLYerpo,102,3,LA,moddrop_seed1114,2.063769579,1.399999976
2WGyTLYerpo$_$46,2WGyTLYerpo,102,3,LA,uniform_kd_seed1111,1.582823396,1.399999976
2WGyTLYerpo$_$46,2WGyTLYerpo,102,3,LAV,cfcompat_seed1111,2.134428501,1.399999976
2WGyTLYerpo$_$46,2WGyTLYerpo,102,3,LAV,cfcompat_seed1114,2.013096333,1.399999976
2WGyTLYerpo$_$46,2WGyTLYerpo,102,3,LAV,moddrop_seed1111,2.228209972,1.399999976
2WGyTLYerpo$_$46,2WGyTLYerpo,102,3,LAV,moddrop_seed1114,2.1052351,1.399999976
2WGyTLYerpo$_$46,2WGyTLYerpo,102,3,LAV,uniform_kd_seed1111,1.6997118,1.399999976
2WGyTLYerpo$_$46,2WGyTLYerpo,102,3,LV,cfcompat_seed1111,2.134422779,1.399999976
2WGyTLYerpo$_$46,2WGyTLYerpo,102,3,LV,cfcompat_seed1114,2.06551671,1.399999976
2WGyTLYerpo$_$46,2WGyTLYerpo,102,3,LV,moddrop_seed1111,2.229807377,1.399999976
2WGyTLYerpo$_$46,2WGyTLYerpo,102,3,LV,moddrop_seed1114,2.133553267,1.399999976
2WGyTLYerpo$_$46,2WGyTLYerpo,102,3,LV,uniform_kd_seed1111,1.708699822,1.399999976
2WGyTLYerpo$_$47,2WGyTLYerpo,103,3,L,cfcompat_seed1111,0.3951723874,0
2WGyTLYerpo$_$47,2WGyTLYerpo,103,3,L,cfcompat_seed1114,-0.04158678278,0
2WGyTLYerpo$_$47,2WGyTLYerpo,103,3,L,moddrop_seed1111,0.5698459148,0
2WGyTLYerpo$_$47,2WGyTLYerpo,103,3,L,moddrop_seed1114,0.3687277734,0
2WGyTLYerpo$_$47,2WGyTLYerpo,103,3,L,uniform_kd_seed1111,0.4202040732,0
2WGyTLYerpo$_$47,2WGyTLYerpo,103,3,LA,cfcompat_seed1111,0.4072656035,0
2WGyTLYerpo$_$47,2WGyTLYerpo,103,3,LA,cfcompat_seed1114,-0.115643084,0
2WGyTLYerpo$_$47,2WGyTLYerpo,103,3,LA,moddrop_seed1111,0.5769279599,0
2WGyTLYerpo$_$47,2WGyTLYerpo,103,3,LA,moddrop_seed1114,0.3151088059,0
2WGyTLYerpo$_$47,2WGyTLYerpo,103,3,LA,uniform_kd_seed1111,0.4313156009,0
2WGyTLYerpo$_$47,2WGyTLYerpo,103,3,LAV,cfcompat_seed1111,0.544108212,0
2WGyTLYerpo$_$47,2WGyTLYerpo,103,3,LAV,cfcompat_seed1114,-0.1016449779,0
2WGyTLYerpo$_$47,2WGyTLYerpo,103,3,LAV,moddrop_seed1111,0.7189413309,0
2WGyTLYerpo$_$47,2WGyTLYerpo,103,3,LAV,moddrop_seed1114,0.3353517056,0
2WGyTLYerpo$_$47,2WGyTLYerpo,103,3,LAV,uniform_kd_seed1111,0.5361630321,0
2WGyTLYerpo$_$47,2WGyTLYerpo,103,3,LV,cfcompat_seed1111,0.5299963355,0
2WGyTLYerpo$_$47,2WGyTLYerpo,103,3,LV,cfcompat_seed1114,-0.02766155824,0
2WGyTLYerpo$_$47,2WGyTLYerpo,103,3,LV,moddrop_seed1111,0.7097587585,0
2WGyTLYerpo$_$47,2WGyTLYerpo,103,3,LV,moddrop_seed1114,0.3878533542,0
2WGyTLYerpo$_$47,2WGyTLYerpo,103,3,LV,uniform_kd_seed1111,0.5230022073,0
2WGyTLYerpo$_$48,2WGyTLYerpo,85,3,L,cfcompat_seed1111,-1.72222662,-1
2WGyTLYerpo$_$48,2WGyTLYerpo,85,3,L,cfcompat_seed1114,-2.074510336,-1
2WGyTLYerpo$_$48,2WGyTLYerpo,85,3,L,moddrop_seed1111,-1.897531271,-1
2WGyTLYerpo$_$48,2WGyTLYerpo,85,3,L,moddrop_seed1114,-1.94212532,-1
2WGyTLYerpo$_$48,2WGyTLYerpo,85,3,L,uniform_kd_seed1111,-2.060945988,-1
2WGyTLYerpo$_$48,2WGyTLYerpo,85,3,LA,cfcompat_seed1111,-1.590595722,-1
2WGyTLYerpo$_$48,2WGyTLYerpo,85,3,LA,cfcompat_seed1114,-2.016428232,-1
2WGyTLYerpo$_$48,2WGyTLYerpo,85,3,LA,moddrop_seed1111,-1.77799201,-1
2WGyTLYerpo$_$48,2WGyTLYerpo,85,3,LA,moddrop_seed1114,-1.878753304,-1
2WGyTLYerpo$_$48,2WGyTLYerpo,85,3,LA,uniform_kd_seed1111,-1.953088164,-1
2WGyTLYerpo$_$48,2WGyTLYerpo,85,3,LAV,cfcompat_seed1111,-1.455355525,-1
2WGyTLYerpo$_$48,2WGyTLYerpo,85,3,LAV,cfcompat_seed1114,-1.974763989,-1
2WGyTLYerpo$_$48,2WGyTLYerpo,85,3,LAV,moddrop_seed1111,-1.649677873,-1
2WGyTLYerpo$_$48,2WGyTLYerpo,85,3,LAV,moddrop_seed1114,-1.831012368,-1
2WGyTLYerpo$_$48,2WGyTLYerpo,85,3,LAV,uniform_kd_seed1111,-1.851131201,-1
2WGyTLYerpo$_$48,2WGyTLYerpo,85,3,LV,cfcompat_seed1111,-1.593863726,-1
2WGyTLYerpo$_$48,2WGyTLYerpo,85,3,LV,cfcompat_seed1114,-2.048052073,-1
2WGyTLYerpo$_$48,2WGyTLYerpo,85,3,LV,moddrop_seed1111,-1.77310133,-1
2WGyTLYerpo$_$48,2WGyTLYerpo,85,3,LV,moddrop_seed1114,-1.907403469,-1
2WGyTLYerpo$_$48,2WGyTLYerpo,85,3,LV,uniform_kd_seed1111,-1.965527534,-1
2WGyTLYerpo$_$49,2WGyTLYerpo,91,3,L,cfcompat_seed1111,-1.492256641,-0.6000000238
2WGyTLYerpo$_$49,2WGyTLYerpo,91,3,L,cfcompat_seed1114,-1.623667479,-0.6000000238
2WGyTLYerpo$_$49,2WGyTLYerpo,91,3,L,moddrop_seed1111,-1.89413631,-0.6000000238
2WGyTLYerpo$_$49,2WGyTLYerpo,91,3,L,moddrop_seed1114,-1.294127345,-0.6000000238
2WGyTLYerpo$_$49,2WGyTLYerpo,91,3,L,uniform_kd_seed1111,-1.668006063,-0.6000000238
2WGyTLYerpo$_$49,2WGyTLYerpo,91,3,LA,cfcompat_seed1111,-1.391821623,-0.6000000238
2WGyTLYerpo$_$49,2WGyTLYerpo,91,3,LA,cfcompat_seed1114,-1.593726873,-0.6000000238
2WGyTLYerpo$_$49,2WGyTLYerpo,91,3,LA,moddrop_seed1111,-1.807537913,-0.6000000238
2WGyTLYerpo$_$49,2WGyTLYerpo,91,3,LA,moddrop_seed1114,-1.25617826,-0.6000000238
2WGyTLYerpo$_$49,2WGyTLYerpo,91,3,LA,uniform_kd_seed1111,-1.591262341,-0.6000000238
2WGyTLYerpo$_$49,2WGyTLYerpo,91,3,LAV,cfcompat_seed1111,-1.275341511,-0.6000000238
2WGyTLYerpo$_$49,2WGyTLYerpo,91,3,LAV,cfcompat_seed1114,-1.602958918,-0.6000000238
2WGyTLYerpo$_$49,2WGyTLYerpo,91,3,LAV,moddrop_seed1111,-1.692826748,-0.6000000238
2WGyTLYerpo$_$49,2WGyTLYerpo,91,3,LAV,moddrop_seed1114,-1.263452053,-0.6000000238
2WGyTLYerpo$_$49,2WGyTLYerpo,91,3,LAV,uniform_kd_seed1111,-1.500223875,-0.6000000238
2WGyTLYerpo$_$49,2WGyTLYerpo,91,3,LV,cfcompat_seed1111,-1.384527564,-0.6000000238
2WGyTLYerpo$_$49,2WGyTLYerpo,91,3,LV,cfcompat_seed1114,-1.637557626,-0.6000000238
2WGyTLYerpo$_$49,2WGyTLYerpo,91,3,LV,moddrop_seed1111,-1.787696838,-0.6000000238
2WGyTLYerpo$_$49,2WGyTLYerpo,91,3,LV,moddrop_seed1114,-1.298955441,-0.6000000238
2WGyTLYerpo$_$49,2WGyTLYerpo,91,3,LV,uniform_kd_seed1111,-1.590697765,-0.6000000238
2WGyTLYerpo$_$5,2WGyTLYerpo,113,3,L,cfcompat_seed1111,-0.5547782183,0
2WGyTLYerpo$_$5,2WGyTLYerpo,113,3,L,cfcompat_seed1114,-0.6285866499,0
2WGyTLYerpo$_$5,2WGyTLYerpo,113,3,L,moddrop_seed1111,-1.286607385,0
2WGyTLYerpo$_$5,2WGyTLYerpo,113,3,L,moddrop_seed1114,-0.5070781708,0
2WGyTLYerpo$_$5,2WGyTLYerpo,113,3,L,uniform_kd_seed1111,-0.656752944,0
2WGyTLYerpo$_$5,2WGyTLYerpo,113,3,LA,cfcompat_seed1111,-0.3997464478,0
2WGyTLYerpo$_$5,2WGyTLYerpo,113,3,LA,cfcompat_seed1114,-0.5920930505,0
2WGyTLYerpo$_$5,2WGyTLYerpo,113,3,LA,moddrop_seed1111,-1.148746014,0
2WGyTLYerpo$_$5,2WGyTLYerpo,113,3,LA,moddrop_seed1114,-0.4595061243,0
2WGyTLYerpo$_$5,2WGyTLYerpo,113,3,LA,uniform_kd_seed1111,-0.5202132463,0
2WGyTLYerpo$_$5,2WGyTLYerpo,113,3,LAV,cfcompat_seed1111,-0.3013167679,0
2WGyTLYerpo$_$5,2WGyTLYerpo,113,3,LAV,cfcompat_seed1114,-0.6257721782,0
2WGyTLYerpo$_$5,2WGyTLYerpo,113,3,LAV,moddrop_seed1111,-1.051581144,0
2WGyTLYerpo$_$5,2WGyTLYerpo,113,3,LAV,moddrop_seed1114,-0.4888201654,0
2WGyTLYerpo$_$5,2WGyTLYerpo,113,3,LAV,uniform_kd_seed1111,-0.4526893795,0
2WGyTLYerpo$_$5,2WGyTLYerpo,113,3,LV,cfcompat_seed1111,-0.4619146585,0
2WGyTLYerpo$_$5,2WGyTLYerpo,113,3,LV,cfcompat_seed1114,-0.6638676524,0
2WGyTLYerpo$_$5,2WGyTLYerpo,113,3,LV,moddrop_seed1111,-1.191995859,0
2WGyTLYerpo$_$5,2WGyTLYerpo,113,3,LV,moddrop_seed1114,-0.5348674059,0
2WGyTLYerpo$_$5,2WGyTLYerpo,113,3,LV,uniform_kd_seed1111,-0.59191221,0
2WGyTLYerpo$_$50,2WGyTLYerpo,144,3,L,cfcompat_seed1111,-1.684468627,-1.799999952
2WGyTLYerpo$_$50,2WGyTLYerpo,144,3,L,cfcompat_seed1114,-1.7526443,-1.799999952
2WGyTLYerpo$_$50,2WGyTLYerpo,144,3,L,moddrop_seed1111,-1.907994509,-1.799999952
2WGyTLYerpo$_$50,2WGyTLYerpo,144,3,L,moddrop_seed1114,-1.591704726,-1.799999952
2WGyTLYerpo$_$50,2WGyTLYerpo,144,3,L,uniform_kd_seed1111,-1.903987646,-1.799999952
2WGyTLYerpo$_$50,2WGyTLYerpo,144,3,LA,cfcompat_seed1111,-1.576968312,-1.799999952
2WGyTLYerpo$_$50,2WGyTLYerpo,144,3,LA,cfcompat_seed1114,-1.7304883,-1.799999952
2WGyTLYerpo$_$50,2WGyTLYerpo,144,3,LA,moddrop_seed1111,-1.80389607,-1.799999952
2WGyTLYerpo$_$50,2WGyTLYerpo,144,3,LA,moddrop_seed1114,-1.559290886,-1.799999952
2WGyTLYerpo$_$50,2WGyTLYerpo,144,3,LA,uniform_kd_seed1111,-1.818339586,-1.799999952
2WGyTLYerpo$_$50,2WGyTLYerpo,144,3,LAV,cfcompat_seed1111,-1.435108781,-1.799999952
2WGyTLYerpo$_$50,2WGyTLYerpo,144,3,LAV,cfcompat_seed1114,-1.704149246,-1.799999952
2WGyTLYerpo$_$50,2WGyTLYerpo,144,3,LAV,moddrop_seed1111,-1.66908443,-1.799999952
2WGyTLYerpo$_$50,2WGyTLYerpo,144,3,LAV,moddrop_seed1114,-1.527099729,-1.799999952
2WGyTLYerpo$_$50,2WGyTLYerpo,144,3,LAV,uniform_kd_seed1111,-1.707217932,-1.799999952
2WGyTLYerpo$_$50,2WGyTLYerpo,144,3,LV,cfcompat_seed1111,-1.552965045,-1.799999952
2WGyTLYerpo$_$50,2WGyTLYerpo,144,3,LV,cfcompat_seed1114,-1.733391762,-1.799999952
2WGyTLYerpo$_$50,2WGyTLYerpo,144,3,LV,moddrop_seed1111,-1.779417992,-1.799999952
2WGyTLYerpo$_$50,2WGyTLYerpo,144,3,LV,moddrop_seed1114,-1.561757565,-1.799999952
2WGyTLYerpo$_$50,2WGyTLYerpo,144,3,LV,uniform_kd_seed1111,-1.807255983,-1.799999952
2WGyTLYerpo$_$51,2WGyTLYerpo,119,3,L,cfcompat_seed1111,-0.3575945199,-0.6000000238
2WGyTLYerpo$_$51,2WGyTLYerpo,119,3,L,cfcompat_seed1114,-0.6939457059,-0.6000000238
2WGyTLYerpo$_$51,2WGyTLYerpo,119,3,L,moddrop_seed1111,-1.590999603,-0.6000000238
2WGyTLYerpo$_$51,2WGyTLYerpo,119,3,L,moddrop_seed1114,-0.593208313,-0.6000000238
2WGyTLYerpo$_$51,2WGyTLYerpo,119,3,L,uniform_kd_seed1111,-0.6657657027,-0.6000000238
2WGyTLYerpo$_$51,2WGyTLYerpo,119,3,LA,cfcompat_seed1111,-0.2506019771,-0.6000000238
2WGyTLYerpo$_$51,2WGyTLYerpo,119,3,LA,cfcompat_seed1114,-0.6815718412,-0.6000000238
2WGyTLYerpo$_$51,2WGyTLYerpo,119,3,LA,moddrop_seed1111,-1.515481591,-0.6000000238
2WGyTLYerpo$_$51,2WGyTLYerpo,119,3,LA,moddrop_seed1114,-0.5671125054,-0.6000000238
2WGyTLYerpo$_$51,2WGyTLYerpo,119,3,LA,uniform_kd_seed1111,-0.5784952641,-0.6000000238
2WGyTLYerpo$_$51,2WGyTLYerpo,119,3,LAV,cfcompat_seed1111,-0.1368001401,-0.6000000238
2WGyTLYerpo$_$51,2WGyTLYerpo,119,3,LAV,cfcompat_seed1114,-0.6891726851,-0.6000000238
2WGyTLYerpo$_$51,2WGyTLYerpo,119,3,LAV,moddrop_seed1111,-1.409492135,-0.6000000238
2WGyTLYerpo$_$51,2WGyTLYerpo,119,3,LAV,moddrop_seed1114,-0.5687099099,-0.6000000238
2WGyTLYerpo$_$51,2WGyTLYerpo,119,3,LAV,uniform_kd_seed1111,-0.496220082,-0.6000000238
2WGyTLYerpo$_$51,2WGyTLYerpo,119,3,LV,cfcompat_seed1111,-0.2517794967,-0.6000000238
2WGyTLYerpo$_$51,2WGyTLYerpo,119,3,LV,cfcompat_seed1114,-0.698811233,-0.6000000238
2WGyTLYerpo$_$51,2WGyTLYerpo,119,3,LV,moddrop_seed1111,-1.496193171,-0.6000000238
2WGyTLYerpo$_$51,2WGyTLYerpo,119,3,LV,moddrop_seed1114,-0.5899853706,-0.6000000238
2WGyTLYerpo$_$51,2WGyTLYerpo,119,3,LV,uniform_kd_seed1111,-0.5884873867,-0.6000000238
2WGyTLYerpo$_$52,2WGyTLYerpo,92,3,L,cfcompat_seed1111,-0.4321033359,0
2WGyTLYerpo$_$52,2WGyTLYerpo,92,3,L,cfcompat_seed1114,-0.2402487993,0
2WGyTLYerpo$_$52,2WGyTLYerpo,92,3,L,moddrop_seed1111,-0.9315090179,0
2WGyTLYerpo$_$52,2WGyTLYerpo,92,3,L,moddrop_seed1114,-0.07360444963,0
2WGyTLYerpo$_$52,2WGyTLYerpo,92,3,L,uniform_kd_seed1111,-0.6053251028,0
2WGyTLYerpo$_$52,2WGyTLYerpo,92,3,LA,cfcompat_seed1111,-0.3622577786,0
2WGyTLYerpo$_$52,2WGyTLYerpo,92,3,LA,cfcompat_seed1114,-0.2497264147,0
2WGyTLYerpo$_$52,2WGyTLYerpo,92,3,LA,moddrop_seed1111,-0.8809820414,0
2WGyTLYerpo$_$52,2WGyTLYerpo,92,3,LA,moddrop_seed1114,-0.0646071285,0
2WGyTLYerpo$_$52,2WGyTLYerpo,92,3,LA,uniform_kd_seed1111,-0.5522771478,0
2WGyTLYerpo$_$52,2WGyTLYerpo,92,3,LAV,cfcompat_seed1111,-0.2371041775,0
2WGyTLYerpo$_$52,2WGyTLYerpo,92,3,LAV,cfcompat_seed1114,-0.2162670493,0
2WGyTLYerpo$_$52,2WGyTLYerpo,92,3,LAV,moddrop_seed1111,-0.7588356733,0
2WGyTLYerpo$_$52,2WGyTLYerpo,92,3,LAV,moddrop_seed1114,-0.02350423858,0
2WGyTLYerpo$_$52,2WGyTLYerpo,92,3,LAV,uniform_kd_seed1111,-0.4586372077,0
2WGyTLYerpo$_$52,2WGyTLYerpo,92,3,LV,cfcompat_seed1111,-0.3127972782,0
2WGyTLYerpo$_$52,2WGyTLYerpo,92,3,LV,cfcompat_seed1114,-0.2088751644,0
2WGyTLYerpo$_$52,2WGyTLYerpo,92,3,LV,moddrop_seed1111,-0.8144788146,0
2WGyTLYerpo$_$52,2WGyTLYerpo,92,3,LV,moddrop_seed1114,-0.03324027732,0
2WGyTLYerpo$_$52,2WGyTLYerpo,92,3,LV,uniform_kd_seed1111,-0.514300406,0
2WGyTLYerpo$_$53,2WGyTLYerpo,93,3,L,cfcompat_seed1111,-1.824669361,-1
2WGyTLYerpo$_$53,2WGyTLYerpo,93,3,L,cfcompat_seed1114,-1.44328618,-1
2WGyTLYerpo$_$53,2WGyTLYerpo,93,3,L,moddrop_seed1111,-1.894653678,-1
2WGyTLYerpo$_$53,2WGyTLYerpo,93,3,L,moddrop_seed1114,-1.658058882,-1
2WGyTLYerpo$_$53,2WGyTLYerpo,93,3,L,uniform_kd_seed1111,-1.977927208,-1
2WGyTLYerpo$_$53,2WGyTLYerpo,93,3,LA,cfcompat_seed1111,-1.770021081,-1
2WGyTLYerpo$_$53,2WGyTLYerpo,93,3,LA,cfcompat_seed1114,-1.445168972,-1
2WGyTLYerpo$_$53,2WGyTLYerpo,93,3,LA,moddrop_seed1111,-1.842393875,-1
2WGyTLYerpo$_$53,2WGyTLYerpo,93,3,LA,moddrop_seed1114,-1.647854447,-1
2WGyTLYerpo$_$53,2WGyTLYerpo,93,3,LA,uniform_kd_seed1111,-1.940830708,-1
2WGyTLYerpo$_$53,2WGyTLYerpo,93,3,LAV,cfcompat_seed1111,-1.667936683,-1
2WGyTLYerpo$_$53,2WGyTLYerpo,93,3,LAV,cfcompat_seed1114,-1.424359441,-1
2WGyTLYerpo$_$53,2WGyTLYerpo,93,3,LAV,moddrop_seed1111,-1.737813234,-1
2WGyTLYerpo$_$53,2WGyTLYerpo,93,3,LAV,moddrop_seed1114,-1.616553903,-1
2WGyTLYerpo$_$53,2WGyTLYerpo,93,3,LAV,uniform_kd_seed1111,-1.86659205,-1
2WGyTLYerpo$_$53,2WGyTLYerpo,93,3,LV,cfcompat_seed1111,-1.732573152,-1
2WGyTLYerpo$_$53,2WGyTLYerpo,93,3,LV,cfcompat_seed1114,-1.420383692,-1
2WGyTLYerpo$_$53,2WGyTLYerpo,93,3,LV,moddrop_seed1111,-1.799184561,-1
2WGyTLYerpo$_$53,2WGyTLYerpo,93,3,LV,moddrop_seed1114,-1.627456069,-1
2WGyTLYerpo$_$53,2WGyTLYerpo,93,3,LV,uniform_kd_seed1111,-1.910904884,-1
2WGyTLYerpo$_$54,2WGyTLYerpo,83,3,L,cfcompat_seed1111,-0.4597168863,-2
2WGyTLYerpo$_$54,2WGyTLYerpo,83,3,L,cfcompat_seed1114,-1.188714504,-2
2WGyTLYerpo$_$54,2WGyTLYerpo,83,3,L,moddrop_seed1111,-1.923727393,-2
2WGyTLYerpo$_$54,2WGyTLYerpo,83,3,L,moddrop_seed1114,-1.06031847,-2
2WGyTLYerpo$_$54,2WGyTLYerpo,83,3,L,uniform_kd_seed1111,-1.647981048,-2
2WGyTLYerpo$_$54,2WGyTLYerpo,83,3,LA,cfcompat_seed1111,-0.5130975246,-2
2WGyTLYerpo$_$54,2WGyTLYerpo,83,3,LA,cfcompat_seed1114,-1.245756626,-2
2WGyTLYerpo$_$54,2WGyTLYerpo,83,3,LA,moddrop_seed1111,-1.97109282,-2
2WGyTLYerpo$_$54,2WGyTLYerpo,83,3,LA,moddrop_seed1114,-1.102697253,-2
2WGyTLYerpo$_$54,2WGyTLYerpo,83,3,LA,uniform_kd_seed1111,-1.703262687,-2
2WGyTLYerpo$_$54,2WGyTLYerpo,83,3,LAV,cfcompat_seed1111,-0.3888343275,-2
2WGyTLYerpo$_$54,2WGyTLYerpo,83,3,LAV,cfcompat_seed1114,-1.240918875,-2
2WGyTLYerpo$_$54,2WGyTLYerpo,83,3,LAV,moddrop_seed1111,-1.86162293,-2
2WGyTLYerpo$_$54,2WGyTLYerpo,83,3,LAV,moddrop_seed1114,-1.089388967,-2
2WGyTLYerpo$_$54,2WGyTLYerpo,83,3,LAV,uniform_kd_seed1111,-1.615252137,-2
2WGyTLYerpo$_$54,2WGyTLYerpo,83,3,LV,cfcompat_seed1111,-0.3359570801,-2
2WGyTLYerpo$_$54,2WGyTLYerpo,83,3,LV,cfcompat_seed1114,-1.175805926,-2
2WGyTLYerpo$_$54,2WGyTLYerpo,83,3,LV,moddrop_seed1111,-1.817377925,-2
2WGyTLYerpo$_$54,2WGyTLYerpo,83,3,LV,moddrop_seed1114,-1.037627339,-2
2WGyTLYerpo$_$54,2WGyTLYerpo,83,3,LV,uniform_kd_seed1111,-1.56690824,-2
2WGyTLYerpo$_$55,2WGyTLYerpo,141,3,L,cfcompat_seed1111,-0.6887827516,-1
2WGyTLYerpo$_$55,2WGyTLYerpo,141,3,L,cfcompat_seed1114,-1.465212345,-1
2WGyTLYerpo$_$55,2WGyTLYerpo,141,3,L,moddrop_seed1111,-1.925900102,-1
2WGyTLYerpo$_$55,2WGyTLYerpo,141,3,L,moddrop_seed1114,-1.303882957,-1
2WGyTLYerpo$_$55,2WGyTLYerpo,141,3,L,uniform_kd_seed1111,-1.174055099,-1
2WGyTLYerpo$_$55,2WGyTLYerpo,141,3,LA,cfcompat_seed1111,-0.5546291471,-1
2WGyTLYerpo$_$55,2WGyTLYerpo,141,3,LA,cfcompat_seed1114,-1.439352512,-1
2WGyTLYerpo$_$55,2WGyTLYerpo,141,3,LA,moddrop_seed1111,-1.817729592,-1
2WGyTLYerpo$_$55,2WGyTLYerpo,141,3,LA,moddrop_seed1114,-1.271183014,-1
2WGyTLYerpo$_$55,2WGyTLYerpo,141,3,LA,uniform_kd_seed1111,-1.06375885,-1
2WGyTLYerpo$_$55,2WGyTLYerpo,141,3,LAV,cfcompat_seed1111,-0.4471556544,-1
2WGyTLYerpo$_$55,2WGyTLYerpo,141,3,LAV,cfcompat_seed1114,-1.457848549,-1
2WGyTLYerpo$_$55,2WGyTLYerpo,141,3,LAV,moddrop_seed1111,-1.716729879,-1
2WGyTLYerpo$_$55,2WGyTLYerpo,141,3,LAV,moddrop_seed1114,-1.283778429,-1
2WGyTLYerpo$_$55,2WGyTLYerpo,141,3,LAV,uniform_kd_seed1111,-0.98796767,-1
2WGyTLYerpo$_$55,2WGyTLYerpo,141,3,LV,cfcompat_seed1111,-0.587462008,-1
2WGyTLYerpo$_$55,2WGyTLYerpo,141,3,LV,cfcompat_seed1114,-1.487440944,-1
2WGyTLYerpo$_$55,2WGyTLYerpo,141,3,LV,moddrop_seed1111,-1.83177042,-1
2WGyTLYerpo$_$55,2WGyTLYerpo,141,3,LV,moddrop_seed1114,-1.316297293,-1
2WGyTLYerpo$_$55,2WGyTLYerpo,141,3,LV,uniform_kd_seed1111,-1.102013111,-1
2WGyTLYerpo$_$56,2WGyTLYerpo,82,3,L,cfcompat_seed1111,-0.253908664,-0.400000006
2WGyTLYerpo$_$56,2WGyTLYerpo,82,3,L,cfcompat_seed1114,-0.9202291369,-0.400000006
2WGyTLYerpo$_$56,2WGyTLYerpo,82,3,L,moddrop_seed1111,-1.704429507,-0.400000006
2WGyTLYerpo$_$56,2WGyTLYerpo,82,3,L,moddrop_seed1114,-0.5914162993,-0.400000006
2WGyTLYerpo$_$56,2WGyTLYerpo,82,3,L,uniform_kd_seed1111,-0.3911817968,-0.400000006
2WGyTLYerpo$_$56,2WGyTLYerpo,82,3,LA,cfcompat_seed1111,-0.1195394173,-0.400000006
2WGyTLYerpo$_$56,2WGyTLYerpo,82,3,LA,cfcompat_seed1114,-0.8991253376,-0.400000006
2WGyTLYerpo$_$56,2WGyTLYerpo,82,3,LA,moddrop_seed1111,-1.599552512,-0.400000006
2WGyTLYerpo$_$56,2WGyTLYerpo,82,3,LA,moddrop_seed1114,-0.5572742224,-0.400000006
2WGyTLYerpo$_$56,2WGyTLYerpo,82,3,LA,uniform_kd_seed1111,-0.2759331167,-0.400000006
2WGyTLYerpo$_$56,2WGyTLYerpo,82,3,LAV,cfcompat_seed1111,-0.02273878828,-0.400000006
2WGyTLYerpo$_$56,2WGyTLYerpo,82,3,LAV,cfcompat_seed1114,-0.9370270371,-0.400000006
2WGyTLYerpo$_$56,2WGyTLYerpo,82,3,LAV,moddrop_seed1111,-1.510548472,-0.400000006
2WGyTLYerpo$_$56,2WGyTLYerpo,82,3,LAV,moddrop_seed1114,-0.5844495296,-0.400000006
2WGyTLYerpo$_$56,2WGyTLYerpo,82,3,LAV,uniform_kd_seed1111,-0.2103141397,-0.400000006
2WGyTLYerpo$_$56,2WGyTLYerpo,82,3,LV,cfcompat_seed1111,-0.1633424163,-0.400000006
2WGyTLYerpo$_$56,2WGyTLYerpo,82,3,LV,cfcompat_seed1114,-0.957329452,-0.400000006
2WGyTLYerpo$_$56,2WGyTLYerpo,82,3,LV,moddrop_seed1111,-1.623662233,-0.400000006
2WGyTLYerpo$_$56,2WGyTLYerpo,82,3,LV,moddrop_seed1114,-0.6170504093,-0.400000006
2WGyTLYerpo$_$56,2WGyTLYerpo,82,3,LV,uniform_kd_seed1111,-0.3279933631,-0.400000006
2WGyTLYerpo$_$57,2WGyTLYerpo,143,3,L,cfcompat_seed1111,-0.95106709,-1.600000024
2WGyTLYerpo$_$57,2WGyTLYerpo,143,3,L,cfcompat_seed1114,-1.492993236,-1.600000024
2WGyTLYerpo$_$57,2WGyTLYerpo,143,3,L,moddrop_seed1111,-1.923407555,-1.600000024
2WGyTLYerpo$_$57,2WGyTLYerpo,143,3,L,moddrop_seed1114,-1.325945497,-1.600000024
2WGyTLYerpo$_$57,2WGyTLYerpo,143,3,L,uniform_kd_seed1111,-1.612862587,-1.600000024
2WGyTLYerpo$_$57,2WGyTLYerpo,143,3,LA,cfcompat_seed1111,-0.9436426759,-1.600000024
2WGyTLYerpo$_$57,2WGyTLYerpo,143,3,LA,cfcompat_seed1114,-1.52846539,-1.600000024
2WGyTLYerpo$_$57,2WGyTLYerpo,143,3,LA,moddrop_seed1111,-1.922511339,-1.600000024
2WGyTLYerpo$_$57,2WGyTLYerpo,143,3,LA,moddrop_seed1114,-1.352325559,-1.600000024
2WGyTLYerpo$_$57,2WGyTLYerpo,143,3,LA,uniform_kd_seed1111,-1.62521863,-1.600000024
2WGyTLYerpo$_$57,2WGyTLYerpo,143,3,LAV,cfcompat_seed1111,-0.8674348593,-1.600000024
2WGyTLYerpo$_$57,2WGyTLYerpo,143,3,LAV,cfcompat_seed1114,-1.560813546,-1.600000024
2WGyTLYerpo$_$57,2WGyTLYerpo,143,3,LAV,moddrop_seed1111,-1.849019051,-1.600000024
2WGyTLYerpo$_$57,2WGyTLYerpo,143,3,LAV,moddrop_seed1114,-1.380603552,-1.600000024
2WGyTLYerpo$_$57,2WGyTLYerpo,143,3,LAV,uniform_kd_seed1111,-1.579177856,-1.600000024
2WGyTLYerpo$_$57,2WGyTLYerpo,143,3,LV,cfcompat_seed1111,-0.8801718354,-1.600000024
2WGyTLYerpo$_$57,2WGyTLYerpo,143,3,LV,cfcompat_seed1114,-1.528479457,-1.600000024
2WGyTLYerpo$_$57,2WGyTLYerpo,143,3,LV,moddrop_seed1111,-1.853142023,-1.600000024
2WGyTLYerpo$_$57,2WGyTLYerpo,143,3,LV,moddrop_seed1114,-1.351646662,-1.600000024
2WGyTLYerpo$_$57,2WGyTLYerpo,143,3,LV,uniform_kd_seed1111,-1.575348735,-1.600000024
2WGyTLYerpo$_$58,2WGyTLYerpo,123,3,L,cfcompat_seed1111,-0.7378732562,-1.399999976
2WGyTLYerpo$_$58,2WGyTLYerpo,123,3,L,cfcompat_seed1114,-1.075751066,-1.399999976
2WGyTLYerpo$_$58,2WGyTLYerpo,123,3,L,moddrop_seed1111,-1.925927639,-1.399999976
2WGyTLYerpo$_$58,2WGyTLYerpo,123,3,L,moddrop_seed1114,-0.7376490235,-1.399999976
2WGyTLYerpo$_$58,2WGyTLYerpo,123,3,L,uniform_kd_seed1111,-1.166197538,-1.399999976
2WGyTLYerpo$_$58,2WGyTLYerpo,123,3,LA,cfcompat_seed1111,-0.5930463076,-1.399999976
2WGyTLYerpo$_$58,2WGyTLYerpo,123,3,LA,cfcompat_seed1114,-1.036019444,-1.399999976
2WGyTLYerpo$_$58,2WGyTLYerpo,123,3,LA,moddrop_seed1111,-1.806518674,-1.399999976
2WGyTLYerpo$_$58,2WGyTLYerpo,123,3,LA,moddrop_seed1114,-0.6857799292,-1.399999976
2WGyTLYerpo$_$58,2WGyTLYerpo,123,3,LA,uniform_kd_seed1111,-1.047013164,-1.399999976
2WGyTLYerpo$_$58,2WGyTLYerpo,123,3,LAV,cfcompat_seed1111,-0.4998503327,-1.399999976
2WGyTLYerpo$_$58,2WGyTLYerpo,123,3,LAV,cfcompat_seed1114,-1.052099705,-1.399999976
2WGyTLYerpo$_$58,2WGyTLYerpo,123,3,LAV,moddrop_seed1111,-1.721188903,-1.399999976
2WGyTLYerpo$_$58,2WGyTLYerpo,123,3,LAV,moddrop_seed1114,-0.6911800504,-1.399999976
2WGyTLYerpo$_$58,2WGyTLYerpo,123,3,LAV,uniform_kd_seed1111,-0.9854902625,-1.399999976
2WGyTLYerpo$_$58,2WGyTLYerpo,123,3,LV,cfcompat_seed1111,-0.6499460936,-1.399999976
2WGyTLYerpo$_$58,2WGyTLYerpo,123,3,LV,cfcompat_seed1114,-1.090143442,-1.399999976
2WGyTLYerpo$_$58,2WGyTLYerpo,123,3,LV,moddrop_seed1111,-1.845703959,-1.399999976
2WGyTLYerpo$_$58,2WGyTLYerpo,123,3,LV,moddrop_seed1114,-0.740641892,-1.399999976
2WGyTLYerpo$_$58,2WGyTLYerpo,123,3,LV,uniform_kd_seed1111,-1.107454062,-1.399999976
2WGyTLYerpo$_$59,2WGyTLYerpo,122,3,L,cfcompat_seed1111,2.096809149,2
2WGyTLYerpo$_$59,2WGyTLYerpo,122,3,L,cfcompat_seed1114,1.933362961,2
2WGyTLYerpo$_$59,2WGyTLYerpo,122,3,L,moddrop_seed1111,2.127819538,2
2WGyTLYerpo$_$59,2WGyTLYerpo,122,3,L,moddrop_seed1114,2.161437511,2
2WGyTLYerpo$_$59,2WGyTLYerpo,122,3,L,uniform_kd_seed1111,2.088730574,2
2WGyTLYerpo$_$59,2WGyTLYerpo,122,3,LA,cfcompat_seed1111,2.23129797,2
2WGyTLYerpo$_$59,2WGyTLYerpo,122,3,LA,cfcompat_seed1114,1.969774485,2
2WGyTLYerpo$_$59,2WGyTLYerpo,122,3,LA,moddrop_seed1111,2.245372772,2
2WGyTLYerpo$_$59,2WGyTLYerpo,122,3,LA,moddrop_seed1114,2.214849472,2
2WGyTLYerpo$_$59,2WGyTLYerpo,122,3,LA,uniform_kd_seed1111,2.198583603,2
2WGyTLYerpo$_$59,2WGyTLYerpo,122,3,LAV,cfcompat_seed1111,2.362593174,2
2WGyTLYerpo$_$59,2WGyTLYerpo,122,3,LAV,cfcompat_seed1114,1.974456072,2
2WGyTLYerpo$_$59,2WGyTLYerpo,122,3,LAV,moddrop_seed1111,2.378967285,2
2WGyTLYerpo$_$59,2WGyTLYerpo,122,3,LAV,moddrop_seed1114,2.231496096,2
2WGyTLYerpo$_$59,2WGyTLYerpo,122,3,LAV,uniform_kd_seed1111,2.301721811,2
2WGyTLYerpo$_$59,2WGyTLYerpo,122,3,LV,cfcompat_seed1111,2.232232332,2
2WGyTLYerpo$_$59,2WGyTLYerpo,122,3,LV,cfcompat_seed1114,1.941926718,2
2WGyTLYerpo$_$59,2WGyTLYerpo,122,3,LV,moddrop_seed1111,2.26156497,2
2WGyTLYerpo$_$59,2WGyTLYerpo,122,3,LV,moddrop_seed1114,2.184327126,2
2WGyTLYerpo$_$59,2WGyTLYerpo,122,3,LV,uniform_kd_seed1111,2.19618392,2
2WGyTLYerpo$_$6,2WGyTLYerpo,116,3,L,cfcompat_seed1111,2.219349861,2.400000095
2WGyTLYerpo$_$6,2WGyTLYerpo,116,3,L,cfcompat_seed1114,2.548794985,2.400000095
2WGyTLYerpo$_$6,2WGyTLYerpo,116,3,L,moddrop_seed1111,2.116294384,2.400000095
2WGyTLYerpo$_$6,2WGyTLYerpo,116,3,L,moddrop_seed1114,2.471637726,2.400000095
2WGyTLYerpo$_$6,2WGyTLYerpo,116,3,L,uniform_kd_seed1111,2.296890259,2.400000095
2WGyTLYerpo$_$6,2WGyTLYerpo,116,3,LA,cfcompat_seed1111,2.152000427,2.400000095
2WGyTLYerpo$_$6,2WGyTLYerpo,116,3,LA,cfcompat_seed1114,2.495108366,2.400000095
2WGyTLYerpo$_$6,2WGyTLYerpo,116,3,LA,moddrop_seed1111,2.041737795,2.400000095
2WGyTLYerpo$_$6,2WGyTLYerpo,116,3,LA,moddrop_seed1114,2.438513041,2.400000095
2WGyTLYerpo$_$6,2WGyTLYerpo,116,3,LA,uniform_kd_seed1111,2.235024929,2.400000095
2WGyTLYerpo$_$6,2WGyTLYerpo,116,3,LAV,cfcompat_seed1111,2.27721858,2.400000095
2WGyTLYerpo$_$6,2WGyTLYerpo,116,3,LAV,cfcompat_seed1114,2.505163908,2.400000095
2WGyTLYerpo$_$6,2WGyTLYerpo,116,3,LAV,moddrop_seed1111,2.167871237,2.400000095
2WGyTLYerpo$_$6,2WGyTLYerpo,116,3,LAV,moddrop_seed1114,2.45741725,2.400000095
2WGyTLYerpo$_$6,2WGyTLYerpo,116,3,LAV,uniform_kd_seed1111,2.332435131,2.400000095
2WGyTLYerpo$_$6,2WGyTLYerpo,116,3,LV,cfcompat_seed1111,2.332111835,2.400000095
2WGyTLYerpo$_$6,2WGyTLYerpo,116,3,LV,cfcompat_seed1114,2.570922852,2.400000095
2WGyTLYerpo$_$6,2WGyTLYerpo,116,3,LV,moddrop_seed1111,2.229399204,2.400000095
2WGyTLYerpo$_$6,2WGyTLYerpo,116,3,LV,moddrop_seed1114,2.503487587,2.400000095
2WGyTLYerpo$_$6,2WGyTLYerpo,116,3,LV,uniform_kd_seed1111,2.382089376,2.400000095
2WGyTLYerpo$_$60,2WGyTLYerpo,87,3,L,cfcompat_seed1111,0.5452047586,2.200000048
2WGyTLYerpo$_$60,2WGyTLYerpo,87,3,L,cfcompat_seed1114,1.466401339,2.200000048
2WGyTLYerpo$_$60,2WGyTLYerpo,87,3,L,moddrop_seed1111,0.8996974826,2.200000048
2WGyTLYerpo$_$60,2WGyTLYerpo,87,3,L,moddrop_seed1114,1.432813287,2.200000048
2WGyTLYerpo$_$60,2WGyTLYerpo,87,3,L,uniform_kd_seed1111,0.752469182,2.200000048
2WGyTLYerpo$_$60,2WGyTLYerpo,87,3,LA,cfcompat_seed1111,0.7066333294,2.200000048
2WGyTLYerpo$_$60,2WGyTLYerpo,87,3,LA,cfcompat_seed1114,1.502770424,2.200000048
2WGyTLYerpo$_$60,2WGyTLYerpo,87,3,LA,moddrop_seed1111,1.047694683,2.200000048
2WGyTLYerpo$_$60,2WGyTLYerpo,87,3,LA,moddrop_seed1114,1.481498837,2.200000048
2WGyTLYerpo$_$60,2WGyTLYerpo,87,3,LA,uniform_kd_seed1111,0.8922650814,2.200000048
2WGyTLYerpo$_$60,2WGyTLYerpo,87,3,LAV,cfcompat_seed1111,0.8467754126,2.200000048
2WGyTLYerpo$_$60,2WGyTLYerpo,87,3,LAV,cfcompat_seed1114,1.535061121,2.200000048
2WGyTLYerpo$_$60,2WGyTLYerpo,87,3,LAV,moddrop_seed1111,1.187215328,2.200000048
2WGyTLYerpo$_$60,2WGyTLYerpo,87,3,LAV,moddrop_seed1114,1.526857853,2.200000048
2WGyTLYerpo$_$60,2WGyTLYerpo,87,3,LAV,uniform_kd_seed1111,1.000321746,2.200000048
2WGyTLYerpo$_$60,2WGyTLYerpo,87,3,LV,cfcompat_seed1111,0.6860752106,2.200000048
2WGyTLYerpo$_$60,2WGyTLYerpo,87,3,LV,cfcompat_seed1114,1.501595497,2.200000048
2WGyTLYerpo$_$60,2WGyTLYerpo,87,3,LV,moddrop_seed1111,1.040865064,2.200000048
2WGyTLYerpo$_$60,2WGyTLYerpo,87,3,LV,moddrop_seed1114,1.478219628,2.200000048
2WGyTLYerpo$_$60,2WGyTLYerpo,87,3,LV,uniform_kd_seed1111,0.8604800105,2.200000048
2WGyTLYerpo$_$61,2WGyTLYerpo,88,3,L,cfcompat_seed1111,2.169448376,1.399999976
2WGyTLYerpo$_$61,2WGyTLYerpo,88,3,L,cfcompat_seed1114,2.482475281,1.399999976
2WGyTLYerpo$_$61,2WGyTLYerpo,88,3,L,moddrop_seed1111,2.124327183,1.399999976
2WGyTLYerpo$_$61,2WGyTLYerpo,88,3,L,moddrop_seed1114,2.457437515,1.399999976
2WGyTLYerpo$_$61,2WGyTLYerpo,88,3,L,uniform_kd_seed1111,2.201922655,1.399999976
2WGyTLYerpo$_$61,2WGyTLYerpo,88,3,LA,cfcompat_seed1111,2.288631201,1.399999976
2WGyTLYerpo$_$61,2WGyTLYerpo,88,3,LA,cfcompat_seed1114,2.52413559,1.399999976
2WGyTLYerpo$_$61,2WGyTLYerpo,88,3,LA,moddrop_seed1111,2.229678392,1.399999976
2WGyTLYerpo$_$61,2WGyTLYerpo,88,3,LA,moddrop_seed1114,2.5139575,1.399999976
2WGyTLYerpo$_$61,2WGyTLYerpo,88,3,LA,uniform_kd_seed1111,2.294679165,1.399999976
2WGyTLYerpo$_$61,2WGyTLYerpo,88,3,LAV,cfcompat_seed1111,2.410926342,1.399999976
2WGyTLYerpo$_$61,2WGyTLYerpo,88,3,LAV,cfcompat_seed1114,2.557773829,1.399999976
2WGyTLYerpo$_$61,2WGyTLYerpo,88,3,LAV,moddrop_seed1111,2.360901594,1.399999976
2WGyTLYerpo$_$61,2WGyTLYerpo,88,3,LAV,moddrop_seed1114,2.555343151,1.399999976
2WGyTLYerpo$_$61,2WGyTLYerpo,88,3,LAV,uniform_kd_seed1111,2.389539719,1.399999976
2WGyTLYerpo$_$61,2WGyTLYerpo,88,3,LV,cfcompat_seed1111,2.296333075,1.399999976
2WGyTLYerpo$_$61,2WGyTLYerpo,88,3,LV,cfcompat_seed1114,2.522851229,1.399999976
2WGyTLYerpo$_$61,2WGyTLYerpo,88,3,LV,moddrop_seed1111,2.253839016,1.399999976
2WGyTLYerpo$_$61,2WGyTLYerpo,88,3,LV,moddrop_seed1114,2.505496979,1.399999976
2WGyTLYerpo$_$61,2WGyTLYerpo,88,3,LV,uniform_kd_seed1111,2.301656246,1.399999976
2WGyTLYerpo$_$62,2WGyTLYerpo,89,3,L,cfcompat_seed1111,1.863137484,2.200000048
2WGyTLYerpo$_$62,2WGyTLYerpo,89,3,L,cfcompat_seed1114,2.002973795,2.200000048
2WGyTLYerpo$_$62,2WGyTLYerpo,89,3,L,moddrop_seed1111,2.112532139,2.200000048
2WGyTLYerpo$_$62,2WGyTLYerpo,89,3,L,moddrop_seed1114,2.252101421,2.200000048
2WGyTLYerpo$_$62,2WGyTLYerpo,89,3,L,uniform_kd_seed1111,1.774690866,2.200000048
2WGyTLYerpo$_$62,2WGyTLYerpo,89,3,LA,cfcompat_seed1111,1.951267242,2.200000048
2WGyTLYerpo$_$62,2WGyTLYerpo,89,3,LA,cfcompat_seed1114,1.987628937,2.200000048
2WGyTLYerpo$_$62,2WGyTLYerpo,89,3,LA,moddrop_seed1111,2.184729815,2.200000048
2WGyTLYerpo$_$62,2WGyTLYerpo,89,3,LA,moddrop_seed1114,2.261122942,2.200000048
2WGyTLYerpo$_$62,2WGyTLYerpo,89,3,LA,uniform_kd_seed1111,1.847163677,2.200000048
2WGyTLYerpo$_$62,2WGyTLYerpo,89,3,LAV,cfcompat_seed1111,2.087988615,2.200000048
2WGyTLYerpo$_$62,2WGyTLYerpo,89,3,LAV,cfcompat_seed1114,2.025369883,2.200000048
2WGyTLYerpo$_$62,2WGyTLYerpo,89,3,LAV,moddrop_seed1111,2.308971167,2.200000048
2WGyTLYerpo$_$62,2WGyTLYerpo,89,3,LAV,moddrop_seed1114,2.308917999,2.200000048
2WGyTLYerpo$_$62,2WGyTLYerpo,89,3,LAV,uniform_kd_seed1111,1.953000426,2.200000048
2WGyTLYerpo$_$62,2WGyTLYerpo,89,3,LV,cfcompat_seed1111,1.99366951,2.200000048
2WGyTLYerpo$_$62,2WGyTLYerpo,89,3,LV,cfcompat_seed1114,2.042773485,2.200000048
2WGyTLYerpo$_$62,2WGyTLYerpo,89,3,LV,moddrop_seed1111,2.232572794,2.200000048
2WGyTLYerpo$_$62,2WGyTLYerpo,89,3,LV,moddrop_seed1114,2.301186323,2.200000048
2WGyTLYerpo$_$62,2WGyTLYerpo,89,3,LV,uniform_kd_seed1111,1.87910378,2.200000048
2WGyTLYerpo$_$63,2WGyTLYerpo,90,3,L,cfcompat_seed1111,2.188327551,2.200000048
2WGyTLYerpo$_$63,2WGyTLYerpo,90,3,L,cfcompat_seed1114,2.589123487,2.200000048
2WGyTLYerpo$_$63,2WGyTLYerpo,90,3,L,moddrop_seed1111,2.111292124,2.200000048
2WGyTLYerpo$_$63,2WGyTLYerpo,90,3,L,moddrop_seed1114,2.55241847,2.200000048
2WGyTLYerpo$_$63,2WGyTLYerpo,90,3,L,uniform_kd_seed1111,2.299461365,2.200000048
2WGyTLYerpo$_$63,2WGyTLYerpo,90,3,LA,cfcompat_seed1111,2.307996273,2.200000048
2WGyTLYerpo$_$63,2WGyTLYerpo,90,3,LA,cfcompat_seed1114,2.614591599,2.200000048
2WGyTLYerpo$_$63,2WGyTLYerpo,90,3,LA,moddrop_seed1111,2.217385292,2.200000048
2WGyTLYerpo$_$63,2WGyTLYerpo,90,3,LA,moddrop_seed1114,2.589890957,2.200000048
2WGyTLYerpo$_$63,2WGyTLYerpo,90,3,LA,uniform_kd_seed1111,2.388698339,2.200000048
2WGyTLYerpo$_$63,2WGyTLYerpo,90,3,LAV,cfcompat_seed1111,2.407917023,2.200000048
2WGyTLYerpo$_$63,2WGyTLYerpo,90,3,LAV,cfcompat_seed1114,2.613022566,2.200000048
2WGyTLYerpo$_$63,2WGyTLYerpo,90,3,LAV,moddrop_seed1111,2.32047081,2.200000048
2WGyTLYerpo$_$63,2WGyTLYerpo,90,3,LAV,moddrop_seed1114,2.59894681,2.200000048
2WGyTLYerpo$_$63,2WGyTLYerpo,90,3,LAV,uniform_kd_seed1111,2.458964586,2.200000048
2WGyTLYerpo$_$63,2WGyTLYerpo,90,3,LV,cfcompat_seed1111,2.292820692,2.200000048
2WGyTLYerpo$_$63,2WGyTLYerpo,90,3,LV,cfcompat_seed1114,2.593716145,2.200000048
2WGyTLYerpo$_$63,2WGyTLYerpo,90,3,LV,moddrop_seed1111,2.213654518,2.200000048
2WGyTLYerpo$_$63,2WGyTLYerpo,90,3,LV,moddrop_seed1114,2.56717205,2.200000048
2WGyTLYerpo$_$63,2WGyTLYerpo,90,3,LV,uniform_kd_seed1111,2.376073122,2.200000048
2WGyTLYerpo$_$7,2WGyTLYerpo,115,3,L,cfcompat_seed1111,0.907497108,1.600000024
2WGyTLYerpo$_$7,2WGyTLYerpo,115,3,L,cfcompat_seed1114,1.164387941,1.600000024
2WGyTLYerpo$_$7,2WGyTLYerpo,115,3,L,moddrop_seed1111,1.242648602,1.600000024
2WGyTLYerpo$_$7,2WGyTLYerpo,115,3,L,moddrop_seed1114,1.921954393,1.600000024
2WGyTLYerpo$_$7,2WGyTLYerpo,115,3,L,uniform_kd_seed1111,1.280844092,1.600000024
2WGyTLYerpo$_$7,2WGyTLYerpo,115,3,LA,cfcompat_seed1111,1.039624929,1.600000024
2WGyTLYerpo$_$7,2WGyTLYerpo,115,3,LA,cfcompat_seed1114,1.196560264,1.600000024
2WGyTLYerpo$_$7,2WGyTLYerpo,115,3,LA,moddrop_seed1111,1.358329177,1.600000024
2WGyTLYerpo$_$7,2WGyTLYerpo,115,3,LA,moddrop_seed1114,1.968504548,1.600000024
2WGyTLYerpo$_$7,2WGyTLYerpo,115,3,LA,uniform_kd_seed1111,1.387646794,1.600000024
2WGyTLYerpo$_$7,2WGyTLYerpo,115,3,LAV,cfcompat_seed1111,1.176250577,1.600000024
2WGyTLYerpo$_$7,2WGyTLYerpo,115,3,LAV,cfcompat_seed1114,1.230101585,1.600000024
2WGyTLYerpo$_$7,2WGyTLYerpo,115,3,LAV,moddrop_seed1111,1.496169925,1.600000024
2WGyTLYerpo$_$7,2WGyTLYerpo,115,3,LAV,moddrop_seed1114,2.00737977,1.600000024
2WGyTLYerpo$_$7,2WGyTLYerpo,115,3,LAV,uniform_kd_seed1111,1.492033482,1.600000024
2WGyTLYerpo$_$7,2WGyTLYerpo,115,3,LV,cfcompat_seed1111,1.043682694,1.600000024
2WGyTLYerpo$_$7,2WGyTLYerpo,115,3,LV,cfcompat_seed1114,1.198326349,1.600000024
2WGyTLYerpo$_$7,2WGyTLYerpo,115,3,LV,moddrop_seed1111,1.380613923,1.600000024
2WGyTLYerpo$_$7,2WGyTLYerpo,115,3,LV,moddrop_seed1114,1.963711381,1.600000024
2WGyTLYerpo$_$7,2WGyTLYerpo,115,3,LV,uniform_kd_seed1111,1.385830164,1.600000024
2WGyTLYerpo$_$8,2WGyTLYerpo,118,3,L,cfcompat_seed1111,2.047469139,1.799999952
2WGyTLYerpo$_$8,2WGyTLYerpo,118,3,L,cfcompat_seed1114,2.413242579,1.799999952
2WGyTLYerpo$_$8,2WGyTLYerpo,118,3,L,moddrop_seed1111,2.11697197,1.799999952
2WGyTLYerpo$_$8,2WGyTLYerpo,118,3,L,moddrop_seed1114,2.371840715,1.799999952
2WGyTLYerpo$_$8,2WGyTLYerpo,118,3,L,uniform_kd_seed1111,1.938240051,1.799999952
2WGyTLYerpo$_$8,2WGyTLYerpo,118,3,LA,cfcompat_seed1111,2.181066751,1.799999952
2WGyTLYerpo$_$8,2WGyTLYerpo,118,3,LA,cfcompat_seed1114,2.447615623,1.799999952
2WGyTLYerpo$_$8,2WGyTLYerpo,118,3,LA,moddrop_seed1111,2.234946728,1.799999952
2WGyTLYerpo$_$8,2WGyTLYerpo,118,3,LA,moddrop_seed1114,2.418279886,1.799999952
2WGyTLYerpo$_$8,2WGyTLYerpo,118,3,LA,uniform_kd_seed1111,2.052910805,1.799999952
2WGyTLYerpo$_$8,2WGyTLYerpo,118,3,LAV,cfcompat_seed1111,2.294536352,1.799999952
2WGyTLYerpo$_$8,2WGyTLYerpo,118,3,LAV,cfcompat_seed1114,2.462486506,1.799999952
2WGyTLYerpo$_$8,2WGyTLYerpo,118,3,LAV,moddrop_seed1111,2.350491762,1.799999952
2WGyTLYerpo$_$8,2WGyTLYerpo,118,3,LAV,moddrop_seed1114,2.440669775,1.799999952
2WGyTLYerpo$_$8,2WGyTLYerpo,118,3,LAV,uniform_kd_seed1111,2.137914658,1.799999952
2WGyTLYerpo$_$8,2WGyTLYerpo,118,3,LV,cfcompat_seed1111,2.167243242,1.799999952
2WGyTLYerpo$_$8,2WGyTLYerpo,118,3,LV,cfcompat_seed1114,2.433851957,1.799999952
2WGyTLYerpo$_$8,2WGyTLYerpo,118,3,LV,moddrop_seed1111,2.234309435,1.799999952
2WGyTLYerpo$_$8,2WGyTLYerpo,118,3,LV,moddrop_seed1114,2.400529861,1.799999952
2WGyTLYerpo$_$8,2WGyTLYerpo,118,3,LV,uniform_kd_seed1111,2.030457973,1.799999952
2WGyTLYerpo$_$9,2WGyTLYerpo,117,3,L,cfcompat_seed1111,-1.064063072,-0.400000006
2WGyTLYerpo$_$9,2WGyTLYerpo,117,3,L,cfcompat_seed1114,-0.8964903951,-0.400000006
2WGyTLYerpo$_$9,2WGyTLYerpo,117,3,L,moddrop_seed1111,-1.878940463,-0.400000006
2WGyTLYerpo$_$9,2WGyTLYerpo,117,3,L,moddrop_seed1114,-0.6162676811,-0.400000006
2WGyTLYerpo$_$9,2WGyTLYerpo,117,3,L,uniform_kd_seed1111,-0.597386241,-0.400000006
2WGyTLYerpo$_$9,2WGyTLYerpo,117,3,LA,cfcompat_seed1111,-0.9339995384,-0.400000006
2WGyTLYerpo$_$9,2WGyTLYerpo,117,3,LA,cfcompat_seed1114,-0.8757821918,-0.400000006
2WGyTLYerpo$_$9,2WGyTLYerpo,117,3,LA,moddrop_seed1111,-1.774772048,-0.400000006
2WGyTLYerpo$_$9,2WGyTLYerpo,117,3,LA,moddrop_seed1114,-0.584374249,-0.400000006
2WGyTLYerpo$_$9,2WGyTLYerpo,117,3,LA,uniform_kd_seed1111,-0.4803826511,-0.400000006
2WGyTLYerpo$_$9,2WGyTLYerpo,117,3,LAV,cfcompat_seed1111,-0.834751904,-0.400000006
2WGyTLYerpo$_$9,2WGyTLYerpo,117,3,LAV,cfcompat_seed1114,-0.9217751622,-0.400000006
2WGyTLYerpo$_$9,2WGyTLYerpo,117,3,LAV,moddrop_seed1111,-1.679949522,-0.400000006
2WGyTLYerpo$_$9,2WGyTLYerpo,117,3,LAV,moddrop_seed1114,-0.6212393045,-0.400000006
2WGyTLYerpo$_$9,2WGyTLYerpo,117,3,LAV,uniform_kd_seed1111,-0.4084891975,-0.400000006
2WGyTLYerpo$_$9,2WGyTLYerpo,117,3,LV,cfcompat_seed1111,-0.9710897207,-0.400000006
2WGyTLYerpo$_$9,2WGyTLYerpo,117,3,LV,cfcompat_seed1114,-0.9408391118,-0.400000006
2WGyTLYerpo$_$9,2WGyTLYerpo,117,3,LV,moddrop_seed1111,-1.794181585,-0.400000006
2WGyTLYerpo$_$9,2WGyTLYerpo,117,3,LV,moddrop_seed1114,-0.6503677964,-0.400000006
2WGyTLYerpo$_$9,2WGyTLYerpo,117,3,LV,uniform_kd_seed1111,-0.529992938,-0.400000006
8OtFthrtaJM$_$1,8OtFthrtaJM,287,3,L,cfcompat_seed1111,0.325965941,0.400000006
8OtFthrtaJM$_$1,8OtFthrtaJM,287,3,L,cfcompat_seed1114,0.7941275239,0.400000006
8OtFthrtaJM$_$1,8OtFthrtaJM,287,3,L,moddrop_seed1111,0.758648634,0.400000006
8OtFthrtaJM$_$1,8OtFthrtaJM,287,3,L,moddrop_seed1114,1.103009105,0.400000006
8OtFthrtaJM$_$1,8OtFthrtaJM,287,3,L,uniform_kd_seed1111,0.7574139833,0.400000006
8OtFthrtaJM$_$1,8OtFthrtaJM,287,3,LA,cfcompat_seed1111,0.3004905581,0.400000006
8OtFthrtaJM$_$1,8OtFthrtaJM,287,3,LA,cfcompat_seed1114,0.7436010838,0.400000006
8OtFthrtaJM$_$1,8OtFthrtaJM,287,3,LA,moddrop_seed1111,0.7290338278,0.400000006
8OtFthrtaJM$_$1,8OtFthrtaJM,287,3,LA,moddrop_seed1114,1.06927824,0.400000006
8OtFthrtaJM$_$1,8OtFthrtaJM,287,3,LA,uniform_kd_seed1111,0.7325397134,0.400000006
8OtFthrtaJM$_$1,8OtFthrtaJM,287,3,LAV,cfcompat_seed1111,0.3737258911,0.400000006
8OtFthrtaJM$_$1,8OtFthrtaJM,287,3,LAV,cfcompat_seed1114,0.714176774,0.400000006
8OtFthrtaJM$_$1,8OtFthrtaJM,287,3,LAV,moddrop_seed1111,0.8078143597,0.400000006
8OtFthrtaJM$_$1,8OtFthrtaJM,287,3,LAV,moddrop_seed1114,1.050394535,0.400000006
8OtFthrtaJM$_$1,8OtFthrtaJM,287,3,LAV,uniform_kd_seed1111,0.7760313749,0.400000006
8OtFthrtaJM$_$1,8OtFthrtaJM,287,3,LV,cfcompat_seed1111,0.3987976313,0.400000006
8OtFthrtaJM$_$1,8OtFthrtaJM,287,3,LV,cfcompat_seed1114,0.769546926,0.400000006
8OtFthrtaJM$_$1,8OtFthrtaJM,287,3,LV,moddrop_seed1111,0.8360525966,0.400000006
8OtFthrtaJM$_$1,8OtFthrtaJM,287,3,LV,moddrop_seed1114,1.08769238,0.400000006
8OtFthrtaJM$_$1,8OtFthrtaJM,287,3,LV,uniform_kd_seed1111,0.8012923002,0.400000006
8OtFthrtaJM$_$10,8OtFthrtaJM,297,3,L,cfcompat_seed1111,0.1780475974,0.6000000238
8OtFthrtaJM$_$10,8OtFthrtaJM,297,3,L,cfcompat_seed1114,0.3764233589,0.6000000238
8OtFthrtaJM$_$10,8OtFthrtaJM,297,3,L,moddrop_seed1111,0.4980230927,0.6000000238
8OtFthrtaJM$_$10,8OtFthrtaJM,297,3,L,moddrop_seed1114,0.627722621,0.6000000238
8OtFthrtaJM$_$10,8OtFthrtaJM,297,3,L,uniform_kd_seed1111,0.4039497077,0.6000000238
8OtFthrtaJM$_$10,8OtFthrtaJM,297,3,LA,cfcompat_seed1111,0.1361618638,0.6000000238
8OtFthrtaJM$_$10,8OtFthrtaJM,297,3,LA,cfcompat_seed1114,0.3281858861,0.6000000238
8OtFthrtaJM$_$10,8OtFthrtaJM,297,3,LA,moddrop_seed1111,0.4529139102,0.6000000238
8OtFthrtaJM$_$10,8OtFthrtaJM,297,3,LA,moddrop_seed1114,0.6007939577,0.6000000238
8OtFthrtaJM$_$10,8OtFthrtaJM,297,3,LA,uniform_kd_seed1111,0.3646252453,0.6000000238
8OtFthrtaJM$_$10,8OtFthrtaJM,297,3,LAV,cfcompat_seed1111,0.2319912612,0.6000000238
8OtFthrtaJM$_$10,8OtFthrtaJM,297,3,LAV,cfcompat_seed1114,0.3017352819,0.6000000238
8OtFthrtaJM$_$10,8OtFthrtaJM,297,3,LAV,moddrop_seed1111,0.5519521236,0.6000000238
8OtFthrtaJM$_$10,8OtFthrtaJM,297,3,LAV,moddrop_seed1114,0.5800875425,0.6000000238
8OtFthrtaJM$_$10,8OtFthrtaJM,297,3,LAV,uniform_kd_seed1111,0.4299950302,0.6000000238
8OtFthrtaJM$_$10,8OtFthrtaJM,297,3,LV,cfcompat_seed1111,0.2730284929,0.6000000238
8OtFthrtaJM$_$10,8OtFthrtaJM,297,3,LV,cfcompat_seed1114,0.353744626,0.6000000238
8OtFthrtaJM$_$10,8OtFthrtaJM,297,3,LV,moddrop_seed1111,0.595915854,0.6000000238
8OtFthrtaJM$_$10,8OtFthrtaJM,297,3,LV,moddrop_seed1114,0.6139549017,0.6000000238
8OtFthrtaJM$_$10,8OtFthrtaJM,297,3,LV,uniform_kd_seed1111,0.4686382115,0.6000000238
8OtFthrtaJM$_$11,8OtFthrtaJM,296,3,L,cfcompat_seed1111,-0.6124817133,-0.5
8OtFthrtaJM$_$11,8OtFthrtaJM,296,3,L,cfcompat_seed1114,-0.7215659022,-0.5
8OtFthrtaJM$_$11,8OtFthrtaJM,296,3,L,moddrop_seed1111,-1.499008536,-0.5
8OtFthrtaJM$_$11,8OtFthrtaJM,296,3,L,moddrop_seed1114,-0.3880198002,-0.5
8OtFthrtaJM$_$11,8OtFthrtaJM,296,3,L,uniform_kd_seed1111,-0.8945438266,-0.5
8OtFthrtaJM$_$11,8OtFthrtaJM,296,3,LA,cfcompat_seed1111,-0.5540676117,-0.5
8OtFthrtaJM$_$11,8OtFthrtaJM,296,3,LA,cfcompat_seed1114,-0.7231652141,-0.5
8OtFthrtaJM$_$11,8OtFthrtaJM,296,3,LA,moddrop_seed1111,-1.461779952,-0.5
8OtFthrtaJM$_$11,8OtFthrtaJM,296,3,LA,moddrop_seed1114,-0.3750795424,-0.5
8OtFthrtaJM$_$11,8OtFthrtaJM,296,3,LA,uniform_kd_seed1111,-0.8550979495,-0.5
8OtFthrtaJM$_$11,8OtFthrtaJM,296,3,LAV,cfcompat_seed1111,-0.5073862076,-0.5
8OtFthrtaJM$_$11,8OtFthrtaJM,296,3,LAV,cfcompat_seed1114,-0.7840992212,-0.5
8OtFthrtaJM$_$11,8OtFthrtaJM,296,3,LAV,moddrop_seed1111,-1.417735815,-0.5
8OtFthrtaJM$_$11,8OtFthrtaJM,296,3,LAV,moddrop_seed1114,-0.4266028702,-0.5
8OtFthrtaJM$_$11,8OtFthrtaJM,296,3,LAV,uniform_kd_seed1111,-0.8368709087,-0.5
8OtFthrtaJM$_$11,8OtFthrtaJM,296,3,LV,cfcompat_seed1111,-0.5699091554,-0.5
8OtFthrtaJM$_$11,8OtFthrtaJM,296,3,LV,cfcompat_seed1114,-0.779414773,-0.5
8OtFthrtaJM$_$11,8OtFthrtaJM,296,3,LV,moddrop_seed1111,-1.45800209,-0.5
8OtFthrtaJM$_$11,8OtFthrtaJM,296,3,LV,moddrop_seed1114,-0.4365929067,-0.5
8OtFthrtaJM$_$11,8OtFthrtaJM,296,3,LV,uniform_kd_seed1111,-0.8788257837,-0.5
8OtFthrtaJM$_$12,8OtFthrtaJM,299,3,L,cfcompat_seed1111,-0.6447783709,-0.8000000119
8OtFthrtaJM$_$12,8OtFthrtaJM,299,3,L,cfcompat_seed1114,-1.359368443,-0.8000000119
8OtFthrtaJM$_$12,8OtFthrtaJM,299,3,L,moddrop_seed1111,-1.87163949,-0.8000000119
8OtFthrtaJM$_$12,8OtFthrtaJM,299,3,L,moddrop_seed1114,-0.9786400199,-0.8000000119
8OtFthrtaJM$_$12,8OtFthrtaJM,299,3,L,uniform_kd_seed1111,-0.7215644121,-0.8000000119
8OtFthrtaJM$_$12,8OtFthrtaJM,299,3,LA,cfcompat_seed1111,-0.5256043077,-0.8000000119
8OtFthrtaJM$_$12,8OtFthrtaJM,299,3,LA,cfcompat_seed1114,-1.358693838,-0.8000000119
8OtFthrtaJM$_$12,8OtFthrtaJM,299,3,LA,moddrop_seed1111,-1.779786229,-0.8000000119
8OtFthrtaJM$_$12,8OtFthrtaJM,299,3,LA,moddrop_seed1114,-0.9656704664,-0.8000000119
8OtFthrtaJM$_$12,8OtFthrtaJM,299,3,LA,uniform_kd_seed1111,-0.6196117997,-0.8000000119
8OtFthrtaJM$_$12,8OtFthrtaJM,299,3,LAV,cfcompat_seed1111,-0.4855057597,-0.8000000119
8OtFthrtaJM$_$12,8OtFthrtaJM,299,3,LAV,cfcompat_seed1114,-1.444115281,-0.8000000119
8OtFthrtaJM$_$12,8OtFthrtaJM,299,3,LAV,moddrop_seed1111,-1.741425395,-0.8000000119
8OtFthrtaJM$_$12,8OtFthrtaJM,299,3,LAV,moddrop_seed1114,-1.045347571,-0.8000000119
8OtFthrtaJM$_$12,8OtFthrtaJM,299,3,LAV,uniform_kd_seed1111,-0.6050062776,-0.8000000119
8OtFthrtaJM$_$12,8OtFthrtaJM,299,3,LV,cfcompat_seed1111,-0.6105385423,-0.8000000119
8OtFthrtaJM$_$12,8OtFthrtaJM,299,3,LV,cfcompat_seed1114,-1.44369483,-0.8000000119
8OtFthrtaJM$_$12,8OtFthrtaJM,299,3,LV,moddrop_seed1111,-1.836976647,-0.8000000119
8OtFthrtaJM$_$12,8OtFthrtaJM,299,3,LV,moddrop_seed1114,-1.058153272,-0.8000000119
8OtFthrtaJM$_$12,8OtFthrtaJM,299,3,LV,uniform_kd_seed1111,-0.709954381,-0.8000000119
8OtFthrtaJM$_$13,8OtFthrtaJM,298,3,L,cfcompat_seed1111,-1.877883315,-2.200000048
8OtFthrtaJM$_$13,8OtFthrtaJM,298,3,L,cfcompat_seed1114,-1.928353667,-2.200000048
8OtFthrtaJM$_$13,8OtFthrtaJM,298,3,L,moddrop_seed1111,-1.864257097,-2.200000048
8OtFthrtaJM$_$13,8OtFthrtaJM,298,3,L,moddrop_seed1114,-1.82210052,-2.200000048
8OtFthrtaJM$_$13,8OtFthrtaJM,298,3,L,uniform_kd_seed1111,-2.088812828,-2.200000048
8OtFthrtaJM$_$13,8OtFthrtaJM,298,3,LA,cfcompat_seed1111,-1.871429324,-2.200000048
8OtFthrtaJM$_$13,8OtFthrtaJM,298,3,LA,cfcompat_seed1114,-1.971589565,-2.200000048
8OtFthrtaJM$_$13,8OtFthrtaJM,298,3,LA,moddrop_seed1111,-1.865198851,-2.200000048
8OtFthrtaJM$_$13,8OtFthrtaJM,298,3,LA,moddrop_seed1114,-1.867963552,-2.200000048
8OtFthrtaJM$_$13,8OtFthrtaJM,298,3,LA,uniform_kd_seed1111,-2.088951349,-2.200000048
8OtFthrtaJM$_$13,8OtFthrtaJM,298,3,LAV,cfcompat_seed1111,-1.865974903,-2.200000048
8OtFthrtaJM$_$13,8OtFthrtaJM,298,3,LAV,cfcompat_seed1114,-2.021853209,-2.200000048
8OtFthrtaJM$_$13,8OtFthrtaJM,298,3,LAV,moddrop_seed1111,-1.854024649,-2.200000048
8OtFthrtaJM$_$13,8OtFthrtaJM,298,3,LAV,moddrop_seed1114,-1.918352246,-2.200000048
8OtFthrtaJM$_$13,8OtFthrtaJM,298,3,LAV,uniform_kd_seed1111,-2.097497463,-2.200000048
8OtFthrtaJM$_$13,8OtFthrtaJM,298,3,LV,cfcompat_seed1111,-1.878975272,-2.200000048
8OtFthrtaJM$_$13,8OtFthrtaJM,298,3,LV,cfcompat_seed1114,-1.98884809,-2.200000048
8OtFthrtaJM$_$13,8OtFthrtaJM,298,3,LV,moddrop_seed1111,-1.8612324,-2.200000048
8OtFthrtaJM$_$13,8OtFthrtaJM,298,3,LV,moddrop_seed1114,-1.879477262,-2.200000048
8OtFthrtaJM$_$13,8OtFthrtaJM,298,3,LV,uniform_kd_seed1111,-2.106298685,-2.200000048
8OtFthrtaJM$_$14,8OtFthrtaJM,301,3,L,cfcompat_seed1111,-1.82926476,-1.399999976
8OtFthrtaJM$_$14,8OtFthrtaJM,301,3,L,cfcompat_seed1114,-1.811758995,-1.399999976
8OtFthrtaJM$_$14,8OtFthrtaJM,301,3,L,moddrop_seed1111,-1.915230989,-1.399999976
8OtFthrtaJM$_$14,8OtFthrtaJM,301,3,L,moddrop_seed1114,-1.684498668,-1.399999976
8OtFthrtaJM$_$14,8OtFthrtaJM,301,3,L,uniform_kd_seed1111,-1.805251241,-1.399999976
8OtFthrtaJM$_$14,8OtFthrtaJM,301,3,LA,cfcompat_seed1111,-1.757289886,-1.399999976
8OtFthrtaJM$_$14,8OtFthrtaJM,301,3,LA,cfcompat_seed1114,-1.782689571,-1.399999976
8OtFthrtaJM$_$14,8OtFthrtaJM,301,3,LA,moddrop_seed1111,-1.843126178,-1.399999976
8OtFthrtaJM$_$14,8OtFthrtaJM,301,3,LA,moddrop_seed1114,-1.648899794,-1.399999976
8OtFthrtaJM$_$14,8OtFthrtaJM,301,3,LA,uniform_kd_seed1111,-1.749866843,-1.399999976
8OtFthrtaJM$_$14,8OtFthrtaJM,301,3,LAV,cfcompat_seed1111,-1.680814266,-1.399999976
8OtFthrtaJM$_$14,8OtFthrtaJM,301,3,LAV,cfcompat_seed1114,-1.81529367,-1.399999976
8OtFthrtaJM$_$14,8OtFthrtaJM,301,3,LAV,moddrop_seed1111,-1.765952826,-1.399999976
8OtFthrtaJM$_$14,8OtFthrtaJM,301,3,LAV,moddrop_seed1114,-1.677492738,-1.399999976
8OtFthrtaJM$_$14,8OtFthrtaJM,301,3,LAV,uniform_kd_seed1111,-1.696669579,-1.399999976
8OtFthrtaJM$_$14,8OtFthrtaJM,301,3,LV,cfcompat_seed1111,-1.754455328,-1.399999976
8OtFthrtaJM$_$14,8OtFthrtaJM,301,3,LV,cfcompat_seed1114,-1.848502517,-1.399999976
8OtFthrtaJM$_$14,8OtFthrtaJM,301,3,LV,moddrop_seed1111,-1.835115314,-1.399999976
8OtFthrtaJM$_$14,8OtFthrtaJM,301,3,LV,moddrop_seed1114,-1.714524627,-1.399999976
8OtFthrtaJM$_$14,8OtFthrtaJM,301,3,LV,uniform_kd_seed1111,-1.755098701,-1.399999976
8OtFthrtaJM$_$15,8OtFthrtaJM,300,3,L,cfcompat_seed1111,-0.1334494948,0
8OtFthrtaJM$_$15,8OtFthrtaJM,300,3,L,cfcompat_seed1114,0.272477597,0
8OtFthrtaJM$_$15,8OtFthrtaJM,300,3,L,moddrop_seed1111,0.1832508743,0
8OtFthrtaJM$_$15,8OtFthrtaJM,300,3,L,moddrop_seed1114,0.7457629442,0
8OtFthrtaJM$_$15,8OtFthrtaJM,300,3,L,uniform_kd_seed1111,0.4190966785,0
8OtFthrtaJM$_$15,8OtFthrtaJM,300,3,LA,cfcompat_seed1111,-0.00261066854,0
8OtFthrtaJM$_$15,8OtFthrtaJM,300,3,LA,cfcompat_seed1114,0.3096895516,0
8OtFthrtaJM$_$15,8OtFthrtaJM,300,3,LA,moddrop_seed1111,0.302809,0
8OtFthrtaJM$_$15,8OtFthrtaJM,300,3,LA,moddrop_seed1114,0.7908653617,0
8OtFthrtaJM$_$15,8OtFthrtaJM,300,3,LA,uniform_kd_seed1111,0.5368653536,0
8OtFthrtaJM$_$15,8OtFthrtaJM,300,3,LAV,cfcompat_seed1111,0.05609710515,0
8OtFthrtaJM$_$15,8OtFthrtaJM,300,3,LAV,cfcompat_seed1114,0.2521074712,0
8OtFthrtaJM$_$15,8OtFthrtaJM,300,3,LAV,moddrop_seed1111,0.3657360077,0
8OtFthrtaJM$_$15,8OtFthrtaJM,300,3,LAV,moddrop_seed1114,0.7426543236,0
8OtFthrtaJM$_$15,8OtFthrtaJM,300,3,LAV,uniform_kd_seed1111,0.5675276518,0
8OtFthrtaJM$_$15,8OtFthrtaJM,300,3,LV,cfcompat_seed1111,-0.07959308475,0
8OtFthrtaJM$_$15,8OtFthrtaJM,300,3,LV,cfcompat_seed1114,0.2174238265,0
8OtFthrtaJM$_$15,8OtFthrtaJM,300,3,LV,moddrop_seed1111,0.2423679978,0
8OtFthrtaJM$_$15,8OtFthrtaJM,300,3,LV,moddrop_seed1114,0.7015526891,0
8OtFthrtaJM$_$15,8OtFthrtaJM,300,3,LV,uniform_kd_seed1111,0.447067529,0
8OtFthrtaJM$_$16,8OtFthrtaJM,303,3,L,cfcompat_seed1111,2.001340866,0.6000000238
8OtFthrtaJM$_$16,8OtFthrtaJM,303,3,L,cfcompat_seed1114,1.576540232,0.6000000238
8OtFthrtaJM$_$16,8OtFthrtaJM,303,3,L,moddrop_seed1111,2.129880667,0.6000000238
8OtFthrtaJM$_$16,8OtFthrtaJM,303,3,L,moddrop_seed1114,1.698817611,0.6000000238
8OtFthrtaJM$_$16,8OtFthrtaJM,303,3,L,uniform_kd_seed1111,1.589817882,0.6000000238
8OtFthrtaJM$_$16,8OtFthrtaJM,303,3,LA,cfcompat_seed1111,2.097337961,0.6000000238
8OtFthrtaJM$_$16,8OtFthrtaJM,303,3,LA,cfcompat_seed1114,1.592694163,0.6000000238
8OtFthrtaJM$_$16,8OtFthrtaJM,303,3,LA,moddrop_seed1111,2.211031437,0.6000000238
8OtFthrtaJM$_$16,8OtFthrtaJM,303,3,LA,moddrop_seed1114,1.72910738,0.6000000238
8OtFthrtaJM$_$16,8OtFthrtaJM,303,3,LA,uniform_kd_seed1111,1.669609427,0.6000000238
8OtFthrtaJM$_$16,8OtFthrtaJM,303,3,LAV,cfcompat_seed1111,2.182598114,0.6000000238
8OtFthrtaJM$_$16,8OtFthrtaJM,303,3,LAV,cfcompat_seed1114,1.564200163,0.6000000238
8OtFthrtaJM$_$16,8OtFthrtaJM,303,3,LAV,moddrop_seed1111,2.29253912,0.6000000238
8OtFthrtaJM$_$16,8OtFthrtaJM,303,3,LAV,moddrop_seed1114,1.712945461,0.6000000238
8OtFthrtaJM$_$16,8OtFthrtaJM,303,3,LAV,uniform_kd_seed1111,1.734383583,0.6000000238
8OtFthrtaJM$_$16,8OtFthrtaJM,303,3,LV,cfcompat_seed1111,2.075913429,0.6000000238
8OtFthrtaJM$_$16,8OtFthrtaJM,303,3,LV,cfcompat_seed1114,1.552182794,0.6000000238
8OtFthrtaJM$_$16,8OtFthrtaJM,303,3,LV,moddrop_seed1111,2.201634645,0.6000000238
8OtFthrtaJM$_$16,8OtFthrtaJM,303,3,LV,moddrop_seed1114,1.686362386,0.6000000238
8OtFthrtaJM$_$16,8OtFthrtaJM,303,3,LV,uniform_kd_seed1111,1.649113178,0.6000000238
8OtFthrtaJM$_$17,8OtFthrtaJM,302,3,L,cfcompat_seed1111,1.451869011,1
8OtFthrtaJM$_$17,8OtFthrtaJM,302,3,L,cfcompat_seed1114,1.84125936,1
8OtFthrtaJM$_$17,8OtFthrtaJM,302,3,L,moddrop_seed1111,2.090584517,1
8OtFthrtaJM$_$17,8OtFthrtaJM,302,3,L,moddrop_seed1114,1.829413891,1
8OtFthrtaJM$_$17,8OtFthrtaJM,302,3,L,uniform_kd_seed1111,1.842034936,1
8OtFthrtaJM$_$17,8OtFthrtaJM,302,3,LA,cfcompat_seed1111,1.538068771,1
8OtFthrtaJM$_$17,8OtFthrtaJM,302,3,LA,cfcompat_seed1114,1.84510994,1
8OtFthrtaJM$_$17,8OtFthrtaJM,302,3,LA,moddrop_seed1111,2.15894556,1
8OtFthrtaJM$_$17,8OtFthrtaJM,302,3,LA,moddrop_seed1114,1.850149393,1
8OtFthrtaJM$_$17,8OtFthrtaJM,302,3,LA,uniform_kd_seed1111,1.908926606,1
8OtFthrtaJM$_$17,8OtFthrtaJM,302,3,LAV,cfcompat_seed1111,1.632620454,1
8OtFthrtaJM$_$17,8OtFthrtaJM,302,3,LAV,cfcompat_seed1114,1.817656517,1
8OtFthrtaJM$_$17,8OtFthrtaJM,302,3,LAV,moddrop_seed1111,2.248224735,1
8OtFthrtaJM$_$17,8OtFthrtaJM,302,3,LAV,moddrop_seed1114,1.834324837,1
8OtFthrtaJM$_$17,8OtFthrtaJM,302,3,LAV,uniform_kd_seed1111,1.972724676,1
8OtFthrtaJM$_$17,8OtFthrtaJM,302,3,LV,cfcompat_seed1111,1.542335868,1
8OtFthrtaJM$_$17,8OtFthrtaJM,302,3,LV,cfcompat_seed1114,1.819158435,1
8OtFthrtaJM$_$17,8OtFthrtaJM,302,3,LV,moddrop_seed1111,2.169521809,1
8OtFthrtaJM$_$17,8OtFthrtaJM,302,3,LV,moddrop_seed1114,1.816218972,1
8OtFthrtaJM$_$17,8OtFthrtaJM,302,3,LV,uniform_kd_seed1111,1.902393103,1
8OtFthrtaJM$_$18,8OtFthrtaJM,305,3,L,cfcompat_seed1111,0.7246508002,1.399999976
8OtFthrtaJM$_$18,8OtFthrtaJM,305,3,L,cfcompat_seed1114,1.022877574,1.399999976
8OtFthrtaJM$_$18,8OtFthrtaJM,305,3,L,moddrop_seed1111,1.745815039,1.399999976
8OtFthrtaJM$_$18,8OtFthrtaJM,305,3,L,moddrop_seed1114,1.463998079,1.399999976
8OtFthrtaJM$_$18,8OtFthrtaJM,305,3,L,uniform_kd_seed1111,0.434407264,1.399999976
8OtFthrtaJM$_$18,8OtFthrtaJM,305,3,LA,cfcompat_seed1111,0.8630518317,1.399999976
8OtFthrtaJM$_$18,8OtFthrtaJM,305,3,LA,cfcompat_seed1114,1.0477947,1.399999976
8OtFthrtaJM$_$18,8OtFthrtaJM,305,3,LA,moddrop_seed1111,1.861185074,1.399999976
8OtFthrtaJM$_$18,8OtFthrtaJM,305,3,LA,moddrop_seed1114,1.502022028,1.399999976
8OtFthrtaJM$_$18,8OtFthrtaJM,305,3,LA,uniform_kd_seed1111,0.5509498119,1.399999976
8OtFthrtaJM$_$18,8OtFthrtaJM,305,3,LAV,cfcompat_seed1111,0.9455944896,1.399999976
8OtFthrtaJM$_$18,8OtFthrtaJM,305,3,LAV,cfcompat_seed1114,1.024621129,1.399999976
8OtFthrtaJM$_$18,8OtFthrtaJM,305,3,LAV,moddrop_seed1111,1.946069479,1.399999976
8OtFthrtaJM$_$18,8OtFthrtaJM,305,3,LAV,moddrop_seed1114,1.486378431,1.399999976
8OtFthrtaJM$_$18,8OtFthrtaJM,305,3,LAV,uniform_kd_seed1111,0.6061041951,1.399999976
8OtFthrtaJM$_$18,8OtFthrtaJM,305,3,LV,cfcompat_seed1111,0.8056204319,1.399999976
8OtFthrtaJM$_$18,8OtFthrtaJM,305,3,LV,cfcompat_seed1114,1.000982881,1.399999976
8OtFthrtaJM$_$18,8OtFthrtaJM,305,3,LV,moddrop_seed1111,1.824503422,1.399999976
8OtFthrtaJM$_$18,8OtFthrtaJM,305,3,LV,moddrop_seed1114,1.452222228,1.399999976
8OtFthrtaJM$_$18,8OtFthrtaJM,305,3,LV,uniform_kd_seed1111,0.4857050776,1.399999976
8OtFthrtaJM$_$19,8OtFthrtaJM,304,3,L,cfcompat_seed1111,-1.604145408,-2.200000048
8OtFthrtaJM$_$19,8OtFthrtaJM,304,3,L,cfcompat_seed1114,-1.514435291,-2.200000048
8OtFthrtaJM$_$19,8OtFthrtaJM,304,3,L,moddrop_seed1111,-1.909646273,-2.200000048
8OtFthrtaJM$_$19,8OtFthrtaJM,304,3,L,moddrop_seed1114,-1.370514154,-2.200000048
8OtFthrtaJM$_$19,8OtFthrtaJM,304,3,L,uniform_kd_seed1111,-1.973142385,-2.200000048
8OtFthrtaJM$_$19,8OtFthrtaJM,304,3,LA,cfcompat_seed1111,-1.505905271,-2.200000048
8OtFthrtaJM$_$19,8OtFthrtaJM,304,3,LA,cfcompat_seed1114,-1.489715099,-2.200000048
8OtFthrtaJM$_$19,8OtFthrtaJM,304,3,LA,moddrop_seed1111,-1.820025206,-2.200000048
8OtFthrtaJM$_$19,8OtFthrtaJM,304,3,LA,moddrop_seed1114,-1.336608171,-2.200000048
8OtFthrtaJM$_$19,8OtFthrtaJM,304,3,LA,uniform_kd_seed1111,-1.89934957,-2.200000048
8OtFthrtaJM$_$19,8OtFthrtaJM,304,3,LAV,cfcompat_seed1111,-1.43677175,-2.200000048
8OtFthrtaJM$_$19,8OtFthrtaJM,304,3,LAV,cfcompat_seed1114,-1.539274096,-2.200000048
8OtFthrtaJM$_$19,8OtFthrtaJM,304,3,LAV,moddrop_seed1111,-1.755150318,-2.200000048
8OtFthrtaJM$_$19,8OtFthrtaJM,304,3,LAV,moddrop_seed1114,-1.385854363,-2.200000048
8OtFthrtaJM$_$19,8OtFthrtaJM,304,3,LAV,uniform_kd_seed1111,-1.857459426,-2.200000048
8OtFthrtaJM$_$19,8OtFthrtaJM,304,3,LV,cfcompat_seed1111,-1.537335634,-2.200000048
8OtFthrtaJM$_$19,8OtFthrtaJM,304,3,LV,cfcompat_seed1114,-1.564982057,-2.200000048
8OtFthrtaJM$_$19,8OtFthrtaJM,304,3,LV,moddrop_seed1111,-1.843730211,-2.200000048
8OtFthrtaJM$_$19,8OtFthrtaJM,304,3,LV,moddrop_seed1114,-1.415859699,-2.200000048
8OtFthrtaJM$_$19,8OtFthrtaJM,304,3,LV,uniform_kd_seed1111,-1.933686376,-2.200000048
8OtFthrtaJM$_$2,8OtFthrtaJM,289,3,L,cfcompat_seed1111,-1.802257895,-1
8OtFthrtaJM$_$2,8OtFthrtaJM,289,3,L,cfcompat_seed1114,-1.827957153,-1
8OtFthrtaJM$_$2,8OtFthrtaJM,289,3,L,moddrop_seed1111,-1.885975361,-1
8OtFthrtaJM$_$2,8OtFthrtaJM,289,3,L,moddrop_seed1114,-1.562895417,-1
8OtFthrtaJM$_$2,8OtFthrtaJM,289,3,L,uniform_kd_seed1111,-2.092377424,-1
8OtFthrtaJM$_$2,8OtFthrtaJM,289,3,LA,cfcompat_seed1111,-1.670423388,-1
8OtFthrtaJM$_$2,8OtFthrtaJM,289,3,LA,cfcompat_seed1114,-1.788362741,-1
8OtFthrtaJM$_$2,8OtFthrtaJM,289,3,LA,moddrop_seed1111,-1.767505527,-1
8OtFthrtaJM$_$2,8OtFthrtaJM,289,3,LA,moddrop_seed1114,-1.516623855,-1
8OtFthrtaJM$_$2,8OtFthrtaJM,289,3,LA,uniform_kd_seed1111,-1.981247902,-1
8OtFthrtaJM$_$2,8OtFthrtaJM,289,3,LAV,cfcompat_seed1111,-1.618529081,-1
8OtFthrtaJM$_$2,8OtFthrtaJM,289,3,LAV,cfcompat_seed1114,-1.816959739,-1
8OtFthrtaJM$_$2,8OtFthrtaJM,289,3,LAV,moddrop_seed1111,-1.714479804,-1
8OtFthrtaJM$_$2,8OtFthrtaJM,289,3,LAV,moddrop_seed1114,-1.547454238,-1
8OtFthrtaJM$_$2,8OtFthrtaJM,289,3,LAV,uniform_kd_seed1111,-1.954000831,-1
8OtFthrtaJM$_$2,8OtFthrtaJM,289,3,LV,cfcompat_seed1111,-1.749657989,-1
8OtFthrtaJM$_$2,8OtFthrtaJM,289,3,LV,cfcompat_seed1114,-1.866636276,-1
8OtFthrtaJM$_$2,8OtFthrtaJM,289,3,LV,moddrop_seed1111,-1.833211184,-1
8OtFthrtaJM$_$2,8OtFthrtaJM,289,3,LV,moddrop_seed1114,-1.594632149,-1
8OtFthrtaJM$_$2,8OtFthrtaJM,289,3,LV,uniform_kd_seed1111,-2.064080715,-1
8OtFthrtaJM$_$20,8OtFthrtaJM,283,3,L,cfcompat_seed1111,-1.879577279,-1.799999952
8OtFthrtaJM$_$20,8OtFthrtaJM,283,3,L,cfcompat_seed1114,-2.116514921,-1.799999952
8OtFthrtaJM$_$20,8OtFthrtaJM,283,3,L,moddrop_seed1111,-1.852116108,-1.799999952
8OtFthrtaJM$_$20,8OtFthrtaJM,283,3,L,moddrop_seed1114,-2.013036489,-1.799999952
8OtFthrtaJM$_$20,8OtFthrtaJM,283,3,L,uniform_kd_seed1111,-2.087749004,-1.799999952
8OtFthrtaJM$_$20,8OtFthrtaJM,283,3,LA,cfcompat_seed1111,-1.843843341,-1.799999952
8OtFthrtaJM$_$20,8OtFthrtaJM,283,3,LA,cfcompat_seed1114,-2.097512722,-1.799999952
8OtFthrtaJM$_$20,8OtFthrtaJM,283,3,LA,moddrop_seed1111,-1.817682624,-1.799999952
8OtFthrtaJM$_$20,8OtFthrtaJM,283,3,LA,moddrop_seed1114,-1.985493422,-1.799999952
8OtFthrtaJM$_$20,8OtFthrtaJM,283,3,LA,uniform_kd_seed1111,-2.060445786,-1.799999952
8OtFthrtaJM$_$20,8OtFthrtaJM,283,3,LAV,cfcompat_seed1111,-1.762476683,-1.799999952
8OtFthrtaJM$_$20,8OtFthrtaJM,283,3,LAV,cfcompat_seed1114,-2.107755423,-1.799999952
8OtFthrtaJM$_$20,8OtFthrtaJM,283,3,LAV,moddrop_seed1111,-1.733687758,-1.799999952
8OtFthrtaJM$_$20,8OtFthrtaJM,283,3,LAV,moddrop_seed1114,-1.993029952,-1.799999952
8OtFthrtaJM$_$20,8OtFthrtaJM,283,3,LAV,uniform_kd_seed1111,-2.006577492,-1.799999952
8OtFthrtaJM$_$20,8OtFthrtaJM,283,3,LV,cfcompat_seed1111,-1.801124692,-1.799999952
8OtFthrtaJM$_$20,8OtFthrtaJM,283,3,LV,cfcompat_seed1114,-2.134021521,-1.799999952
8OtFthrtaJM$_$20,8OtFthrtaJM,283,3,LV,moddrop_seed1111,-1.769699454,-1.799999952
8OtFthrtaJM$_$20,8OtFthrtaJM,283,3,LV,moddrop_seed1114,-2.028137445,-1.799999952
8OtFthrtaJM$_$20,8OtFthrtaJM,283,3,LV,uniform_kd_seed1111,-2.035395384,-1.799999952
8OtFthrtaJM$_$21,8OtFthrtaJM,284,3,L,cfcompat_seed1111,-1.852877021,-2.200000048
8OtFthrtaJM$_$21,8OtFthrtaJM,284,3,L,cfcompat_seed1114,-2.015562057,-2.200000048
8OtFthrtaJM$_$21,8OtFthrtaJM,284,3,L,moddrop_seed1111,-1.876537919,-2.200000048
8OtFthrtaJM$_$21,8OtFthrtaJM,284,3,L,moddrop_seed1114,-1.829758286,-2.200000048
8OtFthrtaJM$_$21,8OtFthrtaJM,284,3,L,uniform_kd_seed1111,-2.070853949,-2.200000048
8OtFthrtaJM$_$21,8OtFthrtaJM,284,3,LA,cfcompat_seed1111,-1.828208804,-2.200000048
8OtFthrtaJM$_$21,8OtFthrtaJM,284,3,LA,cfcompat_seed1114,-2.014350414,-2.200000048
8OtFthrtaJM$_$21,8OtFthrtaJM,284,3,LA,moddrop_seed1111,-1.848599315,-2.200000048
8OtFthrtaJM$_$21,8OtFthrtaJM,284,3,LA,moddrop_seed1114,-1.822208524,-2.200000048
8OtFthrtaJM$_$21,8OtFthrtaJM,284,3,LA,uniform_kd_seed1111,-2.049755812,-2.200000048
8OtFthrtaJM$_$21,8OtFthrtaJM,284,3,LAV,cfcompat_seed1111,-1.742593884,-2.200000048
8OtFthrtaJM$_$21,8OtFthrtaJM,284,3,LAV,cfcompat_seed1114,-2.040562391,-2.200000048
8OtFthrtaJM$_$21,8OtFthrtaJM,284,3,LAV,moddrop_seed1111,-1.760159016,-2.200000048
8OtFthrtaJM$_$21,8OtFthrtaJM,284,3,LAV,moddrop_seed1114,-1.847397804,-2.200000048
8OtFthrtaJM$_$21,8OtFthrtaJM,284,3,LAV,uniform_kd_seed1111,-1.992848635,-2.200000048
8OtFthrtaJM$_$21,8OtFthrtaJM,284,3,LV,cfcompat_seed1111,-1.768858552,-2.200000048
8OtFthrtaJM$_$21,8OtFthrtaJM,284,3,LV,cfcompat_seed1114,-2.053071499,-2.200000048
8OtFthrtaJM$_$21,8OtFthrtaJM,284,3,LV,moddrop_seed1111,-1.785129905,-2.200000048
8OtFthrtaJM$_$21,8OtFthrtaJM,284,3,LV,moddrop_seed1114,-1.86346674,-2.200000048
8OtFthrtaJM$_$21,8OtFthrtaJM,284,3,LV,uniform_kd_seed1111,-2.012304544,-2.200000048
8OtFthrtaJM$_$22,8OtFthrtaJM,285,3,L,cfcompat_seed1111,2.057555676,2
8OtFthrtaJM$_$22,8OtFthrtaJM,285,3,L,cfcompat_seed1114,2.542984009,2
8OtFthrtaJM$_$22,8OtFthrtaJM,285,3,L,moddrop_seed1111,2.105140209,2
8OtFthrtaJM$_$22,8OtFthrtaJM,285,3,L,moddrop_seed1114,2.523661137,2
8OtFthrtaJM$_$22,8OtFthrtaJM,285,3,L,uniform_kd_seed1111,2.242890835,2
8OtFthrtaJM$_$22,8OtFthrtaJM,285,3,LA,cfcompat_seed1111,2.188451767,2
8OtFthrtaJM$_$22,8OtFthrtaJM,285,3,LA,cfcompat_seed1114,2.564413786,2
8OtFthrtaJM$_$22,8OtFthrtaJM,285,3,LA,moddrop_seed1111,2.214493275,2
8OtFthrtaJM$_$22,8OtFthrtaJM,285,3,LA,moddrop_seed1114,2.55740571,2
8OtFthrtaJM$_$22,8OtFthrtaJM,285,3,LA,uniform_kd_seed1111,2.340276718,2
8OtFthrtaJM$_$22,8OtFthrtaJM,285,3,LAV,cfcompat_seed1111,2.242053986,2
8OtFthrtaJM$_$22,8OtFthrtaJM,285,3,LAV,cfcompat_seed1114,2.536108494,2
8OtFthrtaJM$_$22,8OtFthrtaJM,285,3,LAV,moddrop_seed1111,2.267653704,2
8OtFthrtaJM$_$22,8OtFthrtaJM,285,3,LAV,moddrop_seed1114,2.537934542,2
8OtFthrtaJM$_$22,8OtFthrtaJM,285,3,LAV,uniform_kd_seed1111,2.366194963,2
8OtFthrtaJM$_$22,8OtFthrtaJM,285,3,LV,cfcompat_seed1111,2.10875392,2
8OtFthrtaJM$_$22,8OtFthrtaJM,285,3,LV,cfcompat_seed1114,2.518998146,2
8OtFthrtaJM$_$22,8OtFthrtaJM,285,3,LV,moddrop_seed1111,2.153526068,2
8OtFthrtaJM$_$22,8OtFthrtaJM,285,3,LV,moddrop_seed1114,2.510324478,2
8OtFthrtaJM$_$22,8OtFthrtaJM,285,3,LV,uniform_kd_seed1111,2.265825033,2
8OtFthrtaJM$_$23,8OtFthrtaJM,286,3,L,cfcompat_seed1111,-0.2487683594,-1
8OtFthrtaJM$_$23,8OtFthrtaJM,286,3,L,cfcompat_seed1114,-0.8619493246,-1
8OtFthrtaJM$_$23,8OtFthrtaJM,286,3,L,moddrop_seed1111,-1.920883894,-1
8OtFthrtaJM$_$23,8OtFthrtaJM,286,3,L,moddrop_seed1114,-0.700589776,-1
8OtFthrtaJM$_$23,8OtFthrtaJM,286,3,L,uniform_kd_seed1111,-0.2959315479,-1
8OtFthrtaJM$_$23,8OtFthrtaJM,286,3,LA,cfcompat_seed1111,-0.113293536,-1
8OtFthrtaJM$_$23,8OtFthrtaJM,286,3,LA,cfcompat_seed1114,-0.8444488645,-1
8OtFthrtaJM$_$23,8OtFthrtaJM,286,3,LA,moddrop_seed1111,-1.816364884,-1
8OtFthrtaJM$_$23,8OtFthrtaJM,286,3,LA,moddrop_seed1114,-0.6716376543,-1
8OtFthrtaJM$_$23,8OtFthrtaJM,286,3,LA,uniform_kd_seed1111,-0.1767279953,-1
8OtFthrtaJM$_$23,8OtFthrtaJM,286,3,LAV,cfcompat_seed1111,-0.04738793522,-1
8OtFthrtaJM$_$23,8OtFthrtaJM,286,3,LAV,cfcompat_seed1114,-0.9295597076,-1
8OtFthrtaJM$_$23,8OtFthrtaJM,286,3,LAV,moddrop_seed1111,-1.756475687,-1
8OtFthrtaJM$_$23,8OtFthrtaJM,286,3,LAV,moddrop_seed1114,-0.7513129711,-1
8OtFthrtaJM$_$23,8OtFthrtaJM,286,3,LAV,uniform_kd_seed1111,-0.140588522,-1
8OtFthrtaJM$_$23,8OtFthrtaJM,286,3,LV,cfcompat_seed1111,-0.1880450249,-1
8OtFthrtaJM$_$23,8OtFthrtaJM,286,3,LV,cfcompat_seed1114,-0.9438171983,-1
8OtFthrtaJM$_$23,8OtFthrtaJM,286,3,LV,moddrop_seed1111,-1.862167716,-1
8OtFthrtaJM$_$23,8OtFthrtaJM,286,3,LV,moddrop_seed1114,-0.7750940323,-1
8OtFthrtaJM$_$23,8OtFthrtaJM,286,3,LV,uniform_kd_seed1111,-0.261823535,-1
8OtFthrtaJM$_$3,8OtFthrtaJM,288,3,L,cfcompat_seed1111,-0.7392965555,-2.400000095
8OtFthrtaJM$_$3,8OtFthrtaJM,288,3,L,cfcompat_seed1114,-1.423248768,-2.400000095
8OtFthrtaJM$_$3,8OtFthrtaJM,288,3,L,moddrop_seed1111,-1.880244613,-2.400000095
8OtFthrtaJM$_$3,8OtFthrtaJM,288,3,L,moddrop_seed1114,-0.6778608561,-2.400000095
8OtFthrtaJM$_$3,8OtFthrtaJM,288,3,L,uniform_kd_seed1111,-0.9228134155,-2.400000095
8OtFthrtaJM$_$3,8OtFthrtaJM,288,3,LA,cfcompat_seed1111,-0.6087763906,-2.400000095
8OtFthrtaJM$_$3,8OtFthrtaJM,288,3,LA,cfcompat_seed1114,-1.395054102,-2.400000095
8OtFthrtaJM$_$3,8OtFthrtaJM,288,3,LA,moddrop_seed1111,-1.779383779,-2.400000095
8OtFthrtaJM$_$3,8OtFthrtaJM,288,3,LA,moddrop_seed1114,-0.632753253,-2.400000095
8OtFthrtaJM$_$3,8OtFthrtaJM,288,3,LA,uniform_kd_seed1111,-0.8150528073,-2.400000095
8OtFthrtaJM$_$3,8OtFthrtaJM,288,3,LAV,cfcompat_seed1111,-0.5446327329,-2.400000095
8OtFthrtaJM$_$3,8OtFthrtaJM,288,3,LAV,cfcompat_seed1114,-1.467543364,-2.400000095
8OtFthrtaJM$_$3,8OtFthrtaJM,288,3,LAV,moddrop_seed1111,-1.717710257,-2.400000095
8OtFthrtaJM$_$3,8OtFthrtaJM,288,3,LAV,moddrop_seed1114,-0.6969671845,-2.400000095
8OtFthrtaJM$_$3,8OtFthrtaJM,288,3,LAV,uniform_kd_seed1111,-0.778876245,-2.400000095
8OtFthrtaJM$_$3,8OtFthrtaJM,288,3,LV,cfcompat_seed1111,-0.6772335172,-2.400000095
8OtFthrtaJM$_$3,8OtFthrtaJM,288,3,LV,cfcompat_seed1114,-1.495793462,-2.400000095
8OtFthrtaJM$_$3,8OtFthrtaJM,288,3,LV,moddrop_seed1111,-1.821369052,-2.400000095
8OtFthrtaJM$_$3,8OtFthrtaJM,288,3,LV,moddrop_seed1114,-0.7369294763,-2.400000095
8OtFthrtaJM$_$3,8OtFthrtaJM,288,3,LV,uniform_kd_seed1111,-0.8885433674,-2.400000095
8OtFthrtaJM$_$4,8OtFthrtaJM,291,3,L,cfcompat_seed1111,-1.792980552,-2
8OtFthrtaJM$_$4,8OtFthrtaJM,291,3,L,cfcompat_seed1114,-1.847049117,-2
8OtFthrtaJM$_$4,8OtFthrtaJM,291,3,L,moddrop_seed1111,-1.906573176,-2
8OtFthrtaJM$_$4,8OtFthrtaJM,291,3,L,moddrop_seed1114,-1.935389042,-2
8OtFthrtaJM$_$4,8OtFthrtaJM,291,3,L,uniform_kd_seed1111,-2.070059538,-2
8OtFthrtaJM$_$4,8OtFthrtaJM,291,3,LA,cfcompat_seed1111,-1.685727119,-2
8OtFthrtaJM$_$4,8OtFthrtaJM,291,3,LA,cfcompat_seed1114,-1.811889172,-2
8OtFthrtaJM$_$4,8OtFthrtaJM,291,3,LA,moddrop_seed1111,-1.806501985,-2
8OtFthrtaJM$_$4,8OtFthrtaJM,291,3,LA,moddrop_seed1114,-1.888855934,-2
8OtFthrtaJM$_$4,8OtFthrtaJM,291,3,LA,uniform_kd_seed1111,-1.984549522,-2
8OtFthrtaJM$_$4,8OtFthrtaJM,291,3,LAV,cfcompat_seed1111,-1.600325227,-2
8OtFthrtaJM$_$4,8OtFthrtaJM,291,3,LAV,cfcompat_seed1114,-1.838778973,-2
8OtFthrtaJM$_$4,8OtFthrtaJM,291,3,LAV,moddrop_seed1111,-1.719682932,-2
8OtFthrtaJM$_$4,8OtFthrtaJM,291,3,LAV,moddrop_seed1114,-1.902400494,-2
8OtFthrtaJM$_$4,8OtFthrtaJM,291,3,LAV,uniform_kd_seed1111,-1.928509593,-2
8OtFthrtaJM$_$4,8OtFthrtaJM,291,3,LV,cfcompat_seed1111,-1.711793661,-2
8OtFthrtaJM$_$4,8OtFthrtaJM,291,3,LV,cfcompat_seed1114,-1.885243177,-2
8OtFthrtaJM$_$4,8OtFthrtaJM,291,3,LV,moddrop_seed1111,-1.821222901,-2
8OtFthrtaJM$_$4,8OtFthrtaJM,291,3,LV,moddrop_seed1114,-1.962999225,-2
8OtFthrtaJM$_$4,8OtFthrtaJM,291,3,LV,uniform_kd_seed1111,-2.014287233,-2
8OtFthrtaJM$_$5,8OtFthrtaJM,290,3,L,cfcompat_seed1111,-0.8838319182,-0.200000003
8OtFthrtaJM$_$5,8OtFthrtaJM,290,3,L,cfcompat_seed1114,-1.506386161,-0.200000003
8OtFthrtaJM$_$5,8OtFthrtaJM,290,3,L,moddrop_seed1111,-1.865439057,-0.200000003
8OtFthrtaJM$_$5,8OtFthrtaJM,290,3,L,moddrop_seed1114,-1.396283984,-0.200000003
8OtFthrtaJM$_$5,8OtFthrtaJM,290,3,L,uniform_kd_seed1111,-1.656524301,-0.200000003
8OtFthrtaJM$_$5,8OtFthrtaJM,290,3,LA,cfcompat_seed1111,-0.8130268455,-0.200000003
8OtFthrtaJM$_$5,8OtFthrtaJM,290,3,LA,cfcompat_seed1114,-1.500347137,-0.200000003
8OtFthrtaJM$_$5,8OtFthrtaJM,290,3,LA,moddrop_seed1111,-1.817314625,-0.200000003
8OtFthrtaJM$_$5,8OtFthrtaJM,290,3,LA,moddrop_seed1114,-1.378913045,-0.200000003
8OtFthrtaJM$_$5,8OtFthrtaJM,290,3,LA,uniform_kd_seed1111,-1.615776896,-0.200000003
8OtFthrtaJM$_$5,8OtFthrtaJM,290,3,LAV,cfcompat_seed1111,-0.7642467022,-0.200000003
8OtFthrtaJM$_$5,8OtFthrtaJM,290,3,LAV,cfcompat_seed1114,-1.559073687,-0.200000003
8OtFthrtaJM$_$5,8OtFthrtaJM,290,3,LAV,moddrop_seed1111,-1.774758577,-0.200000003
8OtFthrtaJM$_$5,8OtFthrtaJM,290,3,LAV,moddrop_seed1114,-1.434619546,-0.200000003
8OtFthrtaJM$_$5,8OtFthrtaJM,290,3,LAV,uniform_kd_seed1111,-1.592636585,-0.200000003
8OtFthrtaJM$_$5,8OtFthrtaJM,290,3,LV,cfcompat_seed1111,-0.8391869068,-0.200000003
8OtFthrtaJM$_$5,8OtFthrtaJM,290,3,LV,cfcompat_seed1114,-1.56557858,-0.200000003
8OtFthrtaJM$_$5,8OtFthrtaJM,290,3,LV,moddrop_seed1111,-1.822575927,-0.200000003
8OtFthrtaJM$_$5,8OtFthrtaJM,290,3,LV,moddrop_seed1114,-1.447893739,-0.200000003
8OtFthrtaJM$_$5,8OtFthrtaJM,290,3,LV,uniform_kd_seed1111,-1.63760376,-0.200000003
8OtFthrtaJM$_$6,8OtFthrtaJM,293,3,L,cfcompat_seed1111,-1.697111845,-2.599999905
8OtFthrtaJM$_$6,8OtFthrtaJM,293,3,L,cfcompat_seed1114,-1.621114492,-2.599999905
8OtFthrtaJM$_$6,8OtFthrtaJM,293,3,L,moddrop_seed1111,-1.908429384,-2.599999905
8OtFthrtaJM$_$6,8OtFthrtaJM,293,3,L,moddrop_seed1114,-1.758009076,-2.599999905
8OtFthrtaJM$_$6,8OtFthrtaJM,293,3,L,uniform_kd_seed1111,-1.991578817,-2.599999905
8OtFthrtaJM$_$6,8OtFthrtaJM,293,3,LA,cfcompat_seed1111,-1.575268149,-2.599999905
8OtFthrtaJM$_$6,8OtFthrtaJM,293,3,LA,cfcompat_seed1114,-1.588192225,-2.599999905
8OtFthrtaJM$_$6,8OtFthrtaJM,293,3,LA,moddrop_seed1111,-1.804001212,-2.599999905
8OtFthrtaJM$_$6,8OtFthrtaJM,293,3,LA,moddrop_seed1114,-1.717932105,-2.599999905
8OtFthrtaJM$_$6,8OtFthrtaJM,293,3,LA,uniform_kd_seed1111,-1.893512368,-2.599999905
8OtFthrtaJM$_$6,8OtFthrtaJM,293,3,LAV,cfcompat_seed1111,-1.517118335,-2.599999905
8OtFthrtaJM$_$6,8OtFthrtaJM,293,3,LAV,cfcompat_seed1114,-1.657209396,-2.599999905
8OtFthrtaJM$_$6,8OtFthrtaJM,293,3,LAV,moddrop_seed1111,-1.742325068,-2.599999905
8OtFthrtaJM$_$6,8OtFthrtaJM,293,3,LAV,moddrop_seed1114,-1.77857852,-2.599999905
8OtFthrtaJM$_$6,8OtFthrtaJM,293,3,LAV,uniform_kd_seed1111,-1.860618353,-2.599999905
8OtFthrtaJM$_$6,8OtFthrtaJM,293,3,LV,cfcompat_seed1111,-1.640643239,-2.599999905
8OtFthrtaJM$_$6,8OtFthrtaJM,293,3,LV,cfcompat_seed1114,-1.693237543,-2.599999905
8OtFthrtaJM$_$6,8OtFthrtaJM,293,3,LV,moddrop_seed1111,-1.847879529,-2.599999905
8OtFthrtaJM$_$6,8OtFthrtaJM,293,3,LV,moddrop_seed1114,-1.82316184,-2.599999905
8OtFthrtaJM$_$6,8OtFthrtaJM,293,3,LV,uniform_kd_seed1111,-1.961806178,-2.599999905
8OtFthrtaJM$_$7,8OtFthrtaJM,292,3,L,cfcompat_seed1111,0.8933008313,-1.399999976
8OtFthrtaJM$_$7,8OtFthrtaJM,292,3,L,cfcompat_seed1114,-0.1307654828,-1.399999976
8OtFthrtaJM$_$7,8OtFthrtaJM,292,3,L,moddrop_seed1111,0.91421628,-1.399999976
8OtFthrtaJM$_$7,8OtFthrtaJM,292,3,L,moddrop_seed1114,0.3530525267,-1.399999976
8OtFthrtaJM$_$7,8OtFthrtaJM,292,3,L,uniform_kd_seed1111,1.216994643,-1.399999976
8OtFthrtaJM$_$7,8OtFthrtaJM,292,3,LA,cfcompat_seed1111,1.008195877,-1.399999976
8OtFthrtaJM$_$7,8OtFthrtaJM,292,3,LA,cfcompat_seed1114,-0.09496952593,-1.399999976
8OtFthrtaJM$_$7,8OtFthrtaJM,292,3,LA,moddrop_seed1111,1.017132521,-1.399999976
8OtFthrtaJM$_$7,8OtFthrtaJM,292,3,LA,moddrop_seed1114,0.404429704,-1.399999976
8OtFthrtaJM$_$7,8OtFthrtaJM,292,3,LA,uniform_kd_seed1111,1.308159113,-1.399999976
8OtFthrtaJM$_$7,8OtFthrtaJM,292,3,LAV,cfcompat_seed1111,1.150349498,-1.399999976
8OtFthrtaJM$_$7,8OtFthrtaJM,292,3,LAV,cfcompat_seed1114,-0.1114693582,-1.399999976
8OtFthrtaJM$_$7,8OtFthrtaJM,292,3,LAV,moddrop_seed1111,1.168251872,-1.399999976
8OtFthrtaJM$_$7,8OtFthrtaJM,292,3,LAV,moddrop_seed1114,0.3939875662,-1.399999976
8OtFthrtaJM$_$7,8OtFthrtaJM,292,3,LAV,uniform_kd_seed1111,1.419701934,-1.399999976
8OtFthrtaJM$_$7,8OtFthrtaJM,292,3,LV,cfcompat_seed1111,1.030203104,-1.399999976
8OtFthrtaJM$_$7,8OtFthrtaJM,292,3,LV,cfcompat_seed1114,-0.1471050829,-1.399999976
8OtFthrtaJM$_$7,8OtFthrtaJM,292,3,LV,moddrop_seed1111,1.061375737,-1.399999976
8OtFthrtaJM$_$7,8OtFthrtaJM,292,3,LV,moddrop_seed1114,0.3455093205,-1.399999976
8OtFthrtaJM$_$7,8OtFthrtaJM,292,3,LV,uniform_kd_seed1111,1.32224822,-1.399999976
8OtFthrtaJM$_$8,8OtFthrtaJM,295,3,L,cfcompat_seed1111,0.248264879,-0.200000003
8OtFthrtaJM$_$8,8OtFthrtaJM,295,3,L,cfcompat_seed1114,0.4372445345,-0.200000003
8OtFthrtaJM$_$8,8OtFthrtaJM,295,3,L,moddrop_seed1111,0.9513736963,-0.200000003
8OtFthrtaJM$_$8,8OtFthrtaJM,295,3,L,moddrop_seed1114,0.8164799809,-0.200000003
8OtFthrtaJM$_$8,8OtFthrtaJM,295,3,L,uniform_kd_seed1111,0.6559123397,-0.200000003
8OtFthrtaJM$_$8,8OtFthrtaJM,295,3,LA,cfcompat_seed1111,0.3837541342,-0.200000003
8OtFthrtaJM$_$8,8OtFthrtaJM,295,3,LA,cfcompat_seed1114,0.4794849455,-0.200000003
8OtFthrtaJM$_$8,8OtFthrtaJM,295,3,LA,moddrop_seed1111,1.073014259,-0.200000003
8OtFthrtaJM$_$8,8OtFthrtaJM,295,3,LA,moddrop_seed1114,0.864890635,-0.200000003
8OtFthrtaJM$_$8,8OtFthrtaJM,295,3,LA,uniform_kd_seed1111,0.7735572457,-0.200000003
8OtFthrtaJM$_$8,8OtFthrtaJM,295,3,LAV,cfcompat_seed1111,0.4775005579,-0.200000003
8OtFthrtaJM$_$8,8OtFthrtaJM,295,3,LAV,cfcompat_seed1114,0.4467627108,-0.200000003
8OtFthrtaJM$_$8,8OtFthrtaJM,295,3,LAV,moddrop_seed1111,1.169353724,-0.200000003
8OtFthrtaJM$_$8,8OtFthrtaJM,295,3,LAV,moddrop_seed1114,0.8425719738,-0.200000003
8OtFthrtaJM$_$8,8OtFthrtaJM,295,3,LAV,uniform_kd_seed1111,0.8370494246,-0.200000003
8OtFthrtaJM$_$8,8OtFthrtaJM,295,3,LV,cfcompat_seed1111,0.3371188641,-0.200000003
8OtFthrtaJM$_$8,8OtFthrtaJM,295,3,LV,cfcompat_seed1114,0.4121818841,-0.200000003
8OtFthrtaJM$_$8,8OtFthrtaJM,295,3,LV,moddrop_seed1111,1.046213031,-0.200000003
8OtFthrtaJM$_$8,8OtFthrtaJM,295,3,LV,moddrop_seed1114,0.7992384434,-0.200000003
8OtFthrtaJM$_$8,8OtFthrtaJM,295,3,LV,uniform_kd_seed1111,0.7151721716,-0.200000003
8OtFthrtaJM$_$9,8OtFthrtaJM,294,3,L,cfcompat_seed1111,0.1154307872,0.400000006
8OtFthrtaJM$_$9,8OtFthrtaJM,294,3,L,cfcompat_seed1114,0.3283773363,0.400000006
8OtFthrtaJM$_$9,8OtFthrtaJM,294,3,L,moddrop_seed1111,0.7530480027,0.400000006
8OtFthrtaJM$_$9,8OtFthrtaJM,294,3,L,moddrop_seed1114,0.6400877833,0.400000006
8OtFthrtaJM$_$9,8OtFthrtaJM,294,3,L,uniform_kd_seed1111,0.286167562,0.400000006
8OtFthrtaJM$_$9,8OtFthrtaJM,294,3,LA,cfcompat_seed1111,0.2584843934,0.400000006
8OtFthrtaJM$_$9,8OtFthrtaJM,294,3,LA,cfcompat_seed1114,0.3659226596,0.400000006
8OtFthrtaJM$_$9,8OtFthrtaJM,294,3,LA,moddrop_seed1111,0.8865886927,0.400000006
8OtFthrtaJM$_$9,8OtFthrtaJM,294,3,LA,moddrop_seed1114,0.6859255433,0.400000006
8OtFthrtaJM$_$9,8OtFthrtaJM,294,3,LA,uniform_kd_seed1111,0.4126394093,0.400000006
8OtFthrtaJM$_$9,8OtFthrtaJM,294,3,LAV,cfcompat_seed1111,0.3231068254,0.400000006
8OtFthrtaJM$_$9,8OtFthrtaJM,294,3,LAV,cfcompat_seed1114,0.3028934896,0.400000006
8OtFthrtaJM$_$9,8OtFthrtaJM,294,3,LAV,moddrop_seed1111,0.9540662766,0.400000006
8OtFthrtaJM$_$9,8OtFthrtaJM,294,3,LAV,moddrop_seed1114,0.631103158,0.400000006
8OtFthrtaJM$_$9,8OtFthrtaJM,294,3,LAV,uniform_kd_seed1111,0.4481327534,0.400000006
8OtFthrtaJM$_$9,8OtFthrtaJM,294,3,LV,cfcompat_seed1111,0.1768271327,0.400000006
8OtFthrtaJM$_$9,8OtFthrtaJM,294,3,LV,cfcompat_seed1114,0.267806083,0.400000006
8OtFthrtaJM$_$9,8OtFthrtaJM,294,3,LV,moddrop_seed1111,0.8196089268,0.400000006
8OtFthrtaJM$_$9,8OtFthrtaJM,294,3,LV,moddrop_seed1114,0.5886543989,0.400000006
8OtFthrtaJM$_$9,8OtFthrtaJM,294,3,LV,uniform_kd_seed1111,0.3180582821,0.400000006
8d-gEyoeBzc$_$1,8d-gEyoeBzc,316,3,L,cfcompat_seed1111,-0.1309109926,1.200000048
8d-gEyoeBzc$_$1,8d-gEyoeBzc,316,3,L,cfcompat_seed1114,1.298009515,1.200000048
8d-gEyoeBzc$_$1,8d-gEyoeBzc,316,3,L,moddrop_seed1111,0.2616017461,1.200000048
8d-gEyoeBzc$_$1,8d-gEyoeBzc,316,3,L,moddrop_seed1114,1.562570095,1.200000048
8d-gEyoeBzc$_$1,8d-gEyoeBzc,316,3,L,uniform_kd_seed1111,-0.2409095317,1.200000048
8d-gEyoeBzc$_$1,8d-gEyoeBzc,316,3,LA,cfcompat_seed1111,-0.1711437702,1.200000048
8d-gEyoeBzc$_$1,8d-gEyoeBzc,316,3,LA,cfcompat_seed1114,1.232499123,1.200000048
8d-gEyoeBzc$_$1,8d-gEyoeBzc,316,3,LA,moddrop_seed1111,0.2178267688,1.200000048
8d-gEyoeBzc$_$1,8d-gEyoeBzc,316,3,LA,moddrop_seed1114,1.514470696,1.200000048
8d-gEyoeBzc$_$1,8d-gEyoeBzc,316,3,LA,uniform_kd_seed1111,-0.2807127833,1.200000048
8d-gEyoeBzc$_$1,8d-gEyoeBzc,316,3,LAV,cfcompat_seed1111,-0.07321708649,1.200000048
8d-gEyoeBzc$_$1,8d-gEyoeBzc,316,3,LAV,cfcompat_seed1114,1.212522149,1.200000048
8d-gEyoeBzc$_$1,8d-gEyoeBzc,316,3,LAV,moddrop_seed1111,0.3239014447,1.200000048
8d-gEyoeBzc$_$1,8d-gEyoeBzc,316,3,LAV,moddrop_seed1114,1.509381533,1.200000048
8d-gEyoeBzc$_$1,8d-gEyoeBzc,316,3,LAV,uniform_kd_seed1111,-0.209177658,1.200000048
8d-gEyoeBzc$_$1,8d-gEyoeBzc,316,3,LV,cfcompat_seed1111,-0.03453870863,1.200000048
8d-gEyoeBzc$_$1,8d-gEyoeBzc,316,3,LV,cfcompat_seed1114,1.280857801,1.200000048
8d-gEyoeBzc$_$1,8d-gEyoeBzc,316,3,LV,moddrop_seed1111,0.3655448854,1.200000048
8d-gEyoeBzc$_$1,8d-gEyoeBzc,316,3,LV,moddrop_seed1114,1.560658455,1.200000048
8d-gEyoeBzc$_$1,8d-gEyoeBzc,316,3,LV,uniform_kd_seed1111,-0.1706731468,1.200000048
8d-gEyoeBzc$_$10,8d-gEyoeBzc,326,3,L,cfcompat_seed1111,1.064568043,0.6000000238
8d-gEyoeBzc$_$10,8d-gEyoeBzc,326,3,L,cfcompat_seed1114,1.087578654,0.6000000238
8d-gEyoeBzc$_$10,8d-gEyoeBzc,326,3,L,moddrop_seed1111,2.013497829,0.6000000238
8d-gEyoeBzc$_$10,8d-gEyoeBzc,326,3,L,moddrop_seed1114,1.894590497,0.6000000238
8d-gEyoeBzc$_$10,8d-gEyoeBzc,326,3,L,uniform_kd_seed1111,1.396695256,0.6000000238
8d-gEyoeBzc$_$10,8d-gEyoeBzc,326,3,LA,cfcompat_seed1111,1.065676332,0.6000000238
8d-gEyoeBzc$_$10,8d-gEyoeBzc,326,3,LA,cfcompat_seed1114,1.052530408,0.6000000238
8d-gEyoeBzc$_$10,8d-gEyoeBzc,326,3,LA,moddrop_seed1111,2.004364491,0.6000000238
8d-gEyoeBzc$_$10,8d-gEyoeBzc,326,3,LA,moddrop_seed1114,1.876013756,0.6000000238
8d-gEyoeBzc$_$10,8d-gEyoeBzc,326,3,LA,uniform_kd_seed1111,1.391003609,0.6000000238
8d-gEyoeBzc$_$10,8d-gEyoeBzc,326,3,LAV,cfcompat_seed1111,1.160294652,0.6000000238
8d-gEyoeBzc$_$10,8d-gEyoeBzc,326,3,LAV,cfcompat_seed1114,1.01251936,0.6000000238
8d-gEyoeBzc$_$10,8d-gEyoeBzc,326,3,LAV,moddrop_seed1111,2.10207057,0.6000000238
8d-gEyoeBzc$_$10,8d-gEyoeBzc,326,3,LAV,moddrop_seed1114,1.848182559,0.6000000238
8d-gEyoeBzc$_$10,8d-gEyoeBzc,326,3,LAV,uniform_kd_seed1111,1.458025455,0.6000000238
8d-gEyoeBzc$_$10,8d-gEyoeBzc,326,3,LV,cfcompat_seed1111,1.156613469,0.6000000238
8d-gEyoeBzc$_$10,8d-gEyoeBzc,326,3,LV,cfcompat_seed1114,1.045946598,0.6000000238
8d-gEyoeBzc$_$10,8d-gEyoeBzc,326,3,LV,moddrop_seed1111,2.104995489,0.6000000238
8d-gEyoeBzc$_$10,8d-gEyoeBzc,326,3,LV,moddrop_seed1114,1.871857285,0.6000000238
8d-gEyoeBzc$_$10,8d-gEyoeBzc,326,3,LV,uniform_kd_seed1111,1.461797595,0.6000000238
8d-gEyoeBzc$_$11,8d-gEyoeBzc,325,3,L,cfcompat_seed1111,1.841362119,1.600000024
8d-gEyoeBzc$_$11,8d-gEyoeBzc,325,3,L,cfcompat_seed1114,2.20357585,1.600000024
8d-gEyoeBzc$_$11,8d-gEyoeBzc,325,3,L,moddrop_seed1111,2.131056309,1.600000024
8d-gEyoeBzc$_$11,8d-gEyoeBzc,325,3,L,moddrop_seed1114,2.316401482,1.600000024
8d-gEyoeBzc$_$11,8d-gEyoeBzc,325,3,L,uniform_kd_seed1111,1.971250057,1.600000024
8d-gEyoeBzc$_$11,8d-gEyoeBzc,325,3,LA,cfcompat_seed1111,1.827215791,1.600000024
8d-gEyoeBzc$_$11,8d-gEyoeBzc,325,3,LA,cfcompat_seed1114,2.162808895,1.600000024
8d-gEyoeBzc$_$11,8d-gEyoeBzc,325,3,LA,moddrop_seed1111,2.111888409,1.600000024
8d-gEyoeBzc$_$11,8d-gEyoeBzc,325,3,LA,moddrop_seed1114,2.299289942,1.600000024
8d-gEyoeBzc$_$11,8d-gEyoeBzc,325,3,LA,uniform_kd_seed1111,1.955083609,1.600000024
8d-gEyoeBzc$_$11,8d-gEyoeBzc,325,3,LAV,cfcompat_seed1111,1.94130528,1.600000024
8d-gEyoeBzc$_$11,8d-gEyoeBzc,325,3,LAV,cfcompat_seed1114,2.159074306,1.600000024
8d-gEyoeBzc$_$11,8d-gEyoeBzc,325,3,LAV,moddrop_seed1111,2.22743988,1.600000024
8d-gEyoeBzc$_$11,8d-gEyoeBzc,325,3,LAV,moddrop_seed1114,2.3062222,1.600000024
8d-gEyoeBzc$_$11,8d-gEyoeBzc,325,3,LAV,uniform_kd_seed1111,2.03674674,1.600000024
8d-gEyoeBzc$_$11,8d-gEyoeBzc,325,3,LV,cfcompat_seed1111,1.950020552,1.600000024
8d-gEyoeBzc$_$11,8d-gEyoeBzc,325,3,LV,cfcompat_seed1114,2.208623171,1.600000024
8d-gEyoeBzc$_$11,8d-gEyoeBzc,325,3,LV,moddrop_seed1111,2.234485626,1.600000024
8d-gEyoeBzc$_$11,8d-gEyoeBzc,325,3,LV,moddrop_seed1114,2.335145712,1.600000024
8d-gEyoeBzc$_$11,8d-gEyoeBzc,325,3,LV,uniform_kd_seed1111,2.049215078,1.600000024
8d-gEyoeBzc$_$12,8d-gEyoeBzc,328,3,L,cfcompat_seed1111,1.656118512,1.600000024
8d-gEyoeBzc$_$12,8d-gEyoeBzc,328,3,L,cfcompat_seed1114,1.537377477,1.600000024
8d-gEyoeBzc$_$12,8d-gEyoeBzc,328,3,L,moddrop_seed1111,2.095127583,1.600000024
8d-gEyoeBzc$_$12,8d-gEyoeBzc,328,3,L,moddrop_seed1114,2.046505451,1.600000024
8d-gEyoeBzc$_$12,8d-gEyoeBzc,328,3,L,uniform_kd_seed1111,1.705206633,1.600000024
8d-gEyoeBzc$_$12,8d-gEyoeBzc,328,3,LA,cfcompat_seed1111,1.628929853,1.600000024
8d-gEyoeBzc$_$12,8d-gEyoeBzc,328,3,LA,cfcompat_seed1114,1.479466081,1.600000024
8d-gEyoeBzc$_$12,8d-gEyoeBzc,328,3,LA,moddrop_seed1111,2.062333107,1.600000024
8d-gEyoeBzc$_$12,8d-gEyoeBzc,328,3,LA,moddrop_seed1114,2.012691021,1.600000024
8d-gEyoeBzc$_$12,8d-gEyoeBzc,328,3,LA,uniform_kd_seed1111,1.677500606,1.600000024
8d-gEyoeBzc$_$12,8d-gEyoeBzc,328,3,LAV,cfcompat_seed1111,1.74422133,1.600000024
8d-gEyoeBzc$_$12,8d-gEyoeBzc,328,3,LAV,cfcompat_seed1114,1.480052233,1.600000024
8d-gEyoeBzc$_$12,8d-gEyoeBzc,328,3,LAV,moddrop_seed1111,2.180023193,1.600000024
8d-gEyoeBzc$_$12,8d-gEyoeBzc,328,3,LAV,moddrop_seed1114,2.022306204,1.600000024
8d-gEyoeBzc$_$12,8d-gEyoeBzc,328,3,LAV,uniform_kd_seed1111,1.760221481,1.600000024
8d-gEyoeBzc$_$12,8d-gEyoeBzc,328,3,LV,cfcompat_seed1111,1.764309525,1.600000024
8d-gEyoeBzc$_$12,8d-gEyoeBzc,328,3,LV,cfcompat_seed1114,1.540830374,1.600000024
8d-gEyoeBzc$_$12,8d-gEyoeBzc,328,3,LV,moddrop_seed1111,2.203809977,1.600000024
8d-gEyoeBzc$_$12,8d-gEyoeBzc,328,3,LV,moddrop_seed1114,2.064412355,1.600000024
8d-gEyoeBzc$_$12,8d-gEyoeBzc,328,3,LV,uniform_kd_seed1111,1.781722665,1.600000024
8d-gEyoeBzc$_$13,8d-gEyoeBzc,327,3,L,cfcompat_seed1111,0.8184890747,1.399999976
8d-gEyoeBzc$_$13,8d-gEyoeBzc,327,3,L,cfcompat_seed1114,0.3967551291,1.399999976
8d-gEyoeBzc$_$13,8d-gEyoeBzc,327,3,L,moddrop_seed1111,0.9580817223,1.399999976
8d-gEyoeBzc$_$13,8d-gEyoeBzc,327,3,L,moddrop_seed1114,1.523217797,1.399999976
8d-gEyoeBzc$_$13,8d-gEyoeBzc,327,3,L,uniform_kd_seed1111,1.195541382,1.399999976
8d-gEyoeBzc$_$13,8d-gEyoeBzc,327,3,LA,cfcompat_seed1111,0.7721123695,1.399999976
8d-gEyoeBzc$_$13,8d-gEyoeBzc,327,3,LA,cfcompat_seed1114,0.3398928046,1.399999976
8d-gEyoeBzc$_$13,8d-gEyoeBzc,327,3,LA,moddrop_seed1111,0.9075847864,1.399999976
8d-gEyoeBzc$_$13,8d-gEyoeBzc,327,3,LA,moddrop_seed1114,1.479023457,1.399999976
8d-gEyoeBzc$_$13,8d-gEyoeBzc,327,3,LA,uniform_kd_seed1111,1.150601625,1.399999976
8d-gEyoeBzc$_$13,8d-gEyoeBzc,327,3,LAV,cfcompat_seed1111,0.874542892,1.399999976
8d-gEyoeBzc$_$13,8d-gEyoeBzc,327,3,LAV,cfcompat_seed1114,0.321965605,1.399999976
8d-gEyoeBzc$_$13,8d-gEyoeBzc,327,3,LAV,moddrop_seed1111,1.019639611,1.399999976
8d-gEyoeBzc$_$13,8d-gEyoeBzc,327,3,LAV,moddrop_seed1114,1.473186731,1.399999976
8d-gEyoeBzc$_$13,8d-gEyoeBzc,327,3,LAV,uniform_kd_seed1111,1.225517273,1.399999976
8d-gEyoeBzc$_$13,8d-gEyoeBzc,327,3,LV,cfcompat_seed1111,0.9200036526,1.399999976
8d-gEyoeBzc$_$13,8d-gEyoeBzc,327,3,LV,cfcompat_seed1114,0.3813505173,1.399999976
8d-gEyoeBzc$_$13,8d-gEyoeBzc,327,3,LV,moddrop_seed1111,1.06857276,1.399999976
8d-gEyoeBzc$_$13,8d-gEyoeBzc,327,3,LV,moddrop_seed1114,1.51993835,1.399999976
8d-gEyoeBzc$_$13,8d-gEyoeBzc,327,3,LV,uniform_kd_seed1111,1.269382,1.399999976
8d-gEyoeBzc$_$14,8d-gEyoeBzc,330,3,L,cfcompat_seed1111,0.6329280734,0
8d-gEyoeBzc$_$14,8d-gEyoeBzc,330,3,L,cfcompat_seed1114,0.7074662447,0
8d-gEyoeBzc$_$14,8d-gEyoeBzc,330,3,L,moddrop_seed1111,1.135879993,0
8d-gEyoeBzc$_$14,8d-gEyoeBzc,330,3,L,moddrop_seed1114,0.9490996599,0
8d-gEyoeBzc$_$14,8d-gEyoeBzc,330,3,L,uniform_kd_seed1111,0.8755318522,0
8d-gEyoeBzc$_$14,8d-gEyoeBzc,330,3,LA,cfcompat_seed1111,0.6387261748,0
8d-gEyoeBzc$_$14,8d-gEyoeBzc,330,3,LA,cfcompat_seed1114,0.6627593637,0
8d-gEyoeBzc$_$14,8d-gEyoeBzc,330,3,LA,moddrop_seed1111,1.137132645,0
8d-gEyoeBzc$_$14,8d-gEyoeBzc,330,3,LA,moddrop_seed1114,0.9240890145,0
8d-gEyoeBzc$_$14,8d-gEyoeBzc,330,3,LA,uniform_kd_seed1111,0.8803751469,0
8d-gEyoeBzc$_$14,8d-gEyoeBzc,330,3,LAV,cfcompat_seed1111,0.7669608593,0
8d-gEyoeBzc$_$14,8d-gEyoeBzc,330,3,LAV,cfcompat_seed1114,0.6825060248,0
8d-gEyoeBzc$_$14,8d-gEyoeBzc,330,3,LAV,moddrop_seed1111,1.271080017,0
8d-gEyoeBzc$_$14,8d-gEyoeBzc,330,3,LAV,moddrop_seed1114,0.9520173073,0
8d-gEyoeBzc$_$14,8d-gEyoeBzc,330,3,LAV,uniform_kd_seed1111,0.980437696,0
8d-gEyoeBzc$_$14,8d-gEyoeBzc,330,3,LV,cfcompat_seed1111,0.7597964406,0
8d-gEyoeBzc$_$14,8d-gEyoeBzc,330,3,LV,cfcompat_seed1114,0.7323186398,0
8d-gEyoeBzc$_$14,8d-gEyoeBzc,330,3,LV,moddrop_seed1111,1.267043114,0
8d-gEyoeBzc$_$14,8d-gEyoeBzc,330,3,LV,moddrop_seed1114,0.9833754301,0
8d-gEyoeBzc$_$14,8d-gEyoeBzc,330,3,LV,uniform_kd_seed1111,0.9739419818,0
8d-gEyoeBzc$_$15,8d-gEyoeBzc,329,3,L,cfcompat_seed1111,0.6668302417,0.8000000119
8d-gEyoeBzc$_$15,8d-gEyoeBzc,329,3,L,cfcompat_seed1114,1.414260626,0.8000000119
8d-gEyoeBzc$_$15,8d-gEyoeBzc,329,3,L,moddrop_seed1111,2.092591763,0.8000000119
8d-gEyoeBzc$_$15,8d-gEyoeBzc,329,3,L,moddrop_seed1114,1.576526999,0.8000000119
8d-gEyoeBzc$_$15,8d-gEyoeBzc,329,3,L,uniform_kd_seed1111,1.184876442,0.8000000119
8d-gEyoeBzc$_$15,8d-gEyoeBzc,329,3,LA,cfcompat_seed1111,0.6454437971,0.8000000119
8d-gEyoeBzc$_$15,8d-gEyoeBzc,329,3,LA,cfcompat_seed1114,1.371802807,0.8000000119
8d-gEyoeBzc$_$15,8d-gEyoeBzc,329,3,LA,moddrop_seed1111,2.062732458,0.8000000119
8d-gEyoeBzc$_$15,8d-gEyoeBzc,329,3,LA,moddrop_seed1114,1.549665809,0.8000000119
8d-gEyoeBzc$_$15,8d-gEyoeBzc,329,3,LA,uniform_kd_seed1111,1.163546562,0.8000000119
8d-gEyoeBzc$_$15,8d-gEyoeBzc,329,3,LAV,cfcompat_seed1111,0.7564278841,0.8000000119
8d-gEyoeBzc$_$15,8d-gEyoeBzc,329,3,LAV,cfcompat_seed1114,1.345551968,0.8000000119
8d-gEyoeBzc$_$15,8d-gEyoeBzc,329,3,LAV,moddrop_seed1111,2.175252914,0.8000000119
8d-gEyoeBzc$_$15,8d-gEyoeBzc,329,3,LAV,moddrop_seed1114,1.53824091,0.8000000119
8d-gEyoeBzc$_$15,8d-gEyoeBzc,329,3,LAV,uniform_kd_seed1111,1.245440722,0.8000000119
8d-gEyoeBzc$_$15,8d-gEyoeBzc,329,3,LV,cfcompat_seed1111,0.7745743394,0.8000000119
8d-gEyoeBzc$_$15,8d-gEyoeBzc,329,3,LV,cfcompat_seed1114,1.395539522,0.8000000119
8d-gEyoeBzc$_$15,8d-gEyoeBzc,329,3,LV,moddrop_seed1111,2.194856882,0.8000000119
8d-gEyoeBzc$_$15,8d-gEyoeBzc,329,3,LV,moddrop_seed1114,1.570290565,0.8000000119
8d-gEyoeBzc$_$15,8d-gEyoeBzc,329,3,LV,uniform_kd_seed1111,1.264506817,0.8000000119
8d-gEyoeBzc$_$16,8d-gEyoeBzc,332,3,L,cfcompat_seed1111,1.134463906,1.200000048
8d-gEyoeBzc$_$16,8d-gEyoeBzc,332,3,L,cfcompat_seed1114,2.183729172,1.200000048
8d-gEyoeBzc$_$16,8d-gEyoeBzc,332,3,L,moddrop_seed1111,2.07358098,1.200000048
8d-gEyoeBzc$_$16,8d-gEyoeBzc,332,3,L,moddrop_seed1114,2.413516045,1.200000048
8d-gEyoeBzc$_$16,8d-gEyoeBzc,332,3,L,uniform_kd_seed1111,1.819064736,1.200000048
8d-gEyoeBzc$_$16,8d-gEyoeBzc,332,3,LA,cfcompat_seed1111,1.214467168,1.200000048
8d-gEyoeBzc$_$16,8d-gEyoeBzc,332,3,LA,cfcompat_seed1114,2.19366312,1.200000048
8d-gEyoeBzc$_$16,8d-gEyoeBzc,332,3,LA,moddrop_seed1111,2.142368555,1.200000048
8d-gEyoeBzc$_$16,8d-gEyoeBzc,332,3,LA,moddrop_seed1114,2.438290119,1.200000048
8d-gEyoeBzc$_$16,8d-gEyoeBzc,332,3,LA,uniform_kd_seed1111,1.881581545,1.200000048
8d-gEyoeBzc$_$16,8d-gEyoeBzc,332,3,LAV,cfcompat_seed1111,1.317506194,1.200000048
8d-gEyoeBzc$_$16,8d-gEyoeBzc,332,3,LAV,cfcompat_seed1114,2.188477755,1.200000048
8d-gEyoeBzc$_$16,8d-gEyoeBzc,332,3,LAV,moddrop_seed1111,2.245173216,1.200000048
8d-gEyoeBzc$_$16,8d-gEyoeBzc,332,3,LAV,moddrop_seed1114,2.441789865,1.200000048
8d-gEyoeBzc$_$16,8d-gEyoeBzc,332,3,LAV,uniform_kd_seed1111,1.955200195,1.200000048
8d-gEyoeBzc$_$16,8d-gEyoeBzc,332,3,LV,cfcompat_seed1111,1.234691024,1.200000048
8d-gEyoeBzc$_$16,8d-gEyoeBzc,332,3,LV,cfcompat_seed1114,2.186133385,1.200000048
8d-gEyoeBzc$_$16,8d-gEyoeBzc,332,3,LV,moddrop_seed1111,2.171366215,1.200000048
8d-gEyoeBzc$_$16,8d-gEyoeBzc,332,3,LV,moddrop_seed1114,2.427113533,1.200000048
8d-gEyoeBzc$_$16,8d-gEyoeBzc,332,3,LV,uniform_kd_seed1111,1.889554262,1.200000048
8d-gEyoeBzc$_$17,8d-gEyoeBzc,331,3,L,cfcompat_seed1111,1.442583561,1
8d-gEyoeBzc$_$17,8d-gEyoeBzc,331,3,L,cfcompat_seed1114,1.501725435,1
8d-gEyoeBzc$_$17,8d-gEyoeBzc,331,3,L,moddrop_seed1111,2.060459137,1
8d-gEyoeBzc$_$17,8d-gEyoeBzc,331,3,L,moddrop_seed1114,1.560005426,1
8d-gEyoeBzc$_$17,8d-gEyoeBzc,331,3,L,uniform_kd_seed1111,1.389770746,1
8d-gEyoeBzc$_$17,8d-gEyoeBzc,331,3,LA,cfcompat_seed1111,1.485227942,1
8d-gEyoeBzc$_$17,8d-gEyoeBzc,331,3,LA,cfcompat_seed1114,1.474363446,1
8d-gEyoeBzc$_$17,8d-gEyoeBzc,331,3,LA,moddrop_seed1111,2.093193531,1
8d-gEyoeBzc$_$17,8d-gEyoeBzc,331,3,LA,moddrop_seed1114,1.550789595,1
8d-gEyoeBzc$_$17,8d-gEyoeBzc,331,3,LA,uniform_kd_seed1111,1.421756029,1
8d-gEyoeBzc$_$17,8d-gEyoeBzc,331,3,LAV,cfcompat_seed1111,1.589811683,1
8d-gEyoeBzc$_$17,8d-gEyoeBzc,331,3,LAV,cfcompat_seed1114,1.45906496,1
8d-gEyoeBzc$_$17,8d-gEyoeBzc,331,3,LAV,moddrop_seed1111,2.202740669,1
8d-gEyoeBzc$_$17,8d-gEyoeBzc,331,3,LAV,moddrop_seed1114,1.548821449,1
8d-gEyoeBzc$_$17,8d-gEyoeBzc,331,3,LAV,uniform_kd_seed1111,1.500086427,1
8d-gEyoeBzc$_$17,8d-gEyoeBzc,331,3,LV,cfcompat_seed1111,1.543553948,1
8d-gEyoeBzc$_$17,8d-gEyoeBzc,331,3,LV,cfcompat_seed1114,1.487723351,1
8d-gEyoeBzc$_$17,8d-gEyoeBzc,331,3,LV,moddrop_seed1111,2.160845518,1
8d-gEyoeBzc$_$17,8d-gEyoeBzc,331,3,LV,moddrop_seed1114,1.558751822,1
8d-gEyoeBzc$_$17,8d-gEyoeBzc,331,3,LV,uniform_kd_seed1111,1.46580708,1
8d-gEyoeBzc$_$18,8d-gEyoeBzc,334,3,L,cfcompat_seed1111,0.007623333484,0.6000000238
8d-gEyoeBzc$_$18,8d-gEyoeBzc,334,3,L,cfcompat_seed1114,-1.031150341,0.6000000238
8d-gEyoeBzc$_$18,8d-gEyoeBzc,334,3,L,moddrop_seed1111,0.524767518,0.6000000238
8d-gEyoeBzc$_$18,8d-gEyoeBzc,334,3,L,moddrop_seed1114,-1.334314466,0.6000000238
8d-gEyoeBzc$_$18,8d-gEyoeBzc,334,3,L,uniform_kd_seed1111,-0.1281562001,0.6000000238
8d-gEyoeBzc$_$18,8d-gEyoeBzc,334,3,LA,cfcompat_seed1111,0.03634014353,0.6000000238
8d-gEyoeBzc$_$18,8d-gEyoeBzc,334,3,LA,cfcompat_seed1114,-1.042780399,0.6000000238
8d-gEyoeBzc$_$18,8d-gEyoeBzc,334,3,LA,moddrop_seed1111,0.5498768091,0.6000000238
8d-gEyoeBzc$_$18,8d-gEyoeBzc,334,3,LA,moddrop_seed1114,-1.335172415,0.6000000238
8d-gEyoeBzc$_$18,8d-gEyoeBzc,334,3,LA,uniform_kd_seed1111,-0.1085716859,0.6000000238
8d-gEyoeBzc$_$18,8d-gEyoeBzc,334,3,LAV,cfcompat_seed1111,0.1335588396,0.6000000238
8d-gEyoeBzc$_$18,8d-gEyoeBzc,334,3,LAV,cfcompat_seed1114,-1.089668632,0.6000000238
8d-gEyoeBzc$_$18,8d-gEyoeBzc,334,3,LAV,moddrop_seed1111,0.6532558799,0.6000000238
8d-gEyoeBzc$_$18,8d-gEyoeBzc,334,3,LAV,moddrop_seed1114,-1.375922322,0.6000000238
8d-gEyoeBzc$_$18,8d-gEyoeBzc,334,3,LAV,uniform_kd_seed1111,-0.0389758423,0.6000000238
8d-gEyoeBzc$_$18,8d-gEyoeBzc,334,3,LV,cfcompat_seed1111,0.1013365835,0.6000000238
8d-gEyoeBzc$_$18,8d-gEyoeBzc,334,3,LV,cfcompat_seed1114,-1.075379372,0.6000000238
8d-gEyoeBzc$_$18,8d-gEyoeBzc,334,3,LV,moddrop_seed1111,0.6255749464,0.6000000238
8d-gEyoeBzc$_$18,8d-gEyoeBzc,334,3,LV,moddrop_seed1114,-1.372223735,0.6000000238
8d-gEyoeBzc$_$18,8d-gEyoeBzc,334,3,LV,uniform_kd_seed1111,-0.06126853079,0.6000000238
8d-gEyoeBzc$_$19,8d-gEyoeBzc,333,3,L,cfcompat_seed1111,2.039425611,1.600000024
8d-gEyoeBzc$_$19,8d-gEyoeBzc,333,3,L,cfcompat_seed1114,1.820945621,1.600000024
8d-gEyoeBzc$_$19,8d-gEyoeBzc,333,3,L,moddrop_seed1111,2.121435165,1.600000024
8d-gEyoeBzc$_$19,8d-gEyoeBzc,333,3,L,moddrop_seed1114,1.865145564,1.600000024
8d-gEyoeBzc$_$19,8d-gEyoeBzc,333,3,L,uniform_kd_seed1111,2.001421213,1.600000024
8d-gEyoeBzc$_$19,8d-gEyoeBzc,333,3,LA,cfcompat_seed1111,2.063405991,1.600000024
8d-gEyoeBzc$_$19,8d-gEyoeBzc,333,3,LA,cfcompat_seed1114,1.783649564,1.600000024
8d-gEyoeBzc$_$19,8d-gEyoeBzc,333,3,LA,moddrop_seed1111,2.137648106,1.600000024
8d-gEyoeBzc$_$19,8d-gEyoeBzc,333,3,LA,moddrop_seed1114,1.84849453,1.600000024
8d-gEyoeBzc$_$19,8d-gEyoeBzc,333,3,LA,uniform_kd_seed1111,2.016566992,1.600000024
8d-gEyoeBzc$_$19,8d-gEyoeBzc,333,3,LAV,cfcompat_seed1111,2.165613174,1.600000024
8d-gEyoeBzc$_$19,8d-gEyoeBzc,333,3,LAV,cfcompat_seed1114,1.78512156,1.600000024
8d-gEyoeBzc$_$19,8d-gEyoeBzc,333,3,LAV,moddrop_seed1111,2.24485898,1.600000024
8d-gEyoeBzc$_$19,8d-gEyoeBzc,333,3,LAV,moddrop_seed1114,1.863301158,1.600000024
8d-gEyoeBzc$_$19,8d-gEyoeBzc,333,3,LAV,uniform_kd_seed1111,2.091165781,1.600000024
8d-gEyoeBzc$_$19,8d-gEyoeBzc,333,3,LV,cfcompat_seed1111,2.134313107,1.600000024
8d-gEyoeBzc$_$19,8d-gEyoeBzc,333,3,LV,cfcompat_seed1114,1.827190399,1.600000024
8d-gEyoeBzc$_$19,8d-gEyoeBzc,333,3,LV,moddrop_seed1111,2.216168642,1.600000024
8d-gEyoeBzc$_$19,8d-gEyoeBzc,333,3,LV,moddrop_seed1114,1.883600712,1.600000024
8d-gEyoeBzc$_$19,8d-gEyoeBzc,333,3,LV,uniform_kd_seed1111,2.069860935,1.600000024
8d-gEyoeBzc$_$2,8d-gEyoeBzc,318,3,L,cfcompat_seed1111,-1.149487853,-0.8000000119
8d-gEyoeBzc$_$2,8d-gEyoeBzc,318,3,L,cfcompat_seed1114,-0.4641447067,-0.8000000119
8d-gEyoeBzc$_$2,8d-gEyoeBzc,318,3,L,moddrop_seed1111,-1.916916013,-0.8000000119
8d-gEyoeBzc$_$2,8d-gEyoeBzc,318,3,L,moddrop_seed1114,-0.5080696344,-0.8000000119
8d-gEyoeBzc$_$2,8d-gEyoeBzc,318,3,L,uniform_kd_seed1111,-0.5612812638,-0.8000000119
8d-gEyoeBzc$_$2,8d-gEyoeBzc,318,3,LA,cfcompat_seed1111,-1.139901996,-0.8000000119
8d-gEyoeBzc$_$2,8d-gEyoeBzc,318,3,LA,cfcompat_seed1114,-0.4959808588,-0.8000000119
8d-gEyoeBzc$_$2,8d-gEyoeBzc,318,3,LA,moddrop_seed1111,-1.912603974,-0.8000000119
8d-gEyoeBzc$_$2,8d-gEyoeBzc,318,3,LA,moddrop_seed1114,-0.5221970081,-0.8000000119
8d-gEyoeBzc$_$2,8d-gEyoeBzc,318,3,LA,uniform_kd_seed1111,-0.5525085926,-0.8000000119
8d-gEyoeBzc$_$2,8d-gEyoeBzc,318,3,LAV,cfcompat_seed1111,-1.044907451,-0.8000000119
8d-gEyoeBzc$_$2,8d-gEyoeBzc,318,3,LAV,cfcompat_seed1114,-0.5631696582,-0.8000000119
8d-gEyoeBzc$_$2,8d-gEyoeBzc,318,3,LAV,moddrop_seed1111,-1.826340199,-0.8000000119
8d-gEyoeBzc$_$2,8d-gEyoeBzc,318,3,LAV,moddrop_seed1114,-0.5822379589,-0.8000000119
8d-gEyoeBzc$_$2,8d-gEyoeBzc,318,3,LAV,uniform_kd_seed1111,-0.4811603129,-0.8000000119
8d-gEyoeBzc$_$2,8d-gEyoeBzc,318,3,LV,cfcompat_seed1111,-1.059006929,-0.8000000119
8d-gEyoeBzc$_$2,8d-gEyoeBzc,318,3,LV,cfcompat_seed1114,-0.5324181318,-0.8000000119
8d-gEyoeBzc$_$2,8d-gEyoeBzc,318,3,LV,moddrop_seed1111,-1.830931187,-0.8000000119
8d-gEyoeBzc$_$2,8d-gEyoeBzc,318,3,LV,moddrop_seed1114,-0.567186296,-0.8000000119
8d-gEyoeBzc$_$2,8d-gEyoeBzc,318,3,LV,uniform_kd_seed1111,-0.4935259521,-0.8000000119
8d-gEyoeBzc$_$20,8d-gEyoeBzc,310,3,L,cfcompat_seed1111,2.107880354,1.200000048
8d-gEyoeBzc$_$20,8d-gEyoeBzc,310,3,L,cfcompat_seed1114,2.060096264,1.200000048
8d-gEyoeBzc$_$20,8d-gEyoeBzc,310,3,L,moddrop_seed1111,2.128552437,1.200000048
8d-gEyoeBzc$_$20,8d-gEyoeBzc,310,3,L,moddrop_seed1114,2.36820817,1.200000048
8d-gEyoeBzc$_$20,8d-gEyoeBzc,310,3,L,uniform_kd_seed1111,2.151450872,1.200000048
8d-gEyoeBzc$_$20,8d-gEyoeBzc,310,3,LA,cfcompat_seed1111,2.095822096,1.200000048
8d-gEyoeBzc$_$20,8d-gEyoeBzc,310,3,LA,cfcompat_seed1114,2.010944605,1.200000048
8d-gEyoeBzc$_$20,8d-gEyoeBzc,310,3,LA,moddrop_seed1111,2.105028391,1.200000048
8d-gEyoeBzc$_$20,8d-gEyoeBzc,310,3,LA,moddrop_seed1114,2.342530489,1.200000048
8d-gEyoeBzc$_$20,8d-gEyoeBzc,310,3,LA,uniform_kd_seed1111,2.13406992,1.200000048
8d-gEyoeBzc$_$20,8d-gEyoeBzc,310,3,LAV,cfcompat_seed1111,2.180622578,1.200000048
8d-gEyoeBzc$_$20,8d-gEyoeBzc,310,3,LAV,cfcompat_seed1114,1.974009037,1.200000048
8d-gEyoeBzc$_$20,8d-gEyoeBzc,310,3,LAV,moddrop_seed1111,2.198252201,1.200000048
8d-gEyoeBzc$_$20,8d-gEyoeBzc,310,3,LAV,moddrop_seed1114,2.319172382,1.200000048
8d-gEyoeBzc$_$20,8d-gEyoeBzc,310,3,LAV,uniform_kd_seed1111,2.192260027,1.200000048
8d-gEyoeBzc$_$20,8d-gEyoeBzc,310,3,LV,cfcompat_seed1111,2.185479879,1.200000048
8d-gEyoeBzc$_$20,8d-gEyoeBzc,310,3,LV,cfcompat_seed1114,2.03284812,1.200000048
8d-gEyoeBzc$_$20,8d-gEyoeBzc,310,3,LV,moddrop_seed1111,2.208771467,1.200000048
8d-gEyoeBzc$_$20,8d-gEyoeBzc,310,3,LV,moddrop_seed1114,2.35604763,1.200000048
8d-gEyoeBzc$_$20,8d-gEyoeBzc,310,3,LV,uniform_kd_seed1111,2.200558901,1.200000048
8d-gEyoeBzc$_$21,8d-gEyoeBzc,311,3,L,cfcompat_seed1111,-1.108911753,-2
8d-gEyoeBzc$_$21,8d-gEyoeBzc,311,3,L,cfcompat_seed1114,-1.363046527,-2
8d-gEyoeBzc$_$21,8d-gEyoeBzc,311,3,L,moddrop_seed1111,-1.930205584,-2
8d-gEyoeBzc$_$21,8d-gEyoeBzc,311,3,L,moddrop_seed1114,-1.390422344,-2
8d-gEyoeBzc$_$21,8d-gEyoeBzc,311,3,L,uniform_kd_seed1111,-1.324940443,-2
8d-gEyoeBzc$_$21,8d-gEyoeBzc,311,3,LA,cfcompat_seed1111,-1.188493013,-2
8d-gEyoeBzc$_$21,8d-gEyoeBzc,311,3,LA,cfcompat_seed1114,-1.328908443,-2
8d-gEyoeBzc$_$21,8d-gEyoeBzc,311,3,LA,moddrop_seed1111,-2.013907671,-2
8d-gEyoeBzc$_$21,8d-gEyoeBzc,311,3,LA,moddrop_seed1114,-1.349117041,-2
8d-gEyoeBzc$_$21,8d-gEyoeBzc,311,3,LA,uniform_kd_seed1111,-1.404004455,-2
8d-gEyoeBzc$_$21,8d-gEyoeBzc,311,3,LAV,cfcompat_seed1111,-1.194182396,-2
8d-gEyoeBzc$_$21,8d-gEyoeBzc,311,3,LAV,cfcompat_seed1114,-1.405675173,-2
8d-gEyoeBzc$_$21,8d-gEyoeBzc,311,3,LAV,moddrop_seed1111,-2.013557434,-2
8d-gEyoeBzc$_$21,8d-gEyoeBzc,311,3,LAV,moddrop_seed1114,-1.417970538,-2
8d-gEyoeBzc$_$21,8d-gEyoeBzc,311,3,LAV,uniform_kd_seed1111,-1.421730876,-2
8d-gEyoeBzc$_$21,8d-gEyoeBzc,311,3,LV,cfcompat_seed1111,-1.113880992,-2
8d-gEyoeBzc$_$21,8d-gEyoeBzc,311,3,LV,cfcompat_seed1114,-1.454234958,-2
8d-gEyoeBzc$_$21,8d-gEyoeBzc,311,3,LV,moddrop_seed1111,-1.9312464,-2
8d-gEyoeBzc$_$21,8d-gEyoeBzc,311,3,LV,moddrop_seed1114,-1.473669052,-2
8d-gEyoeBzc$_$21,8d-gEyoeBzc,311,3,LV,uniform_kd_seed1111,-1.34286356,-2
8d-gEyoeBzc$_$22,8d-gEyoeBzc,312,3,L,cfcompat_seed1111,-1.810636878,-1
8d-gEyoeBzc$_$22,8d-gEyoeBzc,312,3,L,cfcompat_seed1114,-1.383532405,-1
8d-gEyoeBzc$_$22,8d-gEyoeBzc,312,3,L,moddrop_seed1111,-1.865116239,-1
8d-gEyoeBzc$_$22,8d-gEyoeBzc,312,3,L,moddrop_seed1114,-1.859852672,-1
8d-gEyoeBzc$_$22,8d-gEyoeBzc,312,3,L,uniform_kd_seed1111,-2.069862843,-1
8d-gEyoeBzc$_$22,8d-gEyoeBzc,312,3,LA,cfcompat_seed1111,-1.878814459,-1
8d-gEyoeBzc$_$22,8d-gEyoeBzc,312,3,LA,cfcompat_seed1114,-1.457340121,-1
8d-gEyoeBzc$_$22,8d-gEyoeBzc,312,3,LA,moddrop_seed1111,-1.92985177,-1
8d-gEyoeBzc$_$22,8d-gEyoeBzc,312,3,LA,moddrop_seed1114,-1.909504294,-1
8d-gEyoeBzc$_$22,8d-gEyoeBzc,312,3,LA,uniform_kd_seed1111,-2.135302305,-1
8d-gEyoeBzc$_$22,8d-gEyoeBzc,312,3,LAV,cfcompat_seed1111,-1.797803402,-1
8d-gEyoeBzc$_$22,8d-gEyoeBzc,312,3,LAV,cfcompat_seed1114,-1.530193567,-1
8d-gEyoeBzc$_$22,8d-gEyoeBzc,312,3,LAV,moddrop_seed1111,-1.856804013,-1
8d-gEyoeBzc$_$22,8d-gEyoeBzc,312,3,LAV,moddrop_seed1114,-1.960067868,-1
8d-gEyoeBzc$_$22,8d-gEyoeBzc,312,3,LAV,uniform_kd_seed1111,-2.079702854,-1
8d-gEyoeBzc$_$22,8d-gEyoeBzc,312,3,LV,cfcompat_seed1111,-1.730740428,-1
8d-gEyoeBzc$_$22,8d-gEyoeBzc,312,3,LV,cfcompat_seed1114,-1.460679293,-1
8d-gEyoeBzc$_$22,8d-gEyoeBzc,312,3,LV,moddrop_seed1111,-1.787322998,-1
8d-gEyoeBzc$_$22,8d-gEyoeBzc,312,3,LV,moddrop_seed1114,-1.917374372,-1
8d-gEyoeBzc$_$22,8d-gEyoeBzc,312,3,LV,uniform_kd_seed1111,-2.011789799,-1
8d-gEyoeBzc$_$23,8d-gEyoeBzc,313,3,L,cfcompat_seed1111,-0.4227396548,-0.400000006
8d-gEyoeBzc$_$23,8d-gEyoeBzc,313,3,L,cfcompat_seed1114,0.2864743769,-0.400000006
8d-gEyoeBzc$_$23,8d-gEyoeBzc,313,3,L,moddrop_seed1111,-1.583253503,-0.400000006
8d-gEyoeBzc$_$23,8d-gEyoeBzc,313,3,L,moddrop_seed1114,0.6128853559,-0.400000006
8d-gEyoeBzc$_$23,8d-gEyoeBzc,313,3,L,uniform_kd_seed1111,-0.3822990358,-0.400000006
8d-gEyoeBzc$_$23,8d-gEyoeBzc,313,3,LA,cfcompat_seed1111,-0.4241724312,-0.400000006
8d-gEyoeBzc$_$23,8d-gEyoeBzc,313,3,LA,cfcompat_seed1114,0.2537069023,-0.400000006
8d-gEyoeBzc$_$23,8d-gEyoeBzc,313,3,LA,moddrop_seed1111,-1.604620457,-0.400000006
8d-gEyoeBzc$_$23,8d-gEyoeBzc,313,3,LA,moddrop_seed1114,0.5965409875,-0.400000006
8d-gEyoeBzc$_$23,8d-gEyoeBzc,313,3,LA,uniform_kd_seed1111,-0.3897251785,-0.400000006
8d-gEyoeBzc$_$23,8d-gEyoeBzc,313,3,LAV,cfcompat_seed1111,-0.332932651,-0.400000006
8d-gEyoeBzc$_$23,8d-gEyoeBzc,313,3,LAV,cfcompat_seed1114,0.181209445,-0.400000006
8d-gEyoeBzc$_$23,8d-gEyoeBzc,313,3,LAV,moddrop_seed1111,-1.511261821,-0.400000006
8d-gEyoeBzc$_$23,8d-gEyoeBzc,313,3,LAV,moddrop_seed1114,0.534594655,-0.400000006
8d-gEyoeBzc$_$23,8d-gEyoeBzc,313,3,LAV,uniform_kd_seed1111,-0.3231728971,-0.400000006
8d-gEyoeBzc$_$23,8d-gEyoeBzc,313,3,LV,cfcompat_seed1111,-0.334824264,-0.400000006
8d-gEyoeBzc$_$23,8d-gEyoeBzc,313,3,LV,cfcompat_seed1114,0.2137046754,-0.400000006
8d-gEyoeBzc$_$23,8d-gEyoeBzc,313,3,LV,moddrop_seed1111,-1.497285962,-0.400000006
8d-gEyoeBzc$_$23,8d-gEyoeBzc,313,3,LV,moddrop_seed1114,0.5518855453,-0.400000006
8d-gEyoeBzc$_$23,8d-gEyoeBzc,313,3,LV,uniform_kd_seed1111,-0.3182756603,-0.400000006
8d-gEyoeBzc$_$24,8d-gEyoeBzc,306,3,L,cfcompat_seed1111,-1.640449405,-1.399999976
8d-gEyoeBzc$_$24,8d-gEyoeBzc,306,3,L,cfcompat_seed1114,-1.538844824,-1.399999976
8d-gEyoeBzc$_$24,8d-gEyoeBzc,306,3,L,moddrop_seed1111,-1.91356957,-1.399999976
8d-gEyoeBzc$_$24,8d-gEyoeBzc,306,3,L,moddrop_seed1114,-1.310750127,-1.399999976
8d-gEyoeBzc$_$24,8d-gEyoeBzc,306,3,L,uniform_kd_seed1111,-2.054935455,-1.399999976
8d-gEyoeBzc$_$24,8d-gEyoeBzc,306,3,LA,cfcompat_seed1111,-1.685242176,-1.399999976
8d-gEyoeBzc$_$24,8d-gEyoeBzc,306,3,LA,cfcompat_seed1114,-1.588977456,-1.399999976
8d-gEyoeBzc$_$24,8d-gEyoeBzc,306,3,LA,moddrop_seed1111,-1.951173067,-1.399999976
8d-gEyoeBzc$_$24,8d-gEyoeBzc,306,3,LA,moddrop_seed1114,-1.352245092,-1.399999976
8d-gEyoeBzc$_$24,8d-gEyoeBzc,306,3,LA,uniform_kd_seed1111,-2.095807552,-1.399999976
8d-gEyoeBzc$_$24,8d-gEyoeBzc,306,3,LAV,cfcompat_seed1111,-1.5959723,-1.399999976
8d-gEyoeBzc$_$24,8d-gEyoeBzc,306,3,LAV,cfcompat_seed1114,-1.668407679,-1.399999976
8d-gEyoeBzc$_$24,8d-gEyoeBzc,306,3,LAV,moddrop_seed1111,-1.870162725,-1.399999976
8d-gEyoeBzc$_$24,8d-gEyoeBzc,306,3,LAV,moddrop_seed1114,-1.430080295,-1.399999976
8d-gEyoeBzc$_$24,8d-gEyoeBzc,306,3,LAV,uniform_kd_seed1111,-2.032760382,-1.399999976
8d-gEyoeBzc$_$24,8d-gEyoeBzc,306,3,LV,cfcompat_seed1111,-1.557080984,-1.399999976
8d-gEyoeBzc$_$24,8d-gEyoeBzc,306,3,LV,cfcompat_seed1114,-1.622839928,-1.399999976
8d-gEyoeBzc$_$24,8d-gEyoeBzc,306,3,LV,moddrop_seed1111,-1.832564831,-1.399999976
8d-gEyoeBzc$_$24,8d-gEyoeBzc,306,3,LV,moddrop_seed1114,-1.38973248,-1.399999976
8d-gEyoeBzc$_$24,8d-gEyoeBzc,306,3,LV,uniform_kd_seed1111,-1.992412329,-1.399999976
8d-gEyoeBzc$_$25,8d-gEyoeBzc,307,3,L,cfcompat_seed1111,2.180867672,1.799999952
8d-gEyoeBzc$_$25,8d-gEyoeBzc,307,3,L,cfcompat_seed1114,1.839571714,1.799999952
8d-gEyoeBzc$_$25,8d-gEyoeBzc,307,3,L,moddrop_seed1111,2.120476007,1.799999952
8d-gEyoeBzc$_$25,8d-gEyoeBzc,307,3,L,moddrop_seed1114,2.30725956,1.799999952
8d-gEyoeBzc$_$25,8d-gEyoeBzc,307,3,L,uniform_kd_seed1111,2.184218645,1.799999952
8d-gEyoeBzc$_$25,8d-gEyoeBzc,307,3,LA,cfcompat_seed1111,2.198365927,1.799999952
8d-gEyoeBzc$_$25,8d-gEyoeBzc,307,3,LA,cfcompat_seed1114,1.792534709,1.799999952
8d-gEyoeBzc$_$25,8d-gEyoeBzc,307,3,LA,moddrop_seed1111,2.127983809,1.799999952
8d-gEyoeBzc$_$25,8d-gEyoeBzc,307,3,LA,moddrop_seed1114,2.290372849,1.799999952
8d-gEyoeBzc$_$25,8d-gEyoeBzc,307,3,LA,uniform_kd_seed1111,2.194801807,1.799999952
8d-gEyoeBzc$_$25,8d-gEyoeBzc,307,3,LAV,cfcompat_seed1111,2.298815489,1.799999952
8d-gEyoeBzc$_$25,8d-gEyoeBzc,307,3,LAV,cfcompat_seed1114,1.80253613,1.799999952
8d-gEyoeBzc$_$25,8d-gEyoeBzc,307,3,LAV,moddrop_seed1111,2.235777378,1.799999952
8d-gEyoeBzc$_$25,8d-gEyoeBzc,307,3,LAV,moddrop_seed1114,2.309223413,1.799999952
8d-gEyoeBzc$_$25,8d-gEyoeBzc,307,3,LAV,uniform_kd_seed1111,2.268022299,1.799999952
8d-gEyoeBzc$_$25,8d-gEyoeBzc,307,3,LV,cfcompat_seed1111,2.271559715,1.799999952
8d-gEyoeBzc$_$25,8d-gEyoeBzc,307,3,LV,cfcompat_seed1114,1.850765109,1.799999952
8d-gEyoeBzc$_$25,8d-gEyoeBzc,307,3,LV,moddrop_seed1111,2.21614933,1.799999952
8d-gEyoeBzc$_$25,8d-gEyoeBzc,307,3,LV,moddrop_seed1114,2.334675074,1.799999952
8d-gEyoeBzc$_$25,8d-gEyoeBzc,307,3,LV,uniform_kd_seed1111,2.249428034,1.799999952
8d-gEyoeBzc$_$26,8d-gEyoeBzc,308,3,L,cfcompat_seed1111,-0.2855373323,1
8d-gEyoeBzc$_$26,8d-gEyoeBzc,308,3,L,cfcompat_seed1114,-1.261049032,1
8d-gEyoeBzc$_$26,8d-gEyoeBzc,308,3,L,moddrop_seed1111,-0.7388820648,1
8d-gEyoeBzc$_$26,8d-gEyoeBzc,308,3,L,moddrop_seed1114,-1.038107276,1
8d-gEyoeBzc$_$26,8d-gEyoeBzc,308,3,L,uniform_kd_seed1111,-0.2104709893,1
8d-gEyoeBzc$_$26,8d-gEyoeBzc,308,3,LA,cfcompat_seed1111,-0.2833319902,1
8d-gEyoeBzc$_$26,8d-gEyoeBzc,308,3,LA,cfcompat_seed1114,-1.320436001,1
8d-gEyoeBzc$_$26,8d-gEyoeBzc,308,3,LA,moddrop_seed1111,-0.7485359311,1
8d-gEyoeBzc$_$26,8d-gEyoeBzc,308,3,LA,moddrop_seed1114,-1.083691239,1
8d-gEyoeBzc$_$26,8d-gEyoeBzc,308,3,LA,uniform_kd_seed1111,-0.2135641128,1
8d-gEyoeBzc$_$26,8d-gEyoeBzc,308,3,LAV,cfcompat_seed1111,-0.1893644631,1
8d-gEyoeBzc$_$26,8d-gEyoeBzc,308,3,LAV,cfcompat_seed1114,-1.407866478,1
8d-gEyoeBzc$_$26,8d-gEyoeBzc,308,3,LAV,moddrop_seed1111,-0.651681006,1
8d-gEyoeBzc$_$26,8d-gEyoeBzc,308,3,LAV,moddrop_seed1114,-1.166086674,1
8d-gEyoeBzc$_$26,8d-gEyoeBzc,308,3,LAV,uniform_kd_seed1111,-0.1425274462,1
8d-gEyoeBzc$_$26,8d-gEyoeBzc,308,3,LV,cfcompat_seed1111,-0.1936644316,1
8d-gEyoeBzc$_$26,8d-gEyoeBzc,308,3,LV,cfcompat_seed1114,-1.351732492,1
8d-gEyoeBzc$_$26,8d-gEyoeBzc,308,3,LV,moddrop_seed1111,-0.6422219872,1
8d-gEyoeBzc$_$26,8d-gEyoeBzc,308,3,LV,moddrop_seed1114,-1.121024609,1
8d-gEyoeBzc$_$26,8d-gEyoeBzc,308,3,LV,uniform_kd_seed1111,-0.1407845765,1
8d-gEyoeBzc$_$27,8d-gEyoeBzc,309,3,L,cfcompat_seed1111,-0.7143481374,-1.399999976
8d-gEyoeBzc$_$27,8d-gEyoeBzc,309,3,L,cfcompat_seed1114,-1.55180037,-1.399999976
8d-gEyoeBzc$_$27,8d-gEyoeBzc,309,3,L,moddrop_seed1111,-1.901656032,-1.399999976
8d-gEyoeBzc$_$27,8d-gEyoeBzc,309,3,L,moddrop_seed1114,-1.132271171,-1.399999976
8d-gEyoeBzc$_$27,8d-gEyoeBzc,309,3,L,uniform_kd_seed1111,-1.283410668,-1.399999976
8d-gEyoeBzc$_$27,8d-gEyoeBzc,309,3,LA,cfcompat_seed1111,-0.7332926393,-1.399999976
8d-gEyoeBzc$_$27,8d-gEyoeBzc,309,3,LA,cfcompat_seed1114,-1.579219818,-1.399999976
8d-gEyoeBzc$_$27,8d-gEyoeBzc,309,3,LA,moddrop_seed1111,-1.928617239,-1.399999976
8d-gEyoeBzc$_$27,8d-gEyoeBzc,309,3,LA,moddrop_seed1114,-1.14537394,-1.399999976
8d-gEyoeBzc$_$27,8d-gEyoeBzc,309,3,LA,uniform_kd_seed1111,-1.313657045,-1.399999976
8d-gEyoeBzc$_$27,8d-gEyoeBzc,309,3,LAV,cfcompat_seed1111,-0.629188478,-1.399999976
8d-gEyoeBzc$_$27,8d-gEyoeBzc,309,3,LAV,cfcompat_seed1114,-1.608790636,-1.399999976
8d-gEyoeBzc$_$27,8d-gEyoeBzc,309,3,LAV,moddrop_seed1111,-1.832948565,-1.399999976
8d-gEyoeBzc$_$27,8d-gEyoeBzc,309,3,LAV,moddrop_seed1114,-1.174287438,-1.399999976
8d-gEyoeBzc$_$27,8d-gEyoeBzc,309,3,LAV,uniform_kd_seed1111,-1.23595953,-1.399999976
8d-gEyoeBzc$_$27,8d-gEyoeBzc,309,3,LV,cfcompat_seed1111,-0.6140218377,-1.399999976
8d-gEyoeBzc$_$27,8d-gEyoeBzc,309,3,LV,cfcompat_seed1114,-1.586162448,-1.399999976
8d-gEyoeBzc$_$27,8d-gEyoeBzc,309,3,LV,moddrop_seed1111,-1.808846593,-1.399999976
8d-gEyoeBzc$_$27,8d-gEyoeBzc,309,3,LV,moddrop_seed1114,-1.157600045,-1.399999976
8d-gEyoeBzc$_$27,8d-gEyoeBzc,309,3,LV,uniform_kd_seed1111,-1.209306955,-1.399999976
8d-gEyoeBzc$_$28,8d-gEyoeBzc,314,3,L,cfcompat_seed1111,1.207136273,-0.8000000119
8d-gEyoeBzc$_$28,8d-gEyoeBzc,314,3,L,cfcompat_seed1114,-1.080735683,-0.8000000119
8d-gEyoeBzc$_$28,8d-gEyoeBzc,314,3,L,moddrop_seed1111,1.473702669,-0.8000000119
8d-gEyoeBzc$_$28,8d-gEyoeBzc,314,3,L,moddrop_seed1114,-1.204816461,-0.8000000119
8d-gEyoeBzc$_$28,8d-gEyoeBzc,314,3,L,uniform_kd_seed1111,1.289164305,-0.8000000119
8d-gEyoeBzc$_$28,8d-gEyoeBzc,314,3,LA,cfcompat_seed1111,1.23623848,-0.8000000119
8d-gEyoeBzc$_$28,8d-gEyoeBzc,314,3,LA,cfcompat_seed1114,-1.100084782,-0.8000000119
8d-gEyoeBzc$_$28,8d-gEyoeBzc,314,3,LA,moddrop_seed1111,1.495004654,-0.8000000119
8d-gEyoeBzc$_$28,8d-gEyoeBzc,314,3,LA,moddrop_seed1114,-1.212861419,-0.8000000119
8d-gEyoeBzc$_$28,8d-gEyoeBzc,314,3,LA,uniform_kd_seed1111,1.308438778,-0.8000000119
8d-gEyoeBzc$_$28,8d-gEyoeBzc,314,3,LAV,cfcompat_seed1111,1.327116489,-0.8000000119
8d-gEyoeBzc$_$28,8d-gEyoeBzc,314,3,LAV,cfcompat_seed1114,-1.14007926,-0.8000000119
8d-gEyoeBzc$_$28,8d-gEyoeBzc,314,3,LAV,moddrop_seed1111,1.590548277,-0.8000000119
8d-gEyoeBzc$_$28,8d-gEyoeBzc,314,3,LAV,moddrop_seed1114,-1.245205879,-0.8000000119
8d-gEyoeBzc$_$28,8d-gEyoeBzc,314,3,LAV,uniform_kd_seed1111,1.372376919,-0.8000000119
8d-gEyoeBzc$_$28,8d-gEyoeBzc,314,3,LV,cfcompat_seed1111,1.295199037,-0.8000000119
8d-gEyoeBzc$_$28,8d-gEyoeBzc,314,3,LV,cfcompat_seed1114,-1.120594144,-0.8000000119
8d-gEyoeBzc$_$28,8d-gEyoeBzc,314,3,LV,moddrop_seed1111,1.567702174,-0.8000000119
8d-gEyoeBzc$_$28,8d-gEyoeBzc,314,3,LV,moddrop_seed1114,-1.235500693,-0.8000000119
8d-gEyoeBzc$_$28,8d-gEyoeBzc,314,3,LV,uniform_kd_seed1111,1.351823807,-0.8000000119
8d-gEyoeBzc$_$29,8d-gEyoeBzc,315,3,L,cfcompat_seed1111,-1.349939466,-1.399999976
8d-gEyoeBzc$_$29,8d-gEyoeBzc,315,3,L,cfcompat_seed1114,-1.136503339,-1.399999976
8d-gEyoeBzc$_$29,8d-gEyoeBzc,315,3,L,moddrop_seed1111,-1.920933843,-1.399999976
8d-gEyoeBzc$_$29,8d-gEyoeBzc,315,3,L,moddrop_seed1114,-1.031609416,-1.399999976
8d-gEyoeBzc$_$29,8d-gEyoeBzc,315,3,L,uniform_kd_seed1111,-0.8802133203,-1.399999976
8d-gEyoeBzc$_$29,8d-gEyoeBzc,315,3,LA,cfcompat_seed1111,-1.37908864,-1.399999976
8d-gEyoeBzc$_$29,8d-gEyoeBzc,315,3,LA,cfcompat_seed1114,-1.176020741,-1.399999976
8d-gEyoeBzc$_$29,8d-gEyoeBzc,315,3,LA,moddrop_seed1111,-1.948910117,-1.399999976
8d-gEyoeBzc$_$29,8d-gEyoeBzc,315,3,LA,moddrop_seed1114,-1.053941965,-1.399999976
8d-gEyoeBzc$_$29,8d-gEyoeBzc,315,3,LA,uniform_kd_seed1111,-0.9052161574,-1.399999976
8d-gEyoeBzc$_$29,8d-gEyoeBzc,315,3,LAV,cfcompat_seed1111,-1.274916649,-1.399999976
8d-gEyoeBzc$_$29,8d-gEyoeBzc,315,3,LAV,cfcompat_seed1114,-1.195665836,-1.399999976
8d-gEyoeBzc$_$29,8d-gEyoeBzc,315,3,LAV,moddrop_seed1111,-1.860007524,-1.399999976
8d-gEyoeBzc$_$29,8d-gEyoeBzc,315,3,LAV,moddrop_seed1114,-1.068290234,-1.399999976
8d-gEyoeBzc$_$29,8d-gEyoeBzc,315,3,LAV,uniform_kd_seed1111,-0.8245168328,-1.399999976
8d-gEyoeBzc$_$29,8d-gEyoeBzc,315,3,LV,cfcompat_seed1111,-1.250226259,-1.399999976
8d-gEyoeBzc$_$29,8d-gEyoeBzc,315,3,LV,cfcompat_seed1114,-1.156816244,-1.399999976
8d-gEyoeBzc$_$29,8d-gEyoeBzc,315,3,LV,moddrop_seed1111,-1.827173114,-1.399999976
8d-gEyoeBzc$_$29,8d-gEyoeBzc,315,3,LV,moddrop_seed1114,-1.041422606,-1.399999976
8d-gEyoeBzc$_$29,8d-gEyoeBzc,315,3,LV,uniform_kd_seed1111,-0.8015318513,-1.399999976
8d-gEyoeBzc$_$3,8d-gEyoeBzc,317,3,L,cfcompat_seed1111,-0.388463378,-0.200000003
8d-gEyoeBzc$_$3,8d-gEyoeBzc,317,3,L,cfcompat_seed1114,-0.2295790464,-0.200000003
8d-gEyoeBzc$_$3,8d-gEyoeBzc,317,3,L,moddrop_seed1111,-0.4843605459,-0.200000003
8d-gEyoeBzc$_$3,8d-gEyoeBzc,317,3,L,moddrop_seed1114,0.331871897,-0.200000003
8d-gEyoeBzc$_$3,8d-gEyoeBzc,317,3,L,uniform_kd_seed1111,-0.2009780556,-0.200000003
8d-gEyoeBzc$_$3,8d-gEyoeBzc,317,3,LA,cfcompat_seed1111,-0.4048772454,-0.200000003
8d-gEyoeBzc$_$3,8d-gEyoeBzc,317,3,LA,cfcompat_seed1114,-0.2892050445,-0.200000003
8d-gEyoeBzc$_$3,8d-gEyoeBzc,317,3,LA,moddrop_seed1111,-0.5070379376,-0.200000003
8d-gEyoeBzc$_$3,8d-gEyoeBzc,317,3,LA,moddrop_seed1114,0.2917889357,-0.200000003
8d-gEyoeBzc$_$3,8d-gEyoeBzc,317,3,LA,uniform_kd_seed1111,-0.2192176729,-0.200000003
8d-gEyoeBzc$_$3,8d-gEyoeBzc,317,3,LAV,cfcompat_seed1111,-0.3108099699,-0.200000003
8d-gEyoeBzc$_$3,8d-gEyoeBzc,317,3,LAV,cfcompat_seed1114,-0.3797971308,-0.200000003
8d-gEyoeBzc$_$3,8d-gEyoeBzc,317,3,LAV,moddrop_seed1111,-0.4073111415,-0.200000003
8d-gEyoeBzc$_$3,8d-gEyoeBzc,317,3,LAV,moddrop_seed1114,0.2086803466,-0.200000003
8d-gEyoeBzc$_$3,8d-gEyoeBzc,317,3,LAV,uniform_kd_seed1111,-0.1487381309,-0.200000003
8d-gEyoeBzc$_$3,8d-gEyoeBzc,317,3,LV,cfcompat_seed1111,-0.2975833714,-0.200000003
8d-gEyoeBzc$_$3,8d-gEyoeBzc,317,3,LV,cfcompat_seed1114,-0.324239701,-0.200000003
8d-gEyoeBzc$_$3,8d-gEyoeBzc,317,3,LV,moddrop_seed1111,-0.3868656754,-0.200000003
8d-gEyoeBzc$_$3,8d-gEyoeBzc,317,3,LV,moddrop_seed1114,0.2470540255,-0.200000003
8d-gEyoeBzc$_$3,8d-gEyoeBzc,317,3,LV,uniform_kd_seed1111,-0.1327144802,-0.200000003
8d-gEyoeBzc$_$30,8d-gEyoeBzc,335,3,L,cfcompat_seed1111,-0.3631925583,-0.8000000119
8d-gEyoeBzc$_$30,8d-gEyoeBzc,335,3,L,cfcompat_seed1114,-0.4811093509,-0.8000000119
8d-gEyoeBzc$_$30,8d-gEyoeBzc,335,3,L,moddrop_seed1111,-0.4533135295,-0.8000000119
8d-gEyoeBzc$_$30,8d-gEyoeBzc,335,3,L,moddrop_seed1114,0.05065750703,-0.8000000119
8d-gEyoeBzc$_$30,8d-gEyoeBzc,335,3,L,uniform_kd_seed1111,-0.9536753893,-0.8000000119
8d-gEyoeBzc$_$30,8d-gEyoeBzc,335,3,LA,cfcompat_seed1111,-0.391485095,-0.8000000119
8d-gEyoeBzc$_$30,8d-gEyoeBzc,335,3,LA,cfcompat_seed1114,-0.5457817912,-0.8000000119
8d-gEyoeBzc$_$30,8d-gEyoeBzc,335,3,LA,moddrop_seed1111,-0.4864764512,-0.8000000119
8d-gEyoeBzc$_$30,8d-gEyoeBzc,335,3,LA,moddrop_seed1114,0.006580319256,-0.8000000119
8d-gEyoeBzc$_$30,8d-gEyoeBzc,335,3,LA,uniform_kd_seed1111,-0.9837598205,-0.8000000119
8d-gEyoeBzc$_$30,8d-gEyoeBzc,335,3,LAV,cfcompat_seed1111,-0.2899349928,-0.8000000119
8d-gEyoeBzc$_$30,8d-gEyoeBzc,335,3,LAV,cfcompat_seed1114,-0.5572741032,-0.8000000119
8d-gEyoeBzc$_$30,8d-gEyoeBzc,335,3,LAV,moddrop_seed1111,-0.378323555,-0.8000000119
8d-gEyoeBzc$_$30,8d-gEyoeBzc,335,3,LAV,moddrop_seed1114,0.008992429823,-0.8000000119
8d-gEyoeBzc$_$30,8d-gEyoeBzc,335,3,LAV,uniform_kd_seed1111,-0.9095747471,-0.8000000119
8d-gEyoeBzc$_$30,8d-gEyoeBzc,335,3,LV,cfcompat_seed1111,-0.2631853223,-0.8000000119
8d-gEyoeBzc$_$30,8d-gEyoeBzc,335,3,LV,cfcompat_seed1114,-0.4876061976,-0.8000000119
8d-gEyoeBzc$_$30,8d-gEyoeBzc,335,3,LV,moddrop_seed1111,-0.346206069,-0.8000000119
8d-gEyoeBzc$_$30,8d-gEyoeBzc,335,3,LV,moddrop_seed1114,0.05539452657,-0.8000000119
8d-gEyoeBzc$_$30,8d-gEyoeBzc,335,3,LV,uniform_kd_seed1111,-0.8812203407,-0.8000000119
8d-gEyoeBzc$_$4,8d-gEyoeBzc,320,3,L,cfcompat_seed1111,-0.433275044,-0.200000003
8d-gEyoeBzc$_$4,8d-gEyoeBzc,320,3,L,cfcompat_seed1114,-0.8027055264,-0.200000003
8d-gEyoeBzc$_$4,8d-gEyoeBzc,320,3,L,moddrop_seed1111,-0.8854973316,-0.200000003
8d-gEyoeBzc$_$4,8d-gEyoeBzc,320,3,L,moddrop_seed1114,-0.5067128539,-0.200000003
8d-gEyoeBzc$_$4,8d-gEyoeBzc,320,3,L,uniform_kd_seed1111,-0.5247602463,-0.200000003
8d-gEyoeBzc$_$4,8d-gEyoeBzc,320,3,LA,cfcompat_seed1111,-0.3207984269,-0.200000003
8d-gEyoeBzc$_$4,8d-gEyoeBzc,320,3,LA,cfcompat_seed1114,-0.7699945569,-0.200000003
8d-gEyoeBzc$_$4,8d-gEyoeBzc,320,3,LA,moddrop_seed1111,-0.7924377918,-0.200000003
8d-gEyoeBzc$_$4,8d-gEyoeBzc,320,3,LA,moddrop_seed1114,-0.4594896138,-0.200000003
8d-gEyoeBzc$_$4,8d-gEyoeBzc,320,3,LA,uniform_kd_seed1111,-0.430369705,-0.200000003
8d-gEyoeBzc$_$4,8d-gEyoeBzc,320,3,LAV,cfcompat_seed1111,-0.2184036076,-0.200000003
8d-gEyoeBzc$_$4,8d-gEyoeBzc,320,3,LAV,cfcompat_seed1114,-0.7930321097,-0.200000003
8d-gEyoeBzc$_$4,8d-gEyoeBzc,320,3,LAV,moddrop_seed1111,-0.6870764494,-0.200000003
8d-gEyoeBzc$_$4,8d-gEyoeBzc,320,3,LAV,moddrop_seed1114,-0.4688370228,-0.200000003
8d-gEyoeBzc$_$4,8d-gEyoeBzc,320,3,LAV,uniform_kd_seed1111,-0.3569267392,-0.200000003
8d-gEyoeBzc$_$4,8d-gEyoeBzc,320,3,LV,cfcompat_seed1111,-0.3358636498,-0.200000003
8d-gEyoeBzc$_$4,8d-gEyoeBzc,320,3,LV,cfcompat_seed1114,-0.8223822713,-0.200000003
8d-gEyoeBzc$_$4,8d-gEyoeBzc,320,3,LV,moddrop_seed1111,-0.7832579613,-0.200000003
8d-gEyoeBzc$_$4,8d-gEyoeBzc,320,3,LV,moddrop_seed1114,-0.5157552958,-0.200000003
8d-gEyoeBzc$_$4,8d-gEyoeBzc,320,3,LV,uniform_kd_seed1111,-0.4535550773,-0.200000003
8d-gEyoeBzc$_$5,8d-gEyoeBzc,319,3,L,cfcompat_seed1111,-1.07427454,-2
8d-gEyoeBzc$_$5,8d-gEyoeBzc,319,3,L,cfcompat_seed1114,-0.9095797539,-2
8d-gEyoeBzc$_$5,8d-gEyoeBzc,319,3,L,moddrop_seed1111,-1.925197363,-2
8d-gEyoeBzc$_$5,8d-gEyoeBzc,319,3,L,moddrop_seed1114,-0.7773064971,-2
8d-gEyoeBzc$_$5,8d-gEyoeBzc,319,3,L,uniform_kd_seed1111,0.2884133756,-2
8d-gEyoeBzc$_$5,8d-gEyoeBzc,319,3,LA,cfcompat_seed1111,-1.144106746,-2
8d-gEyoeBzc$_$5,8d-gEyoeBzc,319,3,LA,cfcompat_seed1114,-0.9830949903,-2
8d-gEyoeBzc$_$5,8d-gEyoeBzc,319,3,LA,moddrop_seed1111,-1.989925861,-2
8d-gEyoeBzc$_$5,8d-gEyoeBzc,319,3,LA,moddrop_seed1114,-0.8301844597,-2
8d-gEyoeBzc$_$5,8d-gEyoeBzc,319,3,LA,uniform_kd_seed1111,0.2247806787,-2
8d-gEyoeBzc$_$5,8d-gEyoeBzc,319,3,LAV,cfcompat_seed1111,-1.063729882,-2
8d-gEyoeBzc$_$5,8d-gEyoeBzc,319,3,LAV,cfcompat_seed1114,-1.057594061,-2
8d-gEyoeBzc$_$5,8d-gEyoeBzc,319,3,LAV,moddrop_seed1111,-1.916122079,-2
8d-gEyoeBzc$_$5,8d-gEyoeBzc,319,3,LAV,moddrop_seed1114,-0.8999176025,-2
8d-gEyoeBzc$_$5,8d-gEyoeBzc,319,3,LAV,uniform_kd_seed1111,0.284807831,-2
8d-gEyoeBzc$_$5,8d-gEyoeBzc,319,3,LV,cfcompat_seed1111,-0.9906927943,-2
8d-gEyoeBzc$_$5,8d-gEyoeBzc,319,3,LV,cfcompat_seed1114,-0.9808347821,-2
8d-gEyoeBzc$_$5,8d-gEyoeBzc,319,3,LV,moddrop_seed1111,-1.846339464,-2
8d-gEyoeBzc$_$5,8d-gEyoeBzc,319,3,LV,moddrop_seed1114,-0.8385254741,-2
8d-gEyoeBzc$_$5,8d-gEyoeBzc,319,3,LV,uniform_kd_seed1111,0.3482878506,-2
8d-gEyoeBzc$_$6,8d-gEyoeBzc,322,3,L,cfcompat_seed1111,-1.558457732,-1.5
8d-gEyoeBzc$_$6,8d-gEyoeBzc,322,3,L,cfcompat_seed1114,-1.117560863,-1.5
8d-gEyoeBzc$_$6,8d-gEyoeBzc,322,3,L,moddrop_seed1111,-1.915737271,-1.5
8d-gEyoeBzc$_$6,8d-gEyoeBzc,322,3,L,moddrop_seed1114,-1.021997213,-1.5
8d-gEyoeBzc$_$6,8d-gEyoeBzc,322,3,L,uniform_kd_seed1111,-1.844509244,-1.5
8d-gEyoeBzc$_$6,8d-gEyoeBzc,322,3,LA,cfcompat_seed1111,-1.632295966,-1.5
8d-gEyoeBzc$_$6,8d-gEyoeBzc,322,3,LA,cfcompat_seed1114,-1.188549995,-1.5
8d-gEyoeBzc$_$6,8d-gEyoeBzc,322,3,LA,moddrop_seed1111,-1.983483791,-1.5
8d-gEyoeBzc$_$6,8d-gEyoeBzc,322,3,LA,moddrop_seed1114,-1.075842619,-1.5
8d-gEyoeBzc$_$6,8d-gEyoeBzc,322,3,LA,uniform_kd_seed1111,-1.911194444,-1.5
8d-gEyoeBzc$_$6,8d-gEyoeBzc,322,3,LAV,cfcompat_seed1111,-1.542747974,-1.5
8d-gEyoeBzc$_$6,8d-gEyoeBzc,322,3,LAV,cfcompat_seed1114,-1.208652139,-1.5
8d-gEyoeBzc$_$6,8d-gEyoeBzc,322,3,LAV,moddrop_seed1111,-1.897297859,-1.5
8d-gEyoeBzc$_$6,8d-gEyoeBzc,322,3,LAV,moddrop_seed1114,-1.089846492,-1.5
8d-gEyoeBzc$_$6,8d-gEyoeBzc,322,3,LAV,uniform_kd_seed1111,-1.845191479,-1.5
8d-gEyoeBzc$_$6,8d-gEyoeBzc,322,3,LV,cfcompat_seed1111,-1.467060685,-1.5
8d-gEyoeBzc$_$6,8d-gEyoeBzc,322,3,LV,cfcompat_seed1114,-1.129890084,-1.5
8d-gEyoeBzc$_$6,8d-gEyoeBzc,322,3,LV,moddrop_seed1111,-1.82515049,-1.5
8d-gEyoeBzc$_$6,8d-gEyoeBzc,322,3,LV,moddrop_seed1114,-1.024930596,-1.5
8d-gEyoeBzc$_$6,8d-gEyoeBzc,322,3,LV,uniform_kd_seed1111,-1.781070232,-1.5
8d-gEyoeBzc$_$7,8d-gEyoeBzc,321,3,L,cfcompat_seed1111,1.874009252,0.200000003
8d-gEyoeBzc$_$7,8d-gEyoeBzc,321,3,L,cfcompat_seed1114,2.043606997,0.200000003
8d-gEyoeBzc$_$7,8d-gEyoeBzc,321,3,L,moddrop_seed1111,2.127187014,0.200000003
8d-gEyoeBzc$_$7,8d-gEyoeBzc,321,3,L,moddrop_seed1114,2.168598175,0.200000003
8d-gEyoeBzc$_$7,8d-gEyoeBzc,321,3,L,uniform_kd_seed1111,1.865941763,0.200000003
8d-gEyoeBzc$_$7,8d-gEyoeBzc,321,3,LA,cfcompat_seed1111,1.833328724,0.200000003
8d-gEyoeBzc$_$7,8d-gEyoeBzc,321,3,LA,cfcompat_seed1114,1.976893663,0.200000003
8d-gEyoeBzc$_$7,8d-gEyoeBzc,321,3,LA,moddrop_seed1111,2.081358194,0.200000003
8d-gEyoeBzc$_$7,8d-gEyoeBzc,321,3,LA,moddrop_seed1114,2.129667759,0.200000003
8d-gEyoeBzc$_$7,8d-gEyoeBzc,321,3,LA,uniform_kd_seed1111,1.828957915,0.200000003
8d-gEyoeBzc$_$7,8d-gEyoeBzc,321,3,LAV,cfcompat_seed1111,1.95817697,0.200000003
8d-gEyoeBzc$_$7,8d-gEyoeBzc,321,3,LAV,cfcompat_seed1114,1.997772932,0.200000003
8d-gEyoeBzc$_$7,8d-gEyoeBzc,321,3,LAV,moddrop_seed1111,2.20843029,0.200000003
8d-gEyoeBzc$_$7,8d-gEyoeBzc,321,3,LAV,moddrop_seed1114,2.15689683,0.200000003
8d-gEyoeBzc$_$7,8d-gEyoeBzc,321,3,LAV,uniform_kd_seed1111,1.922616005,0.200000003
8d-gEyoeBzc$_$7,8d-gEyoeBzc,321,3,LV,cfcompat_seed1111,1.991304278,0.200000003
8d-gEyoeBzc$_$7,8d-gEyoeBzc,321,3,LV,cfcompat_seed1114,2.06689024,0.200000003
8d-gEyoeBzc$_$7,8d-gEyoeBzc,321,3,LV,moddrop_seed1111,2.243183374,0.200000003
8d-gEyoeBzc$_$7,8d-gEyoeBzc,321,3,LV,moddrop_seed1114,2.202541113,0.200000003
8d-gEyoeBzc$_$7,8d-gEyoeBzc,321,3,LV,uniform_kd_seed1111,1.954736114,0.200000003
8d-gEyoeBzc$_$8,8d-gEyoeBzc,324,3,L,cfcompat_seed1111,0.5650152564,1.200000048
8d-gEyoeBzc$_$8,8d-gEyoeBzc,324,3,L,cfcompat_seed1114,1.348759294,1.200000048
8d-gEyoeBzc$_$8,8d-gEyoeBzc,324,3,L,moddrop_seed1111,1.336961985,1.200000048
8d-gEyoeBzc$_$8,8d-gEyoeBzc,324,3,L,moddrop_seed1114,1.982734561,1.200000048
8d-gEyoeBzc$_$8,8d-gEyoeBzc,324,3,L,uniform_kd_seed1111,1.178436041,1.200000048
8d-gEyoeBzc$_$8,8d-gEyoeBzc,324,3,LA,cfcompat_seed1111,0.6681078672,1.200000048
8d-gEyoeBzc$_$8,8d-gEyoeBzc,324,3,LA,cfcompat_seed1114,1.362908602,1.200000048
8d-gEyoeBzc$_$8,8d-gEyoeBzc,324,3,LA,moddrop_seed1111,1.428901792,1.200000048
8d-gEyoeBzc$_$8,8d-gEyoeBzc,324,3,LA,moddrop_seed1114,2.01041913,1.200000048
8d-gEyoeBzc$_$8,8d-gEyoeBzc,324,3,LA,uniform_kd_seed1111,1.26397562,1.200000048
8d-gEyoeBzc$_$8,8d-gEyoeBzc,324,3,LAV,cfcompat_seed1111,0.7737013102,1.200000048
8d-gEyoeBzc$_$8,8d-gEyoeBzc,324,3,LAV,cfcompat_seed1114,1.324242353,1.200000048
8d-gEyoeBzc$_$8,8d-gEyoeBzc,324,3,LAV,moddrop_seed1111,1.535601377,1.200000048
8d-gEyoeBzc$_$8,8d-gEyoeBzc,324,3,LAV,moddrop_seed1114,1.985196471,1.200000048
8d-gEyoeBzc$_$8,8d-gEyoeBzc,324,3,LAV,uniform_kd_seed1111,1.340889215,1.200000048
8d-gEyoeBzc$_$8,8d-gEyoeBzc,324,3,LV,cfcompat_seed1111,0.6678666472,1.200000048
8d-gEyoeBzc$_$8,8d-gEyoeBzc,324,3,LV,cfcompat_seed1114,1.31268096,1.200000048
8d-gEyoeBzc$_$8,8d-gEyoeBzc,324,3,LV,moddrop_seed1111,1.438760996,1.200000048
8d-gEyoeBzc$_$8,8d-gEyoeBzc,324,3,LV,moddrop_seed1114,1.96240747,1.200000048
8d-gEyoeBzc$_$8,8d-gEyoeBzc,324,3,LV,uniform_kd_seed1111,1.253915191,1.200000048
8d-gEyoeBzc$_$9,8d-gEyoeBzc,323,3,L,cfcompat_seed1111,-1.263649106,1.399999976
8d-gEyoeBzc$_$9,8d-gEyoeBzc,323,3,L,cfcompat_seed1114,-0.7676692009,1.399999976
8d-gEyoeBzc$_$9,8d-gEyoeBzc,323,3,L,moddrop_seed1111,-1.921200395,1.399999976
8d-gEyoeBzc$_$9,8d-gEyoeBzc,323,3,L,moddrop_seed1114,-0.4284144342,1.399999976
8d-gEyoeBzc$_$9,8d-gEyoeBzc,323,3,L,uniform_kd_seed1111,-0.8819030523,1.399999976
8d-gEyoeBzc$_$9,8d-gEyoeBzc,323,3,LA,cfcompat_seed1111,-1.232998013,1.399999976
8d-gEyoeBzc$_$9,8d-gEyoeBzc,323,3,LA,cfcompat_seed1114,-0.7669250369,1.399999976
8d-gEyoeBzc$_$9,8d-gEyoeBzc,323,3,LA,moddrop_seed1111,-1.890899658,1.399999976
8d-gEyoeBzc$_$9,8d-gEyoeBzc,323,3,LA,moddrop_seed1114,-0.4131198823,1.399999976
8d-gEyoeBzc$_$9,8d-gEyoeBzc,323,3,LA,uniform_kd_seed1111,-0.854844749,1.399999976
8d-gEyoeBzc$_$9,8d-gEyoeBzc,323,3,LAV,cfcompat_seed1111,-1.125758052,1.399999976
8d-gEyoeBzc$_$9,8d-gEyoeBzc,323,3,LAV,cfcompat_seed1114,-0.7859181762,1.399999976
8d-gEyoeBzc$_$9,8d-gEyoeBzc,323,3,LAV,moddrop_seed1111,-1.800814867,1.399999976
8d-gEyoeBzc$_$9,8d-gEyoeBzc,323,3,LAV,moddrop_seed1114,-0.4193098247,1.399999976
8d-gEyoeBzc$_$9,8d-gEyoeBzc,323,3,LAV,uniform_kd_seed1111,-0.7694985867,1.399999976
8d-gEyoeBzc$_$9,8d-gEyoeBzc,323,3,LV,cfcompat_seed1111,-1.168569684,1.399999976
8d-gEyoeBzc$_$9,8d-gEyoeBzc,323,3,LV,cfcompat_seed1114,-0.7818021774,1.399999976
8d-gEyoeBzc$_$9,8d-gEyoeBzc,323,3,LV,moddrop_seed1111,-1.829723001,1.399999976
8d-gEyoeBzc$_$9,8d-gEyoeBzc,323,3,LV,moddrop_seed1114,-0.4306223094,1.399999976
8d-gEyoeBzc$_$9,8d-gEyoeBzc,323,3,LV,uniform_kd_seed1111,-0.8059680462,1.399999976
8qrpnFRGt2A$_$1,8qrpnFRGt2A,343,3,L,cfcompat_seed1111,-0.4811894894,-1.399999976
8qrpnFRGt2A$_$1,8qrpnFRGt2A,343,3,L,cfcompat_seed1114,-0.06244090572,-1.399999976
8qrpnFRGt2A$_$1,8qrpnFRGt2A,343,3,L,moddrop_seed1111,-1.869768858,-1.399999976
8qrpnFRGt2A$_$1,8qrpnFRGt2A,343,3,L,moddrop_seed1114,0.7161847353,-1.399999976
8qrpnFRGt2A$_$1,8qrpnFRGt2A,343,3,L,uniform_kd_seed1111,0.3002253473,-1.399999976
8qrpnFRGt2A$_$1,8qrpnFRGt2A,343,3,LA,cfcompat_seed1111,-0.5450791121,-1.399999976
8qrpnFRGt2A$_$1,8qrpnFRGt2A,343,3,LA,cfcompat_seed1114,-0.1685989946,-1.399999976
8qrpnFRGt2A$_$1,8qrpnFRGt2A,343,3,LA,moddrop_seed1111,-1.930304527,-1.399999976
8qrpnFRGt2A$_$1,8qrpnFRGt2A,343,3,LA,moddrop_seed1114,0.6303429604,-1.399999976
8qrpnFRGt2A$_$1,8qrpnFRGt2A,343,3,LA,uniform_kd_seed1111,0.2409633547,-1.399999976
8qrpnFRGt2A$_$1,8qrpnFRGt2A,343,3,LAV,cfcompat_seed1111,-0.4832109213,-1.399999976
8qrpnFRGt2A$_$1,8qrpnFRGt2A,343,3,LAV,cfcompat_seed1114,-0.2455639541,-1.399999976
8qrpnFRGt2A$_$1,8qrpnFRGt2A,343,3,LAV,moddrop_seed1111,-1.868698597,-1.399999976
8qrpnFRGt2A$_$1,8qrpnFRGt2A,343,3,LAV,moddrop_seed1114,0.5592260957,-1.399999976
8qrpnFRGt2A$_$1,8qrpnFRGt2A,343,3,LAV,uniform_kd_seed1111,0.2785193324,-1.399999976
8qrpnFRGt2A$_$1,8qrpnFRGt2A,343,3,LV,cfcompat_seed1111,-0.4217855036,-1.399999976
8qrpnFRGt2A$_$1,8qrpnFRGt2A,343,3,LV,cfcompat_seed1114,-0.1440557241,-1.399999976
8qrpnFRGt2A$_$1,8qrpnFRGt2A,343,3,LV,moddrop_seed1111,-1.814899445,-1.399999976
8qrpnFRGt2A$_$1,8qrpnFRGt2A,343,3,LV,moddrop_seed1114,0.645871222,-1.399999976
8qrpnFRGt2A$_$1,8qrpnFRGt2A,343,3,LV,uniform_kd_seed1111,0.3374363482,-1.399999976
8qrpnFRGt2A$_$10,8qrpnFRGt2A,353,3,L,cfcompat_seed1111,-0.3598501682,-2.200000048
8qrpnFRGt2A$_$10,8qrpnFRGt2A,353,3,L,cfcompat_seed1114,-0.6326055527,-2.200000048
8qrpnFRGt2A$_$10,8qrpnFRGt2A,353,3,L,moddrop_seed1111,-0.5980000496,-2.200000048
8qrpnFRGt2A$_$10,8qrpnFRGt2A,353,3,L,moddrop_seed1114,0.2349756509,-2.200000048
8qrpnFRGt2A$_$10,8qrpnFRGt2A,353,3,L,uniform_kd_seed1111,-0.129259333,-2.200000048
8qrpnFRGt2A$_$10,8qrpnFRGt2A,353,3,LA,cfcompat_seed1111,-0.4068983495,-2.200000048
8qrpnFRGt2A$_$10,8qrpnFRGt2A,353,3,LA,cfcompat_seed1114,-0.6790083647,-2.200000048
8qrpnFRGt2A$_$10,8qrpnFRGt2A,353,3,LA,moddrop_seed1111,-0.6525894403,-2.200000048
8qrpnFRGt2A$_$10,8qrpnFRGt2A,353,3,LA,moddrop_seed1114,0.2057505697,-2.200000048
8qrpnFRGt2A$_$10,8qrpnFRGt2A,353,3,LA,uniform_kd_seed1111,-0.1740767807,-2.200000048
8qrpnFRGt2A$_$10,8qrpnFRGt2A,353,3,LAV,cfcompat_seed1111,-0.3358001709,-2.200000048
8qrpnFRGt2A$_$10,8qrpnFRGt2A,353,3,LAV,cfcompat_seed1114,-0.751946032,-2.200000048
8qrpnFRGt2A$_$10,8qrpnFRGt2A,353,3,LAV,moddrop_seed1111,-0.5797240138,-2.200000048
8qrpnFRGt2A$_$10,8qrpnFRGt2A,353,3,LAV,moddrop_seed1114,0.1451453716,-2.200000048
8qrpnFRGt2A$_$10,8qrpnFRGt2A,353,3,LAV,uniform_kd_seed1111,-0.1304800361,-2.200000048
8qrpnFRGt2A$_$10,8qrpnFRGt2A,353,3,LV,cfcompat_seed1111,-0.2931056321,-2.200000048
8qrpnFRGt2A$_$10,8qrpnFRGt2A,353,3,LV,cfcompat_seed1114,-0.7008344531,-2.200000048
8qrpnFRGt2A$_$10,8qrpnFRGt2A,353,3,LV,moddrop_seed1111,-0.5291131139,-2.200000048
8qrpnFRGt2A$_$10,8qrpnFRGt2A,353,3,LV,moddrop_seed1114,0.1777719706,-2.200000048
8qrpnFRGt2A$_$10,8qrpnFRGt2A,353,3,LV,uniform_kd_seed1111,-0.08887641877,-2.200000048
8qrpnFRGt2A$_$11,8qrpnFRGt2A,352,3,L,cfcompat_seed1111,-0.670158565,-0.8000000119
8qrpnFRGt2A$_$11,8qrpnFRGt2A,352,3,L,cfcompat_seed1114,-1.847988367,-0.8000000119
8qrpnFRGt2A$_$11,8qrpnFRGt2A,352,3,L,moddrop_seed1111,-0.6848207116,-0.8000000119
8qrpnFRGt2A$_$11,8qrpnFRGt2A,352,3,L,moddrop_seed1114,-1.712844849,-0.8000000119
8qrpnFRGt2A$_$11,8qrpnFRGt2A,352,3,L,uniform_kd_seed1111,-1.561926723,-0.8000000119
8qrpnFRGt2A$_$11,8qrpnFRGt2A,352,3,LA,cfcompat_seed1111,-0.6361027956,-0.8000000119
8qrpnFRGt2A$_$11,8qrpnFRGt2A,352,3,LA,cfcompat_seed1114,-1.840346098,-0.8000000119
8qrpnFRGt2A$_$11,8qrpnFRGt2A,352,3,LA,moddrop_seed1111,-0.6584382057,-0.8000000119
8qrpnFRGt2A$_$11,8qrpnFRGt2A,352,3,LA,moddrop_seed1114,-1.69912529,-0.8000000119
8qrpnFRGt2A$_$11,8qrpnFRGt2A,352,3,LA,uniform_kd_seed1111,-1.551145315,-0.8000000119
8qrpnFRGt2A$_$11,8qrpnFRGt2A,352,3,LAV,cfcompat_seed1111,-0.5253053308,-0.8000000119
8qrpnFRGt2A$_$11,8qrpnFRGt2A,352,3,LAV,cfcompat_seed1114,-1.851967096,-0.8000000119
8qrpnFRGt2A$_$11,8qrpnFRGt2A,352,3,LAV,moddrop_seed1111,-0.5471163988,-0.8000000119
8qrpnFRGt2A$_$11,8qrpnFRGt2A,352,3,LAV,moddrop_seed1114,-1.706959844,-0.8000000119
8qrpnFRGt2A$_$11,8qrpnFRGt2A,352,3,LAV,uniform_kd_seed1111,-1.47187674,-0.8000000119
8qrpnFRGt2A$_$11,8qrpnFRGt2A,352,3,LV,cfcompat_seed1111,-0.5670696497,-0.8000000119
8qrpnFRGt2A$_$11,8qrpnFRGt2A,352,3,LV,cfcompat_seed1114,-1.866533518,-0.8000000119
8qrpnFRGt2A$_$11,8qrpnFRGt2A,352,3,LV,moddrop_seed1111,-0.5800782442,-0.8000000119
8qrpnFRGt2A$_$11,8qrpnFRGt2A,352,3,LV,moddrop_seed1114,-1.725473762,-0.8000000119
8qrpnFRGt2A$_$11,8qrpnFRGt2A,352,3,LV,uniform_kd_seed1111,-1.490480185,-0.8000000119
8qrpnFRGt2A$_$12,8qrpnFRGt2A,355,3,L,cfcompat_seed1111,-1.166360378,-2
8qrpnFRGt2A$_$12,8qrpnFRGt2A,355,3,L,cfcompat_seed1114,-1.150574803,-2
8qrpnFRGt2A$_$12,8qrpnFRGt2A,355,3,L,moddrop_seed1111,-1.789625287,-2
8qrpnFRGt2A$_$12,8qrpnFRGt2A,355,3,L,moddrop_seed1114,-0.6918818951,-2
8qrpnFRGt2A$_$12,8qrpnFRGt2A,355,3,L,uniform_kd_seed1111,-0.7428712249,-2
8qrpnFRGt2A$_$12,8qrpnFRGt2A,355,3,LA,cfcompat_seed1111,-1.150022626,-2
8qrpnFRGt2A$_$12,8qrpnFRGt2A,355,3,LA,cfcompat_seed1114,-1.162141204,-2
8qrpnFRGt2A$_$12,8qrpnFRGt2A,355,3,LA,moddrop_seed1111,-1.784376502,-2
8qrpnFRGt2A$_$12,8qrpnFRGt2A,355,3,LA,moddrop_seed1114,-0.6841243505,-2
8qrpnFRGt2A$_$12,8qrpnFRGt2A,355,3,LA,uniform_kd_seed1111,-0.7309718728,-2
8qrpnFRGt2A$_$12,8qrpnFRGt2A,355,3,LAV,cfcompat_seed1111,-1.038720131,-2
8qrpnFRGt2A$_$12,8qrpnFRGt2A,355,3,LAV,cfcompat_seed1114,-1.181042433,-2
8qrpnFRGt2A$_$12,8qrpnFRGt2A,355,3,LAV,moddrop_seed1111,-1.682232618,-2
8qrpnFRGt2A$_$12,8qrpnFRGt2A,355,3,LAV,moddrop_seed1114,-0.695222795,-2
8qrpnFRGt2A$_$12,8qrpnFRGt2A,355,3,LAV,uniform_kd_seed1111,-0.646715343,-2
8qrpnFRGt2A$_$12,8qrpnFRGt2A,355,3,LV,cfcompat_seed1111,-1.061253905,-2
8qrpnFRGt2A$_$12,8qrpnFRGt2A,355,3,LV,cfcompat_seed1114,-1.170202255,-2
8qrpnFRGt2A$_$12,8qrpnFRGt2A,355,3,LV,moddrop_seed1111,-1.694087505,-2
8qrpnFRGt2A$_$12,8qrpnFRGt2A,355,3,LV,moddrop_seed1114,-0.6977213025,-2
8qrpnFRGt2A$_$12,8qrpnFRGt2A,355,3,LV,uniform_kd_seed1111,-0.6633480787,-2
8qrpnFRGt2A$_$13,8qrpnFRGt2A,354,3,L,cfcompat_seed1111,-0.5995957255,-0.3333333433
8qrpnFRGt2A$_$13,8qrpnFRGt2A,354,3,L,cfcompat_seed1114,-0.9446620345,-0.3333333433
8qrpnFRGt2A$_$13,8qrpnFRGt2A,354,3,L,moddrop_seed1111,-1.489233613,-0.3333333433
8qrpnFRGt2A$_$13,8qrpnFRGt2A,354,3,L,moddrop_seed1114,-0.4372591078,-0.3333333433
8qrpnFRGt2A$_$13,8qrpnFRGt2A,354,3,L,uniform_kd_seed1111,-1.067042232,-0.3333333433
8qrpnFRGt2A$_$13,8qrpnFRGt2A,354,3,LA,cfcompat_seed1111,-0.5666037798,-0.3333333433
8qrpnFRGt2A$_$13,8qrpnFRGt2A,354,3,LA,cfcompat_seed1114,-0.9618270397,-0.3333333433
8qrpnFRGt2A$_$13,8qrpnFRGt2A,354,3,LA,moddrop_seed1111,-1.477760196,-0.3333333433
8qrpnFRGt2A$_$13,8qrpnFRGt2A,354,3,LA,moddrop_seed1114,-0.4375947714,-0.3333333433
8qrpnFRGt2A$_$13,8qrpnFRGt2A,354,3,LA,uniform_kd_seed1111,-1.048780918,-0.3333333433
8qrpnFRGt2A$_$13,8qrpnFRGt2A,354,3,LAV,cfcompat_seed1111,-0.465077728,-0.3333333433
8qrpnFRGt2A$_$13,8qrpnFRGt2A,354,3,LAV,cfcompat_seed1114,-0.960730195,-0.3333333433
8qrpnFRGt2A$_$13,8qrpnFRGt2A,354,3,LAV,moddrop_seed1111,-1.377985716,-0.3333333433
8qrpnFRGt2A$_$13,8qrpnFRGt2A,354,3,LAV,moddrop_seed1114,-0.4260164797,-0.3333333433
8qrpnFRGt2A$_$13,8qrpnFRGt2A,354,3,LAV,uniform_kd_seed1111,-0.976800859,-0.3333333433
8qrpnFRGt2A$_$13,8qrpnFRGt2A,354,3,LV,cfcompat_seed1111,-0.500933826,-0.3333333433
8qrpnFRGt2A$_$13,8qrpnFRGt2A,354,3,LV,cfcompat_seed1114,-0.9377590418,-0.3333333433
8qrpnFRGt2A$_$13,8qrpnFRGt2A,354,3,LV,moddrop_seed1111,-1.395102262,-0.3333333433
8qrpnFRGt2A$_$13,8qrpnFRGt2A,354,3,LV,moddrop_seed1114,-0.4212873876,-0.3333333433
8qrpnFRGt2A$_$13,8qrpnFRGt2A,354,3,LV,uniform_kd_seed1111,-0.9966381192,-0.3333333433
8qrpnFRGt2A$_$14,8qrpnFRGt2A,357,3,L,cfcompat_seed1111,-1.549267411,-1.799999952
8qrpnFRGt2A$_$14,8qrpnFRGt2A,357,3,L,cfcompat_seed1114,-1.576716423,-1.799999952
8qrpnFRGt2A$_$14,8qrpnFRGt2A,357,3,L,moddrop_seed1111,-1.915225506,-1.799999952
8qrpnFRGt2A$_$14,8qrpnFRGt2A,357,3,L,moddrop_seed1114,-1.587826967,-1.799999952
8qrpnFRGt2A$_$14,8qrpnFRGt2A,357,3,L,uniform_kd_seed1111,-1.426778078,-1.799999952
8qrpnFRGt2A$_$14,8qrpnFRGt2A,357,3,LA,cfcompat_seed1111,-1.565065861,-1.799999952
8qrpnFRGt2A$_$14,8qrpnFRGt2A,357,3,LA,cfcompat_seed1114,-1.586014271,-1.799999952
8qrpnFRGt2A$_$14,8qrpnFRGt2A,357,3,LA,moddrop_seed1111,-1.932349086,-1.799999952
8qrpnFRGt2A$_$14,8qrpnFRGt2A,357,3,LA,moddrop_seed1114,-1.586461186,-1.799999952
8qrpnFRGt2A$_$14,8qrpnFRGt2A,357,3,LA,uniform_kd_seed1111,-1.446432948,-1.799999952
8qrpnFRGt2A$_$14,8qrpnFRGt2A,357,3,LAV,cfcompat_seed1111,-1.482695937,-1.799999952
8qrpnFRGt2A$_$14,8qrpnFRGt2A,357,3,LAV,cfcompat_seed1114,-1.601502299,-1.799999952
8qrpnFRGt2A$_$14,8qrpnFRGt2A,357,3,LAV,moddrop_seed1111,-1.852174997,-1.799999952
8qrpnFRGt2A$_$14,8qrpnFRGt2A,357,3,LAV,moddrop_seed1114,-1.593178153,-1.799999952
8qrpnFRGt2A$_$14,8qrpnFRGt2A,357,3,LAV,uniform_kd_seed1111,-1.386801243,-1.799999952
8qrpnFRGt2A$_$14,8qrpnFRGt2A,357,3,LV,cfcompat_seed1111,-1.472873688,-1.799999952
8qrpnFRGt2A$_$14,8qrpnFRGt2A,357,3,LV,cfcompat_seed1114,-1.590312719,-1.799999952
8qrpnFRGt2A$_$14,8qrpnFRGt2A,357,3,LV,moddrop_seed1111,-1.839143515,-1.799999952
8qrpnFRGt2A$_$14,8qrpnFRGt2A,357,3,LV,moddrop_seed1114,-1.591925144,-1.799999952
8qrpnFRGt2A$_$14,8qrpnFRGt2A,357,3,LV,uniform_kd_seed1111,-1.372144222,-1.799999952
8qrpnFRGt2A$_$15,8qrpnFRGt2A,356,3,L,cfcompat_seed1111,-0.7038212419,-1.600000024
8qrpnFRGt2A$_$15,8qrpnFRGt2A,356,3,L,cfcompat_seed1114,-1.220901251,-1.600000024
8qrpnFRGt2A$_$15,8qrpnFRGt2A,356,3,L,moddrop_seed1111,-1.892493248,-1.600000024
8qrpnFRGt2A$_$15,8qrpnFRGt2A,356,3,L,moddrop_seed1114,-0.8118074536,-1.600000024
8qrpnFRGt2A$_$15,8qrpnFRGt2A,356,3,L,uniform_kd_seed1111,-1.048833251,-1.600000024
8qrpnFRGt2A$_$15,8qrpnFRGt2A,356,3,LA,cfcompat_seed1111,-0.7553817034,-1.600000024
8qrpnFRGt2A$_$15,8qrpnFRGt2A,356,3,LA,cfcompat_seed1114,-1.295179963,-1.600000024
8qrpnFRGt2A$_$15,8qrpnFRGt2A,356,3,LA,moddrop_seed1111,-1.943821311,-1.600000024
8qrpnFRGt2A$_$15,8qrpnFRGt2A,356,3,LA,moddrop_seed1114,-0.8672651649,-1.600000024
8qrpnFRGt2A$_$15,8qrpnFRGt2A,356,3,LA,uniform_kd_seed1111,-1.103591561,-1.600000024
8qrpnFRGt2A$_$15,8qrpnFRGt2A,356,3,LAV,cfcompat_seed1111,-0.7059526443,-1.600000024
8qrpnFRGt2A$_$15,8qrpnFRGt2A,356,3,LAV,cfcompat_seed1114,-1.379401207,-1.600000024
8qrpnFRGt2A$_$15,8qrpnFRGt2A,356,3,LAV,moddrop_seed1111,-1.894101739,-1.600000024
8qrpnFRGt2A$_$15,8qrpnFRGt2A,356,3,LAV,moddrop_seed1114,-0.949919045,-1.600000024
8qrpnFRGt2A$_$15,8qrpnFRGt2A,356,3,LAV,uniform_kd_seed1111,-1.080744505,-1.600000024
8qrpnFRGt2A$_$15,8qrpnFRGt2A,356,3,LV,cfcompat_seed1111,-0.6585358977,-1.600000024
8qrpnFRGt2A$_$15,8qrpnFRGt2A,356,3,LV,cfcompat_seed1114,-1.310891867,-1.600000024
8qrpnFRGt2A$_$15,8qrpnFRGt2A,356,3,LV,moddrop_seed1111,-1.848549366,-1.600000024
8qrpnFRGt2A$_$15,8qrpnFRGt2A,356,3,LV,moddrop_seed1114,-0.8946371078,-1.600000024
8qrpnFRGt2A$_$15,8qrpnFRGt2A,356,3,LV,uniform_kd_seed1111,-1.02628696,-1.600000024
8qrpnFRGt2A$_$16,8qrpnFRGt2A,359,3,L,cfcompat_seed1111,-0.2304134965,-1
8qrpnFRGt2A$_$16,8qrpnFRGt2A,359,3,L,cfcompat_seed1114,-1.23320663,-1
8qrpnFRGt2A$_$16,8qrpnFRGt2A,359,3,L,moddrop_seed1111,-1.623347521,-1
8qrpnFRGt2A$_$16,8qrpnFRGt2A,359,3,L,moddrop_seed1114,-1.07535696,-1
8qrpnFRGt2A$_$16,8qrpnFRGt2A,359,3,L,uniform_kd_seed1111,-1.038541794,-1
8qrpnFRGt2A$_$16,8qrpnFRGt2A,359,3,LA,cfcompat_seed1111,-0.2536742091,-1
8qrpnFRGt2A$_$16,8qrpnFRGt2A,359,3,LA,cfcompat_seed1114,-1.264584661,-1
8qrpnFRGt2A$_$16,8qrpnFRGt2A,359,3,LA,moddrop_seed1111,-1.665504813,-1
8qrpnFRGt2A$_$16,8qrpnFRGt2A,359,3,LA,moddrop_seed1114,-1.089240551,-1
8qrpnFRGt2A$_$16,8qrpnFRGt2A,359,3,LA,uniform_kd_seed1111,-1.069642425,-1
8qrpnFRGt2A$_$16,8qrpnFRGt2A,359,3,LAV,cfcompat_seed1111,-0.1652236879,-1
8qrpnFRGt2A$_$16,8qrpnFRGt2A,359,3,LAV,cfcompat_seed1114,-1.295973659,-1
8qrpnFRGt2A$_$16,8qrpnFRGt2A,359,3,LAV,moddrop_seed1111,-1.57868576,-1
8qrpnFRGt2A$_$16,8qrpnFRGt2A,359,3,LAV,moddrop_seed1114,-1.118545294,-1
8qrpnFRGt2A$_$16,8qrpnFRGt2A,359,3,LAV,uniform_kd_seed1111,-1.012150288,-1
8qrpnFRGt2A$_$16,8qrpnFRGt2A,359,3,LV,cfcompat_seed1111,-0.1447268724,-1
8qrpnFRGt2A$_$16,8qrpnFRGt2A,359,3,LV,cfcompat_seed1114,-1.263893247,-1
8qrpnFRGt2A$_$16,8qrpnFRGt2A,359,3,LV,moddrop_seed1111,-1.545240402,-1
8qrpnFRGt2A$_$16,8qrpnFRGt2A,359,3,LV,moddrop_seed1114,-1.098542929,-1
8qrpnFRGt2A$_$16,8qrpnFRGt2A,359,3,LV,uniform_kd_seed1111,-0.9836671948,-1
8qrpnFRGt2A$_$17,8qrpnFRGt2A,358,3,L,cfcompat_seed1111,-1.88366127,-0.6666666865
8qrpnFRGt2A$_$17,8qrpnFRGt2A,358,3,L,cfcompat_seed1114,-1.774669886,-0.6666666865
8qrpnFRGt2A$_$17,8qrpnFRGt2A,358,3,L,moddrop_seed1111,-1.859717369,-0.6666666865
8qrpnFRGt2A$_$17,8qrpnFRGt2A,358,3,L,moddrop_seed1114,-1.612740517,-0.6666666865
8qrpnFRGt2A$_$17,8qrpnFRGt2A,358,3,L,uniform_kd_seed1111,-2.0955019,-0.6666666865
8qrpnFRGt2A$_$17,8qrpnFRGt2A,358,3,LA,cfcompat_seed1111,-1.799775362,-0.6666666865
8qrpnFRGt2A$_$17,8qrpnFRGt2A,358,3,LA,cfcompat_seed1114,-1.749426365,-0.6666666865
8qrpnFRGt2A$_$17,8qrpnFRGt2A,358,3,LA,moddrop_seed1111,-1.776776552,-0.6666666865
8qrpnFRGt2A$_$17,8qrpnFRGt2A,358,3,LA,moddrop_seed1114,-1.577838063,-0.6666666865
8qrpnFRGt2A$_$17,8qrpnFRGt2A,358,3,LA,uniform_kd_seed1111,-2.024053574,-0.6666666865
8qrpnFRGt2A$_$17,8qrpnFRGt2A,358,3,LAV,cfcompat_seed1111,-1.693961143,-0.6666666865
8qrpnFRGt2A$_$17,8qrpnFRGt2A,358,3,LAV,cfcompat_seed1114,-1.726127386,-0.6666666865
8qrpnFRGt2A$_$17,8qrpnFRGt2A,358,3,LAV,moddrop_seed1111,-1.673800111,-0.6666666865
8qrpnFRGt2A$_$17,8qrpnFRGt2A,358,3,LAV,moddrop_seed1114,-1.551449537,-0.6666666865
8qrpnFRGt2A$_$17,8qrpnFRGt2A,358,3,LAV,uniform_kd_seed1111,-1.945901871,-0.6666666865
8qrpnFRGt2A$_$17,8qrpnFRGt2A,358,3,LV,cfcompat_seed1111,-1.783190727,-0.6666666865
8qrpnFRGt2A$_$17,8qrpnFRGt2A,358,3,LV,cfcompat_seed1114,-1.756394029,-0.6666666865
8qrpnFRGt2A$_$17,8qrpnFRGt2A,358,3,LV,moddrop_seed1111,-1.759385705,-0.6666666865
8qrpnFRGt2A$_$17,8qrpnFRGt2A,358,3,LV,moddrop_seed1114,-1.58588469,-0.6666666865
8qrpnFRGt2A$_$17,8qrpnFRGt2A,358,3,LV,uniform_kd_seed1111,-2.021340609,-0.6666666865
8qrpnFRGt2A$_$18,8qrpnFRGt2A,361,3,L,cfcompat_seed1111,0.946017921,0.6000000238
8qrpnFRGt2A$_$18,8qrpnFRGt2A,361,3,L,cfcompat_seed1114,0.9668934941,0.6000000238
8qrpnFRGt2A$_$18,8qrpnFRGt2A,361,3,L,moddrop_seed1111,1.837525249,0.6000000238
8qrpnFRGt2A$_$18,8qrpnFRGt2A,361,3,L,moddrop_seed1114,1.345537782,0.6000000238
8qrpnFRGt2A$_$18,8qrpnFRGt2A,361,3,L,uniform_kd_seed1111,0.6339628696,0.6000000238
8qrpnFRGt2A$_$18,8qrpnFRGt2A,361,3,LA,cfcompat_seed1111,0.8779863119,0.6000000238
8qrpnFRGt2A$_$18,8qrpnFRGt2A,361,3,LA,cfcompat_seed1114,0.9118561745,0.6000000238
8qrpnFRGt2A$_$18,8qrpnFRGt2A,361,3,LA,moddrop_seed1111,1.756117463,0.6000000238
8qrpnFRGt2A$_$18,8qrpnFRGt2A,361,3,LA,moddrop_seed1114,1.305577874,0.6000000238
8qrpnFRGt2A$_$18,8qrpnFRGt2A,361,3,LA,uniform_kd_seed1111,0.5689754486,0.6000000238
8qrpnFRGt2A$_$18,8qrpnFRGt2A,361,3,LAV,cfcompat_seed1111,0.9821255207,0.6000000238
8qrpnFRGt2A$_$18,8qrpnFRGt2A,361,3,LAV,cfcompat_seed1114,0.8979212642,0.6000000238
8qrpnFRGt2A$_$18,8qrpnFRGt2A,361,3,LAV,moddrop_seed1111,1.866618395,0.6000000238
8qrpnFRGt2A$_$18,8qrpnFRGt2A,361,3,LAV,moddrop_seed1114,1.30358541,0.6000000238
8qrpnFRGt2A$_$18,8qrpnFRGt2A,361,3,LAV,uniform_kd_seed1111,0.6441046,0.6000000238
8qrpnFRGt2A$_$18,8qrpnFRGt2A,361,3,LV,cfcompat_seed1111,1.051258802,0.6000000238
8qrpnFRGt2A$_$18,8qrpnFRGt2A,361,3,LV,cfcompat_seed1114,0.9547091126,0.6000000238
8qrpnFRGt2A$_$18,8qrpnFRGt2A,361,3,LV,moddrop_seed1111,1.945369601,0.6000000238
8qrpnFRGt2A$_$18,8qrpnFRGt2A,361,3,LV,moddrop_seed1114,1.343336225,0.6000000238
8qrpnFRGt2A$_$18,8qrpnFRGt2A,361,3,LV,uniform_kd_seed1111,0.7105628252,0.6000000238
8qrpnFRGt2A$_$19,8qrpnFRGt2A,360,3,L,cfcompat_seed1111,0.5648716688,0.6000000238
8qrpnFRGt2A$_$19,8qrpnFRGt2A,360,3,L,cfcompat_seed1114,0.159311235,0.6000000238
8qrpnFRGt2A$_$19,8qrpnFRGt2A,360,3,L,moddrop_seed1111,-0.9065553546,0.6000000238
8qrpnFRGt2A$_$19,8qrpnFRGt2A,360,3,L,moddrop_seed1114,0.5871007442,0.6000000238
8qrpnFRGt2A$_$19,8qrpnFRGt2A,360,3,L,uniform_kd_seed1111,0.3274746239,0.6000000238
8qrpnFRGt2A$_$19,8qrpnFRGt2A,360,3,LA,cfcompat_seed1111,0.6333700418,0.6000000238
8qrpnFRGt2A$_$19,8qrpnFRGt2A,360,3,LA,cfcompat_seed1114,0.1432693601,0.6000000238
8qrpnFRGt2A$_$19,8qrpnFRGt2A,360,3,LA,moddrop_seed1111,-0.8694995046,0.6000000238
8qrpnFRGt2A$_$19,8qrpnFRGt2A,360,3,LA,moddrop_seed1114,0.5844691992,0.6000000238
8qrpnFRGt2A$_$19,8qrpnFRGt2A,360,3,LA,uniform_kd_seed1111,0.3831121624,0.6000000238
8qrpnFRGt2A$_$19,8qrpnFRGt2A,360,3,LAV,cfcompat_seed1111,0.6976396441,0.6000000238
8qrpnFRGt2A$_$19,8qrpnFRGt2A,360,3,LAV,cfcompat_seed1114,0.07756637037,0.6000000238
8qrpnFRGt2A$_$19,8qrpnFRGt2A,360,3,LAV,moddrop_seed1111,-0.8096419573,0.6000000238
8qrpnFRGt2A$_$19,8qrpnFRGt2A,360,3,LAV,moddrop_seed1114,0.525852561,0.6000000238
8qrpnFRGt2A$_$19,8qrpnFRGt2A,360,3,LAV,uniform_kd_seed1111,0.4189675152,0.6000000238
8qrpnFRGt2A$_$19,8qrpnFRGt2A,360,3,LV,cfcompat_seed1111,0.6248122454,0.6000000238
8qrpnFRGt2A$_$19,8qrpnFRGt2A,360,3,LV,cfcompat_seed1114,0.09446626902,0.6000000238
8qrpnFRGt2A$_$19,8qrpnFRGt2A,360,3,LV,moddrop_seed1111,-0.8524166942,0.6000000238
8qrpnFRGt2A$_$19,8qrpnFRGt2A,360,3,LV,moddrop_seed1114,0.5310522914,0.6000000238
8qrpnFRGt2A$_$19,8qrpnFRGt2A,360,3,LV,uniform_kd_seed1111,0.3585632443,0.6000000238
8qrpnFRGt2A$_$2,8qrpnFRGt2A,345,3,L,cfcompat_seed1111,0.1157869622,-0.400000006
8qrpnFRGt2A$_$2,8qrpnFRGt2A,345,3,L,cfcompat_seed1114,0.6918871403,-0.400000006
8qrpnFRGt2A$_$2,8qrpnFRGt2A,345,3,L,moddrop_seed1111,-0.0757317692,-0.400000006
8qrpnFRGt2A$_$2,8qrpnFRGt2A,345,3,L,moddrop_seed1114,0.8805105686,-0.400000006
8qrpnFRGt2A$_$2,8qrpnFRGt2A,345,3,L,uniform_kd_seed1111,0.1046830192,-0.400000006
8qrpnFRGt2A$_$2,8qrpnFRGt2A,345,3,LA,cfcompat_seed1111,0.07205563784,-0.400000006
8qrpnFRGt2A$_$2,8qrpnFRGt2A,345,3,LA,cfcompat_seed1114,0.6485122442,-0.400000006
8qrpnFRGt2A$_$2,8qrpnFRGt2A,345,3,LA,moddrop_seed1111,-0.1255729795,-0.400000006
8qrpnFRGt2A$_$2,8qrpnFRGt2A,345,3,LA,moddrop_seed1114,0.8547542095,-0.400000006
8qrpnFRGt2A$_$2,8qrpnFRGt2A,345,3,LA,uniform_kd_seed1111,0.06234885752,-0.400000006
8qrpnFRGt2A$_$2,8qrpnFRGt2A,345,3,LAV,cfcompat_seed1111,0.1860423684,-0.400000006
8qrpnFRGt2A$_$2,8qrpnFRGt2A,345,3,LAV,cfcompat_seed1114,0.6424922347,-0.400000006
8qrpnFRGt2A$_$2,8qrpnFRGt2A,345,3,LAV,moddrop_seed1111,-0.007332764566,-0.400000006
8qrpnFRGt2A$_$2,8qrpnFRGt2A,345,3,LAV,moddrop_seed1114,0.8563896418,-0.400000006
8qrpnFRGt2A$_$2,8qrpnFRGt2A,345,3,LAV,uniform_kd_seed1111,0.145810619,-0.400000006
8qrpnFRGt2A$_$2,8qrpnFRGt2A,345,3,LV,cfcompat_seed1111,0.2295467257,-0.400000006
8qrpnFRGt2A$_$2,8qrpnFRGt2A,345,3,LV,cfcompat_seed1114,0.6878471971,-0.400000006
8qrpnFRGt2A$_$2,8qrpnFRGt2A,345,3,LV,moddrop_seed1111,0.04245601967,-0.400000006
8qrpnFRGt2A$_$2,8qrpnFRGt2A,345,3,LV,moddrop_seed1114,0.8850221634,-0.400000006
8qrpnFRGt2A$_$2,8qrpnFRGt2A,345,3,LV,uniform_kd_seed1111,0.1883618087,-0.400000006
8qrpnFRGt2A$_$20,8qrpnFRGt2A,339,3,L,cfcompat_seed1111,-0.7718763947,-0.8000000119
8qrpnFRGt2A$_$20,8qrpnFRGt2A,339,3,L,cfcompat_seed1114,-1.835082054,-0.8000000119
8qrpnFRGt2A$_$20,8qrpnFRGt2A,339,3,L,moddrop_seed1111,-1.912493467,-0.8000000119
8qrpnFRGt2A$_$20,8qrpnFRGt2A,339,3,L,moddrop_seed1114,-1.561841607,-0.8000000119
8qrpnFRGt2A$_$20,8qrpnFRGt2A,339,3,L,uniform_kd_seed1111,-1.121201158,-0.8000000119
8qrpnFRGt2A$_$20,8qrpnFRGt2A,339,3,LA,cfcompat_seed1111,-0.8497947454,-0.8000000119
8qrpnFRGt2A$_$20,8qrpnFRGt2A,339,3,LA,cfcompat_seed1114,-1.882317066,-0.8000000119
8qrpnFRGt2A$_$20,8qrpnFRGt2A,339,3,LA,moddrop_seed1111,-1.983215809,-0.8000000119
8qrpnFRGt2A$_$20,8qrpnFRGt2A,339,3,LA,moddrop_seed1114,-1.602260947,-0.8000000119
8qrpnFRGt2A$_$20,8qrpnFRGt2A,339,3,LA,uniform_kd_seed1111,-1.194879055,-0.8000000119
8qrpnFRGt2A$_$20,8qrpnFRGt2A,339,3,LAV,cfcompat_seed1111,-0.7702486515,-0.8000000119
8qrpnFRGt2A$_$20,8qrpnFRGt2A,339,3,LAV,cfcompat_seed1114,-1.924974561,-0.8000000119
8qrpnFRGt2A$_$20,8qrpnFRGt2A,339,3,LAV,moddrop_seed1111,-1.913440585,-0.8000000119
8qrpnFRGt2A$_$20,8qrpnFRGt2A,339,3,LAV,moddrop_seed1114,-1.649330497,-0.8000000119
8qrpnFRGt2A$_$20,8qrpnFRGt2A,339,3,LAV,uniform_kd_seed1111,-1.14503324,-0.8000000119
8qrpnFRGt2A$_$20,8qrpnFRGt2A,339,3,LV,cfcompat_seed1111,-0.6920169592,-0.8000000119
8qrpnFRGt2A$_$20,8qrpnFRGt2A,339,3,LV,cfcompat_seed1114,-1.879892826,-0.8000000119
8qrpnFRGt2A$_$20,8qrpnFRGt2A,339,3,LV,moddrop_seed1111,-1.839749932,-0.8000000119
8qrpnFRGt2A$_$20,8qrpnFRGt2A,339,3,LV,moddrop_seed1114,-1.607508302,-0.8000000119
8qrpnFRGt2A$_$20,8qrpnFRGt2A,339,3,LV,uniform_kd_seed1111,-1.068321466,-0.8000000119
8qrpnFRGt2A$_$21,8qrpnFRGt2A,340,3,L,cfcompat_seed1111,-1.770645261,-2
8qrpnFRGt2A$_$21,8qrpnFRGt2A,340,3,L,cfcompat_seed1114,-1.378053188,-2
8qrpnFRGt2A$_$21,8qrpnFRGt2A,340,3,L,moddrop_seed1111,-1.889665127,-2
8qrpnFRGt2A$_$21,8qrpnFRGt2A,340,3,L,moddrop_seed1114,-1.636706829,-2
8qrpnFRGt2A$_$21,8qrpnFRGt2A,340,3,L,uniform_kd_seed1111,-1.899337292,-2
8qrpnFRGt2A$_$21,8qrpnFRGt2A,340,3,LA,cfcompat_seed1111,-1.820370674,-2
8qrpnFRGt2A$_$21,8qrpnFRGt2A,340,3,LA,cfcompat_seed1114,-1.417472005,-2
8qrpnFRGt2A$_$21,8qrpnFRGt2A,340,3,LA,moddrop_seed1111,-1.935358167,-2
8qrpnFRGt2A$_$21,8qrpnFRGt2A,340,3,LA,moddrop_seed1114,-1.65876472,-2
8qrpnFRGt2A$_$21,8qrpnFRGt2A,340,3,LA,uniform_kd_seed1111,-1.948677421,-2
8qrpnFRGt2A$_$21,8qrpnFRGt2A,340,3,LAV,cfcompat_seed1111,-1.737758517,-2
8qrpnFRGt2A$_$21,8qrpnFRGt2A,340,3,LAV,cfcompat_seed1114,-1.455634475,-2
8qrpnFRGt2A$_$21,8qrpnFRGt2A,340,3,LAV,moddrop_seed1111,-1.857064366,-2
8qrpnFRGt2A$_$21,8qrpnFRGt2A,340,3,LAV,moddrop_seed1114,-1.683855772,-2
8qrpnFRGt2A$_$21,8qrpnFRGt2A,340,3,LAV,uniform_kd_seed1111,-1.891009092,-2
8qrpnFRGt2A$_$21,8qrpnFRGt2A,340,3,LV,cfcompat_seed1111,-1.695569992,-2
8qrpnFRGt2A$_$21,8qrpnFRGt2A,340,3,LV,cfcompat_seed1114,-1.416274905,-2
8qrpnFRGt2A$_$21,8qrpnFRGt2A,340,3,LV,moddrop_seed1111,-1.813240409,-2
8qrpnFRGt2A$_$21,8qrpnFRGt2A,340,3,LV,moddrop_seed1114,-1.663095474,-2
8qrpnFRGt2A$_$21,8qrpnFRGt2A,340,3,LV,uniform_kd_seed1111,-1.848593712,-2
8qrpnFRGt2A$_$22,8qrpnFRGt2A,341,3,L,cfcompat_seed1111,-0.3312371373,-1
8qrpnFRGt2A$_$22,8qrpnFRGt2A,341,3,L,cfcompat_seed1114,-1.097429276,-1
8qrpnFRGt2A$_$22,8qrpnFRGt2A,341,3,L,moddrop_seed1111,-0.9125381112,-1
8qrpnFRGt2A$_$22,8qrpnFRGt2A,341,3,L,moddrop_seed1114,-0.7213888764,-1
8qrpnFRGt2A$_$22,8qrpnFRGt2A,341,3,L,uniform_kd_seed1111,-0.1976976544,-1
8qrpnFRGt2A$_$22,8qrpnFRGt2A,341,3,LA,cfcompat_seed1111,-0.3329604268,-1
8qrpnFRGt2A$_$22,8qrpnFRGt2A,341,3,LA,cfcompat_seed1114,-1.124958634,-1
8qrpnFRGt2A$_$22,8qrpnFRGt2A,341,3,LA,moddrop_seed1111,-0.9288297892,-1
8qrpnFRGt2A$_$22,8qrpnFRGt2A,341,3,LA,moddrop_seed1114,-0.7271722555,-1
8qrpnFRGt2A$_$22,8qrpnFRGt2A,341,3,LA,uniform_kd_seed1111,-0.2010709345,-1
8qrpnFRGt2A$_$22,8qrpnFRGt2A,341,3,LAV,cfcompat_seed1111,-0.2328356802,-1
8qrpnFRGt2A$_$22,8qrpnFRGt2A,341,3,LAV,cfcompat_seed1114,-1.158997655,-1
8qrpnFRGt2A$_$22,8qrpnFRGt2A,341,3,LAV,moddrop_seed1111,-0.8279005885,-1
8qrpnFRGt2A$_$22,8qrpnFRGt2A,341,3,LAV,moddrop_seed1114,-0.7582480311,-1
8qrpnFRGt2A$_$22,8qrpnFRGt2A,341,3,LAV,uniform_kd_seed1111,-0.1286831647,-1
8qrpnFRGt2A$_$22,8qrpnFRGt2A,341,3,LV,cfcompat_seed1111,-0.2382045686,-1
8qrpnFRGt2A$_$22,8qrpnFRGt2A,341,3,LV,cfcompat_seed1114,-1.128296614,-1
8qrpnFRGt2A$_$22,8qrpnFRGt2A,341,3,LV,moddrop_seed1111,-0.8183764219,-1
8qrpnFRGt2A$_$22,8qrpnFRGt2A,341,3,LV,moddrop_seed1114,-0.7440807819,-1
8qrpnFRGt2A$_$22,8qrpnFRGt2A,341,3,LV,uniform_kd_seed1111,-0.1290379465,-1
8qrpnFRGt2A$_$23,8qrpnFRGt2A,342,3,L,cfcompat_seed1111,-0.2057324052,-0.3333333433
8qrpnFRGt2A$_$23,8qrpnFRGt2A,342,3,L,cfcompat_seed1114,-0.1415820271,-0.3333333433
8qrpnFRGt2A$_$23,8qrpnFRGt2A,342,3,L,moddrop_seed1111,-0.5363084674,-0.3333333433
8qrpnFRGt2A$_$23,8qrpnFRGt2A,342,3,L,moddrop_seed1114,0.07000812888,-0.3333333433
8qrpnFRGt2A$_$23,8qrpnFRGt2A,342,3,L,uniform_kd_seed1111,-0.4816773832,-0.3333333433
8qrpnFRGt2A$_$23,8qrpnFRGt2A,342,3,LA,cfcompat_seed1111,-0.2688609958,-0.3333333433
8qrpnFRGt2A$_$23,8qrpnFRGt2A,342,3,LA,cfcompat_seed1114,-0.1859131455,-0.3333333433
8qrpnFRGt2A$_$23,8qrpnFRGt2A,342,3,LA,moddrop_seed1111,-0.6016154289,-0.3333333433
8qrpnFRGt2A$_$23,8qrpnFRGt2A,342,3,LA,moddrop_seed1114,0.0449683331,-0.3333333433
8qrpnFRGt2A$_$23,8qrpnFRGt2A,342,3,LA,uniform_kd_seed1111,-0.5403264761,-0.3333333433
8qrpnFRGt2A$_$23,8qrpnFRGt2A,342,3,LAV,cfcompat_seed1111,-0.1559020579,-0.3333333433
8qrpnFRGt2A$_$23,8qrpnFRGt2A,342,3,LAV,cfcompat_seed1114,-0.1877915859,-0.3333333433
8qrpnFRGt2A$_$23,8qrpnFRGt2A,342,3,LAV,moddrop_seed1111,-0.4852980077,-0.3333333433
8qrpnFRGt2A$_$23,8qrpnFRGt2A,342,3,LAV,moddrop_seed1114,0.04748706892,-0.3333333433
8qrpnFRGt2A$_$23,8qrpnFRGt2A,342,3,LAV,uniform_kd_seed1111,-0.4549547732,-0.3333333433
8qrpnFRGt2A$_$23,8qrpnFRGt2A,342,3,LV,cfcompat_seed1111,-0.09154734761,-0.3333333433
8qrpnFRGt2A$_$23,8qrpnFRGt2A,342,3,LV,cfcompat_seed1114,-0.1388397366,-0.3333333433
8qrpnFRGt2A$_$23,8qrpnFRGt2A,342,3,LV,moddrop_seed1111,-0.4182515144,-0.3333333433
8qrpnFRGt2A$_$23,8qrpnFRGt2A,342,3,LV,moddrop_seed1114,0.0797047466,-0.3333333433
8qrpnFRGt2A$_$23,8qrpnFRGt2A,342,3,LV,uniform_kd_seed1111,-0.39498505,-0.3333333433
8qrpnFRGt2A$_$24,8qrpnFRGt2A,336,3,L,cfcompat_seed1111,0.3968413472,0
8qrpnFRGt2A$_$24,8qrpnFRGt2A,336,3,L,cfcompat_seed1114,0.4024447799,0
8qrpnFRGt2A$_$24,8qrpnFRGt2A,336,3,L,moddrop_seed1111,1.319715738,0
8qrpnFRGt2A$_$24,8qrpnFRGt2A,336,3,L,moddrop_seed1114,1.419768333,0
8qrpnFRGt2A$_$24,8qrpnFRGt2A,336,3,L,uniform_kd_seed1111,1.015698314,0
8qrpnFRGt2A$_$24,8qrpnFRGt2A,336,3,LA,cfcompat_seed1111,0.3797688484,0
8qrpnFRGt2A$_$24,8qrpnFRGt2A,336,3,LA,cfcompat_seed1114,0.3666943908,0
8qrpnFRGt2A$_$24,8qrpnFRGt2A,336,3,LA,moddrop_seed1111,1.296612263,0
8qrpnFRGt2A$_$24,8qrpnFRGt2A,336,3,LA,moddrop_seed1114,1.399113178,0
8qrpnFRGt2A$_$24,8qrpnFRGt2A,336,3,LA,uniform_kd_seed1111,0.9985736012,0
8qrpnFRGt2A$_$24,8qrpnFRGt2A,336,3,LAV,cfcompat_seed1111,0.4895489216,0
8qrpnFRGt2A$_$24,8qrpnFRGt2A,336,3,LAV,cfcompat_seed1114,0.3380066156,0
8qrpnFRGt2A$_$24,8qrpnFRGt2A,336,3,LAV,moddrop_seed1111,1.409249425,0
8qrpnFRGt2A$_$24,8qrpnFRGt2A,336,3,LAV,moddrop_seed1114,1.376634717,0
8qrpnFRGt2A$_$24,8qrpnFRGt2A,336,3,LAV,uniform_kd_seed1111,1.076550841,0
8qrpnFRGt2A$_$24,8qrpnFRGt2A,336,3,LV,cfcompat_seed1111,0.5009214878,0
8qrpnFRGt2A$_$24,8qrpnFRGt2A,336,3,LV,cfcompat_seed1114,0.3784896731,0
8qrpnFRGt2A$_$24,8qrpnFRGt2A,336,3,LV,moddrop_seed1111,1.424843907,0
8qrpnFRGt2A$_$24,8qrpnFRGt2A,336,3,LV,moddrop_seed1114,1.402919769,0
8qrpnFRGt2A$_$24,8qrpnFRGt2A,336,3,LV,uniform_kd_seed1111,1.089351654,0
8qrpnFRGt2A$_$25,8qrpnFRGt2A,337,3,L,cfcompat_seed1111,-0.8509663343,0.200000003
8qrpnFRGt2A$_$25,8qrpnFRGt2A,337,3,L,cfcompat_seed1114,-1.185917974,0.200000003
8qrpnFRGt2A$_$25,8qrpnFRGt2A,337,3,L,moddrop_seed1111,-1.39528966,0.200000003
8qrpnFRGt2A$_$25,8qrpnFRGt2A,337,3,L,moddrop_seed1114,-0.8409848213,0.200000003
8qrpnFRGt2A$_$25,8qrpnFRGt2A,337,3,L,uniform_kd_seed1111,-1.271792293,0.200000003
8qrpnFRGt2A$_$25,8qrpnFRGt2A,337,3,LA,cfcompat_seed1111,-0.9187242985,0.200000003
8qrpnFRGt2A$_$25,8qrpnFRGt2A,337,3,LA,cfcompat_seed1114,-1.233867645,0.200000003
8qrpnFRGt2A$_$25,8qrpnFRGt2A,337,3,LA,moddrop_seed1111,-1.467885971,0.200000003
8qrpnFRGt2A$_$25,8qrpnFRGt2A,337,3,LA,moddrop_seed1114,-0.8697123528,0.200000003
8qrpnFRGt2A$_$25,8qrpnFRGt2A,337,3,LA,uniform_kd_seed1111,-1.337862372,0.200000003
8qrpnFRGt2A$_$25,8qrpnFRGt2A,337,3,LAV,cfcompat_seed1111,-0.8081604838,0.200000003
8qrpnFRGt2A$_$25,8qrpnFRGt2A,337,3,LAV,cfcompat_seed1114,-1.236859202,0.200000003
8qrpnFRGt2A$_$25,8qrpnFRGt2A,337,3,LAV,moddrop_seed1111,-1.359271407,0.200000003
8qrpnFRGt2A$_$25,8qrpnFRGt2A,337,3,LAV,moddrop_seed1114,-0.8691481352,0.200000003
8qrpnFRGt2A$_$25,8qrpnFRGt2A,337,3,LAV,uniform_kd_seed1111,-1.259048939,0.200000003
8qrpnFRGt2A$_$25,8qrpnFRGt2A,337,3,LV,cfcompat_seed1111,-0.7396048307,0.200000003
8qrpnFRGt2A$_$25,8qrpnFRGt2A,337,3,LV,cfcompat_seed1114,-1.180966973,0.200000003
8qrpnFRGt2A$_$25,8qrpnFRGt2A,337,3,LV,moddrop_seed1111,-1.28449297,0.200000003
8qrpnFRGt2A$_$25,8qrpnFRGt2A,337,3,LV,moddrop_seed1114,-0.8256319165,0.200000003
8qrpnFRGt2A$_$25,8qrpnFRGt2A,337,3,LV,uniform_kd_seed1111,-1.19063592,0.200000003
8qrpnFRGt2A$_$26,8qrpnFRGt2A,338,3,L,cfcompat_seed1111,-0.3891895115,-1.200000048
8qrpnFRGt2A$_$26,8qrpnFRGt2A,338,3,L,cfcompat_seed1114,-0.8606839776,-1.200000048
8qrpnFRGt2A$_$26,8qrpnFRGt2A,338,3,L,moddrop_seed1111,-1.499458551,-1.200000048
8qrpnFRGt2A$_$26,8qrpnFRGt2A,338,3,L,moddrop_seed1114,-0.610445559,-1.200000048
8qrpnFRGt2A$_$26,8qrpnFRGt2A,338,3,L,uniform_kd_seed1111,-0.5069595575,-1.200000048
8qrpnFRGt2A$_$26,8qrpnFRGt2A,338,3,LA,cfcompat_seed1111,-0.4234488308,-1.200000048
8qrpnFRGt2A$_$26,8qrpnFRGt2A,338,3,LA,cfcompat_seed1114,-0.9009818435,-1.200000048
8qrpnFRGt2A$_$26,8qrpnFRGt2A,338,3,LA,moddrop_seed1111,-1.548568964,-1.200000048
8qrpnFRGt2A$_$26,8qrpnFRGt2A,338,3,LA,moddrop_seed1114,-0.634008646,-1.200000048
8qrpnFRGt2A$_$26,8qrpnFRGt2A,338,3,LA,uniform_kd_seed1111,-0.5430708528,-1.200000048
8qrpnFRGt2A$_$26,8qrpnFRGt2A,338,3,LAV,cfcompat_seed1111,-0.3260600865,-1.200000048
8qrpnFRGt2A$_$26,8qrpnFRGt2A,338,3,LAV,cfcompat_seed1114,-0.9594628811,-1.200000048
8qrpnFRGt2A$_$26,8qrpnFRGt2A,338,3,LAV,moddrop_seed1111,-1.454605103,-1.200000048
8qrpnFRGt2A$_$26,8qrpnFRGt2A,338,3,LAV,moddrop_seed1114,-0.685816288,-1.200000048
8qrpnFRGt2A$_$26,8qrpnFRGt2A,338,3,LAV,uniform_kd_seed1111,-0.473483175,-1.200000048
8qrpnFRGt2A$_$26,8qrpnFRGt2A,338,3,LV,cfcompat_seed1111,-0.2968797088,-1.200000048
8qrpnFRGt2A$_$26,8qrpnFRGt2A,338,3,LV,cfcompat_seed1114,-0.9127408862,-1.200000048
8qrpnFRGt2A$_$26,8qrpnFRGt2A,338,3,LV,moddrop_seed1111,-1.410004854,-1.200000048
8qrpnFRGt2A$_$26,8qrpnFRGt2A,338,3,LV,moddrop_seed1114,-0.6541882753,-1.200000048
8qrpnFRGt2A$_$26,8qrpnFRGt2A,338,3,LV,uniform_kd_seed1111,-0.4409373105,-1.200000048
8qrpnFRGt2A$_$3,8qrpnFRGt2A,344,3,L,cfcompat_seed1111,-1.732049942,-1.600000024
8qrpnFRGt2A$_$3,8qrpnFRGt2A,344,3,L,cfcompat_seed1114,-1.502585292,-1.600000024
8qrpnFRGt2A$_$3,8qrpnFRGt2A,344,3,L,moddrop_seed1111,-1.919894338,-1.600000024
8qrpnFRGt2A$_$3,8qrpnFRGt2A,344,3,L,moddrop_seed1114,-1.574662805,-1.600000024
8qrpnFRGt2A$_$3,8qrpnFRGt2A,344,3,L,uniform_kd_seed1111,-1.210260034,-1.600000024
8qrpnFRGt2A$_$3,8qrpnFRGt2A,344,3,LA,cfcompat_seed1111,-1.787011504,-1.600000024
8qrpnFRGt2A$_$3,8qrpnFRGt2A,344,3,LA,cfcompat_seed1114,-1.547082543,-1.600000024
8qrpnFRGt2A$_$3,8qrpnFRGt2A,344,3,LA,moddrop_seed1111,-1.972711086,-1.600000024
8qrpnFRGt2A$_$3,8qrpnFRGt2A,344,3,LA,moddrop_seed1114,-1.604498148,-1.600000024
8qrpnFRGt2A$_$3,8qrpnFRGt2A,344,3,LA,uniform_kd_seed1111,-1.269509077,-1.600000024
8qrpnFRGt2A$_$3,8qrpnFRGt2A,344,3,LAV,cfcompat_seed1111,-1.699967623,-1.600000024
8qrpnFRGt2A$_$3,8qrpnFRGt2A,344,3,LAV,cfcompat_seed1114,-1.580502391,-1.600000024
8qrpnFRGt2A$_$3,8qrpnFRGt2A,344,3,LAV,moddrop_seed1111,-1.890488863,-1.600000024
8qrpnFRGt2A$_$3,8qrpnFRGt2A,344,3,LAV,moddrop_seed1114,-1.627759099,-1.600000024
8qrpnFRGt2A$_$3,8qrpnFRGt2A,344,3,LAV,uniform_kd_seed1111,-1.204596996,-1.600000024
8qrpnFRGt2A$_$3,8qrpnFRGt2A,344,3,LV,cfcompat_seed1111,-1.650539994,-1.600000024
8qrpnFRGt2A$_$3,8qrpnFRGt2A,344,3,LV,cfcompat_seed1114,-1.53300941,-1.600000024
8qrpnFRGt2A$_$3,8qrpnFRGt2A,344,3,LV,moddrop_seed1111,-1.840963364,-1.600000024
8qrpnFRGt2A$_$3,8qrpnFRGt2A,344,3,LV,moddrop_seed1114,-1.592826843,-1.600000024
8qrpnFRGt2A$_$3,8qrpnFRGt2A,344,3,LV,uniform_kd_seed1111,-1.147560954,-1.600000024
8qrpnFRGt2A$_$4,8qrpnFRGt2A,347,3,L,cfcompat_seed1111,-0.7599074841,-1.399999976
8qrpnFRGt2A$_$4,8qrpnFRGt2A,347,3,L,cfcompat_seed1114,-0.7219886184,-1.399999976
8qrpnFRGt2A$_$4,8qrpnFRGt2A,347,3,L,moddrop_seed1111,-1.924053192,-1.399999976
8qrpnFRGt2A$_$4,8qrpnFRGt2A,347,3,L,moddrop_seed1114,-0.5346368551,-1.399999976
8qrpnFRGt2A$_$4,8qrpnFRGt2A,347,3,L,uniform_kd_seed1111,-0.1145442203,-1.399999976
8qrpnFRGt2A$_$4,8qrpnFRGt2A,347,3,LA,cfcompat_seed1111,-0.662181735,-1.399999976
8qrpnFRGt2A$_$4,8qrpnFRGt2A,347,3,LA,cfcompat_seed1114,-0.6939669847,-1.399999976
8qrpnFRGt2A$_$4,8qrpnFRGt2A,347,3,LA,moddrop_seed1111,-1.845476866,-1.399999976
8qrpnFRGt2A$_$4,8qrpnFRGt2A,347,3,LA,moddrop_seed1114,-0.4936291575,-1.399999976
8qrpnFRGt2A$_$4,8qrpnFRGt2A,347,3,LA,uniform_kd_seed1111,-0.02402682789,-1.399999976
8qrpnFRGt2A$_$4,8qrpnFRGt2A,347,3,LAV,cfcompat_seed1111,-0.5793974996,-1.399999976
8qrpnFRGt2A$_$4,8qrpnFRGt2A,347,3,LAV,cfcompat_seed1114,-0.751624763,-1.399999976
8qrpnFRGt2A$_$4,8qrpnFRGt2A,347,3,LAV,moddrop_seed1111,-1.769434094,-1.399999976
8qrpnFRGt2A$_$4,8qrpnFRGt2A,347,3,LAV,moddrop_seed1114,-0.540826261,-1.399999976
8qrpnFRGt2A$_$4,8qrpnFRGt2A,347,3,LAV,uniform_kd_seed1111,0.03104848973,-1.399999976
8qrpnFRGt2A$_$4,8qrpnFRGt2A,347,3,LV,cfcompat_seed1111,-0.6813050508,-1.399999976
8qrpnFRGt2A$_$4,8qrpnFRGt2A,347,3,LV,cfcompat_seed1114,-0.7758322954,-1.399999976
8qrpnFRGt2A$_$4,8qrpnFRGt2A,347,3,LV,moddrop_seed1111,-1.849524736,-1.399999976
8qrpnFRGt2A$_$4,8qrpnFRGt2A,347,3,LV,moddrop_seed1114,-0.5794509053,-1.399999976
8qrpnFRGt2A$_$4,8qrpnFRGt2A,347,3,LV,uniform_kd_seed1111,-0.06111902744,-1.399999976
8qrpnFRGt2A$_$5,8qrpnFRGt2A,346,3,L,cfcompat_seed1111,-1.654166341,-1.399999976
8qrpnFRGt2A$_$5,8qrpnFRGt2A,346,3,L,cfcompat_seed1114,-2.023406744,-1.399999976
8qrpnFRGt2A$_$5,8qrpnFRGt2A,346,3,L,moddrop_seed1111,-1.919129252,-1.399999976
8qrpnFRGt2A$_$5,8qrpnFRGt2A,346,3,L,moddrop_seed1114,-2.025736809,-1.399999976
8qrpnFRGt2A$_$5,8qrpnFRGt2A,346,3,L,uniform_kd_seed1111,-2.010394573,-1.399999976
8qrpnFRGt2A$_$5,8qrpnFRGt2A,346,3,LA,cfcompat_seed1111,-1.71519208,-1.399999976
8qrpnFRGt2A$_$5,8qrpnFRGt2A,346,3,LA,cfcompat_seed1114,-2.051626682,-1.399999976
8qrpnFRGt2A$_$5,8qrpnFRGt2A,346,3,LA,moddrop_seed1111,-1.974564552,-1.399999976
8qrpnFRGt2A$_$5,8qrpnFRGt2A,346,3,LA,moddrop_seed1114,-2.043052673,-1.399999976
8qrpnFRGt2A$_$5,8qrpnFRGt2A,346,3,LA,uniform_kd_seed1111,-2.065463543,-1.399999976
8qrpnFRGt2A$_$5,8qrpnFRGt2A,346,3,LAV,cfcompat_seed1111,-1.635764599,-1.399999976
8qrpnFRGt2A$_$5,8qrpnFRGt2A,346,3,LAV,cfcompat_seed1114,-2.066518068,-1.399999976
8qrpnFRGt2A$_$5,8qrpnFRGt2A,346,3,LAV,moddrop_seed1111,-1.897915959,-1.399999976
8qrpnFRGt2A$_$5,8qrpnFRGt2A,346,3,LAV,moddrop_seed1114,-2.048258781,-1.399999976
8qrpnFRGt2A$_$5,8qrpnFRGt2A,346,3,LAV,uniform_kd_seed1111,-2.013667822,-1.399999976
8qrpnFRGt2A$_$5,8qrpnFRGt2A,346,3,LV,cfcompat_seed1111,-1.578527331,-1.399999976
8qrpnFRGt2A$_$5,8qrpnFRGt2A,346,3,LV,cfcompat_seed1114,-2.041117191,-1.399999976
8qrpnFRGt2A$_$5,8qrpnFRGt2A,346,3,LV,moddrop_seed1111,-1.844448328,-1.399999976
8qrpnFRGt2A$_$5,8qrpnFRGt2A,346,3,LV,moddrop_seed1114,-2.032954931,-1.399999976
8qrpnFRGt2A$_$5,8qrpnFRGt2A,346,3,LV,uniform_kd_seed1111,-1.960627556,-1.399999976
8qrpnFRGt2A$_$6,8qrpnFRGt2A,349,3,L,cfcompat_seed1111,-1.9017241,-2.599999905
8qrpnFRGt2A$_$6,8qrpnFRGt2A,349,3,L,cfcompat_seed1114,-2.209990025,-2.599999905
8qrpnFRGt2A$_$6,8qrpnFRGt2A,349,3,L,moddrop_seed1111,-1.825048089,-2.599999905
8qrpnFRGt2A$_$6,8qrpnFRGt2A,349,3,L,moddrop_seed1114,-2.114959955,-2.599999905
8qrpnFRGt2A$_$6,8qrpnFRGt2A,349,3,L,uniform_kd_seed1111,-2.091258049,-2.599999905
8qrpnFRGt2A$_$6,8qrpnFRGt2A,349,3,LA,cfcompat_seed1111,-1.840423226,-2.599999905
8qrpnFRGt2A$_$6,8qrpnFRGt2A,349,3,LA,cfcompat_seed1114,-2.186605453,-2.599999905
8qrpnFRGt2A$_$6,8qrpnFRGt2A,349,3,LA,moddrop_seed1111,-1.764623046,-2.599999905
8qrpnFRGt2A$_$6,8qrpnFRGt2A,349,3,LA,moddrop_seed1114,-2.081130981,-2.599999905
8qrpnFRGt2A$_$6,8qrpnFRGt2A,349,3,LA,uniform_kd_seed1111,-2.04215765,-2.599999905
8qrpnFRGt2A$_$6,8qrpnFRGt2A,349,3,LAV,cfcompat_seed1111,-1.746519685,-2.599999905
8qrpnFRGt2A$_$6,8qrpnFRGt2A,349,3,LAV,cfcompat_seed1114,-2.174066782,-2.599999905
8qrpnFRGt2A$_$6,8qrpnFRGt2A,349,3,LAV,moddrop_seed1111,-1.670603871,-2.599999905
8qrpnFRGt2A$_$6,8qrpnFRGt2A,349,3,LAV,moddrop_seed1114,-2.06400156,-2.599999905
8qrpnFRGt2A$_$6,8qrpnFRGt2A,349,3,LAV,uniform_kd_seed1111,-1.975236416,-2.599999905
8qrpnFRGt2A$_$6,8qrpnFRGt2A,349,3,LV,cfcompat_seed1111,-1.810835958,-2.599999905
8qrpnFRGt2A$_$6,8qrpnFRGt2A,349,3,LV,cfcompat_seed1114,-2.201678276,-2.599999905
8qrpnFRGt2A$_$6,8qrpnFRGt2A,349,3,LV,moddrop_seed1111,-1.730816841,-2.599999905
8qrpnFRGt2A$_$6,8qrpnFRGt2A,349,3,LV,moddrop_seed1114,-2.100494146,-2.599999905
8qrpnFRGt2A$_$6,8qrpnFRGt2A,349,3,LV,uniform_kd_seed1111,-2.027754545,-2.599999905
8qrpnFRGt2A$_$7,8qrpnFRGt2A,348,3,L,cfcompat_seed1111,-1.746090174,-1.600000024
8qrpnFRGt2A$_$7,8qrpnFRGt2A,348,3,L,cfcompat_seed1114,-1.304315925,-1.600000024
8qrpnFRGt2A$_$7,8qrpnFRGt2A,348,3,L,moddrop_seed1111,-1.910567164,-1.600000024
8qrpnFRGt2A$_$7,8qrpnFRGt2A,348,3,L,moddrop_seed1114,-1.240053535,-1.600000024
8qrpnFRGt2A$_$7,8qrpnFRGt2A,348,3,L,uniform_kd_seed1111,-2.058540821,-1.600000024
8qrpnFRGt2A$_$7,8qrpnFRGt2A,348,3,LA,cfcompat_seed1111,-1.748308778,-1.600000024
8qrpnFRGt2A$_$7,8qrpnFRGt2A,348,3,LA,cfcompat_seed1114,-1.334001422,-1.600000024
8qrpnFRGt2A$_$7,8qrpnFRGt2A,348,3,LA,moddrop_seed1111,-1.909170985,-1.600000024
8qrpnFRGt2A$_$7,8qrpnFRGt2A,348,3,LA,moddrop_seed1114,-1.257030368,-1.600000024
8qrpnFRGt2A$_$7,8qrpnFRGt2A,348,3,LA,uniform_kd_seed1111,-2.059360981,-1.600000024
8qrpnFRGt2A$_$7,8qrpnFRGt2A,348,3,LAV,cfcompat_seed1111,-1.643780351,-1.600000024
8qrpnFRGt2A$_$7,8qrpnFRGt2A,348,3,LAV,cfcompat_seed1114,-1.359320641,-1.600000024
8qrpnFRGt2A$_$7,8qrpnFRGt2A,348,3,LAV,moddrop_seed1111,-1.807420492,-1.600000024
8qrpnFRGt2A$_$7,8qrpnFRGt2A,348,3,LAV,moddrop_seed1114,-1.274082422,-1.600000024
8qrpnFRGt2A$_$7,8qrpnFRGt2A,348,3,LAV,uniform_kd_seed1111,-1.988365173,-1.600000024
8qrpnFRGt2A$_$7,8qrpnFRGt2A,348,3,LV,cfcompat_seed1111,-1.643096924,-1.600000024
8qrpnFRGt2A$_$7,8qrpnFRGt2A,348,3,LV,cfcompat_seed1114,-1.324973941,-1.600000024
8qrpnFRGt2A$_$7,8qrpnFRGt2A,348,3,LV,moddrop_seed1111,-1.808262467,-1.600000024
8qrpnFRGt2A$_$7,8qrpnFRGt2A,348,3,LV,moddrop_seed1114,-1.251158834,-1.600000024
8qrpnFRGt2A$_$7,8qrpnFRGt2A,348,3,LV,uniform_kd_seed1111,-1.983386755,-1.600000024
8qrpnFRGt2A$_$8,8qrpnFRGt2A,351,3,L,cfcompat_seed1111,-0.002559930086,-0.8000000119
8qrpnFRGt2A$_$8,8qrpnFRGt2A,351,3,L,cfcompat_seed1114,-0.2383647263,-0.8000000119
8qrpnFRGt2A$_$8,8qrpnFRGt2A,351,3,L,moddrop_seed1111,0.03837783262,-0.8000000119
8qrpnFRGt2A$_$8,8qrpnFRGt2A,351,3,L,moddrop_seed1114,0.07583355904,-0.8000000119
8qrpnFRGt2A$_$8,8qrpnFRGt2A,351,3,L,uniform_kd_seed1111,0.0764869377,-0.8000000119
8qrpnFRGt2A$_$8,8qrpnFRGt2A,351,3,LA,cfcompat_seed1111,-0.0784503445,-0.8000000119
8qrpnFRGt2A$_$8,8qrpnFRGt2A,351,3,LA,cfcompat_seed1114,-0.3011541963,-0.8000000119
8qrpnFRGt2A$_$8,8qrpnFRGt2A,351,3,LA,moddrop_seed1111,-0.04101173952,-0.8000000119
8qrpnFRGt2A$_$8,8qrpnFRGt2A,351,3,LA,moddrop_seed1114,0.03262363002,-0.8000000119
8qrpnFRGt2A$_$8,8qrpnFRGt2A,351,3,LA,uniform_kd_seed1111,0.004168564454,-0.8000000119
8qrpnFRGt2A$_$8,8qrpnFRGt2A,351,3,LAV,cfcompat_seed1111,-0.006755590439,-0.8000000119
8qrpnFRGt2A$_$8,8qrpnFRGt2A,351,3,LAV,cfcompat_seed1114,-0.3466305435,-0.8000000119
8qrpnFRGt2A$_$8,8qrpnFRGt2A,351,3,LAV,moddrop_seed1111,0.03380062431,-0.8000000119
8qrpnFRGt2A$_$8,8qrpnFRGt2A,351,3,LAV,moddrop_seed1114,-0.005152050406,-0.8000000119
8qrpnFRGt2A$_$8,8qrpnFRGt2A,351,3,LAV,uniform_kd_seed1111,0.04639095813,-0.8000000119
8qrpnFRGt2A$_$8,8qrpnFRGt2A,351,3,LV,cfcompat_seed1111,0.06820607185,-0.8000000119
8qrpnFRGt2A$_$8,8qrpnFRGt2A,351,3,LV,cfcompat_seed1114,-0.2828489542,-0.8000000119
8qrpnFRGt2A$_$8,8qrpnFRGt2A,351,3,LV,moddrop_seed1111,0.1128998697,-0.8000000119
8qrpnFRGt2A$_$8,8qrpnFRGt2A,351,3,LV,moddrop_seed1114,0.04110014066,-0.8000000119
8qrpnFRGt2A$_$8,8qrpnFRGt2A,351,3,LV,uniform_kd_seed1111,0.119212769,-0.8000000119
8qrpnFRGt2A$_$9,8qrpnFRGt2A,350,3,L,cfcompat_seed1111,-0.1542748213,-1
8qrpnFRGt2A$_$9,8qrpnFRGt2A,350,3,L,cfcompat_seed1114,-0.7534432411,-1
8qrpnFRGt2A$_$9,8qrpnFRGt2A,350,3,L,moddrop_seed1111,0.09710533917,-1
8qrpnFRGt2A$_$9,8qrpnFRGt2A,350,3,L,moddrop_seed1114,-0.4254297614,-1
8qrpnFRGt2A$_$9,8qrpnFRGt2A,350,3,L,uniform_kd_seed1111,-0.419688791,-1
8qrpnFRGt2A$_$9,8qrpnFRGt2A,350,3,LA,cfcompat_seed1111,-0.216496408,-1
8qrpnFRGt2A$_$9,8qrpnFRGt2A,350,3,LA,cfcompat_seed1114,-0.7963273525,-1
8qrpnFRGt2A$_$9,8qrpnFRGt2A,350,3,LA,moddrop_seed1111,0.0313600339,-1
8qrpnFRGt2A$_$9,8qrpnFRGt2A,350,3,LA,moddrop_seed1114,-0.4504022598,-1
8qrpnFRGt2A$_$9,8qrpnFRGt2A,350,3,LA,uniform_kd_seed1111,-0.4790920913,-1
8qrpnFRGt2A$_$9,8qrpnFRGt2A,350,3,LAV,cfcompat_seed1111,-0.1288823783,-1
8qrpnFRGt2A$_$9,8qrpnFRGt2A,350,3,LAV,cfcompat_seed1114,-0.8326517344,-1
8qrpnFRGt2A$_$9,8qrpnFRGt2A,350,3,LAV,moddrop_seed1111,0.1249255687,-1
8qrpnFRGt2A$_$9,8qrpnFRGt2A,350,3,LAV,moddrop_seed1114,-0.4768526852,-1
8qrpnFRGt2A$_$9,8qrpnFRGt2A,350,3,LAV,uniform_kd_seed1111,-0.4203217626,-1
8qrpnFRGt2A$_$9,8qrpnFRGt2A,350,3,LV,cfcompat_seed1111,-0.06715048105,-1
8qrpnFRGt2A$_$9,8qrpnFRGt2A,350,3,LV,cfcompat_seed1114,-0.7834315896,-1
8qrpnFRGt2A$_$9,8qrpnFRGt2A,350,3,LV,moddrop_seed1111,0.1906039268,-1
8qrpnFRGt2A$_$9,8qrpnFRGt2A,350,3,LV,moddrop_seed1114,-0.4452060163,-1
8qrpnFRGt2A$_$9,8qrpnFRGt2A,350,3,LV,uniform_kd_seed1111,-0.3610245883,-1
9c67fiY0wGQ$_$1,9c67fiY0wGQ,415,3,L,cfcompat_seed1111,-0.1218883172,-0.200000003
9c67fiY0wGQ$_$1,9c67fiY0wGQ,415,3,L,cfcompat_seed1114,-0.1590853482,-0.200000003
9c67fiY0wGQ$_$1,9c67fiY0wGQ,415,3,L,moddrop_seed1111,-0.3772787154,-0.200000003
9c67fiY0wGQ$_$1,9c67fiY0wGQ,415,3,L,moddrop_seed1114,0.2030976862,-0.200000003
9c67fiY0wGQ$_$1,9c67fiY0wGQ,415,3,L,uniform_kd_seed1111,-0.3121427,-0.200000003
9c67fiY0wGQ$_$1,9c67fiY0wGQ,415,3,LA,cfcompat_seed1111,-0.1453877985,-0.200000003
9c67fiY0wGQ$_$1,9c67fiY0wGQ,415,3,LA,cfcompat_seed1114,-0.2212537974,-0.200000003
9c67fiY0wGQ$_$1,9c67fiY0wGQ,415,3,LA,moddrop_seed1111,-0.4092303813,-0.200000003
9c67fiY0wGQ$_$1,9c67fiY0wGQ,415,3,LA,moddrop_seed1114,0.1604159772,-0.200000003
9c67fiY0wGQ$_$1,9c67fiY0wGQ,415,3,LA,uniform_kd_seed1111,-0.3381288052,-0.200000003
9c67fiY0wGQ$_$1,9c67fiY0wGQ,415,3,LAV,cfcompat_seed1111,0.00087043643,-0.200000003
9c67fiY0wGQ$_$1,9c67fiY0wGQ,415,3,LAV,cfcompat_seed1114,-0.1698460281,-0.200000003
9c67fiY0wGQ$_$1,9c67fiY0wGQ,415,3,LAV,moddrop_seed1111,-0.2621280849,-0.200000003
9c67fiY0wGQ$_$1,9c67fiY0wGQ,415,3,LAV,moddrop_seed1114,0.2210435122,-0.200000003
9c67fiY0wGQ$_$1,9c67fiY0wGQ,415,3,LAV,uniform_kd_seed1111,-0.2210778445,-0.200000003
9c67fiY0wGQ$_$1,9c67fiY0wGQ,415,3,LV,cfcompat_seed1111,0.01867692918,-0.200000003
9c67fiY0wGQ$_$1,9c67fiY0wGQ,415,3,LV,cfcompat_seed1114,-0.1055142283,-0.200000003
9c67fiY0wGQ$_$1,9c67fiY0wGQ,415,3,LV,moddrop_seed1111,-0.2357418686,-0.200000003
9c67fiY0wGQ$_$1,9c67fiY0wGQ,415,3,LV,moddrop_seed1114,0.2660382986,-0.200000003
9c67fiY0wGQ$_$1,9c67fiY0wGQ,415,3,LV,uniform_kd_seed1111,-0.1997244656,-0.200000003
9c67fiY0wGQ$_$10,9c67fiY0wGQ,413,3,L,cfcompat_seed1111,0.472197473,1.600000024
9c67fiY0wGQ$_$10,9c67fiY0wGQ,413,3,L,cfcompat_seed1114,0.5955286026,1.600000024
9c67fiY0wGQ$_$10,9c67fiY0wGQ,413,3,L,moddrop_seed1111,0.8404102325,1.600000024
9c67fiY0wGQ$_$10,9c67fiY0wGQ,413,3,L,moddrop_seed1114,0.7993794084,1.600000024
9c67fiY0wGQ$_$10,9c67fiY0wGQ,413,3,L,uniform_kd_seed1111,0.7928252816,1.600000024
9c67fiY0wGQ$_$10,9c67fiY0wGQ,413,3,LA,cfcompat_seed1111,0.6159282923,1.600000024
9c67fiY0wGQ$_$10,9c67fiY0wGQ,413,3,LA,cfcompat_seed1114,0.6183248758,1.600000024
9c67fiY0wGQ$_$10,9c67fiY0wGQ,413,3,LA,moddrop_seed1111,0.9694535732,1.600000024
9c67fiY0wGQ$_$10,9c67fiY0wGQ,413,3,LA,moddrop_seed1114,0.8307279348,1.600000024
9c67fiY0wGQ$_$10,9c67fiY0wGQ,413,3,LA,uniform_kd_seed1111,0.914966464,1.600000024
9c67fiY0wGQ$_$10,9c67fiY0wGQ,413,3,LAV,cfcompat_seed1111,0.773575902,1.600000024
9c67fiY0wGQ$_$10,9c67fiY0wGQ,413,3,LAV,cfcompat_seed1114,0.652589798,1.600000024
9c67fiY0wGQ$_$10,9c67fiY0wGQ,413,3,LAV,moddrop_seed1111,1.128747821,1.600000024
9c67fiY0wGQ$_$10,9c67fiY0wGQ,413,3,LAV,moddrop_seed1114,0.8766550422,1.600000024
9c67fiY0wGQ$_$10,9c67fiY0wGQ,413,3,LAV,uniform_kd_seed1111,1.043763041,1.600000024
9c67fiY0wGQ$_$10,9c67fiY0wGQ,413,3,LV,cfcompat_seed1111,0.6276219487,1.600000024
9c67fiY0wGQ$_$10,9c67fiY0wGQ,413,3,LV,cfcompat_seed1114,0.6349453926,1.600000024
9c67fiY0wGQ$_$10,9c67fiY0wGQ,413,3,LV,moddrop_seed1111,1.000093699,1.600000024
9c67fiY0wGQ$_$10,9c67fiY0wGQ,413,3,LV,moddrop_seed1114,0.8478799462,1.600000024
9c67fiY0wGQ$_$10,9c67fiY0wGQ,413,3,LV,uniform_kd_seed1111,0.9187428355,1.600000024
9c67fiY0wGQ$_$11,9c67fiY0wGQ,412,3,L,cfcompat_seed1111,1.23228538,1.600000024
9c67fiY0wGQ$_$11,9c67fiY0wGQ,412,3,L,cfcompat_seed1114,0.7179549336,1.600000024
9c67fiY0wGQ$_$11,9c67fiY0wGQ,412,3,L,moddrop_seed1111,1.87845993,1.600000024
9c67fiY0wGQ$_$11,9c67fiY0wGQ,412,3,L,moddrop_seed1114,1.536425829,1.600000024
9c67fiY0wGQ$_$11,9c67fiY0wGQ,412,3,L,uniform_kd_seed1111,1.276350617,1.600000024
9c67fiY0wGQ$_$11,9c67fiY0wGQ,412,3,LA,cfcompat_seed1111,1.221535921,1.600000024
9c67fiY0wGQ$_$11,9c67fiY0wGQ,412,3,LA,cfcompat_seed1114,0.6540932059,1.600000024
9c67fiY0wGQ$_$11,9c67fiY0wGQ,412,3,LA,moddrop_seed1111,1.857415438,1.600000024
9c67fiY0wGQ$_$11,9c67fiY0wGQ,412,3,LA,moddrop_seed1114,1.490240693,1.600000024
9c67fiY0wGQ$_$11,9c67fiY0wGQ,412,3,LA,uniform_kd_seed1111,1.262804747,1.600000024
9c67fiY0wGQ$_$11,9c67fiY0wGQ,412,3,LAV,cfcompat_seed1111,1.363519549,1.600000024
9c67fiY0wGQ$_$11,9c67fiY0wGQ,412,3,LAV,cfcompat_seed1114,0.6915177107,1.600000024
9c67fiY0wGQ$_$11,9c67fiY0wGQ,412,3,LAV,moddrop_seed1111,2.002169132,1.600000024
9c67fiY0wGQ$_$11,9c67fiY0wGQ,412,3,LAV,moddrop_seed1114,1.536051393,1.600000024
9c67fiY0wGQ$_$11,9c67fiY0wGQ,412,3,LAV,uniform_kd_seed1111,1.377279401,1.600000024
9c67fiY0wGQ$_$11,9c67fiY0wGQ,412,3,LV,cfcompat_seed1111,1.373611093,1.600000024
9c67fiY0wGQ$_$11,9c67fiY0wGQ,412,3,LV,cfcompat_seed1114,0.7619274855,1.600000024
9c67fiY0wGQ$_$11,9c67fiY0wGQ,412,3,LV,moddrop_seed1111,2.015231848,1.600000024
9c67fiY0wGQ$_$11,9c67fiY0wGQ,412,3,LV,moddrop_seed1114,1.583142519,1.600000024
9c67fiY0wGQ$_$11,9c67fiY0wGQ,412,3,LV,uniform_kd_seed1111,1.391104698,1.600000024
9c67fiY0wGQ$_$12,9c67fiY0wGQ,414,3,L,cfcompat_seed1111,2.092713833,2
9c67fiY0wGQ$_$12,9c67fiY0wGQ,414,3,L,cfcompat_seed1114,2.211942196,2
9c67fiY0wGQ$_$12,9c67fiY0wGQ,414,3,L,moddrop_seed1111,2.126611471,2
9c67fiY0wGQ$_$12,9c67fiY0wGQ,414,3,L,moddrop_seed1114,2.26074791,2
9c67fiY0wGQ$_$12,9c67fiY0wGQ,414,3,L,uniform_kd_seed1111,2.164491892,2
9c67fiY0wGQ$_$12,9c67fiY0wGQ,414,3,LA,cfcompat_seed1111,2.214043379,2
9c67fiY0wGQ$_$12,9c67fiY0wGQ,414,3,LA,cfcompat_seed1114,2.233694315,2
9c67fiY0wGQ$_$12,9c67fiY0wGQ,414,3,LA,moddrop_seed1111,2.22905302,2
9c67fiY0wGQ$_$12,9c67fiY0wGQ,414,3,LA,moddrop_seed1114,2.297354698,2
9c67fiY0wGQ$_$12,9c67fiY0wGQ,414,3,LA,uniform_kd_seed1111,2.25820899,2
9c67fiY0wGQ$_$12,9c67fiY0wGQ,414,3,LAV,cfcompat_seed1111,2.317929983,2
9c67fiY0wGQ$_$12,9c67fiY0wGQ,414,3,LAV,cfcompat_seed1114,2.251049042,2
9c67fiY0wGQ$_$12,9c67fiY0wGQ,414,3,LAV,moddrop_seed1111,2.330937624,2
9c67fiY0wGQ$_$12,9c67fiY0wGQ,414,3,LAV,moddrop_seed1114,2.327983856,2
9c67fiY0wGQ$_$12,9c67fiY0wGQ,414,3,LAV,uniform_kd_seed1111,2.333742142,2
9c67fiY0wGQ$_$12,9c67fiY0wGQ,414,3,LV,cfcompat_seed1111,2.203102827,2
9c67fiY0wGQ$_$12,9c67fiY0wGQ,414,3,LV,cfcompat_seed1114,2.237483025,2
9c67fiY0wGQ$_$12,9c67fiY0wGQ,414,3,LV,moddrop_seed1111,2.229000807,2
9c67fiY0wGQ$_$12,9c67fiY0wGQ,414,3,LV,moddrop_seed1114,2.298373222,2
9c67fiY0wGQ$_$12,9c67fiY0wGQ,414,3,LV,uniform_kd_seed1111,2.247211695,2
9c67fiY0wGQ$_$2,9c67fiY0wGQ,417,3,L,cfcompat_seed1111,1.610404253,1.799999952
9c67fiY0wGQ$_$2,9c67fiY0wGQ,417,3,L,cfcompat_seed1114,1.728931785,1.799999952
9c67fiY0wGQ$_$2,9c67fiY0wGQ,417,3,L,moddrop_seed1111,2.069412231,1.799999952
9c67fiY0wGQ$_$2,9c67fiY0wGQ,417,3,L,moddrop_seed1114,1.841959596,1.799999952
9c67fiY0wGQ$_$2,9c67fiY0wGQ,417,3,L,uniform_kd_seed1111,1.748461962,1.799999952
9c67fiY0wGQ$_$2,9c67fiY0wGQ,417,3,LA,cfcompat_seed1111,1.628208041,1.799999952
9c67fiY0wGQ$_$2,9c67fiY0wGQ,417,3,LA,cfcompat_seed1114,1.681345463,1.799999952
9c67fiY0wGQ$_$2,9c67fiY0wGQ,417,3,LA,moddrop_seed1111,2.075987101,1.799999952
9c67fiY0wGQ$_$2,9c67fiY0wGQ,417,3,LA,moddrop_seed1114,1.812243223,1.799999952
9c67fiY0wGQ$_$2,9c67fiY0wGQ,417,3,LA,uniform_kd_seed1111,1.757016659,1.799999952
9c67fiY0wGQ$_$2,9c67fiY0wGQ,417,3,LAV,cfcompat_seed1111,1.774649024,1.799999952
9c67fiY0wGQ$_$2,9c67fiY0wGQ,417,3,LAV,cfcompat_seed1114,1.727384329,1.799999952
9c67fiY0wGQ$_$2,9c67fiY0wGQ,417,3,LAV,moddrop_seed1111,2.216275692,1.799999952
9c67fiY0wGQ$_$2,9c67fiY0wGQ,417,3,LAV,moddrop_seed1114,1.874906898,1.799999952
9c67fiY0wGQ$_$2,9c67fiY0wGQ,417,3,LAV,uniform_kd_seed1111,1.872762918,1.799999952
9c67fiY0wGQ$_$2,9c67fiY0wGQ,417,3,LV,cfcompat_seed1111,1.752970338,1.799999952
9c67fiY0wGQ$_$2,9c67fiY0wGQ,417,3,LV,cfcompat_seed1114,1.776917815,1.799999952
9c67fiY0wGQ$_$2,9c67fiY0wGQ,417,3,LV,moddrop_seed1111,2.197558165,1.799999952
9c67fiY0wGQ$_$2,9c67fiY0wGQ,417,3,LV,moddrop_seed1114,1.904865146,1.799999952
9c67fiY0wGQ$_$2,9c67fiY0wGQ,417,3,LV,uniform_kd_seed1111,1.860709548,1.799999952
9c67fiY0wGQ$_$3,9c67fiY0wGQ,416,3,L,cfcompat_seed1111,0.178450495,2
9c67fiY0wGQ$_$3,9c67fiY0wGQ,416,3,L,cfcompat_seed1114,0.03758955374,2
9c67fiY0wGQ$_$3,9c67fiY0wGQ,416,3,L,moddrop_seed1111,1.369864464,2
9c67fiY0wGQ$_$3,9c67fiY0wGQ,416,3,L,moddrop_seed1114,0.3388072252,2
9c67fiY0wGQ$_$3,9c67fiY0wGQ,416,3,L,uniform_kd_seed1111,0.9714410901,2
9c67fiY0wGQ$_$3,9c67fiY0wGQ,416,3,LA,cfcompat_seed1111,0.1229579374,2
9c67fiY0wGQ$_$3,9c67fiY0wGQ,416,3,LA,cfcompat_seed1114,-0.03073901311,2
9c67fiY0wGQ$_$3,9c67fiY0wGQ,416,3,LA,moddrop_seed1111,1.312063575,2
9c67fiY0wGQ$_$3,9c67fiY0wGQ,416,3,LA,moddrop_seed1114,0.2912282944,2
9c67fiY0wGQ$_$3,9c67fiY0wGQ,416,3,LA,uniform_kd_seed1111,0.9175953865,2
9c67fiY0wGQ$_$3,9c67fiY0wGQ,416,3,LAV,cfcompat_seed1111,0.2139754891,2
9c67fiY0wGQ$_$3,9c67fiY0wGQ,416,3,LAV,cfcompat_seed1114,-0.0363993533,2
9c67fiY0wGQ$_$3,9c67fiY0wGQ,416,3,LAV,moddrop_seed1111,1.40079689,2
9c67fiY0wGQ$_$3,9c67fiY0wGQ,416,3,LAV,moddrop_seed1114,0.2972794175,2
9c67fiY0wGQ$_$3,9c67fiY0wGQ,416,3,LAV,uniform_kd_seed1111,0.9780332446,2
9c67fiY0wGQ$_$3,9c67fiY0wGQ,416,3,LV,cfcompat_seed1111,0.2663476169,2
9c67fiY0wGQ$_$3,9c67fiY0wGQ,416,3,LV,cfcompat_seed1114,0.03099447861,2
9c67fiY0wGQ$_$3,9c67fiY0wGQ,416,3,LV,moddrop_seed1111,1.457754254,2
9c67fiY0wGQ$_$3,9c67fiY0wGQ,416,3,LV,moddrop_seed1114,0.3446965218,2
9c67fiY0wGQ$_$3,9c67fiY0wGQ,416,3,LV,uniform_kd_seed1111,1.031165004,2
9c67fiY0wGQ$_$4,9c67fiY0wGQ,419,3,L,cfcompat_seed1111,2.010794163,2
9c67fiY0wGQ$_$4,9c67fiY0wGQ,419,3,L,cfcompat_seed1114,2.289331198,2
9c67fiY0wGQ$_$4,9c67fiY0wGQ,419,3,L,moddrop_seed1111,2.127681017,2
9c67fiY0wGQ$_$4,9c67fiY0wGQ,419,3,L,moddrop_seed1114,2.368485928,2
9c67fiY0wGQ$_$4,9c67fiY0wGQ,419,3,L,uniform_kd_seed1111,2.009594679,2
9c67fiY0wGQ$_$4,9c67fiY0wGQ,419,3,LA,cfcompat_seed1111,2.052997112,2
9c67fiY0wGQ$_$4,9c67fiY0wGQ,419,3,LA,cfcompat_seed1114,2.274783611,2
9c67fiY0wGQ$_$4,9c67fiY0wGQ,419,3,LA,moddrop_seed1111,2.15629673,2
9c67fiY0wGQ$_$4,9c67fiY0wGQ,419,3,LA,moddrop_seed1114,2.372159481,2
9c67fiY0wGQ$_$4,9c67fiY0wGQ,419,3,LA,uniform_kd_seed1111,2.040802002,2
9c67fiY0wGQ$_$4,9c67fiY0wGQ,419,3,LAV,cfcompat_seed1111,2.180378914,2
9c67fiY0wGQ$_$4,9c67fiY0wGQ,419,3,LAV,cfcompat_seed1114,2.299454451,2
9c67fiY0wGQ$_$4,9c67fiY0wGQ,419,3,LAV,moddrop_seed1111,2.274549007,2
9c67fiY0wGQ$_$4,9c67fiY0wGQ,419,3,LAV,moddrop_seed1114,2.408731699,2
9c67fiY0wGQ$_$4,9c67fiY0wGQ,419,3,LAV,uniform_kd_seed1111,2.138245344,2
9c67fiY0wGQ$_$4,9c67fiY0wGQ,419,3,LV,cfcompat_seed1111,2.130879641,2
9c67fiY0wGQ$_$4,9c67fiY0wGQ,419,3,LV,cfcompat_seed1114,2.322152853,2
9c67fiY0wGQ$_$4,9c67fiY0wGQ,419,3,LV,moddrop_seed1111,2.237265825,2
9c67fiY0wGQ$_$4,9c67fiY0wGQ,419,3,LV,moddrop_seed1114,2.410097599,2
9c67fiY0wGQ$_$4,9c67fiY0wGQ,419,3,LV,uniform_kd_seed1111,2.104170322,2
9c67fiY0wGQ$_$5,9c67fiY0wGQ,418,3,L,cfcompat_seed1111,0.7409709692,2
9c67fiY0wGQ$_$5,9c67fiY0wGQ,418,3,L,cfcompat_seed1114,1.191352606,2
9c67fiY0wGQ$_$5,9c67fiY0wGQ,418,3,L,moddrop_seed1111,1.834693432,2
9c67fiY0wGQ$_$5,9c67fiY0wGQ,418,3,L,moddrop_seed1114,1.427650452,2
9c67fiY0wGQ$_$5,9c67fiY0wGQ,418,3,L,uniform_kd_seed1111,1.05882597,2
9c67fiY0wGQ$_$5,9c67fiY0wGQ,418,3,LA,cfcompat_seed1111,0.8111613989,2
9c67fiY0wGQ$_$5,9c67fiY0wGQ,418,3,LA,cfcompat_seed1114,1.178606987,2
9c67fiY0wGQ$_$5,9c67fiY0wGQ,418,3,LA,moddrop_seed1111,1.890182137,2
9c67fiY0wGQ$_$5,9c67fiY0wGQ,418,3,LA,moddrop_seed1114,1.430519342,2
9c67fiY0wGQ$_$5,9c67fiY0wGQ,418,3,LA,uniform_kd_seed1111,1.112879395,2
9c67fiY0wGQ$_$5,9c67fiY0wGQ,418,3,LAV,cfcompat_seed1111,0.9630113244,2
9c67fiY0wGQ$_$5,9c67fiY0wGQ,418,3,LAV,cfcompat_seed1114,1.216208577,2
9c67fiY0wGQ$_$5,9c67fiY0wGQ,418,3,LAV,moddrop_seed1111,2.038302183,2
9c67fiY0wGQ$_$5,9c67fiY0wGQ,418,3,LAV,moddrop_seed1114,1.479618073,2
9c67fiY0wGQ$_$5,9c67fiY0wGQ,418,3,LAV,uniform_kd_seed1111,1.234879494,2
9c67fiY0wGQ$_$5,9c67fiY0wGQ,418,3,LV,cfcompat_seed1111,0.8900978565,2
9c67fiY0wGQ$_$5,9c67fiY0wGQ,418,3,LV,cfcompat_seed1114,1.229332209,2
9c67fiY0wGQ$_$5,9c67fiY0wGQ,418,3,LV,moddrop_seed1111,1.975647569,2
9c67fiY0wGQ$_$5,9c67fiY0wGQ,418,3,LV,moddrop_seed1114,1.477013588,2
9c67fiY0wGQ$_$5,9c67fiY0wGQ,418,3,LV,uniform_kd_seed1111,1.177731276,2
9c67fiY0wGQ$_$6,9c67fiY0wGQ,421,3,L,cfcompat_seed1111,0.3928245306,1.799999952
9c67fiY0wGQ$_$6,9c67fiY0wGQ,421,3,L,cfcompat_seed1114,1.140056252,1.799999952
9c67fiY0wGQ$_$6,9c67fiY0wGQ,421,3,L,moddrop_seed1111,1.809183717,1.799999952
9c67fiY0wGQ$_$6,9c67fiY0wGQ,421,3,L,moddrop_seed1114,1.671110272,1.799999952
9c67fiY0wGQ$_$6,9c67fiY0wGQ,421,3,L,uniform_kd_seed1111,0.8072357774,1.799999952
9c67fiY0wGQ$_$6,9c67fiY0wGQ,421,3,LA,cfcompat_seed1111,0.491271466,1.799999952
9c67fiY0wGQ$_$6,9c67fiY0wGQ,421,3,LA,cfcompat_seed1114,1.146321654,1.799999952
9c67fiY0wGQ$_$6,9c67fiY0wGQ,421,3,LA,moddrop_seed1111,1.897640467,1.799999952
9c67fiY0wGQ$_$6,9c67fiY0wGQ,421,3,LA,moddrop_seed1114,1.690668344,1.799999952
9c67fiY0wGQ$_$6,9c67fiY0wGQ,421,3,LA,uniform_kd_seed1111,0.8893727064,1.799999952
9c67fiY0wGQ$_$6,9c67fiY0wGQ,421,3,LAV,cfcompat_seed1111,0.6143684387,1.799999952
9c67fiY0wGQ$_$6,9c67fiY0wGQ,421,3,LAV,cfcompat_seed1114,1.148779392,1.799999952
9c67fiY0wGQ$_$6,9c67fiY0wGQ,421,3,LAV,moddrop_seed1111,2.013191462,1.799999952
9c67fiY0wGQ$_$6,9c67fiY0wGQ,421,3,LAV,moddrop_seed1114,1.704671502,1.799999952
9c67fiY0wGQ$_$6,9c67fiY0wGQ,421,3,LAV,uniform_kd_seed1111,0.9844738245,1.799999952
9c67fiY0wGQ$_$6,9c67fiY0wGQ,421,3,LV,cfcompat_seed1111,0.5110583305,1.799999952
9c67fiY0wGQ$_$6,9c67fiY0wGQ,421,3,LV,cfcompat_seed1114,1.14174521,1.799999952
9c67fiY0wGQ$_$6,9c67fiY0wGQ,421,3,LV,moddrop_seed1111,1.922485948,1.799999952
9c67fiY0wGQ$_$6,9c67fiY0wGQ,421,3,LV,moddrop_seed1114,1.688140869,1.799999952
9c67fiY0wGQ$_$6,9c67fiY0wGQ,421,3,LV,uniform_kd_seed1111,0.8975471258,1.799999952
9c67fiY0wGQ$_$7,9c67fiY0wGQ,420,3,L,cfcompat_seed1111,1.825387836,2
9c67fiY0wGQ$_$7,9c67fiY0wGQ,420,3,L,cfcompat_seed1114,2.228861332,2
9c67fiY0wGQ$_$7,9c67fiY0wGQ,420,3,L,moddrop_seed1111,2.12493515,2
9c67fiY0wGQ$_$7,9c67fiY0wGQ,420,3,L,moddrop_seed1114,1.967176557,2
9c67fiY0wGQ$_$7,9c67fiY0wGQ,420,3,L,uniform_kd_seed1111,1.995577574,2
9c67fiY0wGQ$_$7,9c67fiY0wGQ,420,3,LA,cfcompat_seed1111,1.91038239,2
9c67fiY0wGQ$_$7,9c67fiY0wGQ,420,3,LA,cfcompat_seed1114,2.224650383,2
9c67fiY0wGQ$_$7,9c67fiY0wGQ,420,3,LA,moddrop_seed1111,2.18937993,2
9c67fiY0wGQ$_$7,9c67fiY0wGQ,420,3,LA,moddrop_seed1114,1.976560473,2
9c67fiY0wGQ$_$7,9c67fiY0wGQ,420,3,LA,uniform_kd_seed1111,2.059931993,2
9c67fiY0wGQ$_$7,9c67fiY0wGQ,420,3,LAV,cfcompat_seed1111,2.037307024,2
9c67fiY0wGQ$_$7,9c67fiY0wGQ,420,3,LAV,cfcompat_seed1114,2.252735376,2
9c67fiY0wGQ$_$7,9c67fiY0wGQ,420,3,LAV,moddrop_seed1111,2.304596186,2
9c67fiY0wGQ$_$7,9c67fiY0wGQ,420,3,LAV,moddrop_seed1114,2.021619081,2
9c67fiY0wGQ$_$7,9c67fiY0wGQ,420,3,LAV,uniform_kd_seed1111,2.152475119,2
9c67fiY0wGQ$_$7,9c67fiY0wGQ,420,3,LV,cfcompat_seed1111,1.949535728,2
9c67fiY0wGQ$_$7,9c67fiY0wGQ,420,3,LV,cfcompat_seed1114,2.263919353,2
9c67fiY0wGQ$_$7,9c67fiY0wGQ,420,3,LV,moddrop_seed1111,2.233841419,2
9c67fiY0wGQ$_$7,9c67fiY0wGQ,420,3,LV,moddrop_seed1114,2.016645432,2
9c67fiY0wGQ$_$7,9c67fiY0wGQ,420,3,LV,uniform_kd_seed1111,2.088760853,2
9c67fiY0wGQ$_$8,9c67fiY0wGQ,423,3,L,cfcompat_seed1111,1.910888076,2.200000048
9c67fiY0wGQ$_$8,9c67fiY0wGQ,423,3,L,cfcompat_seed1114,2.453710556,2.200000048
9c67fiY0wGQ$_$8,9c67fiY0wGQ,423,3,L,moddrop_seed1111,2.122546196,2.200000048
9c67fiY0wGQ$_$8,9c67fiY0wGQ,423,3,L,moddrop_seed1114,2.45845294,2.200000048
9c67fiY0wGQ$_$8,9c67fiY0wGQ,423,3,L,uniform_kd_seed1111,2.128700018,2.200000048
9c67fiY0wGQ$_$8,9c67fiY0wGQ,423,3,LA,cfcompat_seed1111,1.899910092,2.200000048
9c67fiY0wGQ$_$8,9c67fiY0wGQ,423,3,LA,cfcompat_seed1114,2.411086798,2.200000048
9c67fiY0wGQ$_$8,9c67fiY0wGQ,423,3,LA,moddrop_seed1111,2.097758532,2.200000048
9c67fiY0wGQ$_$8,9c67fiY0wGQ,423,3,LA,moddrop_seed1114,2.433968067,2.200000048
9c67fiY0wGQ$_$8,9c67fiY0wGQ,423,3,LA,uniform_kd_seed1111,2.112717152,2.200000048
9c67fiY0wGQ$_$8,9c67fiY0wGQ,423,3,LAV,cfcompat_seed1111,2.03826046,2.200000048
9c67fiY0wGQ$_$8,9c67fiY0wGQ,423,3,LAV,cfcompat_seed1114,2.441882372,2.200000048
9c67fiY0wGQ$_$8,9c67fiY0wGQ,423,3,LAV,moddrop_seed1111,2.226998329,2.200000048
9c67fiY0wGQ$_$8,9c67fiY0wGQ,423,3,LAV,moddrop_seed1114,2.477580547,2.200000048
9c67fiY0wGQ$_$8,9c67fiY0wGQ,423,3,LAV,uniform_kd_seed1111,2.215134144,2.200000048
9c67fiY0wGQ$_$8,9c67fiY0wGQ,423,3,LV,cfcompat_seed1111,2.037657976,2.200000048
9c67fiY0wGQ$_$8,9c67fiY0wGQ,423,3,LV,cfcompat_seed1114,2.487919092,2.200000048
9c67fiY0wGQ$_$8,9c67fiY0wGQ,423,3,LV,moddrop_seed1111,2.235957861,2.200000048
9c67fiY0wGQ$_$8,9c67fiY0wGQ,423,3,LV,moddrop_seed1114,2.503916979,2.200000048
9c67fiY0wGQ$_$8,9c67fiY0wGQ,423,3,LV,uniform_kd_seed1111,2.222300768,2.200000048
9c67fiY0wGQ$_$9,9c67fiY0wGQ,422,3,L,cfcompat_seed1111,2.14162612,1.799999952
9c67fiY0wGQ$_$9,9c67fiY0wGQ,422,3,L,cfcompat_seed1114,2.276968718,1.799999952
9c67fiY0wGQ$_$9,9c67fiY0wGQ,422,3,L,moddrop_seed1111,2.128306866,1.799999952
9c67fiY0wGQ$_$9,9c67fiY0wGQ,422,3,L,moddrop_seed1114,2.274664879,1.799999952
9c67fiY0wGQ$_$9,9c67fiY0wGQ,422,3,L,uniform_kd_seed1111,2.200061798,1.799999952
9c67fiY0wGQ$_$9,9c67fiY0wGQ,422,3,LA,cfcompat_seed1111,2.193645239,1.799999952
9c67fiY0wGQ$_$9,9c67fiY0wGQ,422,3,LA,cfcompat_seed1114,2.245850086,1.799999952
9c67fiY0wGQ$_$9,9c67fiY0wGQ,422,3,LA,moddrop_seed1111,2.166561365,1.799999952
9c67fiY0wGQ$_$9,9c67fiY0wGQ,422,3,LA,moddrop_seed1114,2.264819145,1.799999952
9c67fiY0wGQ$_$9,9c67fiY0wGQ,422,3,LA,uniform_kd_seed1111,2.237822056,1.799999952
9c67fiY0wGQ$_$9,9c67fiY0wGQ,422,3,LAV,cfcompat_seed1111,2.33915782,1.799999952
9c67fiY0wGQ$_$9,9c67fiY0wGQ,422,3,LAV,cfcompat_seed1114,2.295288563,1.799999952
9c67fiY0wGQ$_$9,9c67fiY0wGQ,422,3,LAV,moddrop_seed1111,2.310693979,1.799999952
9c67fiY0wGQ$_$9,9c67fiY0wGQ,422,3,LAV,moddrop_seed1114,2.324198246,1.799999952
9c67fiY0wGQ$_$9,9c67fiY0wGQ,422,3,LAV,uniform_kd_seed1111,2.352710962,1.799999952
9c67fiY0wGQ$_$9,9c67fiY0wGQ,422,3,LV,cfcompat_seed1111,2.279084921,1.799999952
9c67fiY0wGQ$_$9,9c67fiY0wGQ,422,3,LV,cfcompat_seed1114,2.328981161,1.799999952
9c67fiY0wGQ$_$9,9c67fiY0wGQ,422,3,LV,moddrop_seed1111,2.263757229,1.799999952
9c67fiY0wGQ$_$9,9c67fiY0wGQ,422,3,LV,moddrop_seed1114,2.3376863,1.799999952
9c67fiY0wGQ$_$9,9c67fiY0wGQ,422,3,LV,uniform_kd_seed1111,2.310642958,1.799999952
G6GlGvlkxAQ$_$1,G6GlGvlkxAQ,752,3,L,cfcompat_seed1111,0.3549520373,2.599999905
G6GlGvlkxAQ$_$1,G6GlGvlkxAQ,752,3,L,cfcompat_seed1114,1.444684148,2.599999905
G6GlGvlkxAQ$_$1,G6GlGvlkxAQ,752,3,L,moddrop_seed1111,1.569430113,2.599999905
G6GlGvlkxAQ$_$1,G6GlGvlkxAQ,752,3,L,moddrop_seed1114,1.753393292,2.599999905
G6GlGvlkxAQ$_$1,G6GlGvlkxAQ,752,3,L,uniform_kd_seed1111,0.6642584801,2.599999905
G6GlGvlkxAQ$_$1,G6GlGvlkxAQ,752,3,LA,cfcompat_seed1111,0.3002218008,2.599999905
G6GlGvlkxAQ$_$1,G6GlGvlkxAQ,752,3,LA,cfcompat_seed1114,1.383139849,2.599999905
G6GlGvlkxAQ$_$1,G6GlGvlkxAQ,752,3,LA,moddrop_seed1111,1.509665489,2.599999905
G6GlGvlkxAQ$_$1,G6GlGvlkxAQ,752,3,LA,moddrop_seed1114,1.710733175,2.599999905
G6GlGvlkxAQ$_$1,G6GlGvlkxAQ,752,3,LA,uniform_kd_seed1111,0.612031281,2.599999905
G6GlGvlkxAQ$_$1,G6GlGvlkxAQ,752,3,LAV,cfcompat_seed1111,0.3416314721,2.599999905
G6GlGvlkxAQ$_$1,G6GlGvlkxAQ,752,3,LAV,cfcompat_seed1114,1.343031526,2.599999905
G6GlGvlkxAQ$_$1,G6GlGvlkxAQ,752,3,LAV,moddrop_seed1111,1.551819444,2.599999905
G6GlGvlkxAQ$_$1,G6GlGvlkxAQ,752,3,LAV,moddrop_seed1114,1.685715318,2.599999905
G6GlGvlkxAQ$_$1,G6GlGvlkxAQ,752,3,LAV,uniform_kd_seed1111,0.6244590878,2.599999905
G6GlGvlkxAQ$_$1,G6GlGvlkxAQ,752,3,LV,cfcompat_seed1111,0.395833075,2.599999905
G6GlGvlkxAQ$_$1,G6GlGvlkxAQ,752,3,LV,cfcompat_seed1114,1.408335805,2.599999905
G6GlGvlkxAQ$_$1,G6GlGvlkxAQ,752,3,LV,moddrop_seed1111,1.611010671,2.599999905
G6GlGvlkxAQ$_$1,G6GlGvlkxAQ,752,3,LV,moddrop_seed1114,1.735030174,2.599999905
G6GlGvlkxAQ$_$1,G6GlGvlkxAQ,752,3,LV,uniform_kd_seed1111,0.6775744557,2.599999905
G6GlGvlkxAQ$_$10,G6GlGvlkxAQ,762,3,L,cfcompat_seed1111,2.106208086,2.200000048
G6GlGvlkxAQ$_$10,G6GlGvlkxAQ,762,3,L,cfcompat_seed1114,2.353814125,2.200000048
G6GlGvlkxAQ$_$10,G6GlGvlkxAQ,762,3,L,moddrop_seed1111,2.120659351,2.200000048
G6GlGvlkxAQ$_$10,G6GlGvlkxAQ,762,3,L,moddrop_seed1114,2.472767353,2.200000048
G6GlGvlkxAQ$_$10,G6GlGvlkxAQ,762,3,L,uniform_kd_seed1111,2.043427944,2.200000048
G6GlGvlkxAQ$_$10,G6GlGvlkxAQ,762,3,LA,cfcompat_seed1111,2.076073408,2.200000048
G6GlGvlkxAQ$_$10,G6GlGvlkxAQ,762,3,LA,cfcompat_seed1114,2.300540447,2.200000048
G6GlGvlkxAQ$_$10,G6GlGvlkxAQ,762,3,LA,moddrop_seed1111,2.086586952,2.200000048
G6GlGvlkxAQ$_$10,G6GlGvlkxAQ,762,3,LA,moddrop_seed1114,2.442787409,2.200000048
G6GlGvlkxAQ$_$10,G6GlGvlkxAQ,762,3,LA,uniform_kd_seed1111,2.013263702,2.200000048
G6GlGvlkxAQ$_$10,G6GlGvlkxAQ,762,3,LAV,cfcompat_seed1111,2.202626467,2.200000048
G6GlGvlkxAQ$_$10,G6GlGvlkxAQ,762,3,LAV,cfcompat_seed1114,2.339332581,2.200000048
G6GlGvlkxAQ$_$10,G6GlGvlkxAQ,762,3,LAV,moddrop_seed1111,2.210426569,2.200000048
G6GlGvlkxAQ$_$10,G6GlGvlkxAQ,762,3,LAV,moddrop_seed1114,2.49096489,2.200000048
G6GlGvlkxAQ$_$10,G6GlGvlkxAQ,762,3,LAV,uniform_kd_seed1111,2.110898495,2.200000048
G6GlGvlkxAQ$_$10,G6GlGvlkxAQ,762,3,LV,cfcompat_seed1111,2.223703384,2.200000048
G6GlGvlkxAQ$_$10,G6GlGvlkxAQ,762,3,LV,cfcompat_seed1114,2.403514385,2.200000048
G6GlGvlkxAQ$_$10,G6GlGvlkxAQ,762,3,LV,moddrop_seed1111,2.235011816,2.200000048
G6GlGvlkxAQ$_$10,G6GlGvlkxAQ,762,3,LV,moddrop_seed1114,2.534677744,2.200000048
G6GlGvlkxAQ$_$10,G6GlGvlkxAQ,762,3,LV,uniform_kd_seed1111,2.136573315,2.200000048
G6GlGvlkxAQ$_$11,G6GlGvlkxAQ,761,3,L,cfcompat_seed1111,1.910744071,1.600000024
G6GlGvlkxAQ$_$11,G6GlGvlkxAQ,761,3,L,cfcompat_seed1114,2.077839375,1.600000024
G6GlGvlkxAQ$_$11,G6GlGvlkxAQ,761,3,L,moddrop_seed1111,2.10319519,1.600000024
G6GlGvlkxAQ$_$11,G6GlGvlkxAQ,761,3,L,moddrop_seed1114,2.125674248,1.600000024
G6GlGvlkxAQ$_$11,G6GlGvlkxAQ,761,3,L,uniform_kd_seed1111,1.938239932,1.600000024
G6GlGvlkxAQ$_$11,G6GlGvlkxAQ,761,3,LA,cfcompat_seed1111,1.84139204,1.600000024
G6GlGvlkxAQ$_$11,G6GlGvlkxAQ,761,3,LA,cfcompat_seed1114,2.013980865,1.600000024
G6GlGvlkxAQ$_$11,G6GlGvlkxAQ,761,3,LA,moddrop_seed1111,2.027947187,1.600000024
G6GlGvlkxAQ$_$11,G6GlGvlkxAQ,761,3,LA,moddrop_seed1114,2.084557056,1.600000024
G6GlGvlkxAQ$_$11,G6GlGvlkxAQ,761,3,LA,uniform_kd_seed1111,1.874018431,1.600000024
G6GlGvlkxAQ$_$11,G6GlGvlkxAQ,761,3,LAV,cfcompat_seed1111,1.948735595,1.600000024
G6GlGvlkxAQ$_$11,G6GlGvlkxAQ,761,3,LAV,cfcompat_seed1114,2.038174868,1.600000024
G6GlGvlkxAQ$_$11,G6GlGvlkxAQ,761,3,LAV,moddrop_seed1111,2.127629519,1.600000024
G6GlGvlkxAQ$_$11,G6GlGvlkxAQ,761,3,LAV,moddrop_seed1114,2.120759249,1.600000024
G6GlGvlkxAQ$_$11,G6GlGvlkxAQ,761,3,LAV,uniform_kd_seed1111,1.94852972,1.600000024
G6GlGvlkxAQ$_$11,G6GlGvlkxAQ,761,3,LV,cfcompat_seed1111,2.017654419,1.600000024
G6GlGvlkxAQ$_$11,G6GlGvlkxAQ,761,3,LV,cfcompat_seed1114,2.10964942,1.600000024
G6GlGvlkxAQ$_$11,G6GlGvlkxAQ,761,3,LV,moddrop_seed1111,2.195689678,1.600000024
G6GlGvlkxAQ$_$11,G6GlGvlkxAQ,761,3,LV,moddrop_seed1114,2.173679113,1.600000024
G6GlGvlkxAQ$_$11,G6GlGvlkxAQ,761,3,LV,uniform_kd_seed1111,2.015104771,1.600000024
G6GlGvlkxAQ$_$12,G6GlGvlkxAQ,764,3,L,cfcompat_seed1111,-1.660577178,-1.200000048
G6GlGvlkxAQ$_$12,G6GlGvlkxAQ,764,3,L,cfcompat_seed1114,-1.893850923,-1.200000048
G6GlGvlkxAQ$_$12,G6GlGvlkxAQ,764,3,L,moddrop_seed1111,-1.91283536,-1.200000048
G6GlGvlkxAQ$_$12,G6GlGvlkxAQ,764,3,L,moddrop_seed1114,-1.876088381,-1.200000048
G6GlGvlkxAQ$_$12,G6GlGvlkxAQ,764,3,L,uniform_kd_seed1111,-2.037590504,-1.200000048
G6GlGvlkxAQ$_$12,G6GlGvlkxAQ,764,3,LA,cfcompat_seed1111,-1.582674265,-1.200000048
G6GlGvlkxAQ$_$12,G6GlGvlkxAQ,764,3,LA,cfcompat_seed1114,-1.868102551,-1.200000048
G6GlGvlkxAQ$_$12,G6GlGvlkxAQ,764,3,LA,moddrop_seed1111,-1.841743708,-1.200000048
G6GlGvlkxAQ$_$12,G6GlGvlkxAQ,764,3,LA,moddrop_seed1114,-1.84397912,-1.200000048
G6GlGvlkxAQ$_$12,G6GlGvlkxAQ,764,3,LA,uniform_kd_seed1111,-1.980798006,-1.200000048
G6GlGvlkxAQ$_$12,G6GlGvlkxAQ,764,3,LAV,cfcompat_seed1111,-1.483669877,-1.200000048
G6GlGvlkxAQ$_$12,G6GlGvlkxAQ,764,3,LAV,cfcompat_seed1114,-1.846577525,-1.200000048
G6GlGvlkxAQ$_$12,G6GlGvlkxAQ,764,3,LAV,moddrop_seed1111,-1.746747136,-1.200000048
G6GlGvlkxAQ$_$12,G6GlGvlkxAQ,764,3,LAV,moddrop_seed1114,-1.816015005,-1.200000048
G6GlGvlkxAQ$_$12,G6GlGvlkxAQ,764,3,LAV,uniform_kd_seed1111,-1.911996126,-1.200000048
G6GlGvlkxAQ$_$12,G6GlGvlkxAQ,764,3,LV,cfcompat_seed1111,-1.570062995,-1.200000048
G6GlGvlkxAQ$_$12,G6GlGvlkxAQ,764,3,LV,cfcompat_seed1114,-1.882991672,-1.200000048
G6GlGvlkxAQ$_$12,G6GlGvlkxAQ,764,3,LV,moddrop_seed1111,-1.825471401,-1.200000048
G6GlGvlkxAQ$_$12,G6GlGvlkxAQ,764,3,LV,moddrop_seed1114,-1.859815717,-1.200000048
G6GlGvlkxAQ$_$12,G6GlGvlkxAQ,764,3,LV,uniform_kd_seed1111,-1.975339413,-1.200000048
G6GlGvlkxAQ$_$13,G6GlGvlkxAQ,763,3,L,cfcompat_seed1111,1.669385552,-0.200000003
G6GlGvlkxAQ$_$13,G6GlGvlkxAQ,763,3,L,cfcompat_seed1114,2.380392551,-0.200000003
G6GlGvlkxAQ$_$13,G6GlGvlkxAQ,763,3,L,moddrop_seed1111,2.069504738,-0.200000003
G6GlGvlkxAQ$_$13,G6GlGvlkxAQ,763,3,L,moddrop_seed1114,2.355771303,-0.200000003
G6GlGvlkxAQ$_$13,G6GlGvlkxAQ,763,3,L,uniform_kd_seed1111,0.7928740382,-0.200000003
G6GlGvlkxAQ$_$13,G6GlGvlkxAQ,763,3,LA,cfcompat_seed1111,1.704336643,-0.200000003
G6GlGvlkxAQ$_$13,G6GlGvlkxAQ,763,3,LA,cfcompat_seed1114,2.369014263,-0.200000003
G6GlGvlkxAQ$_$13,G6GlGvlkxAQ,763,3,LA,moddrop_seed1111,2.09210515,-0.200000003
G6GlGvlkxAQ$_$13,G6GlGvlkxAQ,763,3,LA,moddrop_seed1114,2.35855031,-0.200000003
G6GlGvlkxAQ$_$13,G6GlGvlkxAQ,763,3,LA,uniform_kd_seed1111,0.8128138185,-0.200000003
G6GlGvlkxAQ$_$13,G6GlGvlkxAQ,763,3,LAV,cfcompat_seed1111,1.770400047,-0.200000003
G6GlGvlkxAQ$_$13,G6GlGvlkxAQ,763,3,LAV,cfcompat_seed1114,2.367112875,-0.200000003
G6GlGvlkxAQ$_$13,G6GlGvlkxAQ,763,3,LAV,moddrop_seed1111,2.1523664,-0.200000003
G6GlGvlkxAQ$_$13,G6GlGvlkxAQ,763,3,LAV,moddrop_seed1114,2.36951375,-0.200000003
G6GlGvlkxAQ$_$13,G6GlGvlkxAQ,763,3,LAV,uniform_kd_seed1111,0.8520089984,-0.200000003
G6GlGvlkxAQ$_$13,G6GlGvlkxAQ,763,3,LV,cfcompat_seed1111,1.737755179,-0.200000003
G6GlGvlkxAQ$_$13,G6GlGvlkxAQ,763,3,LV,cfcompat_seed1114,2.385375261,-0.200000003
G6GlGvlkxAQ$_$13,G6GlGvlkxAQ,763,3,LV,moddrop_seed1111,2.125409365,-0.200000003
G6GlGvlkxAQ$_$13,G6GlGvlkxAQ,763,3,LV,moddrop_seed1114,2.372658491,-0.200000003
G6GlGvlkxAQ$_$13,G6GlGvlkxAQ,763,3,LV,uniform_kd_seed1111,0.8324093819,-0.200000003
G6GlGvlkxAQ$_$14,G6GlGvlkxAQ,766,3,L,cfcompat_seed1111,-0.1930475831,-0.200000003
G6GlGvlkxAQ$_$14,G6GlGvlkxAQ,766,3,L,cfcompat_seed1114,0.6323055625,-0.200000003
G6GlGvlkxAQ$_$14,G6GlGvlkxAQ,766,3,L,moddrop_seed1111,-0.01387618855,-0.200000003
G6GlGvlkxAQ$_$14,G6GlGvlkxAQ,766,3,L,moddrop_seed1114,0.6883592606,-0.200000003
G6GlGvlkxAQ$_$14,G6GlGvlkxAQ,766,3,L,uniform_kd_seed1111,-0.4179493785,-0.200000003
G6GlGvlkxAQ$_$14,G6GlGvlkxAQ,766,3,LA,cfcompat_seed1111,-0.2114978433,-0.200000003
G6GlGvlkxAQ$_$14,G6GlGvlkxAQ,766,3,LA,cfcompat_seed1114,0.5895769596,-0.200000003
G6GlGvlkxAQ$_$14,G6GlGvlkxAQ,766,3,LA,moddrop_seed1111,-0.03723879531,-0.200000003
G6GlGvlkxAQ$_$14,G6GlGvlkxAQ,766,3,LA,moddrop_seed1114,0.6620177627,-0.200000003
G6GlGvlkxAQ$_$14,G6GlGvlkxAQ,766,3,LA,uniform_kd_seed1111,-0.4404368401,-0.200000003
G6GlGvlkxAQ$_$14,G6GlGvlkxAQ,766,3,LAV,cfcompat_seed1111,-0.1322183907,-0.200000003
G6GlGvlkxAQ$_$14,G6GlGvlkxAQ,766,3,LAV,cfcompat_seed1114,0.5983134508,-0.200000003
G6GlGvlkxAQ$_$14,G6GlGvlkxAQ,766,3,LAV,moddrop_seed1111,0.0418493785,-0.200000003
G6GlGvlkxAQ$_$14,G6GlGvlkxAQ,766,3,LAV,moddrop_seed1114,0.6812149286,-0.200000003
G6GlGvlkxAQ$_$14,G6GlGvlkxAQ,766,3,LAV,uniform_kd_seed1111,-0.3899995983,-0.200000003
G6GlGvlkxAQ$_$14,G6GlGvlkxAQ,766,3,LV,cfcompat_seed1111,-0.1172157302,-0.200000003
G6GlGvlkxAQ$_$14,G6GlGvlkxAQ,766,3,LV,cfcompat_seed1114,0.647452116,-0.200000003
G6GlGvlkxAQ$_$14,G6GlGvlkxAQ,766,3,LV,moddrop_seed1111,0.0623023212,-0.200000003
G6GlGvlkxAQ$_$14,G6GlGvlkxAQ,766,3,LV,moddrop_seed1114,0.7145925164,-0.200000003
G6GlGvlkxAQ$_$14,G6GlGvlkxAQ,766,3,LV,uniform_kd_seed1111,-0.369694978,-0.200000003
G6GlGvlkxAQ$_$15,G6GlGvlkxAQ,765,3,L,cfcompat_seed1111,0.07462731004,-1.399999976
G6GlGvlkxAQ$_$15,G6GlGvlkxAQ,765,3,L,cfcompat_seed1114,0.4457394481,-1.399999976
G6GlGvlkxAQ$_$15,G6GlGvlkxAQ,765,3,L,moddrop_seed1111,-0.07175895572,-1.399999976
G6GlGvlkxAQ$_$15,G6GlGvlkxAQ,765,3,L,moddrop_seed1114,0.8140022755,-1.399999976
G6GlGvlkxAQ$_$15,G6GlGvlkxAQ,765,3,L,uniform_kd_seed1111,-0.1713836193,-1.399999976
G6GlGvlkxAQ$_$15,G6GlGvlkxAQ,765,3,LA,cfcompat_seed1111,0.03289879486,-1.399999976
G6GlGvlkxAQ$_$15,G6GlGvlkxAQ,765,3,LA,cfcompat_seed1114,0.3891512156,-1.399999976
G6GlGvlkxAQ$_$15,G6GlGvlkxAQ,765,3,LA,moddrop_seed1111,-0.1189433187,-1.399999976
G6GlGvlkxAQ$_$15,G6GlGvlkxAQ,765,3,LA,moddrop_seed1114,0.7800430655,-1.399999976
G6GlGvlkxAQ$_$15,G6GlGvlkxAQ,765,3,LA,uniform_kd_seed1111,-0.2102160454,-1.399999976
G6GlGvlkxAQ$_$15,G6GlGvlkxAQ,765,3,LAV,cfcompat_seed1111,0.1449123323,-1.399999976
G6GlGvlkxAQ$_$15,G6GlGvlkxAQ,765,3,LAV,cfcompat_seed1114,0.4225346744,-1.399999976
G6GlGvlkxAQ$_$15,G6GlGvlkxAQ,765,3,LAV,moddrop_seed1111,-0.006583541632,-1.399999976
G6GlGvlkxAQ$_$15,G6GlGvlkxAQ,765,3,LAV,moddrop_seed1114,0.818533659,-1.399999976
G6GlGvlkxAQ$_$15,G6GlGvlkxAQ,765,3,LAV,uniform_kd_seed1111,-0.1263370663,-1.399999976
G6GlGvlkxAQ$_$15,G6GlGvlkxAQ,765,3,LV,cfcompat_seed1111,0.1886703372,-1.399999976
G6GlGvlkxAQ$_$15,G6GlGvlkxAQ,765,3,LV,cfcompat_seed1114,0.4827951491,-1.399999976
G6GlGvlkxAQ$_$15,G6GlGvlkxAQ,765,3,LV,moddrop_seed1111,0.04156596959,-1.399999976
G6GlGvlkxAQ$_$15,G6GlGvlkxAQ,765,3,LV,moddrop_seed1114,0.8584496379,-1.399999976
G6GlGvlkxAQ$_$15,G6GlGvlkxAQ,765,3,LV,uniform_kd_seed1111,-0.08583342284,-1.399999976
G6GlGvlkxAQ$_$16,G6GlGvlkxAQ,768,3,L,cfcompat_seed1111,0.7650040388,0
G6GlGvlkxAQ$_$16,G6GlGvlkxAQ,768,3,L,cfcompat_seed1114,-0.1651663631,0
G6GlGvlkxAQ$_$16,G6GlGvlkxAQ,768,3,L,moddrop_seed1111,1.988618135,0
G6GlGvlkxAQ$_$16,G6GlGvlkxAQ,768,3,L,moddrop_seed1114,0.496753782,0
G6GlGvlkxAQ$_$16,G6GlGvlkxAQ,768,3,L,uniform_kd_seed1111,1.087319613,0
G6GlGvlkxAQ$_$16,G6GlGvlkxAQ,768,3,LA,cfcompat_seed1111,0.7578111887,0
G6GlGvlkxAQ$_$16,G6GlGvlkxAQ,768,3,LA,cfcompat_seed1114,-0.2053820193,0
G6GlGvlkxAQ$_$16,G6GlGvlkxAQ,768,3,LA,moddrop_seed1111,1.978813291,0
G6GlGvlkxAQ$_$16,G6GlGvlkxAQ,768,3,LA,moddrop_seed1114,0.4770504534,0
G6GlGvlkxAQ$_$16,G6GlGvlkxAQ,768,3,LA,uniform_kd_seed1111,1.076047897,0
G6GlGvlkxAQ$_$16,G6GlGvlkxAQ,768,3,LAV,cfcompat_seed1111,0.8089504838,0
G6GlGvlkxAQ$_$16,G6GlGvlkxAQ,768,3,LAV,cfcompat_seed1114,-0.2200565189,0
G6GlGvlkxAQ$_$16,G6GlGvlkxAQ,768,3,LAV,moddrop_seed1111,2.025042295,0
G6GlGvlkxAQ$_$16,G6GlGvlkxAQ,768,3,LAV,moddrop_seed1114,0.4717067778,0
G6GlGvlkxAQ$_$16,G6GlGvlkxAQ,768,3,LAV,uniform_kd_seed1111,1.099416494,0
G6GlGvlkxAQ$_$16,G6GlGvlkxAQ,768,3,LV,cfcompat_seed1111,0.8158655763,0
G6GlGvlkxAQ$_$16,G6GlGvlkxAQ,768,3,LV,cfcompat_seed1114,-0.1793563217,0
G6GlGvlkxAQ$_$16,G6GlGvlkxAQ,768,3,LV,moddrop_seed1111,2.030236244,0
G6GlGvlkxAQ$_$16,G6GlGvlkxAQ,768,3,LV,moddrop_seed1114,0.4968721569,0
G6GlGvlkxAQ$_$16,G6GlGvlkxAQ,768,3,LV,uniform_kd_seed1111,1.110618353,0
G6GlGvlkxAQ$_$17,G6GlGvlkxAQ,767,3,L,cfcompat_seed1111,-1.516214848,-0.8000000119
G6GlGvlkxAQ$_$17,G6GlGvlkxAQ,767,3,L,cfcompat_seed1114,-1.747345924,-0.8000000119
G6GlGvlkxAQ$_$17,G6GlGvlkxAQ,767,3,L,moddrop_seed1111,-1.896187186,-0.8000000119
G6GlGvlkxAQ$_$17,G6GlGvlkxAQ,767,3,L,moddrop_seed1114,-1.554976583,-0.8000000119
G6GlGvlkxAQ$_$17,G6GlGvlkxAQ,767,3,L,uniform_kd_seed1111,-1.916297436,-0.8000000119
G6GlGvlkxAQ$_$17,G6GlGvlkxAQ,767,3,LA,cfcompat_seed1111,-1.563840985,-0.8000000119
G6GlGvlkxAQ$_$17,G6GlGvlkxAQ,767,3,LA,cfcompat_seed1114,-1.791159511,-0.8000000119
G6GlGvlkxAQ$_$17,G6GlGvlkxAQ,767,3,LA,moddrop_seed1111,-1.939103961,-0.8000000119
G6GlGvlkxAQ$_$17,G6GlGvlkxAQ,767,3,LA,moddrop_seed1114,-1.588462591,-0.8000000119
G6GlGvlkxAQ$_$17,G6GlGvlkxAQ,767,3,LA,uniform_kd_seed1111,-1.954704404,-0.8000000119
G6GlGvlkxAQ$_$17,G6GlGvlkxAQ,767,3,LAV,cfcompat_seed1111,-1.466220379,-0.8000000119
G6GlGvlkxAQ$_$17,G6GlGvlkxAQ,767,3,LAV,cfcompat_seed1114,-1.772333026,-0.8000000119
G6GlGvlkxAQ$_$17,G6GlGvlkxAQ,767,3,LAV,moddrop_seed1111,-1.843013763,-0.8000000119
G6GlGvlkxAQ$_$17,G6GlGvlkxAQ,767,3,LAV,moddrop_seed1114,-1.559058547,-0.8000000119
G6GlGvlkxAQ$_$17,G6GlGvlkxAQ,767,3,LAV,uniform_kd_seed1111,-1.886346817,-0.8000000119
G6GlGvlkxAQ$_$17,G6GlGvlkxAQ,767,3,LV,cfcompat_seed1111,-1.423650384,-0.8000000119
G6GlGvlkxAQ$_$17,G6GlGvlkxAQ,767,3,LV,cfcompat_seed1114,-1.727286339,-0.8000000119
G6GlGvlkxAQ$_$17,G6GlGvlkxAQ,767,3,LV,moddrop_seed1111,-1.806919456,-0.8000000119
G6GlGvlkxAQ$_$17,G6GlGvlkxAQ,767,3,LV,moddrop_seed1114,-1.522406816,-0.8000000119
G6GlGvlkxAQ$_$17,G6GlGvlkxAQ,767,3,LV,uniform_kd_seed1111,-1.854081869,-0.8000000119
G6GlGvlkxAQ$_$18,G6GlGvlkxAQ,770,3,L,cfcompat_seed1111,-1.37872839,-0.6666666865
G6GlGvlkxAQ$_$18,G6GlGvlkxAQ,770,3,L,cfcompat_seed1114,-1.480707407,-0.6666666865
G6GlGvlkxAQ$_$18,G6GlGvlkxAQ,770,3,L,moddrop_seed1111,-1.86045742,-0.6666666865
G6GlGvlkxAQ$_$18,G6GlGvlkxAQ,770,3,L,moddrop_seed1114,-1.138416529,-0.6666666865
G6GlGvlkxAQ$_$18,G6GlGvlkxAQ,770,3,L,uniform_kd_seed1111,-1.789813042,-0.6666666865
G6GlGvlkxAQ$_$18,G6GlGvlkxAQ,770,3,LA,cfcompat_seed1111,-1.250484109,-0.6666666865
G6GlGvlkxAQ$_$18,G6GlGvlkxAQ,770,3,LA,cfcompat_seed1114,-1.430054545,-0.6666666865
G6GlGvlkxAQ$_$18,G6GlGvlkxAQ,770,3,LA,moddrop_seed1111,-1.75344193,-0.6666666865
G6GlGvlkxAQ$_$18,G6GlGvlkxAQ,770,3,LA,moddrop_seed1114,-1.076678276,-0.6666666865
G6GlGvlkxAQ$_$18,G6GlGvlkxAQ,770,3,LA,uniform_kd_seed1111,-1.687804461,-0.6666666865
G6GlGvlkxAQ$_$18,G6GlGvlkxAQ,770,3,LAV,cfcompat_seed1111,-1.14751482,-0.6666666865
G6GlGvlkxAQ$_$18,G6GlGvlkxAQ,770,3,LAV,cfcompat_seed1114,-1.400496364,-0.6666666865
G6GlGvlkxAQ$_$18,G6GlGvlkxAQ,770,3,LAV,moddrop_seed1111,-1.662654877,-0.6666666865
G6GlGvlkxAQ$_$18,G6GlGvlkxAQ,770,3,LAV,moddrop_seed1114,-1.037760854,-0.6666666865
G6GlGvlkxAQ$_$18,G6GlGvlkxAQ,770,3,LAV,uniform_kd_seed1111,-1.615084052,-0.6666666865
G6GlGvlkxAQ$_$18,G6GlGvlkxAQ,770,3,LV,cfcompat_seed1111,-1.281445622,-0.6666666865
G6GlGvlkxAQ$_$18,G6GlGvlkxAQ,770,3,LV,cfcompat_seed1114,-1.45264852,-0.6666666865
G6GlGvlkxAQ$_$18,G6GlGvlkxAQ,770,3,LV,moddrop_seed1111,-1.771461964,-0.6666666865
G6GlGvlkxAQ$_$18,G6GlGvlkxAQ,770,3,LV,moddrop_seed1114,-1.101413488,-0.6666666865
G6GlGvlkxAQ$_$18,G6GlGvlkxAQ,770,3,LV,uniform_kd_seed1111,-1.725575209,-0.6666666865
G6GlGvlkxAQ$_$19,G6GlGvlkxAQ,769,3,L,cfcompat_seed1111,-1.125874758,-0.400000006
G6GlGvlkxAQ$_$19,G6GlGvlkxAQ,769,3,L,cfcompat_seed1114,-1.451050997,-0.400000006
G6GlGvlkxAQ$_$19,G6GlGvlkxAQ,769,3,L,moddrop_seed1111,-1.83266139,-0.400000006
G6GlGvlkxAQ$_$19,G6GlGvlkxAQ,769,3,L,moddrop_seed1114,-1.023432016,-0.400000006
G6GlGvlkxAQ$_$19,G6GlGvlkxAQ,769,3,L,uniform_kd_seed1111,-1.53791368,-0.400000006
G6GlGvlkxAQ$_$19,G6GlGvlkxAQ,769,3,LA,cfcompat_seed1111,-1.088966846,-0.400000006
G6GlGvlkxAQ$_$19,G6GlGvlkxAQ,769,3,LA,cfcompat_seed1114,-1.458618999,-0.400000006
G6GlGvlkxAQ$_$19,G6GlGvlkxAQ,769,3,LA,moddrop_seed1111,-1.813124895,-0.400000006
G6GlGvlkxAQ$_$19,G6GlGvlkxAQ,769,3,LA,moddrop_seed1114,-1.014696002,-0.400000006
G6GlGvlkxAQ$_$19,G6GlGvlkxAQ,769,3,LA,uniform_kd_seed1111,-1.520746231,-0.400000006
G6GlGvlkxAQ$_$19,G6GlGvlkxAQ,769,3,LAV,cfcompat_seed1111,-0.9767825007,-0.400000006
G6GlGvlkxAQ$_$19,G6GlGvlkxAQ,769,3,LAV,cfcompat_seed1114,-1.44338882,-0.400000006
G6GlGvlkxAQ$_$19,G6GlGvlkxAQ,769,3,LAV,moddrop_seed1111,-1.708647609,-0.400000006
G6GlGvlkxAQ$_$19,G6GlGvlkxAQ,769,3,LAV,moddrop_seed1114,-0.9885513783,-0.400000006
G6GlGvlkxAQ$_$19,G6GlGvlkxAQ,769,3,LAV,uniform_kd_seed1111,-1.440670013,-0.400000006
G6GlGvlkxAQ$_$19,G6GlGvlkxAQ,769,3,LV,cfcompat_seed1111,-1.020799637,-0.400000006
G6GlGvlkxAQ$_$19,G6GlGvlkxAQ,769,3,LV,cfcompat_seed1114,-1.436951399,-0.400000006
G6GlGvlkxAQ$_$19,G6GlGvlkxAQ,769,3,LV,moddrop_seed1111,-1.739398956,-0.400000006
G6GlGvlkxAQ$_$19,G6GlGvlkxAQ,769,3,LV,moddrop_seed1114,-0.993970871,-0.400000006
G6GlGvlkxAQ$_$19,G6GlGvlkxAQ,769,3,LV,uniform_kd_seed1111,-1.466830254,-0.400000006
G6GlGvlkxAQ$_$2,G6GlGvlkxAQ,754,3,L,cfcompat_seed1111,0.06004650891,1
G6GlGvlkxAQ$_$2,G6GlGvlkxAQ,754,3,L,cfcompat_seed1114,-0.1714570969,1
G6GlGvlkxAQ$_$2,G6GlGvlkxAQ,754,3,L,moddrop_seed1111,-0.4732742608,1
G6GlGvlkxAQ$_$2,G6GlGvlkxAQ,754,3,L,moddrop_seed1114,0.4295814633,1
G6GlGvlkxAQ$_$2,G6GlGvlkxAQ,754,3,L,uniform_kd_seed1111,-0.08426176757,1
G6GlGvlkxAQ$_$2,G6GlGvlkxAQ,754,3,LA,cfcompat_seed1111,0.1490787119,1
G6GlGvlkxAQ$_$2,G6GlGvlkxAQ,754,3,LA,cfcompat_seed1114,-0.1482991129,1
G6GlGvlkxAQ$_$2,G6GlGvlkxAQ,754,3,LA,moddrop_seed1111,-0.4015103579,1
G6GlGvlkxAQ$_$2,G6GlGvlkxAQ,754,3,LA,moddrop_seed1114,0.468862921,1
G6GlGvlkxAQ$_$2,G6GlGvlkxAQ,754,3,LA,uniform_kd_seed1111,-0.01128922217,1
G6GlGvlkxAQ$_$2,G6GlGvlkxAQ,754,3,LAV,cfcompat_seed1111,0.2630525529,1
G6GlGvlkxAQ$_$2,G6GlGvlkxAQ,754,3,LAV,cfcompat_seed1114,-0.1283076704,1
G6GlGvlkxAQ$_$2,G6GlGvlkxAQ,754,3,LAV,moddrop_seed1111,-0.2917923629,1
G6GlGvlkxAQ$_$2,G6GlGvlkxAQ,754,3,LAV,moddrop_seed1114,0.4952305853,1
G6GlGvlkxAQ$_$2,G6GlGvlkxAQ,754,3,LAV,uniform_kd_seed1111,0.07051692158,1
G6GlGvlkxAQ$_$2,G6GlGvlkxAQ,754,3,LV,cfcompat_seed1111,0.170039922,1
G6GlGvlkxAQ$_$2,G6GlGvlkxAQ,754,3,LV,cfcompat_seed1114,-0.1523352414,1
G6GlGvlkxAQ$_$2,G6GlGvlkxAQ,754,3,LV,moddrop_seed1111,-0.3676829934,1
G6GlGvlkxAQ$_$2,G6GlGvlkxAQ,754,3,LV,moddrop_seed1114,0.4588928521,1
G6GlGvlkxAQ$_$2,G6GlGvlkxAQ,754,3,LV,uniform_kd_seed1111,-0.002660619095,1
G6GlGvlkxAQ$_$20,G6GlGvlkxAQ,746,3,L,cfcompat_seed1111,-1.485889435,0
G6GlGvlkxAQ$_$20,G6GlGvlkxAQ,746,3,L,cfcompat_seed1114,-1.538862586,0
G6GlGvlkxAQ$_$20,G6GlGvlkxAQ,746,3,L,moddrop_seed1111,-1.875696301,0
G6GlGvlkxAQ$_$20,G6GlGvlkxAQ,746,3,L,moddrop_seed1114,-1.257031202,0
G6GlGvlkxAQ$_$20,G6GlGvlkxAQ,746,3,L,uniform_kd_seed1111,-1.854958057,0
G6GlGvlkxAQ$_$20,G6GlGvlkxAQ,746,3,LA,cfcompat_seed1111,-1.384999752,0
G6GlGvlkxAQ$_$20,G6GlGvlkxAQ,746,3,LA,cfcompat_seed1114,-1.510548472,0
G6GlGvlkxAQ$_$20,G6GlGvlkxAQ,746,3,LA,moddrop_seed1111,-1.79429841,0
G6GlGvlkxAQ$_$20,G6GlGvlkxAQ,746,3,LA,moddrop_seed1114,-1.219611645,0
G6GlGvlkxAQ$_$20,G6GlGvlkxAQ,746,3,LA,uniform_kd_seed1111,-1.783109546,0
G6GlGvlkxAQ$_$20,G6GlGvlkxAQ,746,3,LAV,cfcompat_seed1111,-1.267233491,0
G6GlGvlkxAQ$_$20,G6GlGvlkxAQ,746,3,LAV,cfcompat_seed1114,-1.476721764,0
G6GlGvlkxAQ$_$20,G6GlGvlkxAQ,746,3,LAV,moddrop_seed1111,-1.685324192,0
G6GlGvlkxAQ$_$20,G6GlGvlkxAQ,746,3,LAV,moddrop_seed1114,-1.173759818,0
G6GlGvlkxAQ$_$20,G6GlGvlkxAQ,746,3,LAV,uniform_kd_seed1111,-1.694146633,0
G6GlGvlkxAQ$_$20,G6GlGvlkxAQ,746,3,LV,cfcompat_seed1111,-1.375497341,0
G6GlGvlkxAQ$_$20,G6GlGvlkxAQ,746,3,LV,cfcompat_seed1114,-1.504345894,0
G6GlGvlkxAQ$_$20,G6GlGvlkxAQ,746,3,LV,moddrop_seed1111,-1.773708105,0
G6GlGvlkxAQ$_$20,G6GlGvlkxAQ,746,3,LV,moddrop_seed1114,-1.213912368,0
G6GlGvlkxAQ$_$20,G6GlGvlkxAQ,746,3,LV,uniform_kd_seed1111,-1.779628515,0
G6GlGvlkxAQ$_$21,G6GlGvlkxAQ,747,3,L,cfcompat_seed1111,-0.2887501121,0
G6GlGvlkxAQ$_$21,G6GlGvlkxAQ,747,3,L,cfcompat_seed1114,0.003337476403,0
G6GlGvlkxAQ$_$21,G6GlGvlkxAQ,747,3,L,moddrop_seed1111,-0.2897803485,0
G6GlGvlkxAQ$_$21,G6GlGvlkxAQ,747,3,L,moddrop_seed1114,0.1723390967,0
G6GlGvlkxAQ$_$21,G6GlGvlkxAQ,747,3,L,uniform_kd_seed1111,-0.2808570862,0
G6GlGvlkxAQ$_$21,G6GlGvlkxAQ,747,3,LA,cfcompat_seed1111,-0.1612133086,0
G6GlGvlkxAQ$_$21,G6GlGvlkxAQ,747,3,LA,cfcompat_seed1114,0.04822734371,0
G6GlGvlkxAQ$_$21,G6GlGvlkxAQ,747,3,LA,moddrop_seed1111,-0.1747348607,0
G6GlGvlkxAQ$_$21,G6GlGvlkxAQ,747,3,LA,moddrop_seed1114,0.2296890467,0
G6GlGvlkxAQ$_$21,G6GlGvlkxAQ,747,3,LA,uniform_kd_seed1111,-0.1714733094,0
G6GlGvlkxAQ$_$21,G6GlGvlkxAQ,747,3,LAV,cfcompat_seed1111,-0.03257798031,0
G6GlGvlkxAQ$_$21,G6GlGvlkxAQ,747,3,LAV,cfcompat_seed1114,0.0916467607,0
G6GlGvlkxAQ$_$21,G6GlGvlkxAQ,747,3,LAV,moddrop_seed1111,-0.04895636812,0
G6GlGvlkxAQ$_$21,G6GlGvlkxAQ,747,3,LAV,moddrop_seed1114,0.2765276432,0
G6GlGvlkxAQ$_$21,G6GlGvlkxAQ,747,3,LAV,uniform_kd_seed1111,-0.07261823118,0
G6GlGvlkxAQ$_$21,G6GlGvlkxAQ,747,3,LV,cfcompat_seed1111,-0.1675502658,0
G6GlGvlkxAQ$_$21,G6GlGvlkxAQ,747,3,LV,cfcompat_seed1114,0.04597873613,0
G6GlGvlkxAQ$_$21,G6GlGvlkxAQ,747,3,LV,moddrop_seed1111,-0.1696022004,0
G6GlGvlkxAQ$_$21,G6GlGvlkxAQ,747,3,LV,moddrop_seed1114,0.2209131271,0
G6GlGvlkxAQ$_$21,G6GlGvlkxAQ,747,3,LV,uniform_kd_seed1111,-0.1855123043,0
G6GlGvlkxAQ$_$22,G6GlGvlkxAQ,748,3,L,cfcompat_seed1111,0.028127186,0.6000000238
G6GlGvlkxAQ$_$22,G6GlGvlkxAQ,748,3,L,cfcompat_seed1114,0.3354328275,0.6000000238
G6GlGvlkxAQ$_$22,G6GlGvlkxAQ,748,3,L,moddrop_seed1111,0.3238326609,0.6000000238
G6GlGvlkxAQ$_$22,G6GlGvlkxAQ,748,3,L,moddrop_seed1114,0.8159009814,0.6000000238
G6GlGvlkxAQ$_$22,G6GlGvlkxAQ,748,3,L,uniform_kd_seed1111,0.2401047498,0.6000000238
G6GlGvlkxAQ$_$22,G6GlGvlkxAQ,748,3,LA,cfcompat_seed1111,0.1485811323,0.6000000238
G6GlGvlkxAQ$_$22,G6GlGvlkxAQ,748,3,LA,cfcompat_seed1114,0.3702596724,0.6000000238
G6GlGvlkxAQ$_$22,G6GlGvlkxAQ,748,3,LA,moddrop_seed1111,0.4310695529,0.6000000238
G6GlGvlkxAQ$_$22,G6GlGvlkxAQ,748,3,LA,moddrop_seed1114,0.8589907885,0.6000000238
G6GlGvlkxAQ$_$22,G6GlGvlkxAQ,748,3,LA,uniform_kd_seed1111,0.3449088037,0.6000000238
G6GlGvlkxAQ$_$22,G6GlGvlkxAQ,748,3,LAV,cfcompat_seed1111,0.2447796464,0.6000000238
G6GlGvlkxAQ$_$22,G6GlGvlkxAQ,748,3,LAV,cfcompat_seed1114,0.3958109915,0.6000000238
G6GlGvlkxAQ$_$22,G6GlGvlkxAQ,748,3,LAV,moddrop_seed1111,0.5264570713,0.6000000238
G6GlGvlkxAQ$_$22,G6GlGvlkxAQ,748,3,LAV,moddrop_seed1114,0.8932660818,0.6000000238
G6GlGvlkxAQ$_$22,G6GlGvlkxAQ,748,3,LAV,uniform_kd_seed1111,0.411735028,0.6000000238
G6GlGvlkxAQ$_$22,G6GlGvlkxAQ,748,3,LV,cfcompat_seed1111,0.1201642603,0.6000000238
G6GlGvlkxAQ$_$22,G6GlGvlkxAQ,748,3,LV,cfcompat_seed1114,0.366617322,0.6000000238
G6GlGvlkxAQ$_$22,G6GlGvlkxAQ,748,3,LV,moddrop_seed1111,0.4163936079,0.6000000238
G6GlGvlkxAQ$_$22,G6GlGvlkxAQ,748,3,LV,moddrop_seed1114,0.8543301821,0.6000000238
G6GlGvlkxAQ$_$22,G6GlGvlkxAQ,748,3,LV,uniform_kd_seed1111,0.3051886261,0.6000000238
G6GlGvlkxAQ$_$23,G6GlGvlkxAQ,749,3,L,cfcompat_seed1111,0.0826061517,-1.399999976
G6GlGvlkxAQ$_$23,G6GlGvlkxAQ,749,3,L,cfcompat_seed1114,-1.169913769,-1.399999976
G6GlGvlkxAQ$_$23,G6GlGvlkxAQ,749,3,L,moddrop_seed1111,-1.53534627,-1.399999976
G6GlGvlkxAQ$_$23,G6GlGvlkxAQ,749,3,L,moddrop_seed1114,-0.281501025,-1.399999976
G6GlGvlkxAQ$_$23,G6GlGvlkxAQ,749,3,L,uniform_kd_seed1111,0.7641345859,-1.399999976
G6GlGvlkxAQ$_$23,G6GlGvlkxAQ,749,3,LA,cfcompat_seed1111,0.1034137234,-1.399999976
G6GlGvlkxAQ$_$23,G6GlGvlkxAQ,749,3,LA,cfcompat_seed1114,-1.181983948,-1.399999976
G6GlGvlkxAQ$_$23,G6GlGvlkxAQ,749,3,LA,moddrop_seed1111,-1.536666989,-1.399999976
G6GlGvlkxAQ$_$23,G6GlGvlkxAQ,749,3,LA,moddrop_seed1114,-0.2752660513,-1.399999976
G6GlGvlkxAQ$_$23,G6GlGvlkxAQ,749,3,LA,uniform_kd_seed1111,0.7824903727,-1.399999976
G6GlGvlkxAQ$_$23,G6GlGvlkxAQ,749,3,LAV,cfcompat_seed1111,0.1891003549,-1.399999976
G6GlGvlkxAQ$_$23,G6GlGvlkxAQ,749,3,LAV,cfcompat_seed1114,-1.180420876,-1.399999976
G6GlGvlkxAQ$_$23,G6GlGvlkxAQ,749,3,LAV,moddrop_seed1111,-1.464563727,-1.399999976
G6GlGvlkxAQ$_$23,G6GlGvlkxAQ,749,3,LAV,moddrop_seed1114,-0.2563854456,-1.399999976
G6GlGvlkxAQ$_$23,G6GlGvlkxAQ,749,3,LAV,uniform_kd_seed1111,0.8387107253,-1.399999976
G6GlGvlkxAQ$_$23,G6GlGvlkxAQ,749,3,LV,cfcompat_seed1111,0.1649234891,-1.399999976
G6GlGvlkxAQ$_$23,G6GlGvlkxAQ,749,3,LV,cfcompat_seed1114,-1.169303775,-1.399999976
G6GlGvlkxAQ$_$23,G6GlGvlkxAQ,749,3,LV,moddrop_seed1111,-1.473329067,-1.399999976
G6GlGvlkxAQ$_$23,G6GlGvlkxAQ,749,3,LV,moddrop_seed1114,-0.2606088817,-1.399999976
G6GlGvlkxAQ$_$23,G6GlGvlkxAQ,749,3,LV,uniform_kd_seed1111,0.8201820254,-1.399999976
G6GlGvlkxAQ$_$24,G6GlGvlkxAQ,742,3,L,cfcompat_seed1111,2.135045052,2
G6GlGvlkxAQ$_$24,G6GlGvlkxAQ,742,3,L,cfcompat_seed1114,2.20828867,2
G6GlGvlkxAQ$_$24,G6GlGvlkxAQ,742,3,L,moddrop_seed1111,2.11849761,2
G6GlGvlkxAQ$_$24,G6GlGvlkxAQ,742,3,L,moddrop_seed1114,2.227551222,2
G6GlGvlkxAQ$_$24,G6GlGvlkxAQ,742,3,L,uniform_kd_seed1111,2.176990509,2
G6GlGvlkxAQ$_$24,G6GlGvlkxAQ,742,3,LA,cfcompat_seed1111,2.152968407,2
G6GlGvlkxAQ$_$24,G6GlGvlkxAQ,742,3,LA,cfcompat_seed1114,2.180790424,2
G6GlGvlkxAQ$_$24,G6GlGvlkxAQ,742,3,LA,moddrop_seed1111,2.126186609,2
G6GlGvlkxAQ$_$24,G6GlGvlkxAQ,742,3,LA,moddrop_seed1114,2.216739893,2
G6GlGvlkxAQ$_$24,G6GlGvlkxAQ,742,3,LA,uniform_kd_seed1111,2.189998627,2
G6GlGvlkxAQ$_$24,G6GlGvlkxAQ,742,3,LAV,cfcompat_seed1111,2.19002223,2
G6GlGvlkxAQ$_$24,G6GlGvlkxAQ,742,3,LAV,cfcompat_seed1114,2.148922443,2
G6GlGvlkxAQ$_$24,G6GlGvlkxAQ,742,3,LAV,moddrop_seed1111,2.156748056,2
G6GlGvlkxAQ$_$24,G6GlGvlkxAQ,742,3,LAV,moddrop_seed1114,2.197568417,2
G6GlGvlkxAQ$_$24,G6GlGvlkxAQ,742,3,LAV,uniform_kd_seed1111,2.20389843,2
G6GlGvlkxAQ$_$24,G6GlGvlkxAQ,742,3,LV,cfcompat_seed1111,2.16853404,2
G6GlGvlkxAQ$_$24,G6GlGvlkxAQ,742,3,LV,cfcompat_seed1114,2.188930035,2
G6GlGvlkxAQ$_$24,G6GlGvlkxAQ,742,3,LV,moddrop_seed1111,2.144115448,2
G6GlGvlkxAQ$_$24,G6GlGvlkxAQ,742,3,LV,moddrop_seed1114,2.221820593,2
G6GlGvlkxAQ$_$24,G6GlGvlkxAQ,742,3,LV,uniform_kd_seed1111,2.188963175,2
G6GlGvlkxAQ$_$25,G6GlGvlkxAQ,743,3,L,cfcompat_seed1111,1.968931437,1.799999952
G6GlGvlkxAQ$_$25,G6GlGvlkxAQ,743,3,L,cfcompat_seed1114,2.306948662,1.799999952
G6GlGvlkxAQ$_$25,G6GlGvlkxAQ,743,3,L,moddrop_seed1111,2.107711792,1.799999952
G6GlGvlkxAQ$_$25,G6GlGvlkxAQ,743,3,L,moddrop_seed1114,2.435206652,1.799999952
G6GlGvlkxAQ$_$25,G6GlGvlkxAQ,743,3,L,uniform_kd_seed1111,1.88662982,1.799999952
G6GlGvlkxAQ$_$25,G6GlGvlkxAQ,743,3,LA,cfcompat_seed1111,2.086918831,1.799999952
G6GlGvlkxAQ$_$25,G6GlGvlkxAQ,743,3,LA,cfcompat_seed1114,2.335403681,1.799999952
G6GlGvlkxAQ$_$25,G6GlGvlkxAQ,743,3,LA,moddrop_seed1111,2.210151672,1.799999952
G6GlGvlkxAQ$_$25,G6GlGvlkxAQ,743,3,LA,moddrop_seed1114,2.479994535,1.799999952
G6GlGvlkxAQ$_$25,G6GlGvlkxAQ,743,3,LA,uniform_kd_seed1111,1.981645107,1.799999952
G6GlGvlkxAQ$_$25,G6GlGvlkxAQ,743,3,LAV,cfcompat_seed1111,2.181183338,1.799999952
G6GlGvlkxAQ$_$25,G6GlGvlkxAQ,743,3,LAV,cfcompat_seed1114,2.349112511,1.799999952
G6GlGvlkxAQ$_$25,G6GlGvlkxAQ,743,3,LAV,moddrop_seed1111,2.298706055,1.799999952
G6GlGvlkxAQ$_$25,G6GlGvlkxAQ,743,3,LAV,moddrop_seed1114,2.504642487,1.799999952
G6GlGvlkxAQ$_$25,G6GlGvlkxAQ,743,3,LAV,uniform_kd_seed1111,2.047161102,1.799999952
G6GlGvlkxAQ$_$25,G6GlGvlkxAQ,743,3,LV,cfcompat_seed1111,2.062098265,1.799999952
G6GlGvlkxAQ$_$25,G6GlGvlkxAQ,743,3,LV,cfcompat_seed1114,2.325063944,1.799999952
G6GlGvlkxAQ$_$25,G6GlGvlkxAQ,743,3,LV,moddrop_seed1111,2.19384551,1.799999952
G6GlGvlkxAQ$_$25,G6GlGvlkxAQ,743,3,LV,moddrop_seed1114,2.466531992,1.799999952
G6GlGvlkxAQ$_$25,G6GlGvlkxAQ,743,3,LV,uniform_kd_seed1111,1.955708861,1.799999952
G6GlGvlkxAQ$_$26,G6GlGvlkxAQ,744,3,L,cfcompat_seed1111,-1.338652253,0.25
G6GlGvlkxAQ$_$26,G6GlGvlkxAQ,744,3,L,cfcompat_seed1114,-1.219687104,0.25
G6GlGvlkxAQ$_$26,G6GlGvlkxAQ,744,3,L,moddrop_seed1111,-1.881312847,0.25
G6GlGvlkxAQ$_$26,G6GlGvlkxAQ,744,3,L,moddrop_seed1114,-0.947925806,0.25
G6GlGvlkxAQ$_$26,G6GlGvlkxAQ,744,3,L,uniform_kd_seed1111,-1.13116014,0.25
G6GlGvlkxAQ$_$26,G6GlGvlkxAQ,744,3,LA,cfcompat_seed1111,-1.376642704,0.25
G6GlGvlkxAQ$_$26,G6GlGvlkxAQ,744,3,LA,cfcompat_seed1114,-1.271175504,0.25
G6GlGvlkxAQ$_$26,G6GlGvlkxAQ,744,3,LA,moddrop_seed1111,-1.918938518,0.25
G6GlGvlkxAQ$_$26,G6GlGvlkxAQ,744,3,LA,moddrop_seed1114,-0.982817471,0.25
G6GlGvlkxAQ$_$26,G6GlGvlkxAQ,744,3,LA,uniform_kd_seed1111,-1.166575313,0.25
G6GlGvlkxAQ$_$26,G6GlGvlkxAQ,744,3,LAV,cfcompat_seed1111,-1.266926646,0.25
G6GlGvlkxAQ$_$26,G6GlGvlkxAQ,744,3,LAV,cfcompat_seed1114,-1.247499704,0.25
G6GlGvlkxAQ$_$26,G6GlGvlkxAQ,744,3,LAV,moddrop_seed1111,-1.814872861,0.25
G6GlGvlkxAQ$_$26,G6GlGvlkxAQ,744,3,LAV,moddrop_seed1114,-0.9537031651,0.25
G6GlGvlkxAQ$_$26,G6GlGvlkxAQ,744,3,LAV,uniform_kd_seed1111,-1.080164194,0.25
G6GlGvlkxAQ$_$26,G6GlGvlkxAQ,744,3,LV,cfcompat_seed1111,-1.234262586,0.25
G6GlGvlkxAQ$_$26,G6GlGvlkxAQ,744,3,LV,cfcompat_seed1114,-1.19313693,0.25
G6GlGvlkxAQ$_$26,G6GlGvlkxAQ,744,3,LV,moddrop_seed1111,-1.787876964,0.25
G6GlGvlkxAQ$_$26,G6GlGvlkxAQ,744,3,LV,moddrop_seed1114,-0.9087446928,0.25
G6GlGvlkxAQ$_$26,G6GlGvlkxAQ,744,3,LV,uniform_kd_seed1111,-1.047567368,0.25
G6GlGvlkxAQ$_$27,G6GlGvlkxAQ,745,3,L,cfcompat_seed1111,-1.353335142,-0.400000006
G6GlGvlkxAQ$_$27,G6GlGvlkxAQ,745,3,L,cfcompat_seed1114,-1.301741123,-0.400000006
G6GlGvlkxAQ$_$27,G6GlGvlkxAQ,745,3,L,moddrop_seed1111,-1.87112391,-0.400000006
G6GlGvlkxAQ$_$27,G6GlGvlkxAQ,745,3,L,moddrop_seed1114,-1.13953793,-0.400000006
G6GlGvlkxAQ$_$27,G6GlGvlkxAQ,745,3,L,uniform_kd_seed1111,-1.336712122,-0.400000006
G6GlGvlkxAQ$_$27,G6GlGvlkxAQ,745,3,LA,cfcompat_seed1111,-1.392625809,-0.400000006
G6GlGvlkxAQ$_$27,G6GlGvlkxAQ,745,3,LA,cfcompat_seed1114,-1.338964343,-0.400000006
G6GlGvlkxAQ$_$27,G6GlGvlkxAQ,745,3,LA,moddrop_seed1111,-1.90661025,-0.400000006
G6GlGvlkxAQ$_$27,G6GlGvlkxAQ,745,3,LA,moddrop_seed1114,-1.158686519,-0.400000006
G6GlGvlkxAQ$_$27,G6GlGvlkxAQ,745,3,LA,uniform_kd_seed1111,-1.376855135,-0.400000006
G6GlGvlkxAQ$_$27,G6GlGvlkxAQ,745,3,LAV,cfcompat_seed1111,-1.301476717,-0.400000006
G6GlGvlkxAQ$_$27,G6GlGvlkxAQ,745,3,LAV,cfcompat_seed1114,-1.330317497,-0.400000006
G6GlGvlkxAQ$_$27,G6GlGvlkxAQ,745,3,LAV,moddrop_seed1111,-1.816647291,-0.400000006
G6GlGvlkxAQ$_$27,G6GlGvlkxAQ,745,3,LAV,moddrop_seed1114,-1.145201564,-0.400000006
G6GlGvlkxAQ$_$27,G6GlGvlkxAQ,745,3,LAV,uniform_kd_seed1111,-1.309720159,-0.400000006
G6GlGvlkxAQ$_$27,G6GlGvlkxAQ,745,3,LV,cfcompat_seed1111,-1.268847346,-0.400000006
G6GlGvlkxAQ$_$27,G6GlGvlkxAQ,745,3,LV,cfcompat_seed1114,-1.296946526,-0.400000006
G6GlGvlkxAQ$_$27,G6GlGvlkxAQ,745,3,LV,moddrop_seed1111,-1.792810678,-0.400000006
G6GlGvlkxAQ$_$27,G6GlGvlkxAQ,745,3,LV,moddrop_seed1114,-1.125292897,-0.400000006
G6GlGvlkxAQ$_$27,G6GlGvlkxAQ,745,3,LV,uniform_kd_seed1111,-1.277323127,-0.400000006
G6GlGvlkxAQ$_$28,G6GlGvlkxAQ,750,3,L,cfcompat_seed1111,0.6284751892,0
G6GlGvlkxAQ$_$28,G6GlGvlkxAQ,750,3,L,cfcompat_seed1114,0.1122466922,0
G6GlGvlkxAQ$_$28,G6GlGvlkxAQ,750,3,L,moddrop_seed1111,1.473224401,0
G6GlGvlkxAQ$_$28,G6GlGvlkxAQ,750,3,L,moddrop_seed1114,0.3931369483,0
G6GlGvlkxAQ$_$28,G6GlGvlkxAQ,750,3,L,uniform_kd_seed1111,0.5938490629,0
G6GlGvlkxAQ$_$28,G6GlGvlkxAQ,750,3,LA,cfcompat_seed1111,0.7405421734,0
G6GlGvlkxAQ$_$28,G6GlGvlkxAQ,750,3,LA,cfcompat_seed1114,0.1149111688,0
G6GlGvlkxAQ$_$28,G6GlGvlkxAQ,750,3,LA,moddrop_seed1111,1.571174264,0
G6GlGvlkxAQ$_$28,G6GlGvlkxAQ,750,3,LA,moddrop_seed1114,0.4150643647,0
G6GlGvlkxAQ$_$28,G6GlGvlkxAQ,750,3,LA,uniform_kd_seed1111,0.6891367435,0
G6GlGvlkxAQ$_$28,G6GlGvlkxAQ,750,3,LAV,cfcompat_seed1111,0.8722201586,0
G6GlGvlkxAQ$_$28,G6GlGvlkxAQ,750,3,LAV,cfcompat_seed1114,0.1562844366,0
G6GlGvlkxAQ$_$28,G6GlGvlkxAQ,750,3,LAV,moddrop_seed1111,1.699217677,0
G6GlGvlkxAQ$_$28,G6GlGvlkxAQ,750,3,LAV,moddrop_seed1114,0.4627486169,0
G6GlGvlkxAQ$_$28,G6GlGvlkxAQ,750,3,LAV,uniform_kd_seed1111,0.7931711078,0
G6GlGvlkxAQ$_$28,G6GlGvlkxAQ,750,3,LV,cfcompat_seed1111,0.7585149407,0
G6GlGvlkxAQ$_$28,G6GlGvlkxAQ,750,3,LV,cfcompat_seed1114,0.1543387771,0
G6GlGvlkxAQ$_$28,G6GlGvlkxAQ,750,3,LV,moddrop_seed1111,1.600755572,0
G6GlGvlkxAQ$_$28,G6GlGvlkxAQ,750,3,LV,moddrop_seed1114,0.442494005,0
G6GlGvlkxAQ$_$28,G6GlGvlkxAQ,750,3,LV,uniform_kd_seed1111,0.6943483949,0
G6GlGvlkxAQ$_$29,G6GlGvlkxAQ,751,3,L,cfcompat_seed1111,0.326959461,2.400000095
G6GlGvlkxAQ$_$29,G6GlGvlkxAQ,751,3,L,cfcompat_seed1114,-0.1383211017,2.400000095
G6GlGvlkxAQ$_$29,G6GlGvlkxAQ,751,3,L,moddrop_seed1111,0.8963224888,2.400000095
G6GlGvlkxAQ$_$29,G6GlGvlkxAQ,751,3,L,moddrop_seed1114,0.3203502893,2.400000095
G6GlGvlkxAQ$_$29,G6GlGvlkxAQ,751,3,L,uniform_kd_seed1111,0.585308075,2.400000095
G6GlGvlkxAQ$_$29,G6GlGvlkxAQ,751,3,LA,cfcompat_seed1111,0.4452778995,2.400000095
G6GlGvlkxAQ$_$29,G6GlGvlkxAQ,751,3,LA,cfcompat_seed1114,-0.1349498928,2.400000095
G6GlGvlkxAQ$_$29,G6GlGvlkxAQ,751,3,LA,moddrop_seed1111,1.00714314,2.400000095
G6GlGvlkxAQ$_$29,G6GlGvlkxAQ,751,3,LA,moddrop_seed1114,0.3368830085,2.400000095
G6GlGvlkxAQ$_$29,G6GlGvlkxAQ,751,3,LA,uniform_kd_seed1111,0.6859667301,2.400000095
G6GlGvlkxAQ$_$29,G6GlGvlkxAQ,751,3,LAV,cfcompat_seed1111,0.4917100966,2.400000095
G6GlGvlkxAQ$_$29,G6GlGvlkxAQ,751,3,LAV,cfcompat_seed1114,-0.1511595696,2.400000095
G6GlGvlkxAQ$_$29,G6GlGvlkxAQ,751,3,LAV,moddrop_seed1111,1.055198908,2.400000095
G6GlGvlkxAQ$_$29,G6GlGvlkxAQ,751,3,LAV,moddrop_seed1114,0.3282320797,2.400000095
G6GlGvlkxAQ$_$29,G6GlGvlkxAQ,751,3,LAV,uniform_kd_seed1111,0.7062655091,2.400000095
G6GlGvlkxAQ$_$29,G6GlGvlkxAQ,751,3,LV,cfcompat_seed1111,0.3713318408,2.400000095
G6GlGvlkxAQ$_$29,G6GlGvlkxAQ,751,3,LV,cfcompat_seed1114,-0.1562227309,2.400000095
G6GlGvlkxAQ$_$29,G6GlGvlkxAQ,751,3,LV,moddrop_seed1111,0.9456985593,2.400000095
G6GlGvlkxAQ$_$29,G6GlGvlkxAQ,751,3,LV,moddrop_seed1114,0.3125945032,2.400000095
G6GlGvlkxAQ$_$29,G6GlGvlkxAQ,751,3,LV,uniform_kd_seed1111,0.6039175987,2.400000095
G6GlGvlkxAQ$_$3,G6GlGvlkxAQ,753,3,L,cfcompat_seed1111,1.640414119,1.200000048
G6GlGvlkxAQ$_$3,G6GlGvlkxAQ,753,3,L,cfcompat_seed1114,1.486326814,1.200000048
G6GlGvlkxAQ$_$3,G6GlGvlkxAQ,753,3,L,moddrop_seed1111,2.019671917,1.200000048
G6GlGvlkxAQ$_$3,G6GlGvlkxAQ,753,3,L,moddrop_seed1114,1.935554385,1.200000048
G6GlGvlkxAQ$_$3,G6GlGvlkxAQ,753,3,L,uniform_kd_seed1111,1.615932584,1.200000048
G6GlGvlkxAQ$_$3,G6GlGvlkxAQ,753,3,LA,cfcompat_seed1111,1.678220272,1.200000048
G6GlGvlkxAQ$_$3,G6GlGvlkxAQ,753,3,LA,cfcompat_seed1114,1.472547293,1.200000048
G6GlGvlkxAQ$_$3,G6GlGvlkxAQ,753,3,LA,moddrop_seed1111,2.047269344,1.200000048
G6GlGvlkxAQ$_$3,G6GlGvlkxAQ,753,3,LA,moddrop_seed1114,1.942151785,1.200000048
G6GlGvlkxAQ$_$3,G6GlGvlkxAQ,753,3,LA,uniform_kd_seed1111,1.642940521,1.200000048
G6GlGvlkxAQ$_$3,G6GlGvlkxAQ,753,3,LAV,cfcompat_seed1111,1.796840668,1.200000048
G6GlGvlkxAQ$_$3,G6GlGvlkxAQ,753,3,LAV,cfcompat_seed1114,1.498455763,1.200000048
G6GlGvlkxAQ$_$3,G6GlGvlkxAQ,753,3,LAV,moddrop_seed1111,2.161415339,1.200000048
G6GlGvlkxAQ$_$3,G6GlGvlkxAQ,753,3,LAV,moddrop_seed1114,1.981284022,1.200000048
G6GlGvlkxAQ$_$3,G6GlGvlkxAQ,753,3,LAV,uniform_kd_seed1111,1.73341012,1.200000048
G6GlGvlkxAQ$_$3,G6GlGvlkxAQ,753,3,LV,cfcompat_seed1111,1.756162286,1.200000048
G6GlGvlkxAQ$_$3,G6GlGvlkxAQ,753,3,LV,cfcompat_seed1114,1.511638403,1.200000048
G6GlGvlkxAQ$_$3,G6GlGvlkxAQ,753,3,LV,moddrop_seed1111,2.128583193,1.200000048
G6GlGvlkxAQ$_$3,G6GlGvlkxAQ,753,3,LV,moddrop_seed1114,1.979758859,1.200000048
G6GlGvlkxAQ$_$3,G6GlGvlkxAQ,753,3,LV,uniform_kd_seed1111,1.706372619,1.200000048
G6GlGvlkxAQ$_$4,G6GlGvlkxAQ,756,3,L,cfcompat_seed1111,1.619531989,1
G6GlGvlkxAQ$_$4,G6GlGvlkxAQ,756,3,L,cfcompat_seed1114,1.610473871,1
G6GlGvlkxAQ$_$4,G6GlGvlkxAQ,756,3,L,moddrop_seed1111,2.085816145,1
G6GlGvlkxAQ$_$4,G6GlGvlkxAQ,756,3,L,moddrop_seed1114,1.948787093,1
G6GlGvlkxAQ$_$4,G6GlGvlkxAQ,756,3,L,uniform_kd_seed1111,1.635136008,1
G6GlGvlkxAQ$_$4,G6GlGvlkxAQ,756,3,LA,cfcompat_seed1111,1.723901868,1
G6GlGvlkxAQ$_$4,G6GlGvlkxAQ,756,3,LA,cfcompat_seed1114,1.634898663,1
G6GlGvlkxAQ$_$4,G6GlGvlkxAQ,756,3,LA,moddrop_seed1111,2.176922798,1
G6GlGvlkxAQ$_$4,G6GlGvlkxAQ,756,3,LA,moddrop_seed1114,1.99001658,1
G6GlGvlkxAQ$_$4,G6GlGvlkxAQ,756,3,LA,uniform_kd_seed1111,1.717871189,1
G6GlGvlkxAQ$_$4,G6GlGvlkxAQ,756,3,LAV,cfcompat_seed1111,1.833712935,1
G6GlGvlkxAQ$_$4,G6GlGvlkxAQ,756,3,LAV,cfcompat_seed1114,1.653610587,1
G6GlGvlkxAQ$_$4,G6GlGvlkxAQ,756,3,LAV,moddrop_seed1111,2.276467085,1
G6GlGvlkxAQ$_$4,G6GlGvlkxAQ,756,3,LAV,moddrop_seed1114,2.022325754,1
G6GlGvlkxAQ$_$4,G6GlGvlkxAQ,756,3,LAV,uniform_kd_seed1111,1.799510717,1
G6GlGvlkxAQ$_$4,G6GlGvlkxAQ,756,3,LV,cfcompat_seed1111,1.727394938,1
G6GlGvlkxAQ$_$4,G6GlGvlkxAQ,756,3,LV,cfcompat_seed1114,1.634135604,1
G6GlGvlkxAQ$_$4,G6GlGvlkxAQ,756,3,LV,moddrop_seed1111,2.178750515,1
G6GlGvlkxAQ$_$4,G6GlGvlkxAQ,756,3,LV,moddrop_seed1114,1.987703443,1
G6GlGvlkxAQ$_$4,G6GlGvlkxAQ,756,3,LV,uniform_kd_seed1111,1.715781927,1
G6GlGvlkxAQ$_$5,G6GlGvlkxAQ,755,3,L,cfcompat_seed1111,0.2395211458,1.600000024
G6GlGvlkxAQ$_$5,G6GlGvlkxAQ,755,3,L,cfcompat_seed1114,-0.5897096992,1.600000024
G6GlGvlkxAQ$_$5,G6GlGvlkxAQ,755,3,L,moddrop_seed1111,1.173208714,1.600000024
G6GlGvlkxAQ$_$5,G6GlGvlkxAQ,755,3,L,moddrop_seed1114,-0.06138623133,1.600000024
G6GlGvlkxAQ$_$5,G6GlGvlkxAQ,755,3,L,uniform_kd_seed1111,0.6612508297,1.600000024
G6GlGvlkxAQ$_$5,G6GlGvlkxAQ,755,3,LA,cfcompat_seed1111,0.3622741699,1.600000024
G6GlGvlkxAQ$_$5,G6GlGvlkxAQ,755,3,LA,cfcompat_seed1114,-0.5656235814,1.600000024
G6GlGvlkxAQ$_$5,G6GlGvlkxAQ,755,3,LA,moddrop_seed1111,1.28283298,1.600000024
G6GlGvlkxAQ$_$5,G6GlGvlkxAQ,755,3,LA,moddrop_seed1114,-0.02062821016,1.600000024
G6GlGvlkxAQ$_$5,G6GlGvlkxAQ,755,3,LA,uniform_kd_seed1111,0.7663594484,1.600000024
G6GlGvlkxAQ$_$5,G6GlGvlkxAQ,755,3,LAV,cfcompat_seed1111,0.453001678,1.600000024
G6GlGvlkxAQ$_$5,G6GlGvlkxAQ,755,3,LAV,cfcompat_seed1114,-0.5527577996,1.600000024
G6GlGvlkxAQ$_$5,G6GlGvlkxAQ,755,3,LAV,moddrop_seed1111,1.370399594,1.600000024
G6GlGvlkxAQ$_$5,G6GlGvlkxAQ,755,3,LAV,moddrop_seed1114,0.005522642285,1.600000024
G6GlGvlkxAQ$_$5,G6GlGvlkxAQ,755,3,LAV,uniform_kd_seed1111,0.8286743164,1.600000024
G6GlGvlkxAQ$_$5,G6GlGvlkxAQ,755,3,LV,cfcompat_seed1111,0.3279502094,1.600000024
G6GlGvlkxAQ$_$5,G6GlGvlkxAQ,755,3,LV,cfcompat_seed1114,-0.5750591159,1.600000024
G6GlGvlkxAQ$_$5,G6GlGvlkxAQ,755,3,LV,moddrop_seed1111,1.261377096,1.600000024
G6GlGvlkxAQ$_$5,G6GlGvlkxAQ,755,3,LV,moddrop_seed1114,-0.03510352597,1.600000024
G6GlGvlkxAQ$_$5,G6GlGvlkxAQ,755,3,LV,uniform_kd_seed1111,0.7216812372,1.600000024
G6GlGvlkxAQ$_$6,G6GlGvlkxAQ,758,3,L,cfcompat_seed1111,1.479030609,2.799999952
G6GlGvlkxAQ$_$6,G6GlGvlkxAQ,758,3,L,cfcompat_seed1114,2.086750031,2.799999952
G6GlGvlkxAQ$_$6,G6GlGvlkxAQ,758,3,L,moddrop_seed1111,1.979703546,2.799999952
G6GlGvlkxAQ$_$6,G6GlGvlkxAQ,758,3,L,moddrop_seed1114,2.097821474,2.799999952
G6GlGvlkxAQ$_$6,G6GlGvlkxAQ,758,3,L,uniform_kd_seed1111,1.867150426,2.799999952
G6GlGvlkxAQ$_$6,G6GlGvlkxAQ,758,3,LA,cfcompat_seed1111,1.479247093,2.799999952
G6GlGvlkxAQ$_$6,G6GlGvlkxAQ,758,3,LA,cfcompat_seed1114,2.046390295,2.799999952
G6GlGvlkxAQ$_$6,G6GlGvlkxAQ,758,3,LA,moddrop_seed1111,1.970237374,2.799999952
G6GlGvlkxAQ$_$6,G6GlGvlkxAQ,758,3,LA,moddrop_seed1114,2.083528757,2.799999952
G6GlGvlkxAQ$_$6,G6GlGvlkxAQ,758,3,LA,uniform_kd_seed1111,1.863951802,2.799999952
G6GlGvlkxAQ$_$6,G6GlGvlkxAQ,758,3,LAV,cfcompat_seed1111,1.587824821,2.799999952
G6GlGvlkxAQ$_$6,G6GlGvlkxAQ,758,3,LAV,cfcompat_seed1114,2.060620308,2.799999952
G6GlGvlkxAQ$_$6,G6GlGvlkxAQ,758,3,LAV,moddrop_seed1111,2.076515198,2.799999952
G6GlGvlkxAQ$_$6,G6GlGvlkxAQ,758,3,LAV,moddrop_seed1114,2.110881329,2.799999952
G6GlGvlkxAQ$_$6,G6GlGvlkxAQ,758,3,LAV,uniform_kd_seed1111,1.939819455,2.799999952
G6GlGvlkxAQ$_$6,G6GlGvlkxAQ,758,3,LV,cfcompat_seed1111,1.586671114,2.799999952
G6GlGvlkxAQ$_$6,G6GlGvlkxAQ,758,3,LV,cfcompat_seed1114,2.110758543,2.799999952
G6GlGvlkxAQ$_$6,G6GlGvlkxAQ,758,3,LV,moddrop_seed1111,2.080598593,2.799999952
G6GlGvlkxAQ$_$6,G6GlGvlkxAQ,758,3,LV,moddrop_seed1114,2.136935949,2.799999952
G6GlGvlkxAQ$_$6,G6GlGvlkxAQ,758,3,LV,uniform_kd_seed1111,1.943593264,2.799999952
G6GlGvlkxAQ$_$7,G6GlGvlkxAQ,757,3,L,cfcompat_seed1111,0.8458567858,1.600000024
G6GlGvlkxAQ$_$7,G6GlGvlkxAQ,757,3,L,cfcompat_seed1114,0.9228559136,1.600000024
G6GlGvlkxAQ$_$7,G6GlGvlkxAQ,757,3,L,moddrop_seed1111,1.445285916,1.600000024
G6GlGvlkxAQ$_$7,G6GlGvlkxAQ,757,3,L,moddrop_seed1114,1.251042724,1.600000024
G6GlGvlkxAQ$_$7,G6GlGvlkxAQ,757,3,L,uniform_kd_seed1111,0.9644358754,1.600000024
G6GlGvlkxAQ$_$7,G6GlGvlkxAQ,757,3,LA,cfcompat_seed1111,0.8621941209,1.600000024
G6GlGvlkxAQ$_$7,G6GlGvlkxAQ,757,3,LA,cfcompat_seed1114,0.8885040879,1.600000024
G6GlGvlkxAQ$_$7,G6GlGvlkxAQ,757,3,LA,moddrop_seed1111,1.450057626,1.600000024
G6GlGvlkxAQ$_$7,G6GlGvlkxAQ,757,3,LA,moddrop_seed1114,1.231677413,1.600000024
G6GlGvlkxAQ$_$7,G6GlGvlkxAQ,757,3,LA,uniform_kd_seed1111,0.9747938514,1.600000024
G6GlGvlkxAQ$_$7,G6GlGvlkxAQ,757,3,LAV,cfcompat_seed1111,0.9763757586,1.600000024
G6GlGvlkxAQ$_$7,G6GlGvlkxAQ,757,3,LAV,cfcompat_seed1114,0.9274212122,1.600000024
G6GlGvlkxAQ$_$7,G6GlGvlkxAQ,757,3,LAV,moddrop_seed1111,1.559578896,1.600000024
G6GlGvlkxAQ$_$7,G6GlGvlkxAQ,757,3,LAV,moddrop_seed1114,1.277835488,1.600000024
G6GlGvlkxAQ$_$7,G6GlGvlkxAQ,757,3,LAV,uniform_kd_seed1111,1.05887568,1.600000024
G6GlGvlkxAQ$_$7,G6GlGvlkxAQ,757,3,LV,cfcompat_seed1111,0.960729599,1.600000024
G6GlGvlkxAQ$_$7,G6GlGvlkxAQ,757,3,LV,cfcompat_seed1114,0.9650128484,1.600000024
G6GlGvlkxAQ$_$7,G6GlGvlkxAQ,757,3,LV,moddrop_seed1111,1.556736231,1.600000024
G6GlGvlkxAQ$_$7,G6GlGvlkxAQ,757,3,LV,moddrop_seed1114,1.293616891,1.600000024
G6GlGvlkxAQ$_$7,G6GlGvlkxAQ,757,3,LV,uniform_kd_seed1111,1.04871285,1.600000024
G6GlGvlkxAQ$_$8,G6GlGvlkxAQ,760,3,L,cfcompat_seed1111,-1.46845746,0.5
G6GlGvlkxAQ$_$8,G6GlGvlkxAQ,760,3,L,cfcompat_seed1114,-1.624999166,0.5
G6GlGvlkxAQ$_$8,G6GlGvlkxAQ,760,3,L,moddrop_seed1111,-1.891211748,0.5
G6GlGvlkxAQ$_$8,G6GlGvlkxAQ,760,3,L,moddrop_seed1114,-1.428219914,0.5
G6GlGvlkxAQ$_$8,G6GlGvlkxAQ,760,3,L,uniform_kd_seed1111,-1.942982554,0.5
G6GlGvlkxAQ$_$8,G6GlGvlkxAQ,760,3,LA,cfcompat_seed1111,-1.463500381,0.5
G6GlGvlkxAQ$_$8,G6GlGvlkxAQ,760,3,LA,cfcompat_seed1114,-1.63947475,0.5
G6GlGvlkxAQ$_$8,G6GlGvlkxAQ,760,3,LA,moddrop_seed1111,-1.882312179,0.5
G6GlGvlkxAQ$_$8,G6GlGvlkxAQ,760,3,LA,moddrop_seed1114,-1.437201262,0.5
G6GlGvlkxAQ$_$8,G6GlGvlkxAQ,760,3,LA,uniform_kd_seed1111,-1.942262888,0.5
G6GlGvlkxAQ$_$8,G6GlGvlkxAQ,760,3,LAV,cfcompat_seed1111,-1.3476789,0.5
G6GlGvlkxAQ$_$8,G6GlGvlkxAQ,760,3,LAV,cfcompat_seed1114,-1.609330177,0.5
G6GlGvlkxAQ$_$8,G6GlGvlkxAQ,760,3,LAV,moddrop_seed1111,-1.775346279,0.5
G6GlGvlkxAQ$_$8,G6GlGvlkxAQ,760,3,LAV,moddrop_seed1114,-1.400210023,0.5
G6GlGvlkxAQ$_$8,G6GlGvlkxAQ,760,3,LAV,uniform_kd_seed1111,-1.862401605,0.5
G6GlGvlkxAQ$_$8,G6GlGvlkxAQ,760,3,LV,cfcompat_seed1111,-1.362247467,0.5
G6GlGvlkxAQ$_$8,G6GlGvlkxAQ,760,3,LV,cfcompat_seed1114,-1.588176131,0.5
G6GlGvlkxAQ$_$8,G6GlGvlkxAQ,760,3,LV,moddrop_seed1111,-1.790908694,0.5
G6GlGvlkxAQ$_$8,G6GlGvlkxAQ,760,3,LV,moddrop_seed1114,-1.385038376,0.5
G6GlGvlkxAQ$_$8,G6GlGvlkxAQ,760,3,LV,uniform_kd_seed1111,-1.870967627,0.5
G6GlGvlkxAQ$_$9,G6GlGvlkxAQ,759,3,L,cfcompat_seed1111,-0.02222100645,0.8000000119
G6GlGvlkxAQ$_$9,G6GlGvlkxAQ,759,3,L,cfcompat_seed1114,-0.4065164626,0.8000000119
G6GlGvlkxAQ$_$9,G6GlGvlkxAQ,759,3,L,moddrop_seed1111,-0.1092478633,0.8000000119
G6GlGvlkxAQ$_$9,G6GlGvlkxAQ,759,3,L,moddrop_seed1114,0.01571603492,0.8000000119
G6GlGvlkxAQ$_$9,G6GlGvlkxAQ,759,3,L,uniform_kd_seed1111,0.1326546073,0.8000000119
G6GlGvlkxAQ$_$9,G6GlGvlkxAQ,759,3,LA,cfcompat_seed1111,0.06754952669,0.8000000119
G6GlGvlkxAQ$_$9,G6GlGvlkxAQ,759,3,LA,cfcompat_seed1114,-0.3981292844,0.8000000119
G6GlGvlkxAQ$_$9,G6GlGvlkxAQ,759,3,LA,moddrop_seed1111,-0.02988082543,0.8000000119
G6GlGvlkxAQ$_$9,G6GlGvlkxAQ,759,3,LA,moddrop_seed1114,0.04037218913,0.8000000119
G6GlGvlkxAQ$_$9,G6GlGvlkxAQ,759,3,LA,uniform_kd_seed1111,0.2093871385,0.8000000119
G6GlGvlkxAQ$_$9,G6GlGvlkxAQ,759,3,LAV,cfcompat_seed1111,0.1423784196,0.8000000119
G6GlGvlkxAQ$_$9,G6GlGvlkxAQ,759,3,LAV,cfcompat_seed1114,-0.3908700943,0.8000000119
G6GlGvlkxAQ$_$9,G6GlGvlkxAQ,759,3,LAV,moddrop_seed1111,0.04187458009,0.8000000119
G6GlGvlkxAQ$_$9,G6GlGvlkxAQ,759,3,LAV,moddrop_seed1114,0.05472880229,0.8000000119
G6GlGvlkxAQ$_$9,G6GlGvlkxAQ,759,3,LAV,uniform_kd_seed1111,0.2556713223,0.8000000119
G6GlGvlkxAQ$_$9,G6GlGvlkxAQ,759,3,LV,cfcompat_seed1111,0.04908621684,0.8000000119
G6GlGvlkxAQ$_$9,G6GlGvlkxAQ,759,3,LV,cfcompat_seed1114,-0.3994556963,0.8000000119
G6GlGvlkxAQ$_$9,G6GlGvlkxAQ,759,3,LV,moddrop_seed1111,-0.04048707709,0.8000000119
G6GlGvlkxAQ$_$9,G6GlGvlkxAQ,759,3,LV,moddrop_seed1114,0.03192761168,0.8000000119
G6GlGvlkxAQ$_$9,G6GlGvlkxAQ,759,3,LV,uniform_kd_seed1111,0.1775241941,0.8000000119
IumbAb8q2dM$_$1,IumbAb8q2dM,881,3,L,cfcompat_seed1111,1.049373627,0.5
IumbAb8q2dM$_$1,IumbAb8q2dM,881,3,L,cfcompat_seed1114,1.148391724,0.5
IumbAb8q2dM$_$1,IumbAb8q2dM,881,3,L,moddrop_seed1111,1.830484271,0.5
IumbAb8q2dM$_$1,IumbAb8q2dM,881,3,L,moddrop_seed1114,1.612188697,0.5
IumbAb8q2dM$_$1,IumbAb8q2dM,881,3,L,uniform_kd_seed1111,1.269536614,0.5
IumbAb8q2dM$_$1,IumbAb8q2dM,881,3,LA,cfcompat_seed1111,1.195550203,0.5
IumbAb8q2dM$_$1,IumbAb8q2dM,881,3,LA,cfcompat_seed1114,1.187095523,0.5
IumbAb8q2dM$_$1,IumbAb8q2dM,881,3,LA,moddrop_seed1111,1.950361013,0.5
IumbAb8q2dM$_$1,IumbAb8q2dM,881,3,LA,moddrop_seed1114,1.661701322,0.5
IumbAb8q2dM$_$1,IumbAb8q2dM,881,3,LA,uniform_kd_seed1111,1.390072465,0.5
IumbAb8q2dM$_$1,IumbAb8q2dM,881,3,LAV,cfcompat_seed1111,1.286672592,0.5
IumbAb8q2dM$_$1,IumbAb8q2dM,881,3,LAV,cfcompat_seed1114,1.163277984,0.5
IumbAb8q2dM$_$1,IumbAb8q2dM,881,3,LAV,moddrop_seed1111,2.043451071,0.5
IumbAb8q2dM$_$1,IumbAb8q2dM,881,3,LAV,moddrop_seed1114,1.64770472,0.5
IumbAb8q2dM$_$1,IumbAb8q2dM,881,3,LAV,uniform_kd_seed1111,1.453608274,0.5
IumbAb8q2dM$_$1,IumbAb8q2dM,881,3,LV,cfcompat_seed1111,1.140600324,0.5
IumbAb8q2dM$_$1,IumbAb8q2dM,881,3,LV,cfcompat_seed1114,1.125704527,0.5
IumbAb8q2dM$_$1,IumbAb8q2dM,881,3,LV,moddrop_seed1111,1.919332385,0.5
IumbAb8q2dM$_$1,IumbAb8q2dM,881,3,LV,moddrop_seed1114,1.601773739,0.5
IumbAb8q2dM$_$1,IumbAb8q2dM,881,3,LV,uniform_kd_seed1111,1.332966924,0.5
IumbAb8q2dM$_$10,IumbAb8q2dM,891,3,L,cfcompat_seed1111,0.9642471671,-0.200000003
IumbAb8q2dM$_$10,IumbAb8q2dM,891,3,L,cfcompat_seed1114,0.6053129435,-0.200000003
IumbAb8q2dM$_$10,IumbAb8q2dM,891,3,L,moddrop_seed1111,1.248195052,-0.200000003
IumbAb8q2dM$_$10,IumbAb8q2dM,891,3,L,moddrop_seed1114,1.400144339,-0.200000003
IumbAb8q2dM$_$10,IumbAb8q2dM,891,3,L,uniform_kd_seed1111,1.048489094,-0.200000003
IumbAb8q2dM$_$10,IumbAb8q2dM,891,3,LA,cfcompat_seed1111,0.9912248254,-0.200000003
IumbAb8q2dM$_$10,IumbAb8q2dM,891,3,LA,cfcompat_seed1114,0.5776481628,-0.200000003
IumbAb8q2dM$_$10,IumbAb8q2dM,891,3,LA,moddrop_seed1111,1.264588833,-0.200000003
IumbAb8q2dM$_$10,IumbAb8q2dM,891,3,LA,moddrop_seed1114,1.381361365,-0.200000003
IumbAb8q2dM$_$10,IumbAb8q2dM,891,3,LA,uniform_kd_seed1111,1.06357193,-0.200000003
IumbAb8q2dM$_$10,IumbAb8q2dM,891,3,LAV,cfcompat_seed1111,1.04361403,-0.200000003
IumbAb8q2dM$_$10,IumbAb8q2dM,891,3,LAV,cfcompat_seed1114,0.5252445936,-0.200000003
IumbAb8q2dM$_$10,IumbAb8q2dM,891,3,LAV,moddrop_seed1111,1.321344018,-0.200000003
IumbAb8q2dM$_$10,IumbAb8q2dM,891,3,LAV,moddrop_seed1114,1.345060349,-0.200000003
IumbAb8q2dM$_$10,IumbAb8q2dM,891,3,LAV,uniform_kd_seed1111,1.091729879,-0.200000003
IumbAb8q2dM$_$10,IumbAb8q2dM,891,3,LV,cfcompat_seed1111,1.017644644,-0.200000003
IumbAb8q2dM$_$10,IumbAb8q2dM,891,3,LV,cfcompat_seed1114,0.5572682619,-0.200000003
IumbAb8q2dM$_$10,IumbAb8q2dM,891,3,LV,moddrop_seed1111,1.306556821,-0.200000003
IumbAb8q2dM$_$10,IumbAb8q2dM,891,3,LV,moddrop_seed1114,1.364854455,-0.200000003
IumbAb8q2dM$_$10,IumbAb8q2dM,891,3,LV,uniform_kd_seed1111,1.07738924,-0.200000003
IumbAb8q2dM$_$11,IumbAb8q2dM,890,3,L,cfcompat_seed1111,-0.1920583248,-1
IumbAb8q2dM$_$11,IumbAb8q2dM,890,3,L,cfcompat_seed1114,-0.4263963401,-1
IumbAb8q2dM$_$11,IumbAb8q2dM,890,3,L,moddrop_seed1111,-0.1321777105,-1
IumbAb8q2dM$_$11,IumbAb8q2dM,890,3,L,moddrop_seed1114,-0.2107435018,-1
IumbAb8q2dM$_$11,IumbAb8q2dM,890,3,L,uniform_kd_seed1111,-0.1301104277,-1
IumbAb8q2dM$_$11,IumbAb8q2dM,890,3,LA,cfcompat_seed1111,-0.04197909683,-1
IumbAb8q2dM$_$11,IumbAb8q2dM,890,3,LA,cfcompat_seed1114,-0.3951310217,-1
IumbAb8q2dM$_$11,IumbAb8q2dM,890,3,LA,moddrop_seed1111,0.006141342223,-1
IumbAb8q2dM$_$11,IumbAb8q2dM,890,3,LA,moddrop_seed1114,-0.1687277853,-1
IumbAb8q2dM$_$11,IumbAb8q2dM,890,3,LA,uniform_kd_seed1111,0.003415776417,-1
IumbAb8q2dM$_$11,IumbAb8q2dM,890,3,LAV,cfcompat_seed1111,0.02250115946,-1
IumbAb8q2dM$_$11,IumbAb8q2dM,890,3,LAV,cfcompat_seed1114,-0.4406004548,-1
IumbAb8q2dM$_$11,IumbAb8q2dM,890,3,LAV,moddrop_seed1111,0.07476007938,-1
IumbAb8q2dM$_$11,IumbAb8q2dM,890,3,LAV,moddrop_seed1114,-0.2072287351,-1
IumbAb8q2dM$_$11,IumbAb8q2dM,890,3,LAV,uniform_kd_seed1111,0.03868425637,-1
IumbAb8q2dM$_$11,IumbAb8q2dM,890,3,LV,cfcompat_seed1111,-0.1298967898,-1
IumbAb8q2dM$_$11,IumbAb8q2dM,890,3,LV,cfcompat_seed1114,-0.4745567739,-1
IumbAb8q2dM$_$11,IumbAb8q2dM,890,3,LV,moddrop_seed1111,-0.06478977203,-1
IumbAb8q2dM$_$11,IumbAb8q2dM,890,3,LV,moddrop_seed1114,-0.2506812215,-1
IumbAb8q2dM$_$11,IumbAb8q2dM,890,3,LV,uniform_kd_seed1111,-0.09483091533,-1
IumbAb8q2dM$_$12,IumbAb8q2dM,893,3,L,cfcompat_seed1111,0.2572260201,1.399999976
IumbAb8q2dM$_$12,IumbAb8q2dM,893,3,L,cfcompat_seed1114,0.1945005357,1.399999976
IumbAb8q2dM$_$12,IumbAb8q2dM,893,3,L,moddrop_seed1111,-1.51120019,1.399999976
IumbAb8q2dM$_$12,IumbAb8q2dM,893,3,L,moddrop_seed1114,0.4644134939,1.399999976
IumbAb8q2dM$_$12,IumbAb8q2dM,893,3,L,uniform_kd_seed1111,0.6289137006,1.399999976
IumbAb8q2dM$_$12,IumbAb8q2dM,893,3,LA,cfcompat_seed1111,0.3352097571,1.399999976
IumbAb8q2dM$_$12,IumbAb8q2dM,893,3,LA,cfcompat_seed1114,0.1981280744,1.399999976
IumbAb8q2dM$_$12,IumbAb8q2dM,893,3,LA,moddrop_seed1111,-1.470745087,1.399999976
IumbAb8q2dM$_$12,IumbAb8q2dM,893,3,LA,moddrop_seed1114,0.4793805182,1.399999976
IumbAb8q2dM$_$12,IumbAb8q2dM,893,3,LA,uniform_kd_seed1111,0.6944729686,1.399999976
IumbAb8q2dM$_$12,IumbAb8q2dM,893,3,LAV,cfcompat_seed1111,0.4071061313,1.399999976
IumbAb8q2dM$_$12,IumbAb8q2dM,893,3,LAV,cfcompat_seed1114,0.1764784455,1.399999976
IumbAb8q2dM$_$12,IumbAb8q2dM,893,3,LAV,moddrop_seed1111,-1.407999039,1.399999976
IumbAb8q2dM$_$12,IumbAb8q2dM,893,3,LAV,moddrop_seed1114,0.4677005112,1.399999976
IumbAb8q2dM$_$12,IumbAb8q2dM,893,3,LAV,uniform_kd_seed1111,0.738458395,1.399999976
IumbAb8q2dM$_$12,IumbAb8q2dM,893,3,LV,cfcompat_seed1111,0.3245722055,1.399999976
IumbAb8q2dM$_$12,IumbAb8q2dM,893,3,LV,cfcompat_seed1114,0.1744331568,1.399999976
IumbAb8q2dM$_$12,IumbAb8q2dM,893,3,LV,moddrop_seed1111,-1.455693483,1.399999976
IumbAb8q2dM$_$12,IumbAb8q2dM,893,3,LV,moddrop_seed1114,0.4530593455,1.399999976
IumbAb8q2dM$_$12,IumbAb8q2dM,893,3,LV,uniform_kd_seed1111,0.668944478,1.399999976
IumbAb8q2dM$_$13,IumbAb8q2dM,892,3,L,cfcompat_seed1111,-0.4679064453,1.799999952
IumbAb8q2dM$_$13,IumbAb8q2dM,892,3,L,cfcompat_seed1114,-0.209761709,1.799999952
IumbAb8q2dM$_$13,IumbAb8q2dM,892,3,L,moddrop_seed1111,-1.857807755,1.799999952
IumbAb8q2dM$_$13,IumbAb8q2dM,892,3,L,moddrop_seed1114,0.144811824,1.799999952
IumbAb8q2dM$_$13,IumbAb8q2dM,892,3,L,uniform_kd_seed1111,0.3644379377,1.799999952
IumbAb8q2dM$_$13,IumbAb8q2dM,892,3,LA,cfcompat_seed1111,-0.3318955302,1.799999952
IumbAb8q2dM$_$13,IumbAb8q2dM,892,3,LA,cfcompat_seed1114,-0.1772033274,1.799999952
IumbAb8q2dM$_$13,IumbAb8q2dM,892,3,LA,moddrop_seed1111,-1.747078657,1.799999952
IumbAb8q2dM$_$13,IumbAb8q2dM,892,3,LA,moddrop_seed1114,0.1909148395,1.799999952
IumbAb8q2dM$_$13,IumbAb8q2dM,892,3,LA,uniform_kd_seed1111,0.4860657752,1.799999952
IumbAb8q2dM$_$13,IumbAb8q2dM,892,3,LAV,cfcompat_seed1111,-0.2738272548,1.799999952
IumbAb8q2dM$_$13,IumbAb8q2dM,892,3,LAV,cfcompat_seed1114,-0.2128722519,1.799999952
IumbAb8q2dM$_$13,IumbAb8q2dM,892,3,LAV,moddrop_seed1111,-1.683052063,1.799999952
IumbAb8q2dM$_$13,IumbAb8q2dM,892,3,LAV,moddrop_seed1114,0.1650371253,1.799999952
IumbAb8q2dM$_$13,IumbAb8q2dM,892,3,LAV,uniform_kd_seed1111,0.5194882154,1.799999952
IumbAb8q2dM$_$13,IumbAb8q2dM,892,3,LV,cfcompat_seed1111,-0.4144513011,1.799999952
IumbAb8q2dM$_$13,IumbAb8q2dM,892,3,LV,cfcompat_seed1114,-0.2474579513,1.799999952
IumbAb8q2dM$_$13,IumbAb8q2dM,892,3,LV,moddrop_seed1111,-1.801082134,1.799999952
IumbAb8q2dM$_$13,IumbAb8q2dM,892,3,LV,moddrop_seed1114,0.1179742664,1.799999952
IumbAb8q2dM$_$13,IumbAb8q2dM,892,3,LV,uniform_kd_seed1111,0.3961488903,1.799999952
IumbAb8q2dM$_$14,IumbAb8q2dM,895,3,L,cfcompat_seed1111,0.3310448825,1.200000048
IumbAb8q2dM$_$14,IumbAb8q2dM,895,3,L,cfcompat_seed1114,-0.2269009501,1.200000048
IumbAb8q2dM$_$14,IumbAb8q2dM,895,3,L,moddrop_seed1111,0.9400021434,1.200000048
IumbAb8q2dM$_$14,IumbAb8q2dM,895,3,L,moddrop_seed1114,0.4475336373,1.200000048
IumbAb8q2dM$_$14,IumbAb8q2dM,895,3,L,uniform_kd_seed1111,0.804366529,1.200000048
IumbAb8q2dM$_$14,IumbAb8q2dM,895,3,LA,cfcompat_seed1111,0.4335686564,1.200000048
IumbAb8q2dM$_$14,IumbAb8q2dM,895,3,LA,cfcompat_seed1114,-0.2175225765,1.200000048
IumbAb8q2dM$_$14,IumbAb8q2dM,895,3,LA,moddrop_seed1111,1.032531619,1.200000048
IumbAb8q2dM$_$14,IumbAb8q2dM,895,3,LA,moddrop_seed1114,0.4758611023,1.200000048
IumbAb8q2dM$_$14,IumbAb8q2dM,895,3,LA,uniform_kd_seed1111,0.8919120431,1.200000048
IumbAb8q2dM$_$14,IumbAb8q2dM,895,3,LAV,cfcompat_seed1111,0.524034977,1.200000048
IumbAb8q2dM$_$14,IumbAb8q2dM,895,3,LAV,cfcompat_seed1114,-0.253586024,1.200000048
IumbAb8q2dM$_$14,IumbAb8q2dM,895,3,LAV,moddrop_seed1111,1.129818082,1.200000048
IumbAb8q2dM$_$14,IumbAb8q2dM,895,3,LAV,moddrop_seed1114,0.4489923716,1.200000048
IumbAb8q2dM$_$14,IumbAb8q2dM,895,3,LAV,uniform_kd_seed1111,0.9542270303,1.200000048
IumbAb8q2dM$_$14,IumbAb8q2dM,895,3,LV,cfcompat_seed1111,0.4181788564,1.200000048
IumbAb8q2dM$_$14,IumbAb8q2dM,895,3,LV,cfcompat_seed1114,-0.2649741471,1.200000048
IumbAb8q2dM$_$14,IumbAb8q2dM,895,3,LV,moddrop_seed1111,1.037725091,1.200000048
IumbAb8q2dM$_$14,IumbAb8q2dM,895,3,LV,moddrop_seed1114,0.4206189811,1.200000048
IumbAb8q2dM$_$14,IumbAb8q2dM,895,3,LV,uniform_kd_seed1111,0.8645443916,1.200000048
IumbAb8q2dM$_$15,IumbAb8q2dM,894,3,L,cfcompat_seed1111,2.160163403,1.75
IumbAb8q2dM$_$15,IumbAb8q2dM,894,3,L,cfcompat_seed1114,2.301856279,1.75
IumbAb8q2dM$_$15,IumbAb8q2dM,894,3,L,moddrop_seed1111,2.123347759,1.75
IumbAb8q2dM$_$15,IumbAb8q2dM,894,3,L,moddrop_seed1114,2.385326147,1.75
IumbAb8q2dM$_$15,IumbAb8q2dM,894,3,L,uniform_kd_seed1111,2.116158724,1.75
IumbAb8q2dM$_$15,IumbAb8q2dM,894,3,LA,cfcompat_seed1111,2.223186493,1.75
IumbAb8q2dM$_$15,IumbAb8q2dM,894,3,LA,cfcompat_seed1114,2.295915604,1.75
IumbAb8q2dM$_$15,IumbAb8q2dM,894,3,LA,moddrop_seed1111,2.176898956,1.75
IumbAb8q2dM$_$15,IumbAb8q2dM,894,3,LA,moddrop_seed1114,2.398733139,1.75
IumbAb8q2dM$_$15,IumbAb8q2dM,894,3,LA,uniform_kd_seed1111,2.163784981,1.75
IumbAb8q2dM$_$15,IumbAb8q2dM,894,3,LAV,cfcompat_seed1111,2.314419746,1.75
IumbAb8q2dM$_$15,IumbAb8q2dM,894,3,LAV,cfcompat_seed1114,2.294937611,1.75
IumbAb8q2dM$_$15,IumbAb8q2dM,894,3,LAV,moddrop_seed1111,2.270021439,1.75
IumbAb8q2dM$_$15,IumbAb8q2dM,894,3,LAV,moddrop_seed1114,2.407779455,1.75
IumbAb8q2dM$_$15,IumbAb8q2dM,894,3,LAV,uniform_kd_seed1111,2.230461121,1.75
IumbAb8q2dM$_$15,IumbAb8q2dM,894,3,LV,cfcompat_seed1111,2.24520421,1.75
IumbAb8q2dM$_$15,IumbAb8q2dM,894,3,LV,cfcompat_seed1114,2.303364277,1.75
IumbAb8q2dM$_$15,IumbAb8q2dM,894,3,LV,moddrop_seed1111,2.209260225,1.75
IumbAb8q2dM$_$15,IumbAb8q2dM,894,3,LV,moddrop_seed1114,2.39870882,1.75
IumbAb8q2dM$_$15,IumbAb8q2dM,894,3,LV,uniform_kd_seed1111,2.178799391,1.75
IumbAb8q2dM$_$16,IumbAb8q2dM,897,3,L,cfcompat_seed1111,-0.2183164954,2.400000095
IumbAb8q2dM$_$16,IumbAb8q2dM,897,3,L,cfcompat_seed1114,0.2279147804,2.400000095
IumbAb8q2dM$_$16,IumbAb8q2dM,897,3,L,moddrop_seed1111,-1.551216602,2.400000095
IumbAb8q2dM$_$16,IumbAb8q2dM,897,3,L,moddrop_seed1114,0.4806599319,2.400000095
IumbAb8q2dM$_$16,IumbAb8q2dM,897,3,L,uniform_kd_seed1111,0.7427197099,2.400000095
IumbAb8q2dM$_$16,IumbAb8q2dM,897,3,LA,cfcompat_seed1111,-0.1331255436,2.400000095
IumbAb8q2dM$_$16,IumbAb8q2dM,897,3,LA,cfcompat_seed1114,0.2420894802,2.400000095
IumbAb8q2dM$_$16,IumbAb8q2dM,897,3,LA,moddrop_seed1111,-1.496179461,2.400000095
IumbAb8q2dM$_$16,IumbAb8q2dM,897,3,LA,moddrop_seed1114,0.5072180629,2.400000095
IumbAb8q2dM$_$16,IumbAb8q2dM,897,3,LA,uniform_kd_seed1111,0.8171392083,2.400000095
IumbAb8q2dM$_$16,IumbAb8q2dM,897,3,LAV,cfcompat_seed1111,-0.03964632004,2.400000095
IumbAb8q2dM$_$16,IumbAb8q2dM,897,3,LAV,cfcompat_seed1114,0.2211281359,2.400000095
IumbAb8q2dM$_$16,IumbAb8q2dM,897,3,LAV,moddrop_seed1111,-1.409325123,2.400000095
IumbAb8q2dM$_$16,IumbAb8q2dM,897,3,LAV,moddrop_seed1114,0.4935000241,2.400000095
IumbAb8q2dM$_$16,IumbAb8q2dM,897,3,LAV,uniform_kd_seed1111,0.8830168843,2.400000095
IumbAb8q2dM$_$16,IumbAb8q2dM,897,3,LV,cfcompat_seed1111,-0.1332019866,2.400000095
IumbAb8q2dM$_$16,IumbAb8q2dM,897,3,LV,cfcompat_seed1114,0.2080010176,2.400000095
IumbAb8q2dM$_$16,IumbAb8q2dM,897,3,LV,moddrop_seed1111,-1.473210692,2.400000095
IumbAb8q2dM$_$16,IumbAb8q2dM,897,3,LV,moddrop_seed1114,0.467682451,2.400000095
IumbAb8q2dM$_$16,IumbAb8q2dM,897,3,LV,uniform_kd_seed1111,0.8038432598,2.400000095
IumbAb8q2dM$_$17,IumbAb8q2dM,896,3,L,cfcompat_seed1111,2.059934855,2
IumbAb8q2dM$_$17,IumbAb8q2dM,896,3,L,cfcompat_seed1114,1.993781805,2
IumbAb8q2dM$_$17,IumbAb8q2dM,896,3,L,moddrop_seed1111,2.101998806,2
IumbAb8q2dM$_$17,IumbAb8q2dM,896,3,L,moddrop_seed1114,2.005648851,2
IumbAb8q2dM$_$17,IumbAb8q2dM,896,3,L,uniform_kd_seed1111,1.830142498,2
IumbAb8q2dM$_$17,IumbAb8q2dM,896,3,LA,cfcompat_seed1111,2.075131655,2
IumbAb8q2dM$_$17,IumbAb8q2dM,896,3,LA,cfcompat_seed1114,1.961390972,2
IumbAb8q2dM$_$17,IumbAb8q2dM,896,3,LA,moddrop_seed1111,2.112709761,2
IumbAb8q2dM$_$17,IumbAb8q2dM,896,3,LA,moddrop_seed1114,2.00024581,2
IumbAb8q2dM$_$17,IumbAb8q2dM,896,3,LA,uniform_kd_seed1111,1.840557218,2
IumbAb8q2dM$_$17,IumbAb8q2dM,896,3,LAV,cfcompat_seed1111,2.206580877,2
IumbAb8q2dM$_$17,IumbAb8q2dM,896,3,LAV,cfcompat_seed1114,1.978790283,2
IumbAb8q2dM$_$17,IumbAb8q2dM,896,3,LAV,moddrop_seed1111,2.242070675,2
IumbAb8q2dM$_$17,IumbAb8q2dM,896,3,LAV,moddrop_seed1114,2.02966094,2
IumbAb8q2dM$_$17,IumbAb8q2dM,896,3,LAV,uniform_kd_seed1111,1.947041631,2
IumbAb8q2dM$_$17,IumbAb8q2dM,896,3,LV,cfcompat_seed1111,2.178815842,2
IumbAb8q2dM$_$17,IumbAb8q2dM,896,3,LV,cfcompat_seed1114,2.017351627,2
IumbAb8q2dM$_$17,IumbAb8q2dM,896,3,LV,moddrop_seed1111,2.216137648,2
IumbAb8q2dM$_$17,IumbAb8q2dM,896,3,LV,moddrop_seed1114,2.041921854,2
IumbAb8q2dM$_$17,IumbAb8q2dM,896,3,LV,uniform_kd_seed1111,1.933321118,2
IumbAb8q2dM$_$18,IumbAb8q2dM,899,3,L,cfcompat_seed1111,0.1082192138,0.8000000119
IumbAb8q2dM$_$18,IumbAb8q2dM,899,3,L,cfcompat_seed1114,0.5879391432,0.8000000119
IumbAb8q2dM$_$18,IumbAb8q2dM,899,3,L,moddrop_seed1111,0.9365979433,0.8000000119
IumbAb8q2dM$_$18,IumbAb8q2dM,899,3,L,moddrop_seed1114,1.180672765,0.8000000119
IumbAb8q2dM$_$18,IumbAb8q2dM,899,3,L,uniform_kd_seed1111,0.3992373049,0.8000000119
IumbAb8q2dM$_$18,IumbAb8q2dM,899,3,LA,cfcompat_seed1111,0.218196094,0.8000000119
IumbAb8q2dM$_$18,IumbAb8q2dM,899,3,LA,cfcompat_seed1114,0.5928640366,0.8000000119
IumbAb8q2dM$_$18,IumbAb8q2dM,899,3,LA,moddrop_seed1111,1.038930416,0.8000000119
IumbAb8q2dM$_$18,IumbAb8q2dM,899,3,LA,moddrop_seed1114,1.192926049,0.8000000119
IumbAb8q2dM$_$18,IumbAb8q2dM,899,3,LA,uniform_kd_seed1111,0.4942142665,0.8000000119
IumbAb8q2dM$_$18,IumbAb8q2dM,899,3,LAV,cfcompat_seed1111,0.330614388,0.8000000119
IumbAb8q2dM$_$18,IumbAb8q2dM,899,3,LAV,cfcompat_seed1114,0.582773447,0.8000000119
IumbAb8q2dM$_$18,IumbAb8q2dM,899,3,LAV,moddrop_seed1111,1.154973745,0.8000000119
IumbAb8q2dM$_$18,IumbAb8q2dM,899,3,LAV,moddrop_seed1114,1.192924261,0.8000000119
IumbAb8q2dM$_$18,IumbAb8q2dM,899,3,LAV,uniform_kd_seed1111,0.5759249926,0.8000000119
IumbAb8q2dM$_$18,IumbAb8q2dM,899,3,LV,cfcompat_seed1111,0.2154069841,0.8000000119
IumbAb8q2dM$_$18,IumbAb8q2dM,899,3,LV,cfcompat_seed1114,0.5815543532,0.8000000119
IumbAb8q2dM$_$18,IumbAb8q2dM,899,3,LV,moddrop_seed1111,1.050918698,0.8000000119
IumbAb8q2dM$_$18,IumbAb8q2dM,899,3,LV,moddrop_seed1114,1.179094553,0.8000000119
IumbAb8q2dM$_$18,IumbAb8q2dM,899,3,LV,uniform_kd_seed1111,0.4762750268,0.8000000119
IumbAb8q2dM$_$19,IumbAb8q2dM,898,3,L,cfcompat_seed1111,2.191578627,1.600000024
IumbAb8q2dM$_$19,IumbAb8q2dM,898,3,L,cfcompat_seed1114,2.158862591,1.600000024
IumbAb8q2dM$_$19,IumbAb8q2dM,898,3,L,moddrop_seed1111,2.093376875,1.600000024
IumbAb8q2dM$_$19,IumbAb8q2dM,898,3,L,moddrop_seed1114,2.333810329,1.600000024
IumbAb8q2dM$_$19,IumbAb8q2dM,898,3,L,uniform_kd_seed1111,2.028968573,1.600000024
IumbAb8q2dM$_$19,IumbAb8q2dM,898,3,LA,cfcompat_seed1111,2.198617935,1.600000024
IumbAb8q2dM$_$19,IumbAb8q2dM,898,3,LA,cfcompat_seed1114,2.103002787,1.600000024
IumbAb8q2dM$_$19,IumbAb8q2dM,898,3,LA,moddrop_seed1111,2.095368385,1.600000024
IumbAb8q2dM$_$19,IumbAb8q2dM,898,3,LA,moddrop_seed1114,2.303349257,1.600000024
IumbAb8q2dM$_$19,IumbAb8q2dM,898,3,LA,uniform_kd_seed1111,2.028908253,1.600000024
IumbAb8q2dM$_$19,IumbAb8q2dM,898,3,LAV,cfcompat_seed1111,2.289291143,1.600000024
IumbAb8q2dM$_$19,IumbAb8q2dM,898,3,LAV,cfcompat_seed1114,2.11893177,1.600000024
IumbAb8q2dM$_$19,IumbAb8q2dM,898,3,LAV,moddrop_seed1111,2.183821678,1.600000024
IumbAb8q2dM$_$19,IumbAb8q2dM,898,3,LAV,moddrop_seed1114,2.326732635,1.600000024
IumbAb8q2dM$_$19,IumbAb8q2dM,898,3,LAV,uniform_kd_seed1111,2.099078894,1.600000024
IumbAb8q2dM$_$19,IumbAb8q2dM,898,3,LV,cfcompat_seed1111,2.271015406,1.600000024
IumbAb8q2dM$_$19,IumbAb8q2dM,898,3,LV,cfcompat_seed1114,2.181912661,1.600000024
IumbAb8q2dM$_$19,IumbAb8q2dM,898,3,LV,moddrop_seed1111,2.171313286,1.600000024
IumbAb8q2dM$_$19,IumbAb8q2dM,898,3,LV,moddrop_seed1114,2.368188858,1.600000024
IumbAb8q2dM$_$19,IumbAb8q2dM,898,3,LV,uniform_kd_seed1111,2.093388557,1.600000024
IumbAb8q2dM$_$2,IumbAb8q2dM,883,3,L,cfcompat_seed1111,-1.654856563,-0.5
IumbAb8q2dM$_$2,IumbAb8q2dM,883,3,L,cfcompat_seed1114,-1.338779807,-0.5
IumbAb8q2dM$_$2,IumbAb8q2dM,883,3,L,moddrop_seed1111,-1.925093889,-0.5
IumbAb8q2dM$_$2,IumbAb8q2dM,883,3,L,moddrop_seed1114,-1.403407097,-0.5
IumbAb8q2dM$_$2,IumbAb8q2dM,883,3,L,uniform_kd_seed1111,-1.957997799,-0.5
IumbAb8q2dM$_$2,IumbAb8q2dM,883,3,LA,cfcompat_seed1111,-1.608268142,-0.5
IumbAb8q2dM$_$2,IumbAb8q2dM,883,3,LA,cfcompat_seed1114,-1.349254012,-0.5
IumbAb8q2dM$_$2,IumbAb8q2dM,883,3,LA,moddrop_seed1111,-1.882964253,-0.5
IumbAb8q2dM$_$2,IumbAb8q2dM,883,3,LA,moddrop_seed1114,-1.396385193,-0.5
IumbAb8q2dM$_$2,IumbAb8q2dM,883,3,LA,uniform_kd_seed1111,-1.931191087,-0.5
IumbAb8q2dM$_$2,IumbAb8q2dM,883,3,LAV,cfcompat_seed1111,-1.512018323,-0.5
IumbAb8q2dM$_$2,IumbAb8q2dM,883,3,LAV,cfcompat_seed1114,-1.345607758,-0.5
IumbAb8q2dM$_$2,IumbAb8q2dM,883,3,LAV,moddrop_seed1111,-1.788532257,-0.5
IumbAb8q2dM$_$2,IumbAb8q2dM,883,3,LAV,moddrop_seed1114,-1.389093757,-0.5
IumbAb8q2dM$_$2,IumbAb8q2dM,883,3,LAV,uniform_kd_seed1111,-1.863544822,-0.5
IumbAb8q2dM$_$2,IumbAb8q2dM,883,3,LV,cfcompat_seed1111,-1.565512776,-0.5
IumbAb8q2dM$_$2,IumbAb8q2dM,883,3,LV,cfcompat_seed1114,-1.328493595,-0.5
IumbAb8q2dM$_$2,IumbAb8q2dM,883,3,LV,moddrop_seed1111,-1.832624674,-0.5
IumbAb8q2dM$_$2,IumbAb8q2dM,883,3,LV,moddrop_seed1114,-1.387532353,-0.5
IumbAb8q2dM$_$2,IumbAb8q2dM,883,3,LV,uniform_kd_seed1111,-1.893981338,-0.5
IumbAb8q2dM$_$20,IumbAb8q2dM,878,3,L,cfcompat_seed1111,0.5725157261,2
IumbAb8q2dM$_$20,IumbAb8q2dM,878,3,L,cfcompat_seed1114,0.7079007626,2
IumbAb8q2dM$_$20,IumbAb8q2dM,878,3,L,moddrop_seed1111,1.045821548,2
IumbAb8q2dM$_$20,IumbAb8q2dM,878,3,L,moddrop_seed1114,0.6704069376,2
IumbAb8q2dM$_$20,IumbAb8q2dM,878,3,L,uniform_kd_seed1111,0.06601190567,2
IumbAb8q2dM$_$20,IumbAb8q2dM,878,3,LA,cfcompat_seed1111,0.7099007964,2
IumbAb8q2dM$_$20,IumbAb8q2dM,878,3,LA,cfcompat_seed1114,0.7482563257,2
IumbAb8q2dM$_$20,IumbAb8q2dM,878,3,LA,moddrop_seed1111,1.169290066,2
IumbAb8q2dM$_$20,IumbAb8q2dM,878,3,LA,moddrop_seed1114,0.726805985,2
IumbAb8q2dM$_$20,IumbAb8q2dM,878,3,LA,uniform_kd_seed1111,0.182366848,2
IumbAb8q2dM$_$20,IumbAb8q2dM,878,3,LAV,cfcompat_seed1111,0.8159953356,2
IumbAb8q2dM$_$20,IumbAb8q2dM,878,3,LAV,cfcompat_seed1114,0.7585815787,2
IumbAb8q2dM$_$20,IumbAb8q2dM,878,3,LAV,moddrop_seed1111,1.280392647,2
IumbAb8q2dM$_$20,IumbAb8q2dM,878,3,LAV,moddrop_seed1114,0.7454283834,2
IumbAb8q2dM$_$20,IumbAb8q2dM,878,3,LAV,uniform_kd_seed1111,0.2603022456,2
IumbAb8q2dM$_$20,IumbAb8q2dM,878,3,LV,cfcompat_seed1111,0.6815956235,2
IumbAb8q2dM$_$20,IumbAb8q2dM,878,3,LV,cfcompat_seed1114,0.7243921161,2
IumbAb8q2dM$_$20,IumbAb8q2dM,878,3,LV,moddrop_seed1111,1.161694646,2
IumbAb8q2dM$_$20,IumbAb8q2dM,878,3,LV,moddrop_seed1114,0.6951756477,2
IumbAb8q2dM$_$20,IumbAb8q2dM,878,3,LV,uniform_kd_seed1111,0.1449631304,2
IumbAb8q2dM$_$21,IumbAb8q2dM,879,3,L,cfcompat_seed1111,1.639239669,1.200000048
IumbAb8q2dM$_$21,IumbAb8q2dM,879,3,L,cfcompat_seed1114,1.779097319,1.200000048
IumbAb8q2dM$_$21,IumbAb8q2dM,879,3,L,moddrop_seed1111,2.038705587,1.200000048
IumbAb8q2dM$_$21,IumbAb8q2dM,879,3,L,moddrop_seed1114,2.20619607,1.200000048
IumbAb8q2dM$_$21,IumbAb8q2dM,879,3,L,uniform_kd_seed1111,1.909373403,1.200000048
IumbAb8q2dM$_$21,IumbAb8q2dM,879,3,LA,cfcompat_seed1111,1.759383917,1.200000048
IumbAb8q2dM$_$21,IumbAb8q2dM,879,3,LA,cfcompat_seed1114,1.796767592,1.200000048
IumbAb8q2dM$_$21,IumbAb8q2dM,879,3,LA,moddrop_seed1111,2.137418747,1.200000048
IumbAb8q2dM$_$21,IumbAb8q2dM,879,3,LA,moddrop_seed1114,2.244538784,1.200000048
IumbAb8q2dM$_$21,IumbAb8q2dM,879,3,LA,uniform_kd_seed1111,2.002647877,1.200000048
IumbAb8q2dM$_$21,IumbAb8q2dM,879,3,LAV,cfcompat_seed1111,1.847936988,1.200000048
IumbAb8q2dM$_$21,IumbAb8q2dM,879,3,LAV,cfcompat_seed1114,1.800809026,1.200000048
IumbAb8q2dM$_$21,IumbAb8q2dM,879,3,LAV,moddrop_seed1111,2.223341942,1.200000048
IumbAb8q2dM$_$21,IumbAb8q2dM,879,3,LAV,moddrop_seed1114,2.265962124,1.200000048
IumbAb8q2dM$_$21,IumbAb8q2dM,879,3,LAV,uniform_kd_seed1111,2.059463739,1.200000048
IumbAb8q2dM$_$21,IumbAb8q2dM,879,3,LV,cfcompat_seed1111,1.728622079,1.200000048
IumbAb8q2dM$_$21,IumbAb8q2dM,879,3,LV,cfcompat_seed1114,1.788440943,1.200000048
IumbAb8q2dM$_$21,IumbAb8q2dM,879,3,LV,moddrop_seed1111,2.118467331,1.200000048
IumbAb8q2dM$_$21,IumbAb8q2dM,879,3,LV,moddrop_seed1114,2.233355999,1.200000048
IumbAb8q2dM$_$21,IumbAb8q2dM,879,3,LV,uniform_kd_seed1111,1.969541907,1.200000048
IumbAb8q2dM$_$22,IumbAb8q2dM,880,3,L,cfcompat_seed1111,1.019414306,2.200000048
IumbAb8q2dM$_$22,IumbAb8q2dM,880,3,L,cfcompat_seed1114,1.819915414,2.200000048
IumbAb8q2dM$_$22,IumbAb8q2dM,880,3,L,moddrop_seed1111,1.198413491,2.200000048
IumbAb8q2dM$_$22,IumbAb8q2dM,880,3,L,moddrop_seed1114,2.053792477,2.200000048
IumbAb8q2dM$_$22,IumbAb8q2dM,880,3,L,uniform_kd_seed1111,1.286418796,2.200000048
IumbAb8q2dM$_$22,IumbAb8q2dM,880,3,LA,cfcompat_seed1111,1.127912521,2.200000048
IumbAb8q2dM$_$22,IumbAb8q2dM,880,3,LA,cfcompat_seed1114,1.829042792,2.200000048
IumbAb8q2dM$_$22,IumbAb8q2dM,880,3,LA,moddrop_seed1111,1.292208672,2.200000048
IumbAb8q2dM$_$22,IumbAb8q2dM,880,3,LA,moddrop_seed1114,2.081454515,2.200000048
IumbAb8q2dM$_$22,IumbAb8q2dM,880,3,LA,uniform_kd_seed1111,1.372139692,2.200000048
IumbAb8q2dM$_$22,IumbAb8q2dM,880,3,LAV,cfcompat_seed1111,1.241853476,2.200000048
IumbAb8q2dM$_$22,IumbAb8q2dM,880,3,LAV,cfcompat_seed1114,1.821593881,2.200000048
IumbAb8q2dM$_$22,IumbAb8q2dM,880,3,LAV,moddrop_seed1111,1.40988791,2.200000048
IumbAb8q2dM$_$22,IumbAb8q2dM,880,3,LAV,moddrop_seed1114,2.091988325,2.200000048
IumbAb8q2dM$_$22,IumbAb8q2dM,880,3,LAV,uniform_kd_seed1111,1.458207488,2.200000048
IumbAb8q2dM$_$22,IumbAb8q2dM,880,3,LV,cfcompat_seed1111,1.131711364,2.200000048
IumbAb8q2dM$_$22,IumbAb8q2dM,880,3,LV,cfcompat_seed1114,1.818581343,2.200000048
IumbAb8q2dM$_$22,IumbAb8q2dM,880,3,LV,moddrop_seed1111,1.316000104,2.200000048
IumbAb8q2dM$_$22,IumbAb8q2dM,880,3,LV,moddrop_seed1114,2.07102704,2.200000048
IumbAb8q2dM$_$22,IumbAb8q2dM,880,3,LV,uniform_kd_seed1111,1.37090528,2.200000048
IumbAb8q2dM$_$3,IumbAb8q2dM,882,3,L,cfcompat_seed1111,2.106916189,0.6000000238
IumbAb8q2dM$_$3,IumbAb8q2dM,882,3,L,cfcompat_seed1114,2.210330486,0.6000000238
IumbAb8q2dM$_$3,IumbAb8q2dM,882,3,L,moddrop_seed1111,2.119523048,0.6000000238
IumbAb8q2dM$_$3,IumbAb8q2dM,882,3,L,moddrop_seed1114,2.202479601,0.6000000238
IumbAb8q2dM$_$3,IumbAb8q2dM,882,3,L,uniform_kd_seed1111,2.070557594,0.6000000238
IumbAb8q2dM$_$3,IumbAb8q2dM,882,3,LA,cfcompat_seed1111,2.226783276,0.6000000238
IumbAb8q2dM$_$3,IumbAb8q2dM,882,3,LA,cfcompat_seed1114,2.227829933,0.6000000238
IumbAb8q2dM$_$3,IumbAb8q2dM,882,3,LA,moddrop_seed1111,2.222099066,0.6000000238
IumbAb8q2dM$_$3,IumbAb8q2dM,882,3,LA,moddrop_seed1114,2.237262726,0.6000000238
IumbAb8q2dM$_$3,IumbAb8q2dM,882,3,LA,uniform_kd_seed1111,2.16811204,0.6000000238
IumbAb8q2dM$_$3,IumbAb8q2dM,882,3,LAV,cfcompat_seed1111,2.312871695,0.6000000238
IumbAb8q2dM$_$3,IumbAb8q2dM,882,3,LAV,cfcompat_seed1114,2.215021133,0.6000000238
IumbAb8q2dM$_$3,IumbAb8q2dM,882,3,LAV,moddrop_seed1111,2.307054281,0.6000000238
IumbAb8q2dM$_$3,IumbAb8q2dM,882,3,LAV,moddrop_seed1114,2.232921362,0.6000000238
IumbAb8q2dM$_$3,IumbAb8q2dM,882,3,LAV,uniform_kd_seed1111,2.230191946,0.6000000238
IumbAb8q2dM$_$3,IumbAb8q2dM,882,3,LV,cfcompat_seed1111,2.190588951,0.6000000238
IumbAb8q2dM$_$3,IumbAb8q2dM,882,3,LV,cfcompat_seed1114,2.199946642,0.6000000238
IumbAb8q2dM$_$3,IumbAb8q2dM,882,3,LV,moddrop_seed1111,2.201623678,0.6000000238
IumbAb8q2dM$_$3,IumbAb8q2dM,882,3,LV,moddrop_seed1114,2.204563379,0.6000000238
IumbAb8q2dM$_$3,IumbAb8q2dM,882,3,LV,uniform_kd_seed1111,2.132610559,0.6000000238
IumbAb8q2dM$_$4,IumbAb8q2dM,885,3,L,cfcompat_seed1111,1.192842484,2.200000048
IumbAb8q2dM$_$4,IumbAb8q2dM,885,3,L,cfcompat_seed1114,1.980745792,2.200000048
IumbAb8q2dM$_$4,IumbAb8q2dM,885,3,L,moddrop_seed1111,1.420885921,2.200000048
IumbAb8q2dM$_$4,IumbAb8q2dM,885,3,L,moddrop_seed1114,2.123487234,2.200000048
IumbAb8q2dM$_$4,IumbAb8q2dM,885,3,L,uniform_kd_seed1111,1.446244001,2.200000048
IumbAb8q2dM$_$4,IumbAb8q2dM,885,3,LA,cfcompat_seed1111,1.283757091,2.200000048
IumbAb8q2dM$_$4,IumbAb8q2dM,885,3,LA,cfcompat_seed1114,1.971818209,2.200000048
IumbAb8q2dM$_$4,IumbAb8q2dM,885,3,LA,moddrop_seed1111,1.496910334,2.200000048
IumbAb8q2dM$_$4,IumbAb8q2dM,885,3,LA,moddrop_seed1114,2.136128426,2.200000048
IumbAb8q2dM$_$4,IumbAb8q2dM,885,3,LA,uniform_kd_seed1111,1.517657518,2.200000048
IumbAb8q2dM$_$4,IumbAb8q2dM,885,3,LAV,cfcompat_seed1111,1.400607467,2.200000048
IumbAb8q2dM$_$4,IumbAb8q2dM,885,3,LAV,cfcompat_seed1114,1.969174385,2.200000048
IumbAb8q2dM$_$4,IumbAb8q2dM,885,3,LAV,moddrop_seed1111,1.615944982,2.200000048
IumbAb8q2dM$_$4,IumbAb8q2dM,885,3,LAV,moddrop_seed1114,2.150817394,2.200000048
IumbAb8q2dM$_$4,IumbAb8q2dM,885,3,LAV,uniform_kd_seed1111,1.605034471,2.200000048
IumbAb8q2dM$_$4,IumbAb8q2dM,885,3,LV,cfcompat_seed1111,1.305479169,2.200000048
IumbAb8q2dM$_$4,IumbAb8q2dM,885,3,LV,cfcompat_seed1114,1.984638929,2.200000048
IumbAb8q2dM$_$4,IumbAb8q2dM,885,3,LV,moddrop_seed1111,1.536355972,2.200000048
IumbAb8q2dM$_$4,IumbAb8q2dM,885,3,LV,moddrop_seed1114,2.144996166,2.200000048
IumbAb8q2dM$_$4,IumbAb8q2dM,885,3,LV,uniform_kd_seed1111,1.530213833,2.200000048
IumbAb8q2dM$_$5,IumbAb8q2dM,884,3,L,cfcompat_seed1111,2.187123299,2.599999905
IumbAb8q2dM$_$5,IumbAb8q2dM,884,3,L,cfcompat_seed1114,2.603182793,2.599999905
IumbAb8q2dM$_$5,IumbAb8q2dM,884,3,L,moddrop_seed1111,2.111417532,2.599999905
IumbAb8q2dM$_$5,IumbAb8q2dM,884,3,L,moddrop_seed1114,2.518293619,2.599999905
IumbAb8q2dM$_$5,IumbAb8q2dM,884,3,L,uniform_kd_seed1111,2.205541134,2.599999905
IumbAb8q2dM$_$5,IumbAb8q2dM,884,3,LA,cfcompat_seed1111,2.305116415,2.599999905
IumbAb8q2dM$_$5,IumbAb8q2dM,884,3,LA,cfcompat_seed1114,2.646559715,2.599999905
IumbAb8q2dM$_$5,IumbAb8q2dM,884,3,LA,moddrop_seed1111,2.215018272,2.599999905
IumbAb8q2dM$_$5,IumbAb8q2dM,884,3,LA,moddrop_seed1114,2.576190948,2.599999905
IumbAb8q2dM$_$5,IumbAb8q2dM,884,3,LA,uniform_kd_seed1111,2.300466537,2.599999905
IumbAb8q2dM$_$5,IumbAb8q2dM,884,3,LAV,cfcompat_seed1111,2.386478424,2.599999905
IumbAb8q2dM$_$5,IumbAb8q2dM,884,3,LAV,cfcompat_seed1114,2.643029928,2.599999905
IumbAb8q2dM$_$5,IumbAb8q2dM,884,3,LAV,moddrop_seed1111,2.301765919,2.599999905
IumbAb8q2dM$_$5,IumbAb8q2dM,884,3,LAV,moddrop_seed1114,2.580584288,2.599999905
IumbAb8q2dM$_$5,IumbAb8q2dM,884,3,LAV,uniform_kd_seed1111,2.357430935,2.599999905
IumbAb8q2dM$_$5,IumbAb8q2dM,884,3,LV,cfcompat_seed1111,2.266829252,2.599999905
IumbAb8q2dM$_$5,IumbAb8q2dM,884,3,LV,cfcompat_seed1114,2.605969429,2.599999905
IumbAb8q2dM$_$5,IumbAb8q2dM,884,3,LV,moddrop_seed1111,2.191902399,2.599999905
IumbAb8q2dM$_$5,IumbAb8q2dM,884,3,LV,moddrop_seed1114,2.53115797,2.599999905
IumbAb8q2dM$_$5,IumbAb8q2dM,884,3,LV,uniform_kd_seed1111,2.262656212,2.599999905
IumbAb8q2dM$_$6,IumbAb8q2dM,887,3,L,cfcompat_seed1111,0.5286102891,2.400000095
IumbAb8q2dM$_$6,IumbAb8q2dM,887,3,L,cfcompat_seed1114,0.6599735618,2.400000095
IumbAb8q2dM$_$6,IumbAb8q2dM,887,3,L,moddrop_seed1111,1.484207511,2.400000095
IumbAb8q2dM$_$6,IumbAb8q2dM,887,3,L,moddrop_seed1114,1.088338017,2.400000095
IumbAb8q2dM$_$6,IumbAb8q2dM,887,3,L,uniform_kd_seed1111,0.5410563946,2.400000095
IumbAb8q2dM$_$6,IumbAb8q2dM,887,3,LA,cfcompat_seed1111,0.6693640351,2.400000095
IumbAb8q2dM$_$6,IumbAb8q2dM,887,3,LA,cfcompat_seed1114,0.6961021423,2.400000095
IumbAb8q2dM$_$6,IumbAb8q2dM,887,3,LA,moddrop_seed1111,1.602037668,2.400000095
IumbAb8q2dM$_$6,IumbAb8q2dM,887,3,LA,moddrop_seed1114,1.131719947,2.400000095
IumbAb8q2dM$_$6,IumbAb8q2dM,887,3,LA,uniform_kd_seed1111,0.6596224904,2.400000095
IumbAb8q2dM$_$6,IumbAb8q2dM,887,3,LAV,cfcompat_seed1111,0.764878273,2.400000095
IumbAb8q2dM$_$6,IumbAb8q2dM,887,3,LAV,cfcompat_seed1114,0.6940456629,2.400000095
IumbAb8q2dM$_$6,IumbAb8q2dM,887,3,LAV,moddrop_seed1111,1.702817202,2.400000095
IumbAb8q2dM$_$6,IumbAb8q2dM,887,3,LAV,moddrop_seed1114,1.140391827,2.400000095
IumbAb8q2dM$_$6,IumbAb8q2dM,887,3,LAV,uniform_kd_seed1111,0.7283464074,2.400000095
IumbAb8q2dM$_$6,IumbAb8q2dM,887,3,LV,cfcompat_seed1111,0.6237030625,2.400000095
IumbAb8q2dM$_$6,IumbAb8q2dM,887,3,LV,cfcompat_seed1114,0.6633740067,2.400000095
IumbAb8q2dM$_$6,IumbAb8q2dM,887,3,LV,moddrop_seed1111,1.584194303,2.400000095
IumbAb8q2dM$_$6,IumbAb8q2dM,887,3,LV,moddrop_seed1114,1.09946084,2.400000095
IumbAb8q2dM$_$6,IumbAb8q2dM,887,3,LV,uniform_kd_seed1111,0.6075191498,2.400000095
IumbAb8q2dM$_$7,IumbAb8q2dM,886,3,L,cfcompat_seed1111,-1.490490079,-0.6000000238
IumbAb8q2dM$_$7,IumbAb8q2dM,886,3,L,cfcompat_seed1114,-1.506899953,-0.6000000238
IumbAb8q2dM$_$7,IumbAb8q2dM,886,3,L,moddrop_seed1111,-1.917820692,-0.6000000238
IumbAb8q2dM$_$7,IumbAb8q2dM,886,3,L,moddrop_seed1114,-1.43025279,-0.6000000238
IumbAb8q2dM$_$7,IumbAb8q2dM,886,3,L,uniform_kd_seed1111,-1.246808648,-0.6000000238
IumbAb8q2dM$_$7,IumbAb8q2dM,886,3,LA,cfcompat_seed1111,-1.390195012,-0.6000000238
IumbAb8q2dM$_$7,IumbAb8q2dM,886,3,LA,cfcompat_seed1114,-1.484509587,-0.6000000238
IumbAb8q2dM$_$7,IumbAb8q2dM,886,3,LA,moddrop_seed1111,-1.828982115,-0.6000000238
IumbAb8q2dM$_$7,IumbAb8q2dM,886,3,LA,moddrop_seed1114,-1.399506569,-0.6000000238
IumbAb8q2dM$_$7,IumbAb8q2dM,886,3,LA,uniform_kd_seed1111,-1.164215922,-0.6000000238
IumbAb8q2dM$_$7,IumbAb8q2dM,886,3,LAV,cfcompat_seed1111,-1.329552174,-0.6000000238
IumbAb8q2dM$_$7,IumbAb8q2dM,886,3,LAV,cfcompat_seed1114,-1.535010576,-0.6000000238
IumbAb8q2dM$_$7,IumbAb8q2dM,886,3,LAV,moddrop_seed1111,-1.765753746,-0.6000000238
IumbAb8q2dM$_$7,IumbAb8q2dM,886,3,LAV,moddrop_seed1114,-1.443072319,-0.6000000238
IumbAb8q2dM$_$7,IumbAb8q2dM,886,3,LAV,uniform_kd_seed1111,-1.127173543,-0.6000000238
IumbAb8q2dM$_$7,IumbAb8q2dM,886,3,LV,cfcompat_seed1111,-1.434088349,-0.6000000238
IumbAb8q2dM$_$7,IumbAb8q2dM,886,3,LV,cfcompat_seed1114,-1.560515523,-0.6000000238
IumbAb8q2dM$_$7,IumbAb8q2dM,886,3,LV,moddrop_seed1111,-1.851905704,-0.6000000238
IumbAb8q2dM$_$7,IumbAb8q2dM,886,3,LV,moddrop_seed1114,-1.475834489,-0.6000000238
IumbAb8q2dM$_$7,IumbAb8q2dM,886,3,LV,uniform_kd_seed1111,-1.215269208,-0.6000000238
IumbAb8q2dM$_$8,IumbAb8q2dM,889,3,L,cfcompat_seed1111,2.200057745,3
IumbAb8q2dM$_$8,IumbAb8q2dM,889,3,L,cfcompat_seed1114,2.609755516,3
IumbAb8q2dM$_$8,IumbAb8q2dM,889,3,L,moddrop_seed1111,2.110729456,3
IumbAb8q2dM$_$8,IumbAb8q2dM,889,3,L,moddrop_seed1114,2.578669548,3
IumbAb8q2dM$_$8,IumbAb8q2dM,889,3,L,uniform_kd_seed1111,2.181165457,3
IumbAb8q2dM$_$8,IumbAb8q2dM,889,3,LA,cfcompat_seed1111,2.325201988,3
IumbAb8q2dM$_$8,IumbAb8q2dM,889,3,LA,cfcompat_seed1114,2.6418643,3
IumbAb8q2dM$_$8,IumbAb8q2dM,889,3,LA,moddrop_seed1111,2.225534916,3
IumbAb8q2dM$_$8,IumbAb8q2dM,889,3,LA,moddrop_seed1114,2.622007608,3
IumbAb8q2dM$_$8,IumbAb8q2dM,889,3,LA,uniform_kd_seed1111,2.283501387,3
IumbAb8q2dM$_$8,IumbAb8q2dM,889,3,LAV,cfcompat_seed1111,2.390012264,3
IumbAb8q2dM$_$8,IumbAb8q2dM,889,3,LAV,cfcompat_seed1114,2.636868954,3
IumbAb8q2dM$_$8,IumbAb8q2dM,889,3,LAV,moddrop_seed1111,2.291209221,3
IumbAb8q2dM$_$8,IumbAb8q2dM,889,3,LAV,moddrop_seed1114,2.62939024,3
IumbAb8q2dM$_$8,IumbAb8q2dM,889,3,LAV,uniform_kd_seed1111,2.329153776,3
IumbAb8q2dM$_$8,IumbAb8q2dM,889,3,LV,cfcompat_seed1111,2.264339924,3
IumbAb8q2dM$_$8,IumbAb8q2dM,889,3,LV,cfcompat_seed1114,2.607822657,3
IumbAb8q2dM$_$8,IumbAb8q2dM,889,3,LV,moddrop_seed1111,2.175150871,3
IumbAb8q2dM$_$8,IumbAb8q2dM,889,3,LV,moddrop_seed1114,2.588281393,3
IumbAb8q2dM$_$8,IumbAb8q2dM,889,3,LV,uniform_kd_seed1111,2.224705458,3
IumbAb8q2dM$_$9,IumbAb8q2dM,888,3,L,cfcompat_seed1111,1.099196792,1.799999952
IumbAb8q2dM$_$9,IumbAb8q2dM,888,3,L,cfcompat_seed1114,1.781587958,1.799999952
IumbAb8q2dM$_$9,IumbAb8q2dM,888,3,L,moddrop_seed1111,1.481745481,1.799999952
IumbAb8q2dM$_$9,IumbAb8q2dM,888,3,L,moddrop_seed1114,1.983310103,1.799999952
IumbAb8q2dM$_$9,IumbAb8q2dM,888,3,L,uniform_kd_seed1111,1.404251099,1.799999952
IumbAb8q2dM$_$9,IumbAb8q2dM,888,3,LA,cfcompat_seed1111,1.247314215,1.799999952
IumbAb8q2dM$_$9,IumbAb8q2dM,888,3,LA,cfcompat_seed1114,1.814665079,1.799999952
IumbAb8q2dM$_$9,IumbAb8q2dM,888,3,LA,moddrop_seed1111,1.607330918,1.799999952
IumbAb8q2dM$_$9,IumbAb8q2dM,888,3,LA,moddrop_seed1114,2.032345057,1.799999952
IumbAb8q2dM$_$9,IumbAb8q2dM,888,3,LA,uniform_kd_seed1111,1.525951505,1.799999952
IumbAb8q2dM$_$9,IumbAb8q2dM,888,3,LAV,cfcompat_seed1111,1.334954143,1.799999952
IumbAb8q2dM$_$9,IumbAb8q2dM,888,3,LAV,cfcompat_seed1114,1.78867352,1.799999952
IumbAb8q2dM$_$9,IumbAb8q2dM,888,3,LAV,moddrop_seed1111,1.699592471,1.799999952
IumbAb8q2dM$_$9,IumbAb8q2dM,888,3,LAV,moddrop_seed1114,2.023274183,1.799999952
IumbAb8q2dM$_$9,IumbAb8q2dM,888,3,LAV,uniform_kd_seed1111,1.585757732,1.799999952
IumbAb8q2dM$_$9,IumbAb8q2dM,888,3,LV,cfcompat_seed1111,1.186075687,1.799999952
IumbAb8q2dM$_$9,IumbAb8q2dM,888,3,LV,cfcompat_seed1114,1.761879206,1.799999952
IumbAb8q2dM$_$9,IumbAb8q2dM,888,3,LV,moddrop_seed1111,1.573845148,1.799999952
IumbAb8q2dM$_$9,IumbAb8q2dM,888,3,LV,moddrop_seed1114,1.977808595,1.799999952
IumbAb8q2dM$_$9,IumbAb8q2dM,888,3,LV,uniform_kd_seed1111,1.464694977,1.799999952
PZ-lDQFboO8$_$1,PZ-lDQFboO8,1093,3,L,cfcompat_seed1111,-1.805828333,-1.399999976
PZ-lDQFboO8$_$1,PZ-lDQFboO8,1093,3,L,cfcompat_seed1114,-1.847004414,-1.399999976
PZ-lDQFboO8$_$1,PZ-lDQFboO8,1093,3,L,moddrop_seed1111,-1.892303467,-1.399999976
PZ-lDQFboO8$_$1,PZ-lDQFboO8,1093,3,L,moddrop_seed1114,-2.003453493,-1.399999976
PZ-lDQFboO8$_$1,PZ-lDQFboO8,1093,3,L,uniform_kd_seed1111,-1.996011972,-1.399999976
PZ-lDQFboO8$_$1,PZ-lDQFboO8,1093,3,LA,cfcompat_seed1111,-1.675114512,-1.399999976
PZ-lDQFboO8$_$1,PZ-lDQFboO8,1093,3,LA,cfcompat_seed1114,-1.797061801,-1.399999976
PZ-lDQFboO8$_$1,PZ-lDQFboO8,1093,3,LA,moddrop_seed1111,-1.77169323,-1.399999976
PZ-lDQFboO8$_$1,PZ-lDQFboO8,1093,3,LA,moddrop_seed1114,-1.943852901,-1.399999976
PZ-lDQFboO8$_$1,PZ-lDQFboO8,1093,3,LA,uniform_kd_seed1111,-1.889871836,-1.399999976
PZ-lDQFboO8$_$1,PZ-lDQFboO8,1093,3,LAV,cfcompat_seed1111,-1.537176609,-1.399999976
PZ-lDQFboO8$_$1,PZ-lDQFboO8,1093,3,LAV,cfcompat_seed1114,-1.747594953,-1.399999976
PZ-lDQFboO8$_$1,PZ-lDQFboO8,1093,3,LAV,moddrop_seed1111,-1.637432218,-1.399999976
PZ-lDQFboO8$_$1,PZ-lDQFboO8,1093,3,LAV,moddrop_seed1114,-1.893265963,-1.399999976
PZ-lDQFboO8$_$1,PZ-lDQFboO8,1093,3,LAV,uniform_kd_seed1111,-1.778998256,-1.399999976
PZ-lDQFboO8$_$1,PZ-lDQFboO8,1093,3,LV,cfcompat_seed1111,-1.67599082,-1.399999976
PZ-lDQFboO8$_$1,PZ-lDQFboO8,1093,3,LV,cfcompat_seed1114,-1.806955099,-1.399999976
PZ-lDQFboO8$_$1,PZ-lDQFboO8,1093,3,LV,moddrop_seed1111,-1.765215635,-1.399999976
PZ-lDQFboO8$_$1,PZ-lDQFboO8,1093,3,LV,moddrop_seed1114,-1.963234901,-1.399999976
PZ-lDQFboO8$_$1,PZ-lDQFboO8,1093,3,LV,uniform_kd_seed1111,-1.896777749,-1.399999976
PZ-lDQFboO8$_$10,PZ-lDQFboO8,1091,3,L,cfcompat_seed1111,2.140430212,2
PZ-lDQFboO8$_$10,PZ-lDQFboO8,1091,3,L,cfcompat_seed1114,2.318118095,2
PZ-lDQFboO8$_$10,PZ-lDQFboO8,1091,3,L,moddrop_seed1111,2.113570452,2
PZ-lDQFboO8$_$10,PZ-lDQFboO8,1091,3,L,moddrop_seed1114,2.281146049,2
PZ-lDQFboO8$_$10,PZ-lDQFboO8,1091,3,L,uniform_kd_seed1111,1.752134085,2
PZ-lDQFboO8$_$10,PZ-lDQFboO8,1091,3,LA,cfcompat_seed1111,2.269466639,2
PZ-lDQFboO8$_$10,PZ-lDQFboO8,1091,3,LA,cfcompat_seed1114,2.354959011,2
PZ-lDQFboO8$_$10,PZ-lDQFboO8,1091,3,LA,moddrop_seed1111,2.221989632,2
PZ-lDQFboO8$_$10,PZ-lDQFboO8,1091,3,LA,moddrop_seed1114,2.335367203,2
PZ-lDQFboO8$_$10,PZ-lDQFboO8,1091,3,LA,uniform_kd_seed1111,1.866129994,2
PZ-lDQFboO8$_$10,PZ-lDQFboO8,1091,3,LAV,cfcompat_seed1111,2.409785748,2
PZ-lDQFboO8$_$10,PZ-lDQFboO8,1091,3,LAV,cfcompat_seed1114,2.394457817,2
PZ-lDQFboO8$_$10,PZ-lDQFboO8,1091,3,LAV,moddrop_seed1111,2.367587328,2
PZ-lDQFboO8$_$10,PZ-lDQFboO8,1091,3,LAV,moddrop_seed1114,2.381289244,2
PZ-lDQFboO8$_$10,PZ-lDQFboO8,1091,3,LAV,uniform_kd_seed1111,1.988829136,2
PZ-lDQFboO8$_$10,PZ-lDQFboO8,1091,3,LV,cfcompat_seed1111,2.280779839,2
PZ-lDQFboO8$_$10,PZ-lDQFboO8,1091,3,LV,cfcompat_seed1114,2.361448765,2
PZ-lDQFboO8$_$10,PZ-lDQFboO8,1091,3,LV,moddrop_seed1111,2.252741337,2
PZ-lDQFboO8$_$10,PZ-lDQFboO8,1091,3,LV,moddrop_seed1114,2.333835602,2
PZ-lDQFboO8$_$10,PZ-lDQFboO8,1091,3,LV,uniform_kd_seed1111,1.87260294,2
PZ-lDQFboO8$_$11,PZ-lDQFboO8,1090,3,L,cfcompat_seed1111,1.473804832,0
PZ-lDQFboO8$_$11,PZ-lDQFboO8,1090,3,L,cfcompat_seed1114,1.238021374,0
PZ-lDQFboO8$_$11,PZ-lDQFboO8,1090,3,L,moddrop_seed1111,1.576398134,0
PZ-lDQFboO8$_$11,PZ-lDQFboO8,1090,3,L,moddrop_seed1114,1.383752227,0
PZ-lDQFboO8$_$11,PZ-lDQFboO8,1090,3,L,uniform_kd_seed1111,1.001883864,0
PZ-lDQFboO8$_$11,PZ-lDQFboO8,1090,3,LA,cfcompat_seed1111,1.580512404,0
PZ-lDQFboO8$_$11,PZ-lDQFboO8,1090,3,LA,cfcompat_seed1114,1.258203983,0
PZ-lDQFboO8$_$11,PZ-lDQFboO8,1090,3,LA,moddrop_seed1111,1.667109847,0
PZ-lDQFboO8$_$11,PZ-lDQFboO8,1090,3,LA,moddrop_seed1114,1.419278741,0
PZ-lDQFboO8$_$11,PZ-lDQFboO8,1090,3,LA,uniform_kd_seed1111,1.095042586,0
PZ-lDQFboO8$_$11,PZ-lDQFboO8,1090,3,LAV,cfcompat_seed1111,1.709931135,0
PZ-lDQFboO8$_$11,PZ-lDQFboO8,1090,3,LAV,cfcompat_seed1114,1.317028403,0
PZ-lDQFboO8$_$11,PZ-lDQFboO8,1090,3,LAV,moddrop_seed1111,1.801421404,0
PZ-lDQFboO8$_$11,PZ-lDQFboO8,1090,3,LAV,moddrop_seed1114,1.485535026,0
PZ-lDQFboO8$_$11,PZ-lDQFboO8,1090,3,LAV,uniform_kd_seed1111,1.200498343,0
PZ-lDQFboO8$_$11,PZ-lDQFboO8,1090,3,LV,cfcompat_seed1111,1.599691272,0
PZ-lDQFboO8$_$11,PZ-lDQFboO8,1090,3,LV,cfcompat_seed1114,1.298955441,0
PZ-lDQFboO8$_$11,PZ-lDQFboO8,1090,3,LV,moddrop_seed1111,1.706513047,0
PZ-lDQFboO8$_$11,PZ-lDQFboO8,1090,3,LV,moddrop_seed1114,1.451214314,0
PZ-lDQFboO8$_$11,PZ-lDQFboO8,1090,3,LV,uniform_kd_seed1111,1.104949355,0
PZ-lDQFboO8$_$12,PZ-lDQFboO8,1092,3,L,cfcompat_seed1111,-1.653127551,-1.600000024
PZ-lDQFboO8$_$12,PZ-lDQFboO8,1092,3,L,cfcompat_seed1114,-1.367180109,-1.600000024
PZ-lDQFboO8$_$12,PZ-lDQFboO8,1092,3,L,moddrop_seed1111,-1.914764166,-1.600000024
PZ-lDQFboO8$_$12,PZ-lDQFboO8,1092,3,L,moddrop_seed1114,-1.40997839,-1.600000024
PZ-lDQFboO8$_$12,PZ-lDQFboO8,1092,3,L,uniform_kd_seed1111,-1.762779474,-1.600000024
PZ-lDQFboO8$_$12,PZ-lDQFboO8,1092,3,LA,cfcompat_seed1111,-1.521188259,-1.600000024
PZ-lDQFboO8$_$12,PZ-lDQFboO8,1092,3,LA,cfcompat_seed1114,-1.347219586,-1.600000024
PZ-lDQFboO8$_$12,PZ-lDQFboO8,1092,3,LA,moddrop_seed1111,-1.799293637,-1.600000024
PZ-lDQFboO8$_$12,PZ-lDQFboO8,1092,3,LA,moddrop_seed1114,-1.381885648,-1.600000024
PZ-lDQFboO8$_$12,PZ-lDQFboO8,1092,3,LA,uniform_kd_seed1111,-1.654604554,-1.600000024
PZ-lDQFboO8$_$12,PZ-lDQFboO8,1092,3,LAV,cfcompat_seed1111,-1.471976399,-1.600000024
PZ-lDQFboO8$_$12,PZ-lDQFboO8,1092,3,LAV,cfcompat_seed1114,-1.377499819,-1.600000024
PZ-lDQFboO8$_$12,PZ-lDQFboO8,1092,3,LAV,moddrop_seed1111,-1.749741435,-1.600000024
PZ-lDQFboO8$_$12,PZ-lDQFboO8,1092,3,LAV,moddrop_seed1114,-1.406393647,-1.600000024
PZ-lDQFboO8$_$12,PZ-lDQFboO8,1092,3,LAV,uniform_kd_seed1111,-1.626861095,-1.600000024
PZ-lDQFboO8$_$12,PZ-lDQFboO8,1092,3,LV,cfcompat_seed1111,-1.606742382,-1.600000024
PZ-lDQFboO8$_$12,PZ-lDQFboO8,1092,3,LV,cfcompat_seed1114,-1.399021506,-1.600000024
PZ-lDQFboO8$_$12,PZ-lDQFboO8,1092,3,LV,moddrop_seed1111,-1.866243839,-1.600000024
PZ-lDQFboO8$_$12,PZ-lDQFboO8,1092,3,LV,moddrop_seed1114,-1.434385896,-1.600000024
PZ-lDQFboO8$_$12,PZ-lDQFboO8,1092,3,LV,uniform_kd_seed1111,-1.742255807,-1.600000024
PZ-lDQFboO8$_$2,PZ-lDQFboO8,1095,3,L,cfcompat_seed1111,-1.459996581,-1.799999952
PZ-lDQFboO8$_$2,PZ-lDQFboO8,1095,3,L,cfcompat_seed1114,-2.007603407,-1.799999952
PZ-lDQFboO8$_$2,PZ-lDQFboO8,1095,3,L,moddrop_seed1111,-1.908078671,-1.799999952
PZ-lDQFboO8$_$2,PZ-lDQFboO8,1095,3,L,moddrop_seed1114,-1.696477771,-1.799999952
PZ-lDQFboO8$_$2,PZ-lDQFboO8,1095,3,L,uniform_kd_seed1111,-1.975773573,-1.799999952
PZ-lDQFboO8$_$2,PZ-lDQFboO8,1095,3,LA,cfcompat_seed1111,-1.318562031,-1.799999952
PZ-lDQFboO8$_$2,PZ-lDQFboO8,1095,3,LA,cfcompat_seed1114,-1.962513447,-1.799999952
PZ-lDQFboO8$_$2,PZ-lDQFboO8,1095,3,LA,moddrop_seed1111,-1.785261989,-1.799999952
PZ-lDQFboO8$_$2,PZ-lDQFboO8,1095,3,LA,moddrop_seed1114,-1.644621134,-1.799999952
PZ-lDQFboO8$_$2,PZ-lDQFboO8,1095,3,LA,uniform_kd_seed1111,-1.867631316,-1.799999952
PZ-lDQFboO8$_$2,PZ-lDQFboO8,1095,3,LAV,cfcompat_seed1111,-1.179829478,-1.799999952
PZ-lDQFboO8$_$2,PZ-lDQFboO8,1095,3,LAV,cfcompat_seed1114,-1.924134254,-1.799999952
PZ-lDQFboO8$_$2,PZ-lDQFboO8,1095,3,LAV,moddrop_seed1111,-1.656508088,-1.799999952
PZ-lDQFboO8$_$2,PZ-lDQFboO8,1095,3,LAV,moddrop_seed1114,-1.609760165,-1.799999952
PZ-lDQFboO8$_$2,PZ-lDQFboO8,1095,3,LAV,uniform_kd_seed1111,-1.764944911,-1.799999952
PZ-lDQFboO8$_$2,PZ-lDQFboO8,1095,3,LV,cfcompat_seed1111,-1.324318767,-1.799999952
PZ-lDQFboO8$_$2,PZ-lDQFboO8,1095,3,LV,cfcompat_seed1114,-1.98712194,-1.799999952
PZ-lDQFboO8$_$2,PZ-lDQFboO8,1095,3,LV,moddrop_seed1111,-1.783606887,-1.799999952
PZ-lDQFboO8$_$2,PZ-lDQFboO8,1095,3,LV,moddrop_seed1114,-1.665528536,-1.799999952
PZ-lDQFboO8$_$2,PZ-lDQFboO8,1095,3,LV,uniform_kd_seed1111,-1.879891515,-1.799999952
PZ-lDQFboO8$_$3,PZ-lDQFboO8,1094,3,L,cfcompat_seed1111,-1.260791898,-1.600000024
PZ-lDQFboO8$_$3,PZ-lDQFboO8,1094,3,L,cfcompat_seed1114,-0.9610698819,-1.600000024
PZ-lDQFboO8$_$3,PZ-lDQFboO8,1094,3,L,moddrop_seed1111,-1.906618953,-1.600000024
PZ-lDQFboO8$_$3,PZ-lDQFboO8,1094,3,L,moddrop_seed1114,-1.182744026,-1.600000024
PZ-lDQFboO8$_$3,PZ-lDQFboO8,1094,3,L,uniform_kd_seed1111,-0.7947930694,-1.600000024
PZ-lDQFboO8$_$3,PZ-lDQFboO8,1094,3,LA,cfcompat_seed1111,-1.111951113,-1.600000024
PZ-lDQFboO8$_$3,PZ-lDQFboO8,1094,3,LA,cfcompat_seed1114,-0.9445978403,-1.600000024
PZ-lDQFboO8$_$3,PZ-lDQFboO8,1094,3,LA,moddrop_seed1111,-1.779098988,-1.600000024
PZ-lDQFboO8$_$3,PZ-lDQFboO8,1094,3,LA,moddrop_seed1114,-1.160578966,-1.600000024
PZ-lDQFboO8$_$3,PZ-lDQFboO8,1094,3,LA,uniform_kd_seed1111,-0.6575399637,-1.600000024
PZ-lDQFboO8$_$3,PZ-lDQFboO8,1094,3,LAV,cfcompat_seed1111,-1.030553699,-1.600000024
PZ-lDQFboO8$_$3,PZ-lDQFboO8,1094,3,LAV,cfcompat_seed1114,-0.9626806974,-1.600000024
PZ-lDQFboO8$_$3,PZ-lDQFboO8,1094,3,LAV,moddrop_seed1111,-1.707707763,-1.600000024
PZ-lDQFboO8$_$3,PZ-lDQFboO8,1094,3,LAV,moddrop_seed1114,-1.174123049,-1.600000024
PZ-lDQFboO8$_$3,PZ-lDQFboO8,1094,3,LAV,uniform_kd_seed1111,-0.5977144837,-1.600000024
PZ-lDQFboO8$_$3,PZ-lDQFboO8,1094,3,LV,cfcompat_seed1111,-1.183815956,-1.600000024
PZ-lDQFboO8$_$3,PZ-lDQFboO8,1094,3,LV,cfcompat_seed1114,-0.9801349044,-1.600000024
PZ-lDQFboO8$_$3,PZ-lDQFboO8,1094,3,LV,moddrop_seed1111,-1.83729291,-1.600000024
PZ-lDQFboO8$_$3,PZ-lDQFboO8,1094,3,LV,moddrop_seed1114,-1.196943045,-1.600000024
PZ-lDQFboO8$_$3,PZ-lDQFboO8,1094,3,LV,uniform_kd_seed1111,-0.738181591,-1.600000024
PZ-lDQFboO8$_$4,PZ-lDQFboO8,1097,3,L,cfcompat_seed1111,0.1185249388,-1
PZ-lDQFboO8$_$4,PZ-lDQFboO8,1097,3,L,cfcompat_seed1114,0.1580085456,-1
PZ-lDQFboO8$_$4,PZ-lDQFboO8,1097,3,L,moddrop_seed1111,0.3103401065,-1
PZ-lDQFboO8$_$4,PZ-lDQFboO8,1097,3,L,moddrop_seed1114,0.5552651882,-1
PZ-lDQFboO8$_$4,PZ-lDQFboO8,1097,3,L,uniform_kd_seed1111,0.4680723846,-1
PZ-lDQFboO8$_$4,PZ-lDQFboO8,1097,3,LA,cfcompat_seed1111,0.2812116742,-1
PZ-lDQFboO8$_$4,PZ-lDQFboO8,1097,3,LA,cfcompat_seed1114,0.1886112392,-1
PZ-lDQFboO8$_$4,PZ-lDQFboO8,1097,3,LA,moddrop_seed1111,0.4609669745,-1
PZ-lDQFboO8$_$4,PZ-lDQFboO8,1097,3,LA,moddrop_seed1114,0.5906813741,-1
PZ-lDQFboO8$_$4,PZ-lDQFboO8,1097,3,LA,uniform_kd_seed1111,0.6117925644,-1
PZ-lDQFboO8$_$4,PZ-lDQFboO8,1097,3,LAV,cfcompat_seed1111,0.3788244128,-1
PZ-lDQFboO8$_$4,PZ-lDQFboO8,1097,3,LAV,cfcompat_seed1114,0.1890143305,-1
PZ-lDQFboO8$_$4,PZ-lDQFboO8,1097,3,LAV,moddrop_seed1111,0.5578821898,-1
PZ-lDQFboO8$_$4,PZ-lDQFboO8,1097,3,LAV,moddrop_seed1114,0.5961328149,-1
PZ-lDQFboO8$_$4,PZ-lDQFboO8,1097,3,LAV,uniform_kd_seed1111,0.6817775965,-1
PZ-lDQFboO8$_$4,PZ-lDQFboO8,1097,3,LV,cfcompat_seed1111,0.2149274349,-1
PZ-lDQFboO8$_$4,PZ-lDQFboO8,1097,3,LV,cfcompat_seed1114,0.1588978171,-1
PZ-lDQFboO8$_$4,PZ-lDQFboO8,1097,3,LV,moddrop_seed1111,0.4067206085,-1
PZ-lDQFboO8$_$4,PZ-lDQFboO8,1097,3,LV,moddrop_seed1114,0.5617527962,-1
PZ-lDQFboO8$_$4,PZ-lDQFboO8,1097,3,LV,uniform_kd_seed1111,0.5360764861,-1
PZ-lDQFboO8$_$5,PZ-lDQFboO8,1096,3,L,cfcompat_seed1111,1.987165451,1.399999976
PZ-lDQFboO8$_$5,PZ-lDQFboO8,1096,3,L,cfcompat_seed1114,0.9718481898,1.399999976
PZ-lDQFboO8$_$5,PZ-lDQFboO8,1096,3,L,moddrop_seed1111,2.107331753,1.399999976
PZ-lDQFboO8$_$5,PZ-lDQFboO8,1096,3,L,moddrop_seed1114,1.238812685,1.399999976
PZ-lDQFboO8$_$5,PZ-lDQFboO8,1096,3,L,uniform_kd_seed1111,1.993814111,1.399999976
PZ-lDQFboO8$_$5,PZ-lDQFboO8,1096,3,LA,cfcompat_seed1111,2.129307985,1.399999976
PZ-lDQFboO8$_$5,PZ-lDQFboO8,1096,3,LA,cfcompat_seed1114,0.9701681733,1.399999976
PZ-lDQFboO8$_$5,PZ-lDQFboO8,1096,3,LA,moddrop_seed1111,2.231351614,1.399999976
PZ-lDQFboO8$_$5,PZ-lDQFboO8,1096,3,LA,moddrop_seed1114,1.24203968,1.399999976
PZ-lDQFboO8$_$5,PZ-lDQFboO8,1096,3,LA,uniform_kd_seed1111,2.110995054,1.399999976
PZ-lDQFboO8$_$5,PZ-lDQFboO8,1096,3,LAV,cfcompat_seed1111,2.195606947,1.399999976
PZ-lDQFboO8$_$5,PZ-lDQFboO8,1096,3,LAV,cfcompat_seed1114,0.9566397071,1.399999976
PZ-lDQFboO8$_$5,PZ-lDQFboO8,1096,3,LAV,moddrop_seed1111,2.296660423,1.399999976
PZ-lDQFboO8$_$5,PZ-lDQFboO8,1096,3,LAV,moddrop_seed1114,1.234152794,1.399999976
PZ-lDQFboO8$_$5,PZ-lDQFboO8,1096,3,LAV,uniform_kd_seed1111,2.152974367,1.399999976
PZ-lDQFboO8$_$5,PZ-lDQFboO8,1096,3,LV,cfcompat_seed1111,2.056601048,1.399999976
PZ-lDQFboO8$_$5,PZ-lDQFboO8,1096,3,LV,cfcompat_seed1114,0.9575172067,1.399999976
PZ-lDQFboO8$_$5,PZ-lDQFboO8,1096,3,LV,moddrop_seed1111,2.171192408,1.399999976
PZ-lDQFboO8$_$5,PZ-lDQFboO8,1096,3,LV,moddrop_seed1114,1.228878856,1.399999976
PZ-lDQFboO8$_$5,PZ-lDQFboO8,1096,3,LV,uniform_kd_seed1111,2.040487051,1.399999976
PZ-lDQFboO8$_$6,PZ-lDQFboO8,1099,3,L,cfcompat_seed1111,-1.560224295,-1.600000024
PZ-lDQFboO8$_$6,PZ-lDQFboO8,1099,3,L,cfcompat_seed1114,-1.374845505,-1.600000024
PZ-lDQFboO8$_$6,PZ-lDQFboO8,1099,3,L,moddrop_seed1111,-1.915860057,-1.600000024
PZ-lDQFboO8$_$6,PZ-lDQFboO8,1099,3,L,moddrop_seed1114,-1.323734999,-1.600000024
PZ-lDQFboO8$_$6,PZ-lDQFboO8,1099,3,L,uniform_kd_seed1111,-1.576972485,-1.600000024
PZ-lDQFboO8$_$6,PZ-lDQFboO8,1099,3,LA,cfcompat_seed1111,-1.421454906,-1.600000024
PZ-lDQFboO8$_$6,PZ-lDQFboO8,1099,3,LA,cfcompat_seed1114,-1.341934443,-1.600000024
PZ-lDQFboO8$_$6,PZ-lDQFboO8,1099,3,LA,moddrop_seed1111,-1.792435884,-1.600000024
PZ-lDQFboO8$_$6,PZ-lDQFboO8,1099,3,LA,moddrop_seed1114,-1.282981038,-1.600000024
PZ-lDQFboO8$_$6,PZ-lDQFboO8,1099,3,LA,uniform_kd_seed1111,-1.460829258,-1.600000024
PZ-lDQFboO8$_$6,PZ-lDQFboO8,1099,3,LAV,cfcompat_seed1111,-1.308188796,-1.600000024
PZ-lDQFboO8$_$6,PZ-lDQFboO8,1099,3,LAV,cfcompat_seed1114,-1.309852242,-1.600000024
PZ-lDQFboO8$_$6,PZ-lDQFboO8,1099,3,LAV,moddrop_seed1111,-1.68612957,-1.600000024
PZ-lDQFboO8$_$6,PZ-lDQFboO8,1099,3,LAV,moddrop_seed1114,-1.250222802,-1.600000024
PZ-lDQFboO8$_$6,PZ-lDQFboO8,1099,3,LAV,uniform_kd_seed1111,-1.372107625,-1.600000024
PZ-lDQFboO8$_$6,PZ-lDQFboO8,1099,3,LV,cfcompat_seed1111,-1.452243567,-1.600000024
PZ-lDQFboO8$_$6,PZ-lDQFboO8,1099,3,LV,cfcompat_seed1114,-1.346563458,-1.600000024
PZ-lDQFboO8$_$6,PZ-lDQFboO8,1099,3,LV,moddrop_seed1111,-1.815406919,-1.600000024
PZ-lDQFboO8$_$6,PZ-lDQFboO8,1099,3,LV,moddrop_seed1114,-1.291504979,-1.600000024
PZ-lDQFboO8$_$6,PZ-lDQFboO8,1099,3,LV,uniform_kd_seed1111,-1.495818377,-1.600000024
PZ-lDQFboO8$_$7,PZ-lDQFboO8,1098,3,L,cfcompat_seed1111,0.1292783022,-1.600000024
PZ-lDQFboO8$_$7,PZ-lDQFboO8,1098,3,L,cfcompat_seed1114,0.4063076079,-1.600000024
PZ-lDQFboO8$_$7,PZ-lDQFboO8,1098,3,L,moddrop_seed1111,0.5618888736,-1.600000024
PZ-lDQFboO8$_$7,PZ-lDQFboO8,1098,3,L,moddrop_seed1114,1.108093977,-1.600000024
PZ-lDQFboO8$_$7,PZ-lDQFboO8,1098,3,L,uniform_kd_seed1111,0.7641872168,-1.600000024
PZ-lDQFboO8$_$7,PZ-lDQFboO8,1098,3,LA,cfcompat_seed1111,0.2885354757,-1.600000024
PZ-lDQFboO8$_$7,PZ-lDQFboO8,1098,3,LA,cfcompat_seed1114,0.4318950474,-1.600000024
PZ-lDQFboO8$_$7,PZ-lDQFboO8,1098,3,LA,moddrop_seed1111,0.7089503407,-1.600000024
PZ-lDQFboO8$_$7,PZ-lDQFboO8,1098,3,LA,moddrop_seed1114,1.131450176,-1.600000024
PZ-lDQFboO8$_$7,PZ-lDQFboO8,1098,3,LA,uniform_kd_seed1111,0.9046526551,-1.600000024
PZ-lDQFboO8$_$7,PZ-lDQFboO8,1098,3,LAV,cfcompat_seed1111,0.3761271834,-1.600000024
PZ-lDQFboO8$_$7,PZ-lDQFboO8,1098,3,LAV,cfcompat_seed1114,0.4443484545,-1.600000024
PZ-lDQFboO8$_$7,PZ-lDQFboO8,1098,3,LAV,moddrop_seed1111,0.7930752039,-1.600000024
PZ-lDQFboO8$_$7,PZ-lDQFboO8,1098,3,LAV,moddrop_seed1114,1.147550583,-1.600000024
PZ-lDQFboO8$_$7,PZ-lDQFboO8,1098,3,LAV,uniform_kd_seed1111,0.9637213349,-1.600000024
PZ-lDQFboO8$_$7,PZ-lDQFboO8,1098,3,LV,cfcompat_seed1111,0.2146306336,-1.600000024
PZ-lDQFboO8$_$7,PZ-lDQFboO8,1098,3,LV,cfcompat_seed1114,0.4204104841,-1.600000024
PZ-lDQFboO8$_$7,PZ-lDQFboO8,1098,3,LV,moddrop_seed1111,0.6452878118,-1.600000024
PZ-lDQFboO8$_$7,PZ-lDQFboO8,1098,3,LV,moddrop_seed1114,1.123019338,-1.600000024
PZ-lDQFboO8$_$7,PZ-lDQFboO8,1098,3,LV,uniform_kd_seed1111,0.8216074109,-1.600000024
PZ-lDQFboO8$_$8,PZ-lDQFboO8,1101,3,L,cfcompat_seed1111,-1.621089101,-0.6000000238
PZ-lDQFboO8$_$8,PZ-lDQFboO8,1101,3,L,cfcompat_seed1114,0.2631548941,-0.6000000238
PZ-lDQFboO8$_$8,PZ-lDQFboO8,1101,3,L,moddrop_seed1111,-1.790646553,-0.6000000238
PZ-lDQFboO8$_$8,PZ-lDQFboO8,1101,3,L,moddrop_seed1114,0.8369361758,-0.6000000238
PZ-lDQFboO8$_$8,PZ-lDQFboO8,1101,3,L,uniform_kd_seed1111,-0.1624616534,-0.6000000238
PZ-lDQFboO8$_$8,PZ-lDQFboO8,1101,3,LA,cfcompat_seed1111,-1.479237437,-0.6000000238
PZ-lDQFboO8$_$8,PZ-lDQFboO8,1101,3,LA,cfcompat_seed1114,0.2665362656,-0.6000000238
PZ-lDQFboO8$_$8,PZ-lDQFboO8,1101,3,LA,moddrop_seed1111,-1.659189701,-0.6000000238
PZ-lDQFboO8$_$8,PZ-lDQFboO8,1101,3,LA,moddrop_seed1114,0.8414827585,-0.6000000238
PZ-lDQFboO8$_$8,PZ-lDQFboO8,1101,3,LA,uniform_kd_seed1111,-0.01156563498,-0.6000000238
PZ-lDQFboO8$_$8,PZ-lDQFboO8,1101,3,LAV,cfcompat_seed1111,-1.435996175,-0.6000000238
PZ-lDQFboO8$_$8,PZ-lDQFboO8,1101,3,LAV,cfcompat_seed1114,0.2560275495,-0.6000000238
PZ-lDQFboO8$_$8,PZ-lDQFboO8,1101,3,LAV,moddrop_seed1111,-1.620293379,-0.6000000238
PZ-lDQFboO8$_$8,PZ-lDQFboO8,1101,3,LAV,moddrop_seed1114,0.8364782333,-0.6000000238
PZ-lDQFboO8$_$8,PZ-lDQFboO8,1101,3,LAV,uniform_kd_seed1111,0.01246432774,-0.6000000238
PZ-lDQFboO8$_$8,PZ-lDQFboO8,1101,3,LV,cfcompat_seed1111,-1.585303307,-0.6000000238
PZ-lDQFboO8$_$8,PZ-lDQFboO8,1101,3,LV,cfcompat_seed1114,0.250339061,-0.6000000238
PZ-lDQFboO8$_$8,PZ-lDQFboO8,1101,3,LV,moddrop_seed1111,-1.758843064,-0.6000000238
PZ-lDQFboO8$_$8,PZ-lDQFboO8,1101,3,LV,moddrop_seed1114,0.8300609589,-0.6000000238
PZ-lDQFboO8$_$8,PZ-lDQFboO8,1101,3,LV,uniform_kd_seed1111,-0.1393620074,-0.6000000238
PZ-lDQFboO8$_$9,PZ-lDQFboO8,1100,3,L,cfcompat_seed1111,-1.575293541,-2.200000048
PZ-lDQFboO8$_$9,PZ-lDQFboO8,1100,3,L,cfcompat_seed1114,-0.8205336332,-2.200000048
PZ-lDQFboO8$_$9,PZ-lDQFboO8,1100,3,L,moddrop_seed1111,-1.927195907,-2.200000048
PZ-lDQFboO8$_$9,PZ-lDQFboO8,1100,3,L,moddrop_seed1114,-1.004593849,-2.200000048
PZ-lDQFboO8$_$9,PZ-lDQFboO8,1100,3,L,uniform_kd_seed1111,-1.033192515,-2.200000048
PZ-lDQFboO8$_$9,PZ-lDQFboO8,1100,3,LA,cfcompat_seed1111,-1.437481165,-2.200000048
PZ-lDQFboO8$_$9,PZ-lDQFboO8,1100,3,LA,cfcompat_seed1114,-0.8040741086,-2.200000048
PZ-lDQFboO8$_$9,PZ-lDQFboO8,1100,3,LA,moddrop_seed1111,-1.804696083,-2.200000048
PZ-lDQFboO8$_$9,PZ-lDQFboO8,1100,3,LA,moddrop_seed1114,-0.97914958,-2.200000048
PZ-lDQFboO8$_$9,PZ-lDQFboO8,1100,3,LA,uniform_kd_seed1111,-0.8983221054,-2.200000048
PZ-lDQFboO8$_$9,PZ-lDQFboO8,1100,3,LAV,cfcompat_seed1111,-1.3776685,-2.200000048
PZ-lDQFboO8$_$9,PZ-lDQFboO8,1100,3,LAV,cfcompat_seed1114,-0.829004705,-2.200000048
PZ-lDQFboO8$_$9,PZ-lDQFboO8,1100,3,LAV,moddrop_seed1111,-1.74620676,-2.200000048
PZ-lDQFboO8$_$9,PZ-lDQFboO8,1100,3,LAV,moddrop_seed1114,-0.9997553825,-2.200000048
PZ-lDQFboO8$_$9,PZ-lDQFboO8,1100,3,LAV,uniform_kd_seed1111,-0.8607054353,-2.200000048
PZ-lDQFboO8$_$9,PZ-lDQFboO8,1100,3,LV,cfcompat_seed1111,-1.519961238,-2.200000048
PZ-lDQFboO8$_$9,PZ-lDQFboO8,1100,3,LV,cfcompat_seed1114,-0.8423576951,-2.200000048
PZ-lDQFboO8$_$9,PZ-lDQFboO8,1100,3,LV,moddrop_seed1111,-1.872565389,-2.200000048
PZ-lDQFboO8$_$9,PZ-lDQFboO8,1100,3,LV,moddrop_seed1114,-1.021811962,-2.200000048
PZ-lDQFboO8$_$9,PZ-lDQFboO8,1100,3,LV,uniform_kd_seed1111,-0.9971875548,-2.200000048
VbQk4H8hgr0$_$1,VbQk4H8hgr0,1211,3,L,cfcompat_seed1111,-0.6799249649,-2.200000048
VbQk4H8hgr0$_$1,VbQk4H8hgr0,1211,3,L,cfcompat_seed1114,2.255718708,-2.200000048
VbQk4H8hgr0$_$1,VbQk4H8hgr0,1211,3,L,moddrop_seed1111,-1.90345943,-2.200000048
VbQk4H8hgr0$_$1,VbQk4H8hgr0,1211,3,L,moddrop_seed1114,-1.206055045,-2.200000048
VbQk4H8hgr0$_$1,VbQk4H8hgr0,1211,3,L,uniform_kd_seed1111,-1.356936574,-2.200000048
VbQk4H8hgr0$_$1,VbQk4H8hgr0,1211,3,LA,cfcompat_seed1111,-0.7458498478,-2.200000048
VbQk4H8hgr0$_$1,VbQk4H8hgr0,1211,3,LA,cfcompat_seed1114,2.191232443,-2.200000048
VbQk4H8hgr0$_$1,VbQk4H8hgr0,1211,3,LA,moddrop_seed1111,-1.961066246,-2.200000048
VbQk4H8hgr0$_$1,VbQk4H8hgr0,1211,3,LA,moddrop_seed1114,-1.245923281,-2.200000048
VbQk4H8hgr0$_$1,VbQk4H8hgr0,1211,3,LA,uniform_kd_seed1111,-1.422536612,-2.200000048
VbQk4H8hgr0$_$1,VbQk4H8hgr0,1211,3,LAV,cfcompat_seed1111,-0.6225969791,-2.200000048
VbQk4H8hgr0$_$1,VbQk4H8hgr0,1211,3,LAV,cfcompat_seed1114,2.18838048,-2.200000048
VbQk4H8hgr0$_$1,VbQk4H8hgr0,1211,3,LAV,moddrop_seed1111,-1.846111059,-2.200000048
VbQk4H8hgr0$_$1,VbQk4H8hgr0,1211,3,LAV,moddrop_seed1114,-1.261800766,-2.200000048
VbQk4H8hgr0$_$1,VbQk4H8hgr0,1211,3,LAV,uniform_kd_seed1111,-1.331476212,-2.200000048
VbQk4H8hgr0$_$1,VbQk4H8hgr0,1211,3,LV,cfcompat_seed1111,-0.5582664609,-2.200000048
VbQk4H8hgr0$_$1,VbQk4H8hgr0,1211,3,LV,cfcompat_seed1114,2.264649391,-2.200000048
VbQk4H8hgr0$_$1,VbQk4H8hgr0,1211,3,LV,moddrop_seed1111,-1.793928981,-2.200000048
VbQk4H8hgr0$_$1,VbQk4H8hgr0,1211,3,LV,moddrop_seed1114,-1.217152357,-2.200000048
VbQk4H8hgr0$_$1,VbQk4H8hgr0,1211,3,LV,uniform_kd_seed1111,-1.271015286,-2.200000048
VbQk4H8hgr0$_$10,VbQk4H8hgr0,1224,3,L,cfcompat_seed1111,-1.774235845,-0.25
VbQk4H8hgr0$_$10,VbQk4H8hgr0,1224,3,L,cfcompat_seed1114,-1.663922787,-0.25
VbQk4H8hgr0$_$10,VbQk4H8hgr0,1224,3,L,moddrop_seed1111,-1.921472192,-0.25
VbQk4H8hgr0$_$10,VbQk4H8hgr0,1224,3,L,moddrop_seed1114,-1.398671508,-0.25
VbQk4H8hgr0$_$10,VbQk4H8hgr0,1224,3,L,uniform_kd_seed1111,-1.986013174,-0.25
VbQk4H8hgr0$_$10,VbQk4H8hgr0,1224,3,LA,cfcompat_seed1111,-1.815035224,-0.25
VbQk4H8hgr0$_$10,VbQk4H8hgr0,1224,3,LA,cfcompat_seed1114,-1.691829205,-0.25
VbQk4H8hgr0$_$10,VbQk4H8hgr0,1224,3,LA,moddrop_seed1111,-1.960715175,-0.25
VbQk4H8hgr0$_$10,VbQk4H8hgr0,1224,3,LA,moddrop_seed1114,-1.41837728,-0.25
VbQk4H8hgr0$_$10,VbQk4H8hgr0,1224,3,LA,uniform_kd_seed1111,-2.027405739,-0.25
VbQk4H8hgr0$_$10,VbQk4H8hgr0,1224,3,LAV,cfcompat_seed1111,-1.714800239,-0.25
VbQk4H8hgr0$_$10,VbQk4H8hgr0,1224,3,LAV,cfcompat_seed1114,-1.706031561,-0.25
VbQk4H8hgr0$_$10,VbQk4H8hgr0,1224,3,LAV,moddrop_seed1111,-1.857563138,-0.25
VbQk4H8hgr0$_$10,VbQk4H8hgr0,1224,3,LAV,moddrop_seed1114,-1.42901206,-0.25
VbQk4H8hgr0$_$10,VbQk4H8hgr0,1224,3,LAV,uniform_kd_seed1111,-1.955025434,-0.25
VbQk4H8hgr0$_$10,VbQk4H8hgr0,1224,3,LV,cfcompat_seed1111,-1.679810047,-0.25
VbQk4H8hgr0$_$10,VbQk4H8hgr0,1224,3,LV,cfcompat_seed1114,-1.672698259,-0.25
VbQk4H8hgr0$_$10,VbQk4H8hgr0,1224,3,LV,moddrop_seed1111,-1.821805358,-0.25
VbQk4H8hgr0$_$10,VbQk4H8hgr0,1224,3,LV,moddrop_seed1114,-1.39880836,-0.25
VbQk4H8hgr0$_$10,VbQk4H8hgr0,1224,3,LV,uniform_kd_seed1111,-1.920241117,-0.25
VbQk4H8hgr0$_$11,VbQk4H8hgr0,1223,3,L,cfcompat_seed1111,-1.847816825,-1
VbQk4H8hgr0$_$11,VbQk4H8hgr0,1223,3,L,cfcompat_seed1114,-1.969372869,-1
VbQk4H8hgr0$_$11,VbQk4H8hgr0,1223,3,L,moddrop_seed1111,-1.882464409,-1
VbQk4H8hgr0$_$11,VbQk4H8hgr0,1223,3,L,moddrop_seed1114,-1.996616602,-1
VbQk4H8hgr0$_$11,VbQk4H8hgr0,1223,3,L,uniform_kd_seed1111,-2.081686735,-1
VbQk4H8hgr0$_$11,VbQk4H8hgr0,1223,3,LA,cfcompat_seed1111,-1.740070581,-1
VbQk4H8hgr0$_$11,VbQk4H8hgr0,1223,3,LA,cfcompat_seed1114,-1.912193179,-1
VbQk4H8hgr0$_$11,VbQk4H8hgr0,1223,3,LA,moddrop_seed1111,-1.779895663,-1
VbQk4H8hgr0$_$11,VbQk4H8hgr0,1223,3,LA,moddrop_seed1114,-1.928018689,-1
VbQk4H8hgr0$_$11,VbQk4H8hgr0,1223,3,LA,uniform_kd_seed1111,-1.989020109,-1
VbQk4H8hgr0$_$11,VbQk4H8hgr0,1223,3,LAV,cfcompat_seed1111,-1.626541257,-1
VbQk4H8hgr0$_$11,VbQk4H8hgr0,1223,3,LAV,cfcompat_seed1114,-1.899129748,-1
VbQk4H8hgr0$_$11,VbQk4H8hgr0,1223,3,LAV,moddrop_seed1111,-1.663132787,-1
VbQk4H8hgr0$_$11,VbQk4H8hgr0,1223,3,LAV,moddrop_seed1114,-1.908130407,-1
VbQk4H8hgr0$_$11,VbQk4H8hgr0,1223,3,LAV,uniform_kd_seed1111,-1.905288458,-1
VbQk4H8hgr0$_$11,VbQk4H8hgr0,1223,3,LV,cfcompat_seed1111,-1.740523577,-1
VbQk4H8hgr0$_$11,VbQk4H8hgr0,1223,3,LV,cfcompat_seed1114,-1.968294501,-1
VbQk4H8hgr0$_$11,VbQk4H8hgr0,1223,3,LV,moddrop_seed1111,-1.770231009,-1
VbQk4H8hgr0$_$11,VbQk4H8hgr0,1223,3,LV,moddrop_seed1114,-1.986603975,-1
VbQk4H8hgr0$_$11,VbQk4H8hgr0,1223,3,LV,uniform_kd_seed1111,-2.001264572,-1
VbQk4H8hgr0$_$12,VbQk4H8hgr0,1226,3,L,cfcompat_seed1111,-0.03983788192,-1.600000024
VbQk4H8hgr0$_$12,VbQk4H8hgr0,1226,3,L,cfcompat_seed1114,0.6667503119,-1.600000024
VbQk4H8hgr0$_$12,VbQk4H8hgr0,1226,3,L,moddrop_seed1111,-0.05228951946,-1.600000024
VbQk4H8hgr0$_$12,VbQk4H8hgr0,1226,3,L,moddrop_seed1114,0.7968539596,-1.600000024
VbQk4H8hgr0$_$12,VbQk4H8hgr0,1226,3,L,uniform_kd_seed1111,0.1992477924,-1.600000024
VbQk4H8hgr0$_$12,VbQk4H8hgr0,1226,3,LA,cfcompat_seed1111,0.08940435201,-1.600000024
VbQk4H8hgr0$_$12,VbQk4H8hgr0,1226,3,LA,cfcompat_seed1114,0.7187514901,-1.600000024
VbQk4H8hgr0$_$12,VbQk4H8hgr0,1226,3,LA,moddrop_seed1111,0.0655041337,-1.600000024
VbQk4H8hgr0$_$12,VbQk4H8hgr0,1226,3,LA,moddrop_seed1114,0.8625838757,-1.600000024
VbQk4H8hgr0$_$12,VbQk4H8hgr0,1226,3,LA,uniform_kd_seed1111,0.3126576245,-1.600000024
VbQk4H8hgr0$_$12,VbQk4H8hgr0,1226,3,LAV,cfcompat_seed1111,0.2287226617,-1.600000024
VbQk4H8hgr0$_$12,VbQk4H8hgr0,1226,3,LAV,cfcompat_seed1114,0.7271590233,-1.600000024
VbQk4H8hgr0$_$12,VbQk4H8hgr0,1226,3,LAV,moddrop_seed1111,0.2115092427,-1.600000024
VbQk4H8hgr0$_$12,VbQk4H8hgr0,1226,3,LAV,moddrop_seed1114,0.8787409067,-1.600000024
VbQk4H8hgr0$_$12,VbQk4H8hgr0,1226,3,LAV,uniform_kd_seed1111,0.423351258,-1.600000024
VbQk4H8hgr0$_$12,VbQk4H8hgr0,1226,3,LV,cfcompat_seed1111,0.09651443362,-1.600000024
VbQk4H8hgr0$_$12,VbQk4H8hgr0,1226,3,LV,cfcompat_seed1114,0.680518806,-1.600000024
VbQk4H8hgr0$_$12,VbQk4H8hgr0,1226,3,LV,moddrop_seed1111,0.09075443447,-1.600000024
VbQk4H8hgr0$_$12,VbQk4H8hgr0,1226,3,LV,moddrop_seed1114,0.818375051,-1.600000024
VbQk4H8hgr0$_$12,VbQk4H8hgr0,1226,3,LV,uniform_kd_seed1111,0.3076461256,-1.600000024
VbQk4H8hgr0$_$13,VbQk4H8hgr0,1225,3,L,cfcompat_seed1111,-0.6174350977,-1.600000024
VbQk4H8hgr0$_$13,VbQk4H8hgr0,1225,3,L,cfcompat_seed1114,-0.6341834664,-1.600000024
VbQk4H8hgr0$_$13,VbQk4H8hgr0,1225,3,L,moddrop_seed1111,-0.9415999651,-1.600000024
VbQk4H8hgr0$_$13,VbQk4H8hgr0,1225,3,L,moddrop_seed1114,-0.2364936322,-1.600000024
VbQk4H8hgr0$_$13,VbQk4H8hgr0,1225,3,L,uniform_kd_seed1111,-1.079077125,-1.600000024
VbQk4H8hgr0$_$13,VbQk4H8hgr0,1225,3,LA,cfcompat_seed1111,-0.4794957638,-1.600000024
VbQk4H8hgr0$_$13,VbQk4H8hgr0,1225,3,LA,cfcompat_seed1114,-0.5856630802,-1.600000024
VbQk4H8hgr0$_$13,VbQk4H8hgr0,1225,3,LA,moddrop_seed1111,-0.8206043243,-1.600000024
VbQk4H8hgr0$_$13,VbQk4H8hgr0,1225,3,LA,moddrop_seed1114,-0.1752567887,-1.600000024
VbQk4H8hgr0$_$13,VbQk4H8hgr0,1225,3,LA,uniform_kd_seed1111,-0.9665086865,-1.600000024
VbQk4H8hgr0$_$13,VbQk4H8hgr0,1225,3,LAV,cfcompat_seed1111,-0.3524682224,-1.600000024
VbQk4H8hgr0$_$13,VbQk4H8hgr0,1225,3,LAV,cfcompat_seed1114,-0.5823723674,-1.600000024
VbQk4H8hgr0$_$13,VbQk4H8hgr0,1225,3,LAV,moddrop_seed1111,-0.6928417087,-1.600000024
VbQk4H8hgr0$_$13,VbQk4H8hgr0,1225,3,LAV,moddrop_seed1114,-0.1616711617,-1.600000024
VbQk4H8hgr0$_$13,VbQk4H8hgr0,1225,3,LAV,uniform_kd_seed1111,-0.8697370291,-1.600000024
VbQk4H8hgr0$_$13,VbQk4H8hgr0,1225,3,LV,cfcompat_seed1111,-0.4952048659,-1.600000024
VbQk4H8hgr0$_$13,VbQk4H8hgr0,1225,3,LV,cfcompat_seed1114,-0.6271358728,-1.600000024
VbQk4H8hgr0$_$13,VbQk4H8hgr0,1225,3,LV,moddrop_seed1111,-0.8161827922,-1.600000024
VbQk4H8hgr0$_$13,VbQk4H8hgr0,1225,3,LV,moddrop_seed1114,-0.2223343402,-1.600000024
VbQk4H8hgr0$_$13,VbQk4H8hgr0,1225,3,LV,uniform_kd_seed1111,-0.9869799018,-1.600000024
VbQk4H8hgr0$_$14,VbQk4H8hgr0,1228,3,L,cfcompat_seed1111,-1.808648229,-1.200000048
VbQk4H8hgr0$_$14,VbQk4H8hgr0,1228,3,L,cfcompat_seed1114,-1.867609978,-1.200000048
VbQk4H8hgr0$_$14,VbQk4H8hgr0,1228,3,L,moddrop_seed1111,-1.885378122,-1.200000048
VbQk4H8hgr0$_$14,VbQk4H8hgr0,1228,3,L,moddrop_seed1114,-1.818509698,-1.200000048
VbQk4H8hgr0$_$14,VbQk4H8hgr0,1228,3,L,uniform_kd_seed1111,-2.089997768,-1.200000048
VbQk4H8hgr0$_$14,VbQk4H8hgr0,1228,3,LA,cfcompat_seed1111,-1.726168752,-1.200000048
VbQk4H8hgr0$_$14,VbQk4H8hgr0,1228,3,LA,cfcompat_seed1114,-1.841311693,-1.200000048
VbQk4H8hgr0$_$14,VbQk4H8hgr0,1228,3,LA,moddrop_seed1111,-1.808073163,-1.200000048
VbQk4H8hgr0$_$14,VbQk4H8hgr0,1228,3,LA,moddrop_seed1114,-1.785802245,-1.200000048
VbQk4H8hgr0$_$14,VbQk4H8hgr0,1228,3,LA,uniform_kd_seed1111,-2.022718668,-1.200000048
VbQk4H8hgr0$_$14,VbQk4H8hgr0,1228,3,LAV,cfcompat_seed1111,-1.633129239,-1.200000048
VbQk4H8hgr0$_$14,VbQk4H8hgr0,1228,3,LAV,cfcompat_seed1114,-1.850115299,-1.200000048
VbQk4H8hgr0$_$14,VbQk4H8hgr0,1228,3,LAV,moddrop_seed1111,-1.71222043,-1.200000048
VbQk4H8hgr0$_$14,VbQk4H8hgr0,1228,3,LAV,moddrop_seed1114,-1.7886554,-1.200000048
VbQk4H8hgr0$_$14,VbQk4H8hgr0,1228,3,LAV,uniform_kd_seed1111,-1.957693577,-1.200000048
VbQk4H8hgr0$_$14,VbQk4H8hgr0,1228,3,LV,cfcompat_seed1111,-1.725291967,-1.200000048
VbQk4H8hgr0$_$14,VbQk4H8hgr0,1228,3,LV,cfcompat_seed1114,-1.885499716,-1.200000048
VbQk4H8hgr0$_$14,VbQk4H8hgr0,1228,3,LV,moddrop_seed1111,-1.795162439,-1.200000048
VbQk4H8hgr0$_$14,VbQk4H8hgr0,1228,3,LV,moddrop_seed1114,-1.830293179,-1.200000048
VbQk4H8hgr0$_$14,VbQk4H8hgr0,1228,3,LV,uniform_kd_seed1111,-2.031128883,-1.200000048
VbQk4H8hgr0$_$15,VbQk4H8hgr0,1227,3,L,cfcompat_seed1111,1.805289268,2
VbQk4H8hgr0$_$15,VbQk4H8hgr0,1227,3,L,cfcompat_seed1114,1.860588908,2
VbQk4H8hgr0$_$15,VbQk4H8hgr0,1227,3,L,moddrop_seed1111,2.082651615,2
VbQk4H8hgr0$_$15,VbQk4H8hgr0,1227,3,L,moddrop_seed1114,2.033737183,2
VbQk4H8hgr0$_$15,VbQk4H8hgr0,1227,3,L,uniform_kd_seed1111,1.498384595,2
VbQk4H8hgr0$_$15,VbQk4H8hgr0,1227,3,LA,cfcompat_seed1111,1.786009908,2
VbQk4H8hgr0$_$15,VbQk4H8hgr0,1227,3,LA,cfcompat_seed1114,1.803912878,2
VbQk4H8hgr0$_$15,VbQk4H8hgr0,1227,3,LA,moddrop_seed1111,2.059667349,2
VbQk4H8hgr0$_$15,VbQk4H8hgr0,1227,3,LA,moddrop_seed1114,2.004032612,2
VbQk4H8hgr0$_$15,VbQk4H8hgr0,1227,3,LA,uniform_kd_seed1111,1.477807164,2
VbQk4H8hgr0$_$15,VbQk4H8hgr0,1227,3,LAV,cfcompat_seed1111,1.911867142,2
VbQk4H8hgr0$_$15,VbQk4H8hgr0,1227,3,LAV,cfcompat_seed1114,1.799577951,2
VbQk4H8hgr0$_$15,VbQk4H8hgr0,1227,3,LAV,moddrop_seed1111,2.178079605,2
VbQk4H8hgr0$_$15,VbQk4H8hgr0,1227,3,LAV,moddrop_seed1114,2.012459278,2
VbQk4H8hgr0$_$15,VbQk4H8hgr0,1227,3,LAV,uniform_kd_seed1111,1.576828599,2
VbQk4H8hgr0$_$15,VbQk4H8hgr0,1227,3,LV,cfcompat_seed1111,1.922587514,2
VbQk4H8hgr0$_$15,VbQk4H8hgr0,1227,3,LV,cfcompat_seed1114,1.861437321,2
VbQk4H8hgr0$_$15,VbQk4H8hgr0,1227,3,LV,moddrop_seed1111,2.190939903,2
VbQk4H8hgr0$_$15,VbQk4H8hgr0,1227,3,LV,moddrop_seed1114,2.04753685,2
VbQk4H8hgr0$_$15,VbQk4H8hgr0,1227,3,LV,uniform_kd_seed1111,1.594614506,2
VbQk4H8hgr0$_$16,VbQk4H8hgr0,1230,3,L,cfcompat_seed1111,-1.878804088,-2
VbQk4H8hgr0$_$16,VbQk4H8hgr0,1230,3,L,cfcompat_seed1114,-1.582964182,-2
VbQk4H8hgr0$_$16,VbQk4H8hgr0,1230,3,L,moddrop_seed1111,-1.877944946,-2
VbQk4H8hgr0$_$16,VbQk4H8hgr0,1230,3,L,moddrop_seed1114,-1.621451497,-2
VbQk4H8hgr0$_$16,VbQk4H8hgr0,1230,3,L,uniform_kd_seed1111,-2.101917267,-2
VbQk4H8hgr0$_$16,VbQk4H8hgr0,1230,3,LA,cfcompat_seed1111,-1.894567132,-2
VbQk4H8hgr0$_$16,VbQk4H8hgr0,1230,3,LA,cfcompat_seed1114,-1.610822797,-2
VbQk4H8hgr0$_$16,VbQk4H8hgr0,1230,3,LA,moddrop_seed1111,-1.890950322,-2
VbQk4H8hgr0$_$16,VbQk4H8hgr0,1230,3,LA,moddrop_seed1114,-1.635851026,-2
VbQk4H8hgr0$_$16,VbQk4H8hgr0,1230,3,LA,uniform_kd_seed1111,-2.114899635,-2
VbQk4H8hgr0$_$16,VbQk4H8hgr0,1230,3,LAV,cfcompat_seed1111,-1.792456388,-2
VbQk4H8hgr0$_$16,VbQk4H8hgr0,1230,3,LAV,cfcompat_seed1114,-1.63232708,-2
VbQk4H8hgr0$_$16,VbQk4H8hgr0,1230,3,LAV,moddrop_seed1111,-1.786865711,-2
VbQk4H8hgr0$_$16,VbQk4H8hgr0,1230,3,LAV,moddrop_seed1114,-1.648557305,-2
VbQk4H8hgr0$_$16,VbQk4H8hgr0,1230,3,LAV,uniform_kd_seed1111,-2.044307947,-2
VbQk4H8hgr0$_$16,VbQk4H8hgr0,1230,3,LV,cfcompat_seed1111,-1.785612345,-2
VbQk4H8hgr0$_$16,VbQk4H8hgr0,1230,3,LV,cfcompat_seed1114,-1.599360347,-2
VbQk4H8hgr0$_$16,VbQk4H8hgr0,1230,3,LV,moddrop_seed1111,-1.777099133,-2
VbQk4H8hgr0$_$16,VbQk4H8hgr0,1230,3,LV,moddrop_seed1114,-1.630457997,-2
VbQk4H8hgr0$_$16,VbQk4H8hgr0,1230,3,LV,uniform_kd_seed1111,-2.033210754,-2
VbQk4H8hgr0$_$17,VbQk4H8hgr0,1229,3,L,cfcompat_seed1111,-1.845484734,-1.799999952
VbQk4H8hgr0$_$17,VbQk4H8hgr0,1229,3,L,cfcompat_seed1114,-2.045311451,-1.799999952
VbQk4H8hgr0$_$17,VbQk4H8hgr0,1229,3,L,moddrop_seed1111,-1.903735042,-1.799999952
VbQk4H8hgr0$_$17,VbQk4H8hgr0,1229,3,L,moddrop_seed1114,-2.008831263,-1.799999952
VbQk4H8hgr0$_$17,VbQk4H8hgr0,1229,3,L,uniform_kd_seed1111,-2.090228319,-1.799999952
VbQk4H8hgr0$_$17,VbQk4H8hgr0,1229,3,LA,cfcompat_seed1111,-1.873361945,-1.799999952
VbQk4H8hgr0$_$17,VbQk4H8hgr0,1229,3,LA,cfcompat_seed1114,-2.064576864,-1.799999952
VbQk4H8hgr0$_$17,VbQk4H8hgr0,1229,3,LA,moddrop_seed1111,-1.926465988,-1.799999952
VbQk4H8hgr0$_$17,VbQk4H8hgr0,1229,3,LA,moddrop_seed1114,-2.016025543,-1.799999952
VbQk4H8hgr0$_$17,VbQk4H8hgr0,1229,3,LA,uniform_kd_seed1111,-2.114791632,-1.799999952
VbQk4H8hgr0$_$17,VbQk4H8hgr0,1229,3,LAV,cfcompat_seed1111,-1.777942777,-1.799999952
VbQk4H8hgr0$_$17,VbQk4H8hgr0,1229,3,LAV,cfcompat_seed1114,-2.082367659,-1.799999952
VbQk4H8hgr0$_$17,VbQk4H8hgr0,1229,3,LAV,moddrop_seed1111,-1.827993512,-1.799999952
VbQk4H8hgr0$_$17,VbQk4H8hgr0,1229,3,LAV,moddrop_seed1114,-2.030309439,-1.799999952
VbQk4H8hgr0$_$17,VbQk4H8hgr0,1229,3,LAV,uniform_kd_seed1111,-2.046562433,-1.799999952
VbQk4H8hgr0$_$17,VbQk4H8hgr0,1229,3,LV,cfcompat_seed1111,-1.762841105,-1.799999952
VbQk4H8hgr0$_$17,VbQk4H8hgr0,1229,3,LV,cfcompat_seed1114,-2.073088646,-1.799999952
VbQk4H8hgr0$_$17,VbQk4H8hgr0,1229,3,LV,moddrop_seed1111,-1.812206626,-1.799999952
VbQk4H8hgr0$_$17,VbQk4H8hgr0,1229,3,LV,moddrop_seed1114,-2.030286551,-1.799999952
VbQk4H8hgr0$_$17,VbQk4H8hgr0,1229,3,LV,uniform_kd_seed1111,-2.029171705,-1.799999952
VbQk4H8hgr0$_$18,VbQk4H8hgr0,1232,3,L,cfcompat_seed1111,-1.713430762,-2
VbQk4H8hgr0$_$18,VbQk4H8hgr0,1232,3,L,cfcompat_seed1114,-1.85692358,-2
VbQk4H8hgr0$_$18,VbQk4H8hgr0,1232,3,L,moddrop_seed1111,-1.919962406,-2
VbQk4H8hgr0$_$18,VbQk4H8hgr0,1232,3,L,moddrop_seed1114,-1.650072694,-2
VbQk4H8hgr0$_$18,VbQk4H8hgr0,1232,3,L,uniform_kd_seed1111,-1.499227285,-2
VbQk4H8hgr0$_$18,VbQk4H8hgr0,1232,3,LA,cfcompat_seed1111,-1.610195518,-2
VbQk4H8hgr0$_$18,VbQk4H8hgr0,1232,3,LA,cfcompat_seed1114,-1.814890981,-2
VbQk4H8hgr0$_$18,VbQk4H8hgr0,1232,3,LA,moddrop_seed1111,-1.824625969,-2
VbQk4H8hgr0$_$18,VbQk4H8hgr0,1232,3,LA,moddrop_seed1114,-1.598406315,-2
VbQk4H8hgr0$_$18,VbQk4H8hgr0,1232,3,LA,uniform_kd_seed1111,-1.411474466,-2
VbQk4H8hgr0$_$18,VbQk4H8hgr0,1232,3,LAV,cfcompat_seed1111,-1.503910303,-2
VbQk4H8hgr0$_$18,VbQk4H8hgr0,1232,3,LAV,cfcompat_seed1114,-1.815467,-2
VbQk4H8hgr0$_$18,VbQk4H8hgr0,1232,3,LAV,moddrop_seed1111,-1.719897628,-2
VbQk4H8hgr0$_$18,VbQk4H8hgr0,1232,3,LAV,moddrop_seed1114,-1.600126624,-2
VbQk4H8hgr0$_$18,VbQk4H8hgr0,1232,3,LAV,uniform_kd_seed1111,-1.325318098,-2
VbQk4H8hgr0$_$18,VbQk4H8hgr0,1232,3,LV,cfcompat_seed1111,-1.616900086,-2
VbQk4H8hgr0$_$18,VbQk4H8hgr0,1232,3,LV,cfcompat_seed1114,-1.868267417,-2
VbQk4H8hgr0$_$18,VbQk4H8hgr0,1232,3,LV,moddrop_seed1111,-1.818792105,-2
VbQk4H8hgr0$_$18,VbQk4H8hgr0,1232,3,LV,moddrop_seed1114,-1.651172638,-2
VbQk4H8hgr0$_$18,VbQk4H8hgr0,1232,3,LV,uniform_kd_seed1111,-1.419590831,-2
VbQk4H8hgr0$_$19,VbQk4H8hgr0,1231,3,L,cfcompat_seed1111,-1.82605803,-2
VbQk4H8hgr0$_$19,VbQk4H8hgr0,1231,3,L,cfcompat_seed1114,-2.066140413,-2
VbQk4H8hgr0$_$19,VbQk4H8hgr0,1231,3,L,moddrop_seed1111,-1.881946564,-2
VbQk4H8hgr0$_$19,VbQk4H8hgr0,1231,3,L,moddrop_seed1114,-1.914695859,-2
VbQk4H8hgr0$_$19,VbQk4H8hgr0,1231,3,L,uniform_kd_seed1111,-2.072851181,-2
VbQk4H8hgr0$_$19,VbQk4H8hgr0,1231,3,LA,cfcompat_seed1111,-1.842369795,-2
VbQk4H8hgr0$_$19,VbQk4H8hgr0,1231,3,LA,cfcompat_seed1114,-2.083910465,-2
VbQk4H8hgr0$_$19,VbQk4H8hgr0,1231,3,LA,moddrop_seed1111,-1.893452406,-2
VbQk4H8hgr0$_$19,VbQk4H8hgr0,1231,3,LA,moddrop_seed1114,-1.922060609,-2
VbQk4H8hgr0$_$19,VbQk4H8hgr0,1231,3,LA,uniform_kd_seed1111,-2.08611536,-2
VbQk4H8hgr0$_$19,VbQk4H8hgr0,1231,3,LAV,cfcompat_seed1111,-1.739227414,-2
VbQk4H8hgr0$_$19,VbQk4H8hgr0,1231,3,LAV,cfcompat_seed1114,-2.087791204,-2
VbQk4H8hgr0$_$19,VbQk4H8hgr0,1231,3,LAV,moddrop_seed1111,-1.788770556,-2
VbQk4H8hgr0$_$19,VbQk4H8hgr0,1231,3,LAV,moddrop_seed1114,-1.925637007,-2
VbQk4H8hgr0$_$19,VbQk4H8hgr0,1231,3,LAV,uniform_kd_seed1111,-2.015784502,-2
VbQk4H8hgr0$_$19,VbQk4H8hgr0,1231,3,LV,cfcompat_seed1111,-1.734867811,-2
VbQk4H8hgr0$_$19,VbQk4H8hgr0,1231,3,LV,cfcompat_seed1114,-2.07725811,-2
VbQk4H8hgr0$_$19,VbQk4H8hgr0,1231,3,LV,moddrop_seed1111,-1.782536268,-2
VbQk4H8hgr0$_$19,VbQk4H8hgr0,1231,3,LV,moddrop_seed1114,-1.921982527,-2
VbQk4H8hgr0$_$19,VbQk4H8hgr0,1231,3,LV,uniform_kd_seed1111,-2.004173994,-2
VbQk4H8hgr0$_$2,VbQk4H8hgr0,1213,3,L,cfcompat_seed1111,2.132887363,2
VbQk4H8hgr0$_$2,VbQk4H8hgr0,1213,3,L,cfcompat_seed1114,2.225119829,2
VbQk4H8hgr0$_$2,VbQk4H8hgr0,1213,3,L,moddrop_seed1111,2.117874861,2
VbQk4H8hgr0$_$2,VbQk4H8hgr0,1213,3,L,moddrop_seed1114,2.278675079,2
VbQk4H8hgr0$_$2,VbQk4H8hgr0,1213,3,L,uniform_kd_seed1111,2.000478506,2
VbQk4H8hgr0$_$2,VbQk4H8hgr0,1213,3,LA,cfcompat_seed1111,2.225055933,2
VbQk4H8hgr0$_$2,VbQk4H8hgr0,1213,3,LA,cfcompat_seed1114,2.244758129,2
VbQk4H8hgr0$_$2,VbQk4H8hgr0,1213,3,LA,moddrop_seed1111,2.191479445,2
VbQk4H8hgr0$_$2,VbQk4H8hgr0,1213,3,LA,moddrop_seed1114,2.31534791,2
VbQk4H8hgr0$_$2,VbQk4H8hgr0,1213,3,LA,uniform_kd_seed1111,2.07539916,2
VbQk4H8hgr0$_$2,VbQk4H8hgr0,1213,3,LAV,cfcompat_seed1111,2.346304893,2
VbQk4H8hgr0$_$2,VbQk4H8hgr0,1213,3,LAV,cfcompat_seed1114,2.249660015,2
VbQk4H8hgr0$_$2,VbQk4H8hgr0,1213,3,LAV,moddrop_seed1111,2.310216427,2
VbQk4H8hgr0$_$2,VbQk4H8hgr0,1213,3,LAV,moddrop_seed1114,2.330165863,2
VbQk4H8hgr0$_$2,VbQk4H8hgr0,1213,3,LAV,uniform_kd_seed1111,2.1731987,2
VbQk4H8hgr0$_$2,VbQk4H8hgr0,1213,3,LV,cfcompat_seed1111,2.250527859,2
VbQk4H8hgr0$_$2,VbQk4H8hgr0,1213,3,LV,cfcompat_seed1114,2.236312151,2
VbQk4H8hgr0$_$2,VbQk4H8hgr0,1213,3,LV,moddrop_seed1111,2.231611252,2
VbQk4H8hgr0$_$2,VbQk4H8hgr0,1213,3,LV,moddrop_seed1114,2.299698591,2
VbQk4H8hgr0$_$2,VbQk4H8hgr0,1213,3,LV,uniform_kd_seed1111,2.099882364,2
VbQk4H8hgr0$_$20,VbQk4H8hgr0,1199,3,L,cfcompat_seed1111,-1.500534654,-2
VbQk4H8hgr0$_$20,VbQk4H8hgr0,1199,3,L,cfcompat_seed1114,1.767737389,-2
VbQk4H8hgr0$_$20,VbQk4H8hgr0,1199,3,L,moddrop_seed1111,-1.934594393,-2
VbQk4H8hgr0$_$20,VbQk4H8hgr0,1199,3,L,moddrop_seed1114,0.4853288829,-2
VbQk4H8hgr0$_$20,VbQk4H8hgr0,1199,3,L,uniform_kd_seed1111,-1.589621067,-2
VbQk4H8hgr0$_$20,VbQk4H8hgr0,1199,3,LA,cfcompat_seed1111,-1.422624946,-2
VbQk4H8hgr0$_$20,VbQk4H8hgr0,1199,3,LA,cfcompat_seed1114,1.763713717,-2
VbQk4H8hgr0$_$20,VbQk4H8hgr0,1199,3,LA,moddrop_seed1111,-1.863968492,-2
VbQk4H8hgr0$_$20,VbQk4H8hgr0,1199,3,LA,moddrop_seed1114,0.4992993772,-2
VbQk4H8hgr0$_$20,VbQk4H8hgr0,1199,3,LA,uniform_kd_seed1111,-1.529521823,-2
VbQk4H8hgr0$_$20,VbQk4H8hgr0,1199,3,LAV,cfcompat_seed1111,-1.321373463,-2
VbQk4H8hgr0$_$20,VbQk4H8hgr0,1199,3,LAV,cfcompat_seed1114,1.735460877,-2
VbQk4H8hgr0$_$20,VbQk4H8hgr0,1199,3,LAV,moddrop_seed1111,-1.763054729,-2
VbQk4H8hgr0$_$20,VbQk4H8hgr0,1199,3,LAV,moddrop_seed1114,0.4754976928,-2
VbQk4H8hgr0$_$20,VbQk4H8hgr0,1199,3,LAV,uniform_kd_seed1111,-1.451125741,-2
VbQk4H8hgr0$_$20,VbQk4H8hgr0,1199,3,LV,cfcompat_seed1111,-1.413144946,-2
VbQk4H8hgr0$_$20,VbQk4H8hgr0,1199,3,LV,cfcompat_seed1114,1.743862033,-2
VbQk4H8hgr0$_$20,VbQk4H8hgr0,1199,3,LV,moddrop_seed1111,-1.844365597,-2
VbQk4H8hgr0$_$20,VbQk4H8hgr0,1199,3,LV,moddrop_seed1114,0.4664643109,-2
VbQk4H8hgr0$_$20,VbQk4H8hgr0,1199,3,LV,uniform_kd_seed1111,-1.526801109,-2
VbQk4H8hgr0$_$21,VbQk4H8hgr0,1200,3,L,cfcompat_seed1111,-1.860402584,-2.200000048
VbQk4H8hgr0$_$21,VbQk4H8hgr0,1200,3,L,cfcompat_seed1114,-2.132674456,-2.200000048
VbQk4H8hgr0$_$21,VbQk4H8hgr0,1200,3,L,moddrop_seed1111,-1.879243255,-2.200000048
VbQk4H8hgr0$_$21,VbQk4H8hgr0,1200,3,L,moddrop_seed1114,-2.059219122,-2.200000048
VbQk4H8hgr0$_$21,VbQk4H8hgr0,1200,3,L,uniform_kd_seed1111,-2.084601402,-2.200000048
VbQk4H8hgr0$_$21,VbQk4H8hgr0,1200,3,LA,cfcompat_seed1111,-1.754172206,-2.200000048
VbQk4H8hgr0$_$21,VbQk4H8hgr0,1200,3,LA,cfcompat_seed1114,-2.073693991,-2.200000048
VbQk4H8hgr0$_$21,VbQk4H8hgr0,1200,3,LA,moddrop_seed1111,-1.778405309,-2.200000048
VbQk4H8hgr0$_$21,VbQk4H8hgr0,1200,3,LA,moddrop_seed1114,-1.989904523,-2.200000048
VbQk4H8hgr0$_$21,VbQk4H8hgr0,1200,3,LA,uniform_kd_seed1111,-1.995539665,-2.200000048
VbQk4H8hgr0$_$21,VbQk4H8hgr0,1200,3,LAV,cfcompat_seed1111,-1.635444045,-2.200000048
VbQk4H8hgr0$_$21,VbQk4H8hgr0,1200,3,LAV,cfcompat_seed1114,-2.055293798,-2.200000048
VbQk4H8hgr0$_$21,VbQk4H8hgr0,1200,3,LAV,moddrop_seed1111,-1.658468127,-2.200000048
VbQk4H8hgr0$_$21,VbQk4H8hgr0,1200,3,LAV,moddrop_seed1114,-1.967943907,-2.200000048
VbQk4H8hgr0$_$21,VbQk4H8hgr0,1200,3,LAV,uniform_kd_seed1111,-1.906049967,-2.200000048
VbQk4H8hgr0$_$21,VbQk4H8hgr0,1200,3,LV,cfcompat_seed1111,-1.747467399,-2.200000048
VbQk4H8hgr0$_$21,VbQk4H8hgr0,1200,3,LV,cfcompat_seed1114,-2.126313448,-2.200000048
VbQk4H8hgr0$_$21,VbQk4H8hgr0,1200,3,LV,moddrop_seed1111,-1.762527704,-2.200000048
VbQk4H8hgr0$_$21,VbQk4H8hgr0,1200,3,LV,moddrop_seed1114,-2.047792435,-2.200000048
VbQk4H8hgr0$_$21,VbQk4H8hgr0,1200,3,LV,uniform_kd_seed1111,-1.997609138,-2.200000048
VbQk4H8hgr0$_$22,VbQk4H8hgr0,1201,3,L,cfcompat_seed1111,-1.8572644,-2.599999905
VbQk4H8hgr0$_$22,VbQk4H8hgr0,1201,3,L,cfcompat_seed1114,-2.031783581,-2.599999905
VbQk4H8hgr0$_$22,VbQk4H8hgr0,1201,3,L,moddrop_seed1111,-1.879987478,-2.599999905
VbQk4H8hgr0$_$22,VbQk4H8hgr0,1201,3,L,moddrop_seed1114,-2.023067474,-2.599999905
VbQk4H8hgr0$_$22,VbQk4H8hgr0,1201,3,L,uniform_kd_seed1111,-2.086256981,-2.599999905
VbQk4H8hgr0$_$22,VbQk4H8hgr0,1201,3,LA,cfcompat_seed1111,-1.728672743,-2.599999905
VbQk4H8hgr0$_$22,VbQk4H8hgr0,1201,3,LA,cfcompat_seed1114,-1.983855724,-2.599999905
VbQk4H8hgr0$_$22,VbQk4H8hgr0,1201,3,LA,moddrop_seed1111,-1.762985826,-2.599999905
VbQk4H8hgr0$_$22,VbQk4H8hgr0,1201,3,LA,moddrop_seed1114,-1.967093587,-2.599999905
VbQk4H8hgr0$_$22,VbQk4H8hgr0,1201,3,LA,uniform_kd_seed1111,-1.977785826,-2.599999905
VbQk4H8hgr0$_$22,VbQk4H8hgr0,1201,3,LAV,cfcompat_seed1111,-1.626273632,-2.599999905
VbQk4H8hgr0$_$22,VbQk4H8hgr0,1201,3,LAV,cfcompat_seed1114,-1.987059474,-2.599999905
VbQk4H8hgr0$_$22,VbQk4H8hgr0,1201,3,LAV,moddrop_seed1111,-1.652889252,-2.599999905
VbQk4H8hgr0$_$22,VbQk4H8hgr0,1201,3,LAV,moddrop_seed1114,-1.961450577,-2.599999905
VbQk4H8hgr0$_$22,VbQk4H8hgr0,1201,3,LAV,uniform_kd_seed1111,-1.89915812,-2.599999905
VbQk4H8hgr0$_$22,VbQk4H8hgr0,1201,3,LV,cfcompat_seed1111,-1.763612151,-2.599999905
VbQk4H8hgr0$_$22,VbQk4H8hgr0,1201,3,LV,cfcompat_seed1114,-2.048965931,-2.599999905
VbQk4H8hgr0$_$22,VbQk4H8hgr0,1201,3,LV,moddrop_seed1111,-1.777618885,-2.599999905
VbQk4H8hgr0$_$22,VbQk4H8hgr0,1201,3,LV,moddrop_seed1114,-2.031983614,-2.599999905
VbQk4H8hgr0$_$22,VbQk4H8hgr0,1201,3,LV,uniform_kd_seed1111,-2.016939402,-2.599999905
VbQk4H8hgr0$_$23,VbQk4H8hgr0,1202,3,L,cfcompat_seed1111,1.790016294,-3
VbQk4H8hgr0$_$23,VbQk4H8hgr0,1202,3,L,cfcompat_seed1114,2.10375905,-3
VbQk4H8hgr0$_$23,VbQk4H8hgr0,1202,3,L,moddrop_seed1111,1.85566473,-3
VbQk4H8hgr0$_$23,VbQk4H8hgr0,1202,3,L,moddrop_seed1114,1.502467632,-3
VbQk4H8hgr0$_$23,VbQk4H8hgr0,1202,3,L,uniform_kd_seed1111,2.017658949,-3
VbQk4H8hgr0$_$23,VbQk4H8hgr0,1202,3,LA,cfcompat_seed1111,1.815213561,-3
VbQk4H8hgr0$_$23,VbQk4H8hgr0,1202,3,LA,cfcompat_seed1114,2.072800159,-3
VbQk4H8hgr0$_$23,VbQk4H8hgr0,1202,3,LA,moddrop_seed1111,1.868454099,-3
VbQk4H8hgr0$_$23,VbQk4H8hgr0,1202,3,LA,moddrop_seed1114,1.488398671,-3
VbQk4H8hgr0$_$23,VbQk4H8hgr0,1202,3,LA,uniform_kd_seed1111,2.032447338,-3
VbQk4H8hgr0$_$23,VbQk4H8hgr0,1202,3,LAV,cfcompat_seed1111,1.924581885,-3
VbQk4H8hgr0$_$23,VbQk4H8hgr0,1202,3,LAV,cfcompat_seed1114,2.05472827,-3
VbQk4H8hgr0$_$23,VbQk4H8hgr0,1202,3,LAV,moddrop_seed1111,1.98470962,-3
VbQk4H8hgr0$_$23,VbQk4H8hgr0,1202,3,LAV,moddrop_seed1114,1.478258491,-3
VbQk4H8hgr0$_$23,VbQk4H8hgr0,1202,3,LAV,uniform_kd_seed1111,2.108164549,-3
VbQk4H8hgr0$_$23,VbQk4H8hgr0,1202,3,LV,cfcompat_seed1111,1.89402473,-3
VbQk4H8hgr0$_$23,VbQk4H8hgr0,1202,3,LV,cfcompat_seed1114,2.094286203,-3
VbQk4H8hgr0$_$23,VbQk4H8hgr0,1202,3,LV,moddrop_seed1111,1.963174582,-3
VbQk4H8hgr0$_$23,VbQk4H8hgr0,1202,3,LV,moddrop_seed1114,1.496329427,-3
VbQk4H8hgr0$_$23,VbQk4H8hgr0,1202,3,LV,uniform_kd_seed1111,2.090011835,-3
VbQk4H8hgr0$_$24,VbQk4H8hgr0,1195,3,L,cfcompat_seed1111,-1.808015227,-2.799999952
VbQk4H8hgr0$_$24,VbQk4H8hgr0,1195,3,L,cfcompat_seed1114,-2.018114805,-2.799999952
VbQk4H8hgr0$_$24,VbQk4H8hgr0,1195,3,L,moddrop_seed1111,-1.884600997,-2.799999952
VbQk4H8hgr0$_$24,VbQk4H8hgr0,1195,3,L,moddrop_seed1114,-2.062951326,-2.799999952
VbQk4H8hgr0$_$24,VbQk4H8hgr0,1195,3,L,uniform_kd_seed1111,-2.091148615,-2.799999952
VbQk4H8hgr0$_$24,VbQk4H8hgr0,1195,3,LA,cfcompat_seed1111,-1.804958105,-2.799999952
VbQk4H8hgr0$_$24,VbQk4H8hgr0,1195,3,LA,cfcompat_seed1114,-2.029453993,-2.799999952
VbQk4H8hgr0$_$24,VbQk4H8hgr0,1195,3,LA,moddrop_seed1111,-1.880956411,-2.799999952
VbQk4H8hgr0$_$24,VbQk4H8hgr0,1195,3,LA,moddrop_seed1114,-2.060762882,-2.799999952
VbQk4H8hgr0$_$24,VbQk4H8hgr0,1195,3,LA,uniform_kd_seed1111,-2.091847897,-2.799999952
VbQk4H8hgr0$_$24,VbQk4H8hgr0,1195,3,LAV,cfcompat_seed1111,-1.704362512,-2.799999952
VbQk4H8hgr0$_$24,VbQk4H8hgr0,1195,3,LAV,cfcompat_seed1114,-2.02899313,-2.799999952
VbQk4H8hgr0$_$24,VbQk4H8hgr0,1195,3,LAV,moddrop_seed1111,-1.777912974,-2.799999952
VbQk4H8hgr0$_$24,VbQk4H8hgr0,1195,3,LAV,moddrop_seed1114,-2.051664114,-2.799999952
VbQk4H8hgr0$_$24,VbQk4H8hgr0,1195,3,LAV,uniform_kd_seed1111,-2.02154398,-2.799999952
VbQk4H8hgr0$_$24,VbQk4H8hgr0,1195,3,LV,cfcompat_seed1111,-1.717904329,-2.799999952
VbQk4H8hgr0$_$24,VbQk4H8hgr0,1195,3,LV,cfcompat_seed1114,-2.026512384,-2.799999952
VbQk4H8hgr0$_$24,VbQk4H8hgr0,1195,3,LV,moddrop_seed1111,-1.788018465,-2.799999952
VbQk4H8hgr0$_$24,VbQk4H8hgr0,1195,3,LV,moddrop_seed1114,-2.061555624,-2.799999952
VbQk4H8hgr0$_$24,VbQk4H8hgr0,1195,3,LV,uniform_kd_seed1111,-2.026765108,-2.799999952
VbQk4H8hgr0$_$25,VbQk4H8hgr0,1196,3,L,cfcompat_seed1111,-1.362498522,-2.200000048
VbQk4H8hgr0$_$25,VbQk4H8hgr0,1196,3,L,cfcompat_seed1114,-0.3590570092,-2.200000048
VbQk4H8hgr0$_$25,VbQk4H8hgr0,1196,3,L,moddrop_seed1111,-1.931504846,-2.200000048
VbQk4H8hgr0$_$25,VbQk4H8hgr0,1196,3,L,moddrop_seed1114,-0.8997457027,-2.200000048
VbQk4H8hgr0$_$25,VbQk4H8hgr0,1196,3,L,uniform_kd_seed1111,0.03491842002,-2.200000048
VbQk4H8hgr0$_$25,VbQk4H8hgr0,1196,3,LA,cfcompat_seed1111,-1.237612009,-2.200000048
VbQk4H8hgr0$_$25,VbQk4H8hgr0,1196,3,LA,cfcompat_seed1114,-0.3189810812,-2.200000048
VbQk4H8hgr0$_$25,VbQk4H8hgr0,1196,3,LA,moddrop_seed1111,-1.825028896,-2.200000048
VbQk4H8hgr0$_$25,VbQk4H8hgr0,1196,3,LA,moddrop_seed1114,-0.8489941955,-2.200000048
VbQk4H8hgr0$_$25,VbQk4H8hgr0,1196,3,LA,uniform_kd_seed1111,0.1535029113,-2.200000048
VbQk4H8hgr0$_$25,VbQk4H8hgr0,1196,3,LAV,cfcompat_seed1111,-1.131270766,-2.200000048
VbQk4H8hgr0$_$25,VbQk4H8hgr0,1196,3,LAV,cfcompat_seed1114,-0.3191363513,-2.200000048
VbQk4H8hgr0$_$25,VbQk4H8hgr0,1196,3,LAV,moddrop_seed1111,-1.718910217,-2.200000048
VbQk4H8hgr0$_$25,VbQk4H8hgr0,1196,3,LAV,moddrop_seed1114,-0.8535622358,-2.200000048
VbQk4H8hgr0$_$25,VbQk4H8hgr0,1196,3,LAV,uniform_kd_seed1111,0.2466744781,-2.200000048
VbQk4H8hgr0$_$25,VbQk4H8hgr0,1196,3,LV,cfcompat_seed1111,-1.260572553,-2.200000048
VbQk4H8hgr0$_$25,VbQk4H8hgr0,1196,3,LV,cfcompat_seed1114,-0.360332191,-2.200000048
VbQk4H8hgr0$_$25,VbQk4H8hgr0,1196,3,LV,moddrop_seed1111,-1.831193447,-2.200000048
VbQk4H8hgr0$_$25,VbQk4H8hgr0,1196,3,LV,moddrop_seed1114,-0.9018371105,-2.200000048
VbQk4H8hgr0$_$25,VbQk4H8hgr0,1196,3,LV,uniform_kd_seed1111,0.1264195144,-2.200000048
VbQk4H8hgr0$_$26,VbQk4H8hgr0,1197,3,L,cfcompat_seed1111,0.4179786146,-1.600000024
VbQk4H8hgr0$_$26,VbQk4H8hgr0,1197,3,L,cfcompat_seed1114,-0.4998017251,-1.600000024
VbQk4H8hgr0$_$26,VbQk4H8hgr0,1197,3,L,moddrop_seed1111,0.3660185039,-1.600000024
VbQk4H8hgr0$_$26,VbQk4H8hgr0,1197,3,L,moddrop_seed1114,-0.4525479078,-1.600000024
VbQk4H8hgr0$_$26,VbQk4H8hgr0,1197,3,L,uniform_kd_seed1111,0.7668259144,-1.600000024
VbQk4H8hgr0$_$26,VbQk4H8hgr0,1197,3,LA,cfcompat_seed1111,0.4162121415,-1.600000024
VbQk4H8hgr0$_$26,VbQk4H8hgr0,1197,3,LA,cfcompat_seed1114,-0.5539962649,-1.600000024
VbQk4H8hgr0$_$26,VbQk4H8hgr0,1197,3,LA,moddrop_seed1111,0.3552415073,-1.600000024
VbQk4H8hgr0$_$26,VbQk4H8hgr0,1197,3,LA,moddrop_seed1114,-0.4901199639,-1.600000024
VbQk4H8hgr0$_$26,VbQk4H8hgr0,1197,3,LA,uniform_kd_seed1111,0.7612640262,-1.600000024
VbQk4H8hgr0$_$26,VbQk4H8hgr0,1197,3,LAV,cfcompat_seed1111,0.5334505439,-1.600000024
VbQk4H8hgr0$_$26,VbQk4H8hgr0,1197,3,LAV,cfcompat_seed1114,-0.6004331708,-1.600000024
VbQk4H8hgr0$_$26,VbQk4H8hgr0,1197,3,LAV,moddrop_seed1111,0.4749880731,-1.600000024
VbQk4H8hgr0$_$26,VbQk4H8hgr0,1197,3,LAV,moddrop_seed1114,-0.53414464,-1.600000024
VbQk4H8hgr0$_$26,VbQk4H8hgr0,1197,3,LAV,uniform_kd_seed1111,0.8485022783,-1.600000024
VbQk4H8hgr0$_$26,VbQk4H8hgr0,1197,3,LV,cfcompat_seed1111,0.5318289995,-1.600000024
VbQk4H8hgr0$_$26,VbQk4H8hgr0,1197,3,LV,cfcompat_seed1114,-0.5473400354,-1.600000024
VbQk4H8hgr0$_$26,VbQk4H8hgr0,1197,3,LV,moddrop_seed1111,0.4829375148,-1.600000024
VbQk4H8hgr0$_$26,VbQk4H8hgr0,1197,3,LV,moddrop_seed1114,-0.4941865504,-1.600000024
VbQk4H8hgr0$_$26,VbQk4H8hgr0,1197,3,LV,uniform_kd_seed1111,0.852391839,-1.600000024
VbQk4H8hgr0$_$27,VbQk4H8hgr0,1198,3,L,cfcompat_seed1111,-1.734680414,-1.799999952
VbQk4H8hgr0$_$27,VbQk4H8hgr0,1198,3,L,cfcompat_seed1114,-1.328337193,-1.799999952
VbQk4H8hgr0$_$27,VbQk4H8hgr0,1198,3,L,moddrop_seed1111,-1.912736177,-1.799999952
VbQk4H8hgr0$_$27,VbQk4H8hgr0,1198,3,L,moddrop_seed1114,-1.492932796,-1.799999952
VbQk4H8hgr0$_$27,VbQk4H8hgr0,1198,3,L,uniform_kd_seed1111,-1.627748728,-1.799999952
VbQk4H8hgr0$_$27,VbQk4H8hgr0,1198,3,LA,cfcompat_seed1111,-1.78783071,-1.799999952
VbQk4H8hgr0$_$27,VbQk4H8hgr0,1198,3,LA,cfcompat_seed1114,-1.37024653,-1.799999952
VbQk4H8hgr0$_$27,VbQk4H8hgr0,1198,3,LA,moddrop_seed1111,-1.962509036,-1.799999952
VbQk4H8hgr0$_$27,VbQk4H8hgr0,1198,3,LA,moddrop_seed1114,-1.5146209,-1.799999952
VbQk4H8hgr0$_$27,VbQk4H8hgr0,1198,3,LA,uniform_kd_seed1111,-1.685254216,-1.799999952
VbQk4H8hgr0$_$27,VbQk4H8hgr0,1198,3,LAV,cfcompat_seed1111,-1.693159461,-1.799999952
VbQk4H8hgr0$_$27,VbQk4H8hgr0,1198,3,LAV,cfcompat_seed1114,-1.391237974,-1.799999952
VbQk4H8hgr0$_$27,VbQk4H8hgr0,1198,3,LAV,moddrop_seed1111,-1.865485787,-1.799999952
VbQk4H8hgr0$_$27,VbQk4H8hgr0,1198,3,LAV,moddrop_seed1114,-1.532911539,-1.799999952
VbQk4H8hgr0$_$27,VbQk4H8hgr0,1198,3,LAV,uniform_kd_seed1111,-1.616305113,-1.799999952
VbQk4H8hgr0$_$27,VbQk4H8hgr0,1198,3,LV,cfcompat_seed1111,-1.644404411,-1.799999952
VbQk4H8hgr0$_$27,VbQk4H8hgr0,1198,3,LV,cfcompat_seed1114,-1.344549179,-1.799999952
VbQk4H8hgr0$_$27,VbQk4H8hgr0,1198,3,LV,moddrop_seed1111,-1.817514777,-1.799999952
VbQk4H8hgr0$_$27,VbQk4H8hgr0,1198,3,LV,moddrop_seed1114,-1.502933979,-1.799999952
VbQk4H8hgr0$_$27,VbQk4H8hgr0,1198,3,LV,uniform_kd_seed1111,-1.561262131,-1.799999952
VbQk4H8hgr0$_$28,VbQk4H8hgr0,1207,3,L,cfcompat_seed1111,-1.83490324,-2
VbQk4H8hgr0$_$28,VbQk4H8hgr0,1207,3,L,cfcompat_seed1114,-1.557035208,-2
VbQk4H8hgr0$_$28,VbQk4H8hgr0,1207,3,L,moddrop_seed1111,-1.888279796,-2
VbQk4H8hgr0$_$28,VbQk4H8hgr0,1207,3,L,moddrop_seed1114,-1.376659155,-2
VbQk4H8hgr0$_$28,VbQk4H8hgr0,1207,3,L,uniform_kd_seed1111,-2.05666995,-2
VbQk4H8hgr0$_$28,VbQk4H8hgr0,1207,3,LA,cfcompat_seed1111,-1.851254225,-2
VbQk4H8hgr0$_$28,VbQk4H8hgr0,1207,3,LA,cfcompat_seed1114,-1.591359854,-2
VbQk4H8hgr0$_$28,VbQk4H8hgr0,1207,3,LA,moddrop_seed1111,-1.904456973,-2
VbQk4H8hgr0$_$28,VbQk4H8hgr0,1207,3,LA,moddrop_seed1114,-1.404274583,-2
VbQk4H8hgr0$_$28,VbQk4H8hgr0,1207,3,LA,uniform_kd_seed1111,-2.071880341,-2
VbQk4H8hgr0$_$28,VbQk4H8hgr0,1207,3,LAV,cfcompat_seed1111,-1.73236084,-2
VbQk4H8hgr0$_$28,VbQk4H8hgr0,1207,3,LAV,cfcompat_seed1114,-1.604541898,-2
VbQk4H8hgr0$_$28,VbQk4H8hgr0,1207,3,LAV,moddrop_seed1111,-1.784546137,-2
VbQk4H8hgr0$_$28,VbQk4H8hgr0,1207,3,LAV,moddrop_seed1114,-1.412226796,-2
VbQk4H8hgr0$_$28,VbQk4H8hgr0,1207,3,LAV,uniform_kd_seed1111,-1.985172033,-2
VbQk4H8hgr0$_$28,VbQk4H8hgr0,1207,3,LV,cfcompat_seed1111,-1.721823931,-2
VbQk4H8hgr0$_$28,VbQk4H8hgr0,1207,3,LV,cfcompat_seed1114,-1.56379962,-2
VbQk4H8hgr0$_$28,VbQk4H8hgr0,1207,3,LV,moddrop_seed1111,-1.770603538,-2
VbQk4H8hgr0$_$28,VbQk4H8hgr0,1207,3,LV,moddrop_seed1114,-1.37591517,-2
VbQk4H8hgr0$_$28,VbQk4H8hgr0,1207,3,LV,uniform_kd_seed1111,-1.971892357,-2
VbQk4H8hgr0$_$29,VbQk4H8hgr0,1208,3,L,cfcompat_seed1111,-0.377841413,-0.400000006
VbQk4H8hgr0$_$29,VbQk4H8hgr0,1208,3,L,cfcompat_seed1114,-0.8998816013,-0.400000006
VbQk4H8hgr0$_$29,VbQk4H8hgr0,1208,3,L,moddrop_seed1111,-0.9173169732,-0.400000006
VbQk4H8hgr0$_$29,VbQk4H8hgr0,1208,3,L,moddrop_seed1114,-0.4135124385,-0.400000006
VbQk4H8hgr0$_$29,VbQk4H8hgr0,1208,3,L,uniform_kd_seed1111,-0.5907537341,-0.400000006
VbQk4H8hgr0$_$29,VbQk4H8hgr0,1208,3,LA,cfcompat_seed1111,-0.3547720313,-0.400000006
VbQk4H8hgr0$_$29,VbQk4H8hgr0,1208,3,LA,cfcompat_seed1114,-0.922976613,-0.400000006
VbQk4H8hgr0$_$29,VbQk4H8hgr0,1208,3,LA,moddrop_seed1111,-0.9110274315,-0.400000006
VbQk4H8hgr0$_$29,VbQk4H8hgr0,1208,3,LA,moddrop_seed1114,-0.4218594432,-0.400000006
VbQk4H8hgr0$_$29,VbQk4H8hgr0,1208,3,LA,uniform_kd_seed1111,-0.5796775818,-0.400000006
VbQk4H8hgr0$_$29,VbQk4H8hgr0,1208,3,LAV,cfcompat_seed1111,-0.2507226467,-0.400000006
VbQk4H8hgr0$_$29,VbQk4H8hgr0,1208,3,LAV,cfcompat_seed1114,-0.9499871135,-0.400000006
VbQk4H8hgr0$_$29,VbQk4H8hgr0,1208,3,LAV,moddrop_seed1111,-0.8052967787,-0.400000006
VbQk4H8hgr0$_$29,VbQk4H8hgr0,1208,3,LAV,moddrop_seed1114,-0.4383175075,-0.400000006
VbQk4H8hgr0$_$29,VbQk4H8hgr0,1208,3,LAV,uniform_kd_seed1111,-0.5031608939,-0.400000006
VbQk4H8hgr0$_$29,VbQk4H8hgr0,1208,3,LV,cfcompat_seed1111,-0.2788797319,-0.400000006
VbQk4H8hgr0$_$29,VbQk4H8hgr0,1208,3,LV,cfcompat_seed1114,-0.9216242433,-0.400000006
VbQk4H8hgr0$_$29,VbQk4H8hgr0,1208,3,LV,moddrop_seed1111,-0.816744864,-0.400000006
VbQk4H8hgr0$_$29,VbQk4H8hgr0,1208,3,LV,moddrop_seed1114,-0.4253685474,-0.400000006
VbQk4H8hgr0$_$29,VbQk4H8hgr0,1208,3,LV,uniform_kd_seed1111,-0.5182849169,-0.400000006
VbQk4H8hgr0$_$3,VbQk4H8hgr0,1212,3,L,cfcompat_seed1111,0.5232916474,-0.8000000119
VbQk4H8hgr0$_$3,VbQk4H8hgr0,1212,3,L,cfcompat_seed1114,0.6400960088,-0.8000000119
VbQk4H8hgr0$_$3,VbQk4H8hgr0,1212,3,L,moddrop_seed1111,1.57395196,-0.8000000119
VbQk4H8hgr0$_$3,VbQk4H8hgr0,1212,3,L,moddrop_seed1114,1.064720869,-0.8000000119
VbQk4H8hgr0$_$3,VbQk4H8hgr0,1212,3,L,uniform_kd_seed1111,0.6594796777,-0.8000000119
VbQk4H8hgr0$_$3,VbQk4H8hgr0,1212,3,LA,cfcompat_seed1111,0.5619297028,-0.8000000119
VbQk4H8hgr0$_$3,VbQk4H8hgr0,1212,3,LA,cfcompat_seed1114,0.6261212826,-0.8000000119
VbQk4H8hgr0$_$3,VbQk4H8hgr0,1212,3,LA,moddrop_seed1111,1.605581522,-0.8000000119
VbQk4H8hgr0$_$3,VbQk4H8hgr0,1212,3,LA,moddrop_seed1114,1.060979724,-0.8000000119
VbQk4H8hgr0$_$3,VbQk4H8hgr0,1212,3,LA,uniform_kd_seed1111,0.6874635816,-0.8000000119
VbQk4H8hgr0$_$3,VbQk4H8hgr0,1212,3,LAV,cfcompat_seed1111,0.6863276362,-0.8000000119
VbQk4H8hgr0$_$3,VbQk4H8hgr0,1212,3,LAV,cfcompat_seed1114,0.6130260229,-0.8000000119
VbQk4H8hgr0$_$3,VbQk4H8hgr0,1212,3,LAV,moddrop_seed1111,1.729629278,-0.8000000119
VbQk4H8hgr0$_$3,VbQk4H8hgr0,1212,3,LAV,moddrop_seed1114,1.058785558,-0.8000000119
VbQk4H8hgr0$_$3,VbQk4H8hgr0,1212,3,LAV,uniform_kd_seed1111,0.7827664614,-0.8000000119
VbQk4H8hgr0$_$3,VbQk4H8hgr0,1212,3,LV,cfcompat_seed1111,0.6427650452,-0.8000000119
VbQk4H8hgr0$_$3,VbQk4H8hgr0,1212,3,LV,cfcompat_seed1114,0.6334027648,-0.8000000119
VbQk4H8hgr0$_$3,VbQk4H8hgr0,1212,3,LV,moddrop_seed1111,1.694418073,-0.8000000119
VbQk4H8hgr0$_$3,VbQk4H8hgr0,1212,3,LV,moddrop_seed1114,1.065068245,-0.8000000119
VbQk4H8hgr0$_$3,VbQk4H8hgr0,1212,3,LV,uniform_kd_seed1111,0.7497885823,-0.8000000119
VbQk4H8hgr0$_$30,VbQk4H8hgr0,1234,3,L,cfcompat_seed1111,-0.1470523775,0
VbQk4H8hgr0$_$30,VbQk4H8hgr0,1234,3,L,cfcompat_seed1114,-0.005783271044,0
VbQk4H8hgr0$_$30,VbQk4H8hgr0,1234,3,L,moddrop_seed1111,-0.5474663377,0
VbQk4H8hgr0$_$30,VbQk4H8hgr0,1234,3,L,moddrop_seed1114,0.3224872053,0
VbQk4H8hgr0$_$30,VbQk4H8hgr0,1234,3,L,uniform_kd_seed1111,-0.001171926036,0
VbQk4H8hgr0$_$30,VbQk4H8hgr0,1234,3,LA,cfcompat_seed1111,-0.04994053394,0
VbQk4H8hgr0$_$30,VbQk4H8hgr0,1234,3,LA,cfcompat_seed1114,0.01190233603,0
VbQk4H8hgr0$_$30,VbQk4H8hgr0,1234,3,LA,moddrop_seed1111,-0.4652398229,0
VbQk4H8hgr0$_$30,VbQk4H8hgr0,1234,3,LA,moddrop_seed1114,0.3545482457,0
VbQk4H8hgr0$_$30,VbQk4H8hgr0,1234,3,LA,uniform_kd_seed1111,0.08118321747,0
VbQk4H8hgr0$_$30,VbQk4H8hgr0,1234,3,LAV,cfcompat_seed1111,0.07101845741,0
VbQk4H8hgr0$_$30,VbQk4H8hgr0,1234,3,LAV,cfcompat_seed1114,0.001255821437,0
VbQk4H8hgr0$_$30,VbQk4H8hgr0,1234,3,LAV,moddrop_seed1111,-0.3436633945,0
VbQk4H8hgr0$_$30,VbQk4H8hgr0,1234,3,LAV,moddrop_seed1114,0.3482707441,0
VbQk4H8hgr0$_$30,VbQk4H8hgr0,1234,3,LAV,uniform_kd_seed1111,0.1716255397,0
VbQk4H8hgr0$_$30,VbQk4H8hgr0,1234,3,LV,cfcompat_seed1111,-0.03263510764,0
VbQk4H8hgr0$_$30,VbQk4H8hgr0,1234,3,LV,cfcompat_seed1114,-0.01724359021,0
VbQk4H8hgr0$_$30,VbQk4H8hgr0,1234,3,LV,moddrop_seed1111,-0.4322825968,0
VbQk4H8hgr0$_$30,VbQk4H8hgr0,1234,3,LV,moddrop_seed1114,0.3174523115,0
VbQk4H8hgr0$_$30,VbQk4H8hgr0,1234,3,LV,uniform_kd_seed1111,0.08642921597,0
VbQk4H8hgr0$_$31,VbQk4H8hgr0,1233,3,L,cfcompat_seed1111,-1.708417773,-1.399999976
VbQk4H8hgr0$_$31,VbQk4H8hgr0,1233,3,L,cfcompat_seed1114,-1.960395217,-1.399999976
VbQk4H8hgr0$_$31,VbQk4H8hgr0,1233,3,L,moddrop_seed1111,-1.884345174,-1.399999976
VbQk4H8hgr0$_$31,VbQk4H8hgr0,1233,3,L,moddrop_seed1114,-1.950402379,-1.399999976
VbQk4H8hgr0$_$31,VbQk4H8hgr0,1233,3,L,uniform_kd_seed1111,-1.982444286,-1.399999976
VbQk4H8hgr0$_$31,VbQk4H8hgr0,1233,3,LA,cfcompat_seed1111,-1.759927392,-1.399999976
VbQk4H8hgr0$_$31,VbQk4H8hgr0,1233,3,LA,cfcompat_seed1114,-1.995272398,-1.399999976
VbQk4H8hgr0$_$31,VbQk4H8hgr0,1233,3,LA,moddrop_seed1111,-1.934357524,-1.399999976
VbQk4H8hgr0$_$31,VbQk4H8hgr0,1233,3,LA,moddrop_seed1114,-1.976837397,-1.399999976
VbQk4H8hgr0$_$31,VbQk4H8hgr0,1233,3,LA,uniform_kd_seed1111,-2.036427259,-1.399999976
VbQk4H8hgr0$_$31,VbQk4H8hgr0,1233,3,LAV,cfcompat_seed1111,-1.663219213,-1.399999976
VbQk4H8hgr0$_$31,VbQk4H8hgr0,1233,3,LAV,cfcompat_seed1114,-2.012230635,-1.399999976
VbQk4H8hgr0$_$31,VbQk4H8hgr0,1233,3,LAV,moddrop_seed1111,-1.833534718,-1.399999976
VbQk4H8hgr0$_$31,VbQk4H8hgr0,1233,3,LAV,moddrop_seed1114,-1.985688567,-1.399999976
VbQk4H8hgr0$_$31,VbQk4H8hgr0,1233,3,LAV,uniform_kd_seed1111,-1.965837121,-1.399999976
VbQk4H8hgr0$_$31,VbQk4H8hgr0,1233,3,LV,cfcompat_seed1111,-1.61917913,-1.399999976
VbQk4H8hgr0$_$31,VbQk4H8hgr0,1233,3,LV,cfcompat_seed1114,-1.980938196,-1.399999976
VbQk4H8hgr0$_$31,VbQk4H8hgr0,1233,3,LV,moddrop_seed1111,-1.789156079,-1.399999976
VbQk4H8hgr0$_$31,VbQk4H8hgr0,1233,3,LV,moddrop_seed1114,-1.964193702,-1.399999976
VbQk4H8hgr0$_$31,VbQk4H8hgr0,1233,3,LV,uniform_kd_seed1111,-1.921158671,-1.399999976
VbQk4H8hgr0$_$32,VbQk4H8hgr0,1241,3,L,cfcompat_seed1111,-1.860101104,-2.799999952
VbQk4H8hgr0$_$32,VbQk4H8hgr0,1241,3,L,cfcompat_seed1114,-2.059958696,-2.799999952
VbQk4H8hgr0$_$32,VbQk4H8hgr0,1241,3,L,moddrop_seed1111,-1.88275671,-2.799999952
VbQk4H8hgr0$_$32,VbQk4H8hgr0,1241,3,L,moddrop_seed1114,-2.096564054,-2.799999952
VbQk4H8hgr0$_$32,VbQk4H8hgr0,1241,3,L,uniform_kd_seed1111,-2.091580629,-2.799999952
VbQk4H8hgr0$_$32,VbQk4H8hgr0,1241,3,LA,cfcompat_seed1111,-1.8773489,-2.799999952
VbQk4H8hgr0$_$32,VbQk4H8hgr0,1241,3,LA,cfcompat_seed1114,-2.088819265,-2.799999952
VbQk4H8hgr0$_$32,VbQk4H8hgr0,1241,3,LA,moddrop_seed1111,-1.897002816,-2.799999952
VbQk4H8hgr0$_$32,VbQk4H8hgr0,1241,3,LA,moddrop_seed1114,-2.109817505,-2.799999952
VbQk4H8hgr0$_$32,VbQk4H8hgr0,1241,3,LA,uniform_kd_seed1111,-2.105567217,-2.799999952
VbQk4H8hgr0$_$32,VbQk4H8hgr0,1241,3,LAV,cfcompat_seed1111,-1.764659524,-2.799999952
VbQk4H8hgr0$_$32,VbQk4H8hgr0,1241,3,LAV,cfcompat_seed1114,-2.101305008,-2.799999952
VbQk4H8hgr0$_$32,VbQk4H8hgr0,1241,3,LAV,moddrop_seed1111,-1.783973098,-2.799999952
VbQk4H8hgr0$_$32,VbQk4H8hgr0,1241,3,LAV,moddrop_seed1114,-2.11281991,-2.799999952
VbQk4H8hgr0$_$32,VbQk4H8hgr0,1241,3,LAV,uniform_kd_seed1111,-2.025461674,-2.799999952
VbQk4H8hgr0$_$32,VbQk4H8hgr0,1241,3,LV,cfcompat_seed1111,-1.75769496,-2.799999952
VbQk4H8hgr0$_$32,VbQk4H8hgr0,1241,3,LV,cfcompat_seed1114,-2.074056149,-2.799999952
VbQk4H8hgr0$_$32,VbQk4H8hgr0,1241,3,LV,moddrop_seed1111,-1.774169803,-2.799999952
VbQk4H8hgr0$_$32,VbQk4H8hgr0,1241,3,LV,moddrop_seed1114,-2.097262621,-2.799999952
VbQk4H8hgr0$_$32,VbQk4H8hgr0,1241,3,LV,uniform_kd_seed1111,-2.014817238,-2.799999952
VbQk4H8hgr0$_$33,VbQk4H8hgr0,1239,3,L,cfcompat_seed1111,0.9527034163,0.400000006
VbQk4H8hgr0$_$33,VbQk4H8hgr0,1239,3,L,cfcompat_seed1114,1.587955356,0.400000006
VbQk4H8hgr0$_$33,VbQk4H8hgr0,1239,3,L,moddrop_seed1111,2.046590567,0.400000006
VbQk4H8hgr0$_$33,VbQk4H8hgr0,1239,3,L,moddrop_seed1114,2.012530327,0.400000006
VbQk4H8hgr0$_$33,VbQk4H8hgr0,1239,3,L,uniform_kd_seed1111,0.5793966055,0.400000006
VbQk4H8hgr0$_$33,VbQk4H8hgr0,1239,3,LA,cfcompat_seed1111,0.9820813537,0.400000006
VbQk4H8hgr0$_$33,VbQk4H8hgr0,1239,3,LA,cfcompat_seed1114,1.563034654,0.400000006
VbQk4H8hgr0$_$33,VbQk4H8hgr0,1239,3,LA,moddrop_seed1111,2.070692062,0.400000006
VbQk4H8hgr0$_$33,VbQk4H8hgr0,1239,3,LA,moddrop_seed1114,2.008937836,0.400000006
VbQk4H8hgr0$_$33,VbQk4H8hgr0,1239,3,LA,uniform_kd_seed1111,0.5961223841,0.400000006
VbQk4H8hgr0$_$33,VbQk4H8hgr0,1239,3,LAV,cfcompat_seed1111,1.106607318,0.400000006
VbQk4H8hgr0$_$33,VbQk4H8hgr0,1239,3,LAV,cfcompat_seed1114,1.548908114,0.400000006
VbQk4H8hgr0$_$33,VbQk4H8hgr0,1239,3,LAV,moddrop_seed1111,2.190010071,0.400000006
VbQk4H8hgr0$_$33,VbQk4H8hgr0,1239,3,LAV,moddrop_seed1114,2.010916948,0.400000006
VbQk4H8hgr0$_$33,VbQk4H8hgr0,1239,3,LAV,uniform_kd_seed1111,0.6920580268,0.400000006
VbQk4H8hgr0$_$33,VbQk4H8hgr0,1239,3,LV,cfcompat_seed1111,1.074525118,0.400000006
VbQk4H8hgr0$_$33,VbQk4H8hgr0,1239,3,LV,cfcompat_seed1114,1.578009129,0.400000006
VbQk4H8hgr0$_$33,VbQk4H8hgr0,1239,3,LV,moddrop_seed1111,2.157123566,0.400000006
VbQk4H8hgr0$_$33,VbQk4H8hgr0,1239,3,LV,moddrop_seed1114,2.021990299,0.400000006
VbQk4H8hgr0$_$33,VbQk4H8hgr0,1239,3,LV,uniform_kd_seed1111,0.6709555387,0.400000006
VbQk4H8hgr0$_$34,VbQk4H8hgr0,1238,3,L,cfcompat_seed1111,-0.348991394,-0.200000003
VbQk4H8hgr0$_$34,VbQk4H8hgr0,1238,3,L,cfcompat_seed1114,0.3477136493,-0.200000003
VbQk4H8hgr0$_$34,VbQk4H8hgr0,1238,3,L,moddrop_seed1111,-0.626980722,-0.200000003
VbQk4H8hgr0$_$34,VbQk4H8hgr0,1238,3,L,moddrop_seed1114,0.7258929014,-0.200000003
VbQk4H8hgr0$_$34,VbQk4H8hgr0,1238,3,L,uniform_kd_seed1111,-0.4061793983,-0.200000003
VbQk4H8hgr0$_$34,VbQk4H8hgr0,1238,3,LA,cfcompat_seed1111,-0.244838953,-0.200000003
VbQk4H8hgr0$_$34,VbQk4H8hgr0,1238,3,LA,cfcompat_seed1114,0.3663193285,-0.200000003
VbQk4H8hgr0$_$34,VbQk4H8hgr0,1238,3,LA,moddrop_seed1111,-0.5373318195,-0.200000003
VbQk4H8hgr0$_$34,VbQk4H8hgr0,1238,3,LA,moddrop_seed1114,0.7534806132,-0.200000003
VbQk4H8hgr0$_$34,VbQk4H8hgr0,1238,3,LA,uniform_kd_seed1111,-0.3192564845,-0.200000003
VbQk4H8hgr0$_$34,VbQk4H8hgr0,1238,3,LAV,cfcompat_seed1111,-0.1282244921,-0.200000003
VbQk4H8hgr0$_$34,VbQk4H8hgr0,1238,3,LAV,cfcompat_seed1114,0.3367747962,-0.200000003
VbQk4H8hgr0$_$34,VbQk4H8hgr0,1238,3,LAV,moddrop_seed1111,-0.4189573228,-0.200000003
VbQk4H8hgr0$_$34,VbQk4H8hgr0,1238,3,LAV,moddrop_seed1114,0.7317396402,-0.200000003
VbQk4H8hgr0$_$34,VbQk4H8hgr0,1238,3,LAV,uniform_kd_seed1111,-0.2325067669,-0.200000003
VbQk4H8hgr0$_$34,VbQk4H8hgr0,1238,3,LV,cfcompat_seed1111,-0.2404626608,-0.200000003
VbQk4H8hgr0$_$34,VbQk4H8hgr0,1238,3,LV,cfcompat_seed1114,0.3225218058,-0.200000003
VbQk4H8hgr0$_$34,VbQk4H8hgr0,1238,3,LV,moddrop_seed1111,-0.5164306164,-0.200000003
VbQk4H8hgr0$_$34,VbQk4H8hgr0,1238,3,LV,moddrop_seed1114,0.7097678781,-0.200000003
VbQk4H8hgr0$_$34,VbQk4H8hgr0,1238,3,LV,uniform_kd_seed1111,-0.3243813515,-0.200000003
VbQk4H8hgr0$_$35,VbQk4H8hgr0,1237,3,L,cfcompat_seed1111,-1.538176894,-1.799999952
VbQk4H8hgr0$_$35,VbQk4H8hgr0,1237,3,L,cfcompat_seed1114,-1.722387195,-1.799999952
VbQk4H8hgr0$_$35,VbQk4H8hgr0,1237,3,L,moddrop_seed1111,-1.922354817,-1.799999952
VbQk4H8hgr0$_$35,VbQk4H8hgr0,1237,3,L,moddrop_seed1114,-1.540739894,-1.799999952
VbQk4H8hgr0$_$35,VbQk4H8hgr0,1237,3,L,uniform_kd_seed1111,-1.64897573,-1.799999952
VbQk4H8hgr0$_$35,VbQk4H8hgr0,1237,3,LA,cfcompat_seed1111,-1.603143454,-1.799999952
VbQk4H8hgr0$_$35,VbQk4H8hgr0,1237,3,LA,cfcompat_seed1114,-1.772475243,-1.799999952
VbQk4H8hgr0$_$35,VbQk4H8hgr0,1237,3,LA,moddrop_seed1111,-1.98092103,-1.799999952
VbQk4H8hgr0$_$35,VbQk4H8hgr0,1237,3,LA,moddrop_seed1114,-1.583614707,-1.799999952
VbQk4H8hgr0$_$35,VbQk4H8hgr0,1237,3,LA,uniform_kd_seed1111,-1.715578914,-1.799999952
VbQk4H8hgr0$_$35,VbQk4H8hgr0,1237,3,LAV,cfcompat_seed1111,-1.503673792,-1.799999952
VbQk4H8hgr0$_$35,VbQk4H8hgr0,1237,3,LAV,cfcompat_seed1114,-1.799897432,-1.799999952
VbQk4H8hgr0$_$35,VbQk4H8hgr0,1237,3,LAV,moddrop_seed1111,-1.879479766,-1.799999952
VbQk4H8hgr0$_$35,VbQk4H8hgr0,1237,3,LAV,moddrop_seed1114,-1.610050559,-1.799999952
VbQk4H8hgr0$_$35,VbQk4H8hgr0,1237,3,LAV,uniform_kd_seed1111,-1.641641498,-1.799999952
VbQk4H8hgr0$_$35,VbQk4H8hgr0,1237,3,LV,cfcompat_seed1111,-1.446357727,-1.799999952
VbQk4H8hgr0$_$35,VbQk4H8hgr0,1237,3,LV,cfcompat_seed1114,-1.751648426,-1.799999952
VbQk4H8hgr0$_$35,VbQk4H8hgr0,1237,3,LV,moddrop_seed1111,-1.826293111,-1.799999952
VbQk4H8hgr0$_$35,VbQk4H8hgr0,1237,3,LV,moddrop_seed1114,-1.562619805,-1.799999952
VbQk4H8hgr0$_$35,VbQk4H8hgr0,1237,3,LV,uniform_kd_seed1111,-1.58386445,-1.799999952
VbQk4H8hgr0$_$36,VbQk4H8hgr0,1236,3,L,cfcompat_seed1111,-0.8393039703,-1.399999976
VbQk4H8hgr0$_$36,VbQk4H8hgr0,1236,3,L,cfcompat_seed1114,-0.3872287869,-1.399999976
VbQk4H8hgr0$_$36,VbQk4H8hgr0,1236,3,L,moddrop_seed1111,-1.907963276,-1.399999976
VbQk4H8hgr0$_$36,VbQk4H8hgr0,1236,3,L,moddrop_seed1114,-0.6975653768,-1.399999976
VbQk4H8hgr0$_$36,VbQk4H8hgr0,1236,3,L,uniform_kd_seed1111,-1.300279617,-1.399999976
VbQk4H8hgr0$_$36,VbQk4H8hgr0,1236,3,LA,cfcompat_seed1111,-0.7499767542,-1.399999976
VbQk4H8hgr0$_$36,VbQk4H8hgr0,1236,3,LA,cfcompat_seed1114,-0.3754906356,-1.399999976
VbQk4H8hgr0$_$36,VbQk4H8hgr0,1236,3,LA,moddrop_seed1111,-1.839589715,-1.399999976
VbQk4H8hgr0$_$36,VbQk4H8hgr0,1236,3,LA,moddrop_seed1114,-0.6669242382,-1.399999976
VbQk4H8hgr0$_$36,VbQk4H8hgr0,1236,3,LA,uniform_kd_seed1111,-1.237999797,-1.399999976
VbQk4H8hgr0$_$36,VbQk4H8hgr0,1236,3,LAV,cfcompat_seed1111,-0.6398874521,-1.399999976
VbQk4H8hgr0$_$36,VbQk4H8hgr0,1236,3,LAV,cfcompat_seed1114,-0.3903539479,-1.399999976
VbQk4H8hgr0$_$36,VbQk4H8hgr0,1236,3,LAV,moddrop_seed1111,-1.738411903,-1.399999976
VbQk4H8hgr0$_$36,VbQk4H8hgr0,1236,3,LAV,moddrop_seed1114,-0.6865104437,-1.399999976
VbQk4H8hgr0$_$36,VbQk4H8hgr0,1236,3,LAV,uniform_kd_seed1111,-1.156490088,-1.399999976
VbQk4H8hgr0$_$36,VbQk4H8hgr0,1236,3,LV,cfcompat_seed1111,-0.7361217141,-1.399999976
VbQk4H8hgr0$_$36,VbQk4H8hgr0,1236,3,LV,cfcompat_seed1114,-0.4019449949,-1.399999976
VbQk4H8hgr0$_$36,VbQk4H8hgr0,1236,3,LV,moddrop_seed1111,-1.811344624,-1.399999976
VbQk4H8hgr0$_$36,VbQk4H8hgr0,1236,3,LV,moddrop_seed1114,-0.7102663517,-1.399999976
VbQk4H8hgr0$_$36,VbQk4H8hgr0,1236,3,LV,uniform_kd_seed1111,-1.227330089,-1.399999976
VbQk4H8hgr0$_$37,VbQk4H8hgr0,1235,3,L,cfcompat_seed1111,-1.871653199,-1.799999952
VbQk4H8hgr0$_$37,VbQk4H8hgr0,1235,3,L,cfcompat_seed1114,-2.02406311,-1.799999952
VbQk4H8hgr0$_$37,VbQk4H8hgr0,1235,3,L,moddrop_seed1111,-1.858441353,-1.799999952
VbQk4H8hgr0$_$37,VbQk4H8hgr0,1235,3,L,moddrop_seed1114,-2.007434607,-1.799999952
VbQk4H8hgr0$_$37,VbQk4H8hgr0,1235,3,L,uniform_kd_seed1111,-2.089782953,-1.799999952
VbQk4H8hgr0$_$37,VbQk4H8hgr0,1235,3,LA,cfcompat_seed1111,-1.923523307,-1.799999952
VbQk4H8hgr0$_$37,VbQk4H8hgr0,1235,3,LA,cfcompat_seed1114,-2.054719925,-1.799999952
VbQk4H8hgr0$_$37,VbQk4H8hgr0,1235,3,LA,moddrop_seed1111,-1.908909678,-1.799999952
VbQk4H8hgr0$_$37,VbQk4H8hgr0,1235,3,LA,moddrop_seed1114,-2.025750637,-1.799999952
VbQk4H8hgr0$_$37,VbQk4H8hgr0,1235,3,LA,uniform_kd_seed1111,-2.139849186,-1.799999952
VbQk4H8hgr0$_$37,VbQk4H8hgr0,1235,3,LAV,cfcompat_seed1111,-1.821720123,-1.799999952
VbQk4H8hgr0$_$37,VbQk4H8hgr0,1235,3,LAV,cfcompat_seed1114,-2.065645218,-1.799999952
VbQk4H8hgr0$_$37,VbQk4H8hgr0,1235,3,LAV,moddrop_seed1111,-1.804528594,-1.799999952
VbQk4H8hgr0$_$37,VbQk4H8hgr0,1235,3,LAV,moddrop_seed1114,-2.029918671,-1.799999952
VbQk4H8hgr0$_$37,VbQk4H8hgr0,1235,3,LAV,uniform_kd_seed1111,-2.064577103,-1.799999952
VbQk4H8hgr0$_$37,VbQk4H8hgr0,1235,3,LV,cfcompat_seed1111,-1.776381254,-1.799999952
VbQk4H8hgr0$_$37,VbQk4H8hgr0,1235,3,LV,cfcompat_seed1114,-2.038069963,-1.799999952
VbQk4H8hgr0$_$37,VbQk4H8hgr0,1235,3,LV,moddrop_seed1111,-1.756013155,-1.799999952
VbQk4H8hgr0$_$37,VbQk4H8hgr0,1235,3,LV,moddrop_seed1114,-2.013098955,-1.799999952
VbQk4H8hgr0$_$37,VbQk4H8hgr0,1235,3,LV,uniform_kd_seed1111,-2.020675182,-1.799999952
VbQk4H8hgr0$_$38,VbQk4H8hgr0,1222,3,L,cfcompat_seed1111,0.06766235828,-0.200000003
VbQk4H8hgr0$_$38,VbQk4H8hgr0,1222,3,L,cfcompat_seed1114,1.026529789,-0.200000003
VbQk4H8hgr0$_$38,VbQk4H8hgr0,1222,3,L,moddrop_seed1111,1.290015221,-0.200000003
VbQk4H8hgr0$_$38,VbQk4H8hgr0,1222,3,L,moddrop_seed1114,1.636995077,-0.200000003
VbQk4H8hgr0$_$38,VbQk4H8hgr0,1222,3,L,uniform_kd_seed1111,-0.5272040367,-0.200000003
VbQk4H8hgr0$_$38,VbQk4H8hgr0,1222,3,LA,cfcompat_seed1111,0.1984296739,-0.200000003
VbQk4H8hgr0$_$38,VbQk4H8hgr0,1222,3,LA,cfcompat_seed1114,1.06233573,-0.200000003
VbQk4H8hgr0$_$38,VbQk4H8hgr0,1222,3,LA,moddrop_seed1111,1.404971242,-0.200000003
VbQk4H8hgr0$_$38,VbQk4H8hgr0,1222,3,LA,moddrop_seed1114,1.68102634,-0.200000003
VbQk4H8hgr0$_$38,VbQk4H8hgr0,1222,3,LA,uniform_kd_seed1111,-0.4200776219,-0.200000003
VbQk4H8hgr0$_$38,VbQk4H8hgr0,1222,3,LAV,cfcompat_seed1111,0.3231278956,-0.200000003
VbQk4H8hgr0$_$38,VbQk4H8hgr0,1222,3,LAV,cfcompat_seed1114,1.057852507,-0.200000003
VbQk4H8hgr0$_$38,VbQk4H8hgr0,1222,3,LAV,moddrop_seed1111,1.532063007,-0.200000003
VbQk4H8hgr0$_$38,VbQk4H8hgr0,1222,3,LAV,moddrop_seed1114,1.68588233,-0.200000003
VbQk4H8hgr0$_$38,VbQk4H8hgr0,1222,3,LAV,uniform_kd_seed1111,-0.3253413141,-0.200000003
VbQk4H8hgr0$_$38,VbQk4H8hgr0,1222,3,LV,cfcompat_seed1111,0.1893803775,-0.200000003
VbQk4H8hgr0$_$38,VbQk4H8hgr0,1222,3,LV,cfcompat_seed1114,1.024475098,-0.200000003
VbQk4H8hgr0$_$38,VbQk4H8hgr0,1222,3,LV,moddrop_seed1111,1.416530132,-0.200000003
VbQk4H8hgr0$_$38,VbQk4H8hgr0,1222,3,LV,moddrop_seed1114,1.646103144,-0.200000003
VbQk4H8hgr0$_$38,VbQk4H8hgr0,1222,3,LV,uniform_kd_seed1111,-0.436170727,-0.200000003
VbQk4H8hgr0$_$39,VbQk4H8hgr0,1221,3,L,cfcompat_seed1111,-1.879562616,-2
VbQk4H8hgr0$_$39,VbQk4H8hgr0,1221,3,L,cfcompat_seed1114,-2.019330263,-2
VbQk4H8hgr0$_$39,VbQk4H8hgr0,1221,3,L,moddrop_seed1111,-1.859640837,-2
VbQk4H8hgr0$_$39,VbQk4H8hgr0,1221,3,L,moddrop_seed1114,-1.918641925,-2
VbQk4H8hgr0$_$39,VbQk4H8hgr0,1221,3,L,uniform_kd_seed1111,-2.089181185,-2
VbQk4H8hgr0$_$39,VbQk4H8hgr0,1221,3,LA,cfcompat_seed1111,-1.892277479,-2
VbQk4H8hgr0$_$39,VbQk4H8hgr0,1221,3,LA,cfcompat_seed1114,-2.030246973,-2
VbQk4H8hgr0$_$39,VbQk4H8hgr0,1221,3,LA,moddrop_seed1111,-1.867512822,-2
VbQk4H8hgr0$_$39,VbQk4H8hgr0,1221,3,LA,moddrop_seed1114,-1.921802878,-2
VbQk4H8hgr0$_$39,VbQk4H8hgr0,1221,3,LA,uniform_kd_seed1111,-2.101467371,-2
VbQk4H8hgr0$_$39,VbQk4H8hgr0,1221,3,LAV,cfcompat_seed1111,-1.801951766,-2
VbQk4H8hgr0$_$39,VbQk4H8hgr0,1221,3,LAV,cfcompat_seed1114,-2.043319941,-2
VbQk4H8hgr0$_$39,VbQk4H8hgr0,1221,3,LAV,moddrop_seed1111,-1.77265501,-2
VbQk4H8hgr0$_$39,VbQk4H8hgr0,1221,3,LAV,moddrop_seed1114,-1.931227803,-2
VbQk4H8hgr0$_$39,VbQk4H8hgr0,1221,3,LAV,uniform_kd_seed1111,-2.037913084,-2
VbQk4H8hgr0$_$39,VbQk4H8hgr0,1221,3,LV,cfcompat_seed1111,-1.800050974,-2
VbQk4H8hgr0$_$39,VbQk4H8hgr0,1221,3,LV,cfcompat_seed1114,-2.038541317,-2
VbQk4H8hgr0$_$39,VbQk4H8hgr0,1221,3,LV,moddrop_seed1111,-1.771079302,-2
VbQk4H8hgr0$_$39,VbQk4H8hgr0,1221,3,LV,moddrop_seed1114,-1.931849837,-2
VbQk4H8hgr0$_$39,VbQk4H8hgr0,1221,3,LV,uniform_kd_seed1111,-2.0345788,-2
VbQk4H8hgr0$_$4,VbQk4H8hgr0,1215,3,L,cfcompat_seed1111,-1.632626534,-2.200000048
VbQk4H8hgr0$_$4,VbQk4H8hgr0,1215,3,L,cfcompat_seed1114,-1.548349619,-2.200000048
VbQk4H8hgr0$_$4,VbQk4H8hgr0,1215,3,L,moddrop_seed1111,-1.932292461,-2.200000048
VbQk4H8hgr0$_$4,VbQk4H8hgr0,1215,3,L,moddrop_seed1114,-1.349352121,-2.200000048
VbQk4H8hgr0$_$4,VbQk4H8hgr0,1215,3,L,uniform_kd_seed1111,-1.391626477,-2.200000048
VbQk4H8hgr0$_$4,VbQk4H8hgr0,1215,3,LA,cfcompat_seed1111,-1.670888543,-2.200000048
VbQk4H8hgr0$_$4,VbQk4H8hgr0,1215,3,LA,cfcompat_seed1114,-1.586313009,-2.200000048
VbQk4H8hgr0$_$4,VbQk4H8hgr0,1215,3,LA,moddrop_seed1111,-1.964968801,-2.200000048
VbQk4H8hgr0$_$4,VbQk4H8hgr0,1215,3,LA,moddrop_seed1114,-1.381833196,-2.200000048
VbQk4H8hgr0$_$4,VbQk4H8hgr0,1215,3,LA,uniform_kd_seed1111,-1.435424089,-2.200000048
VbQk4H8hgr0$_$4,VbQk4H8hgr0,1215,3,LAV,cfcompat_seed1111,-1.554960012,-2.200000048
VbQk4H8hgr0$_$4,VbQk4H8hgr0,1215,3,LAV,cfcompat_seed1114,-1.597870469,-2.200000048
VbQk4H8hgr0$_$4,VbQk4H8hgr0,1215,3,LAV,moddrop_seed1111,-1.852581024,-2.200000048
VbQk4H8hgr0$_$4,VbQk4H8hgr0,1215,3,LAV,moddrop_seed1114,-1.388939857,-2.200000048
VbQk4H8hgr0$_$4,VbQk4H8hgr0,1215,3,LAV,uniform_kd_seed1111,-1.341161251,-2.200000048
VbQk4H8hgr0$_$4,VbQk4H8hgr0,1215,3,LV,cfcompat_seed1111,-1.526294231,-2.200000048
VbQk4H8hgr0$_$4,VbQk4H8hgr0,1215,3,LV,cfcompat_seed1114,-1.555236816,-2.200000048
VbQk4H8hgr0$_$4,VbQk4H8hgr0,1215,3,LV,moddrop_seed1111,-1.824858665,-2.200000048
VbQk4H8hgr0$_$4,VbQk4H8hgr0,1215,3,LV,moddrop_seed1114,-1.351913452,-2.200000048
VbQk4H8hgr0$_$4,VbQk4H8hgr0,1215,3,LV,uniform_kd_seed1111,-1.306607008,-2.200000048
VbQk4H8hgr0$_$40,VbQk4H8hgr0,1209,3,L,cfcompat_seed1111,-1.800680518,-1.200000048
VbQk4H8hgr0$_$40,VbQk4H8hgr0,1209,3,L,cfcompat_seed1114,-1.53701961,-1.200000048
VbQk4H8hgr0$_$40,VbQk4H8hgr0,1209,3,L,moddrop_seed1111,-1.889407754,-1.200000048
VbQk4H8hgr0$_$40,VbQk4H8hgr0,1209,3,L,moddrop_seed1114,-1.746815324,-1.200000048
VbQk4H8hgr0$_$40,VbQk4H8hgr0,1209,3,L,uniform_kd_seed1111,-2.061842203,-1.200000048
VbQk4H8hgr0$_$40,VbQk4H8hgr0,1209,3,LA,cfcompat_seed1111,-1.836003423,-1.200000048
VbQk4H8hgr0$_$40,VbQk4H8hgr0,1209,3,LA,cfcompat_seed1114,-1.57664609,-1.200000048
VbQk4H8hgr0$_$40,VbQk4H8hgr0,1209,3,LA,moddrop_seed1111,-1.919478297,-1.200000048
VbQk4H8hgr0$_$40,VbQk4H8hgr0,1209,3,LA,moddrop_seed1114,-1.772338271,-1.200000048
VbQk4H8hgr0$_$40,VbQk4H8hgr0,1209,3,LA,uniform_kd_seed1111,-2.096966743,-1.200000048
VbQk4H8hgr0$_$40,VbQk4H8hgr0,1209,3,LAV,cfcompat_seed1111,-1.736754656,-1.200000048
VbQk4H8hgr0$_$40,VbQk4H8hgr0,1209,3,LAV,cfcompat_seed1114,-1.618157148,-1.200000048
VbQk4H8hgr0$_$40,VbQk4H8hgr0,1209,3,LAV,moddrop_seed1111,-1.816994905,-1.200000048
VbQk4H8hgr0$_$40,VbQk4H8hgr0,1209,3,LAV,moddrop_seed1114,-1.799962282,-1.200000048
VbQk4H8hgr0$_$40,VbQk4H8hgr0,1209,3,LAV,uniform_kd_seed1111,-2.023873806,-1.200000048
VbQk4H8hgr0$_$40,VbQk4H8hgr0,1209,3,LV,cfcompat_seed1111,-1.71229887,-1.200000048
VbQk4H8hgr0$_$40,VbQk4H8hgr0,1209,3,LV,cfcompat_seed1114,-1.575736284,-1.200000048
VbQk4H8hgr0$_$40,VbQk4H8hgr0,1209,3,LV,moddrop_seed1111,-1.792510033,-1.200000048
VbQk4H8hgr0$_$40,VbQk4H8hgr0,1209,3,LV,moddrop_seed1114,-1.777415752,-1.200000048
VbQk4H8hgr0$_$40,VbQk4H8hgr0,1209,3,LV,uniform_kd_seed1111,-1.99770999,-1.200000048
VbQk4H8hgr0$_$41,VbQk4H8hgr0,1210,3,L,cfcompat_seed1111,0.6797717214,-2.599999905
VbQk4H8hgr0$_$41,VbQk4H8hgr0,1210,3,L,cfcompat_seed1114,-1.238583922,-2.599999905
VbQk4H8hgr0$_$41,VbQk4H8hgr0,1210,3,L,moddrop_seed1111,-1.868339777,-2.599999905
VbQk4H8hgr0$_$41,VbQk4H8hgr0,1210,3,L,moddrop_seed1114,-0.3938081264,-2.599999905
VbQk4H8hgr0$_$41,VbQk4H8hgr0,1210,3,L,uniform_kd_seed1111,1.129125714,-2.599999905
VbQk4H8hgr0$_$41,VbQk4H8hgr0,1210,3,LA,cfcompat_seed1111,0.8252035379,-2.599999905
VbQk4H8hgr0$_$41,VbQk4H8hgr0,1210,3,LA,cfcompat_seed1114,-1.209819913,-2.599999905
VbQk4H8hgr0$_$41,VbQk4H8hgr0,1210,3,LA,moddrop_seed1111,-1.761420012,-2.599999905
VbQk4H8hgr0$_$41,VbQk4H8hgr0,1210,3,LA,moddrop_seed1114,-0.3485542536,-2.599999905
VbQk4H8hgr0$_$41,VbQk4H8hgr0,1210,3,LA,uniform_kd_seed1111,1.25090003,-2.599999905
VbQk4H8hgr0$_$41,VbQk4H8hgr0,1210,3,LAV,cfcompat_seed1111,0.9372165799,-2.599999905
VbQk4H8hgr0$_$41,VbQk4H8hgr0,1210,3,LAV,cfcompat_seed1114,-1.234551191,-2.599999905
VbQk4H8hgr0$_$41,VbQk4H8hgr0,1210,3,LAV,moddrop_seed1111,-1.661075234,-2.599999905
VbQk4H8hgr0$_$41,VbQk4H8hgr0,1210,3,LAV,moddrop_seed1114,-0.3570148349,-2.599999905
VbQk4H8hgr0$_$41,VbQk4H8hgr0,1210,3,LAV,uniform_kd_seed1111,1.335011363,-2.599999905
VbQk4H8hgr0$_$41,VbQk4H8hgr0,1210,3,LV,cfcompat_seed1111,0.7928465605,-2.599999905
VbQk4H8hgr0$_$41,VbQk4H8hgr0,1210,3,LV,cfcompat_seed1114,-1.261710167,-2.599999905
VbQk4H8hgr0$_$41,VbQk4H8hgr0,1210,3,LV,moddrop_seed1111,-1.774963617,-2.599999905
VbQk4H8hgr0$_$41,VbQk4H8hgr0,1210,3,LV,moddrop_seed1114,-0.4006443918,-2.599999905
VbQk4H8hgr0$_$41,VbQk4H8hgr0,1210,3,LV,uniform_kd_seed1111,1.213179827,-2.599999905
VbQk4H8hgr0$_$42,VbQk4H8hgr0,1189,3,L,cfcompat_seed1111,-1.717939019,-2.400000095
VbQk4H8hgr0$_$42,VbQk4H8hgr0,1189,3,L,cfcompat_seed1114,-2.089021683,-2.400000095
VbQk4H8hgr0$_$42,VbQk4H8hgr0,1189,3,L,moddrop_seed1111,-1.909965873,-2.400000095
VbQk4H8hgr0$_$42,VbQk4H8hgr0,1189,3,L,moddrop_seed1114,-1.98554492,-2.400000095
VbQk4H8hgr0$_$42,VbQk4H8hgr0,1189,3,L,uniform_kd_seed1111,-2.061896086,-2.400000095
VbQk4H8hgr0$_$42,VbQk4H8hgr0,1189,3,LA,cfcompat_seed1111,-1.635114193,-2.400000095
VbQk4H8hgr0$_$42,VbQk4H8hgr0,1189,3,LA,cfcompat_seed1114,-2.063005686,-2.400000095
VbQk4H8hgr0$_$42,VbQk4H8hgr0,1189,3,LA,moddrop_seed1111,-1.830523014,-2.400000095
VbQk4H8hgr0$_$42,VbQk4H8hgr0,1189,3,LA,moddrop_seed1114,-1.951092124,-2.400000095
VbQk4H8hgr0$_$42,VbQk4H8hgr0,1189,3,LA,uniform_kd_seed1111,-1.995458126,-2.400000095
VbQk4H8hgr0$_$42,VbQk4H8hgr0,1189,3,LAV,cfcompat_seed1111,-1.525754213,-2.400000095
VbQk4H8hgr0$_$42,VbQk4H8hgr0,1189,3,LAV,cfcompat_seed1114,-2.061876774,-2.400000095
VbQk4H8hgr0$_$42,VbQk4H8hgr0,1189,3,LAV,moddrop_seed1111,-1.723483324,-2.400000095
VbQk4H8hgr0$_$42,VbQk4H8hgr0,1189,3,LAV,moddrop_seed1114,-1.946200013,-2.400000095
VbQk4H8hgr0$_$42,VbQk4H8hgr0,1189,3,LAV,uniform_kd_seed1111,-1.917327642,-2.400000095
VbQk4H8hgr0$_$42,VbQk4H8hgr0,1189,3,LV,cfcompat_seed1111,-1.616926312,-2.400000095
VbQk4H8hgr0$_$42,VbQk4H8hgr0,1189,3,LV,cfcompat_seed1114,-2.099646091,-2.400000095
VbQk4H8hgr0$_$42,VbQk4H8hgr0,1189,3,LV,moddrop_seed1111,-1.806102276,-2.400000095
VbQk4H8hgr0$_$42,VbQk4H8hgr0,1189,3,LV,moddrop_seed1114,-1.991996646,-2.400000095
VbQk4H8hgr0$_$42,VbQk4H8hgr0,1189,3,LV,uniform_kd_seed1111,-1.988177776,-2.400000095
VbQk4H8hgr0$_$43,VbQk4H8hgr0,1191,3,L,cfcompat_seed1111,-0.7322835326,-2.400000095
VbQk4H8hgr0$_$43,VbQk4H8hgr0,1191,3,L,cfcompat_seed1114,-0.7248590589,-2.400000095
VbQk4H8hgr0$_$43,VbQk4H8hgr0,1191,3,L,moddrop_seed1111,-1.23831749,-2.400000095
VbQk4H8hgr0$_$43,VbQk4H8hgr0,1191,3,L,moddrop_seed1114,-0.4216279089,-2.400000095
VbQk4H8hgr0$_$43,VbQk4H8hgr0,1191,3,L,uniform_kd_seed1111,-1.022046208,-2.400000095
VbQk4H8hgr0$_$43,VbQk4H8hgr0,1191,3,LA,cfcompat_seed1111,-0.6514675021,-2.400000095
VbQk4H8hgr0$_$43,VbQk4H8hgr0,1191,3,LA,cfcompat_seed1114,-0.7051178217,-2.400000095
VbQk4H8hgr0$_$43,VbQk4H8hgr0,1191,3,LA,moddrop_seed1111,-1.174888015,-2.400000095
VbQk4H8hgr0$_$43,VbQk4H8hgr0,1191,3,LA,moddrop_seed1114,-0.3882981241,-2.400000095
VbQk4H8hgr0$_$43,VbQk4H8hgr0,1191,3,LA,uniform_kd_seed1111,-0.9608349204,-2.400000095
VbQk4H8hgr0$_$43,VbQk4H8hgr0,1191,3,LAV,cfcompat_seed1111,-0.5304281712,-2.400000095
VbQk4H8hgr0$_$43,VbQk4H8hgr0,1191,3,LAV,cfcompat_seed1114,-0.7221884727,-2.400000095
VbQk4H8hgr0$_$43,VbQk4H8hgr0,1191,3,LAV,moddrop_seed1111,-1.054586172,-2.400000095
VbQk4H8hgr0$_$43,VbQk4H8hgr0,1191,3,LAV,moddrop_seed1114,-0.3957424462,-2.400000095
VbQk4H8hgr0$_$43,VbQk4H8hgr0,1191,3,LAV,uniform_kd_seed1111,-0.8707277179,-2.400000095
VbQk4H8hgr0$_$43,VbQk4H8hgr0,1191,3,LV,cfcompat_seed1111,-0.6202938557,-2.400000095
VbQk4H8hgr0$_$43,VbQk4H8hgr0,1191,3,LV,cfcompat_seed1114,-0.7388550639,-2.400000095
VbQk4H8hgr0$_$43,VbQk4H8hgr0,1191,3,LV,moddrop_seed1111,-1.125666261,-2.400000095
VbQk4H8hgr0$_$43,VbQk4H8hgr0,1191,3,LV,moddrop_seed1114,-0.4267763495,-2.400000095
VbQk4H8hgr0$_$43,VbQk4H8hgr0,1191,3,LV,uniform_kd_seed1111,-0.9385590553,-2.400000095
VbQk4H8hgr0$_$44,VbQk4H8hgr0,1205,3,L,cfcompat_seed1111,-1.893932223,-2
VbQk4H8hgr0$_$44,VbQk4H8hgr0,1205,3,L,cfcompat_seed1114,-2.121573925,-2
VbQk4H8hgr0$_$44,VbQk4H8hgr0,1205,3,L,moddrop_seed1111,-1.837146997,-2
VbQk4H8hgr0$_$44,VbQk4H8hgr0,1205,3,L,moddrop_seed1114,-2.029708147,-2
VbQk4H8hgr0$_$44,VbQk4H8hgr0,1205,3,L,uniform_kd_seed1111,-2.086621523,-2
VbQk4H8hgr0$_$44,VbQk4H8hgr0,1205,3,LA,cfcompat_seed1111,-1.802515745,-2
VbQk4H8hgr0$_$44,VbQk4H8hgr0,1205,3,LA,cfcompat_seed1114,-2.071409702,-2
VbQk4H8hgr0$_$44,VbQk4H8hgr0,1205,3,LA,moddrop_seed1111,-1.751608491,-2
VbQk4H8hgr0$_$44,VbQk4H8hgr0,1205,3,LA,moddrop_seed1114,-1.969634175,-2
VbQk4H8hgr0$_$44,VbQk4H8hgr0,1205,3,LA,uniform_kd_seed1111,-2.012259483,-2
VbQk4H8hgr0$_$44,VbQk4H8hgr0,1205,3,LAV,cfcompat_seed1111,-1.680807233,-2
VbQk4H8hgr0$_$44,VbQk4H8hgr0,1205,3,LAV,cfcompat_seed1114,-2.057024002,-2
VbQk4H8hgr0$_$44,VbQk4H8hgr0,1205,3,LAV,moddrop_seed1111,-1.626041651,-2
VbQk4H8hgr0$_$44,VbQk4H8hgr0,1205,3,LAV,moddrop_seed1114,-1.950268626,-2
VbQk4H8hgr0$_$44,VbQk4H8hgr0,1205,3,LAV,uniform_kd_seed1111,-1.916919589,-2
VbQk4H8hgr0$_$44,VbQk4H8hgr0,1205,3,LV,cfcompat_seed1111,-1.775870681,-2
VbQk4H8hgr0$_$44,VbQk4H8hgr0,1205,3,LV,cfcompat_seed1114,-2.114822865,-2
VbQk4H8hgr0$_$44,VbQk4H8hgr0,1205,3,LV,moddrop_seed1111,-1.715806723,-2
VbQk4H8hgr0$_$44,VbQk4H8hgr0,1205,3,LV,moddrop_seed1114,-2.01749444,-2
VbQk4H8hgr0$_$44,VbQk4H8hgr0,1205,3,LV,uniform_kd_seed1111,-1.998818159,-2
VbQk4H8hgr0$_$45,VbQk4H8hgr0,1206,3,L,cfcompat_seed1111,-1.721196532,-2.200000048
VbQk4H8hgr0$_$45,VbQk4H8hgr0,1206,3,L,cfcompat_seed1114,-1.790426493,-2.200000048
VbQk4H8hgr0$_$45,VbQk4H8hgr0,1206,3,L,moddrop_seed1111,-1.908852935,-2.200000048
VbQk4H8hgr0$_$45,VbQk4H8hgr0,1206,3,L,moddrop_seed1114,-1.74469471,-2.200000048
VbQk4H8hgr0$_$45,VbQk4H8hgr0,1206,3,L,uniform_kd_seed1111,-1.935414195,-2.200000048
VbQk4H8hgr0$_$45,VbQk4H8hgr0,1206,3,LA,cfcompat_seed1111,-1.699113369,-2.200000048
VbQk4H8hgr0$_$45,VbQk4H8hgr0,1206,3,LA,cfcompat_seed1114,-1.786986828,-2.200000048
VbQk4H8hgr0$_$45,VbQk4H8hgr0,1206,3,LA,moddrop_seed1111,-1.88733089,-2.200000048
VbQk4H8hgr0$_$45,VbQk4H8hgr0,1206,3,LA,moddrop_seed1114,-1.731990814,-2.200000048
VbQk4H8hgr0$_$45,VbQk4H8hgr0,1206,3,LA,uniform_kd_seed1111,-1.927594185,-2.200000048
VbQk4H8hgr0$_$45,VbQk4H8hgr0,1206,3,LAV,cfcompat_seed1111,-1.584590197,-2.200000048
VbQk4H8hgr0$_$45,VbQk4H8hgr0,1206,3,LAV,cfcompat_seed1114,-1.790311813,-2.200000048
VbQk4H8hgr0$_$45,VbQk4H8hgr0,1206,3,LAV,moddrop_seed1111,-1.774790287,-2.200000048
VbQk4H8hgr0$_$45,VbQk4H8hgr0,1206,3,LAV,moddrop_seed1114,-1.731429815,-2.200000048
VbQk4H8hgr0$_$45,VbQk4H8hgr0,1206,3,LAV,uniform_kd_seed1111,-1.846163988,-2.200000048
VbQk4H8hgr0$_$45,VbQk4H8hgr0,1206,3,LV,cfcompat_seed1111,-1.618740439,-2.200000048
VbQk4H8hgr0$_$45,VbQk4H8hgr0,1206,3,LV,cfcompat_seed1114,-1.799416304,-2.200000048
VbQk4H8hgr0$_$45,VbQk4H8hgr0,1206,3,LV,moddrop_seed1111,-1.802896976,-2.200000048
VbQk4H8hgr0$_$45,VbQk4H8hgr0,1206,3,LV,moddrop_seed1114,-1.747258782,-2.200000048
VbQk4H8hgr0$_$45,VbQk4H8hgr0,1206,3,LV,uniform_kd_seed1111,-1.863329411,-2.200000048
VbQk4H8hgr0$_$46,VbQk4H8hgr0,1203,3,L,cfcompat_seed1111,-0.7157796025,-1.799999952
VbQk4H8hgr0$_$46,VbQk4H8hgr0,1203,3,L,cfcompat_seed1114,0.01931113377,-1.799999952
VbQk4H8hgr0$_$46,VbQk4H8hgr0,1203,3,L,moddrop_seed1111,1.637291551,-1.799999952
VbQk4H8hgr0$_$46,VbQk4H8hgr0,1203,3,L,moddrop_seed1114,-0.5208893418,-1.799999952
VbQk4H8hgr0$_$46,VbQk4H8hgr0,1203,3,L,uniform_kd_seed1111,-1.507882237,-1.799999952
VbQk4H8hgr0$_$46,VbQk4H8hgr0,1203,3,LA,cfcompat_seed1111,-0.6191752553,-1.799999952
VbQk4H8hgr0$_$46,VbQk4H8hgr0,1203,3,LA,cfcompat_seed1114,0.04500852898,-1.799999952
VbQk4H8hgr0$_$46,VbQk4H8hgr0,1203,3,LA,moddrop_seed1111,1.733852744,-1.799999952
VbQk4H8hgr0$_$46,VbQk4H8hgr0,1203,3,LA,moddrop_seed1114,-0.4825747907,-1.799999952
VbQk4H8hgr0$_$46,VbQk4H8hgr0,1203,3,LA,uniform_kd_seed1111,-1.438187003,-1.799999952
VbQk4H8hgr0$_$46,VbQk4H8hgr0,1203,3,LAV,cfcompat_seed1111,-0.4975283742,-1.799999952
VbQk4H8hgr0$_$46,VbQk4H8hgr0,1203,3,LAV,cfcompat_seed1114,0.04185983911,-1.799999952
VbQk4H8hgr0$_$46,VbQk4H8hgr0,1203,3,LAV,moddrop_seed1111,1.858932972,-1.799999952
VbQk4H8hgr0$_$46,VbQk4H8hgr0,1203,3,LAV,moddrop_seed1114,-0.4848481715,-1.799999952
VbQk4H8hgr0$_$46,VbQk4H8hgr0,1203,3,LAV,uniform_kd_seed1111,-1.347801805,-1.799999952
VbQk4H8hgr0$_$46,VbQk4H8hgr0,1203,3,LV,cfcompat_seed1111,-0.6009384394,-1.799999952
VbQk4H8hgr0$_$46,VbQk4H8hgr0,1203,3,LV,cfcompat_seed1114,0.01711330935,-1.799999952
VbQk4H8hgr0$_$46,VbQk4H8hgr0,1203,3,LV,moddrop_seed1111,1.761998892,-1.799999952
VbQk4H8hgr0$_$46,VbQk4H8hgr0,1203,3,LV,moddrop_seed1114,-0.519829452,-1.799999952
VbQk4H8hgr0$_$46,VbQk4H8hgr0,1203,3,LV,uniform_kd_seed1111,-1.427623868,-1.799999952
VbQk4H8hgr0$_$47,VbQk4H8hgr0,1204,3,L,cfcompat_seed1111,2.203778982,2.200000048
VbQk4H8hgr0$_$47,VbQk4H8hgr0,1204,3,L,cfcompat_seed1114,2.098381519,2.200000048
VbQk4H8hgr0$_$47,VbQk4H8hgr0,1204,3,L,moddrop_seed1111,2.121441603,2.200000048
VbQk4H8hgr0$_$47,VbQk4H8hgr0,1204,3,L,moddrop_seed1114,2.223670244,2.200000048
VbQk4H8hgr0$_$47,VbQk4H8hgr0,1204,3,L,uniform_kd_seed1111,2.239216566,2.200000048
VbQk4H8hgr0$_$47,VbQk4H8hgr0,1204,3,LA,cfcompat_seed1111,2.3270123,2.200000048
VbQk4H8hgr0$_$47,VbQk4H8hgr0,1204,3,LA,cfcompat_seed1114,2.136310816,2.200000048
VbQk4H8hgr0$_$47,VbQk4H8hgr0,1204,3,LA,moddrop_seed1111,2.235468864,2.200000048
VbQk4H8hgr0$_$47,VbQk4H8hgr0,1204,3,LA,moddrop_seed1114,2.275581837,2.200000048
VbQk4H8hgr0$_$47,VbQk4H8hgr0,1204,3,LA,uniform_kd_seed1111,2.337127686,2.200000048
VbQk4H8hgr0$_$47,VbQk4H8hgr0,1204,3,LAV,cfcompat_seed1111,2.427754879,2.200000048
VbQk4H8hgr0$_$47,VbQk4H8hgr0,1204,3,LAV,cfcompat_seed1114,2.135395527,2.200000048
VbQk4H8hgr0$_$47,VbQk4H8hgr0,1204,3,LAV,moddrop_seed1111,2.34044385,2.200000048
VbQk4H8hgr0$_$47,VbQk4H8hgr0,1204,3,LAV,moddrop_seed1114,2.286495686,2.200000048
VbQk4H8hgr0$_$47,VbQk4H8hgr0,1204,3,LAV,uniform_kd_seed1111,2.41404438,2.200000048
VbQk4H8hgr0$_$47,VbQk4H8hgr0,1204,3,LV,cfcompat_seed1111,2.30794239,2.200000048
VbQk4H8hgr0$_$47,VbQk4H8hgr0,1204,3,LV,cfcompat_seed1114,2.104922771,2.200000048
VbQk4H8hgr0$_$47,VbQk4H8hgr0,1204,3,LV,moddrop_seed1111,2.226767063,2.200000048
VbQk4H8hgr0$_$47,VbQk4H8hgr0,1204,3,LV,moddrop_seed1114,2.242303848,2.200000048
VbQk4H8hgr0$_$47,VbQk4H8hgr0,1204,3,LV,uniform_kd_seed1111,2.319945574,2.200000048
VbQk4H8hgr0$_$48,VbQk4H8hgr0,1190,3,L,cfcompat_seed1111,0.8768222332,-2.200000048
VbQk4H8hgr0$_$48,VbQk4H8hgr0,1190,3,L,cfcompat_seed1114,0.7140285969,-2.200000048
VbQk4H8hgr0$_$48,VbQk4H8hgr0,1190,3,L,moddrop_seed1111,-1.886088848,-2.200000048
VbQk4H8hgr0$_$48,VbQk4H8hgr0,1190,3,L,moddrop_seed1114,0.4882086217,-2.200000048
VbQk4H8hgr0$_$48,VbQk4H8hgr0,1190,3,L,uniform_kd_seed1111,1.124674559,-2.200000048
VbQk4H8hgr0$_$48,VbQk4H8hgr0,1190,3,LA,cfcompat_seed1111,0.9740312696,-2.200000048
VbQk4H8hgr0$_$48,VbQk4H8hgr0,1190,3,LA,cfcompat_seed1114,0.7270758748,-2.200000048
VbQk4H8hgr0$_$48,VbQk4H8hgr0,1190,3,LA,moddrop_seed1111,-1.827162504,-2.200000048
VbQk4H8hgr0$_$48,VbQk4H8hgr0,1190,3,LA,moddrop_seed1114,0.5164752603,-2.200000048
VbQk4H8hgr0$_$48,VbQk4H8hgr0,1190,3,LA,uniform_kd_seed1111,1.20267272,-2.200000048
VbQk4H8hgr0$_$48,VbQk4H8hgr0,1190,3,LAV,cfcompat_seed1111,1.099254727,-2.200000048
VbQk4H8hgr0$_$48,VbQk4H8hgr0,1190,3,LAV,cfcompat_seed1114,0.7139219642,-2.200000048
VbQk4H8hgr0$_$48,VbQk4H8hgr0,1190,3,LAV,moddrop_seed1111,-1.718051553,-2.200000048
VbQk4H8hgr0$_$48,VbQk4H8hgr0,1190,3,LAV,moddrop_seed1114,0.5118335485,-2.200000048
VbQk4H8hgr0$_$48,VbQk4H8hgr0,1190,3,LAV,uniform_kd_seed1111,1.297922969,-2.200000048
VbQk4H8hgr0$_$48,VbQk4H8hgr0,1190,3,LV,cfcompat_seed1111,1.002858996,-2.200000048
VbQk4H8hgr0$_$48,VbQk4H8hgr0,1190,3,LV,cfcompat_seed1114,0.7066360116,-2.200000048
VbQk4H8hgr0$_$48,VbQk4H8hgr0,1190,3,LV,moddrop_seed1111,-1.785470128,-2.200000048
VbQk4H8hgr0$_$48,VbQk4H8hgr0,1190,3,LV,moddrop_seed1114,0.4875617921,-2.200000048
VbQk4H8hgr0$_$48,VbQk4H8hgr0,1190,3,LV,uniform_kd_seed1111,1.218944788,-2.200000048
VbQk4H8hgr0$_$49,VbQk4H8hgr0,1192,3,L,cfcompat_seed1111,-0.2002251744,-1.799999952
VbQk4H8hgr0$_$49,VbQk4H8hgr0,1192,3,L,cfcompat_seed1114,-0.2037408948,-1.799999952
VbQk4H8hgr0$_$49,VbQk4H8hgr0,1192,3,L,moddrop_seed1111,-0.1463633925,-1.799999952
VbQk4H8hgr0$_$49,VbQk4H8hgr0,1192,3,L,moddrop_seed1114,0.3340264261,-1.799999952
VbQk4H8hgr0$_$49,VbQk4H8hgr0,1192,3,L,uniform_kd_seed1111,0.8634579778,-1.799999952
VbQk4H8hgr0$_$49,VbQk4H8hgr0,1192,3,LA,cfcompat_seed1111,-0.2600966096,-1.799999952
VbQk4H8hgr0$_$49,VbQk4H8hgr0,1192,3,LA,cfcompat_seed1114,-0.2625929713,-1.799999952
VbQk4H8hgr0$_$49,VbQk4H8hgr0,1192,3,LA,moddrop_seed1111,-0.2098757774,-1.799999952
VbQk4H8hgr0$_$49,VbQk4H8hgr0,1192,3,LA,moddrop_seed1114,0.2962895334,-1.799999952
VbQk4H8hgr0$_$49,VbQk4H8hgr0,1192,3,LA,uniform_kd_seed1111,0.808262229,-1.799999952
VbQk4H8hgr0$_$49,VbQk4H8hgr0,1192,3,LAV,cfcompat_seed1111,-0.1362358928,-1.799999952
VbQk4H8hgr0$_$49,VbQk4H8hgr0,1192,3,LAV,cfcompat_seed1114,-0.2568212152,-1.799999952
VbQk4H8hgr0$_$49,VbQk4H8hgr0,1192,3,LAV,moddrop_seed1111,-0.08086681366,-1.799999952
VbQk4H8hgr0$_$49,VbQk4H8hgr0,1192,3,LAV,moddrop_seed1114,0.3076343536,-1.799999952
VbQk4H8hgr0$_$49,VbQk4H8hgr0,1192,3,LAV,uniform_kd_seed1111,0.9065077901,-1.799999952
VbQk4H8hgr0$_$49,VbQk4H8hgr0,1192,3,LV,cfcompat_seed1111,-0.07662719488,-1.799999952
VbQk4H8hgr0$_$49,VbQk4H8hgr0,1192,3,LV,cfcompat_seed1114,-0.1929048002,-1.799999952
VbQk4H8hgr0$_$49,VbQk4H8hgr0,1192,3,LV,moddrop_seed1111,-0.01680343226,-1.799999952
VbQk4H8hgr0$_$49,VbQk4H8hgr0,1192,3,LV,moddrop_seed1114,0.3520644605,-1.799999952
VbQk4H8hgr0$_$49,VbQk4H8hgr0,1192,3,LV,uniform_kd_seed1111,0.9624060392,-1.799999952
VbQk4H8hgr0$_$5,VbQk4H8hgr0,1214,3,L,cfcompat_seed1111,-1.868277311,-2.200000048
VbQk4H8hgr0$_$5,VbQk4H8hgr0,1214,3,L,cfcompat_seed1114,-2.062909126,-2.200000048
VbQk4H8hgr0$_$5,VbQk4H8hgr0,1214,3,L,moddrop_seed1111,-1.875347495,-2.200000048
VbQk4H8hgr0$_$5,VbQk4H8hgr0,1214,3,L,moddrop_seed1114,-2.07153368,-2.200000048
VbQk4H8hgr0$_$5,VbQk4H8hgr0,1214,3,L,uniform_kd_seed1111,-2.079478025,-2.200000048
VbQk4H8hgr0$_$5,VbQk4H8hgr0,1214,3,LA,cfcompat_seed1111,-1.763904929,-2.200000048
VbQk4H8hgr0$_$5,VbQk4H8hgr0,1214,3,LA,cfcompat_seed1114,-2.014641285,-2.200000048
VbQk4H8hgr0$_$5,VbQk4H8hgr0,1214,3,LA,moddrop_seed1111,-1.776335835,-2.200000048
VbQk4H8hgr0$_$5,VbQk4H8hgr0,1214,3,LA,moddrop_seed1114,-2.009729624,-2.200000048
VbQk4H8hgr0$_$5,VbQk4H8hgr0,1214,3,LA,uniform_kd_seed1111,-1.991564512,-2.200000048
VbQk4H8hgr0$_$5,VbQk4H8hgr0,1214,3,LAV,cfcompat_seed1111,-1.653424621,-2.200000048
VbQk4H8hgr0$_$5,VbQk4H8hgr0,1214,3,LAV,cfcompat_seed1114,-2.004499435,-2.200000048
VbQk4H8hgr0$_$5,VbQk4H8hgr0,1214,3,LAV,moddrop_seed1111,-1.662013054,-2.200000048
VbQk4H8hgr0$_$5,VbQk4H8hgr0,1214,3,LAV,moddrop_seed1114,-1.992925286,-2.200000048
VbQk4H8hgr0$_$5,VbQk4H8hgr0,1214,3,LAV,uniform_kd_seed1111,-1.909645438,-2.200000048
VbQk4H8hgr0$_$5,VbQk4H8hgr0,1214,3,LV,cfcompat_seed1111,-1.76457262,-2.200000048
VbQk4H8hgr0$_$5,VbQk4H8hgr0,1214,3,LV,cfcompat_seed1114,-2.066133976,-2.200000048
VbQk4H8hgr0$_$5,VbQk4H8hgr0,1214,3,LV,moddrop_seed1111,-1.765782952,-2.200000048
VbQk4H8hgr0$_$5,VbQk4H8hgr0,1214,3,LV,moddrop_seed1114,-2.063650608,-2.200000048
VbQk4H8hgr0$_$5,VbQk4H8hgr0,1214,3,LV,uniform_kd_seed1111,-2.002274752,-2.200000048
VbQk4H8hgr0$_$50,VbQk4H8hgr0,1242,3,L,cfcompat_seed1111,-0.1655232608,-1
VbQk4H8hgr0$_$50,VbQk4H8hgr0,1242,3,L,cfcompat_seed1114,-0.4841723442,-1
VbQk4H8hgr0$_$50,VbQk4H8hgr0,1242,3,L,moddrop_seed1111,1.061977506,-1
VbQk4H8hgr0$_$50,VbQk4H8hgr0,1242,3,L,moddrop_seed1114,-0.3773865402,-1
VbQk4H8hgr0$_$50,VbQk4H8hgr0,1242,3,L,uniform_kd_seed1111,-0.6741139889,-1
VbQk4H8hgr0$_$50,VbQk4H8hgr0,1242,3,LA,cfcompat_seed1111,-0.1937178969,-1
VbQk4H8hgr0$_$50,VbQk4H8hgr0,1242,3,LA,cfcompat_seed1114,-0.5405682921,-1
VbQk4H8hgr0$_$50,VbQk4H8hgr0,1242,3,LA,moddrop_seed1111,1.029494286,-1
VbQk4H8hgr0$_$50,VbQk4H8hgr0,1242,3,LA,moddrop_seed1114,-0.4141794741,-1
VbQk4H8hgr0$_$50,VbQk4H8hgr0,1242,3,LA,uniform_kd_seed1111,-0.7028701901,-1
VbQk4H8hgr0$_$50,VbQk4H8hgr0,1242,3,LAV,cfcompat_seed1111,-0.06164911389,-1
VbQk4H8hgr0$_$50,VbQk4H8hgr0,1242,3,LAV,cfcompat_seed1114,-0.5489950776,-1
VbQk4H8hgr0$_$50,VbQk4H8hgr0,1242,3,LAV,moddrop_seed1111,1.169847846,-1
VbQk4H8hgr0$_$50,VbQk4H8hgr0,1242,3,LAV,moddrop_seed1114,-0.417612344,-1
VbQk4H8hgr0$_$50,VbQk4H8hgr0,1242,3,LAV,uniform_kd_seed1111,-0.6020503044,-1
VbQk4H8hgr0$_$50,VbQk4H8hgr0,1242,3,LV,cfcompat_seed1111,-0.03432261199,-1
VbQk4H8hgr0$_$50,VbQk4H8hgr0,1242,3,LV,cfcompat_seed1114,-0.485345751,-1
VbQk4H8hgr0$_$50,VbQk4H8hgr0,1242,3,LV,moddrop_seed1111,1.202316999,-1
VbQk4H8hgr0$_$50,VbQk4H8hgr0,1242,3,LV,moddrop_seed1114,-0.3714351654,-1
VbQk4H8hgr0$_$50,VbQk4H8hgr0,1242,3,LV,uniform_kd_seed1111,-0.5741990209,-1
VbQk4H8hgr0$_$51,VbQk4H8hgr0,1220,3,L,cfcompat_seed1111,-0.4886581302,-1.200000048
VbQk4H8hgr0$_$51,VbQk4H8hgr0,1220,3,L,cfcompat_seed1114,0.3269121647,-1.200000048
VbQk4H8hgr0$_$51,VbQk4H8hgr0,1220,3,L,moddrop_seed1111,-0.6730291843,-1.200000048
VbQk4H8hgr0$_$51,VbQk4H8hgr0,1220,3,L,moddrop_seed1114,0.4863345921,-1.200000048
VbQk4H8hgr0$_$51,VbQk4H8hgr0,1220,3,L,uniform_kd_seed1111,-0.4993597567,-1.200000048
VbQk4H8hgr0$_$51,VbQk4H8hgr0,1220,3,LA,cfcompat_seed1111,-0.4240344763,-1.200000048
VbQk4H8hgr0$_$51,VbQk4H8hgr0,1220,3,LA,cfcompat_seed1114,0.3448951542,-1.200000048
VbQk4H8hgr0$_$51,VbQk4H8hgr0,1220,3,LA,moddrop_seed1111,-0.6197285652,-1.200000048
VbQk4H8hgr0$_$51,VbQk4H8hgr0,1220,3,LA,moddrop_seed1114,0.5157818794,-1.200000048
VbQk4H8hgr0$_$51,VbQk4H8hgr0,1220,3,LA,uniform_kd_seed1111,-0.4467101097,-1.200000048
VbQk4H8hgr0$_$51,VbQk4H8hgr0,1220,3,LAV,cfcompat_seed1111,-0.2996152639,-1.200000048
VbQk4H8hgr0$_$51,VbQk4H8hgr0,1220,3,LAV,cfcompat_seed1114,0.3401650786,-1.200000048
VbQk4H8hgr0$_$51,VbQk4H8hgr0,1220,3,LAV,moddrop_seed1111,-0.4915911257,-1.200000048
VbQk4H8hgr0$_$51,VbQk4H8hgr0,1220,3,LAV,moddrop_seed1114,0.5195519328,-1.200000048
VbQk4H8hgr0$_$51,VbQk4H8hgr0,1220,3,LAV,uniform_kd_seed1111,-0.3522801697,-1.200000048
VbQk4H8hgr0$_$51,VbQk4H8hgr0,1220,3,LV,cfcompat_seed1111,-0.3712542653,-1.200000048
VbQk4H8hgr0$_$51,VbQk4H8hgr0,1220,3,LV,cfcompat_seed1114,0.3285112679,-1.200000048
VbQk4H8hgr0$_$51,VbQk4H8hgr0,1220,3,LV,moddrop_seed1111,-0.5508478284,-1.200000048
VbQk4H8hgr0$_$51,VbQk4H8hgr0,1220,3,LV,moddrop_seed1114,0.4948210418,-1.200000048
VbQk4H8hgr0$_$51,VbQk4H8hgr0,1220,3,LV,uniform_kd_seed1111,-0.4081138074,-1.200000048
VbQk4H8hgr0$_$52,VbQk4H8hgr0,1193,3,L,cfcompat_seed1111,0.4762441814,0.400000006
VbQk4H8hgr0$_$52,VbQk4H8hgr0,1193,3,L,cfcompat_seed1114,0.8993316293,0.400000006
VbQk4H8hgr0$_$52,VbQk4H8hgr0,1193,3,L,moddrop_seed1111,1.614732862,0.400000006
VbQk4H8hgr0$_$52,VbQk4H8hgr0,1193,3,L,moddrop_seed1114,1.399225593,0.400000006
VbQk4H8hgr0$_$52,VbQk4H8hgr0,1193,3,L,uniform_kd_seed1111,1.093286514,0.400000006
VbQk4H8hgr0$_$52,VbQk4H8hgr0,1193,3,LA,cfcompat_seed1111,0.4987031817,0.400000006
VbQk4H8hgr0$_$52,VbQk4H8hgr0,1193,3,LA,cfcompat_seed1114,0.8857586384,0.400000006
VbQk4H8hgr0$_$52,VbQk4H8hgr0,1193,3,LA,moddrop_seed1111,1.631862521,0.400000006
VbQk4H8hgr0$_$52,VbQk4H8hgr0,1193,3,LA,moddrop_seed1114,1.397653103,0.400000006
VbQk4H8hgr0$_$52,VbQk4H8hgr0,1193,3,LA,uniform_kd_seed1111,1.109785557,0.400000006
VbQk4H8hgr0$_$52,VbQk4H8hgr0,1193,3,LAV,cfcompat_seed1111,0.6250737309,0.400000006
VbQk4H8hgr0$_$52,VbQk4H8hgr0,1193,3,LAV,cfcompat_seed1114,0.878904283,0.400000006
VbQk4H8hgr0$_$52,VbQk4H8hgr0,1193,3,LAV,moddrop_seed1111,1.757548332,0.400000006
VbQk4H8hgr0$_$52,VbQk4H8hgr0,1193,3,LAV,moddrop_seed1114,1.398786068,0.400000006
VbQk4H8hgr0$_$52,VbQk4H8hgr0,1193,3,LAV,uniform_kd_seed1111,1.206292391,0.400000006
VbQk4H8hgr0$_$52,VbQk4H8hgr0,1193,3,LV,cfcompat_seed1111,0.5980452895,0.400000006
VbQk4H8hgr0$_$52,VbQk4H8hgr0,1193,3,LV,cfcompat_seed1114,0.8972047567,0.400000006
VbQk4H8hgr0$_$52,VbQk4H8hgr0,1193,3,LV,moddrop_seed1111,1.738151908,0.400000006
VbQk4H8hgr0$_$52,VbQk4H8hgr0,1193,3,LV,moddrop_seed1114,1.402158856,0.400000006
VbQk4H8hgr0$_$52,VbQk4H8hgr0,1193,3,LV,uniform_kd_seed1111,1.187181115,0.400000006
VbQk4H8hgr0$_$53,VbQk4H8hgr0,1194,3,L,cfcompat_seed1111,-1.390143871,-0.8000000119
VbQk4H8hgr0$_$53,VbQk4H8hgr0,1194,3,L,cfcompat_seed1114,-1.50714016,-0.8000000119
VbQk4H8hgr0$_$53,VbQk4H8hgr0,1194,3,L,moddrop_seed1111,-1.843115211,-0.8000000119
VbQk4H8hgr0$_$53,VbQk4H8hgr0,1194,3,L,moddrop_seed1114,-1.148248434,-0.8000000119
VbQk4H8hgr0$_$53,VbQk4H8hgr0,1194,3,L,uniform_kd_seed1111,-1.691992164,-0.8000000119
VbQk4H8hgr0$_$53,VbQk4H8hgr0,1194,3,LA,cfcompat_seed1111,-1.400812268,-0.8000000119
VbQk4H8hgr0$_$53,VbQk4H8hgr0,1194,3,LA,cfcompat_seed1114,-1.531058669,-0.8000000119
VbQk4H8hgr0$_$53,VbQk4H8hgr0,1194,3,LA,moddrop_seed1111,-1.858141184,-0.8000000119
VbQk4H8hgr0$_$53,VbQk4H8hgr0,1194,3,LA,moddrop_seed1114,-1.166231275,-0.8000000119
VbQk4H8hgr0$_$53,VbQk4H8hgr0,1194,3,LA,uniform_kd_seed1111,-1.704422832,-0.8000000119
VbQk4H8hgr0$_$53,VbQk4H8hgr0,1194,3,LAV,cfcompat_seed1111,-1.270786762,-0.8000000119
VbQk4H8hgr0$_$53,VbQk4H8hgr0,1194,3,LAV,cfcompat_seed1114,-1.534589529,-0.8000000119
VbQk4H8hgr0$_$53,VbQk4H8hgr0,1194,3,LAV,moddrop_seed1111,-1.731144309,-0.8000000119
VbQk4H8hgr0$_$53,VbQk4H8hgr0,1194,3,LAV,moddrop_seed1114,-1.160043955,-0.8000000119
VbQk4H8hgr0$_$53,VbQk4H8hgr0,1194,3,LAV,uniform_kd_seed1111,-1.603364348,-0.8000000119
VbQk4H8hgr0$_$53,VbQk4H8hgr0,1194,3,LV,cfcompat_seed1111,-1.265544653,-0.8000000119
VbQk4H8hgr0$_$53,VbQk4H8hgr0,1194,3,LV,cfcompat_seed1114,-1.507451177,-0.8000000119
VbQk4H8hgr0$_$53,VbQk4H8hgr0,1194,3,LV,moddrop_seed1111,-1.721976519,-0.8000000119
VbQk4H8hgr0$_$53,VbQk4H8hgr0,1194,3,LV,moddrop_seed1114,-1.140538573,-0.8000000119
VbQk4H8hgr0$_$53,VbQk4H8hgr0,1194,3,LV,uniform_kd_seed1111,-1.596823573,-0.8000000119
VbQk4H8hgr0$_$54,VbQk4H8hgr0,1188,3,L,cfcompat_seed1111,-1.88064158,-2.400000095
VbQk4H8hgr0$_$54,VbQk4H8hgr0,1188,3,L,cfcompat_seed1114,-1.335823417,-2.400000095
VbQk4H8hgr0$_$54,VbQk4H8hgr0,1188,3,L,moddrop_seed1111,-1.876495838,-2.400000095
VbQk4H8hgr0$_$54,VbQk4H8hgr0,1188,3,L,moddrop_seed1114,-2.00123024,-2.400000095
VbQk4H8hgr0$_$54,VbQk4H8hgr0,1188,3,L,uniform_kd_seed1111,-2.094382286,-2.400000095
VbQk4H8hgr0$_$54,VbQk4H8hgr0,1188,3,LA,cfcompat_seed1111,-1.95056808,-2.400000095
VbQk4H8hgr0$_$54,VbQk4H8hgr0,1188,3,LA,cfcompat_seed1114,-1.382048845,-2.400000095
VbQk4H8hgr0$_$54,VbQk4H8hgr0,1188,3,LA,moddrop_seed1111,-1.945950031,-2.400000095
VbQk4H8hgr0$_$54,VbQk4H8hgr0,1188,3,LA,moddrop_seed1114,-2.023868322,-2.400000095
VbQk4H8hgr0$_$54,VbQk4H8hgr0,1188,3,LA,uniform_kd_seed1111,-2.162953615,-2.400000095
VbQk4H8hgr0$_$54,VbQk4H8hgr0,1188,3,LAV,cfcompat_seed1111,-1.844186306,-2.400000095
VbQk4H8hgr0$_$54,VbQk4H8hgr0,1188,3,LAV,cfcompat_seed1114,-1.409276605,-2.400000095
VbQk4H8hgr0$_$54,VbQk4H8hgr0,1188,3,LAV,moddrop_seed1111,-1.835548639,-2.400000095
VbQk4H8hgr0$_$54,VbQk4H8hgr0,1188,3,LAV,moddrop_seed1114,-2.030473232,-2.400000095
VbQk4H8hgr0$_$54,VbQk4H8hgr0,1188,3,LAV,uniform_kd_seed1111,-2.082271338,-2.400000095
VbQk4H8hgr0$_$54,VbQk4H8hgr0,1188,3,LV,cfcompat_seed1111,-1.777775884,-2.400000095
VbQk4H8hgr0$_$54,VbQk4H8hgr0,1188,3,LV,cfcompat_seed1114,-1.356229424,-2.400000095
VbQk4H8hgr0$_$54,VbQk4H8hgr0,1188,3,LV,moddrop_seed1111,-1.765597582,-2.400000095
VbQk4H8hgr0$_$54,VbQk4H8hgr0,1188,3,LV,moddrop_seed1114,-2.012127399,-2.400000095
VbQk4H8hgr0$_$54,VbQk4H8hgr0,1188,3,LV,uniform_kd_seed1111,-2.018501282,-2.400000095
VbQk4H8hgr0$_$55,VbQk4H8hgr0,1240,3,L,cfcompat_seed1111,2.001609802,0.200000003
VbQk4H8hgr0$_$55,VbQk4H8hgr0,1240,3,L,cfcompat_seed1114,2.400098562,0.200000003
VbQk4H8hgr0$_$55,VbQk4H8hgr0,1240,3,L,moddrop_seed1111,2.008546829,0.200000003
VbQk4H8hgr0$_$55,VbQk4H8hgr0,1240,3,L,moddrop_seed1114,1.848562479,0.200000003
VbQk4H8hgr0$_$55,VbQk4H8hgr0,1240,3,L,uniform_kd_seed1111,2.114488602,0.200000003
VbQk4H8hgr0$_$55,VbQk4H8hgr0,1240,3,LA,cfcompat_seed1111,2.08197403,0.200000003
VbQk4H8hgr0$_$55,VbQk4H8hgr0,1240,3,LA,cfcompat_seed1114,2.420607567,0.200000003
VbQk4H8hgr0$_$55,VbQk4H8hgr0,1240,3,LA,moddrop_seed1111,2.080919504,0.200000003
VbQk4H8hgr0$_$55,VbQk4H8hgr0,1240,3,LA,moddrop_seed1114,1.880814672,0.200000003
VbQk4H8hgr0$_$55,VbQk4H8hgr0,1240,3,LA,uniform_kd_seed1111,2.175610304,0.200000003
VbQk4H8hgr0$_$55,VbQk4H8hgr0,1240,3,LAV,cfcompat_seed1111,2.21392417,0.200000003
VbQk4H8hgr0$_$55,VbQk4H8hgr0,1240,3,LAV,cfcompat_seed1114,2.445835829,0.200000003
VbQk4H8hgr0$_$55,VbQk4H8hgr0,1240,3,LAV,moddrop_seed1111,2.216476679,0.200000003
VbQk4H8hgr0$_$55,VbQk4H8hgr0,1240,3,LAV,moddrop_seed1114,1.915441751,0.200000003
VbQk4H8hgr0$_$55,VbQk4H8hgr0,1240,3,LAV,uniform_kd_seed1111,2.274938107,0.200000003
VbQk4H8hgr0$_$55,VbQk4H8hgr0,1240,3,LV,cfcompat_seed1111,2.128409863,0.200000003
VbQk4H8hgr0$_$55,VbQk4H8hgr0,1240,3,LV,cfcompat_seed1114,2.433547497,0.200000003
VbQk4H8hgr0$_$55,VbQk4H8hgr0,1240,3,LV,moddrop_seed1111,2.136902571,0.200000003
VbQk4H8hgr0$_$55,VbQk4H8hgr0,1240,3,LV,moddrop_seed1114,1.88737309,0.200000003
VbQk4H8hgr0$_$55,VbQk4H8hgr0,1240,3,LV,uniform_kd_seed1111,2.212118149,0.200000003
VbQk4H8hgr0$_$6,VbQk4H8hgr0,1217,3,L,cfcompat_seed1111,0.239847362,-1.799999952
VbQk4H8hgr0$_$6,VbQk4H8hgr0,1217,3,L,cfcompat_seed1114,1.278959394,-1.799999952
VbQk4H8hgr0$_$6,VbQk4H8hgr0,1217,3,L,moddrop_seed1111,0.6018317938,-1.799999952
VbQk4H8hgr0$_$6,VbQk4H8hgr0,1217,3,L,moddrop_seed1114,1.487601042,-1.799999952
VbQk4H8hgr0$_$6,VbQk4H8hgr0,1217,3,L,uniform_kd_seed1111,-0.08431600779,-1.799999952
VbQk4H8hgr0$_$6,VbQk4H8hgr0,1217,3,LA,cfcompat_seed1111,0.3584975898,-1.799999952
VbQk4H8hgr0$_$6,VbQk4H8hgr0,1217,3,LA,cfcompat_seed1114,1.292659998,-1.799999952
VbQk4H8hgr0$_$6,VbQk4H8hgr0,1217,3,LA,moddrop_seed1111,0.7086926699,-1.799999952
VbQk4H8hgr0$_$6,VbQk4H8hgr0,1217,3,LA,moddrop_seed1114,1.513443708,-1.799999952
VbQk4H8hgr0$_$6,VbQk4H8hgr0,1217,3,LA,uniform_kd_seed1111,0.01230795123,-1.799999952
VbQk4H8hgr0$_$6,VbQk4H8hgr0,1217,3,LAV,cfcompat_seed1111,0.4775580466,-1.799999952
VbQk4H8hgr0$_$6,VbQk4H8hgr0,1217,3,LAV,cfcompat_seed1114,1.278969169,-1.799999952
VbQk4H8hgr0$_$6,VbQk4H8hgr0,1217,3,LAV,moddrop_seed1111,0.8321418166,-1.799999952
VbQk4H8hgr0$_$6,VbQk4H8hgr0,1217,3,LAV,moddrop_seed1114,1.508699536,-1.799999952
VbQk4H8hgr0$_$6,VbQk4H8hgr0,1217,3,LAV,uniform_kd_seed1111,0.1002325118,-1.799999952
VbQk4H8hgr0$_$6,VbQk4H8hgr0,1217,3,LV,cfcompat_seed1111,0.3543712199,-1.799999952
VbQk4H8hgr0$_$6,VbQk4H8hgr0,1217,3,LV,cfcompat_seed1114,1.265850663,-1.799999952
VbQk4H8hgr0$_$6,VbQk4H8hgr0,1217,3,LV,moddrop_seed1111,0.7226051688,-1.799999952
VbQk4H8hgr0$_$6,VbQk4H8hgr0,1217,3,LV,moddrop_seed1114,1.48366046,-1.799999952
VbQk4H8hgr0$_$6,VbQk4H8hgr0,1217,3,LV,uniform_kd_seed1111,-0.000624300912,-1.799999952
VbQk4H8hgr0$_$7,VbQk4H8hgr0,1216,3,L,cfcompat_seed1111,-1.650551915,-2
VbQk4H8hgr0$_$7,VbQk4H8hgr0,1216,3,L,cfcompat_seed1114,-1.398658752,-2
VbQk4H8hgr0$_$7,VbQk4H8hgr0,1216,3,L,moddrop_seed1111,-1.899009228,-2
VbQk4H8hgr0$_$7,VbQk4H8hgr0,1216,3,L,moddrop_seed1114,-1.195772648,-2
VbQk4H8hgr0$_$7,VbQk4H8hgr0,1216,3,L,uniform_kd_seed1111,-1.819097877,-2
VbQk4H8hgr0$_$7,VbQk4H8hgr0,1216,3,LA,cfcompat_seed1111,-1.684987068,-2
VbQk4H8hgr0$_$7,VbQk4H8hgr0,1216,3,LA,cfcompat_seed1114,-1.439760208,-2
VbQk4H8hgr0$_$7,VbQk4H8hgr0,1216,3,LA,moddrop_seed1111,-1.931967258,-2
VbQk4H8hgr0$_$7,VbQk4H8hgr0,1216,3,LA,moddrop_seed1114,-1.226735592,-2
VbQk4H8hgr0$_$7,VbQk4H8hgr0,1216,3,LA,uniform_kd_seed1111,-1.853746533,-2
VbQk4H8hgr0$_$7,VbQk4H8hgr0,1216,3,LAV,cfcompat_seed1111,-1.578154206,-2
VbQk4H8hgr0$_$7,VbQk4H8hgr0,1216,3,LAV,cfcompat_seed1114,-1.456706285,-2
VbQk4H8hgr0$_$7,VbQk4H8hgr0,1216,3,LAV,moddrop_seed1111,-1.826103449,-2
VbQk4H8hgr0$_$7,VbQk4H8hgr0,1216,3,LAV,moddrop_seed1114,-1.237442493,-2
VbQk4H8hgr0$_$7,VbQk4H8hgr0,1216,3,LAV,uniform_kd_seed1111,-1.778128743,-2
VbQk4H8hgr0$_$7,VbQk4H8hgr0,1216,3,LV,cfcompat_seed1111,-1.551739573,-2
VbQk4H8hgr0$_$7,VbQk4H8hgr0,1216,3,LV,cfcompat_seed1114,-1.410061717,-2
VbQk4H8hgr0$_$7,VbQk4H8hgr0,1216,3,LV,moddrop_seed1111,-1.798072338,-2
VbQk4H8hgr0$_$7,VbQk4H8hgr0,1216,3,LV,moddrop_seed1114,-1.199267268,-2
VbQk4H8hgr0$_$7,VbQk4H8hgr0,1216,3,LV,uniform_kd_seed1111,-1.748836756,-2
VbQk4H8hgr0$_$8,VbQk4H8hgr0,1219,3,L,cfcompat_seed1111,-1.820161223,-0.400000006
VbQk4H8hgr0$_$8,VbQk4H8hgr0,1219,3,L,cfcompat_seed1114,-2.076434612,-0.400000006
VbQk4H8hgr0$_$8,VbQk4H8hgr0,1219,3,L,moddrop_seed1111,-1.894476056,-0.400000006
VbQk4H8hgr0$_$8,VbQk4H8hgr0,1219,3,L,moddrop_seed1114,-2.036495447,-0.400000006
VbQk4H8hgr0$_$8,VbQk4H8hgr0,1219,3,L,uniform_kd_seed1111,-2.082487822,-0.400000006
VbQk4H8hgr0$_$8,VbQk4H8hgr0,1219,3,LA,cfcompat_seed1111,-1.715974569,-0.400000006
VbQk4H8hgr0$_$8,VbQk4H8hgr0,1219,3,LA,cfcompat_seed1114,-2.034314871,-0.400000006
VbQk4H8hgr0$_$8,VbQk4H8hgr0,1219,3,LA,moddrop_seed1111,-1.795204759,-0.400000006
VbQk4H8hgr0$_$8,VbQk4H8hgr0,1219,3,LA,moddrop_seed1114,-1.982136011,-0.400000006
VbQk4H8hgr0$_$8,VbQk4H8hgr0,1219,3,LA,uniform_kd_seed1111,-1.995658875,-0.400000006
VbQk4H8hgr0$_$8,VbQk4H8hgr0,1219,3,LAV,cfcompat_seed1111,-1.597383022,-0.400000006
VbQk4H8hgr0$_$8,VbQk4H8hgr0,1219,3,LAV,cfcompat_seed1114,-2.008890152,-0.400000006
VbQk4H8hgr0$_$8,VbQk4H8hgr0,1219,3,LAV,moddrop_seed1111,-1.67840755,-0.400000006
VbQk4H8hgr0$_$8,VbQk4H8hgr0,1219,3,LAV,moddrop_seed1114,-1.949218869,-0.400000006
VbQk4H8hgr0$_$8,VbQk4H8hgr0,1219,3,LAV,uniform_kd_seed1111,-1.908951998,-0.400000006
VbQk4H8hgr0$_$8,VbQk4H8hgr0,1219,3,LV,cfcompat_seed1111,-1.712357521,-0.400000006
VbQk4H8hgr0$_$8,VbQk4H8hgr0,1219,3,LV,cfcompat_seed1114,-2.060846567,-0.400000006
VbQk4H8hgr0$_$8,VbQk4H8hgr0,1219,3,LV,moddrop_seed1111,-1.782822609,-0.400000006
VbQk4H8hgr0$_$8,VbQk4H8hgr0,1219,3,LV,moddrop_seed1114,-2.013083458,-0.400000006
VbQk4H8hgr0$_$8,VbQk4H8hgr0,1219,3,LV,uniform_kd_seed1111,-1.999291182,-0.400000006
VbQk4H8hgr0$_$9,VbQk4H8hgr0,1218,3,L,cfcompat_seed1111,-0.05435987562,0.6000000238
VbQk4H8hgr0$_$9,VbQk4H8hgr0,1218,3,L,cfcompat_seed1114,0.6994974017,0.6000000238
VbQk4H8hgr0$_$9,VbQk4H8hgr0,1218,3,L,moddrop_seed1111,-0.4171964824,0.6000000238
VbQk4H8hgr0$_$9,VbQk4H8hgr0,1218,3,L,moddrop_seed1114,0.7787714601,0.6000000238
VbQk4H8hgr0$_$9,VbQk4H8hgr0,1218,3,L,uniform_kd_seed1111,0.06480272859,0.6000000238
VbQk4H8hgr0$_$9,VbQk4H8hgr0,1218,3,LA,cfcompat_seed1111,0.06953920424,0.6000000238
VbQk4H8hgr0$_$9,VbQk4H8hgr0,1218,3,LA,cfcompat_seed1114,0.7256757617,0.6000000238
VbQk4H8hgr0$_$9,VbQk4H8hgr0,1218,3,LA,moddrop_seed1111,-0.312693119,0.6000000238
VbQk4H8hgr0$_$9,VbQk4H8hgr0,1218,3,LA,moddrop_seed1114,0.817831099,0.6000000238
VbQk4H8hgr0$_$9,VbQk4H8hgr0,1218,3,LA,uniform_kd_seed1111,0.1713588089,0.6000000238
VbQk4H8hgr0$_$9,VbQk4H8hgr0,1218,3,LAV,cfcompat_seed1111,0.1858476102,0.6000000238
VbQk4H8hgr0$_$9,VbQk4H8hgr0,1218,3,LAV,cfcompat_seed1114,0.7164010406,0.6000000238
VbQk4H8hgr0$_$9,VbQk4H8hgr0,1218,3,LAV,moddrop_seed1111,-0.192873016,0.6000000238
VbQk4H8hgr0$_$9,VbQk4H8hgr0,1218,3,LAV,moddrop_seed1114,0.8178005219,0.6000000238
VbQk4H8hgr0$_$9,VbQk4H8hgr0,1218,3,LAV,uniform_kd_seed1111,0.2592720091,0.6000000238
VbQk4H8hgr0$_$9,VbQk4H8hgr0,1218,3,LV,cfcompat_seed1111,0.05857986212,0.6000000238
VbQk4H8hgr0$_$9,VbQk4H8hgr0,1218,3,LV,cfcompat_seed1114,0.6952496767,0.6000000238
VbQk4H8hgr0$_$9,VbQk4H8hgr0,1218,3,LV,moddrop_seed1111,-0.3017641306,0.6000000238
VbQk4H8hgr0$_$9,VbQk4H8hgr0,1218,3,LV,moddrop_seed1114,0.7819141746,0.6000000238
VbQk4H8hgr0$_$9,VbQk4H8hgr0,1218,3,LV,uniform_kd_seed1111,0.150234133,0.6000000238
