sample_id,video_id,train_index
-HwX2H8Z4hY$_$1,-HwX2H8Z4hY,9
-HwX2H8Z4hY$_$0,-HwX2H8Z4hY,10
-HwX2H8Z4hY$_$3,-HwX2H8Z4hY,11
-HwX2H8Z4hY$_$2,-HwX2H8Z4hY,12
-HwX2H8Z4hY$_$5,-HwX2H8Z4hY,13
-HwX2H8Z4hY$_$4,-HwX2H8Z4hY,14
-HwX2H8Z4hY$_$7,-HwX2H8Z4hY,15
-HwX2H8Z4hY$_$6,-HwX2H8Z4hY,16
-HwX2H8Z4hY$_$9,-HwX2H8Z4hY,17
-HwX2H8Z4hY$_$8,-HwX2H8Z4hY,18
-WXXTNIJcVM$_$1,-WXXTNIJcVM,41
-WXXTNIJcVM$_$0,-WXXTNIJcVM,42
-WXXTNIJcVM$_$3,-WXXTNIJcVM,43
-WXXTNIJcVM$_$2,-WXXTNIJcVM,44
-WXXTNIJcVM$_$5,-WXXTNIJcVM,45
-aNfi7CP8vM$_$10,-aNfi7CP8vM,53
-aNfi7CP8vM$_$7,-aNfi7CP8vM,54
-aqamKhZ1Ec$_$1,-aqamKhZ1Ec,55
-aqamKhZ1Ec$_$0,-aqamKhZ1Ec,56
-aqamKhZ1Ec$_$5,-aqamKhZ1Ec,57
-dxfTGcXJoc$_$1,-dxfTGcXJoc,58
-dxfTGcXJoc$_$0,-dxfTGcXJoc,59
-dxfTGcXJoc$_$3,-dxfTGcXJoc,60
-dxfTGcXJoc$_$2,-dxfTGcXJoc,61
-dxfTGcXJoc$_$5,-dxfTGcXJoc,62
-dxfTGcXJoc$_$4,-dxfTGcXJoc,63
-dxfTGcXJoc$_$7,-dxfTGcXJoc,64
-dxfTGcXJoc$_$6,-dxfTGcXJoc,65
-lzEya4AM_4$_$9,-lzEya4AM_4,97
-lzEya4AM_4$_$10,-lzEya4AM_4,98
-lzEya4AM_4$_$5,-lzEya4AM_4,99
-lzEya4AM_4$_$7,-lzEya4AM_4,100
-lzEya4AM_4$_$6,-lzEya4AM_4,101
-mJ2ud6oKI8$_$1,-mJ2ud6oKI8,102
-mJ2ud6oKI8$_$3,-mJ2ud6oKI8,103
-mJ2ud6oKI8$_$2,-mJ2ud6oKI8,104
-mJ2ud6oKI8$_$5,-mJ2ud6oKI8,105
-mJ2ud6oKI8$_$4,-mJ2ud6oKI8,106
-mJ2ud6oKI8$_$7,-mJ2ud6oKI8,107
-mJ2ud6oKI8$_$6,-mJ2ud6oKI8,108
-mJ2ud6oKI8$_$9,-mJ2ud6oKI8,109
-mJ2ud6oKI8$_$8,-mJ2ud6oKI8,110
-tANM6ETl_M$_$0,-tANM6ETl_M,116
-tANM6ETl_M$_$3,-tANM6ETl_M,117
-tANM6ETl_M$_$4,-tANM6ETl_M,118
-vxjVxOeScU$_$2,-vxjVxOeScU,125
-vxjVxOeScU$_$4,-vxjVxOeScU,126
-vxjVxOeScU$_$7,-vxjVxOeScU,127
-wMB_hJL-3o$_$0,-wMB_hJL-3o,128
-wMB_hJL-3o$_$4,-wMB_hJL-3o,129
-wMB_hJL-3o$_$7,-wMB_hJL-3o,130
-wMB_hJL-3o$_$6,-wMB_hJL-3o,131
07Z16yRBFUQ$_$3,07Z16yRBFUQ,148
07Z16yRBFUQ$_$5,07Z16yRBFUQ,149
07Z16yRBFUQ$_$6,07Z16yRBFUQ,150
0EphpADwdPg$_$1,0EphpADwdPg,179
0EphpADwdPg$_$0,0EphpADwdPg,180
0EphpADwdPg$_$2,0EphpADwdPg,181
0EphpADwdPg$_$7,0EphpADwdPg,182
0EphpADwdPg$_$6,0EphpADwdPg,183
0EphpADwdPg$_$8,0EphpADwdPg,184
0JuRmhhgMw8$_$1,0JuRmhhgMw8,214
0JuRmhhgMw8$_$0,0JuRmhhgMw8,215
0JuRmhhgMw8$_$3,0JuRmhhgMw8,216
0JuRmhhgMw8$_$2,0JuRmhhgMw8,217
0JuRmhhgMw8$_$5,0JuRmhhgMw8,218
0JuRmhhgMw8$_$4,0JuRmhhgMw8,219
0JuRmhhgMw8$_$7,0JuRmhhgMw8,220
0JuRmhhgMw8$_$6,0JuRmhhgMw8,221
0Svu5BldR5A$_$11,0Svu5BldR5A,248
0Svu5BldR5A$_$0,0Svu5BldR5A,249
0W4WsjhDgUI$_$3,0W4WsjhDgUI,250
0Xs8wJrAmxs$_$2,0Xs8wJrAmxs,257
0Xs8wJrAmxs$_$5,0Xs8wJrAmxs,258
0Xs8wJrAmxs$_$4,0Xs8wJrAmxs,259
0Xs8wJrAmxs$_$6,0Xs8wJrAmxs,260
0YdYFtVdlWE$_$20,0YdYFtVdlWE,261
0YdYFtVdlWE$_$21,0YdYFtVdlWE,262
0YdYFtVdlWE$_$22,0YdYFtVdlWE,263
0YdYFtVdlWE$_$23,0YdYFtVdlWE,264
0YdYFtVdlWE$_$0,0YdYFtVdlWE,265
0YdYFtVdlWE$_$2,0YdYFtVdlWE,266
0YdYFtVdlWE$_$5,0YdYFtVdlWE,267
0YdYFtVdlWE$_$4,0YdYFtVdlWE,268
0YdYFtVdlWE$_$7,0YdYFtVdlWE,269
0YdYFtVdlWE$_$6,0YdYFtVdlWE,270
0YdYFtVdlWE$_$9,0YdYFtVdlWE,271
0YdYFtVdlWE$_$8,0YdYFtVdlWE,272
0YdYFtVdlWE$_$11,0YdYFtVdlWE,273
0YdYFtVdlWE$_$10,0YdYFtVdlWE,274
0YdYFtVdlWE$_$13,0YdYFtVdlWE,275
0YdYFtVdlWE$_$12,0YdYFtVdlWE,276
0YdYFtVdlWE$_$15,0YdYFtVdlWE,277
0YdYFtVdlWE$_$14,0YdYFtVdlWE,278
0YdYFtVdlWE$_$17,0YdYFtVdlWE,279
0YdYFtVdlWE$_$16,0YdYFtVdlWE,280
0YdYFtVdlWE$_$19,0YdYFtVdlWE,281
0YdYFtVdlWE$_$18,0YdYFtVdlWE,282
0mXv97u2OCM$_$8,0mXv97u2OCM,309
0mXv97u2OCM$_$7,0mXv97u2OCM,310
0p9XKC_J3hU$_$2,0p9XKC_J3hU,317
0rE8jEvQW_I$_$0,0rE8jEvQW_I,322
0rE8jEvQW_I$_$3,0rE8jEvQW_I,323
0rE8jEvQW_I$_$2,0rE8jEvQW_I,324
0rE8jEvQW_I$_$5,0rE8jEvQW_I,325
0rE8jEvQW_I$_$4,0rE8jEvQW_I,326
0rE8jEvQW_I$_$7,0rE8jEvQW_I,327
0rE8jEvQW_I$_$6,0rE8jEvQW_I,328
0rE8jEvQW_I$_$9,0rE8jEvQW_I,329
0rE8jEvQW_I$_$8,0rE8jEvQW_I,330
0tkWa2skSmA$_$8,0tkWa2skSmA,331
0tkWa2skSmA$_$6,0tkWa2skSmA,332
100499$_$1,100499,341
100499$_$0,100499,342
100499$_$3,100499,343
100499$_$2,100499,344
100499$_$5,100499,345
100499$_$4,100499,346
100499$_$6,100499,347
101851$_$11,101851,348
101851$_$10,101851,349
101851$_$13,101851,350
101851$_$12,101851,351
101851$_$20,101851,352
101851$_$14,101851,353
101851$_$17,101851,354
101851$_$16,101851,355
101851$_$19,101851,356
101851$_$18,101851,357
101851$_$1,101851,358
101851$_$0,101851,359
101851$_$3,101851,360
101851$_$2,101851,361
101851$_$5,101851,362
101851$_$4,101851,363
101851$_$7,101851,364
101851$_$6,101851,365
101851$_$9,101851,366
101851$_$15,101851,367
101851$_$8,101851,368
10223$_$1,10223,388
10223$_$0,10223,389
10223$_$3,10223,390
10223$_$2,10223,391
10223$_$5,10223,392
10223$_$4,10223,393
10223$_$7,10223,394
10223$_$6,10223,395
10223$_$9,10223,396
10223$_$8,10223,397
106077$_$11,106077,398
106077$_$10,106077,399
106077$_$13,106077,400
106077$_$12,106077,401
106077$_$14,106077,402
106077$_$1,106077,403
106077$_$0,106077,404
106077$_$3,106077,405
106077$_$2,106077,406
106077$_$5,106077,407
106077$_$4,106077,408
106077$_$7,106077,409
106077$_$6,106077,410
106077$_$9,106077,411
106077$_$8,106077,412
110788$_$1,110788,510
110788$_$0,110788,511
110788$_$3,110788,512
110788$_$2,110788,513
110788$_$5,110788,514
110788$_$4,110788,515
110788$_$6,110788,516
112604$_$1,112604,557
112604$_$0,112604,558
112604$_$3,112604,559
112604$_$2,112604,560
112604$_$4,112604,561
113265$_$1,113265,579
113265$_$0,113265,580
113265$_$3,113265,581
113265$_$2,113265,582
113265$_$5,113265,583
113265$_$4,113265,584
113265$_$7,113265,585
113265$_$6,113265,586
113265$_$9,113265,587
113265$_$8,113265,588
120vnZnmhq4$_$2,120vnZnmhq4,641
125708$_$0,125708,707
125730$_$11,125730,708
125730$_$10,125730,709
125730$_$13,125730,710
125730$_$12,125730,711
125730$_$15,125730,712
125730$_$14,125730,713
125730$_$1,125730,714
125730$_$0,125730,715
125730$_$3,125730,716
125730$_$2,125730,717
125730$_$5,125730,718
125730$_$4,125730,719
125730$_$7,125730,720
125730$_$6,125730,721
125730$_$9,125730,722
125730$_$8,125730,723
125895$_$1,125895,735
125895$_$0,125895,736
125895$_$3,125895,737
125895$_$2,125895,738
125895$_$5,125895,739
125895$_$4,125895,740
125895$_$7,125895,741
125895$_$6,125895,742
125895$_$9,125895,743
125895$_$8,125895,744
128752$_$11,128752,826
128752$_$10,128752,827
128752$_$13,128752,828
128752$_$12,128752,829
128752$_$15,128752,830
128752$_$14,128752,831
128752$_$16,128752,832
128752$_$1,128752,833
128752$_$0,128752,834
128752$_$3,128752,835
128752$_$2,128752,836
128752$_$5,128752,837
128752$_$4,128752,838
128752$_$7,128752,839
128752$_$6,128752,840
128752$_$9,128752,841
128752$_$8,128752,842
130149$_$1,130149,864
130149$_$0,130149,865
130149$_$3,130149,866
130149$_$2,130149,867
130149$_$5,130149,868
130149$_$4,130149,869
130149$_$6,130149,870
130426$_$1,130426,871
130426$_$0,130426,872
130426$_$3,130426,873
130426$_$2,130426,874
130426$_$5,130426,875
130426$_$4,130426,876
130426$_$7,130426,877
130426$_$6,130426,878
130426$_$8,130426,879
130633$_$10,130633,890
130633$_$1,130633,891
130633$_$0,130633,892
130633$_$3,130633,893
130633$_$2,130633,894
130633$_$5,130633,895
130633$_$4,130633,896
130633$_$7,130633,897
130633$_$6,130633,898
130633$_$9,130633,899
130633$_$8,130633,900
131650$_$10,131650,901
131650$_$1,131650,902
131650$_$0,131650,903
131650$_$3,131650,904
131650$_$2,131650,905
131650$_$5,131650,906
131650$_$4,131650,907
131650$_$7,131650,908
131650$_$6,131650,909
131650$_$9,131650,910
131650$_$8,131650,911
131936$_$1,131936,921
131936$_$0,131936,922
131936$_$3,131936,923
131936$_$2,131936,924
131936$_$5,131936,925
131936$_$4,131936,926
131936$_$7,131936,927
131936$_$6,131936,928
134252$_$1,134252,929
134252$_$0,134252,930
134252$_$3,134252,931
134252$_$2,134252,932
134252$_$5,134252,933
134252$_$4,134252,934
134252$_$7,134252,935
134252$_$6,134252,936
134252$_$9,134252,937
134252$_$8,134252,938
136211$_$1,136211,955
136211$_$0,136211,956
136211$_$3,136211,957
136211$_$2,136211,958
136211$_$5,136211,959
136211$_$4,136211,960
136211$_$7,136211,961
136211$_$6,136211,962
139006$_$11,139006,985
139006$_$10,139006,986
139006$_$12,139006,987
139006$_$1,139006,988
139006$_$0,139006,989
139006$_$3,139006,990
139006$_$2,139006,991
139006$_$5,139006,992
139006$_$4,139006,993
139006$_$7,139006,994
139006$_$6,139006,995
139006$_$9,139006,996
139006$_$8,139006,997
154449$_$11,154449,1041
154449$_$10,154449,1042
154449$_$13,154449,1043
154449$_$12,154449,1044
154449$_$1,154449,1045
154449$_$0,154449,1046
154449$_$3,154449,1047
154449$_$2,154449,1048
154449$_$5,154449,1049
154449$_$4,154449,1050
154449$_$7,154449,1051
154449$_$6,154449,1052
154449$_$9,154449,1053
154449$_$8,154449,1054
15Wu4U2VPLw$_$1,15Wu4U2VPLw,1069
15Wu4U2VPLw$_$2,15Wu4U2VPLw,1070
15Wu4U2VPLw$_$5,15Wu4U2VPLw,1071
15Wu4U2VPLw$_$4,15Wu4U2VPLw,1072
15Wu4U2VPLw$_$7,15Wu4U2VPLw,1073
15Wu4U2VPLw$_$6,15Wu4U2VPLw,1074
15Wu4U2VPLw$_$9,15Wu4U2VPLw,1075
15Wu4U2VPLw$_$8,15Wu4U2VPLw,1076
180923$_$11,180923,1084
180923$_$10,180923,1085
180923$_$13,180923,1086
180923$_$12,180923,1087
180923$_$14,180923,1088
180923$_$1,180923,1089
180923$_$0,180923,1090
180923$_$3,180923,1091
180923$_$2,180923,1092
180923$_$5,180923,1093
180923$_$4,180923,1094
180923$_$7,180923,1095
180923$_$6,180923,1096
180923$_$9,180923,1097
180923$_$8,180923,1098
184784$_$1,184784,1099
184784$_$0,184784,1100
184784$_$3,184784,1101
184784$_$2,184784,1102
184784$_$5,184784,1103
184784$_$4,184784,1104
184784$_$6,184784,1105
18QjfdhJEM4$_$11,18QjfdhJEM4,1167
18QjfdhJEM4$_$10,18QjfdhJEM4,1168
18QjfdhJEM4$_$13,18QjfdhJEM4,1169
18QjfdhJEM4$_$12,18QjfdhJEM4,1170
18QjfdhJEM4$_$20,18QjfdhJEM4,1171
18QjfdhJEM4$_$14,18QjfdhJEM4,1172
18QjfdhJEM4$_$17,18QjfdhJEM4,1173
18QjfdhJEM4$_$23,18QjfdhJEM4,1174
18QjfdhJEM4$_$22,18QjfdhJEM4,1175
18QjfdhJEM4$_$1,18QjfdhJEM4,1176
18QjfdhJEM4$_$0,18QjfdhJEM4,1177
18QjfdhJEM4$_$3,18QjfdhJEM4,1178
18QjfdhJEM4$_$16,18QjfdhJEM4,1179
18QjfdhJEM4$_$5,18QjfdhJEM4,1180
18QjfdhJEM4$_$4,18QjfdhJEM4,1181
18QjfdhJEM4$_$7,18QjfdhJEM4,1182
18QjfdhJEM4$_$6,18QjfdhJEM4,1183
18QjfdhJEM4$_$9,18QjfdhJEM4,1184
18QjfdhJEM4$_$15,18QjfdhJEM4,1185
193291$_$1,193291,1219
193291$_$0,193291,1220
193291$_$3,193291,1221
193291$_$2,193291,1222
19k6sEC7814$_$10,19k6sEC7814,1259
19k6sEC7814$_$1,19k6sEC7814,1260
19k6sEC7814$_$0,19k6sEC7814,1261
19k6sEC7814$_$2,19k6sEC7814,1262
19k6sEC7814$_$4,19k6sEC7814,1263
19k6sEC7814$_$7,19k6sEC7814,1264
1CjUHNYzW1E$_$11,1CjUHNYzW1E,1289
1CjUHNYzW1E$_$1,1CjUHNYzW1E,1290
1CjUHNYzW1E$_$0,1CjUHNYzW1E,1291
1CjUHNYzW1E$_$5,1CjUHNYzW1E,1292
1CjUHNYzW1E$_$6,1CjUHNYzW1E,1293
1CjUHNYzW1E$_$9,1CjUHNYzW1E,1294
1F0qH0EEBfo$_$24,1F0qH0EEBfo,1307
1F0qH0EEBfo$_$25,1F0qH0EEBfo,1308
1F0qH0EEBfo$_$26,1F0qH0EEBfo,1309
1F0qH0EEBfo$_$27,1F0qH0EEBfo,1310
1F0qH0EEBfo$_$20,1F0qH0EEBfo,1311
1F0qH0EEBfo$_$21,1F0qH0EEBfo,1312
1F0qH0EEBfo$_$22,1F0qH0EEBfo,1313
1F0qH0EEBfo$_$23,1F0qH0EEBfo,1314
1F0qH0EEBfo$_$1,1F0qH0EEBfo,1315
1F0qH0EEBfo$_$0,1F0qH0EEBfo,1316
1F0qH0EEBfo$_$3,1F0qH0EEBfo,1317
1F0qH0EEBfo$_$2,1F0qH0EEBfo,1318
1F0qH0EEBfo$_$5,1F0qH0EEBfo,1319
1F0qH0EEBfo$_$4,1F0qH0EEBfo,1320
1F0qH0EEBfo$_$7,1F0qH0EEBfo,1321
1F0qH0EEBfo$_$9,1F0qH0EEBfo,1322
1F0qH0EEBfo$_$8,1F0qH0EEBfo,1323
1F0qH0EEBfo$_$11,1F0qH0EEBfo,1324
1F0qH0EEBfo$_$13,1F0qH0EEBfo,1325
1F0qH0EEBfo$_$12,1F0qH0EEBfo,1326
1F0qH0EEBfo$_$15,1F0qH0EEBfo,1327
1F0qH0EEBfo$_$14,1F0qH0EEBfo,1328
1F0qH0EEBfo$_$16,1F0qH0EEBfo,1329
1F0qH0EEBfo$_$19,1F0qH0EEBfo,1330
1F0qH0EEBfo$_$18,1F0qH0EEBfo,1331
1J9Fa995Ojs$_$1,1J9Fa995Ojs,1332
1W38PnuWIkM$_$1,1W38PnuWIkM,1342
1W38PnuWIkM$_$3,1W38PnuWIkM,1343
1W38PnuWIkM$_$2,1W38PnuWIkM,1344
1W38PnuWIkM$_$5,1W38PnuWIkM,1345
1W38PnuWIkM$_$4,1W38PnuWIkM,1346
1W38PnuWIkM$_$6,1W38PnuWIkM,1347
1W38PnuWIkM$_$9,1W38PnuWIkM,1348
1W38PnuWIkM$_$8,1W38PnuWIkM,1349
1cyUKHOvdYY$_$0,1cyUKHOvdYY,1357
1cyUKHOvdYY$_$3,1cyUKHOvdYY,1358
1cyUKHOvdYY$_$2,1cyUKHOvdYY,1359
1cyUKHOvdYY$_$5,1cyUKHOvdYY,1360
1fqNb8cfLFE$_$0,1fqNb8cfLFE,1366
1fqNb8cfLFE$_$2,1fqNb8cfLFE,1367
1mHjMNZZvFo$_$1,1mHjMNZZvFo,1379
1mHjMNZZvFo$_$3,1mHjMNZZvFo,1380
1mHjMNZZvFo$_$2,1mHjMNZZvFo,1381
1mHjMNZZvFo$_$5,1mHjMNZZvFo,1382
1mHjMNZZvFo$_$4,1mHjMNZZvFo,1383
1mHjMNZZvFo$_$7,1mHjMNZZvFo,1384
1mHjMNZZvFo$_$6,1mHjMNZZvFo,1385
1rVly2oeBJg$_$0,1rVly2oeBJg,1396
1tuMFJnlXJc$_$11,1tuMFJnlXJc,1410
1tuMFJnlXJc$_$10,1tuMFJnlXJc,1411
1tuMFJnlXJc$_$13,1tuMFJnlXJc,1412
1tuMFJnlXJc$_$12,1tuMFJnlXJc,1413
1tuMFJnlXJc$_$20,1tuMFJnlXJc,1414
1tuMFJnlXJc$_$1,1tuMFJnlXJc,1415
1tuMFJnlXJc$_$3,1tuMFJnlXJc,1416
1tuMFJnlXJc$_$5,1tuMFJnlXJc,1417
1tuMFJnlXJc$_$4,1tuMFJnlXJc,1418
1tuMFJnlXJc$_$9,1tuMFJnlXJc,1419
1tuMFJnlXJc$_$8,1tuMFJnlXJc,1420
1x7kf9vArjU$_$1,1x7kf9vArjU,1421
1x7kf9vArjU$_$0,1x7kf9vArjU,1422
1x7kf9vArjU$_$3,1x7kf9vArjU,1423
2-4autDbHVQ$_$11,2-4autDbHVQ,1424
2-4autDbHVQ$_$10,2-4autDbHVQ,1425
2-4autDbHVQ$_$13,2-4autDbHVQ,1426
2-4autDbHVQ$_$12,2-4autDbHVQ,1427
2-4autDbHVQ$_$15,2-4autDbHVQ,1428
2-4autDbHVQ$_$14,2-4autDbHVQ,1429
2-4autDbHVQ$_$17,2-4autDbHVQ,1430
2-4autDbHVQ$_$16,2-4autDbHVQ,1431
2-4autDbHVQ$_$19,2-4autDbHVQ,1432
2-4autDbHVQ$_$18,2-4autDbHVQ,1433
2-4autDbHVQ$_$1,2-4autDbHVQ,1434
2-4autDbHVQ$_$0,2-4autDbHVQ,1435
2-4autDbHVQ$_$3,2-4autDbHVQ,1436
2-4autDbHVQ$_$2,2-4autDbHVQ,1437
2-4autDbHVQ$_$5,2-4autDbHVQ,1438
2-4autDbHVQ$_$4,2-4autDbHVQ,1439
2-4autDbHVQ$_$7,2-4autDbHVQ,1440
2-4autDbHVQ$_$8,2-4autDbHVQ,1441
2-4autDbHVQ$_$9,2-4autDbHVQ,1442
2-4autDbHVQ$_$20,2-4autDbHVQ,1443
2-EJz4RG4g4$_$2,2-EJz4RG4g4,1450
206507$_$11,206507,1533
206507$_$10,206507,1534
206507$_$13,206507,1535
206507$_$12,206507,1536
206507$_$1,206507,1537
206507$_$0,206507,1538
206507$_$3,206507,1539
206507$_$2,206507,1540
206507$_$5,206507,1541
206507$_$4,206507,1542
206507$_$7,206507,1543
206507$_$6,206507,1544
206507$_$9,206507,1545
206507$_$8,206507,1546
206606$_$10,206606,1547
206606$_$1,206606,1548
206606$_$0,206606,1549
206606$_$3,206606,1550
206606$_$2,206606,1551
206606$_$5,206606,1552
206606$_$4,206606,1553
206606$_$7,206606,1554
206606$_$6,206606,1555
206606$_$9,206606,1556
206606$_$8,206606,1557
207812$_$1,207812,1558
207812$_$0,207812,1559
207812$_$3,207812,1560
207812$_$2,207812,1561
207812$_$5,207812,1562
207812$_$4,207812,1563
207812$_$7,207812,1564
207812$_$6,207812,1565
207812$_$9,207812,1566
207812$_$8,207812,1567
208416$_$11,208416,1591
208416$_$10,208416,1592
208416$_$13,208416,1593
208416$_$12,208416,1594
208416$_$15,208416,1595
208416$_$14,208416,1596
208416$_$16,208416,1597
208416$_$1,208416,1598
208416$_$0,208416,1599
208416$_$3,208416,1600
208416$_$2,208416,1601
208416$_$5,208416,1602
208416$_$4,208416,1603
208416$_$7,208416,1604
208416$_$6,208416,1605
208416$_$9,208416,1606
208416$_$8,208416,1607
209354$_$11,209354,1608
209354$_$10,209354,1609
209354$_$1,209354,1610
209354$_$0,209354,1611
209354$_$3,209354,1612
209354$_$2,209354,1613
209354$_$5,209354,1614
209354$_$4,209354,1615
209354$_$7,209354,1616
209354$_$6,209354,1617
209354$_$9,209354,1618
209354$_$8,209354,1619
209775$_$10,209775,1620
209775$_$1,209775,1621
209775$_$0,209775,1622
209775$_$3,209775,1623
209775$_$2,209775,1624
209775$_$5,209775,1625
209775$_$4,209775,1626
209775$_$7,209775,1627
209775$_$6,209775,1628
209775$_$9,209775,1629
209775$_$8,209775,1630
210618$_$11,210618,1649
210618$_$10,210618,1650
210618$_$13,210618,1651
210618$_$12,210618,1652
210618$_$15,210618,1653
210618$_$14,210618,1654
210618$_$17,210618,1655
210618$_$16,210618,1656
210618$_$1,210618,1657
210618$_$0,210618,1658
210618$_$3,210618,1659
210618$_$2,210618,1660
210618$_$5,210618,1661
210618$_$4,210618,1662
210618$_$7,210618,1663
210618$_$6,210618,1664
210618$_$9,210618,1665
210618$_$8,210618,1666
214095$_$11,214095,1701
214095$_$10,214095,1702
214095$_$13,214095,1703
214095$_$12,214095,1704
214095$_$14,214095,1705
214095$_$1,214095,1706
214095$_$0,214095,1707
214095$_$3,214095,1708
214095$_$2,214095,1709
214095$_$5,214095,1710
214095$_$4,214095,1711
214095$_$7,214095,1712
214095$_$6,214095,1713
214095$_$9,214095,1714
214095$_$8,214095,1715
216007$_$24,216007,1728
216007$_$25,216007,1729
216007$_$26,216007,1730
216007$_$27,216007,1731
216007$_$20,216007,1732
216007$_$21,216007,1733
216007$_$22,216007,1734
216007$_$23,216007,1735
216007$_$28,216007,1736
216007$_$29,216007,1737
216007$_$1,216007,1738
216007$_$0,216007,1739
216007$_$3,216007,1740
216007$_$2,216007,1741
216007$_$5,216007,1742
216007$_$4,216007,1743
216007$_$7,216007,1744
216007$_$6,216007,1745
216007$_$9,216007,1746
216007$_$8,216007,1747
216007$_$11,216007,1748
216007$_$10,216007,1749
216007$_$13,216007,1750
216007$_$12,216007,1751
216007$_$15,216007,1752
216007$_$14,216007,1753
216007$_$17,216007,1754
216007$_$16,216007,1755
216007$_$19,216007,1756
216007$_$18,216007,1757
216007$_$31,216007,1758
216007$_$30,216007,1759
21638$_$1,21638,1760
21638$_$0,21638,1761
21638$_$3,21638,1762
21638$_$2,21638,1763
21638$_$5,21638,1764
21638$_$4,21638,1765
21638$_$6,21638,1766
219310$_$10,219310,1809
219310$_$1,219310,1810
219310$_$0,219310,1811
219310$_$3,219310,1812
219310$_$2,219310,1813
219310$_$5,219310,1814
219310$_$4,219310,1815
219310$_$7,219310,1816
219310$_$6,219310,1817
219310$_$9,219310,1818
219310$_$8,219310,1819
220134$_$24,220134,1831
220134$_$25,220134,1832
220134$_$26,220134,1833
220134$_$27,220134,1834
220134$_$20,220134,1835
220134$_$21,220134,1836
220134$_$22,220134,1837
220134$_$23,220134,1838
220134$_$28,220134,1839
220134$_$1,220134,1840
220134$_$0,220134,1841
220134$_$3,220134,1842
220134$_$2,220134,1843
220134$_$5,220134,1844
220134$_$4,220134,1845
220134$_$7,220134,1846
220134$_$6,220134,1847
220134$_$9,220134,1848
220134$_$8,220134,1849
220134$_$11,220134,1850
220134$_$10,220134,1851
220134$_$15,220134,1852
220134$_$14,220134,1853
220134$_$17,220134,1854
220134$_$16,220134,1855
220134$_$19,220134,1856
220134$_$18,220134,1857
220200$_$11,220200,1858
220200$_$10,220200,1859
220200$_$13,220200,1860
220200$_$12,220200,1861
220200$_$1,220200,1862
220200$_$0,220200,1863
220200$_$3,220200,1864
220200$_$2,220200,1865
220200$_$5,220200,1866
220200$_$4,220200,1867
220200$_$7,220200,1868
220200$_$6,220200,1869
220200$_$9,220200,1870
220200$_$8,220200,1871
223926$_$1,223926,1914
223926$_$0,223926,1915
223926$_$3,223926,1916
223926$_$2,223926,1917
223926$_$5,223926,1918
223926$_$4,223926,1919
223926$_$7,223926,1920
223926$_$6,223926,1921
223926$_$8,223926,1922
225343$_$11,225343,1968
225343$_$10,225343,1969
225343$_$13,225343,1970
225343$_$12,225343,1971
225343$_$15,225343,1972
225343$_$14,225343,1973
225343$_$16,225343,1974
225343$_$1,225343,1975
225343$_$0,225343,1976
225343$_$3,225343,1977
225343$_$2,225343,1978
225343$_$5,225343,1979
225343$_$4,225343,1980
225343$_$7,225343,1981
225343$_$6,225343,1982
225343$_$9,225343,1983
225343$_$8,225343,1984
225416$_$11,225416,1985
225416$_$10,225416,1986
225416$_$13,225416,1987
225416$_$12,225416,1988
225416$_$15,225416,1989
225416$_$14,225416,1990
225416$_$16,225416,1991
225416$_$1,225416,1992
225416$_$0,225416,1993
225416$_$3,225416,1994
225416$_$2,225416,1995
225416$_$5,225416,1996
225416$_$4,225416,1997
225416$_$7,225416,1998
225416$_$6,225416,1999
225416$_$9,225416,2000
225416$_$8,225416,2001
225768$_$11,225768,2002
225768$_$10,225768,2003
225768$_$13,225768,2004
225768$_$12,225768,2005
225768$_$15,225768,2006
225768$_$14,225768,2007
225768$_$16,225768,2008
225768$_$1,225768,2009
225768$_$0,225768,2010
225768$_$3,225768,2011
225768$_$2,225768,2012
225768$_$5,225768,2013
225768$_$4,225768,2014
225768$_$7,225768,2015
225768$_$6,225768,2016
225768$_$9,225768,2017
225768$_$8,225768,2018
227416$_$11,227416,2036
227416$_$10,227416,2037
227416$_$12,227416,2038
227416$_$1,227416,2039
227416$_$0,227416,2040
227416$_$3,227416,2041
227416$_$2,227416,2042
227416$_$5,227416,2043
227416$_$4,227416,2044
227416$_$7,227416,2045
227416$_$6,227416,2046
227416$_$9,227416,2047
227416$_$8,227416,2048
22880$_$10,22880,2088
22880$_$1,22880,2089
22880$_$0,22880,2090
22880$_$3,22880,2091
22880$_$2,22880,2092
22880$_$5,22880,2093
22880$_$4,22880,2094
22880$_$7,22880,2095
22880$_$6,22880,2096
22880$_$9,22880,2097
22880$_$8,22880,2098
230252$_$11,230252,2140
230252$_$10,230252,2141
230252$_$13,230252,2142
230252$_$12,230252,2143
230252$_$14,230252,2144
230252$_$1,230252,2145
230252$_$0,230252,2146
230252$_$3,230252,2147
230252$_$2,230252,2148
230252$_$5,230252,2149
230252$_$4,230252,2150
230252$_$7,230252,2151
230252$_$6,230252,2152
230252$_$9,230252,2153
230252$_$8,230252,2154
233356$_$11,233356,2181
233356$_$10,233356,2182
233356$_$1,233356,2183
233356$_$0,233356,2184
233356$_$3,233356,2185
233356$_$2,233356,2186
233356$_$5,233356,2187
233356$_$4,233356,2188
233356$_$7,233356,2189
233356$_$6,233356,2190
233356$_$9,233356,2191
233356$_$8,233356,2192
236696$_$11,236696,2270
236696$_$10,236696,2271
236696$_$13,236696,2272
236696$_$12,236696,2273
236696$_$15,236696,2274
236696$_$14,236696,2275
236696$_$1,236696,2276
236696$_$0,236696,2277
236696$_$3,236696,2278
236696$_$2,236696,2279
236696$_$5,236696,2280
236696$_$4,236696,2281
236696$_$7,236696,2282
236696$_$6,236696,2283
236696$_$9,236696,2284
236696$_$8,236696,2285
238023$_$24,238023,2286
238023$_$25,238023,2287
238023$_$26,238023,2288
238023$_$27,238023,2289
238023$_$20,238023,2290
238023$_$21,238023,2291
238023$_$22,238023,2292
238023$_$23,238023,2293
238023$_$28,238023,2294
238023$_$29,238023,2295
238023$_$1,238023,2296
238023$_$0,238023,2297
238023$_$3,238023,2298
238023$_$2,238023,2299
238023$_$5,238023,2300
238023$_$4,238023,2301
238023$_$7,238023,2302
238023$_$6,238023,2303
238023$_$9,238023,2304
238023$_$8,238023,2305
238023$_$38,238023,2306
238023$_$11,238023,2307
238023$_$10,238023,2308
238023$_$13,238023,2309
238023$_$12,238023,2310
238023$_$15,238023,2311
238023$_$14,238023,2312
238023$_$17,238023,2313
238023$_$16,238023,2314
238023$_$19,238023,2315
238023$_$18,238023,2316
238023$_$31,238023,2317
238023$_$30,238023,2318
238023$_$37,238023,2319
238023$_$36,238023,2320
238023$_$35,238023,2321
238023$_$34,238023,2322
238023$_$33,238023,2323
238023$_$32,238023,2324
238645$_$24,238645,2368
238645$_$25,238645,2369
238645$_$20,238645,2370
238645$_$22,238645,2371
238645$_$23,238645,2372
238645$_$1,238645,2373
238645$_$0,238645,2374
238645$_$3,238645,2375
238645$_$2,238645,2376
238645$_$5,238645,2377
238645$_$4,238645,2378
238645$_$7,238645,2379
238645$_$6,238645,2380
238645$_$9,238645,2381
238645$_$8,238645,2382
238645$_$11,238645,2383
238645$_$10,238645,2384
238645$_$12,238645,2385
238645$_$15,238645,2386
238645$_$14,238645,2387
238645$_$17,238645,2388
238645$_$16,238645,2389
238645$_$19,238645,2390
238645$_$18,238645,2391
238889$_$11,238889,2397
238889$_$10,238889,2398
238889$_$1,238889,2399
238889$_$0,238889,2400
238889$_$3,238889,2401
238889$_$2,238889,2402
238889$_$5,238889,2403
238889$_$4,238889,2404
238889$_$7,238889,2405
238889$_$6,238889,2406
238889$_$9,238889,2407
238889$_$8,238889,2408
23YlZoucbyM$_$0,23YlZoucbyM,2435
23YlZoucbyM$_$3,23YlZoucbyM,2436
23YlZoucbyM$_$2,23YlZoucbyM,2437
23YlZoucbyM$_$5,23YlZoucbyM,2438
23YlZoucbyM$_$4,23YlZoucbyM,2439
23YlZoucbyM$_$7,23YlZoucbyM,2440
23YlZoucbyM$_$6,23YlZoucbyM,2441
241164$_$11,241164,2451
241164$_$10,241164,2452
241164$_$12,241164,2453
241164$_$1,241164,2454
241164$_$0,241164,2455
241164$_$3,241164,2456
241164$_$2,241164,2457
241164$_$5,241164,2458
241164$_$4,241164,2459
241164$_$7,241164,2460
241164$_$6,241164,2461
241164$_$9,241164,2462
241164$_$8,241164,2463
241172$_$1,241172,2464
241172$_$0,241172,2465
241172$_$3,241172,2466
241172$_$2,241172,2467
241172$_$5,241172,2468
241172$_$4,241172,2469
241172$_$7,241172,2470
241172$_$6,241172,2471
243341$_$24,243341,2518
243341$_$25,243341,2519
243341$_$26,243341,2520
243341$_$27,243341,2521
243341$_$20,243341,2522
243341$_$21,243341,2523
243341$_$22,243341,2524
243341$_$23,243341,2525
243341$_$28,243341,2526
243341$_$29,243341,2527
243341$_$1,243341,2528
243341$_$0,243341,2529
243341$_$3,243341,2530
243341$_$2,243341,2531
243341$_$5,243341,2532
243341$_$4,243341,2533
243341$_$7,243341,2534
243341$_$6,243341,2535
243341$_$9,243341,2536
243341$_$8,243341,2537
243341$_$11,243341,2538
243341$_$10,243341,2539
243341$_$13,243341,2540
243341$_$12,243341,2541
243341$_$15,243341,2542
243341$_$14,243341,2543
243341$_$17,243341,2544
243341$_$16,243341,2545
243341$_$19,243341,2546
243341$_$18,243341,2547
243341$_$31,243341,2548
243341$_$30,243341,2549
243341$_$36,243341,2550
243341$_$35,243341,2551
243341$_$34,243341,2552
243341$_$33,243341,2553
243341$_$32,243341,2554
244261$_$24,244261,2577
244261$_$25,244261,2578
244261$_$20,244261,2579
244261$_$21,244261,2580
244261$_$22,244261,2581
244261$_$23,244261,2582
244261$_$1,244261,2583
244261$_$0,244261,2584
244261$_$3,244261,2585
244261$_$2,244261,2586
244261$_$5,244261,2587
244261$_$4,244261,2588
244261$_$7,244261,2589
244261$_$6,244261,2590
244261$_$9,244261,2591
244261$_$8,244261,2592
244261$_$11,244261,2593
244261$_$10,244261,2594
244261$_$13,244261,2595
244261$_$12,244261,2596
244261$_$15,244261,2597
244261$_$14,244261,2598
244261$_$17,244261,2599
244261$_$16,244261,2600
244261$_$19,244261,2601
244261$_$18,244261,2602
244817$_$1,244817,2632
244817$_$0,244817,2633
244817$_$3,244817,2634
244817$_$2,244817,2635
244817$_$5,244817,2636
244817$_$4,244817,2637
244817$_$7,244817,2638
244817$_$6,244817,2639
244817$_$9,244817,2640
244817$_$8,244817,2641
244829$_$10,244829,2642
244829$_$1,244829,2643
244829$_$0,244829,2644
244829$_$3,244829,2645
244829$_$2,244829,2646
244829$_$5,244829,2647
244829$_$4,244829,2648
244829$_$7,244829,2649
244829$_$6,244829,2650
244829$_$9,244829,2651
244829$_$8,244829,2652
244836$_$10,244836,2653
244836$_$1,244836,2654
244836$_$0,244836,2655
244836$_$3,244836,2656
244836$_$2,244836,2657
244836$_$5,244836,2658
244836$_$4,244836,2659
244836$_$7,244836,2660
244836$_$6,244836,2661
244836$_$9,244836,2662
244836$_$8,244836,2663
245243$_$1,245243,2664
245243$_$0,245243,2665
245243$_$3,245243,2666
245243$_$2,245243,2667
245243$_$4,245243,2668
245276$_$11,245276,2669
245276$_$10,245276,2670
245276$_$13,245276,2671
245276$_$12,245276,2672
245276$_$15,245276,2673
245276$_$14,245276,2674
245276$_$16,245276,2675
245276$_$1,245276,2676
245276$_$0,245276,2677
245276$_$3,245276,2678
245276$_$2,245276,2679
245276$_$5,245276,2680
245276$_$4,245276,2681
245276$_$7,245276,2682
245276$_$6,245276,2683
245276$_$9,245276,2684
245276$_$8,245276,2685
251646$_$11,251646,2791
251646$_$10,251646,2792
251646$_$13,251646,2793
251646$_$12,251646,2794
251646$_$1,251646,2795
251646$_$0,251646,2796
251646$_$3,251646,2797
251646$_$2,251646,2798
251646$_$5,251646,2799
251646$_$4,251646,2800
251646$_$7,251646,2801
251646$_$6,251646,2802
251646$_$9,251646,2803
251646$_$8,251646,2804
251826$_$1,251826,2805
251826$_$0,251826,2806
251826$_$3,251826,2807
251826$_$2,251826,2808
251826$_$5,251826,2809
251826$_$4,251826,2810
251826$_$7,251826,2811
251826$_$6,251826,2812
251826$_$9,251826,2813
251826$_$8,251826,2814
25522$_$1,25522,2873
25522$_$0,25522,2874
25522$_$3,25522,2875
25522$_$2,25522,2876
25522$_$5,25522,2877
25522$_$4,25522,2878
255343$_$11,255343,2918
255343$_$10,255343,2919
255343$_$12,255343,2920
255343$_$1,255343,2921
255343$_$0,255343,2922
255343$_$3,255343,2923
255343$_$2,255343,2924
255343$_$5,255343,2925
255343$_$4,255343,2926
255343$_$7,255343,2927
255343$_$6,255343,2928
255343$_$9,255343,2929
255343$_$8,255343,2930
255852$_$10,255852,2931
255852$_$1,255852,2932
255852$_$0,255852,2933
255852$_$3,255852,2934
255852$_$2,255852,2935
255852$_$5,255852,2936
255852$_$4,255852,2937
255852$_$7,255852,2938
255852$_$6,255852,2939
255852$_$9,255852,2940
255852$_$8,255852,2941
257045$_$11,257045,2995
257045$_$10,257045,2996
257045$_$13,257045,2997
257045$_$12,257045,2998
257045$_$1,257045,2999
257045$_$0,257045,3000
257045$_$3,257045,3001
257045$_$2,257045,3002
257045$_$5,257045,3003
257045$_$4,257045,3004
257045$_$7,257045,3005
257045$_$6,257045,3006
257045$_$9,257045,3007
257045$_$8,257045,3008
257531$_$11,257531,3009
257531$_$10,257531,3010
257531$_$13,257531,3011
257531$_$12,257531,3012
257531$_$15,257531,3013
257531$_$14,257531,3014
257531$_$17,257531,3015
257531$_$16,257531,3016
257531$_$18,257531,3017
257531$_$1,257531,3018
257531$_$0,257531,3019
257531$_$3,257531,3020
257531$_$2,257531,3021
257531$_$5,257531,3022
257531$_$4,257531,3023
257531$_$7,257531,3024
257531$_$6,257531,3025
257531$_$9,257531,3026
257531$_$8,257531,3027
259260$_$24,259260,3044
259260$_$25,259260,3045
259260$_$26,259260,3046
259260$_$27,259260,3047
259260$_$20,259260,3048
259260$_$21,259260,3049
259260$_$22,259260,3050
259260$_$23,259260,3051
259260$_$28,259260,3052
259260$_$29,259260,3053
259260$_$1,259260,3054
259260$_$0,259260,3055
259260$_$3,259260,3056
259260$_$2,259260,3057
259260$_$5,259260,3058
259260$_$4,259260,3059
259260$_$7,259260,3060
259260$_$6,259260,3061
259260$_$9,259260,3062
259260$_$8,259260,3063
259260$_$39,259260,3064
259260$_$38,259260,3065
259260$_$11,259260,3066
259260$_$10,259260,3067
259260$_$13,259260,3068
259260$_$12,259260,3069
259260$_$15,259260,3070
259260$_$14,259260,3071
259260$_$17,259260,3072
259260$_$16,259260,3073
259260$_$19,259260,3074
259260$_$18,259260,3075
259260$_$31,259260,3076
259260$_$30,259260,3077
259260$_$37,259260,3078
259260$_$36,259260,3079
259260$_$35,259260,3080
259260$_$34,259260,3081
259260$_$33,259260,3082
259260$_$32,259260,3083
25t8nrkUfRY$_$1,25t8nrkUfRY,3084
25t8nrkUfRY$_$0,25t8nrkUfRY,3085
261326$_$1,261326,3127
261326$_$0,261326,3128
261326$_$3,261326,3129
261326$_$2,261326,3130
261900$_$42,261900,3131
261900$_$43,261900,3132
261900$_$24,261900,3133
261900$_$25,261900,3134
261900$_$26,261900,3135
261900$_$27,261900,3136
261900$_$20,261900,3137
261900$_$21,261900,3138
261900$_$22,261900,3139
261900$_$23,261900,3140
261900$_$44,261900,3141
261900$_$28,261900,3142
261900$_$29,261900,3143
261900$_$40,261900,3144
261900$_$41,261900,3145
261900$_$1,261900,3146
261900$_$0,261900,3147
261900$_$3,261900,3148
261900$_$2,261900,3149
261900$_$5,261900,3150
261900$_$4,261900,3151
261900$_$7,261900,3152
261900$_$6,261900,3153
261900$_$9,261900,3154
261900$_$8,261900,3155
261900$_$39,261900,3156
261900$_$38,261900,3157
261900$_$11,261900,3158
261900$_$10,261900,3159
261900$_$13,261900,3160
261900$_$12,261900,3161
261900$_$15,261900,3162
261900$_$14,261900,3163
261900$_$17,261900,3164
261900$_$16,261900,3165
261900$_$19,261900,3166
261900$_$18,261900,3167
261900$_$31,261900,3168
261900$_$30,261900,3169
261900$_$37,261900,3170
261900$_$36,261900,3171
261900$_$35,261900,3172
261900$_$34,261900,3173
261900$_$33,261900,3174
261900$_$32,261900,3175
262165$_$24,262165,3208
262165$_$25,262165,3209
262165$_$26,262165,3210
262165$_$20,262165,3211
262165$_$21,262165,3212
262165$_$22,262165,3213
262165$_$23,262165,3214
262165$_$1,262165,3215
262165$_$0,262165,3216
262165$_$3,262165,3217
262165$_$2,262165,3218
262165$_$5,262165,3219
262165$_$4,262165,3220
262165$_$7,262165,3221
262165$_$6,262165,3222
262165$_$9,262165,3223
262165$_$8,262165,3224
262165$_$11,262165,3225
262165$_$10,262165,3226
262165$_$13,262165,3227
262165$_$12,262165,3228
262165$_$15,262165,3229
262165$_$14,262165,3230
262165$_$17,262165,3231
262165$_$16,262165,3232
262165$_$19,262165,3233
262165$_$18,262165,3234
264446$_$28,264446,3272
264446$_$29,264446,3273
264446$_$32,264446,3274
264446$_$23,264446,3275
264446$_$24,264446,3276
264446$_$25,264446,3277
264446$_$26,264446,3278
264446$_$27,264446,3279
264446$_$20,264446,3280
264446$_$21,264446,3281
264446$_$22,264446,3282
264446$_$49,264446,3283
264446$_$46,264446,3284
264446$_$47,264446,3285
264446$_$44,264446,3286
264446$_$45,264446,3287
264446$_$42,264446,3288
264446$_$43,264446,3289
264446$_$40,264446,3290
264446$_$41,264446,3291
264446$_$1,264446,3292
264446$_$0,264446,3293
264446$_$3,264446,3294
264446$_$2,264446,3295
264446$_$5,264446,3296
264446$_$4,264446,3297
264446$_$7,264446,3298
264446$_$6,264446,3299
264446$_$9,264446,3300
264446$_$8,264446,3301
264446$_$39,264446,3302
264446$_$38,264446,3303
264446$_$11,264446,3304
264446$_$10,264446,3305
264446$_$13,264446,3306
264446$_$12,264446,3307
264446$_$15,264446,3308
264446$_$14,264446,3309
264446$_$17,264446,3310
264446$_$16,264446,3311
264446$_$33,264446,3312
264446$_$18,264446,3313
264446$_$31,264446,3314
264446$_$30,264446,3315
264446$_$37,264446,3316
264446$_$36,264446,3317
264446$_$35,264446,3318
264446$_$34,264446,3319
264446$_$19,264446,3320
264446$_$48,264446,3321
266852$_$24,266852,3456
266852$_$25,266852,3457
266852$_$26,266852,3458
266852$_$27,266852,3459
266852$_$20,266852,3460
266852$_$21,266852,3461
266852$_$22,266852,3462
266852$_$23,266852,3463
266852$_$1,266852,3464
266852$_$0,266852,3465
266852$_$3,266852,3466
266852$_$2,266852,3467
266852$_$5,266852,3468
266852$_$4,266852,3469
266852$_$7,266852,3470
266852$_$6,266852,3471
266852$_$9,266852,3472
266852$_$8,266852,3473
266852$_$11,266852,3474
266852$_$10,266852,3475
266852$_$13,266852,3476
266852$_$12,266852,3477
266852$_$15,266852,3478
266852$_$14,266852,3479
266852$_$17,266852,3480
266852$_$16,266852,3481
266852$_$19,266852,3482
266852$_$18,266852,3483
267252$_$11,267252,3539
267252$_$10,267252,3540
267252$_$13,267252,3541
267252$_$12,267252,3542
267252$_$15,267252,3543
267252$_$14,267252,3544
267252$_$17,267252,3545
267252$_$16,267252,3546
267252$_$18,267252,3547
267252$_$1,267252,3548
267252$_$0,267252,3549
267252$_$3,267252,3550
267252$_$2,267252,3551
267252$_$5,267252,3552
267252$_$4,267252,3553
267252$_$7,267252,3554
267252$_$6,267252,3555
267252$_$9,267252,3556
267252$_$8,267252,3557
270665$_$24,270665,3735
270665$_$25,270665,3736
270665$_$26,270665,3737
270665$_$27,270665,3738
270665$_$20,270665,3739
270665$_$21,270665,3740
270665$_$22,270665,3741
270665$_$23,270665,3742
270665$_$28,270665,3743
270665$_$29,270665,3744
270665$_$1,270665,3745
270665$_$0,270665,3746
270665$_$3,270665,3747
270665$_$2,270665,3748
270665$_$5,270665,3749
270665$_$4,270665,3750
270665$_$7,270665,3751
270665$_$6,270665,3752
270665$_$9,270665,3753
270665$_$8,270665,3754
270665$_$11,270665,3755
270665$_$10,270665,3756
270665$_$13,270665,3757
270665$_$12,270665,3758
270665$_$15,270665,3759
270665$_$14,270665,3760
270665$_$17,270665,3761
270665$_$16,270665,3762
270665$_$33,270665,3763
270665$_$32,270665,3764
270665$_$31,270665,3765
270665$_$30,270665,3766
270665$_$19,270665,3767
270665$_$18,270665,3768
270956$_$11,270956,3769
270956$_$10,270956,3770
270956$_$13,270956,3771
270956$_$12,270956,3772
270956$_$15,270956,3773
270956$_$14,270956,3774
270956$_$17,270956,3775
270956$_$16,270956,3776
270956$_$1,270956,3777
270956$_$0,270956,3778
270956$_$3,270956,3779
270956$_$2,270956,3780
270956$_$5,270956,3781
270956$_$4,270956,3782
270956$_$7,270956,3783
270956$_$6,270956,3784
270956$_$9,270956,3785
270956$_$8,270956,3786
271366$_$42,271366,3787
271366$_$43,271366,3788
271366$_$24,271366,3789
271366$_$25,271366,3790
271366$_$26,271366,3791
271366$_$27,271366,3792
271366$_$20,271366,3793
271366$_$21,271366,3794
271366$_$22,271366,3795
271366$_$23,271366,3796
271366$_$46,271366,3797
271366$_$44,271366,3798
271366$_$45,271366,3799
271366$_$28,271366,3800
271366$_$29,271366,3801
271366$_$40,271366,3802
271366$_$41,271366,3803
271366$_$1,271366,3804
271366$_$0,271366,3805
271366$_$3,271366,3806
271366$_$2,271366,3807
271366$_$5,271366,3808
271366$_$4,271366,3809
271366$_$7,271366,3810
271366$_$6,271366,3811
271366$_$9,271366,3812
271366$_$8,271366,3813
271366$_$39,271366,3814
271366$_$38,271366,3815
271366$_$11,271366,3816
271366$_$10,271366,3817
271366$_$13,271366,3818
271366$_$12,271366,3819
271366$_$15,271366,3820
271366$_$14,271366,3821
271366$_$17,271366,3822
271366$_$16,271366,3823
271366$_$19,271366,3824
271366$_$18,271366,3825
271366$_$31,271366,3826
271366$_$30,271366,3827
271366$_$37,271366,3828
271366$_$36,271366,3829
271366$_$35,271366,3830
271366$_$34,271366,3831
271366$_$33,271366,3832
271366$_$32,271366,3833
271594$_$24,271594,3834
271594$_$25,271594,3835
271594$_$26,271594,3836
271594$_$27,271594,3837
271594$_$20,271594,3838
271594$_$21,271594,3839
271594$_$22,271594,3840
271594$_$23,271594,3841
271594$_$28,271594,3842
271594$_$29,271594,3843
271594$_$40,271594,3844
271594$_$41,271594,3845
271594$_$1,271594,3846
271594$_$0,271594,3847
271594$_$3,271594,3848
271594$_$2,271594,3849
271594$_$5,271594,3850
271594$_$4,271594,3851
271594$_$7,271594,3852
271594$_$6,271594,3853
271594$_$9,271594,3854
271594$_$8,271594,3855
271594$_$39,271594,3856
271594$_$38,271594,3857
271594$_$11,271594,3858
271594$_$10,271594,3859
271594$_$13,271594,3860
271594$_$12,271594,3861
271594$_$15,271594,3862
271594$_$14,271594,3863
271594$_$17,271594,3864
271594$_$16,271594,3865
271594$_$19,271594,3866
271594$_$18,271594,3867
271594$_$31,271594,3868
271594$_$30,271594,3869
271594$_$37,271594,3870
271594$_$36,271594,3871
271594$_$35,271594,3872
271594$_$34,271594,3873
271594$_$33,271594,3874
271594$_$32,271594,3875
271598$_$24,271598,3876
271598$_$25,271598,3877
271598$_$26,271598,3878
271598$_$27,271598,3879
271598$_$20,271598,3880
271598$_$21,271598,3881
271598$_$22,271598,3882
271598$_$23,271598,3883
271598$_$28,271598,3884
271598$_$29,271598,3885
271598$_$1,271598,3886
271598$_$0,271598,3887
271598$_$3,271598,3888
271598$_$2,271598,3889
271598$_$5,271598,3890
271598$_$4,271598,3891
271598$_$7,271598,3892
271598$_$6,271598,3893
271598$_$9,271598,3894
271598$_$8,271598,3895
271598$_$11,271598,3896
271598$_$10,271598,3897
271598$_$13,271598,3898
271598$_$12,271598,3899
271598$_$15,271598,3900
271598$_$14,271598,3901
271598$_$17,271598,3902
271598$_$16,271598,3903
271598$_$19,271598,3904
271598$_$18,271598,3905
271598$_$31,271598,3906
271598$_$30,271598,3907
271598$_$34,271598,3908
271598$_$33,271598,3909
271598$_$32,271598,3910
273531$_$20,273531,3984
273531$_$21,273531,3985
273531$_$1,273531,3986
273531$_$0,273531,3987
273531$_$3,273531,3988
273531$_$2,273531,3989
273531$_$5,273531,3990
273531$_$4,273531,3991
273531$_$7,273531,3992
273531$_$6,273531,3993
273531$_$9,273531,3994
273531$_$8,273531,3995
273531$_$11,273531,3996
273531$_$10,273531,3997
273531$_$13,273531,3998
273531$_$12,273531,3999
273531$_$15,273531,4000
273531$_$14,273531,4001
273531$_$17,273531,4002
273531$_$16,273531,4003
273531$_$19,273531,4004
273531$_$18,273531,4005
275248$_$0,275248,4018
275620$_$24,275620,4019
275620$_$20,275620,4020
275620$_$21,275620,4021
275620$_$22,275620,4022
275620$_$23,275620,4023
275620$_$1,275620,4024
275620$_$0,275620,4025
275620$_$3,275620,4026
275620$_$2,275620,4027
275620$_$5,275620,4028
275620$_$4,275620,4029
275620$_$7,275620,4030
275620$_$6,275620,4031
275620$_$9,275620,4032
275620$_$8,275620,4033
275620$_$11,275620,4034
275620$_$10,275620,4035
275620$_$13,275620,4036
275620$_$12,275620,4037
275620$_$15,275620,4038
275620$_$14,275620,4039
275620$_$17,275620,4040
275620$_$16,275620,4041
275620$_$19,275620,4042
275620$_$18,275620,4043
277991$_$1,277991,4101
277991$_$0,277991,4102
277991$_$3,277991,4103
277991$_$2,277991,4104
277991$_$5,277991,4105
277991$_$4,277991,4106
277991$_$7,277991,4107
277991$_$6,277991,4108
27ubp7CLLKQ$_$12,27ubp7CLLKQ,4119
27ubp7CLLKQ$_$20,27ubp7CLLKQ,4120
27ubp7CLLKQ$_$14,27ubp7CLLKQ,4121
27ubp7CLLKQ$_$1,27ubp7CLLKQ,4122
27ubp7CLLKQ$_$3,27ubp7CLLKQ,4123
27ubp7CLLKQ$_$9,27ubp7CLLKQ,4124
282560$_$11,282560,4125
282560$_$10,282560,4126
282560$_$13,282560,4127
282560$_$12,282560,4128
282560$_$15,282560,4129
282560$_$14,282560,4130
282560$_$17,282560,4131
282560$_$16,282560,4132
282560$_$19,282560,4133
282560$_$18,282560,4134
282560$_$1,282560,4135
282560$_$0,282560,4136
282560$_$3,282560,4137
282560$_$2,282560,4138
282560$_$5,282560,4139
282560$_$4,282560,4140
282560$_$7,282560,4141
282560$_$6,282560,4142
282560$_$9,282560,4143
282560$_$8,282560,4144
282586$_$24,282586,4145
282586$_$25,282586,4146
282586$_$26,282586,4147
282586$_$27,282586,4148
282586$_$20,282586,4149
282586$_$21,282586,4150
282586$_$22,282586,4151
282586$_$23,282586,4152
282586$_$28,282586,4153
282586$_$1,282586,4154
282586$_$0,282586,4155
282586$_$3,282586,4156
282586$_$2,282586,4157
282586$_$5,282586,4158
282586$_$4,282586,4159
282586$_$7,282586,4160
282586$_$6,282586,4161
282586$_$9,282586,4162
282586$_$8,282586,4163
282586$_$11,282586,4164
282586$_$10,282586,4165
282586$_$13,282586,4166
282586$_$12,282586,4167
282586$_$15,282586,4168
282586$_$14,282586,4169
282586$_$17,282586,4170
282586$_$16,282586,4171
282586$_$19,282586,4172
282586$_$18,282586,4173
284673$_$11,284673,4182
284673$_$10,284673,4183
284673$_$13,284673,4184
284673$_$12,284673,4185
284673$_$15,284673,4186
284673$_$14,284673,4187
284673$_$17,284673,4188
284673$_$16,284673,4189
284673$_$18,284673,4190
284673$_$1,284673,4191
284673$_$0,284673,4192
284673$_$3,284673,4193
284673$_$2,284673,4194
284673$_$5,284673,4195
284673$_$4,284673,4196
284673$_$7,284673,4197
284673$_$6,284673,4198
284673$_$9,284673,4199
284673$_$8,284673,4200
288766$_$20,288766,4221
288766$_$21,288766,4222
288766$_$22,288766,4223
288766$_$23,288766,4224
288766$_$1,288766,4225
288766$_$0,288766,4226
288766$_$3,288766,4227
288766$_$2,288766,4228
288766$_$5,288766,4229
288766$_$4,288766,4230
288766$_$7,288766,4231
288766$_$6,288766,4232
288766$_$9,288766,4233
288766$_$8,288766,4234
288766$_$11,288766,4235
288766$_$10,288766,4236
288766$_$13,288766,4237
288766$_$12,288766,4238
288766$_$15,288766,4239
288766$_$14,288766,4240
288766$_$17,288766,4241
288766$_$16,288766,4242
288766$_$19,288766,4243
288766$_$18,288766,4244
290088$_$11,290088,4245
290088$_$10,290088,4246
290088$_$12,290088,4247
290088$_$1,290088,4248
290088$_$0,290088,4249
290088$_$3,290088,4250
290088$_$2,290088,4251
290088$_$5,290088,4252
290088$_$4,290088,4253
290088$_$7,290088,4254
290088$_$6,290088,4255
290088$_$9,290088,4256
290088$_$8,290088,4257
29044$_$11,29044,4258
29044$_$10,29044,4259
29044$_$13,29044,4260
29044$_$12,29044,4261
29044$_$15,29044,4262
29044$_$14,29044,4263
29044$_$1,29044,4264
29044$_$0,29044,4265
29044$_$3,29044,4266
29044$_$2,29044,4267
29044$_$5,29044,4268
29044$_$4,29044,4269
29044$_$7,29044,4270
29044$_$6,29044,4271
29044$_$9,29044,4272
29044$_$8,29044,4273
292277$_$10,292277,4287
292277$_$1,292277,4288
292277$_$0,292277,4289
292277$_$3,292277,4290
292277$_$2,292277,4291
292277$_$5,292277,4292
292277$_$4,292277,4293
292277$_$7,292277,4294
292277$_$6,292277,4295
292277$_$9,292277,4296
292277$_$8,292277,4297
295793$_$11,295793,4318
295793$_$10,295793,4319
295793$_$13,295793,4320
295793$_$12,295793,4321
295793$_$15,295793,4322
295793$_$14,295793,4323
295793$_$17,295793,4324
295793$_$16,295793,4325
295793$_$1,295793,4326
295793$_$0,295793,4327
295793$_$3,295793,4328
295793$_$2,295793,4329
295793$_$5,295793,4330
295793$_$4,295793,4331
295793$_$7,295793,4332
295793$_$6,295793,4333
295793$_$9,295793,4334
295793$_$8,295793,4335
2HmBM3GGTlg$_$11,2HmBM3GGTlg,4401
2HmBM3GGTlg$_$10,2HmBM3GGTlg,4402
2HmBM3GGTlg$_$0,2HmBM3GGTlg,4403
2HmBM3GGTlg$_$3,2HmBM3GGTlg,4404
2HmBM3GGTlg$_$2,2HmBM3GGTlg,4405
2HmBM3GGTlg$_$5,2HmBM3GGTlg,4406
2HmBM3GGTlg$_$4,2HmBM3GGTlg,4407
2HmBM3GGTlg$_$7,2HmBM3GGTlg,4408
2HmBM3GGTlg$_$6,2HmBM3GGTlg,4409
2HmBM3GGTlg$_$9,2HmBM3GGTlg,4410
2HmBM3GGTlg$_$8,2HmBM3GGTlg,4411
2QOf2wSu0j0$_$5,2QOf2wSu0j0,4434
2QOf2wSu0j0$_$4,2QOf2wSu0j0,4435
2c2fhh_Dsoo$_$0,2c2fhh_Dsoo,4467
2c2fhh_Dsoo$_$2,2c2fhh_Dsoo,4468
2c2fhh_Dsoo$_$4,2c2fhh_Dsoo,4469
2c2fhh_Dsoo$_$6,2c2fhh_Dsoo,4470
2c6Gb73nx4E$_$11,2c6Gb73nx4E,4471
2c6Gb73nx4E$_$2,2c6Gb73nx4E,4472
2c6Gb73nx4E$_$6,2c6Gb73nx4E,4473
2f6ZHqJ76EU$_$11,2f6ZHqJ76EU,4485
2f6ZHqJ76EU$_$0,2f6ZHqJ76EU,4486
2f6ZHqJ76EU$_$3,2f6ZHqJ76EU,4487
2f6ZHqJ76EU$_$2,2f6ZHqJ76EU,4488
2f6ZHqJ76EU$_$5,2f6ZHqJ76EU,4489
2f6ZHqJ76EU$_$4,2f6ZHqJ76EU,4490
2f6ZHqJ76EU$_$9,2f6ZHqJ76EU,4491
2f6ZHqJ76EU$_$8,2f6ZHqJ76EU,4492
2iukwQJjGHE$_$1,2iukwQJjGHE,4506
2mWPHvbKzL8$_$11,2mWPHvbKzL8,4511
2mWPHvbKzL8$_$10,2mWPHvbKzL8,4512
2mWPHvbKzL8$_$13,2mWPHvbKzL8,4513
2mWPHvbKzL8$_$12,2mWPHvbKzL8,4514
2mWPHvbKzL8$_$15,2mWPHvbKzL8,4515
2mWPHvbKzL8$_$14,2mWPHvbKzL8,4516
2mWPHvbKzL8$_$17,2mWPHvbKzL8,4517
2mWPHvbKzL8$_$19,2mWPHvbKzL8,4518
2mWPHvbKzL8$_$0,2mWPHvbKzL8,4519
2mWPHvbKzL8$_$3,2mWPHvbKzL8,4520
2mWPHvbKzL8$_$2,2mWPHvbKzL8,4521
2mWPHvbKzL8$_$4,2mWPHvbKzL8,4522
2mWPHvbKzL8$_$6,2mWPHvbKzL8,4523
2mWPHvbKzL8$_$20,2mWPHvbKzL8,4524
2mWPHvbKzL8$_$8,2mWPHvbKzL8,4525
2qKajMu7Vhc$_$1,2qKajMu7Vhc,4526
2qKajMu7Vhc$_$0,2qKajMu7Vhc,4527
2qKajMu7Vhc$_$3,2qKajMu7Vhc,4528
2qKajMu7Vhc$_$2,2qKajMu7Vhc,4529
2qKajMu7Vhc$_$4,2qKajMu7Vhc,4530
32j1yMF37hA$_$1,32j1yMF37hA,4604
32j1yMF37hA$_$3,32j1yMF37hA,4605
32j1yMF37hA$_$2,32j1yMF37hA,4606
34-ogj6rh6w$_$1,34-ogj6rh6w,4641
34-ogj6rh6w$_$0,34-ogj6rh6w,4642
34-ogj6rh6w$_$3,34-ogj6rh6w,4643
34-ogj6rh6w$_$2,34-ogj6rh6w,4644
34-ogj6rh6w$_$5,34-ogj6rh6w,4645
34-ogj6rh6w$_$4,34-ogj6rh6w,4646
34-ogj6rh6w$_$7,34-ogj6rh6w,4647
34-ogj6rh6w$_$6,34-ogj6rh6w,4648
34-ogj6rh6w$_$8,34-ogj6rh6w,4649
36098$_$10,36098,4671
36098$_$1,36098,4672
36098$_$0,36098,4673
36098$_$3,36098,4674
36098$_$2,36098,4675
36098$_$5,36098,4676
36098$_$4,36098,4677
36098$_$7,36098,4678
36098$_$6,36098,4679
36098$_$9,36098,4680
36098$_$8,36098,4681
36o2cux9kfQ$_$0,36o2cux9kfQ,4716
36o2cux9kfQ$_$13,36o2cux9kfQ,4717
38019$_$11,38019,4739
38019$_$10,38019,4740
38019$_$1,38019,4741
38019$_$0,38019,4742
38019$_$3,38019,4743
38019$_$2,38019,4744
38019$_$5,38019,4745
38019$_$4,38019,4746
38019$_$7,38019,4747
38019$_$6,38019,4748
38019$_$9,38019,4749
38019$_$8,38019,4750
38374$_$1,38374,4751
38374$_$0,38374,4752
38374$_$3,38374,4753
38374$_$2,38374,4754
38374$_$5,38374,4755
38374$_$4,38374,4756
38374$_$7,38374,4757
38374$_$6,38374,4758
38374$_$9,38374,4759
38374$_$8,38374,4760
3B1zIUj-k3o$_$10,3B1zIUj-k3o,4806
3B1zIUj-k3o$_$1,3B1zIUj-k3o,4807
3B1zIUj-k3o$_$0,3B1zIUj-k3o,4808
3B1zIUj-k3o$_$3,3B1zIUj-k3o,4809
3B1zIUj-k3o$_$2,3B1zIUj-k3o,4810
3B1zIUj-k3o$_$4,3B1zIUj-k3o,4811
3B1zIUj-k3o$_$7,3B1zIUj-k3o,4812
3DgOMTs3A1E$_$24,3DgOMTs3A1E,4825
3DgOMTs3A1E$_$25,3DgOMTs3A1E,4826
3DgOMTs3A1E$_$26,3DgOMTs3A1E,4827
3DgOMTs3A1E$_$27,3DgOMTs3A1E,4828
3DgOMTs3A1E$_$20,3DgOMTs3A1E,4829
3DgOMTs3A1E$_$21,3DgOMTs3A1E,4830
3DgOMTs3A1E$_$22,3DgOMTs3A1E,4831
3DgOMTs3A1E$_$23,3DgOMTs3A1E,4832
3DgOMTs3A1E$_$28,3DgOMTs3A1E,4833
3DgOMTs3A1E$_$1,3DgOMTs3A1E,4834
3DgOMTs3A1E$_$0,3DgOMTs3A1E,4835
3DgOMTs3A1E$_$3,3DgOMTs3A1E,4836
3DgOMTs3A1E$_$2,3DgOMTs3A1E,4837
3DgOMTs3A1E$_$5,3DgOMTs3A1E,4838
3DgOMTs3A1E$_$4,3DgOMTs3A1E,4839
3DgOMTs3A1E$_$7,3DgOMTs3A1E,4840
3DgOMTs3A1E$_$6,3DgOMTs3A1E,4841
3DgOMTs3A1E$_$9,3DgOMTs3A1E,4842
3DgOMTs3A1E$_$8,3DgOMTs3A1E,4843
3DgOMTs3A1E$_$11,3DgOMTs3A1E,4844
3DgOMTs3A1E$_$10,3DgOMTs3A1E,4845
3DgOMTs3A1E$_$13,3DgOMTs3A1E,4846
3DgOMTs3A1E$_$12,3DgOMTs3A1E,4847
3DgOMTs3A1E$_$15,3DgOMTs3A1E,4848
3DgOMTs3A1E$_$14,3DgOMTs3A1E,4849
3DgOMTs3A1E$_$17,3DgOMTs3A1E,4850
3DgOMTs3A1E$_$16,3DgOMTs3A1E,4851
3DgOMTs3A1E$_$19,3DgOMTs3A1E,4852
3DgOMTs3A1E$_$18,3DgOMTs3A1E,4853
3HRnhUin-5g$_$11,3HRnhUin-5g,4873
3HRnhUin-5g$_$15,3HRnhUin-5g,4874
3HRnhUin-5g$_$17,3HRnhUin-5g,4875
3HRnhUin-5g$_$1,3HRnhUin-5g,4876
3HRnhUin-5g$_$2,3HRnhUin-5g,4877
3HRnhUin-5g$_$4,3HRnhUin-5g,4878
3HRnhUin-5g$_$6,3HRnhUin-5g,4879
3OuNMjZo5wg$_$1,3OuNMjZo5wg,4889
3OuNMjZo5wg$_$3,3OuNMjZo5wg,4890
3OuNMjZo5wg$_$13,3OuNMjZo5wg,4891
3Wi0if_L6Ug$_$13,3Wi0if_L6Ug,4899
3Wi0if_L6Ug$_$12,3Wi0if_L6Ug,4900
3Wi0if_L6Ug$_$15,3Wi0if_L6Ug,4901
3Wi0if_L6Ug$_$17,3Wi0if_L6Ug,4902
3Wi0if_L6Ug$_$19,3Wi0if_L6Ug,4903
3Wi0if_L6Ug$_$18,3Wi0if_L6Ug,4904
3Wi0if_L6Ug$_$3,3Wi0if_L6Ug,4905
3Wi0if_L6Ug$_$5,3Wi0if_L6Ug,4906
3Wi0if_L6Ug$_$4,3Wi0if_L6Ug,4907
3Wi0if_L6Ug$_$8,3Wi0if_L6Ug,4908
3Wi0if_L6Ug$_$9,3Wi0if_L6Ug,4909
3Wi0if_L6Ug$_$20,3Wi0if_L6Ug,4910
3aIQUQgawaI$_$12,3aIQUQgawaI,4922
3aIQUQgawaI$_$14,3aIQUQgawaI,4923
3aIQUQgawaI$_$19,3aIQUQgawaI,4924
3aIQUQgawaI$_$0,3aIQUQgawaI,4925
3aIQUQgawaI$_$5,3aIQUQgawaI,4926
3aIQUQgawaI$_$4,3aIQUQgawaI,4927
3aIQUQgawaI$_$7,3aIQUQgawaI,4928
3aIQUQgawaI$_$9,3aIQUQgawaI,4929
3f6xCzKx9CA$_$1,3f6xCzKx9CA,4930
3f6xCzKx9CA$_$0,3f6xCzKx9CA,4931
3f6xCzKx9CA$_$3,3f6xCzKx9CA,4932
3f6xCzKx9CA$_$2,3f6xCzKx9CA,4933
3kNPvhdF1NA$_$0,3kNPvhdF1NA,4951
3kNPvhdF1NA$_$5,3kNPvhdF1NA,4952
3lkn8MS3n8Q$_$24,3lkn8MS3n8Q,4953
3lkn8MS3n8Q$_$10,3lkn8MS3n8Q,4954
3lkn8MS3n8Q$_$27,3lkn8MS3n8Q,4955
3lkn8MS3n8Q$_$20,3lkn8MS3n8Q,4956
3lkn8MS3n8Q$_$17,3lkn8MS3n8Q,4957
3lkn8MS3n8Q$_$22,3lkn8MS3n8Q,4958
3lkn8MS3n8Q$_$16,3lkn8MS3n8Q,4959
3lkn8MS3n8Q$_$19,3lkn8MS3n8Q,4960
3lkn8MS3n8Q$_$28,3lkn8MS3n8Q,4961
3lkn8MS3n8Q$_$3,3lkn8MS3n8Q,4962
3lkn8MS3n8Q$_$5,3lkn8MS3n8Q,4963
3lkn8MS3n8Q$_$4,3lkn8MS3n8Q,4964
3lkn8MS3n8Q$_$6,3lkn8MS3n8Q,4965
3lkn8MS3n8Q$_$9,3lkn8MS3n8Q,4966
3lkn8MS3n8Q$_$25,3lkn8MS3n8Q,4967
3lkn8MS3n8Q$_$14,3lkn8MS3n8Q,4968
3oHPsYc8bmw$_$9,3oHPsYc8bmw,4981
3oHPsYc8bmw$_$8,3oHPsYc8bmw,4982
3oHPsYc8bmw$_$4,3oHPsYc8bmw,4983
3paDwuRQP1w$_$1,3paDwuRQP1w,4988
3paDwuRQP1w$_$0,3paDwuRQP1w,4989
3paDwuRQP1w$_$2,3paDwuRQP1w,4990
3paDwuRQP1w$_$4,3paDwuRQP1w,4991
3sUS8vXbRwg$_$0,3sUS8vXbRwg,4994
3sUS8vXbRwg$_$13,3sUS8vXbRwg,4995
3sUS8vXbRwg$_$15,3sUS8vXbRwg,4996
3sUS8vXbRwg$_$14,3sUS8vXbRwg,4997
3sUS8vXbRwg$_$3,3sUS8vXbRwg,4998
40181$_$20,40181,5008
40181$_$21,40181,5009
40181$_$22,40181,5010
40181$_$1,40181,5011
40181$_$0,40181,5012
40181$_$3,40181,5013
40181$_$2,40181,5014
40181$_$5,40181,5015
40181$_$4,40181,5016
40181$_$7,40181,5017
40181$_$6,40181,5018
40181$_$9,40181,5019
40181$_$8,40181,5020
40181$_$11,40181,5021
40181$_$10,40181,5022
40181$_$13,40181,5023
40181$_$12,40181,5024
40181$_$15,40181,5025
40181$_$14,40181,5026
40181$_$17,40181,5027
40181$_$16,40181,5028
40181$_$19,40181,5029
40181$_$18,40181,5030
43371$_$10,43371,5073
43371$_$1,43371,5074
43371$_$0,43371,5075
43371$_$3,43371,5076
43371$_$2,43371,5077
43371$_$5,43371,5078
43371$_$4,43371,5079
43371$_$7,43371,5080
43371$_$6,43371,5081
43371$_$9,43371,5082
43371$_$8,43371,5083
43456$_$10,43456,5084
43456$_$1,43456,5085
43456$_$0,43456,5086
43456$_$3,43456,5087
43456$_$2,43456,5088
43456$_$5,43456,5089
43456$_$4,43456,5090
43456$_$7,43456,5091
43456$_$6,43456,5092
43456$_$9,43456,5093
43456$_$8,43456,5094
45175$_$1,45175,5109
45175$_$0,45175,5110
45175$_$3,45175,5111
45175$_$2,45175,5112
45175$_$5,45175,5113
45175$_$4,45175,5114
45175$_$7,45175,5115
45175$_$6,45175,5116
45175$_$9,45175,5117
45175$_$8,45175,5118
45c3QQzGakM$_$5,45c3QQzGakM,5149
45c3QQzGakM$_$6,45c3QQzGakM,5150
46618$_$1,46618,5165
46618$_$0,46618,5166
46618$_$3,46618,5167
46618$_$2,46618,5168
46618$_$5,46618,5169
46618$_$4,46618,5170
46618$_$7,46618,5171
46618$_$6,46618,5172
46618$_$8,46618,5173
48BD8qjClfE$_$2,48BD8qjClfE,5190
49358$_$11,49358,5193
49358$_$10,49358,5194
49358$_$13,49358,5195
49358$_$12,49358,5196
49358$_$1,49358,5197
49358$_$0,49358,5198
49358$_$3,49358,5199
49358$_$2,49358,5200
49358$_$5,49358,5201
49358$_$4,49358,5202
49358$_$7,49358,5203
49358$_$6,49358,5204
49358$_$9,49358,5205
49358$_$8,49358,5206
4AQC7_uCuEE$_$24,4AQC7_uCuEE,5207
4AQC7_uCuEE$_$25,4AQC7_uCuEE,5208
4AQC7_uCuEE$_$26,4AQC7_uCuEE,5209
4AQC7_uCuEE$_$27,4AQC7_uCuEE,5210
4AQC7_uCuEE$_$20,4AQC7_uCuEE,5211
4AQC7_uCuEE$_$21,4AQC7_uCuEE,5212
4AQC7_uCuEE$_$22,4AQC7_uCuEE,5213
4AQC7_uCuEE$_$23,4AQC7_uCuEE,5214
4AQC7_uCuEE$_$1,4AQC7_uCuEE,5215
4AQC7_uCuEE$_$0,4AQC7_uCuEE,5216
4AQC7_uCuEE$_$3,4AQC7_uCuEE,5217
4AQC7_uCuEE$_$2,4AQC7_uCuEE,5218
4AQC7_uCuEE$_$4,4AQC7_uCuEE,5219
4AQC7_uCuEE$_$9,4AQC7_uCuEE,5220
4AQC7_uCuEE$_$8,4AQC7_uCuEE,5221
4AQC7_uCuEE$_$11,4AQC7_uCuEE,5222
4AQC7_uCuEE$_$13,4AQC7_uCuEE,5223
4AQC7_uCuEE$_$12,4AQC7_uCuEE,5224
4AQC7_uCuEE$_$14,4AQC7_uCuEE,5225
4AQC7_uCuEE$_$17,4AQC7_uCuEE,5226
4AQC7_uCuEE$_$19,4AQC7_uCuEE,5227
4AQC7_uCuEE$_$18,4AQC7_uCuEE,5228
4CKhrjuuofk$_$1,4CKhrjuuofk,5240
4CKhrjuuofk$_$0,4CKhrjuuofk,5241
4CKhrjuuofk$_$3,4CKhrjuuofk,5242
4CKhrjuuofk$_$2,4CKhrjuuofk,5243
4CKhrjuuofk$_$5,4CKhrjuuofk,5244
4CKhrjuuofk$_$4,4CKhrjuuofk,5245
4CKhrjuuofk$_$7,4CKhrjuuofk,5246
4CKhrjuuofk$_$6,4CKhrjuuofk,5247
4CKhrjuuofk$_$9,4CKhrjuuofk,5248
4Fw9TbWIVJI$_$8,4Fw9TbWIVJI,5253
4H9RfQuqsvg$_$1,4H9RfQuqsvg,5260
4H9RfQuqsvg$_$13,4H9RfQuqsvg,5261
4H9RfQuqsvg$_$12,4H9RfQuqsvg,5262
4H9RfQuqsvg$_$7,4H9RfQuqsvg,5263
4H9RfQuqsvg$_$6,4H9RfQuqsvg,5264
4Kh5N9W-Jr4$_$10,4Kh5N9W-Jr4,5276
4Kh5N9W-Jr4$_$1,4Kh5N9W-Jr4,5277
4Kh5N9W-Jr4$_$0,4Kh5N9W-Jr4,5278
4Kh5N9W-Jr4$_$3,4Kh5N9W-Jr4,5279
4Kh5N9W-Jr4$_$2,4Kh5N9W-Jr4,5280
4Kh5N9W-Jr4$_$5,4Kh5N9W-Jr4,5281
4Kh5N9W-Jr4$_$4,4Kh5N9W-Jr4,5282
4Kh5N9W-Jr4$_$7,4Kh5N9W-Jr4,5283
4Kh5N9W-Jr4$_$6,4Kh5N9W-Jr4,5284
4Kh5N9W-Jr4$_$9,4Kh5N9W-Jr4,5285
4Kh5N9W-Jr4$_$8,4Kh5N9W-Jr4,5286
4Q95Lg3Icho$_$24,4Q95Lg3Icho,5292
4Q95Lg3Icho$_$25,4Q95Lg3Icho,5293
4Q95Lg3Icho$_$26,4Q95Lg3Icho,5294
4Q95Lg3Icho$_$27,4Q95Lg3Icho,5295
4Q95Lg3Icho$_$20,4Q95Lg3Icho,5296
4Q95Lg3Icho$_$21,4Q95Lg3Icho,5297
4Q95Lg3Icho$_$23,4Q95Lg3Icho,5298
4Q95Lg3Icho$_$1,4Q95Lg3Icho,5299
4Q95Lg3Icho$_$0,4Q95Lg3Icho,5300
4Q95Lg3Icho$_$3,4Q95Lg3Icho,5301
4Q95Lg3Icho$_$2,4Q95Lg3Icho,5302
4Q95Lg3Icho$_$4,4Q95Lg3Icho,5303
4Q95Lg3Icho$_$7,4Q95Lg3Icho,5304
4Q95Lg3Icho$_$9,4Q95Lg3Icho,5305
4Q95Lg3Icho$_$8,4Q95Lg3Icho,5306
4Q95Lg3Icho$_$11,4Q95Lg3Icho,5307
4Q95Lg3Icho$_$10,4Q95Lg3Icho,5308
4Q95Lg3Icho$_$13,4Q95Lg3Icho,5309
4Q95Lg3Icho$_$12,4Q95Lg3Icho,5310
4Q95Lg3Icho$_$15,4Q95Lg3Icho,5311
4Q95Lg3Icho$_$14,4Q95Lg3Icho,5312
4Q95Lg3Icho$_$17,4Q95Lg3Icho,5313
4Q95Lg3Icho$_$16,4Q95Lg3Icho,5314
4Q95Lg3Icho$_$19,4Q95Lg3Icho,5315
4Q95Lg3Icho$_$18,4Q95Lg3Icho,5316
4Ry6M_ZfJQc$_$0,4Ry6M_ZfJQc,5317
4Ry6M_ZfJQc$_$5,4Ry6M_ZfJQc,5318
4VA4kqMnEqA$_$13,4VA4kqMnEqA,5319
4VA4kqMnEqA$_$14,4VA4kqMnEqA,5320
4VA4kqMnEqA$_$1,4VA4kqMnEqA,5321
4VA4kqMnEqA$_$0,4VA4kqMnEqA,5322
4VA4kqMnEqA$_$3,4VA4kqMnEqA,5323
4VA4kqMnEqA$_$4,4VA4kqMnEqA,5324
4VA4kqMnEqA$_$7,4VA4kqMnEqA,5325
4VA4kqMnEqA$_$9,4VA4kqMnEqA,5326
4VA4kqMnEqA$_$8,4VA4kqMnEqA,5327
4Vl6AeEkAg4$_$1,4Vl6AeEkAg4,5328
4Vl6AeEkAg4$_$3,4Vl6AeEkAg4,5329
4Z47qIrVil4$_$0,4Z47qIrVil4,5334
4Z47qIrVil4$_$4,4Z47qIrVil4,5335
4ZhIx2ozUIE$_$1,4ZhIx2ozUIE,5336
4ZhIx2ozUIE$_$8,4ZhIx2ozUIE,5337
4ZhIx2ozUIE$_$12,4ZhIx2ozUIE,5338
4ZhIx2ozUIE$_$5,4ZhIx2ozUIE,5339
4iw1jTY-X3A$_$12,4iw1jTY-X3A,5377
4iw1jTY-X3A$_$14,4iw1jTY-X3A,5378
4iw1jTY-X3A$_$1,4iw1jTY-X3A,5379
4iw1jTY-X3A$_$0,4iw1jTY-X3A,5380
4iw1jTY-X3A$_$3,4iw1jTY-X3A,5381
4iw1jTY-X3A$_$4,4iw1jTY-X3A,5382
4iw1jTY-X3A$_$7,4iw1jTY-X3A,5383
4iw1jTY-X3A$_$6,4iw1jTY-X3A,5384
4iw1jTY-X3A$_$9,4iw1jTY-X3A,5385
4iw1jTY-X3A$_$8,4iw1jTY-X3A,5386
4qVvLLFEYnk$_$0,4qVvLLFEYnk,5434
4qjz4BQCZyM$_$0,4qjz4BQCZyM,5435
4qjz4BQCZyM$_$5,4qjz4BQCZyM,5436
52839$_$11,52839,5504
52839$_$10,52839,5505
52839$_$13,52839,5506
52839$_$12,52839,5507
52839$_$1,52839,5508
52839$_$0,52839,5509
52839$_$3,52839,5510
52839$_$2,52839,5511
52839$_$5,52839,5512
52839$_$4,52839,5513
52839$_$7,52839,5514
52839$_$6,52839,5515
52839$_$9,52839,5516
52839$_$8,52839,5517
55156$_$11,55156,5532
55156$_$10,55156,5533
55156$_$12,55156,5534
55156$_$1,55156,5535
55156$_$0,55156,5536
55156$_$3,55156,5537
55156$_$2,55156,5538
55156$_$5,55156,5539
55156$_$4,55156,5540
55156$_$7,55156,5541
55156$_$6,55156,5542
55156$_$9,55156,5543
55156$_$8,55156,5544
5F-KEGK9eXo$_$0,5F-KEGK9eXo,5614
5F-KEGK9eXo$_$4,5F-KEGK9eXo,5615
5Fs_7A_V2kA$_$9,5Fs_7A_V2kA,5619
5Fs_7A_V2kA$_$1,5Fs_7A_V2kA,5620
5Fs_7A_V2kA$_$3,5Fs_7A_V2kA,5621
5Fs_7A_V2kA$_$4,5Fs_7A_V2kA,5622
5Fs_7A_V2kA$_$7,5Fs_7A_V2kA,5623
5IhAgV0Bf_4$_$2,5IhAgV0Bf_4,5627
5IhAgV0Bf_4$_$5,5IhAgV0Bf_4,5628
5IhAgV0Bf_4$_$7,5IhAgV0Bf_4,5629
5OXuBO5buF8$_$8,5OXuBO5buF8,5637
5OXuBO5buF8$_$3,5OXuBO5buF8,5638
5OXuBO5buF8$_$6,5OXuBO5buF8,5639
5QXHyL3BMto$_$1,5QXHyL3BMto,5644
5QXHyL3BMto$_$4,5QXHyL3BMto,5645
5R5fDxZUL8M$_$11,5R5fDxZUL8M,5646
5R5fDxZUL8M$_$10,5R5fDxZUL8M,5647
5R5fDxZUL8M$_$13,5R5fDxZUL8M,5648
5R5fDxZUL8M$_$12,5R5fDxZUL8M,5649
5R5fDxZUL8M$_$2,5R5fDxZUL8M,5650
5R5fDxZUL8M$_$5,5R5fDxZUL8M,5651
5R5fDxZUL8M$_$4,5R5fDxZUL8M,5652
5R5fDxZUL8M$_$7,5R5fDxZUL8M,5653
5RVF_3YBUVI$_$0,5RVF_3YBUVI,5654
5Tqu1IXJjGY$_$0,5Tqu1IXJjGY,5655
5Tqu1IXJjGY$_$3,5Tqu1IXJjGY,5656
5Tqu1IXJjGY$_$4,5Tqu1IXJjGY,5657
5Tqu1IXJjGY$_$7,5Tqu1IXJjGY,5658
5Tqu1IXJjGY$_$6,5Tqu1IXJjGY,5659
5YnYGjrhzF4$_$1,5YnYGjrhzF4,5669
5YnYGjrhzF4$_$0,5YnYGjrhzF4,5670
5YnYGjrhzF4$_$3,5YnYGjrhzF4,5671
5YnYGjrhzF4$_$2,5YnYGjrhzF4,5672
5YnYGjrhzF4$_$5,5YnYGjrhzF4,5673
5YnYGjrhzF4$_$4,5YnYGjrhzF4,5674
5YnYGjrhzF4$_$7,5YnYGjrhzF4,5675
5YnYGjrhzF4$_$6,5YnYGjrhzF4,5676
5YnYGjrhzF4$_$9,5YnYGjrhzF4,5677
5YnYGjrhzF4$_$8,5YnYGjrhzF4,5678
5eA5HpyFsIk$_$1,5eA5HpyFsIk,5679
5eA5HpyFsIk$_$0,5eA5HpyFsIk,5680
5oEuiBPUTYc$_$11,5oEuiBPUTYc,5683
5oEuiBPUTYc$_$10,5oEuiBPUTYc,5684
5oEuiBPUTYc$_$2,5oEuiBPUTYc,5685
5oEuiBPUTYc$_$5,5oEuiBPUTYc,5686
5oEuiBPUTYc$_$6,5oEuiBPUTYc,5687
5oEuiBPUTYc$_$9,5oEuiBPUTYc,5688
5tV5rZZJDCE$_$0,5tV5rZZJDCE,5718
5tV5rZZJDCE$_$3,5tV5rZZJDCE,5719
5tV5rZZJDCE$_$4,5tV5rZZJDCE,5720
5tV5rZZJDCE$_$7,5tV5rZZJDCE,5721
5tV5rZZJDCE$_$6,5tV5rZZJDCE,5722
5wpCKY2U1NE$_$10,5wpCKY2U1NE,5723
5wpCKY2U1NE$_$1,5wpCKY2U1NE,5724
5wpCKY2U1NE$_$0,5wpCKY2U1NE,5725
5wpCKY2U1NE$_$5,5wpCKY2U1NE,5726
5wpCKY2U1NE$_$4,5wpCKY2U1NE,5727
5wpCKY2U1NE$_$7,5wpCKY2U1NE,5728
5wpCKY2U1NE$_$9,5wpCKY2U1NE,5729
5wpCKY2U1NE$_$8,5wpCKY2U1NE,5730
60Qw70Rd9Yg$_$9,60Qw70Rd9Yg,5749
60Qw70Rd9Yg$_$7,60Qw70Rd9Yg,5750
60Qw70Rd9Yg$_$6,60Qw70Rd9Yg,5751
69707$_$1,69707,5770
69707$_$0,69707,5771
69707$_$3,69707,5772
69707$_$2,69707,5773
69707$_$5,69707,5774
69707$_$4,69707,5775
69707$_$7,69707,5776
69707$_$6,69707,5777
6E-yr6nPxGA$_$15,6E-yr6nPxGA,5783
6E-yr6nPxGA$_$12,6E-yr6nPxGA,5784
6E-yr6nPxGA$_$5,6E-yr6nPxGA,5785
6E-yr6nPxGA$_$17,6E-yr6nPxGA,5786
6G8JJ69aN6o$_$1,6G8JJ69aN6o,5787
6G8JJ69aN6o$_$3,6G8JJ69aN6o,5788
6G8JJ69aN6o$_$2,6G8JJ69aN6o,5789
6G8JJ69aN6o$_$5,6G8JJ69aN6o,5790
6G8JJ69aN6o$_$4,6G8JJ69aN6o,5791
6G8JJ69aN6o$_$7,6G8JJ69aN6o,5792
6G8JJ69aN6o$_$8,6G8JJ69aN6o,5793
6IUj6jyoTl0$_$0,6IUj6jyoTl0,5794
6IUj6jyoTl0$_$2,6IUj6jyoTl0,5795
6IUj6jyoTl0$_$4,6IUj6jyoTl0,5796
6J_yzh1LNAE$_$0,6J_yzh1LNAE,5797
6J_yzh1LNAE$_$2,6J_yzh1LNAE,5798
6MloL1gIccs$_$10,6MloL1gIccs,5806
6MloL1gIccs$_$13,6MloL1gIccs,5807
6MloL1gIccs$_$12,6MloL1gIccs,5808
6MloL1gIccs$_$15,6MloL1gIccs,5809
6MloL1gIccs$_$16,6MloL1gIccs,5810
6MloL1gIccs$_$1,6MloL1gIccs,5811
6MloL1gIccs$_$3,6MloL1gIccs,5812
6MloL1gIccs$_$4,6MloL1gIccs,5813
6MloL1gIccs$_$6,6MloL1gIccs,5814
6MloL1gIccs$_$9,6MloL1gIccs,5815
6MloL1gIccs$_$8,6MloL1gIccs,5816
6PLlauWxF5E$_$0,6PLlauWxF5E,5817
6PLlauWxF5E$_$2,6PLlauWxF5E,5818
6TDXQtGUNEs$_$11,6TDXQtGUNEs,5822
6TDXQtGUNEs$_$12,6TDXQtGUNEs,5823
6TDXQtGUNEs$_$17,6TDXQtGUNEs,5824
6TDXQtGUNEs$_$22,6TDXQtGUNEs,5825
6TDXQtGUNEs$_$16,6TDXQtGUNEs,5826
6TDXQtGUNEs$_$19,6TDXQtGUNEs,5827
6TDXQtGUNEs$_$2,6TDXQtGUNEs,5828
6TDXQtGUNEs$_$4,6TDXQtGUNEs,5829
6TDXQtGUNEs$_$7,6TDXQtGUNEs,5830
6TDXQtGUNEs$_$6,6TDXQtGUNEs,5831
6TDXQtGUNEs$_$8,6TDXQtGUNEs,5832
6TDXQtGUNEs$_$21,6TDXQtGUNEs,5833
6TKaGMkO69E$_$2,6TKaGMkO69E,5834
6TKaGMkO69E$_$4,6TKaGMkO69E,5835
6TKaGMkO69E$_$6,6TKaGMkO69E,5836
6UV6ktwbLoo$_$1,6UV6ktwbLoo,5837
6UV6ktwbLoo$_$0,6UV6ktwbLoo,5838
6UV6ktwbLoo$_$3,6UV6ktwbLoo,5839
6UV6ktwbLoo$_$2,6UV6ktwbLoo,5840
6Vg10LxmWUY$_$1,6Vg10LxmWUY,5841
6Vg10LxmWUY$_$0,6Vg10LxmWUY,5842
6Vg10LxmWUY$_$3,6Vg10LxmWUY,5843
6Vg10LxmWUY$_$2,6Vg10LxmWUY,5844
6Vg10LxmWUY$_$4,6Vg10LxmWUY,5845
6WDchK7TuL8$_$1,6WDchK7TuL8,5846
6WDchK7TuL8$_$0,6WDchK7TuL8,5847
6WDchK7TuL8$_$3,6WDchK7TuL8,5848
6YNAmRjpxlA$_$1,6YNAmRjpxlA,5849
6YNAmRjpxlA$_$0,6YNAmRjpxlA,5850
6YNAmRjpxlA$_$5,6YNAmRjpxlA,5851
6YNAmRjpxlA$_$6,6YNAmRjpxlA,5852
6c7vAwDSVGc$_$1,6c7vAwDSVGc,5858
6c7vAwDSVGc$_$2,6c7vAwDSVGc,5859
6q5uKCgairk$_$11,6q5uKCgairk,5874
6q5uKCgairk$_$10,6q5uKCgairk,5875
6q5uKCgairk$_$13,6q5uKCgairk,5876
6q5uKCgairk$_$12,6q5uKCgairk,5877
6q5uKCgairk$_$1,6q5uKCgairk,5878
6q5uKCgairk$_$0,6q5uKCgairk,5879
6q5uKCgairk$_$3,6q5uKCgairk,5880
6q5uKCgairk$_$2,6q5uKCgairk,5881
6q5uKCgairk$_$5,6q5uKCgairk,5882
6q5uKCgairk$_$4,6q5uKCgairk,5883
6q5uKCgairk$_$7,6q5uKCgairk,5884
6q5uKCgairk$_$6,6q5uKCgairk,5885
6q5uKCgairk$_$9,6q5uKCgairk,5886
6q5uKCgairk$_$8,6q5uKCgairk,5887
6qmReTSoz0E$_$1,6qmReTSoz0E,5889
6rkV4QRcVnk$_$0,6rkV4QRcVnk,5890
6rkV4QRcVnk$_$3,6rkV4QRcVnk,5891
6rkV4QRcVnk$_$2,6rkV4QRcVnk,5892
6rkV4QRcVnk$_$5,6rkV4QRcVnk,5893
6rkV4QRcVnk$_$4,6rkV4QRcVnk,5894
6rkV4QRcVnk$_$6,6rkV4QRcVnk,5895
6rkV4QRcVnk$_$8,6rkV4QRcVnk,5896
6vbd4o5rIjM$_$10,6vbd4o5rIjM,5908
6vbd4o5rIjM$_$13,6vbd4o5rIjM,5909
6vbd4o5rIjM$_$12,6vbd4o5rIjM,5910
6vbd4o5rIjM$_$3,6vbd4o5rIjM,5911
6vbd4o5rIjM$_$2,6vbd4o5rIjM,5912
6vbd4o5rIjM$_$7,6vbd4o5rIjM,5913
6vbd4o5rIjM$_$6,6vbd4o5rIjM,5914
70710$_$1,70710,5954
70710$_$0,70710,5955
70710$_$3,70710,5956
70710$_$2,70710,5957
708sewcSXVY$_$0,708sewcSXVY,5958
708sewcSXVY$_$3,708sewcSXVY,5959
708sewcSXVY$_$5,708sewcSXVY,5960
72017$_$11,72017,5961
72017$_$10,72017,5962
72017$_$13,72017,5963
72017$_$12,72017,5964
72017$_$1,72017,5965
72017$_$0,72017,5966
72017$_$3,72017,5967
72017$_$2,72017,5968
72017$_$5,72017,5969
72017$_$4,72017,5970
72017$_$7,72017,5971
72017$_$6,72017,5972
72017$_$9,72017,5973
72017$_$8,72017,5974
73447$_$11,73447,6008
73447$_$10,73447,6009
73447$_$13,73447,6010
73447$_$12,73447,6011
73447$_$15,73447,6012
73447$_$14,73447,6013
73447$_$17,73447,6014
73447$_$16,73447,6015
73447$_$1,73447,6016
73447$_$0,73447,6017
73447$_$3,73447,6018
73447$_$2,73447,6019
73447$_$5,73447,6020
73447$_$4,73447,6021
73447$_$7,73447,6022
73447$_$6,73447,6023
73447$_$9,73447,6024
73447$_$8,73447,6025
74184$_$11,74184,6050
74184$_$10,74184,6051
74184$_$13,74184,6052
74184$_$12,74184,6053
74184$_$14,74184,6054
74184$_$1,74184,6055
74184$_$0,74184,6056
74184$_$5,74184,6057
74184$_$4,74184,6058
74184$_$7,74184,6059
74184$_$6,74184,6060
74184$_$9,74184,6061
74184$_$8,74184,6062
75938$_$1,75938,6075
75938$_$0,75938,6076
75938$_$3,75938,6077
75938$_$2,75938,6078
75938$_$5,75938,6079
75938$_$4,75938,6080
75938$_$7,75938,6081
75938$_$6,75938,6082
75938$_$9,75938,6083
75938$_$8,75938,6084
76124$_$10,76124,6085
76124$_$1,76124,6086
76124$_$0,76124,6087
76124$_$3,76124,6088
76124$_$2,76124,6089
76124$_$5,76124,6090
76124$_$4,76124,6091
76124$_$7,76124,6092
76124$_$6,76124,6093
76124$_$9,76124,6094
76124$_$8,76124,6095
79934$_$0,79934,6122
79934$_$3,79934,6123
79934$_$2,79934,6124
79934$_$5,79934,6125
79934$_$4,79934,6126
79934$_$7,79934,6127
79934$_$6,79934,6128
7CLe7PZtna4$_$8,7CLe7PZtna4,6149
7CLe7PZtna4$_$6,7CLe7PZtna4,6150
7U_z0JfleAw$_$2,7U_z0JfleAw,6172
7U_z0JfleAw$_$8,7U_z0JfleAw,6173
7U_z0JfleAw$_$12,7U_z0JfleAw,6174
7U_z0JfleAw$_$15,7U_z0JfleAw,6175
7U_z0JfleAw$_$6,7U_z0JfleAw,6176
7Vp6Lvin1rA$_$12,7Vp6Lvin1rA,6198
7Vp6Lvin1rA$_$15,7Vp6Lvin1rA,6199
7Vp6Lvin1rA$_$4,7Vp6Lvin1rA,6200
7Vp6Lvin1rA$_$14,7Vp6Lvin1rA,6201
7Vp6Lvin1rA$_$6,7Vp6Lvin1rA,6202
7eWclVCXOtk$_$1,7eWclVCXOtk,6250
7eWclVCXOtk$_$0,7eWclVCXOtk,6251
7eWclVCXOtk$_$3,7eWclVCXOtk,6252
7eWclVCXOtk$_$2,7eWclVCXOtk,6253
7eWclVCXOtk$_$4,7eWclVCXOtk,6254
7eWclVCXOtk$_$7,7eWclVCXOtk,6255
7eWclVCXOtk$_$6,7eWclVCXOtk,6256
7eWclVCXOtk$_$8,7eWclVCXOtk,6257
7fPYpqzw1iY$_$12,7fPYpqzw1iY,6258
7fPYpqzw1iY$_$15,7fPYpqzw1iY,6259
7hSWYI99-24$_$0,7hSWYI99-24,6260
7hSWYI99-24$_$3,7hSWYI99-24,6261
7hSWYI99-24$_$5,7hSWYI99-24,6262
7hSWYI99-24$_$4,7hSWYI99-24,6263
7hSWYI99-24$_$6,7hSWYI99-24,6264
7oFimEZJQ_A$_$1,7oFimEZJQ_A,6272
7oFimEZJQ_A$_$5,7oFimEZJQ_A,6273
7oFimEZJQ_A$_$4,7oFimEZJQ_A,6274
7oFimEZJQ_A$_$6,7oFimEZJQ_A,6275
7rMLN0KKE5k$_$24,7rMLN0KKE5k,6283
7rMLN0KKE5k$_$25,7rMLN0KKE5k,6284
7rMLN0KKE5k$_$26,7rMLN0KKE5k,6285
7rMLN0KKE5k$_$27,7rMLN0KKE5k,6286
7rMLN0KKE5k$_$20,7rMLN0KKE5k,6287
7rMLN0KKE5k$_$21,7rMLN0KKE5k,6288
7rMLN0KKE5k$_$22,7rMLN0KKE5k,6289
7rMLN0KKE5k$_$23,7rMLN0KKE5k,6290
7rMLN0KKE5k$_$28,7rMLN0KKE5k,6291
7rMLN0KKE5k$_$29,7rMLN0KKE5k,6292
7rMLN0KKE5k$_$1,7rMLN0KKE5k,6293
7rMLN0KKE5k$_$0,7rMLN0KKE5k,6294
7rMLN0KKE5k$_$3,7rMLN0KKE5k,6295
7rMLN0KKE5k$_$2,7rMLN0KKE5k,6296
7rMLN0KKE5k$_$7,7rMLN0KKE5k,6297
7rMLN0KKE5k$_$6,7rMLN0KKE5k,6298
7rMLN0KKE5k$_$9,7rMLN0KKE5k,6299
7rMLN0KKE5k$_$11,7rMLN0KKE5k,6300
7rMLN0KKE5k$_$10,7rMLN0KKE5k,6301
7rMLN0KKE5k$_$13,7rMLN0KKE5k,6302
7rMLN0KKE5k$_$12,7rMLN0KKE5k,6303
7rMLN0KKE5k$_$15,7rMLN0KKE5k,6304
7rMLN0KKE5k$_$14,7rMLN0KKE5k,6305
7rMLN0KKE5k$_$19,7rMLN0KKE5k,6306
7rMLN0KKE5k$_$18,7rMLN0KKE5k,6307
7rMLN0KKE5k$_$31,7rMLN0KKE5k,6308
7rMLN0KKE5k$_$30,7rMLN0KKE5k,6309
7rMLN0KKE5k$_$33,7rMLN0KKE5k,6310
7rMLN0KKE5k$_$32,7rMLN0KKE5k,6311
7vJy1zbopJ8$_$5,7vJy1zbopJ8,6320
7xiu1tAJ2d8$_$11,7xiu1tAJ2d8,6322
7xiu1tAJ2d8$_$13,7xiu1tAJ2d8,6323
7xiu1tAJ2d8$_$15,7xiu1tAJ2d8,6324
7xiu1tAJ2d8$_$14,7xiu1tAJ2d8,6325
7xiu1tAJ2d8$_$16,7xiu1tAJ2d8,6326
7xiu1tAJ2d8$_$18,7xiu1tAJ2d8,6327
7xiu1tAJ2d8$_$1,7xiu1tAJ2d8,6328
7xiu1tAJ2d8$_$3,7xiu1tAJ2d8,6329
7xiu1tAJ2d8$_$5,7xiu1tAJ2d8,6330
7xiu1tAJ2d8$_$4,7xiu1tAJ2d8,6331
7xiu1tAJ2d8$_$9,7xiu1tAJ2d8,6332
7xiu1tAJ2d8$_$8,7xiu1tAJ2d8,6333
80627$_$11,80627,6347
80627$_$10,80627,6348
80627$_$13,80627,6349
80627$_$12,80627,6350
80627$_$1,80627,6351
80627$_$0,80627,6352
80627$_$3,80627,6353
80627$_$2,80627,6354
80627$_$5,80627,6355
80627$_$4,80627,6356
80627$_$7,80627,6357
80627$_$6,80627,6358
80627$_$9,80627,6359
80627$_$8,80627,6360
80866$_$11,80866,6361
80866$_$10,80866,6362
80866$_$13,80866,6363
80866$_$12,80866,6364
80866$_$15,80866,6365
80866$_$14,80866,6366
80866$_$16,80866,6367
80866$_$1,80866,6368
80866$_$0,80866,6369
80866$_$3,80866,6370
80866$_$2,80866,6371
80866$_$5,80866,6372
80866$_$4,80866,6373
80866$_$7,80866,6374
80866$_$6,80866,6375
80866$_$9,80866,6376
80866$_$8,80866,6377
81538$_$11,81538,6395
81538$_$10,81538,6396
81538$_$1,81538,6397
81538$_$0,81538,6398
81538$_$3,81538,6399
81538$_$2,81538,6400
81538$_$5,81538,6401
81538$_$4,81538,6402
81538$_$7,81538,6403
81538$_$6,81538,6404
81538$_$9,81538,6405
81538$_$8,81538,6406
81668$_$1,81668,6415
81668$_$0,81668,6416
81668$_$3,81668,6417
81668$_$2,81668,6418
81668$_$5,81668,6419
81668$_$4,81668,6420
81668$_$7,81668,6421
81668$_$6,81668,6422
81668$_$8,81668,6423
83859$_$24,83859,6427
83859$_$25,83859,6428
83859$_$26,83859,6429
83859$_$27,83859,6430
83859$_$20,83859,6431
83859$_$21,83859,6432
83859$_$22,83859,6433
83859$_$28,83859,6434
83859$_$29,83859,6435
83859$_$1,83859,6436
83859$_$0,83859,6437
83859$_$3,83859,6438
83859$_$2,83859,6439
83859$_$5,83859,6440
83859$_$4,83859,6441
83859$_$7,83859,6442
83859$_$6,83859,6443
83859$_$9,83859,6444
83859$_$8,83859,6445
83859$_$38,83859,6446
83859$_$11,83859,6447
83859$_$10,83859,6448
83859$_$13,83859,6449
83859$_$12,83859,6450
83859$_$15,83859,6451
83859$_$14,83859,6452
83859$_$17,83859,6453
83859$_$16,83859,6454
83859$_$19,83859,6455
83859$_$18,83859,6456
83859$_$31,83859,6457
83859$_$30,83859,6458
83859$_$37,83859,6459
83859$_$36,83859,6460
83859$_$35,83859,6461
83859$_$34,83859,6462
83859$_$33,83859,6463
83859$_$32,83859,6464
83_N43pvgHI$_$11,83_N43pvgHI,6465
83_N43pvgHI$_$5,83_N43pvgHI,6466
84133$_$20,84133,6481
84133$_$21,84133,6482
84133$_$22,84133,6483
84133$_$23,84133,6484
84133$_$1,84133,6485
84133$_$0,84133,6486
84133$_$3,84133,6487
84133$_$2,84133,6488
84133$_$5,84133,6489
84133$_$4,84133,6490
84133$_$7,84133,6491
84133$_$6,84133,6492
84133$_$9,84133,6493
84133$_$8,84133,6494
84133$_$11,84133,6495
84133$_$10,84133,6496
84133$_$13,84133,6497
84133$_$12,84133,6498
84133$_$15,84133,6499
84133$_$14,84133,6500
84133$_$17,84133,6501
84133$_$16,84133,6502
84133$_$19,84133,6503
84133$_$18,84133,6504
856LGms_0s0$_$9,856LGms_0s0,6516
856LGms_0s0$_$8,856LGms_0s0,6517
856LGms_0s0$_$6,856LGms_0s0,6518
87161$_$11,87161,6519
87161$_$10,87161,6520
87161$_$13,87161,6521
87161$_$12,87161,6522
87161$_$14,87161,6523
87161$_$1,87161,6524
87161$_$0,87161,6525
87161$_$3,87161,6526
87161$_$2,87161,6527
87161$_$5,87161,6528
87161$_$4,87161,6529
87161$_$7,87161,6530
87161$_$6,87161,6531
87161$_$9,87161,6532
87161$_$8,87161,6533
88119$_$1,88119,6553
88119$_$0,88119,6554
88119$_$3,88119,6555
88119$_$2,88119,6556
88119$_$5,88119,6557
88119$_$4,88119,6558
88119$_$6,88119,6559
88888$_$10,88888,6582
88888$_$1,88888,6583
88888$_$0,88888,6584
88888$_$3,88888,6585
88888$_$2,88888,6586
88888$_$5,88888,6587
88888$_$4,88888,6588
88888$_$7,88888,6589
88888$_$6,88888,6590
88888$_$9,88888,6591
88888$_$8,88888,6592
88S1BjwMfdw$_$3,88S1BjwMfdw,6593
88S1BjwMfdw$_$27,88S1BjwMfdw,6594
88S1BjwMfdw$_$29,88S1BjwMfdw,6595
88S1BjwMfdw$_$22,88S1BjwMfdw,6596
88S1BjwMfdw$_$7,88S1BjwMfdw,6597
88oSn21TFcA$_$12,88oSn21TFcA,6598
88oSn21TFcA$_$0,88oSn21TFcA,6599
88oSn21TFcA$_$3,88oSn21TFcA,6600
88oSn21TFcA$_$4,88oSn21TFcA,6601
88oSn21TFcA$_$6,88oSn21TFcA,6602
88oSn21TFcA$_$9,88oSn21TFcA,6603
88oSn21TFcA$_$8,88oSn21TFcA,6604
8Cp8c-eQELQ$_$11,8Cp8c-eQELQ,6652
8Cp8c-eQELQ$_$13,8Cp8c-eQELQ,6653
8Cp8c-eQELQ$_$12,8Cp8c-eQELQ,6654
8Cp8c-eQELQ$_$15,8Cp8c-eQELQ,6655
8Cp8c-eQELQ$_$21,8Cp8c-eQELQ,6656
8Cp8c-eQELQ$_$16,8Cp8c-eQELQ,6657
8Cp8c-eQELQ$_$20,8Cp8c-eQELQ,6658
8Cp8c-eQELQ$_$0,8Cp8c-eQELQ,6659
8Cp8c-eQELQ$_$3,8Cp8c-eQELQ,6660
8Cp8c-eQELQ$_$7,8Cp8c-eQELQ,6661
8Cp8c-eQELQ$_$9,8Cp8c-eQELQ,6662
8Cp8c-eQELQ$_$8,8Cp8c-eQELQ,6663
8Cp8c-eQELQ$_$14,8Cp8c-eQELQ,6664
8EHEEXex5D8$_$11,8EHEEXex5D8,6665
8EHEEXex5D8$_$25,8EHEEXex5D8,6666
8EHEEXex5D8$_$12,8EHEEXex5D8,6667
8EHEEXex5D8$_$15,8EHEEXex5D8,6668
8EHEEXex5D8$_$17,8EHEEXex5D8,6669
8EHEEXex5D8$_$23,8EHEEXex5D8,6670
8EHEEXex5D8$_$19,8EHEEXex5D8,6671
8EHEEXex5D8$_$18,8EHEEXex5D8,6672
8EHEEXex5D8$_$2,8EHEEXex5D8,6673
8EHEEXex5D8$_$5,8EHEEXex5D8,6674
8EHEEXex5D8$_$4,8EHEEXex5D8,6675
8EHEEXex5D8$_$7,8EHEEXex5D8,6676
8EHEEXex5D8$_$8,8EHEEXex5D8,6677
8VP1qxX9mh4$_$1,8VP1qxX9mh4,6703
8VP1qxX9mh4$_$0,8VP1qxX9mh4,6704
8XODJwsvBa0$_$2,8XODJwsvBa0,6717
8aZbX-xMdgI$_$12,8aZbX-xMdgI,6720
8f_lBxZgDb0$_$0,8f_lBxZgDb0,6721
8f_lBxZgDb0$_$3,8f_lBxZgDb0,6722
8wdxczYf1jI$_$2,8wdxczYf1jI,6753
8wdxczYf1jI$_$4,8wdxczYf1jI,6754
8x81fzwcJko$_$3,8x81fzwcJko,6755
8x81fzwcJko$_$5,8x81fzwcJko,6756
8x81fzwcJko$_$4,8x81fzwcJko,6757
9-EO2oCAGA4$_$11,9-EO2oCAGA4,6774
9-EO2oCAGA4$_$10,9-EO2oCAGA4,6775
9-EO2oCAGA4$_$12,9-EO2oCAGA4,6776
9-EO2oCAGA4$_$1,9-EO2oCAGA4,6777
9-EO2oCAGA4$_$0,9-EO2oCAGA4,6778
9-EO2oCAGA4$_$3,9-EO2oCAGA4,6779
9-EO2oCAGA4$_$2,9-EO2oCAGA4,6780
9-EO2oCAGA4$_$5,9-EO2oCAGA4,6781
9-EO2oCAGA4$_$4,9-EO2oCAGA4,6782
9-EO2oCAGA4$_$7,9-EO2oCAGA4,6783
9-EO2oCAGA4$_$6,9-EO2oCAGA4,6784
9-EO2oCAGA4$_$9,9-EO2oCAGA4,6785
9-EO2oCAGA4$_$8,9-EO2oCAGA4,6786
90172$_$11,90172,6804
90172$_$10,90172,6805
90172$_$13,90172,6806
90172$_$12,90172,6807
90172$_$14,90172,6808
90172$_$1,90172,6809
90172$_$0,90172,6810
90172$_$3,90172,6811
90172$_$2,90172,6812
90172$_$5,90172,6813
90172$_$4,90172,6814
90172$_$7,90172,6815
90172$_$6,90172,6816
90172$_$9,90172,6817
90172$_$8,90172,6818
90wZz0thye4$_$11,90wZz0thye4,6819
90wZz0thye4$_$10,90wZz0thye4,6820
90wZz0thye4$_$1,90wZz0thye4,6821
90wZz0thye4$_$3,90wZz0thye4,6822
90wZz0thye4$_$2,90wZz0thye4,6823
90wZz0thye4$_$5,90wZz0thye4,6824
90wZz0thye4$_$4,90wZz0thye4,6825
90wZz0thye4$_$7,90wZz0thye4,6826
90wZz0thye4$_$6,90wZz0thye4,6827
90wZz0thye4$_$8,90wZz0thye4,6828
91y7nPEWdmQ$_$5,91y7nPEWdmQ,6842
92221$_$11,92221,6843
92221$_$10,92221,6844
92221$_$13,92221,6845
92221$_$12,92221,6846
92221$_$15,92221,6847
92221$_$14,92221,6848
92221$_$17,92221,6849
92221$_$16,92221,6850
92221$_$18,92221,6851
92221$_$1,92221,6852
92221$_$0,92221,6853
92221$_$3,92221,6854
92221$_$2,92221,6855
92221$_$5,92221,6856
92221$_$4,92221,6857
92221$_$7,92221,6858
92221$_$6,92221,6859
92221$_$9,92221,6860
92221$_$8,92221,6861
92331$_$24,92331,6862
92331$_$25,92331,6863
92331$_$20,92331,6864
92331$_$21,92331,6865
92331$_$22,92331,6866
92331$_$23,92331,6867
92331$_$1,92331,6868
92331$_$0,92331,6869
92331$_$3,92331,6870
92331$_$2,92331,6871
92331$_$5,92331,6872
92331$_$4,92331,6873
92331$_$7,92331,6874
92331$_$6,92331,6875
92331$_$9,92331,6876
92331$_$8,92331,6877
92331$_$11,92331,6878
92331$_$10,92331,6879
92331$_$13,92331,6880
92331$_$12,92331,6881
92331$_$15,92331,6882
92331$_$14,92331,6883
92331$_$17,92331,6884
92331$_$16,92331,6885
92331$_$19,92331,6886
92331$_$18,92331,6887
92521$_$1,92521,6888
92521$_$0,92521,6889
92521$_$3,92521,6890
92521$_$2,92521,6891
92521$_$5,92521,6892
92521$_$4,92521,6893
92521$_$7,92521,6894
92521$_$6,92521,6895
92521$_$9,92521,6896
92521$_$8,92521,6897
92533$_$10,92533,6898
92533$_$1,92533,6899
92533$_$0,92533,6900
92533$_$3,92533,6901
92533$_$2,92533,6902
92533$_$5,92533,6903
92533$_$4,92533,6904
92533$_$7,92533,6905
92533$_$6,92533,6906
92533$_$9,92533,6907
92533$_$8,92533,6908
93821$_$11,93821,6916
93821$_$10,93821,6917
93821$_$13,93821,6918
93821$_$12,93821,6919
93821$_$15,93821,6920
93821$_$14,93821,6921
93821$_$16,93821,6922
93821$_$1,93821,6923
93821$_$0,93821,6924
93821$_$3,93821,6925
93821$_$2,93821,6926
93821$_$5,93821,6927
93821$_$4,93821,6928
93821$_$7,93821,6929
93821$_$6,93821,6930
93821$_$9,93821,6931
93821$_$8,93821,6932
93839$_$11,93839,6933
93839$_$10,93839,6934
93839$_$12,93839,6935
93839$_$1,93839,6936
93839$_$0,93839,6937
93839$_$3,93839,6938
93839$_$2,93839,6939
93839$_$5,93839,6940
93839$_$4,93839,6941
93839$_$7,93839,6942
93839$_$6,93839,6943
93839$_$9,93839,6944
93839$_$8,93839,6945
94983$_$11,94983,6959
94983$_$10,94983,6960
94983$_$13,94983,6961
94983$_$12,94983,6962
94983$_$1,94983,6963
94983$_$0,94983,6964
94983$_$3,94983,6965
94983$_$2,94983,6966
94983$_$5,94983,6967
94983$_$4,94983,6968
94983$_$7,94983,6969
94983$_$6,94983,6970
94983$_$9,94983,6971
94983$_$8,94983,6972
95mDHiLeDCM$_$1,95mDHiLeDCM,6978
95mDHiLeDCM$_$2,95mDHiLeDCM,6979
95mDHiLeDCM$_$5,95mDHiLeDCM,6980
95mDHiLeDCM$_$4,95mDHiLeDCM,6981
96179$_$11,96179,6995
96179$_$10,96179,6996
96179$_$13,96179,6997
96179$_$12,96179,6998
96179$_$15,96179,6999
96179$_$14,96179,7000
96179$_$16,96179,7001
96179$_$1,96179,7002
96179$_$0,96179,7003
96179$_$3,96179,7004
96179$_$2,96179,7005
96179$_$5,96179,7006
96179$_$4,96179,7007
96179$_$7,96179,7008
96179$_$6,96179,7009
96179$_$9,96179,7010
96179$_$8,96179,7011
96o9hxy64wI$_$2,96o9hxy64wI,7060
96o9hxy64wI$_$5,96o9hxy64wI,7061
97095$_$24,97095,7062
97095$_$25,97095,7063
97095$_$26,97095,7064
97095$_$27,97095,7065
97095$_$20,97095,7066
97095$_$21,97095,7067
97095$_$22,97095,7068
97095$_$23,97095,7069
97095$_$28,97095,7070
97095$_$29,97095,7071
97095$_$1,97095,7072
97095$_$0,97095,7073
97095$_$3,97095,7074
97095$_$2,97095,7075
97095$_$5,97095,7076
97095$_$4,97095,7077
97095$_$7,97095,7078
97095$_$6,97095,7079
97095$_$9,97095,7080
97095$_$8,97095,7081
97095$_$11,97095,7082
97095$_$10,97095,7083
97095$_$13,97095,7084
97095$_$12,97095,7085
97095$_$15,97095,7086
97095$_$14,97095,7087
97095$_$17,97095,7088
97095$_$16,97095,7089
97095$_$19,97095,7090
97095$_$18,97095,7091
97095$_$31,97095,7092
97095$_$30,97095,7093
97095$_$37,97095,7094
97095$_$36,97095,7095
97095$_$35,97095,7096
97095$_$34,97095,7097
97095$_$33,97095,7098
97095$_$32,97095,7099
98442$_$10,98442,7126
98442$_$1,98442,7127
98442$_$0,98442,7128
98442$_$3,98442,7129
98442$_$2,98442,7130
98442$_$5,98442,7131
98442$_$4,98442,7132
98442$_$7,98442,7133
98442$_$6,98442,7134
98442$_$9,98442,7135
98442$_$8,98442,7136
984VkHzXl8w$_$0,984VkHzXl8w,7137
984VkHzXl8w$_$3,984VkHzXl8w,7138
984VkHzXl8w$_$5,984VkHzXl8w,7139
984VkHzXl8w$_$4,984VkHzXl8w,7140
984VkHzXl8w$_$7,984VkHzXl8w,7141
984VkHzXl8w$_$8,984VkHzXl8w,7142
9BceQC_SdTM$_$1,9BceQC_SdTM,7143
9BceQC_SdTM$_$3,9BceQC_SdTM,7144
9BceQC_SdTM$_$6,9BceQC_SdTM,7145
9K4aWWoXuyU$_$1,9K4aWWoXuyU,7148
9K4aWWoXuyU$_$0,9K4aWWoXuyU,7149
9Nhoi1jfDbY$_$18,9Nhoi1jfDbY,7158
9Nhoi1jfDbY$_$2,9Nhoi1jfDbY,7159
9Nhoi1jfDbY$_$6,9Nhoi1jfDbY,7160
9Un1O2ypJmI$_$1,9Un1O2ypJmI,7161
9Un1O2ypJmI$_$0,9Un1O2ypJmI,7162
9Un1O2ypJmI$_$2,9Un1O2ypJmI,7163
9Un1O2ypJmI$_$5,9Un1O2ypJmI,7164
9VZ4cpoTFbo$_$9,9VZ4cpoTFbo,7165
9VZ4cpoTFbo$_$1,9VZ4cpoTFbo,7166
9VZ4cpoTFbo$_$2,9VZ4cpoTFbo,7167
9VZ4cpoTFbo$_$5,9VZ4cpoTFbo,7168
9cSJglGi9Pg$_$11,9cSJglGi9Pg,7174
9cSJglGi9Pg$_$10,9cSJglGi9Pg,7175
9cSJglGi9Pg$_$13,9cSJglGi9Pg,7176
9cSJglGi9Pg$_$12,9cSJglGi9Pg,7177
9cSJglGi9Pg$_$20,9cSJglGi9Pg,7178
9cSJglGi9Pg$_$21,9cSJglGi9Pg,7179
9cSJglGi9Pg$_$18,9cSJglGi9Pg,7180
9cSJglGi9Pg$_$3,9cSJglGi9Pg,7181
9cSJglGi9Pg$_$2,9cSJglGi9Pg,7182
9cSJglGi9Pg$_$5,9cSJglGi9Pg,7183
9cSJglGi9Pg$_$4,9cSJglGi9Pg,7184
9cSJglGi9Pg$_$6,9cSJglGi9Pg,7185
9cSJglGi9Pg$_$9,9cSJglGi9Pg,7186
9cSJglGi9Pg$_$15,9cSJglGi9Pg,7187
9ceYD_OzPz8$_$0,9ceYD_OzPz8,7188
9f6A3ucYArQ$_$1,9f6A3ucYArQ,7202
9f6A3ucYArQ$_$0,9f6A3ucYArQ,7203
9f6A3ucYArQ$_$3,9f6A3ucYArQ,7204
9f6A3ucYArQ$_$2,9f6A3ucYArQ,7205
9pzn93kdP_g$_$11,9pzn93kdP_g,7213
9pzn93kdP_g$_$10,9pzn93kdP_g,7214
9pzn93kdP_g$_$13,9pzn93kdP_g,7215
9pzn93kdP_g$_$12,9pzn93kdP_g,7216
9pzn93kdP_g$_$17,9pzn93kdP_g,7217
9pzn93kdP_g$_$22,9pzn93kdP_g,7218
9pzn93kdP_g$_$16,9pzn93kdP_g,7219
9pzn93kdP_g$_$18,9pzn93kdP_g,7220
9pzn93kdP_g$_$3,9pzn93kdP_g,7221
9pzn93kdP_g$_$4,9pzn93kdP_g,7222
A0aE2Gzym-M$_$1,A0aE2Gzym-M,7239
A2E78CGi5TU$_$10,A2E78CGi5TU,7240
A2E78CGi5TU$_$14,A2E78CGi5TU,7241
A2E78CGi5TU$_$16,A2E78CGi5TU,7242
A2E78CGi5TU$_$18,A2E78CGi5TU,7243
A2E78CGi5TU$_$29,A2E78CGi5TU,7244
A2E78CGi5TU$_$2,A2E78CGi5TU,7245
A2E78CGi5TU$_$4,A2E78CGi5TU,7246
A2E78CGi5TU$_$7,A2E78CGi5TU,7247
A2E78CGi5TU$_$8,A2E78CGi5TU,7248
ADYia28RrFU$_$1,ADYia28RrFU,7268
ADYia28RrFU$_$3,ADYia28RrFU,7269
ADYia28RrFU$_$5,ADYia28RrFU,7270
ADYia28RrFU$_$4,ADYia28RrFU,7271
ADYia28RrFU$_$7,ADYia28RrFU,7272
ADYia28RrFU$_$6,ADYia28RrFU,7273
ADYia28RrFU$_$9,ADYia28RrFU,7274
ADYia28RrFU$_$8,ADYia28RrFU,7275
AGM-hNupJik$_$0,AGM-hNupJik,7283
AIPqRuTjI4E$_$19,AIPqRuTjI4E,7285
AIPqRuTjI4E$_$10,AIPqRuTjI4E,7286
AIPqRuTjI4E$_$4,AIPqRuTjI4E,7287
AIPqRuTjI4E$_$14,AIPqRuTjI4E,7288
AIPqRuTjI4E$_$16,AIPqRuTjI4E,7289
AKofHsmxa1I$_$3,AKofHsmxa1I,7290
AKofHsmxa1I$_$5,AKofHsmxa1I,7291
AKofHsmxa1I$_$4,AKofHsmxa1I,7292
AKofHsmxa1I$_$6,AKofHsmxa1I,7293
ARNWtLCbfW4$_$11,ARNWtLCbfW4,7299
ARNWtLCbfW4$_$12,ARNWtLCbfW4,7300
ARNWtLCbfW4$_$1,ARNWtLCbfW4,7301
ARNWtLCbfW4$_$2,ARNWtLCbfW4,7302
ARNWtLCbfW4$_$4,ARNWtLCbfW4,7303
ARNWtLCbfW4$_$6,ARNWtLCbfW4,7304
AVScVfLgNmw$_$1,AVScVfLgNmw,7314
AVScVfLgNmw$_$0,AVScVfLgNmw,7315
AVScVfLgNmw$_$3,AVScVfLgNmw,7316
AVScVfLgNmw$_$2,AVScVfLgNmw,7317
AVScVfLgNmw$_$5,AVScVfLgNmw,7318
AVScVfLgNmw$_$4,AVScVfLgNmw,7319
AVScVfLgNmw$_$6,AVScVfLgNmw,7320
AjgDuPEp9sI$_$2,AjgDuPEp9sI,7329
AjgDuPEp9sI$_$4,AjgDuPEp9sI,7330
AmGocfFQfVE$_$11,AmGocfFQfVE,7333
AmGocfFQfVE$_$13,AmGocfFQfVE,7334
AmGocfFQfVE$_$15,AmGocfFQfVE,7335
AmGocfFQfVE$_$1,AmGocfFQfVE,7336
AmGocfFQfVE$_$0,AmGocfFQfVE,7337
AmGocfFQfVE$_$3,AmGocfFQfVE,7338
AmGocfFQfVE$_$2,AmGocfFQfVE,7339
AmGocfFQfVE$_$5,AmGocfFQfVE,7340
AmGocfFQfVE$_$9,AmGocfFQfVE,7341
BBSVLGf7zPI$_$1,BBSVLGf7zPI,7383
BBSVLGf7zPI$_$3,BBSVLGf7zPI,7384
BBSVLGf7zPI$_$2,BBSVLGf7zPI,7385
BB_VwJSg3AI$_$2,BB_VwJSg3AI,7386
BB_VwJSg3AI$_$4,BB_VwJSg3AI,7387
BB_VwJSg3AI$_$6,BB_VwJSg3AI,7388
BLFUj7_uy_0$_$13,BLFUj7_uy_0,7399
BLFUj7_uy_0$_$20,BLFUj7_uy_0,7400
BLFUj7_uy_0$_$14,BLFUj7_uy_0,7401
BLFUj7_uy_0$_$16,BLFUj7_uy_0,7402
BLFUj7_uy_0$_$1,BLFUj7_uy_0,7403
BLFUj7_uy_0$_$0,BLFUj7_uy_0,7404
BLFUj7_uy_0$_$3,BLFUj7_uy_0,7405
BLFUj7_uy_0$_$2,BLFUj7_uy_0,7406
BLFUj7_uy_0$_$4,BLFUj7_uy_0,7407
BLFUj7_uy_0$_$6,BLFUj7_uy_0,7408
BLFUj7_uy_0$_$9,BLFUj7_uy_0,7409
BLFUj7_uy_0$_$8,BLFUj7_uy_0,7410
BLFUj7_uy_0$_$21,BLFUj7_uy_0,7411
BMhG11CXgww$_$0,BMhG11CXgww,7412
BMhG11CXgww$_$3,BMhG11CXgww,7413
BMhG11CXgww$_$2,BMhG11CXgww,7414
BMhG11CXgww$_$5,BMhG11CXgww,7415
BMhG11CXgww$_$4,BMhG11CXgww,7416
BNaRO9g8ugQ$_$1,BNaRO9g8ugQ,7417
BRdw-_dbJXc$_$10,BRdw-_dbJXc,7418
BRdw-_dbJXc$_$13,BRdw-_dbJXc,7419
BRdw-_dbJXc$_$12,BRdw-_dbJXc,7420
BRdw-_dbJXc$_$16,BRdw-_dbJXc,7421
BRdw-_dbJXc$_$19,BRdw-_dbJXc,7422
BRdw-_dbJXc$_$1,BRdw-_dbJXc,7423
BRdw-_dbJXc$_$6,BRdw-_dbJXc,7424
BRdw-_dbJXc$_$9,BRdw-_dbJXc,7425
BRdw-_dbJXc$_$8,BRdw-_dbJXc,7426
BRzjQHYWbSs$_$11,BRzjQHYWbSs,7427
BRzjQHYWbSs$_$10,BRzjQHYWbSs,7428
BRzjQHYWbSs$_$12,BRzjQHYWbSs,7429
BRzjQHYWbSs$_$15,BRzjQHYWbSs,7430
BRzjQHYWbSs$_$17,BRzjQHYWbSs,7431
BRzjQHYWbSs$_$16,BRzjQHYWbSs,7432
BRzjQHYWbSs$_$19,BRzjQHYWbSs,7433
BRzjQHYWbSs$_$18,BRzjQHYWbSs,7434
BRzjQHYWbSs$_$1,BRzjQHYWbSs,7435
BRzjQHYWbSs$_$3,BRzjQHYWbSs,7436
BRzjQHYWbSs$_$2,BRzjQHYWbSs,7437
BRzjQHYWbSs$_$5,BRzjQHYWbSs,7438
BRzjQHYWbSs$_$8,BRzjQHYWbSs,7439
BRzjQHYWbSs$_$6,BRzjQHYWbSs,7440
BRzjQHYWbSs$_$20,BRzjQHYWbSs,7441
BZOB3r5AoKE$_$8,BZOB3r5AoKE,7445
BZOB3r5AoKE$_$1,BZOB3r5AoKE,7446
BZOB3r5AoKE$_$4,BZOB3r5AoKE,7447
BZOB3r5AoKE$_$0,BZOB3r5AoKE,7448
BaX10vbFhuU$_$1,BaX10vbFhuU,7449
BaX10vbFhuU$_$8,BaX10vbFhuU,7450
BaX10vbFhuU$_$10,BaX10vbFhuU,7451
BdqoZ5qpz0E$_$11,BdqoZ5qpz0E,7452
BdqoZ5qpz0E$_$10,BdqoZ5qpz0E,7453
BdqoZ5qpz0E$_$13,BdqoZ5qpz0E,7454
BdqoZ5qpz0E$_$20,BdqoZ5qpz0E,7455
BdqoZ5qpz0E$_$21,BdqoZ5qpz0E,7456
BdqoZ5qpz0E$_$16,BdqoZ5qpz0E,7457
BdqoZ5qpz0E$_$0,BdqoZ5qpz0E,7458
BdqoZ5qpz0E$_$3,BdqoZ5qpz0E,7459
BdqoZ5qpz0E$_$2,BdqoZ5qpz0E,7460
BdqoZ5qpz0E$_$5,BdqoZ5qpz0E,7461
BdqoZ5qpz0E$_$4,BdqoZ5qpz0E,7462
BdqoZ5qpz0E$_$7,BdqoZ5qpz0E,7463
BdqoZ5qpz0E$_$6,BdqoZ5qpz0E,7464
BdqoZ5qpz0E$_$9,BdqoZ5qpz0E,7465
BdqoZ5qpz0E$_$15,BdqoZ5qpz0E,7466
BdqoZ5qpz0E$_$8,BdqoZ5qpz0E,7467
BnWvk0YRgE4$_$0,BnWvk0YRgE4,7489
BseI8-TYWm8$_$1,BseI8-TYWm8,7497
BseI8-TYWm8$_$0,BseI8-TYWm8,7498
BseI8-TYWm8$_$2,BseI8-TYWm8,7499
BseI8-TYWm8$_$4,BseI8-TYWm8,7500
C2xNDBU2Z0s$_$1,C2xNDBU2Z0s,7518
C2xNDBU2Z0s$_$0,C2xNDBU2Z0s,7519
C2xNDBU2Z0s$_$2,C2xNDBU2Z0s,7520
C3lDRFu1ZcI$_$1,C3lDRFu1ZcI,7521
C3lDRFu1ZcI$_$0,C3lDRFu1ZcI,7522
C3lDRFu1ZcI$_$3,C3lDRFu1ZcI,7523
C3lDRFu1ZcI$_$2,C3lDRFu1ZcI,7524
C3lDRFu1ZcI$_$5,C3lDRFu1ZcI,7525
C3lDRFu1ZcI$_$4,C3lDRFu1ZcI,7526
C3lDRFu1ZcI$_$6,C3lDRFu1ZcI,7527
C74-of1rjg4$_$1,C74-of1rjg4,7528
C74-of1rjg4$_$0,C74-of1rjg4,7529
CE9yV4SearE$_$11,CE9yV4SearE,7536
CE9yV4SearE$_$0,CE9yV4SearE,7537
CE9yV4SearE$_$3,CE9yV4SearE,7538
CE9yV4SearE$_$2,CE9yV4SearE,7539
CE9yV4SearE$_$4,CE9yV4SearE,7540
CE9yV4SearE$_$7,CE9yV4SearE,7541
CE9yV4SearE$_$6,CE9yV4SearE,7542
CE9yV4SearE$_$8,CE9yV4SearE,7543
CIqRibqChDQ$_$0,CIqRibqChDQ,7552
CIqRibqChDQ$_$8,CIqRibqChDQ,7553
CIqRibqChDQ$_$4,CIqRibqChDQ,7554
CIqRibqChDQ$_$14,CIqRibqChDQ,7555
CK31s0kfp-k$_$10,CK31s0kfp-k,7556
CK31s0kfp-k$_$12,CK31s0kfp-k,7557
CK31s0kfp-k$_$15,CK31s0kfp-k,7558
CK31s0kfp-k$_$16,CK31s0kfp-k,7559
CK31s0kfp-k$_$2,CK31s0kfp-k,7560
CK31s0kfp-k$_$6,CK31s0kfp-k,7561
CQnwOZRgQXs$_$1,CQnwOZRgQXs,7574
CQnwOZRgQXs$_$5,CQnwOZRgQXs,7575
CT7QOWbhfv4$_$3,CT7QOWbhfv4,7576
CVx494kExvc$_$11,CVx494kExvc,7577
CVx494kExvc$_$12,CVx494kExvc,7578
CVx494kExvc$_$20,CVx494kExvc,7579
CVx494kExvc$_$14,CVx494kExvc,7580
CVx494kExvc$_$19,CVx494kExvc,7581
CVx494kExvc$_$18,CVx494kExvc,7582
CVx494kExvc$_$0,CVx494kExvc,7583
CVx494kExvc$_$2,CVx494kExvc,7584
CVx494kExvc$_$4,CVx494kExvc,7585
CVx494kExvc$_$6,CVx494kExvc,7586
CVx494kExvc$_$9,CVx494kExvc,7587
CVx494kExvc$_$15,CVx494kExvc,7588
CVx494kExvc$_$8,CVx494kExvc,7589
CXojk-oSaEw$_$0,CXojk-oSaEw,7590
CXojk-oSaEw$_$3,CXojk-oSaEw,7591
CXojk-oSaEw$_$2,CXojk-oSaEw,7592
CXojk-oSaEw$_$5,CXojk-oSaEw,7593
CbQxC1iPyS8$_$10,CbQxC1iPyS8,7623
CbQxC1iPyS8$_$1,CbQxC1iPyS8,7624
CbQxC1iPyS8$_$0,CbQxC1iPyS8,7625
CbQxC1iPyS8$_$3,CbQxC1iPyS8,7626
CbQxC1iPyS8$_$7,CbQxC1iPyS8,7627
CbQxC1iPyS8$_$9,CbQxC1iPyS8,7628
Cd0JH1AreDw$_$1,Cd0JH1AreDw,7629
Cd0JH1AreDw$_$0,Cd0JH1AreDw,7630
Cd0JH1AreDw$_$3,Cd0JH1AreDw,7631
Cd0JH1AreDw$_$2,Cd0JH1AreDw,7632
Cd0JH1AreDw$_$5,Cd0JH1AreDw,7633
Cd0JH1AreDw$_$4,Cd0JH1AreDw,7634
CdB8QBhFccs$_$1,CdB8QBhFccs,7635
CdB8QBhFccs$_$0,CdB8QBhFccs,7636
CdB8QBhFccs$_$3,CdB8QBhFccs,7637
CdB8QBhFccs$_$2,CdB8QBhFccs,7638
CdB8QBhFccs$_$4,CdB8QBhFccs,7639
CdB8QBhFccs$_$7,CdB8QBhFccs,7640
CdB8QBhFccs$_$6,CdB8QBhFccs,7641
CdB8QBhFccs$_$8,CdB8QBhFccs,7642
CfWxp5bRt2A$_$1,CfWxp5bRt2A,7653
CfWxp5bRt2A$_$0,CfWxp5bRt2A,7654
CfWxp5bRt2A$_$3,CfWxp5bRt2A,7655
CfWxp5bRt2A$_$5,CfWxp5bRt2A,7656
CfWxp5bRt2A$_$4,CfWxp5bRt2A,7657
CqFt3_uka14$_$9,CqFt3_uka14,7666
CqFt3_uka14$_$16,CqFt3_uka14,7667
CqFt3_uka14$_$14,CqFt3_uka14,7668
CqFt3_uka14$_$17,CqFt3_uka14,7669
CqFt3_uka14$_$6,CqFt3_uka14,7670
Ctc23Icfzvg$_$1,Ctc23Icfzvg,7671
Ctc23Icfzvg$_$0,Ctc23Icfzvg,7672
Ctc23Icfzvg$_$3,Ctc23Icfzvg,7673
Ctc23Icfzvg$_$2,Ctc23Icfzvg,7674
Ctc23Icfzvg$_$5,Ctc23Icfzvg,7675
Ctc23Icfzvg$_$4,Ctc23Icfzvg,7676
D-DqVICJXBU$_$0,D-DqVICJXBU,7697
D02PT0bl88A$_$9,D02PT0bl88A,7698
D02PT0bl88A$_$1,D02PT0bl88A,7699
D02PT0bl88A$_$4,D02PT0bl88A,7700
D02PT0bl88A$_$7,D02PT0bl88A,7701
D02PT0bl88A$_$8,D02PT0bl88A,7702
DXQGngge7vU$_$1,DXQGngge7vU,7733
DXQGngge7vU$_$0,DXQGngge7vU,7734
DXQGngge7vU$_$3,DXQGngge7vU,7735
DXQGngge7vU$_$4,DXQGngge7vU,7736
DXQGngge7vU$_$6,DXQGngge7vU,7737
DXQGngge7vU$_$8,DXQGngge7vU,7738
DaXkixKFEvE$_$3,DaXkixKFEvE,7752
DaXkixKFEvE$_$5,DaXkixKFEvE,7753
DaXkixKFEvE$_$4,DaXkixKFEvE,7754
DfTMoqwMHVE$_$1,DfTMoqwMHVE,7772
DfTMoqwMHVE$_$0,DfTMoqwMHVE,7773
DfTMoqwMHVE$_$3,DfTMoqwMHVE,7774
DfTMoqwMHVE$_$2,DfTMoqwMHVE,7775
DfTMoqwMHVE$_$5,DfTMoqwMHVE,7776
DfTMoqwMHVE$_$4,DfTMoqwMHVE,7777
DfTMoqwMHVE$_$7,DfTMoqwMHVE,7778
DgO5O-oDeX8$_$1,DgO5O-oDeX8,7779
DgO5O-oDeX8$_$9,DgO5O-oDeX8,7780
DgO5O-oDeX8$_$6,DgO5O-oDeX8,7781
DtwbwyfajnI$_$0,DtwbwyfajnI,7800
DtwbwyfajnI$_$3,DtwbwyfajnI,7801
DtwbwyfajnI$_$2,DtwbwyfajnI,7802
DtwbwyfajnI$_$4,DtwbwyfajnI,7803
E7ZLz3tSwNM$_$1,E7ZLz3tSwNM,7842
E7ZLz3tSwNM$_$15,E7ZLz3tSwNM,7843
E7ZLz3tSwNM$_$4,E7ZLz3tSwNM,7844
E7ZLz3tSwNM$_$7,E7ZLz3tSwNM,7845
EGA6iulTr00$_$10,EGA6iulTr00,7856
EGA6iulTr00$_$2,EGA6iulTr00,7857
EGA6iulTr00$_$5,EGA6iulTr00,7858
EGA6iulTr00$_$4,EGA6iulTr00,7859
EHbZ2EeVags$_$1,EHbZ2EeVags,7860
EJT25p7JahU$_$0,EJT25p7JahU,7861
EJT25p7JahU$_$3,EJT25p7JahU,7862
EJT25p7JahU$_$5,EJT25p7JahU,7863
EJT25p7JahU$_$7,EJT25p7JahU,7864
EJT25p7JahU$_$6,EJT25p7JahU,7865
EO_SN04Xef0$_$1,EO_SN04Xef0,7869
EO_SN04Xef0$_$0,EO_SN04Xef0,7870
EO_SN04Xef0$_$3,EO_SN04Xef0,7871
EO_SN04Xef0$_$2,EO_SN04Xef0,7872
EO_SN04Xef0$_$4,EO_SN04Xef0,7873
EOkdFMw0pmk$_$11,EOkdFMw0pmk,7874
EOkdFMw0pmk$_$10,EOkdFMw0pmk,7875
EOkdFMw0pmk$_$1,EOkdFMw0pmk,7876
EOkdFMw0pmk$_$0,EOkdFMw0pmk,7877
EOkdFMw0pmk$_$3,EOkdFMw0pmk,7878
EOkdFMw0pmk$_$4,EOkdFMw0pmk,7879
EOkdFMw0pmk$_$7,EOkdFMw0pmk,7880
EOkdFMw0pmk$_$6,EOkdFMw0pmk,7881
EOkdFMw0pmk$_$9,EOkdFMw0pmk,7882
EOkdFMw0pmk$_$8,EOkdFMw0pmk,7883
ERnYvxojeu0$_$13,ERnYvxojeu0,7884
ERnYvxojeu0$_$17,ERnYvxojeu0,7885
ERnYvxojeu0$_$1,ERnYvxojeu0,7886
ERnYvxojeu0$_$3,ERnYvxojeu0,7887
ERnYvxojeu0$_$2,ERnYvxojeu0,7888
ERnYvxojeu0$_$4,ERnYvxojeu0,7889
EULEL3QhKD0$_$3,EULEL3QhKD0,7890
EULEL3QhKD0$_$5,EULEL3QhKD0,7891
EULEL3QhKD0$_$4,EULEL3QhKD0,7892
EULEL3QhKD0$_$6,EULEL3QhKD0,7893
E_oqbJatW3E$_$2,E_oqbJatW3E,7901
E_oqbJatW3E$_$4,E_oqbJatW3E,7902
Ea_Huc2-lwo$_$1,Ea_Huc2-lwo,7903
Ea_Huc2-lwo$_$0,Ea_Huc2-lwo,7904
Ea_Huc2-lwo$_$2,Ea_Huc2-lwo,7905
EiG3r8hAVeY$_$10,EiG3r8hAVeY,7910
EiG3r8hAVeY$_$17,EiG3r8hAVeY,7911
EiG3r8hAVeY$_$18,EiG3r8hAVeY,7912
EiG3r8hAVeY$_$28,EiG3r8hAVeY,7913
EiG3r8hAVeY$_$0,EiG3r8hAVeY,7914
EiG3r8hAVeY$_$3,EiG3r8hAVeY,7915
EiG3r8hAVeY$_$5,EiG3r8hAVeY,7916
EiG3r8hAVeY$_$6,EiG3r8hAVeY,7917
Emi9cw9xa00$_$10,Emi9cw9xa00,7918
Emi9cw9xa00$_$13,Emi9cw9xa00,7919
Emi9cw9xa00$_$15,Emi9cw9xa00,7920
Emi9cw9xa00$_$14,Emi9cw9xa00,7921
Emi9cw9xa00$_$16,Emi9cw9xa00,7922
Emi9cw9xa00$_$0,Emi9cw9xa00,7923
Emi9cw9xa00$_$3,Emi9cw9xa00,7924
Emi9cw9xa00$_$5,Emi9cw9xa00,7925
Emi9cw9xa00$_$4,Emi9cw9xa00,7926
Emi9cw9xa00$_$9,Emi9cw9xa00,7927
Emi9cw9xa00$_$8,Emi9cw9xa00,7928
Emjv2cDzW1E$_$0,Emjv2cDzW1E,7929
Emjv2cDzW1E$_$3,Emjv2cDzW1E,7930
Emjv2cDzW1E$_$6,Emjv2cDzW1E,7931
EpadyoYlAjQ$_$1,EpadyoYlAjQ,7943
EpadyoYlAjQ$_$0,EpadyoYlAjQ,7944
EpadyoYlAjQ$_$3,EpadyoYlAjQ,7945
EpadyoYlAjQ$_$2,EpadyoYlAjQ,7946
EpadyoYlAjQ$_$5,EpadyoYlAjQ,7947
EpadyoYlAjQ$_$4,EpadyoYlAjQ,7948
EpadyoYlAjQ$_$6,EpadyoYlAjQ,7949
ExDLNkDVsxY$_$1,ExDLNkDVsxY,7950
ExDLNkDVsxY$_$0,ExDLNkDVsxY,7951
ExDLNkDVsxY$_$3,ExDLNkDVsxY,7952
ExDLNkDVsxY$_$2,ExDLNkDVsxY,7953
ExDLNkDVsxY$_$5,ExDLNkDVsxY,7954
ExDLNkDVsxY$_$4,ExDLNkDVsxY,7955
ExDLNkDVsxY$_$7,ExDLNkDVsxY,7956
ExDLNkDVsxY$_$6,ExDLNkDVsxY,7957
ExDLNkDVsxY$_$8,ExDLNkDVsxY,7958
F4OhXQTMOEc$_$1,F4OhXQTMOEc,7963
F4OhXQTMOEc$_$0,F4OhXQTMOEc,7964
F4OhXQTMOEc$_$3,F4OhXQTMOEc,7965
F4OhXQTMOEc$_$2,F4OhXQTMOEc,7966
F4OhXQTMOEc$_$5,F4OhXQTMOEc,7967
F4OhXQTMOEc$_$4,F4OhXQTMOEc,7968
F4OhXQTMOEc$_$6,F4OhXQTMOEc,7969
F5SGdvSRJmo$_$11,F5SGdvSRJmo,8016
F5SGdvSRJmo$_$10,F5SGdvSRJmo,8017
F5SGdvSRJmo$_$1,F5SGdvSRJmo,8018
F5SGdvSRJmo$_$0,F5SGdvSRJmo,8019
F5SGdvSRJmo$_$3,F5SGdvSRJmo,8020
F5SGdvSRJmo$_$2,F5SGdvSRJmo,8021
F5SGdvSRJmo$_$5,F5SGdvSRJmo,8022
F5SGdvSRJmo$_$4,F5SGdvSRJmo,8023
F5SGdvSRJmo$_$7,F5SGdvSRJmo,8024
F5SGdvSRJmo$_$6,F5SGdvSRJmo,8025
F5SGdvSRJmo$_$9,F5SGdvSRJmo,8026
FGnHDWGYsA8$_$1,FGnHDWGYsA8,8048
FGnHDWGYsA8$_$3,FGnHDWGYsA8,8049
FHlzZ2VxuGQ$_$10,FHlzZ2VxuGQ,8050
FHlzZ2VxuGQ$_$13,FHlzZ2VxuGQ,8051
FHlzZ2VxuGQ$_$1,FHlzZ2VxuGQ,8052
FHlzZ2VxuGQ$_$0,FHlzZ2VxuGQ,8053
FHlzZ2VxuGQ$_$5,FHlzZ2VxuGQ,8054
FHlzZ2VxuGQ$_$4,FHlzZ2VxuGQ,8055
FHlzZ2VxuGQ$_$7,FHlzZ2VxuGQ,8056
FHlzZ2VxuGQ$_$9,FHlzZ2VxuGQ,8057
FLyWn2DCci4$_$1,FLyWn2DCci4,8060
FLyWn2DCci4$_$3,FLyWn2DCci4,8061
FLyWn2DCci4$_$2,FLyWn2DCci4,8062
FMW6diQ9rMo$_$1,FMW6diQ9rMo,8063
FMW6diQ9rMo$_$0,FMW6diQ9rMo,8064
FMW6diQ9rMo$_$3,FMW6diQ9rMo,8065
FMW6diQ9rMo$_$2,FMW6diQ9rMo,8066
FMW6diQ9rMo$_$4,FMW6diQ9rMo,8067
FMW6diQ9rMo$_$7,FMW6diQ9rMo,8068
FMW6diQ9rMo$_$6,FMW6diQ9rMo,8069
FMW6diQ9rMo$_$8,FMW6diQ9rMo,8070
FOMXt3lStco$_$1,FOMXt3lStco,8076
FOMXt3lStco$_$0,FOMXt3lStco,8077
FOMXt3lStco$_$4,FOMXt3lStco,8078
FP3o75bpi8k$_$0,FP3o75bpi8k,8079
FP3o75bpi8k$_$3,FP3o75bpi8k,8080
FP3o75bpi8k$_$2,FP3o75bpi8k,8081
FX-YgVKC1AI$_$8,FX-YgVKC1AI,8101
FX-YgVKC1AI$_$5,FX-YgVKC1AI,8102
FX-YgVKC1AI$_$7,FX-YgVKC1AI,8103
FdTczBnXtYU$_$3,FdTczBnXtYU,8111
FdTczBnXtYU$_$2,FdTczBnXtYU,8112
FdTczBnXtYU$_$5,FdTczBnXtYU,8113
FdTczBnXtYU$_$9,FdTczBnXtYU,8114
Fmwc7wkIc4Q$_$11,Fmwc7wkIc4Q,8138
Fmwc7wkIc4Q$_$10,Fmwc7wkIc4Q,8139
Fmwc7wkIc4Q$_$13,Fmwc7wkIc4Q,8140
Fmwc7wkIc4Q$_$12,Fmwc7wkIc4Q,8141
Fmwc7wkIc4Q$_$14,Fmwc7wkIc4Q,8142
Fmwc7wkIc4Q$_$1,Fmwc7wkIc4Q,8143
Fmwc7wkIc4Q$_$0,Fmwc7wkIc4Q,8144
Fmwc7wkIc4Q$_$3,Fmwc7wkIc4Q,8145
Fmwc7wkIc4Q$_$2,Fmwc7wkIc4Q,8146
Fmwc7wkIc4Q$_$5,Fmwc7wkIc4Q,8147
Fmwc7wkIc4Q$_$4,Fmwc7wkIc4Q,8148
Fmwc7wkIc4Q$_$7,Fmwc7wkIc4Q,8149
Fmwc7wkIc4Q$_$6,Fmwc7wkIc4Q,8150
Fmwc7wkIc4Q$_$9,Fmwc7wkIc4Q,8151
Fmwc7wkIc4Q$_$8,Fmwc7wkIc4Q,8152
FsmNLTdE2p0$_$0,FsmNLTdE2p0,8157
FsmNLTdE2p0$_$8,FsmNLTdE2p0,8158
FylhSeozvG8$_$10,FylhSeozvG8,8164
FylhSeozvG8$_$13,FylhSeozvG8,8165
FylhSeozvG8$_$12,FylhSeozvG8,8166
FylhSeozvG8$_$14,FylhSeozvG8,8167
FylhSeozvG8$_$1,FylhSeozvG8,8168
FylhSeozvG8$_$0,FylhSeozvG8,8169
FylhSeozvG8$_$3,FylhSeozvG8,8170
FylhSeozvG8$_$2,FylhSeozvG8,8171
FylhSeozvG8$_$5,FylhSeozvG8,8172
FylhSeozvG8$_$4,FylhSeozvG8,8173
FylhSeozvG8$_$7,FylhSeozvG8,8174
FylhSeozvG8$_$6,FylhSeozvG8,8175
FylhSeozvG8$_$8,FylhSeozvG8,8176
G1Z_JUTgZqo$_$0,G1Z_JUTgZqo,8177
G1Z_JUTgZqo$_$3,G1Z_JUTgZqo,8178
G1Z_JUTgZqo$_$2,G1Z_JUTgZqo,8179
G3RPgs_7l3U$_$3,G3RPgs_7l3U,8200
G3RPgs_7l3U$_$2,G3RPgs_7l3U,8201
G3RPgs_7l3U$_$4,G3RPgs_7l3U,8202
G4HMKRdIva0$_$11,G4HMKRdIva0,8203
G4HMKRdIva0$_$10,G4HMKRdIva0,8204
G4HMKRdIva0$_$13,G4HMKRdIva0,8205
G4HMKRdIva0$_$12,G4HMKRdIva0,8206
G4HMKRdIva0$_$20,G4HMKRdIva0,8207
G4HMKRdIva0$_$14,G4HMKRdIva0,8208
G4HMKRdIva0$_$17,G4HMKRdIva0,8209
G4HMKRdIva0$_$16,G4HMKRdIva0,8210
G4HMKRdIva0$_$18,G4HMKRdIva0,8211
G4HMKRdIva0$_$1,G4HMKRdIva0,8212
G4HMKRdIva0$_$0,G4HMKRdIva0,8213
G4HMKRdIva0$_$3,G4HMKRdIva0,8214
G4HMKRdIva0$_$4,G4HMKRdIva0,8215
G4HMKRdIva0$_$6,G4HMKRdIva0,8216
G4HMKRdIva0$_$9,G4HMKRdIva0,8217
G4HMKRdIva0$_$15,G4HMKRdIva0,8218
G4HMKRdIva0$_$8,G4HMKRdIva0,8219
G8p4QMjLUXI$_$1,G8p4QMjLUXI,8226
G8p4QMjLUXI$_$3,G8p4QMjLUXI,8227
G8p4QMjLUXI$_$2,G8p4QMjLUXI,8228
G8p4QMjLUXI$_$5,G8p4QMjLUXI,8229
G8p4QMjLUXI$_$4,G8p4QMjLUXI,8230
G8p4QMjLUXI$_$7,G8p4QMjLUXI,8231
G8p4QMjLUXI$_$6,G8p4QMjLUXI,8232
G8p4QMjLUXI$_$9,G8p4QMjLUXI,8233
G8p4QMjLUXI$_$8,G8p4QMjLUXI,8234
GMnoxaqqReQ$_$1,GMnoxaqqReQ,8264
GMnoxaqqReQ$_$11,GMnoxaqqReQ,8265
GUffC7vu9zA$_$11,GUffC7vu9zA,8305
GUffC7vu9zA$_$26,GUffC7vu9zA,8306
GUffC7vu9zA$_$44,GUffC7vu9zA,8307
GUffC7vu9zA$_$37,GUffC7vu9zA,8308
GUffC7vu9zA$_$43,GUffC7vu9zA,8309
GUffC7vu9zA$_$41,GUffC7vu9zA,8310
GUffC7vu9zA$_$1,GUffC7vu9zA,8311
G_M3lYn6hAA$_$0,G_M3lYn6hAA,8312
G_M3lYn6hAA$_$5,G_M3lYn6hAA,8313
G_M3lYn6hAA$_$4,G_M3lYn6hAA,8314
GcfETVXgtg0$_$9,GcfETVXgtg0,8316
GcfETVXgtg0$_$3,GcfETVXgtg0,8317
GcfETVXgtg0$_$4,GcfETVXgtg0,8318
GcfETVXgtg0$_$6,GcfETVXgtg0,8319
Gg9ZcRlwnbc$_$11,Gg9ZcRlwnbc,8326
Gg9ZcRlwnbc$_$10,Gg9ZcRlwnbc,8327
Gg9ZcRlwnbc$_$20,Gg9ZcRlwnbc,8328
Gg9ZcRlwnbc$_$14,Gg9ZcRlwnbc,8329
Gg9ZcRlwnbc$_$17,Gg9ZcRlwnbc,8330
Gg9ZcRlwnbc$_$16,Gg9ZcRlwnbc,8331
Gg9ZcRlwnbc$_$19,Gg9ZcRlwnbc,8332
Gg9ZcRlwnbc$_$15,Gg9ZcRlwnbc,8333
Gg9ZcRlwnbc$_$2,Gg9ZcRlwnbc,8334
Gg9ZcRlwnbc$_$5,Gg9ZcRlwnbc,8335
Gg9ZcRlwnbc$_$6,Gg9ZcRlwnbc,8336
Gg9ZcRlwnbc$_$8,Gg9ZcRlwnbc,8337
GjCUDqWSI6c$_$0,GjCUDqWSI6c,8338
GjCUDqWSI6c$_$4,GjCUDqWSI6c,8339
GkoBk5K-FH0$_$11,GkoBk5K-FH0,8340
GkoBk5K-FH0$_$24,GkoBk5K-FH0,8341
GkoBk5K-FH0$_$13,GkoBk5K-FH0,8342
GkoBk5K-FH0$_$38,GkoBk5K-FH0,8343
GkoBk5K-FH0$_$21,GkoBk5K-FH0,8344
GkoBk5K-FH0$_$22,GkoBk5K-FH0,8345
GkoBk5K-FH0$_$33,GkoBk5K-FH0,8346
GkoBk5K-FH0$_$37,GkoBk5K-FH0,8347
GkoBk5K-FH0$_$34,GkoBk5K-FH0,8348
GkoBk5K-FH0$_$3,GkoBk5K-FH0,8349
GkoBk5K-FH0$_$2,GkoBk5K-FH0,8350
GkoBk5K-FH0$_$4,GkoBk5K-FH0,8351
GkoBk5K-FH0$_$7,GkoBk5K-FH0,8352
GkoBk5K-FH0$_$6,GkoBk5K-FH0,8353
GkoBk5K-FH0$_$14,GkoBk5K-FH0,8354
GpRDC-S88dM$_$24,GpRDC-S88dM,8376
GpRDC-S88dM$_$25,GpRDC-S88dM,8377
GpRDC-S88dM$_$26,GpRDC-S88dM,8378
GpRDC-S88dM$_$27,GpRDC-S88dM,8379
GpRDC-S88dM$_$20,GpRDC-S88dM,8380
GpRDC-S88dM$_$21,GpRDC-S88dM,8381
GpRDC-S88dM$_$22,GpRDC-S88dM,8382
GpRDC-S88dM$_$23,GpRDC-S88dM,8383
GpRDC-S88dM$_$1,GpRDC-S88dM,8384
GpRDC-S88dM$_$0,GpRDC-S88dM,8385
GpRDC-S88dM$_$3,GpRDC-S88dM,8386
GpRDC-S88dM$_$2,GpRDC-S88dM,8387
GpRDC-S88dM$_$5,GpRDC-S88dM,8388
GpRDC-S88dM$_$4,GpRDC-S88dM,8389
GpRDC-S88dM$_$7,GpRDC-S88dM,8390
GpRDC-S88dM$_$6,GpRDC-S88dM,8391
GpRDC-S88dM$_$9,GpRDC-S88dM,8392
GpRDC-S88dM$_$8,GpRDC-S88dM,8393
GpRDC-S88dM$_$11,GpRDC-S88dM,8394
GpRDC-S88dM$_$10,GpRDC-S88dM,8395
GpRDC-S88dM$_$13,GpRDC-S88dM,8396
GpRDC-S88dM$_$12,GpRDC-S88dM,8397
GpRDC-S88dM$_$15,GpRDC-S88dM,8398
GpRDC-S88dM$_$14,GpRDC-S88dM,8399
GpRDC-S88dM$_$17,GpRDC-S88dM,8400
GpRDC-S88dM$_$16,GpRDC-S88dM,8401
GpRDC-S88dM$_$19,GpRDC-S88dM,8402
GpRDC-S88dM$_$18,GpRDC-S88dM,8403
GtRxTvuF6J0$_$0,GtRxTvuF6J0,8404
GtRxTvuF6J0$_$3,GtRxTvuF6J0,8405
GtRxTvuF6J0$_$2,GtRxTvuF6J0,8406
GtRxTvuF6J0$_$5,GtRxTvuF6J0,8407
GtRxTvuF6J0$_$4,GtRxTvuF6J0,8408
GtRxTvuF6J0$_$7,GtRxTvuF6J0,8409
Gv0kKbfwPpI$_$3,Gv0kKbfwPpI,8410
Gv0kKbfwPpI$_$2,Gv0kKbfwPpI,8411
Gv0kKbfwPpI$_$4,Gv0kKbfwPpI,8412
GxWLhv-Vt78$_$1,GxWLhv-Vt78,8414
GxWLhv-Vt78$_$5,GxWLhv-Vt78,8415
H26MMmrHTlQ$_$11,H26MMmrHTlQ,8423
H26MMmrHTlQ$_$10,H26MMmrHTlQ,8424
H26MMmrHTlQ$_$1,H26MMmrHTlQ,8425
H26MMmrHTlQ$_$0,H26MMmrHTlQ,8426
H26MMmrHTlQ$_$3,H26MMmrHTlQ,8427
H26MMmrHTlQ$_$5,H26MMmrHTlQ,8428
H26MMmrHTlQ$_$7,H26MMmrHTlQ,8429
H26MMmrHTlQ$_$6,H26MMmrHTlQ,8430
H26MMmrHTlQ$_$9,H26MMmrHTlQ,8431
H26MMmrHTlQ$_$8,H26MMmrHTlQ,8432
H4w9mU8B3Mc$_$1,H4w9mU8B3Mc,8441
H4w9mU8B3Mc$_$8,H4w9mU8B3Mc,8442
H4w9mU8B3Mc$_$5,H4w9mU8B3Mc,8443
H4w9mU8B3Mc$_$7,H4w9mU8B3Mc,8444
HIsJqphLCyw$_$1,HIsJqphLCyw,8464
HIsJqphLCyw$_$2,HIsJqphLCyw,8465
HIsJqphLCyw$_$4,HIsJqphLCyw,8466
HLFaW4oVP9E$_$10,HLFaW4oVP9E,8467
HLFaW4oVP9E$_$13,HLFaW4oVP9E,8468
HLFaW4oVP9E$_$0,HLFaW4oVP9E,8469
HLFaW4oVP9E$_$2,HLFaW4oVP9E,8470
HLFaW4oVP9E$_$4,HLFaW4oVP9E,8471
HLFaW4oVP9E$_$7,HLFaW4oVP9E,8472
HLFaW4oVP9E$_$8,HLFaW4oVP9E,8473
HOCsiS0pmf0$_$9,HOCsiS0pmf0,8474
HOCsiS0pmf0$_$8,HOCsiS0pmf0,8475
HOCsiS0pmf0$_$2,HOCsiS0pmf0,8476
HOCsiS0pmf0$_$4,HOCsiS0pmf0,8477
HOCsiS0pmf0$_$6,HOCsiS0pmf0,8478
HQ2LwfRcrVc$_$11,HQ2LwfRcrVc,8483
HQ2LwfRcrVc$_$10,HQ2LwfRcrVc,8484
HQ2LwfRcrVc$_$1,HQ2LwfRcrVc,8485
HQ2LwfRcrVc$_$5,HQ2LwfRcrVc,8486
HQ2LwfRcrVc$_$4,HQ2LwfRcrVc,8487
HQ2LwfRcrVc$_$7,HQ2LwfRcrVc,8488
HQ2LwfRcrVc$_$9,HQ2LwfRcrVc,8489
HQ2LwfRcrVc$_$8,HQ2LwfRcrVc,8490
HS-2vVP95u8$_$4,HS-2vVP95u8,8493
HS-2vVP95u8$_$6,HS-2vVP95u8,8494
HVksxaUzv9Y$_$9,HVksxaUzv9Y,8508
HVksxaUzv9Y$_$8,HVksxaUzv9Y,8509
HVksxaUzv9Y$_$5,HVksxaUzv9Y,8510
HVksxaUzv9Y$_$7,HVksxaUzv9Y,8511
HVksxaUzv9Y$_$6,HVksxaUzv9Y,8512
HfLVQZLvcH8$_$8,HfLVQZLvcH8,8522
HhpziYYP2Vg$_$11,HhpziYYP2Vg,8530
HhpziYYP2Vg$_$10,HhpziYYP2Vg,8531
HhpziYYP2Vg$_$13,HhpziYYP2Vg,8532
HhpziYYP2Vg$_$12,HhpziYYP2Vg,8533
HhpziYYP2Vg$_$17,HhpziYYP2Vg,8534
HhpziYYP2Vg$_$22,HhpziYYP2Vg,8535
HhpziYYP2Vg$_$16,HhpziYYP2Vg,8536
HhpziYYP2Vg$_$23,HhpziYYP2Vg,8537
HhpziYYP2Vg$_$1,HhpziYYP2Vg,8538
HhpziYYP2Vg$_$3,HhpziYYP2Vg,8539
HhpziYYP2Vg$_$2,HhpziYYP2Vg,8540
HhpziYYP2Vg$_$4,HhpziYYP2Vg,8541
HhpziYYP2Vg$_$7,HhpziYYP2Vg,8542
HhpziYYP2Vg$_$8,HhpziYYP2Vg,8543
HjLpXXFoAQw$_$1,HjLpXXFoAQw,8544
HjLpXXFoAQw$_$5,HjLpXXFoAQw,8545
Hkt_kncJGVM$_$1,Hkt_kncJGVM,8546
Hkt_kncJGVM$_$0,Hkt_kncJGVM,8547
Hkt_kncJGVM$_$2,Hkt_kncJGVM,8548
I8MM8y1XVjs$_$3,I8MM8y1XVjs,8585
I8MM8y1XVjs$_$2,I8MM8y1XVjs,8586
I8MM8y1XVjs$_$4,I8MM8y1XVjs,8587
I8MM8y1XVjs$_$7,I8MM8y1XVjs,8588
IB0lGIxP8YY$_$11,IB0lGIxP8YY,8598
IB0lGIxP8YY$_$10,IB0lGIxP8YY,8599
IB0lGIxP8YY$_$1,IB0lGIxP8YY,8600
IB0lGIxP8YY$_$0,IB0lGIxP8YY,8601
IB0lGIxP8YY$_$2,IB0lGIxP8YY,8602
IB0lGIxP8YY$_$5,IB0lGIxP8YY,8603
IB0lGIxP8YY$_$8,IB0lGIxP8YY,8604
IHv_yBn83P8$_$1,IHv_yBn83P8,8613
IHv_yBn83P8$_$2,IHv_yBn83P8,8614
IawsOlEKRf0$_$24,IawsOlEKRf0,8639
IawsOlEKRf0$_$11,IawsOlEKRf0,8640
IawsOlEKRf0$_$26,IawsOlEKRf0,8641
IawsOlEKRf0$_$27,IawsOlEKRf0,8642
IawsOlEKRf0$_$14,IawsOlEKRf0,8643
IawsOlEKRf0$_$25,IawsOlEKRf0,8644
IawsOlEKRf0$_$28,IawsOlEKRf0,8645
IawsOlEKRf0$_$3,IawsOlEKRf0,8646
IawsOlEKRf0$_$5,IawsOlEKRf0,8647
IgenXuE4qIM$_$0,IgenXuE4qIM,8648
IgenXuE4qIM$_$2,IgenXuE4qIM,8649
IiGzuoblKSM$_$0,IiGzuoblKSM,8650
It6xg0WcqJ0$_$0,It6xg0WcqJ0,8664
ItnyexqXR_U$_$1,ItnyexqXR_U,8665
ItnyexqXR_U$_$5,ItnyexqXR_U,8666
ItnyexqXR_U$_$4,ItnyexqXR_U,8667
Itqbc2TBXWY$_$26,Itqbc2TBXWY,8668
Itqbc2TBXWY$_$27,Itqbc2TBXWY,8669
Itqbc2TBXWY$_$20,Itqbc2TBXWY,8670
Itqbc2TBXWY$_$21,Itqbc2TBXWY,8671
Itqbc2TBXWY$_$22,Itqbc2TBXWY,8672
Itqbc2TBXWY$_$23,Itqbc2TBXWY,8673
Itqbc2TBXWY$_$28,Itqbc2TBXWY,8674
Itqbc2TBXWY$_$1,Itqbc2TBXWY,8675
Itqbc2TBXWY$_$0,Itqbc2TBXWY,8676
Itqbc2TBXWY$_$3,Itqbc2TBXWY,8677
Itqbc2TBXWY$_$2,Itqbc2TBXWY,8678
Itqbc2TBXWY$_$5,Itqbc2TBXWY,8679
Itqbc2TBXWY$_$4,Itqbc2TBXWY,8680
Itqbc2TBXWY$_$7,Itqbc2TBXWY,8681
Itqbc2TBXWY$_$6,Itqbc2TBXWY,8682
Itqbc2TBXWY$_$9,Itqbc2TBXWY,8683
Itqbc2TBXWY$_$8,Itqbc2TBXWY,8684
Itqbc2TBXWY$_$11,Itqbc2TBXWY,8685
Itqbc2TBXWY$_$10,Itqbc2TBXWY,8686
Itqbc2TBXWY$_$13,Itqbc2TBXWY,8687
Itqbc2TBXWY$_$12,Itqbc2TBXWY,8688
Itqbc2TBXWY$_$15,Itqbc2TBXWY,8689
Itqbc2TBXWY$_$14,Itqbc2TBXWY,8690
Itqbc2TBXWY$_$17,Itqbc2TBXWY,8691
Itqbc2TBXWY$_$16,Itqbc2TBXWY,8692
Itqbc2TBXWY$_$18,Itqbc2TBXWY,8693
IwQWibE8EOM$_$1,IwQWibE8EOM,8694
IwQWibE8EOM$_$0,IwQWibE8EOM,8695
IwQWibE8EOM$_$3,IwQWibE8EOM,8696
IwQWibE8EOM$_$2,IwQWibE8EOM,8697
IwQWibE8EOM$_$5,IwQWibE8EOM,8698
IwQWibE8EOM$_$4,IwQWibE8EOM,8699
IwQWibE8EOM$_$6,IwQWibE8EOM,8700
Iz_PDdyXr-8$_$1,Iz_PDdyXr-8,8701
Iz_PDdyXr-8$_$0,Iz_PDdyXr-8,8702
Iz_PDdyXr-8$_$3,Iz_PDdyXr-8,8703
Iz_PDdyXr-8$_$2,Iz_PDdyXr-8,8704
Iz_PDdyXr-8$_$6,Iz_PDdyXr-8,8705
J3-NEG8uoiE$_$11,J3-NEG8uoiE,8706
J3-NEG8uoiE$_$25,J3-NEG8uoiE,8707
J3-NEG8uoiE$_$26,J3-NEG8uoiE,8708
J3-NEG8uoiE$_$20,J3-NEG8uoiE,8709
J3-NEG8uoiE$_$21,J3-NEG8uoiE,8710
J3-NEG8uoiE$_$23,J3-NEG8uoiE,8711
J3-NEG8uoiE$_$30,J3-NEG8uoiE,8712
J3-NEG8uoiE$_$28,J3-NEG8uoiE,8713
J3-NEG8uoiE$_$29,J3-NEG8uoiE,8714
J3-NEG8uoiE$_$1,J3-NEG8uoiE,8715
J3-NEG8uoiE$_$3,J3-NEG8uoiE,8716
J3-NEG8uoiE$_$4,J3-NEG8uoiE,8717
J3-NEG8uoiE$_$8,J3-NEG8uoiE,8718
J3-NEG8uoiE$_$9,J3-NEG8uoiE,8719
J3-NEG8uoiE$_$15,J3-NEG8uoiE,8720
J3JU1zBQ4RM$_$1,J3JU1zBQ4RM,8721
J3JU1zBQ4RM$_$0,J3JU1zBQ4RM,8722
J3JU1zBQ4RM$_$3,J3JU1zBQ4RM,8723
J3JU1zBQ4RM$_$2,J3JU1zBQ4RM,8724
J3JU1zBQ4RM$_$5,J3JU1zBQ4RM,8725
J3JU1zBQ4RM$_$4,J3JU1zBQ4RM,8726
JCg26b8EO48$_$1,JCg26b8EO48,8742
JCg26b8EO48$_$0,JCg26b8EO48,8743
JCg26b8EO48$_$3,JCg26b8EO48,8744
JCg26b8EO48$_$2,JCg26b8EO48,8745
JCg26b8EO48$_$5,JCg26b8EO48,8746
JCg26b8EO48$_$4,JCg26b8EO48,8747
JCg26b8EO48$_$7,JCg26b8EO48,8748
JCg26b8EO48$_$6,JCg26b8EO48,8749
JCg26b8EO48$_$9,JCg26b8EO48,8750
JCg26b8EO48$_$8,JCg26b8EO48,8751
JDgqyOkzXHw$_$1,JDgqyOkzXHw,8752
JDgqyOkzXHw$_$0,JDgqyOkzXHw,8753
JDgqyOkzXHw$_$3,JDgqyOkzXHw,8754
JDgqyOkzXHw$_$2,JDgqyOkzXHw,8755
JDgqyOkzXHw$_$5,JDgqyOkzXHw,8756
JDgqyOkzXHw$_$4,JDgqyOkzXHw,8757
JDgqyOkzXHw$_$7,JDgqyOkzXHw,8758
JDgqyOkzXHw$_$6,JDgqyOkzXHw,8759
JDgqyOkzXHw$_$9,JDgqyOkzXHw,8760
JDgqyOkzXHw$_$8,JDgqyOkzXHw,8761
JHW3nD6flgU$_$1,JHW3nD6flgU,8788
JHW3nD6flgU$_$0,JHW3nD6flgU,8789
JHW3nD6flgU$_$3,JHW3nD6flgU,8790
JHW3nD6flgU$_$5,JHW3nD6flgU,8791
JHW3nD6flgU$_$4,JHW3nD6flgU,8792
JHW3nD6flgU$_$7,JHW3nD6flgU,8793
JHW3nD6flgU$_$9,JHW3nD6flgU,8794
JHW3nD6flgU$_$8,JHW3nD6flgU,8795
JMzilFvwNXE$_$0,JMzilFvwNXE,8813
JMzilFvwNXE$_$3,JMzilFvwNXE,8814
JMzilFvwNXE$_$4,JMzilFvwNXE,8815
JP95Fby6qLE$_$25,JP95Fby6qLE,8816
JP95Fby6qLE$_$20,JP95Fby6qLE,8817
JP95Fby6qLE$_$23,JP95Fby6qLE,8818
JP95Fby6qLE$_$18,JP95Fby6qLE,8819
JP95Fby6qLE$_$1,JP95Fby6qLE,8820
JP95Fby6qLE$_$3,JP95Fby6qLE,8821
JP95Fby6qLE$_$7,JP95Fby6qLE,8822
JP95Fby6qLE$_$6,JP95Fby6qLE,8823
JP95Fby6qLE$_$8,JP95Fby6qLE,8824
JWG_MUy7EWQ$_$1,JWG_MUy7EWQ,8836
JWG_MUy7EWQ$_$0,JWG_MUy7EWQ,8837
JWG_MUy7EWQ$_$2,JWG_MUy7EWQ,8838
JX-mwjSw0dk$_$8,JX-mwjSw0dk,8839
JX-mwjSw0dk$_$6,JX-mwjSw0dk,8840
JX-mwjSw0dk$_$4,JX-mwjSw0dk,8841
JX-mwjSw0dk$_$0,JX-mwjSw0dk,8842
JY-krIuEUm4$_$0,JY-krIuEUm4,8843
JYsAacFmXEo$_$11,JYsAacFmXEo,8847
JYsAacFmXEo$_$17,JYsAacFmXEo,8848
JYsAacFmXEo$_$16,JYsAacFmXEo,8849
JYsAacFmXEo$_$18,JYsAacFmXEo,8850
JYsAacFmXEo$_$5,JYsAacFmXEo,8851
JYsAacFmXEo$_$7,JYsAacFmXEo,8852
JYsAacFmXEo$_$8,JYsAacFmXEo,8853
J_DtcW86D9c$_$1,J_DtcW86D9c,8854
J_DtcW86D9c$_$18,J_DtcW86D9c,8855
J_DtcW86D9c$_$2,J_DtcW86D9c,8856
J_DtcW86D9c$_$9,J_DtcW86D9c,8857
J_DtcW86D9c$_$22,J_DtcW86D9c,8858
JdFaSggG58c$_$1,JdFaSggG58c,8870
JdFaSggG58c$_$3,JdFaSggG58c,8871
JdFaSggG58c$_$2,JdFaSggG58c,8872
JdFaSggG58c$_$5,JdFaSggG58c,8873
JdFaSggG58c$_$4,JdFaSggG58c,8874
JdFaSggG58c$_$7,JdFaSggG58c,8875
JdFaSggG58c$_$6,JdFaSggG58c,8876
JdFaSggG58c$_$9,JdFaSggG58c,8877
Jg2okZn6Ut8$_$2,Jg2okZn6Ut8,8878
JkHxzOWOLfs$_$2,JkHxzOWOLfs,8882
JwzxqrD8tIo$_$9,JwzxqrD8tIo,8897
JwzxqrD8tIo$_$8,JwzxqrD8tIo,8898
JwzxqrD8tIo$_$5,JwzxqrD8tIo,8899
JwzxqrD8tIo$_$4,JwzxqrD8tIo,8900
JwzxqrD8tIo$_$6,JwzxqrD8tIo,8901
Jz9nlw15QZo$_$1,Jz9nlw15QZo,8902
Jz9nlw15QZo$_$0,Jz9nlw15QZo,8903
K5cGfs3i-tk$_$11,K5cGfs3i-tk,8921
K5cGfs3i-tk$_$10,K5cGfs3i-tk,8922
K5cGfs3i-tk$_$13,K5cGfs3i-tk,8923
K5cGfs3i-tk$_$12,K5cGfs3i-tk,8924
K5cGfs3i-tk$_$16,K5cGfs3i-tk,8925
K5cGfs3i-tk$_$0,K5cGfs3i-tk,8926
K5cGfs3i-tk$_$3,K5cGfs3i-tk,8927
K5cGfs3i-tk$_$4,K5cGfs3i-tk,8928
K5cGfs3i-tk$_$6,K5cGfs3i-tk,8929
K5cGfs3i-tk$_$9,K5cGfs3i-tk,8930
K5cGfs3i-tk$_$8,K5cGfs3i-tk,8931
K9-KyChw8RM$_$11,K9-KyChw8RM,8949
K9-KyChw8RM$_$0,K9-KyChw8RM,8950
K9-KyChw8RM$_$3,K9-KyChw8RM,8951
K9-KyChw8RM$_$4,K9-KyChw8RM,8952
K9-KyChw8RM$_$6,K9-KyChw8RM,8953
K9-KyChw8RM$_$9,K9-KyChw8RM,8954
K9-KyChw8RM$_$8,K9-KyChw8RM,8955
K9U2TAF9DDY$_$8,K9U2TAF9DDY,8956
K9U2TAF9DDY$_$3,K9U2TAF9DDY,8957
K9U2TAF9DDY$_$4,K9U2TAF9DDY,8958
K9U2TAF9DDY$_$7,K9U2TAF9DDY,8959
K9U2TAF9DDY$_$6,K9U2TAF9DDY,8960
KEUVzxC7T3E$_$9,KEUVzxC7T3E,8971
KEUVzxC7T3E$_$8,KEUVzxC7T3E,8972
KEUVzxC7T3E$_$1,KEUVzxC7T3E,8973
KEUVzxC7T3E$_$4,KEUVzxC7T3E,8974
KF5wgQPp2yc$_$0,KF5wgQPp2yc,8975
KF5wgQPp2yc$_$2,KF5wgQPp2yc,8976
KI2sU-mhM44$_$11,KI2sU-mhM44,8977
KI2sU-mhM44$_$10,KI2sU-mhM44,8978
KI2sU-mhM44$_$12,KI2sU-mhM44,8979
KI2sU-mhM44$_$14,KI2sU-mhM44,8980
KI2sU-mhM44$_$16,KI2sU-mhM44,8981
KI2sU-mhM44$_$0,KI2sU-mhM44,8982
KI2sU-mhM44$_$3,KI2sU-mhM44,8983
KI2sU-mhM44$_$2,KI2sU-mhM44,8984
KI2sU-mhM44$_$6,KI2sU-mhM44,8985
KJyz9fCt7Is$_$1,KJyz9fCt7Is,8986
KJyz9fCt7Is$_$0,KJyz9fCt7Is,8987
KJyz9fCt7Is$_$3,KJyz9fCt7Is,8988
KJyz9fCt7Is$_$5,KJyz9fCt7Is,8989
KPeos6f4HuQ$_$1,KPeos6f4HuQ,8999
KPeos6f4HuQ$_$0,KPeos6f4HuQ,9000
KPeos6f4HuQ$_$3,KPeos6f4HuQ,9001
KPeos6f4HuQ$_$5,KPeos6f4HuQ,9002
KPeos6f4HuQ$_$4,KPeos6f4HuQ,9003
KPeos6f4HuQ$_$7,KPeos6f4HuQ,9004
KPeos6f4HuQ$_$6,KPeos6f4HuQ,9005
KQ86HmgwUns$_$9,KQ86HmgwUns,9006
KQ86HmgwUns$_$8,KQ86HmgwUns,9007
KQ86HmgwUns$_$3,KQ86HmgwUns,9008
KQ86HmgwUns$_$5,KQ86HmgwUns,9009
KQ86HmgwUns$_$11,KQ86HmgwUns,9010
KSyX-lejDcc$_$11,KSyX-lejDcc,9013
KSyX-lejDcc$_$2,KSyX-lejDcc,9014
KSyX-lejDcc$_$5,KSyX-lejDcc,9015
KSyX-lejDcc$_$4,KSyX-lejDcc,9016
KSyX-lejDcc$_$7,KSyX-lejDcc,9017
KSyX-lejDcc$_$6,KSyX-lejDcc,9018
KSyX-lejDcc$_$8,KSyX-lejDcc,9019
KUVGWCTT5DU$_$11,KUVGWCTT5DU,9020
KUVGWCTT5DU$_$8,KUVGWCTT5DU,9021
KUVGWCTT5DU$_$13,KUVGWCTT5DU,9022
K_K3wpxkRc8$_$1,K_K3wpxkRc8,9031
K_K3wpxkRc8$_$0,K_K3wpxkRc8,9032
K_K3wpxkRc8$_$3,K_K3wpxkRc8,9033
K_K3wpxkRc8$_$2,K_K3wpxkRc8,9034
KgXuILFtgJQ$_$1,KgXuILFtgJQ,9039
KgXuILFtgJQ$_$8,KgXuILFtgJQ,9040
KgXuILFtgJQ$_$2,KgXuILFtgJQ,9041
KgXuILFtgJQ$_$7,KgXuILFtgJQ,9042
KgXuILFtgJQ$_$11,KgXuILFtgJQ,9043
Kmtib-wZ0jM$_$1,Kmtib-wZ0jM,9046
Kmtib-wZ0jM$_$0,Kmtib-wZ0jM,9047
Kmtib-wZ0jM$_$3,Kmtib-wZ0jM,9048
Kpe5fISxRTg$_$7,Kpe5fISxRTg,9049
Kpe5fISxRTg$_$6,Kpe5fISxRTg,9050
L1gXZVU6AE4$_$3,L1gXZVU6AE4,9082
L1gXZVU6AE4$_$2,L1gXZVU6AE4,9083
L2uC4_Co9uw$_$0,L2uC4_Co9uw,9084
L3b9wwZ8vRQ$_$4,L3b9wwZ8vRQ,9091
L5a2ijeWpUI$_$9,L5a2ijeWpUI,9092
L5a2ijeWpUI$_$0,L5a2ijeWpUI,9093
L5a2ijeWpUI$_$2,L5a2ijeWpUI,9094
L5a2ijeWpUI$_$4,L5a2ijeWpUI,9095
L5a2ijeWpUI$_$8,L5a2ijeWpUI,9096
LAj3rqJvS3s$_$2,LAj3rqJvS3s,9110
LHC7ZKJy4Zw$_$1,LHC7ZKJy4Zw,9111
LHC7ZKJy4Zw$_$3,LHC7ZKJy4Zw,9112
LHC7ZKJy4Zw$_$2,LHC7ZKJy4Zw,9113
LHC7ZKJy4Zw$_$4,LHC7ZKJy4Zw,9114
LX2rT5C3sJs$_$5,LX2rT5C3sJs,9132
LX2rT5C3sJs$_$6,LX2rT5C3sJs,9133
LppEvM60-xo$_$9,LppEvM60-xo,9155
LppEvM60-xo$_$8,LppEvM60-xo,9156
LppEvM60-xo$_$11,LppEvM60-xo,9157
LppEvM60-xo$_$6,LppEvM60-xo,9158
Lxs_6Tvq12E$_$3,Lxs_6Tvq12E,9159
Lxs_6Tvq12E$_$2,Lxs_6Tvq12E,9160
M2Pb2kx77ww$_$1,M2Pb2kx77ww,9161
M2Pb2kx77ww$_$8,M2Pb2kx77ww,9162
M2Pb2kx77ww$_$4,M2Pb2kx77ww,9163
M2Pb2kx77ww$_$35,M2Pb2kx77ww,9164
M2Pb2kx77ww$_$29,M2Pb2kx77ww,9165
MBDZbACupsc$_$11,MBDZbACupsc,9166
MBDZbACupsc$_$10,MBDZbACupsc,9167
MBDZbACupsc$_$12,MBDZbACupsc,9168
MBDZbACupsc$_$14,MBDZbACupsc,9169
MBDZbACupsc$_$3,MBDZbACupsc,9170
MBDZbACupsc$_$2,MBDZbACupsc,9171
MBDZbACupsc$_$7,MBDZbACupsc,9172
MBDZbACupsc$_$6,MBDZbACupsc,9173
MBDZbACupsc$_$9,MBDZbACupsc,9174
MFrwi-RibUk$_$11,MFrwi-RibUk,9186
MFrwi-RibUk$_$10,MFrwi-RibUk,9187
MFrwi-RibUk$_$13,MFrwi-RibUk,9188
MFrwi-RibUk$_$12,MFrwi-RibUk,9189
MFrwi-RibUk$_$14,MFrwi-RibUk,9190
MFrwi-RibUk$_$1,MFrwi-RibUk,9191
MFrwi-RibUk$_$0,MFrwi-RibUk,9192
MFrwi-RibUk$_$3,MFrwi-RibUk,9193
MFrwi-RibUk$_$2,MFrwi-RibUk,9194
MFrwi-RibUk$_$5,MFrwi-RibUk,9195
MFrwi-RibUk$_$4,MFrwi-RibUk,9196
MFrwi-RibUk$_$7,MFrwi-RibUk,9197
MFrwi-RibUk$_$6,MFrwi-RibUk,9198
MIuJDn_0yVU$_$11,MIuJDn_0yVU,9199
MIuJDn_0yVU$_$10,MIuJDn_0yVU,9200
MIuJDn_0yVU$_$3,MIuJDn_0yVU,9201
MIuJDn_0yVU$_$2,MIuJDn_0yVU,9202
MIuJDn_0yVU$_$5,MIuJDn_0yVU,9203
MIuJDn_0yVU$_$4,MIuJDn_0yVU,9204
MIuJDn_0yVU$_$7,MIuJDn_0yVU,9205
MIuJDn_0yVU$_$9,MIuJDn_0yVU,9206
MIuJDn_0yVU$_$8,MIuJDn_0yVU,9207
MJnc4GUhUuY$_$10,MJnc4GUhUuY,9208
MJnc4GUhUuY$_$0,MJnc4GUhUuY,9209
MJnc4GUhUuY$_$3,MJnc4GUhUuY,9210
MJnc4GUhUuY$_$2,MJnc4GUhUuY,9211
MJnc4GUhUuY$_$4,MJnc4GUhUuY,9212
MJnc4GUhUuY$_$9,MJnc4GUhUuY,9213
MKShLlJ7X7g$_$1,MKShLlJ7X7g,9214
MKShLlJ7X7g$_$2,MKShLlJ7X7g,9215
MKShLlJ7X7g$_$4,MKShLlJ7X7g,9216
MKShLlJ7X7g$_$6,MKShLlJ7X7g,9217
MMaEsDdBsvM$_$0,MMaEsDdBsvM,9218
MNXBOeiPhec$_$1,MNXBOeiPhec,9226
MNXBOeiPhec$_$0,MNXBOeiPhec,9227
MNXBOeiPhec$_$2,MNXBOeiPhec,9228
MNXBOeiPhec$_$5,MNXBOeiPhec,9229
MNXBOeiPhec$_$7,MNXBOeiPhec,9230
MNXBOeiPhec$_$8,MNXBOeiPhec,9231
MSmTFZ_-THM$_$0,MSmTFZ_-THM,9246
MSmTFZ_-THM$_$3,MSmTFZ_-THM,9247
MSmTFZ_-THM$_$2,MSmTFZ_-THM,9248
MSmTFZ_-THM$_$5,MSmTFZ_-THM,9249
MSmTFZ_-THM$_$4,MSmTFZ_-THM,9250
MWCNzYUCys0$_$1,MWCNzYUCys0,9254
MWCNzYUCys0$_$0,MWCNzYUCys0,9255
MWCNzYUCys0$_$6,MWCNzYUCys0,9256
MbpPBLUjpV4$_$10,MbpPBLUjpV4,9260
MbpPBLUjpV4$_$12,MbpPBLUjpV4,9261
MbpPBLUjpV4$_$15,MbpPBLUjpV4,9262
MbpPBLUjpV4$_$16,MbpPBLUjpV4,9263
MbpPBLUjpV4$_$18,MbpPBLUjpV4,9264
MbpPBLUjpV4$_$0,MbpPBLUjpV4,9265
MbpPBLUjpV4$_$3,MbpPBLUjpV4,9266
MbpPBLUjpV4$_$2,MbpPBLUjpV4,9267
MbpPBLUjpV4$_$5,MbpPBLUjpV4,9268
MbpPBLUjpV4$_$4,MbpPBLUjpV4,9269
MbpPBLUjpV4$_$6,MbpPBLUjpV4,9270
MbpPBLUjpV4$_$9,MbpPBLUjpV4,9271
McnbZjgCPLw$_$18,McnbZjgCPLw,9272
McnbZjgCPLw$_$5,McnbZjgCPLw,9273
McnbZjgCPLw$_$22,McnbZjgCPLw,9274
McnbZjgCPLw$_$8,McnbZjgCPLw,9275
MhojeOmmjC8$_$2,MhojeOmmjC8,9276
MhojeOmmjC8$_$6,MhojeOmmjC8,9277
MnFRVJtHAeo$_$1,MnFRVJtHAeo,9283
MnFRVJtHAeo$_$0,MnFRVJtHAeo,9284
MnFRVJtHAeo$_$2,MnFRVJtHAeo,9285
MnFRVJtHAeo$_$4,MnFRVJtHAeo,9286
MsjnLoTKAXo$_$0,MsjnLoTKAXo,9303
MsjnLoTKAXo$_$3,MsjnLoTKAXo,9304
MsjnLoTKAXo$_$2,MsjnLoTKAXo,9305
MsjnLoTKAXo$_$5,MsjnLoTKAXo,9306
MsjnLoTKAXo$_$7,MsjnLoTKAXo,9307
MsjnLoTKAXo$_$8,MsjnLoTKAXo,9308
Mw4EZYZAd9c$_$1,Mw4EZYZAd9c,9311
Mw4EZYZAd9c$_$3,Mw4EZYZAd9c,9312
Mw4EZYZAd9c$_$5,Mw4EZYZAd9c,9313
Mw4EZYZAd9c$_$4,Mw4EZYZAd9c,9314
N0GhVkCwrqw$_$9,N0GhVkCwrqw,9324
N0GhVkCwrqw$_$8,N0GhVkCwrqw,9325
N0GhVkCwrqw$_$2,N0GhVkCwrqw,9326
N0GhVkCwrqw$_$12,N0GhVkCwrqw,9327
N0Y7x_fJ0Nw$_$3,N0Y7x_fJ0Nw,9328
N0Y7x_fJ0Nw$_$2,N0Y7x_fJ0Nw,9329
N0Y7x_fJ0Nw$_$5,N0Y7x_fJ0Nw,9330
N0Y7x_fJ0Nw$_$6,N0Y7x_fJ0Nw,9331
N0Y7x_fJ0Nw$_$9,N0Y7x_fJ0Nw,9332
N0Y7x_fJ0Nw$_$8,N0Y7x_fJ0Nw,9333
N3QuD26DuCI$_$1,N3QuD26DuCI,9343
N3QuD26DuCI$_$0,N3QuD26DuCI,9344
N3QuD26DuCI$_$3,N3QuD26DuCI,9345
N3QuD26DuCI$_$2,N3QuD26DuCI,9346
N3QuD26DuCI$_$5,N3QuD26DuCI,9347
N3QuD26DuCI$_$4,N3QuD26DuCI,9348
N7tS7A0WWpM$_$1,N7tS7A0WWpM,9357
N7tS7A0WWpM$_$0,N7tS7A0WWpM,9358
N7tS7A0WWpM$_$3,N7tS7A0WWpM,9359
N7tS7A0WWpM$_$2,N7tS7A0WWpM,9360
N7tS7A0WWpM$_$5,N7tS7A0WWpM,9361
N7tS7A0WWpM$_$4,N7tS7A0WWpM,9362
N7tS7A0WWpM$_$7,N7tS7A0WWpM,9363
N7tS7A0WWpM$_$6,N7tS7A0WWpM,9364
N7tS7A0WWpM$_$8,N7tS7A0WWpM,9365
NCJTV5KaJJc$_$1,NCJTV5KaJJc,9366
NCJTV5KaJJc$_$0,NCJTV5KaJJc,9367
NCJTV5KaJJc$_$3,NCJTV5KaJJc,9368
NCJTV5KaJJc$_$5,NCJTV5KaJJc,9369
NCJTV5KaJJc$_$7,NCJTV5KaJJc,9370
NCJTV5KaJJc$_$6,NCJTV5KaJJc,9371
NCJTV5KaJJc$_$9,NCJTV5KaJJc,9372
NCJTV5KaJJc$_$8,NCJTV5KaJJc,9373
NDMAVMZyISM$_$1,NDMAVMZyISM,9374
NDMAVMZyISM$_$0,NDMAVMZyISM,9375
NDMAVMZyISM$_$3,NDMAVMZyISM,9376
NDMAVMZyISM$_$2,NDMAVMZyISM,9377
NDMAVMZyISM$_$5,NDMAVMZyISM,9378
NKindd5Xn3s$_$1,NKindd5Xn3s,9395
NKindd5Xn3s$_$0,NKindd5Xn3s,9396
NKindd5Xn3s$_$5,NKindd5Xn3s,9397
NKindd5Xn3s$_$4,NKindd5Xn3s,9398
NKindd5Xn3s$_$7,NKindd5Xn3s,9399
NKindd5Xn3s$_$8,NKindd5Xn3s,9400
NZtIGzAzJZM$_$1,NZtIGzAzJZM,9419
NZtIGzAzJZM$_$0,NZtIGzAzJZM,9420
NZtIGzAzJZM$_$2,NZtIGzAzJZM,9421
Nd55vByy2F8$_$11,Nd55vByy2F8,9430
Nd55vByy2F8$_$2,Nd55vByy2F8,9431
Nd55vByy2F8$_$4,Nd55vByy2F8,9432
Nd55vByy2F8$_$7,Nd55vByy2F8,9433
NuRvTWhELqs$_$1,NuRvTWhELqs,9445
NuRvTWhELqs$_$0,NuRvTWhELqs,9446
NuRvTWhELqs$_$5,NuRvTWhELqs,9447
NuRvTWhELqs$_$6,NuRvTWhELqs,9448
Nzh2KkaGwrE$_$11,Nzh2KkaGwrE,9449
Nzh2KkaGwrE$_$13,Nzh2KkaGwrE,9450
Nzh2KkaGwrE$_$5,Nzh2KkaGwrE,9451
NzpymNJaFjo$_$1,NzpymNJaFjo,9452
NzpymNJaFjo$_$2,NzpymNJaFjo,9453
O2CEvvYWWbU$_$10,O2CEvvYWWbU,9456
O2CEvvYWWbU$_$1,O2CEvvYWWbU,9457
O2CEvvYWWbU$_$3,O2CEvvYWWbU,9458
O2CEvvYWWbU$_$5,O2CEvvYWWbU,9459
O2CEvvYWWbU$_$4,O2CEvvYWWbU,9460
O2CEvvYWWbU$_$7,O2CEvvYWWbU,9461
O2CEvvYWWbU$_$6,O2CEvvYWWbU,9462
O2CEvvYWWbU$_$9,O2CEvvYWWbU,9463
O2CEvvYWWbU$_$8,O2CEvvYWWbU,9464
O3whFU2lAAk$_$1,O3whFU2lAAk,9465
O3whFU2lAAk$_$8,O3whFU2lAAk,9466
O3whFU2lAAk$_$2,O3whFU2lAAk,9467
O3whFU2lAAk$_$5,O3whFU2lAAk,9468
O3whFU2lAAk$_$11,O3whFU2lAAk,9469
OBaMn1-x7jQ$_$2,OBaMn1-x7jQ,9489
OBaMn1-x7jQ$_$5,OBaMn1-x7jQ,9490
OBaMn1-x7jQ$_$4,OBaMn1-x7jQ,9491
OBaMn1-x7jQ$_$7,OBaMn1-x7jQ,9492
OBaMn1-x7jQ$_$6,OBaMn1-x7jQ,9493
OEMSGahoCmM$_$11,OEMSGahoCmM,9494
OEesmAnTpeA$_$1,OEesmAnTpeA,9499
OEesmAnTpeA$_$0,OEesmAnTpeA,9500
OEesmAnTpeA$_$9,OEesmAnTpeA,9501
OEesmAnTpeA$_$10,OEesmAnTpeA,9502
OFBc3z99bIc$_$24,OFBc3z99bIc,9503
OFBc3z99bIc$_$25,OFBc3z99bIc,9504
OFBc3z99bIc$_$12,OFBc3z99bIc,9505
OFBc3z99bIc$_$15,OFBc3z99bIc,9506
OFBc3z99bIc$_$14,OFBc3z99bIc,9507
OFBc3z99bIc$_$22,OFBc3z99bIc,9508
OFBc3z99bIc$_$10,OFBc3z99bIc,9509
OFBc3z99bIc$_$19,OFBc3z99bIc,9510
OFBc3z99bIc$_$18,OFBc3z99bIc,9511
OFBc3z99bIc$_$1,OFBc3z99bIc,9512
OFBc3z99bIc$_$0,OFBc3z99bIc,9513
OFBc3z99bIc$_$6,OFBc3z99bIc,9514
OFBc3z99bIc$_$20,OFBc3z99bIc,9515
OFBc3z99bIc$_$21,OFBc3z99bIc,9516
OGXUtVG0Y9w$_$1,OGXUtVG0Y9w,9517
OGXUtVG0Y9w$_$0,OGXUtVG0Y9w,9518
OIJr0voCvVQ$_$5,OIJr0voCvVQ,9531
OJwO6g01qO8$_$12,OJwO6g01qO8,9532
OJwO6g01qO8$_$2,OJwO6g01qO8,9533
OSyKmOye5Uo$_$1,OSyKmOye5Uo,9569
OSyKmOye5Uo$_$2,OSyKmOye5Uo,9570
OSyKmOye5Uo$_$4,OSyKmOye5Uo,9571
O_fTDhCtAhw$_$8,O_fTDhCtAhw,9578
O_fTDhCtAhw$_$3,O_fTDhCtAhw,9579
O_fTDhCtAhw$_$7,O_fTDhCtAhw,9580
O_fTDhCtAhw$_$6,O_fTDhCtAhw,9581
Ob8vPQCPDX0$_$1,Ob8vPQCPDX0,9582
Ob8vPQCPDX0$_$0,Ob8vPQCPDX0,9583
Ob8vPQCPDX0$_$3,Ob8vPQCPDX0,9584
Ob8vPQCPDX0$_$2,Ob8vPQCPDX0,9585
Ob8vPQCPDX0$_$5,Ob8vPQCPDX0,9586
Ob8vPQCPDX0$_$4,Ob8vPQCPDX0,9587
OdKp0hYomgs$_$11,OdKp0hYomgs,9590
OdKp0hYomgs$_$10,OdKp0hYomgs,9591
OdKp0hYomgs$_$0,OdKp0hYomgs,9592
OdKp0hYomgs$_$3,OdKp0hYomgs,9593
OdKp0hYomgs$_$2,OdKp0hYomgs,9594
OdKp0hYomgs$_$4,OdKp0hYomgs,9595
OdKp0hYomgs$_$7,OdKp0hYomgs,9596
OdKp0hYomgs$_$6,OdKp0hYomgs,9597
OdKp0hYomgs$_$9,OdKp0hYomgs,9598
OdKp0hYomgs$_$8,OdKp0hYomgs,9599
OoOD_VBL0i0$_$3,OoOD_VBL0i0,9610
Or-9Nc_GAq8$_$1,Or-9Nc_GAq8,9617
OwYfPi9St0w$_$1,OwYfPi9St0w,9618
P35dyIit1yM$_$11,P35dyIit1yM,9639
P35dyIit1yM$_$1,P35dyIit1yM,9640
P35dyIit1yM$_$8,P35dyIit1yM,9641
P35dyIit1yM$_$4,P35dyIit1yM,9642
P35dyIit1yM$_$0,P35dyIit1yM,9643
PN3ApHIGopo$_$7,PN3ApHIGopo,9672
PN3ApHIGopo$_$6,PN3ApHIGopo,9673
PbyI-sUzLZY$_$3,PbyI-sUzLZY,9706
PbyI-sUzLZY$_$2,PbyI-sUzLZY,9707
PbyI-sUzLZY$_$5,PbyI-sUzLZY,9708
PbyI-sUzLZY$_$4,PbyI-sUzLZY,9709
PtdK-TLOuD0$_$2,PtdK-TLOuD0,9745
PtdK-TLOuD0$_$4,PtdK-TLOuD0,9746
Q5fZk_jPjBI$_$9,Q5fZk_jPjBI,9760
Q5fZk_jPjBI$_$10,Q5fZk_jPjBI,9761
Q5fZk_jPjBI$_$2,Q5fZk_jPjBI,9762
Q5fZk_jPjBI$_$4,Q5fZk_jPjBI,9763
Q5fZk_jPjBI$_$0,Q5fZk_jPjBI,9764
Q7OvlYjNt9w$_$1,Q7OvlYjNt9w,9768
Q7OvlYjNt9w$_$0,Q7OvlYjNt9w,9769
Q8naC1qriIU$_$1,Q8naC1qriIU,9781
Q8naC1qriIU$_$3,Q8naC1qriIU,9782
Q8naC1qriIU$_$2,Q8naC1qriIU,9783
Q8naC1qriIU$_$7,Q8naC1qriIU,9784
QI-TTqj0KnA$_$5,QI-TTqj0KnA,9804
QI-TTqj0KnA$_$7,QI-TTqj0KnA,9805
QI-TTqj0KnA$_$6,QI-TTqj0KnA,9806
QLEOYF7Mju0$_$11,QLEOYF7Mju0,9810
QLEOYF7Mju0$_$10,QLEOYF7Mju0,9811
QLEOYF7Mju0$_$1,QLEOYF7Mju0,9812
QLEOYF7Mju0$_$3,QLEOYF7Mju0,9813
QLEOYF7Mju0$_$2,QLEOYF7Mju0,9814
QLEOYF7Mju0$_$5,QLEOYF7Mju0,9815
QLEOYF7Mju0$_$4,QLEOYF7Mju0,9816
QLEOYF7Mju0$_$7,QLEOYF7Mju0,9817
QLEOYF7Mju0$_$6,QLEOYF7Mju0,9818
QLEOYF7Mju0$_$9,QLEOYF7Mju0,9819
QLEOYF7Mju0$_$8,QLEOYF7Mju0,9820
QNxiqu1y1N0$_$1,QNxiqu1y1N0,9827
QNxiqu1y1N0$_$0,QNxiqu1y1N0,9828
QP2CjKap818$_$3,QP2CjKap818,9835
QP2CjKap818$_$2,QP2CjKap818,9836
QQVRIGEUa_Q$_$5,QQVRIGEUa_Q,9837
QXPOQW2tRBs$_$1,QXPOQW2tRBs,9849
QYp0lGhyL6A$_$10,QYp0lGhyL6A,9850
QYp0lGhyL6A$_$13,QYp0lGhyL6A,9851
QYp0lGhyL6A$_$14,QYp0lGhyL6A,9852
QYp0lGhyL6A$_$0,QYp0lGhyL6A,9853
QYp0lGhyL6A$_$3,QYp0lGhyL6A,9854
QYp0lGhyL6A$_$4,QYp0lGhyL6A,9855
QYp0lGhyL6A$_$7,QYp0lGhyL6A,9856
QYp0lGhyL6A$_$6,QYp0lGhyL6A,9857
QYp0lGhyL6A$_$9,QYp0lGhyL6A,9858
Q_py5n2fQXw$_$12,Q_py5n2fQXw,9859
Q_py5n2fQXw$_$4,Q_py5n2fQXw,9860
Q_py5n2fQXw$_$7,Q_py5n2fQXw,9861
QoIsjc4-GIg$_$1,QoIsjc4-GIg,9876
QoIsjc4-GIg$_$0,QoIsjc4-GIg,9877
QoIsjc4-GIg$_$3,QoIsjc4-GIg,9878
QoIsjc4-GIg$_$2,QoIsjc4-GIg,9879
QoIsjc4-GIg$_$5,QoIsjc4-GIg,9880
QoIsjc4-GIg$_$4,QoIsjc4-GIg,9881
QoIsjc4-GIg$_$7,QoIsjc4-GIg,9882
QoIsjc4-GIg$_$6,QoIsjc4-GIg,9883
QoIsjc4-GIg$_$9,QoIsjc4-GIg,9884
QoIsjc4-GIg$_$8,QoIsjc4-GIg,9885
R-HKj8Yn06k$_$0,R-HKj8Yn06k,9895
R0o37yJ1PP0$_$3,R0o37yJ1PP0,9896
R0o37yJ1PP0$_$5,R0o37yJ1PP0,9897
R0o37yJ1PP0$_$4,R0o37yJ1PP0,9898
R0o37yJ1PP0$_$7,R0o37yJ1PP0,9899
R0o37yJ1PP0$_$6,R0o37yJ1PP0,9900
R0o37yJ1PP0$_$8,R0o37yJ1PP0,9901
R0uRDh-engU$_$11,R0uRDh-engU,9902
R0uRDh-engU$_$10,R0uRDh-engU,9903
R0uRDh-engU$_$5,R0uRDh-engU,9904
R8Kw_4Y9E0s$_$3,R8Kw_4Y9E0s,9909
R9ypacCuEZo$_$11,R9ypacCuEZo,9916
R9ypacCuEZo$_$14,R9ypacCuEZo,9917
R9ypacCuEZo$_$4,R9ypacCuEZo,9918
R9ypacCuEZo$_$7,R9ypacCuEZo,9919
R9ypacCuEZo$_$6,R9ypacCuEZo,9920
R9ypacCuEZo$_$8,R9ypacCuEZo,9921
RIAEgUKtzxw$_$8,RIAEgUKtzxw,9936
RIAEgUKtzxw$_$12,RIAEgUKtzxw,9937
RIAEgUKtzxw$_$5,RIAEgUKtzxw,9938
RIAEgUKtzxw$_$4,RIAEgUKtzxw,9939
RImmdklTOW0$_$11,RImmdklTOW0,9940
RImmdklTOW0$_$10,RImmdklTOW0,9941
RImmdklTOW0$_$13,RImmdklTOW0,9942
RImmdklTOW0$_$12,RImmdklTOW0,9943
RImmdklTOW0$_$15,RImmdklTOW0,9944
RImmdklTOW0$_$14,RImmdklTOW0,9945
RImmdklTOW0$_$1,RImmdklTOW0,9946
RImmdklTOW0$_$0,RImmdklTOW0,9947
RImmdklTOW0$_$3,RImmdklTOW0,9948
RImmdklTOW0$_$2,RImmdklTOW0,9949
RImmdklTOW0$_$5,RImmdklTOW0,9950
RImmdklTOW0$_$4,RImmdklTOW0,9951
RImmdklTOW0$_$7,RImmdklTOW0,9952
RImmdklTOW0$_$6,RImmdklTOW0,9953
RImmdklTOW0$_$9,RImmdklTOW0,9954
RImmdklTOW0$_$8,RImmdklTOW0,9955
RKP6j28FCWE$_$8,RKP6j28FCWE,9956
RKP6j28FCWE$_$3,RKP6j28FCWE,9957
RKP6j28FCWE$_$5,RKP6j28FCWE,9958
RLHZ6xtIWSM$_$10,RLHZ6xtIWSM,9959
RLHZ6xtIWSM$_$1,RLHZ6xtIWSM,9960
RLHZ6xtIWSM$_$3,RLHZ6xtIWSM,9961
RLHZ6xtIWSM$_$2,RLHZ6xtIWSM,9962
RLHZ6xtIWSM$_$5,RLHZ6xtIWSM,9963
RLHZ6xtIWSM$_$7,RLHZ6xtIWSM,9964
RLHZ6xtIWSM$_$6,RLHZ6xtIWSM,9965
RLHZ6xtIWSM$_$8,RLHZ6xtIWSM,9966
RS5WM3q2ZZQ$_$11,RS5WM3q2ZZQ,9974
RS5WM3q2ZZQ$_$10,RS5WM3q2ZZQ,9975
RS5WM3q2ZZQ$_$13,RS5WM3q2ZZQ,9976
RS5WM3q2ZZQ$_$12,RS5WM3q2ZZQ,9977
RS5WM3q2ZZQ$_$15,RS5WM3q2ZZQ,9978
RS5WM3q2ZZQ$_$14,RS5WM3q2ZZQ,9979
RS5WM3q2ZZQ$_$17,RS5WM3q2ZZQ,9980
RS5WM3q2ZZQ$_$16,RS5WM3q2ZZQ,9981
RS5WM3q2ZZQ$_$1,RS5WM3q2ZZQ,9982
RS5WM3q2ZZQ$_$0,RS5WM3q2ZZQ,9983
RS5WM3q2ZZQ$_$3,RS5WM3q2ZZQ,9984
RS5WM3q2ZZQ$_$2,RS5WM3q2ZZQ,9985
RS5WM3q2ZZQ$_$5,RS5WM3q2ZZQ,9986
RS5WM3q2ZZQ$_$4,RS5WM3q2ZZQ,9987
RS5WM3q2ZZQ$_$7,RS5WM3q2ZZQ,9988
RS5WM3q2ZZQ$_$6,RS5WM3q2ZZQ,9989
RS5WM3q2ZZQ$_$9,RS5WM3q2ZZQ,9990
RS5WM3q2ZZQ$_$8,RS5WM3q2ZZQ,9991
RST6PgpsLws$_$10,RST6PgpsLws,9992
RST6PgpsLws$_$1,RST6PgpsLws,9993
RST6PgpsLws$_$0,RST6PgpsLws,9994
RST6PgpsLws$_$3,RST6PgpsLws,9995
RST6PgpsLws$_$2,RST6PgpsLws,9996
RST6PgpsLws$_$5,RST6PgpsLws,9997
RST6PgpsLws$_$6,RST6PgpsLws,9998
RST6PgpsLws$_$8,RST6PgpsLws,9999
RdExUaEIWIk$_$1,RdExUaEIWIk,10023
RdExUaEIWIk$_$0,RdExUaEIWIk,10024
RdExUaEIWIk$_$3,RdExUaEIWIk,10025
RdExUaEIWIk$_$2,RdExUaEIWIk,10026
RdExUaEIWIk$_$5,RdExUaEIWIk,10027
RdExUaEIWIk$_$4,RdExUaEIWIk,10028
RdOc70IrjJo$_$1,RdOc70IrjJo,10029
RdOc70IrjJo$_$4,RdOc70IrjJo,10030
RqOgkJbqFXg$_$1,RqOgkJbqFXg,10044
RqOgkJbqFXg$_$2,RqOgkJbqFXg,10045
RqOgkJbqFXg$_$5,RqOgkJbqFXg,10046
RqOgkJbqFXg$_$4,RqOgkJbqFXg,10047
Rse6laKf1i8$_$11,Rse6laKf1i8,10048
Rse6laKf1i8$_$10,Rse6laKf1i8,10049
Rse6laKf1i8$_$0,Rse6laKf1i8,10050
Rse6laKf1i8$_$3,Rse6laKf1i8,10051
Rse6laKf1i8$_$2,Rse6laKf1i8,10052
Rse6laKf1i8$_$7,Rse6laKf1i8,10053
Rse6laKf1i8$_$6,Rse6laKf1i8,10054
Rse6laKf1i8$_$9,Rse6laKf1i8,10055
Rse6laKf1i8$_$8,Rse6laKf1i8,10056
Rw2pzFGosmw$_$0,Rw2pzFGosmw,10083
Rw2pzFGosmw$_$3,Rw2pzFGosmw,10084
Rw2pzFGosmw$_$2,Rw2pzFGosmw,10085
Rw2pzFGosmw$_$5,Rw2pzFGosmw,10086
Rw2pzFGosmw$_$4,Rw2pzFGosmw,10087
Rw2pzFGosmw$_$7,Rw2pzFGosmw,10088
Rw2pzFGosmw$_$8,Rw2pzFGosmw,10089
RwcTz-tOIeo$_$1,RwcTz-tOIeo,10090
RwcTz-tOIeo$_$0,RwcTz-tOIeo,10091
RwcTz-tOIeo$_$2,RwcTz-tOIeo,10092
RwcTz-tOIeo$_$5,RwcTz-tOIeo,10093
S6S2XL0-ZpM$_$1,S6S2XL0-ZpM,10118
S8yP6lBOdKo$_$0,S8yP6lBOdKo,10119
S9PDgK7fpJI$_$10,S9PDgK7fpJI,10120
S9PDgK7fpJI$_$13,S9PDgK7fpJI,10121
S9PDgK7fpJI$_$14,S9PDgK7fpJI,10122
S9PDgK7fpJI$_$1,S9PDgK7fpJI,10123
S9PDgK7fpJI$_$0,S9PDgK7fpJI,10124
S9PDgK7fpJI$_$3,S9PDgK7fpJI,10125
S9PDgK7fpJI$_$5,S9PDgK7fpJI,10126
S9PDgK7fpJI$_$4,S9PDgK7fpJI,10127
S9PDgK7fpJI$_$7,S9PDgK7fpJI,10128
S9PDgK7fpJI$_$6,S9PDgK7fpJI,10129
S9PDgK7fpJI$_$9,S9PDgK7fpJI,10130
S9PDgK7fpJI$_$8,S9PDgK7fpJI,10131
SI39azgVUR8$_$10,SI39azgVUR8,10167
SI39azgVUR8$_$1,SI39azgVUR8,10168
SI39azgVUR8$_$3,SI39azgVUR8,10169
SI39azgVUR8$_$2,SI39azgVUR8,10170
SI39azgVUR8$_$5,SI39azgVUR8,10171
SI39azgVUR8$_$4,SI39azgVUR8,10172
SI39azgVUR8$_$7,SI39azgVUR8,10173
SLi2gT5H6m8$_$1,SLi2gT5H6m8,10174
SLi2gT5H6m8$_$0,SLi2gT5H6m8,10175
SLi2gT5H6m8$_$3,SLi2gT5H6m8,10176
SLi2gT5H6m8$_$2,SLi2gT5H6m8,10177
SLi2gT5H6m8$_$5,SLi2gT5H6m8,10178
SLi2gT5H6m8$_$4,SLi2gT5H6m8,10179
SLi2gT5H6m8$_$7,SLi2gT5H6m8,10180
SLi2gT5H6m8$_$6,SLi2gT5H6m8,10181
SLi2gT5H6m8$_$9,SLi2gT5H6m8,10182
SLi2gT5H6m8$_$8,SLi2gT5H6m8,10183
SMzV26l6iA0$_$0,SMzV26l6iA0,10185
SMzV26l6iA0$_$4,SMzV26l6iA0,10186
SRP5FYP71Ng$_$14,SRP5FYP71Ng,10188
SSNrLu-eZiM$_$1,SSNrLu-eZiM,10189
STeqtJLakQQ$_$1,STeqtJLakQQ,10190
STeqtJLakQQ$_$0,STeqtJLakQQ,10191
STeqtJLakQQ$_$3,STeqtJLakQQ,10192
STeqtJLakQQ$_$2,STeqtJLakQQ,10193
STeqtJLakQQ$_$5,STeqtJLakQQ,10194
STeqtJLakQQ$_$4,STeqtJLakQQ,10195
STeqtJLakQQ$_$6,STeqtJLakQQ,10196
SWhfaL7AdEc$_$1,SWhfaL7AdEc,10205
SWhfaL7AdEc$_$0,SWhfaL7AdEc,10206
SWhfaL7AdEc$_$3,SWhfaL7AdEc,10207
SWhfaL7AdEc$_$2,SWhfaL7AdEc,10208
SWhfaL7AdEc$_$5,SWhfaL7AdEc,10209
SWhfaL7AdEc$_$4,SWhfaL7AdEc,10210
SWhfaL7AdEc$_$7,SWhfaL7AdEc,10211
SWhfaL7AdEc$_$6,SWhfaL7AdEc,10212
SWhfaL7AdEc$_$8,SWhfaL7AdEc,10213
S_mxvk4LEh0$_$12,S_mxvk4LEh0,10235
S_mxvk4LEh0$_$1,S_mxvk4LEh0,10236
S_mxvk4LEh0$_$3,S_mxvk4LEh0,10237
S_mxvk4LEh0$_$5,S_mxvk4LEh0,10238
S_mxvk4LEh0$_$4,S_mxvk4LEh0,10239
S_mxvk4LEh0$_$6,S_mxvk4LEh0,10240
S_tGoxSEh5Y$_$10,S_tGoxSEh5Y,10241
SaNXCez-9iQ$_$1,SaNXCez-9iQ,10242
SaNXCez-9iQ$_$0,SaNXCez-9iQ,10243
Sb2xMPwNKPo$_$18,Sb2xMPwNKPo,10244
Sb2xMPwNKPo$_$2,Sb2xMPwNKPo,10245
Sb2xMPwNKPo$_$5,Sb2xMPwNKPo,10246
Sb2xMPwNKPo$_$17,Sb2xMPwNKPo,10247
Sb2xMPwNKPo$_$0,Sb2xMPwNKPo,10248
Sglx7douG_4$_$1,Sglx7douG_4,10249
Sglx7douG_4$_$2,Sglx7douG_4,10250
SmftC-VAfYQ$_$1,SmftC-VAfYQ,10272
SmftC-VAfYQ$_$3,SmftC-VAfYQ,10273
SmftC-VAfYQ$_$2,SmftC-VAfYQ,10274
SmftC-VAfYQ$_$5,SmftC-VAfYQ,10275
SmftC-VAfYQ$_$4,SmftC-VAfYQ,10276
SrMN3rwvCsE$_$1,SrMN3rwvCsE,10285
SrMN3rwvCsE$_$0,SrMN3rwvCsE,10286
SrMN3rwvCsE$_$3,SrMN3rwvCsE,10287
SrMN3rwvCsE$_$5,SrMN3rwvCsE,10288
SrMN3rwvCsE$_$4,SrMN3rwvCsE,10289
SrMN3rwvCsE$_$7,SrMN3rwvCsE,10290
SrMN3rwvCsE$_$6,SrMN3rwvCsE,10291
T-vqHR989bM$_$3,T-vqHR989bM,10326
T-vqHR989bM$_$4,T-vqHR989bM,10327
T1icdxz0TNs$_$1,T1icdxz0TNs,10328
T1icdxz0TNs$_$0,T1icdxz0TNs,10329
T4e4Ba1sRg0$_$1,T4e4Ba1sRg0,10330
T4e4Ba1sRg0$_$0,T4e4Ba1sRg0,10331
T4e4Ba1sRg0$_$3,T4e4Ba1sRg0,10332
T4e4Ba1sRg0$_$2,T4e4Ba1sRg0,10333
T4e4Ba1sRg0$_$7,T4e4Ba1sRg0,10334
T4e4Ba1sRg0$_$6,T4e4Ba1sRg0,10335
T4e4Ba1sRg0$_$9,T4e4Ba1sRg0,10336
TBCjKGYBNIo$_$24,TBCjKGYBNIo,10337
TBCjKGYBNIo$_$25,TBCjKGYBNIo,10338
TBCjKGYBNIo$_$20,TBCjKGYBNIo,10339
TBCjKGYBNIo$_$21,TBCjKGYBNIo,10340
TBCjKGYBNIo$_$22,TBCjKGYBNIo,10341
TBCjKGYBNIo$_$23,TBCjKGYBNIo,10342
TBCjKGYBNIo$_$1,TBCjKGYBNIo,10343
TBCjKGYBNIo$_$0,TBCjKGYBNIo,10344
TBCjKGYBNIo$_$3,TBCjKGYBNIo,10345
TBCjKGYBNIo$_$2,TBCjKGYBNIo,10346
TBCjKGYBNIo$_$5,TBCjKGYBNIo,10347
TBCjKGYBNIo$_$4,TBCjKGYBNIo,10348
TBCjKGYBNIo$_$7,TBCjKGYBNIo,10349
TBCjKGYBNIo$_$6,TBCjKGYBNIo,10350
TBCjKGYBNIo$_$9,TBCjKGYBNIo,10351
TBCjKGYBNIo$_$8,TBCjKGYBNIo,10352
TBCjKGYBNIo$_$11,TBCjKGYBNIo,10353
TBCjKGYBNIo$_$10,TBCjKGYBNIo,10354
TBCjKGYBNIo$_$13,TBCjKGYBNIo,10355
TBCjKGYBNIo$_$12,TBCjKGYBNIo,10356
TBCjKGYBNIo$_$16,TBCjKGYBNIo,10357
TBCjKGYBNIo$_$19,TBCjKGYBNIo,10358
TFKgo5JlPro$_$1,TFKgo5JlPro,10362
TFKgo5JlPro$_$0,TFKgo5JlPro,10363
TNwwVWA-oAE$_$11,TNwwVWA-oAE,10385
TNwwVWA-oAE$_$22,TNwwVWA-oAE,10386
TNwwVWA-oAE$_$16,TNwwVWA-oAE,10387
TNwwVWA-oAE$_$19,TNwwVWA-oAE,10388
TNwwVWA-oAE$_$0,TNwwVWA-oAE,10389
TNwwVWA-oAE$_$7,TNwwVWA-oAE,10390
TO5HjoK8Iu8$_$11,TO5HjoK8Iu8,10391
TO5HjoK8Iu8$_$10,TO5HjoK8Iu8,10392
TO5HjoK8Iu8$_$13,TO5HjoK8Iu8,10393
TO5HjoK8Iu8$_$12,TO5HjoK8Iu8,10394
TO5HjoK8Iu8$_$14,TO5HjoK8Iu8,10395
TO5HjoK8Iu8$_$16,TO5HjoK8Iu8,10396
TO5HjoK8Iu8$_$3,TO5HjoK8Iu8,10397
TO5HjoK8Iu8$_$4,TO5HjoK8Iu8,10398
TO5HjoK8Iu8$_$7,TO5HjoK8Iu8,10399
TO5HjoK8Iu8$_$9,TO5HjoK8Iu8,10400
TO5HjoK8Iu8$_$8,TO5HjoK8Iu8,10401
TUY83eDK5jc$_$10,TUY83eDK5jc,10408
TUY83eDK5jc$_$13,TUY83eDK5jc,10409
TUY83eDK5jc$_$17,TUY83eDK5jc,10410
TUY83eDK5jc$_$18,TUY83eDK5jc,10411
TUY83eDK5jc$_$1,TUY83eDK5jc,10412
TUY83eDK5jc$_$3,TUY83eDK5jc,10413
TUY83eDK5jc$_$5,TUY83eDK5jc,10414
TUY83eDK5jc$_$4,TUY83eDK5jc,10415
TUY83eDK5jc$_$8,TUY83eDK5jc,10416
TZXcQemh8n8$_$11,TZXcQemh8n8,10438
TZXcQemh8n8$_$23,TZXcQemh8n8,10439
TahiuVpcROM$_$2,TahiuVpcROM,10446
Tiq67-bAV3M$_$1,Tiq67-bAV3M,10458
Tiq67-bAV3M$_$0,Tiq67-bAV3M,10459
Tiq67-bAV3M$_$2,Tiq67-bAV3M,10460
Tiq67-bAV3M$_$5,Tiq67-bAV3M,10461
Tiq67-bAV3M$_$4,Tiq67-bAV3M,10462
Tiq67-bAV3M$_$7,Tiq67-bAV3M,10463
TwTLsgfpKvA$_$1,TwTLsgfpKvA,10472
TwTLsgfpKvA$_$0,TwTLsgfpKvA,10473
TwTLsgfpKvA$_$3,TwTLsgfpKvA,10474
TwTLsgfpKvA$_$2,TwTLsgfpKvA,10475
TwTLsgfpKvA$_$5,TwTLsgfpKvA,10476
TwTLsgfpKvA$_$4,TwTLsgfpKvA,10477
TwTLsgfpKvA$_$7,TwTLsgfpKvA,10478
TwTLsgfpKvA$_$6,TwTLsgfpKvA,10479
TwTLsgfpKvA$_$9,TwTLsgfpKvA,10480
TwTLsgfpKvA$_$8,TwTLsgfpKvA,10481
TxRS6vJ9ak0$_$1,TxRS6vJ9ak0,10484
TxRS6vJ9ak0$_$0,TxRS6vJ9ak0,10485
TxRS6vJ9ak0$_$2,TxRS6vJ9ak0,10486
TxRS6vJ9ak0$_$5,TxRS6vJ9ak0,10487
TxRS6vJ9ak0$_$4,TxRS6vJ9ak0,10488
TxRS6vJ9ak0$_$7,TxRS6vJ9ak0,10489
TxRS6vJ9ak0$_$6,TxRS6vJ9ak0,10490
U2Ydtq6qvL0$_$1,U2Ydtq6qvL0,10491
U2Ydtq6qvL0$_$0,U2Ydtq6qvL0,10492
U2Ydtq6qvL0$_$3,U2Ydtq6qvL0,10493
U2Ydtq6qvL0$_$5,U2Ydtq6qvL0,10494
U2Ydtq6qvL0$_$6,U2Ydtq6qvL0,10495
UF9OlX-QNHU$_$2,UF9OlX-QNHU,10506
UF9OlX-QNHU$_$6,UF9OlX-QNHU,10507
UKVwc6I06x8$_$0,UKVwc6I06x8,10508
UKVwc6I06x8$_$3,UKVwc6I06x8,10509
UKVwc6I06x8$_$2,UKVwc6I06x8,10510
ULtBuI6nMaY$_$10,ULtBuI6nMaY,10532
ULtBuI6nMaY$_$1,ULtBuI6nMaY,10533
ULtBuI6nMaY$_$3,ULtBuI6nMaY,10534
ULtBuI6nMaY$_$4,ULtBuI6nMaY,10535
ULtBuI6nMaY$_$7,ULtBuI6nMaY,10536
ULtBuI6nMaY$_$8,ULtBuI6nMaY,10537
URP2YlSNuZ4$_$3,URP2YlSNuZ4,10545
URP2YlSNuZ4$_$6,URP2YlSNuZ4,10546
UUukBV82P9A$_$11,UUukBV82P9A,10552
UUukBV82P9A$_$10,UUukBV82P9A,10553
UUukBV82P9A$_$12,UUukBV82P9A,10554
UUukBV82P9A$_$1,UUukBV82P9A,10555
UUukBV82P9A$_$3,UUukBV82P9A,10556
UUukBV82P9A$_$2,UUukBV82P9A,10557
UUukBV82P9A$_$5,UUukBV82P9A,10558
UUukBV82P9A$_$4,UUukBV82P9A,10559
UUukBV82P9A$_$7,UUukBV82P9A,10560
UUukBV82P9A$_$6,UUukBV82P9A,10561
UUukBV82P9A$_$9,UUukBV82P9A,10562
UUukBV82P9A$_$8,UUukBV82P9A,10563
UXvMaHD9kmA$_$24,UXvMaHD9kmA,10564
UXvMaHD9kmA$_$11,UXvMaHD9kmA,10565
UXvMaHD9kmA$_$13,UXvMaHD9kmA,10566
UXvMaHD9kmA$_$21,UXvMaHD9kmA,10567
UXvMaHD9kmA$_$22,UXvMaHD9kmA,10568
UXvMaHD9kmA$_$10,UXvMaHD9kmA,10569
UXvMaHD9kmA$_$18,UXvMaHD9kmA,10570
UXvMaHD9kmA$_$16,UXvMaHD9kmA,10571
UXvMaHD9kmA$_$23,UXvMaHD9kmA,10572
UXvMaHD9kmA$_$3,UXvMaHD9kmA,10573
UXvMaHD9kmA$_$2,UXvMaHD9kmA,10574
UXvMaHD9kmA$_$4,UXvMaHD9kmA,10575
UXvMaHD9kmA$_$8,UXvMaHD9kmA,10576
UXvMaHD9kmA$_$17,UXvMaHD9kmA,10577
UXvMaHD9kmA$_$14,UXvMaHD9kmA,10578
Ua4g9q0r-dI$_$24,Ua4g9q0r-dI,10579
Ua4g9q0r-dI$_$25,Ua4g9q0r-dI,10580
Ua4g9q0r-dI$_$13,Ua4g9q0r-dI,10581
Ua4g9q0r-dI$_$27,Ua4g9q0r-dI,10582
Ua4g9q0r-dI$_$15,Ua4g9q0r-dI,10583
Ua4g9q0r-dI$_$21,Ua4g9q0r-dI,10584
Ua4g9q0r-dI$_$23,Ua4g9q0r-dI,10585
Ua4g9q0r-dI$_$31,Ua4g9q0r-dI,10586
Ua4g9q0r-dI$_$28,Ua4g9q0r-dI,10587
Ua4g9q0r-dI$_$10,Ua4g9q0r-dI,10588
Ua4g9q0r-dI$_$1,Ua4g9q0r-dI,10589
Ua4g9q0r-dI$_$2,Ua4g9q0r-dI,10590
Ua4g9q0r-dI$_$5,Ua4g9q0r-dI,10591
Ua4g9q0r-dI$_$4,Ua4g9q0r-dI,10592
Ua4g9q0r-dI$_$6,Ua4g9q0r-dI,10593
Ua4g9q0r-dI$_$9,Ua4g9q0r-dI,10594
Ua4g9q0r-dI$_$14,Ua4g9q0r-dI,10595
UeOIb6s0pVM$_$10,UeOIb6s0pVM,10599
UeOIb6s0pVM$_$1,UeOIb6s0pVM,10600
UeOIb6s0pVM$_$0,UeOIb6s0pVM,10601
UeOIb6s0pVM$_$3,UeOIb6s0pVM,10602
UeOIb6s0pVM$_$2,UeOIb6s0pVM,10603
UeOIb6s0pVM$_$5,UeOIb6s0pVM,10604
UeOIb6s0pVM$_$4,UeOIb6s0pVM,10605
UeOIb6s0pVM$_$7,UeOIb6s0pVM,10606
UeOIb6s0pVM$_$6,UeOIb6s0pVM,10607
UeOIb6s0pVM$_$9,UeOIb6s0pVM,10608
UeOIb6s0pVM$_$8,UeOIb6s0pVM,10609
UfLMdSGGQVw$_$10,UfLMdSGGQVw,10610
UfLMdSGGQVw$_$1,UfLMdSGGQVw,10611
UfLMdSGGQVw$_$0,UfLMdSGGQVw,10612
UfLMdSGGQVw$_$3,UfLMdSGGQVw,10613
UfLMdSGGQVw$_$2,UfLMdSGGQVw,10614
UfLMdSGGQVw$_$4,UfLMdSGGQVw,10615
UfLMdSGGQVw$_$7,UfLMdSGGQVw,10616
UfLMdSGGQVw$_$6,UfLMdSGGQVw,10617
UfLMdSGGQVw$_$9,UfLMdSGGQVw,10618
UfLMdSGGQVw$_$8,UfLMdSGGQVw,10619
UgTM9y2rD38$_$1,UgTM9y2rD38,10620
UgTM9y2rD38$_$0,UgTM9y2rD38,10621
UgTM9y2rD38$_$2,UgTM9y2rD38,10622
Uiq0lf9ibF8$_$1,Uiq0lf9ibF8,10623
UkqTwAuA8jI$_$9,UkqTwAuA8jI,10626
UkqTwAuA8jI$_$1,UkqTwAuA8jI,10627
UkqTwAuA8jI$_$2,UkqTwAuA8jI,10628
UkqTwAuA8jI$_$7,UkqTwAuA8jI,10629
UmB5c_QqUPs$_$11,UmB5c_QqUPs,10630
UmB5c_QqUPs$_$13,UmB5c_QqUPs,10631
UmB5c_QqUPs$_$12,UmB5c_QqUPs,10632
UmB5c_QqUPs$_$15,UmB5c_QqUPs,10633
UmB5c_QqUPs$_$14,UmB5c_QqUPs,10634
UmB5c_QqUPs$_$16,UmB5c_QqUPs,10635
UmB5c_QqUPs$_$1,UmB5c_QqUPs,10636
UmB5c_QqUPs$_$3,UmB5c_QqUPs,10637
UmB5c_QqUPs$_$2,UmB5c_QqUPs,10638
UmB5c_QqUPs$_$4,UmB5c_QqUPs,10639
UmB5c_QqUPs$_$6,UmB5c_QqUPs,10640
UmB5c_QqUPs$_$9,UmB5c_QqUPs,10641
UmB5c_QqUPs$_$8,UmB5c_QqUPs,10642
UtjenieM1Ak$_$0,UtjenieM1Ak,10643
UtjenieM1Ak$_$3,UtjenieM1Ak,10644
UtjenieM1Ak$_$6,UtjenieM1Ak,10645
V5lfNohNlEg$_$0,V5lfNohNlEg,10659
VAFdgtqZz4g$_$0,VAFdgtqZz4g,10667
VAFdgtqZz4g$_$5,VAFdgtqZz4g,10668
VAFdgtqZz4g$_$4,VAFdgtqZz4g,10669
VCIe-4p0xoM$_$17,VCIe-4p0xoM,10688
VZqkWIPmH6w$_$11,VZqkWIPmH6w,10708
VZqkWIPmH6w$_$14,VZqkWIPmH6w,10709
VZqkWIPmH6w$_$16,VZqkWIPmH6w,10710
VZqkWIPmH6w$_$1,VZqkWIPmH6w,10711
VZqkWIPmH6w$_$2,VZqkWIPmH6w,10712
VZqkWIPmH6w$_$4,VZqkWIPmH6w,10713
VZqkWIPmH6w$_$7,VZqkWIPmH6w,10714
VZqkWIPmH6w$_$6,VZqkWIPmH6w,10715
VZqkWIPmH6w$_$9,VZqkWIPmH6w,10716
VZqkWIPmH6w$_$8,VZqkWIPmH6w,10717
VbmSzYg_lmg$_$3,VbmSzYg_lmg,10725
VjAvqFXEmmk$_$1,VjAvqFXEmmk,10753
VjAvqFXEmmk$_$0,VjAvqFXEmmk,10754
VjAvqFXEmmk$_$3,VjAvqFXEmmk,10755
VjAvqFXEmmk$_$2,VjAvqFXEmmk,10756
VjAvqFXEmmk$_$4,VjAvqFXEmmk,10757
VjAvqFXEmmk$_$6,VjAvqFXEmmk,10758
VjAvqFXEmmk$_$9,VjAvqFXEmmk,10759
VjAvqFXEmmk$_$8,VjAvqFXEmmk,10760
VoETCD8fBLI$_$2,VoETCD8fBLI,10761
VoETCD8fBLI$_$5,VoETCD8fBLI,10762
Vv2DTPyyw90$_$11,Vv2DTPyyw90,10764
Vv2DTPyyw90$_$12,Vv2DTPyyw90,10765
Vv2DTPyyw90$_$15,Vv2DTPyyw90,10766
Vv2DTPyyw90$_$0,Vv2DTPyyw90,10767
Vv2DTPyyw90$_$2,Vv2DTPyyw90,10768
Vv2DTPyyw90$_$9,Vv2DTPyyw90,10769
VybXjsmsjAY$_$11,VybXjsmsjAY,10781
VybXjsmsjAY$_$10,VybXjsmsjAY,10782
VybXjsmsjAY$_$13,VybXjsmsjAY,10783
VybXjsmsjAY$_$12,VybXjsmsjAY,10784
VybXjsmsjAY$_$5,VybXjsmsjAY,10785
VybXjsmsjAY$_$7,VybXjsmsjAY,10786
VybXjsmsjAY$_$6,VybXjsmsjAY,10787
VybXjsmsjAY$_$9,VybXjsmsjAY,10788
VybXjsmsjAY$_$8,VybXjsmsjAY,10789
VzDXgBOe5iI$_$3,VzDXgBOe5iI,10790
VzDXgBOe5iI$_$2,VzDXgBOe5iI,10791
VzDXgBOe5iI$_$4,VzDXgBOe5iI,10792
VzDXgBOe5iI$_$6,VzDXgBOe5iI,10793
W-ptEZFARVo$_$11,W-ptEZFARVo,10801
W-ptEZFARVo$_$10,W-ptEZFARVo,10802
W-ptEZFARVo$_$1,W-ptEZFARVo,10803
W-ptEZFARVo$_$0,W-ptEZFARVo,10804
W-ptEZFARVo$_$3,W-ptEZFARVo,10805
W-ptEZFARVo$_$2,W-ptEZFARVo,10806
W-ptEZFARVo$_$5,W-ptEZFARVo,10807
W-ptEZFARVo$_$4,W-ptEZFARVo,10808
W-ptEZFARVo$_$6,W-ptEZFARVo,10809
W-ptEZFARVo$_$9,W-ptEZFARVo,10810
W-ptEZFARVo$_$8,W-ptEZFARVo,10811
W53uRqITk2I$_$1,W53uRqITk2I,10830
W53uRqITk2I$_$0,W53uRqITk2I,10831
W53uRqITk2I$_$3,W53uRqITk2I,10832
W53uRqITk2I$_$5,W53uRqITk2I,10833
W53uRqITk2I$_$4,W53uRqITk2I,10834
W53uRqITk2I$_$7,W53uRqITk2I,10835
W53uRqITk2I$_$6,W53uRqITk2I,10836
W53uRqITk2I$_$9,W53uRqITk2I,10837
W53uRqITk2I$_$8,W53uRqITk2I,10838
WANirpnKa4w$_$1,WANirpnKa4w,10839
WANirpnKa4w$_$0,WANirpnKa4w,10840
WANirpnKa4w$_$2,WANirpnKa4w,10841
WANirpnKa4w$_$5,WANirpnKa4w,10842
WANirpnKa4w$_$6,WANirpnKa4w,10843
WBCRTcMJZZc$_$0,WBCRTcMJZZc,10852
WBCRTcMJZZc$_$3,WBCRTcMJZZc,10853
WBCRTcMJZZc$_$7,WBCRTcMJZZc,10854
WBCRTcMJZZc$_$6,WBCRTcMJZZc,10855
WJ2QF4Kw9Y8$_$1,WJ2QF4Kw9Y8,10861
WJ2QF4Kw9Y8$_$0,WJ2QF4Kw9Y8,10862
WJ2QF4Kw9Y8$_$5,WJ2QF4Kw9Y8,10863
WTF9xgqLIvI$_$11,WTF9xgqLIvI,10875
WTF9xgqLIvI$_$10,WTF9xgqLIvI,10876
WTF9xgqLIvI$_$1,WTF9xgqLIvI,10877
WTF9xgqLIvI$_$3,WTF9xgqLIvI,10878
WTF9xgqLIvI$_$2,WTF9xgqLIvI,10879
WTF9xgqLIvI$_$5,WTF9xgqLIvI,10880
WTF9xgqLIvI$_$4,WTF9xgqLIvI,10881
WTF9xgqLIvI$_$7,WTF9xgqLIvI,10882
WTF9xgqLIvI$_$6,WTF9xgqLIvI,10883
WTF9xgqLIvI$_$9,WTF9xgqLIvI,10884
WYSomBHdl4c$_$2,WYSomBHdl4c,10898
WZVfvgTeFPo$_$0,WZVfvgTeFPo,10899
WZVfvgTeFPo$_$3,WZVfvgTeFPo,10900
WZVfvgTeFPo$_$7,WZVfvgTeFPo,10901
WaaSYRPwQBw$_$1,WaaSYRPwQBw,10902
WaaSYRPwQBw$_$0,WaaSYRPwQBw,10903
WovurMxG2Aw$_$1,WovurMxG2Aw,10941
WovurMxG2Aw$_$0,WovurMxG2Aw,10942
WovurMxG2Aw$_$3,WovurMxG2Aw,10943
WovurMxG2Aw$_$2,WovurMxG2Aw,10944
WovurMxG2Aw$_$4,WovurMxG2Aw,10945
WxYb2x_irTM$_$0,WxYb2x_irTM,10950
WxYb2x_irTM$_$2,WxYb2x_irTM,10951
X3p50qqFW_w$_$10,X3p50qqFW_w,10976
X3p50qqFW_w$_$15,X3p50qqFW_w,10977
X3p50qqFW_w$_$14,X3p50qqFW_w,10978
X3p50qqFW_w$_$3,X3p50qqFW_w,10979
X3p50qqFW_w$_$2,X3p50qqFW_w,10980
X3p50qqFW_w$_$6,X3p50qqFW_w,10981
X6-jJO00DMg$_$8,X6-jJO00DMg,10982
X6-jJO00DMg$_$7,X6-jJO00DMg,10983
X6-jJO00DMg$_$0,X6-jJO00DMg,10984
X7-Gbk8gAD0$_$1,X7-Gbk8gAD0,10985
X7-Gbk8gAD0$_$0,X7-Gbk8gAD0,10986
X7-Gbk8gAD0$_$2,X7-Gbk8gAD0,10987
X7-Gbk8gAD0$_$5,X7-Gbk8gAD0,10988
X7-Gbk8gAD0$_$4,X7-Gbk8gAD0,10989
X7-Gbk8gAD0$_$7,X7-Gbk8gAD0,10990
X7-Gbk8gAD0$_$6,X7-Gbk8gAD0,10991
XEZ7e4pf1xE$_$11,XEZ7e4pf1xE,11020
XEZ7e4pf1xE$_$10,XEZ7e4pf1xE,11021
XEZ7e4pf1xE$_$12,XEZ7e4pf1xE,11022
XEZ7e4pf1xE$_$1,XEZ7e4pf1xE,11023
XEZ7e4pf1xE$_$0,XEZ7e4pf1xE,11024
XEZ7e4pf1xE$_$3,XEZ7e4pf1xE,11025
XEZ7e4pf1xE$_$2,XEZ7e4pf1xE,11026
XEZ7e4pf1xE$_$5,XEZ7e4pf1xE,11027
XEZ7e4pf1xE$_$4,XEZ7e4pf1xE,11028
XEZ7e4pf1xE$_$6,XEZ7e4pf1xE,11029
XEZ7e4pf1xE$_$9,XEZ7e4pf1xE,11030
XPoY4LD-A1I$_$11,XPoY4LD-A1I,11037
XPoY4LD-A1I$_$10,XPoY4LD-A1I,11038
XPoY4LD-A1I$_$12,XPoY4LD-A1I,11039
XPoY4LD-A1I$_$1,XPoY4LD-A1I,11040
XPoY4LD-A1I$_$2,XPoY4LD-A1I,11041
XPoY4LD-A1I$_$4,XPoY4LD-A1I,11042
XPoY4LD-A1I$_$6,XPoY4LD-A1I,11043
XPoY4LD-A1I$_$8,XPoY4LD-A1I,11044
XVSDfgstFUQ$_$1,XVSDfgstFUQ,11052
XVSDfgstFUQ$_$0,XVSDfgstFUQ,11053
XVSDfgstFUQ$_$3,XVSDfgstFUQ,11054
XVSDfgstFUQ$_$2,XVSDfgstFUQ,11055
XVSDfgstFUQ$_$5,XVSDfgstFUQ,11056
XVSDfgstFUQ$_$4,XVSDfgstFUQ,11057
XbolrpSc0KU$_$1,XbolrpSc0KU,11074
XbolrpSc0KU$_$0,XbolrpSc0KU,11075
XbolrpSc0KU$_$3,XbolrpSc0KU,11076
XbolrpSc0KU$_$2,XbolrpSc0KU,11077
XbolrpSc0KU$_$5,XbolrpSc0KU,11078
XbolrpSc0KU$_$4,XbolrpSc0KU,11079
XsEPZydHWdo$_$4,XsEPZydHWdo,11099
XsEPZydHWdo$_$6,XsEPZydHWdo,11100
Xx7Y2YIbleA$_$13,Xx7Y2YIbleA,11104
Xx7Y2YIbleA$_$14,Xx7Y2YIbleA,11105
Xx7Y2YIbleA$_$16,Xx7Y2YIbleA,11106
Xx7Y2YIbleA$_$1,Xx7Y2YIbleA,11107
Xx7Y2YIbleA$_$5,Xx7Y2YIbleA,11108
Xx7Y2YIbleA$_$4,Xx7Y2YIbleA,11109
Xx7Y2YIbleA$_$6,Xx7Y2YIbleA,11110
Xx7Y2YIbleA$_$9,Xx7Y2YIbleA,11111
Xx7Y2YIbleA$_$8,Xx7Y2YIbleA,11112
Y4izAQYtGEw$_$1,Y4izAQYtGEw,11136
Y4izAQYtGEw$_$0,Y4izAQYtGEw,11137
Y4izAQYtGEw$_$3,Y4izAQYtGEw,11138
Y4izAQYtGEw$_$5,Y4izAQYtGEw,11139
Y4izAQYtGEw$_$6,Y4izAQYtGEw,11140
Y6zyM1nDhN0$_$1,Y6zyM1nDhN0,11145
Y6zyM1nDhN0$_$0,Y6zyM1nDhN0,11146
Y6zyM1nDhN0$_$3,Y6zyM1nDhN0,11147
Y6zyM1nDhN0$_$2,Y6zyM1nDhN0,11148
Y6zyM1nDhN0$_$5,Y6zyM1nDhN0,11149
Y6zyM1nDhN0$_$4,Y6zyM1nDhN0,11150
Y9fvHRNz2Bs$_$8,Y9fvHRNz2Bs,11151
Y9fvHRNz2Bs$_$12,Y9fvHRNz2Bs,11152
Y9fvHRNz2Bs$_$15,Y9fvHRNz2Bs,11153
Y9fvHRNz2Bs$_$16,Y9fvHRNz2Bs,11154
YEOU4KFDjZo$_$0,YEOU4KFDjZo,11166
YEOU4KFDjZo$_$2,YEOU4KFDjZo,11167
YEOU4KFDjZo$_$5,YEOU4KFDjZo,11168
YGeVGXXK3ao$_$1,YGeVGXXK3ao,11176
YGeVGXXK3ao$_$2,YGeVGXXK3ao,11177
YGeVGXXK3ao$_$4,YGeVGXXK3ao,11178
YITXOmhQhYE$_$15,YITXOmhQhYE,11179
YITXOmhQhYE$_$16,YITXOmhQhYE,11180
YITXOmhQhYE$_$0,YITXOmhQhYE,11181
YITXOmhQhYE$_$3,YITXOmhQhYE,11182
YITXOmhQhYE$_$2,YITXOmhQhYE,11183
YITXOmhQhYE$_$5,YITXOmhQhYE,11184
YITXOmhQhYE$_$4,YITXOmhQhYE,11185
YITXOmhQhYE$_$7,YITXOmhQhYE,11186
YITXOmhQhYE$_$6,YITXOmhQhYE,11187
YITXOmhQhYE$_$9,YITXOmhQhYE,11188
YJJoYkFPmds$_$11,YJJoYkFPmds,11189
YJJoYkFPmds$_$10,YJJoYkFPmds,11190
YJJoYkFPmds$_$13,YJJoYkFPmds,11191
YJJoYkFPmds$_$12,YJJoYkFPmds,11192
YJJoYkFPmds$_$1,YJJoYkFPmds,11193
YJJoYkFPmds$_$3,YJJoYkFPmds,11194
YJJoYkFPmds$_$2,YJJoYkFPmds,11195
YJJoYkFPmds$_$5,YJJoYkFPmds,11196
YJJoYkFPmds$_$7,YJJoYkFPmds,11197
YJJoYkFPmds$_$6,YJJoYkFPmds,11198
YJJoYkFPmds$_$9,YJJoYkFPmds,11199
YJJoYkFPmds$_$8,YJJoYkFPmds,11200
YRmjALBdTdE$_$0,YRmjALBdTdE,11224
YRmjALBdTdE$_$3,YRmjALBdTdE,11225
YRmjALBdTdE$_$2,YRmjALBdTdE,11226
YRmjALBdTdE$_$5,YRmjALBdTdE,11227
YRmjALBdTdE$_$4,YRmjALBdTdE,11228
YRmjALBdTdE$_$7,YRmjALBdTdE,11229
YRmjALBdTdE$_$6,YRmjALBdTdE,11230
YVBsDJtAbk4$_$10,YVBsDJtAbk4,11231
YVBsDJtAbk4$_$3,YVBsDJtAbk4,11232
YVBsDJtAbk4$_$7,YVBsDJtAbk4,11233
YVBsDJtAbk4$_$8,YVBsDJtAbk4,11234
YWxvIFmYnNU$_$11,YWxvIFmYnNU,11250
YWxvIFmYnNU$_$24,YWxvIFmYnNU,11251
YWxvIFmYnNU$_$13,YWxvIFmYnNU,11252
YWxvIFmYnNU$_$27,YWxvIFmYnNU,11253
YWxvIFmYnNU$_$20,YWxvIFmYnNU,11254
YWxvIFmYnNU$_$14,YWxvIFmYnNU,11255
YWxvIFmYnNU$_$22,YWxvIFmYnNU,11256
YWxvIFmYnNU$_$19,YWxvIFmYnNU,11257
YWxvIFmYnNU$_$31,YWxvIFmYnNU,11258
YWxvIFmYnNU$_$30,YWxvIFmYnNU,11259
YWxvIFmYnNU$_$37,YWxvIFmYnNU,11260
YWxvIFmYnNU$_$26,YWxvIFmYnNU,11261
YWxvIFmYnNU$_$35,YWxvIFmYnNU,11262
YWxvIFmYnNU$_$29,YWxvIFmYnNU,11263
YWxvIFmYnNU$_$17,YWxvIFmYnNU,11264
YWxvIFmYnNU$_$7,YWxvIFmYnNU,11265
YWxvIFmYnNU$_$6,YWxvIFmYnNU,11266
YWxvIFmYnNU$_$9,YWxvIFmYnNU,11267
YWxvIFmYnNU$_$44,YWxvIFmYnNU,11268
YWxvIFmYnNU$_$48,YWxvIFmYnNU,11269
YcJ5RJYUr7Y$_$25,YcJ5RJYUr7Y,11274
YcJ5RJYUr7Y$_$27,YcJ5RJYUr7Y,11275
YcJ5RJYUr7Y$_$21,YcJ5RJYUr7Y,11276
YcJ5RJYUr7Y$_$17,YcJ5RJYUr7Y,11277
YcJ5RJYUr7Y$_$23,YcJ5RJYUr7Y,11278
YcJ5RJYUr7Y$_$19,YcJ5RJYUr7Y,11279
YcJ5RJYUr7Y$_$42,YcJ5RJYUr7Y,11280
YcJ5RJYUr7Y$_$44,YcJ5RJYUr7Y,11281
YcJ5RJYUr7Y$_$48,YcJ5RJYUr7Y,11282
YcJ5RJYUr7Y$_$28,YcJ5RJYUr7Y,11283
YcJ5RJYUr7Y$_$29,YcJ5RJYUr7Y,11284
YcJ5RJYUr7Y$_$35,YcJ5RJYUr7Y,11285
YcJ5RJYUr7Y$_$3,YcJ5RJYUr7Y,11286
YcJ5RJYUr7Y$_$2,YcJ5RJYUr7Y,11287
YcJ5RJYUr7Y$_$6,YcJ5RJYUr7Y,11288
YcJ5RJYUr7Y$_$8,YcJ5RJYUr7Y,11289
YgyqX4aZ4tE$_$13,YgyqX4aZ4tE,11302
YgyqX4aZ4tE$_$12,YgyqX4aZ4tE,11303
YgyqX4aZ4tE$_$16,YgyqX4aZ4tE,11304
YgyqX4aZ4tE$_$18,YgyqX4aZ4tE,11305
YgyqX4aZ4tE$_$23,YgyqX4aZ4tE,11306
YgyqX4aZ4tE$_$3,YgyqX4aZ4tE,11307
YgyqX4aZ4tE$_$2,YgyqX4aZ4tE,11308
YgyqX4aZ4tE$_$4,YgyqX4aZ4tE,11309
YgyqX4aZ4tE$_$8,YgyqX4aZ4tE,11310
YjNYBBs1AZw$_$6,YjNYBBs1AZw,11320
YmGfjU5PGyE$_$15,YmGfjU5PGyE,11321
YmGfjU5PGyE$_$5,YmGfjU5PGyE,11322
YqHEmUKUy-E$_$3,YqHEmUKUy-E,11338
YqHEmUKUy-E$_$2,YqHEmUKUy-E,11339
ZJGzEeDXbyM$_$1,ZJGzEeDXbyM,11363
ZJGzEeDXbyM$_$0,ZJGzEeDXbyM,11364
ZMAoUt0SD7E$_$1,ZMAoUt0SD7E,11367
ZQuGizjoCTY$_$1,ZQuGizjoCTY,11370
ZQuGizjoCTY$_$3,ZQuGizjoCTY,11371
ZQuGizjoCTY$_$2,ZQuGizjoCTY,11372
ZQuGizjoCTY$_$4,ZQuGizjoCTY,11373
ZQuGizjoCTY$_$7,ZQuGizjoCTY,11374
ZQuGizjoCTY$_$6,ZQuGizjoCTY,11375
ZQuGizjoCTY$_$8,ZQuGizjoCTY,11376
ZRic9ygn9f8$_$1,ZRic9ygn9f8,11377
ZRic9ygn9f8$_$3,ZRic9ygn9f8,11378
ZRic9ygn9f8$_$4,ZRic9ygn9f8,11379
ZUqTWOx9jYU$_$3,ZUqTWOx9jYU,11389
ZUqTWOx9jYU$_$5,ZUqTWOx9jYU,11390
ZUqTWOx9jYU$_$4,ZUqTWOx9jYU,11391
ZUqTWOx9jYU$_$7,ZUqTWOx9jYU,11392
ZUqTWOx9jYU$_$6,ZUqTWOx9jYU,11393
ZUqTWOx9jYU$_$8,ZUqTWOx9jYU,11394
ZW4Oe_fKJM0$_$1,ZW4Oe_fKJM0,11395
ZW4Oe_fKJM0$_$0,ZW4Oe_fKJM0,11396
ZW4Oe_fKJM0$_$5,ZW4Oe_fKJM0,11397
ZW4Oe_fKJM0$_$4,ZW4Oe_fKJM0,11398
ZW4Oe_fKJM0$_$7,ZW4Oe_fKJM0,11399
ZW4Oe_fKJM0$_$6,ZW4Oe_fKJM0,11400
ZW4Oe_fKJM0$_$8,ZW4Oe_fKJM0,11401
ZXHX_e6HCI0$_$1,ZXHX_e6HCI0,11402
ZXHX_e6HCI0$_$0,ZXHX_e6HCI0,11403
ZXHX_e6HCI0$_$3,ZXHX_e6HCI0,11404
ZXHX_e6HCI0$_$2,ZXHX_e6HCI0,11405
ZbVa-a2tNFM$_$0,ZbVa-a2tNFM,11419
ZbVa-a2tNFM$_$3,ZbVa-a2tNFM,11420
ZbVa-a2tNFM$_$2,ZbVa-a2tNFM,11421
ZdX9sUd3bAI$_$1,ZdX9sUd3bAI,11422
ZdX9sUd3bAI$_$3,ZdX9sUd3bAI,11423
ZdX9sUd3bAI$_$2,ZdX9sUd3bAI,11424
ZdX9sUd3bAI$_$4,ZdX9sUd3bAI,11425
ZfQYEa2fHGo$_$0,ZfQYEa2fHGo,11426
ZfQYEa2fHGo$_$2,ZfQYEa2fHGo,11427
ZfQYEa2fHGo$_$4,ZfQYEa2fHGo,11428
ZiM_gkdFGJk$_$10,ZiM_gkdFGJk,11431
ZiM_gkdFGJk$_$4,ZiM_gkdFGJk,11432
Zj_4YmbMWtg$_$10,Zj_4YmbMWtg,11433
Zj_4YmbMWtg$_$3,Zj_4YmbMWtg,11434
Zj_4YmbMWtg$_$5,Zj_4YmbMWtg,11435
Zj_4YmbMWtg$_$6,Zj_4YmbMWtg,11436
ZltpfWh2aIw$_$0,ZltpfWh2aIw,11448
Zo8jCDGMWjw$_$0,Zo8jCDGMWjw,11452
Zr3psuFQoDY$_$8,Zr3psuFQoDY,11453
_26JmJnPKfM$_$24,_26JmJnPKfM,11474
_26JmJnPKfM$_$20,_26JmJnPKfM,11475
_26JmJnPKfM$_$21,_26JmJnPKfM,11476
_26JmJnPKfM$_$22,_26JmJnPKfM,11477
_26JmJnPKfM$_$23,_26JmJnPKfM,11478
_26JmJnPKfM$_$1,_26JmJnPKfM,11479
_26JmJnPKfM$_$0,_26JmJnPKfM,11480
_26JmJnPKfM$_$3,_26JmJnPKfM,11481
_26JmJnPKfM$_$2,_26JmJnPKfM,11482
_26JmJnPKfM$_$5,_26JmJnPKfM,11483
_26JmJnPKfM$_$4,_26JmJnPKfM,11484
_26JmJnPKfM$_$7,_26JmJnPKfM,11485
_26JmJnPKfM$_$6,_26JmJnPKfM,11486
_26JmJnPKfM$_$8,_26JmJnPKfM,11487
_26JmJnPKfM$_$11,_26JmJnPKfM,11488
_26JmJnPKfM$_$10,_26JmJnPKfM,11489
_26JmJnPKfM$_$13,_26JmJnPKfM,11490
_26JmJnPKfM$_$12,_26JmJnPKfM,11491
_26JmJnPKfM$_$15,_26JmJnPKfM,11492
_26JmJnPKfM$_$14,_26JmJnPKfM,11493
_26JmJnPKfM$_$17,_26JmJnPKfM,11494
_26JmJnPKfM$_$16,_26JmJnPKfM,11495
_26JmJnPKfM$_$19,_26JmJnPKfM,11496
_26JmJnPKfM$_$18,_26JmJnPKfM,11497
_2u0MkRqpjA$_$3,_2u0MkRqpjA,11498
_4K620KW_Is$_$2,_4K620KW_Is,11499
_4K620KW_Is$_$4,_4K620KW_Is,11500
_4K620KW_Is$_$6,_4K620KW_Is,11501
_HabvL0VnrQ$_$11,_HabvL0VnrQ,11530
_HabvL0VnrQ$_$24,_HabvL0VnrQ,11531
_HabvL0VnrQ$_$19,_HabvL0VnrQ,11532
_HabvL0VnrQ$_$31,_HabvL0VnrQ,11533
_HabvL0VnrQ$_$0,_HabvL0VnrQ,11534
_HabvL0VnrQ$_$7,_HabvL0VnrQ,11535
_HabvL0VnrQ$_$6,_HabvL0VnrQ,11536
_HabvL0VnrQ$_$9,_HabvL0VnrQ,11537
_HabvL0VnrQ$_$8,_HabvL0VnrQ,11538
_JcML8u5Wes$_$1,_JcML8u5Wes,11548
_JcML8u5Wes$_$3,_JcML8u5Wes,11549
_JcML8u5Wes$_$2,_JcML8u5Wes,11550
_KGd7IpX3B4$_$1,_KGd7IpX3B4,11553
_UNQDdiAbWI$_$0,_UNQDdiAbWI,11569
_UNQDdiAbWI$_$4,_UNQDdiAbWI,11570
_UNQDdiAbWI$_$7,_UNQDdiAbWI,11571
_UNQDdiAbWI$_$6,_UNQDdiAbWI,11572
_XWUKMkxa-Q$_$4,_XWUKMkxa-Q,11579
_YzIvwvyIq4$_$5,_YzIvwvyIq4,11580
_iRAn6feOmw$_$24,_iRAn6feOmw,11589
_iRAn6feOmw$_$25,_iRAn6feOmw,11590
_iRAn6feOmw$_$15,_iRAn6feOmw,11591
_iRAn6feOmw$_$14,_iRAn6feOmw,11592
_iRAn6feOmw$_$17,_iRAn6feOmw,11593
_tBaGXNwlp0$_$1,_tBaGXNwlp0,11612
_tBaGXNwlp0$_$0,_tBaGXNwlp0,11613
_tBaGXNwlp0$_$3,_tBaGXNwlp0,11614
_tBaGXNwlp0$_$5,_tBaGXNwlp0,11615
_tBaGXNwlp0$_$4,_tBaGXNwlp0,11616
_tBaGXNwlp0$_$6,_tBaGXNwlp0,11617
_v8c7iWkYz0$_$3,_v8c7iWkYz0,11618
_v8c7iWkYz0$_$2,_v8c7iWkYz0,11619
_v8c7iWkYz0$_$4,_v8c7iWkYz0,11620
_v8c7iWkYz0$_$7,_v8c7iWkYz0,11621
_v8c7iWkYz0$_$6,_v8c7iWkYz0,11622
_v8c7iWkYz0$_$8,_v8c7iWkYz0,11623
a4vRa-_nuJw$_$11,a4vRa-_nuJw,11630
a4vRa-_nuJw$_$10,a4vRa-_nuJw,11631
a4vRa-_nuJw$_$1,a4vRa-_nuJw,11632
a4vRa-_nuJw$_$0,a4vRa-_nuJw,11633
a4vRa-_nuJw$_$3,a4vRa-_nuJw,11634
a4vRa-_nuJw$_$4,a4vRa-_nuJw,11635
a7HHg_JygJo$_$14,a7HHg_JygJo,11649
a7HHg_JygJo$_$18,a7HHg_JygJo,11650
a7HHg_JygJo$_$1,a7HHg_JygJo,11651
a7HHg_JygJo$_$5,a7HHg_JygJo,11652
a7HHg_JygJo$_$4,a7HHg_JygJo,11653
a7HHg_JygJo$_$7,a7HHg_JygJo,11654
a7HHg_JygJo$_$6,a7HHg_JygJo,11655
a8WV5KEMKSw$_$1,a8WV5KEMKSw,11656
a8WV5KEMKSw$_$0,a8WV5KEMKSw,11657
a8WV5KEMKSw$_$3,a8WV5KEMKSw,11658
a8WV5KEMKSw$_$2,a8WV5KEMKSw,11659
a8WV5KEMKSw$_$4,a8WV5KEMKSw,11660
aCwLQrJz4Bo$_$1,aCwLQrJz4Bo,11661
aCwLQrJz4Bo$_$0,aCwLQrJz4Bo,11662
aCwLQrJz4Bo$_$3,aCwLQrJz4Bo,11663
aCwLQrJz4Bo$_$12,aCwLQrJz4Bo,11664
aCwLQrJz4Bo$_$7,aCwLQrJz4Bo,11665
aDvgbBqTWWE$_$11,aDvgbBqTWWE,11666
aDvgbBqTWWE$_$10,aDvgbBqTWWE,11667
aDvgbBqTWWE$_$27,aDvgbBqTWWE,11668
aDvgbBqTWWE$_$23,aDvgbBqTWWE,11669
aDvgbBqTWWE$_$30,aDvgbBqTWWE,11670
aDvgbBqTWWE$_$2,aDvgbBqTWWE,11671
aE7sckIAWuw$_$1,aE7sckIAWuw,11675
aE7sckIAWuw$_$3,aE7sckIAWuw,11676
aE7sckIAWuw$_$5,aE7sckIAWuw,11677
aE7sckIAWuw$_$4,aE7sckIAWuw,11678
aE7sckIAWuw$_$6,aE7sckIAWuw,11679
aE7sckIAWuw$_$8,aE7sckIAWuw,11680
aI1tdJPHz2I$_$1,aI1tdJPHz2I,11706
aI1tdJPHz2I$_$0,aI1tdJPHz2I,11707
aI1tdJPHz2I$_$3,aI1tdJPHz2I,11708
aI1tdJPHz2I$_$2,aI1tdJPHz2I,11709
aIUF3QJJOF4$_$11,aIUF3QJJOF4,11710
aIUF3QJJOF4$_$12,aIUF3QJJOF4,11711
aIUF3QJJOF4$_$0,aIUF3QJJOF4,11712
aIUF3QJJOF4$_$3,aIUF3QJJOF4,11713
aIUF3QJJOF4$_$2,aIUF3QJJOF4,11714
aIUF3QJJOF4$_$5,aIUF3QJJOF4,11715
aIUF3QJJOF4$_$7,aIUF3QJJOF4,11716
aIUF3QJJOF4$_$6,aIUF3QJJOF4,11717
aIUF3QJJOF4$_$9,aIUF3QJJOF4,11718
aKPfbyW-Qxw$_$11,aKPfbyW-Qxw,11719
aKPfbyW-Qxw$_$12,aKPfbyW-Qxw,11720
aKPfbyW-Qxw$_$1,aKPfbyW-Qxw,11721
aKPfbyW-Qxw$_$0,aKPfbyW-Qxw,11722
aKPfbyW-Qxw$_$3,aKPfbyW-Qxw,11723
aKPfbyW-Qxw$_$2,aKPfbyW-Qxw,11724
aKPfbyW-Qxw$_$4,aKPfbyW-Qxw,11725
aKPfbyW-Qxw$_$6,aKPfbyW-Qxw,11726
aKPfbyW-Qxw$_$8,aKPfbyW-Qxw,11727
aMtFBGh2wKI$_$11,aMtFBGh2wKI,11728
aMtFBGh2wKI$_$10,aMtFBGh2wKI,11729
aMtFBGh2wKI$_$12,aMtFBGh2wKI,11730
aMtFBGh2wKI$_$3,aMtFBGh2wKI,11731
aMtFBGh2wKI$_$4,aMtFBGh2wKI,11732
aMtFBGh2wKI$_$7,aMtFBGh2wKI,11733
aWwjhcYLbRw$_$1,aWwjhcYLbRw,11739
aWwjhcYLbRw$_$3,aWwjhcYLbRw,11740
aWwjhcYLbRw$_$4,aWwjhcYLbRw,11741
aZjCq_hv2Pk$_$11,aZjCq_hv2Pk,11748
aZjCq_hv2Pk$_$12,aZjCq_hv2Pk,11749
aZjCq_hv2Pk$_$5,aZjCq_hv2Pk,11750
afCsKTHteg4$_$1,afCsKTHteg4,11751
afCsKTHteg4$_$0,afCsKTHteg4,11752
afCsKTHteg4$_$3,afCsKTHteg4,11753
afCsKTHteg4$_$5,afCsKTHteg4,11754
aiUq5xksJy0$_$1,aiUq5xksJy0,11762
aiUq5xksJy0$_$3,aiUq5xksJy0,11763
aiUq5xksJy0$_$2,aiUq5xksJy0,11764
aiUq5xksJy0$_$5,aiUq5xksJy0,11765
aiUq5xksJy0$_$4,aiUq5xksJy0,11766
aiUq5xksJy0$_$7,aiUq5xksJy0,11767
aiUq5xksJy0$_$6,aiUq5xksJy0,11768
aiUq5xksJy0$_$8,aiUq5xksJy0,11769
ap465Tlzf88$_$1,ap465Tlzf88,11785
ap465Tlzf88$_$3,ap465Tlzf88,11786
aqmRPNfeOy8$_$0,aqmRPNfeOy8,11787
aqmRPNfeOy8$_$2,aqmRPNfeOy8,11788
aqmRPNfeOy8$_$5,aqmRPNfeOy8,11789
aqmRPNfeOy8$_$6,aqmRPNfeOy8,11790
assx_NKo-L8$_$11,assx_NKo-L8,11801
assx_NKo-L8$_$10,assx_NKo-L8,11802
assx_NKo-L8$_$13,assx_NKo-L8,11803
assx_NKo-L8$_$12,assx_NKo-L8,11804
assx_NKo-L8$_$15,assx_NKo-L8,11805
assx_NKo-L8$_$14,assx_NKo-L8,11806
assx_NKo-L8$_$17,assx_NKo-L8,11807
assx_NKo-L8$_$16,assx_NKo-L8,11808
assx_NKo-L8$_$19,assx_NKo-L8,11809
assx_NKo-L8$_$18,assx_NKo-L8,11810
assx_NKo-L8$_$1,assx_NKo-L8,11811
assx_NKo-L8$_$0,assx_NKo-L8,11812
assx_NKo-L8$_$3,assx_NKo-L8,11813
assx_NKo-L8$_$2,assx_NKo-L8,11814
assx_NKo-L8$_$5,assx_NKo-L8,11815
assx_NKo-L8$_$4,assx_NKo-L8,11816
assx_NKo-L8$_$7,assx_NKo-L8,11817
assx_NKo-L8$_$6,assx_NKo-L8,11818
assx_NKo-L8$_$9,assx_NKo-L8,11819
assx_NKo-L8$_$20,assx_NKo-L8,11820
assx_NKo-L8$_$8,assx_NKo-L8,11821
atxoi7pB5TM$_$10,atxoi7pB5TM,11822
atxoi7pB5TM$_$2,atxoi7pB5TM,11823
atxoi7pB5TM$_$8,atxoi7pB5TM,11824
bCDfIJ12oqM$_$0,bCDfIJ12oqM,11875
bCDfIJ12oqM$_$3,bCDfIJ12oqM,11876
bEXCrGIOoWU$_$11,bEXCrGIOoWU,11884
bEXCrGIOoWU$_$1,bEXCrGIOoWU,11885
bEXCrGIOoWU$_$12,bEXCrGIOoWU,11886
bI3DTH2yTbM$_$5,bI3DTH2yTbM,11887
bI3DTH2yTbM$_$6,bI3DTH2yTbM,11888
bJI7-LnKPH4$_$12,bJI7-LnKPH4,11889
bJI7-LnKPH4$_$0,bJI7-LnKPH4,11890
bJI7-LnKPH4$_$3,bJI7-LnKPH4,11891
bJI7-LnKPH4$_$2,bJI7-LnKPH4,11892
bJI7-LnKPH4$_$7,bJI7-LnKPH4,11893
bJI7-LnKPH4$_$6,bJI7-LnKPH4,11894
bQcJVJcpgAs$_$1,bQcJVJcpgAs,11896
bQcJVJcpgAs$_$0,bQcJVJcpgAs,11897
bQcJVJcpgAs$_$3,bQcJVJcpgAs,11898
bQcJVJcpgAs$_$4,bQcJVJcpgAs,11899
bU6CgE_kMRY$_$1,bU6CgE_kMRY,11900
bU6CgE_kMRY$_$3,bU6CgE_kMRY,11901
bU6CgE_kMRY$_$5,bU6CgE_kMRY,11902
bU6CgE_kMRY$_$4,bU6CgE_kMRY,11903
bZ2ytqPtyK4$_$14,bZ2ytqPtyK4,11926
b_SffSbPVJM$_$10,b_SffSbPVJM,11927
b_SffSbPVJM$_$3,b_SffSbPVJM,11928
b_SffSbPVJM$_$2,b_SffSbPVJM,11929
b_SffSbPVJM$_$5,b_SffSbPVJM,11930
b_SffSbPVJM$_$9,b_SffSbPVJM,11931
b_SffSbPVJM$_$8,b_SffSbPVJM,11932
babuyKl7EAw$_$11,babuyKl7EAw,11933
babuyKl7EAw$_$10,babuyKl7EAw,11934
babuyKl7EAw$_$1,babuyKl7EAw,11935
babuyKl7EAw$_$0,babuyKl7EAw,11936
babuyKl7EAw$_$3,babuyKl7EAw,11937
babuyKl7EAw$_$2,babuyKl7EAw,11938
babuyKl7EAw$_$5,babuyKl7EAw,11939
babuyKl7EAw$_$4,babuyKl7EAw,11940
babuyKl7EAw$_$7,babuyKl7EAw,11941
babuyKl7EAw$_$6,babuyKl7EAw,11942
babuyKl7EAw$_$9,babuyKl7EAw,11943
babuyKl7EAw$_$8,babuyKl7EAw,11944
badtXoOJaf8$_$0,badtXoOJaf8,11945
badtXoOJaf8$_$2,badtXoOJaf8,11946
badtXoOJaf8$_$5,badtXoOJaf8,11947
badtXoOJaf8$_$7,badtXoOJaf8,11948
badtXoOJaf8$_$6,badtXoOJaf8,11949
bge5PUG3G4A$_$1,bge5PUG3G4A,11969
bge5PUG3G4A$_$2,bge5PUG3G4A,11970
bge5PUG3G4A$_$5,bge5PUG3G4A,11971
bge5PUG3G4A$_$4,bge5PUG3G4A,11972
bhFK-xy76U4$_$1,bhFK-xy76U4,11974
bhFK-xy76U4$_$2,bhFK-xy76U4,11975
bkP-BNW4oMg$_$1,bkP-BNW4oMg,11982
bkP-BNW4oMg$_$0,bkP-BNW4oMg,11983
bkP-BNW4oMg$_$3,bkP-BNW4oMg,11984
bkP-BNW4oMg$_$5,bkP-BNW4oMg,11985
bkP-BNW4oMg$_$4,bkP-BNW4oMg,11986
bkP-BNW4oMg$_$6,bkP-BNW4oMg,11987
c7xUcM68IFE$_$11,c7xUcM68IFE,12013
c7xUcM68IFE$_$13,c7xUcM68IFE,12014
c7xUcM68IFE$_$12,c7xUcM68IFE,12015
c7xUcM68IFE$_$2,c7xUcM68IFE,12016
c7xUcM68IFE$_$5,c7xUcM68IFE,12017
c7xUcM68IFE$_$4,c7xUcM68IFE,12018
c7xUcM68IFE$_$9,c7xUcM68IFE,12019
c7xUcM68IFE$_$8,c7xUcM68IFE,12020
c805Td8A_Ek$_$15,c805Td8A_Ek,12021
c805Td8A_Ek$_$22,c805Td8A_Ek,12022
c805Td8A_Ek$_$17,c805Td8A_Ek,12023
c805Td8A_Ek$_$16,c805Td8A_Ek,12024
c805Td8A_Ek$_$19,c805Td8A_Ek,12025
c805Td8A_Ek$_$18,c805Td8A_Ek,12026
c805Td8A_Ek$_$3,c805Td8A_Ek,12027
c805Td8A_Ek$_$2,c805Td8A_Ek,12028
c805Td8A_Ek$_$20,c805Td8A_Ek,12029
cHBRDdSXLtU$_$0,cHBRDdSXLtU,12044
cHBRDdSXLtU$_$3,cHBRDdSXLtU,12045
cHrOisasWLU$_$1,cHrOisasWLU,12046
cHrOisasWLU$_$3,cHrOisasWLU,12047
cHrOisasWLU$_$4,cHrOisasWLU,12048
cKldvZeyRDA$_$2,cKldvZeyRDA,12052
cM1Zuji24dI$_$3,cM1Zuji24dI,12055
cM1Zuji24dI$_$2,cM1Zuji24dI,12056
cMsTvqU_-rc$_$0,cMsTvqU_-rc,12058
cMsTvqU_-rc$_$2,cMsTvqU_-rc,12059
cOcNe3L4VAg$_$11,cOcNe3L4VAg,12060
cOcNe3L4VAg$_$10,cOcNe3L4VAg,12061
cOcNe3L4VAg$_$13,cOcNe3L4VAg,12062
cOcNe3L4VAg$_$12,cOcNe3L4VAg,12063
cOcNe3L4VAg$_$15,cOcNe3L4VAg,12064
cOcNe3L4VAg$_$14,cOcNe3L4VAg,12065
cOcNe3L4VAg$_$1,cOcNe3L4VAg,12066
cOcNe3L4VAg$_$0,cOcNe3L4VAg,12067
cOcNe3L4VAg$_$3,cOcNe3L4VAg,12068
cOcNe3L4VAg$_$2,cOcNe3L4VAg,12069
cOcNe3L4VAg$_$5,cOcNe3L4VAg,12070
cOcNe3L4VAg$_$4,cOcNe3L4VAg,12071
cOcNe3L4VAg$_$7,cOcNe3L4VAg,12072
cOcNe3L4VAg$_$6,cOcNe3L4VAg,12073
cOcNe3L4VAg$_$9,cOcNe3L4VAg,12074
cOcNe3L4VAg$_$8,cOcNe3L4VAg,12075
cRFiXLzcCOA$_$0,cRFiXLzcCOA,12076
cRFiXLzcCOA$_$3,cRFiXLzcCOA,12077
cRFiXLzcCOA$_$2,cRFiXLzcCOA,12078
cRFiXLzcCOA$_$4,cRFiXLzcCOA,12079
cR_KQlNhoNE$_$11,cR_KQlNhoNE,12080
cR_KQlNhoNE$_$25,cR_KQlNhoNE,12081
cR_KQlNhoNE$_$26,cR_KQlNhoNE,12082
cR_KQlNhoNE$_$15,cR_KQlNhoNE,12083
cR_KQlNhoNE$_$21,cR_KQlNhoNE,12084
cR_KQlNhoNE$_$22,cR_KQlNhoNE,12085
cR_KQlNhoNE$_$23,cR_KQlNhoNE,12086
cR_KQlNhoNE$_$3,cR_KQlNhoNE,12087
cR_KQlNhoNE$_$4,cR_KQlNhoNE,12088
cR_KQlNhoNE$_$14,cR_KQlNhoNE,12089
cS3BDGNDu_8$_$10,cS3BDGNDu_8,12090
cS3BDGNDu_8$_$2,cS3BDGNDu_8,12091
cSrM5mHACmA$_$1,cSrM5mHACmA,12092
cSrM5mHACmA$_$8,cSrM5mHACmA,12093
cSrM5mHACmA$_$4,cSrM5mHACmA,12094
cWN1bibicHc$_$10,cWN1bibicHc,12103
cWN1bibicHc$_$2,cWN1bibicHc,12104
c_FJuhSte8Q$_$11,c_FJuhSte8Q,12138
c_FJuhSte8Q$_$10,c_FJuhSte8Q,12139
c_FJuhSte8Q$_$12,c_FJuhSte8Q,12140
c_FJuhSte8Q$_$1,c_FJuhSte8Q,12141
c_FJuhSte8Q$_$3,c_FJuhSte8Q,12142
c_FJuhSte8Q$_$2,c_FJuhSte8Q,12143
c_FJuhSte8Q$_$5,c_FJuhSte8Q,12144
c_FJuhSte8Q$_$7,c_FJuhSte8Q,12145
c_FJuhSte8Q$_$6,c_FJuhSte8Q,12146
c_FJuhSte8Q$_$9,c_FJuhSte8Q,12147
c_FJuhSte8Q$_$8,c_FJuhSte8Q,12148
cmJW6mkspkI$_$1,cmJW6mkspkI,12178
cmJW6mkspkI$_$0,cmJW6mkspkI,12179
cnllFPRyBFs$_$0,cnllFPRyBFs,12180
cnllFPRyBFs$_$5,cnllFPRyBFs,12181
cnllFPRyBFs$_$4,cnllFPRyBFs,12182
ctMCSUT2LlQ$_$1,ctMCSUT2LlQ,12183
ctMCSUT2LlQ$_$0,ctMCSUT2LlQ,12184
ctMCSUT2LlQ$_$2,ctMCSUT2LlQ,12185
ctMCSUT2LlQ$_$5,ctMCSUT2LlQ,12186
ctMCSUT2LlQ$_$4,ctMCSUT2LlQ,12187
ctMCSUT2LlQ$_$7,ctMCSUT2LlQ,12188
ctMCSUT2LlQ$_$6,ctMCSUT2LlQ,12189
ctMCSUT2LlQ$_$8,ctMCSUT2LlQ,12190
cyOSDKOxb1o$_$4,cyOSDKOxb1o,12191
cyOSDKOxb1o$_$7,cyOSDKOxb1o,12192
cyOSDKOxb1o$_$6,cyOSDKOxb1o,12193
cyu1HhakSaQ$_$1,cyu1HhakSaQ,12194
d38u9n5GOLM$_$11,d38u9n5GOLM,12217
d38u9n5GOLM$_$10,d38u9n5GOLM,12218
d38u9n5GOLM$_$26,d38u9n5GOLM,12219
d38u9n5GOLM$_$27,d38u9n5GOLM,12220
d38u9n5GOLM$_$15,d38u9n5GOLM,12221
d38u9n5GOLM$_$14,d38u9n5GOLM,12222
d38u9n5GOLM$_$22,d38u9n5GOLM,12223
d38u9n5GOLM$_$18,d38u9n5GOLM,12224
d38u9n5GOLM$_$30,d38u9n5GOLM,12225
d38u9n5GOLM$_$28,d38u9n5GOLM,12226
d38u9n5GOLM$_$29,d38u9n5GOLM,12227
d38u9n5GOLM$_$1,d38u9n5GOLM,12228
d38u9n5GOLM$_$3,d38u9n5GOLM,12229
d38u9n5GOLM$_$4,d38u9n5GOLM,12230
d38u9n5GOLM$_$6,d38u9n5GOLM,12231
d3EeIRaMbbk$_$11,d3EeIRaMbbk,12232
d3EeIRaMbbk$_$4,d3EeIRaMbbk,12233
dCDAcBR505Q$_$14,dCDAcBR505Q,12270
dCDAcBR505Q$_$22,dCDAcBR505Q,12271
dCDAcBR505Q$_$16,dCDAcBR505Q,12272
dH0FmwvOzs0$_$3,dH0FmwvOzs0,12280
dH0FmwvOzs0$_$2,dH0FmwvOzs0,12281
dJ5MXl66-UQ$_$1,dJ5MXl66-UQ,12282
dJ5MXl66-UQ$_$0,dJ5MXl66-UQ,12283
dJ5MXl66-UQ$_$3,dJ5MXl66-UQ,12284
dJ5MXl66-UQ$_$6,dJ5MXl66-UQ,12285
dOSyvhYsfFo$_$2,dOSyvhYsfFo,12289
dSax_7klbfE$_$17,dSax_7klbfE,12294
dSax_7klbfE$_$16,dSax_7klbfE,12295
dSax_7klbfE$_$18,dSax_7klbfE,12296
dSax_7klbfE$_$1,dSax_7klbfE,12297
dSax_7klbfE$_$0,dSax_7klbfE,12298
dSax_7klbfE$_$5,dSax_7klbfE,12299
dSax_7klbfE$_$4,dSax_7klbfE,12300
dYyg91d7zjY$_$1,dYyg91d7zjY,12314
dYyg91d7zjY$_$2,dYyg91d7zjY,12315
dZK01jhM27k$_$0,dZK01jhM27k,12316
dZK01jhM27k$_$3,dZK01jhM27k,12317
dZK01jhM27k$_$5,dZK01jhM27k,12318
damyXH7mBic$_$11,damyXH7mBic,12320
damyXH7mBic$_$4,damyXH7mBic,12321
dbpGH5iP0GE$_$2,dbpGH5iP0GE,12323
dbpGH5iP0GE$_$3,dbpGH5iP0GE,12324
dbpGH5iP0GE$_$4,dbpGH5iP0GE,12325
dcUlt6zk_S0$_$2,dcUlt6zk_S0,12326
dcUlt6zk_S0$_$5,dcUlt6zk_S0,12327
dcUlt6zk_S0$_$6,dcUlt6zk_S0,12328
ddix4XuaUlY$_$4,ddix4XuaUlY,12329
dqragS38hCk$_$10,dqragS38hCk,12330
dqragS38hCk$_$1,dqragS38hCk,12331
dqragS38hCk$_$3,dqragS38hCk,12332
dqragS38hCk$_$2,dqragS38hCk,12333
dqragS38hCk$_$5,dqragS38hCk,12334
dqragS38hCk$_$7,dqragS38hCk,12335
dqragS38hCk$_$6,dqragS38hCk,12336
dqragS38hCk$_$9,dqragS38hCk,12337
dqragS38hCk$_$8,dqragS38hCk,12338
dsob2MgUPpA$_$11,dsob2MgUPpA,12339
dsob2MgUPpA$_$13,dsob2MgUPpA,12340
dsob2MgUPpA$_$12,dsob2MgUPpA,12341
dsob2MgUPpA$_$15,dsob2MgUPpA,12342
dsob2MgUPpA$_$14,dsob2MgUPpA,12343
dsob2MgUPpA$_$16,dsob2MgUPpA,12344
dsob2MgUPpA$_$19,dsob2MgUPpA,12345
dsob2MgUPpA$_$18,dsob2MgUPpA,12346
dsob2MgUPpA$_$1,dsob2MgUPpA,12347
dsob2MgUPpA$_$0,dsob2MgUPpA,12348
dsob2MgUPpA$_$3,dsob2MgUPpA,12349
dsob2MgUPpA$_$2,dsob2MgUPpA,12350
dsob2MgUPpA$_$5,dsob2MgUPpA,12351
dsob2MgUPpA$_$7,dsob2MgUPpA,12352
dsob2MgUPpA$_$6,dsob2MgUPpA,12353
dsob2MgUPpA$_$9,dsob2MgUPpA,12354
e0ltF8zpEcw$_$1,e0ltF8zpEcw,12369
e0ltF8zpEcw$_$0,e0ltF8zpEcw,12370
e0ltF8zpEcw$_$3,e0ltF8zpEcw,12371
e0ltF8zpEcw$_$2,e0ltF8zpEcw,12372
e0ltF8zpEcw$_$5,e0ltF8zpEcw,12373
e0ltF8zpEcw$_$4,e0ltF8zpEcw,12374
e0ltF8zpEcw$_$6,e0ltF8zpEcw,12375
e0ltF8zpEcw$_$9,e0ltF8zpEcw,12376
e0ltF8zpEcw$_$8,e0ltF8zpEcw,12377
eJwZfdtlks8$_$3,eJwZfdtlks8,12403
eJwZfdtlks8$_$15,eJwZfdtlks8,12404
eOU_40p9RpA$_$0,eOU_40p9RpA,12406
eOU_40p9RpA$_$5,eOU_40p9RpA,12407
eOU_40p9RpA$_$4,eOU_40p9RpA,12408
ePiz4zU6crI$_$0,ePiz4zU6crI,12409
ePiz4zU6crI$_$3,ePiz4zU6crI,12410
eW1vgHE6FRM$_$11,eW1vgHE6FRM,12444
eW1vgHE6FRM$_$14,eW1vgHE6FRM,12445
eW1vgHE6FRM$_$17,eW1vgHE6FRM,12446
eW1vgHE6FRM$_$16,eW1vgHE6FRM,12447
eW1vgHE6FRM$_$1,eW1vgHE6FRM,12448
eW1vgHE6FRM$_$0,eW1vgHE6FRM,12449
eW1vgHE6FRM$_$3,eW1vgHE6FRM,12450
eW1vgHE6FRM$_$4,eW1vgHE6FRM,12451
eeN7l4R3nPc$_$10,eeN7l4R3nPc,12465
eeN7l4R3nPc$_$5,eeN7l4R3nPc,12466
eeN7l4R3nPc$_$4,eeN7l4R3nPc,12467
eeN7l4R3nPc$_$7,eeN7l4R3nPc,12468
ejDe6hQWZOk$_$1,ejDe6hQWZOk,12481
ejDe6hQWZOk$_$4,ejDe6hQWZOk,12482
ejDe6hQWZOk$_$7,ejDe6hQWZOk,12483
eo8L7lCTjDQ$_$0,eo8L7lCTjDQ,12487
eo8L7lCTjDQ$_$2,eo8L7lCTjDQ,12488
eo8L7lCTjDQ$_$4,eo8L7lCTjDQ,12489
ep3IasggD3k$_$10,ep3IasggD3k,12490
ep3IasggD3k$_$3,ep3IasggD3k,12491
ep3IasggD3k$_$2,ep3IasggD3k,12492
ep3IasggD3k$_$5,ep3IasggD3k,12493
ep3IasggD3k$_$6,ep3IasggD3k,12494
ep3IasggD3k$_$9,ep3IasggD3k,12495
ep3IasggD3k$_$8,ep3IasggD3k,12496
esnOE1LefKA$_$1,esnOE1LefKA,12505
esnOE1LefKA$_$2,esnOE1LefKA,12506
f47bnEUrOvA$_$4,f47bnEUrOvA,12517
f5k5cF80aUE$_$2,f5k5cF80aUE,12524
f5k5cF80aUE$_$5,f5k5cF80aUE,12525
f5k5cF80aUE$_$4,f5k5cF80aUE,12526
f5k5cF80aUE$_$6,f5k5cF80aUE,12527
fB816aeHRFk$_$0,fB816aeHRFk,12539
fDYZINwIs_A$_$13,fDYZINwIs_A,12540
fEm9AdLNrjk$_$1,fEm9AdLNrjk,12541
fEm9AdLNrjk$_$4,fEm9AdLNrjk,12542
fEm9AdLNrjk$_$7,fEm9AdLNrjk,12543
fOxg1NstCHA$_$4,fOxg1NstCHA,12551
fTNOAssiTYk$_$1,fTNOAssiTYk,12559
fTNOAssiTYk$_$0,fTNOAssiTYk,12560
fTNOAssiTYk$_$3,fTNOAssiTYk,12561
fTNOAssiTYk$_$4,fTNOAssiTYk,12562
fTNOAssiTYk$_$7,fTNOAssiTYk,12563
fTNOAssiTYk$_$6,fTNOAssiTYk,12564
fW1pK2L6RgM$_$3,fW1pK2L6RgM,12565
fW1pK2L6RgM$_$2,fW1pK2L6RgM,12566
fW1pK2L6RgM$_$5,fW1pK2L6RgM,12567
fW1pK2L6RgM$_$4,fW1pK2L6RgM,12568
fW1pK2L6RgM$_$7,fW1pK2L6RgM,12569
fW1pK2L6RgM$_$6,fW1pK2L6RgM,12570
fW1pK2L6RgM$_$9,fW1pK2L6RgM,12571
fW1pK2L6RgM$_$8,fW1pK2L6RgM,12572
faMq0C_wTpU$_$5,faMq0C_wTpU,12573
fbSxct2JcKU$_$8,fbSxct2JcKU,12602
fbSxct2JcKU$_$3,fbSxct2JcKU,12603
fbSxct2JcKU$_$2,fbSxct2JcKU,12604
fbSxct2JcKU$_$5,fbSxct2JcKU,12605
fbSxct2JcKU$_$6,fbSxct2JcKU,12606
fhY2vbnjuWY$_$0,fhY2vbnjuWY,12611
fhY2vbnjuWY$_$2,fhY2vbnjuWY,12612
fhY2vbnjuWY$_$7,fhY2vbnjuWY,12613
fhY2vbnjuWY$_$6,fhY2vbnjuWY,12614
g8NBNtY3cpU$_$1,g8NBNtY3cpU,12661
g99kISQbyuI$_$11,g99kISQbyuI,12662
g99kISQbyuI$_$0,g99kISQbyuI,12663
g99kISQbyuI$_$3,g99kISQbyuI,12664
g99kISQbyuI$_$2,g99kISQbyuI,12665
g99kISQbyuI$_$5,g99kISQbyuI,12666
g99kISQbyuI$_$4,g99kISQbyuI,12667
g99kISQbyuI$_$7,g99kISQbyuI,12668
g99kISQbyuI$_$6,g99kISQbyuI,12669
g99kISQbyuI$_$9,g99kISQbyuI,12670
gAMbkJk6gnE$_$0,gAMbkJk6gnE,12677
gAMbkJk6gnE$_$3,gAMbkJk6gnE,12678
gAMbkJk6gnE$_$2,gAMbkJk6gnE,12679
gAMbkJk6gnE$_$5,gAMbkJk6gnE,12680
gAMbkJk6gnE$_$4,gAMbkJk6gnE,12681
gC_wF3uKFW0$_$1,gC_wF3uKFW0,12682
gC_wF3uKFW0$_$0,gC_wF3uKFW0,12683
gC_wF3uKFW0$_$3,gC_wF3uKFW0,12684
gC_wF3uKFW0$_$2,gC_wF3uKFW0,12685
gC_wF3uKFW0$_$5,gC_wF3uKFW0,12686
gC_wF3uKFW0$_$4,gC_wF3uKFW0,12687
gRAmIaSlm80$_$0,gRAmIaSlm80,12744
gU7McujYYPY$_$1,gU7McujYYPY,12745
gU7McujYYPY$_$0,gU7McujYYPY,12746
gU7McujYYPY$_$3,gU7McujYYPY,12747
gU7McujYYPY$_$2,gU7McujYYPY,12748
gU7McujYYPY$_$5,gU7McujYYPY,12749
gU7McujYYPY$_$7,gU7McujYYPY,12750
gU7McujYYPY$_$8,gU7McujYYPY,12751
gXDRWhJbfFU$_$10,gXDRWhJbfFU,12752
gXDRWhJbfFU$_$1,gXDRWhJbfFU,12753
gXDRWhJbfFU$_$0,gXDRWhJbfFU,12754
gXDRWhJbfFU$_$3,gXDRWhJbfFU,12755
gXDRWhJbfFU$_$2,gXDRWhJbfFU,12756
gXDRWhJbfFU$_$5,gXDRWhJbfFU,12757
gXDRWhJbfFU$_$4,gXDRWhJbfFU,12758
gXDRWhJbfFU$_$7,gXDRWhJbfFU,12759
gXDRWhJbfFU$_$6,gXDRWhJbfFU,12760
gXDRWhJbfFU$_$9,gXDRWhJbfFU,12761
gXDRWhJbfFU$_$8,gXDRWhJbfFU,12762
gXuiIWRxrw4$_$11,gXuiIWRxrw4,12763
gXuiIWRxrw4$_$10,gXuiIWRxrw4,12764
gXuiIWRxrw4$_$13,gXuiIWRxrw4,12765
gXuiIWRxrw4$_$12,gXuiIWRxrw4,12766
gXuiIWRxrw4$_$15,gXuiIWRxrw4,12767
gXuiIWRxrw4$_$14,gXuiIWRxrw4,12768
gXuiIWRxrw4$_$17,gXuiIWRxrw4,12769
gXuiIWRxrw4$_$16,gXuiIWRxrw4,12770
gXuiIWRxrw4$_$19,gXuiIWRxrw4,12771
gXuiIWRxrw4$_$18,gXuiIWRxrw4,12772
gXuiIWRxrw4$_$1,gXuiIWRxrw4,12773
gXuiIWRxrw4$_$0,gXuiIWRxrw4,12774
gXuiIWRxrw4$_$3,gXuiIWRxrw4,12775
gXuiIWRxrw4$_$2,gXuiIWRxrw4,12776
gXuiIWRxrw4$_$5,gXuiIWRxrw4,12777
gXuiIWRxrw4$_$4,gXuiIWRxrw4,12778
gXuiIWRxrw4$_$7,gXuiIWRxrw4,12779
gXuiIWRxrw4$_$6,gXuiIWRxrw4,12780
gXuiIWRxrw4$_$9,gXuiIWRxrw4,12781
gXuiIWRxrw4$_$8,gXuiIWRxrw4,12782
gZF-YNQHqwI$_$11,gZF-YNQHqwI,12798
gZF-YNQHqwI$_$10,gZF-YNQHqwI,12799
gZF-YNQHqwI$_$13,gZF-YNQHqwI,12800
gZF-YNQHqwI$_$12,gZF-YNQHqwI,12801
gZF-YNQHqwI$_$1,gZF-YNQHqwI,12802
gZF-YNQHqwI$_$0,gZF-YNQHqwI,12803
gZF-YNQHqwI$_$4,gZF-YNQHqwI,12804
gZF-YNQHqwI$_$7,gZF-YNQHqwI,12805
gZF-YNQHqwI$_$6,gZF-YNQHqwI,12806
gZF-YNQHqwI$_$9,gZF-YNQHqwI,12807
gZF-YNQHqwI$_$8,gZF-YNQHqwI,12808
gcpsSao7kHM$_$10,gcpsSao7kHM,12813
gcpsSao7kHM$_$1,gcpsSao7kHM,12814
gcpsSao7kHM$_$2,gcpsSao7kHM,12815
gcpsSao7kHM$_$5,gcpsSao7kHM,12816
gcpsSao7kHM$_$7,gcpsSao7kHM,12817
gcpsSao7kHM$_$8,gcpsSao7kHM,12818
ge071m9bGeY$_$1,ge071m9bGeY,12819
ge071m9bGeY$_$0,ge071m9bGeY,12820
ge071m9bGeY$_$3,ge071m9bGeY,12821
ge071m9bGeY$_$2,ge071m9bGeY,12822
ge071m9bGeY$_$5,ge071m9bGeY,12823
ge071m9bGeY$_$4,ge071m9bGeY,12824
ge071m9bGeY$_$7,ge071m9bGeY,12825
ge071m9bGeY$_$6,ge071m9bGeY,12826
ge071m9bGeY$_$8,ge071m9bGeY,12827
gfHrSg3BwiQ$_$1,gfHrSg3BwiQ,12828
gfHrSg3BwiQ$_$0,gfHrSg3BwiQ,12829
gfHrSg3BwiQ$_$4,gfHrSg3BwiQ,12830
gjGL6YY6oMs$_$1,gjGL6YY6oMs,12863
gjGL6YY6oMs$_$0,gjGL6YY6oMs,12864
gjGL6YY6oMs$_$3,gjGL6YY6oMs,12865
gjGL6YY6oMs$_$2,gjGL6YY6oMs,12866
gjGL6YY6oMs$_$5,gjGL6YY6oMs,12867
gjGL6YY6oMs$_$6,gjGL6YY6oMs,12868
gr8mzv2xZ2s$_$0,gr8mzv2xZ2s,12879
guRD0zQC6Q0$_$0,guRD0zQC6Q0,12887
guRD0zQC6Q0$_$5,guRD0zQC6Q0,12888
guRD0zQC6Q0$_$7,guRD0zQC6Q0,12889
guRD0zQC6Q0$_$6,guRD0zQC6Q0,12890
gv43BPYYxKQ$_$3,gv43BPYYxKQ,12891
gv43BPYYxKQ$_$2,gv43BPYYxKQ,12892
gvjQ1XfMA_g$_$2,gvjQ1XfMA_g,12893
gvjQ1XfMA_g$_$5,gvjQ1XfMA_g,12894
gvjQ1XfMA_g$_$4,gvjQ1XfMA_g,12895
gvjQ1XfMA_g$_$6,gvjQ1XfMA_g,12896
h4LrwMn94ss$_$9,h4LrwMn94ss,12900
h4LrwMn94ss$_$0,h4LrwMn94ss,12901
h4LrwMn94ss$_$3,h4LrwMn94ss,12902
h4LrwMn94ss$_$4,h4LrwMn94ss,12903
h7p5URoookk$_$24,h7p5URoookk,12904
h7p5URoookk$_$27,h7p5URoookk,12905
h7p5URoookk$_$21,h7p5URoookk,12906
h7p5URoookk$_$22,h7p5URoookk,12907
h7p5URoookk$_$23,h7p5URoookk,12908
h7p5URoookk$_$28,h7p5URoookk,12909
h7p5URoookk$_$29,h7p5URoookk,12910
h7p5URoookk$_$1,h7p5URoookk,12911
h7p5URoookk$_$0,h7p5URoookk,12912
h7p5URoookk$_$3,h7p5URoookk,12913
h7p5URoookk$_$2,h7p5URoookk,12914
h7p5URoookk$_$5,h7p5URoookk,12915
h7p5URoookk$_$4,h7p5URoookk,12916
h7p5URoookk$_$7,h7p5URoookk,12917
h7p5URoookk$_$6,h7p5URoookk,12918
h7p5URoookk$_$9,h7p5URoookk,12919
h7p5URoookk$_$8,h7p5URoookk,12920
h7p5URoookk$_$11,h7p5URoookk,12921
h7p5URoookk$_$10,h7p5URoookk,12922
h7p5URoookk$_$13,h7p5URoookk,12923
h7p5URoookk$_$12,h7p5URoookk,12924
h7p5URoookk$_$15,h7p5URoookk,12925
h7p5URoookk$_$14,h7p5URoookk,12926
h7p5URoookk$_$17,h7p5URoookk,12927
h7p5URoookk$_$16,h7p5URoookk,12928
h7p5URoookk$_$18,h7p5URoookk,12929
h7p5URoookk$_$31,h7p5URoookk,12930
h7p5URoookk$_$30,h7p5URoookk,12931
h7p5URoookk$_$32,h7p5URoookk,12932
hASTLbFHrEs$_$1,hASTLbFHrEs,12933
hASTLbFHrEs$_$0,hASTLbFHrEs,12934
hASTLbFHrEs$_$3,hASTLbFHrEs,12935
hASTLbFHrEs$_$2,hASTLbFHrEs,12936
hASTLbFHrEs$_$5,hASTLbFHrEs,12937
hASTLbFHrEs$_$4,hASTLbFHrEs,12938
hASTLbFHrEs$_$7,hASTLbFHrEs,12939
hASTLbFHrEs$_$6,hASTLbFHrEs,12940
hASTLbFHrEs$_$8,hASTLbFHrEs,12941
hCFV5VLgS0A$_$11,hCFV5VLgS0A,12942
hCFV5VLgS0A$_$10,hCFV5VLgS0A,12943
hCFV5VLgS0A$_$12,hCFV5VLgS0A,12944
hCFV5VLgS0A$_$0,hCFV5VLgS0A,12945
hCFV5VLgS0A$_$2,hCFV5VLgS0A,12946
hCFV5VLgS0A$_$5,hCFV5VLgS0A,12947
hCFV5VLgS0A$_$7,hCFV5VLgS0A,12948
hCFV5VLgS0A$_$9,hCFV5VLgS0A,12949
hCFV5VLgS0A$_$8,hCFV5VLgS0A,12950
hF6kFQPdBjY$_$10,hF6kFQPdBjY,12951
hF6kFQPdBjY$_$13,hF6kFQPdBjY,12952
hF6kFQPdBjY$_$14,hF6kFQPdBjY,12953
hF6kFQPdBjY$_$3,hF6kFQPdBjY,12954
hF6kFQPdBjY$_$2,hF6kFQPdBjY,12955
hF6kFQPdBjY$_$5,hF6kFQPdBjY,12956
hF6kFQPdBjY$_$4,hF6kFQPdBjY,12957
hF6kFQPdBjY$_$9,hF6kFQPdBjY,12958
hGRRlXfH0BY$_$11,hGRRlXfH0BY,12959
hGRRlXfH0BY$_$10,hGRRlXfH0BY,12960
hGRRlXfH0BY$_$1,hGRRlXfH0BY,12961
hGRRlXfH0BY$_$2,hGRRlXfH0BY,12962
hGRRlXfH0BY$_$4,hGRRlXfH0BY,12963
hGRRlXfH0BY$_$7,hGRRlXfH0BY,12964
hGRRlXfH0BY$_$6,hGRRlXfH0BY,12965
hGRRlXfH0BY$_$9,hGRRlXfH0BY,12966
hGRRlXfH0BY$_$8,hGRRlXfH0BY,12967
hOp6I4jGvu4$_$1,hOp6I4jGvu4,12973
hOp6I4jGvu4$_$2,hOp6I4jGvu4,12974
hOp6I4jGvu4$_$5,hOp6I4jGvu4,12975
hOp6I4jGvu4$_$4,hOp6I4jGvu4,12976
hOp6I4jGvu4$_$6,hOp6I4jGvu4,12977
hUBQrLjm4M4$_$0,hUBQrLjm4M4,12991
hUBQrLjm4M4$_$3,hUBQrLjm4M4,12992
he475nnmMi0$_$13,he475nnmMi0,12999
he475nnmMi0$_$12,he475nnmMi0,13000
he475nnmMi0$_$14,he475nnmMi0,13001
he475nnmMi0$_$16,he475nnmMi0,13002
he475nnmMi0$_$19,he475nnmMi0,13003
he475nnmMi0$_$18,he475nnmMi0,13004
he475nnmMi0$_$1,he475nnmMi0,13005
he475nnmMi0$_$0,he475nnmMi0,13006
he475nnmMi0$_$2,he475nnmMi0,13007
he475nnmMi0$_$4,he475nnmMi0,13008
he475nnmMi0$_$7,he475nnmMi0,13009
he475nnmMi0$_$9,he475nnmMi0,13010
hfK8QtTd7fo$_$6,hfK8QtTd7fo,13011
hlYDicOj2m0$_$2,hlYDicOj2m0,13061
hlYDicOj2m0$_$5,hlYDicOj2m0,13062
hlYDicOj2m0$_$7,hlYDicOj2m0,13063
hlYDicOj2m0$_$6,hlYDicOj2m0,13064
hnSdAbnHDy4$_$9,hnSdAbnHDy4,13067
hnSdAbnHDy4$_$8,hnSdAbnHDy4,13068
hnSdAbnHDy4$_$3,hnSdAbnHDy4,13069
hnSdAbnHDy4$_$2,hnSdAbnHDy4,13070
hntnelpiyl8$_$11,hntnelpiyl8,13071
hntnelpiyl8$_$13,hntnelpiyl8,13072
hntnelpiyl8$_$5,hntnelpiyl8,13073
hntnelpiyl8$_$4,hntnelpiyl8,13074
hntnelpiyl8$_$7,hntnelpiyl8,13075
hp3nsb_eIc0$_$13,hp3nsb_eIc0,13076
hp3nsb_eIc0$_$12,hp3nsb_eIc0,13077
hp3nsb_eIc0$_$18,hp3nsb_eIc0,13078
hp3nsb_eIc0$_$1,hp3nsb_eIc0,13079
hp3nsb_eIc0$_$5,hp3nsb_eIc0,13080
hp3nsb_eIc0$_$7,hp3nsb_eIc0,13081
hp3nsb_eIc0$_$9,hp3nsb_eIc0,13082
iFj9wJaJSPE$_$11,iFj9wJaJSPE,13143
iFj9wJaJSPE$_$10,iFj9wJaJSPE,13144
iFj9wJaJSPE$_$14,iFj9wJaJSPE,13145
iFj9wJaJSPE$_$17,iFj9wJaJSPE,13146
iFj9wJaJSPE$_$16,iFj9wJaJSPE,13147
iFj9wJaJSPE$_$1,iFj9wJaJSPE,13148
iFj9wJaJSPE$_$3,iFj9wJaJSPE,13149
iFj9wJaJSPE$_$2,iFj9wJaJSPE,13150
iFj9wJaJSPE$_$7,iFj9wJaJSPE,13151
iFj9wJaJSPE$_$6,iFj9wJaJSPE,13152
iFj9wJaJSPE$_$9,iFj9wJaJSPE,13153
iFj9wJaJSPE$_$8,iFj9wJaJSPE,13154
iH04VOkbof0$_$1,iH04VOkbof0,13155
iH04VOkbof0$_$3,iH04VOkbof0,13156
iH04VOkbof0$_$2,iH04VOkbof0,13157
iH04VOkbof0$_$5,iH04VOkbof0,13158
iH04VOkbof0$_$4,iH04VOkbof0,13159
iM3wSwoAtwk$_$1,iM3wSwoAtwk,13160
iM3wSwoAtwk$_$3,iM3wSwoAtwk,13161
iMG962Rj3Vw$_$1,iMG962Rj3Vw,13162
iMG962Rj3Vw$_$3,iMG962Rj3Vw,13163
iMG962Rj3Vw$_$2,iMG962Rj3Vw,13164
iMG962Rj3Vw$_$4,iMG962Rj3Vw,13165
iYtD_ArCdKw$_$11,iYtD_ArCdKw,13202
iYtD_ArCdKw$_$10,iYtD_ArCdKw,13203
iYtD_ArCdKw$_$12,iYtD_ArCdKw,13204
iYtD_ArCdKw$_$1,iYtD_ArCdKw,13205
iYtD_ArCdKw$_$0,iYtD_ArCdKw,13206
iYtD_ArCdKw$_$3,iYtD_ArCdKw,13207
iYtD_ArCdKw$_$2,iYtD_ArCdKw,13208
iYtD_ArCdKw$_$5,iYtD_ArCdKw,13209
iYtD_ArCdKw$_$4,iYtD_ArCdKw,13210
iYtD_ArCdKw$_$7,iYtD_ArCdKw,13211
iYtD_ArCdKw$_$6,iYtD_ArCdKw,13212
iYtD_ArCdKw$_$9,iYtD_ArCdKw,13213
iYtD_ArCdKw$_$8,iYtD_ArCdKw,13214
iceSGs0MXaA$_$9,iceSGs0MXaA,13230
iceSGs0MXaA$_$1,iceSGs0MXaA,13231
iceSGs0MXaA$_$2,iceSGs0MXaA,13232
iceSGs0MXaA$_$5,iceSGs0MXaA,13233
iceSGs0MXaA$_$6,iceSGs0MXaA,13234
icehEYAiimM$_$0,icehEYAiimM,13235
icehEYAiimM$_$3,icehEYAiimM,13236
icehEYAiimM$_$2,icehEYAiimM,13237
icehEYAiimM$_$5,icehEYAiimM,13238
ieWQdiQAh4M$_$5,ieWQdiQAh4M,13239
ieWQdiQAh4M$_$4,ieWQdiQAh4M,13240
iex7I7iVnLk$_$3,iex7I7iVnLk,13241
iex7I7iVnLk$_$2,iex7I7iVnLk,13242
ihuGFUrzD30$_$8,ihuGFUrzD30,13243
ixQbCXLUUj8$_$1,ixQbCXLUUj8,13256
ixQbCXLUUj8$_$0,ixQbCXLUUj8,13257
ixQbCXLUUj8$_$5,ixQbCXLUUj8,13258
ixZAEncExWI$_$1,ixZAEncExWI,13259
ixZAEncExWI$_$3,ixZAEncExWI,13260
ixZAEncExWI$_$2,ixZAEncExWI,13261
ixZAEncExWI$_$5,ixZAEncExWI,13262
j7fRIGphgtk$_$1,j7fRIGphgtk,13275
j7fRIGphgtk$_$0,j7fRIGphgtk,13276
j7fRIGphgtk$_$5,j7fRIGphgtk,13277
j7fRIGphgtk$_$4,j7fRIGphgtk,13278
jD3iIEsc_K4$_$2,jD3iIEsc_K4,13281
jEQoBvc7V1o$_$1,jEQoBvc7V1o,13282
jEQoBvc7V1o$_$12,jEQoBvc7V1o,13283
jEQoBvc7V1o$_$2,jEQoBvc7V1o,13284
jEQoBvc7V1o$_$5,jEQoBvc7V1o,13285
jEQoBvc7V1o$_$4,jEQoBvc7V1o,13286
jFNgOznarMo$_$9,jFNgOznarMo,13287
jFNgOznarMo$_$10,jFNgOznarMo,13288
jFNgOznarMo$_$13,jFNgOznarMo,13289
jFNgOznarMo$_$14,jFNgOznarMo,13290
jFpRdhl3fgw$_$1,jFpRdhl3fgw,13291
jFpRdhl3fgw$_$3,jFpRdhl3fgw,13292
jFpRdhl3fgw$_$2,jFpRdhl3fgw,13293
jFpRdhl3fgw$_$5,jFpRdhl3fgw,13294
jPf0LjZAS14$_$1,jPf0LjZAS14,13305
jPf0LjZAS14$_$0,jPf0LjZAS14,13306
jPf0LjZAS14$_$3,jPf0LjZAS14,13307
jPf0LjZAS14$_$2,jPf0LjZAS14,13308
jPf0LjZAS14$_$5,jPf0LjZAS14,13309
jPf0LjZAS14$_$4,jPf0LjZAS14,13310
jPf0LjZAS14$_$7,jPf0LjZAS14,13311
jPf0LjZAS14$_$6,jPf0LjZAS14,13312
jQ3EmbRIe58$_$10,jQ3EmbRIe58,13313
jQ3EmbRIe58$_$14,jQ3EmbRIe58,13314
jQ3EmbRIe58$_$3,jQ3EmbRIe58,13315
jQ3EmbRIe58$_$5,jQ3EmbRIe58,13316
jQ3EmbRIe58$_$4,jQ3EmbRIe58,13317
jQ3EmbRIe58$_$6,jQ3EmbRIe58,13318
jQ3EmbRIe58$_$9,jQ3EmbRIe58,13319
jT3FSTBA8Us$_$1,jT3FSTBA8Us,13320
jT3FSTBA8Us$_$0,jT3FSTBA8Us,13321
jT3FSTBA8Us$_$3,jT3FSTBA8Us,13322
jT3FSTBA8Us$_$2,jT3FSTBA8Us,13323
jT3FSTBA8Us$_$5,jT3FSTBA8Us,13324
jT3FSTBA8Us$_$6,jT3FSTBA8Us,13325
jT3FSTBA8Us$_$8,jT3FSTBA8Us,13326
jUKH63mltLE$_$10,jUKH63mltLE,13327
jVayR0VClxQ$_$11,jVayR0VClxQ,13335
jVayR0VClxQ$_$10,jVayR0VClxQ,13336
jVayR0VClxQ$_$12,jVayR0VClxQ,13337
jVayR0VClxQ$_$0,jVayR0VClxQ,13338
jVayR0VClxQ$_$3,jVayR0VClxQ,13339
jVayR0VClxQ$_$5,jVayR0VClxQ,13340
jVayR0VClxQ$_$6,jVayR0VClxQ,13341
jVayR0VClxQ$_$9,jVayR0VClxQ,13342
jYT3-RQFy1U$_$11,jYT3-RQFy1U,13345
jYT3-RQFy1U$_$10,jYT3-RQFy1U,13346
jYT3-RQFy1U$_$1,jYT3-RQFy1U,13347
jYT3-RQFy1U$_$3,jYT3-RQFy1U,13348
jYT3-RQFy1U$_$2,jYT3-RQFy1U,13349
jYT3-RQFy1U$_$5,jYT3-RQFy1U,13350
jYT3-RQFy1U$_$4,jYT3-RQFy1U,13351
jYT3-RQFy1U$_$7,jYT3-RQFy1U,13352
jZTe5cbwwEE$_$10,jZTe5cbwwEE,13353
jZnFr-Mzj9M$_$1,jZnFr-Mzj9M,13354
jZnFr-Mzj9M$_$3,jZnFr-Mzj9M,13355
jZnFr-Mzj9M$_$2,jZnFr-Mzj9M,13356
jbKDW9URnvM$_$18,jbKDW9URnvM,13362
jbKDW9URnvM$_$0,jbKDW9URnvM,13363
jbKDW9URnvM$_$14,jbKDW9URnvM,13364
jbKDW9URnvM$_$8,jbKDW9URnvM,13365
jcQi90n008o$_$24,jcQi90n008o,13366
jcQi90n008o$_$25,jcQi90n008o,13367
jcQi90n008o$_$20,jcQi90n008o,13368
jcQi90n008o$_$21,jcQi90n008o,13369
jcQi90n008o$_$22,jcQi90n008o,13370
jcQi90n008o$_$23,jcQi90n008o,13371
jcQi90n008o$_$1,jcQi90n008o,13372
jcQi90n008o$_$0,jcQi90n008o,13373
jcQi90n008o$_$3,jcQi90n008o,13374
jcQi90n008o$_$2,jcQi90n008o,13375
jcQi90n008o$_$5,jcQi90n008o,13376
jcQi90n008o$_$4,jcQi90n008o,13377
jcQi90n008o$_$7,jcQi90n008o,13378
jcQi90n008o$_$6,jcQi90n008o,13379
jcQi90n008o$_$9,jcQi90n008o,13380
jcQi90n008o$_$8,jcQi90n008o,13381
jcQi90n008o$_$11,jcQi90n008o,13382
jcQi90n008o$_$10,jcQi90n008o,13383
jcQi90n008o$_$13,jcQi90n008o,13384
jcQi90n008o$_$12,jcQi90n008o,13385
jcQi90n008o$_$15,jcQi90n008o,13386
jcQi90n008o$_$14,jcQi90n008o,13387
jcQi90n008o$_$17,jcQi90n008o,13388
jcQi90n008o$_$16,jcQi90n008o,13389
jcQi90n008o$_$19,jcQi90n008o,13390
jcQi90n008o$_$18,jcQi90n008o,13391
jjbOD6u7V34$_$9,jjbOD6u7V34,13407
jjbOD6u7V34$_$8,jjbOD6u7V34,13408
jjbOD6u7V34$_$3,jjbOD6u7V34,13409
jjbOD6u7V34$_$7,jjbOD6u7V34,13410
jjbOD6u7V34$_$16,jjbOD6u7V34,13411
jlCFLG6rKKY$_$3,jlCFLG6rKKY,13412
jlCFLG6rKKY$_$2,jlCFLG6rKKY,13413
jlCFLG6rKKY$_$4,jlCFLG6rKKY,13414
jlCFLG6rKKY$_$7,jlCFLG6rKKY,13415
jlCFLG6rKKY$_$6,jlCFLG6rKKY,13416
jlCFLG6rKKY$_$8,jlCFLG6rKKY,13417
jlW4Iep4mmE$_$2,jlW4Iep4mmE,13418
jnG9zog4NCs$_$1,jnG9zog4NCs,13419
jnG9zog4NCs$_$0,jnG9zog4NCs,13420
jnG9zog4NCs$_$2,jnG9zog4NCs,13421
jnG9zog4NCs$_$5,jnG9zog4NCs,13422
jnG9zog4NCs$_$4,jnG9zog4NCs,13423
jnG9zog4NCs$_$6,jnG9zog4NCs,13424
jnG9zog4NCs$_$9,jnG9zog4NCs,13425
jqKzaEniiKo$_$10,jqKzaEniiKo,13426
jqKzaEniiKo$_$13,jqKzaEniiKo,13427
jqKzaEniiKo$_$1,jqKzaEniiKo,13428
jqKzaEniiKo$_$0,jqKzaEniiKo,13429
jqKzaEniiKo$_$2,jqKzaEniiKo,13430
jqKzaEniiKo$_$5,jqKzaEniiKo,13431
jqKzaEniiKo$_$4,jqKzaEniiKo,13432
jqKzaEniiKo$_$7,jqKzaEniiKo,13433
jqKzaEniiKo$_$8,jqKzaEniiKo,13434
k1ca_xbhohk$_$13,k1ca_xbhohk,13461
k1ca_xbhohk$_$12,k1ca_xbhohk,13462
k1ca_xbhohk$_$14,k1ca_xbhohk,13463
k1ca_xbhohk$_$2,k1ca_xbhohk,13464
k1ca_xbhohk$_$7,k1ca_xbhohk,13465
k1ca_xbhohk$_$9,k1ca_xbhohk,13466
k5-3KuvCFms$_$0,k5-3KuvCFms,13478
k5-3KuvCFms$_$7,k5-3KuvCFms,13479
k8NgVOCDYKM$_$11,k8NgVOCDYKM,13480
k8NgVOCDYKM$_$10,k8NgVOCDYKM,13481
k8NgVOCDYKM$_$20,k8NgVOCDYKM,13482
k8NgVOCDYKM$_$21,k8NgVOCDYKM,13483
k8NgVOCDYKM$_$22,k8NgVOCDYKM,13484
k8NgVOCDYKM$_$19,k8NgVOCDYKM,13485
k8NgVOCDYKM$_$2,k8NgVOCDYKM,13486
k8NgVOCDYKM$_$4,k8NgVOCDYKM,13487
k8NgVOCDYKM$_$9,k8NgVOCDYKM,13488
k8NgVOCDYKM$_$15,k8NgVOCDYKM,13489
k8NgVOCDYKM$_$17,k8NgVOCDYKM,13490
k8NgVOCDYKM$_$14,k8NgVOCDYKM,13491
kDyK9VGfLW8$_$1,kDyK9VGfLW8,13507
kDyK9VGfLW8$_$8,kDyK9VGfLW8,13508
kKMfsWrigTE$_$1,kKMfsWrigTE,13509
kKMfsWrigTE$_$0,kKMfsWrigTE,13510
kKMfsWrigTE$_$2,kKMfsWrigTE,13511
kKkZihSbxF4$_$1,kKkZihSbxF4,13512
kKkZihSbxF4$_$0,kKkZihSbxF4,13513
kKkZihSbxF4$_$2,kKkZihSbxF4,13514
kKkZihSbxF4$_$4,kKkZihSbxF4,13515
kPch8YhNfPE$_$11,kPch8YhNfPE,13519
kPch8YhNfPE$_$2,kPch8YhNfPE,13520
kPch8YhNfPE$_$4,kPch8YhNfPE,13521
kPch8YhNfPE$_$6,kPch8YhNfPE,13522
kPn-t6NSxfQ$_$11,kPn-t6NSxfQ,13523
kPn-t6NSxfQ$_$13,kPn-t6NSxfQ,13524
kPn-t6NSxfQ$_$15,kPn-t6NSxfQ,13525
kPn-t6NSxfQ$_$14,kPn-t6NSxfQ,13526
kPn-t6NSxfQ$_$16,kPn-t6NSxfQ,13527
kPn-t6NSxfQ$_$1,kPn-t6NSxfQ,13528
kPn-t6NSxfQ$_$0,kPn-t6NSxfQ,13529
kPn-t6NSxfQ$_$2,kPn-t6NSxfQ,13530
kPn-t6NSxfQ$_$4,kPn-t6NSxfQ,13531
kPn-t6NSxfQ$_$6,kPn-t6NSxfQ,13532
kU6YY2z7z0I$_$11,kU6YY2z7z0I,13544
kU6YY2z7z0I$_$10,kU6YY2z7z0I,13545
kU6YY2z7z0I$_$0,kU6YY2z7z0I,13546
kU6YY2z7z0I$_$3,kU6YY2z7z0I,13547
kU6YY2z7z0I$_$2,kU6YY2z7z0I,13548
kU6YY2z7z0I$_$5,kU6YY2z7z0I,13549
kU6YY2z7z0I$_$4,kU6YY2z7z0I,13550
kU6YY2z7z0I$_$7,kU6YY2z7z0I,13551
kU6YY2z7z0I$_$6,kU6YY2z7z0I,13552
kU6YY2z7z0I$_$9,kU6YY2z7z0I,13553
kU6YY2z7z0I$_$8,kU6YY2z7z0I,13554
kf3fZcx8nIo$_$3,kf3fZcx8nIo,13590
kf3fZcx8nIo$_$2,kf3fZcx8nIo,13591
khw3YCTFLfs$_$0,khw3YCTFLfs,13607
kiR5zVo2zvU$_$24,kiR5zVo2zvU,13608
kiR5zVo2zvU$_$25,kiR5zVo2zvU,13609
kiR5zVo2zvU$_$20,kiR5zVo2zvU,13610
kiR5zVo2zvU$_$21,kiR5zVo2zvU,13611
kiR5zVo2zvU$_$22,kiR5zVo2zvU,13612
kiR5zVo2zvU$_$23,kiR5zVo2zvU,13613
kiR5zVo2zvU$_$1,kiR5zVo2zvU,13614
kiR5zVo2zvU$_$0,kiR5zVo2zvU,13615
kiR5zVo2zvU$_$3,kiR5zVo2zvU,13616
kiR5zVo2zvU$_$2,kiR5zVo2zvU,13617
kiR5zVo2zvU$_$5,kiR5zVo2zvU,13618
kiR5zVo2zvU$_$4,kiR5zVo2zvU,13619
kiR5zVo2zvU$_$7,kiR5zVo2zvU,13620
kiR5zVo2zvU$_$6,kiR5zVo2zvU,13621
kiR5zVo2zvU$_$9,kiR5zVo2zvU,13622
kiR5zVo2zvU$_$8,kiR5zVo2zvU,13623
kiR5zVo2zvU$_$11,kiR5zVo2zvU,13624
kiR5zVo2zvU$_$10,kiR5zVo2zvU,13625
kiR5zVo2zvU$_$13,kiR5zVo2zvU,13626
kiR5zVo2zvU$_$12,kiR5zVo2zvU,13627
kiR5zVo2zvU$_$15,kiR5zVo2zvU,13628
kiR5zVo2zvU$_$14,kiR5zVo2zvU,13629
kiR5zVo2zvU$_$17,kiR5zVo2zvU,13630
kiR5zVo2zvU$_$16,kiR5zVo2zvU,13631
kiR5zVo2zvU$_$19,kiR5zVo2zvU,13632
kiR5zVo2zvU$_$18,kiR5zVo2zvU,13633
kk4gr5A6_Uw$_$3,kk4gr5A6_Uw,13639
kkaX3okuvjI$_$1,kkaX3okuvjI,13640
kkaX3okuvjI$_$0,kkaX3okuvjI,13641
kkaX3okuvjI$_$2,kkaX3okuvjI,13642
kkaX3okuvjI$_$5,kkaX3okuvjI,13643
kkaX3okuvjI$_$4,kkaX3okuvjI,13644
kkaX3okuvjI$_$7,kkaX3okuvjI,13645
kmAisuAFckw$_$3,kmAisuAFckw,13646
kmAisuAFckw$_$2,kmAisuAFckw,13647
kmAisuAFckw$_$4,kmAisuAFckw,13648
krHZuqfXrPU$_$24,krHZuqfXrPU,13659
krHZuqfXrPU$_$25,krHZuqfXrPU,13660
krHZuqfXrPU$_$26,krHZuqfXrPU,13661
krHZuqfXrPU$_$27,krHZuqfXrPU,13662
krHZuqfXrPU$_$20,krHZuqfXrPU,13663
krHZuqfXrPU$_$21,krHZuqfXrPU,13664
krHZuqfXrPU$_$22,krHZuqfXrPU,13665
krHZuqfXrPU$_$23,krHZuqfXrPU,13666
krHZuqfXrPU$_$28,krHZuqfXrPU,13667
krHZuqfXrPU$_$29,krHZuqfXrPU,13668
krHZuqfXrPU$_$1,krHZuqfXrPU,13669
krHZuqfXrPU$_$0,krHZuqfXrPU,13670
krHZuqfXrPU$_$3,krHZuqfXrPU,13671
krHZuqfXrPU$_$2,krHZuqfXrPU,13672
krHZuqfXrPU$_$5,krHZuqfXrPU,13673
krHZuqfXrPU$_$4,krHZuqfXrPU,13674
krHZuqfXrPU$_$7,krHZuqfXrPU,13675
krHZuqfXrPU$_$6,krHZuqfXrPU,13676
krHZuqfXrPU$_$9,krHZuqfXrPU,13677
krHZuqfXrPU$_$8,krHZuqfXrPU,13678
krHZuqfXrPU$_$11,krHZuqfXrPU,13679
krHZuqfXrPU$_$10,krHZuqfXrPU,13680
krHZuqfXrPU$_$13,krHZuqfXrPU,13681
krHZuqfXrPU$_$12,krHZuqfXrPU,13682
krHZuqfXrPU$_$15,krHZuqfXrPU,13683
krHZuqfXrPU$_$14,krHZuqfXrPU,13684
krHZuqfXrPU$_$16,krHZuqfXrPU,13685
krHZuqfXrPU$_$19,krHZuqfXrPU,13686
krHZuqfXrPU$_$18,krHZuqfXrPU,13687
krHZuqfXrPU$_$30,krHZuqfXrPU,13688
kuQWPuhnlHs$_$3,kuQWPuhnlHs,13691
kuQWPuhnlHs$_$5,kuQWPuhnlHs,13692
kuQWPuhnlHs$_$4,kuQWPuhnlHs,13693
kuQWPuhnlHs$_$6,kuQWPuhnlHs,13694
kxcCxbsKx3w$_$1,kxcCxbsKx3w,13705
kxcCxbsKx3w$_$0,kxcCxbsKx3w,13706
kxcCxbsKx3w$_$3,kxcCxbsKx3w,13707
kxcCxbsKx3w$_$2,kxcCxbsKx3w,13708
kxcCxbsKx3w$_$5,kxcCxbsKx3w,13709
kxcCxbsKx3w$_$4,kxcCxbsKx3w,13710
kxcCxbsKx3w$_$7,kxcCxbsKx3w,13711
kxcCxbsKx3w$_$6,kxcCxbsKx3w,13712
kxcCxbsKx3w$_$8,kxcCxbsKx3w,13713
kz7ahNfXFsk$_$9,kz7ahNfXFsk,13720
lEsFI5YJGDo$_$11,lEsFI5YJGDo,13758
lEsFI5YJGDo$_$10,lEsFI5YJGDo,13759
lEsFI5YJGDo$_$13,lEsFI5YJGDo,13760
lEsFI5YJGDo$_$12,lEsFI5YJGDo,13761
lEsFI5YJGDo$_$1,lEsFI5YJGDo,13762
lEsFI5YJGDo$_$0,lEsFI5YJGDo,13763
lEsFI5YJGDo$_$3,lEsFI5YJGDo,13764
lEsFI5YJGDo$_$2,lEsFI5YJGDo,13765
lEsFI5YJGDo$_$5,lEsFI5YJGDo,13766
lEsFI5YJGDo$_$4,lEsFI5YJGDo,13767
lEsFI5YJGDo$_$7,lEsFI5YJGDo,13768
lEsFI5YJGDo$_$6,lEsFI5YJGDo,13769
lEsFI5YJGDo$_$9,lEsFI5YJGDo,13770
lEsFI5YJGDo$_$8,lEsFI5YJGDo,13771
lKTeLK8nq8w$_$11,lKTeLK8nq8w,13772
lKTeLK8nq8w$_$10,lKTeLK8nq8w,13773
lKTeLK8nq8w$_$12,lKTeLK8nq8w,13774
lKTeLK8nq8w$_$3,lKTeLK8nq8w,13775
lKTeLK8nq8w$_$2,lKTeLK8nq8w,13776
lKTeLK8nq8w$_$5,lKTeLK8nq8w,13777
lKTeLK8nq8w$_$6,lKTeLK8nq8w,13778
lKTeLK8nq8w$_$9,lKTeLK8nq8w,13779
lKTeLK8nq8w$_$8,lKTeLK8nq8w,13780
lTfsqoo-jKg$_$11,lTfsqoo-jKg,13781
lTfsqoo-jKg$_$10,lTfsqoo-jKg,13782
lTfsqoo-jKg$_$1,lTfsqoo-jKg,13783
lTfsqoo-jKg$_$3,lTfsqoo-jKg,13784
lTfsqoo-jKg$_$2,lTfsqoo-jKg,13785
lTfsqoo-jKg$_$4,lTfsqoo-jKg,13786
lTfsqoo-jKg$_$7,lTfsqoo-jKg,13787
lTfsqoo-jKg$_$6,lTfsqoo-jKg,13788
lTfsqoo-jKg$_$9,lTfsqoo-jKg,13789
lTfsqoo-jKg$_$8,lTfsqoo-jKg,13790
lUNNDDsm7R8$_$1,lUNNDDsm7R8,13791
lUNNDDsm7R8$_$3,lUNNDDsm7R8,13792
lUNNDDsm7R8$_$7,lUNNDDsm7R8,13793
lUNNDDsm7R8$_$6,lUNNDDsm7R8,13794
lVj6ZdyW9pI$_$1,lVj6ZdyW9pI,13795
lVj6ZdyW9pI$_$2,lVj6ZdyW9pI,13796
lWXjdWvB0VI$_$2,lWXjdWvB0VI,13797
lbx3eu8LUl8$_$1,lbx3eu8LUl8,13803
lbx3eu8LUl8$_$4,lbx3eu8LUl8,13804
liJO1yIFsJs$_$7,liJO1yIFsJs,13805
lksy-At0vxc$_$9,lksy-At0vxc,13806
lksy-At0vxc$_$8,lksy-At0vxc,13807
lksy-At0vxc$_$2,lksy-At0vxc,13808
lksy-At0vxc$_$7,lksy-At0vxc,13809
lksy-At0vxc$_$11,lksy-At0vxc,13810
ll10nEjTvGE$_$9,ll10nEjTvGE,13811
ll10nEjTvGE$_$8,ll10nEjTvGE,13812
ll10nEjTvGE$_$13,ll10nEjTvGE,13813
ll10nEjTvGE$_$3,ll10nEjTvGE,13814
ll10nEjTvGE$_$10,ll10nEjTvGE,13815
ltA1VF_DUSc$_$19,ltA1VF_DUSc,13847
m8tzdtrgFUA$_$11,m8tzdtrgFUA,13881
m8tzdtrgFUA$_$12,m8tzdtrgFUA,13882
m8tzdtrgFUA$_$1,m8tzdtrgFUA,13883
m8tzdtrgFUA$_$0,m8tzdtrgFUA,13884
m8tzdtrgFUA$_$3,m8tzdtrgFUA,13885
m8tzdtrgFUA$_$2,m8tzdtrgFUA,13886
m8tzdtrgFUA$_$5,m8tzdtrgFUA,13887
m8tzdtrgFUA$_$7,m8tzdtrgFUA,13888
m8tzdtrgFUA$_$6,m8tzdtrgFUA,13889
m8tzdtrgFUA$_$8,m8tzdtrgFUA,13890
mHIvH6Nnrls$_$1,mHIvH6Nnrls,13893
mHIvH6Nnrls$_$0,mHIvH6Nnrls,13894
mHIvH6Nnrls$_$3,mHIvH6Nnrls,13895
mHIvH6Nnrls$_$2,mHIvH6Nnrls,13896
mHIvH6Nnrls$_$5,mHIvH6Nnrls,13897
mHIvH6Nnrls$_$4,mHIvH6Nnrls,13898
mHIvH6Nnrls$_$7,mHIvH6Nnrls,13899
mL2v-sODUZ8$_$11,mL2v-sODUZ8,13912
mL2v-sODUZ8$_$10,mL2v-sODUZ8,13913
mL2v-sODUZ8$_$12,mL2v-sODUZ8,13914
mL2v-sODUZ8$_$5,mL2v-sODUZ8,13915
mN1Z5xEOy10$_$1,mN1Z5xEOy10,13919
mN1Z5xEOy10$_$0,mN1Z5xEOy10,13920
mN1Z5xEOy10$_$3,mN1Z5xEOy10,13921
mN1Z5xEOy10$_$2,mN1Z5xEOy10,13922
mN1Z5xEOy10$_$4,mN1Z5xEOy10,13923
mO4H5S_Q7aU$_$0,mO4H5S_Q7aU,13925
mQTaEIrNxnQ$_$11,mQTaEIrNxnQ,13928
mQTaEIrNxnQ$_$10,mQTaEIrNxnQ,13929
mQTaEIrNxnQ$_$3,mQTaEIrNxnQ,13930
mQTaEIrNxnQ$_$2,mQTaEIrNxnQ,13931
mQTaEIrNxnQ$_$5,mQTaEIrNxnQ,13932
mQTaEIrNxnQ$_$4,mQTaEIrNxnQ,13933
mQTaEIrNxnQ$_$8,mQTaEIrNxnQ,13934
mRnEJOLkhp8$_$24,mRnEJOLkhp8,13942
mRnEJOLkhp8$_$26,mRnEJOLkhp8,13943
mRnEJOLkhp8$_$12,mRnEJOLkhp8,13944
mRnEJOLkhp8$_$15,mRnEJOLkhp8,13945
mRnEJOLkhp8$_$21,mRnEJOLkhp8,13946
mRnEJOLkhp8$_$10,mRnEJOLkhp8,13947
mRnEJOLkhp8$_$18,mRnEJOLkhp8,13948
mRnEJOLkhp8$_$0,mRnEJOLkhp8,13949
mRnEJOLkhp8$_$3,mRnEJOLkhp8,13950
mRnEJOLkhp8$_$6,mRnEJOLkhp8,13951
mRnEJOLkhp8$_$2,mRnEJOLkhp8,13952
maO6KmmgcB8$_$5,maO6KmmgcB8,13965
maO6KmmgcB8$_$4,maO6KmmgcB8,13966
mgovo8VYtvk$_$24,mgovo8VYtvk,13967
mgovo8VYtvk$_$25,mgovo8VYtvk,13968
mgovo8VYtvk$_$26,mgovo8VYtvk,13969
mgovo8VYtvk$_$27,mgovo8VYtvk,13970
mgovo8VYtvk$_$20,mgovo8VYtvk,13971
mgovo8VYtvk$_$22,mgovo8VYtvk,13972
mgovo8VYtvk$_$23,mgovo8VYtvk,13973
mgovo8VYtvk$_$28,mgovo8VYtvk,13974
mgovo8VYtvk$_$29,mgovo8VYtvk,13975
mgovo8VYtvk$_$1,mgovo8VYtvk,13976
mgovo8VYtvk$_$0,mgovo8VYtvk,13977
mgovo8VYtvk$_$3,mgovo8VYtvk,13978
mgovo8VYtvk$_$2,mgovo8VYtvk,13979
mgovo8VYtvk$_$5,mgovo8VYtvk,13980
mgovo8VYtvk$_$4,mgovo8VYtvk,13981
mgovo8VYtvk$_$7,mgovo8VYtvk,13982
mgovo8VYtvk$_$6,mgovo8VYtvk,13983
mgovo8VYtvk$_$9,mgovo8VYtvk,13984
mgovo8VYtvk$_$8,mgovo8VYtvk,13985
mgovo8VYtvk$_$38,mgovo8VYtvk,13986
mgovo8VYtvk$_$10,mgovo8VYtvk,13987
mgovo8VYtvk$_$13,mgovo8VYtvk,13988
mgovo8VYtvk$_$12,mgovo8VYtvk,13989
mgovo8VYtvk$_$15,mgovo8VYtvk,13990
mgovo8VYtvk$_$14,mgovo8VYtvk,13991
mgovo8VYtvk$_$17,mgovo8VYtvk,13992
mgovo8VYtvk$_$16,mgovo8VYtvk,13993
mgovo8VYtvk$_$19,mgovo8VYtvk,13994
mgovo8VYtvk$_$18,mgovo8VYtvk,13995
mgovo8VYtvk$_$31,mgovo8VYtvk,13996
mgovo8VYtvk$_$30,mgovo8VYtvk,13997
mgovo8VYtvk$_$37,mgovo8VYtvk,13998
mgovo8VYtvk$_$36,mgovo8VYtvk,13999
mgovo8VYtvk$_$35,mgovo8VYtvk,14000
mgovo8VYtvk$_$34,mgovo8VYtvk,14001
mgovo8VYtvk$_$33,mgovo8VYtvk,14002
mgovo8VYtvk$_$32,mgovo8VYtvk,14003
mn8_HvzbN5c$_$0,mn8_HvzbN5c,14035
mn8_HvzbN5c$_$3,mn8_HvzbN5c,14036
mn8_HvzbN5c$_$5,mn8_HvzbN5c,14037
mpfSRGHFY0g$_$1,mpfSRGHFY0g,14038
mpfSRGHFY0g$_$3,mpfSRGHFY0g,14039
nGah7qST1dI$_$1,nGah7qST1dI,14157
nGah7qST1dI$_$8,nGah7qST1dI,14158
nGah7qST1dI$_$3,nGah7qST1dI,14159
nGah7qST1dI$_$4,nGah7qST1dI,14160
nGah7qST1dI$_$7,nGah7qST1dI,14161
nHMHePX9WoU$_$0,nHMHePX9WoU,14162
nHMHePX9WoU$_$2,nHMHePX9WoU,14163
nHMHePX9WoU$_$4,nHMHePX9WoU,14164
nHP7l5zAwGA$_$9,nHP7l5zAwGA,14165
nHP7l5zAwGA$_$0,nHP7l5zAwGA,14166
nHP7l5zAwGA$_$8,nHP7l5zAwGA,14167
nHP7l5zAwGA$_$11,nHP7l5zAwGA,14168
nISNBD3I95A$_$0,nISNBD3I95A,14169
nKiC9sEP2vM$_$11,nKiC9sEP2vM,14170
nKiC9sEP2vM$_$10,nKiC9sEP2vM,14171
nKiC9sEP2vM$_$12,nKiC9sEP2vM,14172
nKiC9sEP2vM$_$15,nKiC9sEP2vM,14173
nKiC9sEP2vM$_$21,nKiC9sEP2vM,14174
nKiC9sEP2vM$_$17,nKiC9sEP2vM,14175
nKiC9sEP2vM$_$19,nKiC9sEP2vM,14176
nKiC9sEP2vM$_$22,nKiC9sEP2vM,14177
nKiC9sEP2vM$_$1,nKiC9sEP2vM,14178
nKiC9sEP2vM$_$0,nKiC9sEP2vM,14179
nKiC9sEP2vM$_$2,nKiC9sEP2vM,14180
nKiC9sEP2vM$_$5,nKiC9sEP2vM,14181
nKiC9sEP2vM$_$4,nKiC9sEP2vM,14182
nKiC9sEP2vM$_$7,nKiC9sEP2vM,14183
nM5S3xxNOlQ$_$10,nM5S3xxNOlQ,14184
nM5S3xxNOlQ$_$1,nM5S3xxNOlQ,14185
nM5S3xxNOlQ$_$0,nM5S3xxNOlQ,14186
nM5S3xxNOlQ$_$3,nM5S3xxNOlQ,14187
nM5S3xxNOlQ$_$2,nM5S3xxNOlQ,14188
nM5S3xxNOlQ$_$5,nM5S3xxNOlQ,14189
nM5S3xxNOlQ$_$4,nM5S3xxNOlQ,14190
nM5S3xxNOlQ$_$7,nM5S3xxNOlQ,14191
nM5S3xxNOlQ$_$6,nM5S3xxNOlQ,14192
nM5S3xxNOlQ$_$9,nM5S3xxNOlQ,14193
nNFDj9fRAqE$_$0,nNFDj9fRAqE,14194
nTBKtwqPIYw$_$11,nTBKtwqPIYw,14197
nTBKtwqPIYw$_$10,nTBKtwqPIYw,14198
nTBKtwqPIYw$_$1,nTBKtwqPIYw,14199
nTBKtwqPIYw$_$3,nTBKtwqPIYw,14200
nTBKtwqPIYw$_$2,nTBKtwqPIYw,14201
nTBKtwqPIYw$_$7,nTBKtwqPIYw,14202
nTBKtwqPIYw$_$9,nTBKtwqPIYw,14203
nZEPf7a8GbI$_$3,nZEPf7a8GbI,14204
nZEPf7a8GbI$_$4,nZEPf7a8GbI,14205
ngp7s5Wvde0$_$11,ngp7s5Wvde0,14206
ngp7s5Wvde0$_$1,ngp7s5Wvde0,14207
ngp7s5Wvde0$_$3,ngp7s5Wvde0,14208
ngp7s5Wvde0$_$10,ngp7s5Wvde0,14209
ngp7s5Wvde0$_$8,ngp7s5Wvde0,14210
nhD9WSEIspQ$_$14,nhD9WSEIspQ,14211
nhD9WSEIspQ$_$17,nhD9WSEIspQ,14212
nhD9WSEIspQ$_$19,nhD9WSEIspQ,14213
nhD9WSEIspQ$_$1,nhD9WSEIspQ,14214
nhD9WSEIspQ$_$0,nhD9WSEIspQ,14215
nhD9WSEIspQ$_$9,nhD9WSEIspQ,14216
niX_m3aMxhQ$_$0,niX_m3aMxhQ,14217
niX_m3aMxhQ$_$3,niX_m3aMxhQ,14218
niX_m3aMxhQ$_$2,niX_m3aMxhQ,14219
niX_m3aMxhQ$_$4,niX_m3aMxhQ,14220
nmWplIQhvoA$_$1,nmWplIQhvoA,14221
nmWplIQhvoA$_$0,nmWplIQhvoA,14222
nmWplIQhvoA$_$3,nmWplIQhvoA,14223
nmWplIQhvoA$_$2,nmWplIQhvoA,14224
nz2vkMyqfeE$_$15,nz2vkMyqfeE,14275
nz2vkMyqfeE$_$14,nz2vkMyqfeE,14276
nz2vkMyqfeE$_$16,nz2vkMyqfeE,14277
nz2vkMyqfeE$_$18,nz2vkMyqfeE,14278
nz2vkMyqfeE$_$2,nz2vkMyqfeE,14279
nz2vkMyqfeE$_$4,nz2vkMyqfeE,14280
o2miCpS7Hwo$_$1,o2miCpS7Hwo,14286
o2miCpS7Hwo$_$5,o2miCpS7Hwo,14287
o2miCpS7Hwo$_$6,o2miCpS7Hwo,14288
o4b7hjQwpv0$_$1,o4b7hjQwpv0,14289
o4b7hjQwpv0$_$0,o4b7hjQwpv0,14290
o4b7hjQwpv0$_$3,o4b7hjQwpv0,14291
o4b7hjQwpv0$_$2,o4b7hjQwpv0,14292
o4b7hjQwpv0$_$5,o4b7hjQwpv0,14293
o4b7hjQwpv0$_$4,o4b7hjQwpv0,14294
o4b7hjQwpv0$_$7,o4b7hjQwpv0,14295
o4b7hjQwpv0$_$6,o4b7hjQwpv0,14296
o4b7hjQwpv0$_$9,o4b7hjQwpv0,14297
o4b7hjQwpv0$_$8,o4b7hjQwpv0,14298
o8OZGBDPD8M$_$11,o8OZGBDPD8M,14309
o8OZGBDPD8M$_$10,o8OZGBDPD8M,14310
o8OZGBDPD8M$_$12,o8OZGBDPD8M,14311
o8OZGBDPD8M$_$16,o8OZGBDPD8M,14312
o8OZGBDPD8M$_$0,o8OZGBDPD8M,14313
o8OZGBDPD8M$_$5,o8OZGBDPD8M,14314
o8OZGBDPD8M$_$8,o8OZGBDPD8M,14315
oANUXY3xXKM$_$1,oANUXY3xXKM,14316
oANUXY3xXKM$_$3,oANUXY3xXKM,14317
oANUXY3xXKM$_$2,oANUXY3xXKM,14318
oANUXY3xXKM$_$5,oANUXY3xXKM,14319
oANUXY3xXKM$_$4,oANUXY3xXKM,14320
oANUXY3xXKM$_$7,oANUXY3xXKM,14321
oANUXY3xXKM$_$6,oANUXY3xXKM,14322
oANUXY3xXKM$_$8,oANUXY3xXKM,14323
oDznO5w3v0U$_$10,oDznO5w3v0U,14329
oDznO5w3v0U$_$3,oDznO5w3v0U,14330
oDznO5w3v0U$_$6,oDznO5w3v0U,14331
oGnKsroR0R0$_$13,oGnKsroR0R0,14332
oGnKsroR0R0$_$12,oGnKsroR0R0,14333
oGnKsroR0R0$_$15,oGnKsroR0R0,14334
oGnKsroR0R0$_$14,oGnKsroR0R0,14335
oGnKsroR0R0$_$17,oGnKsroR0R0,14336
oGnKsroR0R0$_$16,oGnKsroR0R0,14337
oGnKsroR0R0$_$18,oGnKsroR0R0,14338
oGnKsroR0R0$_$1,oGnKsroR0R0,14339
oGnKsroR0R0$_$0,oGnKsroR0R0,14340
oGnKsroR0R0$_$3,oGnKsroR0R0,14341
oGnKsroR0R0$_$5,oGnKsroR0R0,14342
oGnKsroR0R0$_$4,oGnKsroR0R0,14343
oGnKsroR0R0$_$7,oGnKsroR0R0,14344
oGnKsroR0R0$_$6,oGnKsroR0R0,14345
oGnKsroR0R0$_$9,oGnKsroR0R0,14346
oGnKsroR0R0$_$20,oGnKsroR0R0,14347
oGnKsroR0R0$_$8,oGnKsroR0R0,14348
oGnKsroR0R0$_$21,oGnKsroR0R0,14349
oHV99Y_EWfI$_$10,oHV99Y_EWfI,14350
oHV99Y_EWfI$_$26,oHV99Y_EWfI,14351
oHV99Y_EWfI$_$12,oHV99Y_EWfI,14352
oHV99Y_EWfI$_$15,oHV99Y_EWfI,14353
oHV99Y_EWfI$_$17,oHV99Y_EWfI,14354
oHV99Y_EWfI$_$25,oHV99Y_EWfI,14355
oHV99Y_EWfI$_$19,oHV99Y_EWfI,14356
oHV99Y_EWfI$_$13,oHV99Y_EWfI,14357
oHV99Y_EWfI$_$0,oHV99Y_EWfI,14358
oHV99Y_EWfI$_$3,oHV99Y_EWfI,14359
oHV99Y_EWfI$_$5,oHV99Y_EWfI,14360
oHV99Y_EWfI$_$4,oHV99Y_EWfI,14361
oHV99Y_EWfI$_$7,oHV99Y_EWfI,14362
oHV99Y_EWfI$_$6,oHV99Y_EWfI,14363
oNCvb0F-c88$_$6,oNCvb0F-c88,14365
oOhxCwkZsUI$_$1,oOhxCwkZsUI,14369
oOhxCwkZsUI$_$0,oOhxCwkZsUI,14370
oPvUDLhTrjI$_$11,oPvUDLhTrjI,14371
oPvUDLhTrjI$_$10,oPvUDLhTrjI,14372
oPvUDLhTrjI$_$13,oPvUDLhTrjI,14373
oPvUDLhTrjI$_$15,oPvUDLhTrjI,14374
oPvUDLhTrjI$_$14,oPvUDLhTrjI,14375
oPvUDLhTrjI$_$0,oPvUDLhTrjI,14376
oPvUDLhTrjI$_$3,oPvUDLhTrjI,14377
oPvUDLhTrjI$_$2,oPvUDLhTrjI,14378
oPvUDLhTrjI$_$7,oPvUDLhTrjI,14379
oPvUDLhTrjI$_$9,oPvUDLhTrjI,14380
oPvUDLhTrjI$_$8,oPvUDLhTrjI,14381
oVqBUyKvgdU$_$10,oVqBUyKvgdU,14382
oVqBUyKvgdU$_$1,oVqBUyKvgdU,14383
oVqBUyKvgdU$_$0,oVqBUyKvgdU,14384
oVqBUyKvgdU$_$3,oVqBUyKvgdU,14385
oVqBUyKvgdU$_$7,oVqBUyKvgdU,14386
oVqBUyKvgdU$_$9,oVqBUyKvgdU,14387
oWAyEzyp2xQ$_$10,oWAyEzyp2xQ,14391
oWAyEzyp2xQ$_$13,oWAyEzyp2xQ,14392
oWAyEzyp2xQ$_$12,oWAyEzyp2xQ,14393
oWAyEzyp2xQ$_$15,oWAyEzyp2xQ,14394
oWAyEzyp2xQ$_$16,oWAyEzyp2xQ,14395
oWAyEzyp2xQ$_$19,oWAyEzyp2xQ,14396
oWAyEzyp2xQ$_$1,oWAyEzyp2xQ,14397
oWAyEzyp2xQ$_$2,oWAyEzyp2xQ,14398
oWAyEzyp2xQ$_$7,oWAyEzyp2xQ,14399
oWAyEzyp2xQ$_$8,oWAyEzyp2xQ,14400
oWAyEzyp2xQ$_$9,oWAyEzyp2xQ,14401
oWAyEzyp2xQ$_$20,oWAyEzyp2xQ,14402
oecQ9yDtfx0$_$0,oecQ9yDtfx0,14416
oecQ9yDtfx0$_$2,oecQ9yDtfx0,14417
oecQ9yDtfx0$_$5,oecQ9yDtfx0,14418
ogGweZUAVtU$_$51,ogGweZUAVtU,14419
ogGweZUAVtU$_$22,ogGweZUAVtU,14420
ogGweZUAVtU$_$43,ogGweZUAVtU,14421
ogGweZUAVtU$_$53,ogGweZUAVtU,14422
ogGweZUAVtU$_$52,ogGweZUAVtU,14423
ogGweZUAVtU$_$23,ogGweZUAVtU,14424
ogGweZUAVtU$_$24,ogGweZUAVtU,14425
ogGweZUAVtU$_$25,ogGweZUAVtU,14426
ogGweZUAVtU$_$26,ogGweZUAVtU,14427
ogGweZUAVtU$_$27,ogGweZUAVtU,14428
ogGweZUAVtU$_$20,ogGweZUAVtU,14429
ogGweZUAVtU$_$21,ogGweZUAVtU,14430
ogGweZUAVtU$_$48,ogGweZUAVtU,14431
ogGweZUAVtU$_$49,ogGweZUAVtU,14432
ogGweZUAVtU$_$46,ogGweZUAVtU,14433
ogGweZUAVtU$_$47,ogGweZUAVtU,14434
ogGweZUAVtU$_$44,ogGweZUAVtU,14435
ogGweZUAVtU$_$45,ogGweZUAVtU,14436
ogGweZUAVtU$_$28,ogGweZUAVtU,14437
ogGweZUAVtU$_$29,ogGweZUAVtU,14438
ogGweZUAVtU$_$40,ogGweZUAVtU,14439
ogGweZUAVtU$_$41,ogGweZUAVtU,14440
ogGweZUAVtU$_$1,ogGweZUAVtU,14441
ogGweZUAVtU$_$0,ogGweZUAVtU,14442
ogGweZUAVtU$_$3,ogGweZUAVtU,14443
ogGweZUAVtU$_$2,ogGweZUAVtU,14444
ogGweZUAVtU$_$5,ogGweZUAVtU,14445
ogGweZUAVtU$_$4,ogGweZUAVtU,14446
ogGweZUAVtU$_$7,ogGweZUAVtU,14447
ogGweZUAVtU$_$6,ogGweZUAVtU,14448
ogGweZUAVtU$_$9,ogGweZUAVtU,14449
ogGweZUAVtU$_$8,ogGweZUAVtU,14450
ogGweZUAVtU$_$39,ogGweZUAVtU,14451
ogGweZUAVtU$_$38,ogGweZUAVtU,14452
ogGweZUAVtU$_$11,ogGweZUAVtU,14453
ogGweZUAVtU$_$10,ogGweZUAVtU,14454
ogGweZUAVtU$_$13,ogGweZUAVtU,14455
ogGweZUAVtU$_$12,ogGweZUAVtU,14456
ogGweZUAVtU$_$15,ogGweZUAVtU,14457
ogGweZUAVtU$_$14,ogGweZUAVtU,14458
ogGweZUAVtU$_$17,ogGweZUAVtU,14459
ogGweZUAVtU$_$16,ogGweZUAVtU,14460
ogGweZUAVtU$_$19,ogGweZUAVtU,14461
ogGweZUAVtU$_$18,ogGweZUAVtU,14462
ogGweZUAVtU$_$31,ogGweZUAVtU,14463
ogGweZUAVtU$_$30,ogGweZUAVtU,14464
ogGweZUAVtU$_$37,ogGweZUAVtU,14465
ogGweZUAVtU$_$36,ogGweZUAVtU,14466
ogGweZUAVtU$_$35,ogGweZUAVtU,14467
ogGweZUAVtU$_$34,ogGweZUAVtU,14468
ogGweZUAVtU$_$33,ogGweZUAVtU,14469
ogGweZUAVtU$_$32,ogGweZUAVtU,14470
oj7A8mpuBeQ$_$11,oj7A8mpuBeQ,14471
oj7A8mpuBeQ$_$10,oj7A8mpuBeQ,14472
oj7A8mpuBeQ$_$12,oj7A8mpuBeQ,14473
oj7A8mpuBeQ$_$1,oj7A8mpuBeQ,14474
oj7A8mpuBeQ$_$0,oj7A8mpuBeQ,14475
oj7A8mpuBeQ$_$3,oj7A8mpuBeQ,14476
oj7A8mpuBeQ$_$2,oj7A8mpuBeQ,14477
oj7A8mpuBeQ$_$5,oj7A8mpuBeQ,14478
oj7A8mpuBeQ$_$4,oj7A8mpuBeQ,14479
oj7A8mpuBeQ$_$7,oj7A8mpuBeQ,14480
oj7A8mpuBeQ$_$6,oj7A8mpuBeQ,14481
oj7A8mpuBeQ$_$9,oj7A8mpuBeQ,14482
oj7A8mpuBeQ$_$8,oj7A8mpuBeQ,14483
olVQZV_1rdA$_$1,olVQZV_1rdA,14484
olVQZV_1rdA$_$0,olVQZV_1rdA,14485
olcPEN9x5VY$_$1,olcPEN9x5VY,14486
olcPEN9x5VY$_$0,olcPEN9x5VY,14487
olcPEN9x5VY$_$3,olcPEN9x5VY,14488
olcPEN9x5VY$_$2,olcPEN9x5VY,14489
olcPEN9x5VY$_$5,olcPEN9x5VY,14490
olcPEN9x5VY$_$4,olcPEN9x5VY,14491
olcPEN9x5VY$_$7,olcPEN9x5VY,14492
olcPEN9x5VY$_$6,olcPEN9x5VY,14493
olcPEN9x5VY$_$9,olcPEN9x5VY,14494
olcPEN9x5VY$_$8,olcPEN9x5VY,14495
ou6S6fbfBWU$_$8,ou6S6fbfBWU,14527
ou6S6fbfBWU$_$0,ou6S6fbfBWU,14528
p4IeTRNcxc4$_$9,p4IeTRNcxc4,14550
p4IeTRNcxc4$_$5,p4IeTRNcxc4,14551
p4IeTRNcxc4$_$6,p4IeTRNcxc4,14552
p5LEk2u8tXk$_$11,p5LEk2u8tXk,14553
p5LEk2u8tXk$_$13,p5LEk2u8tXk,14554
p5LEk2u8tXk$_$15,p5LEk2u8tXk,14555
p5LEk2u8tXk$_$16,p5LEk2u8tXk,14556
p5LEk2u8tXk$_$3,p5LEk2u8tXk,14557
p5LEk2u8tXk$_$4,p5LEk2u8tXk,14558
p5LEk2u8tXk$_$8,p5LEk2u8tXk,14559
pC0zFF8CXXk$_$2,pC0zFF8CXXk,14572
pC0zFF8CXXk$_$4,pC0zFF8CXXk,14573
pI5Kng_GuLE$_$5,pI5Kng_GuLE,14590
pVzHaakhKAw$_$0,pVzHaakhKAw,14608
pVzHaakhKAw$_$5,pVzHaakhKAw,14609
pfCPogxnUfw$_$24,pfCPogxnUfw,14645
pfCPogxnUfw$_$26,pfCPogxnUfw,14646
pfCPogxnUfw$_$27,pfCPogxnUfw,14647
pfCPogxnUfw$_$20,pfCPogxnUfw,14648
pfCPogxnUfw$_$22,pfCPogxnUfw,14649
pfCPogxnUfw$_$17,pfCPogxnUfw,14650
pfCPogxnUfw$_$16,pfCPogxnUfw,14651
pfCPogxnUfw$_$19,pfCPogxnUfw,14652
pfCPogxnUfw$_$32,pfCPogxnUfw,14653
pfCPogxnUfw$_$1,pfCPogxnUfw,14654
pfCPogxnUfw$_$0,pfCPogxnUfw,14655
pfCPogxnUfw$_$5,pfCPogxnUfw,14656
pfCPogxnUfw$_$4,pfCPogxnUfw,14657
pfCPogxnUfw$_$6,pfCPogxnUfw,14658
pfCPogxnUfw$_$8,pfCPogxnUfw,14659
pfCPogxnUfw$_$21,pfCPogxnUfw,14660
pjWLxORDDP4$_$2,pjWLxORDDP4,14661
plsot5mFAtQ$_$4,plsot5mFAtQ,14663
plsot5mFAtQ$_$7,plsot5mFAtQ,14664
plsot5mFAtQ$_$6,plsot5mFAtQ,14665
po5jCjnxW1w$_$4,po5jCjnxW1w,14673
pqAGD3ijMPw$_$9,pqAGD3ijMPw,14674
pqAGD3ijMPw$_$8,pqAGD3ijMPw,14675
pu1C7tmYHxI$_$1,pu1C7tmYHxI,14681
pu1C7tmYHxI$_$0,pu1C7tmYHxI,14682
pu1C7tmYHxI$_$2,pu1C7tmYHxI,14683
pvlmYjQdRmA$_$0,pvlmYjQdRmA,14703
pwj9YeMJC08$_$14,pwj9YeMJC08,14704
pwj9YeMJC08$_$17,pwj9YeMJC08,14705
pwj9YeMJC08$_$13,pwj9YeMJC08,14706
pwj9YeMJC08$_$15,pwj9YeMJC08,14707
pwj9YeMJC08$_$5,pwj9YeMJC08,14708
pwj9YeMJC08$_$6,pwj9YeMJC08,14709
pwj9YeMJC08$_$9,pwj9YeMJC08,14710
pwj9YeMJC08$_$8,pwj9YeMJC08,14711
pzUplbeH_fg$_$0,pzUplbeH_fg,14712
q-0gu48ClF4$_$1,q-0gu48ClF4,14713
q-0gu48ClF4$_$0,q-0gu48ClF4,14714
q-0gu48ClF4$_$2,q-0gu48ClF4,14715
q-0gu48ClF4$_$4,q-0gu48ClF4,14716
q1_knonj0Lw$_$11,q1_knonj0Lw,14717
q1_knonj0Lw$_$26,q1_knonj0Lw,14718
q1_knonj0Lw$_$12,q1_knonj0Lw,14719
q1_knonj0Lw$_$15,q1_knonj0Lw,14720
q1_knonj0Lw$_$22,q1_knonj0Lw,14721
q1_knonj0Lw$_$17,q1_knonj0Lw,14722
q1_knonj0Lw$_$16,q1_knonj0Lw,14723
q1_knonj0Lw$_$18,q1_knonj0Lw,14724
q1_knonj0Lw$_$23,q1_knonj0Lw,14725
q1_knonj0Lw$_$0,q1_knonj0Lw,14726
q1_knonj0Lw$_$3,q1_knonj0Lw,14727
q1_knonj0Lw$_$2,q1_knonj0Lw,14728
q1_knonj0Lw$_$5,q1_knonj0Lw,14729
q1_knonj0Lw$_$4,q1_knonj0Lw,14730
q1_knonj0Lw$_$7,q1_knonj0Lw,14731
qEkFReBuwxc$_$25,qEkFReBuwxc,14748
qEkFReBuwxc$_$12,qEkFReBuwxc,14749
qEkFReBuwxc$_$20,qEkFReBuwxc,14750
qEkFReBuwxc$_$21,qEkFReBuwxc,14751
qEkFReBuwxc$_$19,qEkFReBuwxc,14752
qEkFReBuwxc$_$18,qEkFReBuwxc,14753
qEkFReBuwxc$_$1,qEkFReBuwxc,14754
qEkFReBuwxc$_$0,qEkFReBuwxc,14755
qEkFReBuwxc$_$3,qEkFReBuwxc,14756
qEkFReBuwxc$_$2,qEkFReBuwxc,14757
qEkFReBuwxc$_$5,qEkFReBuwxc,14758
qEkFReBuwxc$_$7,qEkFReBuwxc,14759
qEkFReBuwxc$_$9,qEkFReBuwxc,14760
qEkFReBuwxc$_$8,qEkFReBuwxc,14761
qFsGMA75-oQ$_$1,qFsGMA75-oQ,14770
qFsGMA75-oQ$_$3,qFsGMA75-oQ,14771
qFsGMA75-oQ$_$2,qFsGMA75-oQ,14772
qFsGMA75-oQ$_$5,qFsGMA75-oQ,14773
qJh6x4wmmh8$_$0,qJh6x4wmmh8,14798
qJh6x4wmmh8$_$3,qJh6x4wmmh8,14799
qJh6x4wmmh8$_$2,qJh6x4wmmh8,14800
qJh6x4wmmh8$_$4,qJh6x4wmmh8,14801
qdeQg5dZb2E$_$1,qdeQg5dZb2E,14827
qdeQg5dZb2E$_$0,qdeQg5dZb2E,14828
qdeQg5dZb2E$_$2,qdeQg5dZb2E,14829
qed3medhsj4$_$1,qed3medhsj4,14830
qed3medhsj4$_$0,qed3medhsj4,14831
qed3medhsj4$_$3,qed3medhsj4,14832
qed3medhsj4$_$2,qed3medhsj4,14833
qed3medhsj4$_$5,qed3medhsj4,14834
qjMyjLSORY4$_$11,qjMyjLSORY4,14835
qjMyjLSORY4$_$13,qjMyjLSORY4,14836
qjMyjLSORY4$_$20,qjMyjLSORY4,14837
qjMyjLSORY4$_$22,qjMyjLSORY4,14838
qjMyjLSORY4$_$19,qjMyjLSORY4,14839
qjMyjLSORY4$_$32,qjMyjLSORY4,14840
qjMyjLSORY4$_$31,qjMyjLSORY4,14841
qjMyjLSORY4$_$6,qjMyjLSORY4,14842
qjMyjLSORY4$_$28,qjMyjLSORY4,14843
qjMyjLSORY4$_$29,qjMyjLSORY4,14844
qjMyjLSORY4$_$35,qjMyjLSORY4,14845
qjMyjLSORY4$_$15,qjMyjLSORY4,14846
qjMyjLSORY4$_$1,qjMyjLSORY4,14847
qjMyjLSORY4$_$33,qjMyjLSORY4,14848
qjMyjLSORY4$_$3,qjMyjLSORY4,14849
qjMyjLSORY4$_$2,qjMyjLSORY4,14850
qjMyjLSORY4$_$5,qjMyjLSORY4,14851
qjMyjLSORY4$_$7,qjMyjLSORY4,14852
qjMyjLSORY4$_$18,qjMyjLSORY4,14853
qjMyjLSORY4$_$8,qjMyjLSORY4,14854
qlDT-bmIzQI$_$0,qlDT-bmIzQI,14862
qlDT-bmIzQI$_$3,qlDT-bmIzQI,14863
qlDT-bmIzQI$_$2,qlDT-bmIzQI,14864
qlDT-bmIzQI$_$5,qlDT-bmIzQI,14865
qlDT-bmIzQI$_$4,qlDT-bmIzQI,14866
qmx0nQZYHIo$_$5,qmx0nQZYHIo,14873
qmx0nQZYHIo$_$4,qmx0nQZYHIo,14874
qyJiDgtj6YE$_$10,qyJiDgtj6YE,14900
qyJiDgtj6YE$_$13,qyJiDgtj6YE,14901
qyJiDgtj6YE$_$12,qyJiDgtj6YE,14902
qyJiDgtj6YE$_$17,qyJiDgtj6YE,14903
qyJiDgtj6YE$_$3,qyJiDgtj6YE,14904
qyJiDgtj6YE$_$4,qyJiDgtj6YE,14905
qyJiDgtj6YE$_$6,qyJiDgtj6YE,14906
r4ul1wl_1T8$_$11,r4ul1wl_1T8,14914
r4ul1wl_1T8$_$12,r4ul1wl_1T8,14915
r4ul1wl_1T8$_$15,r4ul1wl_1T8,14916
r4ul1wl_1T8$_$5,r4ul1wl_1T8,14917
r4ul1wl_1T8$_$6,r4ul1wl_1T8,14918
r4ul1wl_1T8$_$9,r4ul1wl_1T8,14919
r917wP1qsL4$_$18,r917wP1qsL4,14923
r917wP1qsL4$_$21,r917wP1qsL4,14924
r917wP1qsL4$_$6,r917wP1qsL4,14925
rB6WmWvvyxg$_$1,rB6WmWvvyxg,14927
rB6WmWvvyxg$_$0,rB6WmWvvyxg,14928
rB6WmWvvyxg$_$3,rB6WmWvvyxg,14929
rB6WmWvvyxg$_$2,rB6WmWvvyxg,14930
rB6WmWvvyxg$_$5,rB6WmWvvyxg,14931
rB6WmWvvyxg$_$4,rB6WmWvvyxg,14932
rB6WmWvvyxg$_$7,rB6WmWvvyxg,14933
rB6WmWvvyxg$_$8,rB6WmWvvyxg,14934
rBWeo_rEdcU$_$11,rBWeo_rEdcU,14935
rBWeo_rEdcU$_$10,rBWeo_rEdcU,14936
rBWeo_rEdcU$_$13,rBWeo_rEdcU,14937
rBWeo_rEdcU$_$15,rBWeo_rEdcU,14938
rBWeo_rEdcU$_$21,rBWeo_rEdcU,14939
rBWeo_rEdcU$_$22,rBWeo_rEdcU,14940
rBWeo_rEdcU$_$3,rBWeo_rEdcU,14941
rBWeo_rEdcU$_$4,rBWeo_rEdcU,14942
rBWeo_rEdcU$_$6,rBWeo_rEdcU,14943
rBWeo_rEdcU$_$8,rBWeo_rEdcU,14944
rBWeo_rEdcU$_$17,rBWeo_rEdcU,14945
rBWeo_rEdcU$_$14,rBWeo_rEdcU,14946
rVG8gOAY0JE$_$3,rVG8gOAY0JE,14979
rZqWAnrJ1Nc$_$1,rZqWAnrJ1Nc,14982
r_vjlTcrI-U$_$3,r_vjlTcrI-U,14983
r_vjlTcrI-U$_$2,r_vjlTcrI-U,14984
r_vjlTcrI-U$_$4,r_vjlTcrI-U,14985
raQ9Pcgo-II$_$1,raQ9Pcgo-II,14986
raQ9Pcgo-II$_$0,raQ9Pcgo-II,14987
raQ9Pcgo-II$_$3,raQ9Pcgo-II,14988
raQ9Pcgo-II$_$4,raQ9Pcgo-II,14989
rexJoy4RMdY$_$1,rexJoy4RMdY,14990
rexJoy4RMdY$_$0,rexJoy4RMdY,14991
rexJoy4RMdY$_$3,rexJoy4RMdY,14992
rexJoy4RMdY$_$4,rexJoy4RMdY,14993
rsQRiALH5FU$_$11,rsQRiALH5FU,14994
rsQRiALH5FU$_$10,rsQRiALH5FU,14995
rsQRiALH5FU$_$2,rsQRiALH5FU,14996
rsQRiALH5FU$_$4,rsQRiALH5FU,14997
rv1gp0wEhI0$_$9,rv1gp0wEhI0,14998
rwe-hBNpzH8$_$1,rwe-hBNpzH8,15010
rwe-hBNpzH8$_$0,rwe-hBNpzH8,15011
rwe-hBNpzH8$_$2,rwe-hBNpzH8,15012
rz4Ax6xfZHQ$_$15,rz4Ax6xfZHQ,15013
rz4Ax6xfZHQ$_$17,rz4Ax6xfZHQ,15014
rz4Ax6xfZHQ$_$18,rz4Ax6xfZHQ,15015
rz4Ax6xfZHQ$_$1,rz4Ax6xfZHQ,15016
rz4Ax6xfZHQ$_$2,rz4Ax6xfZHQ,15017
rz4Ax6xfZHQ$_$5,rz4Ax6xfZHQ,15018
rz4Ax6xfZHQ$_$4,rz4Ax6xfZHQ,15019
rz4Ax6xfZHQ$_$7,rz4Ax6xfZHQ,15020
rz4Ax6xfZHQ$_$8,rz4Ax6xfZHQ,15021
rzsk_IvI7bQ$_$1,rzsk_IvI7bQ,15022
s2oX3zxWuEI$_$8,s2oX3zxWuEI,15034
sC1NvtirijU$_$20,sC1NvtirijU,15038
sC1NvtirijU$_$21,sC1NvtirijU,15039
sC1NvtirijU$_$22,sC1NvtirijU,15040
sC1NvtirijU$_$1,sC1NvtirijU,15041
sC1NvtirijU$_$0,sC1NvtirijU,15042
sC1NvtirijU$_$3,sC1NvtirijU,15043
sC1NvtirijU$_$2,sC1NvtirijU,15044
sC1NvtirijU$_$5,sC1NvtirijU,15045
sC1NvtirijU$_$4,sC1NvtirijU,15046
sC1NvtirijU$_$7,sC1NvtirijU,15047
sC1NvtirijU$_$6,sC1NvtirijU,15048
sC1NvtirijU$_$9,sC1NvtirijU,15049
sC1NvtirijU$_$8,sC1NvtirijU,15050
sC1NvtirijU$_$11,sC1NvtirijU,15051
sC1NvtirijU$_$10,sC1NvtirijU,15052
sC1NvtirijU$_$13,sC1NvtirijU,15053
sC1NvtirijU$_$12,sC1NvtirijU,15054
sC1NvtirijU$_$15,sC1NvtirijU,15055
sC1NvtirijU$_$14,sC1NvtirijU,15056
sC1NvtirijU$_$17,sC1NvtirijU,15057
sC1NvtirijU$_$16,sC1NvtirijU,15058
sC1NvtirijU$_$19,sC1NvtirijU,15059
sIGAq2J4KKI$_$1,sIGAq2J4KKI,15070
sIGAq2J4KKI$_$0,sIGAq2J4KKI,15071
sIGAq2J4KKI$_$5,sIGAq2J4KKI,15072
sK9_de5Jx4U$_$1,sK9_de5Jx4U,15073
sKwPCpFtUUI$_$8,sKwPCpFtUUI,15074
sKwPCpFtUUI$_$2,sKwPCpFtUUI,15075
sKwPCpFtUUI$_$6,sKwPCpFtUUI,15076
sLaTZtL0ZIk$_$5,sLaTZtL0ZIk,15077
sLaTZtL0ZIk$_$4,sLaTZtL0ZIk,15078
sMnbpyFqrlE$_$13,sMnbpyFqrlE,15079
sMnbpyFqrlE$_$15,sMnbpyFqrlE,15080
sMnbpyFqrlE$_$17,sMnbpyFqrlE,15081
sMnbpyFqrlE$_$16,sMnbpyFqrlE,15082
sMnbpyFqrlE$_$1,sMnbpyFqrlE,15083
sMnbpyFqrlE$_$0,sMnbpyFqrlE,15084
sMnbpyFqrlE$_$4,sMnbpyFqrlE,15085
sMnbpyFqrlE$_$7,sMnbpyFqrlE,15086
sMnbpyFqrlE$_$9,sMnbpyFqrlE,15087
sMnbpyFqrlE$_$8,sMnbpyFqrlE,15088
sWsDAG6x9n0$_$1,sWsDAG6x9n0,15101
sWsDAG6x9n0$_$0,sWsDAG6x9n0,15102
sWsDAG6x9n0$_$3,sWsDAG6x9n0,15103
sjoArVtU8-o$_$1,sjoArVtU8-o,15104
sjoArVtU8-o$_$0,sjoArVtU8-o,15105
sjoArVtU8-o$_$3,sjoArVtU8-o,15106
sjoArVtU8-o$_$2,sjoArVtU8-o,15107
sjoArVtU8-o$_$5,sjoArVtU8-o,15108
sjoArVtU8-o$_$4,sjoArVtU8-o,15109
sjoArVtU8-o$_$7,sjoArVtU8-o,15110
sjoArVtU8-o$_$6,sjoArVtU8-o,15111
sjoArVtU8-o$_$8,sjoArVtU8-o,15112
skp_SpnIOCM$_$1,skp_SpnIOCM,15113
skp_SpnIOCM$_$2,skp_SpnIOCM,15114
skp_SpnIOCM$_$4,skp_SpnIOCM,15115
slLRsFFiiRc$_$1,slLRsFFiiRc,15116
slLRsFFiiRc$_$5,slLRsFFiiRc,15117
slLRsFFiiRc$_$4,slLRsFFiiRc,15118
slLRsFFiiRc$_$7,slLRsFFiiRc,15119
sn1fEo72gJM$_$2,sn1fEo72gJM,15120
sn1fEo72gJM$_$12,sn1fEo72gJM,15121
sn1fEo72gJM$_$5,sn1fEo72gJM,15122
sn1fEo72gJM$_$7,sn1fEo72gJM,15123
sn1fEo72gJM$_$6,sn1fEo72gJM,15124
soqnBdPOwoo$_$1,soqnBdPOwoo,15128
soqnBdPOwoo$_$3,soqnBdPOwoo,15129
soqnBdPOwoo$_$2,soqnBdPOwoo,15130
soqnBdPOwoo$_$5,soqnBdPOwoo,15131
soqnBdPOwoo$_$4,soqnBdPOwoo,15132
soqnBdPOwoo$_$7,soqnBdPOwoo,15133
soqnBdPOwoo$_$6,soqnBdPOwoo,15134
soqnBdPOwoo$_$8,soqnBdPOwoo,15135
srbrWyZRMCI$_$11,srbrWyZRMCI,15137
srbrWyZRMCI$_$10,srbrWyZRMCI,15138
srbrWyZRMCI$_$1,srbrWyZRMCI,15139
srbrWyZRMCI$_$0,srbrWyZRMCI,15140
srbrWyZRMCI$_$3,srbrWyZRMCI,15141
srbrWyZRMCI$_$2,srbrWyZRMCI,15142
srbrWyZRMCI$_$5,srbrWyZRMCI,15143
srbrWyZRMCI$_$4,srbrWyZRMCI,15144
srbrWyZRMCI$_$7,srbrWyZRMCI,15145
srbrWyZRMCI$_$6,srbrWyZRMCI,15146
srbrWyZRMCI$_$9,srbrWyZRMCI,15147
srbrWyZRMCI$_$8,srbrWyZRMCI,15148
t0Wi5Nb6kbI$_$10,t0Wi5Nb6kbI,15162
t0Wi5Nb6kbI$_$3,t0Wi5Nb6kbI,15163
t0Wi5Nb6kbI$_$12,t0Wi5Nb6kbI,15164
t0Wi5Nb6kbI$_$7,t0Wi5Nb6kbI,15165
t80DGfWJ3fI$_$0,t80DGfWJ3fI,15177
tXQQ0joMq1Q$_$3,tXQQ0joMq1Q,15189
tXxXhGD1aMo$_$1,tXxXhGD1aMo,15190
tXxXhGD1aMo$_$11,tXxXhGD1aMo,15191
tXxXhGD1aMo$_$3,tXxXhGD1aMo,15192
tXxXhGD1aMo$_$2,tXxXhGD1aMo,15193
tXxXhGD1aMo$_$6,tXxXhGD1aMo,15194
tXxf6-CilNI$_$20,tXxf6-CilNI,15195
tXxf6-CilNI$_$21,tXxf6-CilNI,15196
tXxf6-CilNI$_$23,tXxf6-CilNI,15197
tXxf6-CilNI$_$18,tXxf6-CilNI,15198
tXxf6-CilNI$_$1,tXxf6-CilNI,15199
tXxf6-CilNI$_$0,tXxf6-CilNI,15200
tXxf6-CilNI$_$6,tXxf6-CilNI,15201
tXxf6-CilNI$_$9,tXxf6-CilNI,15202
tXxf6-CilNI$_$8,tXxf6-CilNI,15203
ta26Z2YEVMQ$_$0,ta26Z2YEVMQ,15204
ta26Z2YEVMQ$_$3,ta26Z2YEVMQ,15205
ta26Z2YEVMQ$_$2,ta26Z2YEVMQ,15206
ta26Z2YEVMQ$_$4,ta26Z2YEVMQ,15207
taGs3-SMoYM$_$1,taGs3-SMoYM,15209
taGs3-SMoYM$_$0,taGs3-SMoYM,15210
taGs3-SMoYM$_$3,taGs3-SMoYM,15211
taGs3-SMoYM$_$2,taGs3-SMoYM,15212
taGs3-SMoYM$_$5,taGs3-SMoYM,15213
taGs3-SMoYM$_$4,taGs3-SMoYM,15214
txjqbr6FoZs$_$10,txjqbr6FoZs,15264
txjqbr6FoZs$_$3,txjqbr6FoZs,15265
txjqbr6FoZs$_$5,txjqbr6FoZs,15266
txjqbr6FoZs$_$4,txjqbr6FoZs,15267
txjqbr6FoZs$_$7,txjqbr6FoZs,15268
txjqbr6FoZs$_$6,txjqbr6FoZs,15269
txjqbr6FoZs$_$9,txjqbr6FoZs,15270
txjqbr6FoZs$_$8,txjqbr6FoZs,15271
u6H0sVuY1ac$_$1,u6H0sVuY1ac,15272
u6H0sVuY1ac$_$3,u6H0sVuY1ac,15273
uN0d3ZOkDp8$_$1,uN0d3ZOkDp8,15304
uN0d3ZOkDp8$_$3,uN0d3ZOkDp8,15305
uN0d3ZOkDp8$_$2,uN0d3ZOkDp8,15306
uN0d3ZOkDp8$_$4,uN0d3ZOkDp8,15307
uTWeng4h5eM$_$1,uTWeng4h5eM,15309
uTWeng4h5eM$_$8,uTWeng4h5eM,15310
uTWeng4h5eM$_$9,uTWeng4h5eM,15311
uTWeng4h5eM$_$5,uTWeng4h5eM,15312
uTWeng4h5eM$_$4,uTWeng4h5eM,15313
ueCWy7aTmyo$_$11,ueCWy7aTmyo,15367
ueCWy7aTmyo$_$10,ueCWy7aTmyo,15368
ueCWy7aTmyo$_$13,ueCWy7aTmyo,15369
ueCWy7aTmyo$_$12,ueCWy7aTmyo,15370
ueCWy7aTmyo$_$15,ueCWy7aTmyo,15371
ueCWy7aTmyo$_$14,ueCWy7aTmyo,15372
ueCWy7aTmyo$_$17,ueCWy7aTmyo,15373
ueCWy7aTmyo$_$16,ueCWy7aTmyo,15374
ueCWy7aTmyo$_$19,ueCWy7aTmyo,15375
ueCWy7aTmyo$_$18,ueCWy7aTmyo,15376
ueCWy7aTmyo$_$1,ueCWy7aTmyo,15377
ueCWy7aTmyo$_$0,ueCWy7aTmyo,15378
ueCWy7aTmyo$_$3,ueCWy7aTmyo,15379
ueCWy7aTmyo$_$2,ueCWy7aTmyo,15380
ueCWy7aTmyo$_$5,ueCWy7aTmyo,15381
ueCWy7aTmyo$_$4,ueCWy7aTmyo,15382
ueCWy7aTmyo$_$7,ueCWy7aTmyo,15383
ueCWy7aTmyo$_$6,ueCWy7aTmyo,15384
ueCWy7aTmyo$_$9,ueCWy7aTmyo,15385
ueCWy7aTmyo$_$8,ueCWy7aTmyo,15386
uyOrVTq8Tjk$_$0,uyOrVTq8Tjk,15403
uyOrVTq8Tjk$_$3,uyOrVTq8Tjk,15404
uyOrVTq8Tjk$_$5,uyOrVTq8Tjk,15405
uyOrVTq8Tjk$_$7,uyOrVTq8Tjk,15406
uyOrVTq8Tjk$_$8,uyOrVTq8Tjk,15407
uyeQsv2tq44$_$1,uyeQsv2tq44,15408
v0a8N7Y-Vfc$_$13,v0a8N7Y-Vfc,15409
v0a8N7Y-Vfc$_$4,v0a8N7Y-Vfc,15410
v0a8N7Y-Vfc$_$14,v0a8N7Y-Vfc,15411
v1GKBjohgHc$_$1,v1GKBjohgHc,15412
v1GKBjohgHc$_$3,v1GKBjohgHc,15413
v1GKBjohgHc$_$2,v1GKBjohgHc,15414
v1GKBjohgHc$_$5,v1GKBjohgHc,15415
v1GKBjohgHc$_$4,v1GKBjohgHc,15416
v9GshyXtiWg$_$10,v9GshyXtiWg,15438
v9GshyXtiWg$_$12,v9GshyXtiWg,15439
v9GshyXtiWg$_$0,v9GshyXtiWg,15440
v9GshyXtiWg$_$3,v9GshyXtiWg,15441
v9GshyXtiWg$_$2,v9GshyXtiWg,15442
v9GshyXtiWg$_$7,v9GshyXtiWg,15443
v9GshyXtiWg$_$6,v9GshyXtiWg,15444
v9GshyXtiWg$_$9,v9GshyXtiWg,15445
v9GshyXtiWg$_$8,v9GshyXtiWg,15446
vCWpKubBbcw$_$1,vCWpKubBbcw,15449
vCWpKubBbcw$_$2,vCWpKubBbcw,15450
vM3YB7LmMq4$_$42,vM3YB7LmMq4,15451
vM3YB7LmMq4$_$43,vM3YB7LmMq4,15452
vM3YB7LmMq4$_$52,vM3YB7LmMq4,15453
vM3YB7LmMq4$_$23,vM3YB7LmMq4,15454
vM3YB7LmMq4$_$24,vM3YB7LmMq4,15455
vM3YB7LmMq4$_$26,vM3YB7LmMq4,15456
vM3YB7LmMq4$_$27,vM3YB7LmMq4,15457
vM3YB7LmMq4$_$21,vM3YB7LmMq4,15458
vM3YB7LmMq4$_$22,vM3YB7LmMq4,15459
vM3YB7LmMq4$_$49,vM3YB7LmMq4,15460
vM3YB7LmMq4$_$47,vM3YB7LmMq4,15461
vM3YB7LmMq4$_$44,vM3YB7LmMq4,15462
vM3YB7LmMq4$_$45,vM3YB7LmMq4,15463
vM3YB7LmMq4$_$28,vM3YB7LmMq4,15464
vM3YB7LmMq4$_$29,vM3YB7LmMq4,15465
vM3YB7LmMq4$_$40,vM3YB7LmMq4,15466
vM3YB7LmMq4$_$41,vM3YB7LmMq4,15467
vM3YB7LmMq4$_$1,vM3YB7LmMq4,15468
vM3YB7LmMq4$_$0,vM3YB7LmMq4,15469
vM3YB7LmMq4$_$3,vM3YB7LmMq4,15470
vM3YB7LmMq4$_$2,vM3YB7LmMq4,15471
vM3YB7LmMq4$_$5,vM3YB7LmMq4,15472
vM3YB7LmMq4$_$4,vM3YB7LmMq4,15473
vM3YB7LmMq4$_$7,vM3YB7LmMq4,15474
vM3YB7LmMq4$_$6,vM3YB7LmMq4,15475
vM3YB7LmMq4$_$9,vM3YB7LmMq4,15476
vM3YB7LmMq4$_$8,vM3YB7LmMq4,15477
vM3YB7LmMq4$_$39,vM3YB7LmMq4,15478
vM3YB7LmMq4$_$38,vM3YB7LmMq4,15479
vM3YB7LmMq4$_$11,vM3YB7LmMq4,15480
vM3YB7LmMq4$_$10,vM3YB7LmMq4,15481
vM3YB7LmMq4$_$13,vM3YB7LmMq4,15482
vM3YB7LmMq4$_$12,vM3YB7LmMq4,15483
vM3YB7LmMq4$_$15,vM3YB7LmMq4,15484
vM3YB7LmMq4$_$14,vM3YB7LmMq4,15485
vM3YB7LmMq4$_$17,vM3YB7LmMq4,15486
vM3YB7LmMq4$_$16,vM3YB7LmMq4,15487
vM3YB7LmMq4$_$19,vM3YB7LmMq4,15488
vM3YB7LmMq4$_$32,vM3YB7LmMq4,15489
vM3YB7LmMq4$_$31,vM3YB7LmMq4,15490
vM3YB7LmMq4$_$30,vM3YB7LmMq4,15491
vM3YB7LmMq4$_$51,vM3YB7LmMq4,15492
vM3YB7LmMq4$_$36,vM3YB7LmMq4,15493
vM3YB7LmMq4$_$35,vM3YB7LmMq4,15494
vM3YB7LmMq4$_$34,vM3YB7LmMq4,15495
vM3YB7LmMq4$_$33,vM3YB7LmMq4,15496
vM3YB7LmMq4$_$37,vM3YB7LmMq4,15497
vM3YB7LmMq4$_$54,vM3YB7LmMq4,15498
vM3YB7LmMq4$_$50,vM3YB7LmMq4,15499
vYOr36tdcpc$_$1,vYOr36tdcpc,15535
vYOr36tdcpc$_$0,vYOr36tdcpc,15536
vYOr36tdcpc$_$3,vYOr36tdcpc,15537
veHYwR7ge6Y$_$0,veHYwR7ge6Y,15541
vttEPA6Xffk$_$1,vttEPA6Xffk,15557
vttEPA6Xffk$_$0,vttEPA6Xffk,15558
vttEPA6Xffk$_$3,vttEPA6Xffk,15559
vttEPA6Xffk$_$2,vttEPA6Xffk,15560
vttEPA6Xffk$_$4,vttEPA6Xffk,15561
w1MxXu5D7ho$_$1,w1MxXu5D7ho,15587
w1MxXu5D7ho$_$0,w1MxXu5D7ho,15588
w1MxXu5D7ho$_$2,w1MxXu5D7ho,15589
w8TXP0iz29A$_$1,w8TXP0iz29A,15596
w8TXP0iz29A$_$0,w8TXP0iz29A,15597
w8TXP0iz29A$_$3,w8TXP0iz29A,15598
w8TXP0iz29A$_$4,w8TXP0iz29A,15599
wCbQxI_-GKU$_$0,wCbQxI_-GKU,15600
wCtZdAdoIm8$_$0,wCtZdAdoIm8,15601
wCtZdAdoIm8$_$2,wCtZdAdoIm8,15602
wHQYmMZzyJY$_$24,wHQYmMZzyJY,15608
wHQYmMZzyJY$_$10,wHQYmMZzyJY,15609
wHQYmMZzyJY$_$20,wHQYmMZzyJY,15610
wHQYmMZzyJY$_$21,wHQYmMZzyJY,15611
wHQYmMZzyJY$_$23,wHQYmMZzyJY,15612
wHQYmMZzyJY$_$19,wHQYmMZzyJY,15613
wHQYmMZzyJY$_$18,wHQYmMZzyJY,15614
wHQYmMZzyJY$_$16,wHQYmMZzyJY,15615
wHQYmMZzyJY$_$2,wHQYmMZzyJY,15616
wHQYmMZzyJY$_$8,wHQYmMZzyJY,15617
wHQYmMZzyJY$_$14,wHQYmMZzyJY,15618
wLJohZMqR-g$_$8,wLJohZMqR-g,15626
wLJohZMqR-g$_$4,wLJohZMqR-g,15627
wOKWTFYYMuk$_$9,wOKWTFYYMuk,15661
wOKWTFYYMuk$_$2,wOKWTFYYMuk,15662
wOKWTFYYMuk$_$5,wOKWTFYYMuk,15663
wOKWTFYYMuk$_$4,wOKWTFYYMuk,15664
wOjnqud5GBA$_$1,wOjnqud5GBA,15665
wOjnqud5GBA$_$0,wOjnqud5GBA,15666
wOjnqud5GBA$_$3,wOjnqud5GBA,15667
wOjnqud5GBA$_$5,wOjnqud5GBA,15668
wOjnqud5GBA$_$4,wOjnqud5GBA,15669
wOjnqud5GBA$_$7,wOjnqud5GBA,15670
wOjnqud5GBA$_$6,wOjnqud5GBA,15671
wQkNqbrAlB4$_$1,wQkNqbrAlB4,15672
wR3zalLV_6c$_$25,wR3zalLV_6c,15673
wR3zalLV_6c$_$15,wR3zalLV_6c,15674
wR3zalLV_6c$_$21,wR3zalLV_6c,15675
wR3zalLV_6c$_$22,wR3zalLV_6c,15676
wR3zalLV_6c$_$16,wR3zalLV_6c,15677
wR3zalLV_6c$_$18,wR3zalLV_6c,15678
wR3zalLV_6c$_$10,wR3zalLV_6c,15679
wR3zalLV_6c$_$1,wR3zalLV_6c,15680
wR3zalLV_6c$_$5,wR3zalLV_6c,15681
wR3zalLV_6c$_$4,wR3zalLV_6c,15682
wR3zalLV_6c$_$7,wR3zalLV_6c,15683
wR3zalLV_6c$_$6,wR3zalLV_6c,15684
wR3zalLV_6c$_$9,wR3zalLV_6c,15685
wR3zalLV_6c$_$17,wR3zalLV_6c,15686
wR3zalLV_6c$_$14,wR3zalLV_6c,15687
wUf6AvCMHbQ$_$0,wUf6AvCMHbQ,15705
wXuBJvzeC1Q$_$1,wXuBJvzeC1Q,15712
wXuBJvzeC1Q$_$0,wXuBJvzeC1Q,15713
wXuBJvzeC1Q$_$3,wXuBJvzeC1Q,15714
wXuBJvzeC1Q$_$2,wXuBJvzeC1Q,15715
w_qYZSVx2dM$_$13,w_qYZSVx2dM,15718
w_qYZSVx2dM$_$12,w_qYZSVx2dM,15719
w_qYZSVx2dM$_$17,w_qYZSVx2dM,15720
w_qYZSVx2dM$_$2,w_qYZSVx2dM,15721
w_qYZSVx2dM$_$4,w_qYZSVx2dM,15722
w_qYZSVx2dM$_$9,w_qYZSVx2dM,15723
w_qYZSVx2dM$_$8,w_qYZSVx2dM,15724
wd-LTpCtAzw$_$10,wd-LTpCtAzw,15726
wd-LTpCtAzw$_$12,wd-LTpCtAzw,15727
wd-LTpCtAzw$_$14,wd-LTpCtAzw,15728
wd-LTpCtAzw$_$1,wd-LTpCtAzw,15729
wd-LTpCtAzw$_$0,wd-LTpCtAzw,15730
wd-LTpCtAzw$_$3,wd-LTpCtAzw,15731
wd-LTpCtAzw$_$5,wd-LTpCtAzw,15732
wd-LTpCtAzw$_$4,wd-LTpCtAzw,15733
wd-LTpCtAzw$_$9,wd-LTpCtAzw,15734
werKCgZ5dFE$_$8,werKCgZ5dFE,15737
werKCgZ5dFE$_$16,werKCgZ5dFE,15738
werKCgZ5dFE$_$12,werKCgZ5dFE,15739
werKCgZ5dFE$_$14,werKCgZ5dFE,15740
werKCgZ5dFE$_$10,werKCgZ5dFE,15741
wgCSuviySwg$_$1,wgCSuviySwg,15744
wgCSuviySwg$_$0,wgCSuviySwg,15745
wj3ur4fsiN4$_$24,wj3ur4fsiN4,15746
wj3ur4fsiN4$_$25,wj3ur4fsiN4,15747
wj3ur4fsiN4$_$26,wj3ur4fsiN4,15748
wj3ur4fsiN4$_$20,wj3ur4fsiN4,15749
wj3ur4fsiN4$_$21,wj3ur4fsiN4,15750
wj3ur4fsiN4$_$22,wj3ur4fsiN4,15751
wj3ur4fsiN4$_$23,wj3ur4fsiN4,15752
wj3ur4fsiN4$_$1,wj3ur4fsiN4,15753
wj3ur4fsiN4$_$3,wj3ur4fsiN4,15754
wj3ur4fsiN4$_$2,wj3ur4fsiN4,15755
wj3ur4fsiN4$_$5,wj3ur4fsiN4,15756
wj3ur4fsiN4$_$4,wj3ur4fsiN4,15757
wj3ur4fsiN4$_$7,wj3ur4fsiN4,15758
wj3ur4fsiN4$_$6,wj3ur4fsiN4,15759
wj3ur4fsiN4$_$9,wj3ur4fsiN4,15760
wj3ur4fsiN4$_$8,wj3ur4fsiN4,15761
wj3ur4fsiN4$_$11,wj3ur4fsiN4,15762
wj3ur4fsiN4$_$10,wj3ur4fsiN4,15763
wj3ur4fsiN4$_$13,wj3ur4fsiN4,15764
wj3ur4fsiN4$_$12,wj3ur4fsiN4,15765
wj3ur4fsiN4$_$15,wj3ur4fsiN4,15766
wj3ur4fsiN4$_$14,wj3ur4fsiN4,15767
wj3ur4fsiN4$_$17,wj3ur4fsiN4,15768
wj3ur4fsiN4$_$16,wj3ur4fsiN4,15769
wj3ur4fsiN4$_$19,wj3ur4fsiN4,15770
wj3ur4fsiN4$_$18,wj3ur4fsiN4,15771
wlrb0HyIs-Q$_$1,wlrb0HyIs-Q,15776
wlrb0HyIs-Q$_$0,wlrb0HyIs-Q,15777
wlrb0HyIs-Q$_$2,wlrb0HyIs-Q,15778
wtCKzu8eVJ0$_$1,wtCKzu8eVJ0,15796
wvMA0r3esw8$_$1,wvMA0r3esw8,15797
wvMA0r3esw8$_$0,wvMA0r3esw8,15798
wvMA0r3esw8$_$3,wvMA0r3esw8,15799
wvMA0r3esw8$_$2,wvMA0r3esw8,15800
wvMA0r3esw8$_$4,wvMA0r3esw8,15801
wxxqXK9x-64$_$0,wxxqXK9x-64,15802
wxxqXK9x-64$_$2,wxxqXK9x-64,15803
wxxqXK9x-64$_$5,wxxqXK9x-64,15804
wxxqXK9x-64$_$4,wxxqXK9x-64,15805
wxxqXK9x-64$_$6,wxxqXK9x-64,15806
wz3nVBPVgIA$_$1,wz3nVBPVgIA,15807
wz3nVBPVgIA$_$0,wz3nVBPVgIA,15808
wz3nVBPVgIA$_$3,wz3nVBPVgIA,15809
wz3nVBPVgIA$_$2,wz3nVBPVgIA,15810
wz3nVBPVgIA$_$5,wz3nVBPVgIA,15811
wz3nVBPVgIA$_$4,wz3nVBPVgIA,15812
wz3nVBPVgIA$_$7,wz3nVBPVgIA,15813
wz3nVBPVgIA$_$6,wz3nVBPVgIA,15814
wz3nVBPVgIA$_$9,wz3nVBPVgIA,15815
wz3nVBPVgIA$_$8,wz3nVBPVgIA,15816
x5xF4yu9Bos$_$11,x5xF4yu9Bos,15817
x5xF4yu9Bos$_$10,x5xF4yu9Bos,15818
x5xF4yu9Bos$_$1,x5xF4yu9Bos,15819
x5xF4yu9Bos$_$0,x5xF4yu9Bos,15820
x5xF4yu9Bos$_$3,x5xF4yu9Bos,15821
x5xF4yu9Bos$_$5,x5xF4yu9Bos,15822
x5xF4yu9Bos$_$4,x5xF4yu9Bos,15823
x5xF4yu9Bos$_$7,x5xF4yu9Bos,15824
x5xF4yu9Bos$_$9,x5xF4yu9Bos,15825
x5xF4yu9Bos$_$8,x5xF4yu9Bos,15826
xNYsfeSgDCQ$_$1,xNYsfeSgDCQ,15850
xNYsfeSgDCQ$_$0,xNYsfeSgDCQ,15851
xNYsfeSgDCQ$_$2,xNYsfeSgDCQ,15852
xNYsfeSgDCQ$_$4,xNYsfeSgDCQ,15853
xPhlDO-2Foc$_$0,xPhlDO-2Foc,15865
xPhlDO-2Foc$_$3,xPhlDO-2Foc,15866
xPhlDO-2Foc$_$2,xPhlDO-2Foc,15867
xPhlDO-2Foc$_$5,xPhlDO-2Foc,15868
xPhlDO-2Foc$_$4,xPhlDO-2Foc,15869
xPhlDO-2Foc$_$6,xPhlDO-2Foc,15870
xXGEkDhu94E$_$9,xXGEkDhu94E,15895
xXGEkDhu94E$_$8,xXGEkDhu94E,15896
xXGEkDhu94E$_$2,xXGEkDhu94E,15897
xXGEkDhu94E$_$5,xXGEkDhu94E,15898
xXGEkDhu94E$_$10,xXGEkDhu94E,15899
xZ1FrxU6hcg$_$15,xZ1FrxU6hcg,15911
xZ1FrxU6hcg$_$23,xZ1FrxU6hcg,15912
xZ1FrxU6hcg$_$18,xZ1FrxU6hcg,15913
xZ1FrxU6hcg$_$0,xZ1FrxU6hcg,15914
xZ1FrxU6hcg$_$6,xZ1FrxU6hcg,15915
xZ1FrxU6hcg$_$8,xZ1FrxU6hcg,15916
xfeASyC6PPg$_$0,xfeASyC6PPg,15936
xfeASyC6PPg$_$3,xfeASyC6PPg,15937
xfeASyC6PPg$_$2,xfeASyC6PPg,15938
xfeASyC6PPg$_$4,xfeASyC6PPg,15939
xge9aYTxxOA$_$0,xge9aYTxxOA,15945
xge9aYTxxOA$_$3,xge9aYTxxOA,15946
xge9aYTxxOA$_$12,xge9aYTxxOA,15947
xge9aYTxxOA$_$10,xge9aYTxxOA,15948
xk4C4p5vHDk$_$10,xk4C4p5vHDk,15951
xk4C4p5vHDk$_$12,xk4C4p5vHDk,15952
xk4C4p5vHDk$_$1,xk4C4p5vHDk,15953
xk4C4p5vHDk$_$0,xk4C4p5vHDk,15954
xk4C4p5vHDk$_$3,xk4C4p5vHDk,15955
xk4C4p5vHDk$_$2,xk4C4p5vHDk,15956
xk4C4p5vHDk$_$7,xk4C4p5vHDk,15957
xk4C4p5vHDk$_$6,xk4C4p5vHDk,15958
xk4C4p5vHDk$_$9,xk4C4p5vHDk,15959
xk4C4p5vHDk$_$8,xk4C4p5vHDk,15960
xlNDpmKgSIc$_$2,xlNDpmKgSIc,15961
xqcqieV0Rn8$_$1,xqcqieV0Rn8,16002
xqcqieV0Rn8$_$0,xqcqieV0Rn8,16003
xqcqieV0Rn8$_$3,xqcqieV0Rn8,16004
xqcqieV0Rn8$_$2,xqcqieV0Rn8,16005
xqcqieV0Rn8$_$4,xqcqieV0Rn8,16006
xsiHAO0gq74$_$2,xsiHAO0gq74,16007
xvnFF0FiyS4$_$11,xvnFF0FiyS4,16017
xvnFF0FiyS4$_$10,xvnFF0FiyS4,16018
xvnFF0FiyS4$_$12,xvnFF0FiyS4,16019
xvnFF0FiyS4$_$1,xvnFF0FiyS4,16020
xvnFF0FiyS4$_$0,xvnFF0FiyS4,16021
xvnFF0FiyS4$_$5,xvnFF0FiyS4,16022
xvnFF0FiyS4$_$7,xvnFF0FiyS4,16023
xvnFF0FiyS4$_$6,xvnFF0FiyS4,16024
xvnFF0FiyS4$_$9,xvnFF0FiyS4,16025
xvnFF0FiyS4$_$8,xvnFF0FiyS4,16026
y-nEcwAyQos$_$11,y-nEcwAyQos,16036
y-nEcwAyQos$_$1,y-nEcwAyQos,16037
y-nEcwAyQos$_$3,y-nEcwAyQos,16038
y-nEcwAyQos$_$4,y-nEcwAyQos,16039
yDIFWzOBjXc$_$24,yDIFWzOBjXc,16050
yDIFWzOBjXc$_$26,yDIFWzOBjXc,16051
yDIFWzOBjXc$_$27,yDIFWzOBjXc,16052
yDIFWzOBjXc$_$21,yDIFWzOBjXc,16053
yDIFWzOBjXc$_$22,yDIFWzOBjXc,16054
yDIFWzOBjXc$_$23,yDIFWzOBjXc,16055
yDIFWzOBjXc$_$29,yDIFWzOBjXc,16056
yDIFWzOBjXc$_$40,yDIFWzOBjXc,16057
yDIFWzOBjXc$_$2,yDIFWzOBjXc,16058
yDIFWzOBjXc$_$5,yDIFWzOBjXc,16059
yDIFWzOBjXc$_$4,yDIFWzOBjXc,16060
yDIFWzOBjXc$_$7,yDIFWzOBjXc,16061
yDIFWzOBjXc$_$9,yDIFWzOBjXc,16062
yDIFWzOBjXc$_$13,yDIFWzOBjXc,16063
yDIFWzOBjXc$_$10,yDIFWzOBjXc,16064
yDIFWzOBjXc$_$39,yDIFWzOBjXc,16065
yDIFWzOBjXc$_$38,yDIFWzOBjXc,16066
yDIFWzOBjXc$_$15,yDIFWzOBjXc,16067
yDIFWzOBjXc$_$14,yDIFWzOBjXc,16068
yDIFWzOBjXc$_$17,yDIFWzOBjXc,16069
yDIFWzOBjXc$_$19,yDIFWzOBjXc,16070
yDIFWzOBjXc$_$32,yDIFWzOBjXc,16071
yDIFWzOBjXc$_$30,yDIFWzOBjXc,16072
yEtfjJOMMCs$_$20,yEtfjJOMMCs,16073
yEtfjJOMMCs$_$21,yEtfjJOMMCs,16074
yEtfjJOMMCs$_$22,yEtfjJOMMCs,16075
yEtfjJOMMCs$_$1,yEtfjJOMMCs,16076
yEtfjJOMMCs$_$0,yEtfjJOMMCs,16077
yEtfjJOMMCs$_$3,yEtfjJOMMCs,16078
yEtfjJOMMCs$_$2,yEtfjJOMMCs,16079
yEtfjJOMMCs$_$5,yEtfjJOMMCs,16080
yEtfjJOMMCs$_$4,yEtfjJOMMCs,16081
yEtfjJOMMCs$_$7,yEtfjJOMMCs,16082
yEtfjJOMMCs$_$6,yEtfjJOMMCs,16083
yEtfjJOMMCs$_$9,yEtfjJOMMCs,16084
yEtfjJOMMCs$_$8,yEtfjJOMMCs,16085
yEtfjJOMMCs$_$11,yEtfjJOMMCs,16086
yEtfjJOMMCs$_$10,yEtfjJOMMCs,16087
yEtfjJOMMCs$_$13,yEtfjJOMMCs,16088
yEtfjJOMMCs$_$12,yEtfjJOMMCs,16089
yEtfjJOMMCs$_$15,yEtfjJOMMCs,16090
yEtfjJOMMCs$_$14,yEtfjJOMMCs,16091
yEtfjJOMMCs$_$17,yEtfjJOMMCs,16092
yEtfjJOMMCs$_$16,yEtfjJOMMCs,16093
yEtfjJOMMCs$_$19,yEtfjJOMMCs,16094
yEtfjJOMMCs$_$18,yEtfjJOMMCs,16095
yG3wpvLUQcg$_$9,yG3wpvLUQcg,16096
yG3wpvLUQcg$_$8,yG3wpvLUQcg,16097
yG3wpvLUQcg$_$6,yG3wpvLUQcg,16098
yHtR71rx16I$_$13,yHtR71rx16I,16099
yHtR71rx16I$_$12,yHtR71rx16I,16100
yHtR71rx16I$_$14,yHtR71rx16I,16101
yHtR71rx16I$_$22,yHtR71rx16I,16102
yHtR71rx16I$_$16,yHtR71rx16I,16103
yHtR71rx16I$_$0,yHtR71rx16I,16104
yHtR71rx16I$_$3,yHtR71rx16I,16105
yKdIZR5xfcc$_$11,yKdIZR5xfcc,16106
yKdIZR5xfcc$_$10,yKdIZR5xfcc,16107
yKdIZR5xfcc$_$13,yKdIZR5xfcc,16108
yKdIZR5xfcc$_$12,yKdIZR5xfcc,16109
yKdIZR5xfcc$_$1,yKdIZR5xfcc,16110
yKdIZR5xfcc$_$3,yKdIZR5xfcc,16111
yKdIZR5xfcc$_$2,yKdIZR5xfcc,16112
yKdIZR5xfcc$_$5,yKdIZR5xfcc,16113
yKdIZR5xfcc$_$4,yKdIZR5xfcc,16114
yKdIZR5xfcc$_$7,yKdIZR5xfcc,16115
yKdIZR5xfcc$_$6,yKdIZR5xfcc,16116
yKdIZR5xfcc$_$9,yKdIZR5xfcc,16117
yKdIZR5xfcc$_$8,yKdIZR5xfcc,16118
yOQHOiswVjc$_$11,yOQHOiswVjc,16122
yOQHOiswVjc$_$10,yOQHOiswVjc,16123
yOQHOiswVjc$_$13,yOQHOiswVjc,16124
yOQHOiswVjc$_$12,yOQHOiswVjc,16125
yOQHOiswVjc$_$15,yOQHOiswVjc,16126
yOQHOiswVjc$_$14,yOQHOiswVjc,16127
yOQHOiswVjc$_$16,yOQHOiswVjc,16128
yOQHOiswVjc$_$1,yOQHOiswVjc,16129
yOQHOiswVjc$_$2,yOQHOiswVjc,16130
yOQHOiswVjc$_$4,yOQHOiswVjc,16131
yOQHOiswVjc$_$6,yOQHOiswVjc,16132
yOQHOiswVjc$_$8,yOQHOiswVjc,16133
ygb8Cfxghbs$_$11,ygb8Cfxghbs,16141
ygb8Cfxghbs$_$10,ygb8Cfxghbs,16142
ygb8Cfxghbs$_$15,ygb8Cfxghbs,16143
ygb8Cfxghbs$_$14,ygb8Cfxghbs,16144
ygb8Cfxghbs$_$16,ygb8Cfxghbs,16145
ygb8Cfxghbs$_$0,ygb8Cfxghbs,16146
ygb8Cfxghbs$_$2,ygb8Cfxghbs,16147
ygb8Cfxghbs$_$4,ygb8Cfxghbs,16148
ygb8Cfxghbs$_$7,ygb8Cfxghbs,16149
ygb8Cfxghbs$_$6,ygb8Cfxghbs,16150
ygb8Cfxghbs$_$9,ygb8Cfxghbs,16151
ygb8Cfxghbs$_$8,ygb8Cfxghbs,16152
ymPQOY2O_nw$_$0,ymPQOY2O_nw,16153
ymPQOY2O_nw$_$4,ymPQOY2O_nw,16154
ymPQOY2O_nw$_$7,ymPQOY2O_nw,16155
ymPQOY2O_nw$_$6,ymPQOY2O_nw,16156
yp6Gd2NPwOU$_$11,yp6Gd2NPwOU,16157
yp6Gd2NPwOU$_$10,yp6Gd2NPwOU,16158
yp6Gd2NPwOU$_$3,yp6Gd2NPwOU,16159
yp6Gd2NPwOU$_$5,yp6Gd2NPwOU,16160
yp6Gd2NPwOU$_$4,yp6Gd2NPwOU,16161
yp6Gd2NPwOU$_$7,yp6Gd2NPwOU,16162
yp6Gd2NPwOU$_$6,yp6Gd2NPwOU,16163
yp6Gd2NPwOU$_$9,yp6Gd2NPwOU,16164
ypZhKsR-9iI$_$9,ypZhKsR-9iI,16165
ypZhKsR-9iI$_$23,ypZhKsR-9iI,16166
ypZhKsR-9iI$_$12,ypZhKsR-9iI,16167
ypZhKsR-9iI$_$16,ypZhKsR-9iI,16168
ysGFcG_PI5I$_$1,ysGFcG_PI5I,16175
ysGFcG_PI5I$_$2,ysGFcG_PI5I,16176
ysGFcG_PI5I$_$4,ysGFcG_PI5I,16177
ytXVSpPfKwA$_$9,ytXVSpPfKwA,16179
ytXVSpPfKwA$_$8,ytXVSpPfKwA,16180
ytXVSpPfKwA$_$5,ytXVSpPfKwA,16181
ytXVSpPfKwA$_$4,ytXVSpPfKwA,16182
zJWmmDk9fCE$_$0,zJWmmDk9fCE,16234
zJWmmDk9fCE$_$10,zJWmmDk9fCE,16235
zPskvGHHQtE$_$1,zPskvGHHQtE,16239
zPskvGHHQtE$_$0,zPskvGHHQtE,16240
zPskvGHHQtE$_$5,zPskvGHHQtE,16241
zPskvGHHQtE$_$4,zPskvGHHQtE,16242
zPskvGHHQtE$_$6,zPskvGHHQtE,16243
zU2_X9lIcUM$_$0,zU2_X9lIcUM,16250
zU2_X9lIcUM$_$2,zU2_X9lIcUM,16251
zU2_X9lIcUM$_$5,zU2_X9lIcUM,16252
zU2_X9lIcUM$_$4,zU2_X9lIcUM,16253
zURYO3k8lW0$_$3,zURYO3k8lW0,16254
zURYO3k8lW0$_$13,zURYO3k8lW0,16255
zURYO3k8lW0$_$7,zURYO3k8lW0,16256
zaTyjiyrHnk$_$1,zaTyjiyrHnk,16258
zaTyjiyrHnk$_$3,zaTyjiyrHnk,16259
zaTyjiyrHnk$_$5,zaTyjiyrHnk,16260
zaTyjiyrHnk$_$4,zaTyjiyrHnk,16261
zaTyjiyrHnk$_$6,zaTyjiyrHnk,16262
zcG0ms7CdBE$_$0,zcG0ms7CdBE,16263
zcG0ms7CdBE$_$3,zcG0ms7CdBE,16264
zeQKU2L173M$_$10,zeQKU2L173M,16265
zeQKU2L173M$_$3,zeQKU2L173M,16266
zeQKU2L173M$_$2,zeQKU2L173M,16267
zeQKU2L173M$_$5,zeQKU2L173M,16268
zeQKU2L173M$_$4,zeQKU2L173M,16269
zeQKU2L173M$_$9,zeQKU2L173M,16270
zeQKU2L173M$_$8,zeQKU2L173M,16271
zg-ZIxVsBbQ$_$0,zg-ZIxVsBbQ,16272
zi0a6r52ZlY$_$5,zi0a6r52ZlY,16273
zi0a6r52ZlY$_$6,zi0a6r52ZlY,16274
zj4PzGtFwJM$_$1,zj4PzGtFwJM,16275
zj4PzGtFwJM$_$3,zj4PzGtFwJM,16276
zj4PzGtFwJM$_$2,zj4PzGtFwJM,16277
zj4PzGtFwJM$_$4,zj4PzGtFwJM,16278
zj4PzGtFwJM$_$7,zj4PzGtFwJM,16279
znNt--6itO4$_$1,znNt--6itO4,16284
znNt--6itO4$_$0,znNt--6itO4,16285
znNt--6itO4$_$3,znNt--6itO4,16286
znNt--6itO4$_$2,znNt--6itO4,16287
znNt--6itO4$_$4,znNt--6itO4,16288
znNt--6itO4$_$8,znNt--6itO4,16289
zqkawTdHN5s$_$1,zqkawTdHN5s,16291
zqkawTdHN5s$_$0,zqkawTdHN5s,16292
zrFZAofNGi4$_$10,zrFZAofNGi4,16293
zrFZAofNGi4$_$13,zrFZAofNGi4,16294
zrFZAofNGi4$_$14,zrFZAofNGi4,16295
zrFZAofNGi4$_$1,zrFZAofNGi4,16296
zrFZAofNGi4$_$0,zrFZAofNGi4,16297
zrFZAofNGi4$_$2,zrFZAofNGi4,16298
zrFZAofNGi4$_$5,zrFZAofNGi4,16299
zrFZAofNGi4$_$9,zrFZAofNGi4,16300
zwRBZisdpQ0$_$11,zwRBZisdpQ0,16307
zwRBZisdpQ0$_$0,zwRBZisdpQ0,16308
zwRBZisdpQ0$_$12,zwRBZisdpQ0,16309
zwRBZisdpQ0$_$9,zwRBZisdpQ0,16310
zwRBZisdpQ0$_$4,zwRBZisdpQ0,16311
zx4W0Vuus-I$_$1,zx4W0Vuus-I,16325
