checkpoint_fold	expert_id	mode	model	coverage	retained_samples	retained_actual_MAE	rejected_actual_MAE	random_expected_MAE	improvement_vs_random
0	uniform_kd_seed1111	LAV	R0_global	0.1	153	0.4648135214	0.5790201768	0.5675995113	0.1027859899
0	uniform_kd_seed1111	LAV	R0_global	0.2	306	0.54000484	0.5744981791	0.5675995113	0.02759467122
0	uniform_kd_seed1111	LAV	R0_global	0.3	459	0.5507765378	0.574809357	0.5675995113	0.01682297348
0	uniform_kd_seed1111	LAV	R0_global	0.5	765	0.5361928682	0.5990061543	0.5675995113	0.03140664302
0	uniform_kd_seed1111	LAV	R0_global	0.7	1071	0.5489123611	0.6112028617	0.5675995113	0.01868715018
0	uniform_kd_seed1111	LAV	R0_global	1	1530	0.5675995113	0	0.5675995113	1.110223025e-16
0	uniform_kd_seed1111	LAV	R0_mode	0.1	153	0.4648135214	0.5790201768	0.5675995113	0.1027859899
0	uniform_kd_seed1111	LAV	R0_mode	0.2	306	0.54000484	0.5744981791	0.5675995113	0.02759467122
0	uniform_kd_seed1111	LAV	R0_mode	0.3	459	0.5507765378	0.574809357	0.5675995113	0.01682297348
0	uniform_kd_seed1111	LAV	R0_mode	0.5	765	0.5361928682	0.5990061543	0.5675995113	0.03140664302
0	uniform_kd_seed1111	LAV	R0_mode	0.7	1071	0.5489123611	0.6112028617	0.5675995113	0.01868715018
0	uniform_kd_seed1111	LAV	R0_mode	1	1530	0.5675995113	0	0.5675995113	1.110223025e-16
0	uniform_kd_seed1111	LAV	R1	0.1	153	0.4442364529	0.5813065177	0.5675995113	0.1233630584
0	uniform_kd_seed1111	LAV	R1	0.2	306	0.4111416543	0.6067139755	0.5675995113	0.1564578569
0	uniform_kd_seed1111	LAV	R1	0.3	459	0.4537878003	0.6163759588	0.5675995113	0.1138117109
0	uniform_kd_seed1111	LAV	R1	0.5	765	0.4999278305	0.6352711921	0.5675995113	0.06767168079
0	uniform_kd_seed1111	LAV	R1	0.7	1071	0.5356415438	0.6421681021	0.5675995113	0.03195796749
0	uniform_kd_seed1111	LAV	R1	1	1530	0.5675995113	0	0.5675995113	0
0	uniform_kd_seed1111	LAV	R2	0.1	153	0.4241091341	0.5835428865	0.5675995113	0.1434903772
0	uniform_kd_seed1111	LAV	R2	0.2	306	0.4250283118	0.6032423111	0.5675995113	0.1425711995
0	uniform_kd_seed1111	LAV	R2	0.3	459	0.4450681033	0.6201129718	0.5675995113	0.122531408
0	uniform_kd_seed1111	LAV	R2	0.5	765	0.4784732142	0.6567258083	0.5675995113	0.08912629702
0	uniform_kd_seed1111	LAV	R2	0.7	1071	0.5067269051	0.7096355922	0.5675995113	0.06087260614
0	uniform_kd_seed1111	LAV	R2	1	1530	0.5675995113	0	0.5675995113	0
0	uniform_kd_seed1111	LAV	N3_output_only	0.1	153	0.4442364529	0.5813065177	0.5675995113	0.1233630584
0	uniform_kd_seed1111	LAV	N3_output_only	0.2	306	0.4111416543	0.6067139755	0.5675995113	0.1564578569
0	uniform_kd_seed1111	LAV	N3_output_only	0.3	459	0.4537878003	0.6163759588	0.5675995113	0.1138117109
0	uniform_kd_seed1111	LAV	N3_output_only	0.5	765	0.4999278305	0.6352711921	0.5675995113	0.06767168079
0	uniform_kd_seed1111	LAV	N3_output_only	0.7	1071	0.5356415438	0.6421681021	0.5675995113	0.03195796749
0	uniform_kd_seed1111	LAV	N3_output_only	1	1530	0.5675995113	0	0.5675995113	0
0	uniform_kd_seed1111	LAV	N2_length_mask_only	0.1	153	0.5684711889	0.5675026582	0.5675995113	-0.0008716776665
0	uniform_kd_seed1111	LAV	N2_length_mask_only	0.2	306	0.5866341439	0.5628408531	0.5675995113	-0.01903463264
0	uniform_kd_seed1111	LAV	N2_length_mask_only	0.3	459	0.5881319789	0.5587998823	0.5675995113	-0.02053246769
0	uniform_kd_seed1111	LAV	N2_length_mask_only	0.5	765	0.5655203762	0.5696786463	0.5675995113	0.002079135018
0	uniform_kd_seed1111	LAV	N2_length_mask_only	0.7	1071	0.5567821525	0.592840015	0.5675995113	0.01081735876
0	uniform_kd_seed1111	LAV	N2_length_mask_only	1	1530	0.5675995113	0	0.5675995113	0
0	uniform_kd_seed1111	LAV	N5_label_bin_prior	0.1	153	0.4453784582	0.5811796283	0.5675995113	0.1222210531
0	uniform_kd_seed1111	LAV	N5_label_bin_prior	0.2	306	0.4097272607	0.6070675739	0.5675995113	0.1578722506
0	uniform_kd_seed1111	LAV	N5_label_bin_prior	0.3	459	0.4552342844	0.615756037	0.5675995113	0.1123652268
0	uniform_kd_seed1111	LAV	N5_label_bin_prior	0.5	765	0.4947402619	0.6404587606	0.5675995113	0.07285924932
0	uniform_kd_seed1111	LAV	N5_label_bin_prior	0.7	1071	0.5468945961	0.61591098	0.5675995113	0.02070491519
0	uniform_kd_seed1111	LAV	N5_label_bin_prior	1	1530	0.5675995113	0	0.5675995113	0
0	uniform_kd_seed1111	LAV	N1_matched_gaussian	0.1	153	0.5774731816	0.5665024368	0.5675995113	-0.009873670349
0	uniform_kd_seed1111	LAV	N1_matched_gaussian	0.2	306	0.5729907791	0.5662516943	0.5675995113	-0.005391267838
0	uniform_kd_seed1111	LAV	N1_matched_gaussian	0.3	459	0.5737655648	0.5649569169	0.5675995113	-0.006166053554
0	uniform_kd_seed1111	LAV	N1_matched_gaussian	0.5	765	0.5677594504	0.5674395721	0.5675995113	-0.0001599391835
0	uniform_kd_seed1111	LAV	N1_matched_gaussian	0.7	1071	0.5652590132	0.5730606734	0.5675995113	0.002340498079
0	uniform_kd_seed1111	LAV	N1_matched_gaussian	1	1530	0.5675995113	0	0.5675995113	0
0	uniform_kd_seed1111	LAV	N0_shuffle_seed23071	0.1	153	0.5909240614	0.5650078946	0.5675995113	-0.02332455018
0	uniform_kd_seed1111	LAV	N0_shuffle_seed23071	0.2	306	0.5916184678	0.5615947721	0.5675995113	-0.02401895655
0	uniform_kd_seed1111	LAV	N0_shuffle_seed23071	0.3	459	0.5873309757	0.5591431694	0.5675995113	-0.01973146443
0	uniform_kd_seed1111	LAV	N0_shuffle_seed23071	0.5	765	0.5682247401	0.5669742824	0.5675995113	-0.0006252288198
0	uniform_kd_seed1111	LAV	N0_shuffle_seed23071	0.7	1071	0.5550330431	0.5969212702	0.5675995113	0.01256646812
0	uniform_kd_seed1111	LAV	N0_shuffle_seed23071	1	1530	0.5675995113	0	0.5675995113	0
0	uniform_kd_seed1111	LAV	N0_shuffle_seed23072	0.1	153	0.6439820954	0.5591125575	0.5675995113	-0.07638258418
0	uniform_kd_seed1111	LAV	N0_shuffle_seed23072	0.2	306	0.6236664124	0.553582786	0.5675995113	-0.05606690117
0	uniform_kd_seed1111	LAV	N0_shuffle_seed23072	0.3	459	0.6205892804	0.5448896102	0.5675995113	-0.05298976919
0	uniform_kd_seed1111	LAV	N0_shuffle_seed23072	0.5	765	0.5916549348	0.5435440877	0.5675995113	-0.02405542358
0	uniform_kd_seed1111	LAV	N0_shuffle_seed23072	0.7	1071	0.5677498187	0.567248794	0.5675995113	-0.0001503074011
0	uniform_kd_seed1111	LAV	N0_shuffle_seed23072	1	1530	0.5675995113	0	0.5675995113	0
0	uniform_kd_seed1111	LAV	N0_shuffle_seed23073	0.1	153	0.6135385508	0.5624951735	0.5675995113	-0.04593903959
0	uniform_kd_seed1111	LAV	N0_shuffle_seed23073	0.2	306	0.5976181877	0.5600948421	0.5675995113	-0.03001867647
0	uniform_kd_seed1111	LAV	N0_shuffle_seed23073	0.3	459	0.6095062652	0.5496394739	0.5675995113	-0.04190675389
0	uniform_kd_seed1111	LAV	N0_shuffle_seed23073	0.5	765	0.5878737309	0.5473252916	0.5675995113	-0.02027421968
0	uniform_kd_seed1111	LAV	N0_shuffle_seed23073	0.7	1071	0.573577482	0.5536509129	0.5675995113	-0.00597797072
0	uniform_kd_seed1111	LAV	N0_shuffle_seed23073	1	1530	0.5675995113	0	0.5675995113	0
0	uniform_kd_seed1111	LA	R0_global	0.1	153	0.4678413346	0.5811520198	0.5698209512	0.1019796166
0	uniform_kd_seed1111	LA	R0_global	0.2	306	0.5405989374	0.5771264547	0.5698209512	0.02922201386
0	uniform_kd_seed1111	LA	R0_global	0.3	459	0.5521020491	0.5774147665	0.5698209512	0.01771890219
0	uniform_kd_seed1111	LA	R0_global	0.5	765	0.5384461224	0.60119578	0.5698209512	0.0313748288
0	uniform_kd_seed1111	LA	R0_global	0.7	1071	0.5515033065	0.6125621224	0.5698209512	0.01831764477
0	uniform_kd_seed1111	LA	R0_global	1	1530	0.5698209512	0	0.5698209512	-1.110223025e-16
0	uniform_kd_seed1111	LA	R0_mode	0.1	153	0.4678413346	0.5811520198	0.5698209512	0.1019796166
0	uniform_kd_seed1111	LA	R0_mode	0.2	306	0.5405989374	0.5771264547	0.5698209512	0.02922201386
0	uniform_kd_seed1111	LA	R0_mode	0.3	459	0.5521020491	0.5774147665	0.5698209512	0.01771890219
0	uniform_kd_seed1111	LA	R0_mode	0.5	765	0.5384461224	0.60119578	0.5698209512	0.0313748288
0	uniform_kd_seed1111	LA	R0_mode	0.7	1071	0.5515033065	0.6125621224	0.5698209512	0.01831764477
0	uniform_kd_seed1111	LA	R0_mode	1	1530	0.5698209512	0	0.5698209512	-1.110223025e-16
0	uniform_kd_seed1111	LA	R1	0.1	153	0.4290811412	0.5854587079	0.5698209512	0.1407398101
0	uniform_kd_seed1111	LA	R1	0.2	306	0.4041147643	0.611247498	0.5698209512	0.1657061869
0	uniform_kd_seed1111	LA	R1	0.3	459	0.4477939755	0.6221182266	0.5698209512	0.1220269757
0	uniform_kd_seed1111	LA	R1	0.5	765	0.5075077076	0.6321341949	0.5698209512	0.06231324364
0	uniform_kd_seed1111	LA	R1	0.7	1071	0.5325778533	0.6567215131	0.5698209512	0.03724309793
0	uniform_kd_seed1111	LA	R1	1	1530	0.5698209512	0	0.5698209512	-1.110223025e-16
0	uniform_kd_seed1111	LA	R2	0.1	153	0.4101341185	0.5875639327	0.5698209512	0.1596868327
0	uniform_kd_seed1111	LA	R2	0.2	306	0.4525894318	0.5991288311	0.5698209512	0.1172315195
0	uniform_kd_seed1111	LA	R2	0.3	459	0.465678465	0.6144534454	0.5698209512	0.1041424863
0	uniform_kd_seed1111	LA	R2	0.5	765	0.5022996722	0.6373422303	0.5698209512	0.06752127904
0	uniform_kd_seed1111	LA	R2	0.7	1071	0.5127942171	0.7028833308	0.5698209512	0.0570267341
0	uniform_kd_seed1111	LA	R2	1	1530	0.5698209512	0	0.5698209512	-1.110223025e-16
0	uniform_kd_seed1111	LA	N3_output_only	0.1	153	0.4290811412	0.5854587079	0.5698209512	0.1407398101
0	uniform_kd_seed1111	LA	N3_output_only	0.2	306	0.4041147643	0.611247498	0.5698209512	0.1657061869
0	uniform_kd_seed1111	LA	N3_output_only	0.3	459	0.4477939755	0.6221182266	0.5698209512	0.1220269757
0	uniform_kd_seed1111	LA	N3_output_only	0.5	765	0.5075077076	0.6321341949	0.5698209512	0.06231324364
0	uniform_kd_seed1111	LA	N3_output_only	0.7	1071	0.5325778533	0.6567215131	0.5698209512	0.03724309793
0	uniform_kd_seed1111	LA	N3_output_only	1	1530	0.5698209512	0	0.5698209512	-1.110223025e-16
0	uniform_kd_seed1111	LA	N2_length_mask_only	0.1	153	0.584246557	0.5682181062	0.5698209512	-0.01442560572
0	uniform_kd_seed1111	LA	N2_length_mask_only	0.2	306	0.5974876626	0.5629042734	0.5698209512	-0.02766671136
0	uniform_kd_seed1111	LA	N2_length_mask_only	0.3	459	0.5954393653	0.5588416309	0.5698209512	-0.02561841404
0	uniform_kd_seed1111	LA	N2_length_mask_only	0.5	765	0.5658834803	0.5737584222	0.5698209512	0.003937470971
0	uniform_kd_seed1111	LA	N2_length_mask_only	0.7	1071	0.5587391729	0.5956784341	0.5698209512	0.01108177839
0	uniform_kd_seed1111	LA	N2_length_mask_only	1	1530	0.5698209512	0	0.5698209512	-1.110223025e-16
0	uniform_kd_seed1111	LA	N5_label_bin_prior	0.1	153	0.4225685801	0.5861823258	0.5698209512	0.1472523712
0	uniform_kd_seed1111	LA	N5_label_bin_prior	0.2	306	0.405656418	0.6108620845	0.5698209512	0.1641645332
0	uniform_kd_seed1111	LA	N5_label_bin_prior	0.3	459	0.4554933646	0.6188184884	0.5698209512	0.1143275866
0	uniform_kd_seed1111	LA	N5_label_bin_prior	0.5	765	0.4970316523	0.6426102502	0.5698209512	0.07278929897
0	uniform_kd_seed1111	LA	N5_label_bin_prior	0.7	1071	0.5510799733	0.6135498998	0.5698209512	0.01874097797
0	uniform_kd_seed1111	LA	N5_label_bin_prior	1	1530	0.5698209512	0	0.5698209512	-1.110223025e-16
0	uniform_kd_seed1111	LA	N1_matched_gaussian	0.1	153	0.5538091412	0.5716000412	0.5698209512	0.01601181006
0	uniform_kd_seed1111	LA	N1_matched_gaussian	0.2	306	0.573719197	0.5688463898	0.5698209512	-0.003898245761
0	uniform_kd_seed1111	LA	N1_matched_gaussian	0.3	459	0.5502787717	0.5781961711	0.5698209512	0.01954217959
0	uniform_kd_seed1111	LA	N1_matched_gaussian	0.5	765	0.5704204858	0.5692214166	0.5698209512	-0.000599534601
0	uniform_kd_seed1111	LA	N1_matched_gaussian	0.7	1071	0.5590971018	0.5948432666	0.5698209512	0.01072384946
0	uniform_kd_seed1111	LA	N1_matched_gaussian	1	1530	0.5698209512	0	0.5698209512	-1.110223025e-16
0	uniform_kd_seed1111	LA	N0_shuffle_seed23071	0.1	153	0.601549733	0.566295531	0.5698209512	-0.03172878175
0	uniform_kd_seed1111	LA	N0_shuffle_seed23071	0.2	306	0.6001890759	0.5622289201	0.5698209512	-0.03036812461
0	uniform_kd_seed1111	LA	N0_shuffle_seed23071	0.3	459	0.5893627125	0.5614459107	0.5698209512	-0.01954176122
0	uniform_kd_seed1111	LA	N0_shuffle_seed23071	0.5	765	0.5681177726	0.5715241299	0.5698209512	0.001703178648
0	uniform_kd_seed1111	LA	N0_shuffle_seed23071	0.7	1071	0.5684110201	0.5731107905	0.5698209512	0.001409931099
0	uniform_kd_seed1111	LA	N0_shuffle_seed23071	1	1530	0.5698209512	0	0.5698209512	-1.110223025e-16
0	uniform_kd_seed1111	LA	N0_shuffle_seed23072	0.1	153	0.6394024972	0.5620896684	0.5698209512	-0.06958154596
0	uniform_kd_seed1111	LA	N0_shuffle_seed23072	0.2	306	0.6218795511	0.5568063013	0.5698209512	-0.05205859991
0	uniform_kd_seed1111	LA	N0_shuffle_seed23072	0.3	459	0.5990762178	0.5572829799	0.5698209512	-0.02925526653
0	uniform_kd_seed1111	LA	N0_shuffle_seed23072	0.5	765	0.5733725622	0.5662693403	0.5698209512	-0.003551610987
0	uniform_kd_seed1111	LA	N0_shuffle_seed23072	0.7	1071	0.5640976687	0.5831752772	0.5698209512	0.005723282567
0	uniform_kd_seed1111	LA	N0_shuffle_seed23072	1	1530	0.5698209512	0	0.5698209512	-1.110223025e-16
0	uniform_kd_seed1111	LA	N0_shuffle_seed23073	0.1	153	0.6326804541	0.562836562	0.5698209512	-0.06285950283
0	uniform_kd_seed1111	LA	N0_shuffle_seed23073	0.2	306	0.5848795022	0.5660563135	0.5698209512	-0.01505855092
0	uniform_kd_seed1111	LA	N0_shuffle_seed23073	0.3	459	0.596640694	0.5583267758	0.5698209512	-0.02681974275
0	uniform_kd_seed1111	LA	N0_shuffle_seed23073	0.5	765	0.5709575399	0.5686843626	0.5698209512	-0.00113658865
0	uniform_kd_seed1111	LA	N0_shuffle_seed23073	0.7	1071	0.5743236749	0.5593145959	0.5698209512	-0.004502723696
0	uniform_kd_seed1111	LA	N0_shuffle_seed23073	1	1530	0.5698209512	0	0.5698209512	-1.110223025e-16
0	uniform_kd_seed1111	LV	R0_global	0.1	153	0.4631249017	0.5787994304	0.5672319775	0.1041070758
0	uniform_kd_seed1111	LV	R0_global	0.2	306	0.5385677664	0.5743980303	0.5672319775	0.02866421107
0	uniform_kd_seed1111	LV	R0_global	0.3	459	0.5502177818	0.5745237757	0.5672319775	0.01701419573
0	uniform_kd_seed1111	LV	R0_global	0.5	765	0.5356592028	0.5988047522	0.5672319775	0.03157277469
0	uniform_kd_seed1111	LV	R0_global	0.7	1071	0.5482182945	0.6115972379	0.5672319775	0.01901368303
0	uniform_kd_seed1111	LV	R0_global	1	1530	0.5672319775	0	0.5672319775	0
0	uniform_kd_seed1111	LV	R0_mode	0.1	153	0.4631249017	0.5787994304	0.5672319775	0.1041070758
0	uniform_kd_seed1111	LV	R0_mode	0.2	306	0.5385677664	0.5743980303	0.5672319775	0.02866421107
0	uniform_kd_seed1111	LV	R0_mode	0.3	459	0.5502177818	0.5745237757	0.5672319775	0.01701419573
0	uniform_kd_seed1111	LV	R0_mode	0.5	765	0.5356592028	0.5988047522	0.5672319775	0.03157277469
0	uniform_kd_seed1111	LV	R0_mode	0.7	1071	0.5482182945	0.6115972379	0.5672319775	0.01901368303
0	uniform_kd_seed1111	LV	R0_mode	1	1530	0.5672319775	0	0.5672319775	0
0	uniform_kd_seed1111	LV	R1	0.1	153	0.413513689	0.5843117873	0.5672319775	0.1537182885
0	uniform_kd_seed1111	LV	R1	0.2	306	0.4298828217	0.6015692665	0.5672319775	0.1373491558
0	uniform_kd_seed1111	LV	R1	0.3	459	0.4475066694	0.6185428238	0.5672319775	0.1197253081
0	uniform_kd_seed1111	LV	R1	0.5	765	0.4808325275	0.6536314275	0.5672319775	0.08639944997
0	uniform_kd_seed1111	LV	R1	0.7	1071	0.5078344922	0.7058261099	0.5672319775	0.05939748531
0	uniform_kd_seed1111	LV	R1	1	1530	0.5672319775	0	0.5672319775	0
0	uniform_kd_seed1111	LV	R2	0.1	153	0.4137026276	0.5842907942	0.5672319775	0.1535293499
0	uniform_kd_seed1111	LV	R2	0.2	306	0.4081718489	0.6069970097	0.5672319775	0.1590601286
0	uniform_kd_seed1111	LV	R2	0.3	459	0.4307512918	0.6257236999	0.5672319775	0.1364806857
0	uniform_kd_seed1111	LV	R2	0.5	765	0.4726336925	0.6618302626	0.5672319775	0.09459828504
0	uniform_kd_seed1111	LV	R2	0.7	1071	0.502282908	0.7187798065	0.5672319775	0.06494906955
0	uniform_kd_seed1111	LV	R2	1	1530	0.5672319775	0	0.5672319775	0
0	uniform_kd_seed1111	LV	N3_output_only	0.1	153	0.413513689	0.5843117873	0.5672319775	0.1537182885
0	uniform_kd_seed1111	LV	N3_output_only	0.2	306	0.4298828217	0.6015692665	0.5672319775	0.1373491558
0	uniform_kd_seed1111	LV	N3_output_only	0.3	459	0.4475066694	0.6185428238	0.5672319775	0.1197253081
0	uniform_kd_seed1111	LV	N3_output_only	0.5	765	0.4808325275	0.6536314275	0.5672319775	0.08639944997
0	uniform_kd_seed1111	LV	N3_output_only	0.7	1071	0.5078344922	0.7058261099	0.5672319775	0.05939748531
0	uniform_kd_seed1111	LV	N3_output_only	1	1530	0.5672319775	0	0.5672319775	0
0	uniform_kd_seed1111	LV	N2_length_mask_only	0.1	153	0.5749836791	0.5663706773	0.5672319775	-0.007751701586
0	uniform_kd_seed1111	LV	N2_length_mask_only	0.2	306	0.5862212944	0.5624846483	0.5672319775	-0.01898931693
0	uniform_kd_seed1111	LV	N2_length_mask_only	0.3	459	0.5901230612	0.5574215131	0.5672319775	-0.02289108365
0	uniform_kd_seed1111	LV	N2_length_mask_only	0.5	765	0.5631861193	0.5712778358	0.5672319775	0.004045858241
0	uniform_kd_seed1111	LV	N2_length_mask_only	0.7	1071	0.5560155139	0.593403726	0.5672319775	0.01121646364
0	uniform_kd_seed1111	LV	N2_length_mask_only	1	1530	0.5672319775	0	0.5672319775	0
0	uniform_kd_seed1111	LV	N5_label_bin_prior	0.1	153	0.42865971	0.5826288961	0.5672319775	0.1385722675
0	uniform_kd_seed1111	LV	N5_label_bin_prior	0.2	306	0.4015068688	0.6086632547	0.5672319775	0.1657251087
0	uniform_kd_seed1111	LV	N5_label_bin_prior	0.3	459	0.4491602918	0.6178341285	0.5672319775	0.1180716857
0	uniform_kd_seed1111	LV	N5_label_bin_prior	0.5	765	0.4980081705	0.6364557845	0.5672319775	0.06922380697
0	uniform_kd_seed1111	LV	N5_label_bin_prior	0.7	1071	0.54658025	0.6154193416	0.5672319775	0.02065172746
0	uniform_kd_seed1111	LV	N5_label_bin_prior	1	1530	0.5672319775	0	0.5672319775	0
0	uniform_kd_seed1111	LV	N1_matched_gaussian	0.1	153	0.5677124119	0.5671785959	0.5672319775	-0.0004804344193
0	uniform_kd_seed1111	LV	N1_matched_gaussian	0.2	306	0.5821285795	0.563507827	0.5672319775	-0.014896602
0	uniform_kd_seed1111	LV	N1_matched_gaussian	0.3	459	0.5771127348	0.5629973672	0.5672319775	-0.009880757332
0	uniform_kd_seed1111	LV	N1_matched_gaussian	0.5	765	0.5684478247	0.5660161303	0.5672319775	-0.001215847172
0	uniform_kd_seed1111	LV	N1_matched_gaussian	0.7	1071	0.5676020023	0.5663685863	0.5672319775	-0.0003700247896
0	uniform_kd_seed1111	LV	N1_matched_gaussian	1	1530	0.5672319775	0	0.5672319775	0
0	uniform_kd_seed1111	LV	N0_shuffle_seed23071	0.1	153	0.5967432007	0.5639529527	0.5672319775	-0.02951122319
0	uniform_kd_seed1111	LV	N0_shuffle_seed23071	0.2	306	0.5673912077	0.56719217	0.5672319775	-0.0001592301556
0	uniform_kd_seed1111	LV	N0_shuffle_seed23071	0.3	459	0.5672344766	0.5672309065	0.5672319775	-2.499121893e-06
0	uniform_kd_seed1111	LV	N0_shuffle_seed23071	0.5	765	0.5620320087	0.5724319464	0.5672319775	0.005199968856
0	uniform_kd_seed1111	LV	N0_shuffle_seed23071	0.7	1071	0.5526546252	0.6012457996	0.5672319775	0.01457735231
0	uniform_kd_seed1111	LV	N0_shuffle_seed23071	1	1530	0.5672319775	0	0.5672319775	0
0	uniform_kd_seed1111	LV	N0_shuffle_seed23072	0.1	153	0.7052939095	0.5518917628	0.5672319775	-0.138061932
0	uniform_kd_seed1111	LV	N0_shuffle_seed23072	0.2	306	0.65592803	0.5450579644	0.5672319775	-0.08869605251
0	uniform_kd_seed1111	LV	N0_shuffle_seed23072	0.3	459	0.6434861907	0.5345516004	0.5672319775	-0.07625421317
0	uniform_kd_seed1111	LV	N0_shuffle_seed23072	0.5	765	0.5852257868	0.5492381683	0.5672319775	-0.01799380926
0	uniform_kd_seed1111	LV	N0_shuffle_seed23072	0.7	1071	0.5707612268	0.5589970624	0.5672319775	-0.003529249325
0	uniform_kd_seed1111	LV	N0_shuffle_seed23072	1	1530	0.5672319775	0	0.5672319775	0
0	uniform_kd_seed1111	LV	N0_shuffle_seed23073	0.1	153	0.6424291032	0.5588767413	0.5672319775	-0.07519712571
0	uniform_kd_seed1111	LV	N0_shuffle_seed23073	0.2	306	0.6065976004	0.5573905718	0.5672319775	-0.03936562291
0	uniform_kd_seed1111	LV	N0_shuffle_seed23073	0.3	459	0.6059814156	0.5506250755	0.5672319775	-0.03874943812
0	uniform_kd_seed1111	LV	N0_shuffle_seed23073	0.5	765	0.5713061971	0.5631577579	0.5672319775	-0.004074219594
0	uniform_kd_seed1111	LV	N0_shuffle_seed23073	0.7	1071	0.560516882	0.5829005337	0.5672319775	0.006715095496
0	uniform_kd_seed1111	LV	N0_shuffle_seed23073	1	1530	0.5672319775	0	0.5672319775	0
0	uniform_kd_seed1111	L	R0_global	0.1	153	0.4660116885	0.5809249734	0.5694336449	0.1034219564
0	uniform_kd_seed1111	L	R0_global	0.2	306	0.5389960598	0.5770430412	0.5694336449	0.03043758508
0	uniform_kd_seed1111	L	R0_global	0.3	459	0.551350961	0.5771833666	0.5694336449	0.01808268393
0	uniform_kd_seed1111	L	R0_global	0.5	765	0.5378634264	0.6010038635	0.5694336449	0.03157021855
0	uniform_kd_seed1111	L	R0_global	0.7	1071	0.5508149596	0.6128772439	0.5694336449	0.01861868528
0	uniform_kd_seed1111	L	R0_global	1	1530	0.5694336449	0	0.5694336449	-1.110223025e-16
0	uniform_kd_seed1111	L	R0_mode	0.1	153	0.4660116885	0.5809249734	0.5694336449	0.1034219564
0	uniform_kd_seed1111	L	R0_mode	0.2	306	0.5389960598	0.5770430412	0.5694336449	0.03043758508
0	uniform_kd_seed1111	L	R0_mode	0.3	459	0.551350961	0.5771833666	0.5694336449	0.01808268393
0	uniform_kd_seed1111	L	R0_mode	0.5	765	0.5378634264	0.6010038635	0.5694336449	0.03157021855
0	uniform_kd_seed1111	L	R0_mode	0.7	1071	0.5508149596	0.6128772439	0.5694336449	0.01861868528
0	uniform_kd_seed1111	L	R0_mode	1	1530	0.5694336449	0	0.5694336449	-1.110223025e-16
0	uniform_kd_seed1111	L	R1	0.1	153	0.4768368543	0.5797221772	0.5694336449	0.09259679063
0	uniform_kd_seed1111	L	R1	0.2	306	0.4077186567	0.609862392	0.5694336449	0.1617149882
0	uniform_kd_seed1111	L	R1	0.3	459	0.4304714197	0.6289888843	0.5694336449	0.1389622253
0	uniform_kd_seed1111	L	R1	0.5	765	0.4965204977	0.6423467921	0.5694336449	0.0729131472
0	uniform_kd_seed1111	L	R1	0.7	1071	0.5168609945	0.6921031625	0.5694336449	0.05257265039
0	uniform_kd_seed1111	L	R1	1	1530	0.5694336449	0	0.5694336449	-1.110223025e-16
0	uniform_kd_seed1111	L	R2	0.1	153	0.4120401153	0.5869218149	0.5694336449	0.1573935296
0	uniform_kd_seed1111	L	R2	0.2	306	0.4115976633	0.6088926403	0.5694336449	0.1578359816
0	uniform_kd_seed1111	L	R2	0.3	459	0.4481046367	0.6214317913	0.5694336449	0.1213290083
0	uniform_kd_seed1111	L	R2	0.5	765	0.4729595246	0.6659077652	0.5694336449	0.0964741203
0	uniform_kd_seed1111	L	R2	0.7	1071	0.5109689562	0.705851252	0.5694336449	0.05846468875
0	uniform_kd_seed1111	L	R2	1	1530	0.5694336449	0	0.5694336449	0
0	uniform_kd_seed1111	L	N3_output_only	0.1	153	0.4768368543	0.5797221772	0.5694336449	0.09259679063
0	uniform_kd_seed1111	L	N3_output_only	0.2	306	0.4077186567	0.609862392	0.5694336449	0.1617149882
0	uniform_kd_seed1111	L	N3_output_only	0.3	459	0.4304714197	0.6289888843	0.5694336449	0.1389622253
0	uniform_kd_seed1111	L	N3_output_only	0.5	765	0.4965204977	0.6423467921	0.5694336449	0.0729131472
0	uniform_kd_seed1111	L	N3_output_only	0.7	1071	0.5168609945	0.6921031625	0.5694336449	0.05257265039
0	uniform_kd_seed1111	L	N3_output_only	1	1530	0.5694336449	0	0.5694336449	-1.110223025e-16
0	uniform_kd_seed1111	L	N2_length_mask_only	0.1	153	0.5792361432	0.5683444785	0.5694336449	-0.009802498264
0	uniform_kd_seed1111	L	N2_length_mask_only	0.2	306	0.5818996113	0.5663171533	0.5694336449	-0.01246596641
0	uniform_kd_seed1111	L	N2_length_mask_only	0.3	459	0.5946997193	0.5586053273	0.5694336449	-0.02526607439
0	uniform_kd_seed1111	L	N2_length_mask_only	0.5	765	0.5663431885	0.5725241013	0.5694336449	0.003090456415
0	uniform_kd_seed1111	L	N2_length_mask_only	0.7	1071	0.5584571905	0.5950453719	0.5694336449	0.0109764544
0	uniform_kd_seed1111	L	N2_length_mask_only	1	1530	0.5694336449	0	0.5694336449	0
0	uniform_kd_seed1111	L	N5_label_bin_prior	0.1	153	0.4400802603	0.5838062432	0.5694336449	0.1293533846
0	uniform_kd_seed1111	L	N5_label_bin_prior	0.2	306	0.4091182538	0.6095124927	0.5694336449	0.1603153911
0	uniform_kd_seed1111	L	N5_label_bin_prior	0.3	459	0.4560592726	0.6180226616	0.5694336449	0.1133743723
0	uniform_kd_seed1111	L	N5_label_bin_prior	0.5	765	0.4986344806	0.6402328092	0.5694336449	0.07079916432
0	uniform_kd_seed1111	L	N5_label_bin_prior	0.7	1071	0.5531965136	0.6073202847	0.5694336449	0.01623713131
0	uniform_kd_seed1111	L	N5_label_bin_prior	1	1530	0.5694336449	0	0.5694336449	0
0	uniform_kd_seed1111	L	N1_matched_gaussian	0.1	153	0.5509828194	0.5714837367	0.5694336449	0.01845082557
0	uniform_kd_seed1111	L	N1_matched_gaussian	0.2	306	0.6073737849	0.5599486099	0.5694336449	-0.03794014002
0	uniform_kd_seed1111	L	N1_matched_gaussian	0.3	459	0.5883836762	0.5613122029	0.5694336449	-0.0189500313
0	uniform_kd_seed1111	L	N1_matched_gaussian	0.5	765	0.5743135845	0.5645537053	0.5694336449	-0.004879939623
0	uniform_kd_seed1111	L	N1_matched_gaussian	0.7	1071	0.564753411	0.5803541908	0.5694336449	0.004680233957
0	uniform_kd_seed1111	L	N1_matched_gaussian	1	1530	0.5694336449	0	0.5694336449	-1.110223025e-16
0	uniform_kd_seed1111	L	N0_shuffle_seed23071	0.1	153	0.6440367656	0.5611444093	0.5694336449	-0.07460312063
0	uniform_kd_seed1111	L	N0_shuffle_seed23071	0.2	306	0.6431293935	0.5510097078	0.5694336449	-0.07369574854
0	uniform_kd_seed1111	L	N0_shuffle_seed23071	0.3	459	0.6205542488	0.5475248147	0.5694336449	-0.05112060388
0	uniform_kd_seed1111	L	N0_shuffle_seed23071	0.5	765	0.5876010654	0.5512662245	0.5694336449	-0.01816742047
0	uniform_kd_seed1111	L	N0_shuffle_seed23071	0.7	1071	0.5730727291	0.5609424484	0.5694336449	-0.003639084218
0	uniform_kd_seed1111	L	N0_shuffle_seed23071	1	1530	0.5694336449	0	0.5694336449	-1.110223025e-16
0	uniform_kd_seed1111	L	N0_shuffle_seed23072	0.1	153	0.7510656315	0.5492523131	0.5694336449	-0.1816319865
0	uniform_kd_seed1111	L	N0_shuffle_seed23072	0.2	306	0.6579829501	0.5472963186	0.5694336449	-0.08854930517
0	uniform_kd_seed1111	L	N0_shuffle_seed23072	0.3	459	0.6314067169	0.5428737569	0.5694336449	-0.06197307196
0	uniform_kd_seed1111	L	N0_shuffle_seed23072	0.5	765	0.5825814927	0.5562857972	0.5694336449	-0.01314784777
0	uniform_kd_seed1111	L	N0_shuffle_seed23072	0.7	1071	0.5710003281	0.5657780508	0.5694336449	-0.001566683217
0	uniform_kd_seed1111	L	N0_shuffle_seed23072	1	1530	0.5694336449	0	0.5694336449	-1.110223025e-16
0	uniform_kd_seed1111	L	N0_shuffle_seed23073	0.1	153	0.6786682492	0.5572964667	0.5694336449	-0.1092346043
0	uniform_kd_seed1111	L	N0_shuffle_seed23073	0.2	306	0.581781775	0.5663466124	0.5694336449	-0.01234813003
0	uniform_kd_seed1111	L	N0_shuffle_seed23073	0.3	459	0.5939342772	0.5589333739	0.5694336449	-0.02450063231
0	uniform_kd_seed1111	L	N0_shuffle_seed23073	0.5	765	0.5836966882	0.5551706016	0.5694336449	-0.01426304331
0	uniform_kd_seed1111	L	N0_shuffle_seed23073	0.7	1071	0.5611628001	0.5887322827	0.5694336449	0.008270844779
0	uniform_kd_seed1111	L	N0_shuffle_seed23073	1	1530	0.5694336449	0	0.5694336449	0
0	moddrop_seed1111	LAV	R0_global	0.1	153	0.4668997057	0.5740102526	0.5632991979	0.09639949216
0	moddrop_seed1111	LAV	R0_global	0.2	306	0.5298035675	0.5716731055	0.5632991979	0.03349563041
0	moddrop_seed1111	LAV	R0_global	0.3	459	0.5374857844	0.5743620894	0.5632991979	0.02581341348
0	moddrop_seed1111	LAV	R0_global	0.5	765	0.5251388251	0.6014595706	0.5632991979	0.03816037272
0	moddrop_seed1111	LAV	R0_global	0.7	1071	0.5414696848	0.6142347283	0.5632991979	0.02182951304
0	moddrop_seed1111	LAV	R0_global	1	1530	0.5632991979	0	0.5632991979	0
0	moddrop_seed1111	LAV	R0_mode	0.1	153	0.4668997057	0.5740102526	0.5632991979	0.09639949216
0	moddrop_seed1111	LAV	R0_mode	0.2	306	0.5298035675	0.5716731055	0.5632991979	0.03349563041
0	moddrop_seed1111	LAV	R0_mode	0.3	459	0.5374857844	0.5743620894	0.5632991979	0.02581341348
0	moddrop_seed1111	LAV	R0_mode	0.5	765	0.5251388251	0.6014595706	0.5632991979	0.03816037272
0	moddrop_seed1111	LAV	R0_mode	0.7	1071	0.5414696848	0.6142347283	0.5632991979	0.02182951304
0	moddrop_seed1111	LAV	R0_mode	1	1530	0.5632991979	0	0.5632991979	0
0	moddrop_seed1111	LAV	R1	0.1	153	0.3762150379	0.5840863268	0.5632991979	0.1870841599
0	moddrop_seed1111	LAV	R1	0.2	306	0.4243067084	0.5980473202	0.5632991979	0.1389924894
0	moddrop_seed1111	LAV	R1	0.3	459	0.4448560938	0.6140605282	0.5632991979	0.1184431041
0	moddrop_seed1111	LAV	R1	0.5	765	0.4974916021	0.6291067936	0.5632991979	0.06580759572
0	moddrop_seed1111	LAV	R1	0.7	1071	0.5300486344	0.640883846	0.5632991979	0.0332505635
0	moddrop_seed1111	LAV	R1	1	1530	0.5632991979	0	0.5632991979	0
0	moddrop_seed1111	LAV	R2	0.1	153	0.3344403005	0.5887279642	0.5632991979	0.2288588974
0	moddrop_seed1111	LAV	R2	0.2	306	0.3985606606	0.6044838322	0.5632991979	0.1647385372
0	moddrop_seed1111	LAV	R2	0.3	459	0.4363314376	0.6177139523	0.5632991979	0.1269677602
0	moddrop_seed1111	LAV	R2	0.5	765	0.4748594451	0.6517389506	0.5632991979	0.08843975275
0	moddrop_seed1111	LAV	R2	0.7	1071	0.5057613849	0.6975540948	0.5632991979	0.05753781297
0	moddrop_seed1111	LAV	R2	1	1530	0.5632991979	0	0.5632991979	0
0	moddrop_seed1111	LAV	N3_output_only	0.1	153	0.3762150379	0.5840863268	0.5632991979	0.1870841599
0	moddrop_seed1111	LAV	N3_output_only	0.2	306	0.4243067084	0.5980473202	0.5632991979	0.1389924894
0	moddrop_seed1111	LAV	N3_output_only	0.3	459	0.4448560938	0.6140605282	0.5632991979	0.1184431041
0	moddrop_seed1111	LAV	N3_output_only	0.5	765	0.4974916021	0.6291067936	0.5632991979	0.06580759572
0	moddrop_seed1111	LAV	N3_output_only	0.7	1071	0.5300486344	0.640883846	0.5632991979	0.0332505635
0	moddrop_seed1111	LAV	N3_output_only	1	1530	0.5632991979	0	0.5632991979	0
0	moddrop_seed1111	LAV	N2_length_mask_only	0.1	153	0.5500504399	0.5647712821	0.5632991979	0.01324875798
0	moddrop_seed1111	LAV	N2_length_mask_only	0.2	306	0.5775836833	0.5597280765	0.5632991979	-0.01428448546
0	moddrop_seed1111	LAV	N2_length_mask_only	0.3	459	0.5687914203	0.5609453882	0.5632991979	-0.005492222473
0	moddrop_seed1111	LAV	N2_length_mask_only	0.5	765	0.5587454965	0.5678528992	0.5632991979	0.004553701327
0	moddrop_seed1111	LAV	N2_length_mask_only	0.7	1071	0.5477290643	0.5996295096	0.5632991979	0.01557013359
0	moddrop_seed1111	LAV	N2_length_mask_only	1	1530	0.5632991979	0	0.5632991979	0
0	moddrop_seed1111	LAV	N5_label_bin_prior	0.1	153	0.3879831672	0.5827787568	0.5632991979	0.1753160307
0	moddrop_seed1111	LAV	N5_label_bin_prior	0.2	306	0.4309747591	0.5963803076	0.5632991979	0.1323244388
0	moddrop_seed1111	LAV	N5_label_bin_prior	0.3	459	0.4349134528	0.6183216601	0.5632991979	0.1283857451
0	moddrop_seed1111	LAV	N5_label_bin_prior	0.5	765	0.4988933391	0.6277050566	0.5632991979	0.06440585874
0	moddrop_seed1111	LAV	N5_label_bin_prior	0.7	1071	0.5433681659	0.6098049392	0.5632991979	0.019931032
0	moddrop_seed1111	LAV	N5_label_bin_prior	1	1530	0.5632991979	0	0.5632991979	0
0	moddrop_seed1111	LAV	N1_matched_gaussian	0.1	153	0.5626564261	0.563370617	0.5632991979	0.0006427718119
0	moddrop_seed1111	LAV	N1_matched_gaussian	0.2	306	0.5311656627	0.5713325817	0.5632991979	0.03213353518
0	moddrop_seed1111	LAV	N1_matched_gaussian	0.3	459	0.5340079614	0.5758525849	0.5632991979	0.0292912365
0	moddrop_seed1111	LAV	N1_matched_gaussian	0.5	765	0.5429324031	0.5836659926	0.5632991979	0.02036679472
0	moddrop_seed1111	LAV	N1_matched_gaussian	0.7	1071	0.5551529598	0.5823070867	0.5632991979	0.008146238063
0	moddrop_seed1111	LAV	N1_matched_gaussian	1	1530	0.5632991979	0	0.5632991979	0
0	moddrop_seed1111	LAV	N0_shuffle_seed23071	0.1	153	0.6182385965	0.5571948202	0.5632991979	-0.0549393986
0	moddrop_seed1111	LAV	N0_shuffle_seed23071	0.2	306	0.5767274552	0.5599421335	0.5632991979	-0.01342825729
0	moddrop_seed1111	LAV	N0_shuffle_seed23071	0.3	459	0.5489117785	0.5694652347	0.5632991979	0.01438741933
0	moddrop_seed1111	LAV	N0_shuffle_seed23071	0.5	765	0.5415858914	0.5850125043	0.5632991979	0.02171330648
0	moddrop_seed1111	LAV	N0_shuffle_seed23071	0.7	1071	0.5428955953	0.6109076037	0.5632991979	0.02040360252
0	moddrop_seed1111	LAV	N0_shuffle_seed23071	1	1530	0.5632991979	0	0.5632991979	0
0	moddrop_seed1111	LAV	N0_shuffle_seed23072	0.1	153	0.674913939	0.55089756	0.5632991979	-0.1116147412
0	moddrop_seed1111	LAV	N0_shuffle_seed23072	0.2	306	0.627336137	0.5472899631	0.5632991979	-0.06403693914
0	moddrop_seed1111	LAV	N0_shuffle_seed23072	0.3	459	0.6179682733	0.5398695941	0.5632991979	-0.05466907539
0	moddrop_seed1111	LAV	N0_shuffle_seed23072	0.5	765	0.5985519536	0.5280464421	0.5632991979	-0.03525275572
0	moddrop_seed1111	LAV	N0_shuffle_seed23072	0.7	1071	0.5709269716	0.5455010591	0.5632991979	-0.007627773756
0	moddrop_seed1111	LAV	N0_shuffle_seed23072	1	1530	0.5632991979	0	0.5632991979	0
0	moddrop_seed1111	LAV	N0_shuffle_seed23073	0.1	153	0.6577471638	0.5528049794	0.5632991979	-0.09444796593
0	moddrop_seed1111	LAV	N0_shuffle_seed23073	0.2	306	0.6220563275	0.5486099155	0.5632991979	-0.05875712962
0	moddrop_seed1111	LAV	N0_shuffle_seed23073	0.3	459	0.6072684728	0.5444552229	0.5632991979	-0.04396927495
0	moddrop_seed1111	LAV	N0_shuffle_seed23073	0.5	765	0.5776161367	0.548982259	0.5632991979	-0.01431693887
0	moddrop_seed1111	LAV	N0_shuffle_seed23073	0.7	1071	0.5636811184	0.5624080501	0.5632991979	-0.0003819204873
0	moddrop_seed1111	LAV	N0_shuffle_seed23073	1	1530	0.5632991979	0	0.5632991979	0
0	moddrop_seed1111	LA	R0_global	0.1	153	0.4692520217	0.5751822463	0.5645892238	0.09533720215
0	moddrop_seed1111	LA	R0_global	0.2	306	0.5301200212	0.5732065245	0.5645892238	0.03446920267
0	moddrop_seed1111	LA	R0_global	0.3	459	0.537693464	0.576115978	0.5645892238	0.02689575983
0	moddrop_seed1111	LA	R0_global	0.5	765	0.5261643213	0.6030141263	0.5645892238	0.0384249025
0	moddrop_seed1111	LA	R0_global	0.7	1071	0.542930602	0.615126008	0.5645892238	0.02165862179
0	moddrop_seed1111	LA	R0_global	1	1530	0.5645892238	0	0.5645892238	0
0	moddrop_seed1111	LA	R0_mode	0.1	153	0.4692520217	0.5751822463	0.5645892238	0.09533720215
0	moddrop_seed1111	LA	R0_mode	0.2	306	0.5301200212	0.5732065245	0.5645892238	0.03446920267
0	moddrop_seed1111	LA	R0_mode	0.3	459	0.537693464	0.576115978	0.5645892238	0.02689575983
0	moddrop_seed1111	LA	R0_mode	0.5	765	0.5261643213	0.6030141263	0.5645892238	0.0384249025
0	moddrop_seed1111	LA	R0_mode	0.7	1071	0.542930602	0.615126008	0.5645892238	0.02165862179
0	moddrop_seed1111	LA	R0_mode	1	1530	0.5645892238	0	0.5645892238	0
0	moddrop_seed1111	LA	R1	0.1	153	0.336872964	0.5898910305	0.5645892238	0.2277162598
0	moddrop_seed1111	LA	R1	0.2	306	0.4145777685	0.6020920877	0.5645892238	0.1500114553
0	moddrop_seed1111	LA	R1	0.3	459	0.4278233638	0.6232031639	0.5645892238	0.1367658601
0	moddrop_seed1111	LA	R1	0.5	765	0.4738156252	0.6553628224	0.5645892238	0.09077359858
0	moddrop_seed1111	LA	R1	0.7	1071	0.5113104299	0.6889064096	0.5645892238	0.05327879389
0	moddrop_seed1111	LA	R1	1	1530	0.5645892238	0	0.5645892238	0
0	moddrop_seed1111	LA	R2	0.1	153	0.3662280741	0.5866293516	0.5645892238	0.1983611497
0	moddrop_seed1111	LA	R2	0.2	306	0.4117313158	0.6028037008	0.5645892238	0.152857908
0	moddrop_seed1111	LA	R2	0.3	459	0.4317592463	0.621516357	0.5645892238	0.1328299775
0	moddrop_seed1111	LA	R2	0.5	765	0.4836096745	0.6455687731	0.5645892238	0.08097954929
0	moddrop_seed1111	LA	R2	0.7	1071	0.5067812207	0.6994745645	0.5645892238	0.05780800314
0	moddrop_seed1111	LA	R2	1	1530	0.5645892238	0	0.5645892238	0
0	moddrop_seed1111	LA	N3_output_only	0.1	153	0.336872964	0.5898910305	0.5645892238	0.2277162598
0	moddrop_seed1111	LA	N3_output_only	0.2	306	0.4145777685	0.6020920877	0.5645892238	0.1500114553
0	moddrop_seed1111	LA	N3_output_only	0.3	459	0.4278233638	0.6232031639	0.5645892238	0.1367658601
0	moddrop_seed1111	LA	N3_output_only	0.5	765	0.4738156252	0.6553628224	0.5645892238	0.09077359858
0	moddrop_seed1111	LA	N3_output_only	0.7	1071	0.5113104299	0.6889064096	0.5645892238	0.05327879389
0	moddrop_seed1111	LA	N3_output_only	1	1530	0.5645892238	0	0.5645892238	0
0	moddrop_seed1111	LA	N2_length_mask_only	0.1	153	0.5491949558	0.5662996981	0.5645892238	0.01539426805
0	moddrop_seed1111	LA	N2_length_mask_only	0.2	306	0.5860372605	0.5592272147	0.5645892238	-0.02144803668
0	moddrop_seed1111	LA	N2_length_mask_only	0.3	459	0.575931774	0.5597281309	0.5645892238	-0.01134255019
0	moddrop_seed1111	LA	N2_length_mask_only	0.5	765	0.5622031973	0.5669752503	0.5645892238	0.002386026474
0	moddrop_seed1111	LA	N2_length_mask_only	0.7	1071	0.5507526788	0.5968744956	0.5645892238	0.01383654504
0	moddrop_seed1111	LA	N2_length_mask_only	1	1530	0.5645892238	0	0.5645892238	0
0	moddrop_seed1111	LA	N5_label_bin_prior	0.1	153	0.3965681324	0.583258234	0.5645892238	0.1680210914
0	moddrop_seed1111	LA	N5_label_bin_prior	0.2	306	0.4255218889	0.5993560576	0.5645892238	0.1390673349
0	moddrop_seed1111	LA	N5_label_bin_prior	0.3	459	0.4404495521	0.6177919403	0.5645892238	0.1241396717
0	moddrop_seed1111	LA	N5_label_bin_prior	0.5	765	0.5065566452	0.6226218024	0.5645892238	0.05803257857
0	moddrop_seed1111	LA	N5_label_bin_prior	0.7	1071	0.5432641383	0.6143477568	0.5645892238	0.02132508556
0	moddrop_seed1111	LA	N5_label_bin_prior	1	1530	0.5645892238	0	0.5645892238	0
0	moddrop_seed1111	LA	N1_matched_gaussian	0.1	153	0.5769340597	0.5632175754	0.5645892238	-0.01234483591
0	moddrop_seed1111	LA	N1_matched_gaussian	0.2	306	0.5742613268	0.5621711981	0.5645892238	-0.009672102937
0	moddrop_seed1111	LA	N1_matched_gaussian	0.3	459	0.5997225758	0.549532073	0.5645892238	-0.03513335197
0	moddrop_seed1111	LA	N1_matched_gaussian	0.5	765	0.5751374691	0.5540409786	0.5645892238	-0.01054824526
0	moddrop_seed1111	LA	N1_matched_gaussian	0.7	1071	0.5773733355	0.5347596299	0.5645892238	-0.01278411169
0	moddrop_seed1111	LA	N1_matched_gaussian	1	1530	0.5645892238	0	0.5645892238	0
0	moddrop_seed1111	LA	N0_shuffle_seed23071	0.1	153	0.5534915141	0.5658223027	0.5645892238	0.01109770974
0	moddrop_seed1111	LA	N0_shuffle_seed23071	0.2	306	0.5456715546	0.5693186411	0.5645892238	0.01891766921
0	moddrop_seed1111	LA	N0_shuffle_seed23071	0.3	459	0.5424507352	0.5740771475	0.5645892238	0.02213848865
0	moddrop_seed1111	LA	N0_shuffle_seed23071	0.5	765	0.5413945139	0.5877839338	0.5645892238	0.02319470993
0	moddrop_seed1111	LA	N0_shuffle_seed23071	0.7	1071	0.5389328207	0.6244541645	0.5645892238	0.02565640316
0	moddrop_seed1111	LA	N0_shuffle_seed23071	1	1530	0.5645892238	0	0.5645892238	0
0	moddrop_seed1111	LA	N0_shuffle_seed23072	0.1	153	0.6375346073	0.5564841812	0.5645892238	-0.07294538347
0	moddrop_seed1111	LA	N0_shuffle_seed23072	0.2	306	0.6254482998	0.5493744548	0.5645892238	-0.06085907601
0	moddrop_seed1111	LA	N0_shuffle_seed23072	0.3	459	0.6147653143	0.5430851851	0.5645892238	-0.05017609045
0	moddrop_seed1111	LA	N0_shuffle_seed23072	0.5	765	0.597793578	0.5313848697	0.5645892238	-0.03320435414
0	moddrop_seed1111	LA	N0_shuffle_seed23072	0.7	1071	0.5787113107	0.5316376878	0.5645892238	-0.01412208689
0	moddrop_seed1111	LA	N0_shuffle_seed23072	1	1530	0.5645892238	0	0.5645892238	0
0	moddrop_seed1111	LA	N0_shuffle_seed23073	0.1	153	0.6420537951	0.5559820492	0.5645892238	-0.07746457127
0	moddrop_seed1111	LA	N0_shuffle_seed23073	0.2	306	0.6193587482	0.5508968427	0.5645892238	-0.05476952437
0	moddrop_seed1111	LA	N0_shuffle_seed23073	0.3	459	0.5962008351	0.5510413904	0.5645892238	-0.03161161132
0	moddrop_seed1111	LA	N0_shuffle_seed23073	0.5	765	0.5880958461	0.5410826015	0.5645892238	-0.0235066223
0	moddrop_seed1111	LA	N0_shuffle_seed23073	0.7	1071	0.5683182264	0.5558882179	0.5645892238	-0.00372900256
0	moddrop_seed1111	LA	N0_shuffle_seed23073	1	1530	0.5645892238	0	0.5645892238	0
0	moddrop_seed1111	LV	R0_global	0.1	153	0.466017998	0.5745982055	0.5637401848	0.09772218676
0	moddrop_seed1111	LV	R0_global	0.2	306	0.5295278275	0.5722932741	0.5637401848	0.03421235725
0	moddrop_seed1111	LV	R0_global	0.3	459	0.5377465922	0.5748802959	0.5637401848	0.02599359262
0	moddrop_seed1111	LV	R0_global	0.5	765	0.5253603429	0.6021200266	0.5637401848	0.03837984185
0	moddrop_seed1111	LV	R0_global	0.7	1071	0.5417522445	0.6150453788	0.5637401848	0.02198794031
0	moddrop_seed1111	LV	R0_global	1	1530	0.5637401848	0	0.5637401848	0
0	moddrop_seed1111	LV	R0_mode	0.1	153	0.466017998	0.5745982055	0.5637401848	0.09772218676
0	moddrop_seed1111	LV	R0_mode	0.2	306	0.5295278275	0.5722932741	0.5637401848	0.03421235725
0	moddrop_seed1111	LV	R0_mode	0.3	459	0.5377465922	0.5748802959	0.5637401848	0.02599359262
0	moddrop_seed1111	LV	R0_mode	0.5	765	0.5253603429	0.6021200266	0.5637401848	0.03837984185
0	moddrop_seed1111	LV	R0_mode	0.7	1071	0.5417522445	0.6150453788	0.5637401848	0.02198794031
0	moddrop_seed1111	LV	R0_mode	1	1530	0.5637401848	0	0.5637401848	0
0	moddrop_seed1111	LV	R1	0.1	153	0.3489072078	0.5876105156	0.5637401848	0.214832977
0	moddrop_seed1111	LV	R1	0.2	306	0.415303171	0.6008494382	0.5637401848	0.1484370137
0	moddrop_seed1111	LV	R1	0.3	459	0.4323078646	0.620068322	0.5637401848	0.1314323202
0	moddrop_seed1111	LV	R1	0.5	765	0.4736451147	0.6538352548	0.5637401848	0.09009507004
0	moddrop_seed1111	LV	R1	0.7	1071	0.5079159647	0.6939966983	0.5637401848	0.05582422008
0	moddrop_seed1111	LV	R1	1	1530	0.5637401848	0	0.5637401848	0
0	moddrop_seed1111	LV	R2	0.1	153	0.3658468411	0.5857283341	0.5637401848	0.1978933436
0	moddrop_seed1111	LV	R2	0.2	306	0.3977601773	0.6052351867	0.5637401848	0.1659800075
0	moddrop_seed1111	LV	R2	0.3	459	0.4445695812	0.6148133006	0.5637401848	0.1191706036
0	moddrop_seed1111	LV	R2	0.5	765	0.474756879	0.6527234906	0.5637401848	0.08898330578
0	moddrop_seed1111	LV	R2	0.7	1071	0.4965775362	0.7204530315	0.5637401848	0.0671626486
0	moddrop_seed1111	LV	R2	1	1530	0.5637401848	0	0.5637401848	0
0	moddrop_seed1111	LV	N3_output_only	0.1	153	0.3489072078	0.5876105156	0.5637401848	0.214832977
0	moddrop_seed1111	LV	N3_output_only	0.2	306	0.415303171	0.6008494382	0.5637401848	0.1484370137
0	moddrop_seed1111	LV	N3_output_only	0.3	459	0.4323078646	0.620068322	0.5637401848	0.1314323202
0	moddrop_seed1111	LV	N3_output_only	0.5	765	0.4736451147	0.6538352548	0.5637401848	0.09009507004
0	moddrop_seed1111	LV	N3_output_only	0.7	1071	0.5079159647	0.6939966983	0.5637401848	0.05582422008
0	moddrop_seed1111	LV	N3_output_only	1	1530	0.5637401848	0	0.5637401848	0
0	moddrop_seed1111	LV	N2_length_mask_only	0.1	153	0.5549195837	0.5647202516	0.5637401848	0.00882060112
0	moddrop_seed1111	LV	N2_length_mask_only	0.2	306	0.5864412964	0.5580649069	0.5637401848	-0.02270111163
0	moddrop_seed1111	LV	N2_length_mask_only	0.3	459	0.5746098944	0.5590817378	0.5637401848	-0.01086970964
0	moddrop_seed1111	LV	N2_length_mask_only	0.5	765	0.5597210757	0.5677592938	0.5637401848	0.00401910904
0	moddrop_seed1111	LV	N2_length_mask_only	0.7	1071	0.5497281601	0.596434909	0.5637401848	0.01401202466
0	moddrop_seed1111	LV	N2_length_mask_only	1	1530	0.5637401848	0	0.5637401848	0
0	moddrop_seed1111	LV	N5_label_bin_prior	0.1	153	0.3714932795	0.585100952	0.5637401848	0.1922469053
0	moddrop_seed1111	LV	N5_label_bin_prior	0.2	306	0.4272312247	0.5978674248	0.5637401848	0.1365089601
0	moddrop_seed1111	LV	N5_label_bin_prior	0.3	459	0.4381704524	0.6175557844	0.5637401848	0.1255697323
0	moddrop_seed1111	LV	N5_label_bin_prior	0.5	765	0.5007555059	0.6267248636	0.5637401848	0.06298467883
0	moddrop_seed1111	LV	N5_label_bin_prior	0.7	1071	0.5412050521	0.616322161	0.5637401848	0.02253513265
0	moddrop_seed1111	LV	N5_label_bin_prior	1	1530	0.5637401848	0	0.5637401848	0
0	moddrop_seed1111	LV	N1_matched_gaussian	0.1	153	0.5096724807	0.5697477075	0.5637401848	0.05406770404
0	moddrop_seed1111	LV	N1_matched_gaussian	0.2	306	0.520523279	0.5745444112	0.5637401848	0.04321690576
0	moddrop_seed1111	LV	N1_matched_gaussian	0.3	459	0.5578733901	0.5662545254	0.5637401848	0.005866794676
0	moddrop_seed1111	LV	N1_matched_gaussian	0.5	765	0.5653615318	0.5621188378	0.5637401848	-0.001621347012
0	moddrop_seed1111	LV	N1_matched_gaussian	0.7	1071	0.5630710891	0.565301408	0.5637401848	0.0006690956542
0	moddrop_seed1111	LV	N1_matched_gaussian	1	1530	0.5637401848	0	0.5637401848	0
0	moddrop_seed1111	LV	N0_shuffle_seed23071	0.1	153	0.621192454	0.5573565993	0.5637401848	-0.0574522692
0	moddrop_seed1111	LV	N0_shuffle_seed23071	0.2	306	0.5559555437	0.5656863451	0.5637401848	0.007784641119
0	moddrop_seed1111	LV	N0_shuffle_seed23071	0.3	459	0.5496523744	0.5697778178	0.5637401848	0.01408781036
0	moddrop_seed1111	LV	N0_shuffle_seed23071	0.5	765	0.5463699389	0.5811104306	0.5637401848	0.01737024585
0	moddrop_seed1111	LV	N0_shuffle_seed23071	0.7	1071	0.5498485858	0.5961539157	0.5637401848	0.01389159895
0	moddrop_seed1111	LV	N0_shuffle_seed23071	1	1530	0.5637401848	0	0.5637401848	0
0	moddrop_seed1111	LV	N0_shuffle_seed23072	0.1	153	0.6411032451	0.5551442892	0.5637401848	-0.07736306034
0	moddrop_seed1111	LV	N0_shuffle_seed23072	0.2	306	0.5962424397	0.555614621	0.5637401848	-0.03250225497
0	moddrop_seed1111	LV	N0_shuffle_seed23072	0.3	459	0.5914595938	0.5518604381	0.5637401848	-0.02771940899
0	moddrop_seed1111	LV	N0_shuffle_seed23072	0.5	765	0.570990828	0.5564895415	0.5637401848	-0.007250643261
0	moddrop_seed1111	LV	N0_shuffle_seed23072	0.7	1071	0.5582805018	0.576479445	0.5637401848	0.00545968295
0	moddrop_seed1111	LV	N0_shuffle_seed23072	1	1530	0.5637401848	0	0.5637401848	0
0	moddrop_seed1111	LV	N0_shuffle_seed23073	0.1	153	0.5775934868	0.562200929	0.5637401848	-0.01385330204
0	moddrop_seed1111	LV	N0_shuffle_seed23073	0.2	306	0.5775926778	0.5602770615	0.5637401848	-0.013852493
0	moddrop_seed1111	LV	N0_shuffle_seed23073	0.3	459	0.5902200537	0.5523916695	0.5637401848	-0.02647986889
0	moddrop_seed1111	LV	N0_shuffle_seed23073	0.5	765	0.5882880328	0.5391923368	0.5637401848	-0.02454784803
0	moddrop_seed1111	LV	N0_shuffle_seed23073	0.7	1071	0.574599959	0.5384007117	0.5637401848	-0.01085977418
0	moddrop_seed1111	LV	N0_shuffle_seed23073	1	1530	0.5637401848	0	0.5637401848	0
0	moddrop_seed1111	L	R0_global	0.1	153	0.4683583923	0.5756930839	0.5649596148	0.09660122243
0	moddrop_seed1111	L	R0_global	0.2	306	0.5297279931	0.5737675202	0.5649596148	0.03523162164
0	moddrop_seed1111	L	R0_global	0.3	459	0.5378034344	0.5765979778	0.5649596148	0.02715618039
0	moddrop_seed1111	L	R0_global	0.5	765	0.5263173435	0.603601886	0.5649596148	0.03864227127
0	moddrop_seed1111	L	R0_global	0.7	1071	0.5431747721	0.6157909144	0.5649596148	0.02178484269
0	moddrop_seed1111	L	R0_global	1	1530	0.5649596148	0	0.5649596148	0
0	moddrop_seed1111	L	R0_mode	0.1	153	0.4683583923	0.5756930839	0.5649596148	0.09660122243
0	moddrop_seed1111	L	R0_mode	0.2	306	0.5297279931	0.5737675202	0.5649596148	0.03523162164
0	moddrop_seed1111	L	R0_mode	0.3	459	0.5378034344	0.5765979778	0.5649596148	0.02715618039
0	moddrop_seed1111	L	R0_mode	0.5	765	0.5263173435	0.603601886	0.5649596148	0.03864227127
0	moddrop_seed1111	L	R0_mode	0.7	1071	0.5431747721	0.6157909144	0.5649596148	0.02178484269
0	moddrop_seed1111	L	R0_mode	1	1530	0.5649596148	0	0.5649596148	0
0	moddrop_seed1111	L	R1	0.1	153	0.3719311313	0.586407224	0.5649596148	0.1930284835
0	moddrop_seed1111	L	R1	0.2	306	0.3991105552	0.6064218796	0.5649596148	0.1658490596
0	moddrop_seed1111	L	R1	0.3	459	0.4355742748	0.6204104747	0.5649596148	0.12938534
0	moddrop_seed1111	L	R1	0.5	765	0.4951427929	0.6347764366	0.5649596148	0.06981682189
0	moddrop_seed1111	L	R1	0.7	1071	0.529304753	0.6481542923	0.5649596148	0.0356548618
0	moddrop_seed1111	L	R1	1	1530	0.5649596148	0	0.5649596148	-1.110223025e-16
0	moddrop_seed1111	L	R2	0.1	153	0.3297089766	0.5910985745	0.5649596148	0.2352506381
0	moddrop_seed1111	L	R2	0.2	306	0.4110170469	0.6034452567	0.5649596148	0.1539425678
0	moddrop_seed1111	L	R2	0.3	459	0.4376438663	0.619523507	0.5649596148	0.1273157485
0	moddrop_seed1111	L	R2	0.5	765	0.4718917344	0.6580274951	0.5649596148	0.09306788039
0	moddrop_seed1111	L	R2	0.7	1071	0.5060996878	0.7022994444	0.5649596148	0.05885992699
0	moddrop_seed1111	L	R2	1	1530	0.5649596148	0	0.5649596148	0
0	moddrop_seed1111	L	N3_output_only	0.1	153	0.3719311313	0.586407224	0.5649596148	0.1930284835
0	moddrop_seed1111	L	N3_output_only	0.2	306	0.3991105552	0.6064218796	0.5649596148	0.1658490596
0	moddrop_seed1111	L	N3_output_only	0.3	459	0.4355742748	0.6204104747	0.5649596148	0.12938534
0	moddrop_seed1111	L	N3_output_only	0.5	765	0.4951427929	0.6347764366	0.5649596148	0.06981682189
0	moddrop_seed1111	L	N3_output_only	0.7	1071	0.529304753	0.6481542923	0.5649596148	0.0356548618
0	moddrop_seed1111	L	N3_output_only	1	1530	0.5649596148	0	0.5649596148	-1.110223025e-16
0	moddrop_seed1111	L	N2_length_mask_only	0.1	153	0.5613598942	0.5653595837	0.5649596148	0.003599720545
0	moddrop_seed1111	L	N2_length_mask_only	0.2	306	0.5821349378	0.560665784	0.5649596148	-0.01717532302
0	moddrop_seed1111	L	N2_length_mask_only	0.3	459	0.5730323543	0.5614998692	0.5649596148	-0.008072739561
0	moddrop_seed1111	L	N2_length_mask_only	0.5	765	0.5642368212	0.5656824083	0.5649596148	0.0007227935453
0	moddrop_seed1111	L	N2_length_mask_only	0.7	1071	0.5517682052	0.5957395704	0.5649596148	0.01319140956
0	moddrop_seed1111	L	N2_length_mask_only	1	1530	0.5649596148	0	0.5649596148	0
0	moddrop_seed1111	L	N5_label_bin_prior	0.1	153	0.4107777013	0.5820909385	0.5649596148	0.1541819135
0	moddrop_seed1111	L	N5_label_bin_prior	0.2	306	0.4379069289	0.5967227862	0.5649596148	0.1270526858
0	moddrop_seed1111	L	N5_label_bin_prior	0.3	459	0.436906133	0.6198396783	0.5649596148	0.1280534817
0	moddrop_seed1111	L	N5_label_bin_prior	0.5	765	0.5056689442	0.6242502853	0.5649596148	0.0592906705
0	moddrop_seed1111	L	N5_label_bin_prior	0.7	1071	0.5438219924	0.6142807335	0.5649596148	0.02113762233
0	moddrop_seed1111	L	N5_label_bin_prior	1	1530	0.5649596148	0	0.5649596148	-1.110223025e-16
0	moddrop_seed1111	L	N1_matched_gaussian	0.1	153	0.580453077	0.5632381189	0.5649596148	-0.01549346222
0	moddrop_seed1111	L	N1_matched_gaussian	0.2	306	0.5519014597	0.5682241535	0.5649596148	0.01305815505
0	moddrop_seed1111	L	N1_matched_gaussian	0.3	459	0.541286777	0.5751051166	0.5649596148	0.02367283771
0	moddrop_seed1111	L	N1_matched_gaussian	0.5	765	0.5591534893	0.5707657402	0.5649596148	0.005806125463
0	moddrop_seed1111	L	N1_matched_gaussian	0.7	1071	0.5598370398	0.5769122897	0.5649596148	0.005122574995
0	moddrop_seed1111	L	N1_matched_gaussian	1	1530	0.5649596148	0	0.5649596148	0
0	moddrop_seed1111	L	N0_shuffle_seed23071	0.1	153	0.5952939801	0.5615891297	0.5649596148	-0.03033436533
0	moddrop_seed1111	L	N0_shuffle_seed23071	0.2	306	0.5798265919	0.5612428705	0.5649596148	-0.01486697711
0	moddrop_seed1111	L	N0_shuffle_seed23071	0.3	459	0.552222656	0.5704183114	0.5649596148	0.01273695878
0	moddrop_seed1111	L	N0_shuffle_seed23071	0.5	765	0.5691192791	0.5607999504	0.5649596148	-0.00415966431
0	moddrop_seed1111	L	N0_shuffle_seed23071	0.7	1071	0.5545532195	0.5892412036	0.5649596148	0.0104063952
0	moddrop_seed1111	L	N0_shuffle_seed23071	1	1530	0.5649596148	0	0.5649596148	0
0	moddrop_seed1111	L	N0_shuffle_seed23072	0.1	153	0.6966330721	0.5503292306	0.5649596148	-0.1316734573
0	moddrop_seed1111	L	N0_shuffle_seed23072	0.2	306	0.6460977954	0.5446750696	0.5649596148	-0.08113818062
0	moddrop_seed1111	L	N0_shuffle_seed23072	0.3	459	0.6056656213	0.5475141834	0.5649596148	-0.04070600651
0	moddrop_seed1111	L	N0_shuffle_seed23072	0.5	765	0.5850328157	0.5448864138	0.5649596148	-0.02007320098
0	moddrop_seed1111	L	N0_shuffle_seed23072	0.7	1071	0.5639005873	0.5674306789	0.5649596148	0.001059027498
0	moddrop_seed1111	L	N0_shuffle_seed23072	1	1530	0.5649596148	0	0.5649596148	0
0	moddrop_seed1111	L	N0_shuffle_seed23073	0.1	153	0.7191036136	0.5478325038	0.5649596148	-0.1541439989
0	moddrop_seed1111	L	N0_shuffle_seed23073	0.2	306	0.6341451508	0.5476632307	0.5649596148	-0.06918553604
0	moddrop_seed1111	L	N0_shuffle_seed23073	0.3	459	0.6117319522	0.5449143273	0.5649596148	-0.04677233744
0	moddrop_seed1111	L	N0_shuffle_seed23073	0.5	765	0.5990966169	0.5308226126	0.5649596148	-0.0341370022
0	moddrop_seed1111	L	N0_shuffle_seed23073	0.7	1071	0.5767835053	0.5373705368	0.5649596148	-0.01182389057
0	moddrop_seed1111	L	N0_shuffle_seed23073	1	1530	0.5649596148	0	0.5649596148	-1.110223025e-16
0	moddrop_seed1114	LAV	R0_global	0.1	153	0.4704315659	0.5981844208	0.5854091353	0.1149775694
0	moddrop_seed1114	LAV	R0_global	0.2	306	0.5311107914	0.5989837213	0.5854091353	0.05429834385
0	moddrop_seed1114	LAV	R0_global	0.3	459	0.5342599845	0.6073301999	0.5854091353	0.05114915081
0	moddrop_seed1114	LAV	R0_global	0.5	765	0.5288846918	0.6419335788	0.5854091353	0.05652444352
0	moddrop_seed1114	LAV	R0_global	0.7	1071	0.5665787504	0.6293467001	0.5854091353	0.01883038489
0	moddrop_seed1114	LAV	R0_global	1	1530	0.5854091353	0	0.5854091353	1.110223025e-16
0	moddrop_seed1114	LAV	R0_mode	0.1	153	0.4704315659	0.5981844208	0.5854091353	0.1149775694
0	moddrop_seed1114	LAV	R0_mode	0.2	306	0.5311107914	0.5989837213	0.5854091353	0.05429834385
0	moddrop_seed1114	LAV	R0_mode	0.3	459	0.5342599845	0.6073301999	0.5854091353	0.05114915081
0	moddrop_seed1114	LAV	R0_mode	0.5	765	0.5288846918	0.6419335788	0.5854091353	0.05652444352
0	moddrop_seed1114	LAV	R0_mode	0.7	1071	0.5665787504	0.6293467001	0.5854091353	0.01883038489
0	moddrop_seed1114	LAV	R0_mode	1	1530	0.5854091353	0	0.5854091353	1.110223025e-16
0	moddrop_seed1114	LAV	R1	0.1	153	0.3877821526	0.6073676889	0.5854091353	0.1976269827
0	moddrop_seed1114	LAV	R1	0.2	306	0.438646932	0.6220996861	0.5854091353	0.1467622033
0	moddrop_seed1114	LAV	R1	0.3	459	0.4648540683	0.6370755926	0.5854091353	0.120555067
0	moddrop_seed1114	LAV	R1	0.5	765	0.5071987534	0.6636195172	0.5854091353	0.07821038191
0	moddrop_seed1114	LAV	R1	0.7	1071	0.571398478	0.6181006689	0.5854091353	0.01401065726
0	moddrop_seed1114	LAV	R1	1	1530	0.5854091353	0	0.5854091353	1.110223025e-16
0	moddrop_seed1114	LAV	R2	0.1	153	0.3668840666	0.6096896985	0.5854091353	0.2185250687
0	moddrop_seed1114	LAV	R2	0.2	306	0.4215136695	0.6263830017	0.5854091353	0.1638954658
0	moddrop_seed1114	LAV	R2	0.3	459	0.4417411222	0.6469811409	0.5854091353	0.1436680131
0	moddrop_seed1114	LAV	R2	0.5	765	0.4643075778	0.7065106928	0.5854091353	0.1211015575
0	moddrop_seed1114	LAV	R2	0.7	1071	0.5057463757	0.7712889077	0.5854091353	0.07966275959
0	moddrop_seed1114	LAV	R2	1	1530	0.5854091353	0	0.5854091353	1.110223025e-16
0	moddrop_seed1114	LAV	N3_output_only	0.1	153	0.3877821526	0.6073676889	0.5854091353	0.1976269827
0	moddrop_seed1114	LAV	N3_output_only	0.2	306	0.438646932	0.6220996861	0.5854091353	0.1467622033
0	moddrop_seed1114	LAV	N3_output_only	0.3	459	0.4648540683	0.6370755926	0.5854091353	0.120555067
0	moddrop_seed1114	LAV	N3_output_only	0.5	765	0.5071987534	0.6636195172	0.5854091353	0.07821038191
0	moddrop_seed1114	LAV	N3_output_only	0.7	1071	0.571398478	0.6181006689	0.5854091353	0.01401065726
0	moddrop_seed1114	LAV	N3_output_only	1	1530	0.5854091353	0	0.5854091353	1.110223025e-16
0	moddrop_seed1114	LAV	N2_length_mask_only	0.1	153	0.57826729	0.5862026737	0.5854091353	0.007141845266
0	moddrop_seed1114	LAV	N2_length_mask_only	0.2	306	0.6046679119	0.5805944412	0.5854091353	-0.01925877657
0	moddrop_seed1114	LAV	N2_length_mask_only	0.3	459	0.5964122256	0.5806935252	0.5854091353	-0.01100309034
0	moddrop_seed1114	LAV	N2_length_mask_only	0.5	765	0.5820038055	0.5888144651	0.5854091353	0.003405329801
0	moddrop_seed1114	LAV	N2_length_mask_only	0.7	1071	0.5725144127	0.6154968214	0.5854091353	0.01289472261
0	moddrop_seed1114	LAV	N2_length_mask_only	1	1530	0.5854091353	0	0.5854091353	1.110223025e-16
0	moddrop_seed1114	LAV	N5_label_bin_prior	0.1	153	0.417951551	0.6040155336	0.5854091353	0.1674575843
0	moddrop_seed1114	LAV	N5_label_bin_prior	0.2	306	0.4552620662	0.6179459026	0.5854091353	0.1301470691
0	moddrop_seed1114	LAV	N5_label_bin_prior	0.3	459	0.4686746809	0.6354381872	0.5854091353	0.1167344544
0	moddrop_seed1114	LAV	N5_label_bin_prior	0.5	765	0.5127458495	0.6580724212	0.5854091353	0.07266328585
0	moddrop_seed1114	LAV	N5_label_bin_prior	0.7	1071	0.5659100797	0.6309069317	0.5854091353	0.01949905559
0	moddrop_seed1114	LAV	N5_label_bin_prior	1	1530	0.5854091353	0	0.5854091353	1.110223025e-16
0	moddrop_seed1114	LAV	N1_matched_gaussian	0.1	153	0.5195320643	0.5927288099	0.5854091353	0.06587707105
0	moddrop_seed1114	LAV	N1_matched_gaussian	0.2	306	0.545053338	0.5954980846	0.5854091353	0.04035579728
0	moddrop_seed1114	LAV	N1_matched_gaussian	0.3	459	0.5475157334	0.6016491647	0.5854091353	0.03789340185
0	moddrop_seed1114	LAV	N1_matched_gaussian	0.5	765	0.5626106254	0.6082076452	0.5854091353	0.0227985099
0	moddrop_seed1114	LAV	N1_matched_gaussian	0.7	1071	0.581323492	0.594942303	0.5854091353	0.004085643278
0	moddrop_seed1114	LAV	N1_matched_gaussian	1	1530	0.5854091353	0	0.5854091353	1.110223025e-16
0	moddrop_seed1114	LAV	N0_shuffle_seed23071	0.1	153	0.5764374014	0.5864059946	0.5854091353	0.008971733887
0	moddrop_seed1114	LAV	N0_shuffle_seed23071	0.2	306	0.5568978819	0.5925369486	0.5854091353	0.02851125337
0	moddrop_seed1114	LAV	N0_shuffle_seed23071	0.3	459	0.5802730468	0.5876103161	0.5854091353	0.005136088502
0	moddrop_seed1114	LAV	N0_shuffle_seed23071	0.5	765	0.570730805	0.6000874656	0.5854091353	0.01467833033
0	moddrop_seed1114	LAV	N0_shuffle_seed23071	0.7	1071	0.5855766804	0.5850181967	0.5854091353	-0.0001675451363
0	moddrop_seed1114	LAV	N0_shuffle_seed23071	1	1530	0.5854091353	0	0.5854091353	1.110223025e-16
0	moddrop_seed1114	LAV	N0_shuffle_seed23072	0.1	153	0.6297425656	0.5804831986	0.5854091353	-0.04433343025
0	moddrop_seed1114	LAV	N0_shuffle_seed23072	0.2	306	0.6423016968	0.5711859949	0.5854091353	-0.05689256147
0	moddrop_seed1114	LAV	N0_shuffle_seed23072	0.3	459	0.6012070087	0.5786386182	0.5854091353	-0.01579787335
0	moddrop_seed1114	LAV	N0_shuffle_seed23072	0.5	765	0.6043565253	0.5664617453	0.5854091353	-0.01894738997
0	moddrop_seed1114	LAV	N0_shuffle_seed23072	0.7	1071	0.5993332499	0.5529195345	0.5854091353	-0.01392411461
0	moddrop_seed1114	LAV	N0_shuffle_seed23072	1	1530	0.5854091353	0	0.5854091353	1.110223025e-16
0	moddrop_seed1114	LAV	N0_shuffle_seed23073	0.1	153	0.5300587764	0.5915591752	0.5854091353	0.05535035892
0	moddrop_seed1114	LAV	N0_shuffle_seed23073	0.2	306	0.544666483	0.5955947984	0.5854091353	0.04074265235
0	moddrop_seed1114	LAV	N0_shuffle_seed23073	0.3	459	0.5829196984	0.5864760368	0.5854091353	0.002489436872
0	moddrop_seed1114	LAV	N0_shuffle_seed23073	0.5	765	0.5671547986	0.603663472	0.5854091353	0.01825433667
0	moddrop_seed1114	LAV	N0_shuffle_seed23073	0.7	1071	0.5774557864	0.6039669494	0.5854091353	0.007953348898
0	moddrop_seed1114	LAV	N0_shuffle_seed23073	1	1530	0.5854091353	0	0.5854091353	1.110223025e-16
0	moddrop_seed1114	LA	R0_global	0.1	153	0.4753640396	0.6013850981	0.5887829923	0.1134189526
0	moddrop_seed1114	LA	R0_global	0.2	306	0.529374992	0.6036349923	0.5887829923	0.05940800021
0	moddrop_seed1114	LA	R0_global	0.3	459	0.5341098218	0.612214351	0.5887829923	0.05467317043
0	moddrop_seed1114	LA	R0_global	0.5	765	0.5313423334	0.6462236511	0.5887829923	0.05744065881
0	moddrop_seed1114	LA	R0_global	0.7	1071	0.5702046368	0.6321324883	0.5887829923	0.01857835544
0	moddrop_seed1114	LA	R0_global	1	1530	0.5887829923	0	0.5887829923	0
0	moddrop_seed1114	LA	R0_mode	0.1	153	0.4753640396	0.6013850981	0.5887829923	0.1134189526
0	moddrop_seed1114	LA	R0_mode	0.2	306	0.529374992	0.6036349923	0.5887829923	0.05940800021
0	moddrop_seed1114	LA	R0_mode	0.3	459	0.5341098218	0.612214351	0.5887829923	0.05467317043
0	moddrop_seed1114	LA	R0_mode	0.5	765	0.5313423334	0.6462236511	0.5887829923	0.05744065881
0	moddrop_seed1114	LA	R0_mode	0.7	1071	0.5702046368	0.6321324883	0.5887829923	0.01857835544
0	moddrop_seed1114	LA	R0_mode	1	1530	0.5887829923	0	0.5887829923	0
0	moddrop_seed1114	LA	R1	0.1	153	0.437182859	0.6056274515	0.5887829923	0.1516001332
0	moddrop_seed1114	LA	R1	0.2	306	0.4617281064	0.6205467137	0.5887829923	0.1270548859
0	moddrop_seed1114	LA	R1	0.3	459	0.4781292783	0.6362060125	0.5887829923	0.110653714
0	moddrop_seed1114	LA	R1	0.5	765	0.5149797524	0.6625862321	0.5887829923	0.07380323981
0	moddrop_seed1114	LA	R1	0.7	1071	0.5717884527	0.6284369178	0.5887829923	0.01699453954
0	moddrop_seed1114	LA	R1	1	1530	0.5887829923	0	0.5887829923	0
0	moddrop_seed1114	LA	R2	0.1	153	0.3732043717	0.6127361723	0.5887829923	0.2155786206
0	moddrop_seed1114	LA	R2	0.2	306	0.4219134902	0.6305003678	0.5887829923	0.1668695021
0	moddrop_seed1114	LA	R2	0.3	459	0.4497237096	0.6483798277	0.5887829923	0.1390592827
0	moddrop_seed1114	LA	R2	0.5	765	0.4853323409	0.6922336437	0.5887829923	0.1034506514
0	moddrop_seed1114	LA	R2	0.7	1071	0.5165057461	0.7574299001	0.5887829923	0.07227724621
0	moddrop_seed1114	LA	R2	1	1530	0.5887829923	0	0.5887829923	1.110223025e-16
0	moddrop_seed1114	LA	N3_output_only	0.1	153	0.437182859	0.6056274515	0.5887829923	0.1516001332
0	moddrop_seed1114	LA	N3_output_only	0.2	306	0.4617281064	0.6205467137	0.5887829923	0.1270548859
0	moddrop_seed1114	LA	N3_output_only	0.3	459	0.4781292783	0.6362060125	0.5887829923	0.110653714
0	moddrop_seed1114	LA	N3_output_only	0.5	765	0.5149797524	0.6625862321	0.5887829923	0.07380323981
0	moddrop_seed1114	LA	N3_output_only	0.7	1071	0.5717884527	0.6284369178	0.5887829923	0.01699453954
0	moddrop_seed1114	LA	N3_output_only	1	1530	0.5887829923	0	0.5887829923	0
0	moddrop_seed1114	LA	N2_length_mask_only	0.1	153	0.585261035	0.5891743208	0.5887829923	0.003521957243
0	moddrop_seed1114	LA	N2_length_mask_only	0.2	306	0.6165072877	0.5818519184	0.5887829923	-0.02772429541
0	moddrop_seed1114	LA	N2_length_mask_only	0.3	459	0.6057450581	0.5815135355	0.5887829923	-0.01696206585
0	moddrop_seed1114	LA	N2_length_mask_only	0.5	765	0.5881265455	0.589439439	0.5887829923	0.0006564467676
0	moddrop_seed1114	LA	N2_length_mask_only	0.7	1071	0.5766135254	0.6171784149	0.5887829923	0.01216946684
0	moddrop_seed1114	LA	N2_length_mask_only	1	1530	0.5887829923	0	0.5887829923	1.110223025e-16
0	moddrop_seed1114	LA	N5_label_bin_prior	0.1	153	0.4134212532	0.6082676299	0.5887829923	0.1753617391
0	moddrop_seed1114	LA	N5_label_bin_prior	0.2	306	0.4602217652	0.620923299	0.5887829923	0.128561227
0	moddrop_seed1114	LA	N5_label_bin_prior	0.3	459	0.4748819934	0.6375977061	0.5887829923	0.1139009989
0	moddrop_seed1114	LA	N5_label_bin_prior	0.5	765	0.5142494657	0.6633165189	0.5887829923	0.07453352659
0	moddrop_seed1114	LA	N5_label_bin_prior	0.7	1071	0.5701772828	0.6321963144	0.5887829923	0.01860570949
0	moddrop_seed1114	LA	N5_label_bin_prior	1	1530	0.5887829923	0	0.5887829923	0
0	moddrop_seed1114	LA	N1_matched_gaussian	0.1	153	0.5656742399	0.5913506314	0.5887829923	0.02310875241
0	moddrop_seed1114	LA	N1_matched_gaussian	0.2	306	0.5904624278	0.5883631334	0.5887829923	-0.001679435542
0	moddrop_seed1114	LA	N1_matched_gaussian	0.3	459	0.5886852425	0.588824885	0.5887829923	9.774972554e-05
0	moddrop_seed1114	LA	N1_matched_gaussian	0.5	765	0.6026835267	0.5748824578	0.5887829923	-0.01390053442
0	moddrop_seed1114	LA	N1_matched_gaussian	0.7	1071	0.589512012	0.5870819462	0.5887829923	-0.0007290197367
0	moddrop_seed1114	LA	N1_matched_gaussian	1	1530	0.5887829923	0	0.5887829923	0
0	moddrop_seed1114	LA	N0_shuffle_seed23071	0.1	153	0.6280648112	0.5844183457	0.5887829923	-0.03928181892
0	moddrop_seed1114	LA	N0_shuffle_seed23071	0.2	306	0.6035624065	0.5850881387	0.5887829923	-0.01477941425
0	moddrop_seed1114	LA	N0_shuffle_seed23071	0.3	459	0.5733455917	0.5953990211	0.5887829923	0.0154374006
0	moddrop_seed1114	LA	N0_shuffle_seed23071	0.5	765	0.5813657465	0.5962002381	0.5887829923	0.007417245801
0	moddrop_seed1114	LA	N0_shuffle_seed23071	0.7	1071	0.5737496918	0.6238606933	0.5887829923	0.01503330046
0	moddrop_seed1114	LA	N0_shuffle_seed23071	1	1530	0.5887829923	0	0.5887829923	0
0	moddrop_seed1114	LA	N0_shuffle_seed23072	0.1	153	0.6654869552	0.5802603297	0.5887829923	-0.07670396297
0	moddrop_seed1114	LA	N0_shuffle_seed23072	0.2	306	0.6066076661	0.5843268238	0.5887829923	-0.01782467388
0	moddrop_seed1114	LA	N0_shuffle_seed23072	0.3	459	0.601665303	0.5832620019	0.5887829923	-0.01288231078
0	moddrop_seed1114	LA	N0_shuffle_seed23072	0.5	765	0.6060496097	0.5715163749	0.5887829923	-0.0172666174
0	moddrop_seed1114	LA	N0_shuffle_seed23072	0.7	1071	0.5897447228	0.5865389543	0.5887829923	-0.0009617305387
0	moddrop_seed1114	LA	N0_shuffle_seed23072	1	1530	0.5887829923	0	0.5887829923	0
0	moddrop_seed1114	LA	N0_shuffle_seed23073	0.1	153	0.5960108069	0.5879799017	0.5887829923	-0.007227814597
0	moddrop_seed1114	LA	N0_shuffle_seed23073	0.2	306	0.5927305219	0.5877961099	0.5887829923	-0.003947529603
0	moddrop_seed1114	LA	N0_shuffle_seed23073	0.3	459	0.565990805	0.5985510725	0.5887829923	0.02279218726
0	moddrop_seed1114	LA	N0_shuffle_seed23073	0.5	765	0.567465993	0.6100999915	0.5887829923	0.02131699926
0	moddrop_seed1114	LA	N0_shuffle_seed23073	0.7	1071	0.5662267831	0.6414141469	0.5887829923	0.02255620912
0	moddrop_seed1114	LA	N0_shuffle_seed23073	1	1530	0.5887829923	0	0.5887829923	0
0	moddrop_seed1114	LV	R0_global	0.1	153	0.4687444942	0.598786597	0.5857823867	0.1170378925
0	moddrop_seed1114	LV	R0_global	0.2	306	0.5301977679	0.5996785414	0.5857823867	0.05558461879
0	moddrop_seed1114	LV	R0_global	0.3	459	0.5331456636	0.6083409824	0.5857823867	0.05263672317
0	moddrop_seed1114	LV	R0_global	0.5	765	0.5281450849	0.6434196886	0.5857823867	0.05763730185
0	moddrop_seed1114	LV	R0_global	0.7	1071	0.5667906288	0.6300964886	0.5857823867	0.01899175796
0	moddrop_seed1114	LV	R0_global	1	1530	0.5857823867	0	0.5857823867	0
0	moddrop_seed1114	LV	R0_mode	0.1	153	0.4687444942	0.598786597	0.5857823867	0.1170378925
0	moddrop_seed1114	LV	R0_mode	0.2	306	0.5301977679	0.5996785414	0.5857823867	0.05558461879
0	moddrop_seed1114	LV	R0_mode	0.3	459	0.5331456636	0.6083409824	0.5857823867	0.05263672317
0	moddrop_seed1114	LV	R0_mode	0.5	765	0.5281450849	0.6434196886	0.5857823867	0.05763730185
0	moddrop_seed1114	LV	R0_mode	0.7	1071	0.5667906288	0.6300964886	0.5857823867	0.01899175796
0	moddrop_seed1114	LV	R0_mode	1	1530	0.5857823867	0	0.5857823867	0
0	moddrop_seed1114	LV	R1	0.1	153	0.3592963764	0.610947499	0.5857823867	0.2264860104
0	moddrop_seed1114	LV	R1	0.2	306	0.4148475185	0.6285161038	0.5857823867	0.1709348682
0	moddrop_seed1114	LV	R1	0.3	459	0.4473771922	0.6450988987	0.5857823867	0.1384051945
0	moddrop_seed1114	LV	R1	0.5	765	0.5106246034	0.6609401701	0.5857823867	0.07515778333
0	moddrop_seed1114	LV	R1	0.7	1071	0.5645363059	0.6353565753	0.5857823867	0.02124608082
0	moddrop_seed1114	LV	R1	1	1530	0.5857823867	0	0.5857823867	1.110223025e-16
0	moddrop_seed1114	LV	R2	0.1	153	0.3684377888	0.6099317865	0.5857823867	0.2173445979
0	moddrop_seed1114	LV	R2	0.2	306	0.4070469853	0.6304662371	0.5857823867	0.1787354014
0	moddrop_seed1114	LV	R2	0.3	459	0.4234438989	0.6553560244	0.5857823867	0.1623384879
0	moddrop_seed1114	LV	R2	0.5	765	0.4658548222	0.7057099512	0.5857823867	0.1199275645
0	moddrop_seed1114	LV	R2	0.7	1071	0.5118878973	0.758202862	0.5857823867	0.07389448941
0	moddrop_seed1114	LV	R2	1	1530	0.5857823867	0	0.5857823867	0
0	moddrop_seed1114	LV	N3_output_only	0.1	153	0.3592963764	0.610947499	0.5857823867	0.2264860104
0	moddrop_seed1114	LV	N3_output_only	0.2	306	0.4148475185	0.6285161038	0.5857823867	0.1709348682
0	moddrop_seed1114	LV	N3_output_only	0.3	459	0.4473771922	0.6450988987	0.5857823867	0.1384051945
0	moddrop_seed1114	LV	N3_output_only	0.5	765	0.5106246034	0.6609401701	0.5857823867	0.07515778333
0	moddrop_seed1114	LV	N3_output_only	0.7	1071	0.5645363059	0.6353565753	0.5857823867	0.02124608082
0	moddrop_seed1114	LV	N3_output_only	1	1530	0.5857823867	0	0.5857823867	1.110223025e-16
0	moddrop_seed1114	LV	N2_length_mask_only	0.1	153	0.5869061754	0.5856575213	0.5857823867	-0.001123788652
0	moddrop_seed1114	LV	N2_length_mask_only	0.2	306	0.606904963	0.5805017426	0.5857823867	-0.02112257631
0	moddrop_seed1114	LV	N2_length_mask_only	0.3	459	0.6002205687	0.5795945944	0.5857823867	-0.01443818202
0	moddrop_seed1114	LV	N2_length_mask_only	0.5	765	0.582346242	0.5892185315	0.5857823867	0.003436144763
0	moddrop_seed1114	LV	N2_length_mask_only	0.7	1071	0.5680722672	0.6271059989	0.5857823867	0.01771011951
0	moddrop_seed1114	LV	N2_length_mask_only	1	1530	0.5857823867	0	0.5857823867	0
0	moddrop_seed1114	LV	N5_label_bin_prior	0.1	153	0.396768481	0.6067839318	0.5857823867	0.1890139057
0	moddrop_seed1114	LV	N5_label_bin_prior	0.2	306	0.4257052586	0.6258016688	0.5857823867	0.1600771281
0	moddrop_seed1114	LV	N5_label_bin_prior	0.3	459	0.4710536158	0.63495186	0.5857823867	0.1147287709
0	moddrop_seed1114	LV	N5_label_bin_prior	0.5	765	0.5140754349	0.6574893386	0.5857823867	0.07170695184
0	moddrop_seed1114	LV	N5_label_bin_prior	0.7	1071	0.5655293094	0.6330395671	0.5857823867	0.02025307729
0	moddrop_seed1114	LV	N5_label_bin_prior	1	1530	0.5857823867	0	0.5857823867	0
0	moddrop_seed1114	LV	N1_matched_gaussian	0.1	153	0.5930481508	0.5849750796	0.5857823867	-0.007265764102
0	moddrop_seed1114	LV	N1_matched_gaussian	0.2	306	0.5732415011	0.5889176081	0.5857823867	0.01254088561
0	moddrop_seed1114	LV	N1_matched_gaussian	0.3	459	0.5809966837	0.5878334023	0.5857823867	0.004785703009
0	moddrop_seed1114	LV	N1_matched_gaussian	0.5	765	0.5978812411	0.5736835324	0.5857823867	-0.01209885434
0	moddrop_seed1114	LV	N1_matched_gaussian	0.7	1071	0.5857928019	0.5857580846	0.5857823867	-1.041519379e-05
0	moddrop_seed1114	LV	N1_matched_gaussian	1	1530	0.5857823867	0	0.5857823867	0
0	moddrop_seed1114	LV	N0_shuffle_seed23071	0.1	153	0.6277075729	0.5811240327	0.5857823867	-0.04192518616
0	moddrop_seed1114	LV	N0_shuffle_seed23071	0.2	306	0.6069936109	0.5804795807	0.5857823867	-0.02121122415
0	moddrop_seed1114	LV	N0_shuffle_seed23071	0.3	459	0.6021819353	0.5787540088	0.5857823867	-0.01639954854
0	moddrop_seed1114	LV	N0_shuffle_seed23071	0.5	765	0.5877252347	0.5838395388	0.5857823867	-0.001942847946
0	moddrop_seed1114	LV	N0_shuffle_seed23071	0.7	1071	0.5787965316	0.6020827153	0.5857823867	0.006985855102
0	moddrop_seed1114	LV	N0_shuffle_seed23071	1	1530	0.5857823867	0	0.5857823867	0
0	moddrop_seed1114	LV	N0_shuffle_seed23072	0.1	153	0.6380618939	0.5799735526	0.5857823867	-0.05227950721
0	moddrop_seed1114	LV	N0_shuffle_seed23072	0.2	306	0.6247013926	0.5760526352	0.5857823867	-0.03891900591
0	moddrop_seed1114	LV	N0_shuffle_seed23072	0.3	459	0.6034971088	0.578190363	0.5857823867	-0.01771472209
0	moddrop_seed1114	LV	N0_shuffle_seed23072	0.5	765	0.5755025832	0.5960621903	0.5857823867	0.01027980353
0	moddrop_seed1114	LV	N0_shuffle_seed23072	0.7	1071	0.570255984	0.6220106596	0.5857823867	0.01552640268
0	moddrop_seed1114	LV	N0_shuffle_seed23072	1	1530	0.5857823867	0	0.5857823867	0
0	moddrop_seed1114	LV	N0_shuffle_seed23073	0.1	153	0.5348485519	0.5914417017	0.5857823867	0.05093383487
0	moddrop_seed1114	LV	N0_shuffle_seed23073	0.2	306	0.5496358276	0.5948190265	0.5857823867	0.03614655915
0	moddrop_seed1114	LV	N0_shuffle_seed23073	0.3	459	0.5457264788	0.6029492044	0.5857823867	0.04005590789
0	moddrop_seed1114	LV	N0_shuffle_seed23073	0.5	765	0.5665122555	0.605052518	0.5857823867	0.01927013125
0	moddrop_seed1114	LV	N0_shuffle_seed23073	0.7	1071	0.570348549	0.6217946748	0.5857823867	0.01543383775
0	moddrop_seed1114	LV	N0_shuffle_seed23073	1	1530	0.5857823867	0	0.5857823867	0
0	moddrop_seed1114	L	R0_global	0.1	153	0.4736772671	0.6016789313	0.5888787649	0.1152014978
0	moddrop_seed1114	L	R0_global	0.2	306	0.5287715158	0.6039055771	0.5888787649	0.06010724911
0	moddrop_seed1114	L	R0_global	0.3	459	0.533358767	0.6126730497	0.5888787649	0.05551999791
0	moddrop_seed1114	L	R0_global	0.5	765	0.5308012893	0.6469562404	0.5888787649	0.05807747554
0	moddrop_seed1114	L	R0_global	0.7	1071	0.5703024707	0.6322234512	0.5888787649	0.01857629415
0	moddrop_seed1114	L	R0_global	1	1530	0.5888787649	0	0.5888787649	1.110223025e-16
0	moddrop_seed1114	L	R0_mode	0.1	153	0.4736772671	0.6016789313	0.5888787649	0.1152014978
0	moddrop_seed1114	L	R0_mode	0.2	306	0.5287715158	0.6039055771	0.5888787649	0.06010724911
0	moddrop_seed1114	L	R0_mode	0.3	459	0.533358767	0.6126730497	0.5888787649	0.05551999791
0	moddrop_seed1114	L	R0_mode	0.5	765	0.5308012893	0.6469562404	0.5888787649	0.05807747554
0	moddrop_seed1114	L	R0_mode	0.7	1071	0.5703024707	0.6322234512	0.5888787649	0.01857629415
0	moddrop_seed1114	L	R0_mode	1	1530	0.5888787649	0	0.5888787649	1.110223025e-16
0	moddrop_seed1114	L	R1	0.1	153	0.4841369024	0.6005167496	0.5888787649	0.1047418625
0	moddrop_seed1114	L	R1	0.2	306	0.4287575219	0.6289090756	0.5888787649	0.1601212429
0	moddrop_seed1114	L	R1	0.3	459	0.4574086738	0.6452230896	0.5888787649	0.131470091
0	moddrop_seed1114	L	R1	0.5	765	0.5157254853	0.6620320444	0.5888787649	0.07315327952
0	moddrop_seed1114	L	R1	0.7	1071	0.5407252024	0.7012370773	0.5888787649	0.04815356248
0	moddrop_seed1114	L	R1	1	1530	0.5888787649	0	0.5888787649	1.110223025e-16
0	moddrop_seed1114	L	R2	0.1	153	0.3269762648	0.6179790426	0.5888787649	0.2619025001
0	moddrop_seed1114	L	R2	0.2	306	0.4019877866	0.6356015094	0.5888787649	0.1868909782
0	moddrop_seed1114	L	R2	0.3	459	0.4353664239	0.6546697681	0.5888787649	0.1535123409
0	moddrop_seed1114	L	R2	0.5	765	0.4833887584	0.6943687713	0.5888787649	0.1054900064
0	moddrop_seed1114	L	R2	0.7	1071	0.5145550736	0.7623007111	0.5888787649	0.07432369123
0	moddrop_seed1114	L	R2	1	1530	0.5888787649	0	0.5888787649	0
0	moddrop_seed1114	L	N3_output_only	0.1	153	0.4841369024	0.6005167496	0.5888787649	0.1047418625
0	moddrop_seed1114	L	N3_output_only	0.2	306	0.4287575219	0.6289090756	0.5888787649	0.1601212429
0	moddrop_seed1114	L	N3_output_only	0.3	459	0.4574086738	0.6452230896	0.5888787649	0.131470091
0	moddrop_seed1114	L	N3_output_only	0.5	765	0.5157254853	0.6620320444	0.5888787649	0.07315327952
0	moddrop_seed1114	L	N3_output_only	0.7	1071	0.5407252024	0.7012370773	0.5888787649	0.04815356248
0	moddrop_seed1114	L	N3_output_only	1	1530	0.5888787649	0	0.5888787649	1.110223025e-16
0	moddrop_seed1114	L	N2_length_mask_only	0.1	153	0.5841986706	0.5893987753	0.5888787649	0.004680094265
0	moddrop_seed1114	L	N2_length_mask_only	0.2	306	0.6185690246	0.5814561999	0.5888787649	-0.02969025972
0	moddrop_seed1114	L	N2_length_mask_only	0.3	459	0.6078199319	0.5807611219	0.5888787649	-0.01894116701
0	moddrop_seed1114	L	N2_length_mask_only	0.5	765	0.5865711973	0.5911863324	0.5888787649	0.002307567531
0	moddrop_seed1114	L	N2_length_mask_only	0.7	1071	0.5774685926	0.6155025	0.5888787649	0.01141017222
0	moddrop_seed1114	L	N2_length_mask_only	1	1530	0.5888787649	0	0.5888787649	1.110223025e-16
0	moddrop_seed1114	L	N5_label_bin_prior	0.1	153	0.4287030295	0.6066760688	0.5888787649	0.1601757353
0	moddrop_seed1114	L	N5_label_bin_prior	0.2	306	0.450215199	0.6235446563	0.5888787649	0.1386635658
0	moddrop_seed1114	L	N5_label_bin_prior	0.3	459	0.4631355123	0.6427687303	0.5888787649	0.1257432526
0	moddrop_seed1114	L	N5_label_bin_prior	0.5	765	0.5197920785	0.6579654512	0.5888787649	0.06908668633
0	moddrop_seed1114	L	N5_label_bin_prior	0.7	1071	0.5709062101	0.6308147259	0.5888787649	0.01797255473
0	moddrop_seed1114	L	N5_label_bin_prior	1	1530	0.5888787649	0	0.5888787649	0
0	moddrop_seed1114	L	N1_matched_gaussian	0.1	153	0.5441139842	0.5938526294	0.5888787649	0.04476478069
0	moddrop_seed1114	L	N1_matched_gaussian	0.2	306	0.5910433657	0.5883376147	0.5888787649	-0.002164600832
0	moddrop_seed1114	L	N1_matched_gaussian	0.3	459	0.5912851144	0.5878474722	0.5888787649	-0.002406349491
0	moddrop_seed1114	L	N1_matched_gaussian	0.5	765	0.6076272734	0.5701302563	0.5888787649	-0.01874850851
0	moddrop_seed1114	L	N1_matched_gaussian	0.7	1071	0.6099316604	0.5397553418	0.5888787649	-0.02105289559
0	moddrop_seed1114	L	N1_matched_gaussian	1	1530	0.5888787649	0	0.5888787649	1.110223025e-16
0	moddrop_seed1114	L	N0_shuffle_seed23071	0.1	153	0.6764391919	0.5791498285	0.5888787649	-0.08756042702
0	moddrop_seed1114	L	N0_shuffle_seed23071	0.2	306	0.6485471757	0.5739616622	0.5888787649	-0.05966841081
0	moddrop_seed1114	L	N0_shuffle_seed23071	0.3	459	0.6474402499	0.5637809856	0.5888787649	-0.05856148501
0	moddrop_seed1114	L	N0_shuffle_seed23071	0.5	765	0.6120931223	0.5656644074	0.5888787649	-0.02321435747
0	moddrop_seed1114	L	N0_shuffle_seed23071	0.7	1071	0.608679629	0.5426767486	0.5888787649	-0.01980086412
0	moddrop_seed1114	L	N0_shuffle_seed23071	1	1530	0.5888787649	0	0.5888787649	1.110223025e-16
0	moddrop_seed1114	L	N0_shuffle_seed23072	0.1	153	0.664139461	0.5805164653	0.5888787649	-0.07526069614
0	moddrop_seed1114	L	N0_shuffle_seed23072	0.2	306	0.6008815159	0.5858780771	0.5888787649	-0.01200275101
0	moddrop_seed1114	L	N0_shuffle_seed23072	0.3	459	0.5981562391	0.5849027045	0.5888787649	-0.009277474231
0	moddrop_seed1114	L	N0_shuffle_seed23072	0.5	765	0.5929847009	0.5847728288	0.5888787649	-0.00410593606
0	moddrop_seed1114	L	N0_shuffle_seed23072	0.7	1071	0.5964396241	0.5712367599	0.5888787649	-0.007560859286
0	moddrop_seed1114	L	N0_shuffle_seed23072	1	1530	0.5888787649	0	0.5888787649	0
0	moddrop_seed1114	L	N0_shuffle_seed23073	0.1	153	0.608826942	0.5866623007	0.5888787649	-0.01994817716
0	moddrop_seed1114	L	N0_shuffle_seed23073	0.2	306	0.5962239033	0.5870424802	0.5888787649	-0.007345138473
0	moddrop_seed1114	L	N0_shuffle_seed23073	0.3	459	0.5542077236	0.6037377826	0.5888787649	0.03467104128
0	moddrop_seed1114	L	N0_shuffle_seed23073	0.5	765	0.5635166907	0.614240839	0.5888787649	0.02536207417
0	moddrop_seed1114	L	N0_shuffle_seed23073	0.7	1071	0.5754421344	0.6202309025	0.5888787649	0.01343663044
0	moddrop_seed1114	L	N0_shuffle_seed23073	1	1530	0.5888787649	0	0.5888787649	0
0	cfcompat_seed1111	LAV	R0_global	0.1	153	0.4661711228	0.5781685276	0.5669687871	0.1007976643
0	cfcompat_seed1111	LAV	R0_global	0.2	306	0.5368460381	0.5744994743	0.5669687871	0.030122749
0	cfcompat_seed1111	LAV	R0_global	0.3	459	0.5385367911	0.5791539282	0.5669687871	0.028431996
0	cfcompat_seed1111	LAV	R0_global	0.5	765	0.5258597116	0.6080778625	0.5669687871	0.04110907545
0	cfcompat_seed1111	LAV	R0_global	0.7	1071	0.5492847395	0.6082315648	0.5669687871	0.01768404758
0	cfcompat_seed1111	LAV	R0_global	1	1530	0.5669687871	0	0.5669687871	0
0	cfcompat_seed1111	LAV	R0_mode	0.1	153	0.4661711228	0.5781685276	0.5669687871	0.1007976643
0	cfcompat_seed1111	LAV	R0_mode	0.2	306	0.5368460381	0.5744994743	0.5669687871	0.030122749
0	cfcompat_seed1111	LAV	R0_mode	0.3	459	0.5385367911	0.5791539282	0.5669687871	0.028431996
0	cfcompat_seed1111	LAV	R0_mode	0.5	765	0.5258597116	0.6080778625	0.5669687871	0.04110907545
0	cfcompat_seed1111	LAV	R0_mode	0.7	1071	0.5492847395	0.6082315648	0.5669687871	0.01768404758
0	cfcompat_seed1111	LAV	R0_mode	1	1530	0.5669687871	0	0.5669687871	0
0	cfcompat_seed1111	LAV	R1	0.1	153	0.4427285704	0.5807732556	0.5669687871	0.1242402167
0	cfcompat_seed1111	LAV	R1	0.2	306	0.4315620611	0.6008204686	0.5669687871	0.135406726
0	cfcompat_seed1111	LAV	R1	0.3	459	0.4651009888	0.6106264149	0.5669687871	0.1018677983
0	cfcompat_seed1111	LAV	R1	0.5	765	0.4866338207	0.6473037534	0.5669687871	0.08033496636
0	cfcompat_seed1111	LAV	R1	0.7	1071	0.5185659144	0.6799088233	0.5669687871	0.04840287269
0	cfcompat_seed1111	LAV	R1	1	1530	0.5669687871	0	0.5669687871	0
0	cfcompat_seed1111	LAV	R2	0.1	153	0.3999848821	0.5855225543	0.5669687871	0.166983905
0	cfcompat_seed1111	LAV	R2	0.2	306	0.4117987177	0.6057613044	0.5669687871	0.1551700694
0	cfcompat_seed1111	LAV	R2	0.3	459	0.4356593488	0.6232442606	0.5669687871	0.1313094382
0	cfcompat_seed1111	LAV	R2	0.5	765	0.4772178936	0.6567196805	0.5669687871	0.08975089346
0	cfcompat_seed1111	LAV	R2	0.7	1071	0.5060023066	0.7092239082	0.5669687871	0.06096648047
0	cfcompat_seed1111	LAV	R2	1	1530	0.5669687871	0	0.5669687871	0
0	cfcompat_seed1111	LAV	N3_output_only	0.1	153	0.4427285704	0.5807732556	0.5669687871	0.1242402167
0	cfcompat_seed1111	LAV	N3_output_only	0.2	306	0.4315620611	0.6008204686	0.5669687871	0.135406726
0	cfcompat_seed1111	LAV	N3_output_only	0.3	459	0.4651009888	0.6106264149	0.5669687871	0.1018677983
0	cfcompat_seed1111	LAV	N3_output_only	0.5	765	0.4866338207	0.6473037534	0.5669687871	0.08033496636
0	cfcompat_seed1111	LAV	N3_output_only	0.7	1071	0.5185659144	0.6799088233	0.5669687871	0.04840287269
0	cfcompat_seed1111	LAV	N3_output_only	1	1530	0.5669687871	0	0.5669687871	0
0	cfcompat_seed1111	LAV	N2_length_mask_only	0.1	153	0.5930017387	0.5640762369	0.5669687871	-0.02603295164
0	cfcompat_seed1111	LAV	N2_length_mask_only	0.2	306	0.5969397346	0.5594760502	0.5669687871	-0.02997094755
0	cfcompat_seed1111	LAV	N2_length_mask_only	0.3	459	0.5990807329	0.5532065246	0.5669687871	-0.03211194586
0	cfcompat_seed1111	LAV	N2_length_mask_only	0.5	765	0.5666314475	0.5673061267	0.5669687871	0.0003373395793
0	cfcompat_seed1111	LAV	N2_length_mask_only	0.7	1071	0.5568141426	0.5906629575	0.5669687871	0.01015464445
0	cfcompat_seed1111	LAV	N2_length_mask_only	1	1530	0.5669687871	0	0.5669687871	0
0	cfcompat_seed1111	LAV	N5_label_bin_prior	0.1	153	0.372460694	0.5885807974	0.5669687871	0.194508093
0	cfcompat_seed1111	LAV	N5_label_bin_prior	0.2	306	0.4042718234	0.607643028	0.5669687871	0.1626969636
0	cfcompat_seed1111	LAV	N5_label_bin_prior	0.3	459	0.4418261886	0.6206013293	0.5669687871	0.1251425984
0	cfcompat_seed1111	LAV	N5_label_bin_prior	0.5	765	0.5078676194	0.6260699547	0.5669687871	0.05910116765
0	cfcompat_seed1111	LAV	N5_label_bin_prior	0.7	1071	0.5556326373	0.5934198031	0.5669687871	0.01133614974
0	cfcompat_seed1111	LAV	N5_label_bin_prior	1	1530	0.5669687871	0	0.5669687871	0
0	cfcompat_seed1111	LAV	N1_matched_gaussian	0.1	153	0.5915934412	0.5642327144	0.5669687871	-0.02462465416
0	cfcompat_seed1111	LAV	N1_matched_gaussian	0.2	306	0.5603818795	0.568615514	0.5669687871	0.006586907621
0	cfcompat_seed1111	LAV	N1_matched_gaussian	0.3	459	0.5494924921	0.5744586278	0.5669687871	0.01747629494
0	cfcompat_seed1111	LAV	N1_matched_gaussian	0.5	765	0.5692986302	0.564638944	0.5669687871	-0.002329843109
0	cfcompat_seed1111	LAV	N1_matched_gaussian	0.7	1071	0.570210356	0.5594051262	0.5669687871	-0.003241568928
0	cfcompat_seed1111	LAV	N1_matched_gaussian	1	1530	0.5669687871	0	0.5669687871	0
0	cfcompat_seed1111	LAV	N0_shuffle_seed23071	0.1	153	0.5737974876	0.5662100426	0.5669687871	-0.006828700576
0	cfcompat_seed1111	LAV	N0_shuffle_seed23071	0.2	306	0.5449577195	0.572471554	0.5669687871	0.02201106752
0	cfcompat_seed1111	LAV	N0_shuffle_seed23071	0.3	459	0.5494731481	0.5744669181	0.5669687871	0.017495639
0	cfcompat_seed1111	LAV	N0_shuffle_seed23071	0.5	765	0.5356610424	0.5982765317	0.5669687871	0.03130774465
0	cfcompat_seed1111	LAV	N0_shuffle_seed23071	0.7	1071	0.5511610274	0.6038535597	0.5669687871	0.0158077597
0	cfcompat_seed1111	LAV	N0_shuffle_seed23071	1	1530	0.5669687871	0	0.5669687871	0
0	cfcompat_seed1111	LAV	N0_shuffle_seed23072	0.1	153	0.5839679436	0.5650799919	0.5669687871	-0.01699915652
0	cfcompat_seed1111	LAV	N0_shuffle_seed23072	0.2	306	0.5801065417	0.5636843484	0.5669687871	-0.01313775465
0	cfcompat_seed1111	LAV	N0_shuffle_seed23072	0.3	459	0.5540561012	0.5725027953	0.5669687871	0.01291268589
0	cfcompat_seed1111	LAV	N0_shuffle_seed23072	0.5	765	0.5658435879	0.5680939863	0.5669687871	0.001125199193
0	cfcompat_seed1111	LAV	N0_shuffle_seed23072	0.7	1071	0.5730273369	0.5528321708	0.5669687871	-0.006058549843
0	cfcompat_seed1111	LAV	N0_shuffle_seed23072	1	1530	0.5669687871	0	0.5669687871	0
0	cfcompat_seed1111	LAV	N0_shuffle_seed23073	0.1	153	0.5989180698	0.5634188668	0.5669687871	-0.03194928277
0	cfcompat_seed1111	LAV	N0_shuffle_seed23073	0.2	306	0.619505146	0.5538346973	0.5669687871	-0.05253635893
0	cfcompat_seed1111	LAV	N0_shuffle_seed23073	0.3	459	0.6160044619	0.5459534979	0.5669687871	-0.04903567483
0	cfcompat_seed1111	LAV	N0_shuffle_seed23073	0.5	765	0.5908797263	0.5430578479	0.5669687871	-0.02391093921
0	cfcompat_seed1111	LAV	N0_shuffle_seed23073	0.7	1071	0.5678506495	0.5649111081	0.5669687871	-0.0008818624154
0	cfcompat_seed1111	LAV	N0_shuffle_seed23073	1	1530	0.5669687871	0	0.5669687871	0
0	cfcompat_seed1111	LA	R0_global	0.1	153	0.4674245116	0.5795400079	0.5683284582	0.1009039467
0	cfcompat_seed1111	LA	R0_global	0.2	306	0.537517119	0.576031293	0.5683284582	0.03081133919
0	cfcompat_seed1111	LA	R0_global	0.3	459	0.5391195833	0.5808465475	0.5683284582	0.0292088749
0	cfcompat_seed1111	LA	R0_global	0.5	765	0.5268417939	0.6098151226	0.5683284582	0.04148666434
0	cfcompat_seed1111	LA	R0_global	0.7	1071	0.5507343325	0.6093814183	0.5683284582	0.01759412573
0	cfcompat_seed1111	LA	R0_global	1	1530	0.5683284582	0	0.5683284582	1.110223025e-16
0	cfcompat_seed1111	LA	R0_mode	0.1	153	0.4674245116	0.5795400079	0.5683284582	0.1009039467
0	cfcompat_seed1111	LA	R0_mode	0.2	306	0.537517119	0.576031293	0.5683284582	0.03081133919
0	cfcompat_seed1111	LA	R0_mode	0.3	459	0.5391195833	0.5808465475	0.5683284582	0.0292088749
0	cfcompat_seed1111	LA	R0_mode	0.5	765	0.5268417939	0.6098151226	0.5683284582	0.04148666434
0	cfcompat_seed1111	LA	R0_mode	0.7	1071	0.5507343325	0.6093814183	0.5683284582	0.01759412573
0	cfcompat_seed1111	LA	R0_mode	1	1530	0.5683284582	0	0.5683284582	1.110223025e-16
0	cfcompat_seed1111	LA	R1	0.1	153	0.4283183977	0.5838851316	0.5683284582	0.1400100605
0	cfcompat_seed1111	LA	R1	0.2	306	0.4357793878	0.6014657258	0.5683284582	0.1325490705
0	cfcompat_seed1111	LA	R1	0.3	459	0.4568557777	0.6161024642	0.5683284582	0.1114726806
0	cfcompat_seed1111	LA	R1	0.5	765	0.4856397147	0.6510172017	0.5683284582	0.08268874348
0	cfcompat_seed1111	LA	R1	0.7	1071	0.5180127568	0.6857317615	0.5683284582	0.05031570139
0	cfcompat_seed1111	LA	R1	1	1530	0.5683284582	0	0.5683284582	1.110223025e-16
0	cfcompat_seed1111	LA	R2	0.1	153	0.3792539939	0.589336732	0.5683284582	0.1890744644
0	cfcompat_seed1111	LA	R2	0.2	306	0.4317916619	0.6024626573	0.5683284582	0.1365367963
0	cfcompat_seed1111	LA	R2	0.3	459	0.456357497	0.616316013	0.5683284582	0.1119709612
0	cfcompat_seed1111	LA	R2	0.5	765	0.4998949786	0.6367619379	0.5683284582	0.06843347964
0	cfcompat_seed1111	LA	R2	0.7	1071	0.5229891728	0.6741201242	0.5683284582	0.04533928541
0	cfcompat_seed1111	LA	R2	1	1530	0.5683284582	0	0.5683284582	0
0	cfcompat_seed1111	LA	N3_output_only	0.1	153	0.4283183977	0.5838851316	0.5683284582	0.1400100605
0	cfcompat_seed1111	LA	N3_output_only	0.2	306	0.4357793878	0.6014657258	0.5683284582	0.1325490705
0	cfcompat_seed1111	LA	N3_output_only	0.3	459	0.4568557777	0.6161024642	0.5683284582	0.1114726806
0	cfcompat_seed1111	LA	N3_output_only	0.5	765	0.4856397147	0.6510172017	0.5683284582	0.08268874348
0	cfcompat_seed1111	LA	N3_output_only	0.7	1071	0.5180127568	0.6857317615	0.5683284582	0.05031570139
0	cfcompat_seed1111	LA	N3_output_only	1	1530	0.5683284582	0	0.5683284582	1.110223025e-16
0	cfcompat_seed1111	LA	N2_length_mask_only	0.1	153	0.5961930972	0.5652323872	0.5683284582	-0.02786463897
0	cfcompat_seed1111	LA	N2_length_mask_only	0.2	306	0.5967528362	0.5612223637	0.5683284582	-0.02842437797
0	cfcompat_seed1111	LA	N2_length_mask_only	0.3	459	0.5992157786	0.5550910352	0.5683284582	-0.03088732041
0	cfcompat_seed1111	LA	N2_length_mask_only	0.5	765	0.5662203321	0.5704365844	0.5683284582	0.002108126167
0	cfcompat_seed1111	LA	N2_length_mask_only	0.7	1071	0.5583719721	0.5915602592	0.5683284582	0.00995648612
0	cfcompat_seed1111	LA	N2_length_mask_only	1	1530	0.5683284582	0	0.5683284582	0
0	cfcompat_seed1111	LA	N5_label_bin_prior	0.1	153	0.382779989	0.5889449548	0.5683284582	0.1855484693
0	cfcompat_seed1111	LA	N5_label_bin_prior	0.2	306	0.4087042819	0.6082345023	0.5683284582	0.1596241764
0	cfcompat_seed1111	LA	N5_label_bin_prior	0.3	459	0.4444859968	0.6214037988	0.5683284582	0.1238424614
0	cfcompat_seed1111	LA	N5_label_bin_prior	0.5	765	0.50436425	0.6322926665	0.5683284582	0.06396420827
0	cfcompat_seed1111	LA	N5_label_bin_prior	0.7	1071	0.5623810281	0.5822057952	0.5683284582	0.005947430125
0	cfcompat_seed1111	LA	N5_label_bin_prior	1	1530	0.5683284582	0	0.5683284582	0
0	cfcompat_seed1111	LA	N1_matched_gaussian	0.1	153	0.5784149425	0.5672077378	0.5683284582	-0.01008648424
0	cfcompat_seed1111	LA	N1_matched_gaussian	0.2	306	0.5731438689	0.5671246056	0.5683284582	-0.004815410656
0	cfcompat_seed1111	LA	N1_matched_gaussian	0.3	459	0.5627382717	0.5707242524	0.5683284582	0.005590186489
0	cfcompat_seed1111	LA	N1_matched_gaussian	0.5	765	0.5624105418	0.5742463747	0.5683284582	0.005917916427
0	cfcompat_seed1111	LA	N1_matched_gaussian	0.7	1071	0.5759638594	0.5505125221	0.5683284582	-0.007635401196
0	cfcompat_seed1111	LA	N1_matched_gaussian	1	1530	0.5683284582	0	0.5683284582	0
0	cfcompat_seed1111	LA	N0_shuffle_seed23071	0.1	153	0.5972542383	0.5651144827	0.5683284582	-0.0289257801
0	cfcompat_seed1111	LA	N0_shuffle_seed23071	0.2	306	0.5676500049	0.5684980716	0.5683284582	0.000678453309
0	cfcompat_seed1111	LA	N0_shuffle_seed23071	0.3	459	0.5585759052	0.5725081238	0.5683284582	0.009752552984
0	cfcompat_seed1111	LA	N0_shuffle_seed23071	0.5	765	0.5545613571	0.5820955593	0.5683284582	0.01376710111
0	cfcompat_seed1111	LA	N0_shuffle_seed23071	0.7	1071	0.5542465978	0.6011861326	0.5683284582	0.01408186044
0	cfcompat_seed1111	LA	N0_shuffle_seed23071	1	1530	0.5683284582	0	0.5683284582	0
0	cfcompat_seed1111	LA	N0_shuffle_seed23072	0.1	153	0.6663189582	0.5574406249	0.5683284582	-0.09799049997
0	cfcompat_seed1111	LA	N0_shuffle_seed23072	0.2	306	0.6216161403	0.5550065377	0.5683284582	-0.05328768209
0	cfcompat_seed1111	LA	N0_shuffle_seed23072	0.3	459	0.6171339472	0.5474118201	0.5683284582	-0.04880548898
0	cfcompat_seed1111	LA	N0_shuffle_seed23072	0.5	765	0.577373508	0.5592834085	0.5683284582	-0.009045049734
0	cfcompat_seed1111	LA	N0_shuffle_seed23072	0.7	1071	0.5652364248	0.5755432028	0.5683284582	0.003092033406
0	cfcompat_seed1111	LA	N0_shuffle_seed23072	1	1530	0.5683284582	0	0.5683284582	1.110223025e-16
0	cfcompat_seed1111	LA	N0_shuffle_seed23073	0.1	153	0.6473696074	0.5595461083	0.5683284582	-0.07904114922
0	cfcompat_seed1111	LA	N0_shuffle_seed23073	0.2	306	0.6470984428	0.5486359621	0.5683284582	-0.07876998458
0	cfcompat_seed1111	LA	N0_shuffle_seed23073	0.3	459	0.6156436356	0.5480505251	0.5683284582	-0.04731517732
0	cfcompat_seed1111	LA	N0_shuffle_seed23073	0.5	765	0.5673088871	0.5693480293	0.5683284582	0.001019571092
0	cfcompat_seed1111	LA	N0_shuffle_seed23073	0.7	1071	0.564570519	0.5770969831	0.5683284582	0.003757939222
0	cfcompat_seed1111	LA	N0_shuffle_seed23073	1	1530	0.5683284582	0	0.5683284582	0
0	cfcompat_seed1111	LV	R0_global	0.1	153	0.4654227074	0.5784117469	0.5671128429	0.1016901356
0	cfcompat_seed1111	LV	R0_global	0.2	306	0.5363988073	0.5747913518	0.5671128429	0.03071403563
0	cfcompat_seed1111	LV	R0_global	0.3	459	0.5381860876	0.5795100238	0.5671128429	0.02892675531
0	cfcompat_seed1111	LV	R0_global	0.5	765	0.5256937282	0.6085319576	0.5671128429	0.04141911471
0	cfcompat_seed1111	LV	R0_global	0.7	1071	0.5492513589	0.608789639	0.5671128429	0.01786148405
0	cfcompat_seed1111	LV	R0_global	1	1530	0.5671128429	0	0.5671128429	0
0	cfcompat_seed1111	LV	R0_mode	0.1	153	0.4654227074	0.5784117469	0.5671128429	0.1016901356
0	cfcompat_seed1111	LV	R0_mode	0.2	306	0.5363988073	0.5747913518	0.5671128429	0.03071403563
0	cfcompat_seed1111	LV	R0_mode	0.3	459	0.5381860876	0.5795100238	0.5671128429	0.02892675531
0	cfcompat_seed1111	LV	R0_mode	0.5	765	0.5256937282	0.6085319576	0.5671128429	0.04141911471
0	cfcompat_seed1111	LV	R0_mode	0.7	1071	0.5492513589	0.608789639	0.5671128429	0.01786148405
0	cfcompat_seed1111	LV	R0_mode	1	1530	0.5671128429	0	0.5671128429	0
0	cfcompat_seed1111	LV	R1	0.1	153	0.4701367347	0.5778879661	0.5671128429	0.09697610819
0	cfcompat_seed1111	LV	R1	0.2	306	0.4620280332	0.5933840454	0.5671128429	0.1050848098
0	cfcompat_seed1111	LV	R1	0.3	459	0.477664349	0.6054479118	0.5671128429	0.08944849398
0	cfcompat_seed1111	LV	R1	0.5	765	0.4872643486	0.6469613373	0.5671128429	0.07984849433
0	cfcompat_seed1111	LV	R1	0.7	1071	0.5106989659	0.6987452227	0.5671128429	0.05641387705
0	cfcompat_seed1111	LV	R1	1	1530	0.5671128429	0	0.5671128429	0
0	cfcompat_seed1111	LV	R2	0.1	153	0.4050813494	0.5851163422	0.5671128429	0.1620314936
0	cfcompat_seed1111	LV	R2	0.2	306	0.4164408942	0.6047808301	0.5671128429	0.1506719487
0	cfcompat_seed1111	LV	R2	0.3	459	0.4614032109	0.612416971	0.5671128429	0.1057096321
0	cfcompat_seed1111	LV	R2	0.5	765	0.4833367552	0.6508889306	0.5671128429	0.0837760877
0	cfcompat_seed1111	LV	R2	0.7	1071	0.5052410446	0.7114803724	0.5671128429	0.06187179835
0	cfcompat_seed1111	LV	R2	1	1530	0.5671128429	0	0.5671128429	0
0	cfcompat_seed1111	LV	N3_output_only	0.1	153	0.4701367347	0.5778879661	0.5671128429	0.09697610819
0	cfcompat_seed1111	LV	N3_output_only	0.2	306	0.4620280332	0.5933840454	0.5671128429	0.1050848098
0	cfcompat_seed1111	LV	N3_output_only	0.3	459	0.477664349	0.6054479118	0.5671128429	0.08944849398
0	cfcompat_seed1111	LV	N3_output_only	0.5	765	0.4872643486	0.6469613373	0.5671128429	0.07984849433
0	cfcompat_seed1111	LV	N3_output_only	0.7	1071	0.5106989659	0.6987452227	0.5671128429	0.05641387705
0	cfcompat_seed1111	LV	N3_output_only	1	1530	0.5671128429	0	0.5671128429	0
0	cfcompat_seed1111	LV	N2_length_mask_only	0.1	153	0.6039807144	0.5630164128	0.5671128429	-0.03686787144
0	cfcompat_seed1111	LV	N2_length_mask_only	0.2	306	0.5970419067	0.559630577	0.5671128429	-0.02992906372
0	cfcompat_seed1111	LV	N2_length_mask_only	0.3	459	0.59434402	0.5554423385	0.5671128429	-0.02723117701
0	cfcompat_seed1111	LV	N2_length_mask_only	0.5	765	0.5677807636	0.5664449222	0.5671128429	-0.0006679206934
0	cfcompat_seed1111	LV	N2_length_mask_only	0.7	1071	0.5589943243	0.5860560532	0.5671128429	0.008118518664
0	cfcompat_seed1111	LV	N2_length_mask_only	1	1530	0.5671128429	0	0.5671128429	0
0	cfcompat_seed1111	LV	N5_label_bin_prior	0.1	153	0.380338873	0.5878655063	0.5671128429	0.18677397
0	cfcompat_seed1111	LV	N5_label_bin_prior	0.2	306	0.4074933943	0.6070177051	0.5671128429	0.1596194486
0	cfcompat_seed1111	LV	N5_label_bin_prior	0.3	459	0.4420184212	0.620724738	0.5671128429	0.1250944217
0	cfcompat_seed1111	LV	N5_label_bin_prior	0.5	765	0.5064419442	0.6277837416	0.5671128429	0.0606708987
0	cfcompat_seed1111	LV	N5_label_bin_prior	0.7	1071	0.5558183157	0.5934667398	0.5671128429	0.01129452722
0	cfcompat_seed1111	LV	N5_label_bin_prior	1	1530	0.5671128429	0	0.5671128429	0
0	cfcompat_seed1111	LV	N1_matched_gaussian	0.1	153	0.5785024694	0.5658473289	0.5671128429	-0.01138962643
0	cfcompat_seed1111	LV	N1_matched_gaussian	0.2	306	0.5682212334	0.5668357453	0.5671128429	-0.001108390492
0	cfcompat_seed1111	LV	N1_matched_gaussian	0.3	459	0.5753583057	0.5635790732	0.5671128429	-0.008245462758
0	cfcompat_seed1111	LV	N1_matched_gaussian	0.5	765	0.5611698883	0.5730557976	0.5671128429	0.005942954636
0	cfcompat_seed1111	LV	N1_matched_gaussian	0.7	1071	0.5763730772	0.5455056296	0.5671128429	-0.009260234296
0	cfcompat_seed1111	LV	N1_matched_gaussian	1	1530	0.5671128429	0	0.5671128429	0
0	cfcompat_seed1111	LV	N0_shuffle_seed23071	0.1	153	0.5801880685	0.5656600401	0.5671128429	-0.01307522555
0	cfcompat_seed1111	LV	N0_shuffle_seed23071	0.2	306	0.576197083	0.5648417829	0.5671128429	-0.009084240079
0	cfcompat_seed1111	LV	N0_shuffle_seed23071	0.3	459	0.550074766	0.5744148759	0.5671128429	0.01703807698
0	cfcompat_seed1111	LV	N0_shuffle_seed23071	0.5	765	0.5498537178	0.584371968	0.5671128429	0.0172591251
0	cfcompat_seed1111	LV	N0_shuffle_seed23071	0.7	1071	0.5525438994	0.6011070445	0.5671128429	0.01456894354
0	cfcompat_seed1111	LV	N0_shuffle_seed23071	1	1530	0.5671128429	0	0.5671128429	0
0	cfcompat_seed1111	LV	N0_shuffle_seed23072	0.1	153	0.609295336	0.5624258993	0.5671128429	-0.04218249303
0	cfcompat_seed1111	LV	N0_shuffle_seed23072	0.2	306	0.5693189452	0.5665613174	0.5671128429	-0.002206102235
0	cfcompat_seed1111	LV	N0_shuffle_seed23072	0.3	459	0.5662237524	0.5674938818	0.5671128429	0.0008890905676
0	cfcompat_seed1111	LV	N0_shuffle_seed23072	0.5	765	0.5594095535	0.5748161324	0.5671128429	0.007703289424
0	cfcompat_seed1111	LV	N0_shuffle_seed23072	0.7	1071	0.5598341797	0.5840963904	0.5671128429	0.007278663193
0	cfcompat_seed1111	LV	N0_shuffle_seed23072	1	1530	0.5671128429	0	0.5671128429	0
0	cfcompat_seed1111	LV	N0_shuffle_seed23073	0.1	153	0.6010788831	0.5633388385	0.5671128429	-0.03396604012
0	cfcompat_seed1111	LV	N0_shuffle_seed23073	0.2	306	0.6136340528	0.5554825405	0.5671128429	-0.04652120982
0	cfcompat_seed1111	LV	N0_shuffle_seed23073	0.3	459	0.5747273275	0.5638494924	0.5671128429	-0.007614484527
0	cfcompat_seed1111	LV	N0_shuffle_seed23073	0.5	765	0.5629489415	0.5712767444	0.5671128429	0.004163901452
0	cfcompat_seed1111	LV	N0_shuffle_seed23073	0.7	1071	0.5707106001	0.5587180762	0.5671128429	-0.003597757186
0	cfcompat_seed1111	LV	N0_shuffle_seed23073	1	1530	0.5671128429	0	0.5671128429	0
0	cfcompat_seed1111	L	R0_global	0.1	153	0.466593243	0.5796824929	0.5683735679	0.1017803249
0	cfcompat_seed1111	L	R0_global	0.2	306	0.5370281833	0.576209914	0.5683735679	0.03134538461
0	cfcompat_seed1111	L	R0_global	0.3	459	0.5387455406	0.5810712939	0.5683735679	0.0296280273
0	cfcompat_seed1111	L	R0_global	0.5	765	0.5266135246	0.6101336112	0.5683735679	0.04176004329
0	cfcompat_seed1111	L	R0_global	0.7	1071	0.5506088859	0.6098244925	0.5683735679	0.01776468198
0	cfcompat_seed1111	L	R0_global	1	1530	0.5683735679	0	0.5683735679	0
0	cfcompat_seed1111	L	R0_mode	0.1	153	0.466593243	0.5796824929	0.5683735679	0.1017803249
0	cfcompat_seed1111	L	R0_mode	0.2	306	0.5370281833	0.576209914	0.5683735679	0.03134538461
0	cfcompat_seed1111	L	R0_mode	0.3	459	0.5387455406	0.5810712939	0.5683735679	0.0296280273
0	cfcompat_seed1111	L	R0_mode	0.5	765	0.5266135246	0.6101336112	0.5683735679	0.04176004329
0	cfcompat_seed1111	L	R0_mode	0.7	1071	0.5506088859	0.6098244925	0.5683735679	0.01776468198
0	cfcompat_seed1111	L	R0_mode	1	1530	0.5683735679	0	0.5683735679	0
0	cfcompat_seed1111	L	R1	0.1	153	0.3783606398	0.5894861154	0.5683735679	0.1900129281
0	cfcompat_seed1111	L	R1	0.2	306	0.4133029072	0.607141233	0.5683735679	0.1550706607
0	cfcompat_seed1111	L	R1	0.3	459	0.4481659086	0.6198911361	0.5683735679	0.1202076593
0	cfcompat_seed1111	L	R1	0.5	765	0.5021304324	0.6346167034	0.5683735679	0.0662431355
0	cfcompat_seed1111	L	R1	0.7	1071	0.5366081471	0.6424928829	0.5683735679	0.03176542074
0	cfcompat_seed1111	L	R1	1	1530	0.5683735679	0	0.5683735679	0
0	cfcompat_seed1111	L	R2	0.1	153	0.3995257682	0.5871344345	0.5683735679	0.1688477997
0	cfcompat_seed1111	L	R2	0.2	306	0.4275071911	0.6035901621	0.5683735679	0.1408663768
0	cfcompat_seed1111	L	R2	0.3	459	0.4514234835	0.6184950326	0.5683735679	0.1169500844
0	cfcompat_seed1111	L	R2	0.5	765	0.4777964272	0.6589507086	0.5683735679	0.09057714068
0	cfcompat_seed1111	L	R2	0.7	1071	0.500891306	0.725832179	0.5683735679	0.06748226189
0	cfcompat_seed1111	L	R2	1	1530	0.5683735679	0	0.5683735679	0
0	cfcompat_seed1111	L	N3_output_only	0.1	153	0.3783606398	0.5894861154	0.5683735679	0.1900129281
0	cfcompat_seed1111	L	N3_output_only	0.2	306	0.4133029072	0.607141233	0.5683735679	0.1550706607
0	cfcompat_seed1111	L	N3_output_only	0.3	459	0.4481659086	0.6198911361	0.5683735679	0.1202076593
0	cfcompat_seed1111	L	N3_output_only	0.5	765	0.5021304324	0.6346167034	0.5683735679	0.0662431355
0	cfcompat_seed1111	L	N3_output_only	0.7	1071	0.5366081471	0.6424928829	0.5683735679	0.03176542074
0	cfcompat_seed1111	L	N3_output_only	1	1530	0.5683735679	0	0.5683735679	0
0	cfcompat_seed1111	L	N2_length_mask_only	0.1	153	0.5731669833	0.5678409662	0.5683735679	-0.004793415474
0	cfcompat_seed1111	L	N2_length_mask_only	0.2	306	0.5978027906	0.5610162622	0.5683735679	-0.02942922274
0	cfcompat_seed1111	L	N2_length_mask_only	0.3	459	0.5976078603	0.5558445854	0.5683735679	-0.02923429242
0	cfcompat_seed1111	L	N2_length_mask_only	0.5	765	0.5709994771	0.5657476586	0.5683735679	-0.002625909266
0	cfcompat_seed1111	L	N2_length_mask_only	0.7	1071	0.5567684946	0.5954520723	0.5683735679	0.01160507332
0	cfcompat_seed1111	L	N2_length_mask_only	1	1530	0.5683735679	0	0.5683735679	0
0	cfcompat_seed1111	L	N5_label_bin_prior	0.1	153	0.3846244561	0.5887901358	0.5683735679	0.1837491117
0	cfcompat_seed1111	L	N5_label_bin_prior	0.2	306	0.4103430792	0.60788119	0.5683735679	0.1580304886
0	cfcompat_seed1111	L	N5_label_bin_prior	0.3	459	0.4440713295	0.6216459557	0.5683735679	0.1243022384
0	cfcompat_seed1111	L	N5_label_bin_prior	0.5	765	0.5040183862	0.6327287496	0.5683735679	0.06435518169
0	cfcompat_seed1111	L	N5_label_bin_prior	0.7	1071	0.5618767395	0.5835328341	0.5683735679	0.006496828366
0	cfcompat_seed1111	L	N5_label_bin_prior	1	1530	0.5683735679	0	0.5683735679	0
0	cfcompat_seed1111	L	N1_matched_gaussian	0.1	153	0.5248216671	0.573212668	0.5683735679	0.04355190076
0	cfcompat_seed1111	L	N1_matched_gaussian	0.2	306	0.574740225	0.5667819036	0.5683735679	-0.006366657111
0	cfcompat_seed1111	L	N1_matched_gaussian	0.3	459	0.5606444909	0.5716860294	0.5683735679	0.007729076959
0	cfcompat_seed1111	L	N1_matched_gaussian	0.5	765	0.5720402884	0.5647068474	0.5683735679	-0.003666720516
0	cfcompat_seed1111	L	N1_matched_gaussian	0.7	1071	0.5645723469	0.5772430835	0.5683735679	0.003801221
0	cfcompat_seed1111	L	N1_matched_gaussian	1	1530	0.5683735679	0	0.5683735679	0
0	cfcompat_seed1111	L	N0_shuffle_seed23071	0.1	153	0.6571707375	0.5585072157	0.5683735679	-0.08879716961
0	cfcompat_seed1111	L	N0_shuffle_seed23071	0.2	306	0.589719463	0.5630370941	0.5683735679	-0.0213458951
0	cfcompat_seed1111	L	N0_shuffle_seed23071	0.3	459	0.5646169881	0.5699835306	0.5683735679	0.003756579771
0	cfcompat_seed1111	L	N0_shuffle_seed23071	0.5	765	0.5513077844	0.5854393514	0.5683735679	0.01706578351
0	cfcompat_seed1111	L	N0_shuffle_seed23071	0.7	1071	0.5515928733	0.607528522	0.5683735679	0.01678069462
0	cfcompat_seed1111	L	N0_shuffle_seed23071	1	1530	0.5683735679	0	0.5683735679	0
0	cfcompat_seed1111	L	N0_shuffle_seed23072	0.1	153	0.599490489	0.5649161322	0.5683735679	-0.03111692113
0	cfcompat_seed1111	L	N0_shuffle_seed23072	0.2	306	0.6050582257	0.5592024034	0.5683735679	-0.03668465787
0	cfcompat_seed1111	L	N0_shuffle_seed23072	0.3	459	0.618520423	0.5468820585	0.5683735679	-0.05014685517
0	cfcompat_seed1111	L	N0_shuffle_seed23072	0.5	765	0.5797310863	0.5570160495	0.5683735679	-0.0113575184
0	cfcompat_seed1111	L	N0_shuffle_seed23072	0.7	1071	0.5605305846	0.5866738621	0.5683735679	0.007842983227
0	cfcompat_seed1111	L	N0_shuffle_seed23072	1	1530	0.5683735679	0	0.5683735679	0
0	cfcompat_seed1111	L	N0_shuffle_seed23073	0.1	153	0.6533922367	0.5589270491	0.5683735679	-0.08501866884
0	cfcompat_seed1111	L	N0_shuffle_seed23073	0.2	306	0.6112464137	0.5576553564	0.5683735679	-0.04287284586
0	cfcompat_seed1111	L	N0_shuffle_seed23073	0.3	459	0.5950444866	0.5569431741	0.5683735679	-0.02667091874
0	cfcompat_seed1111	L	N0_shuffle_seed23073	0.5	765	0.5888151539	0.5479319819	0.5683735679	-0.02044158602
0	cfcompat_seed1111	L	N0_shuffle_seed23073	0.7	1071	0.5640024396	0.5785728672	0.5683735679	0.004371128283
0	cfcompat_seed1111	L	N0_shuffle_seed23073	1	1530	0.5683735679	0	0.5683735679	0
0	cfcompat_seed1114	LAV	R0_global	0.1	153	0.4513540096	0.5869186937	0.5733622253	0.1220082157
0	cfcompat_seed1114	LAV	R0_global	0.2	306	0.5284070177	0.5846010272	0.5733622253	0.04495520756
0	cfcompat_seed1114	LAV	R0_global	0.3	459	0.5352977794	0.5896755593	0.5733622253	0.03806444594
0	cfcompat_seed1114	LAV	R0_global	0.5	765	0.5276578393	0.6190666113	0.5733622253	0.04570438597
0	cfcompat_seed1114	LAV	R0_global	0.7	1071	0.5556962379	0.6145828626	0.5733622253	0.01766598741
0	cfcompat_seed1114	LAV	R0_global	1	1530	0.5733622253	0	0.5733622253	0
0	cfcompat_seed1114	LAV	R0_mode	0.1	153	0.4513540096	0.5869186937	0.5733622253	0.1220082157
0	cfcompat_seed1114	LAV	R0_mode	0.2	306	0.5284070177	0.5846010272	0.5733622253	0.04495520756
0	cfcompat_seed1114	LAV	R0_mode	0.3	459	0.5352977794	0.5896755593	0.5733622253	0.03806444594
0	cfcompat_seed1114	LAV	R0_mode	0.5	765	0.5276578393	0.6190666113	0.5733622253	0.04570438597
0	cfcompat_seed1114	LAV	R0_mode	0.7	1071	0.5556962379	0.6145828626	0.5733622253	0.01766598741
0	cfcompat_seed1114	LAV	R0_mode	1	1530	0.5733622253	0	0.5733622253	0
0	cfcompat_seed1114	LAV	R1	0.1	153	0.3104032405	0.6025798903	0.5733622253	0.2629589848
0	cfcompat_seed1114	LAV	R1	0.2	306	0.3979287475	0.6172205947	0.5733622253	0.1754334778
0	cfcompat_seed1114	LAV	R1	0.3	459	0.4140588773	0.6416350887	0.5733622253	0.159303348
0	cfcompat_seed1114	LAV	R1	0.5	765	0.4841924255	0.6625320251	0.5733622253	0.08916979984
0	cfcompat_seed1114	LAV	R1	0.7	1071	0.5111271549	0.7185773896	0.5733622253	0.06223507039
0	cfcompat_seed1114	LAV	R1	1	1530	0.5733622253	0	0.5733622253	0
0	cfcompat_seed1114	LAV	R2	0.1	153	0.3173325794	0.6018099637	0.5733622253	0.2560296459
0	cfcompat_seed1114	LAV	R2	0.2	306	0.3881654454	0.6196614203	0.5733622253	0.1851967799
0	cfcompat_seed1114	LAV	R2	0.3	459	0.4269843389	0.6360956052	0.5733622253	0.1463778864
0	cfcompat_seed1114	LAV	R2	0.5	765	0.4884508724	0.6582735782	0.5733622253	0.08491135291
0	cfcompat_seed1114	LAV	R2	0.7	1071	0.5196842481	0.6986108387	0.5733622253	0.05367797715
0	cfcompat_seed1114	LAV	R2	1	1530	0.5733622253	0	0.5733622253	0
0	cfcompat_seed1114	LAV	N3_output_only	0.1	153	0.3104032405	0.6025798903	0.5733622253	0.2629589848
0	cfcompat_seed1114	LAV	N3_output_only	0.2	306	0.3979287475	0.6172205947	0.5733622253	0.1754334778
0	cfcompat_seed1114	LAV	N3_output_only	0.3	459	0.4140588773	0.6416350887	0.5733622253	0.159303348
0	cfcompat_seed1114	LAV	N3_output_only	0.5	765	0.4841924255	0.6625320251	0.5733622253	0.08916979984
0	cfcompat_seed1114	LAV	N3_output_only	0.7	1071	0.5111271549	0.7185773896	0.5733622253	0.06223507039
0	cfcompat_seed1114	LAV	N3_output_only	1	1530	0.5733622253	0	0.5733622253	0
0	cfcompat_seed1114	LAV	N2_length_mask_only	0.1	153	0.5792593098	0.5727069937	0.5733622253	-0.005897084496
0	cfcompat_seed1114	LAV	N2_length_mask_only	0.2	306	0.6105318859	0.5640698101	0.5733622253	-0.03716966065
0	cfcompat_seed1114	LAV	N2_length_mask_only	0.3	459	0.5940013985	0.5645168654	0.5733622253	-0.02063917318
0	cfcompat_seed1114	LAV	N2_length_mask_only	0.5	765	0.571542113	0.5751823376	0.5733622253	0.001820112334
0	cfcompat_seed1114	LAV	N2_length_mask_only	0.7	1071	0.5568205178	0.6119595428	0.5733622253	0.01654170751
0	cfcompat_seed1114	LAV	N2_length_mask_only	1	1530	0.5733622253	0	0.5733622253	0
0	cfcompat_seed1114	LAV	N5_label_bin_prior	0.1	153	0.3799550127	0.5948519156	0.5733622253	0.1934072126
0	cfcompat_seed1114	LAV	N5_label_bin_prior	0.2	306	0.4276186174	0.6097981273	0.5733622253	0.1457436079
0	cfcompat_seed1114	LAV	N5_label_bin_prior	0.3	459	0.4470970697	0.6274758634	0.5733622253	0.1262651556
0	cfcompat_seed1114	LAV	N5_label_bin_prior	0.5	765	0.5098550646	0.636869386	0.5733622253	0.06350716067
0	cfcompat_seed1114	LAV	N5_label_bin_prior	0.7	1071	0.5599157456	0.6047373446	0.5733622253	0.01344647972
0	cfcompat_seed1114	LAV	N5_label_bin_prior	1	1530	0.5733622253	0	0.5733622253	0
0	cfcompat_seed1114	LAV	N1_matched_gaussian	0.1	153	0.5851553994	0.5720518726	0.5733622253	-0.01179317406
0	cfcompat_seed1114	LAV	N1_matched_gaussian	0.2	306	0.5760089922	0.5727005336	0.5733622253	-0.002646766852
0	cfcompat_seed1114	LAV	N1_matched_gaussian	0.3	459	0.5903817424	0.5660681465	0.5733622253	-0.01701951711
0	cfcompat_seed1114	LAV	N1_matched_gaussian	0.5	765	0.5665064045	0.5802180461	0.5733622253	0.006855820821
0	cfcompat_seed1114	LAV	N1_matched_gaussian	0.7	1071	0.580125835	0.5575804694	0.5733622253	-0.006763609684
0	cfcompat_seed1114	LAV	N1_matched_gaussian	1	1530	0.5733622253	0	0.5733622253	0
0	cfcompat_seed1114	LAV	N0_shuffle_seed23071	0.1	153	0.5608052543	0.5747574443	0.5733622253	0.01255697105
0	cfcompat_seed1114	LAV	N0_shuffle_seed23071	0.2	306	0.5324177435	0.5835983457	0.5733622253	0.04094448176
0	cfcompat_seed1114	LAV	N0_shuffle_seed23071	0.3	459	0.5340471378	0.5902115485	0.5733622253	0.03931508754
0	cfcompat_seed1114	LAV	N0_shuffle_seed23071	0.5	765	0.5480326695	0.5986917811	0.5733622253	0.02532955579
0	cfcompat_seed1114	LAV	N0_shuffle_seed23071	0.7	1071	0.5648728015	0.5931708809	0.5733622253	0.008489423832
0	cfcompat_seed1114	LAV	N0_shuffle_seed23071	1	1530	0.5733622253	0	0.5733622253	0
0	cfcompat_seed1114	LAV	N0_shuffle_seed23072	0.1	153	0.6401818191	0.565937826	0.5733622253	-0.06681959381
0	cfcompat_seed1114	LAV	N0_shuffle_seed23072	0.2	306	0.6139454561	0.5632164176	0.5733622253	-0.04058323083
0	cfcompat_seed1114	LAV	N0_shuffle_seed23072	0.3	459	0.6129385799	0.5564009305	0.5733622253	-0.03957635462
0	cfcompat_seed1114	LAV	N0_shuffle_seed23072	0.5	765	0.5735773754	0.5731470752	0.5733622253	-0.0002151501247
0	cfcompat_seed1114	LAV	N0_shuffle_seed23072	0.7	1071	0.5775025518	0.5637014635	0.5733622253	-0.00414032648
0	cfcompat_seed1114	LAV	N0_shuffle_seed23072	1	1530	0.5733622253	0	0.5733622253	0
0	cfcompat_seed1114	LAV	N0_shuffle_seed23073	0.1	153	0.608214342	0.5694897679	0.5733622253	-0.03485211666
0	cfcompat_seed1114	LAV	N0_shuffle_seed23073	0.2	306	0.6467773607	0.5550084414	0.5733622253	-0.07341513542
0	cfcompat_seed1114	LAV	N0_shuffle_seed23073	0.3	459	0.6384712047	0.545458377	0.5733622253	-0.06510897943
0	cfcompat_seed1114	LAV	N0_shuffle_seed23073	0.5	765	0.6053209554	0.5414034952	0.5733622253	-0.03195873012
0	cfcompat_seed1114	LAV	N0_shuffle_seed23073	0.7	1071	0.5752122094	0.5690455959	0.5733622253	-0.00184998405
0	cfcompat_seed1114	LAV	N0_shuffle_seed23073	1	1530	0.5733622253	0	0.5733622253	0
0	cfcompat_seed1114	LA	R0_global	0.1	153	0.453727625	0.5899826345	0.5763571336	0.1226295085
0	cfcompat_seed1114	LA	R0_global	0.2	306	0.5283006287	0.5883712598	0.5763571336	0.0480565049
0	cfcompat_seed1114	LA	R0_global	0.3	459	0.5346617014	0.5942266045	0.5763571336	0.04169543216
0	cfcompat_seed1114	LA	R0_global	0.5	765	0.5288638937	0.6238503735	0.5763571336	0.0474932399
0	cfcompat_seed1114	LA	R0_global	0.7	1071	0.5592294573	0.6163217115	0.5763571336	0.01712767625
0	cfcompat_seed1114	LA	R0_global	1	1530	0.5763571336	0	0.5763571336	0
0	cfcompat_seed1114	LA	R0_mode	0.1	153	0.453727625	0.5899826345	0.5763571336	0.1226295085
0	cfcompat_seed1114	LA	R0_mode	0.2	306	0.5283006287	0.5883712598	0.5763571336	0.0480565049
0	cfcompat_seed1114	LA	R0_mode	0.3	459	0.5346617014	0.5942266045	0.5763571336	0.04169543216
0	cfcompat_seed1114	LA	R0_mode	0.5	765	0.5288638937	0.6238503735	0.5763571336	0.0474932399
0	cfcompat_seed1114	LA	R0_mode	0.7	1071	0.5592294573	0.6163217115	0.5763571336	0.01712767625
0	cfcompat_seed1114	LA	R0_mode	1	1530	0.5763571336	0	0.5763571336	0
0	cfcompat_seed1114	LA	R1	0.1	153	0.3554067255	0.6009071789	0.5763571336	0.220950408
0	cfcompat_seed1114	LA	R1	0.2	306	0.3799043944	0.6254703183	0.5763571336	0.1964527391
0	cfcompat_seed1114	LA	R1	0.3	459	0.438281653	0.6355323395	0.5763571336	0.1380754806
0	cfcompat_seed1114	LA	R1	0.5	765	0.4950436304	0.6576706367	0.5763571336	0.08131350313
0	cfcompat_seed1114	LA	R1	0.7	1071	0.5281083896	0.6889375361	0.5763571336	0.04824874393
0	cfcompat_seed1114	LA	R1	1	1530	0.5763571336	0	0.5763571336	0
0	cfcompat_seed1114	LA	R2	0.1	153	0.3164871842	0.6052315724	0.5763571336	0.2598699494
0	cfcompat_seed1114	LA	R2	0.2	306	0.384716969	0.6242671747	0.5763571336	0.1916401646
0	cfcompat_seed1114	LA	R2	0.3	459	0.4147263755	0.6456274584	0.5763571336	0.1616307581
0	cfcompat_seed1114	LA	R2	0.5	765	0.4734432376	0.6792710295	0.5763571336	0.102913896
0	cfcompat_seed1114	LA	R2	0.7	1071	0.5165563527	0.7158922888	0.5763571336	0.05980078081
0	cfcompat_seed1114	LA	R2	1	1530	0.5763571336	0	0.5763571336	0
0	cfcompat_seed1114	LA	N3_output_only	0.1	153	0.3554067255	0.6009071789	0.5763571336	0.220950408
0	cfcompat_seed1114	LA	N3_output_only	0.2	306	0.3799043944	0.6254703183	0.5763571336	0.1964527391
0	cfcompat_seed1114	LA	N3_output_only	0.3	459	0.438281653	0.6355323395	0.5763571336	0.1380754806
0	cfcompat_seed1114	LA	N3_output_only	0.5	765	0.4950436304	0.6576706367	0.5763571336	0.08131350313
0	cfcompat_seed1114	LA	N3_output_only	0.7	1071	0.5281083896	0.6889375361	0.5763571336	0.04824874393
0	cfcompat_seed1114	LA	N3_output_only	1	1530	0.5763571336	0	0.5763571336	0
0	cfcompat_seed1114	LA	N2_length_mask_only	0.1	153	0.5797224507	0.5759832094	0.5763571336	-0.003365317165
0	cfcompat_seed1114	LA	N2_length_mask_only	0.2	306	0.60411804	0.5694169069	0.5763571336	-0.02776090644
0	cfcompat_seed1114	LA	N2_length_mask_only	0.3	459	0.6042705464	0.5643942424	0.5763571336	-0.0279134128
0	cfcompat_seed1114	LA	N2_length_mask_only	0.5	765	0.5752911625	0.5774231046	0.5763571336	0.001065971072
0	cfcompat_seed1114	LA	N2_length_mask_only	0.7	1071	0.5651758486	0.6024467984	0.5763571336	0.01118128494
0	cfcompat_seed1114	LA	N2_length_mask_only	1	1530	0.5763571336	0	0.5763571336	0
0	cfcompat_seed1114	LA	N5_label_bin_prior	0.1	153	0.3372503452	0.6029245545	0.5763571336	0.2391067884
0	cfcompat_seed1114	LA	N5_label_bin_prior	0.2	306	0.3965780616	0.6213019016	0.5763571336	0.179779072
0	cfcompat_seed1114	LA	N5_label_bin_prior	0.3	459	0.4438870234	0.6331300379	0.5763571336	0.1324701102
0	cfcompat_seed1114	LA	N5_label_bin_prior	0.5	765	0.5150547655	0.6376595016	0.5763571336	0.06130236809
0	cfcompat_seed1114	LA	N5_label_bin_prior	0.7	1071	0.5629801639	0.6075700627	0.5763571336	0.01337696963
0	cfcompat_seed1114	LA	N5_label_bin_prior	1	1530	0.5763571336	0	0.5763571336	0
0	cfcompat_seed1114	LA	N1_matched_gaussian	0.1	153	0.5419850595	0.5801762529	0.5763571336	0.03437207401
0	cfcompat_seed1114	LA	N1_matched_gaussian	0.2	306	0.5473623691	0.5836058247	0.5763571336	0.0289947645
0	cfcompat_seed1114	LA	N1_matched_gaussian	0.3	459	0.5766195623	0.5762446641	0.5763571336	-0.0002624287502
0	cfcompat_seed1114	LA	N1_matched_gaussian	0.5	765	0.5728516168	0.5798626503	0.5763571336	0.003505516758
0	cfcompat_seed1114	LA	N1_matched_gaussian	0.7	1071	0.5757138329	0.5778581685	0.5763571336	0.0006433007003
0	cfcompat_seed1114	LA	N1_matched_gaussian	1	1530	0.5763571336	0	0.5763571336	0
0	cfcompat_seed1114	LA	N0_shuffle_seed23071	0.1	153	0.5915128483	0.5746731652	0.5763571336	-0.01515571478
0	cfcompat_seed1114	LA	N0_shuffle_seed23071	0.2	306	0.5616338397	0.580037957	0.5763571336	0.01472329389
0	cfcompat_seed1114	LA	N0_shuffle_seed23071	0.3	459	0.5560219894	0.5850721953	0.5763571336	0.02033514417
0	cfcompat_seed1114	LA	N0_shuffle_seed23071	0.5	765	0.5644605508	0.5882537163	0.5763571336	0.01189658273
0	cfcompat_seed1114	LA	N0_shuffle_seed23071	0.7	1071	0.5599730247	0.6145867208	0.5763571336	0.01638410881
0	cfcompat_seed1114	LA	N0_shuffle_seed23071	1	1530	0.5763571336	0	0.5763571336	0
0	cfcompat_seed1114	LA	N0_shuffle_seed23072	0.1	153	0.7366974921	0.5585415382	0.5763571336	-0.1603403586
0	cfcompat_seed1114	LA	N0_shuffle_seed23072	0.2	306	0.6795988972	0.5505466926	0.5763571336	-0.1032417637
0	cfcompat_seed1114	LA	N0_shuffle_seed23072	0.3	459	0.6450545745	0.5469153732	0.5763571336	-0.06869744095
0	cfcompat_seed1114	LA	N0_shuffle_seed23072	0.5	765	0.5847186814	0.5679955857	0.5763571336	-0.008361547853
0	cfcompat_seed1114	LA	N0_shuffle_seed23072	0.7	1071	0.5806820944	0.5662655583	0.5763571336	-0.004324960805
0	cfcompat_seed1114	LA	N0_shuffle_seed23072	1	1530	0.5763571336	0	0.5763571336	0
0	cfcompat_seed1114	LA	N0_shuffle_seed23073	0.1	153	0.5888475629	0.5749693081	0.5763571336	-0.01249042935
0	cfcompat_seed1114	LA	N0_shuffle_seed23073	0.2	306	0.5875792698	0.5735515995	0.5763571336	-0.01122213626
0	cfcompat_seed1114	LA	N0_shuffle_seed23073	0.3	459	0.619101684	0.5580380405	0.5763571336	-0.04274455041
0	cfcompat_seed1114	LA	N0_shuffle_seed23073	0.5	765	0.5950442275	0.5576700396	0.5763571336	-0.01868709398
0	cfcompat_seed1114	LA	N0_shuffle_seed23073	0.7	1071	0.5703603237	0.5903496898	0.5763571336	0.005996809807
0	cfcompat_seed1114	LA	N0_shuffle_seed23073	1	1530	0.5763571336	0	0.5763571336	0
0	cfcompat_seed1114	LV	R0_global	0.1	153	0.449807612	0.5880993387	0.574270166	0.124462554
0	cfcompat_seed1114	LV	R0_global	0.2	306	0.5287693746	0.5856453638	0.574270166	0.04550079135
0	cfcompat_seed1114	LV	R0_global	0.3	459	0.5350008375	0.5910998782	0.574270166	0.03926932851
0	cfcompat_seed1114	LV	R0_global	0.5	765	0.5275436624	0.6209966696	0.574270166	0.04672650359
0	cfcompat_seed1114	LV	R0_global	0.7	1071	0.5566822387	0.6153086631	0.574270166	0.01758792733
0	cfcompat_seed1114	LV	R0_global	1	1530	0.574270166	0	0.574270166	0
0	cfcompat_seed1114	LV	R0_mode	0.1	153	0.449807612	0.5880993387	0.574270166	0.124462554
0	cfcompat_seed1114	LV	R0_mode	0.2	306	0.5287693746	0.5856453638	0.574270166	0.04550079135
0	cfcompat_seed1114	LV	R0_mode	0.3	459	0.5350008375	0.5910998782	0.574270166	0.03926932851
0	cfcompat_seed1114	LV	R0_mode	0.5	765	0.5275436624	0.6209966696	0.574270166	0.04672650359
0	cfcompat_seed1114	LV	R0_mode	0.7	1071	0.5566822387	0.6153086631	0.574270166	0.01758792733
0	cfcompat_seed1114	LV	R0_mode	1	1530	0.574270166	0	0.574270166	0
0	cfcompat_seed1114	LV	R1	0.1	153	0.3271124474	0.6017321347	0.574270166	0.2471577185
0	cfcompat_seed1114	LV	R1	0.2	306	0.4028647179	0.617121528	0.574270166	0.1714054481
0	cfcompat_seed1114	LV	R1	0.3	459	0.4450836807	0.6296358025	0.574270166	0.1291864853
0	cfcompat_seed1114	LV	R1	0.5	765	0.4917021742	0.6568381577	0.574270166	0.08256799176
0	cfcompat_seed1114	LV	R1	0.7	1071	0.5197909406	0.7013883585	0.574270166	0.05447922538
0	cfcompat_seed1114	LV	R1	1	1530	0.574270166	0	0.574270166	0
0	cfcompat_seed1114	LV	R2	0.1	153	0.3204572014	0.6024716065	0.574270166	0.2538129646
0	cfcompat_seed1114	LV	R2	0.2	306	0.3715675354	0.6249458236	0.574270166	0.2027026306
0	cfcompat_seed1114	LV	R2	0.3	459	0.415569972	0.6422845348	0.574270166	0.158700194
0	cfcompat_seed1114	LV	R2	0.5	765	0.4830045073	0.6655358246	0.574270166	0.09126565864
0	cfcompat_seed1114	LV	R2	0.7	1071	0.5196333361	0.7017561024	0.574270166	0.05463682988
0	cfcompat_seed1114	LV	R2	1	1530	0.574270166	0	0.574270166	0
0	cfcompat_seed1114	LV	N3_output_only	0.1	153	0.3271124474	0.6017321347	0.574270166	0.2471577185
0	cfcompat_seed1114	LV	N3_output_only	0.2	306	0.4028647179	0.617121528	0.574270166	0.1714054481
0	cfcompat_seed1114	LV	N3_output_only	0.3	459	0.4450836807	0.6296358025	0.574270166	0.1291864853
0	cfcompat_seed1114	LV	N3_output_only	0.5	765	0.4917021742	0.6568381577	0.574270166	0.08256799176
0	cfcompat_seed1114	LV	N3_output_only	0.7	1071	0.5197909406	0.7013883585	0.574270166	0.05447922538
0	cfcompat_seed1114	LV	N3_output_only	1	1530	0.574270166	0	0.574270166	0
0	cfcompat_seed1114	LV	N2_length_mask_only	0.1	153	0.5796745159	0.5736696827	0.574270166	-0.005404349906
0	cfcompat_seed1114	LV	N2_length_mask_only	0.2	306	0.6110271398	0.5650809225	0.574270166	-0.03675697385
0	cfcompat_seed1114	LV	N2_length_mask_only	0.3	459	0.5955103758	0.5651672189	0.574270166	-0.02124020981
0	cfcompat_seed1114	LV	N2_length_mask_only	0.5	765	0.5726444056	0.5758959264	0.574270166	0.001625760414
0	cfcompat_seed1114	LV	N2_length_mask_only	0.7	1071	0.5580892319	0.612025679	0.574270166	0.01618093414
0	cfcompat_seed1114	LV	N2_length_mask_only	1	1530	0.574270166	0	0.574270166	0
0	cfcompat_seed1114	LV	N5_label_bin_prior	0.1	153	0.3618202493	0.5978757123	0.574270166	0.2124499167
0	cfcompat_seed1114	LV	N5_label_bin_prior	0.2	306	0.4046141035	0.6166841816	0.574270166	0.1696560625
0	cfcompat_seed1114	LV	N5_label_bin_prior	0.3	459	0.4394920527	0.6320322145	0.574270166	0.1347781133
0	cfcompat_seed1114	LV	N5_label_bin_prior	0.5	765	0.513549639	0.634990693	0.574270166	0.06072052702
0	cfcompat_seed1114	LV	N5_label_bin_prior	0.7	1071	0.5604386504	0.6065437022	0.574270166	0.01383151554
0	cfcompat_seed1114	LV	N5_label_bin_prior	1	1530	0.574270166	0	0.574270166	-1.110223025e-16
0	cfcompat_seed1114	LV	N1_matched_gaussian	0.1	153	0.5298235481	0.5792086791	0.574270166	0.04444661793
0	cfcompat_seed1114	LV	N1_matched_gaussian	0.2	306	0.5636158837	0.5769337365	0.574270166	0.01065428226
0	cfcompat_seed1114	LV	N1_matched_gaussian	0.3	459	0.5848797498	0.5697232015	0.574270166	-0.01060958386
0	cfcompat_seed1114	LV	N1_matched_gaussian	0.5	765	0.5663252532	0.5822150788	0.574270166	0.007944912826
0	cfcompat_seed1114	LV	N1_matched_gaussian	0.7	1071	0.5673152195	0.5904983745	0.574270166	0.006954946505
0	cfcompat_seed1114	LV	N1_matched_gaussian	1	1530	0.574270166	0	0.574270166	0
0	cfcompat_seed1114	LV	N0_shuffle_seed23071	0.1	153	0.5642417642	0.5753844329	0.574270166	0.01002840183
0	cfcompat_seed1114	LV	N0_shuffle_seed23071	0.2	306	0.5809411867	0.5726024108	0.574270166	-0.006671020733
0	cfcompat_seed1114	LV	N0_shuffle_seed23071	0.3	459	0.5931375255	0.5661841547	0.574270166	-0.01886735955
0	cfcompat_seed1114	LV	N0_shuffle_seed23071	0.5	765	0.6050693364	0.5434709955	0.574270166	-0.03079917045
0	cfcompat_seed1114	LV	N0_shuffle_seed23071	0.7	1071	0.5828469061	0.5542577723	0.574270166	-0.008576740157
0	cfcompat_seed1114	LV	N0_shuffle_seed23071	1	1530	0.574270166	0	0.574270166	0
0	cfcompat_seed1114	LV	N0_shuffle_seed23072	0.1	153	0.6454440804	0.5663619533	0.574270166	-0.07117391442
0	cfcompat_seed1114	LV	N0_shuffle_seed23072	0.2	306	0.5961094416	0.5688103471	0.574270166	-0.02183927564
0	cfcompat_seed1114	LV	N0_shuffle_seed23072	0.3	459	0.5884363283	0.5681989536	0.574270166	-0.01416616235
0	cfcompat_seed1114	LV	N0_shuffle_seed23072	0.5	765	0.579512563	0.569027769	0.574270166	-0.005242396976
0	cfcompat_seed1114	LV	N0_shuffle_seed23072	0.7	1071	0.5727315958	0.5778601631	0.574270166	0.001538570188
0	cfcompat_seed1114	LV	N0_shuffle_seed23072	1	1530	0.574270166	0	0.574270166	0
0	cfcompat_seed1114	LV	N0_shuffle_seed23073	0.1	153	0.5879081069	0.5727548392	0.574270166	-0.01363794088
0	cfcompat_seed1114	LV	N0_shuffle_seed23073	0.2	306	0.5790158127	0.5730837543	0.574270166	-0.004745646664
0	cfcompat_seed1114	LV	N0_shuffle_seed23073	0.3	459	0.5744920646	0.5741750666	0.574270166	-0.0002218985763
0	cfcompat_seed1114	LV	N0_shuffle_seed23073	0.5	765	0.5863833119	0.5621570201	0.574270166	-0.01211314588
0	cfcompat_seed1114	LV	N0_shuffle_seed23073	0.7	1071	0.5706805373	0.5826459664	0.574270166	0.003589628733
0	cfcompat_seed1114	LV	N0_shuffle_seed23073	1	1530	0.574270166	0	0.574270166	0
0	cfcompat_seed1114	L	R0_global	0.1	153	0.4531727887	0.5920711828	0.5781813433	0.1250085547
0	cfcompat_seed1114	L	R0_global	0.2	306	0.5292466714	0.5904150113	0.5781813433	0.0489346719
0	cfcompat_seed1114	L	R0_global	0.3	459	0.5350782443	0.5966541001	0.5781813433	0.04310309907
0	cfcompat_seed1114	L	R0_global	0.5	765	0.5294627934	0.6268998932	0.5781813433	0.04871854989
0	cfcompat_seed1114	L	R0_global	0.7	1071	0.5610303447	0.6182003402	0.5781813433	0.01715099864
0	cfcompat_seed1114	L	R0_global	1	1530	0.5781813433	0	0.5781813433	0
0	cfcompat_seed1114	L	R0_mode	0.1	153	0.4531727887	0.5920711828	0.5781813433	0.1250085547
0	cfcompat_seed1114	L	R0_mode	0.2	306	0.5292466714	0.5904150113	0.5781813433	0.0489346719
0	cfcompat_seed1114	L	R0_mode	0.3	459	0.5350782443	0.5966541001	0.5781813433	0.04310309907
0	cfcompat_seed1114	L	R0_mode	0.5	765	0.5294627934	0.6268998932	0.5781813433	0.04871854989
0	cfcompat_seed1114	L	R0_mode	0.7	1071	0.5610303447	0.6182003402	0.5781813433	0.01715099864
0	cfcompat_seed1114	L	R0_mode	1	1530	0.5781813433	0	0.5781813433	0
0	cfcompat_seed1114	L	R1	0.1	153	0.3677799117	0.6015592802	0.5781813433	0.2104014317
0	cfcompat_seed1114	L	R1	0.2	306	0.4035535989	0.6218382795	0.5781813433	0.1746277445
0	cfcompat_seed1114	L	R1	0.3	459	0.434498167	0.6397598475	0.5781813433	0.1436831763
0	cfcompat_seed1114	L	R1	0.5	765	0.4876718273	0.6686908594	0.5781813433	0.09050951609
0	cfcompat_seed1114	L	R1	0.7	1071	0.5316324779	0.6867953626	0.5781813433	0.0465488654
0	cfcompat_seed1114	L	R1	1	1530	0.5781813433	0	0.5781813433	0
0	cfcompat_seed1114	L	R2	0.1	153	0.3245616629	0.6063613078	0.5781813433	0.2536196804
0	cfcompat_seed1114	L	R2	0.2	306	0.3881370992	0.6256924044	0.5781813433	0.1900442442
0	cfcompat_seed1114	L	R2	0.3	459	0.3996747956	0.6546841495	0.5781813433	0.1785065477
0	cfcompat_seed1114	L	R2	0.5	765	0.4677265377	0.688636149	0.5781813433	0.1104548056
0	cfcompat_seed1114	L	R2	0.7	1071	0.5127679013	0.7308127082	0.5781813433	0.06541344208
0	cfcompat_seed1114	L	R2	1	1530	0.5781813433	0	0.5781813433	-1.110223025e-16
0	cfcompat_seed1114	L	N3_output_only	0.1	153	0.3677799117	0.6015592802	0.5781813433	0.2104014317
0	cfcompat_seed1114	L	N3_output_only	0.2	306	0.4035535989	0.6218382795	0.5781813433	0.1746277445
0	cfcompat_seed1114	L	N3_output_only	0.3	459	0.434498167	0.6397598475	0.5781813433	0.1436831763
0	cfcompat_seed1114	L	N3_output_only	0.5	765	0.4876718273	0.6686908594	0.5781813433	0.09050951609
0	cfcompat_seed1114	L	N3_output_only	0.7	1071	0.5316324779	0.6867953626	0.5781813433	0.0465488654
0	cfcompat_seed1114	L	N3_output_only	1	1530	0.5781813433	0	0.5781813433	0
0	cfcompat_seed1114	L	N2_length_mask_only	0.1	153	0.5811062961	0.5778563486	0.5781813433	-0.002924952801
0	cfcompat_seed1114	L	N2_length_mask_only	0.2	306	0.6181014876	0.5682013073	0.5781813433	-0.03992014423
0	cfcompat_seed1114	L	N2_length_mask_only	0.3	459	0.5961764125	0.5704691709	0.5781813433	-0.01799506912
0	cfcompat_seed1114	L	N2_length_mask_only	0.5	765	0.5771757771	0.5791869096	0.5781813433	0.001005566216
0	cfcompat_seed1114	L	N2_length_mask_only	0.7	1071	0.5662067327	0.6061221016	0.5781813433	0.01197461067
0	cfcompat_seed1114	L	N2_length_mask_only	1	1530	0.5781813433	0	0.5781813433	0
0	cfcompat_seed1114	L	N5_label_bin_prior	0.1	153	0.3267011134	0.6061235911	0.5781813433	0.25148023
0	cfcompat_seed1114	L	N5_label_bin_prior	0.2	306	0.40387037	0.6217590867	0.5781813433	0.1743109733
0	cfcompat_seed1114	L	N5_label_bin_prior	0.3	459	0.4507188435	0.632808129	0.5781813433	0.1274624998
0	cfcompat_seed1114	L	N5_label_bin_prior	0.5	765	0.5153218522	0.6410408345	0.5781813433	0.06285949114
0	cfcompat_seed1114	L	N5_label_bin_prior	0.7	1071	0.5643100179	0.6105477693	0.5781813433	0.01387132541
0	cfcompat_seed1114	L	N5_label_bin_prior	1	1530	0.5781813433	0	0.5781813433	0
0	cfcompat_seed1114	L	N1_matched_gaussian	0.1	153	0.5535563727	0.5809174512	0.5781813433	0.02462497063
0	cfcompat_seed1114	L	N1_matched_gaussian	0.2	306	0.58969973	0.5753017467	0.5781813433	-0.01151838668
0	cfcompat_seed1114	L	N1_matched_gaussian	0.3	459	0.5855169959	0.5750374922	0.5781813433	-0.007335652578
0	cfcompat_seed1114	L	N1_matched_gaussian	0.5	765	0.5874094037	0.568953283	0.5781813433	-0.009228060338
0	cfcompat_seed1114	L	N1_matched_gaussian	0.7	1071	0.594756786	0.5395053104	0.5781813433	-0.01657544267
0	cfcompat_seed1114	L	N1_matched_gaussian	1	1530	0.5781813433	0	0.5781813433	0
0	cfcompat_seed1114	L	N0_shuffle_seed23071	0.1	153	0.6359229538	0.5717656089	0.5781813433	-0.05774161042
0	cfcompat_seed1114	L	N0_shuffle_seed23071	0.2	306	0.577138048	0.5784421672	0.5781813433	0.001043295361
0	cfcompat_seed1114	L	N0_shuffle_seed23071	0.3	459	0.5564512772	0.5874942288	0.5781813433	0.02173006611
0	cfcompat_seed1114	L	N0_shuffle_seed23071	0.5	765	0.5738592676	0.5825034191	0.5781813433	0.004322075721
0	cfcompat_seed1114	L	N0_shuffle_seed23071	0.7	1071	0.5669394573	0.6044124107	0.5781813433	0.01124188599
0	cfcompat_seed1114	L	N0_shuffle_seed23071	1	1530	0.5781813433	0	0.5781813433	0
0	cfcompat_seed1114	L	N0_shuffle_seed23072	0.1	153	0.6457638046	0.570672181	0.5781813433	-0.06758246128
0	cfcompat_seed1114	L	N0_shuffle_seed23072	0.2	306	0.624517856	0.5665972152	0.5781813433	-0.04633651265
0	cfcompat_seed1114	L	N0_shuffle_seed23072	0.3	459	0.6196638321	0.5604031339	0.5781813433	-0.04148248876
0	cfcompat_seed1114	L	N0_shuffle_seed23072	0.5	765	0.5880606177	0.568302069	0.5781813433	-0.009879274372
0	cfcompat_seed1114	L	N0_shuffle_seed23072	0.7	1071	0.5797750755	0.5744626349	0.5781813433	-0.001593732178
0	cfcompat_seed1114	L	N0_shuffle_seed23072	1	1530	0.5781813433	0	0.5781813433	0
0	cfcompat_seed1114	L	N0_shuffle_seed23073	0.1	153	0.6020225328	0.5755323223	0.5781813433	-0.02384118948
0	cfcompat_seed1114	L	N0_shuffle_seed23073	0.2	306	0.6124176217	0.5696222737	0.5781813433	-0.03423627838
0	cfcompat_seed1114	L	N0_shuffle_seed23073	0.3	459	0.6032803107	0.567424643	0.5781813433	-0.02509896738
0	cfcompat_seed1114	L	N0_shuffle_seed23073	0.5	765	0.5864223475	0.5699403392	0.5781813433	-0.008241004117
0	cfcompat_seed1114	L	N0_shuffle_seed23073	0.7	1071	0.5801744843	0.573530681	0.5781813433	-0.001993141002
0	cfcompat_seed1114	L	N0_shuffle_seed23073	1	1530	0.5781813433	0	0.5781813433	0
1	uniform_kd_seed1111	LAV	R0_global	0.1	130	0.549069735	0.5566828653	0.5559197913	0.006850056303
1	uniform_kd_seed1111	LAV	R0_global	0.2	260	0.5367145199	0.5607349992	0.5559197913	0.01920527141
1	uniform_kd_seed1111	LAV	R0_global	0.3	390	0.5453987268	0.5604437331	0.5559197913	0.0105210645
1	uniform_kd_seed1111	LAV	R0_global	0.5	649	0.5733667981	0.5384458602	0.5559197913	-0.01744700679
1	uniform_kd_seed1111	LAV	R0_global	0.7	908	0.5594269258	0.5477334723	0.5559197913	-0.003507134477
1	uniform_kd_seed1111	LAV	R0_global	1	1297	0.5559197913	0	0.5559197913	0
1	uniform_kd_seed1111	LAV	R0_mode	0.1	130	0.549069735	0.5566828653	0.5559197913	0.006850056303
1	uniform_kd_seed1111	LAV	R0_mode	0.2	260	0.5367145199	0.5607349992	0.5559197913	0.01920527141
1	uniform_kd_seed1111	LAV	R0_mode	0.3	390	0.5453987268	0.5604437331	0.5559197913	0.0105210645
1	uniform_kd_seed1111	LAV	R0_mode	0.5	649	0.5733667981	0.5384458602	0.5559197913	-0.01744700679
1	uniform_kd_seed1111	LAV	R0_mode	0.7	908	0.5594269258	0.5477334723	0.5559197913	-0.003507134477
1	uniform_kd_seed1111	LAV	R0_mode	1	1297	0.5559197913	0	0.5559197913	0
1	uniform_kd_seed1111	LAV	R1	0.1	130	0.3939422427	0.5739635628	0.5559197913	0.1619775486
1	uniform_kd_seed1111	LAV	R1	0.2	260	0.42115091	0.5897094819	0.5559197913	0.1347688813
1	uniform_kd_seed1111	LAV	R1	0.3	390	0.4314497417	0.6094405403	0.5559197913	0.1244700496
1	uniform_kd_seed1111	LAV	R1	0.5	649	0.4806055248	0.6313502835	0.5559197913	0.07531426648
1	uniform_kd_seed1111	LAV	R1	0.7	908	0.5080806356	0.6675854813	0.5559197913	0.04783915575
1	uniform_kd_seed1111	LAV	R1	1	1297	0.5559197913	0	0.5559197913	1.110223025e-16
1	uniform_kd_seed1111	LAV	R2	0.1	130	0.3235551553	0.5818044552	0.5559197913	0.2323646361
1	uniform_kd_seed1111	LAV	R2	0.2	260	0.3822428019	0.5994646488	0.5559197913	0.1736769894
1	uniform_kd_seed1111	LAV	R2	0.3	390	0.4313443765	0.6094858462	0.5559197913	0.1245754148
1	uniform_kd_seed1111	LAV	R2	0.5	649	0.4734827319	0.6384840684	0.5559197913	0.08243705943
1	uniform_kd_seed1111	LAV	R2	0.7	908	0.5084661212	0.6666856845	0.5559197913	0.0474536701
1	uniform_kd_seed1111	LAV	R2	1	1297	0.5559197913	0	0.5559197913	0
1	uniform_kd_seed1111	LAV	N3_output_only	0.1	130	0.3939422427	0.5739635628	0.5559197913	0.1619775486
1	uniform_kd_seed1111	LAV	N3_output_only	0.2	260	0.42115091	0.5897094819	0.5559197913	0.1347688813
1	uniform_kd_seed1111	LAV	N3_output_only	0.3	390	0.4314497417	0.6094405403	0.5559197913	0.1244700496
1	uniform_kd_seed1111	LAV	N3_output_only	0.5	649	0.4806055248	0.6313502835	0.5559197913	0.07531426648
1	uniform_kd_seed1111	LAV	N3_output_only	0.7	908	0.5080806356	0.6675854813	0.5559197913	0.04783915575
1	uniform_kd_seed1111	LAV	N3_output_only	1	1297	0.5559197913	0	0.5559197913	1.110223025e-16
1	uniform_kd_seed1111	LAV	N2_length_mask_only	0.1	130	0.5039033986	0.5617142481	0.5559197913	0.05201639278
1	uniform_kd_seed1111	LAV	N2_length_mask_only	0.2	260	0.5574899534	0.5555261152	0.5559197913	-0.001570162109
1	uniform_kd_seed1111	LAV	N2_length_mask_only	0.3	390	0.5395036587	0.5629785474	0.5559197913	0.0164161326
1	uniform_kd_seed1111	LAV	N2_length_mask_only	0.5	649	0.5466779889	0.5651758558	0.5559197913	0.009241802424
1	uniform_kd_seed1111	LAV	N2_length_mask_only	0.7	908	0.5502154405	0.5692348313	0.5559197913	0.005704350803
1	uniform_kd_seed1111	LAV	N2_length_mask_only	1	1297	0.5559197913	0	0.5559197913	1.110223025e-16
1	uniform_kd_seed1111	LAV	N5_label_bin_prior	0.1	130	0.3655749917	0.5771235822	0.5559197913	0.1903447996
1	uniform_kd_seed1111	LAV	N5_label_bin_prior	0.2	260	0.3995298669	0.5951303799	0.5559197913	0.1563899244
1	uniform_kd_seed1111	LAV	N5_label_bin_prior	0.3	390	0.4445555664	0.6038051802	0.5559197913	0.1113642249
1	uniform_kd_seed1111	LAV	N5_label_bin_prior	0.5	649	0.4711674465	0.6408029268	0.5559197913	0.08475234479
1	uniform_kd_seed1111	LAV	N5_label_bin_prior	0.7	908	0.5095083147	0.6642530067	0.5559197913	0.04641147661
1	uniform_kd_seed1111	LAV	N5_label_bin_prior	1	1297	0.5559197913	0	0.5559197913	1.110223025e-16
1	uniform_kd_seed1111	LAV	N1_matched_gaussian	0.1	130	0.5496010341	0.5566236803	0.5559197913	0.006318757196
1	uniform_kd_seed1111	LAV	N1_matched_gaussian	0.2	260	0.5403445081	0.5598248768	0.5559197913	0.01557528325
1	uniform_kd_seed1111	LAV	N1_matched_gaussian	0.3	390	0.5368836522	0.5641051213	0.5559197913	0.01903613917
1	uniform_kd_seed1111	LAV	N1_matched_gaussian	0.5	649	0.5362047276	0.5756652796	0.5559197913	0.01971506376
1	uniform_kd_seed1111	LAV	N1_matched_gaussian	0.7	908	0.5398901334	0.5933360622	0.5559197913	0.0160296579
1	uniform_kd_seed1111	LAV	N1_matched_gaussian	1	1297	0.5559197913	0	0.5559197913	0
1	uniform_kd_seed1111	LAV	N0_shuffle_seed23071	0.1	130	0.5261266088	0.5592386548	0.5559197913	0.02979318251
1	uniform_kd_seed1111	LAV	N0_shuffle_seed23071	0.2	260	0.5328125188	0.5617133216	0.5559197913	0.02310727256
1	uniform_kd_seed1111	LAV	N0_shuffle_seed23071	0.3	390	0.5163755326	0.5729233866	0.5559197913	0.03954425875
1	uniform_kd_seed1111	LAV	N0_shuffle_seed23071	0.5	649	0.5372920102	0.5745763191	0.5559197913	0.01862778115
1	uniform_kd_seed1111	LAV	N0_shuffle_seed23071	0.7	908	0.5497722879	0.5702692339	0.5559197913	0.006147503475
1	uniform_kd_seed1111	LAV	N0_shuffle_seed23071	1	1297	0.5559197913	0	0.5559197913	0
1	uniform_kd_seed1111	LAV	N0_shuffle_seed23072	0.1	130	0.6234461753	0.548397572	0.5559197913	-0.06752638401
1	uniform_kd_seed1111	LAV	N0_shuffle_seed23072	0.2	260	0.5940329247	0.546363943	0.5559197913	-0.03811313338
1	uniform_kd_seed1111	LAV	N0_shuffle_seed23072	0.3	390	0.5735673385	0.5483315406	0.5559197913	-0.01764754717
1	uniform_kd_seed1111	LAV	N0_shuffle_seed23072	0.5	649	0.5510761661	0.5607708913	0.5559197913	0.004843625275
1	uniform_kd_seed1111	LAV	N0_shuffle_seed23072	0.7	908	0.5576326954	0.5519215474	0.5559197913	-0.001712904079
1	uniform_kd_seed1111	LAV	N0_shuffle_seed23072	1	1297	0.5559197913	0	0.5559197913	1.110223025e-16
1	uniform_kd_seed1111	LAV	N0_shuffle_seed23073	0.1	130	0.5835287315	0.5528442453	0.5559197913	-0.02760894019
1	uniform_kd_seed1111	LAV	N0_shuffle_seed23073	0.2	260	0.5397987859	0.559961702	0.5559197913	0.01612100539
1	uniform_kd_seed1111	LAV	N0_shuffle_seed23073	0.3	390	0.5441325748	0.5609881645	0.5559197913	0.01178721657
1	uniform_kd_seed1111	LAV	N0_shuffle_seed23073	0.5	649	0.5374822871	0.5743857485	0.5559197913	0.0184375042
1	uniform_kd_seed1111	LAV	N0_shuffle_seed23073	0.7	908	0.5356313999	0.6032767564	0.5559197913	0.02028839142
1	uniform_kd_seed1111	LAV	N0_shuffle_seed23073	1	1297	0.5559197913	0	0.5559197913	0
1	uniform_kd_seed1111	LA	R0_global	0.1	130	0.5547054454	0.5583394378	0.557975198	0.003269752645
1	uniform_kd_seed1111	LA	R0_global	0.2	260	0.5405270024	0.5623498662	0.557975198	0.0174481956
1	uniform_kd_seed1111	LA	R0_global	0.3	390	0.5485464018	0.5620294765	0.557975198	0.009428796211
1	uniform_kd_seed1111	LA	R0_global	0.5	649	0.5762131141	0.539709137	0.557975198	-0.01823791607
1	uniform_kd_seed1111	LA	R0_global	0.7	908	0.5615378018	0.5496594031	0.557975198	-0.003562603782
1	uniform_kd_seed1111	LA	R0_global	1	1297	0.557975198	0	0.557975198	0
1	uniform_kd_seed1111	LA	R0_mode	0.1	130	0.5547054454	0.5583394378	0.557975198	0.003269752645
1	uniform_kd_seed1111	LA	R0_mode	0.2	260	0.5405270024	0.5623498662	0.557975198	0.0174481956
1	uniform_kd_seed1111	LA	R0_mode	0.3	390	0.5485464018	0.5620294765	0.557975198	0.009428796211
1	uniform_kd_seed1111	LA	R0_mode	0.5	649	0.5762131141	0.539709137	0.557975198	-0.01823791607
1	uniform_kd_seed1111	LA	R0_mode	0.7	908	0.5615378018	0.5496594031	0.557975198	-0.003562603782
1	uniform_kd_seed1111	LA	R0_mode	1	1297	0.557975198	0	0.557975198	0
1	uniform_kd_seed1111	LA	R1	0.1	130	0.3327309123	0.583066678	0.557975198	0.2252442858
1	uniform_kd_seed1111	LA	R1	0.2	260	0.404542732	0.5964442831	0.557975198	0.153432466
1	uniform_kd_seed1111	LA	R1	0.3	390	0.4460623534	0.6060964874	0.557975198	0.1119128446
1	uniform_kd_seed1111	LA	R1	0.5	649	0.4992700128	0.6167709777	0.557975198	0.05870518521
1	uniform_kd_seed1111	LA	R1	0.7	908	0.5133009535	0.6622533834	0.557975198	0.04467424458
1	uniform_kd_seed1111	LA	R1	1	1297	0.557975198	0	0.557975198	0
1	uniform_kd_seed1111	LA	R2	0.1	130	0.3180251607	0.5847048509	0.557975198	0.2399500373
1	uniform_kd_seed1111	LA	R2	0.2	260	0.3850429514	0.6013333312	0.557975198	0.1729322466
1	uniform_kd_seed1111	LA	R2	0.3	390	0.4162358235	0.6189215664	0.557975198	0.1417393746
1	uniform_kd_seed1111	LA	R2	0.5	649	0.472853685	0.6432280715	0.557975198	0.08512151307
1	uniform_kd_seed1111	LA	R2	0.7	908	0.511623222	0.6661695278	0.557975198	0.04635197609
1	uniform_kd_seed1111	LA	R2	1	1297	0.557975198	0	0.557975198	0
1	uniform_kd_seed1111	LA	N3_output_only	0.1	130	0.3327309123	0.583066678	0.557975198	0.2252442858
1	uniform_kd_seed1111	LA	N3_output_only	0.2	260	0.404542732	0.5964442831	0.557975198	0.153432466
1	uniform_kd_seed1111	LA	N3_output_only	0.3	390	0.4460623534	0.6060964874	0.557975198	0.1119128446
1	uniform_kd_seed1111	LA	N3_output_only	0.5	649	0.4992700128	0.6167709777	0.557975198	0.05870518521
1	uniform_kd_seed1111	LA	N3_output_only	0.7	908	0.5133009535	0.6622533834	0.557975198	0.04467424458
1	uniform_kd_seed1111	LA	N3_output_only	1	1297	0.557975198	0	0.557975198	0
1	uniform_kd_seed1111	LA	N2_length_mask_only	0.1	130	0.5312484208	0.560952474	0.557975198	0.02672677729
1	uniform_kd_seed1111	LA	N2_length_mask_only	0.2	260	0.562117082	0.5569367315	0.557975198	-0.004141883902
1	uniform_kd_seed1111	LA	N2_length_mask_only	0.3	390	0.547322053	0.5625559329	0.557975198	0.010653145
1	uniform_kd_seed1111	LA	N2_length_mask_only	0.5	649	0.5482909584	0.5676743826	0.557975198	0.0096842397
1	uniform_kd_seed1111	LA	N2_length_mask_only	0.7	908	0.5529487436	0.569707899	0.557975198	0.00502645447
1	uniform_kd_seed1111	LA	N2_length_mask_only	1	1297	0.557975198	0	0.557975198	0
1	uniform_kd_seed1111	LA	N5_label_bin_prior	0.1	130	0.3822640279	0.5775488503	0.557975198	0.1757111702
1	uniform_kd_seed1111	LA	N5_label_bin_prior	0.2	260	0.4040799153	0.596560322	0.557975198	0.1538952827
1	uniform_kd_seed1111	LA	N5_label_bin_prior	0.3	390	0.4507727648	0.6040710624	0.557975198	0.1072024333
1	uniform_kd_seed1111	LA	N5_label_bin_prior	0.5	649	0.4715368844	0.6445469041	0.557975198	0.08643831362
1	uniform_kd_seed1111	LA	N5_label_bin_prior	0.7	908	0.5113270788	0.6668607824	0.557975198	0.04664811928
1	uniform_kd_seed1111	LA	N5_label_bin_prior	1	1297	0.557975198	0	0.557975198	0
1	uniform_kd_seed1111	LA	N1_matched_gaussian	0.1	130	0.532958505	0.5607619762	0.557975198	0.0250166931
1	uniform_kd_seed1111	LA	N1_matched_gaussian	0.2	260	0.570294538	0.5548864532	0.557975198	-0.01231933997
1	uniform_kd_seed1111	LA	N1_matched_gaussian	0.3	390	0.568494718	0.5534519205	0.557975198	-0.01051951995
1	uniform_kd_seed1111	LA	N1_matched_gaussian	0.5	649	0.5706789595	0.5452518321	0.557975198	-0.01270376143
1	uniform_kd_seed1111	LA	N1_matched_gaussian	0.7	908	0.5631274133	0.5459489475	0.557975198	-0.005152215278
1	uniform_kd_seed1111	LA	N1_matched_gaussian	1	1297	0.557975198	0	0.557975198	0
1	uniform_kd_seed1111	LA	N0_shuffle_seed23071	0.1	130	0.5947449238	0.5538791703	0.557975198	-0.03676972577
1	uniform_kd_seed1111	LA	N0_shuffle_seed23071	0.2	260	0.5696404841	0.5550504397	0.557975198	-0.01166528605
1	uniform_kd_seed1111	LA	N0_shuffle_seed23071	0.3	390	0.552549599	0.5603081458	0.557975198	0.005425599039
1	uniform_kd_seed1111	LA	N0_shuffle_seed23071	0.5	649	0.5536947949	0.5622622067	0.557975198	0.004280403121
1	uniform_kd_seed1111	LA	N0_shuffle_seed23071	0.7	908	0.5522047321	0.5714445634	0.557975198	0.00577046598
1	uniform_kd_seed1111	LA	N0_shuffle_seed23071	1	1297	0.557975198	0	0.557975198	1.110223025e-16
1	uniform_kd_seed1111	LA	N0_shuffle_seed23072	0.1	130	0.5535105002	0.5584725509	0.557975198	0.004464697887
1	uniform_kd_seed1111	LA	N0_shuffle_seed23072	0.2	260	0.5414244176	0.5621248633	0.557975198	0.01655078043
1	uniform_kd_seed1111	LA	N0_shuffle_seed23072	0.3	390	0.5446430956	0.5637078551	0.557975198	0.01333210247
1	uniform_kd_seed1111	LA	N0_shuffle_seed23072	0.5	649	0.5469712083	0.5689961693	0.557975198	0.01100398977
1	uniform_kd_seed1111	LA	N0_shuffle_seed23072	0.7	908	0.5525503051	0.5706379302	0.557975198	0.005424892951
1	uniform_kd_seed1111	LA	N0_shuffle_seed23072	1	1297	0.557975198	0	0.557975198	0
1	uniform_kd_seed1111	LA	N0_shuffle_seed23073	0.1	130	0.5951665604	0.5538322014	0.557975198	-0.03719136232
1	uniform_kd_seed1111	LA	N0_shuffle_seed23073	0.2	260	0.5447253958	0.5612972314	0.557975198	0.01324980226
1	uniform_kd_seed1111	LA	N0_shuffle_seed23073	0.3	390	0.5617675744	0.556344518	0.557975198	-0.0037923764
1	uniform_kd_seed1111	LA	N0_shuffle_seed23073	0.5	649	0.5574228665	0.558528382	0.557975198	0.0005523315473
1	uniform_kd_seed1111	LA	N0_shuffle_seed23073	0.7	908	0.5548337546	0.5653079246	0.557975198	0.003141443413
1	uniform_kd_seed1111	LA	N0_shuffle_seed23073	1	1297	0.557975198	0	0.557975198	0
1	uniform_kd_seed1111	LV	R0_global	0.1	130	0.5490903663	0.5554193654	0.5547850015	0.005694635192
1	uniform_kd_seed1111	LV	R0_global	0.2	260	0.5361757061	0.5594507844	0.5547850015	0.01860929547
1	uniform_kd_seed1111	LV	R0_global	0.3	390	0.5447639363	0.5590939491	0.5547850015	0.01002106519
1	uniform_kd_seed1111	LV	R0_global	0.5	649	0.5726131769	0.5369293136	0.5547850015	-0.01782817536
1	uniform_kd_seed1111	LV	R0_global	0.7	908	0.5585011671	0.5461107643	0.5547850015	-0.003716165516
1	uniform_kd_seed1111	LV	R0_global	1	1297	0.5547850015	0	0.5547850015	0
1	uniform_kd_seed1111	LV	R0_mode	0.1	130	0.5490903663	0.5554193654	0.5547850015	0.005694635192
1	uniform_kd_seed1111	LV	R0_mode	0.2	260	0.5361757061	0.5594507844	0.5547850015	0.01860929547
1	uniform_kd_seed1111	LV	R0_mode	0.3	390	0.5447639363	0.5590939491	0.5547850015	0.01002106519
1	uniform_kd_seed1111	LV	R0_mode	0.5	649	0.5726131769	0.5369293136	0.5547850015	-0.01782817536
1	uniform_kd_seed1111	LV	R0_mode	0.7	908	0.5585011671	0.5461107643	0.5547850015	-0.003716165516
1	uniform_kd_seed1111	LV	R0_mode	1	1297	0.5547850015	0	0.5547850015	0
1	uniform_kd_seed1111	LV	R1	0.1	130	0.4133514877	0.5705402344	0.5547850015	0.1414335138
1	uniform_kd_seed1111	LV	R1	0.2	260	0.4246419794	0.5874148817	0.5547850015	0.1301430222
1	uniform_kd_seed1111	LV	R1	0.3	390	0.4351668351	0.6062194943	0.5547850015	0.1196181665
1	uniform_kd_seed1111	LV	R1	0.5	649	0.4646021716	0.6451070026	0.5547850015	0.09018282998
1	uniform_kd_seed1111	LV	R1	0.7	908	0.5103071216	0.6586048343	0.5547850015	0.04447787991
1	uniform_kd_seed1111	LV	R1	1	1297	0.5547850015	0	0.5547850015	0
1	uniform_kd_seed1111	LV	R2	0.1	130	0.344154955	0.5782485029	0.5547850015	0.2106300465
1	uniform_kd_seed1111	LV	R2	0.2	260	0.374729072	0.5999292076	0.5547850015	0.1800559295
1	uniform_kd_seed1111	LV	R2	0.3	390	0.4270723332	0.6097000409	0.5547850015	0.1277126684
1	uniform_kd_seed1111	LV	R2	0.5	649	0.4762180828	0.6334731655	0.5547850015	0.07856691875
1	uniform_kd_seed1111	LV	R2	0.7	908	0.5196510247	0.6367943871	0.5547850015	0.03513397683
1	uniform_kd_seed1111	LV	R2	1	1297	0.5547850015	0	0.5547850015	0
1	uniform_kd_seed1111	LV	N3_output_only	0.1	130	0.4133514877	0.5705402344	0.5547850015	0.1414335138
1	uniform_kd_seed1111	LV	N3_output_only	0.2	260	0.4246419794	0.5874148817	0.5547850015	0.1301430222
1	uniform_kd_seed1111	LV	N3_output_only	0.3	390	0.4351668351	0.6062194943	0.5547850015	0.1196181665
1	uniform_kd_seed1111	LV	N3_output_only	0.5	649	0.4646021716	0.6451070026	0.5547850015	0.09018282998
1	uniform_kd_seed1111	LV	N3_output_only	0.7	908	0.5103071216	0.6586048343	0.5547850015	0.04447787991
1	uniform_kd_seed1111	LV	N3_output_only	1	1297	0.5547850015	0	0.5547850015	0
1	uniform_kd_seed1111	LV	N2_length_mask_only	0.1	130	0.4962987481	0.5613001797	0.5547850015	0.05848625347
1	uniform_kd_seed1111	LV	N2_length_mask_only	0.2	260	0.5528602761	0.5552675749	0.5547850015	0.001924725415
1	uniform_kd_seed1111	LV	N2_length_mask_only	0.3	390	0.543468781	0.5596508516	0.5547850015	0.01131622053
1	uniform_kd_seed1111	LV	N2_length_mask_only	0.5	649	0.5381179498	0.571477774	0.5547850015	0.01666705174
1	uniform_kd_seed1111	LV	N2_length_mask_only	0.7	908	0.5507183029	0.5642774498	0.5547850015	0.004066698639
1	uniform_kd_seed1111	LV	N2_length_mask_only	1	1297	0.5547850015	0	0.5547850015	0
1	uniform_kd_seed1111	LV	N5_label_bin_prior	0.1	130	0.401525581	0.5718576019	0.5547850015	0.1532594205
1	uniform_kd_seed1111	LV	N5_label_bin_prior	0.2	260	0.4194820959	0.5887085844	0.5547850015	0.1353029056
1	uniform_kd_seed1111	LV	N5_label_bin_prior	0.3	390	0.4584828001	0.5961938864	0.5547850015	0.09630220142
1	uniform_kd_seed1111	LV	N5_label_bin_prior	0.5	649	0.4718090834	0.6378889689	0.5547850015	0.08297591811
1	uniform_kd_seed1111	LV	N5_label_bin_prior	0.7	908	0.5084744574	0.6628826213	0.5547850015	0.04631054415
1	uniform_kd_seed1111	LV	N5_label_bin_prior	1	1297	0.5547850015	0	0.5547850015	0
1	uniform_kd_seed1111	LV	N1_matched_gaussian	0.1	130	0.5356364987	0.5569180824	0.5547850015	0.01914850282
1	uniform_kd_seed1111	LV	N1_matched_gaussian	0.2	260	0.5347604005	0.5598056344	0.5547850015	0.02002460107
1	uniform_kd_seed1111	LV	N1_matched_gaussian	0.3	390	0.5313422419	0.5648651297	0.5547850015	0.02344275959
1	uniform_kd_seed1111	LV	N1_matched_gaussian	0.5	649	0.5475989592	0.5619821335	0.5547850015	0.00718604235
1	uniform_kd_seed1111	LV	N1_matched_gaussian	0.7	908	0.5689516	0.5217174659	0.5547850015	-0.01416659842
1	uniform_kd_seed1111	LV	N1_matched_gaussian	1	1297	0.5547850015	0	0.5547850015	0
1	uniform_kd_seed1111	LV	N0_shuffle_seed23071	0.1	130	0.4984533645	0.5610601625	0.5547850015	0.056331637
1	uniform_kd_seed1111	LV	N0_shuffle_seed23071	0.2	260	0.564321421	0.5523939996	0.5547850015	-0.009536419437
1	uniform_kd_seed1111	LV	N0_shuffle_seed23071	0.3	390	0.5450688973	0.5589628193	0.5547850015	0.00971610427
1	uniform_kd_seed1111	LV	N0_shuffle_seed23071	0.5	649	0.5438977319	0.5656890725	0.5547850015	0.0108872696
1	uniform_kd_seed1111	LV	N0_shuffle_seed23071	0.7	908	0.5513619557	0.5627750417	0.5547850015	0.003423045825
1	uniform_kd_seed1111	LV	N0_shuffle_seed23071	1	1297	0.5547850015	0	0.5547850015	0
1	uniform_kd_seed1111	LV	N0_shuffle_seed23072	0.1	130	0.6113301907	0.5484860516	0.5547850015	-0.05654518913
1	uniform_kd_seed1111	LV	N0_shuffle_seed23072	0.2	260	0.5987587294	0.543759766	0.5547850015	-0.04397372787
1	uniform_kd_seed1111	LV	N0_shuffle_seed23072	0.3	390	0.5711592854	0.54774424	0.5547850015	-0.01637428386
1	uniform_kd_seed1111	LV	N0_shuffle_seed23072	0.5	649	0.5424572936	0.5671317338	0.5547850015	0.01232770798
1	uniform_kd_seed1111	LV	N0_shuffle_seed23072	0.7	908	0.54780148	0.5710858693	0.5547850015	0.006983521536
1	uniform_kd_seed1111	LV	N0_shuffle_seed23072	1	1297	0.5547850015	0	0.5547850015	0
1	uniform_kd_seed1111	LV	N0_shuffle_seed23073	0.1	130	0.5380212074	0.5566524336	0.5547850015	0.01676379417
1	uniform_kd_seed1111	LV	N0_shuffle_seed23073	0.2	260	0.5452114555	0.557185312	0.5547850015	0.009573546017
1	uniform_kd_seed1111	LV	N0_shuffle_seed23073	0.3	390	0.5451169198	0.5589421701	0.5547850015	0.009668081781
1	uniform_kd_seed1111	LV	N0_shuffle_seed23073	0.5	649	0.524228026	0.5853891329	0.5547850015	0.0305569755
1	uniform_kd_seed1111	LV	N0_shuffle_seed23073	0.7	908	0.5392117129	0.5911360197	0.5547850015	0.01557328862
1	uniform_kd_seed1111	LV	N0_shuffle_seed23073	1	1297	0.5547850015	0	0.5547850015	0
1	uniform_kd_seed1111	L	R0_global	0.1	130	0.5539836569	0.5571019252	0.5567893771	0.002805720136
1	uniform_kd_seed1111	L	R0_global	0.2	260	0.5397231586	0.5610682747	0.5567893771	0.01706621851
1	uniform_kd_seed1111	L	R0_global	0.3	390	0.5477106673	0.5606931222	0.5567893771	0.009078709798
1	uniform_kd_seed1111	L	R0_global	0.5	649	0.5753614685	0.538188625	0.5567893771	-0.01857209147
1	uniform_kd_seed1111	L	R0_global	0.7	908	0.5606832005	0.5477004525	0.5567893771	-0.003893823435
1	uniform_kd_seed1111	L	R0_global	1	1297	0.5567893771	0	0.5567893771	-1.110223025e-16
1	uniform_kd_seed1111	L	R0_mode	0.1	130	0.5539836569	0.5571019252	0.5567893771	0.002805720136
1	uniform_kd_seed1111	L	R0_mode	0.2	260	0.5397231586	0.5610682747	0.5567893771	0.01706621851
1	uniform_kd_seed1111	L	R0_mode	0.3	390	0.5477106673	0.5606931222	0.5567893771	0.009078709798
1	uniform_kd_seed1111	L	R0_mode	0.5	649	0.5753614685	0.538188625	0.5567893771	-0.01857209147
1	uniform_kd_seed1111	L	R0_mode	0.7	908	0.5606832005	0.5477004525	0.5567893771	-0.003893823435
1	uniform_kd_seed1111	L	R0_mode	1	1297	0.5567893771	0	0.5567893771	-1.110223025e-16
1	uniform_kd_seed1111	L	R1	0.1	130	0.3445516229	0.5804319718	0.5567893771	0.2122377542
1	uniform_kd_seed1111	L	R1	0.2	260	0.4137608457	0.5926499539	0.5567893771	0.1430285314
1	uniform_kd_seed1111	L	R1	0.3	390	0.4211254625	0.6151233646	0.5567893771	0.1356639146
1	uniform_kd_seed1111	L	R1	0.5	649	0.494218301	0.6194570135	0.5567893771	0.06257107609
1	uniform_kd_seed1111	L	R1	0.7	908	0.5151492903	0.6539852608	0.5567893771	0.04164008673
1	uniform_kd_seed1111	L	R1	1	1297	0.5567893771	0	0.5567893771	0
1	uniform_kd_seed1111	L	R2	0.1	130	0.2951468101	0.5859355071	0.5567893771	0.261642567
1	uniform_kd_seed1111	L	R2	0.2	260	0.3996876829	0.5961784229	0.5567893771	0.1571016942
1	uniform_kd_seed1111	L	R2	0.3	390	0.4211939924	0.6150938975	0.5567893771	0.1355953847
1	uniform_kd_seed1111	L	R2	0.5	649	0.4503762347	0.6633667373	0.5567893771	0.1064131424
1	uniform_kd_seed1111	L	R2	0.7	908	0.5051189857	0.6773978999	0.5567893771	0.0516703914
1	uniform_kd_seed1111	L	R2	1	1297	0.5567893771	0	0.5567893771	0
1	uniform_kd_seed1111	L	N3_output_only	0.1	130	0.3445516229	0.5804319718	0.5567893771	0.2122377542
1	uniform_kd_seed1111	L	N3_output_only	0.2	260	0.4137608457	0.5926499539	0.5567893771	0.1430285314
1	uniform_kd_seed1111	L	N3_output_only	0.3	390	0.4211254625	0.6151233646	0.5567893771	0.1356639146
1	uniform_kd_seed1111	L	N3_output_only	0.5	649	0.494218301	0.6194570135	0.5567893771	0.06257107609
1	uniform_kd_seed1111	L	N3_output_only	0.7	908	0.5151492903	0.6539852608	0.5567893771	0.04164008673
1	uniform_kd_seed1111	L	N3_output_only	1	1297	0.5567893771	0	0.5567893771	0
1	uniform_kd_seed1111	L	N2_length_mask_only	0.1	130	0.5052242181	0.5625335679	0.5567893771	0.05156515903
1	uniform_kd_seed1111	L	N2_length_mask_only	0.2	260	0.5694007727	0.5536274071	0.5567893771	-0.01261139558
1	uniform_kd_seed1111	L	N2_length_mask_only	0.3	390	0.5470462582	0.5609788108	0.5567893771	0.009743118921
1	uniform_kd_seed1111	L	N2_length_mask_only	0.5	649	0.5436811616	0.5699178213	0.5567893771	0.01310821552
1	uniform_kd_seed1111	L	N2_length_mask_only	0.7	908	0.552452206	0.5669131595	0.5567893771	0.004337171096
1	uniform_kd_seed1111	L	N2_length_mask_only	1	1297	0.5567893771	0	0.5567893771	-1.110223025e-16
1	uniform_kd_seed1111	L	N5_label_bin_prior	0.1	130	0.3853682521	0.5758851322	0.5567893771	0.171421125
1	uniform_kd_seed1111	L	N5_label_bin_prior	0.2	260	0.4103988736	0.5934928784	0.5567893771	0.1463905035
1	uniform_kd_seed1111	L	N5_label_bin_prior	0.3	390	0.4504832233	0.6024998511	0.5567893771	0.1063061538
1	uniform_kd_seed1111	L	N5_label_bin_prior	0.5	649	0.480754821	0.6329412705	0.5567893771	0.07603455613
1	uniform_kd_seed1111	L	N5_label_bin_prior	0.7	908	0.5092504384	0.6677543035	0.5567893771	0.04753893872
1	uniform_kd_seed1111	L	N5_label_bin_prior	1	1297	0.5567893771	0	0.5567893771	0
1	uniform_kd_seed1111	L	N1_matched_gaussian	0.1	130	0.5888213936	0.5532211147	0.5567893771	-0.03203201648
1	uniform_kd_seed1111	L	N1_matched_gaussian	0.2	260	0.5958993053	0.5469836091	0.5567893771	-0.03910992823
1	uniform_kd_seed1111	L	N1_matched_gaussian	0.3	390	0.5623266372	0.5544084163	0.5567893771	-0.005537260155
1	uniform_kd_seed1111	L	N1_matched_gaussian	0.5	649	0.5680181728	0.545543253	0.5567893771	-0.01122879568
1	uniform_kd_seed1111	L	N1_matched_gaussian	0.7	908	0.5657747927	0.5358157077	0.5567893771	-0.008985415638
1	uniform_kd_seed1111	L	N1_matched_gaussian	1	1297	0.5567893771	0	0.5567893771	-1.110223025e-16
1	uniform_kd_seed1111	L	N0_shuffle_seed23071	0.1	130	0.5300239939	0.5597709536	0.5567893771	0.02676538319
1	uniform_kd_seed1111	L	N0_shuffle_seed23071	0.2	260	0.5532214072	0.5576839501	0.5567893771	0.003567969923
1	uniform_kd_seed1111	L	N0_shuffle_seed23071	0.3	390	0.5632113488	0.554028	0.5567893771	-0.006421971768
1	uniform_kd_seed1111	L	N0_shuffle_seed23071	0.5	649	0.5571982463	0.5563798769	0.5567893771	-0.0004088692486
1	uniform_kd_seed1111	L	N0_shuffle_seed23071	0.7	908	0.5453952092	0.5833855325	0.5567893771	0.01139416791
1	uniform_kd_seed1111	L	N0_shuffle_seed23071	1	1297	0.5567893771	0	0.5567893771	0
1	uniform_kd_seed1111	L	N0_shuffle_seed23072	0.1	130	0.6153927152	0.550261156	0.5567893771	-0.05860333811
1	uniform_kd_seed1111	L	N0_shuffle_seed23072	0.2	260	0.5737173799	0.5525451334	0.5567893771	-0.01692800281
1	uniform_kd_seed1111	L	N0_shuffle_seed23072	0.3	390	0.5651457161	0.5531962434	0.5567893771	-0.008356339016
1	uniform_kd_seed1111	L	N0_shuffle_seed23072	0.5	649	0.5392492885	0.5743565336	0.5567893771	0.01754008853
1	uniform_kd_seed1111	L	N0_shuffle_seed23072	0.7	908	0.5596003166	0.5502281096	0.5567893771	-0.002810939487
1	uniform_kd_seed1111	L	N0_shuffle_seed23072	1	1297	0.5567893771	0	0.5567893771	-1.110223025e-16
1	uniform_kd_seed1111	L	N0_shuffle_seed23073	0.1	130	0.6280825953	0.5488475447	0.5567893771	-0.07129321822
1	uniform_kd_seed1111	L	N0_shuffle_seed23073	0.2	260	0.6104438444	0.5433369552	0.5567893771	-0.05365446729
1	uniform_kd_seed1111	L	N0_shuffle_seed23073	0.3	390	0.5990737874	0.5386075469	0.5567893771	-0.04228441029
1	uniform_kd_seed1111	L	N0_shuffle_seed23073	0.5	649	0.5377886008	0.5758194755	0.5567893771	0.01900077628
1	uniform_kd_seed1111	L	N0_shuffle_seed23073	0.7	908	0.5351235891	0.6073614478	0.5567893771	0.02166578802
1	uniform_kd_seed1111	L	N0_shuffle_seed23073	1	1297	0.5567893771	0	0.5567893771	0
1	moddrop_seed1111	LAV	R0_global	0.1	130	0.5468165569	0.5629070639	0.5612942914	0.01447773452
1	moddrop_seed1111	LAV	R0_global	0.2	260	0.5421901419	0.5660841457	0.5612942914	0.01910414949
1	moddrop_seed1111	LAV	R0_global	0.3	390	0.5487327014	0.5666956366	0.5612942914	0.01256159
1	moddrop_seed1111	LAV	R0_global	0.5	649	0.5743041271	0.5482643788	0.5612942914	-0.01300983571
1	moddrop_seed1111	LAV	R0_global	0.7	908	0.5616440781	0.5604778227	0.5612942914	-0.0003497866946
1	moddrop_seed1111	LAV	R0_global	1	1297	0.5612942914	0	0.5612942914	0
1	moddrop_seed1111	LAV	R0_mode	0.1	130	0.5468165569	0.5629070639	0.5612942914	0.01447773452
1	moddrop_seed1111	LAV	R0_mode	0.2	260	0.5421901419	0.5660841457	0.5612942914	0.01910414949
1	moddrop_seed1111	LAV	R0_mode	0.3	390	0.5487327014	0.5666956366	0.5612942914	0.01256159
1	moddrop_seed1111	LAV	R0_mode	0.5	649	0.5743041271	0.5482643788	0.5612942914	-0.01300983571
1	moddrop_seed1111	LAV	R0_mode	0.7	908	0.5616440781	0.5604778227	0.5612942914	-0.0003497866946
1	moddrop_seed1111	LAV	R0_mode	1	1297	0.5612942914	0	0.5612942914	0
1	moddrop_seed1111	LAV	R1	0.1	130	0.4064864017	0.5785393863	0.5612942914	0.1548078897
1	moddrop_seed1111	LAV	R1	0.2	260	0.426634718	0.595056576	0.5612942914	0.1346595735
1	moddrop_seed1111	LAV	R1	0.3	390	0.4709194157	0.6001544916	0.5612942914	0.0903748757
1	moddrop_seed1111	LAV	R1	0.5	649	0.4819743045	0.6407366858	0.5612942914	0.07931998695
1	moddrop_seed1111	LAV	R1	0.7	908	0.5131464882	0.6736804234	0.5612942914	0.04814780325
1	moddrop_seed1111	LAV	R1	1	1297	0.5612942914	0	0.5612942914	0
1	moddrop_seed1111	LAV	R2	0.1	130	0.3160746195	0.5886109644	0.5612942914	0.2452196719
1	moddrop_seed1111	LAV	R2	0.2	260	0.3740507656	0.6082405949	0.5612942914	0.1872435258
1	moddrop_seed1111	LAV	R2	0.3	390	0.4126843542	0.625194926	0.5612942914	0.1486099372
1	moddrop_seed1111	LAV	R2	0.5	649	0.4639455878	0.6587932245	0.5612942914	0.0973487036
1	moddrop_seed1111	LAV	R2	0.7	908	0.5191301962	0.6597133106	0.5612942914	0.0421640952
1	moddrop_seed1111	LAV	R2	1	1297	0.5612942914	0	0.5612942914	0
1	moddrop_seed1111	LAV	N3_output_only	0.1	130	0.4064864017	0.5785393863	0.5612942914	0.1548078897
1	moddrop_seed1111	LAV	N3_output_only	0.2	260	0.426634718	0.595056576	0.5612942914	0.1346595735
1	moddrop_seed1111	LAV	N3_output_only	0.3	390	0.4709194157	0.6001544916	0.5612942914	0.0903748757
1	moddrop_seed1111	LAV	N3_output_only	0.5	649	0.4819743045	0.6407366858	0.5612942914	0.07931998695
1	moddrop_seed1111	LAV	N3_output_only	0.7	908	0.5131464882	0.6736804234	0.5612942914	0.04814780325
1	moddrop_seed1111	LAV	N3_output_only	1	1297	0.5612942914	0	0.5612942914	0
1	moddrop_seed1111	LAV	N2_length_mask_only	0.1	130	0.5228906819	0.5655723285	0.5612942914	0.03840360955
1	moddrop_seed1111	LAV	N2_length_mask_only	0.2	260	0.545655805	0.5652152234	0.5612942914	0.01563848648
1	moddrop_seed1111	LAV	N2_length_mask_only	0.3	390	0.5414303672	0.5698355599	0.5612942914	0.01986392425
1	moddrop_seed1111	LAV	N2_length_mask_only	0.5	649	0.5375401889	0.5850850516	0.5612942914	0.02375410256
1	moddrop_seed1111	LAV	N2_length_mask_only	0.7	908	0.5571100063	0.571061209	0.5612942914	0.004184285172
1	moddrop_seed1111	LAV	N2_length_mask_only	1	1297	0.5612942914	0	0.5612942914	0
1	moddrop_seed1111	LAV	N5_label_bin_prior	0.1	130	0.3890786627	0.5804785517	0.5612942914	0.1722156288
1	moddrop_seed1111	LAV	N5_label_bin_prior	0.2	260	0.4023969001	0.6011335602	0.5612942914	0.1588973913
1	moddrop_seed1111	LAV	N5_label_bin_prior	0.3	390	0.4631528793	0.6034940166	0.5612942914	0.09814141213
1	moddrop_seed1111	LAV	N5_label_bin_prior	0.5	649	0.4927314362	0.6299629535	0.5612942914	0.06856285521
1	moddrop_seed1111	LAV	N5_label_bin_prior	0.7	908	0.519282997	0.6593566444	0.5612942914	0.0420112944
1	moddrop_seed1111	LAV	N5_label_bin_prior	1	1297	0.5612942914	0	0.5612942914	0
1	moddrop_seed1111	LAV	N1_matched_gaussian	0.1	130	0.4641532254	0.5721154899	0.5612942914	0.097141066
1	moddrop_seed1111	LAV	N1_matched_gaussian	0.2	260	0.5271126506	0.5698644232	0.5612942914	0.03418164085
1	moddrop_seed1111	LAV	N1_matched_gaussian	0.3	390	0.5410384167	0.5700040942	0.5612942914	0.02025587473
1	moddrop_seed1111	LAV	N1_matched_gaussian	0.5	649	0.5555533214	0.567044121	0.5612942914	0.005740970061
1	moddrop_seed1111	LAV	N1_matched_gaussian	0.7	908	0.5688557555	0.5436443959	0.5612942914	-0.007561464063
1	moddrop_seed1111	LAV	N1_matched_gaussian	1	1297	0.5612942914	0	0.5612942914	0
1	moddrop_seed1111	LAV	N0_shuffle_seed23071	0.1	130	0.5687771943	0.5604607204	0.5612942914	-0.007482902898
1	moddrop_seed1111	LAV	N0_shuffle_seed23071	0.2	260	0.6191756372	0.5467820929	0.5612942914	-0.05788134579
1	moddrop_seed1111	LAV	N0_shuffle_seed23071	0.3	390	0.5820458027	0.5523713704	0.5612942914	-0.02075151128
1	moddrop_seed1111	LAV	N0_shuffle_seed23071	0.5	649	0.5778322578	0.5447308035	0.5612942914	-0.01653796634
1	moddrop_seed1111	LAV	N0_shuffle_seed23071	0.7	908	0.5721790678	0.5358871527	0.5612942914	-0.01088477639
1	moddrop_seed1111	LAV	N0_shuffle_seed23071	1	1297	0.5612942914	0	0.5612942914	0
1	moddrop_seed1111	LAV	N0_shuffle_seed23072	0.1	130	0.5857118238	0.5585742578	0.5612942914	-0.02441753235
1	moddrop_seed1111	LAV	N0_shuffle_seed23072	0.2	260	0.5993128823	0.5517621472	0.5612942914	-0.03801859085
1	moddrop_seed1111	LAV	N0_shuffle_seed23072	0.3	390	0.5673253606	0.5587009982	0.5612942914	-0.006031069205
1	moddrop_seed1111	LAV	N0_shuffle_seed23072	0.5	649	0.5591155143	0.5634764309	0.5612942914	0.002178777122
1	moddrop_seed1111	LAV	N0_shuffle_seed23072	0.7	908	0.5624921403	0.5584982843	0.5612942914	-0.001197848862
1	moddrop_seed1111	LAV	N0_shuffle_seed23072	1	1297	0.5612942914	0	0.5612942914	0
1	moddrop_seed1111	LAV	N0_shuffle_seed23073	0.1	130	0.5230305787	0.5655567444	0.5612942914	0.03826371277
1	moddrop_seed1111	LAV	N0_shuffle_seed23073	0.2	260	0.5337997471	0.5681878127	0.5612942914	0.0274945443
1	moddrop_seed1111	LAV	N0_shuffle_seed23073	0.3	390	0.5264656909	0.5762702057	0.5612942914	0.03482860051
1	moddrop_seed1111	LAV	N0_shuffle_seed23073	0.5	649	0.5199716614	0.602680691	0.5612942914	0.04132263003
1	moddrop_seed1111	LAV	N0_shuffle_seed23073	0.7	908	0.5343672848	0.6241470474	0.5612942914	0.02692700668
1	moddrop_seed1111	LAV	N0_shuffle_seed23073	1	1297	0.5612942914	0	0.5612942914	0
1	moddrop_seed1111	LA	R0_global	0.1	130	0.5520521114	0.564982161	0.5636861652	0.01163405389
1	moddrop_seed1111	LA	R0_global	0.2	260	0.5466808235	0.5679497996	0.5636861652	0.01700534177
1	moddrop_seed1111	LA	R0_global	0.3	390	0.5519595777	0.5687284686	0.5636861652	0.01172658753
1	moddrop_seed1111	LA	R0_global	0.5	649	0.5773597384	0.5499914909	0.5636861652	-0.01367357317
1	moddrop_seed1111	LA	R0_global	0.7	908	0.5641719375	0.5625522803	0.5636861652	-0.0004857723038
1	moddrop_seed1111	LA	R0_global	1	1297	0.5636861652	0	0.5636861652	0
1	moddrop_seed1111	LA	R0_mode	0.1	130	0.5520521114	0.564982161	0.5636861652	0.01163405389
1	moddrop_seed1111	LA	R0_mode	0.2	260	0.5466808235	0.5679497996	0.5636861652	0.01700534177
1	moddrop_seed1111	LA	R0_mode	0.3	390	0.5519595777	0.5687284686	0.5636861652	0.01172658753
1	moddrop_seed1111	LA	R0_mode	0.5	649	0.5773597384	0.5499914909	0.5636861652	-0.01367357317
1	moddrop_seed1111	LA	R0_mode	0.7	908	0.5641719375	0.5625522803	0.5636861652	-0.0004857723038
1	moddrop_seed1111	LA	R0_mode	1	1297	0.5636861652	0	0.5636861652	0
1	moddrop_seed1111	LA	R1	0.1	130	0.3833889107	0.5837706923	0.5636861652	0.1802972545
1	moddrop_seed1111	LA	R1	0.2	260	0.3975711476	0.6053350607	0.5636861652	0.1661150176
1	moddrop_seed1111	LA	R1	0.3	390	0.4508243917	0.6122154835	0.5636861652	0.1128617736
1	moddrop_seed1111	LA	R1	0.5	649	0.4938736746	0.6336063912	0.5636861652	0.06981249067
1	moddrop_seed1111	LA	R1	0.7	908	0.5249876885	0.6540157717	0.5636861652	0.03869847676
1	moddrop_seed1111	LA	R1	1	1297	0.5636861652	0	0.5636861652	-1.110223025e-16
1	moddrop_seed1111	LA	R2	0.1	130	0.3135718503	0.5915480855	0.5636861652	0.250114315
1	moddrop_seed1111	LA	R2	0.2	260	0.3740296077	0.6112374719	0.5636861652	0.1896565575
1	moddrop_seed1111	LA	R2	0.3	390	0.4233030711	0.624049348	0.5636861652	0.1403830941
1	moddrop_seed1111	LA	R2	0.5	649	0.4743548433	0.6531553442	0.5636861652	0.08933132197
1	moddrop_seed1111	LA	R2	0.7	908	0.5061709218	0.6979376847	0.5636861652	0.05751524348
1	moddrop_seed1111	LA	R2	1	1297	0.5636861652	0	0.5636861652	-1.110223025e-16
1	moddrop_seed1111	LA	N3_output_only	0.1	130	0.3833889107	0.5837706923	0.5636861652	0.1802972545
1	moddrop_seed1111	LA	N3_output_only	0.2	260	0.3975711476	0.6053350607	0.5636861652	0.1661150176
1	moddrop_seed1111	LA	N3_output_only	0.3	390	0.4508243917	0.6122154835	0.5636861652	0.1128617736
1	moddrop_seed1111	LA	N3_output_only	0.5	649	0.4938736746	0.6336063912	0.5636861652	0.06981249067
1	moddrop_seed1111	LA	N3_output_only	0.7	908	0.5249876885	0.6540157717	0.5636861652	0.03869847676
1	moddrop_seed1111	LA	N3_output_only	1	1297	0.5636861652	0	0.5636861652	-1.110223025e-16
1	moddrop_seed1111	LA	N2_length_mask_only	0.1	130	0.5414440571	0.5661638637	0.5636861652	0.02224210818
1	moddrop_seed1111	LA	N2_length_mask_only	0.2	260	0.5594084296	0.564758693	0.5636861652	0.004277735603
1	moddrop_seed1111	LA	N2_length_mask_only	0.3	390	0.5401535144	0.5738049457	0.5636861652	0.02353265088
1	moddrop_seed1111	LA	N2_length_mask_only	0.5	649	0.5444808118	0.5829211566	0.5636861652	0.01920535349
1	moddrop_seed1111	LA	N2_length_mask_only	0.7	908	0.5560757603	0.5814502981	0.5636861652	0.007610404935
1	moddrop_seed1111	LA	N2_length_mask_only	1	1297	0.5636861652	0	0.5636861652	-1.110223025e-16
1	moddrop_seed1111	LA	N5_label_bin_prior	0.1	130	0.3700223686	0.5852596816	0.5636861652	0.1936637966
1	moddrop_seed1111	LA	N5_label_bin_prior	0.2	260	0.3921862692	0.6066851749	0.5636861652	0.171499896
1	moddrop_seed1111	LA	N5_label_bin_prior	0.3	390	0.4561271024	0.6099353764	0.5636861652	0.1075590629
1	moddrop_seed1111	LA	N5_label_bin_prior	0.5	649	0.4965532849	0.6309226457	0.5636861652	0.06713288036
1	moddrop_seed1111	LA	N5_label_bin_prior	0.7	908	0.5182579956	0.669724155	0.5636861652	0.04542816962
1	moddrop_seed1111	LA	N5_label_bin_prior	1	1297	0.5636861652	0	0.5636861652	0
1	moddrop_seed1111	LA	N1_matched_gaussian	0.1	130	0.5776207293	0.5621339002	0.5636861652	-0.01393456404
1	moddrop_seed1111	LA	N1_matched_gaussian	0.2	260	0.5696709042	0.5621856521	0.5636861652	-0.005984738919
1	moddrop_seed1111	LA	N1_matched_gaussian	0.3	390	0.5857957932	0.554179269	0.5636861652	-0.022109628
1	moddrop_seed1111	LA	N1_matched_gaussian	0.5	649	0.5544192227	0.5729674087	0.5636861652	0.009266942592
1	moddrop_seed1111	LA	N1_matched_gaussian	0.7	908	0.5575447703	0.5780213493	0.5636861652	0.006141394943
1	moddrop_seed1111	LA	N1_matched_gaussian	1	1297	0.5636861652	0	0.5636861652	-1.110223025e-16
1	moddrop_seed1111	LA	N0_shuffle_seed23071	0.1	130	0.6260295996	0.5567413097	0.5636861652	-0.06234343439
1	moddrop_seed1111	LA	N0_shuffle_seed23071	0.2	260	0.6012387387	0.5542708623	0.5636861652	-0.03755257348
1	moddrop_seed1111	LA	N0_shuffle_seed23071	0.3	390	0.6110234943	0.5433316356	0.5636861652	-0.0473373291
1	moddrop_seed1111	LA	N0_shuffle_seed23071	0.5	649	0.5788593488	0.5484895663	0.5636861652	-0.01517318351
1	moddrop_seed1111	LA	N0_shuffle_seed23071	0.7	908	0.564645387	0.5614471591	0.5636861652	-0.0009592217935
1	moddrop_seed1111	LA	N0_shuffle_seed23071	1	1297	0.5636861652	0	0.5636861652	-1.110223025e-16
1	moddrop_seed1111	LA	N0_shuffle_seed23072	0.1	130	0.5991793013	0.5597323455	0.5636861652	-0.03549313603
1	moddrop_seed1111	LA	N0_shuffle_seed23072	0.2	260	0.5618779657	0.5641395229	0.5636861652	0.001808199523
1	moddrop_seed1111	LA	N0_shuffle_seed23072	0.3	390	0.5615565087	0.5646018941	0.5636861652	0.002129656575
1	moddrop_seed1111	LA	N0_shuffle_seed23072	0.5	649	0.5489784489	0.5784165786	0.5636861652	0.0147077163
1	moddrop_seed1111	LA	N0_shuffle_seed23072	0.7	908	0.5532092793	0.58814121	0.5636861652	0.0104768859
1	moddrop_seed1111	LA	N0_shuffle_seed23072	1	1297	0.5636861652	0	0.5636861652	0
1	moddrop_seed1111	LA	N0_shuffle_seed23073	0.1	130	0.5906619489	0.5606811508	0.5636861652	-0.02697578368
1	moddrop_seed1111	LA	N0_shuffle_seed23073	0.2	260	0.557657406	0.5651977153	0.5636861652	0.006028759279
1	moddrop_seed1111	LA	N0_shuffle_seed23073	0.3	390	0.5586231886	0.5658631894	0.5636861652	0.005062976609
1	moddrop_seed1111	LA	N0_shuffle_seed23073	0.5	649	0.5354014629	0.5920145169	0.5636861652	0.02828470238
1	moddrop_seed1111	LA	N0_shuffle_seed23073	0.7	908	0.5514246979	0.5923067624	0.5636861652	0.0122614673
1	moddrop_seed1111	LA	N0_shuffle_seed23073	1	1297	0.5636861652	0	0.5636861652	0
1	moddrop_seed1111	LV	R0_global	0.1	130	0.5477330714	0.5621954329	0.5607458516	0.01301278016
1	moddrop_seed1111	LV	R0_global	0.2	260	0.542025965	0.5654393622	0.5607458516	0.01871988664
1	moddrop_seed1111	LV	R0_global	0.3	390	0.5486880819	0.5659305597	0.5607458516	0.01205776974
1	moddrop_seed1111	LV	R0_global	0.5	649	0.5741313741	0.5473396724	0.5607458516	-0.01338552253
1	moddrop_seed1111	LV	R0_global	0.7	908	0.5611899411	0.5597092623	0.5607458516	-0.0004440894647
1	moddrop_seed1111	LV	R0_global	1	1297	0.5607458516	0	0.5607458516	-1.110223025e-16
1	moddrop_seed1111	LV	R0_mode	0.1	130	0.5477330714	0.5621954329	0.5607458516	0.01301278016
1	moddrop_seed1111	LV	R0_mode	0.2	260	0.542025965	0.5654393622	0.5607458516	0.01871988664
1	moddrop_seed1111	LV	R0_mode	0.3	390	0.5486880819	0.5659305597	0.5607458516	0.01205776974
1	moddrop_seed1111	LV	R0_mode	0.5	649	0.5741313741	0.5473396724	0.5607458516	-0.01338552253
1	moddrop_seed1111	LV	R0_mode	0.7	908	0.5611899411	0.5597092623	0.5607458516	-0.0004440894647
1	moddrop_seed1111	LV	R0_mode	1	1297	0.5607458516	0	0.5607458516	-1.110223025e-16
1	moddrop_seed1111	LV	R1	0.1	130	0.4116230765	0.5773576432	0.5607458516	0.1491227751
1	moddrop_seed1111	LV	R1	0.2	260	0.4270869065	0.5942572554	0.5607458516	0.1336589451
1	moddrop_seed1111	LV	R1	0.3	390	0.4709623611	0.5993517626	0.5607458516	0.08978349053
1	moddrop_seed1111	LV	R1	0.5	649	0.4848530468	0.6367557749	0.5607458516	0.07589280481
1	moddrop_seed1111	LV	R1	0.7	908	0.5245424279	0.6452515296	0.5607458516	0.03620342371
1	moddrop_seed1111	LV	R1	1	1297	0.5607458516	0	0.5607458516	-1.110223025e-16
1	moddrop_seed1111	LV	R2	0.1	130	0.3403253106	0.5852999821	0.5607458516	0.2204205411
1	moddrop_seed1111	LV	R2	0.2	260	0.3962418197	0.6019908355	0.5607458516	0.1645040319
1	moddrop_seed1111	LV	R2	0.3	390	0.4294686057	0.61719362	0.5607458516	0.1312772459
1	moddrop_seed1111	LV	R2	0.5	649	0.4673429569	0.6542928865	0.5607458516	0.09340289466
1	moddrop_seed1111	LV	R2	0.7	908	0.518039252	0.6604311792	0.5607458516	0.0427065996
1	moddrop_seed1111	LV	R2	1	1297	0.5607458516	0	0.5607458516	0
1	moddrop_seed1111	LV	N3_output_only	0.1	130	0.4116230765	0.5773576432	0.5607458516	0.1491227751
1	moddrop_seed1111	LV	N3_output_only	0.2	260	0.4270869065	0.5942572554	0.5607458516	0.1336589451
1	moddrop_seed1111	LV	N3_output_only	0.3	390	0.4709623611	0.5993517626	0.5607458516	0.08978349053
1	moddrop_seed1111	LV	N3_output_only	0.5	649	0.4848530468	0.6367557749	0.5607458516	0.07589280481
1	moddrop_seed1111	LV	N3_output_only	0.7	908	0.5245424279	0.6452515296	0.5607458516	0.03620342371
1	moddrop_seed1111	LV	N3_output_only	1	1297	0.5607458516	0	0.5607458516	-1.110223025e-16
1	moddrop_seed1111	LV	N2_length_mask_only	0.1	130	0.532234323	0.5639219431	0.5607458516	0.02851152862
1	moddrop_seed1111	LV	N2_length_mask_only	0.2	260	0.5428209052	0.5652400522	0.5607458516	0.01792494639
1	moddrop_seed1111	LV	N2_length_mask_only	0.3	390	0.5425882398	0.5685534245	0.5607458516	0.01815761181
1	moddrop_seed1111	LV	N2_length_mask_only	0.5	649	0.5377906591	0.5837364688	0.5607458516	0.02295519252
1	moddrop_seed1111	LV	N2_length_mask_only	0.7	908	0.5536687832	0.5772650756	0.5607458516	0.007077068447
1	moddrop_seed1111	LV	N2_length_mask_only	1	1297	0.5607458516	0	0.5607458516	-1.110223025e-16
1	moddrop_seed1111	LV	N5_label_bin_prior	0.1	130	0.4054065125	0.5780501482	0.5607458516	0.1553393391
1	moddrop_seed1111	LV	N5_label_bin_prior	0.2	260	0.4203407263	0.5959486795	0.5607458516	0.1404051253
1	moddrop_seed1111	LV	N5_label_bin_prior	0.3	390	0.474657295	0.5977629818	0.5607458516	0.08608855663
1	moddrop_seed1111	LV	N5_label_bin_prior	0.5	649	0.4780524884	0.643566828	0.5607458516	0.08269336318
1	moddrop_seed1111	LV	N5_label_bin_prior	0.7	908	0.5162710977	0.6645583877	0.5607458516	0.04447475389
1	moddrop_seed1111	LV	N5_label_bin_prior	1	1297	0.5607458516	0	0.5607458516	-1.110223025e-16
1	moddrop_seed1111	LV	N1_matched_gaussian	0.1	130	0.5436762462	0.5626473501	0.5607458516	0.01706960543
1	moddrop_seed1111	LV	N1_matched_gaussian	0.2	260	0.5856470201	0.55450255	0.5607458516	-0.02490116845
1	moddrop_seed1111	LV	N1_matched_gaussian	0.3	390	0.5946738733	0.5461571764	0.5607458516	-0.03392802167
1	moddrop_seed1111	LV	N1_matched_gaussian	0.5	649	0.5747039783	0.5467661846	0.5607458516	-0.01395812671
1	moddrop_seed1111	LV	N1_matched_gaussian	0.7	908	0.5685620278	0.5425014094	0.5607458516	-0.007816176221
1	moddrop_seed1111	LV	N1_matched_gaussian	1	1297	0.5607458516	0	0.5607458516	-1.110223025e-16
1	moddrop_seed1111	LV	N0_shuffle_seed23071	0.1	130	0.609997039	0.5552594297	0.5607458516	-0.04925118736
1	moddrop_seed1111	LV	N0_shuffle_seed23071	0.2	260	0.5945937549	0.5522593956	0.5607458516	-0.03384790334
1	moddrop_seed1111	LV	N0_shuffle_seed23071	0.3	390	0.5875692345	0.5492120927	0.5607458516	-0.02682338285
1	moddrop_seed1111	LV	N0_shuffle_seed23071	0.5	649	0.5687383206	0.5527410485	0.5607458516	-0.007992469007
1	moddrop_seed1111	LV	N0_shuffle_seed23071	0.7	908	0.5561223694	0.5715379386	0.5607458516	0.004623482185
1	moddrop_seed1111	LV	N0_shuffle_seed23071	1	1297	0.5607458516	0	0.5607458516	-1.110223025e-16
1	moddrop_seed1111	LV	N0_shuffle_seed23072	0.1	130	0.577735584	0.5588532507	0.5607458516	-0.01698973238
1	moddrop_seed1111	LV	N0_shuffle_seed23072	0.2	260	0.5662878792	0.5593563365	0.5607458516	-0.005542027616
1	moddrop_seed1111	LV	N0_shuffle_seed23072	0.3	390	0.5657019838	0.5586147694	0.5607458516	-0.004956132193
1	moddrop_seed1111	LV	N0_shuffle_seed23072	0.5	649	0.5541747633	0.5673270805	0.5607458516	0.006571088308
1	moddrop_seed1111	LV	N0_shuffle_seed23072	0.7	908	0.5588584624	0.5651513772	0.5607458516	0.001887389249
1	moddrop_seed1111	LV	N0_shuffle_seed23072	1	1297	0.5607458516	0	0.5607458516	0
1	moddrop_seed1111	LV	N0_shuffle_seed23073	0.1	130	0.5163590652	0.5656903951	0.5607458516	0.04438678641
1	moddrop_seed1111	LV	N0_shuffle_seed23073	0.2	260	0.5325908335	0.567804969	0.5607458516	0.02815501815
1	moddrop_seed1111	LV	N0_shuffle_seed23073	0.3	390	0.5310425689	0.5735179357	0.5607458516	0.02970328273
1	moddrop_seed1111	LV	N0_shuffle_seed23073	0.5	649	0.5309013785	0.590636381	0.5607458516	0.02984447312
1	moddrop_seed1111	LV	N0_shuffle_seed23073	0.7	908	0.5241117351	0.6462568484	0.5607458516	0.03663411648
1	moddrop_seed1111	LV	N0_shuffle_seed23073	1	1297	0.5607458516	0	0.5607458516	0
1	moddrop_seed1111	L	R0_global	0.1	130	0.5520184859	0.5643912816	0.5631511402	0.01113265426
1	moddrop_seed1111	L	R0_global	0.2	260	0.5461347945	0.5674175335	0.5631511402	0.01701634563
1	moddrop_seed1111	L	R0_global	0.3	390	0.5517813663	0.5680400176	0.5631511402	0.01136977386
1	moddrop_seed1111	L	R0_global	0.5	649	0.5772191341	0.5490614363	0.5631511402	-0.01406799397
1	moddrop_seed1111	L	R0_global	0.7	908	0.5637198634	0.5618236319	0.5631511402	-0.0005687232441
1	moddrop_seed1111	L	R0_global	1	1297	0.5631511402	0	0.5631511402	1.110223025e-16
1	moddrop_seed1111	L	R0_mode	0.1	130	0.5520184859	0.5643912816	0.5631511402	0.01113265426
1	moddrop_seed1111	L	R0_mode	0.2	260	0.5461347945	0.5674175335	0.5631511402	0.01701634563
1	moddrop_seed1111	L	R0_mode	0.3	390	0.5517813663	0.5680400176	0.5631511402	0.01136977386
1	moddrop_seed1111	L	R0_mode	0.5	649	0.5772191341	0.5490614363	0.5631511402	-0.01406799397
1	moddrop_seed1111	L	R0_mode	0.7	908	0.5637198634	0.5618236319	0.5631511402	-0.0005687232441
1	moddrop_seed1111	L	R0_mode	1	1297	0.5631511402	0	0.5631511402	1.110223025e-16
1	moddrop_seed1111	L	R1	0.1	130	0.3910996399	0.582317117	0.5631511402	0.1720515003
1	moddrop_seed1111	L	R1	0.2	260	0.4242322794	0.597981327	0.5631511402	0.1389188608
1	moddrop_seed1111	L	R1	0.3	390	0.4603179321	0.6073682858	0.5631511402	0.102833208
1	moddrop_seed1111	L	R1	0.5	649	0.4825635984	0.6438630454	0.5631511402	0.08058754175
1	moddrop_seed1111	L	R1	0.7	908	0.5254466363	0.6511606247	0.5631511402	0.03770450385
1	moddrop_seed1111	L	R1	1	1297	0.5631511402	0	0.5631511402	1.110223025e-16
1	moddrop_seed1111	L	R2	0.1	130	0.3167217952	0.5906025667	0.5631511402	0.2464293449
1	moddrop_seed1111	L	R2	0.2	260	0.3660613157	0.6125661395	0.5631511402	0.1970898245
1	moddrop_seed1111	L	R2	0.3	390	0.4112166826	0.6284812817	0.5631511402	0.1519344575
1	moddrop_seed1111	L	R2	0.5	649	0.4740129633	0.652426876	0.5631511402	0.08913817689
1	moddrop_seed1111	L	R2	0.7	908	0.5056002187	0.6974859389	0.5631511402	0.05755092149
1	moddrop_seed1111	L	R2	1	1297	0.5631511402	0	0.5631511402	1.110223025e-16
1	moddrop_seed1111	L	N3_output_only	0.1	130	0.3910996399	0.582317117	0.5631511402	0.1720515003
1	moddrop_seed1111	L	N3_output_only	0.2	260	0.4242322794	0.597981327	0.5631511402	0.1389188608
1	moddrop_seed1111	L	N3_output_only	0.3	390	0.4603179321	0.6073682858	0.5631511402	0.102833208
1	moddrop_seed1111	L	N3_output_only	0.5	649	0.4825635984	0.6438630454	0.5631511402	0.08058754175
1	moddrop_seed1111	L	N3_output_only	0.7	908	0.5254466363	0.6511606247	0.5631511402	0.03770450385
1	moddrop_seed1111	L	N3_output_only	1	1297	0.5631511402	0	0.5631511402	1.110223025e-16
1	moddrop_seed1111	L	N2_length_mask_only	0.1	130	0.5091803755	0.5691633076	0.5631511402	0.05397076467
1	moddrop_seed1111	L	N2_length_mask_only	0.2	260	0.5538772872	0.5654763106	0.5631511402	0.009273852911
1	moddrop_seed1111	L	N2_length_mask_only	0.3	390	0.5394998977	0.5733209137	0.5631511402	0.02365124249
1	moddrop_seed1111	L	N2_length_mask_only	0.5	649	0.5421937695	0.5841408524	0.5631511402	0.02095737065
1	moddrop_seed1111	L	N2_length_mask_only	0.7	908	0.5559258451	0.5800163532	0.5631511402	0.007225295036
1	moddrop_seed1111	L	N2_length_mask_only	1	1297	0.5631511402	0	0.5631511402	0
1	moddrop_seed1111	L	N5_label_bin_prior	0.1	130	0.3836016655	0.583152367	0.5631511402	0.1795494746
1	moddrop_seed1111	L	N5_label_bin_prior	0.2	260	0.4090468981	0.601788655	0.5631511402	0.154104242
1	moddrop_seed1111	L	N5_label_bin_prior	0.3	390	0.4641759625	0.6057093753	0.5631511402	0.09897517764
1	moddrop_seed1111	L	N5_label_bin_prior	0.5	649	0.4873016121	0.6391177199	0.5631511402	0.07584952805
1	moddrop_seed1111	L	N5_label_bin_prior	0.7	908	0.5234488359	0.6558238709	0.5631511402	0.03970230424
1	moddrop_seed1111	L	N5_label_bin_prior	1	1297	0.5631511402	0	0.5631511402	0
1	moddrop_seed1111	L	N1_matched_gaussian	0.1	130	0.5875802385	0.5604298181	0.5631511402	-0.02442909837
1	moddrop_seed1111	L	N1_matched_gaussian	0.2	260	0.5826575529	0.5582604292	0.5631511402	-0.01950641271
1	moddrop_seed1111	L	N1_matched_gaussian	0.3	390	0.5536629336	0.5672309643	0.5631511402	0.009488206528
1	moddrop_seed1111	L	N1_matched_gaussian	0.5	649	0.5743856694	0.5518992737	0.5631511402	-0.01123452921
1	moddrop_seed1111	L	N1_matched_gaussian	0.7	908	0.5734340191	0.5391489446	0.5631511402	-0.01028287892
1	moddrop_seed1111	L	N1_matched_gaussian	1	1297	0.5631511402	0	0.5631511402	1.110223025e-16
1	moddrop_seed1111	L	N0_shuffle_seed23071	0.1	130	0.6190013782	0.5569296055	0.5631511402	-0.05585023809
1	moddrop_seed1111	L	N0_shuffle_seed23071	0.2	260	0.5575216677	0.5645625797	0.5631511402	0.005629472436
1	moddrop_seed1111	L	N0_shuffle_seed23071	0.3	390	0.5541865675	0.5670058076	0.5631511402	0.008964572684
1	moddrop_seed1111	L	N0_shuffle_seed23071	0.5	649	0.5755322814	0.5507508922	0.5631511402	-0.01238114126
1	moddrop_seed1111	L	N0_shuffle_seed23071	0.7	908	0.5661230759	0.5562140768	0.5631511402	-0.002971935731
1	moddrop_seed1111	L	N0_shuffle_seed23071	1	1297	0.5631511402	0	0.5631511402	1.110223025e-16
1	moddrop_seed1111	L	N0_shuffle_seed23072	0.1	130	0.6152840708	0.5573437014	0.5631511402	-0.05213293068
1	moddrop_seed1111	L	N0_shuffle_seed23072	0.2	260	0.5863492104	0.5573348448	0.5631511402	-0.0231980702
1	moddrop_seed1111	L	N0_shuffle_seed23072	0.3	390	0.5713851953	0.5596105872	0.5631511402	-0.008234055193
1	moddrop_seed1111	L	N0_shuffle_seed23072	0.5	649	0.5643659291	0.5619344765	0.5631511402	-0.001214788931
1	moddrop_seed1111	L	N0_shuffle_seed23072	0.7	908	0.5615459574	0.5668979421	0.5631511402	0.001605182765
1	moddrop_seed1111	L	N0_shuffle_seed23072	1	1297	0.5631511402	0	0.5631511402	1.110223025e-16
1	moddrop_seed1111	L	N0_shuffle_seed23073	0.1	130	0.6020860395	0.5588139191	0.5631511402	-0.03893489939
1	moddrop_seed1111	L	N0_shuffle_seed23073	0.2	260	0.5755448425	0.5600437509	0.5631511402	-0.01239370232
1	moddrop_seed1111	L	N0_shuffle_seed23073	0.3	390	0.5713393957	0.5596302806	0.5631511402	-0.008188255506
1	moddrop_seed1111	L	N0_shuffle_seed23073	0.5	649	0.5614202943	0.5648846571	0.5631511402	0.001730845874
1	moddrop_seed1111	L	N0_shuffle_seed23073	0.7	908	0.5541899726	0.5840682099	0.5631511402	0.008961167556
1	moddrop_seed1111	L	N0_shuffle_seed23073	1	1297	0.5631511402	0	0.5631511402	0
1	moddrop_seed1114	LAV	R0_global	0.1	130	0.5787343588	0.5627603964	0.5643614875	-0.0143728713
1	moddrop_seed1114	LAV	R0_global	0.2	260	0.5764491064	0.5613308405	0.5643614875	-0.01208761887
1	moddrop_seed1114	LAV	R0_global	0.3	390	0.573217223	0.5605536189	0.5643614875	-0.008855735515
1	moddrop_seed1114	LAV	R0_global	0.5	649	0.5919627046	0.5367176759	0.5643614875	-0.02760121715
1	moddrop_seed1114	LAV	R0_global	0.7	908	0.5755626036	0.5382159517	0.5643614875	-0.01120111609
1	moddrop_seed1114	LAV	R0_global	1	1297	0.5643614875	0	0.5643614875	-1.110223025e-16
1	moddrop_seed1114	LAV	R0_mode	0.1	130	0.5787343588	0.5627603964	0.5643614875	-0.0143728713
1	moddrop_seed1114	LAV	R0_mode	0.2	260	0.5764491064	0.5613308405	0.5643614875	-0.01208761887
1	moddrop_seed1114	LAV	R0_mode	0.3	390	0.573217223	0.5605536189	0.5643614875	-0.008855735515
1	moddrop_seed1114	LAV	R0_mode	0.5	649	0.5919627046	0.5367176759	0.5643614875	-0.02760121715
1	moddrop_seed1114	LAV	R0_mode	0.7	908	0.5755626036	0.5382159517	0.5643614875	-0.01120111609
1	moddrop_seed1114	LAV	R0_mode	1	1297	0.5643614875	0	0.5643614875	-1.110223025e-16
1	moddrop_seed1114	LAV	R1	0.1	130	0.385326616	0.5843053892	0.5643614875	0.1790348715
1	moddrop_seed1114	LAV	R1	0.2	260	0.3938729942	0.6071069149	0.5643614875	0.1704884933
1	moddrop_seed1114	LAV	R1	0.3	390	0.4203789146	0.6262724064	0.5643614875	0.1439825729
1	moddrop_seed1114	LAV	R1	0.5	649	0.4778756566	0.6509807841	0.5643614875	0.08648583085
1	moddrop_seed1114	LAV	R1	0.7	908	0.5206547281	0.6663813784	0.5643614875	0.04370675942
1	moddrop_seed1114	LAV	R1	1	1297	0.5643614875	0	0.5643614875	-1.110223025e-16
1	moddrop_seed1114	LAV	R2	0.1	130	0.3463623224	0.5886458846	0.5643614875	0.2179991651
1	moddrop_seed1114	LAV	R2	0.2	260	0.3767247813	0.6114063704	0.5643614875	0.1876367062
1	moddrop_seed1114	LAV	R2	0.3	390	0.4162502799	0.6280476738	0.5643614875	0.1481112076
1	moddrop_seed1114	LAV	R2	0.5	649	0.4725976953	0.6562668905	0.5643614875	0.09176379217
1	moddrop_seed1114	LAV	R2	0.7	908	0.5051536661	0.7025638059	0.5643614875	0.05920782142
1	moddrop_seed1114	LAV	R2	1	1297	0.5643614875	0	0.5643614875	0
1	moddrop_seed1114	LAV	N3_output_only	0.1	130	0.385326616	0.5843053892	0.5643614875	0.1790348715
1	moddrop_seed1114	LAV	N3_output_only	0.2	260	0.3938729942	0.6071069149	0.5643614875	0.1704884933
1	moddrop_seed1114	LAV	N3_output_only	0.3	390	0.4203789146	0.6262724064	0.5643614875	0.1439825729
1	moddrop_seed1114	LAV	N3_output_only	0.5	649	0.4778756566	0.6509807841	0.5643614875	0.08648583085
1	moddrop_seed1114	LAV	N3_output_only	0.7	908	0.5206547281	0.6663813784	0.5643614875	0.04370675942
1	moddrop_seed1114	LAV	N3_output_only	1	1297	0.5643614875	0	0.5643614875	-1.110223025e-16
1	moddrop_seed1114	LAV	N2_length_mask_only	0.1	130	0.5304125768	0.5681432856	0.5643614875	0.03394891073
1	moddrop_seed1114	LAV	N2_length_mask_only	0.2	260	0.5514976521	0.56758675	0.5643614875	0.01286383539
1	moddrop_seed1114	LAV	N2_length_mask_only	0.3	390	0.5467967982	0.5719141102	0.5643614875	0.01756468929
1	moddrop_seed1114	LAV	N2_length_mask_only	0.5	649	0.5484911317	0.5802563346	0.5643614875	0.01587035582
1	moddrop_seed1114	LAV	N2_length_mask_only	0.7	908	0.559903262	0.5747678339	0.5643614875	0.004458225478
1	moddrop_seed1114	LAV	N2_length_mask_only	1	1297	0.5643614875	0	0.5643614875	-1.110223025e-16
1	moddrop_seed1114	LAV	N5_label_bin_prior	0.1	130	0.3391971918	0.5894440569	0.5643614875	0.2251642957
1	moddrop_seed1114	LAV	N5_label_bin_prior	0.2	260	0.3906704604	0.6079098646	0.5643614875	0.173691027
1	moddrop_seed1114	LAV	N5_label_bin_prior	0.3	390	0.4590423493	0.6096475558	0.5643614875	0.1053191382
1	moddrop_seed1114	LAV	N5_label_bin_prior	0.5	649	0.4776077576	0.6512490966	0.5643614875	0.0867537299
1	moddrop_seed1114	LAV	N5_label_bin_prior	0.7	908	0.518269622	0.6719486696	0.5643614875	0.04609186545
1	moddrop_seed1114	LAV	N5_label_bin_prior	1	1297	0.5643614875	0	0.5643614875	0
1	moddrop_seed1114	LAV	N1_matched_gaussian	0.1	130	0.5878318402	0.5617469666	0.5643614875	-0.02347035267
1	moddrop_seed1114	LAV	N1_matched_gaussian	0.2	260	0.5800280953	0.5604335048	0.5643614875	-0.01566660776
1	moddrop_seed1114	LAV	N1_matched_gaussian	0.3	390	0.5749233937	0.5598199843	0.5643614875	-0.01056190622
1	moddrop_seed1114	LAV	N1_matched_gaussian	0.5	649	0.5998121477	0.5288561195	0.5643614875	-0.03545066022
1	moddrop_seed1114	LAV	N1_matched_gaussian	0.7	908	0.5813533157	0.524699328	0.5643614875	-0.01699182824
1	moddrop_seed1114	LAV	N1_matched_gaussian	1	1297	0.5643614875	0	0.5643614875	1.110223025e-16
1	moddrop_seed1114	LAV	N0_shuffle_seed23071	0.1	130	0.6298338723	0.557068077	0.5643614875	-0.06547238477
1	moddrop_seed1114	LAV	N0_shuffle_seed23071	0.2	260	0.5919061959	0.557455389	0.5643614875	-0.0275447084
1	moddrop_seed1114	LAV	N0_shuffle_seed23071	0.3	390	0.5795749345	0.557819873	0.5643614875	-0.01521344699
1	moddrop_seed1114	LAV	N0_shuffle_seed23071	0.5	649	0.5673459557	0.5613724137	0.5643614875	-0.002984468182
1	moddrop_seed1114	LAV	N0_shuffle_seed23071	0.7	908	0.5584966682	0.5780510913	0.5643614875	0.005864819245
1	moddrop_seed1114	LAV	N0_shuffle_seed23071	1	1297	0.5643614875	0	0.5643614875	0
1	moddrop_seed1114	LAV	N0_shuffle_seed23072	0.1	130	0.5614774881	0.5646827556	0.5643614875	0.002883999404
1	moddrop_seed1114	LAV	N0_shuffle_seed23072	0.2	260	0.5745075459	0.5618176349	0.5643614875	-0.01014605842
1	moddrop_seed1114	LAV	N0_shuffle_seed23072	0.3	390	0.5702669934	0.5618221851	0.5643614875	-0.005905505905
1	moddrop_seed1114	LAV	N0_shuffle_seed23072	0.5	649	0.5624431212	0.5662828142	0.5643614875	0.001918366256
1	moddrop_seed1114	LAV	N0_shuffle_seed23072	0.7	908	0.5555616243	0.5849020421	0.5643614875	0.008799863154
1	moddrop_seed1114	LAV	N0_shuffle_seed23072	1	1297	0.5643614875	0	0.5643614875	-1.110223025e-16
1	moddrop_seed1114	LAV	N0_shuffle_seed23073	0.1	130	0.6446946482	0.555412635	0.5643614875	-0.08033316067
1	moddrop_seed1114	LAV	N0_shuffle_seed23073	0.2	260	0.6049042821	0.5541964667	0.5643614875	-0.04054279462
1	moddrop_seed1114	LAV	N0_shuffle_seed23073	0.3	390	0.5843301835	0.5557751684	0.5643614875	-0.019968696
1	moddrop_seed1114	LAV	N0_shuffle_seed23073	0.5	649	0.5801491419	0.5485494694	0.5643614875	-0.01578765442
1	moddrop_seed1114	LAV	N0_shuffle_seed23073	0.7	908	0.5715831441	0.5475047672	0.5643614875	-0.00722165659
1	moddrop_seed1114	LAV	N0_shuffle_seed23073	1	1297	0.5643614875	0	0.5643614875	-1.110223025e-16
1	moddrop_seed1114	LA	R0_global	0.1	130	0.5838871803	0.5632775059	0.5653432404	-0.01854393984
1	moddrop_seed1114	LA	R0_global	0.2	260	0.5786407279	0.5620092513	0.5653432404	-0.01329748749
1	moddrop_seed1114	LA	R0_global	0.3	390	0.5737583802	0.5617248231	0.5653432404	-0.008415139748
1	moddrop_seed1114	LA	R0_global	0.5	649	0.5938079066	0.5368346474	0.5653432404	-0.02846466613
1	moddrop_seed1114	LA	R0_global	0.7	908	0.5764718463	0.5393669573	0.5653432404	-0.01112860587
1	moddrop_seed1114	LA	R0_global	1	1297	0.5653432404	0	0.5653432404	-1.110223025e-16
1	moddrop_seed1114	LA	R0_mode	0.1	130	0.5838871803	0.5632775059	0.5653432404	-0.01854393984
1	moddrop_seed1114	LA	R0_mode	0.2	260	0.5786407279	0.5620092513	0.5653432404	-0.01329748749
1	moddrop_seed1114	LA	R0_mode	0.3	390	0.5737583802	0.5617248231	0.5653432404	-0.008415139748
1	moddrop_seed1114	LA	R0_mode	0.5	649	0.5938079066	0.5368346474	0.5653432404	-0.02846466613
1	moddrop_seed1114	LA	R0_mode	0.7	908	0.5764718463	0.5393669573	0.5653432404	-0.01112860587
1	moddrop_seed1114	LA	R0_mode	1	1297	0.5653432404	0	0.5653432404	-1.110223025e-16
1	moddrop_seed1114	LA	R1	0.1	130	0.4001796611	0.5837419254	0.5653432404	0.1651635794
1	moddrop_seed1114	LA	R1	0.2	260	0.4294461559	0.5994157978	0.5653432404	0.1358970846
1	moddrop_seed1114	LA	R1	0.3	390	0.4382224051	0.6200037981	0.5653432404	0.1271208354
1	moddrop_seed1114	LA	R1	0.5	649	0.4920591173	0.6387404563	0.5653432404	0.07328412309
1	moddrop_seed1114	LA	R1	0.7	908	0.5311192646	0.6452285105	0.5653432404	0.03422397583
1	moddrop_seed1114	LA	R1	1	1297	0.5653432404	0	0.5653432404	0
1	moddrop_seed1114	LA	R2	0.1	130	0.370365463	0.58706313	0.5653432404	0.1949777774
1	moddrop_seed1114	LA	R2	0.2	260	0.3756275251	0.6129093793	0.5653432404	0.1897157154
1	moddrop_seed1114	LA	R2	0.3	390	0.3948586348	0.6386497412	0.5653432404	0.1704846057
1	moddrop_seed1114	LA	R2	0.5	649	0.4707134296	0.6601190849	0.5653432404	0.09462981082
1	moddrop_seed1114	LA	R2	0.7	908	0.5092100683	0.6963687425	0.5653432404	0.05613317216
1	moddrop_seed1114	LA	R2	1	1297	0.5653432404	0	0.5653432404	1.110223025e-16
1	moddrop_seed1114	LA	N3_output_only	0.1	130	0.4001796611	0.5837419254	0.5653432404	0.1651635794
1	moddrop_seed1114	LA	N3_output_only	0.2	260	0.4294461559	0.5994157978	0.5653432404	0.1358970846
1	moddrop_seed1114	LA	N3_output_only	0.3	390	0.4382224051	0.6200037981	0.5653432404	0.1271208354
1	moddrop_seed1114	LA	N3_output_only	0.5	649	0.4920591173	0.6387404563	0.5653432404	0.07328412309
1	moddrop_seed1114	LA	N3_output_only	0.7	908	0.5311192646	0.6452285105	0.5653432404	0.03422397583
1	moddrop_seed1114	LA	N3_output_only	1	1297	0.5653432404	0	0.5653432404	0
1	moddrop_seed1114	LA	N2_length_mask_only	0.1	130	0.5498963089	0.5670639783	0.5653432404	0.01544693151
1	moddrop_seed1114	LA	N2_length_mask_only	0.2	260	0.5582320213	0.5671261883	0.5653432404	0.007111219108
1	moddrop_seed1114	LA	N2_length_mask_only	0.3	390	0.5403887172	0.5760734103	0.5653432404	0.02495452322
1	moddrop_seed1114	LA	N2_length_mask_only	0.5	649	0.551351422	0.5793566512	0.5653432404	0.01399181843
1	moddrop_seed1114	LA	N2_length_mask_only	0.7	908	0.5612398217	0.5749214004	0.5653432404	0.004103418741
1	moddrop_seed1114	LA	N2_length_mask_only	1	1297	0.5653432404	0	0.5653432404	0
1	moddrop_seed1114	LA	N5_label_bin_prior	0.1	130	0.3565599636	0.5886010176	0.5653432404	0.2087832769
1	moddrop_seed1114	LA	N5_label_bin_prior	0.2	260	0.4056336	0.605386159	0.5653432404	0.1597096405
1	moddrop_seed1114	LA	N5_label_bin_prior	0.3	390	0.4627889066	0.6094404733	0.5653432404	0.1025543338
1	moddrop_seed1114	LA	N5_label_bin_prior	0.5	649	0.4780024813	0.6528187847	0.5653432404	0.0873407591
1	moddrop_seed1114	LA	N5_label_bin_prior	0.7	908	0.5227420701	0.6647824761	0.5653432404	0.04260117036
1	moddrop_seed1114	LA	N5_label_bin_prior	1	1297	0.5653432404	0	0.5653432404	0
1	moddrop_seed1114	LA	N1_matched_gaussian	0.1	130	0.5951508628	0.5620227684	0.5653432404	-0.0298076224
1	moddrop_seed1114	LA	N1_matched_gaussian	0.2	260	0.5639003003	0.5657050191	0.5653432404	0.001442940156
1	moddrop_seed1114	LA	N1_matched_gaussian	0.3	390	0.564282311	0.5657994284	0.5653432404	0.001060929459
1	moddrop_seed1114	LA	N1_matched_gaussian	0.5	649	0.5664166739	0.5642681505	0.5653432404	-0.001073433449
1	moddrop_seed1114	LA	N1_matched_gaussian	0.7	908	0.5601747543	0.5774074703	0.5653432404	0.005168486123
1	moddrop_seed1114	LA	N1_matched_gaussian	1	1297	0.5653432404	0	0.5653432404	-1.110223025e-16
1	moddrop_seed1114	LA	N0_shuffle_seed23071	0.1	130	0.6063065688	0.560780059	0.5653432404	-0.04096332838
1	moddrop_seed1114	LA	N0_shuffle_seed23071	0.2	260	0.6154747315	0.5527741106	0.5653432404	-0.05013149105
1	moddrop_seed1114	LA	N0_shuffle_seed23071	0.3	390	0.5881603489	0.5555321354	0.5653432404	-0.02281710841
1	moddrop_seed1114	LA	N0_shuffle_seed23071	0.5	649	0.5689464218	0.5617344986	0.5653432404	-0.003603181396
1	moddrop_seed1114	LA	N0_shuffle_seed23071	0.7	908	0.5569888233	0.5848440394	0.5653432404	0.008354417168
1	moddrop_seed1114	LA	N0_shuffle_seed23071	1	1297	0.5653432404	0	0.5653432404	0
1	moddrop_seed1114	LA	N0_shuffle_seed23072	0.1	130	0.5787270961	0.5638523225	0.5653432404	-0.01338385564
1	moddrop_seed1114	LA	N0_shuffle_seed23072	0.2	260	0.5855894404	0.5602670476	0.5653432404	-0.02024619998
1	moddrop_seed1114	LA	N0_shuffle_seed23072	0.3	390	0.5728042562	0.5621350859	0.5653432404	-0.007461015799
1	moddrop_seed1114	LA	N0_shuffle_seed23072	0.5	649	0.5743616205	0.5563109431	0.5653432404	-0.009018380105
1	moddrop_seed1114	LA	N0_shuffle_seed23072	0.7	908	0.5614221142	0.574495895	0.5653432404	0.003921126229
1	moddrop_seed1114	LA	N0_shuffle_seed23072	1	1297	0.5653432404	0	0.5653432404	0
1	moddrop_seed1114	LA	N0_shuffle_seed23073	0.1	130	0.5467102161	0.5674188987	0.5653432404	0.01863302435
1	moddrop_seed1114	LA	N0_shuffle_seed23073	0.2	260	0.5837482984	0.5607286647	0.5653432404	-0.018405058
1	moddrop_seed1114	LA	N0_shuffle_seed23073	0.3	390	0.5772409497	0.5602273566	0.5653432404	-0.01189770926
1	moddrop_seed1114	LA	N0_shuffle_seed23073	0.5	649	0.5799999532	0.5506639093	0.5653432404	-0.01465671278
1	moddrop_seed1114	LA	N0_shuffle_seed23073	0.7	908	0.5715744206	0.5507984805	0.5653432404	-0.00623118019
1	moddrop_seed1114	LA	N0_shuffle_seed23073	1	1297	0.5653432404	0	0.5653432404	-1.110223025e-16
1	moddrop_seed1114	LV	R0_global	0.1	130	0.578865206	0.5614456636	0.563191647	-0.01567355899
1	moddrop_seed1114	LV	R0_global	0.2	260	0.5750223803	0.5602254072	0.563191647	-0.01183073324
1	moddrop_seed1114	LV	R0_global	0.3	390	0.5719269218	0.5594355751	0.563191647	-0.008735274835
1	moddrop_seed1114	LV	R0_global	0.5	649	0.5915682161	0.5347712869	0.563191647	-0.02837656913
1	moddrop_seed1114	LV	R0_global	0.7	908	0.5749140602	0.5358293047	0.563191647	-0.01172241316
1	moddrop_seed1114	LV	R0_global	1	1297	0.563191647	0	0.563191647	-1.110223025e-16
1	moddrop_seed1114	LV	R0_mode	0.1	130	0.578865206	0.5614456636	0.563191647	-0.01567355899
1	moddrop_seed1114	LV	R0_mode	0.2	260	0.5750223803	0.5602254072	0.563191647	-0.01183073324
1	moddrop_seed1114	LV	R0_mode	0.3	390	0.5719269218	0.5594355751	0.563191647	-0.008735274835
1	moddrop_seed1114	LV	R0_mode	0.5	649	0.5915682161	0.5347712869	0.563191647	-0.02837656913
1	moddrop_seed1114	LV	R0_mode	0.7	908	0.5749140602	0.5358293047	0.563191647	-0.01172241316
1	moddrop_seed1114	LV	R0_mode	1	1297	0.563191647	0	0.563191647	-1.110223025e-16
1	moddrop_seed1114	LV	R1	0.1	130	0.3954963314	0.5818723591	0.563191647	0.1676953156
1	moddrop_seed1114	LV	R1	0.2	260	0.4474083234	0.5922212171	0.563191647	0.1157833236
1	moddrop_seed1114	LV	R1	0.3	390	0.4542067524	0.6100539501	0.563191647	0.1089848947
1	moddrop_seed1114	LV	R1	0.5	649	0.4890183445	0.6374794145	0.563191647	0.07417330251
1	moddrop_seed1114	LV	R1	0.7	908	0.519439317	0.6653179082	0.563191647	0.04375232997
1	moddrop_seed1114	LV	R1	1	1297	0.563191647	0	0.563191647	-1.110223025e-16
1	moddrop_seed1114	LV	R2	0.1	130	0.3846121533	0.5830848211	0.563191647	0.1785794937
1	moddrop_seed1114	LV	R2	0.2	260	0.3771342945	0.6098405493	0.563191647	0.1860573525
1	moddrop_seed1114	LV	R2	0.3	390	0.4105274823	0.6288355547	0.563191647	0.1526641647
1	moddrop_seed1114	LV	R2	0.5	649	0.4644990202	0.6620365773	0.563191647	0.09869262683
1	moddrop_seed1114	LV	R2	0.7	908	0.5183109916	0.6679516345	0.563191647	0.04488065542
1	moddrop_seed1114	LV	R2	1	1297	0.563191647	0	0.563191647	-1.110223025e-16
1	moddrop_seed1114	LV	N3_output_only	0.1	130	0.3954963314	0.5818723591	0.563191647	0.1676953156
1	moddrop_seed1114	LV	N3_output_only	0.2	260	0.4474083234	0.5922212171	0.563191647	0.1157833236
1	moddrop_seed1114	LV	N3_output_only	0.3	390	0.4542067524	0.6100539501	0.563191647	0.1089848947
1	moddrop_seed1114	LV	N3_output_only	0.5	649	0.4890183445	0.6374794145	0.563191647	0.07417330251
1	moddrop_seed1114	LV	N3_output_only	0.7	908	0.519439317	0.6653179082	0.563191647	0.04375232997
1	moddrop_seed1114	LV	N3_output_only	1	1297	0.563191647	0	0.563191647	-1.110223025e-16
1	moddrop_seed1114	LV	N2_length_mask_only	0.1	130	0.5463143619	0.5650717216	0.563191647	0.01687728506
1	moddrop_seed1114	LV	N2_length_mask_only	0.2	260	0.5521954617	0.5659486462	0.563191647	0.0109961853
1	moddrop_seed1114	LV	N2_length_mask_only	0.3	390	0.5510469837	0.5684137183	0.563191647	0.01214466326
1	moddrop_seed1114	LV	N2_length_mask_only	0.5	649	0.5501460001	0.5762574261	0.563191647	0.01304564696
1	moddrop_seed1114	LV	N2_length_mask_only	0.7	908	0.5576067707	0.5762278108	0.563191647	0.005584876336
1	moddrop_seed1114	LV	N2_length_mask_only	1	1297	0.563191647	0	0.563191647	0
1	moddrop_seed1114	LV	N5_label_bin_prior	0.1	130	0.3358820585	0.588513195	0.563191647	0.2273095885
1	moddrop_seed1114	LV	N5_label_bin_prior	0.2	260	0.391272962	0.6062956567	0.563191647	0.171918685
1	moddrop_seed1114	LV	N5_label_bin_prior	0.3	390	0.4472328697	0.6130526428	0.563191647	0.1159587773
1	moddrop_seed1114	LV	N5_label_bin_prior	0.5	649	0.4786266259	0.6478871697	0.563191647	0.08456502112
1	moddrop_seed1114	LV	N5_label_bin_prior	0.7	908	0.5203536644	0.6631836475	0.563191647	0.04283798259
1	moddrop_seed1114	LV	N5_label_bin_prior	1	1297	0.563191647	0	0.563191647	-2.220446049e-16
1	moddrop_seed1114	LV	N1_matched_gaussian	0.1	130	0.5239079106	0.5675677273	0.563191647	0.0392837364
1	moddrop_seed1114	LV	N1_matched_gaussian	0.2	260	0.5629164137	0.5632606544	0.563191647	0.0002752332714
1	moddrop_seed1114	LV	N1_matched_gaussian	0.3	390	0.5554085829	0.5665382788	0.563191647	0.007783064084
1	moddrop_seed1114	LV	N1_matched_gaussian	0.5	649	0.5451174898	0.5812936965	0.563191647	0.01807415723
1	moddrop_seed1114	LV	N1_matched_gaussian	0.7	908	0.5510829537	0.5914556407	0.563191647	0.01210869332
1	moddrop_seed1114	LV	N1_matched_gaussian	1	1297	0.563191647	0	0.563191647	0
1	moddrop_seed1114	LV	N0_shuffle_seed23071	0.1	130	0.6194513919	0.5569244946	0.563191647	-0.05625974489
1	moddrop_seed1114	LV	N0_shuffle_seed23071	0.2	260	0.5934973615	0.5555933001	0.563191647	-0.03030571446
1	moddrop_seed1114	LV	N0_shuffle_seed23071	0.3	390	0.5780901693	0.5567854467	0.563191647	-0.01489852231
1	moddrop_seed1114	LV	N0_shuffle_seed23071	0.5	649	0.5701908995	0.5561815932	0.563191647	-0.006999252478
1	moddrop_seed1114	LV	N0_shuffle_seed23071	0.7	908	0.5595872399	0.5716050189	0.563191647	0.003604407136
1	moddrop_seed1114	LV	N0_shuffle_seed23071	1	1297	0.563191647	0	0.563191647	0
1	moddrop_seed1114	LV	N0_shuffle_seed23072	0.1	130	0.6298330766	0.5557680088	0.563191647	-0.0666414296
1	moddrop_seed1114	LV	N0_shuffle_seed23072	0.2	260	0.5727095362	0.560805291	0.563191647	-0.00951788919
1	moddrop_seed1114	LV	N0_shuffle_seed23072	0.3	390	0.5548787888	0.5667660844	0.563191647	0.008312858178
1	moddrop_seed1114	LV	N0_shuffle_seed23072	0.5	649	0.5327635442	0.5936667068	0.563191647	0.03042810282
1	moddrop_seed1114	LV	N0_shuffle_seed23072	0.7	908	0.546489488	0.6021776635	0.563191647	0.01670215904
1	moddrop_seed1114	LV	N0_shuffle_seed23072	1	1297	0.563191647	0	0.563191647	-1.110223025e-16
1	moddrop_seed1114	LV	N0_shuffle_seed23073	0.1	130	0.6468719768	0.5538699308	0.563191647	-0.08368032976
1	moddrop_seed1114	LV	N0_shuffle_seed23073	0.2	260	0.584837127	0.5577646221	0.563191647	-0.02164547995
1	moddrop_seed1114	LV	N0_shuffle_seed23073	0.3	390	0.5708476128	0.5598996661	0.563191647	-0.007655965824
1	moddrop_seed1114	LV	N0_shuffle_seed23073	0.5	649	0.5679663274	0.5584095983	0.563191647	-0.004774680372
1	moddrop_seed1114	LV	N0_shuffle_seed23073	0.7	908	0.5660504617	0.5565186297	0.563191647	-0.002858814697
1	moddrop_seed1114	LV	N0_shuffle_seed23073	1	1297	0.563191647	0	0.563191647	-1.110223025e-16
1	moddrop_seed1114	L	R0_global	0.1	130	0.584856746	0.5622264397	0.5644947048	-0.02036204125
1	moddrop_seed1114	L	R0_global	0.2	260	0.5780330449	0.5611003283	0.5644947048	-0.01353834015
1	moddrop_seed1114	L	R0_global	0.3	390	0.5730351962	0.5608223877	0.5644947048	-0.008540491367
1	moddrop_seed1114	L	R0_global	0.5	649	0.593338207	0.535606691	0.5644947048	-0.02884350221
1	moddrop_seed1114	L	R0_global	0.7	908	0.5758659909	0.5379519599	0.5644947048	-0.01137128608
1	moddrop_seed1114	L	R0_global	1	1297	0.5644947048	0	0.5644947048	0
1	moddrop_seed1114	L	R0_mode	0.1	130	0.584856746	0.5622264397	0.5644947048	-0.02036204125
1	moddrop_seed1114	L	R0_mode	0.2	260	0.5780330449	0.5611003283	0.5644947048	-0.01353834015
1	moddrop_seed1114	L	R0_mode	0.3	390	0.5730351962	0.5608223877	0.5644947048	-0.008540491367
1	moddrop_seed1114	L	R0_mode	0.5	649	0.593338207	0.535606691	0.5644947048	-0.02884350221
1	moddrop_seed1114	L	R0_mode	0.7	908	0.5758659909	0.5379519599	0.5644947048	-0.01137128608
1	moddrop_seed1114	L	R0_mode	1	1297	0.5644947048	0	0.5644947048	0
1	moddrop_seed1114	L	R1	0.1	130	0.4002915424	0.5827864024	0.5644947048	0.1642031624
1	moddrop_seed1114	L	R1	0.2	260	0.4307229128	0.5980344019	0.5644947048	0.133771792
1	moddrop_seed1114	L	R1	0.3	390	0.4215027303	0.6259796773	0.5644947048	0.1429919745
1	moddrop_seed1114	L	R1	0.5	649	0.4737097303	0.6554197796	0.5644947048	0.09078497451
1	moddrop_seed1114	L	R1	0.7	908	0.5213170826	0.6652794887	0.5644947048	0.04317762219
1	moddrop_seed1114	L	R1	1	1297	0.5644947048	0	0.5644947048	0
1	moddrop_seed1114	L	R2	0.1	130	0.367142772	0.5864790675	0.5644947048	0.1973519327
1	moddrop_seed1114	L	R2	0.2	260	0.3771128111	0.6114757003	0.5644947048	0.1873818937
1	moddrop_seed1114	L	R2	0.3	390	0.3989251605	0.6356877834	0.5644947048	0.1655695443
1	moddrop_seed1114	L	R2	0.5	649	0.439763894	0.6894180013	0.5644947048	0.1247308107
1	moddrop_seed1114	L	R2	0.7	908	0.4959279792	0.7245424859	0.5644947048	0.06856672561
1	moddrop_seed1114	L	R2	1	1297	0.5644947048	0	0.5644947048	0
1	moddrop_seed1114	L	N3_output_only	0.1	130	0.4002915424	0.5827864024	0.5644947048	0.1642031624
1	moddrop_seed1114	L	N3_output_only	0.2	260	0.4307229128	0.5980344019	0.5644947048	0.133771792
1	moddrop_seed1114	L	N3_output_only	0.3	390	0.4215027303	0.6259796773	0.5644947048	0.1429919745
1	moddrop_seed1114	L	N3_output_only	0.5	649	0.4737097303	0.6554197796	0.5644947048	0.09078497451
1	moddrop_seed1114	L	N3_output_only	0.7	908	0.5213170826	0.6652794887	0.5644947048	0.04317762219
1	moddrop_seed1114	L	N3_output_only	1	1297	0.5644947048	0	0.5644947048	0
1	moddrop_seed1114	L	N2_length_mask_only	0.1	130	0.5374802691	0.567504025	0.5644947048	0.02701443565
1	moddrop_seed1114	L	N2_length_mask_only	0.2	260	0.5577185729	0.5661936385	0.5644947048	0.006776131899
1	moddrop_seed1114	L	N2_length_mask_only	0.3	390	0.548801018	0.5712428171	0.5644947048	0.01569368676
1	moddrop_seed1114	L	N2_length_mask_only	0.5	649	0.5502581783	0.5787532012	0.5644947048	0.01423652646
1	moddrop_seed1114	L	N2_length_mask_only	0.7	908	0.5608610493	0.5729763479	0.5644947048	0.003633655485
1	moddrop_seed1114	L	N2_length_mask_only	1	1297	0.5644947048	0	0.5644947048	1.110223025e-16
1	moddrop_seed1114	L	N5_label_bin_prior	0.1	130	0.3616522073	0.5870906985	0.5644947048	0.2028424975
1	moddrop_seed1114	L	N5_label_bin_prior	0.2	260	0.4040365924	0.6047252826	0.5644947048	0.1604581124
1	moddrop_seed1114	L	N5_label_bin_prior	0.3	390	0.4606559355	0.6091442307	0.5644947048	0.1038387693
1	moddrop_seed1114	L	N5_label_bin_prior	0.5	649	0.4739723467	0.6551567579	0.5644947048	0.09052235811
1	moddrop_seed1114	L	N5_label_bin_prior	0.7	908	0.5181888691	0.672581334	0.5644947048	0.04630583566
1	moddrop_seed1114	L	N5_label_bin_prior	1	1297	0.5644947048	0	0.5644947048	1.110223025e-16
1	moddrop_seed1114	L	N1_matched_gaussian	0.1	130	0.5787287089	0.5629090831	0.5644947048	-0.01423400415
1	moddrop_seed1114	L	N1_matched_gaussian	0.2	260	0.5439365651	0.5696491082	0.5644947048	0.02055813967
1	moddrop_seed1114	L	N1_matched_gaussian	0.3	390	0.537965434	0.5759019987	0.5644947048	0.02652927077
1	moddrop_seed1114	L	N1_matched_gaussian	0.5	649	0.5604547876	0.5685408564	0.5644947048	0.004039917216
1	moddrop_seed1114	L	N1_matched_gaussian	0.7	908	0.5685435065	0.5550440313	0.5644947048	-0.004048801755
1	moddrop_seed1114	L	N1_matched_gaussian	1	1297	0.5644947048	0	0.5644947048	0
1	moddrop_seed1114	L	N0_shuffle_seed23071	0.1	130	0.6241808877	0.5578458584	0.5644947048	-0.05968618288
1	moddrop_seed1114	L	N0_shuffle_seed23071	0.2	260	0.6099481523	0.5530984691	0.5644947048	-0.04545344754
1	moddrop_seed1114	L	N0_shuffle_seed23071	0.3	390	0.6060459888	0.5466281108	0.5644947048	-0.04155128406
1	moddrop_seed1114	L	N0_shuffle_seed23071	0.5	649	0.5742835946	0.5546907086	0.5644947048	-0.009788889844
1	moddrop_seed1114	L	N0_shuffle_seed23071	0.7	908	0.5739445417	0.5424369879	0.5644947048	-0.009449836879
1	moddrop_seed1114	L	N0_shuffle_seed23071	1	1297	0.5644947048	0	0.5644947048	1.110223025e-16
1	moddrop_seed1114	L	N0_shuffle_seed23072	0.1	130	0.5793676325	0.5628379091	0.5644947048	-0.0148729277
1	moddrop_seed1114	L	N0_shuffle_seed23072	0.2	260	0.5612610788	0.56530545	0.5644947048	0.003233625957
1	moddrop_seed1114	L	N0_shuffle_seed23072	0.3	390	0.5559409783	0.5681727129	0.5644947048	0.008553726478
1	moddrop_seed1114	L	N0_shuffle_seed23072	0.5	649	0.5582231168	0.5707759712	0.5644947048	0.006271588021
1	moddrop_seed1114	L	N0_shuffle_seed23072	0.7	908	0.5408821282	0.6196109505	0.5644947048	0.02361257661
1	moddrop_seed1114	L	N0_shuffle_seed23072	1	1297	0.5644947048	0	0.5644947048	0
1	moddrop_seed1114	L	N0_shuffle_seed23073	0.1	130	0.5751611947	0.5633064925	0.5644947048	-0.01066648994
1	moddrop_seed1114	L	N0_shuffle_seed23073	0.2	260	0.576875452	0.5613905637	0.5644947048	-0.01238074717
1	moddrop_seed1114	L	N0_shuffle_seed23073	0.3	390	0.5782886056	0.5585634795	0.5644947048	-0.0137939008
1	moddrop_seed1114	L	N0_shuffle_seed23073	0.5	649	0.5713449716	0.5576338666	0.5644947048	-0.006850266833
1	moddrop_seed1114	L	N0_shuffle_seed23073	0.7	908	0.5777482852	0.5335583267	0.5644947048	-0.01325358046
1	moddrop_seed1114	L	N0_shuffle_seed23073	1	1297	0.5644947048	0	0.5644947048	1.110223025e-16
1	cfcompat_seed1111	LAV	R0_global	0.1	130	0.5797133053	0.5588028438	0.5608987266	-0.01881457868
1	cfcompat_seed1111	LAV	R0_global	0.2	260	0.557588045	0.5617287914	0.5608987266	0.00331068158
1	cfcompat_seed1111	LAV	R0_global	0.3	390	0.5577787845	0.5622402673	0.5608987266	0.003119942125
1	cfcompat_seed1111	LAV	R0_global	0.5	649	0.585397124	0.5363625229	0.5608987266	-0.02449839747
1	cfcompat_seed1111	LAV	R0_global	0.7	908	0.5618950888	0.5585730276	0.5608987266	-0.0009963622246
1	cfcompat_seed1111	LAV	R0_global	1	1297	0.5608987266	0	0.5608987266	0
1	cfcompat_seed1111	LAV	R0_mode	0.1	130	0.5797133053	0.5588028438	0.5608987266	-0.01881457868
1	cfcompat_seed1111	LAV	R0_mode	0.2	260	0.557588045	0.5617287914	0.5608987266	0.00331068158
1	cfcompat_seed1111	LAV	R0_mode	0.3	390	0.5577787845	0.5622402673	0.5608987266	0.003119942125
1	cfcompat_seed1111	LAV	R0_mode	0.5	649	0.585397124	0.5363625229	0.5608987266	-0.02449839747
1	cfcompat_seed1111	LAV	R0_mode	0.7	908	0.5618950888	0.5585730276	0.5608987266	-0.0009963622246
1	cfcompat_seed1111	LAV	R0_mode	1	1297	0.5608987266	0	0.5608987266	0
1	cfcompat_seed1111	LAV	R1	0.1	130	0.3750872535	0.5815975196	0.5608987266	0.1858114731
1	cfcompat_seed1111	LAV	R1	0.2	260	0.4145405662	0.5975941188	0.5608987266	0.1463581604
1	cfcompat_seed1111	LAV	R1	0.3	390	0.4460959036	0.6102626747	0.5608987266	0.1148028229
1	cfcompat_seed1111	LAV	R1	0.5	649	0.4775535419	0.6443725304	0.5608987266	0.08334518468
1	cfcompat_seed1111	LAV	R1	0.7	908	0.5100025579	0.6797000663	0.5608987266	0.05089616868
1	cfcompat_seed1111	LAV	R1	1	1297	0.5608987266	0	0.5608987266	0
1	cfcompat_seed1111	LAV	R2	0.1	130	0.3400996088	0.5854950293	0.5608987266	0.2207991178
1	cfcompat_seed1111	LAV	R2	0.2	260	0.4288475005	0.5940070378	0.5608987266	0.1320512261
1	cfcompat_seed1111	LAV	R2	0.3	390	0.4424166075	0.6118447315	0.5608987266	0.1184821191
1	cfcompat_seed1111	LAV	R2	0.5	649	0.4731972585	0.6487355364	0.5608987266	0.0877014681
1	cfcompat_seed1111	LAV	R2	0.7	908	0.5007245528	0.7013566953	0.5608987266	0.06017417381
1	cfcompat_seed1111	LAV	R2	1	1297	0.5608987266	0	0.5608987266	0
1	cfcompat_seed1111	LAV	N3_output_only	0.1	130	0.3750872535	0.5815975196	0.5608987266	0.1858114731
1	cfcompat_seed1111	LAV	N3_output_only	0.2	260	0.4145405662	0.5975941188	0.5608987266	0.1463581604
1	cfcompat_seed1111	LAV	N3_output_only	0.3	390	0.4460959036	0.6102626747	0.5608987266	0.1148028229
1	cfcompat_seed1111	LAV	N3_output_only	0.5	649	0.4775535419	0.6443725304	0.5608987266	0.08334518468
1	cfcompat_seed1111	LAV	N3_output_only	0.7	908	0.5100025579	0.6797000663	0.5608987266	0.05089616868
1	cfcompat_seed1111	LAV	N3_output_only	1	1297	0.5608987266	0	0.5608987266	0
1	cfcompat_seed1111	LAV	N2_length_mask_only	0.1	130	0.5092953723	0.5666471722	0.5608987266	0.05160335431
1	cfcompat_seed1111	LAV	N2_length_mask_only	0.2	260	0.5641405492	0.5600859263	0.5608987266	-0.003241822612
1	cfcompat_seed1111	LAV	N2_length_mask_only	0.3	390	0.550230265	0.5654860475	0.5608987266	0.01066846162
1	cfcompat_seed1111	LAV	N2_length_mask_only	0.5	649	0.5398304131	0.5819995529	0.5608987266	0.0210683135
1	cfcompat_seed1111	LAV	N2_length_mask_only	0.7	908	0.5553042036	0.5739574074	0.5608987266	0.005594522951
1	cfcompat_seed1111	LAV	N2_length_mask_only	1	1297	0.5608987266	0	0.5608987266	0
1	cfcompat_seed1111	LAV	N5_label_bin_prior	0.1	130	0.4205276377	0.5765356088	0.5608987266	0.1403710889
1	cfcompat_seed1111	LAV	N5_label_bin_prior	0.2	260	0.4868619936	0.5794614562	0.5608987266	0.07403673298
1	cfcompat_seed1111	LAV	N5_label_bin_prior	0.3	390	0.4739031687	0.5983058573	0.5608987266	0.08699555792
1	cfcompat_seed1111	LAV	N5_label_bin_prior	0.5	649	0.4750419108	0.6468880374	0.5608987266	0.08585681577
1	cfcompat_seed1111	LAV	N5_label_bin_prior	0.7	908	0.5145934736	0.6689839957	0.5608987266	0.04630525296
1	cfcompat_seed1111	LAV	N5_label_bin_prior	1	1297	0.5608987266	0	0.5608987266	0
1	cfcompat_seed1111	LAV	N1_matched_gaussian	0.1	130	0.534901917	0.5637946865	0.5608987266	0.02599680955
1	cfcompat_seed1111	LAV	N1_matched_gaussian	0.2	260	0.5360284477	0.5671342835	0.5608987266	0.02487027889
1	cfcompat_seed1111	LAV	N1_matched_gaussian	0.3	390	0.5204371872	0.5782967424	0.5608987266	0.04046153939
1	cfcompat_seed1111	LAV	N1_matched_gaussian	0.5	649	0.5276374292	0.5942113532	0.5608987266	0.03326129742
1	cfcompat_seed1111	LAV	N1_matched_gaussian	0.7	908	0.5430153754	0.6026418702	0.5608987266	0.01788335117
1	cfcompat_seed1111	LAV	N1_matched_gaussian	1	1297	0.5608987266	0	0.5608987266	0
1	cfcompat_seed1111	LAV	N0_shuffle_seed23071	0.1	130	0.6025133672	0.5562629911	0.5608987266	-0.04161464064
1	cfcompat_seed1111	LAV	N0_shuffle_seed23071	0.2	260	0.5854743241	0.5547370531	0.5608987266	-0.02457559755
1	cfcompat_seed1111	LAV	N0_shuffle_seed23071	0.3	390	0.5779090491	0.5535844754	0.5608987266	-0.01701032255
1	cfcompat_seed1111	LAV	N0_shuffle_seed23071	0.5	649	0.5616744238	0.5601218323	0.5608987266	-0.0007756972552
1	cfcompat_seed1111	LAV	N0_shuffle_seed23071	0.7	908	0.5542346499	0.5764539493	0.5608987266	0.006664076693
1	cfcompat_seed1111	LAV	N0_shuffle_seed23071	1	1297	0.5608987266	0	0.5608987266	0
1	cfcompat_seed1111	LAV	N0_shuffle_seed23072	0.1	130	0.6472256048	0.5512821934	0.5608987266	-0.08632687818
1	cfcompat_seed1111	LAV	N0_shuffle_seed23072	0.2	260	0.6030998704	0.5503179191	0.5608987266	-0.04220114385
1	cfcompat_seed1111	LAV	N0_shuffle_seed23072	0.3	390	0.5826386031	0.5515508194	0.5608987266	-0.02173987652
1	cfcompat_seed1111	LAV	N0_shuffle_seed23072	0.5	649	0.5639461768	0.5578465735	0.5608987266	-0.003047450179
1	cfcompat_seed1111	LAV	N0_shuffle_seed23072	0.7	908	0.5580268343	0.5676022695	0.5608987266	0.002871892284
1	cfcompat_seed1111	LAV	N0_shuffle_seed23072	1	1297	0.5608987266	0	0.5608987266	0
1	cfcompat_seed1111	LAV	N0_shuffle_seed23073	0.1	130	0.5570987057	0.5613220365	0.5608987266	0.003800020913
1	cfcompat_seed1111	LAV	N0_shuffle_seed23073	0.2	260	0.5653817104	0.5597747383	0.5608987266	-0.004482983865
1	cfcompat_seed1111	LAV	N0_shuffle_seed23073	0.3	390	0.5571610531	0.562505885	0.5608987266	0.003737673514
1	cfcompat_seed1111	LAV	N0_shuffle_seed23073	0.5	649	0.5555868926	0.5662187579	0.5608987266	0.005311834003
1	cfcompat_seed1111	LAV	N0_shuffle_seed23073	0.7	908	0.5574317649	0.5689912746	0.5608987266	0.003466961646
1	cfcompat_seed1111	LAV	N0_shuffle_seed23073	1	1297	0.5608987266	0	0.5608987266	0
1	cfcompat_seed1111	LA	R0_global	0.1	130	0.5832429509	0.5604164401	0.562704371	-0.02053857988
1	cfcompat_seed1111	LA	R0_global	0.2	260	0.5606078973	0.5632300057	0.562704371	0.002096473766
1	cfcompat_seed1111	LA	R0_global	0.3	390	0.5603427192	0.5637198553	0.562704371	0.002361651822
1	cfcompat_seed1111	LA	R0_global	0.5	649	0.5877290912	0.5376410324	0.562704371	-0.0250247202
1	cfcompat_seed1111	LA	R0_global	0.7	908	0.5636432346	0.5605128848	0.562704371	-0.0009388635933
1	cfcompat_seed1111	LA	R0_global	1	1297	0.562704371	0	0.562704371	0
1	cfcompat_seed1111	LA	R0_mode	0.1	130	0.5832429509	0.5604164401	0.562704371	-0.02053857988
1	cfcompat_seed1111	LA	R0_mode	0.2	260	0.5606078973	0.5632300057	0.562704371	0.002096473766
1	cfcompat_seed1111	LA	R0_mode	0.3	390	0.5603427192	0.5637198553	0.562704371	0.002361651822
1	cfcompat_seed1111	LA	R0_mode	0.5	649	0.5877290912	0.5376410324	0.562704371	-0.0250247202
1	cfcompat_seed1111	LA	R0_mode	0.7	908	0.5636432346	0.5605128848	0.562704371	-0.0009388635933
1	cfcompat_seed1111	LA	R0_mode	1	1297	0.562704371	0	0.562704371	0
1	cfcompat_seed1111	LA	R1	0.1	130	0.3952847375	0.5813543731	0.562704371	0.1674196336
1	cfcompat_seed1111	LA	R1	0.2	260	0.4382709144	0.5939027305	0.562704371	0.1244334567
1	cfcompat_seed1111	LA	R1	0.3	390	0.457731746	0.6078414424	0.562704371	0.104972625
1	cfcompat_seed1111	LA	R1	0.5	649	0.4784067773	0.6471320537	0.562704371	0.08429759379
1	cfcompat_seed1111	LA	R1	0.7	908	0.5161341286	0.671408176	0.562704371	0.04657024242
1	cfcompat_seed1111	LA	R1	1	1297	0.562704371	0	0.562704371	0
1	cfcompat_seed1111	LA	R2	0.1	130	0.3379532992	0.5877409086	0.562704371	0.2247510718
1	cfcompat_seed1111	LA	R2	0.2	260	0.3995933955	0.6036000833	0.562704371	0.1631109755
1	cfcompat_seed1111	LA	R2	0.3	390	0.4346978379	0.617745769	0.562704371	0.1280065331
1	cfcompat_seed1111	LA	R2	0.5	649	0.488586144	0.6369369781	0.562704371	0.07411822706
1	cfcompat_seed1111	LA	R2	0.7	908	0.5156359246	0.6725710788	0.562704371	0.0470684464
1	cfcompat_seed1111	LA	R2	1	1297	0.562704371	0	0.562704371	1.110223025e-16
1	cfcompat_seed1111	LA	N3_output_only	0.1	130	0.3952847375	0.5813543731	0.562704371	0.1674196336
1	cfcompat_seed1111	LA	N3_output_only	0.2	260	0.4382709144	0.5939027305	0.562704371	0.1244334567
1	cfcompat_seed1111	LA	N3_output_only	0.3	390	0.457731746	0.6078414424	0.562704371	0.104972625
1	cfcompat_seed1111	LA	N3_output_only	0.5	649	0.4784067773	0.6471320537	0.562704371	0.08429759379
1	cfcompat_seed1111	LA	N3_output_only	0.7	908	0.5161341286	0.671408176	0.562704371	0.04657024242
1	cfcompat_seed1111	LA	N3_output_only	1	1297	0.562704371	0	0.562704371	0
1	cfcompat_seed1111	LA	N2_length_mask_only	0.1	130	0.5080818751	0.5687891392	0.562704371	0.05462249591
1	cfcompat_seed1111	LA	N2_length_mask_only	0.2	260	0.5678629765	0.5614109888	0.562704371	-0.005158605412
1	cfcompat_seed1111	LA	N2_length_mask_only	0.3	390	0.5525144274	0.5670859345	0.562704371	0.01018994368
1	cfcompat_seed1111	LA	N2_length_mask_only	0.5	649	0.547831307	0.5776003873	0.562704371	0.01487306404
1	cfcompat_seed1111	LA	N2_length_mask_only	0.7	908	0.5566539476	0.5768272102	0.562704371	0.006050423399
1	cfcompat_seed1111	LA	N2_length_mask_only	1	1297	0.562704371	0	0.562704371	0
1	cfcompat_seed1111	LA	N5_label_bin_prior	0.1	130	0.4232736863	0.5782364953	0.562704371	0.1394306847
1	cfcompat_seed1111	LA	N5_label_bin_prior	0.2	260	0.4810341959	0.583180982	0.562704371	0.08167017513
1	cfcompat_seed1111	LA	N5_label_bin_prior	0.3	390	0.4687556711	0.6031012762	0.562704371	0.09394869998
1	cfcompat_seed1111	LA	N5_label_bin_prior	0.5	649	0.4708606324	0.6546898438	0.562704371	0.09184373862
1	cfcompat_seed1111	LA	N5_label_bin_prior	0.7	908	0.5160504292	0.6716035463	0.562704371	0.04665394181
1	cfcompat_seed1111	LA	N5_label_bin_prior	1	1297	0.562704371	0	0.562704371	0
1	cfcompat_seed1111	LA	N1_matched_gaussian	0.1	130	0.5914085857	0.559506815	0.562704371	-0.0287042147
1	cfcompat_seed1111	LA	N1_matched_gaussian	0.2	260	0.5915166938	0.5554804521	0.562704371	-0.02881232277
1	cfcompat_seed1111	LA	N1_matched_gaussian	0.3	390	0.5869387479	0.5522838562	0.562704371	-0.02423437686
1	cfcompat_seed1111	LA	N1_matched_gaussian	0.5	649	0.5495853047	0.5758436828	0.562704371	0.01311906632
1	cfcompat_seed1111	LA	N1_matched_gaussian	0.7	908	0.5599213719	0.5692004204	0.562704371	0.002782999138
1	cfcompat_seed1111	LA	N1_matched_gaussian	1	1297	0.562704371	0	0.562704371	0
1	cfcompat_seed1111	LA	N0_shuffle_seed23071	0.1	130	0.6005399693	0.5584896086	0.562704371	-0.03783559831
1	cfcompat_seed1111	LA	N0_shuffle_seed23071	0.2	260	0.5406586728	0.5682317399	0.562704371	0.02204569822
1	cfcompat_seed1111	LA	N0_shuffle_seed23071	0.3	390	0.558179441	0.5646500411	0.562704371	0.004524930033
1	cfcompat_seed1111	LA	N0_shuffle_seed23071	0.5	649	0.557017964	0.5683995534	0.562704371	0.005686407076
1	cfcompat_seed1111	LA	N0_shuffle_seed23071	0.7	908	0.5594933603	0.5701994808	0.562704371	0.003211010699
1	cfcompat_seed1111	LA	N0_shuffle_seed23071	1	1297	0.562704371	0	0.562704371	0
1	cfcompat_seed1111	LA	N0_shuffle_seed23072	0.1	130	0.5852805254	0.560189461	0.562704371	-0.02257615435
1	cfcompat_seed1111	LA	N0_shuffle_seed23072	0.2	260	0.5996420209	0.5534432438	0.562704371	-0.0369376499
1	cfcompat_seed1111	LA	N0_shuffle_seed23072	0.3	390	0.5894153911	0.5512189269	0.562704371	-0.02671102005
1	cfcompat_seed1111	LA	N0_shuffle_seed23072	0.5	649	0.564448546	0.5609575045	0.562704371	-0.00174417496
1	cfcompat_seed1111	LA	N0_shuffle_seed23072	0.7	908	0.5630177979	0.5619727732	0.562704371	-0.0003134268261
1	cfcompat_seed1111	LA	N0_shuffle_seed23072	1	1297	0.562704371	0	0.562704371	0
1	cfcompat_seed1111	LA	N0_shuffle_seed23073	0.1	130	0.5211678889	0.5673313999	0.562704371	0.0415364821
1	cfcompat_seed1111	LA	N0_shuffle_seed23073	0.2	260	0.5307013001	0.5707282847	0.562704371	0.03200307094
1	cfcompat_seed1111	LA	N0_shuffle_seed23073	0.3	390	0.5316048866	0.5760768064	0.562704371	0.0310994844
1	cfcompat_seed1111	LA	N0_shuffle_seed23073	0.5	649	0.5417862906	0.5836547324	0.562704371	0.02091808041
1	cfcompat_seed1111	LA	N0_shuffle_seed23073	0.7	908	0.5511936977	0.5895724722	0.562704371	0.01151067331
1	cfcompat_seed1111	LA	N0_shuffle_seed23073	1	1297	0.562704371	0	0.562704371	-1.110223025e-16
1	cfcompat_seed1111	LV	R0_global	0.1	130	0.5800077095	0.5578120663	0.5600367645	-0.01997094499
1	cfcompat_seed1111	LV	R0_global	0.2	260	0.5576959738	0.5606236551	0.5600367645	0.002340790652
1	cfcompat_seed1111	LV	R0_global	0.3	390	0.5575301547	0.5611145791	0.5600367645	0.002506609758
1	cfcompat_seed1111	LV	R0_global	0.5	649	0.5846075683	0.5354280427	0.5600367645	-0.02457080385
1	cfcompat_seed1111	LV	R0_global	0.7	908	0.5610324198	0.5577127155	0.5600367645	-0.0009956553378
1	cfcompat_seed1111	LV	R0_global	1	1297	0.5600367645	0	0.5600367645	0
1	cfcompat_seed1111	LV	R0_mode	0.1	130	0.5800077095	0.5578120663	0.5600367645	-0.01997094499
1	cfcompat_seed1111	LV	R0_mode	0.2	260	0.5576959738	0.5606236551	0.5600367645	0.002340790652
1	cfcompat_seed1111	LV	R0_mode	0.3	390	0.5575301547	0.5611145791	0.5600367645	0.002506609758
1	cfcompat_seed1111	LV	R0_mode	0.5	649	0.5846075683	0.5354280427	0.5600367645	-0.02457080385
1	cfcompat_seed1111	LV	R0_mode	0.7	908	0.5610324198	0.5577127155	0.5600367645	-0.0009956553378
1	cfcompat_seed1111	LV	R0_mode	1	1297	0.5600367645	0	0.5600367645	0
1	cfcompat_seed1111	LV	R1	0.1	130	0.3838074854	0.5796681324	0.5600367645	0.1762292791
1	cfcompat_seed1111	LV	R1	0.2	260	0.4391427719	0.590347698	0.5600367645	0.1208939926
1	cfcompat_seed1111	LV	R1	0.3	390	0.4692903163	0.5990567367	0.5600367645	0.09074644823
1	cfcompat_seed1111	LV	R1	0.5	649	0.4855504201	0.6346380569	0.5600367645	0.07448634437
1	cfcompat_seed1111	LV	R1	0.7	908	0.514748734	0.6657476428	0.5600367645	0.04528803047
1	cfcompat_seed1111	LV	R1	1	1297	0.5600367645	0	0.5600367645	0
1	cfcompat_seed1111	LV	R2	0.1	130	0.3819598611	0.5798739517	0.5600367645	0.1780769034
1	cfcompat_seed1111	LV	R2	0.2	260	0.3889445228	0.6029335657	0.5600367645	0.1710922417
1	cfcompat_seed1111	LV	R2	0.3	390	0.4133673934	0.623102977	0.5600367645	0.1466693711
1	cfcompat_seed1111	LV	R2	0.5	649	0.4771724287	0.6430289774	0.5600367645	0.08286433582
1	cfcompat_seed1111	LV	R2	0.7	908	0.5226983159	0.6471918066	0.5600367645	0.03733844863
1	cfcompat_seed1111	LV	R2	1	1297	0.5600367645	0	0.5600367645	0
1	cfcompat_seed1111	LV	N3_output_only	0.1	130	0.3838074854	0.5796681324	0.5600367645	0.1762292791
1	cfcompat_seed1111	LV	N3_output_only	0.2	260	0.4391427719	0.590347698	0.5600367645	0.1208939926
1	cfcompat_seed1111	LV	N3_output_only	0.3	390	0.4692903163	0.5990567367	0.5600367645	0.09074644823
1	cfcompat_seed1111	LV	N3_output_only	0.5	649	0.4855504201	0.6346380569	0.5600367645	0.07448634437
1	cfcompat_seed1111	LV	N3_output_only	0.7	908	0.514748734	0.6657476428	0.5600367645	0.04528803047
1	cfcompat_seed1111	LV	N3_output_only	1	1297	0.5600367645	0	0.5600367645	0
1	cfcompat_seed1111	LV	N2_length_mask_only	0.1	130	0.5288985831	0.5635054565	0.5600367645	0.03113818137
1	cfcompat_seed1111	LV	N2_length_mask_only	0.2	260	0.5672853796	0.5582193682	0.5600367645	-0.007248615145
1	cfcompat_seed1111	LV	N2_length_mask_only	0.3	390	0.5477313404	0.5653279612	0.5600367645	0.01230542413
1	cfcompat_seed1111	LV	N2_length_mask_only	0.5	649	0.5377525725	0.5823553456	0.5600367645	0.02228419196
1	cfcompat_seed1111	LV	N2_length_mask_only	0.7	908	0.5548592564	0.5721220533	0.5600367645	0.005177508071
1	cfcompat_seed1111	LV	N2_length_mask_only	1	1297	0.5600367645	0	0.5600367645	0
1	cfcompat_seed1111	LV	N5_label_bin_prior	0.1	130	0.4191051236	0.5757360904	0.5600367645	0.1409316409
1	cfcompat_seed1111	LV	N5_label_bin_prior	0.2	260	0.4848214538	0.5788949909	0.5600367645	0.07521531068
1	cfcompat_seed1111	LV	N5_label_bin_prior	0.3	390	0.4700145237	0.5987453355	0.5600367645	0.0900222408
1	cfcompat_seed1111	LV	N5_label_bin_prior	0.5	649	0.4758838979	0.6443194966	0.5600367645	0.08415286656
1	cfcompat_seed1111	LV	N5_label_bin_prior	0.7	908	0.5175415892	0.6592285877	0.5600367645	0.04249517535
1	cfcompat_seed1111	LV	N5_label_bin_prior	1	1297	0.5600367645	0	0.5600367645	0
1	cfcompat_seed1111	LV	N1_matched_gaussian	0.1	130	0.5551234752	0.5605840889	0.5600367645	0.004913289284
1	cfcompat_seed1111	LV	N1_matched_gaussian	0.2	260	0.5684830162	0.5579190929	0.5600367645	-0.008446251737
1	cfcompat_seed1111	LV	N1_matched_gaussian	0.3	390	0.5840915498	0.549693472	0.5600367645	-0.02405478532
1	cfcompat_seed1111	LV	N1_matched_gaussian	0.5	649	0.5673594424	0.5527027862	0.5600367645	-0.007322677913
1	cfcompat_seed1111	LV	N1_matched_gaussian	0.7	908	0.5552239926	0.5712706896	0.5600367645	0.004812771868
1	cfcompat_seed1111	LV	N1_matched_gaussian	1	1297	0.5600367645	0	0.5600367645	0
1	cfcompat_seed1111	LV	N0_shuffle_seed23071	0.1	130	0.5660340445	0.559368687	0.5600367645	-0.005997280047
1	cfcompat_seed1111	LV	N0_shuffle_seed23071	0.2	260	0.582472216	0.5544116754	0.5600367645	-0.02243545151
1	cfcompat_seed1111	LV	N0_shuffle_seed23071	0.3	390	0.5778692684	0.5523689845	0.5600367645	-0.01783250385
1	cfcompat_seed1111	LV	N0_shuffle_seed23071	0.5	649	0.5599211451	0.5601525624	0.5600367645	0.0001156194238
1	cfcompat_seed1111	LV	N0_shuffle_seed23071	0.7	908	0.554866913	0.5721041814	0.5600367645	0.005169851498
1	cfcompat_seed1111	LV	N0_shuffle_seed23071	1	1297	0.5600367645	0	0.5600367645	0
1	cfcompat_seed1111	LV	N0_shuffle_seed23072	0.1	130	0.6755580385	0.5471680707	0.5600367645	-0.115521274
1	cfcompat_seed1111	LV	N0_shuffle_seed23072	0.2	260	0.6417331917	0.5395535716	0.5600367645	-0.08169642721
1	cfcompat_seed1111	LV	N0_shuffle_seed23072	0.3	390	0.5984637689	0.5435135763	0.5600367645	-0.03842700441
1	cfcompat_seed1111	LV	N0_shuffle_seed23072	0.5	649	0.5823805714	0.5376584765	0.5600367645	-0.02234380686
1	cfcompat_seed1111	LV	N0_shuffle_seed23072	0.7	908	0.5692580045	0.5385126361	0.5600367645	-0.009221240044
1	cfcompat_seed1111	LV	N0_shuffle_seed23072	1	1297	0.5600367645	0	0.5600367645	1.110223025e-16
1	cfcompat_seed1111	LV	N0_shuffle_seed23073	0.1	130	0.5945399656	0.5561932202	0.5600367645	-0.0345032011
1	cfcompat_seed1111	LV	N0_shuffle_seed23073	0.2	260	0.5398472368	0.5650987483	0.5600367645	0.02018952766
1	cfcompat_seed1111	LV	N0_shuffle_seed23073	0.3	390	0.5467777808	0.5657379813	0.5600367645	0.01325898374
1	cfcompat_seed1111	LV	N0_shuffle_seed23073	0.5	649	0.5439345714	0.5761638066	0.5600367645	0.01610219306
1	cfcompat_seed1111	LV	N0_shuffle_seed23073	0.7	908	0.5537001983	0.5748275154	0.5600367645	0.006336566195
1	cfcompat_seed1111	LV	N0_shuffle_seed23073	1	1297	0.5600367645	0	0.5600367645	0
1	cfcompat_seed1111	L	R0_global	0.1	130	0.5831058244	0.5593787117	0.5617569112	-0.02134891325
1	cfcompat_seed1111	L	R0_global	0.2	260	0.5605315747	0.5620641315	0.5617569112	0.001225336453
1	cfcompat_seed1111	L	R0_global	0.3	390	0.5599705849	0.5625250118	0.5617569112	0.001786326303
1	cfcompat_seed1111	L	R0_global	0.5	649	0.5870243612	0.5364504682	0.5617569112	-0.02526745
1	cfcompat_seed1111	L	R0_global	0.7	908	0.5627866373	0.5593533345	0.5617569112	-0.001029726144
1	cfcompat_seed1111	L	R0_global	1	1297	0.5617569112	0	0.5617569112	0
1	cfcompat_seed1111	L	R0_mode	0.1	130	0.5831058244	0.5593787117	0.5617569112	-0.02134891325
1	cfcompat_seed1111	L	R0_mode	0.2	260	0.5605315747	0.5620641315	0.5617569112	0.001225336453
1	cfcompat_seed1111	L	R0_mode	0.3	390	0.5599705849	0.5625250118	0.5617569112	0.001786326303
1	cfcompat_seed1111	L	R0_mode	0.5	649	0.5870243612	0.5364504682	0.5617569112	-0.02526745
1	cfcompat_seed1111	L	R0_mode	0.7	908	0.5627866373	0.5593533345	0.5617569112	-0.001029726144
1	cfcompat_seed1111	L	R0_mode	1	1297	0.5617569112	0	0.5617569112	0
1	cfcompat_seed1111	L	R1	0.1	130	0.3748301209	0.5825799469	0.5617569112	0.1869267902
1	cfcompat_seed1111	L	R1	0.2	260	0.4340906806	0.5937658021	0.5617569112	0.1276662306
1	cfcompat_seed1111	L	R1	0.3	390	0.4637998699	0.6038773589	0.5617569112	0.09795704125
1	cfcompat_seed1111	L	R1	0.5	649	0.476886767	0.6467580278	0.5617569112	0.08487014419
1	cfcompat_seed1111	L	R1	0.7	908	0.5121883859	0.6774592785	0.5617569112	0.04956852523
1	cfcompat_seed1111	L	R1	1	1297	0.5617569112	0	0.5617569112	0
1	cfcompat_seed1111	L	R2	0.1	130	0.3606505349	0.5841595066	0.5617569112	0.2011063762
1	cfcompat_seed1111	L	R2	0.2	260	0.4031042807	0.6015348127	0.5617569112	0.1586526305
1	cfcompat_seed1111	L	R2	0.3	390	0.4225185531	0.62162787	0.5617569112	0.1392383581
1	cfcompat_seed1111	L	R2	0.5	649	0.4786970797	0.6449449214	0.5617569112	0.08305983143
1	cfcompat_seed1111	L	R2	0.7	908	0.5064731943	0.6907996231	0.5617569112	0.0552837169
1	cfcompat_seed1111	L	R2	1	1297	0.5617569112	0	0.5617569112	0
1	cfcompat_seed1111	L	N3_output_only	0.1	130	0.3748301209	0.5825799469	0.5617569112	0.1869267902
1	cfcompat_seed1111	L	N3_output_only	0.2	260	0.4340906806	0.5937658021	0.5617569112	0.1276662306
1	cfcompat_seed1111	L	N3_output_only	0.3	390	0.4637998699	0.6038773589	0.5617569112	0.09795704125
1	cfcompat_seed1111	L	N3_output_only	0.5	649	0.476886767	0.6467580278	0.5617569112	0.08487014419
1	cfcompat_seed1111	L	N3_output_only	0.7	908	0.5121883859	0.6774592785	0.5617569112	0.04956852523
1	cfcompat_seed1111	L	N3_output_only	1	1297	0.5617569112	0	0.5617569112	0
1	cfcompat_seed1111	L	N2_length_mask_only	0.1	130	0.5296059916	0.5653384189	0.5617569112	0.0321509196
1	cfcompat_seed1111	L	N2_length_mask_only	0.2	260	0.5681127422	0.5601633566	0.5617569112	-0.006355830999
1	cfcompat_seed1111	L	N2_length_mask_only	0.3	390	0.5514587622	0.5661850017	0.5617569112	0.01029814901
1	cfcompat_seed1111	L	N2_length_mask_only	0.5	649	0.5428032716	0.5807398002	0.5617569112	0.01895363954
1	cfcompat_seed1111	L	N2_length_mask_only	0.7	908	0.5554911691	0.5763823451	0.5617569112	0.006265742049
1	cfcompat_seed1111	L	N2_length_mask_only	1	1297	0.5617569112	0	0.5617569112	0
1	cfcompat_seed1111	L	N5_label_bin_prior	0.1	130	0.4102720211	0.5786318347	0.5617569112	0.1514848901
1	cfcompat_seed1111	L	N5_label_bin_prior	0.2	260	0.4727230625	0.5840797662	0.5617569112	0.08903384862
1	cfcompat_seed1111	L	N5_label_bin_prior	0.3	390	0.490756858	0.5922861512	0.5617569112	0.07100005316
1	cfcompat_seed1111	L	N5_label_bin_prior	0.5	649	0.4789592597	0.6446823368	0.5617569112	0.08279765152
1	cfcompat_seed1111	L	N5_label_bin_prior	0.7	908	0.5147107147	0.6715716833	0.5617569112	0.04704619644
1	cfcompat_seed1111	L	N5_label_bin_prior	1	1297	0.5617569112	0	0.5617569112	0
1	cfcompat_seed1111	L	N1_matched_gaussian	0.1	130	0.5074998194	0.5678009745	0.5617569112	0.05425709175
1	cfcompat_seed1111	L	N1_matched_gaussian	0.2	260	0.5523929656	0.5641046699	0.5617569112	0.00936394554
1	cfcompat_seed1111	L	N1_matched_gaussian	0.3	390	0.5711030382	0.5577381796	0.5617569112	-0.00934612699
1	cfcompat_seed1111	L	N1_matched_gaussian	0.5	649	0.5786341273	0.54485365	0.5617569112	-0.01687721609
1	cfcompat_seed1111	L	N1_matched_gaussian	0.7	908	0.5688999987	0.5450835859	0.5617569112	-0.00714308757
1	cfcompat_seed1111	L	N1_matched_gaussian	1	1297	0.5617569112	0	0.5617569112	0
1	cfcompat_seed1111	L	N0_shuffle_seed23071	0.1	130	0.5657717697	0.561309669	0.5617569112	-0.004014858509
1	cfcompat_seed1111	L	N0_shuffle_seed23071	0.2	260	0.5579431597	0.5627131073	0.5617569112	0.003813751484
1	cfcompat_seed1111	L	N0_shuffle_seed23071	0.3	390	0.5453336868	0.5688187166	0.5617569112	0.01642322435
1	cfcompat_seed1111	L	N0_shuffle_seed23071	0.5	649	0.5471738999	0.5763624271	0.5617569112	0.01458301131
1	cfcompat_seed1111	L	N0_shuffle_seed23071	0.7	908	0.5457804448	0.5990490228	0.5617569112	0.01597646632
1	cfcompat_seed1111	L	N0_shuffle_seed23071	1	1297	0.5617569112	0	0.5617569112	0
1	cfcompat_seed1111	L	N0_shuffle_seed23072	0.1	130	0.5511573213	0.562937671	0.5617569112	0.01059958986
1	cfcompat_seed1111	L	N0_shuffle_seed23072	0.2	260	0.5688035337	0.5599901591	0.5617569112	-0.007046622493
1	cfcompat_seed1111	L	N0_shuffle_seed23072	0.3	390	0.5565712287	0.5639866974	0.5617569112	0.00518568245
1	cfcompat_seed1111	L	N0_shuffle_seed23072	0.5	649	0.5694854699	0.5540164257	0.5617569112	-0.007728558705
1	cfcompat_seed1111	L	N0_shuffle_seed23072	0.7	908	0.5827452361	0.5127661682	0.5617569112	-0.0209883249
1	cfcompat_seed1111	L	N0_shuffle_seed23072	1	1297	0.5617569112	0	0.5617569112	0
1	cfcompat_seed1111	L	N0_shuffle_seed23073	0.1	130	0.550019174	0.5630644569	0.5617569112	0.01173773721
1	cfcompat_seed1111	L	N0_shuffle_seed23073	0.2	260	0.5567314449	0.5630169124	0.5617569112	0.005025466292
1	cfcompat_seed1111	L	N0_shuffle_seed23073	0.3	390	0.5670528245	0.5594797268	0.5617569112	-0.005295913327
1	cfcompat_seed1111	L	N0_shuffle_seed23073	0.5	649	0.5444721155	0.5790683809	0.5617569112	0.01728479565
1	cfcompat_seed1111	L	N0_shuffle_seed23073	0.7	908	0.5470192021	0.5961575277	0.5617569112	0.01473770906
1	cfcompat_seed1111	L	N0_shuffle_seed23073	1	1297	0.5617569112	0	0.5617569112	0
1	cfcompat_seed1114	LAV	R0_global	0.1	130	0.5931710056	0.5628163335	0.5658588218	-0.0273121838
1	cfcompat_seed1114	LAV	R0_global	0.2	260	0.5744603245	0.5637022252	0.5658588218	-0.008601502689
1	cfcompat_seed1114	LAV	R0_global	0.3	390	0.5696123277	0.5642448557	0.5658588218	-0.003753505854
1	cfcompat_seed1114	LAV	R0_global	0.5	649	0.5914591695	0.5402189674	0.5658588218	-0.02560034771
1	cfcompat_seed1114	LAV	R0_global	0.7	908	0.5708423943	0.5542262155	0.5658588218	-0.004983572504
1	cfcompat_seed1114	LAV	R0_global	1	1297	0.5658588218	0	0.5658588218	1.110223025e-16
1	cfcompat_seed1114	LAV	R0_mode	0.1	130	0.5931710056	0.5628163335	0.5658588218	-0.0273121838
1	cfcompat_seed1114	LAV	R0_mode	0.2	260	0.5744603245	0.5637022252	0.5658588218	-0.008601502689
1	cfcompat_seed1114	LAV	R0_mode	0.3	390	0.5696123277	0.5642448557	0.5658588218	-0.003753505854
1	cfcompat_seed1114	LAV	R0_mode	0.5	649	0.5914591695	0.5402189674	0.5658588218	-0.02560034771
1	cfcompat_seed1114	LAV	R0_mode	0.7	908	0.5708423943	0.5542262155	0.5658588218	-0.004983572504
1	cfcompat_seed1114	LAV	R0_mode	1	1297	0.5658588218	0	0.5658588218	1.110223025e-16
1	cfcompat_seed1114	LAV	R1	0.1	130	0.4500665299	0.5787577061	0.5658588218	0.1157922919
1	cfcompat_seed1114	LAV	R1	0.2	260	0.4473600735	0.5955692119	0.5658588218	0.1184987483
1	cfcompat_seed1114	LAV	R1	0.3	390	0.4430582807	0.6186617006	0.5658588218	0.1228005411
1	cfcompat_seed1114	LAV	R1	0.5	649	0.4832151875	0.6486299926	0.5658588218	0.08264363431
1	cfcompat_seed1114	LAV	R1	0.7	908	0.5123927855	0.6906587215	0.5658588218	0.05346603633
1	cfcompat_seed1114	LAV	R1	1	1297	0.5658588218	0	0.5658588218	1.110223025e-16
1	cfcompat_seed1114	LAV	R2	0.1	130	0.3629041457	0.5884673119	0.5658588218	0.2029546761
1	cfcompat_seed1114	LAV	R2	0.2	260	0.3918486357	0.6094872195	0.5658588218	0.1740101861
1	cfcompat_seed1114	LAV	R2	0.3	390	0.434431549	0.6223711001	0.5658588218	0.1314272728
1	cfcompat_seed1114	LAV	R2	0.5	649	0.4748321446	0.6570259723	0.5658588218	0.09102667723
1	cfcompat_seed1114	LAV	R2	0.7	908	0.5045400671	0.7089884599	0.5658588218	0.06131875467
1	cfcompat_seed1114	LAV	R2	1	1297	0.5658588218	0	0.5658588218	0
1	cfcompat_seed1114	LAV	N3_output_only	0.1	130	0.4500665299	0.5787577061	0.5658588218	0.1157922919
1	cfcompat_seed1114	LAV	N3_output_only	0.2	260	0.4473600735	0.5955692119	0.5658588218	0.1184987483
1	cfcompat_seed1114	LAV	N3_output_only	0.3	390	0.4430582807	0.6186617006	0.5658588218	0.1228005411
1	cfcompat_seed1114	LAV	N3_output_only	0.5	649	0.4832151875	0.6486299926	0.5658588218	0.08264363431
1	cfcompat_seed1114	LAV	N3_output_only	0.7	908	0.5123927855	0.6906587215	0.5658588218	0.05346603633
1	cfcompat_seed1114	LAV	N3_output_only	1	1297	0.5658588218	0	0.5658588218	1.110223025e-16
1	cfcompat_seed1114	LAV	N2_length_mask_only	0.1	130	0.5226923529	0.5706674259	0.5658588218	0.04316646886
1	cfcompat_seed1114	LAV	N2_length_mask_only	0.2	260	0.5775672697	0.5629232418	0.5658588218	-0.01170844792
1	cfcompat_seed1114	LAV	N2_length_mask_only	0.3	390	0.5628316286	0.5671604815	0.5658588218	0.003027193228
1	cfcompat_seed1114	LAV	N2_length_mask_only	0.5	649	0.5523137935	0.579424753	0.5658588218	0.01354502833
1	cfcompat_seed1114	LAV	N2_length_mask_only	0.7	908	0.5664659672	0.5644416288	0.5658588218	-0.0006071454437
1	cfcompat_seed1114	LAV	N2_length_mask_only	1	1297	0.5658588218	0	0.5658588218	0
1	cfcompat_seed1114	LAV	N5_label_bin_prior	0.1	130	0.3891722862	0.5855411265	0.5658588218	0.1766865356
1	cfcompat_seed1114	LAV	N5_label_bin_prior	0.2	260	0.4146061246	0.6037813881	0.5658588218	0.1512526972
1	cfcompat_seed1114	LAV	N5_label_bin_prior	0.3	390	0.4426628167	0.6188317457	0.5658588218	0.1231960051
1	cfcompat_seed1114	LAV	N5_label_bin_prior	0.5	649	0.4818569728	0.6499903032	0.5658588218	0.08400184895
1	cfcompat_seed1114	LAV	N5_label_bin_prior	0.7	908	0.5197951516	0.6733801908	0.5658588218	0.0460636702
1	cfcompat_seed1114	LAV	N5_label_bin_prior	1	1297	0.5658588218	0	0.5658588218	1.110223025e-16
1	cfcompat_seed1114	LAV	N1_matched_gaussian	0.1	130	0.5633235753	0.56614124	0.5658588218	0.002535246519
1	cfcompat_seed1114	LAV	N1_matched_gaussian	0.2	260	0.5694675158	0.5649540383	0.5658588218	-0.003608694036
1	cfcompat_seed1114	LAV	N1_matched_gaussian	0.3	390	0.5688930495	0.5645541373	0.5658588218	-0.003034227747
1	cfcompat_seed1114	LAV	N1_matched_gaussian	0.5	649	0.5619439102	0.5697797749	0.5658588218	0.003914911619
1	cfcompat_seed1114	LAV	N1_matched_gaussian	0.7	908	0.5746790381	0.545270759	0.5658588218	-0.008820216326
1	cfcompat_seed1114	LAV	N1_matched_gaussian	1	1297	0.5658588218	0	0.5658588218	1.110223025e-16
1	cfcompat_seed1114	LAV	N0_shuffle_seed23071	0.1	130	0.5925070887	0.5628902916	0.5658588218	-0.02664826695
1	cfcompat_seed1114	LAV	N0_shuffle_seed23071	0.2	260	0.591727089	0.559373046	0.5658588218	-0.02586826725
1	cfcompat_seed1114	LAV	N0_shuffle_seed23071	0.3	390	0.6097564068	0.5469833442	0.5658588218	-0.04389758502
1	cfcompat_seed1114	LAV	N0_shuffle_seed23071	0.5	649	0.5875507087	0.5441334598	0.5658588218	-0.02169188687
1	cfcompat_seed1114	LAV	N0_shuffle_seed23071	0.7	908	0.5733567815	0.5483571574	0.5658588218	-0.007497959738
1	cfcompat_seed1114	LAV	N0_shuffle_seed23071	1	1297	0.5658588218	0	0.5658588218	1.110223025e-16
1	cfcompat_seed1114	LAV	N0_shuffle_seed23072	0.1	130	0.689000041	0.5521412909	0.5658588218	-0.1231412192
1	cfcompat_seed1114	LAV	N0_shuffle_seed23072	0.2	260	0.594826232	0.5585960188	0.5658588218	-0.02896741022
1	cfcompat_seed1114	LAV	N0_shuffle_seed23072	0.3	390	0.5526435556	0.5715412406	0.5658588218	0.01321526624
1	cfcompat_seed1114	LAV	N0_shuffle_seed23072	0.5	649	0.5584631491	0.5732659076	0.5658588218	0.007395672679
1	cfcompat_seed1114	LAV	N0_shuffle_seed23072	0.7	908	0.5696131743	0.5570954489	0.5658588218	-0.0037543525
1	cfcompat_seed1114	LAV	N0_shuffle_seed23072	1	1297	0.5658588218	0	0.5658588218	1.110223025e-16
1	cfcompat_seed1114	LAV	N0_shuffle_seed23073	0.1	130	0.5555155249	0.5670110314	0.5658588218	0.01034329686
1	cfcompat_seed1114	LAV	N0_shuffle_seed23073	0.2	260	0.5595860656	0.5674315476	0.5658588218	0.006272756244
1	cfcompat_seed1114	LAV	N0_shuffle_seed23073	0.3	390	0.5553031845	0.5703976295	0.5658588218	0.01055563729
1	cfcompat_seed1114	LAV	N0_shuffle_seed23073	0.5	649	0.5612650076	0.5704597252	0.5658588218	0.004593814225
1	cfcompat_seed1114	LAV	N0_shuffle_seed23073	0.7	908	0.5618971104	0.5751062098	0.5658588218	0.003961711364
1	cfcompat_seed1114	LAV	N0_shuffle_seed23073	1	1297	0.5658588218	0	0.5658588218	1.110223025e-16
1	cfcompat_seed1114	LA	R0_global	0.1	130	0.6079316116	0.5625006165	0.5670542244	-0.04087738728
1	cfcompat_seed1114	LA	R0_global	0.2	260	0.5824650124	0.5631903816	0.5670542244	-0.01541078808
1	cfcompat_seed1114	LA	R0_global	0.3	390	0.5733911241	0.5643294274	0.5670542244	-0.006336899709
1	cfcompat_seed1114	LA	R0_global	0.5	649	0.5964343512	0.5376287579	0.5670542244	-0.02938012679
1	cfcompat_seed1114	LA	R0_global	0.7	908	0.5732545122	0.5525815731	0.5670542244	-0.006200287811
1	cfcompat_seed1114	LA	R0_global	1	1297	0.5670542244	0	0.5670542244	0
1	cfcompat_seed1114	LA	R0_mode	0.1	130	0.6079316116	0.5625006165	0.5670542244	-0.04087738728
1	cfcompat_seed1114	LA	R0_mode	0.2	260	0.5824650124	0.5631903816	0.5670542244	-0.01541078808
1	cfcompat_seed1114	LA	R0_mode	0.3	390	0.5733911241	0.5643294274	0.5670542244	-0.006336899709
1	cfcompat_seed1114	LA	R0_mode	0.5	649	0.5964343512	0.5376287579	0.5670542244	-0.02938012679
1	cfcompat_seed1114	LA	R0_mode	0.7	908	0.5732545122	0.5525815731	0.5670542244	-0.006200287811
1	cfcompat_seed1114	LA	R0_mode	1	1297	0.5670542244	0	0.5670542244	0
1	cfcompat_seed1114	LA	R1	0.1	130	0.4606735509	0.578904685	0.5670542244	0.1063806735
1	cfcompat_seed1114	LA	R1	0.2	260	0.4647704066	0.5926991546	0.5670542244	0.1022838178
1	cfcompat_seed1114	LA	R1	0.3	390	0.4592332449	0.6134160568	0.5670542244	0.1078209795
1	cfcompat_seed1114	LA	R1	0.5	649	0.4803920712	0.6538501154	0.5670542244	0.08666215312
1	cfcompat_seed1114	LA	R1	0.7	908	0.5142203509	0.6903785358	0.5670542244	0.05283387351
1	cfcompat_seed1114	LA	R1	1	1297	0.5670542244	0	0.5670542244	0
1	cfcompat_seed1114	LA	R2	0.1	130	0.3873619753	0.5870713558	0.5670542244	0.179692249
1	cfcompat_seed1114	LA	R2	0.2	260	0.388313329	0.6118687208	0.5670542244	0.1787408954
1	cfcompat_seed1114	LA	R2	0.3	390	0.4190438053	0.6306970727	0.5670542244	0.148010419
1	cfcompat_seed1114	LA	R2	0.5	649	0.466842027	0.6674210701	0.5670542244	0.1002121973
1	cfcompat_seed1114	LA	R2	0.7	908	0.5063009732	0.7088638698	0.5670542244	0.06075325118
1	cfcompat_seed1114	LA	R2	1	1297	0.5670542244	0	0.5670542244	0
1	cfcompat_seed1114	LA	N3_output_only	0.1	130	0.4606735509	0.578904685	0.5670542244	0.1063806735
1	cfcompat_seed1114	LA	N3_output_only	0.2	260	0.4647704066	0.5926991546	0.5670542244	0.1022838178
1	cfcompat_seed1114	LA	N3_output_only	0.3	390	0.4592332449	0.6134160568	0.5670542244	0.1078209795
1	cfcompat_seed1114	LA	N3_output_only	0.5	649	0.4803920712	0.6538501154	0.5670542244	0.08666215312
1	cfcompat_seed1114	LA	N3_output_only	0.7	908	0.5142203509	0.6903785358	0.5670542244	0.05283387351
1	cfcompat_seed1114	LA	N3_output_only	1	1297	0.5670542244	0	0.5670542244	0
1	cfcompat_seed1114	LA	N2_length_mask_only	0.1	130	0.551218106	0.5688183164	0.5670542244	0.01583611837
1	cfcompat_seed1114	LA	N2_length_mask_only	0.2	260	0.5525570761	0.5706889964	0.5670542244	0.01449714828
1	cfcompat_seed1114	LA	N2_length_mask_only	0.3	390	0.561677273	0.5693662542	0.5670542244	0.005376951377
1	cfcompat_seed1114	LA	N2_length_mask_only	0.5	649	0.5527025106	0.5814280858	0.5670542244	0.01435171375
1	cfcompat_seed1114	LA	N2_length_mask_only	0.7	908	0.5661783877	0.5690985938	0.5670542244	0.000875836671
1	cfcompat_seed1114	LA	N2_length_mask_only	1	1297	0.5670542244	0	0.5670542244	0
1	cfcompat_seed1114	LA	N5_label_bin_prior	0.1	130	0.35975248	0.5901469637	0.5670542244	0.2073017444
1	cfcompat_seed1114	LA	N5_label_bin_prior	0.2	260	0.4059021385	0.6074587975	0.5670542244	0.1611520859
1	cfcompat_seed1114	LA	N5_label_bin_prior	0.3	390	0.4451973082	0.6194513548	0.5670542244	0.1218569162
1	cfcompat_seed1114	LA	N5_label_bin_prior	0.5	649	0.4899465434	0.6442808986	0.5670542244	0.07710768092
1	cfcompat_seed1114	LA	N5_label_bin_prior	0.7	908	0.518726675	0.6798599181	0.5670542244	0.0483275494
1	cfcompat_seed1114	LA	N5_label_bin_prior	1	1297	0.5670542244	0	0.5670542244	0
1	cfcompat_seed1114	LA	N1_matched_gaussian	0.1	130	0.5104537344	0.5733593347	0.5670542244	0.05660049
1	cfcompat_seed1114	LA	N1_matched_gaussian	0.2	260	0.523121215	0.5780692508	0.5670542244	0.04393300941
1	cfcompat_seed1114	LA	N1_matched_gaussian	0.3	390	0.5611079042	0.5696110765	0.5670542244	0.005946320179
1	cfcompat_seed1114	LA	N1_matched_gaussian	0.5	649	0.5505149526	0.5836190197	0.5670542244	0.01653927175
1	cfcompat_seed1114	LA	N1_matched_gaussian	0.7	908	0.5633754647	0.5756411491	0.5670542244	0.003678759626
1	cfcompat_seed1114	LA	N1_matched_gaussian	1	1297	0.5670542244	0	0.5670542244	0
1	cfcompat_seed1114	LA	N0_shuffle_seed23071	0.1	130	0.6232561594	0.5607935118	0.5670542244	-0.05620193504
1	cfcompat_seed1114	LA	N0_shuffle_seed23071	0.2	260	0.6083467081	0.5567012391	0.5670542244	-0.04129248368
1	cfcompat_seed1114	LA	N0_shuffle_seed23071	0.3	390	0.5841906395	0.5596857548	0.5670542244	-0.01713641517
1	cfcompat_seed1114	LA	N0_shuffle_seed23071	0.5	649	0.590801131	0.5432706712	0.5670542244	-0.02374690667
1	cfcompat_seed1114	LA	N0_shuffle_seed23071	0.7	908	0.5711963438	0.5573857295	0.5670542244	-0.004142119481
1	cfcompat_seed1114	LA	N0_shuffle_seed23071	1	1297	0.5670542244	0	0.5670542244	0
1	cfcompat_seed1114	LA	N0_shuffle_seed23072	0.1	130	0.5046870939	0.5740017196	0.5670542244	0.06236713042
1	cfcompat_seed1114	LA	N0_shuffle_seed23072	0.2	260	0.5257533699	0.5774093084	0.5670542244	0.04130085443
1	cfcompat_seed1114	LA	N0_shuffle_seed23072	0.3	390	0.5418536472	0.5778901947	0.5670542244	0.0252005772
1	cfcompat_seed1114	LA	N0_shuffle_seed23072	0.5	649	0.558244085	0.5758779596	0.5670542244	0.008810139363
1	cfcompat_seed1114	LA	N0_shuffle_seed23072	0.7	908	0.5444930288	0.6197163466	0.5670542244	0.02256119553
1	cfcompat_seed1114	LA	N0_shuffle_seed23072	1	1297	0.5670542244	0	0.5670542244	0
1	cfcompat_seed1114	LA	N0_shuffle_seed23073	0.1	130	0.6340338311	0.5595929143	0.5670542244	-0.06697960672
1	cfcompat_seed1114	LA	N0_shuffle_seed23073	0.2	260	0.6072480849	0.5569766894	0.5670542244	-0.04019386052
1	cfcompat_seed1114	LA	N0_shuffle_seed23073	0.3	390	0.5841547172	0.559701201	0.5670542244	-0.01710049279
1	cfcompat_seed1114	LA	N0_shuffle_seed23073	0.5	649	0.5615157109	0.5726012849	0.5670542244	0.005538513491
1	cfcompat_seed1114	LA	N0_shuffle_seed23073	0.7	908	0.5659405555	0.5696537394	0.5670542244	0.001113668876
1	cfcompat_seed1114	LA	N0_shuffle_seed23073	1	1297	0.5670542244	0	0.5670542244	0
1	cfcompat_seed1114	LV	R0_global	0.1	130	0.59884728	0.5614015335	0.5651547695	-0.03369251056
1	cfcompat_seed1114	LV	R0_global	0.2	260	0.575599272	0.5625360899	0.5651547695	-0.01044450253
1	cfcompat_seed1114	LV	R0_global	0.3	390	0.5702733938	0.5629538174	0.5651547695	-0.005118624367
1	cfcompat_seed1114	LV	R0_global	0.5	649	0.5927458189	0.5375211413	0.5651547695	-0.02759104942
1	cfcompat_seed1114	LV	R0_global	0.7	908	0.5709593076	0.5516058732	0.5651547695	-0.005804538165
1	cfcompat_seed1114	LV	R0_global	1	1297	0.5651547695	0	0.5651547695	0
1	cfcompat_seed1114	LV	R0_mode	0.1	130	0.59884728	0.5614015335	0.5651547695	-0.03369251056
1	cfcompat_seed1114	LV	R0_mode	0.2	260	0.575599272	0.5625360899	0.5651547695	-0.01044450253
1	cfcompat_seed1114	LV	R0_mode	0.3	390	0.5702733938	0.5629538174	0.5651547695	-0.005118624367
1	cfcompat_seed1114	LV	R0_mode	0.5	649	0.5927458189	0.5375211413	0.5651547695	-0.02759104942
1	cfcompat_seed1114	LV	R0_mode	0.7	908	0.5709593076	0.5516058732	0.5651547695	-0.005804538165
1	cfcompat_seed1114	LV	R0_mode	1	1297	0.5651547695	0	0.5651547695	0
1	cfcompat_seed1114	LV	R1	0.1	130	0.422353457	0.5810623707	0.5651547695	0.1428013124
1	cfcompat_seed1114	LV	R1	0.2	260	0.4833577424	0.5856631851	0.5651547695	0.0817970271
1	cfcompat_seed1114	LV	R1	0.3	390	0.4779859597	0.6026363966	0.5651547695	0.08716880974
1	cfcompat_seed1114	LV	R1	0.5	649	0.485493882	0.6449385904	0.5651547695	0.07966088743
1	cfcompat_seed1114	LV	R1	0.7	908	0.5146320689	0.6830843636	0.5651547695	0.05052270059
1	cfcompat_seed1114	LV	R1	1	1297	0.5651547695	0	0.5651547695	0
1	cfcompat_seed1114	LV	R2	0.1	130	0.4291334772	0.5803070985	0.5651547695	0.1360212923
1	cfcompat_seed1114	LV	R2	0.2	260	0.4122661479	0.6034875	0.5651547695	0.1528886216
1	cfcompat_seed1114	LV	R2	0.3	390	0.4420428807	0.6180915243	0.5651547695	0.1231118888
1	cfcompat_seed1114	LV	R2	0.5	649	0.4712726733	0.6591817454	0.5651547695	0.09388209619
1	cfcompat_seed1114	LV	R2	0.7	908	0.508134798	0.6982502299	0.5651547695	0.05701997147
1	cfcompat_seed1114	LV	R2	1	1297	0.5651547695	0	0.5651547695	0
1	cfcompat_seed1114	LV	N3_output_only	0.1	130	0.422353457	0.5810623707	0.5651547695	0.1428013124
1	cfcompat_seed1114	LV	N3_output_only	0.2	260	0.4833577424	0.5856631851	0.5651547695	0.0817970271
1	cfcompat_seed1114	LV	N3_output_only	0.3	390	0.4779859597	0.6026363966	0.5651547695	0.08716880974
1	cfcompat_seed1114	LV	N3_output_only	0.5	649	0.485493882	0.6449385904	0.5651547695	0.07966088743
1	cfcompat_seed1114	LV	N3_output_only	0.7	908	0.5146320689	0.6830843636	0.5651547695	0.05052270059
1	cfcompat_seed1114	LV	N3_output_only	1	1297	0.5651547695	0	0.5651547695	0
1	cfcompat_seed1114	LV	N2_length_mask_only	0.1	130	0.5513924636	0.5666878455	0.5651547695	0.01376230582
1	cfcompat_seed1114	LV	N2_length_mask_only	0.2	260	0.567824994	0.5644852821	0.5651547695	-0.002670224588
1	cfcompat_seed1114	LV	N2_length_mask_only	0.3	390	0.5512541291	0.5711318916	0.5651547695	0.01390064039
1	cfcompat_seed1114	LV	N2_length_mask_only	0.5	649	0.5499255628	0.580407478	0.5651547695	0.01522920668
1	cfcompat_seed1114	LV	N2_length_mask_only	0.7	908	0.560773299	0.575381955	0.5651547695	0.004381470448
1	cfcompat_seed1114	LV	N2_length_mask_only	1	1297	0.5651547695	0	0.5651547695	0
1	cfcompat_seed1114	LV	N5_label_bin_prior	0.1	130	0.3990403983	0.5836593695	0.5651547695	0.1661143711
1	cfcompat_seed1114	LV	N5_label_bin_prior	0.2	260	0.4142808733	0.6029823615	0.5651547695	0.1508738961
1	cfcompat_seed1114	LV	N5_label_bin_prior	0.3	390	0.4492043725	0.6150121617	0.5651547695	0.1159503969
1	cfcompat_seed1114	LV	N5_label_bin_prior	0.5	649	0.4840318176	0.646402911	0.5651547695	0.08112295185
1	cfcompat_seed1114	LV	N5_label_bin_prior	0.7	908	0.5204181271	0.6695786031	0.5651547695	0.0447366424
1	cfcompat_seed1114	LV	N5_label_bin_prior	1	1297	0.5651547695	0	0.5651547695	0
1	cfcompat_seed1114	LV	N1_matched_gaussian	0.1	130	0.5461603465	0.5672706863	0.5651547695	0.01899442297
1	cfcompat_seed1114	LV	N1_matched_gaussian	0.2	260	0.5311876048	0.573671127	0.5651547695	0.0339671647
1	cfcompat_seed1114	LV	N1_matched_gaussian	0.3	390	0.5407941262	0.5756295775	0.5651547695	0.02436064322
1	cfcompat_seed1114	LV	N1_matched_gaussian	0.5	649	0.5529341543	0.5773942436	0.5651547695	0.0122206152
1	cfcompat_seed1114	LV	N1_matched_gaussian	0.7	908	0.5474450129	0.6064927101	0.5651547695	0.01770975653
1	cfcompat_seed1114	LV	N1_matched_gaussian	1	1297	0.5651547695	0	0.5651547695	0
1	cfcompat_seed1114	LV	N0_shuffle_seed23071	0.1	130	0.6169808493	0.5593815129	0.5651547695	-0.05182607984
1	cfcompat_seed1114	LV	N0_shuffle_seed23071	0.2	260	0.6220588645	0.5508875904	0.5651547695	-0.05690409505
1	cfcompat_seed1114	LV	N0_shuffle_seed23071	0.3	390	0.6082579739	0.5466208668	0.5651547695	-0.0431032044
1	cfcompat_seed1114	LV	N0_shuffle_seed23071	0.5	649	0.6016700826	0.5285831055	0.5651547695	-0.03651531318
1	cfcompat_seed1114	LV	N0_shuffle_seed23071	0.7	908	0.5816057487	0.5267550544	0.5651547695	-0.01645097923
1	cfcompat_seed1114	LV	N0_shuffle_seed23071	1	1297	0.5651547695	0	0.5651547695	0
1	cfcompat_seed1114	LV	N0_shuffle_seed23072	0.1	130	0.5587363183	0.565869764	0.5651547695	0.006418451166
1	cfcompat_seed1114	LV	N0_shuffle_seed23072	0.2	260	0.5426161483	0.5708057256	0.5651547695	0.02253862119
1	cfcompat_seed1114	LV	N0_shuffle_seed23072	0.3	390	0.5720419862	0.5621933422	0.5651547695	-0.006887216731
1	cfcompat_seed1114	LV	N0_shuffle_seed23072	0.5	649	0.5650923183	0.565217317	0.5651547695	6.245117397e-05
1	cfcompat_seed1114	LV	N0_shuffle_seed23072	0.7	908	0.5631753167	0.5697751887	0.5651547695	0.001979452756
1	cfcompat_seed1114	LV	N0_shuffle_seed23072	1	1297	0.5651547695	0	0.5651547695	0
1	cfcompat_seed1114	LV	N0_shuffle_seed23073	0.1	130	0.5906850981	0.562310774	0.5651547695	-0.02553032869
1	cfcompat_seed1114	LV	N0_shuffle_seed23073	0.2	260	0.6113700538	0.5535675236	0.5651547695	-0.0462152843
1	cfcompat_seed1114	LV	N0_shuffle_seed23073	0.3	390	0.6163981791	0.5431206683	0.5651547695	-0.05124340966
1	cfcompat_seed1114	LV	N0_shuffle_seed23073	0.5	649	0.5853362766	0.5449421181	0.5651547695	-0.02018150709
1	cfcompat_seed1114	LV	N0_shuffle_seed23073	0.7	908	0.5774978395	0.536343696	0.5651547695	-0.01234307003
1	cfcompat_seed1114	LV	N0_shuffle_seed23073	1	1297	0.5651547695	0	0.5651547695	0
1	cfcompat_seed1114	L	R0_global	0.1	130	0.6135312888	0.5616262759	0.566828783	-0.04670250574
1	cfcompat_seed1114	L	R0_global	0.2	260	0.5841774087	0.5624790794	0.566828783	-0.01734862571
1	cfcompat_seed1114	L	R0_global	0.3	390	0.5746741632	0.563455356	0.566828783	-0.007845380189
1	cfcompat_seed1114	L	R0_global	0.5	649	0.5978510865	0.5357586056	0.566828783	-0.0310223035
1	cfcompat_seed1114	L	R0_global	0.7	908	0.5736516714	0.5509028637	0.566828783	-0.006822888342
1	cfcompat_seed1114	L	R0_global	1	1297	0.566828783	0	0.566828783	0
1	cfcompat_seed1114	L	R0_mode	0.1	130	0.6135312888	0.5616262759	0.566828783	-0.04670250574
1	cfcompat_seed1114	L	R0_mode	0.2	260	0.5841774087	0.5624790794	0.566828783	-0.01734862571
1	cfcompat_seed1114	L	R0_mode	0.3	390	0.5746741632	0.563455356	0.566828783	-0.007845380189
1	cfcompat_seed1114	L	R0_mode	0.5	649	0.5978510865	0.5357586056	0.566828783	-0.0310223035
1	cfcompat_seed1114	L	R0_mode	0.7	908	0.5736516714	0.5509028637	0.566828783	-0.006822888342
1	cfcompat_seed1114	L	R0_mode	1	1297	0.566828783	0	0.566828783	0
1	cfcompat_seed1114	L	R1	0.1	130	0.486571905	0.5757691379	0.566828783	0.08025687806
1	cfcompat_seed1114	L	R1	0.2	260	0.4699408959	0.591120828	0.566828783	0.09688788714
1	cfcompat_seed1114	L	R1	0.3	390	0.4952138301	0.5976224232	0.566828783	0.07161495287
1	cfcompat_seed1114	L	R1	0.5	649	0.4804365461	0.6533543413	0.566828783	0.08639223693
1	cfcompat_seed1114	L	R1	0.7	908	0.5204112451	0.6751761467	0.566828783	0.04641753796
1	cfcompat_seed1114	L	R1	1	1297	0.566828783	0	0.566828783	1.110223025e-16
1	cfcompat_seed1114	L	R2	0.1	130	0.3629430581	0.5895409889	0.566828783	0.2038857249
1	cfcompat_seed1114	L	R2	0.2	260	0.4162464322	0.6045832779	0.566828783	0.1505823508
1	cfcompat_seed1114	L	R2	0.3	390	0.4489944733	0.617496237	0.566828783	0.1178343097
1	cfcompat_seed1114	L	R2	0.5	649	0.4770707192	0.6567253624	0.566828783	0.08975806385
1	cfcompat_seed1114	L	R2	0.7	908	0.4966101539	0.7307324211	0.566828783	0.07021862909
1	cfcompat_seed1114	L	R2	1	1297	0.566828783	0	0.566828783	1.110223025e-16
1	cfcompat_seed1114	L	N3_output_only	0.1	130	0.486571905	0.5757691379	0.566828783	0.08025687806
1	cfcompat_seed1114	L	N3_output_only	0.2	260	0.4699408959	0.591120828	0.566828783	0.09688788714
1	cfcompat_seed1114	L	N3_output_only	0.3	390	0.4952138301	0.5976224232	0.566828783	0.07161495287
1	cfcompat_seed1114	L	N3_output_only	0.5	649	0.4804365461	0.6533543413	0.566828783	0.08639223693
1	cfcompat_seed1114	L	N3_output_only	0.7	908	0.5204112451	0.6751761467	0.566828783	0.04641753796
1	cfcompat_seed1114	L	N3_output_only	1	1297	0.566828783	0	0.566828783	1.110223025e-16
1	cfcompat_seed1114	L	N2_length_mask_only	0.1	130	0.5433209566	0.5694474783	0.566828783	0.02350782641
1	cfcompat_seed1114	L	N2_length_mask_only	0.2	260	0.5679324271	0.5665520738	0.566828783	-0.001103644126
1	cfcompat_seed1114	L	N2_length_mask_only	0.3	390	0.5646912432	0.5677479016	0.566828783	0.002137539846
1	cfcompat_seed1114	L	N2_length_mask_only	0.5	649	0.5508241939	0.5828580705	0.566828783	0.01600458909
1	cfcompat_seed1114	L	N2_length_mask_only	0.7	908	0.5664990966	0.5675983337	0.566828783	0.0003296863841
1	cfcompat_seed1114	L	N2_length_mask_only	1	1297	0.566828783	0	0.566828783	1.110223025e-16
1	cfcompat_seed1114	L	N5_label_bin_prior	0.1	130	0.3447109496	0.5915719864	0.566828783	0.2221178334
1	cfcompat_seed1114	L	N5_label_bin_prior	0.2	260	0.4031672041	0.6078625443	0.566828783	0.1636615789
1	cfcompat_seed1114	L	N5_label_bin_prior	0.3	390	0.4408540516	0.6209965286	0.566828783	0.1259747314
1	cfcompat_seed1114	L	N5_label_bin_prior	0.5	649	0.4933120173	0.6404590006	0.566828783	0.07351676574
1	cfcompat_seed1114	L	N5_label_bin_prior	0.7	908	0.5189962256	0.6784790712	0.566828783	0.04783255739
1	cfcompat_seed1114	L	N5_label_bin_prior	1	1297	0.566828783	0	0.566828783	0
1	cfcompat_seed1114	L	N1_matched_gaussian	0.1	130	0.568050582	0.5666926786	0.566828783	-0.001221798995
1	cfcompat_seed1114	L	N1_matched_gaussian	0.2	260	0.5660669545	0.5670197911	0.566828783	0.0007618284733
1	cfcompat_seed1114	L	N1_matched_gaussian	0.3	390	0.5560992302	0.5714423724	0.566828783	0.01072955281
1	cfcompat_seed1114	L	N1_matched_gaussian	0.5	649	0.5559897302	0.5776845627	0.566828783	0.01083905279
1	cfcompat_seed1114	L	N1_matched_gaussian	0.7	908	0.5785514912	0.5394657521	0.566828783	-0.01172270817
1	cfcompat_seed1114	L	N1_matched_gaussian	1	1297	0.566828783	0	0.566828783	0
1	cfcompat_seed1114	L	N0_shuffle_seed23071	0.1	130	0.6139706286	0.5615773349	0.566828783	-0.04714184561
1	cfcompat_seed1114	L	N0_shuffle_seed23071	0.2	260	0.5703151424	0.5659546717	0.566828783	-0.003486359413
1	cfcompat_seed1114	L	N0_shuffle_seed23071	0.3	390	0.5719493718	0.5646269863	0.566828783	-0.005120588784
1	cfcompat_seed1114	L	N0_shuffle_seed23071	0.5	649	0.5847514851	0.5488784225	0.566828783	-0.01792270206
1	cfcompat_seed1114	L	N0_shuffle_seed23071	0.7	908	0.5782151068	0.5402509372	0.566828783	-0.01138632379
1	cfcompat_seed1114	L	N0_shuffle_seed23071	1	1297	0.566828783	0	0.566828783	1.110223025e-16
1	cfcompat_seed1114	L	N0_shuffle_seed23072	0.1	130	0.646573784	0.5579454496	0.566828783	-0.07974500099
1	cfcompat_seed1114	L	N0_shuffle_seed23072	0.2	260	0.5780991138	0.5640030491	0.566828783	-0.01127033084
1	cfcompat_seed1114	L	N0_shuffle_seed23072	0.3	390	0.5648734615	0.5676695497	0.566828783	0.001955321533
1	cfcompat_seed1114	L	N0_shuffle_seed23072	0.5	649	0.5515099248	0.5821712815	0.566828783	0.01531885825
1	cfcompat_seed1114	L	N0_shuffle_seed23072	0.7	908	0.5590395045	0.5850104409	0.566828783	0.007789278556
1	cfcompat_seed1114	L	N0_shuffle_seed23072	1	1297	0.566828783	0	0.566828783	0
1	cfcompat_seed1114	L	N0_shuffle_seed23073	0.1	130	0.6314919202	0.5596255201	0.566828783	-0.06466313715
1	cfcompat_seed1114	L	N0_shuffle_seed23073	0.2	260	0.5970304128	0.5592565325	0.566828783	-0.03020162979
1	cfcompat_seed1114	L	N0_shuffle_seed23073	0.3	390	0.5715332333	0.5648059213	0.566828783	-0.004704450278
1	cfcompat_seed1114	L	N0_shuffle_seed23073	0.5	649	0.5698857258	0.5637671227	0.566828783	-0.003056942777
1	cfcompat_seed1114	L	N0_shuffle_seed23073	0.7	908	0.5586068048	0.5860204442	0.566828783	0.008221978217
1	cfcompat_seed1114	L	N0_shuffle_seed23073	1	1297	0.566828783	0	0.566828783	0
